row_id,gold,logit_hate,logit_offensive,logit_normal,p_hate,p_offensive,p_normal
0,0,-2.136248,-2.682945,5.295857,0.000591,0.000342,0.999066
1,0,-1.816969,-3.223686,5.265937,0.000838,0.000205,0.998956
2,0,-1.852464,-2.527833,4.534347,0.001679,0.000855,0.997466
3,0,-1.464436,-1.007529,2.778258,0.013855,0.021880,0.964265
4,0,-0.309445,-3.872537,4.229675,0.010567,0.000300,0.989134
5,0,-0.920567,-4.040370,4.970109,0.002757,0.000122,0.997121
6,0,-3.008533,-1.271265,4.595330,0.000497,0.002823,0.996680
7,0,-1.502642,-2.798290,4.668441,0.002083,0.000570,0.997346
8,0,-0.495467,-2.782819,3.422346,0.019458,0.001976,0.978566
9,0,-2.437363,-2.561652,5.485460,0.000362,0.000320,0.999318
10,0,-0.315647,-4.151559,4.435893,0.008563,0.000185,0.991252
11,0,-2.635015,0.639758,2.470551,0.005198,0.137426,0.857376
12,0,-1.397078,-1.110898,2.639990,0.016952,0.022568,0.960480
13,0,-2.098677,-2.373569,5.000742,0.000824,0.000626,0.998549
14,0,0.012653,-4.702207,4.424670,0.011984,0.000107,0.987909
15,0,-2.187283,-2.539797,5.100149,0.000683,0.000480,0.998836
16,0,-1.658342,1.104008,0.880222,0.033900,0.536875,0.429225
17,0,-0.928776,-3.828335,4.948959,0.002793,0.000154,0.997053
18,0,-2.591763,-2.473215,5.489191,0.000309,0.000348,0.999343
19,0,-2.457064,-2.479214,5.348448,0.000407,0.000398,0.999195
20,0,-1.845912,-3.513310,5.611489,0.000577,0.000109,0.999314
21,0,-2.190272,-3.171011,5.737178,0.000361,0.000135,0.999504
22,0,-1.464436,-1.007529,2.778258,0.013855,0.021880,0.964265
23,0,-2.339918,-0.192896,2.881070,0.005137,0.043967,0.950896
24,0,-1.469184,-3.694017,5.195643,0.001273,0.000138,0.998589
25,0,-0.844350,-3.173218,3.926026,0.008399,0.000818,0.990783
26,0,-2.186879,-2.596801,5.082118,0.000696,0.000462,0.998842
27,0,-2.192010,-0.507774,3.009785,0.005320,0.028663,0.966017
28,0,-1.411525,-3.103125,4.738365,0.002128,0.000392,0.997480
29,0,-2.225223,-2.914255,5.426605,0.000475,0.000238,0.999287
30,0,-2.024428,-3.098842,5.348349,0.000628,0.000214,0.999158
31,0,-3.849117,1.215696,3.096305,0.000835,0.132208,0.866957
32,0,-0.298387,-4.294642,4.540200,0.007855,0.000144,0.992001
33,0,-1.464436,-1.007529,2.778258,0.013855,0.021880,0.964265
34,0,-0.921441,-3.203953,4.418033,0.004773,0.000487,0.994740
35,0,-2.839671,-1.627381,4.983079,0.000400,0.001344,0.998256
36,0,-0.209812,-4.209125,4.474099,0.009157,0.000168,0.990676
37,0,-2.168809,-2.551668,5.295115,0.000573,0.000391,0.999037
38,0,1.997677,-4.289709,1.885010,0.527619,0.000981,0.471400
39,0,-2.115704,-2.087125,4.530839,0.001295,0.001333,0.997372
40,0,-2.171157,-2.675630,5.233985,0.000608,0.000367,0.999026
41,0,-3.055285,-0.085133,3.501150,0.001381,0.026917,0.971702
42,0,-3.185102,0.053946,3.639938,0.001056,0.026934,0.972011
43,0,-2.023071,-1.355710,3.804838,0.002919,0.005689,0.991392
44,0,-1.717373,-3.242782,5.214377,0.000975,0.000212,0.998813
45,0,-2.600711,-2.820510,5.586957,0.000278,0.000223,0.999499
46,0,-1.226809,-4.028751,5.415981,0.001302,0.000079,0.998619
47,0,-1.870504,-3.515011,5.626444,0.000554,0.000107,0.999339
48,0,-0.030226,-1.986330,1.908616,0.123577,0.017475,0.858948
49,0,-3.444956,0.861438,2.917843,0.001527,0.113234,0.885240
50,0,-0.059367,-1.866828,2.032052,0.107986,0.017717,0.874297
51,0,-2.945324,1.481638,1.753435,0.005142,0.430243,0.564616
52,0,-1.134638,-3.377854,4.656936,0.003043,0.000323,0.996634
53,0,-1.574075,-3.107232,4.913706,0.001519,0.000328,0.998153
54,0,-2.138573,-3.025995,5.486381,0.000488,0.000201,0.999311
55,0,-2.122037,-2.611337,5.077773,0.000746,0.000457,0.998797
56,0,-1.553629,-0.274795,2.116712,0.022801,0.081911,0.895288
57,0,-1.630811,-3.475331,5.384499,0.000897,0.000142,0.998961
58,0,-2.658581,0.544811,2.425400,0.005347,0.131614,0.863040
59,0,-1.383471,-0.360527,2.058687,0.028542,0.079387,0.892071
60,0,-2.096290,-2.668029,5.147056,0.000714,0.000403,0.998883
61,0,-1.228196,-3.536364,5.044188,0.001884,0.000187,0.997929
62,0,-2.741721,-2.574889,5.608642,0.000236,0.000279,0.999485
63,0,-1.162576,-2.926995,4.321939,0.004130,0.000707,0.995162
64,0,-2.760876,-2.067746,5.234219,0.000337,0.000674,0.998990
65,0,-2.083735,-2.864285,5.175152,0.000703,0.000322,0.998975
66,0,-1.025066,-3.197903,4.506397,0.003943,0.000449,0.995608
67,0,-2.272705,-1.912689,4.623313,0.001009,0.001447,0.997544
68,0,-1.615102,-3.033030,5.031000,0.001297,0.000314,0.998389
69,0,-2.605741,-2.594254,5.721735,0.000242,0.000244,0.999514
70,0,-1.624867,-3.775148,5.595017,0.000731,0.000085,0.999184
71,0,0.656838,-4.105909,3.337043,0.064116,0.000548,0.935336
72,0,-2.218795,-0.932176,3.543890,0.003098,0.011215,0.985687
73,0,-2.781016,-0.545585,3.658412,0.001571,0.014693,0.983736
74,0,0.093221,-3.184298,2.925045,0.055512,0.002094,0.942394
75,0,-2.384371,-2.036415,4.853909,0.000717,0.001016,0.998267
76,0,-1.464436,-1.007529,2.778258,0.013855,0.021880,0.964265
77,0,-2.890282,1.301911,2.044466,0.004850,0.320882,0.674268
78,0,-2.859152,-0.589500,3.807147,0.001256,0.012153,0.986591
79,0,-1.776470,-3.437990,5.399028,0.000764,0.000145,0.999090
80,0,-2.571499,-0.774028,3.586473,0.002085,0.012585,0.985330
81,0,0.745580,-4.432516,3.399060,0.065750,0.000371,0.933879
82,0,-0.745477,-3.499562,4.292900,0.006440,0.000410,0.993150
83,0,-1.715137,-3.112773,5.305450,0.000892,0.000221,0.998887
84,0,-1.782791,-0.720723,2.802191,0.009814,0.028386,0.961800
85,0,-1.910359,-3.301466,5.377707,0.000683,0.000170,0.999147
86,0,-0.434344,-3.900920,4.129686,0.010309,0.000322,0.989369
87,0,-1.376003,-1.387630,2.970131,0.012631,0.012485,0.974883
88,0,-2.810476,-0.902900,4.206148,0.000891,0.006000,0.993109
89,0,-1.869308,-2.923837,5.120008,0.000921,0.000321,0.998759
90,0,0.308830,-2.530690,2.268618,0.122605,0.007167,0.870228
91,0,-2.338492,-2.878996,5.670302,0.000332,0.000194,0.999474
92,0,-2.048968,-2.990215,5.321017,0.000629,0.000246,0.999125
93,0,-1.864191,-3.108926,5.227641,0.000831,0.000239,0.998930
94,0,-2.900890,-2.288975,5.734535,0.000178,0.000328,0.999495
95,0,-1.175112,-3.683708,4.969938,0.002139,0.000174,0.997687
96,0,-0.687968,-3.675949,4.545797,0.005304,0.000267,0.994429
97,0,-1.551563,-1.671025,3.545172,0.006047,0.005366,0.988587
98,0,-0.766584,-0.711483,1.626772,0.076883,0.081238,0.841879
99,0,-1.532282,-3.492553,5.172532,0.001223,0.000172,0.998604
100,0,0.009815,-2.464929,2.497883,0.076207,0.006415,0.917378
101,0,-0.139805,-3.654784,4.046444,0.014969,0.000445,0.984586
102,0,-2.356324,-0.675050,3.286071,0.003466,0.018621,0.977913
103,0,-2.020061,-3.001785,5.471556,0.000557,0.000209,0.999234
104,0,-3.156947,0.067828,3.587369,0.001142,0.028728,0.970129
105,0,-2.580606,-2.114651,5.057350,0.000481,0.000767,0.998752
106,0,-3.046928,0.850021,2.572033,0.003069,0.151147,0.845784
107,0,-2.209202,-2.555902,5.160975,0.000629,0.000445,0.998926
108,0,-3.286500,0.658710,3.043562,0.001629,0.084198,0.914173
109,0,-3.247482,1.206959,2.432820,0.002631,0.226310,0.771059
110,0,-0.510724,-3.457621,3.989455,0.010979,0.000576,0.988445
111,0,-1.464436,-1.007529,2.778258,0.013855,0.021880,0.964265
112,0,-2.108414,-3.270410,5.557353,0.000468,0.000147,0.999385
113,0,-2.700698,1.300674,1.833826,0.006718,0.367298,0.625984
114,0,-1.464436,-1.007529,2.778258,0.013855,0.021880,0.964265
115,0,-0.131137,-4.066784,4.080896,0.014596,0.000285,0.985119
116,0,-2.043618,-3.352989,5.663593,0.000449,0.000121,0.999429
117,0,-3.051344,1.047646,2.463678,0.003229,0.194654,0.802117
118,0,-1.549169,-3.790823,5.333515,0.001024,0.000109,0.998867
119,0,-2.210408,0.103037,2.474846,0.008372,0.084633,0.906995
120,0,-1.171340,-3.266098,4.764871,0.002634,0.000324,0.997042
121,0,-2.398923,-2.499207,5.341620,0.000434,0.000393,0.999173
122,0,-1.971523,-3.070418,5.404520,0.000626,0.000208,0.999166
123,0,0.126960,-4.248051,3.943795,0.021518,0.000271,0.978211
124,0,-1.268969,-3.683541,5.140098,0.001644,0.000147,0.998209
125,0,-2.675368,-1.141430,4.020754,0.001227,0.005690,0.993083
126,0,-2.144531,-3.312758,5.717649,0.000385,0.000120,0.999496
127,0,-2.518431,-2.731533,5.630121,0.000289,0.000234,0.999477
128,0,-2.206452,-2.580876,5.177985,0.000620,0.000426,0.998953
129,0,-1.298126,-3.946600,5.388419,0.001246,0.000088,0.998666
130,0,-0.619299,-3.364535,4.285740,0.007351,0.000472,0.992177
131,0,-0.512323,-3.401083,4.154386,0.009311,0.000518,0.990171
132,0,-3.399516,-0.140229,3.726441,0.000787,0.020483,0.978730
133,0,-0.818784,-3.599604,4.655381,0.004175,0.000259,0.995566
134,0,-1.120132,-2.835080,4.210327,0.004814,0.000866,0.994319
135,0,-1.706745,-1.850086,3.799612,0.004030,0.003492,0.992478
136,0,-2.296103,-2.635751,5.317079,0.000493,0.000351,0.999155
137,0,-0.454136,-4.255474,4.610052,0.006278,0.000140,0.993581
138,0,-0.915076,-3.092745,4.277078,0.005526,0.000626,0.993848
139,0,-2.443132,-2.898918,5.745828,0.000278,0.000176,0.999546
140,0,-0.823167,-2.840884,4.191007,0.006593,0.000877,0.992530
141,0,-1.518566,-3.571247,5.315802,0.001075,0.000138,0.998787
142,0,-1.540686,-0.756350,2.589464,0.015296,0.033512,0.951192
143,0,-2.418096,-1.175036,4.091043,0.001480,0.005130,0.993390
144,0,-1.755381,-3.550561,5.509282,0.000699,0.000116,0.999185
145,0,-2.182079,-0.677339,3.270394,0.004187,0.018854,0.976959
146,0,-1.637616,-3.162327,4.957062,0.001365,0.000297,0.998337
147,0,-3.216928,-1.059412,4.815435,0.000324,0.002800,0.996876
148,0,-2.516730,-2.518296,5.500157,0.000330,0.000329,0.999341
149,0,-0.166410,-4.044937,4.050505,0.014525,0.000300,0.985174
150,0,-3.386781,-0.123818,3.845561,0.000709,0.018522,0.980769
151,0,-1.643250,-2.759248,4.789458,0.001605,0.000526,0.997870
152,0,-1.142837,-3.928804,5.141204,0.001862,0.000115,0.998023
153,0,-0.470275,-1.358793,1.742309,0.094782,0.038980,0.866238
154,0,-0.639649,-3.743743,4.567451,0.005446,0.000244,0.994309
155,0,-1.573561,-1.940714,3.669064,0.005239,0.003629,0.991131
156,0,-2.614316,-1.579082,4.243217,0.001047,0.002949,0.996004
157,0,-2.666208,0.781581,2.193578,0.006195,0.194706,0.799100
158,0,-2.944228,-1.861845,5.076776,0.000328,0.000968,0.998704
159,0,0.901911,-3.942020,2.899991,0.119292,0.000940,0.879768
160,0,-2.041487,-1.267034,3.452407,0.004059,0.008805,0.987136
161,0,-2.875851,1.704792,1.626867,0.005296,0.516721,0.477984
162,0,-2.295115,-1.811692,4.354700,0.001290,0.002092,0.996618
163,0,-1.385442,-3.638249,5.090070,0.001538,0.000162,0.998300
164,0,-2.037865,-3.159742,5.503335,0.000530,0.000173,0.999297
165,0,-2.433110,0.211235,2.491187,0.006550,0.092189,0.901261
166,0,-0.982729,-1.660816,3.020158,0.017773,0.009022,0.973205
167,0,-1.373360,-3.564940,5.129631,0.001496,0.000167,0.998336
168,0,-1.315645,-3.393327,4.812134,0.002176,0.000272,0.997552
169,0,-2.127925,-2.634032,5.189995,0.000663,0.000400,0.998938
170,0,-0.360102,-4.255745,4.645176,0.006657,0.000135,0.993208
171,0,-2.284505,-2.713172,5.330522,0.000493,0.000321,0.999187
172,0,-0.108112,-4.250980,4.269023,0.012403,0.000197,0.987400
173,0,-1.356587,-3.849700,5.058724,0.001633,0.000135,0.998232
174,0,0.082202,-4.356350,4.099258,0.017684,0.000209,0.982107
175,0,-1.911972,-2.816189,5.087842,0.000911,0.000369,0.998720
176,0,2.707374,-4.572577,0.952136,0.852111,0.000587,0.147301
177,0,-3.081440,0.608876,2.954299,0.002178,0.087240,0.910582
178,0,-2.339057,-1.473236,4.141789,0.001525,0.003624,0.994851
179,0,-2.180732,-2.337494,4.815791,0.000914,0.000781,0.998306
180,0,-3.295780,-0.256664,4.112743,0.000598,0.012493,0.986909
181,0,-2.346549,-2.125961,4.871234,0.000732,0.000913,0.998355
182,0,-1.505421,-3.410652,5.080478,0.001378,0.000205,0.998417
183,0,0.481165,-4.005647,3.443846,0.049113,0.000553,0.950334
184,0,-1.791945,-3.094489,5.051793,0.001065,0.000289,0.998646
185,0,-0.480636,-4.493153,4.753716,0.005302,0.000096,0.994603
186,0,-2.425615,0.775393,2.049315,0.008823,0.216658,0.774519
187,0,-2.565502,-0.897207,3.926009,0.001502,0.007965,0.990533
188,0,-2.201242,-3.132599,5.591118,0.000413,0.000163,0.999425
189,0,-1.273591,-3.578700,4.999925,0.001882,0.000188,0.997931
190,0,-2.165257,-2.121781,4.635125,0.001111,0.001160,0.997729
191,0,0.363104,-2.239725,2.081579,0.150374,0.011137,0.838489
192,0,-2.294101,-3.144713,5.787842,0.000309,0.000132,0.999559
193,0,-1.250652,-2.992173,4.478086,0.003239,0.000568,0.996194
194,0,1.566715,-4.699338,2.412040,0.300243,0.000570,0.699187
195,0,-0.686394,-3.245696,4.261707,0.007043,0.000545,0.992412
196,0,-1.496816,-3.483499,5.226497,0.001201,0.000165,0.998634
197,0,-1.662865,-2.556609,4.705717,0.001710,0.000700,0.997590
198,0,-1.474384,-2.886314,4.745206,0.001985,0.000484,0.997531
199,0,-1.004583,-2.799387,3.709450,0.008876,0.001475,0.989650
200,0,-1.228196,-3.536364,5.044188,0.001884,0.000187,0.997929
201,0,-1.751973,-3.505455,5.572906,0.000658,0.000114,0.999228
202,0,-1.613188,-2.680995,4.750042,0.001720,0.000591,0.997689
203,0,-1.812605,-3.180050,5.316202,0.000801,0.000204,0.998995
204,0,-3.620253,1.750374,2.352077,0.001644,0.353373,0.644984
205,0,-0.634854,-3.485709,4.063043,0.009027,0.000522,0.990451
206,0,-2.523054,-2.342811,5.230845,0.000429,0.000513,0.999058
207,0,-2.730695,-2.098200,5.226326,0.000350,0.000659,0.998992
208,0,-0.811689,0.290678,0.633164,0.121175,0.364893,0.513932
209,0,-0.936548,-3.997643,4.954128,0.002757,0.000129,0.997114
210,0,-3.000926,0.414868,2.980328,0.002340,0.071228,0.926432
211,0,-2.437905,-0.011619,2.897008,0.004550,0.051493,0.943956
212,0,0.186956,-3.456908,2.817210,0.067099,0.001755,0.931147
213,0,-1.205486,-3.395389,4.863111,0.002308,0.000258,0.997433
214,0,-1.119931,-4.020062,5.087433,0.002010,0.000111,0.997879
215,0,-0.412757,-3.788037,4.295121,0.008940,0.000306,0.990754
216,0,0.292433,-4.319164,4.065365,0.022463,0.000223,0.977314
217,0,-2.075564,-3.310712,5.746533,0.000401,0.000116,0.999483
218,0,-3.325959,1.188372,2.585916,0.002166,0.197777,0.800057
219,0,-1.968376,-3.390014,5.562440,0.000536,0.000129,0.999335
220,0,-3.436627,0.762282,2.999856,0.001445,0.096287,0.902267
221,0,-1.401062,-3.324036,5.069685,0.001545,0.000226,0.998229
222,0,-2.039580,-2.867706,5.094747,0.000796,0.000348,0.998856
223,0,-1.996256,-2.765171,4.987227,0.000926,0.000429,0.998645
224,0,-2.794082,0.592884,2.446866,0.004557,0.134789,0.860654
225,0,-2.120887,-2.082161,4.614373,0.001185,0.001232,0.997582
226,0,-0.309181,-3.753613,4.078841,0.012268,0.000392,0.987340
227,0,-3.698886,0.158733,3.891527,0.000493,0.023355,0.976151
228,0,-1.228196,-3.536364,5.044188,0.001884,0.000187,0.997929
229,0,-1.464436,-1.007529,2.778258,0.013855,0.021880,0.964265
230,0,-0.899757,-3.790085,4.779592,0.003404,0.000189,0.996407
231,0,-1.251799,-3.986974,5.296395,0.001431,0.000093,0.998477
232,0,-1.645331,-3.655914,5.583898,0.000724,0.000097,0.999178
233,0,-2.029251,-1.113956,3.391940,0.004355,0.010875,0.984770
234,0,-0.871126,-3.203019,4.143665,0.006591,0.000640,0.992769
235,0,1.642149,-5.145987,2.943334,0.213914,0.000241,0.785845
236,0,-1.171860,-2.820745,4.258924,0.004357,0.000838,0.994805
237,0,-1.752249,0.325217,1.622226,0.026183,0.209048,0.764769
238,0,-1.849979,-2.897934,5.058780,0.000998,0.000350,0.998653
239,0,-1.228196,-3.536364,5.044188,0.001884,0.000187,0.997929
240,0,-2.421312,-2.645755,5.393473,0.000403,0.000322,0.999274
241,0,-1.932009,-1.796468,3.981882,0.002686,0.003076,0.994238
242,0,-2.496462,-2.522619,5.419290,0.000365,0.000355,0.999280
243,0,-1.747532,-3.314519,5.423839,0.000768,0.000160,0.999072
244,0,-2.063960,-0.692681,2.881009,0.006877,0.027099,0.966024
245,0,0.556064,-4.475952,3.340322,0.058159,0.000380,0.941462
246,0,-2.101126,-3.219357,5.664907,0.000424,0.000138,0.999438
247,0,-3.231889,-1.172434,4.853934,0.000307,0.002408,0.997285
248,0,-1.448157,-2.393998,4.127245,0.003770,0.001464,0.994766
249,0,-0.648364,0.211177,0.531448,0.151152,0.357033,0.491814
250,0,-1.378201,0.332103,1.245901,0.049206,0.272139,0.678655
251,0,-0.633035,-3.833962,4.674403,0.004929,0.000201,0.994870
252,0,-1.159989,-3.270316,4.394374,0.003854,0.000467,0.995679
253,0,-2.357874,-3.162049,5.812655,0.000283,0.000127,0.999591
254,0,-3.563830,1.032305,2.907368,0.001340,0.132779,0.865881
255,0,-0.645477,-3.171721,4.147484,0.008214,0.000657,0.991129
256,0,-0.970410,-2.856694,4.168780,0.005823,0.000883,0.993294
257,0,-2.594035,-2.708646,5.680013,0.000255,0.000227,0.999518
258,0,-1.147023,-0.037270,1.366405,0.061047,0.185193,0.753760
259,0,-3.168395,1.113805,2.416945,0.002942,0.213009,0.784049
260,0,-2.219398,-3.132456,5.662583,0.000377,0.000151,0.999471
261,0,-2.691856,0.638275,2.485817,0.004849,0.135501,0.859649
262,0,-0.674204,-4.189884,4.795850,0.004193,0.000125,0.995682
263,0,0.048733,-4.461999,4.054799,0.017876,0.000196,0.981928
264,0,-0.699086,-2.242217,3.049047,0.022907,0.004895,0.972198
265,0,-2.698178,-2.117319,5.295014,0.000337,0.000603,0.999059
266,0,0.252257,-3.625043,3.461248,0.038798,0.000803,0.960399
267,0,-2.656454,-0.470307,3.504179,0.002068,0.018404,0.979528
268,0,-2.950567,-1.544018,5.049245,0.000335,0.001367,0.998298
269,0,-2.076068,0.423777,1.944058,0.014516,0.176816,0.808668
270,0,-1.424541,-1.685406,3.406631,0.007866,0.006060,0.986074
271,0,-0.029160,-2.497305,2.712251,0.060264,0.005107,0.934629
272,0,-0.755561,-3.378214,4.294920,0.006363,0.000462,0.993175
273,0,1.210026,-3.863338,2.205325,0.269412,0.001687,0.728902
274,0,-1.383361,-3.477667,4.984650,0.001712,0.000211,0.998077
275,0,-3.962621,2.182534,2.316014,0.000999,0.466213,0.532787
276,0,0.695624,-1.349867,0.420416,0.529456,0.068468,0.402076
277,0,-2.746650,-1.849796,4.806223,0.000524,0.001284,0.998192
278,0,-1.953264,-2.504076,4.777625,0.001191,0.000687,0.998122
279,0,-1.796209,-3.271200,5.478250,0.000692,0.000158,0.999149
280,0,-1.803462,-1.425609,3.227382,0.006430,0.009382,0.984188
281,0,-1.688219,-3.524629,5.537868,0.000727,0.000116,0.999157
282,0,-1.683672,-3.062304,4.966288,0.001292,0.000325,0.998383
283,0,-2.207281,-3.068075,5.683340,0.000374,0.000158,0.999468
284,0,-0.288820,-4.212460,4.182819,0.011297,0.000223,0.988480
285,0,-0.488771,-4.353713,4.684568,0.005633,0.000118,0.994249
286,0,-2.264270,-2.896868,5.585975,0.000389,0.000207,0.999404
287,0,-1.591952,-3.022655,5.096453,0.001243,0.000297,0.998459
288,0,-2.406940,-2.295685,4.959871,0.000631,0.000705,0.998664
289,0,-2.426119,-2.850749,5.642932,0.000313,0.000205,0.999482
290,0,-2.333673,0.426760,2.310769,0.008277,0.130837,0.860886
291,0,-2.945001,-0.535293,3.789904,0.001172,0.013043,0.985785
292,0,-2.218102,-2.594995,5.281189,0.000553,0.000379,0.999068
293,0,-1.980330,-3.070594,5.347038,0.000657,0.000221,0.999123
294,0,-1.054083,-2.294997,3.525613,0.010124,0.002927,0.986949
295,0,-2.828836,-0.686682,3.812823,0.001289,0.010978,0.987733
296,0,-2.109218,0.140261,2.399097,0.009876,0.093656,0.896468
297,0,-1.335393,-3.684279,5.015156,0.001742,0.000166,0.998091
298,0,-2.012128,-1.182604,3.392317,0.004431,0.010157,0.985412
299,0,-0.454757,-3.757061,4.294084,0.008585,0.000316,0.991099
300,0,-4.259943,2.572854,2.207568,0.000636,0.589944,0.409420
301,0,-3.488569,1.346059,2.558360,0.001819,0.228877,0.769303
302,0,-0.096361,-3.734549,3.916559,0.017751,0.000467,0.981782
303,0,-0.938623,-2.338980,3.387248,0.013008,0.003207,0.983786
304,0,-3.254992,-0.091572,3.863237,0.000794,0.018787,0.980419
305,0,-2.295121,-3.016117,5.710319,0.000333,0.000162,0.999504
306,0,-1.360460,-3.061834,4.794288,0.002118,0.000386,0.997495
307,0,-2.471320,0.849831,2.038618,0.008361,0.231524,0.760115
308,0,0.634615,-4.369305,3.401751,0.059103,0.000397,0.940501
309,0,-2.420015,-2.749208,5.521652,0.000355,0.000256,0.999389
310,0,-1.943737,-2.440451,4.799221,0.001177,0.000716,0.998107
311,0,-1.475673,-2.082231,3.687210,0.005675,0.003094,0.991231
312,0,-3.727063,1.908347,2.314128,0.001425,0.399354,0.599220
313,0,-3.393354,1.107921,2.764738,0.001774,0.159906,0.838320
314,0,3.668335,-4.339018,-0.268578,0.980545,0.000327,0.019129
315,0,-1.238698,-3.804793,5.142486,0.001690,0.000130,0.998180
316,0,-2.481940,-1.682048,4.505512,0.000921,0.002049,0.997031
317,0,-1.409873,-3.237537,4.936783,0.001749,0.000281,0.997970
318,0,-0.740698,-1.430564,2.441937,0.039044,0.019586,0.941369
319,0,-3.211790,1.027856,2.650839,0.002369,0.164403,0.833227
320,0,-1.766211,-3.002239,5.142239,0.000998,0.000290,0.998712
321,0,-0.822615,-1.152684,2.235565,0.043464,0.031245,0.925291
322,0,-1.057530,-3.417827,4.752570,0.002987,0.000282,0.996731
323,0,-1.015439,-3.257455,4.461732,0.004162,0.000442,0.995396
324,0,-1.978016,-1.305750,3.531842,0.003999,0.007832,0.988169
325,0,-2.893390,1.332289,1.974827,0.005012,0.342946,0.652042
326,0,-1.187546,-3.314791,4.828610,0.002432,0.000290,0.997278
327,0,-2.166166,-0.629400,3.135679,0.004846,0.022532,0.972622
328,0,-0.469134,0.648265,-0.123768,0.182835,0.558908,0.258256
329,0,-1.852447,1.684626,0.491462,0.021840,0.750549,0.227612
330,0,-1.744712,-3.300418,5.312964,0.000860,0.000181,0.998959
331,0,-1.674489,0.249724,1.633579,0.028424,0.194695,0.776882
332,0,-0.854303,-3.132585,4.336355,0.005534,0.000567,0.993899
333,0,-1.516448,-3.153524,4.890081,0.001647,0.000321,0.998032
334,0,-3.174907,-0.369655,3.824513,0.000898,0.014846,0.984256
335,0,-3.171467,1.080436,2.450557,0.002876,0.202018,0.795106
336,0,-0.618277,-3.353274,3.900366,0.010779,0.000699,0.988522
337,0,-1.532668,-3.599634,5.343482,0.001031,0.000130,0.998839
338,0,-2.816469,-1.300338,4.541102,0.000635,0.002894,0.996470
339,0,-1.835160,-3.485774,5.636005,0.000569,0.000109,0.999322
340,0,-2.051311,-3.158281,5.491392,0.000530,0.000175,0.999295
341,0,-2.967071,1.154048,2.298726,0.003903,0.240520,0.755577
342,0,-3.038980,1.036302,2.496278,0.003191,0.187870,0.808939
343,0,-1.464436,-1.007529,2.778258,0.013855,0.021880,0.964265
344,0,-0.609717,-0.341116,1.152529,0.122946,0.160830,0.716224
345,0,-1.545694,-3.252920,4.967704,0.001481,0.000269,0.998251
346,0,-2.876642,-2.245609,5.342617,0.000269,0.000506,0.999225
347,0,-2.195216,-2.870402,5.529707,0.000441,0.000225,0.999334
348,0,-2.892481,-1.184714,4.610819,0.000549,0.003030,0.996421
349,0,-1.063067,-3.002132,4.296660,0.004677,0.000673,0.994650
350,0,-2.306769,-3.081049,5.815043,0.000297,0.000137,0.999566
351,0,-2.357451,-1.742895,4.412661,0.001144,0.002115,0.996741
352,0,-1.889693,-0.337072,2.524644,0.011319,0.053467,0.935215
353,0,-1.870261,-2.375094,4.780286,0.001291,0.000779,0.997930
354,0,-1.710138,-3.055648,5.041091,0.001168,0.000304,0.998528
355,0,-4.063254,2.371808,2.168188,0.000883,0.550244,0.448874
356,0,-2.655878,0.422184,2.599900,0.004664,0.101295,0.894041
357,0,-4.002110,0.329661,4.332080,0.000236,0.017939,0.981825
358,0,-3.260703,0.103366,3.621919,0.000995,0.028760,0.970245
359,0,0.849159,-4.024962,2.704800,0.135072,0.001032,0.863895
360,0,-2.358284,-1.543066,4.230049,0.001370,0.003096,0.995534
361,0,-2.501989,-1.070018,3.858832,0.001713,0.007171,0.991117
362,0,-1.447686,-3.667454,5.257598,0.001223,0.000133,0.998644
363,0,-2.129580,-2.162126,4.693440,0.001086,0.001051,0.997863
364,0,-1.346532,-3.972733,5.309031,0.001285,0.000093,0.998622
365,0,-1.137948,-0.206355,1.783317,0.045242,0.114849,0.839909
366,0,-1.500790,-2.446304,4.096741,0.003688,0.001433,0.994879
367,0,-1.535888,-3.698576,5.218994,0.001164,0.000134,0.998703
368,0,2.759886,-3.424153,-0.024560,0.940004,0.001938,0.058058
369,0,-2.820263,0.105282,2.981458,0.002853,0.053192,0.943955
370,0,-2.775615,-2.549081,5.680202,0.000213,0.000267,0.999521
371,0,-2.006608,-0.814267,3.063350,0.006118,0.020156,0.973726
372,0,-1.464436,-1.007529,2.778258,0.013855,0.021880,0.964265
373,0,-1.384921,-2.999067,4.684978,0.002305,0.000459,0.997236
374,0,-2.101119,-3.191307,5.558343,0.000471,0.000158,0.999370
375,0,-1.150446,-3.804218,5.126962,0.001874,0.000132,0.997994
376,0,-2.076670,-0.430327,2.688727,0.008093,0.041986,0.949922
377,0,-1.216383,-3.767676,5.027423,0.001938,0.000151,0.997910
378,0,-2.579695,-2.667405,5.660803,0.000264,0.000241,0.999495
379,0,-2.919693,1.184777,2.192351,0.004393,0.266280,0.729327
380,0,-3.070090,-0.440223,3.846787,0.000977,0.013546,0.985477
381,0,-2.112938,-0.823678,3.210034,0.004770,0.017317,0.977912
382,0,-2.659980,-1.043289,4.082625,0.001171,0.005899,0.992930
383,0,-1.239135,-1.359074,2.791880,0.017181,0.015239,0.967581
384,0,1.280158,-4.712555,3.052280,0.145226,0.000363,0.854411
385,0,-0.480185,-2.461488,2.894845,0.032935,0.004541,0.962524
386,0,-2.064297,-1.877838,4.452132,0.001474,0.001776,0.996750
387,0,-1.958945,-3.324430,5.614226,0.000514,0.000131,0.999355
388,0,0.911254,-4.116757,2.530289,0.165159,0.001082,0.833759
389,0,-2.798046,-1.658520,4.733304,0.000535,0.001672,0.997794
390,0,-1.512325,-0.502340,2.309695,0.020226,0.055531,0.924243
391,0,-0.766015,-3.725525,4.608449,0.004611,0.000239,0.995150
392,0,-1.431016,-0.408870,2.131449,0.025622,0.071207,0.903171
393,0,-0.412755,-3.665154,4.231803,0.009519,0.000368,0.990113
394,0,-1.915932,-3.086958,5.318679,0.000721,0.000223,0.999056
395,0,-1.065451,-3.373402,4.852149,0.002684,0.000267,0.997049
396,0,-1.681707,-3.032265,5.030182,0.001215,0.000315,0.998471
397,0,-0.117935,-3.512069,3.538479,0.025154,0.000844,0.974002
398,0,-2.801469,-1.577924,4.713514,0.000544,0.001848,0.997609
399,0,-2.722883,-1.975163,5.209638,0.000358,0.000757,0.998884
400,0,-1.730343,-1.783183,3.953109,0.003379,0.003205,0.993415
401,0,-2.912522,-2.489041,5.763418,0.000171,0.000261,0.999569
402,0,-2.095747,0.728660,1.801644,0.014898,0.251040,0.734063
403,0,-2.023315,-2.595755,4.917983,0.000966,0.000545,0.998490
404,0,-3.459910,2.338186,1.674065,0.001999,0.658866,0.339135
405,0,-2.222958,-3.224785,5.718702,0.000355,0.000131,0.999514
406,0,-2.311370,-1.725344,4.410636,0.001200,0.002156,0.996644
407,0,-2.019971,-2.734293,5.257605,0.000690,0.000338,0.998972
408,0,-2.324614,-2.378293,5.003318,0.000656,0.000622,0.998722
409,0,-1.717957,-3.011285,5.032650,0.001168,0.000321,0.998511
410,0,-1.963160,-1.028281,3.301446,0.005078,0.012934,0.981988
411,0,-1.153009,0.035420,1.351114,0.060552,0.198727,0.740721
412,0,-2.400266,0.738501,2.040837,0.009179,0.211810,0.779011
413,0,-0.948527,-3.862796,4.856291,0.003003,0.000163,0.996834
414,0,-2.071232,-2.634177,5.243011,0.000665,0.000379,0.998956
415,0,-1.209810,-2.674235,4.256006,0.004207,0.000973,0.994820
416,0,-1.816784,-0.247471,2.375206,0.013897,0.066752,0.919351
417,0,-0.760784,-4.058721,4.824524,0.003738,0.000138,0.996124
418,0,-2.110025,-3.098516,5.614401,0.000442,0.000164,0.999394
419,0,-2.247718,-0.398791,2.939697,0.005366,0.034090,0.960544
420,0,-2.408675,-2.291103,5.174417,0.000508,0.000572,0.998920
421,0,-1.525098,-3.589347,5.336319,0.001046,0.000133,0.998821
422,0,-3.029840,-0.201769,3.494546,0.001430,0.024179,0.974391
423,0,-2.953807,-0.160178,3.527303,0.001492,0.024387,0.974120
424,0,-2.071020,-3.363032,5.722709,0.000412,0.000113,0.999475
425,0,-2.277665,-2.676575,5.317609,0.000502,0.000337,0.999161
426,0,-2.827671,-2.397792,5.558405,0.000228,0.000350,0.999422
427,0,-1.648239,-1.956961,4.086309,0.003214,0.002361,0.994425
428,0,-1.652849,0.113516,1.859075,0.024776,0.144926,0.830298
429,0,-1.881160,-3.484458,5.507339,0.000618,0.000124,0.999258
430,0,-0.962858,-1.856632,2.979697,0.018882,0.007725,0.973393
431,0,-0.666615,-3.771223,4.525958,0.005526,0.000248,0.994227
432,0,-3.228559,0.184688,3.477418,0.001178,0.035779,0.963042
433,0,-1.586428,-2.892986,4.793403,0.001692,0.000458,0.997850
434,0,-1.551471,-1.921726,3.837748,0.004531,0.003129,0.992341
435,0,-2.630678,0.065526,2.884850,0.003783,0.056076,0.940141
436,0,-2.057874,-2.833944,5.104225,0.000775,0.000356,0.998869
437,0,-0.560883,-3.672201,4.368884,0.007174,0.000320,0.992506
438,0,-0.928115,-0.564779,1.246933,0.088962,0.127938,0.783100
439,0,-2.073848,1.223917,1.137988,0.018912,0.511607,0.469481
440,0,-1.685902,-2.854723,4.931767,0.001334,0.000415,0.998251
441,0,-2.941751,0.906165,2.536567,0.003480,0.163205,0.833315
442,0,-2.589345,-2.340562,5.152476,0.000434,0.000556,0.999010
443,0,-2.367453,-0.313292,3.052773,0.004260,0.033231,0.962509
444,0,-1.200558,-3.757308,5.006701,0.002010,0.000156,0.997834
445,0,-0.667180,-4.277577,4.972884,0.003540,0.000096,0.996365
446,0,-0.137321,-3.846673,3.855331,0.018108,0.000444,0.981448
447,0,-1.994382,0.315072,2.011126,0.015159,0.152632,0.832209
448,0,-2.202133,-2.288110,4.743857,0.000961,0.000882,0.998158
449,0,-2.864866,0.103246,3.096747,0.002447,0.047604,0.949950
450,0,-2.119524,-2.018760,4.462795,0.001381,0.001527,0.997092
451,0,-2.361876,-2.836139,5.606928,0.000346,0.000215,0.999439
452,0,-0.173917,-3.652708,4.076374,0.014053,0.000433,0.985513
453,0,-2.183689,-0.790061,3.393888,0.003711,0.014954,0.981335
454,0,-0.278703,-3.726731,4.114733,0.012203,0.000388,0.987409
455,0,-1.649437,-3.287459,5.316033,0.000943,0.000183,0.998874
456,0,-1.941696,-3.112677,5.448706,0.000617,0.000191,0.999192
457,0,0.278346,-4.763008,4.179964,0.019806,0.000128,0.980066
458,0,-3.427458,0.527628,3.202012,0.001234,0.064422,0.934344
459,0,-1.550155,-2.895696,4.843812,0.001668,0.000434,0.997898
460,0,0.360793,-0.609771,0.189708,0.450122,0.170537,0.379341
461,0,-2.532775,-2.233302,5.163341,0.000454,0.000613,0.998933
462,0,-2.266788,-2.558127,5.297572,0.000518,0.000387,0.999095
463,0,-2.275383,-2.805482,5.491742,0.000423,0.000249,0.999328
464,0,-1.759141,-3.073234,5.054165,0.001098,0.000295,0.998608
465,0,-1.954230,-1.390794,3.632751,0.003708,0.006514,0.989778
466,0,-2.387925,-0.608172,3.334404,0.003200,0.018968,0.977832
467,0,-0.900935,-3.561343,4.558762,0.004236,0.000296,0.995468
468,0,-2.740537,-2.118620,5.232870,0.000344,0.000641,0.999015
469,0,-0.726742,-4.350804,5.027218,0.003160,0.000084,0.996756
470,0,-1.895558,-2.580219,4.681290,0.001389,0.000701,0.997910
471,0,-2.751881,-0.293342,3.281260,0.002327,0.027199,0.970474
472,0,-1.680908,-2.694797,4.744279,0.001617,0.000587,0.997797
473,0,-1.265216,-3.620109,4.943200,0.002008,0.000191,0.997801
474,0,-1.915402,-2.866199,5.144225,0.000858,0.000332,0.998810
475,0,-3.380438,1.247333,2.561415,0.002066,0.211367,0.786567
476,0,-2.296400,0.388026,2.249765,0.009098,0.133277,0.857626
477,0,-2.104350,-0.166881,2.668715,0.007923,0.054992,0.937086
478,0,-1.725208,-3.169140,4.840066,0.001406,0.000332,0.998262
479,0,-1.316259,-3.093347,4.676926,0.002488,0.000421,0.997091
480,0,-0.611807,-4.006621,4.431232,0.006411,0.000215,0.993374
481,0,-2.549279,-1.089463,4.012610,0.001403,0.006039,0.992558
482,0,-1.648623,-1.753241,3.618715,0.005107,0.004600,0.990293
483,0,-1.493204,-2.899734,4.636877,0.002171,0.000532,0.997298
484,0,1.083137,-4.991939,3.385308,0.090924,0.000209,0.908867
485,0,-3.066285,1.166927,2.373194,0.003330,0.229595,0.767074
486,0,-1.464436,-1.007529,2.778258,0.013855,0.021880,0.964265
487,0,-1.698663,-3.037666,5.183820,0.001024,0.000268,0.998707
488,0,-2.366285,-2.703311,5.504003,0.000382,0.000272,0.999346
489,0,-1.915609,-2.382036,4.617043,0.001452,0.000911,0.997638
490,0,1.199483,-4.680328,3.121696,0.127569,0.000357,0.872074
491,0,-2.348375,-2.707754,5.525852,0.000380,0.000265,0.999354
492,0,-2.051311,-3.158281,5.491392,0.000530,0.000175,0.999295
493,0,-1.915206,-2.972583,5.149781,0.000854,0.000296,0.998850
494,0,-2.264524,-3.116318,5.693014,0.000350,0.000149,0.999501
495,0,-1.037155,-0.528314,1.667603,0.056773,0.094434,0.848793
496,0,-0.249324,-3.645613,3.970170,0.014486,0.000485,0.985029
497,0,-0.749264,-3.312677,4.282010,0.006485,0.000500,0.993016
498,0,-1.913785,-1.504545,3.605148,0.003970,0.005978,0.990052
499,0,-0.717860,-3.726261,4.551963,0.005117,0.000253,0.994630
500,0,-2.689802,-1.592511,4.691429,0.000621,0.001861,0.997517
501,0,-2.783535,-0.198464,3.470159,0.001872,0.024830,0.973298
502,0,-2.260313,0.372831,2.208204,0.009790,0.136252,0.853958
503,0,-0.144119,-3.418654,3.704276,0.020853,0.000789,0.978358
504,0,-1.333162,-3.752986,5.153911,0.001520,0.000135,0.998344
505,0,-1.735280,-0.215009,2.275331,0.016460,0.075278,0.908262
506,0,-2.158254,-1.980132,4.577853,0.001184,0.001415,0.997401
507,0,-2.160587,-3.062217,5.618141,0.000418,0.000170,0.999412
508,0,-1.162744,-1.774277,3.026624,0.014810,0.008034,0.977156
509,0,-1.415834,-3.134015,4.769853,0.002054,0.000368,0.997578
510,0,-1.776175,-2.986912,5.050488,0.001083,0.000323,0.998594
511,0,-0.904686,-0.204630,1.239071,0.086615,0.174432,0.738953
512,0,1.466763,-5.210007,3.174329,0.153450,0.000193,0.846357
513,0,0.258994,-4.765219,4.252368,0.018101,0.000119,0.981780
514,0,-0.152279,-3.648268,3.850019,0.017936,0.000544,0.981520
515,0,-1.464436,-1.007529,2.778258,0.013855,0.021880,0.964265
516,0,-1.540906,-3.503829,5.268046,0.001102,0.000155,0.998743
517,0,-3.077567,-0.312080,3.754357,0.001059,0.016832,0.982109
518,0,-1.529674,-3.527189,5.151184,0.001253,0.000170,0.998577
519,0,0.394484,-4.692606,3.925890,0.028427,0.000176,0.971398
520,0,1.873631,-2.341384,-0.047222,0.861138,0.012721,0.126141
521,0,-1.833170,-3.413448,5.565293,0.000612,0.000126,0.999262
522,0,-1.783693,-0.625251,2.808273,0.009721,0.030960,0.959319
523,0,-2.456808,-2.457375,5.350682,0.000406,0.000406,0.999188
524,0,-2.883409,1.580108,1.868675,0.004911,0.426251,0.568838
525,0,1.662022,-3.329401,1.216211,0.607127,0.004126,0.388747
526,0,-2.531921,-2.330041,5.208401,0.000435,0.000532,0.999034
527,0,-1.761015,-2.911778,4.918030,0.001255,0.000397,0.998348
528,0,-0.635908,-4.106385,4.604058,0.005272,0.000164,0.994564
529,0,-2.894405,-1.398634,4.802583,0.000453,0.002022,0.997525
530,0,-0.692976,-3.680132,4.323771,0.006580,0.000332,0.993088
531,0,-1.991116,0.535692,1.724570,0.018315,0.229184,0.752501
532,0,-1.646685,-3.233843,5.157645,0.001107,0.000226,0.998666
533,0,-2.159111,-1.235316,3.652917,0.002960,0.007456,0.989584
534,0,-2.363418,0.567331,2.211485,0.008565,0.160514,0.830922
535,0,-0.889886,-2.361412,3.202713,0.016360,0.003756,0.979884
536,0,-0.343903,-4.117975,4.340292,0.009154,0.000210,0.990636
537,0,-2.757215,1.535586,1.655072,0.006385,0.467162,0.526453
538,0,-1.615102,-3.033030,5.031000,0.001297,0.000314,0.998389
539,0,-3.795403,1.491176,2.730838,0.001134,0.224240,0.774625
540,0,-1.400030,-3.865668,5.469796,0.001037,0.000088,0.998874
541,0,-2.468114,-2.452348,5.286937,0.000428,0.000435,0.999137
542,0,-1.044553,-1.522951,2.817654,0.020329,0.012600,0.967071
543,0,-2.810986,-1.834683,5.110942,0.000362,0.000962,0.998676
544,0,-2.583120,-0.998437,3.979003,0.001401,0.006835,0.991764
545,0,-0.192134,-3.795395,4.159274,0.012720,0.000346,0.986933
546,0,-2.581649,-2.392827,5.435536,0.000330,0.000398,0.999273
547,0,-2.073362,-3.120404,5.506207,0.000510,0.000179,0.999310
548,0,-1.945822,-1.528681,3.769048,0.003269,0.004962,0.991769
549,0,-2.668162,-2.206351,5.383523,0.000318,0.000505,0.999177
550,0,-1.794170,-2.829416,4.914833,0.001218,0.000433,0.998350
551,0,-3.376346,-0.961707,4.733760,0.000299,0.003349,0.996352
552,0,-2.482991,-2.742320,5.639859,0.000297,0.000229,0.999475
553,0,1.348070,-4.826735,2.932658,0.170087,0.000354,0.829560
554,0,-1.487950,-3.551726,5.322217,0.001101,0.000140,0.998759
555,0,-2.310838,-2.830214,5.663303,0.000344,0.000205,0.999451
556,0,-3.183392,1.527542,2.067293,0.003302,0.367030,0.629669
557,0,-2.211547,-3.108961,5.674663,0.000376,0.000153,0.999471
558,0,-1.464436,-1.007529,2.778258,0.013855,0.021880,0.964265
559,0,-2.340883,-0.129497,2.805727,0.005495,0.050162,0.944342
560,0,-2.079793,-2.930012,5.364013,0.000585,0.000250,0.999166
561,0,-2.757009,1.034052,2.099776,0.005750,0.254744,0.739506
562,0,-2.362442,-2.232552,5.074663,0.000588,0.000670,0.998742
563,0,-3.305081,0.643755,3.094629,0.001528,0.079253,0.919219
564,0,-2.422314,-1.924398,4.655568,0.000842,0.001385,0.997773
565,0,-1.208858,-3.437543,4.877719,0.002267,0.000244,0.997488
566,0,-3.623279,-1.049541,4.979666,0.000183,0.002401,0.997416
567,0,-1.963160,-1.028281,3.301446,0.005078,0.012934,0.981988
568,0,-2.776077,1.201237,1.994758,0.005801,0.309607,0.684593
569,0,-1.794546,-3.259842,5.333531,0.000801,0.000185,0.999013
570,0,0.207291,-2.170511,2.245569,0.114023,0.010576,0.875401
571,0,-0.523211,0.155274,0.436447,0.179157,0.353099,0.467744
572,0,-0.821246,-3.794056,4.706505,0.003958,0.000203,0.995839
573,0,-2.038149,-2.214155,4.753965,0.001120,0.000939,0.997940
574,0,-2.333135,-2.553078,5.349467,0.000460,0.000369,0.999170
575,0,-2.081890,0.093754,2.188276,0.012294,0.108283,0.879423
576,0,-1.464436,-1.007529,2.778258,0.013855,0.021880,0.964265
577,0,-3.906490,1.306338,3.079118,0.000790,0.145082,0.854128
578,0,-2.117191,-2.017786,4.353772,0.001543,0.001704,0.996753
579,0,-2.098619,-2.882380,5.006758,0.000820,0.000374,0.998806
580,0,-2.370285,-1.224402,3.821334,0.002029,0.006383,0.991588
581,0,-2.156980,-2.995410,5.536786,0.000455,0.000197,0.999348
582,0,-2.260248,0.494580,2.092755,0.010590,0.166455,0.822955
583,0,-0.254384,-4.051225,4.315618,0.010249,0.000230,0.989521
584,0,-2.079880,-2.994132,5.507241,0.000507,0.000203,0.999290
585,0,-1.785892,-3.462452,5.516022,0.000674,0.000126,0.999200
586,0,-1.816741,0.575851,1.516042,0.025026,0.273833,0.701141
587,0,2.840701,-4.837764,1.101971,0.850191,0.000393,0.149416
588,0,-0.649630,-3.262475,4.172775,0.007978,0.000585,0.991436
589,0,-2.195799,-2.488801,4.925580,0.000807,0.000602,0.998592
590,0,0.740579,0.589384,-1.410195,0.506054,0.435044,0.058902
591,0,-1.809605,-3.491500,5.572863,0.000622,0.000116,0.999263
592,0,-0.419546,-4.111549,4.561361,0.006820,0.000170,0.993010
593,0,-1.985742,-1.919345,4.180548,0.002090,0.002233,0.995677
594,0,-2.397866,-2.833867,5.711441,0.000301,0.000194,0.999505
595,0,-2.585139,-2.252333,5.017963,0.000498,0.000695,0.998807
596,0,-2.415601,1.401733,1.451048,0.010608,0.482500,0.506891
597,0,1.348070,-4.826735,2.932658,0.170087,0.000354,0.829560
598,0,-2.455349,0.448532,2.353503,0.007050,0.128634,0.864316
599,0,-0.143343,-4.680601,4.518134,0.009363,0.000100,0.990537
600,0,-2.004759,-2.823502,5.197556,0.000744,0.000328,0.998928
601,0,-1.830124,-2.660571,4.836103,0.001271,0.000554,0.998175
602,0,-1.073354,-3.097653,4.336679,0.004449,0.000588,0.994963
603,0,-3.497128,1.878965,2.067393,0.002091,0.452084,0.545824
604,0,-2.758251,0.470608,2.620732,0.004114,0.103890,0.891995
605,0,1.753797,-4.055979,1.887577,0.465953,0.001397,0.532650
606,0,-2.287707,-3.144940,5.672457,0.000349,0.000148,0.999503
607,0,-2.280872,-2.482119,5.106372,0.000618,0.000506,0.998876
608,0,-2.738327,-1.994049,5.032100,0.000421,0.000887,0.998691
609,0,-1.202596,-3.974772,5.266207,0.001549,0.000097,0.998355
610,0,-2.609410,1.339511,1.669707,0.007996,0.414849,0.577155
611,0,0.443351,-4.617895,3.851619,0.032032,0.000203,0.967765
612,0,-0.083120,-0.787732,0.843956,0.248669,0.122917,0.628414
613,0,-3.497606,1.655674,2.399442,0.001859,0.321582,0.676559
614,0,-2.375574,-1.131531,3.888189,0.001888,0.006551,0.991561
615,0,-1.718049,-3.543372,5.330863,0.000867,0.000140,0.998993
616,0,-2.085175,0.677440,1.761580,0.015703,0.248755,0.735542
617,0,-2.381564,-1.663901,4.283764,0.001269,0.002602,0.996129
618,0,-0.406731,-4.480576,4.761292,0.005663,0.000096,0.994241
619,0,-1.430518,-3.601344,5.305295,0.001186,0.000135,0.998679
620,0,1.513877,-4.567589,2.378973,0.296075,0.000676,0.703248
621,0,0.663348,-4.032441,2.697579,0.115533,0.001055,0.883411
622,0,-1.958775,-3.290637,5.538895,0.000554,0.000146,0.999300
623,0,-1.510818,-3.048729,4.740194,0.001924,0.000413,0.997663
624,0,-1.286730,-2.839772,4.351811,0.003543,0.000750,0.995708
625,0,-0.631377,-3.152533,4.191885,0.007971,0.000641,0.991388
626,0,-0.131692,-2.865796,3.208988,0.034126,0.002217,0.963658
627,0,-2.750872,-0.897980,4.106096,0.001044,0.006659,0.992297
628,0,-1.794778,-2.562482,4.742725,0.001445,0.000671,0.997884
629,0,-2.133581,-2.985773,5.536665,0.000466,0.000199,0.999335
630,0,-2.130650,-3.167490,5.608633,0.000435,0.000154,0.999411
631,0,-1.846568,-2.832303,5.044057,0.001016,0.000379,0.998605
632,0,-2.620714,-1.489606,4.491358,0.000812,0.002518,0.996670
633,0,-0.067239,-4.085506,4.041205,0.016163,0.000291,0.983546
634,0,-1.318020,-3.809605,5.357641,0.001260,0.000104,0.998636
635,0,-2.407867,-0.922688,3.590644,0.002450,0.010816,0.986734
636,0,-0.789823,-2.038391,3.127107,0.019405,0.005568,0.975027
637,0,-0.918759,-3.949451,4.976999,0.002743,0.000132,0.997124
638,0,-2.221869,-3.042669,5.657058,0.000378,0.000167,0.999455
639,0,-3.194596,-1.680835,5.452805,0.000175,0.000797,0.999028
640,0,-1.319464,-3.780771,5.332195,0.001290,0.000110,0.998600
641,0,-2.742724,-2.314908,5.395213,0.000292,0.000448,0.999260
642,0,-0.553782,-3.983222,4.328744,0.007519,0.000244,0.992237
643,0,-0.186696,-0.560098,0.874496,0.218426,0.150362,0.631212
644,0,-1.265633,-3.552811,4.955124,0.001983,0.000201,0.997815
645,0,-2.758206,1.148505,2.011899,0.005929,0.294872,0.699199
646,0,-1.464436,-1.007529,2.778258,0.013855,0.021880,0.964265
647,0,-0.885673,-2.192575,3.375106,0.013863,0.003752,0.982385
648,0,-2.330975,0.732888,1.973217,0.010371,0.222052,0.767577
649,0,-2.372398,-1.382838,4.168943,0.001435,0.003860,0.994705
650,0,-1.985943,-2.626531,4.981488,0.000941,0.000496,0.998564
651,0,-2.211218,0.115868,2.384286,0.009067,0.092922,0.898010
652,0,-2.261124,0.775191,1.815788,0.012378,0.257804,0.729819
653,0,-2.892951,-0.556970,3.749501,0.001285,0.013285,0.985431
654,0,-0.530887,-2.232952,3.103213,0.025608,0.004669,0.969723
655,0,-2.579271,-2.584607,5.592597,0.000282,0.000281,0.999437
656,0,-1.229534,-1.469539,3.036158,0.013698,0.010776,0.975526
657,0,1.325175,-5.092262,3.347428,0.116864,0.000191,0.882945
658,0,-0.628854,-4.581913,5.031980,0.003467,0.000067,0.996466
659,0,-1.386205,-2.308127,3.986841,0.004610,0.001834,0.993556
660,0,-1.317963,-2.718212,4.303293,0.003604,0.000888,0.995508
661,0,-1.519656,-2.989355,4.727224,0.001932,0.000444,0.997624
662,0,-2.651244,-2.330848,5.494087,0.000290,0.000399,0.999311
663,0,-0.365071,-3.249171,3.731087,0.016349,0.000914,0.982737
664,0,-1.710884,-2.719567,4.873074,0.001380,0.000503,0.998117
665,0,-1.499756,-2.973071,4.690412,0.002044,0.000468,0.997487
666,0,-1.837312,-2.829761,5.133814,0.000937,0.000347,0.998715
667,0,-2.144852,-2.171927,4.772633,0.000988,0.000962,0.998050
668,0,-1.634405,-3.331744,5.364900,0.000912,0.000167,0.998922
669,0,-1.939424,-2.913508,5.326537,0.000698,0.000264,0.999038
670,0,-1.909424,-3.194703,5.324789,0.000721,0.000199,0.999080
671,0,-1.673948,-3.451951,5.400469,0.000846,0.000143,0.999011
672,0,-2.645898,0.654803,2.383272,0.005527,0.149950,0.844523
673,0,-1.888722,-2.864788,5.048131,0.000970,0.000365,0.998664
674,0,-1.940867,-3.182095,5.507575,0.000582,0.000168,0.999250
675,0,-1.464436,-1.007529,2.778258,0.013855,0.021880,0.964265
676,0,-0.918572,-3.839007,4.798017,0.003280,0.000177,0.996544
677,0,-2.337997,-0.778728,3.369316,0.003259,0.015499,0.981242
678,0,-1.968514,-2.587046,5.047136,0.000896,0.000483,0.998621
679,0,-1.737698,-2.637899,4.657767,0.001665,0.000677,0.997658
680,0,-1.575757,-1.955136,3.945098,0.003976,0.002720,0.993304
681,0,-2.055773,-3.021001,5.315554,0.000628,0.000239,0.999132
682,0,-2.088886,0.556523,1.809088,0.015530,0.218805,0.765665
683,0,-2.890161,-1.379804,4.708979,0.000499,0.002262,0.997239
684,0,-2.283725,-0.202132,2.830872,0.005700,0.045695,0.948605
685,0,-1.658982,-3.178257,5.179343,0.001070,0.000234,0.998695
686,0,-2.408417,0.571824,2.392941,0.007024,0.138321,0.854655
687,0,-1.464436,-1.007529,2.778258,0.013855,0.021880,0.964265
688,0,-2.286286,-3.084942,5.673746,0.000349,0.000157,0.999494
689,0,-0.606396,-3.376750,4.056149,0.009349,0.000586,0.990066
690,0,-3.576538,1.303069,2.631168,0.001589,0.209141,0.789269
691,0,-2.433048,1.235345,1.627362,0.010185,0.399125,0.590690
692,0,-3.382920,1.140025,2.682329,0.001909,0.175864,0.822227
693,0,-1.004744,-2.610977,3.997322,0.006670,0.001338,0.991991
694,0,-2.008463,-1.555014,3.825712,0.002904,0.004570,0.992526
695,0,-2.896643,-2.110803,5.260839,0.000286,0.000628,0.999085
696,0,-2.813031,-2.040461,5.280866,0.000305,0.000661,0.999034
697,0,0.414383,-3.309761,2.962001,0.072460,0.001749,0.925792
698,0,-2.685267,0.119983,2.913107,0.003478,0.057496,0.939026
699,0,-1.535388,-3.183605,5.124819,0.001279,0.000246,0.998475
700,0,-1.872699,-2.553876,4.754070,0.001322,0.000669,0.998009
701,0,-0.565562,-3.624117,4.369482,0.007136,0.000335,0.992529
702,0,-2.319904,0.064332,2.649212,0.006421,0.069668,0.923912
703,0,-2.292613,-3.032544,5.663339,0.000350,0.000167,0.999482
704,0,0.219189,-3.162971,2.668002,0.079311,0.002695,0.917994
705,0,-3.335499,-0.823483,4.660971,0.000335,0.004132,0.995533
706,0,-1.865310,-3.093036,5.377095,0.000715,0.000209,0.999076
707,0,-2.187242,-2.710581,5.300781,0.000559,0.000331,0.999109
708,0,-1.427056,-3.729528,5.384700,0.001099,0.000110,0.998791
709,0,-1.191698,-0.805141,2.508055,0.023305,0.034303,0.942392
710,0,1.098745,-5.120772,3.426124,0.088865,0.000177,0.910958
711,0,-0.400103,-3.787580,4.268445,0.009296,0.000314,0.990390
712,0,-2.411528,-0.880020,3.332418,0.003145,0.014548,0.982306
713,0,-2.057667,0.805775,1.540564,0.018164,0.318257,0.663579
714,0,-2.720743,-2.370005,5.523695,0.000263,0.000373,0.999365
715,0,-2.237266,-1.171614,3.616791,0.002836,0.008234,0.988930
716,0,-2.608079,1.633849,1.346187,0.008150,0.566766,0.425084
717,0,-2.221605,-2.857465,5.540749,0.000425,0.000225,0.999350
718,0,-2.303856,-0.201766,2.924087,0.005113,0.041838,0.953049
719,0,-0.602373,-3.715509,4.435557,0.006444,0.000286,0.993270
720,0,-1.974197,-2.495183,4.823092,0.001115,0.000662,0.998223
721,0,-0.727707,-3.943813,4.913095,0.003537,0.000142,0.996321
722,0,-2.079199,-2.726872,4.997534,0.000843,0.000441,0.998715
723,0,-2.657084,-1.497742,4.414113,0.000846,0.002698,0.996456
724,0,-3.120558,-0.310367,3.778547,0.000991,0.016465,0.982544
725,0,-0.211507,-4.079895,4.390632,0.009929,0.000207,0.989864
726,0,-1.491181,-2.780952,4.537846,0.002400,0.000661,0.996939
727,0,-2.571128,-2.887045,5.669046,0.000264,0.000192,0.999544
728,0,-2.345430,0.523228,2.122081,0.009456,0.166552,0.823992
729,0,-1.243362,-3.277871,4.706149,0.002599,0.000340,0.997061
730,0,-2.728675,0.026078,2.961294,0.003199,0.050279,0.946523
731,0,-2.121487,-2.955869,5.439808,0.000520,0.000226,0.999255
732,0,-0.734603,-3.365925,4.262255,0.006711,0.000483,0.992806
733,0,-1.648623,-1.753241,3.618715,0.005107,0.004600,0.990293
734,0,-2.784101,0.275643,2.931477,0.003069,0.065429,0.931502
735,0,-2.042064,-3.138360,5.574706,0.000492,0.000164,0.999344
736,0,-1.844260,-3.420537,5.565704,0.000605,0.000125,0.999270
737,0,-2.008109,-3.271507,5.516323,0.000539,0.000152,0.999308
738,0,-3.142475,-1.422730,4.839541,0.000341,0.001903,0.997757
739,0,-2.336442,-0.541632,3.130234,0.004104,0.024697,0.971200
740,0,-2.391893,-1.573945,4.250777,0.001298,0.002941,0.995761
741,0,-2.329915,-0.330962,2.972205,0.004781,0.035293,0.959925
742,0,-1.566974,-3.216280,5.028772,0.001364,0.000262,0.998374
743,0,-1.640617,-3.376250,5.205782,0.001062,0.000187,0.998751
744,0,-3.418455,-0.174687,3.963681,0.000612,0.015689,0.983699
745,0,-1.844260,-1.040400,3.177846,0.006453,0.014417,0.979130
746,0,-0.969013,-3.561190,4.680241,0.003507,0.000263,0.996231
747,0,-1.562817,-2.223584,4.075523,0.003540,0.001828,0.994632
748,0,-2.353087,-2.670271,5.537389,0.000374,0.000272,0.999354
749,0,-1.589759,-2.444192,4.240943,0.002924,0.001244,0.995832
750,0,0.787961,-3.460784,2.100880,0.211359,0.003019,0.785623
751,0,-2.361871,-0.465872,3.175335,0.003822,0.025453,0.970725
752,0,-0.760829,-3.938993,4.757158,0.003997,0.000167,0.995836
753,0,-1.950567,-2.995983,5.346271,0.000677,0.000238,0.999085
754,0,-2.636849,-2.849257,5.733704,0.000231,0.000187,0.999581
755,0,-3.692323,1.088522,3.010162,0.001070,0.127542,0.871388
756,0,-2.173133,-0.608839,3.154047,0.004725,0.022583,0.972692
757,0,-3.411461,0.178669,3.619112,0.000856,0.031029,0.968115
758,0,1.610926,-3.760594,1.607496,0.499695,0.002322,0.497983
759,0,-1.939698,-3.363934,5.612731,0.000524,0.000126,0.999349
760,0,-1.722770,-3.224522,5.213057,0.000971,0.000216,0.998813
761,0,-3.280569,1.474757,2.277982,0.002655,0.308515,0.688830
762,0,-1.969470,-2.448975,4.806387,0.001139,0.000705,0.998156
763,0,-1.449497,-3.210078,4.920431,0.001709,0.000294,0.997997
764,0,0.550485,-4.050837,3.254802,0.062680,0.000629,0.936691
765,0,-2.310018,-2.826043,5.567753,0.000379,0.000226,0.999395
766,0,-1.513135,-0.648507,2.331493,0.019954,0.047373,0.932673
767,0,-1.829591,-2.948516,5.161092,0.000919,0.000300,0.998780
768,0,-1.161963,-3.471342,4.806549,0.002551,0.000253,0.997196
769,0,-2.731566,-2.616421,5.593284,0.000242,0.000272,0.999486
770,0,-3.992730,1.917861,2.569847,0.000928,0.342224,0.656848
771,0,-2.967343,0.087237,3.245286,0.001919,0.040697,0.957384
772,0,-1.342422,-3.225009,4.905873,0.001929,0.000294,0.997777
773,0,-0.082452,-4.052688,4.106575,0.014930,0.000282,0.984788
774,0,-2.872677,-0.038431,3.226286,0.002158,0.036722,0.961120
775,0,-0.647661,-3.351202,4.260299,0.007330,0.000491,0.992179
776,0,-1.992945,-0.736333,3.007093,0.006539,0.022974,0.970487
777,0,-2.921525,-1.087155,4.460374,0.000620,0.003880,0.995501
778,0,-1.452103,-1.771776,3.389859,0.007785,0.005655,0.986559
779,0,-1.518459,-1.805833,3.721630,0.005251,0.003940,0.990809
780,0,-0.038426,-3.383958,3.149790,0.039556,0.001394,0.959050
781,0,-2.078090,-2.921301,5.382908,0.000575,0.000247,0.999178
782,0,-2.182237,-1.511635,4.070711,0.001914,0.003742,0.994344
783,0,-0.000190,-3.807137,4.075656,0.016688,0.000371,0.982941
784,0,-2.138183,-2.673625,5.121017,0.000703,0.000411,0.998886
785,0,-1.625875,-1.784576,3.689784,0.004870,0.004155,0.990975
786,0,-1.536766,-3.709483,5.387508,0.000983,0.000112,0.998906
787,0,-2.678612,-1.193828,4.197097,0.001027,0.004532,0.994441
788,0,-2.229170,-2.902779,5.513406,0.000434,0.000221,0.999345
789,0,-1.658630,-3.345807,5.274792,0.000974,0.000180,0.998846
790,0,1.187906,-5.142975,3.454193,0.093938,0.000167,0.905895
791,0,-0.792956,-3.454066,4.470644,0.005148,0.000360,0.994492
792,0,1.345317,-5.112965,3.176666,0.138048,0.000216,0.861736
793,0,-1.519711,-3.457564,5.176902,0.001233,0.000178,0.998589
794,0,-0.193703,-3.867034,4.058128,0.014033,0.000356,0.985610
795,0,-0.752034,-3.571891,4.647407,0.004498,0.000268,0.995234
796,0,-0.966708,-0.426602,1.704317,0.058238,0.099947,0.841815
797,0,-1.608195,-3.294103,5.117382,0.001198,0.000222,0.998580
798,0,-1.464436,-1.007529,2.778258,0.013855,0.021880,0.964265
799,0,1.263525,-5.559924,3.688025,0.081316,0.000088,0.918595
800,0,-1.617149,-1.410477,3.462425,0.006137,0.007546,0.986316
801,0,-3.473598,1.638554,2.220183,0.002155,0.357785,0.640060
802,0,-1.762052,-3.118397,5.282969,0.000871,0.000224,0.998905
803,0,-0.721987,-3.617686,4.345366,0.006257,0.000346,0.993397
804,0,-2.028376,-2.754759,5.256252,0.000685,0.000331,0.998983
805,0,-1.485209,-3.204099,4.981453,0.001552,0.000278,0.998170
806,0,-1.079873,-3.292506,4.523600,0.003670,0.000402,0.995928
807,0,2.029804,-5.018681,2.298515,0.433061,0.000376,0.566563
808,0,-0.042379,-3.725178,3.799717,0.020987,0.000528,0.978485
809,0,-1.248592,-1.491039,3.118696,0.012405,0.009734,0.977861
810,0,-3.172362,-1.744719,5.309900,0.000207,0.000862,0.998931
811,0,-2.641217,-0.472541,3.432148,0.002253,0.019705,0.978042
812,0,-2.484638,-1.252046,3.873810,0.001719,0.005896,0.992385
813,0,-2.168948,-1.959472,4.567686,0.001183,0.001459,0.997357
814,0,-2.461522,-2.626424,5.411843,0.000380,0.000323,0.999297
815,0,-1.862502,-1.346985,3.384841,0.005188,0.008688,0.986123
816,0,-0.984550,-3.966967,4.885407,0.002815,0.000143,0.997043
817,0,-1.391893,-3.673641,5.279468,0.001265,0.000129,0.998606
818,0,-3.217803,0.240783,3.454838,0.001215,0.038593,0.960192
819,0,-1.898997,-2.753990,4.756222,0.001285,0.000546,0.998169
820,0,-1.342795,-3.330094,4.953424,0.001839,0.000252,0.997908
821,0,-1.233787,-3.513819,5.064746,0.001835,0.000188,0.997977
822,0,-1.672679,-1.167137,3.189512,0.007578,0.012563,0.979859
823,0,-2.333066,-1.771188,4.487815,0.001087,0.001907,0.997005
824,0,0.347681,-4.384845,3.795709,0.030819,0.000271,0.968909
825,0,-1.972176,-2.952348,5.329229,0.000674,0.000253,0.999073
826,0,-0.434233,-2.816577,3.527244,0.018647,0.001722,0.979631
827,0,-2.213752,-2.634819,5.098051,0.000667,0.000438,0.998895
828,0,-2.011287,-2.747762,5.186937,0.000747,0.000358,0.998895
829,0,-0.849007,-3.880184,4.702438,0.003866,0.000187,0.995947
830,0,-1.674703,-3.465331,5.429162,0.000821,0.000137,0.999042
831,0,-2.665034,-1.975339,5.133254,0.000410,0.000817,0.998773
832,0,1.183618,-5.147195,3.387612,0.099375,0.000177,0.900448
833,0,-2.314112,-1.752936,4.339963,0.001284,0.002251,0.996465
834,0,1.102545,-3.652999,2.120064,0.264906,0.002279,0.732815
835,0,-1.678339,-2.939624,5.045898,0.001200,0.000340,0.998461
836,0,1.864671,-4.695742,2.446484,0.358334,0.000507,0.641159
837,0,-1.806609,-2.519022,4.667674,0.001539,0.000755,0.997706
838,0,-0.520586,-3.254613,4.042678,0.010313,0.000670,0.989017
839,0,-0.688751,-3.081682,4.113504,0.008138,0.000744,0.991118
840,0,-0.890984,-3.533052,4.611922,0.004057,0.000289,0.995654
841,0,-2.150849,-3.103397,5.648908,0.000410,0.000158,0.999432
842,0,-1.548850,0.750865,1.109849,0.039605,0.394920,0.565475
843,0,-3.196782,-0.865458,4.447136,0.000476,0.004903,0.994621
844,0,-1.976284,-1.402184,3.727327,0.003303,0.005865,0.990831
845,0,-2.743985,-2.268348,5.541728,0.000252,0.000405,0.999343
846,0,0.579359,-4.211015,3.538377,0.049292,0.000410,0.950299
847,0,-1.269726,-2.368365,4.112407,0.004570,0.001523,0.993907
848,0,-2.000113,-3.288732,5.664253,0.000469,0.000129,0.999402
849,0,-2.992717,0.236805,3.147252,0.002040,0.051534,0.946426
850,0,1.325511,-3.073705,1.321466,0.497946,0.006118,0.495936
851,0,-1.851231,-1.915366,4.307900,0.002105,0.001975,0.995920
852,0,-1.802526,-2.680689,4.694026,0.001505,0.000626,0.997869
853,0,-1.703108,-3.653020,5.490447,0.000751,0.000107,0.999142
854,0,-1.622582,-3.243320,5.147975,0.001145,0.000227,0.998628
855,0,-0.889475,-2.033693,3.069023,0.018623,0.005931,0.975446
856,0,-2.435842,1.402697,1.400051,0.010662,0.495324,0.494015
857,0,-0.881164,-3.146104,4.295763,0.005610,0.000583,0.993807
858,0,-2.824142,0.379925,2.793809,0.003323,0.081847,0.914830
859,0,-3.204328,0.469782,3.133284,0.001651,0.065054,0.933295
860,0,-1.228196,-3.536364,5.044188,0.001884,0.000187,0.997929
861,0,-0.796954,-3.756978,4.713058,0.004029,0.000209,0.995762
862,0,4.542244,-4.679124,-0.750188,0.994898,0.000098,0.005004
863,0,-2.759928,-1.753078,5.035167,0.000411,0.001125,0.998464
864,0,-2.155231,-0.992923,3.407179,0.003779,0.012081,0.984140
865,0,1.652208,-4.921271,2.730043,0.253826,0.000355,0.745819
866,0,-2.047766,-3.195913,5.627822,0.000464,0.000147,0.999389
867,0,-1.071273,-3.598923,4.738907,0.002987,0.000239,0.996774
868,0,-1.660554,-3.606393,5.457236,0.000810,0.000116,0.999074
869,0,-0.249324,-3.645613,3.970170,0.014486,0.000485,0.985029
870,0,-1.502024,-2.525081,4.172528,0.003416,0.001228,0.995356
871,0,-3.062007,0.107080,3.277979,0.001690,0.040208,0.958102
872,0,-2.591042,-2.387830,5.336754,0.000360,0.000441,0.999198
873,0,-3.112044,-2.073315,5.595827,0.000165,0.000467,0.999368
874,0,1.405237,-5.029185,2.938743,0.177431,0.000285,0.822284
875,0,-0.249324,-3.645613,3.970170,0.014486,0.000485,0.985029
876,0,-0.917742,-2.954073,4.244749,0.005691,0.000743,0.993567
877,0,-1.447286,-3.515627,5.352291,0.001113,0.000141,0.998747
878,0,-0.449863,-3.763158,4.029801,0.011206,0.000408,0.988387
879,0,-1.349982,-1.260063,2.823191,0.014922,0.016326,0.968752
880,0,1.191580,-4.529675,3.094432,0.129731,0.000425,0.869844
881,0,-1.065514,-2.510838,3.933301,0.006690,0.001577,0.991733
882,0,-1.622672,-3.152817,5.196790,0.001091,0.000236,0.998673
883,0,-2.197182,-1.266501,3.761034,0.002561,0.006496,0.990943
884,0,-2.801820,1.253034,1.997824,0.005551,0.320170,0.674278
885,0,-1.430852,-2.887562,4.725943,0.002114,0.000492,0.997394
886,0,-3.017544,-1.495311,4.962728,0.000341,0.001565,0.998094
887,0,-2.499517,-1.494142,4.353221,0.001052,0.002876,0.996071
888,0,-1.910891,-2.513430,4.707898,0.001332,0.000729,0.997938
889,0,1.027848,-4.808579,3.436601,0.082488,0.000241,0.917271
890,0,-2.182179,-2.470359,5.086652,0.000696,0.000522,0.998782
891,0,-1.203508,-3.594873,4.904928,0.002219,0.000203,0.997578
892,0,-2.112597,-2.887900,5.234645,0.000644,0.000296,0.999060
893,0,-1.795080,-2.748839,4.832909,0.001320,0.000509,0.998171
894,0,-2.299842,-2.027929,4.625534,0.000980,0.001287,0.997733
895,0,-1.798197,-3.129473,5.145547,0.000963,0.000254,0.998782
896,0,-2.458522,-2.859334,5.698887,0.000286,0.000192,0.999522
897,0,-0.982080,0.339331,0.899710,0.088386,0.331335,0.580279
898,0,-1.963160,-1.028281,3.301446,0.005078,0.012934,0.981988
899,0,-2.322180,-3.043188,5.798654,0.000297,0.000144,0.999558
900,0,-3.326731,0.927514,2.697947,0.002062,0.145188,0.852749
901,0,-1.312298,-3.634781,5.151764,0.001556,0.000153,0.998292
902,0,-0.912245,-3.186323,4.365989,0.005073,0.000522,0.994405
903,0,1.816492,-4.918430,2.392980,0.359587,0.000427,0.639985
904,0,-2.504039,-2.560583,5.395206,0.000371,0.000350,0.999279
905,0,-2.161109,0.830288,1.745755,0.014153,0.281836,0.704011
906,0,-0.832885,-3.103436,4.096402,0.007174,0.000741,0.992085
907,0,-3.580429,0.462430,3.583900,0.000740,0.042199,0.957060
908,0,-0.194432,-0.631644,1.158732,0.181308,0.117095,0.701598
909,0,-2.062015,-2.712578,5.123194,0.000757,0.000395,0.998848
910,0,-0.302552,-4.318612,4.359636,0.009356,0.000169,0.990476
911,0,-2.693033,-2.064647,5.145716,0.000394,0.000738,0.998868
912,0,-1.860727,-3.023586,5.145972,0.000905,0.000283,0.998812
913,0,-2.686166,-1.644385,4.684393,0.000628,0.001780,0.997592
914,0,-0.373655,-4.193755,4.481170,0.007729,0.000169,0.992101
915,0,-2.445556,-2.917325,5.737953,0.000279,0.000174,0.999547
916,0,-2.134858,-2.517840,4.980573,0.000811,0.000553,0.998635
917,0,-1.108481,-3.907283,4.977157,0.002270,0.000138,0.997592
918,0,-0.614502,-4.191091,4.590189,0.005460,0.000153,0.994387
919,0,-2.642580,-1.244890,4.152140,0.001113,0.004505,0.994382
920,0,-2.375574,-1.131531,3.888189,0.001888,0.006551,0.991561
921,0,-1.385791,-3.231792,4.890826,0.001876,0.000296,0.997828
922,0,-2.998579,-1.046228,4.392163,0.000614,0.004325,0.995061
923,0,0.209720,-4.548436,4.000124,0.022083,0.000190,0.977727
924,0,-1.957184,-1.758598,4.050086,0.002447,0.002985,0.994568
925,0,-0.370542,-4.146004,4.473655,0.007811,0.000179,0.992010
926,0,-2.722967,-2.573767,5.681060,0.000224,0.000260,0.999516
927,0,-0.608466,-3.851232,4.366304,0.006861,0.000268,0.992871
928,0,-2.586410,-2.808765,5.760735,0.000237,0.000190,0.999573
929,0,-1.427718,-2.502027,4.392375,0.002956,0.001009,0.996035
930,0,-1.079895,-3.366474,4.738150,0.002964,0.000301,0.996735
931,0,-0.782706,-3.891287,4.705984,0.004115,0.000184,0.995701
932,0,-1.456045,-3.746669,5.446037,0.001005,0.000102,0.998894
933,0,-1.953886,-3.346837,5.671676,0.000488,0.000121,0.999391
934,0,-3.134855,1.627174,1.975405,0.003525,0.412353,0.584122
935,0,-0.883889,-4.015453,4.852084,0.003217,0.000140,0.996643
936,0,-2.236310,-2.561618,5.207174,0.000585,0.000422,0.998993
937,0,-1.630857,-3.086933,5.012197,0.001301,0.000303,0.998396
938,0,-2.554835,-2.143723,5.069938,0.000488,0.000736,0.998777
939,0,-2.388490,-2.828526,5.685751,0.000311,0.000200,0.999488
940,0,0.544797,-2.352249,1.777331,0.222961,0.012304,0.764735
941,0,-1.422137,-3.679081,5.248707,0.001266,0.000132,0.998602
942,0,0.251691,-5.014564,4.367541,0.016049,0.000083,0.983868
943,0,-1.304300,-2.938581,4.626244,0.002649,0.000517,0.996835
944,0,-2.836832,-1.077375,4.159362,0.000910,0.005285,0.993806
945,0,-0.078324,-4.311169,4.180385,0.013941,0.000202,0.985857
946,0,3.920858,-4.565411,-0.206551,0.983932,0.000203,0.015865
947,0,-2.310269,-1.155721,3.588468,0.002712,0.008604,0.988684
948,0,-0.946946,-2.611534,3.538516,0.011123,0.002105,0.986772
949,0,-2.030660,-2.309445,4.693432,0.001199,0.000907,0.997894
950,0,-1.998983,-2.976134,5.373302,0.000628,0.000236,0.999136
951,0,-0.378649,-4.354742,4.642345,0.006554,0.000123,0.993323
952,0,-2.959411,-0.983865,4.248987,0.000736,0.005306,0.993958
953,0,-1.819435,-2.329582,4.447753,0.001892,0.001136,0.996972
954,0,-1.182016,-3.216962,4.680960,0.002834,0.000370,0.996796
955,0,-0.443336,-3.506986,3.655797,0.016304,0.000762,0.982934
956,0,-2.965874,0.850877,2.549756,0.003390,0.154088,0.842523
957,0,-1.600403,-3.747584,5.595092,0.000749,0.000088,0.999163
958,0,-2.196162,-2.526208,5.130356,0.000657,0.000472,0.998870
959,0,-1.561849,-2.342196,4.289577,0.002864,0.001312,0.995824
960,0,-1.368019,-3.681247,5.142557,0.001485,0.000147,0.998368
961,0,-2.086502,0.887688,1.482539,0.017839,0.349180,0.632980
962,0,0.009828,-2.464961,2.445114,0.079979,0.006733,0.913288
963,0,3.618060,-2.725059,-1.491308,0.992262,0.001745,0.005993
964,0,-0.365610,0.520643,-0.031821,0.207371,0.503087,0.289542
965,0,-2.895026,-0.602718,3.814628,0.001203,0.011908,0.986889
966,0,-1.692903,-2.843893,4.870185,0.001409,0.000446,0.998145
967,0,-1.799940,-3.369463,5.400531,0.000746,0.000155,0.999099
968,0,0.446633,-2.142205,1.676581,0.222412,0.016705,0.760883
969,0,-1.657214,-2.630687,4.547740,0.002014,0.000761,0.997226
970,0,0.033832,-4.560740,4.269654,0.014260,0.000144,0.985596
971,0,-2.767914,-1.241239,4.517190,0.000683,0.003144,0.996173
972,0,-0.868943,-2.920770,3.875625,0.008614,0.001107,0.990279
973,0,-1.388012,-2.007030,3.624211,0.006589,0.003548,0.989864
974,0,-3.906318,0.097177,4.290323,0.000271,0.014870,0.984859
975,0,-2.693507,-2.080334,5.047883,0.000434,0.000801,0.998765
976,0,-2.051814,-2.583135,5.162042,0.000735,0.000432,0.998832
977,0,-1.426397,-3.492496,5.071729,0.001504,0.000190,0.998306
978,0,-1.889946,-1.840063,3.914364,0.002996,0.003149,0.993855
979,0,-2.961422,1.117045,2.388747,0.003694,0.218157,0.778149
980,0,-0.279259,-3.473315,3.804521,0.016553,0.000679,0.982768
981,0,-2.501066,-2.536778,5.480707,0.000341,0.000329,0.999329
982,0,-3.513190,0.998534,2.875390,0.001455,0.132557,0.865987
983,0,-2.391755,-2.318532,5.154062,0.000528,0.000568,0.998904
984,0,-2.339912,-3.049422,5.779228,0.000298,0.000146,0.999556
985,0,-1.464436,-1.007529,2.778258,0.013855,0.021880,0.964265
986,0,-2.886096,-1.031509,4.440006,0.000655,0.004185,0.995161
987,0,-0.752963,-0.486733,1.414377,0.090579,0.118209,0.791211
988,0,-3.425048,-0.149698,3.928752,0.000629,0.016641,0.982730
989,0,-2.712580,0.031736,3.086132,0.002887,0.044898,0.952215
990,0,3.400279,-5.165115,0.669305,0.938662,0.000179,0.061159
991,0,0.074662,-4.240053,3.970727,0.019912,0.000266,0.979822
992,0,-2.124973,-2.076410,4.594516,0.001204,0.001264,0.997532
993,0,-0.324029,-1.758969,2.159282,0.075649,0.018014,0.906337
994,0,-3.009277,1.674890,1.838060,0.004226,0.457357,0.538417
995,0,-1.866431,-1.566787,3.745088,0.003624,0.004891,0.991485
996,0,-1.726577,-3.569162,5.416620,0.000789,0.000125,0.999085
997,0,-3.061878,0.558477,2.877431,0.002392,0.089351,0.908257
998,0,-2.159059,-2.215556,4.956983,0.000811,0.000766,0.998423
999,0,-1.179715,-3.398676,4.866667,0.002360,0.000257,0.997383
1000,0,-3.041034,-0.745699,4.326033,0.000627,0.006229,0.993144
1001,0,0.238895,-4.999666,4.364788,0.015891,0.000084,0.984025
1002,0,-1.665391,-3.037470,4.974790,0.001305,0.000331,0.998365
1003,0,-0.949364,-2.670935,3.899149,0.007768,0.001389,0.990843
1004,0,-1.887820,-2.650136,4.802344,0.001241,0.000579,0.998180
1005,0,-3.248435,0.077359,3.423408,0.001221,0.033983,0.964795
1006,0,1.043499,-4.281099,2.837679,0.142462,0.000694,0.856844
1007,0,-2.652797,-2.121829,5.052719,0.000450,0.000765,0.998785
1008,0,-0.599361,-4.292138,4.864767,0.004218,0.000105,0.995677
1009,0,-2.960525,0.492863,2.997280,0.002385,0.075369,0.922247
1010,0,-2.367511,-0.161827,2.907074,0.004869,0.044192,0.950939
1011,0,-1.464436,-1.007529,2.778258,0.013855,0.021880,0.964265
1012,0,-1.524456,-2.710037,4.648885,0.002079,0.000635,0.997286
1013,0,-3.168302,0.265676,3.343647,0.001418,0.043963,0.954619
1014,0,3.763295,-3.737848,-0.932553,0.990407,0.000547,0.009046
1015,0,-0.891796,-3.557519,4.545737,0.004330,0.000301,0.995369
1016,0,-2.751810,-1.301516,4.369056,0.000805,0.003431,0.995764
1017,0,-1.648352,-3.291277,5.207919,0.001052,0.000203,0.998745
1018,0,-1.531888,-3.164999,4.813138,0.001752,0.000342,0.997906
1019,0,-0.663805,-3.926691,4.708111,0.004623,0.000177,0.995200
1020,0,-2.387366,-3.013314,5.659918,0.000320,0.000171,0.999509
1021,0,-1.742439,-0.273686,2.421591,0.014353,0.062345,0.923303
1022,0,-1.912722,-2.618114,4.842416,0.001163,0.000574,0.998263
1023,0,-2.067312,0.456465,2.102523,0.012791,0.159575,0.827634
1024,0,-2.751296,-2.176649,5.379204,0.000294,0.000523,0.999183
1025,0,-2.231760,-3.071132,5.730911,0.000348,0.000150,0.999502
1026,0,-1.629080,-3.695748,5.519753,0.000785,0.000099,0.999116
1027,0,-3.894589,0.298957,4.147970,0.000315,0.020850,0.978835
1028,0,-3.062503,0.008932,3.349353,0.001583,0.034156,0.964261
1029,0,-1.881280,-3.445570,5.590864,0.000568,0.000119,0.999313
1030,0,-1.264282,-1.517559,2.985681,0.013912,0.010799,0.975288
1031,0,-0.780447,-3.397947,4.190736,0.006884,0.000502,0.992614
1032,0,-0.858427,-2.870091,4.065826,0.007209,0.000964,0.991827
1033,0,-0.521680,-3.993482,4.447648,0.006898,0.000214,0.992887
1034,0,-1.648623,-1.753241,3.618715,0.005107,0.004600,0.990293
1035,0,-3.609266,0.263325,3.713150,0.000640,0.030754,0.968606
1036,0,-2.390049,-2.675687,5.451904,0.000393,0.000295,0.999312
1037,0,-2.513665,-2.853710,5.725711,0.000264,0.000188,0.999548
1038,0,-2.612864,-0.338807,3.526974,0.002107,0.020474,0.977420
1039,0,-1.787113,-2.999819,5.222917,0.000902,0.000268,0.998830
1040,0,-2.952590,-0.095357,3.399448,0.001689,0.029411,0.968900
1041,0,-2.394931,-2.638303,5.330470,0.000441,0.000346,0.999213
1042,0,-0.254669,-4.306157,4.458609,0.008894,0.000155,0.990951
1043,0,-0.165501,-4.607130,4.371500,0.010591,0.000125,0.989285
1044,0,-3.276025,-0.307310,3.973414,0.000700,0.013634,0.985665
1045,0,-2.296347,-2.340144,4.958054,0.000706,0.000676,0.998618
1046,0,-2.404495,1.358733,1.426532,0.011087,0.477701,0.511212
1047,0,-2.255120,-2.951984,5.582167,0.000395,0.000197,0.999409
1048,0,-0.004740,-4.518963,4.384953,0.012251,0.000134,0.987615
1049,0,-1.713542,-3.659444,5.512733,0.000727,0.000104,0.999170
1050,0,-2.289353,-2.753330,5.371651,0.000470,0.000296,0.999234
1051,0,-2.305417,-1.899977,4.418824,0.001198,0.001797,0.997006
1052,0,-1.382341,-1.129247,2.844933,0.014121,0.018187,0.967692
1053,0,-1.775018,-0.079268,2.077657,0.018667,0.101750,0.879582
1054,0,-3.248746,1.404118,2.358502,0.002644,0.277269,0.720087
1055,0,0.206004,-2.350334,2.123300,0.126901,0.009846,0.863253
1056,0,-3.040487,0.291258,3.120709,0.001988,0.055642,0.942369
1057,0,0.269128,-4.736664,3.941080,0.024792,0.000166,0.975042
1058,0,-2.184335,-2.608865,5.180555,0.000632,0.000414,0.998954
1059,0,-1.613570,-3.598477,5.447122,0.000857,0.000118,0.999025
1060,0,-2.940488,0.590517,2.707265,0.003137,0.107142,0.889721
1061,0,-0.945818,-3.073864,4.446315,0.004529,0.000539,0.994932
1062,0,-2.028574,-1.809119,3.990248,0.002419,0.003013,0.994568
1063,0,-1.656851,-2.547361,4.392935,0.002351,0.000965,0.996685
1064,0,-1.825135,-3.380507,5.514833,0.000649,0.000137,0.999215
1065,0,-2.764253,-1.514395,4.851340,0.000492,0.001716,0.997793
1066,0,-3.116201,-1.844053,5.495747,0.000182,0.000649,0.999170
1067,0,-2.312364,-3.127467,5.736022,0.000319,0.000141,0.999539
1068,0,-2.634761,-1.770504,4.744550,0.000623,0.001478,0.997899
1069,0,-1.675491,-3.167719,5.126514,0.001110,0.000250,0.998640
1070,0,-2.938824,-2.087277,5.416810,0.000235,0.000550,0.999215
1071,0,-1.849619,-2.985109,5.061404,0.000995,0.000320,0.998685
1072,0,-2.489161,0.071514,2.863295,0.004443,0.057513,0.938044
1073,0,-2.886846,1.610850,1.776963,0.005080,0.456238,0.538682
1074,0,-2.687880,0.125524,2.898335,0.003516,0.058604,0.937879
1075,0,-2.441781,-0.950551,3.616542,0.002309,0.010258,0.987433
1076,0,-0.213991,-4.049543,4.163305,0.012400,0.000268,0.987332
1077,0,-2.135627,-3.395482,5.809806,0.000354,0.000100,0.999545
1078,0,-1.917359,-2.775871,5.080197,0.000913,0.000387,0.998700
1079,0,-2.627903,-0.500429,3.464262,0.002214,0.018579,0.979207
1080,0,-2.381347,-2.862534,5.547280,0.000360,0.000223,0.999417
1081,0,-0.428048,-3.046532,3.550516,0.018344,0.001338,0.980318
1082,0,-2.098918,-2.970745,5.409981,0.000548,0.000229,0.999223
1083,0,0.269972,-3.926927,3.742644,0.030086,0.000453,0.969461
1084,0,-1.924244,-1.981382,4.224887,0.002127,0.002008,0.995865
1085,0,-0.622423,0.383237,0.227487,0.164659,0.450131,0.385210
1086,0,-0.758815,-3.708200,4.526320,0.005039,0.000264,0.994697
1087,0,-2.829585,1.065243,2.226681,0.004827,0.237255,0.757917
1088,0,0.474773,-4.436481,3.803853,0.034578,0.000255,0.965167
1089,0,-2.995283,-1.534274,5.095348,0.000306,0.001319,0.998376
1090,0,1.264163,-3.317339,1.340530,0.478561,0.004900,0.516539
1091,0,-2.844144,-0.118881,3.304840,0.002064,0.031497,0.966439
1092,0,-1.882595,-2.931400,5.279628,0.000775,0.000271,0.998954
1093,0,-0.748010,-2.533711,3.720723,0.011310,0.001897,0.986793
1094,0,-2.581028,-2.242059,5.200143,0.000417,0.000585,0.998998
1095,0,3.754036,-4.893949,0.308042,0.968947,0.000170,0.030883
1096,0,-1.630193,-1.937492,3.889978,0.003978,0.002925,0.993097
1097,0,-1.607377,-3.444533,5.309326,0.000990,0.000158,0.998852
1098,0,0.409430,-3.829799,3.450729,0.045565,0.000657,0.953778
1099,0,-2.740612,-1.187207,4.279792,0.000889,0.004202,0.994909
1100,0,-1.965415,-1.315830,3.545263,0.003996,0.007652,0.988352
1101,0,-1.016455,-4.086983,5.178396,0.002036,0.000094,0.997870
1102,0,0.190937,-3.984975,3.617117,0.031472,0.000483,0.968045
1103,0,-1.779437,-3.076724,5.147464,0.000980,0.000268,0.998752
1104,0,-2.126635,-2.733606,5.202868,0.000655,0.000357,0.998988
1105,0,-1.904689,-1.084325,3.155462,0.006216,0.014118,0.979667
1106,0,-1.331419,-2.256423,4.150595,0.004137,0.001640,0.994223
1107,0,0.040034,-3.412825,3.726869,0.024420,0.000773,0.974807
1108,0,-3.128769,1.729804,1.928181,0.003485,0.448997,0.547518
1109,0,1.167130,-4.109896,2.670392,0.181770,0.000928,0.817301
1110,0,-2.474361,-0.535270,3.308084,0.003007,0.020909,0.976083
1111,0,-2.235254,-2.713850,5.360423,0.000502,0.000311,0.999187
1112,0,-1.801790,-3.348398,5.245574,0.000869,0.000185,0.998946
1113,0,-0.236539,-4.007259,4.223542,0.011426,0.000263,0.988311
1114,0,-1.837312,-2.829761,5.133814,0.000937,0.000347,0.998715
1115,0,-1.213529,-1.731755,3.022927,0.014133,0.008417,0.977450
1116,0,-2.989836,-1.116406,4.607547,0.000500,0.003255,0.996246
1117,0,-1.398309,-1.661715,3.259384,0.009332,0.007171,0.983498
1118,0,-0.654267,-4.003977,4.614756,0.005121,0.000180,0.994699
1119,0,-0.932135,-3.966861,4.957217,0.002761,0.000133,0.997106
1120,0,-2.771041,-0.952735,4.074337,0.001056,0.006508,0.992435
1121,0,-3.502167,0.789225,3.192673,0.001133,0.082816,0.916050
1122,0,0.703765,-4.762266,3.594852,0.052584,0.000222,0.947193
1123,0,-1.692266,-3.578788,5.481168,0.000766,0.000116,0.999118
1124,0,-2.352198,-2.037544,4.737354,0.000832,0.001140,0.998028
1125,0,-1.021988,-3.639365,5.007448,0.002401,0.000175,0.997424
1126,0,-2.793306,-1.979618,5.225016,0.000329,0.000742,0.998929
1127,0,-1.352627,-3.350287,4.791675,0.002140,0.000290,0.997569
1128,0,-1.976664,-2.402090,4.763553,0.001180,0.000771,0.998049
1129,0,-1.759519,-3.398762,5.429619,0.000754,0.000146,0.999100
1130,0,-1.247524,-2.957624,4.501360,0.003174,0.000574,0.996252
1131,0,-1.749946,-3.287054,5.412120,0.000775,0.000167,0.999059
1132,0,-0.623211,-1.385597,2.172559,0.056048,0.026149,0.917802
1133,0,-1.575153,-2.810356,4.665785,0.001943,0.000565,0.997492
1134,0,-2.517986,-2.726566,5.593165,0.000300,0.000244,0.999456
1135,0,-0.120235,-3.802191,3.862055,0.018293,0.000461,0.981246
1136,0,-1.937034,-0.469086,2.687019,0.009324,0.040470,0.950205
1137,0,-0.400771,-3.781636,4.241935,0.009537,0.000324,0.990139
1138,0,-0.959244,-3.953084,4.715038,0.003421,0.000171,0.996408
1139,0,-1.875228,-2.216917,4.199522,0.002291,0.001628,0.996081
1140,0,-0.099152,-3.738497,3.762755,0.020584,0.000541,0.978876
1141,0,-2.704211,-2.646756,5.778131,0.000207,0.000219,0.999574
1142,0,-1.665171,-2.981684,5.056204,0.001203,0.000322,0.998474
1143,0,-2.526920,-2.563233,5.625992,0.000288,0.000277,0.999435
1144,0,0.413875,-1.620968,1.210966,0.298527,0.039018,0.662455
1145,0,1.333649,-5.113196,3.402713,0.112120,0.000178,0.887702
1146,0,-2.360133,-1.983331,4.807454,0.000770,0.001122,0.998108
1147,0,-2.914970,2.005033,1.382073,0.004728,0.647814,0.347458
1148,0,-2.469875,-0.025749,2.923584,0.004301,0.049554,0.946145
1149,0,-1.218381,-3.911636,5.122270,0.001760,0.000119,0.998121
1150,0,-2.439830,-2.840917,5.638831,0.000310,0.000208,0.999483
1151,0,-1.750081,-3.465086,5.332103,0.000839,0.000151,0.999010
1152,0,-2.230793,-1.827084,4.396183,0.001320,0.001976,0.996704
1153,0,-0.116808,-1.979111,2.133150,0.093962,0.014594,0.891445
1154,0,-2.434113,0.798481,2.064984,0.008600,0.217966,0.773434
1155,0,-2.066194,-2.247419,4.584778,0.001290,0.001076,0.997634
1156,0,-0.806178,-2.914633,4.069016,0.007569,0.000919,0.991512
1157,0,-2.824858,-2.567452,5.790335,0.000181,0.000234,0.999584
1158,0,-2.106068,-2.786644,5.294804,0.000610,0.000309,0.999081
1159,0,-2.034536,-3.446298,5.669821,0.000451,0.000110,0.999440
1160,0,-2.067312,0.456465,2.102523,0.012791,0.159575,0.827634
1161,0,-2.147713,-2.840416,5.333284,0.000563,0.000282,0.999155
1162,0,-2.444539,-2.387021,5.424595,0.000382,0.000405,0.999213
1163,0,-1.803621,0.022580,2.128549,0.017174,0.106654,0.876172
1164,0,-2.346029,-2.278928,4.783857,0.000799,0.000855,0.998345
1165,0,-0.704365,-3.979745,4.729156,0.004348,0.000164,0.995488
1166,0,0.956165,-2.554685,1.384050,0.390034,0.011651,0.598315
1167,0,-2.018487,-2.720359,5.163634,0.000759,0.000376,0.998865
1168,0,-0.562565,-3.760858,4.481195,0.006406,0.000262,0.993332
1169,0,-2.515957,-2.405732,5.353509,0.000382,0.000426,0.999192
1170,0,-2.504208,-1.935539,4.820682,0.000658,0.001162,0.998181
1171,0,-2.270390,0.748629,1.899439,0.011604,0.237552,0.750843
1172,0,-0.111113,-2.864786,3.282480,0.032429,0.002066,0.965505
1173,0,-0.815997,-3.691802,4.519686,0.004792,0.000270,0.994938
1174,0,-2.305220,-3.216639,5.862551,0.000284,0.000114,0.999602
1175,0,-2.398259,-2.263122,4.924479,0.000659,0.000755,0.998586
1176,0,-3.117158,-0.064544,3.567906,0.001216,0.025738,0.973046
1177,0,-2.736603,1.329706,1.873193,0.006258,0.365078,0.628664
1178,0,-2.124698,-3.048642,5.635767,0.000426,0.000169,0.999405
1179,0,1.214925,-4.512599,3.134774,0.127825,0.000416,0.871759
1180,0,-2.468216,-2.488768,5.358789,0.000399,0.000390,0.999211
1181,0,-0.067777,-3.274592,3.171479,0.037657,0.001525,0.960818
1182,0,-1.928615,-3.319572,5.558205,0.000560,0.000139,0.999301
1183,0,-1.059854,-3.651660,4.887179,0.002606,0.000195,0.997199
1184,0,-2.541248,-1.579511,4.588800,0.000798,0.002089,0.997113
1185,0,-2.140475,-1.547056,4.099853,0.001939,0.003509,0.994552
1186,0,-1.895499,-2.898591,5.144671,0.000875,0.000321,0.998804
1187,0,-2.860481,-1.548991,4.872044,0.000437,0.001624,0.997939
1188,0,-1.949139,-3.186761,5.330856,0.000689,0.000200,0.999112
1189,0,0.864922,-4.801402,3.572300,0.062526,0.000216,0.937258
1190,0,0.676616,-3.789339,3.195944,0.074451,0.000856,0.924694
1191,0,-3.238467,1.219437,2.513629,0.002487,0.214609,0.782904
1192,0,-1.289309,-1.284118,2.958641,0.013895,0.013968,0.972137
1193,0,-1.132423,-3.782205,5.088510,0.001983,0.000140,0.997877
1194,0,-0.753297,-4.186761,4.818049,0.003790,0.000122,0.996087
1195,0,1.625560,-4.101165,1.971060,0.413915,0.001348,0.584736
1196,0,-2.502218,-0.256984,3.109648,0.003520,0.033237,0.963243
1197,0,-1.300857,-3.724868,5.147257,0.001581,0.000140,0.998279
1198,0,-1.101568,-3.082408,4.247073,0.004729,0.000652,0.994619
1199,0,-3.562042,0.046181,3.949493,0.000536,0.019765,0.979699
1200,0,-2.013952,-2.899405,5.328167,0.000647,0.000267,0.999086
1201,0,-3.060806,0.041016,3.427968,0.001469,0.032658,0.965874
1202,0,-2.558650,-0.273773,3.239919,0.002936,0.028840,0.968224
1203,0,-1.106286,-3.445179,4.745317,0.002866,0.000276,0.996857
1204,0,-1.758064,-3.351572,5.269193,0.000886,0.000180,0.998933
1205,0,0.277615,-4.153508,3.602892,0.034700,0.000413,0.964887
1206,0,-1.946395,-2.603206,5.090208,0.000878,0.000455,0.998667
1207,0,-1.128271,-4.108392,5.310791,0.001595,0.000081,0.998324
1208,0,-2.183578,-2.925584,5.394258,0.000511,0.000243,0.999245
1209,0,-3.681547,1.150229,2.949634,0.001130,0.141763,0.857107
1210,0,-0.992728,-3.904208,4.972364,0.002560,0.000139,0.997301
1211,0,-1.752600,-2.308101,4.360544,0.002206,0.001266,0.996528
1212,0,-1.241961,-0.970179,2.480859,0.022887,0.030034,0.947079
1213,0,-2.883998,-1.072311,4.454031,0.000647,0.003962,0.995391
1214,0,-2.085711,-2.459068,4.654440,0.001180,0.000812,0.998007
1215,0,-3.250913,0.971963,2.921603,0.001823,0.124366,0.873812
1216,0,-2.024373,-0.718911,3.107100,0.005749,0.021209,0.973043
1217,0,-2.141352,-3.308966,5.692996,0.000396,0.000123,0.999481
1218,0,-2.621902,-2.428223,5.498986,0.000297,0.000361,0.999342
1219,0,-2.748648,1.274874,1.908497,0.006164,0.344553,0.649284
1220,0,-1.652869,1.158529,0.820891,0.033898,0.563833,0.402269
1221,0,-0.003861,-2.531735,2.645230,0.065699,0.005245,0.929057
1222,0,-1.475172,-3.086993,4.835240,0.001813,0.000362,0.997825
1223,0,-0.331091,-1.965396,2.818853,0.040767,0.007953,0.951280
1224,0,-3.563742,0.424251,3.483745,0.000830,0.044772,0.954398
1225,0,-1.546143,-3.077643,4.863890,0.001642,0.000355,0.998003
1226,0,-3.102904,-1.013028,4.569381,0.000464,0.003748,0.995789
1227,0,-2.450980,0.160634,2.714827,0.005269,0.071765,0.922966
1228,0,-1.801330,-2.810292,4.932220,0.001188,0.000433,0.998378
1229,0,-2.044367,-2.597774,4.971573,0.000896,0.000515,0.998589
1230,0,-2.524068,-2.409775,5.409133,0.000358,0.000402,0.999240
1231,0,0.073243,-4.244071,3.969434,0.019909,0.000266,0.979825
1232,0,-1.899975,-0.803445,2.730548,0.009384,0.028094,0.962521
1233,0,-1.479313,-2.185791,4.011231,0.004100,0.002023,0.993877
1234,0,-3.546556,0.315298,3.572052,0.000779,0.037056,0.962165
1235,0,0.177596,-2.178352,1.874240,0.152662,0.014473,0.832865
1236,0,-1.476519,-3.039378,4.708781,0.002054,0.000430,0.997515
1237,0,-2.166297,-2.514498,5.035265,0.000744,0.000526,0.998730
1238,0,-1.911000,-2.973068,5.202665,0.000813,0.000281,0.998906
1239,0,-1.165397,-2.652661,4.226376,0.004529,0.001023,0.994448
1240,0,-1.744785,-1.809927,3.885765,0.003562,0.003337,0.993101
1241,0,-1.641098,-2.204112,3.978468,0.003606,0.002053,0.994341
1242,0,-2.281723,-0.156367,2.847321,0.005611,0.046994,0.947395
1243,0,-1.125222,-3.559400,4.850121,0.002534,0.000222,0.997244
1244,0,-0.732256,-3.952013,4.635942,0.004640,0.000185,0.995175
1245,0,-1.951087,-0.030840,2.220664,0.013764,0.093909,0.892327
1246,0,-2.676642,1.172860,1.879393,0.006984,0.328058,0.664958
1247,0,1.421551,-4.260249,2.282842,0.296769,0.001011,0.702220
1248,0,-2.343853,-2.875521,5.651116,0.000337,0.000198,0.999465
1249,0,3.113290,-5.370414,1.328667,0.856115,0.000177,0.143708
1250,0,-1.756866,-2.496696,4.448919,0.002012,0.000960,0.997028
1251,0,0.873017,-5.182374,3.810846,0.050309,0.000118,0.949573
1252,0,-2.471129,0.635701,2.184481,0.007781,0.173899,0.818321
1253,0,-1.620655,-2.127562,3.977486,0.003683,0.002218,0.994099
1254,0,0.588237,-3.889421,3.316621,0.061276,0.000696,0.938027
1255,0,-1.756222,-3.127049,5.211399,0.000941,0.000239,0.998820
1256,0,-1.929778,-3.039742,5.281995,0.000737,0.000243,0.999020
1257,0,-2.039618,-2.940901,5.437172,0.000566,0.000230,0.999205
1258,0,-1.835375,-2.018610,4.078478,0.002688,0.002238,0.995073
1259,0,-2.468127,-1.538379,4.295506,0.001150,0.002915,0.995935
1260,0,-1.837312,-2.829761,5.133814,0.000937,0.000347,0.998715
1261,0,-2.924684,0.317323,3.126458,0.002216,0.056707,0.941077
1262,0,-1.954604,-2.558285,4.694196,0.001293,0.000707,0.998000
1263,0,-1.121680,-3.319648,4.583443,0.003317,0.000368,0.996315
1264,0,-1.464436,-1.007529,2.778258,0.013855,0.021880,0.964265
1265,0,-1.686952,1.015035,0.983205,0.032947,0.491221,0.475832
1266,0,0.401264,-4.263236,3.850696,0.030777,0.000290,0.968933
1267,0,-2.294086,-2.953357,5.623069,0.000364,0.000188,0.999447
1268,0,-3.378207,-0.678653,4.420378,0.000408,0.006063,0.993529
1269,0,-1.739218,0.486244,1.645452,0.025147,0.232806,0.742047
1270,0,-1.737976,-3.393974,5.494737,0.000722,0.000138,0.999140
1271,0,-1.704963,-3.025908,5.091944,0.001116,0.000298,0.998587
1272,0,-2.279539,-2.942884,5.603665,0.000377,0.000194,0.999429
1273,0,-1.316007,-3.163460,4.876173,0.002041,0.000322,0.997638
1274,0,-0.911284,-3.173729,4.148994,0.006300,0.000656,0.993045
1275,0,-0.514747,-3.593982,4.497128,0.006612,0.000304,0.993083
1276,0,-1.468700,-2.588791,4.487297,0.002581,0.000842,0.996576
1277,0,-2.956601,-1.217525,4.465365,0.000596,0.003390,0.996014
1278,0,1.169406,-2.761096,1.730200,0.360790,0.007084,0.632127
1279,0,-2.609027,2.025375,1.035386,0.007031,0.723960,0.269009
1280,0,-3.233303,1.770870,2.019619,0.002931,0.436847,0.560221
1281,0,-1.595750,-2.539395,4.305684,0.002725,0.001061,0.996214
1282,0,-1.285583,-2.274920,3.911649,0.005490,0.002041,0.992468
1283,0,-2.244831,-1.301950,3.979571,0.001967,0.005049,0.992984
1284,0,-0.049261,-4.317488,4.293031,0.012837,0.000180,0.986983
1285,0,-2.423757,-2.436133,5.219966,0.000479,0.000473,0.999049
1286,0,-1.884493,-2.928568,5.099706,0.000925,0.000326,0.998749
1287,0,-1.669596,-3.650951,5.517054,0.000756,0.000104,0.999140
1288,0,-1.418858,-2.953755,4.437428,0.002852,0.000615,0.996534
1289,0,-1.081489,-0.012617,1.244224,0.070691,0.205859,0.723450
1290,0,-2.131920,0.208718,2.188598,0.011545,0.119931,0.868524
1291,0,-1.796616,-3.386266,5.376738,0.000766,0.000156,0.999078
1292,0,-2.313032,0.949579,1.756368,0.011677,0.304972,0.683351
1293,0,-2.739159,-1.540236,4.802547,0.000529,0.001755,0.997715
1294,0,-1.838675,-3.171200,5.249470,0.000834,0.000220,0.998946
1295,0,-3.314184,0.313079,3.132401,0.001494,0.056205,0.942301
1296,0,-0.956865,-3.828958,4.872931,0.002930,0.000166,0.996905
1297,0,-1.226701,-3.909683,5.087723,0.001807,0.000123,0.998070
1298,0,-2.201921,-0.405493,2.927732,0.005682,0.034253,0.960065
1299,0,2.212517,-5.394055,2.448496,0.441181,0.000219,0.558600
1300,0,-2.126757,-0.722575,3.454161,0.003698,0.015061,0.981241
1301,0,-1.185415,-1.705152,3.274008,0.011359,0.006755,0.981885
1302,0,1.247956,0.798553,-2.446387,0.601369,0.383679,0.014952
1303,0,-0.609849,-3.737702,4.482691,0.006103,0.000267,0.993629
1304,0,-0.260706,-2.837315,3.319645,0.027055,0.002057,0.970888
1305,0,-3.747004,-0.184351,4.002967,0.000424,0.014953,0.984622
1306,0,-2.180337,-3.097683,5.576116,0.000428,0.000171,0.999401
1307,0,-0.170536,-3.054441,3.449163,0.026054,0.001457,0.972490
1308,0,-1.126179,-3.197841,4.644647,0.003106,0.000391,0.996502
1309,0,-1.265889,-1.265033,2.660897,0.018959,0.018976,0.962065
1310,0,-1.896662,-3.076881,5.356935,0.000707,0.000217,0.999076
1311,0,-1.463589,-3.061090,4.716395,0.002065,0.000418,0.997517
1312,0,-0.077246,-4.535126,4.491117,0.010267,0.000119,0.989614
1313,0,-0.045327,-4.180865,4.156793,0.014740,0.000236,0.985025
1314,0,-1.697740,-2.836735,4.801381,0.001502,0.000481,0.998017
1315,0,-2.638783,-1.003802,4.012301,0.001282,0.006578,0.992139
1316,0,-2.377594,-2.874408,5.677518,0.000317,0.000193,0.999490
1317,0,-1.228196,-3.536364,5.044188,0.001884,0.000187,0.997929
1318,0,-1.140651,-3.973549,5.157481,0.001836,0.000108,0.998056
1319,0,-1.740379,-3.464319,5.564084,0.000672,0.000120,0.999208
1320,0,-1.464436,-1.007529,2.778258,0.013855,0.021880,0.964265
1321,0,-3.276627,-0.350063,3.942995,0.000722,0.013469,0.985809
1322,0,-3.023313,-0.514629,3.982387,0.000896,0.011010,0.988095
1323,0,-1.256054,-1.915840,3.556477,0.008028,0.004150,0.987821
1324,0,-2.127714,-2.737285,5.214639,0.000647,0.000352,0.999002
1325,0,-0.001742,-1.388974,1.304250,0.202384,0.050548,0.747068
1326,0,-3.269376,-0.775753,4.466619,0.000434,0.005258,0.994308
1327,0,-0.812003,-2.097695,2.987124,0.021768,0.006018,0.972214
1328,0,-1.148656,-3.262899,4.629777,0.003083,0.000372,0.996545
1329,0,-2.338157,-1.823421,4.604401,0.000963,0.001612,0.997425
1330,0,0.683087,-3.829061,2.890498,0.098979,0.001086,0.899934
1331,0,-2.689646,0.710215,2.398926,0.005178,0.155138,0.839684
1332,0,-2.173166,-3.096854,5.644579,0.000402,0.000160,0.999438
1333,0,-3.058718,-1.296537,4.664632,0.000441,0.002569,0.996990
1334,0,-1.778459,-3.607812,5.652868,0.000592,0.000095,0.999313
1335,0,-1.240496,-3.806717,5.208644,0.001579,0.000121,0.998300
1336,0,-2.164394,-0.386049,2.951915,0.005759,0.034094,0.960147
1337,0,-1.171465,-3.362739,4.690117,0.002838,0.000317,0.996845
1338,0,-1.317798,-1.671180,3.191948,0.010799,0.007584,0.981617
1339,0,-2.078452,-1.483513,3.764328,0.002877,0.005216,0.991906
1340,0,-1.321806,-3.182062,4.564781,0.002768,0.000431,0.996802
1341,0,-2.077971,-2.888548,5.371960,0.000581,0.000258,0.999161
1342,0,-2.268327,-2.157427,4.775565,0.000871,0.000973,0.998156
1343,0,-1.618949,-0.077722,2.110582,0.021128,0.098676,0.880196
1344,0,-2.481340,-1.574301,4.359028,0.001066,0.002640,0.996294
1345,0,-2.060522,-1.726755,4.114285,0.002071,0.002891,0.995038
1346,0,-3.334730,2.145376,1.742928,0.002492,0.597782,0.399726
1347,0,-1.280735,-4.048581,5.310029,0.001371,0.000086,0.998543
1348,0,-1.612783,-1.334183,3.185151,0.008092,0.010692,0.981217
1349,0,-1.649004,-0.109988,2.093940,0.020885,0.097322,0.881793
1350,0,-1.615348,-3.603669,5.466897,0.000839,0.000115,0.999046
1351,0,-0.414009,-2.761955,3.336038,0.022926,0.002191,0.974883
1352,0,-1.837469,-3.096909,5.210871,0.000868,0.000246,0.998886
1353,0,-1.337735,-3.008182,4.598200,0.002634,0.000496,0.996870
1354,0,0.719707,-4.388621,3.043841,0.089096,0.000539,0.910365
1355,0,-2.213176,1.128573,1.388979,0.015164,0.428663,0.556173
1356,0,-3.392718,0.436537,3.390409,0.001075,0.049501,0.949424
1357,0,-2.446753,-2.754990,5.507346,0.000351,0.000258,0.999391
1358,0,-3.843693,1.462891,2.903746,0.000948,0.191231,0.807820
1359,0,-0.255241,-4.362461,4.555842,0.008072,0.000133,0.991795
1360,0,-0.282133,-4.237018,4.418332,0.009008,0.000173,0.990820
1361,0,0.335976,-4.382040,3.896224,0.027639,0.000247,0.972114
1362,0,-2.375633,-2.930368,5.708973,0.000308,0.000177,0.999515
1363,0,-0.575794,-3.197173,3.875486,0.011520,0.000837,0.987643
1364,0,-2.133774,0.526036,1.937797,0.013524,0.193306,0.793170
1365,0,-1.464436,-1.007529,2.778258,0.013855,0.021880,0.964265
1366,0,-1.648623,-1.753241,3.618715,0.005107,0.004600,0.990293
1367,0,0.312245,-3.841754,3.441817,0.041876,0.000658,0.957466
1368,0,-1.629967,-3.586581,5.384928,0.000897,0.000127,0.998976
1369,0,1.636607,-5.119052,2.978983,0.207070,0.000241,0.792689
1370,0,-2.081493,-3.185678,5.633286,0.000446,0.000148,0.999406
1371,0,-2.239565,-2.239441,4.866054,0.000819,0.000819,0.998362
1372,0,-1.946336,-2.325879,4.393334,0.001760,0.001204,0.997036
1373,0,-1.310755,-2.750728,4.485511,0.003028,0.000717,0.996255
1374,0,-1.899493,-2.835994,5.162902,0.000856,0.000335,0.998809
1375,0,-1.270725,-3.486858,4.902181,0.002080,0.000227,0.997693
1376,0,-2.022578,0.291096,2.080238,0.013962,0.141179,0.844859
1377,0,-2.549234,-0.821005,4.005903,0.001409,0.007936,0.990654
1378,0,-1.630984,-1.974270,3.982024,0.003627,0.002573,0.993799
1379,0,-2.733374,0.615226,2.601336,0.004222,0.120160,0.875619
1380,0,0.245674,-4.172767,3.871391,0.025931,0.000313,0.973756
1381,0,-2.665969,0.249945,2.716064,0.004221,0.077937,0.917842
1382,0,-2.614608,-2.328302,5.323404,0.000357,0.000475,0.999169
1383,0,-1.966089,1.448412,0.794440,0.021182,0.643969,0.334849
1384,0,-2.351827,-2.087050,4.794829,0.000786,0.001024,0.998190
1385,0,-1.228196,-3.536364,5.044188,0.001884,0.000187,0.997929
1386,0,2.167820,-4.341992,1.395407,0.683347,0.001017,0.315636
1387,0,-1.901286,-1.604416,3.718800,0.003594,0.004836,0.991570
1388,0,-0.834489,-2.810716,4.026221,0.007677,0.001064,0.991259
1389,0,-2.208336,-2.882643,5.449859,0.000472,0.000240,0.999288
1390,0,-0.350628,-1.136966,1.496395,0.128264,0.058425,0.813311
1391,0,-3.119627,-0.883355,4.362203,0.000560,0.005240,0.994200
1392,0,-0.814119,-3.639311,4.658805,0.004180,0.000248,0.995572
1393,0,-2.463526,-2.013371,4.885321,0.000642,0.001007,0.998350
1394,0,-3.082478,-1.077702,4.260204,0.000644,0.004780,0.994576
1395,0,-3.451710,-0.465736,4.423354,0.000377,0.007469,0.992154
1396,0,-2.288798,-2.197912,4.879792,0.000769,0.000842,0.998389
1397,0,-0.396077,-4.293085,4.567415,0.006939,0.000141,0.992920
1398,0,0.143433,-3.956886,3.875159,0.023382,0.000387,0.976231
1399,0,-2.053483,0.208326,2.078794,0.013714,0.131657,0.854629
1400,0,-2.790565,-0.764783,3.629770,0.001606,0.012174,0.986220
1401,0,-2.277893,-2.909373,5.593399,0.000381,0.000203,0.999416
1402,0,-2.463994,-1.282418,4.225624,0.001237,0.004033,0.994730
1403,0,-2.507823,-1.785725,4.619859,0.000801,0.001648,0.997551
1404,0,-2.443725,-1.566467,4.345600,0.001121,0.002696,0.996182
1405,0,-1.335175,-2.985949,4.568286,0.002721,0.000522,0.996757
1406,0,-1.461813,-3.560317,5.167779,0.001319,0.000162,0.998519
1407,0,2.500401,-3.348864,0.271541,0.900468,0.002595,0.096936
1408,0,-2.578903,-0.351766,3.487659,0.002265,0.021006,0.976729
1409,0,-0.836496,-2.753438,3.749837,0.010072,0.001481,0.988446
1410,0,-2.031797,-3.263875,5.334637,0.000632,0.000184,0.999184
1411,0,-1.021536,-3.661448,4.856652,0.002791,0.000199,0.997009
1412,0,-0.851231,-3.544137,4.669540,0.003986,0.000270,0.995745
1413,0,-2.318649,-3.038936,5.744038,0.000315,0.000153,0.999532
1414,0,-1.823325,-3.150117,5.391156,0.000735,0.000195,0.999070
1415,0,-0.670490,-1.460064,2.466237,0.040846,0.018545,0.940609
1416,0,-2.740135,-2.425979,5.597288,0.000239,0.000328,0.999433
1417,0,-1.991978,-3.124830,5.552410,0.000529,0.000170,0.999301
1418,0,-2.349552,-1.690177,4.532727,0.001023,0.001978,0.997000
1419,0,-2.724103,-0.608620,3.674219,0.001639,0.013593,0.984768
1420,0,-1.969316,-3.065482,5.412983,0.000622,0.000208,0.999171
1421,0,-2.766633,1.318238,1.917569,0.005929,0.352395,0.641676
1422,0,-2.563466,-1.167152,4.106287,0.001261,0.005093,0.993646
1423,0,-0.530858,-4.094665,4.420330,0.007024,0.000199,0.992777
1424,0,-1.308494,-3.204821,4.750540,0.002330,0.000350,0.997320
1425,0,-0.489355,-3.437362,4.024614,0.010830,0.000568,0.988602
1426,0,-1.816081,-2.363356,4.548210,0.001717,0.000993,0.997289
1427,0,-1.221341,-3.099545,4.587974,0.002989,0.000457,0.996554
1428,0,-2.189366,1.540100,1.020473,0.014830,0.617762,0.367409
1429,0,-0.692624,-2.253706,2.950867,0.025358,0.005323,0.969319
1430,0,-0.373655,-4.193755,4.481170,0.007729,0.000169,0.992101
1431,0,-3.065815,-1.745726,5.250465,0.000244,0.000914,0.998841
1432,0,2.399806,-3.343004,0.199630,0.897675,0.002878,0.099448
1433,0,-2.347347,-2.808812,5.487365,0.000396,0.000249,0.999355
1434,0,-2.436426,-2.661378,5.506339,0.000355,0.000283,0.999362
1435,0,-0.859921,0.839744,0.172364,0.107763,0.589694,0.302543
1436,0,-2.974782,-1.023931,4.564639,0.000529,0.003724,0.995746
1437,0,0.963634,-1.035203,-0.178686,0.687488,0.093150,0.219362
1438,0,-1.016228,-4.187498,5.249114,0.001897,0.000080,0.998023
1439,0,-0.733975,-3.697461,4.691788,0.004381,0.000226,0.995392
1440,0,-0.087734,-1.591064,1.689390,0.140150,0.031168,0.828682
1441,0,0.050705,-2.668253,2.585270,0.073116,0.004822,0.922062
1442,0,-2.440840,-1.608564,4.260539,0.001224,0.002814,0.995962
1443,0,-2.867156,-0.729235,4.038948,0.000992,0.008416,0.990592
1444,0,0.009249,-3.244557,3.218245,0.038770,0.001498,0.959732
1445,0,-1.714620,-2.759364,4.756593,0.001544,0.000543,0.997913
1446,0,0.342694,1.207296,-1.560088,0.283832,0.673834,0.042334
1447,0,-1.108701,-3.766129,4.929280,0.002380,0.000167,0.997453
1448,0,-2.011984,-2.961443,5.199410,0.000737,0.000285,0.998977
1449,0,-2.762923,0.444630,2.826021,0.003411,0.084314,0.912275
1450,0,-1.702701,-3.486382,5.427262,0.000800,0.000134,0.999066
1451,0,-2.309458,-2.962099,5.617368,0.000361,0.000188,0.999451
1452,0,-2.410921,-0.603667,3.352948,0.003071,0.018711,0.978218
1453,0,-1.806773,-3.033093,5.182446,0.000921,0.000270,0.998809
1454,0,-2.586430,1.680794,1.319109,0.008197,0.584616,0.407187
1455,0,-0.559682,-3.200686,3.992042,0.010431,0.000744,0.988825
1456,0,-1.133187,-3.801320,5.023694,0.002114,0.000147,0.997739
1457,0,0.483938,-0.413859,-0.064854,0.503749,0.205261,0.290989
1458,0,-1.529824,-3.748656,5.421294,0.000957,0.000104,0.998939
1459,0,-2.733316,-2.196301,5.389709,0.000296,0.000507,0.999196
1460,0,-0.920049,0.039070,1.194387,0.084074,0.219382,0.696544
1461,0,-1.971132,-3.345314,5.649746,0.000490,0.000124,0.999386
1462,0,-2.503383,-1.353662,4.131579,0.001306,0.004125,0.994568
1463,0,-2.157113,-2.686667,5.326796,0.000562,0.000331,0.999108
1464,0,-2.127925,-2.634032,5.189995,0.000663,0.000400,0.998938
1465,0,-1.084076,-3.119710,4.235742,0.004867,0.000636,0.994498
1466,0,-1.550199,-2.630552,4.623096,0.002079,0.000706,0.997216
1467,0,-2.331968,-2.203728,4.903124,0.000720,0.000818,0.998462
1468,0,-1.682326,-3.229477,5.187096,0.001038,0.000221,0.998741
1469,0,-1.630857,-3.086933,5.012197,0.001301,0.000303,0.998396
1470,0,-2.584161,-1.048671,3.904937,0.001507,0.006998,0.991495
1471,0,-3.212364,-1.494490,5.284226,0.000204,0.001136,0.998660
1472,0,-1.836702,-2.841676,5.049254,0.001021,0.000374,0.998606
1473,0,-1.550080,-3.237708,5.043358,0.001367,0.000253,0.998380
1474,0,-1.464436,-1.007529,2.778258,0.013855,0.021880,0.964265
1475,0,2.723363,-3.731360,0.280848,0.918683,0.001445,0.079872
1476,0,-0.860912,-1.440490,2.585627,0.030347,0.016999,0.952654
1477,0,-0.231082,-0.004231,0.327201,0.249856,0.313480,0.436665
1478,0,-1.703831,-3.286174,5.270758,0.000934,0.000192,0.998874
1479,0,-0.277803,1.012748,-0.592933,0.186411,0.677565,0.136023
1480,0,-0.234574,-0.964459,1.387325,0.152796,0.073642,0.773561
1481,0,-2.563752,0.803262,2.028282,0.007771,0.225290,0.766939
1482,0,-1.893509,-3.449912,5.486329,0.000623,0.000131,0.999245
1483,0,-3.353442,-0.559870,4.331948,0.000456,0.007448,0.992096
1484,0,-1.892511,-2.408454,4.613617,0.001491,0.000890,0.997619
1485,0,-1.119855,-4.120692,5.365867,0.001523,0.000076,0.998402
1486,0,2.717536,-5.297187,1.794693,0.715452,0.000236,0.284312
1487,0,-1.644870,-2.414023,4.324682,0.002546,0.001180,0.996274
1488,0,-0.982633,-3.973701,5.129039,0.002212,0.000111,0.997677
1489,0,-2.150761,-2.569214,4.868304,0.000893,0.000588,0.998519
1490,0,-2.106461,-2.963042,5.312020,0.000600,0.000255,0.999146
1491,0,-1.621450,-3.166816,4.988492,0.001345,0.000287,0.998369
1492,0,-2.072898,-1.442759,3.888925,0.002556,0.004800,0.992643
1493,0,-2.119346,-2.539130,5.040532,0.000776,0.000510,0.998714
1494,0,-2.105923,-3.017613,5.576313,0.000461,0.000185,0.999354
1495,0,-2.490896,-2.382830,5.201122,0.000456,0.000508,0.999036
1496,0,-2.313768,-3.009524,5.709166,0.000328,0.000163,0.999509
1497,0,-0.863082,-3.722477,4.384074,0.005233,0.000300,0.994467
1498,0,-1.181932,-3.528446,4.961019,0.002144,0.000205,0.997651
1499,0,-0.524333,-4.201395,4.530006,0.006340,0.000160,0.993500
1500,1,-0.351540,-1.723164,2.234756,0.068803,0.017455,0.913742
1501,1,-1.310440,-1.386839,2.799072,0.015913,0.014742,0.969345
1502,1,-0.959794,-3.687145,4.655846,0.003626,0.000237,0.996136
1503,1,-1.825794,0.902160,1.260194,0.026184,0.400662,0.573153
1504,1,0.679589,-3.268959,2.433527,0.147133,0.002837,0.850030
1505,1,-2.164356,0.611374,1.902662,0.013257,0.212776,0.773967
1506,1,1.630910,-4.129788,2.090724,0.386559,0.001217,0.612224
1507,1,-1.399422,0.407733,1.234770,0.047562,0.289800,0.662638
1508,1,-3.017165,-1.353758,4.614038,0.000484,0.002552,0.996964
1509,1,2.709071,-3.257932,0.081537,0.930390,0.002384,0.067227
1510,1,-0.076045,-4.122777,4.187151,0.013878,0.000243,0.985879
1511,1,-0.331133,-0.858185,1.146980,0.167364,0.098802,0.733834
1512,1,-2.322025,-3.024863,5.715489,0.000323,0.000160,0.999517
1513,1,-2.551354,-2.348353,5.266603,0.000402,0.000493,0.999105
1514,1,-0.137832,-2.776907,2.531887,0.064486,0.004606,0.930908
1515,1,-2.422704,0.885484,1.986314,0.009048,0.247326,0.743626
1516,1,-2.749187,0.688418,2.394519,0.004915,0.152915,0.842170
1517,1,-2.530395,-1.061621,3.985730,0.001468,0.006376,0.992156
1518,1,-0.364482,-4.379158,4.595505,0.006963,0.000126,0.992911
1519,1,-1.978823,-2.199546,4.566763,0.001433,0.001149,0.997418
1520,1,-0.626595,-3.224468,3.898996,0.010704,0.000797,0.988500
1521,1,-2.000294,1.945455,0.341570,0.015844,0.819370,0.164786
1522,1,-3.605784,1.558624,2.499187,0.001603,0.280337,0.718061
1523,1,-2.679606,-1.119520,4.282582,0.000942,0.004483,0.994576
1524,1,0.828326,-3.152120,2.231583,0.196575,0.003671,0.799753
1525,1,-1.829184,0.794001,1.383784,0.025232,0.347685,0.627083
1526,1,-0.938140,-2.358396,3.720881,0.009366,0.002263,0.988371
1527,1,-1.771726,-1.400611,3.408915,0.005548,0.008041,0.986411
1528,1,-1.915538,-1.736949,4.089041,0.002454,0.002934,0.994612
1529,1,-0.929224,-3.658792,4.523913,0.004263,0.000278,0.995458
1530,1,-2.181106,0.176454,2.395354,0.009197,0.097164,0.893639
1531,1,-0.780540,-3.293669,4.437565,0.005386,0.000436,0.994178
1532,1,-0.387408,-0.759960,1.197069,0.152306,0.104935,0.742759
1533,1,-0.636190,-2.827299,3.401161,0.017305,0.001935,0.980761
1534,1,-2.678351,-0.684843,3.763589,0.001572,0.011543,0.986884
1535,1,-1.423210,-3.529143,5.176790,0.001358,0.000165,0.998476
1536,1,-1.341877,-3.241300,4.488346,0.002928,0.000438,0.996634
1537,1,-2.380675,0.649479,2.146883,0.008754,0.181213,0.810033
1538,1,0.868534,-3.765663,2.889824,0.116853,0.001135,0.882012
1539,1,-1.654077,-3.370818,5.128386,0.001132,0.000203,0.998665
1540,1,-0.580258,-0.481967,1.191839,0.125212,0.138144,0.736644
1541,1,-0.782389,-0.144459,1.148946,0.102132,0.193291,0.704578
1542,1,-1.624940,0.171053,1.731394,0.028004,0.168736,0.803260
1543,1,-3.358641,2.405600,1.424949,0.002277,0.725581,0.272142
1544,1,-1.989446,-1.787933,4.062767,0.002340,0.002863,0.994797
1545,1,1.471173,-4.330457,2.277072,0.308477,0.000932,0.690591
1546,1,0.383677,-2.396227,1.882130,0.180610,0.011206,0.808185
1547,1,4.741476,-4.069530,-1.568173,0.998036,0.000149,0.001815
1548,1,-1.755585,0.337820,1.749175,0.023593,0.191396,0.785011
1549,1,-1.907601,0.926092,1.368434,0.022483,0.382388,0.595129
1550,1,1.039081,-4.070662,2.981647,0.125271,0.000756,0.873972
1551,1,-2.241100,-1.272364,3.873800,0.002192,0.005775,0.992033
1552,1,-1.638752,0.909113,1.032402,0.035415,0.452599,0.511986
1553,1,-1.945940,0.734357,1.542757,0.020690,0.301854,0.677456
1554,1,-0.662549,-2.731395,3.703865,0.012518,0.001581,0.985901
1555,1,2.522039,-5.054807,1.955782,0.637691,0.000327,0.361983
1556,1,0.824515,-5.181231,3.826046,0.047351,0.000117,0.952532
1557,1,-0.949914,-3.271304,4.541696,0.004103,0.000403,0.995495
1558,1,-1.853783,-2.610296,4.721430,0.001392,0.000653,0.997955
1559,1,0.725310,-4.219894,3.384281,0.065408,0.000466,0.934127
1560,1,-0.905836,-1.608800,2.857552,0.022427,0.011104,0.966469
1561,1,0.322964,-3.909250,3.352268,0.046089,0.000669,0.953242
1562,1,2.387251,-2.832198,-0.351326,0.934516,0.005056,0.060428
1563,1,-0.684582,-1.242963,1.924861,0.065947,0.037731,0.896322
1564,1,-1.961052,-3.466489,5.657116,0.000491,0.000109,0.999400
1565,1,-2.000294,1.945455,0.341570,0.015844,0.819370,0.164786
1566,1,0.464353,-1.959165,1.525696,0.251328,0.022270,0.726402
1567,1,-2.022851,-1.546140,3.771791,0.003020,0.004864,0.992116
1568,1,-2.699754,-0.144136,3.329983,0.002328,0.029988,0.967684
1569,1,1.587575,-5.420025,3.288968,0.154262,0.000140,0.845599
1570,1,-2.676603,0.853746,2.224738,0.005896,0.201266,0.792838
1571,1,-1.418853,0.610872,1.079872,0.048126,0.366332,0.585543
1572,1,-1.657221,0.230859,1.787326,0.025683,0.169681,0.804635
1573,1,-0.136464,-4.183104,4.373290,0.010879,0.000190,0.988930
1574,1,-3.468738,1.504250,2.450901,0.001931,0.279019,0.719050
1575,1,-1.302117,-3.635543,5.063731,0.001716,0.000166,0.998118
1576,1,-0.452232,-3.146268,3.696162,0.015528,0.001050,0.983422
1577,1,-1.002233,0.616719,0.596514,0.090954,0.459115,0.449932
1578,1,-3.658749,1.856798,2.365444,0.001509,0.374944,0.623547
1579,1,-1.341281,-2.421587,4.080945,0.004391,0.001491,0.994118
1580,1,-2.234725,-0.829986,3.598128,0.002887,0.011762,0.985351
1581,1,-3.356329,-0.016150,3.540889,0.000982,0.027705,0.971313
1582,1,-2.927856,1.768761,1.683739,0.004734,0.518775,0.476491
1583,1,-1.589677,2.679709,-0.996875,0.013461,0.962186,0.024352
1584,1,0.389025,-3.932738,3.551416,0.040584,0.000539,0.958877
1585,1,-0.598222,-2.041516,2.341720,0.049626,0.011719,0.938655
1586,1,1.536906,-4.856814,2.620264,0.252764,0.000423,0.746813
1587,1,-1.219740,0.360461,0.995434,0.066583,0.323321,0.610097
1588,1,-2.212701,2.461784,0.122511,0.008438,0.904382,0.087180
1589,1,1.947068,-3.228360,0.789275,0.757672,0.004284,0.238044
1590,1,-0.654760,-3.038111,3.653825,0.013258,0.001223,0.985519
1591,1,-1.101506,-3.689571,5.018211,0.002194,0.000165,0.997641
1592,1,-2.047554,-2.155109,4.569274,0.001334,0.001198,0.997468
1593,1,-0.646247,-3.435228,4.200855,0.007786,0.000479,0.991735
1594,1,-3.107112,-0.742975,4.210969,0.000658,0.007001,0.992340
1595,1,-2.025946,-1.611549,4.008651,0.002380,0.003602,0.994018
1596,1,0.002241,-1.030837,0.920238,0.259055,0.092200,0.648744
1597,1,3.157007,-2.763799,-0.820905,0.979041,0.002627,0.018332
1598,1,-0.366972,-2.530287,3.369222,0.023227,0.002670,0.974103
1599,1,-1.464436,-1.007529,2.778258,0.013855,0.021880,0.964265
1600,1,-3.098500,-1.423663,4.795842,0.000372,0.001986,0.997642
1601,1,-1.573920,-3.399235,5.298941,0.001034,0.000167,0.998799
1602,1,1.096278,-2.805037,1.714332,0.347762,0.007030,0.645208
1603,1,-0.502809,-3.939357,4.401486,0.007358,0.000237,0.992405
1604,1,-0.163843,-2.653065,3.070718,0.037767,0.003134,0.959099
1605,1,-2.846296,0.084120,3.003451,0.002726,0.051067,0.946208
1606,1,-1.464436,-1.007529,2.778258,0.013855,0.021880,0.964265
1607,1,-2.944755,2.202428,1.193763,0.004243,0.729649,0.266107
1608,1,0.110877,-4.104825,3.995024,0.020145,0.000297,0.979558
1609,1,-2.138572,1.722148,0.846306,0.014645,0.695621,0.289734
1610,1,0.009402,-3.397194,3.364567,0.033689,0.001117,0.965194
1611,1,-2.615387,-1.018472,3.938436,0.001413,0.006976,0.991612
1612,1,-2.402380,-3.127445,5.753282,0.000287,0.000139,0.999574
1613,1,-1.896906,-1.706196,3.888594,0.003051,0.003692,0.993257
1614,1,-2.473878,1.964779,1.012559,0.008451,0.715464,0.276085
1615,1,-0.666917,-2.036983,2.698272,0.033120,0.008416,0.958464
1616,1,-1.130502,-3.591961,4.808002,0.002628,0.000224,0.997147
1617,1,-2.260637,-3.060752,5.593906,0.000388,0.000174,0.999438
1618,1,-1.774484,0.462598,1.642823,0.024478,0.229259,0.746263
1619,1,-2.000294,1.945455,0.341570,0.015844,0.819370,0.164786
1620,1,-2.439094,0.247496,2.539731,0.006212,0.091198,0.902590
1621,1,-0.353007,0.057292,0.340268,0.221851,0.334389,0.443759
1622,1,-2.666509,0.288857,2.717426,0.004200,0.080680,0.915120
1623,1,-1.757529,-0.184027,2.276253,0.016052,0.077427,0.906521
1624,1,-2.010269,-2.624169,5.217753,0.000725,0.000392,0.998882
1625,1,-2.002709,0.629538,1.686931,0.018203,0.253115,0.728682
1626,1,0.571302,-4.293369,3.273842,0.062793,0.000484,0.936722
1627,1,2.785607,-4.855264,1.413608,0.797397,0.000383,0.202220
1628,1,0.709113,-3.819015,2.746557,0.115184,0.001244,0.883572
1629,1,-0.284441,-4.247765,4.380915,0.009326,0.000177,0.990496
1630,1,-1.586330,-3.477446,5.271737,0.001050,0.000158,0.998792
1631,1,0.997162,-3.875194,2.224099,0.226325,0.001733,0.771942
1632,1,-2.997814,0.952811,2.474425,0.003437,0.178608,0.817955
1633,1,-1.174525,0.801608,0.786755,0.065260,0.470841,0.463899
1634,1,-1.088697,-3.368851,4.519782,0.003652,0.000373,0.995975
1635,1,-1.345782,-2.896011,4.216615,0.003822,0.000811,0.995367
1636,1,1.128163,-3.922055,2.177214,0.258977,0.001660,0.739364
1637,1,-2.373930,-2.764783,5.306768,0.000461,0.000312,0.999227
1638,1,-1.020841,-1.545530,2.735161,0.022538,0.013337,0.964125
1639,1,-0.153834,1.448999,-1.225965,0.158495,0.787256,0.054249
1640,1,-2.098088,0.501133,1.856890,0.015004,0.201856,0.783140
1641,1,-1.992732,1.061801,1.288929,0.020479,0.434379,0.545142
1642,1,-2.317622,-0.590213,3.047655,0.004536,0.025518,0.969947
1643,1,-1.199628,-1.957412,3.496186,0.009013,0.004224,0.986763
1644,1,-1.764079,0.450101,1.583176,0.025921,0.237280,0.736799
1645,1,-0.890632,-2.773521,4.001641,0.007440,0.001132,0.991428
1646,1,-2.312157,-2.678992,5.386267,0.000453,0.000314,0.999233
1647,1,-2.000294,1.945455,0.341570,0.015844,0.819370,0.164786
1648,1,-2.225445,-1.454173,4.024602,0.001919,0.004149,0.993932
1649,1,-1.711506,-2.469405,4.503558,0.001993,0.000934,0.997073
1650,1,-1.525646,-3.721273,5.464224,0.000920,0.000102,0.998977
1651,1,0.016028,-3.910234,3.977045,0.018681,0.000368,0.980951
1652,1,0.992258,-3.195975,2.230149,0.224039,0.003399,0.772562
1653,1,1.750135,-4.644326,2.236289,0.380558,0.000636,0.618806
1654,1,-2.137966,-2.952576,5.449059,0.000507,0.000224,0.999269
1655,1,0.808687,-4.305916,3.055409,0.095578,0.000574,0.903848
1656,1,-1.244071,-0.359609,1.963594,0.035533,0.086049,0.878418
1657,1,1.636847,-3.837327,1.753048,0.470054,0.001971,0.527975
1658,1,-0.455239,1.461431,-0.758623,0.117143,0.796369,0.086488
1659,1,-0.818471,-0.913841,1.959199,0.055585,0.050529,0.893887
1660,1,0.086113,0.163327,-0.397539,0.370810,0.400576,0.228615
1661,1,-1.653748,-3.525595,5.448693,0.000822,0.000127,0.999051
1662,1,-3.668558,1.526916,2.696476,0.001311,0.236624,0.762065
1663,1,2.531220,-4.539296,1.370107,0.761042,0.000647,0.238311
1664,1,-1.647909,0.260665,1.601249,0.029840,0.201225,0.768935
1665,1,-1.391984,-3.625919,5.109152,0.001499,0.000161,0.998340
1666,1,-1.761905,-2.652285,4.641112,0.001653,0.000678,0.997669
1667,1,-0.770992,-0.367580,1.227898,0.101237,0.151544,0.747218
1668,1,-0.912010,-0.047820,0.635608,0.123864,0.293941,0.582195
1669,1,-1.078289,-0.742634,1.915531,0.044721,0.062559,0.892720
1670,1,-2.433496,1.607971,1.203226,0.010430,0.593571,0.395999
1671,1,1.926505,-4.392564,1.779798,0.536093,0.000966,0.462941
1672,1,-2.287170,-3.054982,5.560846,0.000390,0.000181,0.999429
1673,1,1.209298,-4.851910,3.094544,0.131747,0.000307,0.867946
1674,1,-1.992082,-3.305566,5.585653,0.000511,0.000138,0.999351
1675,1,-2.032234,0.190510,2.227339,0.012344,0.113966,0.873690
1676,1,-0.662012,-3.683761,4.418390,0.006177,0.000301,0.993522
1677,1,-1.461963,1.308118,0.390708,0.042851,0.683896,0.273253
1678,1,-2.228528,-1.751894,4.304421,0.001449,0.002334,0.996217
1679,1,-2.906287,1.361946,1.950770,0.004974,0.355129,0.639896
1680,1,-1.464436,-1.007529,2.778258,0.013855,0.021880,0.964265
1681,1,-3.447202,-0.034175,3.855268,0.000660,0.020033,0.979307
1682,1,3.085853,-4.698654,0.872568,0.901098,0.000375,0.098527
1683,1,0.096834,-2.836067,2.742513,0.066023,0.003515,0.930462
1684,1,-1.670951,-1.860890,3.702718,0.004598,0.003803,0.991599
1685,1,-0.742598,-3.532561,4.497639,0.005269,0.000324,0.994407
1686,1,-0.650728,-3.871243,4.408988,0.006306,0.000252,0.993442
1687,1,0.011129,-2.849509,2.817310,0.056806,0.003251,0.939943
1688,1,-2.039594,-3.047720,5.388169,0.000594,0.000217,0.999189
1689,1,-1.170493,-1.222996,2.594537,0.022166,0.021032,0.956801
1690,1,-0.495014,-2.568633,3.472632,0.018523,0.002329,0.979148
1691,1,-2.713863,1.489067,1.584354,0.007070,0.472830,0.520101
1692,1,-2.033316,-3.114093,5.546848,0.000510,0.000173,0.999317
1693,1,-1.473809,-3.360852,5.077225,0.001426,0.000216,0.998358
1694,1,1.032329,0.866111,-2.192529,0.530047,0.448877,0.021075
1695,1,-0.061286,-3.358412,3.703493,0.022629,0.000837,0.976534
1696,1,-2.166595,-2.123856,4.597281,0.001152,0.001202,0.997646
1697,1,-0.822623,-0.109399,1.042680,0.105280,0.214831,0.679889
1698,1,-0.920979,-3.628772,4.542383,0.004220,0.000281,0.995498
1699,1,-1.521784,-3.308154,5.185431,0.001220,0.000204,0.998575
1700,1,-2.037662,-0.077706,2.350397,0.011289,0.080140,0.908571
1701,1,-2.873654,-0.210689,3.496500,0.001668,0.023918,0.974414
1702,1,-1.194411,2.172746,-0.662663,0.031548,0.914761,0.053691
1703,1,-0.158793,-3.519563,3.964530,0.015924,0.000553,0.983523
1704,1,-2.413807,-2.463430,5.141646,0.000523,0.000497,0.998980
1705,1,-3.308838,1.594882,2.260516,0.002512,0.338622,0.658866
1706,1,-0.649438,0.469078,0.312582,0.149761,0.458316,0.391922
1707,1,2.686261,-4.281117,0.878608,0.858383,0.000809,0.140808
1708,1,-0.136117,-1.744500,1.956078,0.107493,0.021521,0.870985
1709,1,-0.891369,-3.847663,4.917472,0.002991,0.000156,0.996853
1710,1,0.164345,-0.512810,0.306881,0.375763,0.190910,0.433327
1711,1,-2.104257,-3.073239,5.486517,0.000505,0.000192,0.999304
1712,1,-2.437137,-2.806632,5.548690,0.000340,0.000235,0.999425
1713,1,-1.475643,-2.807080,4.601460,0.002288,0.000604,0.997108
1714,1,-0.592058,-3.700313,4.301919,0.007433,0.000332,0.992234
1715,1,-3.333608,1.206385,2.642825,0.002046,0.191704,0.806250
1716,1,-2.363847,0.988324,1.748655,0.011030,0.315061,0.673910
1717,1,-2.536943,-1.972497,4.893482,0.000592,0.001041,0.998367
1718,1,-1.103434,-1.504180,2.709335,0.021301,0.014268,0.964431
1719,1,1.625525,-4.387010,1.858154,0.441626,0.001081,0.557293
1720,1,0.369440,-4.445018,3.960756,0.026817,0.000218,0.972966
1721,1,-1.635606,-1.489567,3.336695,0.006825,0.007898,0.985276
1722,1,-0.951568,-3.698160,4.647936,0.003685,0.000236,0.996078
1723,1,-1.025427,-2.833384,4.158350,0.005570,0.000913,0.993516
1724,1,-0.355045,-4.208600,4.446639,0.008148,0.000173,0.991680
1725,1,-1.656851,-2.547361,4.392935,0.002351,0.000965,0.996685
1726,1,1.655145,-3.664427,1.325506,0.580020,0.002839,0.417141
1727,1,0.384473,1.119201,-1.516902,0.309188,0.644631,0.046181
1728,1,-2.474868,0.859381,2.088343,0.008003,0.224551,0.767445
1729,1,2.182917,-5.108752,2.082325,0.524939,0.000358,0.474703
1730,1,-0.728397,-2.512833,3.261892,0.018103,0.003039,0.978857
1731,1,-1.514256,-2.995408,4.772121,0.001857,0.000422,0.997720
1732,1,-1.580443,0.668792,1.241368,0.036647,0.347426,0.615927
1733,1,-1.769258,1.986782,0.147430,0.019772,0.845811,0.134417
1734,1,-0.007270,-3.653508,3.640576,0.025369,0.000662,0.973969
1735,1,-2.787822,1.396607,1.879196,0.005779,0.379435,0.614786
1736,1,-1.974702,-3.117642,5.427712,0.000609,0.000194,0.999196
1737,1,-2.337010,0.706821,1.881987,0.011117,0.233300,0.755583
1738,1,-0.243958,-4.385284,4.368799,0.009825,0.000156,0.990018
1739,1,-1.480509,0.367818,1.408143,0.039497,0.250775,0.709728
1740,1,-2.423285,-2.453322,5.404461,0.000398,0.000386,0.999215
1741,1,-1.439112,-3.126597,4.410257,0.002872,0.000531,0.996597
1742,1,-0.469211,-3.042611,3.853605,0.013076,0.000997,0.985927
1743,1,-1.729863,1.709189,0.346826,0.024916,0.776307,0.198777
1744,1,-2.417506,1.043699,1.788913,0.010003,0.318645,0.671352
1745,1,-2.898787,1.173572,2.162141,0.004599,0.269948,0.725453
1746,1,2.758825,-4.013710,0.448425,0.908788,0.001040,0.090171
1747,1,-0.958387,-3.327694,4.156370,0.005968,0.000558,0.993473
1748,1,-3.747823,2.297418,2.116728,0.001290,0.544347,0.454363
1749,1,-3.848673,1.651692,2.753261,0.001018,0.249192,0.749790
1750,1,-1.998630,-2.642742,5.176439,0.000765,0.000401,0.998834
1751,1,-3.680014,0.832326,3.281904,0.000871,0.079400,0.919729
1752,1,-2.877097,0.256387,3.081754,0.002432,0.055833,0.941735
1753,1,-0.773251,-2.509592,3.562443,0.012894,0.002271,0.984834
1754,1,-1.625060,1.364563,0.582055,0.033369,0.663322,0.303309
1755,1,-1.882906,-3.050434,5.360490,0.000714,0.000222,0.999064
1756,1,-3.571560,2.508346,1.624438,0.001617,0.706487,0.291896
1757,1,-2.271110,-3.173555,5.640542,0.000366,0.000149,0.999485
1758,1,-3.568245,2.358795,1.652827,0.001782,0.668317,0.329901
1759,1,-0.767587,0.596201,0.270344,0.129293,0.505664,0.365043
1760,1,1.529418,-1.284953,-0.831797,0.866365,0.051932,0.081703
1761,1,-3.185767,-1.314786,5.167325,0.000235,0.001528,0.998237
1762,1,-0.295833,-2.202871,2.589753,0.052459,0.007791,0.939750
1763,1,-0.228491,-4.314793,4.351193,0.010152,0.000171,0.989677
1764,1,-0.230463,-0.736166,0.861842,0.218140,0.131556,0.650304
1765,1,-0.923525,0.786363,0.353945,0.098854,0.546500,0.354645
1766,1,1.193772,-3.860290,2.349602,0.239060,0.001526,0.759414
1767,1,-3.138521,0.807705,2.722033,0.002477,0.128177,0.869346
1768,1,0.555669,-2.820742,1.837875,0.215575,0.007366,0.777059
1769,1,-0.024021,-3.145746,3.179754,0.038957,0.001717,0.959326
1770,1,0.226659,-2.912683,2.439064,0.098222,0.004254,0.897523
1771,1,-0.582426,-3.398909,4.009262,0.010028,0.000600,0.989372
1772,1,-3.336018,-1.341793,4.856566,0.000276,0.002028,0.997696
1773,1,0.539982,-3.254151,2.778326,0.096151,0.002164,0.901685
1774,1,-0.732397,-3.858396,4.739723,0.004184,0.000184,0.995632
1775,1,-0.219457,1.534696,-1.250593,0.140151,0.809871,0.049978
1776,1,-2.894877,1.926307,1.459650,0.004928,0.611564,0.383509
1777,1,-0.728853,-4.340833,4.957137,0.003381,0.000091,0.996527
1778,1,-0.293078,-3.082030,3.587522,0.020196,0.001242,0.978562
1779,1,-1.290131,0.586860,1.016598,0.056898,0.371760,0.571342
1780,1,-1.247344,0.683749,0.847771,0.062409,0.430435,0.507156
1781,1,0.109656,0.915700,-0.900667,0.277536,0.621412,0.101051
1782,1,1.040304,-3.441880,1.880977,0.300369,0.003397,0.696234
1783,1,-0.512330,-3.999230,4.314862,0.007943,0.000243,0.991814
1784,1,-0.943718,0.232050,0.898735,0.094763,0.307092,0.598145
1785,1,3.305006,-3.842531,-0.305416,0.972926,0.000765,0.026308
1786,1,-3.366139,0.797562,2.871199,0.001734,0.111492,0.886774
1787,1,1.024005,-0.377029,-0.836115,0.713269,0.175708,0.111023
1788,1,0.620248,-3.628274,2.733019,0.107696,0.001538,0.890766
1789,1,-1.464436,-1.007529,2.778258,0.013855,0.021880,0.964265
1790,1,-0.280366,-3.634028,3.527966,0.021687,0.000758,0.977555
1791,1,1.677386,-4.773632,2.409690,0.324523,0.000512,0.674965
1792,1,-2.083816,-1.516723,3.692686,0.003073,0.005418,0.991508
1793,1,-1.838204,-3.102943,5.318522,0.000779,0.000220,0.999001
1794,1,-2.501244,-0.079244,2.905984,0.004250,0.047893,0.947857
1795,1,-3.248706,-0.721589,4.173565,0.000593,0.007423,0.991984
1796,1,-2.479216,0.056717,2.731561,0.005080,0.064147,0.930774
1797,1,-2.652715,0.733052,2.099922,0.006829,0.201739,0.791432
1798,1,-1.782493,1.831266,0.293785,0.021701,0.805236,0.173063
1799,1,-1.651223,-2.192976,4.083736,0.003215,0.001870,0.994915
1800,1,-4.051969,0.830729,3.685099,0.000412,0.054433,0.945154
1801,1,2.754549,-3.553693,0.341966,0.916250,0.001669,0.082081
1802,1,-2.254577,0.438125,2.129738,0.010422,0.153943,0.835636
1803,1,-1.955945,-2.913177,5.031226,0.000922,0.000354,0.998723
1804,1,-1.118649,-3.498646,4.618242,0.003213,0.000297,0.996489
1805,1,-2.233690,-0.665697,3.091426,0.004734,0.022710,0.972556
1806,1,-2.000294,1.945455,0.341570,0.015844,0.819370,0.164786
1807,1,-0.707192,-3.314016,3.843273,0.010444,0.000770,0.988786
1808,1,-1.028642,-1.321381,2.479355,0.028468,0.021243,0.950289
1809,1,-1.899917,-2.869150,5.219098,0.000809,0.000307,0.998885
1810,1,-1.464436,-1.007529,2.778258,0.013855,0.021880,0.964265
1811,1,0.559815,0.620528,-1.316649,0.451320,0.479570,0.069111
1812,1,-0.871192,-1.400968,2.299892,0.039336,0.023159,0.937505
1813,1,-1.377096,-1.968040,3.550501,0.007163,0.003967,0.988870
1814,1,-3.321533,-0.147301,3.663965,0.000904,0.021622,0.977474
1815,1,0.176188,-4.669242,4.301427,0.015901,0.000125,0.983974
1816,1,-2.556575,0.913930,1.941147,0.008132,0.261480,0.730387
1817,1,-0.328156,-0.825443,1.399097,0.138248,0.084080,0.777672
1818,1,-0.432547,-0.206029,0.531467,0.205068,0.257202,0.537730
1819,1,1.188565,-4.881331,3.312632,0.106753,0.000247,0.893000
1820,1,-0.656273,-3.315848,4.195880,0.007747,0.000542,0.991711
1821,1,-3.448177,-0.236390,4.246114,0.000450,0.011174,0.988376
1822,1,-0.841514,1.286020,-0.223971,0.088901,0.746245,0.164854
1823,1,-0.927642,-4.131887,5.108131,0.002386,0.000097,0.997517
1824,1,4.020839,-3.359456,-1.289573,0.994467,0.000620,0.004913
1825,1,-0.762293,-1.033713,1.913104,0.061424,0.046823,0.891754
1826,1,-1.270887,-3.974026,5.390421,0.001278,0.000086,0.998637
1827,1,-2.217580,-2.825960,5.427269,0.000478,0.000260,0.999262
1828,1,1.459940,-4.831136,2.869194,0.196280,0.000364,0.803356
1829,1,-0.888224,-2.858582,3.346019,0.014255,0.001987,0.983757
1830,1,-2.320512,-1.052807,3.772761,0.002235,0.007940,0.989825
1831,1,0.460441,-2.185922,1.727312,0.216420,0.015346,0.768234
1832,1,-1.064548,1.819143,-0.434857,0.048176,0.861396,0.090428
1833,1,-1.503562,-3.264803,5.172429,0.001259,0.000216,0.998525
1834,1,-1.799126,-3.213898,5.185824,0.000925,0.000225,0.998851
1835,1,-1.200233,1.491984,0.011150,0.052294,0.772094,0.175611
1836,1,-0.276365,0.840412,-0.672376,0.211506,0.646150,0.142344
1837,1,-2.397999,-1.778611,4.501089,0.001006,0.001869,0.997126
1838,1,3.039777,-3.632093,-0.020857,0.954086,0.001208,0.044707
1839,1,0.478842,-3.950919,3.277939,0.057334,0.000683,0.941983
1840,1,-1.905794,-1.391129,3.486876,0.004495,0.007521,0.987984
1841,1,-1.649649,-2.962067,4.937185,0.001376,0.000370,0.998254
1842,1,-0.004318,0.674661,-0.529470,0.280636,0.553377,0.165987
1843,1,-1.056304,-2.331657,3.974338,0.006480,0.001810,0.991709
1844,1,-3.926092,1.919640,2.474225,0.001054,0.364417,0.634529
1845,1,-1.274384,1.393936,0.133856,0.051270,0.739098,0.209631
1846,1,-2.000294,1.945455,0.341570,0.015844,0.819370,0.164786
1847,1,-0.841494,-3.129318,4.293835,0.005847,0.000593,0.993559
1848,1,-2.367847,-2.079810,4.713614,0.000839,0.001119,0.998042
1849,1,-1.464436,-1.007529,2.778258,0.013855,0.021880,0.964265
1850,1,-0.533438,-4.140021,4.533169,0.006263,0.000170,0.993567
1851,1,2.527659,-1.168619,-2.108385,0.966640,0.023988,0.009373
1852,1,0.707546,-3.476799,2.891769,0.101021,0.001539,0.897441
1853,1,-2.997942,-0.900010,4.217364,0.000730,0.005952,0.993318
1854,1,-1.150651,-1.195515,2.399070,0.027204,0.026010,0.946786
1855,1,-2.696178,1.504859,1.744925,0.006552,0.437385,0.556063
1856,1,-2.027902,-1.916399,4.225704,0.001916,0.002142,0.995943
1857,1,-3.349545,2.034171,1.934899,0.002403,0.523536,0.474060
1858,1,-3.281240,-0.447255,4.051281,0.000646,0.010996,0.988358
1859,1,2.888547,0.095339,-3.827426,0.941233,0.057627,0.001140
1860,1,1.288510,-0.480634,-1.478485,0.810813,0.138227,0.050960
1861,1,0.273070,-1.289233,0.765043,0.351470,0.073687,0.574843
1862,1,-1.428350,0.737951,0.960682,0.048476,0.422997,0.528528
1863,1,1.310151,-1.738730,0.071894,0.747775,0.035453,0.216772
1864,1,0.671442,-2.965614,1.852036,0.233501,0.006148,0.760351
1865,1,-3.380388,0.285429,3.537791,0.000952,0.037207,0.961841
1866,1,-2.583628,-1.724881,4.778883,0.000633,0.001495,0.997872
1867,1,-1.398137,-1.790926,3.445651,0.007775,0.005249,0.986976
1868,1,-3.007475,0.308408,3.124920,0.002045,0.056323,0.941632
1869,1,1.371953,-4.750955,3.032902,0.159579,0.000350,0.840071
1870,1,-0.723364,-2.100996,2.861384,0.026812,0.006761,0.966426
1871,1,-1.428138,-2.215549,3.971051,0.004491,0.002043,0.993466
1872,1,-1.631050,-3.018220,4.918664,0.001428,0.000357,0.998215
1873,1,-1.123733,-3.069253,4.519798,0.003526,0.000504,0.995970
1874,1,0.622115,-2.967532,2.197494,0.170643,0.004711,0.824646
1875,1,2.165239,-4.577300,1.969231,0.548491,0.000647,0.450862
1876,1,0.497468,-3.708815,3.065790,0.071130,0.001060,0.927810
1877,1,-1.886252,-0.693852,2.733075,0.009459,0.031167,0.959374
1878,1,-1.997905,-2.728918,4.968627,0.000942,0.000453,0.998605
1879,1,-0.453196,-2.546886,2.777602,0.037846,0.004664,0.957491
1880,1,1.422905,-3.989521,2.373239,0.278471,0.001242,0.720286
1881,1,-3.047483,1.610378,1.952012,0.003925,0.413782,0.582293
1882,1,-0.440456,1.778508,-1.093281,0.093298,0.858134,0.048568
1883,1,-0.140582,-4.347739,4.404621,0.010505,0.000156,0.989339
1884,1,-1.759537,1.230909,0.863968,0.028836,0.573685,0.397478
1885,1,-0.255549,-2.800451,2.966540,0.038228,0.003000,0.958772
1886,1,-2.406980,-2.951591,5.696104,0.000302,0.000175,0.999522
1887,1,-0.912178,0.486722,0.641248,0.102266,0.414255,0.483479
1888,1,-0.377490,-3.049688,3.745228,0.015925,0.001100,0.982975
1889,1,2.034061,1.243973,-3.928478,0.686635,0.311598,0.001767
1890,1,-1.870509,-1.146557,3.161553,0.006397,0.013195,0.980407
1891,1,0.534044,-4.074660,3.393526,0.054164,0.000540,0.945296
1892,1,-0.851062,-3.753466,4.533072,0.004567,0.000251,0.995183
1893,1,-2.436597,-0.007572,2.824800,0.004876,0.055329,0.939796
1894,1,-0.882950,-3.420405,4.549032,0.004354,0.000344,0.995302
1895,1,1.551793,-3.930313,2.004766,0.388027,0.001614,0.610359
1896,1,-2.318052,1.713448,0.975877,0.011863,0.668439,0.319697
1897,1,-0.016677,-4.399368,4.252286,0.013801,0.000172,0.986027
1898,1,3.048032,-4.260393,0.522182,0.925360,0.000620,0.074020
1899,1,-0.724707,-2.782216,3.801704,0.010689,0.001366,0.987945
1900,1,0.680888,-4.318049,3.174842,0.076244,0.000514,0.923242
1901,1,-0.853147,-4.258862,4.939950,0.003039,0.000101,0.996860
1902,1,-0.040962,-0.901316,0.935952,0.245143,0.103698,0.651159
1903,1,-2.450731,-2.399049,5.205684,0.000473,0.000498,0.999030
1904,1,-1.346450,0.572383,1.053047,0.053105,0.361804,0.585091
1905,1,-1.361977,-3.493883,5.005982,0.001712,0.000203,0.998085
1906,1,-2.694254,1.292773,1.840490,0.006752,0.363920,0.629327
1907,1,-2.349944,0.196077,2.266712,0.008702,0.111009,0.880288
1908,1,0.139145,-4.254037,4.173677,0.017383,0.000215,0.982403
1909,1,-3.091893,1.840514,1.774985,0.003709,0.514461,0.481830
1910,1,-2.406254,1.863549,1.018875,0.009687,0.692673,0.297640
1911,1,-1.439757,-3.182614,4.839313,0.001871,0.000327,0.997801
1912,1,-0.974848,-3.763367,4.845016,0.002959,0.000182,0.996859
1913,1,-0.958680,0.852256,0.247876,0.095619,0.584825,0.319556
1914,1,2.508370,-4.671755,1.274275,0.774078,0.000590,0.225333
1915,1,-2.685871,0.416392,2.835672,0.003659,0.081415,0.914925
1916,1,-0.661729,1.264277,-0.348705,0.108347,0.743483,0.148170
1917,1,-2.725562,-1.220098,4.285733,0.000897,0.004043,0.995060
1918,1,-2.318414,-2.552675,5.137872,0.000577,0.000457,0.998966
1919,1,0.076360,-2.876412,3.090714,0.046668,0.002436,0.950897
1920,1,3.767646,-2.405988,-1.748878,0.993933,0.002071,0.003995
1921,1,1.023353,-1.244935,-0.526410,0.760001,0.078652,0.161347
1922,1,-1.555382,-1.090140,2.680808,0.013940,0.022198,0.963862
1923,1,-1.409947,0.377432,1.220648,0.047948,0.286432,0.665619
1924,1,-3.547239,0.749145,3.402185,0.000895,0.065743,0.933362
1925,1,-2.276004,-2.814827,5.356124,0.000484,0.000283,0.999233
1926,1,-2.513581,0.739386,1.818900,0.009709,0.251136,0.739156
1927,1,-0.730551,-1.426169,2.404069,0.040852,0.020376,0.938773
1928,1,-1.351482,-3.050648,4.682833,0.002388,0.000437,0.997175
1929,1,1.291826,-2.943147,1.186804,0.522252,0.007562,0.470186
1930,1,-2.372426,-2.669689,5.362527,0.000437,0.000325,0.999238
1931,1,-2.847621,-1.645939,4.744054,0.000504,0.001675,0.997822
1932,1,2.862647,-5.049641,1.518031,0.793018,0.000290,0.206692
1933,1,-1.681278,1.503994,0.475593,0.029570,0.714824,0.255606
1934,1,-1.145770,-3.280224,4.675660,0.002954,0.000349,0.996697
1935,1,-2.023676,0.802861,1.532868,0.018893,0.319049,0.662057
1936,1,2.208155,-4.117315,1.396124,0.691685,0.001238,0.307077
1937,1,-2.000294,1.945455,0.341570,0.015844,0.819370,0.164786
1938,1,-3.720812,1.847760,2.458175,0.001341,0.351492,0.647166
1939,1,2.857407,-4.852637,1.209861,0.838244,0.000376,0.161380
1940,1,-0.315303,-3.748101,4.253162,0.010264,0.000331,0.989405
1941,1,-0.999822,-2.877287,3.592917,0.010008,0.001531,0.988461
1942,1,2.810979,-4.695662,1.166501,0.837758,0.000460,0.161782
1943,1,-0.131498,-3.114294,3.243901,0.033018,0.001672,0.965310
1944,1,-0.657176,0.114591,0.710102,0.141079,0.305236,0.553685
1945,1,-1.357813,-1.135560,2.821012,0.014806,0.018492,0.966702
1946,1,-2.392771,-2.537639,5.273685,0.000468,0.000405,0.999127
1947,1,-2.275427,-2.748009,5.281513,0.000522,0.000325,0.999153
1948,1,-1.437985,-0.159571,1.772963,0.034021,0.122168,0.843811
1949,1,-2.098627,-3.027639,5.442700,0.000530,0.000209,0.999260
1950,1,-0.160352,-3.852025,4.023295,0.015008,0.000374,0.984617
1951,1,1.381506,-4.362786,2.760029,0.201117,0.000644,0.798239
1952,1,-1.872053,-1.990620,4.281623,0.002117,0.001880,0.996002
1953,1,-1.953745,-2.180080,4.313341,0.001891,0.001508,0.996601
1954,1,-2.000294,1.945455,0.341570,0.015844,0.819370,0.164786
1955,1,-1.735321,-0.985072,2.810572,0.010271,0.021749,0.967980
1956,1,-2.233871,-2.560153,5.156478,0.000617,0.000445,0.998939
1957,1,-1.576554,-2.700312,4.213207,0.003046,0.000990,0.995963
1958,1,0.616985,-3.601677,2.792269,0.101839,0.001499,0.896662
1959,1,2.662570,-4.232134,0.867578,0.856794,0.000868,0.142338
1960,1,2.569351,-3.842780,0.369176,0.898937,0.001476,0.099588
1961,1,-2.427852,-0.354182,3.014073,0.004169,0.033164,0.962667
1962,1,-2.000294,1.945455,0.341570,0.015844,0.819370,0.164786
1963,1,1.760123,-4.533239,2.023639,0.434151,0.000803,0.565047
1964,1,-2.614133,-2.084402,5.174259,0.000414,0.000703,0.998883
1965,1,-2.906792,0.024827,3.231609,0.002070,0.038831,0.959099
1966,1,-2.352428,-2.391795,5.142098,0.000556,0.000534,0.998910
1967,1,-2.431638,-2.701971,5.305144,0.000436,0.000333,0.999231
1968,1,-2.366737,-0.347520,3.024312,0.004387,0.033042,0.962571
1969,1,-1.484256,-3.541494,5.311368,0.001117,0.000143,0.998740
1970,1,-1.970054,0.746286,1.504118,0.020663,0.312523,0.666814
1971,1,-1.755203,-3.121988,4.939741,0.001235,0.000315,0.998450
1972,1,0.501710,-3.478256,3.029592,0.073825,0.001380,0.924796
1973,1,1.603753,-3.909834,1.972945,0.408064,0.001645,0.590291
1974,1,0.101227,-4.437276,4.001453,0.019832,0.000212,0.979956
1975,1,-1.204275,-2.365264,3.540517,0.008599,0.002693,0.988708
1976,1,-0.238285,-1.422563,1.637738,0.127657,0.039059,0.833284
1977,1,1.533102,-3.232322,1.613928,0.477851,0.004071,0.518078
1978,1,-1.986820,-2.823795,5.089060,0.000844,0.000366,0.998790
1979,1,-1.086684,0.321263,1.034339,0.074476,0.304423,0.621101
1980,1,-0.652697,-1.131257,1.463963,0.100776,0.062448,0.836776
1981,1,-1.740033,-2.115771,4.235813,0.002529,0.001737,0.995735
1982,1,0.553465,1.379492,-2.025898,0.297615,0.679819,0.022566
1983,1,-1.842036,-3.172428,5.467354,0.000669,0.000177,0.999155
1984,1,-1.697931,-3.545888,5.393240,0.000832,0.000131,0.999037
1985,1,0.941942,-4.334395,3.251154,0.090321,0.000462,0.909217
1986,1,-1.807996,-3.253953,5.427999,0.000720,0.000169,0.999111
1987,1,-1.992082,-3.305566,5.585653,0.000511,0.000138,0.999351
1988,1,0.555298,-3.024581,2.095981,0.175572,0.004895,0.819533
1989,1,-0.147110,-1.619701,1.677061,0.134644,0.030878,0.834478
1990,1,-1.883436,-0.036888,2.208644,0.014880,0.094311,0.890809
1991,1,-1.259774,-1.672303,3.221147,0.011114,0.007357,0.981529
1992,1,-1.971429,1.341643,0.947609,0.021280,0.584544,0.394176
1993,1,1.031781,-4.141694,2.439411,0.196389,0.001113,0.802498
1994,1,-1.032089,-0.533109,1.491072,0.066160,0.108967,0.824873
1995,1,-0.637062,1.414706,-0.518964,0.100939,0.785469,0.113592
1996,1,2.596415,-2.391779,-1.000275,0.966901,0.006592,0.026507
1997,1,-1.825576,-2.806543,4.862625,0.001243,0.000466,0.998290
1998,1,-3.442174,1.695067,2.323562,0.002039,0.347143,0.650818
1999,1,-2.452593,1.885836,1.053432,0.009017,0.690580,0.300404
2000,1,-2.315667,1.231941,1.516333,0.012212,0.424134,0.563654
2001,1,-0.106650,-4.330389,4.311404,0.011912,0.000174,0.987914
2002,1,-0.981904,-3.573807,4.756317,0.003209,0.000240,0.996550
2003,1,-1.070606,0.479733,0.403894,0.099187,0.467477,0.433335
2004,1,3.980721,-4.188990,-0.882957,0.992058,0.000281,0.007661
2005,1,0.451515,-3.854977,3.371435,0.051142,0.000689,0.948168
2006,1,-2.685471,-1.429424,4.312725,0.000910,0.003195,0.995896
2007,1,-3.361896,0.907947,2.959087,0.001591,0.113756,0.884653
2008,1,-0.181162,-3.723843,4.030430,0.014600,0.000422,0.984977
2009,1,-2.517081,-2.520832,5.330556,0.000390,0.000389,0.999221
2010,1,-0.505504,-0.006615,0.576903,0.178614,0.294158,0.527228
2011,1,-0.739450,-2.237766,3.165038,0.019666,0.004396,0.975938
2012,1,-0.059296,-3.791005,3.572651,0.025766,0.000617,0.973616
2013,1,-0.238563,-1.734284,1.910349,0.102045,0.022867,0.875088
2014,1,-2.780316,1.793380,1.170943,0.006671,0.646431,0.346898
2015,1,-2.471659,-2.982689,5.826513,0.000249,0.000149,0.999602
2016,1,-0.497289,-3.123972,3.410298,0.019665,0.001422,0.978913
2017,1,-2.537426,0.471907,2.341813,0.006544,0.132679,0.860777
2018,1,-3.464999,-0.251324,4.195669,0.000465,0.011573,0.987962
2019,1,-2.494092,1.430410,1.455649,0.009657,0.488923,0.501420
2020,1,-0.661729,1.264277,-0.348705,0.108347,0.743483,0.148170
2021,1,-0.661729,1.264277,-0.348705,0.108347,0.743483,0.148170
2022,1,-3.072599,0.764552,2.641562,0.002853,0.132354,0.864793
2023,1,-2.368775,-1.502720,4.317634,0.001243,0.002954,0.995803
2024,1,2.205749,-3.845548,0.943794,0.777935,0.001832,0.220233
2025,1,0.778398,-3.488560,2.956765,0.101565,0.001424,0.897011
2026,1,0.242430,-4.200752,3.888124,0.025432,0.000299,0.974269
2027,1,-0.366529,-4.393789,4.620099,0.006782,0.000121,0.993098
2028,1,-1.086019,-1.405479,2.084333,0.039151,0.028445,0.932405
2029,1,-2.520839,0.667697,2.089548,0.007951,0.192826,0.799223
2030,1,-2.731439,-1.465594,4.573289,0.000670,0.002377,0.996953
2031,1,-2.096172,-2.599502,4.923389,0.000893,0.000540,0.998567
2032,1,0.524044,0.959303,-1.642071,0.375942,0.580967,0.043091
2033,1,-1.769666,-3.046321,4.981345,0.001168,0.000326,0.998506
2034,1,2.034202,-5.257147,2.484803,0.389115,0.000265,0.610620
2035,1,-1.833126,-0.793085,2.941106,0.008180,0.023144,0.968676
2036,1,-0.661157,1.022251,-0.089298,0.122618,0.660158,0.217224
2037,1,1.385011,-2.844853,1.303290,0.516507,0.007517,0.475976
2038,1,-1.162221,-2.878390,4.255458,0.004414,0.000793,0.994792
2039,1,1.017029,-1.655647,0.316421,0.638834,0.044122,0.317043
2040,1,0.807385,-4.082898,2.824057,0.117360,0.000882,0.881758
2041,1,-1.540106,-3.214941,5.019032,0.001415,0.000265,0.998320
2042,1,-2.061071,-2.258454,4.619326,0.001252,0.001028,0.997719
2043,1,0.569505,-3.910378,3.208443,0.066624,0.000755,0.932621
2044,1,-1.971639,-3.392537,5.614305,0.000507,0.000122,0.999370
2045,1,-1.768671,-2.197801,4.237543,0.002453,0.001597,0.995949
2046,1,1.068866,-4.915940,3.351356,0.092562,0.000233,0.907205
2047,1,-3.543463,1.718615,2.358980,0.001786,0.344547,0.653666
2048,1,-1.464436,-1.007529,2.778258,0.013855,0.021880,0.964265
2049,1,-1.636533,0.544907,1.388665,0.032833,0.290870,0.676297
2050,1,-2.000294,1.945455,0.341570,0.015844,0.819370,0.164786
2051,1,0.515506,-4.493030,3.567866,0.045102,0.000301,0.954597
2052,1,-1.752674,0.942497,1.093755,0.030272,0.448264,0.521464
2053,1,-3.474636,0.296436,3.355108,0.001032,0.044798,0.954170
2054,1,-1.497668,-3.547099,5.244713,0.001178,0.000152,0.998670
2055,1,-0.138301,-0.632746,0.864138,0.230690,0.140700,0.628611
2056,1,-1.901064,-2.123648,4.232653,0.002160,0.001729,0.996111
2057,1,-1.789441,-3.030200,5.098372,0.001019,0.000295,0.998687
2058,1,-2.308601,0.408908,2.268293,0.008822,0.133586,0.857592
2059,1,-2.354972,-1.725141,4.228459,0.001378,0.002586,0.996036
2060,1,-1.743878,-0.901323,3.102203,0.007659,0.017787,0.974554
2061,1,-0.697562,1.576104,-0.578533,0.084450,0.820426,0.095124
2062,1,-1.658458,-2.945061,4.525651,0.002057,0.000568,0.997375
2063,1,-2.930672,1.196992,2.096304,0.004640,0.287850,0.707510
2064,1,-0.495814,-3.137238,3.845455,0.012841,0.000915,0.986244
2065,1,-0.112604,-2.791133,2.993400,0.042735,0.002934,0.954331
2066,1,-1.841074,-3.179432,5.258945,0.000824,0.000216,0.998960
2067,1,0.757263,-2.646624,2.042530,0.215106,0.007151,0.777743
2068,1,0.891466,-2.460196,1.587970,0.328758,0.011515,0.659727
2069,1,-1.608963,-2.222713,4.328936,0.002627,0.001422,0.995951
2070,1,-3.145894,-1.023164,4.652120,0.000409,0.003417,0.996174
2071,1,-2.000294,1.945455,0.341570,0.015844,0.819370,0.164786
2072,1,-1.428678,-2.890332,4.575350,0.002461,0.000571,0.996968
2073,1,0.677354,-2.136013,0.882586,0.437099,0.026227,0.536674
2074,1,0.610682,-4.378321,3.466189,0.054377,0.000370,0.945252
2075,1,-1.604711,-2.839190,4.645294,0.001926,0.000560,0.997514
2076,1,2.437940,-5.005593,1.852156,0.642156,0.000376,0.357468
2077,1,-0.642742,1.258603,-0.465581,0.112502,0.753190,0.134308
2078,1,-1.896906,-1.706196,3.888594,0.003051,0.003692,0.993257
2079,1,-1.580253,-3.517647,5.293971,0.001033,0.000149,0.998818
2080,1,-1.464436,-1.007529,2.778258,0.013855,0.021880,0.964265
2081,1,-2.345731,-2.418509,5.236043,0.000509,0.000473,0.999017
2082,1,-1.385292,-2.903777,4.410058,0.003030,0.000664,0.996306
2083,1,0.883722,-3.766756,2.673211,0.142940,0.001366,0.855694
2084,1,0.899575,-4.470565,3.220882,0.089336,0.000416,0.910248
2085,1,-1.795613,-2.650259,4.866550,0.001276,0.000543,0.998181
2086,1,-2.539957,-2.140056,5.118487,0.000471,0.000703,0.998825
2087,1,-0.351793,-2.984070,3.432661,0.022181,0.001595,0.976224
2088,1,-3.491151,1.016403,2.954718,0.001385,0.125659,0.872956
2089,1,-1.742155,-3.297640,5.329948,0.000848,0.000179,0.998973
2090,1,0.532544,-4.223612,3.475604,0.050044,0.000430,0.949526
2091,1,-1.567265,-2.952135,4.906236,0.001541,0.000386,0.998073
2092,1,1.952234,-3.199693,0.419594,0.818496,0.004738,0.176766
2093,1,-1.268972,-1.511299,2.935005,0.014548,0.011417,0.974034
2094,1,0.046252,1.604328,-1.731632,0.168957,0.802490,0.028553
2095,1,-1.862313,-0.370167,2.471869,0.012239,0.054420,0.933341
2096,1,-2.606817,-1.758305,4.554702,0.000774,0.001808,0.997418
2097,1,-3.435444,2.339328,1.402172,0.002226,0.716926,0.280848
2098,1,-0.025118,-1.112778,0.700434,0.293869,0.099035,0.607096
2099,1,-2.600442,-1.565191,4.555188,0.000778,0.002191,0.997031
2100,1,-2.257158,-0.279163,2.878262,0.005613,0.040571,0.953816
2101,1,-2.490081,-2.168617,5.003914,0.000556,0.000766,0.998678
2102,1,-1.900362,-1.423496,3.632325,0.003915,0.006307,0.989778
2103,1,-2.310756,-2.531754,5.200672,0.000546,0.000438,0.999016
2104,1,-2.815333,0.975586,2.288988,0.004761,0.210909,0.784330
2105,1,-2.117421,-0.727070,3.167805,0.004940,0.019842,0.975218
2106,1,0.065948,-0.702569,0.568714,0.320823,0.148765,0.530412
2107,1,-3.756444,1.302210,2.731958,0.001226,0.192901,0.805873
2108,1,-0.163314,0.015991,0.126196,0.283113,0.338712,0.378175
2109,1,-1.094614,-1.526595,3.021449,0.015881,0.010311,0.973808
2110,1,1.637091,-3.522846,1.459884,0.542491,0.003115,0.454394
2111,1,-1.014449,-1.547250,2.701361,0.023431,0.013753,0.962816
2112,1,0.383216,-3.048579,2.263857,0.131752,0.004259,0.863989
2113,1,-0.488609,-2.024638,2.384138,0.052908,0.011388,0.935705
2114,1,0.590009,-3.786213,2.960449,0.085363,0.001073,0.913564
2115,1,-1.749190,-3.050021,5.142968,0.001014,0.000276,0.998709
2116,1,-1.507404,-3.331101,4.876630,0.001685,0.000272,0.998043
2117,1,-2.170415,-1.938015,4.403150,0.001392,0.001757,0.996851
2118,1,-0.864867,-2.675134,3.910059,0.008357,0.001367,0.990276
2119,1,-0.997748,-3.856206,4.943613,0.002621,0.000150,0.997228
2120,1,1.569697,-4.490455,2.387124,0.306091,0.000714,0.693194
2121,1,-2.804272,-1.823746,5.018572,0.000400,0.001066,0.998534
2122,1,-0.914446,0.750520,0.405935,0.099698,0.526951,0.373352
2123,1,-2.702159,-2.311788,5.327672,0.000325,0.000481,0.999194
2124,1,-1.563462,-2.841217,4.727432,0.001849,0.000515,0.997636
2125,1,-2.612510,-0.806929,3.628676,0.001921,0.011687,0.986392
2126,1,-1.568420,-0.442476,2.208970,0.020927,0.064521,0.914552
2127,1,-1.498049,-3.175857,5.076982,0.001392,0.000260,0.998348
2128,1,-3.310951,0.220692,3.458585,0.001104,0.037723,0.961174
2129,1,-2.373023,0.543965,2.011658,0.010030,0.185415,0.804555
2130,1,-1.343390,-3.443209,4.945181,0.001854,0.000227,0.997919
2131,1,-2.474466,0.437418,2.325947,0.007095,0.130480,0.862425
2132,1,-2.761776,1.787628,1.490450,0.006030,0.570293,0.423677
2133,1,0.407813,-4.897225,3.984309,0.027209,0.000135,0.972656
2134,1,-1.837947,0.117085,1.995423,0.018422,0.130137,0.851440
2135,1,-2.024410,-0.966176,3.267160,0.004937,0.014226,0.980837
2136,1,-2.050418,-3.003783,5.372129,0.000597,0.000230,0.999173
2137,1,-2.172248,-2.651088,5.232817,0.000608,0.000376,0.999016
2138,1,-2.000294,1.945455,0.341570,0.015844,0.819370,0.164786
2139,1,-3.159646,-0.593896,4.142695,0.000668,0.008686,0.990646
2140,1,-2.402233,-2.190505,4.958506,0.000635,0.000785,0.998581
2141,1,-3.144654,1.440735,2.147691,0.003357,0.329163,0.667480
2142,1,-1.552060,-3.420556,4.948059,0.001501,0.000232,0.998268
2143,1,-2.669394,-2.178863,5.419573,0.000307,0.000501,0.999193
2144,1,-0.818238,1.473732,-0.538595,0.081853,0.809884,0.108263
2145,1,-2.032559,-2.216441,4.544706,0.001388,0.001155,0.997457
2146,1,-0.976926,-0.599827,1.763282,0.055716,0.081236,0.863048
2147,1,-1.949886,1.743791,0.458603,0.019117,0.768357,0.212526
2148,1,-0.123671,-3.206380,3.340524,0.030306,0.001389,0.968305
2149,1,0.789583,-4.369377,3.461402,0.064633,0.000371,0.934996
2150,1,1.450917,-4.806702,2.793784,0.206957,0.000396,0.792647
2151,1,-1.751091,-0.862164,2.742393,0.010768,0.026194,0.963038
2152,1,-0.742472,1.569186,-0.587949,0.081578,0.823213,0.095209
2153,1,-1.125171,0.094667,1.249813,0.066061,0.223725,0.710213
2154,1,-1.800469,1.452488,0.674441,0.025808,0.667574,0.306618
2155,1,-0.771104,1.167626,-0.133282,0.101603,0.706129,0.192268
2156,1,-2.123962,-0.483912,2.687897,0.007745,0.039929,0.952326
2157,1,-0.335567,-2.906951,2.992369,0.034534,0.002639,0.962827
2158,1,-1.656851,-2.547361,4.392935,0.002351,0.000965,0.996685
2159,1,-1.742783,0.741022,1.367968,0.028229,0.338374,0.633397
2160,1,1.561222,-1.574552,-0.540744,0.857867,0.037288,0.104845
2161,1,-0.768503,-3.525348,4.082952,0.007753,0.000492,0.991755
2162,1,-0.490589,-1.860175,2.434642,0.050270,0.012779,0.936951
2163,1,-1.234828,-3.422876,4.613494,0.002876,0.000322,0.996802
2164,1,1.535268,-2.486407,0.520671,0.724390,0.012983,0.262627
2165,1,-0.661729,1.264277,-0.348705,0.108347,0.743483,0.148170
2166,1,-0.701070,-1.778821,2.661037,0.033123,0.011274,0.955603
2167,1,-1.077442,-2.592297,3.950029,0.006503,0.001430,0.992067
2168,1,-0.573803,-0.224055,0.890791,0.148269,0.210351,0.641380
2169,1,0.805599,-4.297687,3.214319,0.082469,0.000501,0.917030
2170,1,3.329483,-4.880569,0.487993,0.944634,0.000257,0.055109
2171,1,0.772036,-3.301701,2.090925,0.210248,0.003577,0.786174
2172,1,-2.934301,-1.118531,4.378490,0.000664,0.004080,0.995257
2173,1,-2.660230,-1.197323,4.386139,0.000867,0.003742,0.995391
2174,1,-1.742332,0.257324,1.759621,0.024058,0.177703,0.798240
2175,1,-0.782761,0.251693,0.423891,0.139746,0.393185,0.467070
2176,1,-0.483929,-4.399764,4.686042,0.005652,0.000113,0.994235
2177,1,-0.968268,-0.738523,1.744283,0.057717,0.072624,0.869659
2178,1,-1.464436,-1.007529,2.778258,0.013855,0.021880,0.964265
2179,1,-1.743581,-2.327504,4.321279,0.002315,0.001291,0.996394
2180,1,-0.121430,-4.468308,4.511067,0.009635,0.000125,0.990240
2181,1,1.590034,-4.555873,2.259111,0.338458,0.000725,0.660817
2182,1,-1.639000,0.144657,1.805132,0.026132,0.155525,0.818343
2183,1,0.311299,-0.085364,-0.587186,0.480828,0.323386,0.195786
2184,1,-1.786621,1.349002,0.679499,0.027949,0.642907,0.329144
2185,1,-1.441517,-2.439998,4.024559,0.004203,0.001549,0.994248
2186,1,-2.179796,0.990549,1.503340,0.015483,0.368740,0.615776
2187,1,-1.084116,-2.180966,3.348815,0.011694,0.003905,0.984401
2188,1,-2.620872,-2.586678,5.482165,0.000302,0.000313,0.999385
2189,1,0.406963,-3.481306,3.103992,0.063067,0.001292,0.935641
2190,1,-1.410502,-1.093139,2.911810,0.012864,0.017669,0.969467
2191,1,0.228999,-3.712750,3.479590,0.037279,0.000724,0.961998
2192,1,-1.731878,-3.302483,5.315666,0.000869,0.000181,0.998951
2193,1,-1.483989,-3.162625,4.786043,0.001888,0.000352,0.997760
2194,1,-2.888741,-1.740089,5.031083,0.000363,0.001145,0.998492
2195,1,0.819260,-2.436265,1.526780,0.325997,0.012571,0.661432
2196,1,-1.908710,-2.472635,4.426592,0.001768,0.001006,0.997227
2197,1,0.476466,-4.510704,3.745812,0.036629,0.000250,0.963121
2198,1,-1.862126,-1.464258,3.820616,0.003376,0.005025,0.991599
2199,1,-0.716875,-4.073679,4.886927,0.003670,0.000128,0.996202
2200,1,-0.483837,-3.395604,4.093391,0.010173,0.000553,0.989274
2201,1,1.484425,-2.318482,0.375542,0.739518,0.016496,0.243987
2202,1,-2.334366,-2.383362,5.195047,0.000536,0.000511,0.998953
2203,1,-2.000294,1.945455,0.341570,0.015844,0.819370,0.164786
2204,1,0.193650,-3.100484,3.219371,0.046198,0.001714,0.952088
2205,1,-0.254500,-2.801575,3.350447,0.026414,0.002069,0.971517
2206,1,-0.949886,0.136373,1.002670,0.090828,0.269138,0.640034
2207,1,-1.658782,-0.748017,2.528989,0.014417,0.035844,0.949739
2208,1,-0.109041,0.454683,-0.260065,0.276470,0.485814,0.237716
2209,1,-1.346464,-2.467073,4.007734,0.004699,0.001532,0.993769
2210,1,0.201451,-1.696740,1.543820,0.200886,0.030101,0.769013
2211,1,0.454511,-0.037057,-0.586030,0.508924,0.311292,0.179784
2212,1,-0.036233,-3.307839,3.143698,0.039868,0.001513,0.958620
2213,1,-1.464436,-1.007529,2.778258,0.013855,0.021880,0.964265
2214,1,2.874825,-2.766859,-1.054189,0.977317,0.003466,0.019217
2215,1,0.321783,-3.824358,3.197583,0.053318,0.000844,0.945838
2216,1,-1.704260,1.706171,0.259129,0.026040,0.788462,0.185498
2217,1,-1.092966,-2.648825,3.903416,0.006707,0.001415,0.991877
2218,1,-0.664524,-3.556079,4.075601,0.008658,0.000480,0.990862
2219,1,-0.084037,-2.001563,2.117206,0.098201,0.014433,0.887367
2220,1,-0.661729,1.264277,-0.348705,0.108347,0.743483,0.148170
2221,1,4.140719,-3.684122,-1.129468,0.994488,0.000397,0.005114
2222,1,0.440723,-3.930213,3.088531,0.066069,0.000835,0.933096
2223,1,-1.580897,-1.655648,3.630473,0.005397,0.005009,0.989594
2224,1,-0.881316,-3.040536,3.899004,0.008315,0.000960,0.990725
2225,1,-1.254639,-0.459680,1.942213,0.036141,0.080028,0.883832
2226,1,1.247599,-2.994687,1.469004,0.442047,0.006354,0.551599
2227,1,-1.131335,-3.152951,4.272461,0.004477,0.000593,0.994930
2228,1,-2.722508,-2.077504,5.160233,0.000377,0.000718,0.998905
2229,1,-0.783223,-2.928868,3.924613,0.008934,0.001045,0.990021
2230,1,-1.977127,-1.093754,3.228600,0.005384,0.013024,0.981592
2231,1,-0.874172,1.209336,-0.135400,0.089880,0.721969,0.188151
2232,1,-2.400912,-2.550352,5.082434,0.000562,0.000484,0.998954
2233,1,-2.643383,1.877919,1.172807,0.007226,0.664484,0.328290
2234,1,-2.235518,-3.064550,5.577408,0.000404,0.000176,0.999419
2235,1,1.379354,-4.556781,2.764024,0.200154,0.000529,0.799317
2236,1,-0.321883,-3.658179,3.678078,0.017975,0.000639,0.981385
2237,1,-1.791642,-2.603977,4.901657,0.001237,0.000549,0.998214
2238,1,-2.055592,-2.666406,5.106950,0.000774,0.000420,0.998806
2239,1,0.848631,-2.149319,0.510982,0.567107,0.028293,0.404600
2240,1,-3.148692,2.430708,1.176484,0.002928,0.775752,0.221320
2241,1,1.940141,-4.049262,1.316328,0.650025,0.001628,0.348347
2242,1,-1.129431,-3.125132,4.389138,0.003993,0.000543,0.995464
2243,1,-1.527453,0.841792,1.024828,0.040774,0.435842,0.523384
2244,1,-2.681657,1.733672,1.436935,0.006888,0.569693,0.423419
2245,1,-4.015240,1.412400,2.823841,0.000860,0.195838,0.803301
2246,1,-3.789586,1.454157,2.695494,0.001182,0.223938,0.774879
2247,1,3.767646,-2.405988,-1.748878,0.993933,0.002071,0.003995
2248,1,-0.107420,-4.000524,3.772562,0.020225,0.000412,0.979363
2249,1,-0.245125,-3.286039,3.508379,0.022874,0.001093,0.976033
2250,1,-0.653939,-0.388220,1.197203,0.115321,0.150421,0.734258
2251,1,2.157202,-4.348396,1.491094,0.659979,0.000987,0.339034
2252,1,-0.951074,-3.142212,4.151553,0.006040,0.000675,0.993285
2253,1,1.757202,-4.210399,2.096280,0.415591,0.001064,0.583345
2254,1,-0.420247,-3.320500,3.894093,0.013189,0.000726,0.986085
2255,1,-1.133752,-2.121306,3.656921,0.008213,0.003059,0.988727
2256,1,1.255630,-4.109742,2.775286,0.179362,0.000839,0.819800
2257,1,-1.246393,-3.504185,4.890650,0.002156,0.000225,0.997618
2258,1,1.081910,-2.949579,1.492447,0.395981,0.007028,0.596991
2259,1,0.509998,-4.010375,3.337352,0.055830,0.000608,0.943562
2260,1,-1.008968,0.889287,0.213752,0.090329,0.602877,0.306794
2261,1,-0.315844,-3.116648,3.468122,0.022197,0.001349,0.976454
2262,1,-2.699898,1.248896,1.877775,0.006660,0.345449,0.647892
2263,1,-0.306259,-3.097572,3.547038,0.020743,0.001272,0.977985
2264,1,-2.080454,1.085222,1.367732,0.017810,0.422183,0.560007
2265,1,-3.010197,1.973164,1.571288,0.004088,0.596689,0.399223
2266,1,-1.191205,-0.040670,1.419777,0.056267,0.177798,0.765934
2267,1,-1.025512,0.679896,0.518341,0.089396,0.492000,0.418604
2268,1,-0.057839,-4.392290,4.398879,0.011466,0.000150,0.988384
2269,1,-1.732165,-2.543071,4.560731,0.001844,0.000820,0.997336
2270,1,-0.495857,-2.926995,3.484566,0.018306,0.001610,0.980085
2271,1,0.444983,-3.910467,3.289746,0.054914,0.000705,0.944381
2272,1,1.208632,-4.879358,3.322221,0.107757,0.000245,0.891999
2273,1,-0.022328,-0.042108,-0.000596,0.333069,0.326545,0.340386
2274,1,-2.333372,-2.330990,5.083668,0.000600,0.000602,0.998798
2275,1,2.389721,-5.001225,2.140860,0.561701,0.000346,0.437952
2276,1,-1.698538,-2.769518,4.685873,0.001684,0.000577,0.997739
2277,1,-0.818938,-2.190870,3.107370,0.019241,0.004880,0.975879
2278,1,-1.308085,-3.150698,4.572844,0.002783,0.000441,0.996776
2279,1,-3.226625,1.939693,1.799829,0.003043,0.533282,0.463676
2280,1,-0.583952,0.260415,0.423582,0.164871,0.383573,0.451555
2281,1,-1.951024,-3.355745,5.591470,0.000530,0.000130,0.999340
2282,1,-1.935045,-2.407576,4.701558,0.001309,0.000816,0.997875
2283,1,-0.584060,-2.119357,2.969410,0.027663,0.005958,0.966379
2284,1,-1.399265,-3.630949,5.088201,0.001520,0.000163,0.998317
2285,1,-0.732907,-0.481788,1.378033,0.094863,0.121944,0.783193
2286,1,-1.775227,0.458129,1.576269,0.025722,0.240020,0.734258
2287,1,-3.156235,1.781420,1.880216,0.003397,0.473706,0.522897
2288,1,-1.464436,-1.007529,2.778258,0.013855,0.021880,0.964265
2289,1,-1.085288,-3.582850,4.810986,0.002742,0.000226,0.997033
2290,1,-2.234251,1.873010,0.615196,0.012649,0.768800,0.218551
2291,1,0.508677,-4.702133,3.751377,0.037582,0.000205,0.962213
2292,1,-0.924142,-3.646406,4.794096,0.003274,0.000215,0.996511
2293,1,0.794016,-4.125877,3.287944,0.076243,0.000557,0.923201
2294,1,-0.489499,-3.128058,3.890371,0.012361,0.000883,0.986755
2295,1,-1.655466,0.920245,1.044623,0.034457,0.452787,0.512756
2296,1,-0.266345,0.361827,-0.171202,0.251636,0.471611,0.276753
2297,1,0.492369,-1.747642,0.896261,0.384010,0.040881,0.575109
2298,1,-1.184933,-3.336510,4.657827,0.002891,0.000336,0.996772
2299,1,0.500777,1.407733,-2.055984,0.281347,0.696833,0.021820
2300,1,-0.452401,-3.331279,4.260539,0.008894,0.000500,0.990606
2301,1,-2.162303,-3.151458,5.478301,0.000480,0.000179,0.999341
2302,1,-2.000294,1.945455,0.341570,0.015844,0.819370,0.164786
2303,1,-0.297364,-3.230771,3.840461,0.015694,0.000835,0.983471
2304,1,-2.833444,1.041649,2.207899,0.004905,0.236368,0.758726
2305,1,-2.481312,-2.960667,5.836773,0.000244,0.000151,0.999605
2306,1,-2.000294,1.945455,0.341570,0.015844,0.819370,0.164786
2307,1,-1.530163,-3.039617,4.839974,0.001708,0.000378,0.997914
2308,1,2.390124,-4.698349,1.673446,0.671499,0.000560,0.327941
2309,1,-1.456721,-3.103662,4.599069,0.002338,0.000450,0.997212
2310,1,2.700355,-4.705875,1.247628,0.810019,0.000492,0.189489
2311,1,-0.068651,-0.602803,0.584664,0.285057,0.167091,0.547852
2312,1,-1.007691,-2.997299,4.260540,0.005123,0.000701,0.994177
2313,1,-1.566641,-0.714443,2.545906,0.015517,0.036383,0.948100
2314,1,-1.684430,-1.306287,3.240158,0.007138,0.010419,0.982443
2315,1,-1.186958,0.295377,1.134433,0.064131,0.282383,0.653486
2316,1,-2.000294,1.945455,0.341570,0.015844,0.819370,0.164786
2317,1,-3.100037,2.337174,1.357865,0.003154,0.724679,0.272168
2318,1,-1.581361,-2.705407,4.616032,0.002029,0.000659,0.997311
2319,1,-1.582947,-2.994385,4.992085,0.001392,0.000339,0.998268
2320,1,-3.058341,0.236258,3.103388,0.001991,0.053695,0.944313
2321,1,-1.499084,-1.978534,3.752295,0.005196,0.003217,0.991587
2322,1,-2.333098,-3.110946,5.787363,0.000297,0.000137,0.999566
2323,1,-2.422767,-2.347796,5.074230,0.000554,0.000597,0.998849
2324,1,-0.247760,-4.522695,4.336901,0.010103,0.000141,0.989757
2325,1,-2.152280,1.223698,1.314241,0.016057,0.469714,0.514229
2326,1,-0.115852,-2.814395,3.152090,0.036597,0.002463,0.960940
2327,1,-1.590634,-2.809664,4.350959,0.002619,0.000774,0.996607
2328,1,-1.437440,-0.013632,1.611341,0.038106,0.158251,0.803643
2329,1,-2.485115,0.348910,2.537889,0.005886,0.100151,0.893962
2330,1,-2.020784,-2.909039,5.185691,0.000741,0.000305,0.998954
2331,1,-2.007223,-2.929535,5.286441,0.000679,0.000270,0.999051
2332,1,-2.009038,-3.087508,5.237930,0.000712,0.000242,0.999046
2333,1,0.132321,-4.109458,3.755949,0.025982,0.000374,0.973644
2334,1,-2.271552,-2.661637,5.183872,0.000578,0.000391,0.999031
2335,1,-2.310297,-2.658786,5.253376,0.000519,0.000366,0.999116
2336,1,-0.136606,-3.264391,3.798246,0.019158,0.000839,0.980003
2337,1,-0.387718,1.458550,-1.030031,0.127191,0.805897,0.066912
2338,1,1.669327,-3.417567,1.018985,0.654431,0.004043,0.341526
2339,1,0.209579,-0.986668,0.732910,0.334452,0.101114,0.564434
2340,1,-0.978461,0.287250,0.893391,0.090531,0.320988,0.588481
2341,1,-1.125888,-3.396400,4.737046,0.002834,0.000293,0.996873
2342,1,-1.957091,-3.180880,5.306497,0.000700,0.000206,0.999094
2343,1,-3.693191,0.198095,4.003468,0.000444,0.021757,0.977799
2344,1,-2.392293,1.329167,1.562746,0.010580,0.437195,0.552226
2345,1,0.620613,-4.196316,3.064934,0.079803,0.000646,0.919551
2346,1,-1.509611,0.578669,0.964466,0.047751,0.385403,0.566846
2347,1,1.877011,-2.611028,0.225048,0.831313,0.009346,0.159340
2348,1,-1.839440,0.792211,1.309585,0.026171,0.363692,0.610137
2349,1,-2.924243,0.994445,2.345653,0.004070,0.204836,0.791094
2350,1,-1.100546,-3.151702,4.506235,0.003658,0.000470,0.995872
2351,1,-1.221458,-2.526423,3.949520,0.005638,0.001529,0.992833
2352,1,-2.086692,-3.170266,5.544665,0.000485,0.000164,0.999351
2353,1,-3.106569,-1.482860,4.953146,0.000315,0.001600,0.998085
2354,1,-1.583672,2.025592,-0.039145,0.023461,0.866609,0.109931
2355,1,-1.464436,-1.007529,2.778258,0.013855,0.021880,0.964265
2356,1,-3.206413,-1.155467,4.652885,0.000385,0.002992,0.996623
2357,1,-0.502438,-2.288170,2.951238,0.030503,0.005115,0.964383
2358,1,-1.372888,0.317161,1.301453,0.047795,0.259039,0.693166
2359,1,2.233907,-3.321651,0.249704,0.876151,0.003387,0.120462
2360,1,-1.896658,-3.467025,5.532372,0.000593,0.000123,0.999283
2361,1,-2.380403,-3.027024,5.738033,0.000298,0.000156,0.999546
2362,1,-0.092163,-3.423919,3.494968,0.026906,0.000961,0.972132
2363,1,-2.119502,1.367877,1.250438,0.015929,0.520894,0.463176
2364,1,0.007369,-4.155426,4.273399,0.013840,0.000215,0.985945
2365,1,-1.956027,-3.050130,5.225916,0.000759,0.000254,0.998986
2366,1,-0.514706,0.298352,0.280805,0.182803,0.412183,0.405014
2367,1,-1.954020,-2.996752,5.223166,0.000763,0.000269,0.998968
2368,1,-1.504416,-2.430726,4.371583,0.002795,0.001107,0.996098
2369,1,-2.678398,1.821243,1.245899,0.007062,0.635476,0.357462
2370,1,3.045295,-3.963695,-0.068430,0.956628,0.000865,0.042508
2371,1,-2.253048,1.187166,1.466219,0.013619,0.424821,0.561561
2372,1,-2.333649,-2.691422,5.416538,0.000430,0.000301,0.999269
2373,1,-2.614115,-1.434318,4.543742,0.000776,0.002525,0.996698
2374,1,-0.408951,-3.037812,3.776711,0.014968,0.001080,0.983952
2375,1,-1.723181,0.651406,1.391070,0.029186,0.313648,0.657166
2376,1,-0.830637,-3.688810,4.562703,0.004525,0.000260,0.995215
2377,1,4.109848,-4.030004,-1.029083,0.993882,0.000290,0.005828
2378,1,0.219673,0.727567,-0.849733,0.332779,0.553008,0.114214
2379,1,-2.445116,-1.744604,4.555675,0.000909,0.001831,0.997261
2380,1,-2.223799,-0.244765,2.572799,0.007732,0.055946,0.936322
2381,1,-1.875369,-1.989046,4.231723,0.002218,0.001979,0.995803
2382,1,-1.584842,0.177177,1.420216,0.037021,0.215618,0.747361
2383,1,2.987699,-4.632641,1.101959,0.867899,0.000426,0.131675
2384,1,-0.004234,-4.505103,4.303383,0.013285,0.000147,0.986568
2385,1,-2.508122,1.521825,1.338457,0.009607,0.540471,0.449922
2386,1,-2.359172,-1.452266,4.297395,0.001280,0.003170,0.995551
2387,1,0.040393,-0.578650,0.381764,0.339520,0.182818,0.477662
2388,1,0.891490,-3.281006,2.214532,0.209633,0.003231,0.787136
2389,1,-2.000294,1.945455,0.341570,0.015844,0.819370,0.164786
2390,1,-0.377778,-0.149634,0.618288,0.201456,0.253082,0.545463
2391,1,-2.025976,-2.702895,4.867067,0.001013,0.000515,0.998472
2392,1,-1.740079,0.735474,1.309530,0.029416,0.349703,0.620881
2393,1,-2.550964,-2.205802,5.229488,0.000417,0.000589,0.998993
2394,1,-3.373703,2.054487,1.720360,0.002552,0.581276,0.416172
2395,1,-1.442977,-3.662126,5.299102,0.001179,0.000128,0.998693
2396,1,-1.984671,-2.189279,4.301059,0.001856,0.001513,0.996631
2397,1,0.087320,-3.217239,2.584146,0.075869,0.002786,0.921345
2398,1,-1.022831,0.150666,1.110319,0.078897,0.255097,0.666005
2399,1,-0.091852,-0.812680,0.956024,0.230524,0.112115,0.657360
2400,1,-2.552507,-2.065995,5.051832,0.000498,0.000809,0.998693
2401,1,-0.773390,-3.294000,4.256841,0.006491,0.000522,0.992987
2402,1,-0.951312,-3.205631,4.214361,0.005673,0.000595,0.993731
2403,1,-2.000294,1.945455,0.341570,0.015844,0.819370,0.164786
2404,1,-2.901181,-0.414440,3.562887,0.001527,0.018363,0.980110
2405,1,-2.091548,-2.828364,5.115434,0.000741,0.000354,0.998905
2406,1,-1.940405,-2.926630,5.080661,0.000892,0.000333,0.998776
2407,1,1.876579,-5.008662,2.629139,0.320159,0.000327,0.679514
2408,1,-2.181139,0.793207,1.734977,0.014128,0.276579,0.709293
2409,1,-1.617929,0.645304,1.192392,0.036725,0.353079,0.610196
2410,1,-0.066160,1.605874,-1.457691,0.152168,0.809988,0.037843
2411,1,-1.464436,-1.007529,2.778258,0.013855,0.021880,0.964265
2412,1,-2.241186,-3.020134,5.499154,0.000435,0.000199,0.999366
2413,1,-1.454267,-3.363380,4.877520,0.001775,0.000263,0.997962
2414,1,-0.861354,-0.630796,1.422673,0.082813,0.104286,0.812901
2415,1,-1.667724,0.400726,1.570214,0.029075,0.230058,0.740867
2416,1,-2.895904,-1.523170,4.973153,0.000382,0.001506,0.998112
2417,1,0.769254,-3.794764,2.530465,0.146415,0.001526,0.852059
2418,1,-3.668558,1.526916,2.696476,0.001311,0.236624,0.762065
2419,1,1.070689,-4.267157,2.643266,0.171707,0.000825,0.827467
2420,1,-2.098455,-3.138498,5.528643,0.000487,0.000172,0.999341
2421,1,-2.231298,-2.617474,5.141427,0.000627,0.000426,0.998946
2422,1,-2.972170,1.272072,1.898620,0.004972,0.346562,0.648466
2423,1,1.269101,-3.905119,2.527070,0.221047,0.001251,0.777702
2424,1,-1.828497,-0.465670,2.469776,0.012742,0.049786,0.937472
2425,1,-1.351240,-3.423071,4.922558,0.001881,0.000237,0.997882
2426,1,-2.584569,1.914389,1.039049,0.007788,0.700358,0.291853
2427,1,-2.137812,-2.907825,5.096530,0.000721,0.000334,0.998946
2428,1,-1.085624,-2.250075,3.567980,0.009410,0.002937,0.987654
2429,1,-2.029636,1.289265,1.085001,0.019548,0.540120,0.440332
2430,1,-1.273974,-0.380578,1.837428,0.038616,0.094355,0.867029
2431,1,-1.477127,-2.910839,4.651303,0.002174,0.000518,0.997308
2432,1,0.341698,-4.288863,3.552244,0.038756,0.000378,0.960866
2433,1,-2.000294,1.945455,0.341570,0.015844,0.819370,0.164786
2434,1,4.075833,-4.952949,-0.179184,0.985889,0.000118,0.013993
2435,1,-3.364391,0.931583,2.441406,0.002459,0.180520,0.817021
2436,1,-2.326102,1.920052,0.789032,0.010710,0.747930,0.241360
2437,1,-2.002662,0.356453,2.011877,0.014930,0.157983,0.827087
2438,1,-2.785481,1.250843,1.930717,0.005905,0.334304,0.659792
2439,1,-0.223882,-4.208595,4.240136,0.011382,0.000212,0.988406
2440,1,1.251815,-2.982105,1.370611,0.467151,0.006772,0.526077
2441,1,-1.865602,-1.952229,3.747527,0.003624,0.003324,0.993052
2442,1,-1.292027,-3.523732,4.887019,0.002068,0.000222,0.997710
2443,1,3.948308,-3.060663,-1.651311,0.995418,0.000900,0.003682
2444,1,-2.175118,-0.684255,3.076832,0.005092,0.022614,0.972294
2445,1,-3.544018,-0.423128,4.335885,0.000375,0.008498,0.991127
2446,1,-1.336526,-2.397700,4.081829,0.004408,0.001525,0.994066
2447,1,1.105409,-3.336910,2.259726,0.239027,0.002813,0.758160
2448,1,-3.180819,-0.143365,3.800948,0.000910,0.018979,0.980110
2449,1,-1.276987,-3.654602,4.901854,0.002068,0.000192,0.997740
2450,1,-1.445890,1.673342,0.033917,0.035687,0.807570,0.156742
2451,1,1.434188,-5.002604,3.241325,0.140953,0.000226,0.858822
2452,1,0.176188,-4.669242,4.301427,0.015901,0.000125,0.983974
2453,1,-2.343756,-2.834528,5.519682,0.000384,0.000235,0.999380
2454,1,-0.163843,-2.653065,3.070718,0.037767,0.003134,0.959099
2455,1,-0.836021,-3.381732,4.451328,0.005028,0.000394,0.994578
2456,1,-2.867626,0.241574,3.080644,0.002460,0.055113,0.942427
2457,1,-1.140818,0.650547,0.605888,0.078534,0.471019,0.450447
2458,1,-0.487793,-3.772751,4.071396,0.010358,0.000388,0.989254
2459,1,-3.518543,1.928593,2.122498,0.001942,0.450798,0.547260
2460,1,-2.954657,1.313837,2.111617,0.004329,0.309156,0.686515
2461,1,-4.064429,2.197558,2.346194,0.000882,0.462501,0.536617
2462,1,-1.147007,-1.461701,2.789665,0.018876,0.013780,0.967345
2463,1,-1.033377,-1.715391,2.883068,0.019332,0.009774,0.970894
2464,1,-2.542523,-0.008502,2.789245,0.004537,0.057185,0.938277
2465,1,0.109656,0.915700,-0.900667,0.277536,0.621412,0.101051
2466,1,-1.216614,0.764459,0.740405,0.065237,0.473002,0.461761
2467,1,-1.545517,-3.532887,5.351585,0.001010,0.000138,0.998852
2468,1,-2.764323,-0.078368,3.278373,0.002290,0.033598,0.964112
2469,1,-1.728342,-3.266095,5.310593,0.000876,0.000188,0.998936
2470,1,-2.737334,1.937493,1.243108,0.006182,0.662819,0.330999
2471,1,-0.396396,-3.958152,4.324691,0.008825,0.000251,0.990925
2472,1,0.181661,-0.712060,0.109891,0.427373,0.174851,0.397775
2473,1,-0.236890,-0.075005,0.276869,0.259923,0.305598,0.434478
2474,1,2.432241,-5.054669,1.975832,0.611952,0.000343,0.387705
2475,1,-2.048788,-1.349844,3.755565,0.002987,0.006009,0.991003
2476,1,-3.192106,0.503600,3.005035,0.001878,0.075615,0.922507
2477,1,-1.224306,-0.112247,1.159815,0.067159,0.204203,0.728638
2478,1,-0.369771,1.691197,-1.160572,0.107445,0.843830,0.048724
2479,1,-0.309945,-4.309958,4.278607,0.010063,0.000184,0.989752
2480,1,-0.344047,-4.130841,4.551440,0.007423,0.000168,0.992408
2481,1,0.031624,-4.522930,4.261681,0.014341,0.000151,0.985509
2482,1,-2.826306,-1.934603,5.190274,0.000330,0.000804,0.998867
2483,1,-0.624986,-1.535407,2.546996,0.039593,0.015930,0.944477
2484,1,-2.281305,-2.024917,4.590237,0.001034,0.001337,0.997629
2485,1,-0.667044,-2.751426,3.788940,0.011459,0.001425,0.987115
2486,1,-0.256997,-3.975264,4.117924,0.012429,0.000302,0.987269
2487,1,-0.348925,-3.750971,4.261816,0.009843,0.000328,0.989829
2488,1,-1.813913,-2.488652,4.617675,0.001606,0.000818,0.997576
2489,1,-0.970654,-3.026359,4.268789,0.005272,0.000675,0.994054
2490,1,-0.250494,-3.724644,3.756615,0.017851,0.000553,0.981596
2491,1,-1.544400,-3.837609,5.540802,0.000837,0.000084,0.999079
2492,1,-0.107425,1.232656,-1.032256,0.191720,0.732245,0.076036
2493,1,-0.710327,-4.417877,4.830969,0.003906,0.000096,0.995998
2494,1,-1.006712,-3.350877,4.518611,0.003967,0.000381,0.995652
2495,1,0.631261,-3.829045,3.337643,0.062553,0.000723,0.936724
2496,1,-1.668213,-2.456976,4.485028,0.002120,0.000963,0.996917
2497,1,-2.407726,-1.740058,4.828906,0.000718,0.001400,0.997881
2498,1,-0.029395,-3.266235,3.511791,0.028132,0.001105,0.970763
2499,1,0.176188,-4.669242,4.301427,0.015901,0.000125,0.983974
2500,1,-1.165337,-1.363248,2.973052,0.015499,0.012716,0.971786
2501,1,-2.105872,-2.757602,5.163378,0.000696,0.000363,0.998941
2502,1,-1.750428,-3.166196,5.250352,0.000910,0.000221,0.998869
2503,1,0.082842,-3.655124,3.251711,0.040315,0.000960,0.958725
2504,1,-2.127575,-2.920205,5.367231,0.000556,0.000251,0.999193
2505,1,-2.756206,-2.442526,5.626054,0.000229,0.000313,0.999458
2506,1,-2.100403,-3.292719,5.546110,0.000477,0.000145,0.999378
2507,1,-3.003844,1.939883,1.530314,0.004266,0.598421,0.397313
2508,1,0.800194,-3.429056,2.160419,0.203598,0.002965,0.793437
2509,1,-1.025869,-0.918599,2.548755,0.026459,0.029455,0.944086
2510,1,-1.464436,-1.007529,2.778258,0.013855,0.021880,0.964265
2511,1,-1.510961,-2.906680,4.811955,0.001791,0.000443,0.997766
2512,1,0.088119,-3.793658,3.848691,0.022731,0.000469,0.976801
2513,1,-1.687537,-3.373522,5.378349,0.000853,0.000158,0.998989
2514,1,-3.178912,1.876808,1.772674,0.003341,0.524252,0.472407
2515,1,-2.000294,1.945455,0.341570,0.015844,0.819370,0.164786
2516,1,0.259851,-3.762932,2.886489,0.067362,0.001206,0.931432
2517,1,1.580810,-4.087734,2.238744,0.340803,0.001177,0.658021
2518,1,-1.885404,-3.461921,5.604218,0.000558,0.000115,0.999326
2519,1,-2.000294,1.945455,0.341570,0.015844,0.819370,0.164786
2520,1,1.202427,-2.154094,0.550821,0.642647,0.022400,0.334953
2521,1,-3.148126,2.159472,1.452547,0.003307,0.667507,0.329187
2522,1,-1.678681,-3.105982,5.188244,0.001040,0.000250,0.998710
2523,1,2.066607,-4.015490,1.234652,0.695661,0.001588,0.302750
2524,1,2.169546,-5.189724,2.378793,0.447751,0.000285,0.551964
2525,1,0.031624,-4.522930,4.261681,0.014341,0.000151,0.985509
2526,1,-1.896906,-1.706196,3.888594,0.003051,0.003692,0.993257
2527,1,-1.152274,-0.226651,1.416429,0.060342,0.152268,0.787390
2528,1,1.106053,-2.832222,1.062125,0.505944,0.009857,0.484200
2529,1,-2.462104,-0.429986,3.189459,0.003409,0.026009,0.970582
2530,1,-1.466953,-3.319705,4.786106,0.001920,0.000301,0.997779
2531,1,-1.743131,0.936677,1.125695,0.030122,0.439244,0.530634
2532,1,-0.951661,-3.322474,4.150341,0.006044,0.000565,0.993391
2533,1,-1.848565,1.093864,1.058577,0.026133,0.495524,0.478343
2534,1,-0.994566,0.046244,1.169935,0.079734,0.225767,0.694500
2535,1,0.415922,-3.397803,2.589008,0.101964,0.002250,0.895786
2536,1,-1.671720,-3.565096,5.397426,0.000850,0.000128,0.999022
2537,1,-0.221773,-3.312158,3.234699,0.030534,0.001389,0.968077
2538,1,-1.848917,0.468986,1.747493,0.020999,0.213231,0.765770
2539,1,-2.224213,1.025413,1.636007,0.013467,0.347184,0.639349
2540,1,0.320037,0.316641,-1.136571,0.448504,0.446983,0.104513
2541,1,-1.661260,1.711298,0.294179,0.026867,0.783261,0.189871
2542,1,-1.537278,-0.734524,2.504014,0.016630,0.037113,0.946256
2543,1,-0.614956,-3.199119,3.833333,0.011553,0.000872,0.987575
2544,1,0.778990,0.670488,-1.553365,0.501443,0.449883,0.048674
2545,1,1.955916,-4.010432,1.366868,0.642088,0.001646,0.356266
2546,1,0.925742,-3.476633,2.154987,0.225688,0.002764,0.771548
2547,1,-1.535186,-3.785295,5.220185,0.001163,0.000123,0.998714
2548,1,-0.586502,-0.990411,1.729131,0.084753,0.056590,0.858658
2549,1,2.479171,-4.510131,1.382828,0.749057,0.000690,0.250253
2550,1,-1.799647,-3.182195,5.095028,0.001012,0.000254,0.998734
2551,1,-0.430334,-3.792294,4.297743,0.008763,0.000304,0.990933
2552,1,-0.523110,1.442638,-0.656943,0.110926,0.792042,0.097031
2553,1,-1.141685,0.685311,0.683587,0.074517,0.463140,0.462342
2554,1,1.737445,-4.100695,1.827882,0.476743,0.001389,0.521868
2555,1,0.609533,-4.492286,3.435161,0.055936,0.000340,0.943724
2556,1,-0.518748,-4.171869,4.624784,0.005802,0.000150,0.994047
2557,1,-2.667120,-2.569084,5.630614,0.000249,0.000275,0.999476
2558,1,-0.649438,0.469078,0.312582,0.149761,0.458316,0.391922
2559,1,0.190226,-1.679171,1.422145,0.218244,0.033657,0.748099
2560,1,-0.947344,-3.735151,4.816652,0.003128,0.000193,0.996679
2561,1,-1.147793,-3.804420,4.934085,0.002278,0.000160,0.997562
2562,1,-1.533405,-3.607280,5.383030,0.000990,0.000124,0.998885
2563,1,0.262160,-3.067088,2.766211,0.075371,0.002700,0.921929
2564,1,-2.714151,0.669067,2.470977,0.004783,0.140941,0.854275
2565,1,-3.001001,1.229811,2.226326,0.003905,0.268574,0.727521
2566,1,-0.382805,-4.309456,4.335981,0.008845,0.000174,0.990980
2567,1,-2.287502,-1.742097,4.473495,0.001154,0.001992,0.996854
2568,1,-3.044913,2.469714,1.007389,0.003259,0.809242,0.187499
2569,1,-2.162873,1.521634,0.970770,0.015678,0.624391,0.359931
2570,1,-0.077641,-3.258021,3.411189,0.029595,0.001230,0.969174
2571,1,-0.642985,-2.834894,3.788065,0.011747,0.001312,0.986941
2572,1,0.499306,-4.589758,3.598719,0.043120,0.000266,0.956614
2573,1,0.352553,-1.210952,0.867238,0.346920,0.072645,0.580435
2574,1,2.402566,-2.699147,-0.535771,0.944251,0.005747,0.050002
2575,1,2.976324,-3.457782,-0.186526,0.957936,0.001538,0.040525
2576,1,-1.080054,1.921320,-0.988481,0.045027,0.905629,0.049345
2577,1,-2.757573,1.709309,1.560015,0.006132,0.533960,0.459908
2578,1,-0.109629,0.898001,-0.658617,0.231662,0.634546,0.133793
2579,1,2.547315,-5.024488,1.711240,0.697388,0.000359,0.302253
2580,1,-1.321066,0.679903,0.882258,0.057302,0.423821,0.518877
2581,1,-0.643923,-3.547513,4.218126,0.007672,0.000421,0.991907
2582,1,1.846526,-4.694571,2.416496,0.361055,0.000521,0.638424
2583,1,-2.555604,-1.951295,4.858440,0.000602,0.001101,0.998297
2584,1,-0.232198,-3.020636,3.049004,0.036141,0.002223,0.961635
2585,1,-1.438283,-3.567152,5.158826,0.001362,0.000162,0.998476
2586,1,-1.446716,-2.276020,4.341854,0.003049,0.001330,0.995621
2587,1,-0.681445,-2.424493,3.179631,0.020537,0.003594,0.975869
2588,1,-1.464436,-1.007529,2.778258,0.013855,0.021880,0.964265
2589,1,-1.723791,-1.561363,3.235618,0.006912,0.008130,0.984958
2590,1,-1.601575,-2.908071,4.850752,0.001574,0.000426,0.998000
2591,1,-1.258189,-3.973856,5.328215,0.001377,0.000091,0.998532
2592,1,-1.730491,-3.436397,5.424487,0.000780,0.000142,0.999078
2593,1,-2.073706,1.315382,1.114138,0.018223,0.540117,0.441660
2594,1,-3.120101,-2.272969,5.562541,0.000169,0.000395,0.999435
2595,1,-2.118884,-0.936210,3.321984,0.004257,0.013891,0.981852
2596,1,-1.597543,-3.578505,5.285513,0.001024,0.000141,0.998835
2597,1,1.151540,-4.519518,3.003692,0.135557,0.000467,0.863976
2598,1,-1.213529,-1.731755,3.022927,0.014133,0.008417,0.977450
2599,1,-2.068154,-0.291049,2.227644,0.012453,0.073630,0.913918
2600,1,-1.697792,0.694018,1.423060,0.028903,0.316000,0.655097
2601,1,-1.036961,1.149436,0.056752,0.077589,0.690781,0.231630
2602,1,3.465281,-5.068520,0.577568,0.947059,0.000186,0.052755
2603,1,-1.192923,-3.421659,4.714833,0.002710,0.000292,0.996998
2604,1,-0.161719,-0.448626,0.719452,0.240136,0.180242,0.579622
2605,1,0.967274,-1.584873,0.490385,0.588711,0.045869,0.365420
2606,1,-1.535475,-3.169343,4.903064,0.001596,0.000311,0.998093
2607,1,-2.901154,0.188401,3.107709,0.002326,0.051088,0.946586
2608,1,-0.551348,-3.853941,4.275036,0.007949,0.000292,0.991758
2609,1,-2.390511,-3.000686,5.717852,0.000301,0.000163,0.999536
2610,1,1.943036,-3.622901,1.192694,0.677492,0.002592,0.319915
2611,1,-2.664174,-0.634220,3.563418,0.001941,0.014780,0.983279
2612,1,-2.895260,0.240320,2.912554,0.002802,0.064451,0.932747
2613,1,-1.238424,-3.167018,4.654070,0.002751,0.000400,0.996849
2614,1,-1.444339,-3.539631,5.188161,0.001315,0.000162,0.998523
2615,1,-1.656851,-2.547361,4.392935,0.002351,0.000965,0.996685
2616,1,-0.932669,-1.330206,2.463336,0.031729,0.021321,0.946949
2617,1,-2.052296,1.751483,0.659062,0.016415,0.736545,0.247040
2618,1,-1.750331,-2.241199,4.451712,0.002019,0.001236,0.996746
2619,1,0.715292,0.601144,-1.709430,0.504890,0.450426,0.044684
2620,1,-0.665981,-1.943026,2.862762,0.028281,0.007886,0.963833
2621,1,0.956061,-4.613371,3.449114,0.076324,0.000291,0.923385
2622,1,-0.929525,-0.085461,1.131926,0.089420,0.207973,0.702606
2623,1,1.883143,-2.970908,0.325047,0.820794,0.006400,0.172807
2624,1,-2.000294,1.945455,0.341570,0.015844,0.819370,0.164786
2625,1,-0.086912,-4.640039,4.451043,0.010581,0.000111,0.989308
2626,1,-1.464436,-1.007529,2.778258,0.013855,0.021880,0.964265
2627,1,3.064842,-3.163377,-0.483130,0.970162,0.001914,0.027924
2628,1,-1.416370,-0.910232,2.651517,0.016369,0.027154,0.956478
2629,1,-1.626336,-1.342129,3.210726,0.007787,0.010346,0.981867
2630,1,-2.680514,-2.116535,5.179977,0.000385,0.000677,0.998938
2631,1,-3.545279,0.734789,3.029302,0.001266,0.091463,0.907272
2632,1,-2.796662,0.452723,2.635334,0.003916,0.100926,0.895158
2633,1,-3.128179,2.055429,1.535941,0.003504,0.624831,0.371665
2634,1,-1.205296,-3.532431,4.837215,0.002369,0.000231,0.997399
2635,1,0.804858,-4.608064,3.350899,0.072669,0.000324,0.927007
2636,1,-0.649438,0.469078,0.312582,0.149761,0.458316,0.391922
2637,1,-0.591526,-4.107106,4.729465,0.004863,0.000145,0.994992
2638,1,-2.281341,-1.449150,4.103233,0.001678,0.003857,0.994465
2639,1,-1.696605,-1.300823,3.296560,0.006672,0.009911,0.983417
2640,1,-2.094347,1.408589,1.075095,0.017239,0.572566,0.410195
2641,1,-2.188658,-2.399015,4.947108,0.000795,0.000644,0.998561
2642,1,2.117170,-4.249348,1.710377,0.599700,0.001030,0.399270
2643,1,-0.349504,-2.050355,2.149335,0.074901,0.013672,0.911427
2644,1,-1.546052,-0.394652,2.145988,0.022579,0.071408,0.906013
2645,1,1.095306,-3.830828,2.410808,0.211243,0.001532,0.787224
2646,1,0.406250,-4.425939,3.616496,0.038770,0.000309,0.960921
2647,1,-0.342841,-2.241112,2.639059,0.047904,0.007177,0.944919
2648,1,-1.445061,-3.032185,4.610640,0.002338,0.000478,0.997184
2649,1,-1.464436,-1.007529,2.778258,0.013855,0.021880,0.964265
2650,1,1.980393,-4.179050,1.788452,0.547205,0.001156,0.451639
2651,1,-1.072499,0.683103,0.689771,0.079286,0.458822,0.461892
2652,1,0.823721,-4.025805,3.120748,0.091304,0.000715,0.907981
2653,1,-1.193944,-3.329873,4.704686,0.002735,0.000323,0.996942
2654,1,-1.163852,-3.036901,4.048405,0.005415,0.000832,0.993753
2655,1,-0.921362,-3.349638,4.239961,0.005699,0.000503,0.993799
2656,1,-1.050399,0.254930,1.012912,0.079612,0.293682,0.626706
2657,1,-1.720363,-3.347573,5.252882,0.000936,0.000184,0.998881
2658,1,-2.910312,-1.332295,4.689183,0.000499,0.002419,0.997082
2659,1,-1.464436,-1.007529,2.778258,0.013855,0.021880,0.964265
2660,1,-0.110303,-3.252912,3.123023,0.037869,0.001635,0.960497
2661,1,-1.908710,-2.472635,4.426592,0.001768,0.001006,0.997227
2662,1,-2.421390,-2.784047,5.475981,0.000371,0.000258,0.999370
2663,1,-2.515765,-2.048425,4.963199,0.000564,0.000900,0.998536
2664,1,-1.843404,0.534476,1.641530,0.022521,0.242826,0.734653
2665,1,4.570388,-3.637469,-2.001674,0.998331,0.000272,0.001397
2666,1,-1.464436,-1.007529,2.778258,0.013855,0.021880,0.964265
2667,1,-1.961495,-0.437473,2.627385,0.009618,0.044152,0.946231
2668,1,-1.002326,-2.870715,3.752414,0.008526,0.001316,0.990158
2669,1,-1.301424,-1.185220,2.878025,0.014825,0.016652,0.968523
2670,1,-2.293937,-1.473081,3.920537,0.001987,0.004516,0.993497
2671,1,-0.613063,-4.223721,4.822231,0.004341,0.000117,0.995542
2672,1,-1.985826,0.279983,1.961906,0.016011,0.154330,0.829659
2673,1,-2.000294,1.945455,0.341570,0.015844,0.819370,0.164786
2674,1,-2.505959,0.281515,2.576700,0.005604,0.091010,0.903386
2675,1,-2.144502,-3.259999,5.666203,0.000405,0.000133,0.999462
2676,1,1.386730,-4.535227,2.720547,0.208412,0.000559,0.791029
2677,1,-2.067959,0.028826,2.189357,0.012538,0.102056,0.885407
2678,1,-1.048411,-1.145182,2.192159,0.036422,0.033062,0.930516
2679,1,-0.513850,1.310390,-0.554120,0.122570,0.759698,0.117732
2680,1,-0.925669,-2.668529,3.909313,0.007873,0.001378,0.990749
2681,1,-0.434823,-3.728032,3.935513,0.012483,0.000464,0.987053
2682,1,-1.546577,-2.134870,4.149334,0.003342,0.001856,0.994802
2683,1,-1.904669,0.421053,1.801298,0.019259,0.197099,0.783642
2684,1,3.164810,-3.394848,-0.385784,0.970757,0.001375,0.027868
2685,1,-2.095495,-0.051839,2.235015,0.011806,0.091129,0.897065
2686,1,0.331629,-3.784456,3.550081,0.038453,0.000627,0.960920
2687,1,-2.725333,0.256622,2.807471,0.003655,0.072105,0.924240
2688,1,-2.625012,-2.015007,4.987517,0.000494,0.000908,0.998598
2689,1,-2.036422,-3.085499,5.504239,0.000531,0.000186,0.999283
2690,1,-2.313992,1.105607,1.552878,0.012602,0.385095,0.602303
2691,1,-0.523567,-3.761844,4.249367,0.008382,0.000329,0.991289
2692,1,-2.290145,0.469161,2.175066,0.009641,0.152214,0.838146
2693,1,-1.738866,-2.137368,4.159690,0.002731,0.001833,0.995436
2694,1,-2.000294,1.945455,0.341570,0.015844,0.819370,0.164786
2695,1,1.163647,-4.106837,2.902956,0.149286,0.000767,0.849946
2696,1,-2.625249,0.825893,2.069149,0.007049,0.222292,0.770659
2697,1,2.774833,-4.742037,1.223524,0.824733,0.000449,0.174819
2698,1,-2.790976,0.727820,2.558344,0.004078,0.137612,0.858310
2699,1,-2.649608,-0.671374,3.751013,0.001638,0.011844,0.986518
2700,1,-2.858516,0.591166,2.680844,0.003484,0.109720,0.886795
2701,1,-1.957303,-1.467722,3.649351,0.003638,0.005936,0.990426
2702,1,-0.437838,-3.963509,4.408617,0.007793,0.000229,0.991978
2703,1,0.334040,-4.525823,3.846739,0.028947,0.000224,0.970829
2704,1,0.605429,-1.802205,0.727991,0.450366,0.040546,0.509089
2705,1,-2.865420,1.041209,2.155280,0.004944,0.245891,0.749165
2706,1,-0.875580,-0.519148,1.556783,0.072390,0.103390,0.824220
2707,1,0.614591,-0.703677,-0.278340,0.596284,0.159565,0.244151
2708,1,2.795724,-4.416026,0.878723,0.871243,0.000643,0.128114
2709,1,-2.284689,-2.408660,5.001779,0.000684,0.000604,0.998712
2710,1,-2.454338,-2.051768,4.950204,0.000608,0.000909,0.998484
2711,1,-1.958514,-2.684803,5.061083,0.000893,0.000432,0.998675
2712,1,-2.097332,1.633042,0.810354,0.016391,0.683418,0.300191
2713,1,-0.693824,-3.459688,4.197381,0.007453,0.000469,0.992078
2714,1,1.417570,-3.932881,1.851439,0.392470,0.001863,0.605667
2715,1,0.151096,-3.861255,3.616798,0.030287,0.000548,0.969165
2716,1,-0.647144,-3.955015,4.523643,0.005647,0.000207,0.994146
2717,1,0.425281,-1.786459,1.189270,0.307094,0.033630,0.659276
2718,1,-1.086036,-0.325896,1.646840,0.054008,0.115501,0.830490
2719,1,-0.849367,-4.097454,4.819581,0.003439,0.000134,0.996427
2720,1,-1.880685,1.679606,0.566308,0.020953,0.736972,0.242076
2721,1,-4.134642,2.421713,2.198443,0.000789,0.555148,0.444063
2722,1,-0.786080,-3.160674,4.384431,0.005647,0.000525,0.993828
2723,1,0.922401,-4.039740,2.842755,0.127708,0.000894,0.871398
2724,1,-2.362813,1.558265,1.262993,0.011235,0.566846,0.421920
2725,1,-3.574913,0.044123,3.997209,0.000505,0.018824,0.980671
2726,1,-1.785362,-3.348848,5.345599,0.000799,0.000167,0.999033
2727,1,-0.652865,-0.376864,1.175561,0.117070,0.154280,0.728650
2728,1,-2.276401,-2.022340,4.491719,0.001147,0.001479,0.997375
2729,1,-1.162406,-3.290192,4.573141,0.003217,0.000383,0.996399
2730,1,-2.077498,-2.092708,4.550433,0.001319,0.001300,0.997381
2731,1,-0.141069,-3.991564,4.027775,0.015230,0.000324,0.984447
2732,1,1.575935,-5.172269,3.071634,0.183029,0.000215,0.816757
2733,1,-2.306282,-2.781184,5.539230,0.000391,0.000243,0.999365
2734,1,1.533189,-4.169447,2.035142,0.376608,0.001257,0.622135
2735,1,-0.776523,-3.371422,4.076079,0.007743,0.000578,0.991679
2736,1,-1.163120,0.291693,1.089819,0.067571,0.289451,0.642979
2737,1,-1.700595,-1.107197,2.996255,0.008896,0.016103,0.975001
2738,1,-1.668692,-2.612891,4.542480,0.002001,0.000778,0.997220
2739,1,-1.841335,-2.977577,5.198967,0.000875,0.000281,0.998844
2740,1,-2.802711,-0.841875,4.011709,0.001088,0.007732,0.991180
2741,1,-2.000294,1.945455,0.341570,0.015844,0.819370,0.164786
2742,1,4.490778,-2.918039,-2.448705,0.998428,0.000605,0.000967
2743,1,0.947112,-4.683513,3.246742,0.091124,0.000327,0.908549
2744,1,-1.824158,0.557059,1.436074,0.026404,0.285636,0.687961
2745,1,-2.738155,1.346425,1.783708,0.006561,0.389814,0.603625
2746,1,-0.751869,-4.227035,5.046117,0.003024,0.000094,0.996882
2747,1,-0.985269,-0.440068,1.645806,0.060191,0.103828,0.835981
2748,1,-2.000294,1.945455,0.341570,0.015844,0.819370,0.164786
2749,1,-2.133129,-1.860428,4.264985,0.001658,0.002178,0.996163
2750,1,3.461439,-4.664952,0.270761,0.960209,0.000284,0.039507
2751,1,-0.579059,-3.841114,4.351172,0.007171,0.000275,0.992554
2752,1,2.696481,-4.824829,1.276518,0.804982,0.000436,0.194583
2753,1,3.961305,-2.728378,-2.037404,0.996288,0.001239,0.002473
2754,1,0.750653,-4.647962,3.464622,0.062137,0.000281,0.937582
2755,1,-3.156645,-0.426179,3.919020,0.000834,0.012792,0.986374
2756,1,0.057695,-2.949656,2.994994,0.050215,0.002482,0.947303
2757,1,-1.492596,-3.364253,4.799258,0.001847,0.000284,0.997868
2758,1,-2.120423,-1.655434,4.011659,0.002160,0.003439,0.994402
2759,1,0.114942,-3.737533,3.582150,0.030240,0.000642,0.969118
2760,1,-1.975497,0.875811,1.344544,0.021752,0.376543,0.601704
2761,1,-1.640115,0.169591,1.688132,0.028573,0.174543,0.796884
2762,1,2.072204,-4.648514,2.089918,0.495276,0.000597,0.504127
2763,1,-0.038505,-0.394772,0.393263,0.308617,0.216120,0.475263
2764,1,-3.994643,2.043451,2.459109,0.000948,0.397179,0.601873
2765,1,-3.252637,1.686205,1.911478,0.003170,0.442512,0.554319
2766,1,2.085701,-4.630469,1.859483,0.555940,0.000673,0.443387
2767,1,0.307709,-2.796835,2.418276,0.107553,0.004823,0.887624
2768,1,-0.370811,-2.012494,2.201009,0.070012,0.013558,0.916430
2769,1,0.331159,-4.100768,3.642633,0.035165,0.000418,0.964417
2770,1,-2.208408,1.574225,0.985152,0.014429,0.633873,0.351699
2771,1,-1.318123,1.252189,0.198637,0.053685,0.701652,0.244664
2772,1,-0.617558,-0.695689,1.270827,0.117185,0.108378,0.774438
2773,1,1.818250,-4.657378,2.228682,0.398564,0.000614,0.600822
2774,1,1.236187,-4.537136,3.055089,0.139505,0.000434,0.860061
2775,1,1.554927,-5.052349,3.073464,0.179633,0.000243,0.820124
2776,1,2.357877,-3.505122,0.162167,0.897568,0.002552,0.099881
2777,1,-0.820117,-4.218095,4.964407,0.003065,0.000102,0.996832
2778,1,0.745074,-4.781461,3.638041,0.052491,0.000209,0.947300
2779,1,1.128958,0.750758,-2.230217,0.581443,0.398343,0.020213
2780,1,-0.444478,-3.918546,4.138083,0.010122,0.000314,0.989564
2781,1,-1.589034,-2.700611,4.484978,0.002295,0.000755,0.996950
2782,1,-3.035512,1.274431,2.173211,0.003872,0.288181,0.707947
2783,1,-0.649438,0.469078,0.312582,0.149761,0.458316,0.391922
2784,1,-1.375542,-2.563905,4.207668,0.003742,0.001140,0.995118
2785,1,1.737336,-4.572938,2.418838,0.335721,0.000610,0.663669
2786,1,-1.189045,-2.708309,3.912521,0.006042,0.001323,0.992635
2787,1,-0.912020,-3.498783,4.627373,0.003912,0.000294,0.995793
2788,1,-2.540889,-2.105421,5.070683,0.000494,0.000764,0.998742
2789,1,-3.000301,0.679841,2.677756,0.003003,0.119063,0.877934
2790,1,-1.982065,1.601940,0.769280,0.018982,0.683688,0.297330
2791,1,1.591649,-4.242789,2.378035,0.312659,0.000915,0.686427
2792,1,1.947850,-3.815952,1.412059,0.629586,0.001976,0.368438
2793,1,-1.558181,-2.541973,4.450871,0.002448,0.000915,0.996637
2794,1,-1.829509,-2.989555,5.167965,0.000913,0.000286,0.998801
2795,1,-2.945843,-1.480996,4.643278,0.000505,0.002183,0.997312
2796,1,-2.847800,-1.199978,4.064208,0.000990,0.005142,0.993869
2797,1,1.351567,-1.347985,-0.525979,0.819537,0.055102,0.125361
2798,1,-2.680539,-2.669105,5.536867,0.000270,0.000273,0.999457
2799,1,-2.820203,-1.995282,5.204687,0.000327,0.000746,0.998927
2800,1,-1.584801,-2.543795,4.140549,0.003248,0.001245,0.995508
2801,1,-1.182042,-3.345877,4.882796,0.002317,0.000266,0.997417
2802,1,-1.546473,0.609126,1.195349,0.039764,0.343286,0.616950
2803,1,-0.804225,-1.995954,2.854887,0.024919,0.007568,0.967514
2804,1,-1.176708,-4.017581,5.121758,0.001836,0.000107,0.998057
2805,1,-2.354705,0.553058,2.197320,0.008761,0.160468,0.830771
2806,1,-1.718326,-0.214149,2.353347,0.015587,0.070149,0.914264
2807,1,0.711052,-3.278862,2.213808,0.181404,0.003356,0.815240
2808,1,-2.407979,0.446592,2.437696,0.006870,0.119315,0.873815
2809,1,-1.231653,-0.976013,2.378521,0.025469,0.032888,0.941644
2810,1,-0.717775,1.452439,-0.474840,0.090620,0.793842,0.115539
2811,1,-2.071387,-2.588421,5.186508,0.000704,0.000420,0.998877
2812,1,-2.000294,1.945455,0.341570,0.015844,0.819370,0.164786
2813,1,2.280377,-4.760653,1.567029,0.670747,0.000587,0.328666
2814,1,0.829173,-3.719198,2.523847,0.154908,0.001640,0.843453
2815,1,-1.464436,-1.007529,2.778258,0.013855,0.021880,0.964265
2816,1,-1.464436,-1.007529,2.778258,0.013855,0.021880,0.964265
2817,1,-0.923821,-3.883808,4.760541,0.003387,0.000175,0.996438
2818,1,1.590763,-4.111935,1.830080,0.439808,0.001468,0.558724
2819,1,-1.660236,-1.617280,3.501930,0.005663,0.005912,0.988425
2820,1,-2.856265,1.405192,1.793186,0.005668,0.401909,0.592423
2821,1,-2.000294,1.945455,0.341570,0.015844,0.819370,0.164786
2822,1,-3.669436,1.200111,2.791842,0.001297,0.168921,0.829782
2823,1,-1.163163,-3.524187,4.938870,0.002233,0.000211,0.997557
2824,1,-1.249193,-3.000508,4.325458,0.003776,0.000655,0.995569
2825,1,-1.143965,-3.734868,4.956566,0.002236,0.000168,0.997596
2826,1,-0.495063,-0.144820,0.555848,0.189406,0.268845,0.541749
2827,1,1.617726,-3.491793,1.753636,0.464767,0.002807,0.532427
2828,1,-2.095937,-2.781195,5.033499,0.000800,0.000403,0.998796
2829,1,-2.000294,1.945455,0.341570,0.015844,0.819370,0.164786
2830,1,0.419938,-0.502434,-0.229717,0.520887,0.207092,0.272021
2831,1,-1.280222,-2.033650,3.418702,0.008985,0.004230,0.986786
2832,1,-0.805461,-3.860123,4.964210,0.003111,0.000147,0.996743
2833,1,-1.679154,-1.970680,3.889589,0.003790,0.002832,0.993378
