row_id,gold,logit_hate,logit_offensive,logit_normal,p_hate,p_offensive,p_normal
0,0,-2.325652,-3.461590,6.141150,0.000210,0.000068,0.999722
1,0,-2.167871,-3.239269,5.920257,0.000307,0.000105,0.999588
2,0,-0.390085,-3.932441,4.752022,0.005810,0.000168,0.994021
3,0,-1.415526,-3.267008,4.762410,0.002070,0.000325,0.997605
4,0,-0.732809,-3.589930,4.583231,0.004887,0.000281,0.994833
5,0,-2.366474,-3.281634,6.193649,0.000192,0.000077,0.999732
6,0,-3.011726,-1.682759,5.591471,0.000183,0.000693,0.999124
7,0,-2.354036,-3.173911,6.126024,0.000208,0.000091,0.999701
8,0,-0.868347,-4.217100,5.095771,0.002562,0.000090,0.997347
9,0,-2.384297,-3.412224,6.193364,0.000188,0.000067,0.999744
10,0,-0.761659,-4.391412,5.075801,0.002908,0.000077,0.997015
11,0,-2.549482,-1.448955,4.643837,0.000749,0.002252,0.996998
12,0,-2.587457,-2.193898,5.413017,0.000335,0.000497,0.999168
13,0,-1.964036,-3.541123,5.891206,0.000388,0.000080,0.999532
14,0,4.360623,-4.407003,-1.377537,0.996635,0.000155,0.003210
15,0,-2.864092,-2.645711,6.077171,0.000131,0.000163,0.999706
16,0,-1.278436,1.368177,0.312561,0.049963,0.704787,0.245250
17,0,-1.925587,-3.467243,5.910385,0.000395,0.000085,0.999520
18,0,-2.882079,-2.655088,6.220273,0.000111,0.000140,0.999749
19,0,-2.658924,-2.961586,6.146838,0.000150,0.000111,0.999739
20,0,-2.248683,-3.626676,6.241797,0.000205,0.000052,0.999743
21,0,-1.887890,-3.836246,5.934151,0.000401,0.000057,0.999542
22,0,-1.415526,-3.267008,4.762410,0.002070,0.000325,0.997605
23,0,-4.019588,1.466132,3.765306,0.000378,0.091157,0.908465
24,0,-1.708026,-3.911680,6.035065,0.000434,0.000048,0.999519
25,0,0.514993,-3.895091,3.141164,0.067418,0.000819,0.931763
26,0,-1.551567,-3.980042,5.706243,0.000704,0.000062,0.999234
27,0,-2.000388,-3.436803,5.640715,0.000480,0.000114,0.999406
28,0,-1.808302,-2.239099,4.851443,0.001279,0.000831,0.997890
29,0,-0.715102,-4.383466,5.389003,0.002229,0.000057,0.997715
30,0,0.410715,-4.717280,4.336714,0.019339,0.000115,0.980547
31,0,-4.119922,2.158256,3.228069,0.000479,0.255316,0.744204
32,0,2.557757,-5.103138,1.948027,0.647682,0.000305,0.352013
33,0,-1.415526,-3.267008,4.762410,0.002070,0.000325,0.997605
34,0,-1.614461,-3.785110,5.684212,0.000676,0.000077,0.999247
35,0,-2.762093,-2.949265,6.080942,0.000144,0.000120,0.999736
36,0,0.860508,-4.591579,3.368389,0.075283,0.000323,0.924394
37,0,-2.457246,-2.833548,5.734678,0.000277,0.000190,0.999533
38,0,-0.273771,-4.220444,4.638838,0.007299,0.000141,0.992561
39,0,-3.254064,-1.329191,5.392074,0.000176,0.001203,0.998621
40,0,-2.323751,-3.350021,6.124403,0.000214,0.000077,0.999709
41,0,-2.698195,-0.226589,3.610612,0.001779,0.021062,0.977160
42,0,-2.707639,-2.299695,5.672524,0.000229,0.000345,0.999426
43,0,-2.600055,-2.920754,6.089595,0.000168,0.000122,0.999710
44,0,-2.128864,-3.506748,6.068503,0.000275,0.000069,0.999655
45,0,-2.413620,-2.144445,5.470420,0.000376,0.000493,0.999131
46,0,-2.059085,-3.751304,6.220842,0.000253,0.000047,0.999700
47,0,-2.551536,-3.277915,6.254528,0.000150,0.000072,0.999778
48,0,-0.548734,-1.948298,2.125884,0.063478,0.015660,0.920862
49,0,-1.901260,1.357429,1.243978,0.019904,0.517816,0.462280
50,0,-1.311463,-3.580961,4.965016,0.001876,0.000194,0.997930
51,0,-4.375374,2.392905,3.425440,0.000302,0.262514,0.737184
52,0,-1.321829,-3.788821,5.564949,0.001020,0.000087,0.998893
53,0,-3.004058,-1.902683,5.411696,0.000221,0.000665,0.999114
54,0,-2.361930,-3.059893,6.016356,0.000230,0.000114,0.999656
55,0,-2.512286,-3.310734,6.115410,0.000179,0.000081,0.999740
56,0,-0.166541,-3.528022,3.836901,0.017914,0.000621,0.981464
57,0,-1.737068,-3.796072,5.626374,0.000634,0.000081,0.999286
58,0,-4.313877,1.459913,4.228556,0.000183,0.059032,0.940785
59,0,-1.393041,-1.159970,2.672733,0.016509,0.020842,0.962649
60,0,-2.762155,-2.680227,6.115786,0.000139,0.000151,0.999709
61,0,-1.198761,-3.506711,4.802455,0.002469,0.000246,0.997285
62,0,-2.322261,-2.779175,5.775380,0.000304,0.000193,0.999503
63,0,-1.432173,-3.417241,5.086412,0.001473,0.000202,0.998324
64,0,-2.763626,-2.704093,6.117984,0.000139,0.000147,0.999714
65,0,-2.149925,-3.418534,6.101742,0.000261,0.000073,0.999666
66,0,-2.913581,-1.405581,5.173168,0.000307,0.001387,0.998306
67,0,-2.046431,-2.762559,5.109157,0.000780,0.000381,0.998840
68,0,-2.354002,-3.253114,6.134588,0.000206,0.000084,0.999711
69,0,-2.643234,-3.047188,6.264361,0.000135,0.000090,0.999774
70,0,-2.185821,-3.610842,6.150491,0.000240,0.000058,0.999703
71,0,0.756245,-4.592759,3.881783,0.042058,0.000200,0.957743
72,0,-2.600402,-2.763422,5.920283,0.000199,0.000169,0.999632
73,0,-4.014182,0.970974,4.298128,0.000237,0.034643,0.965120
74,0,4.793680,-3.452724,-2.776692,0.999223,0.000262,0.000515
75,0,-2.756163,-2.786877,6.079360,0.000145,0.000141,0.999713
76,0,-1.415526,-3.267008,4.762410,0.002070,0.000325,0.997605
77,0,-4.057986,2.870737,2.506734,0.000577,0.589668,0.409754
78,0,-3.595410,0.218501,4.590903,0.000275,0.012460,0.987265
79,0,-1.303555,-4.322350,5.741755,0.000871,0.000043,0.999087
80,0,-4.098861,1.312869,4.268816,0.000221,0.049445,0.950334
81,0,0.726615,-4.342953,3.734079,0.047076,0.000296,0.952628
82,0,-0.705562,-4.206679,5.281756,0.002504,0.000076,0.997421
83,0,-2.388237,-3.268357,6.186060,0.000189,0.000078,0.999733
84,0,-3.302768,1.949283,2.425955,0.002002,0.382272,0.615727
85,0,-0.379079,-4.735093,5.055350,0.004345,0.000056,0.995600
86,0,-0.983262,-4.173249,5.600476,0.001381,0.000057,0.998563
87,0,-1.735014,-2.205247,4.506427,0.001941,0.001213,0.996846
88,0,-2.373715,-2.052266,5.084948,0.000576,0.000794,0.998631
89,0,-2.117304,-3.321083,6.031364,0.000289,0.000087,0.999624
90,0,1.309607,-3.862797,1.679674,0.407581,0.002311,0.590108
91,0,-2.742322,-3.147447,6.295644,0.000119,0.000079,0.999802
92,0,-2.309897,-3.069639,6.080446,0.000227,0.000106,0.999667
93,0,-2.248222,-3.275289,5.930387,0.000280,0.000100,0.999619
94,0,-3.078353,-2.367099,6.092841,0.000104,0.000212,0.999684
95,0,-0.568943,-3.625593,4.558702,0.005894,0.000277,0.993829
96,0,0.265731,-4.842051,4.249359,0.018276,0.000111,0.981614
97,0,-3.614320,-0.540625,5.045088,0.000173,0.003736,0.996091
98,0,0.312998,-3.440863,2.904557,0.069570,0.001630,0.928800
99,0,-2.741987,-3.037191,6.127872,0.000141,0.000105,0.999755
100,0,-0.581080,-3.895002,4.753337,0.004799,0.000175,0.995027
101,0,0.286793,-4.725960,4.295484,0.017831,0.000119,0.982050
102,0,-3.504208,0.233227,4.303068,0.000400,0.016787,0.982814
103,0,-2.691642,-3.151216,6.214426,0.000136,0.000086,0.999779
104,0,-1.607282,-3.103221,5.170079,0.001138,0.000255,0.998607
105,0,-2.852840,-2.427788,5.917047,0.000155,0.000238,0.999607
106,0,-3.543550,0.064480,4.649973,0.000274,0.010093,0.989633
107,0,-2.826592,-2.581455,6.073662,0.000136,0.000174,0.999690
108,0,-3.915545,0.516819,4.731613,0.000173,0.014558,0.985269
109,0,-3.711701,0.720053,4.447093,0.000279,0.023492,0.976229
110,0,-0.908364,-4.256091,5.492776,0.001657,0.000058,0.998285
111,0,-1.415526,-3.267008,4.762410,0.002070,0.000325,0.997605
112,0,-2.598446,-3.304250,6.244470,0.000144,0.000071,0.999784
113,0,-3.362596,2.856763,1.526432,0.001572,0.789652,0.208776
114,0,-1.415526,-3.267008,4.762410,0.002070,0.000325,0.997605
115,0,-1.556519,-3.819932,5.820376,0.000625,0.000065,0.999310
116,0,-2.532439,-3.308690,6.287129,0.000148,0.000068,0.999784
117,0,-3.526728,0.235350,4.497681,0.000323,0.013889,0.985788
118,0,-1.619374,-3.939498,5.720838,0.000648,0.000064,0.999288
119,0,-2.853365,-1.184116,4.768983,0.000488,0.002590,0.996922
120,0,-2.491680,-3.280432,6.275244,0.000156,0.000071,0.999773
121,0,-0.793001,-3.980123,5.146818,0.002625,0.000108,0.997266
122,0,-2.760743,-3.015113,6.161335,0.000133,0.000103,0.999763
123,0,1.631650,-5.000429,2.805541,0.236079,0.000311,0.763610
124,0,-1.514858,-4.096745,5.890492,0.000608,0.000046,0.999346
125,0,-2.587486,-2.415079,5.720185,0.000246,0.000293,0.999461
126,0,-2.314554,-3.485791,6.221515,0.000196,0.000061,0.999743
127,0,-2.804270,-2.592758,6.060915,0.000141,0.000174,0.999684
128,0,-1.966796,-3.377481,5.873245,0.000393,0.000096,0.999511
129,0,-2.446977,-2.868833,6.033541,0.000207,0.000136,0.999657
130,0,-1.936194,-3.686237,6.117894,0.000318,0.000055,0.999627
131,0,-2.904691,-1.799970,5.443255,0.000237,0.000714,0.999049
132,0,-0.755901,-3.273942,4.433803,0.005540,0.000447,0.994013
133,0,-2.360557,-2.852581,5.598715,0.000349,0.000214,0.999437
134,0,-0.738135,-4.298146,5.164454,0.002725,0.000077,0.997198
135,0,-2.202899,-2.008923,4.822699,0.000887,0.001077,0.998036
136,0,-2.872311,-2.038947,5.813807,0.000169,0.000388,0.999443
137,0,-2.066092,-3.365839,6.120004,0.000278,0.000076,0.999646
138,0,-0.108584,-3.686431,4.000948,0.016143,0.000451,0.983406
139,0,-2.358518,-3.457613,6.214795,0.000189,0.000063,0.999748
140,0,-1.650484,-3.516871,5.551419,0.000745,0.000115,0.999140
141,0,1.387226,-4.692183,2.801815,0.195424,0.000447,0.804129
142,0,-1.370495,-1.338507,3.044368,0.011806,0.012190,0.976004
143,0,-2.176959,-2.823683,5.671629,0.000390,0.000204,0.999406
144,0,-1.966106,-3.894811,6.118843,0.000308,0.000045,0.999647
145,0,-2.643221,-2.266658,5.413048,0.000317,0.000462,0.999221
146,0,-0.288559,-2.301513,2.723466,0.046594,0.006225,0.947182
147,0,-2.793717,-2.180678,5.852775,0.000176,0.000324,0.999500
148,0,-2.844974,-2.815779,6.272312,0.000110,0.000113,0.999777
149,0,-1.803677,-3.658951,5.780023,0.000508,0.000080,0.999412
150,0,-4.362622,2.055468,3.746170,0.000254,0.155644,0.844102
151,0,-1.656228,-3.536097,5.129336,0.001129,0.000172,0.998699
152,0,-2.703568,-3.115562,6.119794,0.000147,0.000098,0.999755
153,0,-3.304429,0.101969,4.103576,0.000595,0.017947,0.981458
154,0,-2.631451,-2.741467,6.024632,0.000174,0.000156,0.999670
155,0,-2.872073,-0.921195,4.519081,0.000614,0.004317,0.995070
156,0,-2.182621,-3.300552,5.651742,0.000396,0.000129,0.999475
157,0,-3.550054,0.673588,4.026563,0.000495,0.033781,0.965724
158,0,-2.634064,-2.599740,5.991729,0.000179,0.000186,0.999635
159,0,0.984308,-4.784089,3.648496,0.065107,0.000203,0.934690
160,0,0.401846,-3.707652,3.220280,0.056284,0.000924,0.942792
161,0,-3.069831,1.736619,2.149029,0.003247,0.397041,0.599712
162,0,-2.319566,-3.313280,5.873958,0.000276,0.000102,0.999621
163,0,-2.307201,-3.488494,6.011818,0.000244,0.000075,0.999681
164,0,-2.571956,-3.152071,6.132382,0.000166,0.000093,0.999741
165,0,-4.100003,2.648421,2.822151,0.000535,0.456432,0.543033
166,0,1.721546,-2.860581,0.150923,0.820918,0.008401,0.170682
167,0,-2.944663,-2.105316,5.868026,0.000149,0.000344,0.999507
168,0,0.464463,-5.103448,4.585941,0.015961,0.000061,0.983978
169,0,-1.027726,-3.098521,4.021710,0.006367,0.000803,0.992830
170,0,-1.268051,-3.679183,5.332934,0.001357,0.000122,0.998521
171,0,-2.696933,-2.662233,5.804579,0.000203,0.000210,0.999587
172,0,-2.013773,-3.672012,6.055695,0.000313,0.000060,0.999628
173,0,-1.891543,-3.549884,5.919570,0.000405,0.000077,0.999518
174,0,-0.048396,-3.909328,4.139425,0.014948,0.000315,0.984738
175,0,-1.933874,-3.458809,5.967875,0.000370,0.000081,0.999550
176,0,2.562103,-4.403588,1.080822,0.814140,0.000768,0.185092
177,0,-4.275352,2.481453,3.370678,0.000339,0.291171,0.708490
178,0,-1.730890,-3.246142,5.280043,0.000901,0.000198,0.998901
179,0,-3.419623,-1.483564,5.741754,0.000105,0.000727,0.999168
180,0,-2.987827,-0.315861,4.281414,0.000689,0.009972,0.989339
181,0,-2.816061,-2.748988,6.239246,0.000117,0.000125,0.999758
182,0,-2.019073,-3.438319,6.094219,0.000299,0.000072,0.999628
183,0,0.339960,-4.706199,4.357994,0.017668,0.000114,0.982218
184,0,-1.719273,-4.134402,6.096306,0.000403,0.000036,0.999561
185,0,-1.540289,-4.120826,5.851453,0.000616,0.000047,0.999337
186,0,-3.513767,2.355203,2.215734,0.001509,0.534004,0.464487
187,0,-3.085648,-2.154992,5.832300,0.000134,0.000340,0.999527
188,0,-2.406842,-3.389995,6.248137,0.000174,0.000065,0.999761
189,0,-2.883801,-2.676089,6.260406,0.000107,0.000131,0.999762
190,0,-2.213538,-2.917476,5.910962,0.000296,0.000146,0.999557
191,0,0.577606,-3.982549,2.943456,0.085737,0.000897,0.913366
192,0,-2.489537,-3.314290,6.288845,0.000154,0.000068,0.999779
193,0,-1.274049,-3.574656,5.277489,0.001426,0.000143,0.998432
194,0,0.502955,-4.989163,4.347925,0.020937,0.000086,0.978976
195,0,-3.897618,0.711495,4.425024,0.000237,0.023805,0.975958
196,0,-1.329478,-3.713960,5.459898,0.001124,0.000104,0.998772
197,0,-2.351002,-3.309418,5.730371,0.000309,0.000119,0.999572
198,0,-2.523126,-2.638158,5.759841,0.000253,0.000225,0.999522
199,0,-0.491912,-4.322012,4.835108,0.004835,0.000105,0.995061
200,0,-1.198761,-3.506711,4.802455,0.002469,0.000246,0.997285
201,0,-2.555542,-3.402544,6.226992,0.000153,0.000066,0.999781
202,0,-2.333014,-3.306392,6.034633,0.000232,0.000088,0.999680
203,0,-2.148243,-3.556476,5.722939,0.000381,0.000093,0.999525
204,0,-4.086102,2.004993,3.343143,0.000470,0.207717,0.791813
205,0,-1.793556,-3.320636,5.576128,0.000630,0.000137,0.999234
206,0,-2.285817,-3.298191,5.962291,0.000262,0.000095,0.999643
207,0,-2.337988,-2.917120,5.887652,0.000268,0.000150,0.999582
208,0,-2.159268,-0.823584,3.445117,0.003618,0.013757,0.982626
209,0,-1.523224,-4.145929,6.037019,0.000520,0.000038,0.999442
210,0,-3.092570,-0.470920,4.552821,0.000475,0.006534,0.992991
211,0,-3.937082,2.677092,2.485416,0.000734,0.547371,0.451895
212,0,-1.316823,-3.909086,5.618842,0.000971,0.000073,0.998956
213,0,-1.903610,-3.855791,6.041987,0.000354,0.000050,0.999596
214,0,-1.694379,-3.488088,5.576036,0.000695,0.000116,0.999189
215,0,-0.510119,-4.324981,4.714055,0.005355,0.000118,0.994527
216,0,-0.823127,-4.436660,5.316474,0.002151,0.000058,0.997791
217,0,-2.614254,-3.226905,6.260531,0.000140,0.000076,0.999784
218,0,-2.009522,-0.623425,3.241830,0.005107,0.020423,0.974471
219,0,-2.498799,-3.310604,6.250763,0.000158,0.000070,0.999771
220,0,-2.622143,0.258455,3.525608,0.002056,0.036640,0.961305
221,0,-1.861670,-3.427191,5.856279,0.000445,0.000093,0.999463
222,0,-2.798043,-2.810009,6.148248,0.000130,0.000129,0.999741
223,0,-2.450899,-2.339031,5.610825,0.000315,0.000352,0.999332
224,0,-3.454054,1.285574,3.198939,0.001123,0.128459,0.870418
225,0,-2.266922,-3.201504,6.162243,0.000218,0.000086,0.999696
226,0,-0.286436,-4.400624,5.009587,0.004986,0.000081,0.994932
227,0,-3.285856,-1.501935,5.446448,0.000161,0.000959,0.998880
228,0,-1.198761,-3.506711,4.802455,0.002469,0.000246,0.997285
229,0,-1.415526,-3.267008,4.762410,0.002070,0.000325,0.997605
230,0,-2.324327,-3.614846,6.224075,0.000194,0.000053,0.999753
231,0,-2.647959,-2.823410,6.103616,0.000158,0.000133,0.999709
232,0,-2.718637,-2.891925,6.240757,0.000128,0.000108,0.999763
233,0,-2.383187,-3.320514,6.087965,0.000209,0.000082,0.999709
234,0,-0.945941,-4.251304,5.288013,0.001958,0.000072,0.997971
235,0,3.545762,-4.987249,0.284142,0.962906,0.000190,0.036905
236,0,-0.283616,-3.978964,4.521269,0.008121,0.000202,0.991677
237,0,-0.672435,-1.986349,2.568136,0.037290,0.010022,0.952688
238,0,-2.773142,-2.903041,5.962275,0.000161,0.000141,0.999698
239,0,-1.198761,-3.506711,4.802455,0.002469,0.000246,0.997285
240,0,-1.480812,-3.074804,5.299809,0.001134,0.000230,0.998636
241,0,-2.665911,-0.572399,4.314782,0.000922,0.007479,0.991599
242,0,-2.301502,-3.547987,6.200603,0.000203,0.000058,0.999739
243,0,-2.351351,-3.366285,6.221486,0.000189,0.000069,0.999742
244,0,-2.651458,-0.793864,4.101586,0.001157,0.007416,0.991426
245,0,-1.397126,-3.627398,5.575172,0.000937,0.000101,0.998963
246,0,-2.468396,-3.345010,6.117956,0.000187,0.000078,0.999736
247,0,-3.209084,-1.036311,5.359751,0.000190,0.001665,0.998145
248,0,-1.731445,-2.940155,4.836998,0.001401,0.000418,0.998180
249,0,-3.324751,1.639816,2.638524,0.001876,0.268691,0.729434
250,0,-4.311913,2.401168,3.373671,0.000333,0.274290,0.725376
251,0,-0.088556,-4.745040,4.623021,0.008910,0.000085,0.991006
252,0,-1.977866,-3.215759,5.722335,0.000452,0.000131,0.999416
253,0,-1.911097,-3.572761,6.018764,0.000360,0.000068,0.999572
254,0,-2.679775,-0.547324,4.181031,0.001038,0.008754,0.990208
255,0,-0.622422,-3.578273,4.192120,0.008042,0.000418,0.991539
256,0,-1.468504,-3.764891,5.725286,0.000751,0.000076,0.999174
257,0,-2.600939,-3.141209,6.090531,0.000168,0.000098,0.999734
258,0,-0.705241,-0.950968,1.449637,0.096071,0.075141,0.828788
259,0,-2.682973,-2.555321,5.776194,0.000212,0.000241,0.999547
260,0,-2.015581,-3.730711,6.067235,0.000309,0.000056,0.999636
261,0,-1.483960,-3.371613,5.243727,0.001196,0.000181,0.998623
262,0,0.144246,-4.674668,4.455536,0.013237,0.000107,0.986656
263,0,-0.432658,-4.176325,4.756131,0.005547,0.000131,0.994322
264,0,-0.126423,-4.103920,4.314048,0.011650,0.000218,0.988131
265,0,-2.917638,-2.280777,6.029844,0.000130,0.000246,0.999624
266,0,2.343979,-4.138605,1.207002,0.756248,0.001157,0.242595
267,0,-3.712858,-0.199312,4.979357,0.000167,0.005603,0.994230
268,0,-3.003122,-2.132638,5.896607,0.000136,0.000326,0.999538
269,0,-3.177948,2.199937,2.014178,0.002516,0.544932,0.452552
270,0,-3.572173,-0.284280,4.938210,0.000200,0.005364,0.994436
271,0,-1.048715,-2.834457,4.289165,0.004779,0.000801,0.994419
272,0,-1.747042,-2.671704,5.217020,0.000944,0.000374,0.998681
273,0,0.522868,-4.316673,3.765320,0.037588,0.000297,0.962115
274,0,-2.783745,-2.395472,5.880449,0.000173,0.000254,0.999573
275,0,-4.081955,2.985373,2.585691,0.000510,0.598306,0.401184
276,0,1.862270,-4.862580,2.602983,0.322723,0.000387,0.676889
277,0,-2.036850,-3.141628,5.769730,0.000407,0.000135,0.999458
278,0,-2.026064,-3.110775,5.690040,0.000445,0.000151,0.999404
279,0,-2.824563,-2.194255,5.820653,0.000176,0.000330,0.999494
280,0,-2.946429,-0.973379,4.869793,0.000402,0.002890,0.996708
281,0,-2.644293,-3.203718,6.333286,0.000126,0.000072,0.999802
282,0,-1.726047,-3.924670,5.866554,0.000504,0.000056,0.999440
283,0,-2.670288,-3.172042,6.274989,0.000130,0.000079,0.999791
284,0,0.716212,-3.635968,3.287145,0.070968,0.000914,0.928118
285,0,-1.583770,-3.803183,5.644134,0.000725,0.000079,0.999196
286,0,-2.672940,-2.963676,6.188585,0.000142,0.000106,0.999752
287,0,-2.513078,-2.699623,5.888850,0.000224,0.000186,0.999590
288,0,-1.458654,-4.125813,5.953127,0.000604,0.000042,0.999354
289,0,-2.158474,-3.643014,6.090998,0.000261,0.000059,0.999679
290,0,-1.427601,0.505273,1.515875,0.037187,0.256938,0.705875
291,0,-1.253130,-3.560791,5.221978,0.001539,0.000153,0.998308
292,0,-2.735170,-2.980215,6.275576,0.000122,0.000096,0.999782
293,0,-2.634087,-2.538078,5.947870,0.000187,0.000206,0.999606
294,0,-0.182902,-4.169832,4.583518,0.008438,0.000157,0.991406
295,0,-2.797754,-2.232627,5.647396,0.000215,0.000378,0.999407
296,0,-3.986246,1.769964,3.470909,0.000488,0.154267,0.845246
297,0,-2.479057,-3.048467,6.127954,0.000183,0.000103,0.999714
298,0,-1.751878,-3.171790,5.211602,0.000945,0.000228,0.998827
299,0,-0.687940,-3.966518,5.025765,0.003289,0.000124,0.996587
300,0,-3.772497,0.960897,4.364602,0.000283,0.032171,0.967546
301,0,-1.435788,-1.677519,3.662405,0.006042,0.004745,0.989214
302,0,-0.636302,-3.813613,4.412142,0.006377,0.000266,0.993357
303,0,-0.946442,-3.725867,5.226974,0.002080,0.000129,0.997791
304,0,-3.249275,-0.506189,4.760863,0.000330,0.005131,0.994539
305,0,-2.809119,-2.911855,6.244871,0.000117,0.000105,0.999778
306,0,-0.974395,-4.010448,5.191033,0.002096,0.000101,0.997803
307,0,-2.994446,-0.038855,4.032613,0.000872,0.016752,0.982376
308,0,-0.422720,-4.328133,4.853739,0.005084,0.000102,0.994814
309,0,-2.422427,-3.243823,6.016471,0.000216,0.000095,0.999689
310,0,-0.794138,-3.820107,5.126155,0.002677,0.000130,0.997193
311,0,-3.866047,0.181219,4.635681,0.000201,0.011491,0.988309
312,0,-4.089583,1.556353,3.704408,0.000369,0.104475,0.895156
313,0,-4.132843,1.747140,3.865936,0.000300,0.107251,0.892449
314,0,2.013119,-4.023113,1.866371,0.535934,0.001281,0.462785
315,0,-0.545395,-4.397420,4.948721,0.004094,0.000087,0.995819
316,0,-3.332342,-1.499669,5.691291,0.000120,0.000753,0.999127
317,0,-2.073363,-3.190185,5.745020,0.000402,0.000132,0.999466
318,0,0.474761,-3.124513,2.497919,0.116421,0.003183,0.880396
319,0,-2.898127,-1.259330,5.210040,0.000301,0.001547,0.998152
320,0,-2.824452,-2.422873,6.051761,0.000140,0.000209,0.999652
321,0,-1.333539,-2.296403,4.157376,0.004101,0.001566,0.994334
322,0,-1.456397,-3.902218,5.719601,0.000764,0.000066,0.999170
323,0,-0.807089,-4.271494,5.316729,0.002185,0.000068,0.997746
324,0,-2.567859,-2.963695,6.036460,0.000183,0.000123,0.999693
325,0,-3.042445,0.463663,3.231050,0.001771,0.059008,0.939222
326,0,-2.963394,-2.366208,5.899321,0.000142,0.000257,0.999601
327,0,-1.962857,-2.184594,4.602838,0.001404,0.001125,0.997471
328,0,0.463430,-1.035006,0.069919,0.526825,0.117735,0.355440
329,0,-1.232749,1.323423,0.124555,0.056268,0.725091,0.218641
330,0,-2.514312,-2.936806,6.059254,0.000189,0.000124,0.999687
331,0,-2.934141,1.448259,2.418600,0.003422,0.273872,0.722706
332,0,-2.149799,-3.651852,6.134562,0.000252,0.000056,0.999691
333,0,-2.035414,-3.807379,5.925498,0.000349,0.000059,0.999592
334,0,-1.760533,-3.272985,5.543730,0.000672,0.000148,0.999180
335,0,-1.426317,-2.293167,4.256440,0.003388,0.001424,0.995188
336,0,-1.566614,-3.531958,5.109629,0.001259,0.000176,0.998565
337,0,-2.531754,-3.230467,6.098316,0.000179,0.000089,0.999733
338,0,-3.020443,-2.095834,5.850846,0.000140,0.000354,0.999506
339,0,-2.700923,-3.106553,6.347891,0.000118,0.000078,0.999804
340,0,-2.612164,-3.204169,6.051982,0.000173,0.000095,0.999732
341,0,-3.032510,0.325248,3.602777,0.001264,0.036304,0.962432
342,0,-4.309130,2.353858,3.459258,0.000318,0.248651,0.751032
343,0,-1.415526,-3.267008,4.762410,0.002070,0.000325,0.997605
344,0,-1.467217,-2.605868,4.306036,0.003097,0.000992,0.995911
345,0,-2.326923,-2.359403,5.547369,0.000380,0.000368,0.999252
346,0,-2.658343,-3.084844,6.181157,0.000145,0.000095,0.999761
347,0,-1.787427,-3.955746,5.781526,0.000516,0.000059,0.999425
348,0,-2.546113,-1.648882,5.125321,0.000465,0.001141,0.998394
349,0,-1.668688,-3.351092,5.208659,0.001030,0.000191,0.998779
350,0,-2.635699,-3.221560,6.274720,0.000135,0.000075,0.999790
351,0,-2.584164,-2.658436,5.830655,0.000221,0.000206,0.999573
352,0,-1.356553,-2.412720,3.954640,0.004903,0.001705,0.993391
353,0,-2.866143,-2.334429,5.549259,0.000221,0.000377,0.999402
354,0,-2.444492,-3.261849,5.961515,0.000223,0.000099,0.999678
355,0,-3.721972,1.461519,3.698742,0.000541,0.096405,0.903054
356,0,-4.308101,1.536224,4.098413,0.000207,0.071597,0.928196
357,0,-2.732773,-2.978891,6.178598,0.000135,0.000105,0.999760
358,0,-3.023885,-1.232656,5.238740,0.000258,0.001544,0.998198
359,0,0.379811,-3.849496,3.787947,0.032027,0.000466,0.967506
360,0,-2.527490,-3.329301,6.209785,0.000160,0.000072,0.999768
361,0,-1.709054,-3.448563,5.393079,0.000823,0.000144,0.999033
362,0,-2.393736,-3.418753,6.207571,0.000184,0.000066,0.999750
363,0,-2.639391,-2.438181,5.583069,0.000268,0.000328,0.999403
364,0,-0.927959,-4.046266,5.191865,0.002194,0.000097,0.997709
365,0,0.584610,-2.442511,1.128061,0.360960,0.017490,0.621550
366,0,-4.243756,1.037696,4.562415,0.000145,0.028613,0.971242
367,0,-0.990034,-3.959641,5.347552,0.001765,0.000091,0.998144
368,0,-0.218497,-3.496070,4.178547,0.012158,0.000459,0.987383
369,0,-3.847150,0.794191,4.328133,0.000273,0.028354,0.971373
370,0,-2.566222,-3.132046,6.215233,0.000154,0.000087,0.999759
371,0,-1.867659,-3.600092,5.724506,0.000504,0.000089,0.999407
372,0,-1.415526,-3.267008,4.762410,0.002070,0.000325,0.997605
373,0,-2.118286,-2.322741,5.195723,0.000665,0.000542,0.998792
374,0,-2.634130,-3.198152,6.299704,0.000132,0.000075,0.999793
375,0,-1.110467,-4.022479,5.319200,0.001610,0.000088,0.998302
376,0,-2.583369,0.595608,2.696318,0.004518,0.108535,0.886947
377,0,-1.068889,-3.898721,5.209746,0.001872,0.000111,0.998017
378,0,-2.615525,-3.250698,6.271244,0.000138,0.000073,0.999789
379,0,-4.361054,2.455090,3.511037,0.000283,0.258012,0.741705
380,0,-3.856654,1.135472,4.109542,0.000330,0.048595,0.951075
381,0,-1.894760,-1.342101,3.789158,0.003369,0.005855,0.990777
382,0,-2.958557,-2.528042,6.159870,0.000110,0.000169,0.999722
383,0,-2.479260,-3.036503,5.857609,0.000239,0.000137,0.999623
384,0,0.881353,-5.091467,3.770146,0.052703,0.000134,0.947163
385,0,-0.709957,-3.992875,4.824447,0.003932,0.000148,0.995920
386,0,-1.499865,-4.034767,5.628320,0.000801,0.000064,0.999135
387,0,-1.644009,-3.495389,5.698903,0.000647,0.000102,0.999252
388,0,-0.332055,-3.675725,4.410816,0.008636,0.000305,0.991059
389,0,-2.881382,-2.828170,6.293530,0.000104,0.000109,0.999787
390,0,-2.655920,-1.415864,4.591076,0.000710,0.002454,0.996836
391,0,-3.261679,-0.956379,4.889579,0.000287,0.002882,0.996830
392,0,0.737781,-3.804944,2.487944,0.147794,0.001573,0.850633
393,0,-1.950411,-3.692883,5.992749,0.000355,0.000062,0.999583
394,0,-2.354295,-3.450003,6.198177,0.000193,0.000065,0.999742
395,0,-2.163644,-3.600904,6.047402,0.000272,0.000065,0.999664
396,0,-2.617932,-2.887504,6.169008,0.000153,0.000117,0.999731
397,0,1.297985,-4.348419,2.850782,0.174575,0.000616,0.824809
398,0,-3.181757,-1.795959,5.672892,0.000143,0.000570,0.999287
399,0,-2.917199,-2.750047,6.151508,0.000115,0.000136,0.999749
400,0,0.771722,-4.447392,3.451457,0.064158,0.000347,0.935495
401,0,-2.309138,-2.995183,5.770788,0.000310,0.000156,0.999535
402,0,-1.543075,-1.263642,3.185115,0.008665,0.011458,0.979878
403,0,-2.035821,-3.692505,6.104246,0.000292,0.000056,0.999653
404,0,-4.115778,2.890176,2.603944,0.000517,0.570778,0.428705
405,0,-3.007434,-2.571654,6.269437,0.000094,0.000145,0.999762
406,0,-2.002493,-2.095934,4.902406,0.001001,0.000912,0.998087
407,0,-2.621254,-3.043996,6.162318,0.000153,0.000100,0.999746
408,0,-3.056834,-1.730502,5.422431,0.000208,0.000782,0.999011
409,0,-1.143636,-4.233993,5.762061,0.001001,0.000046,0.998953
410,0,-3.092746,-2.057595,5.817870,0.000135,0.000380,0.999485
411,0,-1.690093,-1.873780,3.769925,0.004221,0.003512,0.992267
412,0,-1.878245,-0.522862,2.701798,0.009766,0.037875,0.952359
413,0,-1.658998,-3.913427,5.747809,0.000607,0.000064,0.999330
414,0,-1.986881,-3.625735,5.555502,0.000530,0.000103,0.999367
415,0,-1.959001,-3.720055,5.901689,0.000385,0.000066,0.999548
416,0,-2.786676,0.222829,3.515079,0.001764,0.035775,0.962461
417,0,-1.639635,-3.862209,5.549417,0.000754,0.000082,0.999164
418,0,-2.864985,-2.845356,6.317693,0.000103,0.000105,0.999792
419,0,-1.971168,-2.283812,4.824571,0.001116,0.000817,0.998067
420,0,-1.592048,-3.698320,5.728072,0.000662,0.000081,0.999258
421,0,-2.590318,-3.143053,6.121761,0.000165,0.000095,0.999741
422,0,-1.379129,-2.989772,4.694048,0.002297,0.000459,0.997244
423,0,-4.012459,0.647348,4.559682,0.000186,0.019598,0.980216
424,0,-2.690606,-2.366406,5.850924,0.000195,0.000270,0.999535
425,0,-2.823003,-2.671212,6.147197,0.000127,0.000148,0.999725
426,0,-0.675800,-4.409791,5.171648,0.002879,0.000069,0.997052
427,0,-1.814835,-1.356250,3.203623,0.006504,0.010288,0.983209
428,0,-2.978432,-1.161169,4.974625,0.000351,0.002159,0.997491
429,0,-0.054967,-4.292910,4.423337,0.011223,0.000162,0.988615
430,0,-1.771066,-3.217258,5.353541,0.000804,0.000189,0.999006
431,0,-0.347859,-4.598917,5.058450,0.004468,0.000064,0.995468
432,0,-3.618928,0.201995,4.853788,0.000207,0.009452,0.990341
433,0,-1.407582,-4.051816,5.855405,0.000700,0.000050,0.999250
434,0,-1.745309,-3.529882,5.345789,0.000832,0.000140,0.999029
435,0,-2.875968,1.497895,2.258378,0.003998,0.317268,0.678734
436,0,-2.088052,-3.492005,6.124407,0.000271,0.000067,0.999662
437,0,-1.761772,-3.818354,5.890333,0.000475,0.000061,0.999464
438,0,-3.330275,0.527905,4.078135,0.000589,0.027900,0.971511
439,0,-4.000265,2.062137,3.360443,0.000499,0.214343,0.785158
440,0,-2.184238,-3.493970,5.988687,0.000282,0.000076,0.999642
441,0,-2.857696,1.941392,1.812779,0.004364,0.529787,0.465849
442,0,-2.389197,-3.407117,6.059236,0.000214,0.000077,0.999708
443,0,-1.984695,-3.422719,5.769700,0.000429,0.000102,0.999470
444,0,-2.093950,-3.450378,5.966214,0.000316,0.000081,0.999603
445,0,-1.789426,-3.547435,5.889518,0.000462,0.000080,0.999458
446,0,-1.705304,-3.515044,5.780320,0.000561,0.000092,0.999348
447,0,-4.131764,2.420485,3.062357,0.000492,0.344654,0.654854
448,0,-0.482874,-4.473114,4.942996,0.004382,0.000081,0.995537
449,0,-2.678372,-1.804305,5.187587,0.000383,0.000918,0.998699
450,0,-3.545918,-0.195799,4.954084,0.000202,0.005765,0.994032
451,0,-2.911895,-2.719934,6.208265,0.000109,0.000133,0.999758
452,0,-0.928629,-4.251057,5.550889,0.001532,0.000055,0.998413
453,0,-2.024271,-3.429900,5.860741,0.000376,0.000092,0.999532
454,0,-1.442701,-3.865087,5.675282,0.000810,0.000072,0.999119
455,0,-1.765753,-3.933936,5.949760,0.000446,0.000051,0.999503
456,0,-2.923087,-1.787427,5.604585,0.000198,0.000616,0.999187
457,0,-2.300885,-2.892056,5.861376,0.000285,0.000158,0.999557
458,0,-2.805989,-2.439991,6.008514,0.000149,0.000214,0.999637
459,0,-1.835758,-3.705166,5.969994,0.000407,0.000063,0.999530
460,0,1.264191,-3.441483,1.540691,0.429636,0.003886,0.566478
461,0,-2.616172,-2.884219,6.162553,0.000154,0.000118,0.999728
462,0,-2.757710,-2.971703,6.207752,0.000128,0.000103,0.999769
463,0,-1.865208,-3.851834,6.171170,0.000323,0.000044,0.999632
464,0,-1.565119,-3.632540,5.572160,0.000794,0.000100,0.999105
465,0,-1.714114,-2.502773,4.466933,0.002062,0.000937,0.997001
466,0,-1.707219,-3.543961,5.672421,0.000623,0.000099,0.999277
467,0,-2.460435,-3.169031,5.970088,0.000218,0.000107,0.999675
468,0,-2.787760,-2.552410,5.843407,0.000178,0.000226,0.999596
469,0,-1.346968,-4.327620,5.775080,0.000806,0.000041,0.999153
470,0,-2.070212,-3.419153,5.952192,0.000328,0.000085,0.999587
471,0,-3.092680,-0.859450,5.122486,0.000270,0.002517,0.997213
472,0,-2.341876,-2.549270,5.613856,0.000350,0.000285,0.999365
473,0,-1.458495,-3.706339,5.603463,0.000856,0.000090,0.999053
474,0,-2.695001,-3.130973,6.164966,0.000142,0.000092,0.999766
475,0,-2.264969,-3.127274,5.851603,0.000298,0.000126,0.999576
476,0,-2.051529,-2.599157,5.154919,0.000741,0.000428,0.998831
477,0,0.456962,-4.151215,3.529329,0.044242,0.000441,0.955317
478,0,-2.628188,-1.522369,5.104628,0.000437,0.001322,0.998241
479,0,0.226452,-3.980271,3.823617,0.026660,0.000397,0.972943
480,0,1.298170,-5.130218,3.332467,0.115627,0.000187,0.884186
481,0,-3.182935,-1.756596,5.670664,0.000143,0.000594,0.999263
482,0,-4.123985,1.262977,4.132812,0.000246,0.053652,0.946103
483,0,-1.611494,-3.521383,5.338659,0.000957,0.000142,0.998901
484,0,1.512430,-5.094747,2.817683,0.213221,0.000288,0.786491
485,0,-4.139492,2.537225,2.912021,0.000513,0.407174,0.592313
486,0,-1.415526,-3.267008,4.762410,0.002070,0.000325,0.997605
487,0,-2.515138,-3.285677,6.184343,0.000167,0.000077,0.999756
488,0,-1.644296,-3.696308,5.804215,0.000582,0.000075,0.999343
489,0,-2.419132,-3.377461,6.139894,0.000192,0.000074,0.999735
490,0,-0.830168,-3.427569,4.621112,0.004271,0.000318,0.995411
491,0,-2.691079,-3.075102,6.258955,0.000130,0.000088,0.999782
492,0,-2.612164,-3.204169,6.051982,0.000173,0.000095,0.999732
493,0,-2.166640,-3.392731,5.675474,0.000393,0.000115,0.999492
494,0,-0.521712,-4.471093,4.819822,0.004765,0.000092,0.995143
495,0,-0.535534,-3.861416,4.602999,0.005831,0.000210,0.993960
496,0,0.106083,-4.084858,3.565796,0.030466,0.000461,0.969073
497,0,-1.224868,-3.164530,4.857027,0.002278,0.000327,0.997395
498,0,-2.226750,-3.365523,5.905273,0.000294,0.000094,0.999612
499,0,-2.208095,-2.079531,5.213128,0.000598,0.000680,0.998723
500,0,-2.903867,-2.830740,6.077781,0.000126,0.000135,0.999739
501,0,-3.270459,-1.483606,5.418624,0.000168,0.001004,0.998827
502,0,-2.552842,-1.090571,4.165586,0.001201,0.005182,0.993617
503,0,-1.260255,-4.122073,5.623048,0.001024,0.000059,0.998918
504,0,0.385939,-4.874289,4.347214,0.018681,0.000097,0.981222
505,0,-2.127383,-2.572085,5.079746,0.000740,0.000475,0.998785
506,0,-2.384109,-3.306188,5.925573,0.000246,0.000098,0.999656
507,0,-2.498110,-3.409720,6.173034,0.000171,0.000069,0.999760
508,0,0.827757,-4.712789,3.950685,0.042164,0.000165,0.957670
509,0,-2.139480,-3.427357,6.034423,0.000282,0.000078,0.999640
510,0,-1.982165,-3.314881,5.869658,0.000389,0.000103,0.999509
511,0,0.667286,-4.404913,3.411109,0.060414,0.000379,0.939208
512,0,-0.449140,-4.362852,4.793518,0.005258,0.000105,0.994637
513,0,2.771399,-5.040541,1.071165,0.845276,0.000342,0.154382
514,0,-1.209057,-4.293927,5.464681,0.001262,0.000058,0.998680
515,0,-1.415526,-3.267008,4.762410,0.002070,0.000325,0.997605
516,0,-1.858293,-3.501914,5.810441,0.000467,0.000090,0.999443
517,0,-0.179946,-3.993742,4.483015,0.009348,0.000206,0.990445
518,0,-2.872105,-2.292695,5.852789,0.000162,0.000290,0.999548
519,0,-0.970618,-3.948163,5.179533,0.002128,0.000108,0.997763
520,0,3.517677,-3.936911,-0.693759,0.984830,0.000570,0.014600
521,0,-2.096182,-3.793932,6.221808,0.000244,0.000045,0.999711
522,0,-2.117149,-2.729656,5.358986,0.000566,0.000307,0.999127
523,0,-2.917701,-2.264525,5.957166,0.000140,0.000269,0.999592
524,0,-3.827966,1.241209,3.621738,0.000532,0.084624,0.914843
525,0,0.433520,-0.352399,-0.301068,0.516688,0.235455,0.247857
526,0,-2.763835,-1.827953,5.454711,0.000269,0.000687,0.999044
527,0,-1.778936,-3.962147,6.016415,0.000411,0.000046,0.999542
528,0,-0.978747,-4.167592,5.493115,0.001544,0.000064,0.998393
529,0,-2.938729,-1.207254,4.971394,0.000366,0.002068,0.997566
530,0,-1.770877,-3.699953,5.961374,0.000438,0.000064,0.999498
531,0,-2.519900,0.593378,2.692561,0.004830,0.108649,0.886521
532,0,-2.411753,-3.473730,6.067950,0.000208,0.000072,0.999721
533,0,-3.789034,1.016720,3.869742,0.000446,0.054501,0.945053
534,0,-1.526280,-0.881111,2.812953,0.012570,0.023962,0.963468
535,0,-0.613956,-2.539598,3.702608,0.013145,0.001916,0.984939
536,0,-1.034734,-4.153415,5.309880,0.001753,0.000078,0.998170
537,0,-2.903014,1.895120,1.817713,0.004264,0.517128,0.478609
538,0,-2.354002,-3.253114,6.134588,0.000206,0.000084,0.999711
539,0,-3.946228,2.365909,2.936506,0.000655,0.360863,0.638483
540,0,-2.068456,-3.715648,6.095217,0.000285,0.000055,0.999660
541,0,-3.643714,-0.674975,5.319950,0.000128,0.002485,0.997387
542,0,-0.833717,-3.040847,4.181169,0.006590,0.000725,0.992685
543,0,-2.296062,-3.527058,6.195883,0.000205,0.000060,0.999735
544,0,-2.623848,-2.337537,5.413672,0.000323,0.000430,0.999247
545,0,-1.251691,-4.186108,5.487911,0.001182,0.000063,0.998756
546,0,-1.539417,-3.785969,5.617070,0.000779,0.000082,0.999138
547,0,-2.664191,-3.231915,6.182260,0.000144,0.000082,0.999775
548,0,-0.498660,-1.514824,1.896765,0.081071,0.029346,0.889583
549,0,-2.673917,-2.900329,6.178251,0.000143,0.000114,0.999743
550,0,0.527853,-3.811468,2.757517,0.096995,0.001265,0.901739
551,0,-3.140791,-2.004042,5.959181,0.000112,0.000348,0.999541
552,0,-2.980596,-2.344424,6.023041,0.000123,0.000232,0.999645
553,0,-2.113197,-3.476143,6.005424,0.000298,0.000076,0.999626
554,0,-2.431379,-3.404052,6.238083,0.000172,0.000065,0.999763
555,0,-2.429078,-3.357712,6.133911,0.000191,0.000075,0.999734
556,0,-2.099162,-0.182298,2.794008,0.007083,0.048164,0.944752
557,0,-2.756816,-2.873195,6.205821,0.000128,0.000114,0.999758
558,0,-1.415526,-3.267008,4.762410,0.002070,0.000325,0.997605
559,0,-3.620220,1.619920,3.183602,0.000917,0.172960,0.826123
560,0,-2.335270,-3.392310,5.996428,0.000241,0.000084,0.999676
561,0,-2.381410,-1.688064,4.455689,0.001070,0.002140,0.996790
562,0,-2.580424,-3.209638,5.963172,0.000195,0.000104,0.999701
563,0,-3.903251,0.918515,4.016368,0.000348,0.043181,0.956471
564,0,-1.172850,-3.777868,5.498951,0.001264,0.000093,0.998642
565,0,-2.339041,-3.365362,6.146166,0.000206,0.000074,0.999720
566,0,-2.131470,-3.492181,6.128885,0.000258,0.000066,0.999675
567,0,-3.092746,-2.057595,5.817870,0.000135,0.000380,0.999485
568,0,0.231275,-2.929451,2.533496,0.090590,0.003841,0.905569
569,0,1.148799,-4.739134,3.083117,0.126229,0.000350,0.873421
570,0,0.473862,-2.944005,2.163637,0.155014,0.005082,0.839905
571,0,-1.313393,1.098943,0.566863,0.053433,0.596307,0.350260
572,0,-2.407498,-2.741610,5.921799,0.000241,0.000173,0.999586
573,0,-1.492974,-3.405417,5.364829,0.001050,0.000155,0.998795
574,0,-2.313197,-3.394530,5.987200,0.000248,0.000084,0.999667
575,0,-2.815508,-0.889915,4.067014,0.001017,0.006978,0.992004
576,0,-1.415526,-3.267008,4.762410,0.002070,0.000325,0.997605
577,0,-3.926671,0.362002,4.703819,0.000176,0.012843,0.986980
578,0,-1.621414,-3.119940,5.132893,0.001164,0.000260,0.998576
579,0,-3.266381,0.268626,4.245357,0.000536,0.018392,0.981072
580,0,-3.918502,1.247752,4.005942,0.000340,0.059605,0.940054
581,0,-2.525598,-3.198648,6.132133,0.000174,0.000089,0.999738
582,0,-2.941811,-1.470214,5.103545,0.000320,0.001394,0.998286
583,0,0.752271,-4.904429,4.319057,0.027468,0.000096,0.972436
584,0,-2.455781,-3.243245,6.262468,0.000164,0.000074,0.999762
585,0,-1.926985,-3.853032,6.122635,0.000319,0.000047,0.999634
586,0,-1.907925,0.945993,1.403938,0.021838,0.379012,0.599150
587,0,3.490695,-4.812230,0.464476,0.953519,0.000236,0.046244
588,0,-0.464847,-4.297948,5.106491,0.003791,0.000082,0.996127
589,0,-2.327045,-3.524737,6.187265,0.000201,0.000061,0.999739
590,0,-0.411658,1.392501,-0.935952,0.130432,0.792356,0.077212
591,0,-2.131042,-3.708817,6.283298,0.000222,0.000046,0.999733
592,0,-2.422664,-3.470819,6.106750,0.000198,0.000069,0.999733
593,0,-2.340095,-2.797881,5.509175,0.000390,0.000247,0.999364
594,0,-2.743643,-3.018414,6.273147,0.000121,0.000092,0.999787
595,0,-2.728746,-2.832839,6.115686,0.000144,0.000130,0.999726
596,0,-1.166304,-0.447253,1.746634,0.046591,0.095628,0.857781
597,0,-2.113197,-3.476143,6.005424,0.000298,0.000076,0.999626
598,0,-1.330609,-3.395969,5.210421,0.001441,0.000183,0.998377
599,0,-0.343238,-4.432126,4.972338,0.004890,0.000082,0.995028
600,0,-2.504877,-3.298252,6.213919,0.000163,0.000074,0.999763
601,0,-2.654523,-3.111120,6.095425,0.000158,0.000100,0.999741
602,0,-1.765805,-3.641234,5.761042,0.000538,0.000082,0.999379
603,0,-3.927170,2.842275,2.380354,0.000704,0.613038,0.386258
604,0,-4.351913,2.356941,3.523892,0.000290,0.237338,0.762373
605,0,-0.094616,-2.801441,3.393875,0.029583,0.001975,0.968442
606,0,-2.645850,-3.143682,6.317362,0.000128,0.000078,0.999794
607,0,-0.849259,-3.871378,4.697764,0.003883,0.000189,0.995928
608,0,-2.245884,-2.131824,5.192429,0.000588,0.000659,0.998754
609,0,-2.552665,-2.957453,6.145867,0.000167,0.000111,0.999722
610,0,-4.342651,1.915994,3.801471,0.000252,0.131728,0.868020
611,0,-0.286044,-4.494662,4.902276,0.005550,0.000083,0.994368
612,0,0.641364,-0.520125,-0.573878,0.621250,0.194464,0.184286
613,0,-4.182512,3.066338,2.533321,0.000448,0.629904,0.369648
614,0,-3.592409,-0.795283,5.350851,0.000130,0.002137,0.997733
615,0,-1.740689,-3.910744,6.056444,0.000411,0.000047,0.999542
616,0,-3.476100,2.217405,2.240339,0.001662,0.493445,0.504893
617,0,-3.406670,-1.214756,5.584260,0.000124,0.001113,0.998762
618,0,-1.258884,-4.056849,5.719978,0.000930,0.000057,0.999013
619,0,-0.450047,-4.571441,4.956518,0.004467,0.000072,0.995461
620,0,-0.935115,-4.400719,5.249980,0.002056,0.000064,0.997880
621,0,1.834680,-4.250620,2.209684,0.406955,0.000926,0.592119
622,0,-1.987737,-3.791494,6.075528,0.000315,0.000052,0.999633
623,0,-0.682357,-4.189671,4.950446,0.003565,0.000107,0.996328
624,0,-2.672372,-2.081424,5.586829,0.000259,0.000467,0.999274
625,0,-1.282818,-4.011556,5.156699,0.001594,0.000104,0.998301
626,0,0.750499,-3.795700,3.000844,0.095223,0.001010,0.903767
627,0,-3.578679,-0.763404,5.309465,0.000138,0.002299,0.997563
628,0,-2.591914,-3.209359,6.147320,0.000160,0.000086,0.999754
629,0,-2.778304,-2.459704,5.927703,0.000166,0.000228,0.999607
630,0,-1.468500,-3.882704,5.553165,0.000891,0.000080,0.999029
631,0,-1.164034,-3.153581,4.852478,0.002431,0.000333,0.997236
632,0,-3.366496,-1.172434,5.462009,0.000146,0.001312,0.998541
633,0,-1.314815,-3.785882,5.406091,0.001204,0.000102,0.998694
634,0,-1.727437,-3.610030,5.981924,0.000448,0.000068,0.999483
635,0,-4.023999,1.687754,3.610004,0.000422,0.127557,0.872021
636,0,-1.411048,-1.990228,3.373186,0.008253,0.004625,0.987123
637,0,-1.803629,-2.896588,5.193784,0.000913,0.000306,0.998781
638,0,-2.394691,-3.461584,6.177651,0.000189,0.000065,0.999746
639,0,-2.272640,-2.746523,5.837432,0.000300,0.000187,0.999513
640,0,-1.652534,-3.675647,5.593852,0.000712,0.000094,0.999194
641,0,-2.390800,-3.407308,6.060063,0.000214,0.000077,0.999709
642,0,-1.124858,-3.813028,5.249999,0.001701,0.000116,0.998184
643,0,1.120859,-3.264395,1.477254,0.409730,0.005105,0.585165
644,0,-2.587221,-3.085776,6.227612,0.000148,0.000090,0.999761
645,0,-3.305939,0.557096,3.891300,0.000722,0.034391,0.964886
646,0,-1.415526,-3.267008,4.762410,0.002070,0.000325,0.997605
647,0,-0.862811,-2.897849,3.902933,0.008435,0.001102,0.990462
648,0,-2.275973,-1.199421,4.137280,0.001629,0.004781,0.993590
649,0,-0.915846,-2.575402,3.969714,0.007488,0.001424,0.991088
650,0,-2.676348,-2.953190,5.956470,0.000178,0.000135,0.999687
651,0,-2.736780,-0.796920,4.357126,0.000825,0.005738,0.993437
652,0,0.415713,-2.760705,1.657073,0.222121,0.009270,0.768609
653,0,-2.454119,-2.938308,5.765976,0.000269,0.000166,0.999565
654,0,-1.651327,-2.936910,4.929873,0.001384,0.000383,0.998234
655,0,-2.708685,-3.091063,6.225480,0.000132,0.000090,0.999778
656,0,0.486952,-4.269621,3.451304,0.049042,0.000422,0.950537
657,0,0.441430,-4.841945,4.354122,0.019593,0.000099,0.980308
658,0,-1.157577,-4.194608,5.642962,0.001112,0.000053,0.998835
659,0,-2.143235,-3.369720,5.853677,0.000336,0.000099,0.999565
660,0,-2.531085,-3.173314,5.988002,0.000200,0.000105,0.999695
661,0,-1.434905,-3.937243,5.733944,0.000770,0.000063,0.999167
662,0,-2.020376,-3.345933,5.838347,0.000386,0.000103,0.999511
663,0,-0.431487,-4.543303,4.993138,0.004387,0.000072,0.995541
664,0,-1.759203,-3.367697,5.437981,0.000748,0.000150,0.999102
665,0,-2.418680,-3.172684,5.878038,0.000249,0.000117,0.999633
666,0,-2.267074,-3.583799,6.199755,0.000210,0.000056,0.999733
667,0,-0.428756,-3.138129,3.890852,0.013119,0.000873,0.986008
668,0,-0.998105,-4.392642,5.520575,0.001473,0.000049,0.998477
669,0,-2.524888,-3.219244,6.314091,0.000145,0.000072,0.999783
670,0,-1.950313,-3.722694,6.060599,0.000332,0.000056,0.999612
671,0,-2.885983,-2.596162,6.220835,0.000111,0.000148,0.999741
672,0,-4.275147,2.499257,3.238266,0.000369,0.323101,0.676529
673,0,-2.138222,-3.618251,6.189741,0.000242,0.000055,0.999703
674,0,-2.010605,-2.862559,5.394615,0.000608,0.000259,0.999133
675,0,-1.415526,-3.267008,4.762410,0.002070,0.000325,0.997605
676,0,-2.701890,-2.686507,6.013821,0.000164,0.000166,0.999670
677,0,-4.073224,0.859931,4.342264,0.000215,0.029813,0.969973
678,0,-2.728477,-2.872518,6.224912,0.000129,0.000112,0.999759
679,0,-2.608061,-2.627236,5.657766,0.000257,0.000252,0.999491
680,0,-2.186044,-3.155675,5.782647,0.000346,0.000131,0.999523
681,0,-0.116907,-3.931090,4.326162,0.011620,0.000256,0.988124
682,0,-2.136883,0.187168,2.587772,0.008070,0.082456,0.909474
683,0,-2.923939,-2.608846,6.088392,0.000122,0.000167,0.999711
684,0,-2.534381,-1.547643,4.742311,0.000690,0.001850,0.997460
685,0,-2.012791,-3.707807,5.943112,0.000350,0.000064,0.999585
686,0,-1.647769,-3.093147,5.220805,0.001039,0.000245,0.998717
687,0,-1.415526,-3.267008,4.762410,0.002070,0.000325,0.997605
688,0,-2.664894,-3.149048,6.362801,0.000120,0.000074,0.999806
689,0,-1.999135,-3.395035,5.636871,0.000482,0.000119,0.999398
690,0,-2.858298,1.633779,2.217598,0.003993,0.356625,0.639382
691,0,-2.071602,1.619567,1.406444,0.013608,0.545554,0.440839
692,0,-3.708538,0.535175,4.432109,0.000286,0.019894,0.979820
693,0,-0.891332,-3.275087,4.880713,0.003103,0.000286,0.996611
694,0,-2.484550,-3.015179,6.078443,0.000191,0.000112,0.999697
695,0,-2.348128,-3.306150,6.224833,0.000189,0.000073,0.999738
696,0,-2.182300,-3.553207,6.063188,0.000262,0.000067,0.999671
697,0,2.578409,-4.900358,1.737961,0.698284,0.000394,0.301322
698,0,-3.357919,1.376202,3.101184,0.001328,0.151030,0.847643
699,0,-0.332480,-4.455175,4.401291,0.008715,0.000141,0.991143
700,0,-1.653490,-2.985021,5.190821,0.001064,0.000281,0.998655
701,0,-0.591263,-4.210736,4.772352,0.004662,0.000125,0.995214
702,0,-0.881737,-3.705810,4.890246,0.003103,0.000184,0.996712
703,0,-2.692621,-3.157188,6.357270,0.000117,0.000074,0.999809
704,0,0.383687,-4.034634,3.431979,0.045267,0.000546,0.954188
705,0,-1.105371,-3.094662,4.947827,0.002344,0.000321,0.997335
706,0,-2.532618,-3.224594,6.137114,0.000172,0.000086,0.999742
707,0,-2.163350,-3.640424,5.949767,0.000299,0.000068,0.999632
708,0,-2.144003,-3.684658,6.152858,0.000249,0.000053,0.999697
709,0,0.047822,-2.934072,2.546152,0.075684,0.003837,0.920479
710,0,-1.933102,-3.510454,5.938558,0.000381,0.000079,0.999540
711,0,-2.681758,-3.092809,6.231500,0.000135,0.000089,0.999776
712,0,-2.384315,-1.246786,4.202073,0.001371,0.004277,0.994352
713,0,1.832919,-3.606368,0.677997,0.757906,0.003291,0.238803
714,0,-2.807279,-2.650164,6.115905,0.000133,0.000156,0.999711
715,0,-3.998832,1.029715,4.174317,0.000270,0.041293,0.958436
716,0,-2.639328,-2.123809,5.417912,0.000317,0.000530,0.999153
717,0,-2.388654,-3.448394,6.162251,0.000193,0.000067,0.999740
718,0,-3.333162,-1.141434,5.510753,0.000144,0.001289,0.998567
719,0,-0.205123,-4.803796,4.937577,0.005808,0.000058,0.994134
720,0,-2.605227,-2.631231,5.789618,0.000226,0.000220,0.999554
721,0,-1.014186,-4.288075,5.568915,0.001382,0.000052,0.998566
722,0,-2.398192,-3.180892,6.157685,0.000192,0.000088,0.999720
723,0,-2.105574,-3.425394,5.849237,0.000351,0.000094,0.999555
724,0,-3.321962,-0.969115,5.288644,0.000182,0.001912,0.997907
725,0,-1.332037,-3.818902,5.539567,0.001036,0.000086,0.998878
726,0,-1.130917,-4.112854,5.513545,0.001299,0.000066,0.998635
727,0,-2.554542,-3.271953,6.135303,0.000168,0.000082,0.999750
728,0,-1.772266,-1.704425,3.836283,0.003639,0.003894,0.992467
729,0,-0.669536,-3.459236,4.184272,0.007735,0.000475,0.991790
730,0,-1.713290,-2.740152,5.103795,0.001093,0.000392,0.998515
731,0,-2.547774,-3.326421,6.247042,0.000151,0.000070,0.999779
732,0,-0.282236,-3.654219,4.223273,0.010923,0.000375,0.988702
733,0,-4.123985,1.262977,4.132812,0.000246,0.053652,0.946103
734,0,-2.560304,-1.531059,4.874038,0.000589,0.001649,0.997761
735,0,-1.794898,-3.709971,6.086723,0.000377,0.000056,0.999567
736,0,-2.492354,-3.255330,6.086652,0.000188,0.000088,0.999724
737,0,-2.402108,-3.156627,6.220075,0.000180,0.000085,0.999735
738,0,-2.384616,-2.400459,5.705753,0.000306,0.000301,0.999392
739,0,-2.285359,-1.819653,4.451643,0.001183,0.001884,0.996933
740,0,-2.258054,-3.416628,6.096727,0.000235,0.000074,0.999691
741,0,-3.371329,-1.245148,5.411083,0.000153,0.001284,0.998563
742,0,-2.281176,-2.775176,5.786188,0.000313,0.000191,0.999495
743,0,-2.912245,-2.553865,6.132759,0.000118,0.000169,0.999713
744,0,-2.674865,-3.140698,6.177314,0.000143,0.000090,0.999767
745,0,-2.397978,-1.369578,4.346272,0.001172,0.003279,0.995549
746,0,-1.661743,-4.010665,5.968784,0.000485,0.000046,0.999469
747,0,-2.452878,-3.166295,6.069645,0.000199,0.000097,0.999704
748,0,-2.672506,-3.130981,6.197382,0.000141,0.000089,0.999771
749,0,-2.676423,-2.709662,5.894224,0.000190,0.000183,0.999627
750,0,0.105045,-3.475403,3.851072,0.023052,0.000642,0.976306
751,0,-3.952876,0.974859,4.360102,0.000237,0.032752,0.967011
752,0,0.339475,-3.999541,3.760750,0.031624,0.000413,0.967963
753,0,-2.149611,-3.511727,6.082926,0.000266,0.000068,0.999666
754,0,-2.190529,-3.355514,6.104675,0.000250,0.000078,0.999673
755,0,-3.766296,0.556005,4.624895,0.000223,0.016805,0.982972
756,0,-1.434603,-2.228312,4.061073,0.004080,0.001845,0.994075
757,0,-2.816063,0.448860,3.558220,0.001629,0.042653,0.955717
758,0,1.038816,-4.024993,2.650330,0.166204,0.001051,0.832746
759,0,-2.542084,-3.160245,6.305369,0.000144,0.000077,0.999779
760,0,-2.297469,-3.344818,6.146782,0.000215,0.000075,0.999709
761,0,-2.731299,-0.004326,3.561726,0.001795,0.027441,0.970764
762,0,-2.537861,-3.220366,6.210789,0.000159,0.000080,0.999761
763,0,-2.107756,-2.992193,5.873463,0.000342,0.000141,0.999517
764,0,-0.629433,-4.228715,5.055937,0.003383,0.000093,0.996524
765,0,-2.054373,-3.486619,6.070428,0.000296,0.000071,0.999633
766,0,-2.932783,-1.454617,5.016476,0.000352,0.001545,0.998103
767,0,-2.622352,-3.096001,6.093970,0.000164,0.000102,0.999734
768,0,-1.781554,-3.040282,5.492878,0.000692,0.000197,0.999111
769,0,-2.996869,-2.622124,6.260839,0.000095,0.000139,0.999766
770,0,-3.945032,2.354250,3.035931,0.000617,0.335679,0.663704
771,0,-2.918870,-1.823317,5.514371,0.000217,0.000650,0.999133
772,0,-0.991426,-4.170354,5.254515,0.001934,0.000081,0.997985
773,0,0.104733,-4.561315,4.612363,0.010903,0.000103,0.988994
774,0,-3.940132,1.351473,3.690447,0.000442,0.087907,0.911650
775,0,-0.935369,-3.615700,4.901883,0.002908,0.000199,0.996893
776,0,-3.599512,0.411050,4.105767,0.000439,0.024241,0.975320
777,0,-1.188211,-3.699171,4.748522,0.002633,0.000214,0.997153
778,0,0.543140,-4.689677,3.764170,0.038374,0.000205,0.961421
779,0,-2.420909,-1.675434,4.596815,0.000893,0.001883,0.997224
780,0,-1.043274,-3.504298,5.073647,0.002200,0.000188,0.997612
781,0,-3.407449,-0.233481,4.787087,0.000274,0.006556,0.993170
782,0,-2.522073,-2.709037,5.740550,0.000258,0.000214,0.999528
783,0,-1.760085,-3.786229,5.721368,0.000563,0.000074,0.999363
784,0,-4.123437,1.068011,4.379310,0.000196,0.035179,0.964626
785,0,0.823485,-4.030217,2.631868,0.140679,0.001097,0.858224
786,0,-2.838429,-2.879299,6.256646,0.000112,0.000108,0.999780
787,0,-1.372805,-3.007953,4.948459,0.001794,0.000350,0.997857
788,0,-1.544497,-4.068772,5.813513,0.000637,0.000051,0.999312
789,0,-2.304088,-3.454618,6.279496,0.000187,0.000059,0.999754
790,0,-1.959161,-3.280057,5.886442,0.000391,0.000104,0.999504
791,0,0.943953,-5.071049,3.660562,0.061991,0.000151,0.937858
792,0,1.435935,-5.108783,3.278849,0.136680,0.000197,0.863123
793,0,-2.671546,-2.638185,5.871095,0.000195,0.000202,0.999604
794,0,-2.253978,-3.386380,6.147812,0.000224,0.000072,0.999703
795,0,-1.548327,-4.084442,5.963602,0.000546,0.000043,0.999411
796,0,-1.311349,0.591736,1.078877,0.053698,0.360131,0.586170
797,0,-2.731339,-2.629688,6.069491,0.000151,0.000167,0.999683
798,0,-1.415526,-3.267008,4.762410,0.002070,0.000325,0.997605
799,0,-1.210341,-4.010958,5.384221,0.001366,0.000083,0.998551
800,0,-1.387572,-1.688017,3.058288,0.011492,0.008510,0.979998
801,0,-4.022567,1.845624,3.678685,0.000390,0.137820,0.861790
802,0,-2.549603,-3.238714,6.171492,0.000163,0.000082,0.999755
803,0,-2.019087,-2.579260,5.264529,0.000686,0.000392,0.998922
804,0,-2.441283,-3.396630,6.161555,0.000184,0.000071,0.999746
805,0,-2.076346,-3.102429,5.782001,0.000386,0.000138,0.999475
806,0,-1.658164,-3.729260,5.744048,0.000609,0.000077,0.999314
807,0,0.677024,-4.576021,4.033096,0.033691,0.000176,0.966133
808,0,-0.935060,-4.227377,5.502178,0.001598,0.000059,0.998342
809,0,-1.275113,-3.828762,5.007028,0.001866,0.000145,0.997989
810,0,-2.719731,-2.827269,6.155594,0.000140,0.000126,0.999735
811,0,-3.421875,0.940549,3.534798,0.000885,0.069448,0.929667
812,0,-0.271587,-3.833495,4.417637,0.009108,0.000259,0.990634
813,0,-3.201904,-1.769427,5.825671,0.000120,0.000503,0.999377
814,0,-2.355432,-2.979462,5.856348,0.000271,0.000145,0.999583
815,0,-2.274794,-3.485094,6.012721,0.000252,0.000075,0.999673
816,0,-1.940187,-3.665473,5.864738,0.000408,0.000073,0.999520
817,0,-1.873395,-3.523263,5.989962,0.000384,0.000074,0.999542
818,0,-4.338765,1.176249,4.479759,0.000143,0.035446,0.964411
819,0,-2.007899,-2.914122,5.501358,0.000548,0.000221,0.999231
820,0,-2.677416,-3.138836,6.009705,0.000169,0.000106,0.999725
821,0,-1.637989,-3.722472,5.522810,0.000776,0.000096,0.999128
822,0,-1.190105,-3.759608,5.253410,0.001588,0.000122,0.998290
823,0,-1.778258,-3.026220,5.443650,0.000730,0.000209,0.999061
824,0,-0.603382,-3.970394,5.063181,0.003447,0.000119,0.996434
825,0,-2.687293,-3.150625,6.182892,0.000140,0.000088,0.999771
826,0,-2.679240,-1.920280,5.416843,0.000304,0.000650,0.999045
827,0,-1.302422,-3.538476,5.081590,0.001685,0.000180,0.998135
828,0,-2.571193,-2.868489,6.115662,0.000169,0.000125,0.999706
829,0,-2.057239,-3.711960,6.026681,0.000308,0.000059,0.999633
830,0,-2.357684,-3.501029,6.199372,0.000192,0.000061,0.999747
831,0,-2.721610,-3.061488,6.244317,0.000128,0.000091,0.999781
832,0,1.698406,-4.916862,2.681180,0.272242,0.000365,0.727393
833,0,-2.501179,-2.668196,5.752317,0.000260,0.000220,0.999520
834,0,2.620024,-4.488950,0.989926,0.835612,0.000683,0.163705
835,0,-2.242589,-3.320964,6.106294,0.000237,0.000080,0.999683
836,0,0.369529,-4.382476,4.002427,0.025753,0.000222,0.974025
837,0,-3.165509,-0.707427,4.682453,0.000389,0.004540,0.995071
838,0,-1.537110,-3.977252,5.804864,0.000647,0.000056,0.999296
839,0,-1.334472,-3.490888,5.346967,0.001252,0.000145,0.998603
840,0,-3.011680,-1.598896,5.472087,0.000207,0.000849,0.998945
841,0,-2.750591,-3.083565,6.151248,0.000136,0.000098,0.999766
842,0,-0.823005,-0.886461,1.688044,0.070144,0.065831,0.864024
843,0,-3.247403,-0.942499,5.090487,0.000239,0.002392,0.997369
844,0,-2.258273,-3.174107,5.488379,0.000432,0.000173,0.999395
845,0,-2.304368,-3.326606,6.150887,0.000213,0.000077,0.999711
846,0,-0.971937,-4.216279,5.275557,0.001931,0.000075,0.997993
847,0,-1.580711,-3.765215,5.686259,0.000698,0.000079,0.999224
848,0,-2.567259,-2.919150,6.108043,0.000171,0.000120,0.999709
849,0,-4.121495,1.206841,4.222455,0.000227,0.046715,0.953058
850,0,-0.607582,-2.765043,3.518790,0.015856,0.001833,0.982311
851,0,-2.166518,-2.033741,4.795267,0.000945,0.001080,0.997975
852,0,-2.074875,-3.088141,5.614075,0.000458,0.000166,0.999376
853,0,-2.320666,-3.559814,6.227409,0.000194,0.000056,0.999750
854,0,-1.962024,-3.833110,5.991951,0.000351,0.000054,0.999595
855,0,-0.350560,-3.470039,3.795215,0.015574,0.000688,0.983738
856,0,-3.145941,0.950541,3.083774,0.001758,0.105722,0.892519
857,0,-0.922047,-3.697330,4.998595,0.002676,0.000167,0.997157
858,0,-4.122990,1.178840,4.439242,0.000184,0.036948,0.962868
859,0,-4.164441,0.996693,4.431763,0.000179,0.031212,0.968609
860,0,-1.198761,-3.506711,4.802455,0.002469,0.000246,0.997285
861,0,-0.944875,-3.943953,5.161678,0.002223,0.000111,0.997666
862,0,4.140608,-4.754755,-0.710608,0.992107,0.000136,0.007757
863,0,-2.239242,-2.802251,5.311533,0.000525,0.000299,0.999176
864,0,-4.392220,2.450530,3.466738,0.000284,0.265691,0.734025
865,0,-0.032243,-4.560093,4.562673,0.010001,0.000108,0.989891
866,0,-2.708204,-3.112502,6.293633,0.000123,0.000082,0.999795
867,0,-1.697334,-3.998850,5.892395,0.000505,0.000051,0.999444
868,0,-0.902315,-4.087863,4.975309,0.002793,0.000116,0.997091
869,0,0.106083,-4.084858,3.565796,0.030466,0.000461,0.969073
870,0,-2.916902,-2.515265,6.013638,0.000132,0.000198,0.999670
871,0,-3.665949,-0.266724,4.876144,0.000194,0.005806,0.994000
872,0,-2.468365,-3.408621,6.227260,0.000167,0.000065,0.999767
873,0,-2.521241,-3.283342,6.297531,0.000148,0.000069,0.999783
874,0,-1.342592,-4.018778,5.405627,0.001171,0.000081,0.998748
875,0,0.106083,-4.084858,3.565796,0.030466,0.000461,0.969073
876,0,-0.651292,-4.284942,5.288641,0.002625,0.000069,0.997306
877,0,-0.754941,-4.370951,5.230323,0.002509,0.000067,0.997424
878,0,-1.741559,-3.714280,5.881383,0.000489,0.000068,0.999443
879,0,-3.010724,-1.264213,4.982089,0.000337,0.001933,0.997730
880,0,1.398682,-5.250895,3.442519,0.114660,0.000148,0.885192
881,0,-1.506125,-3.928730,5.350714,0.001051,0.000093,0.998856
882,0,-1.862628,-3.782801,5.628172,0.000558,0.000082,0.999360
883,0,-4.121953,0.274294,4.943004,0.000115,0.009296,0.990589
884,0,-2.578389,-1.313254,4.563607,0.000788,0.002794,0.996418
885,0,-1.446484,-3.940980,5.350833,0.001115,0.000092,0.998793
886,0,-2.539178,-2.433754,5.606786,0.000290,0.000322,0.999388
887,0,-2.714978,-2.908151,6.213273,0.000133,0.000109,0.999758
888,0,-2.039719,-3.739398,5.928798,0.000346,0.000063,0.999591
889,0,0.199574,-4.608471,4.416595,0.014527,0.000119,0.985355
890,0,-2.378393,-3.249444,5.708905,0.000307,0.000129,0.999564
891,0,-0.556490,-4.252239,4.803983,0.004676,0.000116,0.995208
892,0,-2.266484,-3.149311,5.845907,0.000300,0.000124,0.999576
893,0,-2.730428,-2.350611,5.908597,0.000177,0.000259,0.999564
894,0,-4.017957,0.737482,4.710700,0.000159,0.018462,0.981379
895,0,-1.714228,-2.787042,5.342391,0.000861,0.000294,0.998845
896,0,-1.194863,-3.955935,5.270543,0.001554,0.000098,0.998348
897,0,-2.684107,1.778038,1.748757,0.005819,0.504368,0.489813
898,0,-3.092746,-2.057595,5.817870,0.000135,0.000380,0.999485
899,0,-2.749028,-2.510463,6.000554,0.000158,0.000201,0.999640
900,0,-0.235962,-3.526770,3.589859,0.021318,0.000794,0.977888
901,0,-2.612334,-3.287696,6.239781,0.000143,0.000073,0.999784
902,0,-1.819318,-3.921363,6.006122,0.000399,0.000049,0.999552
903,0,2.661102,-3.895368,0.490126,0.896469,0.001274,0.102257
904,0,-1.986472,-3.780160,6.060315,0.000320,0.000053,0.999627
905,0,-2.254085,-2.427071,5.054235,0.000669,0.000563,0.998768
906,0,-2.179333,-2.417131,5.283987,0.000573,0.000452,0.998975
907,0,-3.033512,-0.543123,4.731695,0.000422,0.005091,0.994487
908,0,-1.354330,-3.969305,5.575828,0.000977,0.000071,0.998952
909,0,-2.433167,-3.006020,5.951569,0.000228,0.000129,0.999643
910,0,-1.666112,-3.925208,5.795771,0.000574,0.000060,0.999366
911,0,-1.676521,-3.356288,5.466827,0.000789,0.000147,0.999064
912,0,-2.089237,-3.570803,5.976980,0.000314,0.000071,0.999615
913,0,-1.626253,-3.245696,5.396197,0.000891,0.000176,0.998933
914,0,-2.109863,-3.566131,5.846658,0.000350,0.000082,0.999568
915,0,-2.698390,-2.938192,6.224416,0.000133,0.000105,0.999762
916,0,-2.568454,-0.869832,4.306064,0.001027,0.005614,0.993360
917,0,-1.582841,-3.808068,5.222337,0.001107,0.000120,0.998774
918,0,-1.728047,-3.863430,5.662347,0.000617,0.000073,0.999310
919,0,-1.398955,-3.641676,5.370897,0.001146,0.000122,0.998732
920,0,-3.592409,-0.795283,5.350851,0.000130,0.002137,0.997733
921,0,-1.787715,-3.461683,5.793759,0.000510,0.000096,0.999395
922,0,-1.222638,-3.313612,4.724480,0.002606,0.000322,0.997072
923,0,-2.266998,-3.215021,5.888364,0.000287,0.000111,0.999602
924,0,-2.005045,-3.500587,5.874053,0.000378,0.000085,0.999537
925,0,-1.902491,-3.649488,5.973439,0.000380,0.000066,0.999554
926,0,-2.536742,-3.236233,6.203619,0.000160,0.000079,0.999761
927,0,0.306879,-4.453204,4.274986,0.018555,0.000159,0.981286
928,0,-2.190937,-3.480847,5.997060,0.000278,0.000076,0.999646
929,0,-2.108382,-2.368623,5.296515,0.000608,0.000468,0.998924
930,0,-2.247834,-3.470121,6.124939,0.000231,0.000068,0.999701
931,0,-1.844949,-3.754111,5.936601,0.000417,0.000062,0.999521
932,0,-2.777372,-2.938470,6.324244,0.000111,0.000095,0.999794
933,0,-2.411852,-3.251139,6.186459,0.000184,0.000080,0.999736
934,0,-4.443235,2.075543,3.869791,0.000210,0.142523,0.857267
935,0,-1.991091,-3.723717,5.979923,0.000345,0.000061,0.999594
936,0,-1.897111,-3.885411,5.945189,0.000393,0.000054,0.999554
937,0,-2.830670,-2.353676,5.635019,0.000210,0.000339,0.999451
938,0,-2.157053,-3.103821,5.711277,0.000382,0.000148,0.999469
939,0,-2.504982,-3.383710,6.278531,0.000153,0.000064,0.999783
940,0,-2.186223,-1.145314,3.721468,0.002690,0.007619,0.989691
941,0,-2.529526,-2.638356,5.968509,0.000204,0.000183,0.999613
942,0,0.451618,-4.763750,4.253140,0.021846,0.000119,0.978035
943,0,-1.480324,-3.517833,5.303568,0.001130,0.000147,0.998722
944,0,-0.161928,-1.448710,1.867825,0.112507,0.031070,0.856424
945,0,0.041245,-4.819139,4.318219,0.013693,0.000106,0.986201
946,0,3.270644,-5.002604,0.513416,0.940095,0.000240,0.059665
947,0,-3.511558,0.065242,4.759026,0.000254,0.009067,0.990680
948,0,-0.600733,-4.034807,4.934793,0.003928,0.000127,0.995945
949,0,-2.707268,-2.255618,5.784216,0.000205,0.000322,0.999473
950,0,-2.813039,-2.981810,6.341213,0.000106,0.000089,0.999805
951,0,0.792706,-4.609366,3.751273,0.049322,0.000222,0.950455
952,0,-2.797205,-1.914685,5.199111,0.000336,0.000813,0.998851
953,0,-1.052629,-4.170760,5.666794,0.001206,0.000053,0.998741
954,0,-0.855438,-4.346267,5.520223,0.001700,0.000052,0.998249
955,0,0.406101,-4.744030,4.361753,0.018784,0.000109,0.981107
956,0,-3.790909,2.259008,2.737318,0.000902,0.382306,0.616792
957,0,-1.834976,-3.774677,6.024996,0.000386,0.000055,0.999559
958,0,-1.401534,-2.858203,4.910071,0.001811,0.000422,0.997767
959,0,-1.763365,-2.196390,4.284979,0.002353,0.001526,0.996122
960,0,-2.466470,-3.342249,6.309628,0.000154,0.000064,0.999781
961,0,-0.747671,0.145012,0.708209,0.129367,0.315873,0.554760
962,0,0.680132,-4.106249,2.818109,0.105367,0.000879,0.893754
963,0,3.278069,-3.892396,-0.572581,0.978440,0.000752,0.020807
964,0,-2.240938,1.540596,1.438660,0.011832,0.519244,0.468923
965,0,-2.574869,-3.121192,6.087103,0.000173,0.000100,0.999727
966,0,-1.525666,-3.799700,5.949756,0.000566,0.000058,0.999375
967,0,-2.917182,-0.914488,4.806708,0.000440,0.003264,0.996296
968,0,-2.176657,-2.376980,5.065127,0.000715,0.000585,0.998700
969,0,-2.264059,-2.101221,5.152834,0.000600,0.000706,0.998693
970,0,-0.201689,-4.625317,5.074672,0.005085,0.000061,0.994854
971,0,-2.366493,-3.331713,6.078753,0.000215,0.000082,0.999703
972,0,0.204328,-4.337997,3.709461,0.029157,0.000310,0.970532
973,0,-2.909465,-1.466530,5.232316,0.000291,0.001230,0.998479
974,0,-2.971664,-1.112266,5.143529,0.000298,0.001915,0.997787
975,0,-3.326170,-0.530988,5.066957,0.000226,0.003691,0.996083
976,0,-2.580402,-3.040247,6.177977,0.000157,0.000099,0.999744
977,0,-1.898075,-3.448318,5.871813,0.000422,0.000090,0.999488
978,0,-0.357512,-3.787897,4.502225,0.007691,0.000249,0.992060
979,0,-3.850597,1.323256,3.780729,0.000447,0.078859,0.920695
980,0,-0.783446,-3.350220,4.820501,0.003669,0.000282,0.996050
981,0,-2.228205,-3.108320,5.635553,0.000384,0.000159,0.999456
982,0,-3.771892,2.101066,2.980371,0.000825,0.293080,0.706095
983,0,-1.775077,-2.988242,5.462148,0.000719,0.000214,0.999068
984,0,-2.697385,-3.076324,6.269157,0.000128,0.000087,0.999785
985,0,-1.415526,-3.267008,4.762410,0.002070,0.000325,0.997605
986,0,-2.015686,-2.296129,4.846774,0.001044,0.000789,0.998167
987,0,0.094424,-1.509927,1.092856,0.255425,0.051346,0.693229
988,0,0.068731,-4.298053,4.239127,0.015208,0.000193,0.984599
989,0,-3.470364,-0.195184,4.627848,0.000302,0.007976,0.991723
990,0,3.523959,-4.695727,0.028752,0.970298,0.000261,0.029441
991,0,-0.346204,-4.324927,4.813606,0.005709,0.000107,0.994184
992,0,0.933922,-4.964939,3.933463,0.047440,0.000130,0.952429
993,0,-1.720333,-1.974854,4.202446,0.002665,0.002066,0.995269
994,0,-3.670449,2.560339,2.220085,0.001148,0.583581,0.415270
995,0,-2.982884,-2.413093,5.970503,0.000129,0.000229,0.999642
996,0,-2.344995,-3.056799,5.910660,0.000260,0.000127,0.999613
997,0,-1.954666,-1.358150,3.734862,0.003349,0.006082,0.990569
998,0,-2.163713,-2.179665,5.251433,0.000601,0.000592,0.998807
999,0,-2.231175,-2.641975,5.757479,0.000339,0.000225,0.999436
1000,0,-1.860200,-2.706078,5.035264,0.001011,0.000434,0.998555
1001,0,1.658307,-5.027953,2.865169,0.230191,0.000287,0.769522
1002,0,-2.077284,-3.663820,6.002143,0.000310,0.000063,0.999627
1003,0,1.281418,-3.859337,1.864539,0.357465,0.002092,0.640442
1004,0,-1.197198,-3.536547,5.256505,0.001572,0.000152,0.998276
1005,0,-2.592910,-1.663731,5.071229,0.000469,0.001187,0.998345
1006,0,-1.797278,-3.546927,5.780231,0.000512,0.000089,0.999400
1007,0,-2.415607,-2.991491,6.111861,0.000198,0.000111,0.999691
1008,0,-1.453120,-3.784105,5.547139,0.000911,0.000089,0.999001
1009,0,-3.180562,-0.682022,4.738234,0.000362,0.004405,0.995233
1010,0,-3.102786,-0.098445,3.898843,0.000893,0.018018,0.981089
1011,0,-1.415526,-3.267008,4.762410,0.002070,0.000325,0.997605
1012,0,-0.543838,-4.425012,5.022621,0.003809,0.000079,0.996112
1013,0,-4.043567,2.631491,2.790370,0.000581,0.460096,0.539323
1014,0,4.733072,-3.912159,-2.289294,0.998933,0.000176,0.000891
1015,0,-1.447541,-3.781167,5.465552,0.000994,0.000096,0.998910
1016,0,-2.764209,-1.563071,5.014611,0.000418,0.001389,0.998194
1017,0,-1.823260,-3.719951,5.643923,0.000571,0.000086,0.999343
1018,0,-1.895523,-3.319206,5.758860,0.000474,0.000114,0.999412
1019,0,-2.008462,-3.665188,6.098635,0.000301,0.000057,0.999641
1020,0,-2.718286,-3.032318,6.305708,0.000120,0.000088,0.999792
1021,0,-1.224384,-2.224795,3.648489,0.007572,0.002784,0.989643
1022,0,-1.856065,-3.836526,6.142220,0.000336,0.000046,0.999618
1023,0,-2.672026,-0.487320,4.077481,0.001158,0.010293,0.988549
1024,0,-2.771573,-2.715646,6.154078,0.000133,0.000141,0.999727
1025,0,-2.727329,-3.082937,6.273728,0.000123,0.000086,0.999790
1026,0,-2.671269,-3.175016,6.248347,0.000134,0.000081,0.999785
1027,0,-4.231673,2.858446,2.907820,0.000406,0.487461,0.512133
1028,0,-0.741965,-1.425417,2.519776,0.036232,0.018293,0.945475
1029,0,-2.615425,-3.217115,6.261748,0.000140,0.000076,0.999784
1030,0,-1.781802,-1.243121,3.497884,0.005025,0.008611,0.986365
1031,0,0.519647,-4.799979,4.359156,0.021049,0.000103,0.978848
1032,0,-1.616417,-3.964596,5.756297,0.000628,0.000060,0.999312
1033,0,-1.865030,-3.660719,5.900437,0.000424,0.000070,0.999506
1034,0,-4.123985,1.262977,4.132812,0.000246,0.053652,0.946103
1035,0,-1.653625,-2.831456,4.893757,0.001431,0.000441,0.998128
1036,0,-1.882645,-3.536607,5.992309,0.000380,0.000073,0.999547
1037,0,-2.791501,-3.052141,6.293230,0.000113,0.000087,0.999799
1038,0,-2.661115,-1.758814,5.016139,0.000463,0.001140,0.998397
1039,0,0.513297,-4.658124,4.466015,0.018839,0.000107,0.981054
1040,0,-4.087707,2.287155,3.187490,0.000492,0.288840,0.710668
1041,0,0.317756,-4.391092,4.147158,0.021257,0.000192,0.978552
1042,0,-1.652641,-3.270389,5.425611,0.000842,0.000167,0.998990
1043,0,0.589435,-4.703718,4.245201,0.025188,0.000127,0.974686
1044,0,-3.879446,0.579714,4.606519,0.000203,0.017515,0.982282
1045,0,-2.480815,-3.088592,5.940027,0.000220,0.000120,0.999660
1046,0,-3.290246,2.809718,1.451819,0.001781,0.794001,0.204218
1047,0,-2.502011,-3.380926,6.218549,0.000163,0.000068,0.999769
1048,0,1.329625,-4.953523,3.042804,0.152708,0.000285,0.847007
1049,0,-2.336353,-3.027351,5.988780,0.000242,0.000121,0.999636
1050,0,-2.206854,-3.133118,5.882919,0.000307,0.000121,0.999572
1051,0,-2.049884,-3.119798,5.379225,0.000593,0.000204,0.999203
1052,0,1.278973,-3.602852,1.596141,0.420024,0.003185,0.576791
1053,0,-2.505883,-1.175917,4.157016,0.001270,0.004801,0.993930
1054,0,-3.332012,-0.788554,5.162284,0.000204,0.002596,0.997200
1055,0,-0.262085,-3.881582,3.934384,0.014820,0.000397,0.984783
1056,0,-3.517428,-0.996217,5.400549,0.000134,0.001664,0.998202
1057,0,-1.556417,-3.697161,5.751074,0.000670,0.000079,0.999251
1058,0,-1.793836,-3.284424,5.713541,0.000549,0.000124,0.999328
1059,0,-2.526487,-3.252121,6.123401,0.000175,0.000085,0.999740
1060,0,-4.111235,1.758410,3.981604,0.000276,0.097660,0.902064
1061,0,-2.391767,-3.160877,6.057417,0.000214,0.000099,0.999687
1062,0,-0.867312,-3.330274,4.570596,0.004328,0.000369,0.995303
1063,0,-2.219368,-3.137357,5.861855,0.000309,0.000123,0.999567
1064,0,-2.531096,-3.223071,6.207995,0.000160,0.000080,0.999760
1065,0,-1.748333,-2.876069,5.237965,0.000923,0.000299,0.998778
1066,0,-2.639367,-3.198447,6.201767,0.000145,0.000083,0.999773
1067,0,-2.802090,-2.816615,6.249804,0.000117,0.000115,0.999767
1068,0,-0.470697,-4.128777,4.666135,0.005841,0.000151,0.994008
1069,0,-2.754418,-2.965006,6.299940,0.000117,0.000095,0.999788
1070,0,-2.211995,-3.255726,6.118037,0.000241,0.000085,0.999674
1071,0,-2.845122,-2.642726,6.134111,0.000126,0.000154,0.999720
1072,0,-2.364992,-1.142353,3.932562,0.001826,0.006201,0.991973
1073,0,-4.121247,2.217965,3.211402,0.000477,0.270105,0.729418
1074,0,-0.828542,-3.329099,4.153415,0.006810,0.000559,0.992631
1075,0,-2.667341,-1.794874,5.077277,0.000432,0.001035,0.998533
1076,0,-1.607649,-3.874088,5.635818,0.000714,0.000074,0.999212
1077,0,-2.119843,-3.384814,6.062576,0.000279,0.000079,0.999642
1078,0,-1.482116,-3.690068,5.593285,0.000845,0.000093,0.999062
1079,0,-4.041045,0.292813,4.879950,0.000132,0.010078,0.989790
1080,0,-1.741671,-3.780176,5.674796,0.000601,0.000078,0.999321
1081,0,0.212302,-3.828287,3.790234,0.027161,0.000478,0.972361
1082,0,-2.429348,-3.487758,6.191483,0.000180,0.000063,0.999757
1083,0,1.048502,-4.509234,3.536414,0.076687,0.000296,0.923017
1084,0,-2.251241,-3.167836,6.021523,0.000255,0.000102,0.999643
1085,0,-2.308966,0.498727,2.370330,0.007983,0.132292,0.859725
1086,0,-0.486252,-4.239468,5.095497,0.003752,0.000088,0.996161
1087,0,-4.213532,1.717719,3.829844,0.000286,0.107893,0.891820
1088,0,-1.053356,-4.101889,5.147749,0.002023,0.000096,0.997881
1089,0,-2.714091,-2.375988,5.785213,0.000204,0.000285,0.999511
1090,0,3.500391,-4.419149,-0.239743,0.976453,0.000355,0.023192
1091,0,-3.664925,0.250713,4.430518,0.000300,0.015066,0.984633
1092,0,-2.454932,-2.644103,5.636462,0.000306,0.000253,0.999441
1093,0,-2.156655,-1.425904,4.434148,0.001367,0.002839,0.995794
1094,0,-2.875527,-2.883496,6.300162,0.000104,0.000103,0.999794
1095,0,2.202784,-4.868309,2.169936,0.507992,0.000431,0.491576
1096,0,-2.757190,-2.191765,5.540449,0.000249,0.000438,0.999313
1097,0,-2.386983,-3.147530,5.988962,0.000230,0.000108,0.999662
1098,0,1.882285,-4.661876,1.805823,0.518719,0.000746,0.480535
1099,0,-3.047973,-1.917973,5.707311,0.000158,0.000488,0.999355
1100,0,-4.106544,1.063199,4.323112,0.000210,0.036965,0.962825
1101,0,0.336583,-5.034208,4.456210,0.015990,0.000074,0.983936
1102,0,1.056383,-4.907935,3.629648,0.070866,0.000182,0.928952
1103,0,-2.620662,-3.101243,6.232261,0.000143,0.000088,0.999769
1104,0,-2.156365,-2.551481,5.472390,0.000486,0.000327,0.999187
1105,0,0.188997,-2.319499,1.765749,0.168902,0.013747,0.817351
1106,0,-1.855705,-2.424411,4.490289,0.001749,0.000990,0.997261
1107,0,-1.526481,-3.822202,5.472371,0.000912,0.000092,0.998996
1108,0,-3.063840,2.094537,1.987060,0.003021,0.525252,0.471727
1109,0,1.541697,-4.552024,2.771760,0.226055,0.000510,0.773435
1110,0,-3.823002,-0.130888,4.716442,0.000194,0.007787,0.992019
1111,0,-2.345075,-3.059222,6.057518,0.000224,0.000110,0.999666
1112,0,-2.642612,-2.814932,6.129691,0.000155,0.000130,0.999715
1113,0,-2.008206,-3.856018,6.106110,0.000299,0.000047,0.999654
1114,0,-2.267074,-3.583799,6.199755,0.000210,0.000056,0.999733
1115,0,-3.354023,-0.695928,5.042784,0.000225,0.003208,0.996567
1116,0,-3.806025,0.536460,4.584569,0.000223,0.017152,0.982625
1117,0,-2.594598,-2.755749,5.702532,0.000249,0.000212,0.999539
1118,0,-1.436517,-4.129627,5.790786,0.000726,0.000049,0.999225
1119,0,-0.193895,-3.986633,4.429859,0.009718,0.000219,0.990063
1120,0,-1.050970,-3.903870,5.193321,0.001938,0.000112,0.997951
1121,0,-1.732569,-2.041436,4.404333,0.002154,0.001581,0.996265
1122,0,-0.607136,-3.209047,3.726050,0.012943,0.000960,0.986097
1123,0,-2.471934,-3.298879,6.184393,0.000174,0.000076,0.999750
1124,0,-2.313599,-3.086265,6.046957,0.000234,0.000108,0.999658
1125,0,-1.875684,-3.815073,6.074309,0.000353,0.000051,0.999597
1126,0,-2.198674,-3.515468,6.006070,0.000273,0.000073,0.999653
1127,0,-2.306531,-3.468951,6.099784,0.000223,0.000070,0.999707
1128,0,-2.664860,-2.819913,6.121375,0.000153,0.000131,0.999716
1129,0,-3.007016,-2.341724,6.089245,0.000112,0.000218,0.999670
1130,0,-1.328007,-4.063859,5.616346,0.000963,0.000062,0.998974
1131,0,-1.679275,-3.927304,6.043793,0.000442,0.000047,0.999511
1132,0,0.080325,-3.945986,3.634591,0.027793,0.000496,0.971711
1133,0,-1.860611,-2.534337,5.112613,0.000935,0.000477,0.998588
1134,0,-2.725992,-2.924264,6.140297,0.000141,0.000116,0.999743
1135,0,-0.970641,-4.308482,5.586394,0.001418,0.000050,0.998532
1136,0,-1.700531,-2.834885,4.988685,0.001242,0.000400,0.998358
1137,0,0.312036,-4.816171,4.495791,0.015011,0.000089,0.984900
1138,0,2.275322,-4.191512,1.675422,0.644986,0.001002,0.354011
1139,0,-2.385448,-3.247246,5.808002,0.000276,0.000117,0.999607
1140,0,-1.664462,-3.864537,5.831573,0.000555,0.000061,0.999384
1141,0,-2.928378,-2.531610,6.193790,0.000109,0.000162,0.999728
1142,0,-1.681872,-3.860456,5.919818,0.000499,0.000057,0.999444
1143,0,-2.525512,-3.255414,6.316782,0.000144,0.000070,0.999786
1144,0,0.831212,-1.582513,-0.109995,0.675841,0.060475,0.263684
1145,0,1.347085,-5.264683,3.387269,0.115030,0.000155,0.884815
1146,0,-2.770233,-2.420732,5.900578,0.000171,0.000243,0.999585
1147,0,-3.685330,3.068865,1.798618,0.000910,0.780075,0.219016
1148,0,-3.384727,0.200909,4.282452,0.000460,0.016594,0.982947
1149,0,-1.630933,-3.560900,5.513104,0.000789,0.000115,0.999097
1150,0,-2.712512,-3.129083,6.217817,0.000132,0.000087,0.999780
1151,0,-1.873892,-3.673003,6.101732,0.000344,0.000057,0.999600
1152,0,-1.161865,-3.588503,5.279760,0.001591,0.000141,0.998268
1153,0,-1.205739,-4.133891,5.410353,0.001337,0.000072,0.998592
1154,0,-0.652050,-3.040467,3.845361,0.011004,0.001010,0.987986
1155,0,-2.000459,-3.105055,5.459425,0.000575,0.000191,0.999234
1156,0,-1.772489,-2.767619,5.032547,0.001107,0.000409,0.998484
1157,0,-2.809251,-2.847969,6.249091,0.000116,0.000112,0.999772
1158,0,-2.261971,-3.479164,5.783654,0.000320,0.000095,0.999585
1159,0,-1.054381,-4.469790,5.393342,0.001582,0.000052,0.998367
1160,0,-2.672026,-0.487320,4.077481,0.001158,0.010293,0.988549
1161,0,-1.774029,-3.894303,5.870153,0.000479,0.000057,0.999464
1162,0,-2.510051,-3.247529,6.280191,0.000152,0.000073,0.999775
1163,0,-3.860022,1.516594,3.548615,0.000535,0.115820,0.883645
1164,0,2.684232,-4.781646,1.464200,0.771728,0.000442,0.227830
1165,0,-1.374648,-3.942088,5.409874,0.001130,0.000087,0.998784
1166,0,-2.577897,0.330808,3.080921,0.003266,0.059884,0.936850
1167,0,-2.535005,-3.321597,6.192753,0.000162,0.000074,0.999764
1168,0,-1.778338,-3.477679,5.796633,0.000513,0.000094,0.999393
1169,0,-2.635021,-3.149502,6.164650,0.000151,0.000090,0.999759
1170,0,-3.234877,0.004512,4.577463,0.000400,0.010218,0.989382
1171,0,-2.629891,1.299280,2.014759,0.006415,0.326283,0.667302
1172,0,-1.059026,-2.774256,4.165744,0.005348,0.000962,0.993690
1173,0,-2.196213,-3.314259,6.062491,0.000259,0.000085,0.999656
1174,0,-2.692834,-3.080163,6.339606,0.000119,0.000081,0.999799
1175,0,-2.186413,-3.056668,5.799354,0.000340,0.000142,0.999517
1176,0,-3.057790,-2.006632,5.703531,0.000157,0.000448,0.999395
1177,0,-4.155368,1.542454,3.890333,0.000292,0.087209,0.912499
1178,0,-2.516037,-3.363855,6.187137,0.000166,0.000071,0.999763
1179,0,-1.220791,-3.262137,4.849762,0.002304,0.000299,0.997397
1180,0,-2.892503,-2.729429,6.263793,0.000106,0.000124,0.999770
1181,0,-2.379117,-1.810732,4.791379,0.000767,0.001355,0.997878
1182,0,-2.384928,-3.469794,6.220874,0.000183,0.000062,0.999755
1183,0,-2.070767,-3.775020,6.137896,0.000272,0.000050,0.999678
1184,0,-2.919771,-1.792470,5.696120,0.000181,0.000559,0.999260
1185,0,-2.997812,-1.948925,5.697043,0.000167,0.000478,0.999355
1186,0,-2.376987,-2.816282,5.906235,0.000253,0.000163,0.999585
1187,0,-1.378886,-2.235452,3.963328,0.004753,0.002018,0.993229
1188,0,-1.761710,-3.729393,6.023439,0.000416,0.000058,0.999526
1189,0,2.369521,-4.904074,1.670814,0.667592,0.000463,0.331945
1190,0,-0.312412,-4.180735,4.151121,0.011388,0.000238,0.988374
1191,0,-3.089844,1.604065,2.502781,0.002640,0.288551,0.708809
1192,0,-2.658388,-0.498691,3.930231,0.001358,0.011771,0.986871
1193,0,-1.464604,-2.941297,5.069195,0.001451,0.000331,0.998218
1194,0,-1.857562,-3.850374,6.004725,0.000385,0.000052,0.999563
1195,0,-1.968013,-3.213453,5.693967,0.000470,0.000135,0.999395
1196,0,-4.159594,0.749146,4.535008,0.000164,0.022182,0.977654
1197,0,-1.960161,-3.573254,6.046953,0.000333,0.000066,0.999601
1198,0,-1.711337,-3.508318,5.658073,0.000630,0.000104,0.999266
1199,0,-3.953876,1.019457,4.368347,0.000235,0.033924,0.965842
1200,0,-2.688620,-3.120301,6.287626,0.000126,0.000082,0.999792
1201,0,-2.411631,-2.773056,5.793468,0.000273,0.000190,0.999537
1202,0,-3.635396,0.014890,4.686141,0.000241,0.009272,0.990488
1203,0,-3.116854,-1.523950,5.610804,0.000162,0.000796,0.999042
1204,0,-2.629843,-2.987989,6.206027,0.000145,0.000102,0.999753
1205,0,3.397780,-4.470025,0.090581,0.964319,0.000369,0.035312
1206,0,-2.106213,-2.963198,5.362430,0.000570,0.000242,0.999188
1207,0,-2.527914,-2.492395,5.776329,0.000247,0.000256,0.999496
1208,0,-2.771739,-2.976045,6.222520,0.000124,0.000101,0.999775
1209,0,-4.377535,1.678788,4.167188,0.000180,0.076662,0.923159
1210,0,-2.250947,-3.462917,6.095991,0.000237,0.000071,0.999692
1211,0,-1.891515,-1.912966,4.754895,0.001295,0.001268,0.997437
1212,0,1.768352,-4.073059,1.636649,0.532055,0.001545,0.466400
1213,0,-3.657724,-0.506173,5.000086,0.000173,0.004044,0.995783
1214,0,-1.935636,-3.329344,5.914163,0.000390,0.000097,0.999514
1215,0,-1.834841,-1.769372,4.007173,0.002886,0.003081,0.994033
1216,0,-3.767429,0.820052,4.068274,0.000380,0.037377,0.962243
1217,0,-2.301400,-3.383694,5.907660,0.000272,0.000092,0.999636
1218,0,-2.577940,-3.029899,6.079040,0.000174,0.000111,0.999716
1219,0,-3.843294,2.588365,2.429459,0.000868,0.539175,0.459957
1220,0,-2.214025,0.831941,1.851292,0.012451,0.261852,0.725696
1221,0,0.711276,-3.801262,2.382315,0.158011,0.001733,0.840255
1222,0,-2.193814,-2.361879,5.333244,0.000538,0.000455,0.999008
1223,0,0.783129,-3.664898,2.212211,0.192806,0.002256,0.804938
1224,0,-1.728533,-2.294065,4.504313,0.001958,0.001112,0.996930
1225,0,-1.760185,-3.713770,5.937159,0.000454,0.000064,0.999482
1226,0,-3.380014,-0.125644,4.715585,0.000302,0.007833,0.991865
1227,0,-3.336201,-1.376405,5.545653,0.000139,0.000985,0.998877
1228,0,-2.246774,-2.057170,5.142730,0.000617,0.000746,0.998637
1229,0,-2.374906,-3.232938,6.105900,0.000207,0.000088,0.999705
1230,0,-2.897077,-2.649610,6.077673,0.000127,0.000162,0.999711
1231,0,-1.652813,-3.888056,5.921699,0.000513,0.000055,0.999432
1232,0,-2.665046,-0.125774,3.599457,0.001854,0.023496,0.974649
1233,0,-4.205606,1.611902,3.965906,0.000258,0.086726,0.913016
1234,0,-3.443318,-1.399545,5.643865,0.000113,0.000872,0.999015
1235,0,1.446406,-4.431328,2.372488,0.283495,0.000794,0.715711
1236,0,-1.971575,-3.098190,5.353907,0.000658,0.000213,0.999129
1237,0,-2.701819,-2.787019,6.138856,0.000145,0.000133,0.999722
1238,0,-3.080457,-1.922889,5.885225,0.000128,0.000406,0.999466
1239,0,-2.227391,-2.964570,5.609999,0.000394,0.000189,0.999417
1240,0,-3.441071,-1.025814,5.296247,0.000160,0.001793,0.998047
1241,0,-2.824063,-0.965732,4.612936,0.000586,0.003761,0.995652
1242,0,-2.445004,-1.158102,4.292125,0.001180,0.004272,0.994548
1243,0,-2.085429,-3.571965,6.017936,0.000302,0.000068,0.999629
1244,0,1.152191,-4.919093,3.230851,0.111160,0.000257,0.888584
1245,0,-3.410070,0.727648,3.561595,0.000885,0.055468,0.943647
1246,0,-1.915145,-2.700532,5.008739,0.000983,0.000448,0.998569
1247,0,4.005848,-4.468037,-0.846354,0.992044,0.000207,0.007749
1248,0,-2.668823,-3.138715,6.350833,0.000121,0.000076,0.999803
1249,0,2.125997,-5.043129,2.295619,0.457535,0.000352,0.542113
1250,0,0.179417,-4.665601,4.539825,0.012611,0.000099,0.987290
1251,0,-1.432491,-4.148040,5.939022,0.000628,0.000042,0.999330
1252,0,-2.260582,-0.834016,3.850566,0.002193,0.009132,0.988675
1253,0,-2.039349,-3.140221,5.557902,0.000501,0.000167,0.999332
1254,0,-0.576306,-4.223892,4.970610,0.003884,0.000101,0.996015
1255,0,-2.394764,-3.439137,6.034279,0.000218,0.000077,0.999705
1256,0,-2.447804,-3.143732,6.134525,0.000187,0.000093,0.999719
1257,0,-2.656950,-3.222241,6.181602,0.000145,0.000082,0.999773
1258,0,-1.289501,-4.066522,5.466997,0.001162,0.000072,0.998766
1259,0,-3.421317,-0.634623,5.152699,0.000188,0.003056,0.996755
1260,0,-2.267074,-3.583799,6.199755,0.000210,0.000056,0.999733
1261,0,-2.574639,-2.156740,5.028142,0.000498,0.000757,0.998744
1262,0,-3.194821,-0.580342,4.896972,0.000305,0.004162,0.995533
1263,0,0.344471,-4.709002,4.164514,0.021453,0.000137,0.978409
1264,0,-1.415526,-3.267008,4.762410,0.002070,0.000325,0.997605
1265,0,-3.162279,2.228848,1.972776,0.002562,0.562227,0.435212
1266,0,-0.836281,-3.969649,5.165253,0.002469,0.000108,0.997424
1267,0,-2.451337,-3.358258,6.208132,0.000173,0.000070,0.999757
1268,0,-2.241551,-3.503541,6.045764,0.000252,0.000071,0.999677
1269,0,-2.325148,0.701499,2.220664,0.008631,0.178035,0.813335
1270,0,-2.590512,-3.196905,6.212565,0.000150,0.000082,0.999768
1271,0,-2.184047,-3.524718,6.024620,0.000272,0.000071,0.999657
1272,0,-2.527314,-3.199136,6.170835,0.000167,0.000085,0.999748
1273,0,-2.131449,-3.467966,5.967870,0.000304,0.000080,0.999617
1274,0,-2.659424,-2.608858,5.881448,0.000195,0.000205,0.999599
1275,0,-1.916506,-3.834390,6.061430,0.000343,0.000050,0.999607
1276,0,-1.271895,-3.348399,4.997587,0.001889,0.000237,0.997874
1277,0,-2.778631,-2.578572,5.912642,0.000168,0.000205,0.999627
1278,0,1.760518,-4.061789,1.644978,0.528026,0.001563,0.470411
1279,0,-3.058711,2.751316,1.222550,0.002457,0.819806,0.177737
1280,0,-1.929287,-0.205620,2.543679,0.010613,0.059488,0.929899
1281,0,-2.483471,-3.183443,5.877148,0.000234,0.000116,0.999650
1282,0,-2.690330,-2.113782,5.330567,0.000328,0.000584,0.999088
1283,0,-3.659597,0.181073,4.603357,0.000255,0.011861,0.987884
1284,0,-2.736653,-2.859541,6.216986,0.000129,0.000114,0.999757
1285,0,-2.708315,-2.880166,6.155390,0.000141,0.000119,0.999740
1286,0,-2.501621,-3.267905,6.102142,0.000183,0.000085,0.999731
1287,0,-2.145730,-3.460239,6.147994,0.000250,0.000067,0.999683
1288,0,-0.713254,-2.695851,4.157612,0.007600,0.001047,0.991353
1289,0,0.100181,-3.152347,3.230050,0.041824,0.001618,0.956558
1290,0,-3.806988,0.760810,4.207963,0.000320,0.030844,0.968836
1291,0,-1.746278,-3.910146,5.802372,0.000527,0.000060,0.999413
1292,0,-3.997737,1.077838,4.068854,0.000299,0.047819,0.951882
1293,0,-2.922812,-1.346267,5.191237,0.000299,0.001446,0.998256
1294,0,-2.306010,-3.467051,5.919712,0.000268,0.000084,0.999649
1295,0,-3.403589,1.187581,3.557339,0.000866,0.085434,0.913700
1296,0,-1.995764,-3.017910,5.647268,0.000479,0.000172,0.999349
1297,0,-0.009271,-4.255064,4.437232,0.011582,0.000166,0.988252
1298,0,-3.782228,-0.108430,4.883505,0.000171,0.006746,0.993083
1299,0,2.962954,-4.787354,1.029976,0.873250,0.000376,0.126374
1300,0,-1.645165,-2.136159,4.107010,0.003160,0.001934,0.994906
1301,0,-0.257135,-1.656923,1.615414,0.129007,0.031820,0.839173
1302,0,1.153404,1.191126,-2.716214,0.485600,0.504268,0.010133
1303,0,-1.389299,-4.085384,5.729240,0.000809,0.000055,0.999136
1304,0,-0.685878,-3.825607,4.558343,0.005249,0.000227,0.994524
1305,0,-1.520156,-3.387064,5.392982,0.000993,0.000154,0.998853
1306,0,-2.446993,-3.359237,6.288667,0.000161,0.000065,0.999775
1307,0,-0.191431,-4.319526,4.850896,0.006417,0.000103,0.993480
1308,0,-0.242911,-4.505286,5.123850,0.004647,0.000065,0.995287
1309,0,-3.747446,2.496976,2.384528,0.001024,0.527542,0.471434
1310,0,-2.643528,-3.201559,6.284095,0.000133,0.000076,0.999791
1311,0,1.626783,-5.117243,3.327724,0.154314,0.000182,0.845504
1312,0,-1.736886,-4.042313,5.927011,0.000469,0.000047,0.999484
1313,0,1.600351,-4.889037,2.750276,0.240415,0.000365,0.759220
1314,0,-2.724384,-2.519882,5.667491,0.000227,0.000278,0.999495
1315,0,-3.017947,-2.208468,5.865201,0.000139,0.000311,0.999550
1316,0,-2.883208,-2.786355,6.326911,0.000100,0.000110,0.999790
1317,0,-1.198761,-3.506711,4.802455,0.002469,0.000246,0.997285
1318,0,0.950325,-4.853302,3.508049,0.071894,0.000217,0.927889
1319,0,-2.582154,-3.271745,6.242087,0.000147,0.000074,0.999779
1320,0,-1.415526,-3.267008,4.762410,0.002070,0.000325,0.997605
1321,0,-2.994777,-1.846839,5.576767,0.000189,0.000597,0.999214
1322,0,-3.480747,-0.457326,5.112736,0.000185,0.003795,0.996020
1323,0,-0.204802,-4.141321,4.507296,0.008904,0.000174,0.990922
1324,0,-3.349045,-0.470520,4.883155,0.000265,0.004707,0.995028
1325,0,1.055505,-3.387153,2.029354,0.273233,0.003214,0.723553
1326,0,-3.216949,-1.736902,5.740105,0.000129,0.000566,0.999306
1327,0,-0.885984,-4.087674,5.245618,0.002168,0.000088,0.997744
1328,0,-1.218560,-3.243932,4.846328,0.002317,0.000306,0.997377
1329,0,-1.458676,-3.084895,4.862380,0.001794,0.000353,0.997853
1330,0,-0.545616,-4.155993,4.988975,0.003932,0.000106,0.995962
1331,0,-3.755843,0.956029,3.879142,0.000458,0.050999,0.948542
1332,0,-2.547649,-3.162013,6.204317,0.000158,0.000086,0.999756
1333,0,-2.420344,-3.355459,6.245560,0.000172,0.000068,0.999760
1334,0,-2.181383,-3.473604,6.006812,0.000278,0.000076,0.999646
1335,0,-1.842072,-3.446251,5.653917,0.000555,0.000112,0.999333
1336,0,-2.366294,-2.147710,5.115114,0.000563,0.000700,0.998737
1337,0,-2.151406,-3.382167,6.160742,0.000245,0.000072,0.999683
1338,0,-1.230846,-3.577271,4.961689,0.002040,0.000195,0.997765
1339,0,-3.322171,-1.431878,5.647741,0.000127,0.000841,0.999032
1340,0,-0.963524,-3.949769,5.102560,0.002315,0.000117,0.997569
1341,0,-2.248370,-3.311051,6.129089,0.000230,0.000079,0.999691
1342,0,-1.884754,-3.694314,5.849401,0.000437,0.000072,0.999491
1343,0,-3.009649,-0.340042,4.101734,0.000806,0.011629,0.987566
1344,0,-2.719604,-2.056297,5.606277,0.000242,0.000470,0.999288
1345,0,-2.145051,-3.527448,5.963445,0.000301,0.000076,0.999624
1346,0,-3.973515,1.603847,3.442464,0.000519,0.137144,0.862338
1347,0,-2.091302,-3.529451,5.999003,0.000306,0.000073,0.999621
1348,0,-3.820535,-0.124329,4.864683,0.000168,0.006765,0.993067
1349,0,-1.479071,-1.531750,3.319211,0.008114,0.007697,0.984189
1350,0,-2.667280,-2.969712,6.289287,0.000129,0.000095,0.999776
1351,0,-1.719655,-3.670972,5.713123,0.000591,0.000084,0.999325
1352,0,-2.315082,-3.459890,6.332486,0.000176,0.000056,0.999769
1353,0,-0.691102,-4.297290,5.206263,0.002739,0.000074,0.997187
1354,0,-0.175315,-3.847880,4.409397,0.010101,0.000257,0.989642
1355,0,0.124344,-0.694173,0.324140,0.375624,0.165682,0.458694
1356,0,-3.792893,0.419014,4.686760,0.000205,0.013817,0.985978
1357,0,-2.549004,-3.332005,6.181560,0.000162,0.000074,0.999765
1358,0,-1.502448,-1.808892,4.059043,0.003818,0.002810,0.993372
1359,0,0.117810,-4.847671,4.626500,0.010892,0.000076,0.989032
1360,0,-1.445431,-4.143100,5.742631,0.000755,0.000051,0.999194
1361,0,-1.697434,-3.822470,5.917655,0.000493,0.000059,0.999448
1362,0,-2.483418,-3.235657,6.303781,0.000153,0.000072,0.999775
1363,0,-1.208125,-4.249557,5.633883,0.001067,0.000051,0.998882
1364,0,-3.646767,1.830507,2.934278,0.001040,0.248775,0.750185
1365,0,-1.415526,-3.267008,4.762410,0.002070,0.000325,0.997605
1366,0,-4.123985,1.262977,4.132812,0.000246,0.053652,0.946103
1367,0,-0.468062,-4.099649,4.858216,0.004838,0.000128,0.995034
1368,0,-2.085214,-3.306955,5.845688,0.000359,0.000106,0.999535
1369,0,3.333049,-5.265544,0.866656,0.921595,0.000170,0.078235
1370,0,-2.787398,-2.974540,6.277350,0.000116,0.000096,0.999788
1371,0,-2.367415,-2.923181,5.952324,0.000244,0.000140,0.999617
1372,0,-1.659333,-3.629544,5.768414,0.000594,0.000083,0.999323
1373,0,-2.112453,-3.688180,6.246421,0.000234,0.000048,0.999717
1374,0,-3.232443,-0.390448,4.829107,0.000314,0.005379,0.994307
1375,0,-2.149441,-2.199448,5.118667,0.000696,0.000663,0.998641
1376,0,-1.706635,0.715621,1.538267,0.026364,0.297156,0.676480
1377,0,-1.382524,-3.309869,4.746577,0.002173,0.000316,0.997511
1378,0,-2.205933,-3.594995,6.134881,0.000239,0.000059,0.999702
1379,0,-1.340312,-1.884097,3.686219,0.006494,0.003770,0.989736
1380,0,-0.411536,-4.394284,4.966917,0.004593,0.000086,0.995321
1381,0,-3.199554,1.572687,2.493066,0.002405,0.284195,0.713400
1382,0,-3.452283,-1.032251,5.409464,0.000141,0.001591,0.998268
1383,0,-3.348417,2.285352,2.166263,0.001890,0.528736,0.469374
1384,0,-2.105529,-2.856162,5.605551,0.000448,0.000211,0.999341
1385,0,-1.198761,-3.506711,4.802455,0.002469,0.000246,0.997285
1386,0,2.201759,-3.736764,0.997764,0.767678,0.002024,0.230298
1387,0,0.578460,-4.569373,3.964703,0.032722,0.000190,0.967088
1388,0,-2.703029,-2.699143,6.014614,0.000164,0.000164,0.999672
1389,0,-2.703344,-3.148946,6.167662,0.000140,0.000090,0.999770
1390,0,1.620923,-3.256590,0.683568,0.714654,0.005443,0.279903
1391,0,-2.238270,-1.914614,4.850507,0.000833,0.001151,0.998016
1392,0,-2.522424,-3.299924,6.214767,0.000160,0.000074,0.999766
1393,0,-1.799506,-3.634600,5.679352,0.000565,0.000090,0.999345
1394,0,-0.243490,-4.284113,4.199858,0.011618,0.000204,0.988178
1395,0,-2.182120,-2.144036,4.782888,0.000943,0.000979,0.998078
1396,0,-2.885955,-0.909197,4.739787,0.000486,0.003507,0.996007
1397,0,-1.032516,-4.471532,5.613564,0.001297,0.000042,0.998661
1398,0,-0.783120,-4.519914,5.475083,0.001911,0.000046,0.998044
1399,0,-3.429728,1.185432,3.121615,0.001247,0.125911,0.872843
1400,0,-2.956066,-1.896278,5.541472,0.000204,0.000588,0.999208
1401,0,-2.479478,-3.452527,6.250255,0.000162,0.000061,0.999777
1402,0,-3.675427,0.202791,4.526618,0.000270,0.013072,0.986657
1403,0,-3.031497,-2.013693,5.391116,0.000220,0.000608,0.999173
1404,0,-2.185157,-3.397048,5.878060,0.000315,0.000094,0.999592
1405,0,-2.060287,-3.503883,6.013918,0.000311,0.000074,0.999615
1406,0,-1.595288,-3.947656,5.889972,0.000561,0.000053,0.999386
1407,0,3.619038,-4.084012,-0.240325,0.978921,0.000442,0.020637
1408,0,-2.672265,-2.815008,6.007360,0.000170,0.000147,0.999683
1409,0,-2.324458,-3.459486,6.182403,0.000202,0.000065,0.999733
1410,0,-2.477448,-1.654132,5.173528,0.000475,0.001082,0.998443
1411,0,-2.041274,-3.597162,5.896966,0.000357,0.000075,0.999568
1412,0,-1.565835,-3.830933,5.699442,0.000699,0.000073,0.999229
1413,0,-2.616020,-2.976591,6.191083,0.000150,0.000104,0.999746
1414,0,-2.144606,-2.285307,5.210887,0.000638,0.000555,0.998807
1415,0,-0.499159,-2.544549,3.069660,0.027319,0.003533,0.969147
1416,0,-2.334672,-1.820606,5.196663,0.000535,0.000895,0.998570
1417,0,-2.719529,-3.170160,6.299715,0.000121,0.000077,0.999802
1418,0,-2.836805,-0.227925,3.533184,0.001670,0.022691,0.975638
1419,0,-1.051595,-4.077515,5.039544,0.002257,0.000110,0.997633
1420,0,-2.771955,-2.900390,6.190185,0.000128,0.000113,0.999759
1421,0,-3.756097,2.379615,2.573838,0.000976,0.451155,0.547868
1422,0,-2.773712,-1.386895,5.174604,0.000353,0.001411,0.998236
1423,0,-0.074589,-3.891815,4.090838,0.015281,0.000336,0.984383
1424,0,-2.666011,-2.356321,5.722579,0.000227,0.000310,0.999463
1425,0,-0.943195,-4.056569,5.165977,0.002217,0.000099,0.997684
1426,0,-2.301775,-3.454551,6.133833,0.000217,0.000069,0.999715
1427,0,-1.582770,-3.906086,5.799102,0.000622,0.000061,0.999317
1428,0,-1.186734,1.193934,0.276131,0.061995,0.670293,0.267712
1429,0,-2.073752,-2.838951,5.583351,0.000472,0.000220,0.999308
1430,0,-2.109863,-3.566131,5.846658,0.000350,0.000082,0.999568
1431,0,-2.261225,-3.033095,5.847823,0.000301,0.000139,0.999560
1432,0,3.160454,-3.522589,-1.076479,0.984539,0.001233,0.014228
1433,0,-2.845107,-2.699635,6.164016,0.000122,0.000141,0.999736
1434,0,-2.289694,-2.371333,5.603561,0.000373,0.000344,0.999283
1435,0,0.134659,-0.482830,0.027229,0.410267,0.221256,0.368477
1436,0,-2.767605,-1.387922,5.210443,0.000342,0.001360,0.998297
1437,0,0.549060,-0.870372,-0.097046,0.566273,0.136954,0.296774
1438,0,-1.297501,-4.217355,5.727848,0.000888,0.000048,0.999064
1439,0,-0.088053,-4.396784,4.025762,0.016079,0.000216,0.983705
1440,0,2.779211,-3.812523,0.336940,0.918835,0.001260,0.079905
1441,0,1.177789,-3.872098,1.970810,0.310900,0.001993,0.687108
1442,0,-1.858800,-3.664607,5.967361,0.000399,0.000066,0.999535
1443,0,-2.422782,-3.080002,5.695023,0.000298,0.000154,0.999547
1444,0,-0.559893,-3.819617,4.667429,0.005338,0.000205,0.994457
1445,0,-2.618551,-2.154454,5.691501,0.000246,0.000391,0.999363
1446,0,0.796569,0.571445,-1.845004,0.534855,0.427037,0.038108
1447,0,-1.824633,-3.611475,5.826018,0.000475,0.000080,0.999445
1448,0,-1.878955,-3.329562,5.922321,0.000409,0.000096,0.999495
1449,0,-2.662949,-2.672342,5.811329,0.000209,0.000207,0.999585
1450,0,-1.038003,-3.798758,5.173354,0.002002,0.000127,0.997871
1451,0,-2.352844,-3.484497,6.116020,0.000210,0.000068,0.999722
1452,0,-2.487391,-2.720064,5.684145,0.000282,0.000224,0.999494
1453,0,-0.459496,-4.603636,4.903074,0.004667,0.000074,0.995259
1454,0,-3.133227,2.040308,1.978770,0.002911,0.513879,0.483210
1455,0,-0.953830,-3.318342,4.674585,0.003580,0.000337,0.996083
1456,0,-2.199951,-2.911669,5.716383,0.000365,0.000179,0.999457
1457,0,0.838183,-1.411700,0.144252,0.623045,0.065676,0.311278
1458,0,-1.271553,-4.197652,5.697320,0.000940,0.000050,0.999010
1459,0,-1.995793,-2.427428,5.136749,0.000798,0.000518,0.998684
1460,0,0.972364,-1.887152,0.387504,0.619394,0.035489,0.345117
1461,0,-2.661799,-3.026943,6.271554,0.000132,0.000092,0.999777
1462,0,-3.794780,1.949725,2.950682,0.000859,0.268522,0.730618
1463,0,-2.661731,-2.794777,6.168051,0.000146,0.000128,0.999726
1464,0,-1.027726,-3.098521,4.021710,0.006367,0.000803,0.992830
1465,0,-2.996276,-2.105158,5.662872,0.000173,0.000423,0.999404
1466,0,-1.371489,-3.854601,5.615141,0.000923,0.000077,0.999000
1467,0,-2.379171,-3.505880,6.209048,0.000186,0.000060,0.999753
1468,0,-2.021113,-3.672110,6.187804,0.000272,0.000052,0.999676
1469,0,-2.830670,-2.353676,5.635019,0.000210,0.000339,0.999451
1470,0,-3.869090,-0.064701,5.005842,0.000139,0.006239,0.993622
1471,0,-1.414508,-3.832123,5.603622,0.000895,0.000080,0.999026
1472,0,-2.345727,-3.041035,6.031436,0.000230,0.000115,0.999655
1473,0,-2.352889,-3.402502,6.232073,0.000187,0.000065,0.999748
1474,0,-1.415526,-3.267008,4.762410,0.002070,0.000325,0.997605
1475,0,2.182231,-4.618091,1.704710,0.616739,0.000687,0.382575
1476,0,-2.475029,0.054408,3.173789,0.003361,0.042173,0.954466
1477,0,0.807488,-2.611235,1.059614,0.431125,0.014121,0.554754
1478,0,-2.497091,-3.494600,6.296227,0.000152,0.000056,0.999792
1479,0,0.784882,-0.058396,-1.054133,0.629219,0.270751,0.100029
1480,0,0.566599,-3.173444,2.365980,0.141450,0.003360,0.855191
1481,0,-2.400286,-0.654926,3.908667,0.001798,0.010298,0.987904
1482,0,-2.418537,-3.485030,6.279085,0.000167,0.000057,0.999776
1483,0,-3.980112,0.658639,4.634320,0.000178,0.018418,0.981404
1484,0,-1.453350,-3.819659,5.776629,0.000724,0.000068,0.999208
1485,0,-2.579556,-2.824803,6.122104,0.000166,0.000130,0.999704
1486,0,1.187868,-4.849845,3.244371,0.113366,0.000271,0.886363
1487,0,-2.148530,-3.124590,5.598536,0.000432,0.000163,0.999406
1488,0,-0.339232,-4.755099,5.189210,0.003956,0.000048,0.995996
1489,0,-2.108944,-2.725784,5.607214,0.000445,0.000240,0.999314
1490,0,-2.467516,-3.109239,6.233643,0.000166,0.000088,0.999746
1491,0,-1.836971,-3.579735,6.025464,0.000385,0.000067,0.999548
1492,0,-1.449203,-1.897779,3.977927,0.004364,0.002787,0.992849
1493,0,-2.789784,-2.973093,6.236929,0.000120,0.000100,0.999780
1494,0,-2.203651,-3.336428,5.924709,0.000295,0.000095,0.999610
1495,0,-2.707550,-2.621737,6.078673,0.000153,0.000166,0.999681
1496,0,-2.712473,-3.153406,6.255042,0.000127,0.000082,0.999790
1497,0,-0.753401,-4.267826,5.272042,0.002410,0.000072,0.997518
1498,0,-0.562368,-4.396041,5.173796,0.003217,0.000070,0.996714
1499,0,-0.382874,-3.782341,4.419147,0.008144,0.000272,0.991584
1500,1,-0.035758,-3.801755,3.498347,0.028339,0.000656,0.971005
1501,1,-0.505552,-1.436429,1.771747,0.089730,0.035372,0.874897
1502,1,-1.815080,-3.233849,5.743473,0.000521,0.000126,0.999353
1503,1,-3.941694,2.355117,2.802500,0.000718,0.389703,0.609579
1504,1,-0.210178,-3.798739,4.393676,0.009911,0.000274,0.989815
1505,1,-3.287421,1.479853,2.694227,0.001943,0.228483,0.769574
1506,1,0.640987,-4.939298,3.952511,0.035173,0.000133,0.964694
1507,1,-2.223292,-0.844258,3.457968,0.003352,0.013313,0.983335
1508,1,-1.998466,-3.093044,5.622444,0.000490,0.000164,0.999346
1509,1,1.789420,-3.461524,0.946318,0.696565,0.003652,0.299783
1510,1,1.447580,-4.388947,3.012365,0.172874,0.000505,0.826622
1511,1,-3.420818,2.312805,2.117992,0.001772,0.547578,0.450650
1512,1,-2.200994,-3.242886,6.025487,0.000267,0.000094,0.999638
1513,1,-0.038240,-4.270407,4.627044,0.009327,0.000135,0.990537
1514,1,0.898968,-3.045532,2.214712,0.210665,0.004079,0.785257
1515,1,-0.679459,0.196561,0.496959,0.150510,0.361424,0.488066
1516,1,-2.294861,1.071663,1.874220,0.010567,0.306209,0.683224
1517,1,-1.945061,-2.602272,5.229400,0.000765,0.000397,0.998838
1518,1,0.958742,-4.357713,3.150370,0.100455,0.000493,0.899051
1519,1,-1.928615,-2.440628,5.101131,0.000884,0.000530,0.998586
1520,1,0.562375,-4.502243,3.817076,0.037150,0.000235,0.962616
1521,1,-1.783756,1.670741,0.629670,0.022823,0.722189,0.254988
1522,1,-3.330953,1.260178,3.118309,0.001366,0.134737,0.863897
1523,1,-4.149601,1.769348,3.857863,0.000296,0.110185,0.889518
1524,1,1.914545,-3.004116,1.114988,0.686419,0.005017,0.308564
1525,1,-0.600135,0.635857,0.155210,0.152204,0.523854,0.323942
1526,1,-0.732268,-2.930835,3.771359,0.010934,0.001213,0.987852
1527,1,-2.927628,-1.330903,4.823867,0.000429,0.002118,0.997453
1528,1,-3.675109,0.540380,4.540333,0.000266,0.017982,0.981752
1529,1,-2.769471,-0.352511,4.255883,0.000880,0.009861,0.989260
1530,1,-3.223149,-1.470527,5.540472,0.000156,0.000901,0.998943
1531,1,-0.941062,-4.284124,5.093267,0.002389,0.000084,0.997526
1532,1,0.755869,-2.486280,1.322745,0.356909,0.013948,0.629143
1533,1,-0.700936,-1.163440,1.838724,0.069905,0.044020,0.886075
1534,1,-3.479672,-0.459675,5.007026,0.000205,0.004207,0.995588
1535,1,-1.866792,-3.430909,5.822404,0.000457,0.000096,0.999447
1536,1,-0.617827,-3.904051,4.687801,0.004938,0.000185,0.994877
1537,1,-2.427215,-1.278673,4.418456,0.001059,0.003341,0.995600
1538,1,2.168159,-3.943645,0.738299,0.805439,0.001785,0.192776
1539,1,0.888009,-4.357666,3.396290,0.075250,0.000397,0.924354
1540,1,-1.776653,0.480747,1.695827,0.023378,0.223454,0.753167
1541,1,-0.007377,-0.774088,0.502696,0.319494,0.148417,0.532089
1542,1,-3.057791,0.922389,2.770285,0.002537,0.135775,0.861688
1543,1,-3.297839,1.551099,2.995856,0.001493,0.190525,0.807982
1544,1,-2.412559,-2.620241,5.732178,0.000290,0.000236,0.999474
1545,1,1.060005,-4.071154,2.808816,0.148067,0.000875,0.851057
1546,1,1.404129,-3.766990,1.699599,0.425634,0.002417,0.571949
1547,1,4.651372,-2.865107,-3.397666,0.999137,0.000544,0.000319
1548,1,-2.756809,1.498749,1.956035,0.005469,0.385510,0.609021
1549,1,-0.332400,-0.291435,0.477418,0.233137,0.242886,0.523976
1550,1,-0.988554,-4.333559,5.358261,0.001749,0.000062,0.998189
1551,1,-2.555909,-1.080085,4.631875,0.000753,0.003293,0.995955
1552,1,-2.326033,1.015902,1.760038,0.011264,0.318472,0.670264
1553,1,-1.236629,0.350659,1.120153,0.060800,0.297340,0.641860
1554,1,-1.877249,-3.291514,5.734954,0.000494,0.000120,0.999386
1555,1,3.031611,-4.777723,0.844143,0.898790,0.000365,0.100845
1556,1,-1.727152,-3.891901,5.978174,0.000450,0.000052,0.999498
1557,1,-1.851545,-3.320754,5.783830,0.000483,0.000111,0.999406
1558,1,-2.054382,-2.750297,5.590621,0.000478,0.000238,0.999284
1559,1,3.240819,-4.915715,0.653897,0.929767,0.000267,0.069966
1560,1,-0.378267,-3.026522,3.261143,0.025549,0.001808,0.972643
1561,1,-0.014568,-4.305685,4.361173,0.012420,0.000170,0.987410
1562,1,1.336229,-0.277848,-1.595757,0.798489,0.158959,0.042552
1563,1,-0.510509,-3.726189,4.640077,0.005761,0.000231,0.994008
1564,1,-2.199749,-3.587748,6.026245,0.000268,0.000067,0.999666
1565,1,-1.783756,1.670741,0.629670,0.022823,0.722189,0.254988
1566,1,0.582479,-1.028901,0.172610,0.536668,0.107125,0.356207
1567,1,-1.282082,-3.739468,5.084641,0.001715,0.000147,0.998139
1568,1,-1.721734,-2.929160,4.985875,0.001220,0.000365,0.998416
1569,1,0.089277,-4.732152,4.494042,0.012070,0.000097,0.987832
1570,1,-3.886913,2.563552,2.640272,0.000759,0.480464,0.518777
1571,1,-2.106728,1.476217,1.162046,0.015808,0.568767,0.415425
1572,1,-3.159081,0.060530,3.866566,0.000869,0.021734,0.977398
1573,1,-0.910543,-4.279620,5.514229,0.001618,0.000056,0.998326
1574,1,-4.156003,2.321260,3.272583,0.000428,0.278500,0.721072
1575,1,-0.816993,-4.190583,5.135279,0.002593,0.000089,0.997318
1576,1,-0.426825,-4.266432,4.974616,0.004489,0.000097,0.995414
1577,1,-1.893378,1.246503,1.112367,0.022572,0.521442,0.455986
1578,1,-4.430322,2.638364,3.427709,0.000266,0.312226,0.687508
1579,1,-1.576266,-4.024590,5.854509,0.000592,0.000051,0.999356
1580,1,-2.357344,-2.668233,5.595177,0.000352,0.000258,0.999391
1581,1,-2.321379,-2.639350,5.321658,0.000479,0.000349,0.999173
1582,1,-3.666313,0.543062,4.094799,0.000414,0.027864,0.971722
1583,1,1.532153,-4.611684,2.733955,0.231040,0.000496,0.768464
1584,1,-0.492181,-3.546587,4.308520,0.008154,0.000384,0.991462
1585,1,2.057928,-2.935035,1.100352,0.719110,0.004880,0.276010
1586,1,-0.984752,-3.018051,4.779754,0.003126,0.000409,0.996465
1587,1,-1.026388,0.286327,0.800632,0.091478,0.339955,0.568567
1588,1,-0.782117,2.488232,-1.288558,0.035813,0.942605,0.021582
1589,1,4.321768,-3.150800,-2.363153,0.998185,0.000567,0.001247
1590,1,0.916295,-4.622251,3.667392,0.060011,0.000236,0.939753
1591,1,-2.358780,-3.005384,5.945826,0.000247,0.000130,0.999623
1592,1,-1.944980,-1.847048,4.618559,0.001407,0.001551,0.997042
1593,1,-0.066691,-4.422230,4.736756,0.008134,0.000104,0.991762
1594,1,-3.433668,-0.341993,4.732965,0.000282,0.006211,0.993507
1595,1,-3.636294,0.012414,4.681054,0.000242,0.009296,0.990463
1596,1,-1.217290,0.686441,0.611675,0.071745,0.481470,0.446785
1597,1,4.376881,-4.407369,-1.336935,0.996559,0.000153,0.003289
1598,1,-1.931376,-2.306323,4.842324,0.001141,0.000784,0.998074
1599,1,-1.415526,-3.267008,4.762410,0.002070,0.000325,0.997605
1600,1,-2.907908,-2.097001,5.645658,0.000193,0.000434,0.999374
1601,1,-2.362780,-3.177051,6.039300,0.000224,0.000099,0.999676
1602,1,-1.169479,-3.887136,5.384950,0.001422,0.000094,0.998485
1603,1,-0.403345,-4.048712,4.702075,0.006026,0.000157,0.993816
1604,1,0.180122,-1.956153,1.637497,0.184749,0.021818,0.793434
1605,1,-2.629616,-0.003059,3.836951,0.001520,0.021009,0.977471
1606,1,-1.415526,-3.267008,4.762410,0.002070,0.000325,0.997605
1607,1,-3.656264,2.786918,2.066499,0.001069,0.671980,0.326951
1608,1,-0.516481,-4.428970,4.894911,0.004445,0.000089,0.995466
1609,1,-2.265537,1.610338,1.284027,0.011901,0.573948,0.414150
1610,1,-0.903342,-3.256770,4.650198,0.003857,0.000367,0.995776
1611,1,-3.013647,-1.680479,5.485765,0.000203,0.000771,0.999025
1612,1,-2.570743,-3.397236,6.265678,0.000145,0.000064,0.999791
1613,1,-3.221693,-1.680283,5.632805,0.000143,0.000666,0.999191
1614,1,-2.597576,1.898419,1.392493,0.006910,0.619540,0.373550
1615,1,-4.331826,2.705117,3.118423,0.000350,0.397981,0.601670
1616,1,-2.268598,-3.198097,6.052792,0.000243,0.000096,0.999661
1617,1,-2.454888,-3.414929,6.318713,0.000155,0.000059,0.999786
1618,1,-3.733890,2.526345,2.431423,0.001000,0.523189,0.475811
1619,1,-1.783756,1.670741,0.629670,0.022823,0.722189,0.254988
1620,1,-0.692915,-3.876137,4.666145,0.004682,0.000194,0.995124
1621,1,-1.788033,1.078390,1.092226,0.027478,0.482897,0.489625
1622,1,-3.806895,0.963806,3.777939,0.000479,0.056538,0.942983
1623,1,0.093441,-2.250489,1.866612,0.143155,0.013736,0.843110
1624,1,-2.401615,-3.273523,6.166402,0.000190,0.000079,0.999731
1625,1,-2.789317,-1.222474,4.649294,0.000586,0.002808,0.996606
1626,1,-1.783258,-3.927694,5.828642,0.000494,0.000058,0.999448
1627,1,2.139014,-4.495038,1.865602,0.567507,0.000746,0.431747
1628,1,1.139001,-4.347073,3.335645,0.100011,0.000414,0.899575
1629,1,-0.719444,-4.326593,5.135048,0.002859,0.000078,0.997064
1630,1,-1.796361,-3.768145,6.028264,0.000400,0.000056,0.999545
1631,1,0.532628,-4.170909,3.714818,0.039827,0.000361,0.959812
1632,1,-3.392447,0.812913,3.849806,0.000682,0.045755,0.953562
1633,1,-0.929194,0.522054,0.815258,0.090982,0.388350,0.520668
1634,1,-1.285506,-3.611053,5.184504,0.001547,0.000151,0.998302
1635,1,-0.542878,-3.156415,3.904243,0.011567,0.000848,0.987586
1636,1,2.750536,-4.754736,1.141652,0.832875,0.000458,0.166667
1637,1,-0.946051,-4.187807,5.274370,0.001984,0.000078,0.997938
1638,1,0.774889,-4.597983,3.774103,0.047451,0.000220,0.952329
1639,1,-0.330915,1.107000,-0.756308,0.170491,0.718091,0.111418
1640,1,-3.226539,-0.562161,4.472497,0.000450,0.006463,0.993086
1641,1,0.796522,-1.988580,0.662612,0.516425,0.031875,0.451700
1642,1,-1.977458,-2.023350,4.582155,0.001413,0.001349,0.997238
1643,1,0.372571,-3.220394,2.291065,0.127580,0.003511,0.868909
1644,1,-2.367299,1.730409,1.261467,0.010114,0.608912,0.380974
1645,1,-1.462842,-2.682076,4.934781,0.001662,0.000491,0.997847
1646,1,-2.372747,-3.437911,6.198402,0.000189,0.000065,0.999745
1647,1,-1.783756,1.670741,0.629670,0.022823,0.722189,0.254988
1648,1,-2.371876,-2.875206,5.731216,0.000302,0.000183,0.999515
1649,1,-1.907592,-3.513200,5.770050,0.000463,0.000093,0.999444
1650,1,-1.609642,-3.795422,5.699771,0.000669,0.000075,0.999256
1651,1,-1.626700,-3.440411,5.177583,0.001108,0.000181,0.998712
1652,1,0.663874,-4.430378,3.662445,0.047477,0.000291,0.952232
1653,1,1.344812,-4.429478,2.764671,0.194566,0.000604,0.804830
1654,1,-2.767612,-2.547559,6.017826,0.000153,0.000191,0.999657
1655,1,0.153394,-4.356582,4.021436,0.020467,0.000225,0.979308
1656,1,-0.615880,-3.396297,4.278659,0.007428,0.000461,0.992111
1657,1,1.662996,-4.501428,2.059211,0.401882,0.000845,0.597273
1658,1,-1.279579,2.002851,-0.324842,0.033071,0.881013,0.085917
1659,1,-2.955179,1.009967,2.737118,0.002855,0.150521,0.846624
1660,1,-1.496836,1.669181,0.240379,0.032901,0.780173,0.186926
1661,1,-2.203851,-3.635598,6.195261,0.000225,0.000054,0.999721
1662,1,-3.910766,1.407981,3.912642,0.000370,0.075504,0.924126
1663,1,3.629349,-4.966828,0.086391,0.971711,0.000180,0.028109
1664,1,0.124471,-2.566079,2.428897,0.090202,0.006120,0.903679
1665,1,-2.436656,-3.310930,6.140139,0.000188,0.000079,0.999733
1666,1,-2.694341,-2.703156,6.064252,0.000157,0.000156,0.999687
1667,1,-1.513398,0.269811,1.420698,0.038830,0.230995,0.730175
1668,1,-3.481208,1.999184,2.858330,0.001238,0.297149,0.701612
1669,1,-2.608340,2.157170,1.116391,0.006256,0.734377,0.259367
1670,1,-2.936414,1.925300,1.918819,0.003866,0.499681,0.496453
1671,1,4.478812,-4.338573,-1.494030,0.997312,0.000148,0.002540
1672,1,-2.256189,-2.828324,5.753610,0.000332,0.000187,0.999481
1673,1,0.353393,-4.173631,4.042376,0.024381,0.000264,0.975355
1674,1,-2.486091,-3.174323,6.184367,0.000172,0.000086,0.999742
1675,1,0.132439,-2.413109,2.258289,0.105726,0.008292,0.885982
1676,1,-0.976868,-3.948934,5.335652,0.001810,0.000093,0.998097
1677,1,-0.989048,1.048007,0.143993,0.084940,0.651316,0.263745
1678,1,-3.267270,-1.771790,5.710682,0.000126,0.000562,0.999311
1679,1,-0.387167,-2.652448,3.250761,0.025564,0.002654,0.971782
1680,1,-1.415526,-3.267008,4.762410,0.002070,0.000325,0.997605
1681,1,-2.769937,-2.393492,5.869547,0.000177,0.000258,0.999565
1682,1,4.395868,-4.517549,-1.182707,0.996103,0.000134,0.003763
1683,1,0.056071,-4.349326,4.600249,0.010516,0.000128,0.989356
1684,1,-1.402379,-3.322435,4.896169,0.001835,0.000269,0.997896
1685,1,-1.518246,-3.342941,5.443809,0.000946,0.000153,0.998901
1686,1,1.137336,-5.084234,3.517863,0.084656,0.000168,0.915176
1687,1,0.098730,-3.285173,3.583938,0.029706,0.001007,0.969286
1688,1,-2.174145,-3.327859,6.085979,0.000259,0.000082,0.999660
1689,1,0.614739,-1.641991,0.523064,0.495763,0.051903,0.452335
1690,1,-2.502543,-2.898130,5.891926,0.000226,0.000152,0.999622
1691,1,-3.604794,0.440036,4.358335,0.000341,0.019481,0.980178
1692,1,-2.292995,-3.530541,6.251884,0.000194,0.000056,0.999749
1693,1,-2.256656,-3.358157,6.164623,0.000220,0.000073,0.999707
1694,1,0.830910,1.001822,-2.185793,0.447358,0.530739,0.021904
1695,1,-1.570304,-3.536150,5.294456,0.001043,0.000146,0.998811
1696,1,-2.285298,-2.064433,5.134624,0.000598,0.000746,0.998655
1697,1,-2.081515,1.566688,1.094650,0.015783,0.606146,0.378071
1698,1,0.693758,-4.712728,3.945392,0.037262,0.000167,0.962571
1699,1,-2.016902,-3.496977,5.772271,0.000414,0.000094,0.999492
1700,1,-3.647646,1.397516,3.447988,0.000734,0.113921,0.885345
1701,1,-1.888125,1.160386,1.484339,0.019518,0.411520,0.568961
1702,1,-3.337628,3.047140,1.230471,0.001449,0.858920,0.139631
1703,1,-0.773759,-4.277691,5.216692,0.002496,0.000075,0.997429
1704,1,-2.863591,-2.423970,5.930775,0.000152,0.000235,0.999613
1705,1,-2.671539,2.035910,1.469392,0.005726,0.634306,0.359967
1706,1,-1.808334,1.065170,1.109789,0.026878,0.475708,0.497414
1707,1,4.494961,-3.742476,-1.980914,0.998199,0.000264,0.001537
1708,1,1.034191,-4.569426,3.445697,0.082275,0.000303,0.917422
1709,1,2.546912,-4.990097,1.823111,0.673202,0.000359,0.326439
1710,1,-0.594762,-0.172601,0.793165,0.153097,0.233512,0.613390
1711,1,-3.009163,-2.283838,5.992900,0.000123,0.000254,0.999623
1712,1,-2.265744,-2.429670,5.464478,0.000439,0.000373,0.999188
1713,1,-1.867038,-3.576735,5.939832,0.000407,0.000074,0.999520
1714,1,-1.649131,-3.283437,5.535392,0.000758,0.000148,0.999095
1715,1,-0.978197,-0.233874,1.964565,0.045304,0.095365,0.859331
1716,1,-3.686738,1.985212,2.877589,0.000999,0.290329,0.708672
1717,1,1.524313,-4.200034,2.328875,0.308739,0.001008,0.690253
1718,1,-0.048313,-1.511895,1.205108,0.211251,0.048885,0.739865
1719,1,2.861252,-4.464849,0.788838,0.887674,0.000584,0.111742
1720,1,-1.214833,-3.932347,5.487427,0.001227,0.000081,0.998692
1721,1,0.875486,-4.059960,2.549859,0.157663,0.001133,0.841204
1722,1,-1.421695,-3.738990,5.534369,0.000952,0.000094,0.998954
1723,1,-0.948060,-4.002822,4.726757,0.003419,0.000161,0.996420
1724,1,-1.198159,-3.707076,5.227335,0.001617,0.000132,0.998251
1725,1,-2.219368,-3.137357,5.861855,0.000309,0.000123,0.999567
1726,1,-1.144014,-2.346657,4.226902,0.004622,0.001388,0.993990
1727,1,-0.270403,0.688679,-0.438988,0.224509,0.585812,0.189679
1728,1,-3.455012,1.751821,2.719560,0.001506,0.274917,0.723577
1729,1,2.571135,-5.167081,1.837210,0.675467,0.000294,0.324238
1730,1,0.359940,-3.368574,2.973809,0.068139,0.001637,0.930223
1731,1,-2.579090,-3.088977,6.220341,0.000151,0.000091,0.999759
1732,1,-3.263259,1.167132,3.039783,0.001584,0.133024,0.865391
1733,1,-2.187090,2.084614,0.733961,0.010964,0.785528,0.203508
1734,1,-1.575134,-2.686347,5.012272,0.001375,0.000453,0.998172
1735,1,-3.620226,2.568818,2.159061,0.001232,0.600289,0.398479
1736,1,-1.755751,-3.715322,5.912252,0.000467,0.000066,0.999467
1737,1,-2.483117,1.441463,1.964844,0.007295,0.369348,0.623357
1738,1,0.195273,-4.726814,4.413376,0.014511,0.000106,0.985383
1739,1,-0.070635,-1.127504,0.848046,0.259503,0.090188,0.650309
1740,1,-2.647531,-2.881199,6.185730,0.000146,0.000115,0.999739
1741,1,-0.458907,-4.280914,5.072769,0.003943,0.000086,0.995970
1742,1,-2.198988,-2.940692,5.796321,0.000337,0.000160,0.999503
1743,1,-2.138897,1.846347,1.009796,0.012803,0.688805,0.298392
1744,1,-3.528421,2.674242,2.090900,0.001297,0.641003,0.357699
1745,1,-4.321081,2.462778,3.326293,0.000336,0.296506,0.703158
1746,1,3.626283,-4.019779,-0.463772,0.983075,0.000470,0.016455
1747,1,-1.976004,-3.133493,5.633090,0.000496,0.000156,0.999349
1748,1,-4.468793,2.408597,3.592327,0.000242,0.234326,0.765433
1749,1,-4.025713,2.399189,3.016804,0.000567,0.350126,0.649307
1750,1,-2.642009,-3.029595,6.065541,0.000165,0.000112,0.999723
1751,1,-2.899665,-1.642926,5.396629,0.000249,0.000876,0.998875
1752,1,-4.292118,1.505190,4.134070,0.000204,0.067289,0.932507
1753,1,-0.121199,-4.452183,4.727947,0.007773,0.000102,0.992124
1754,1,0.044118,-0.825462,0.322111,0.365016,0.152988,0.481996
1755,1,-0.863676,-4.195156,5.402799,0.001895,0.000068,0.998037
1756,1,-2.087669,1.003957,1.911692,0.012891,0.283758,0.703351
1757,1,-2.526664,-2.850102,5.895239,0.000220,0.000159,0.999621
1758,1,-4.005200,2.592747,2.948714,0.000561,0.411705,0.587734
1759,1,-2.172481,1.836684,0.888733,0.012911,0.711398,0.275691
1760,1,2.794319,-4.638843,1.004051,0.856526,0.000506,0.142967
1761,1,-1.760921,-3.810679,5.860828,0.000489,0.000063,0.999448
1762,1,-0.594971,-3.698541,4.720445,0.004890,0.000220,0.994890
1763,1,0.349806,-4.229599,4.197671,0.020875,0.000214,0.978910
1764,1,-1.405538,-1.223680,3.188273,0.009894,0.011867,0.978238
1765,1,-0.229202,0.519190,-0.414220,0.253505,0.535809,0.210686
1766,1,-1.440953,-2.618321,4.584965,0.002408,0.000742,0.996850
1767,1,-3.777055,0.563023,4.492815,0.000251,0.019264,0.980485
1768,1,1.151783,-3.439975,2.097517,0.278953,0.002827,0.718220
1769,1,1.064508,-4.245396,3.030321,0.122765,0.000607,0.876629
1770,1,-1.730253,-3.490280,5.692321,0.000597,0.000103,0.999300
1771,1,-0.366856,-4.449275,5.166788,0.003936,0.000066,0.995998
1772,1,-2.774529,-2.088794,5.720341,0.000204,0.000406,0.999390
1773,1,-0.042599,-4.134165,3.847886,0.020019,0.000335,0.979646
1774,1,-2.257291,-2.109182,5.260703,0.000543,0.000629,0.998828
1775,1,-0.038817,1.600021,-1.553860,0.157011,0.808478,0.034511
1776,1,-3.359451,2.599225,1.802358,0.001778,0.688079,0.310144
1777,1,-1.685371,-3.776547,5.644355,0.000655,0.000081,0.999264
1778,1,-1.926637,-2.479752,5.150867,0.000843,0.000485,0.998673
1779,1,-2.487439,1.194137,1.976971,0.007838,0.311250,0.680911
1780,1,-0.529723,0.416511,0.091209,0.183937,0.473819,0.342244
1781,1,0.665009,1.002385,-1.976210,0.404442,0.566731,0.028826
1782,1,2.838425,-3.472576,-0.029742,0.944627,0.001716,0.053658
1783,1,-0.243413,-4.105823,4.475452,0.008845,0.000186,0.990969
1784,1,-2.701432,0.576542,2.869776,0.003445,0.091369,0.905186
1785,1,3.056448,-4.593341,0.423375,0.932546,0.000444,0.067010
1786,1,-0.920411,-2.514084,4.071919,0.006735,0.001368,0.991897
1787,1,1.497132,-1.772864,-0.832814,0.880819,0.033477,0.085704
1788,1,1.188405,-3.698306,2.545235,0.204440,0.001543,0.794017
1789,1,-1.415526,-3.267008,4.762410,0.002070,0.000325,0.997605
1790,1,-1.970092,-2.738633,5.275804,0.000712,0.000330,0.998957
1791,1,-0.671842,-4.360669,4.984666,0.003482,0.000087,0.996431
1792,1,-0.739211,-3.476747,4.874259,0.003634,0.000235,0.996130
1793,1,-2.638188,-2.718133,6.057489,0.000167,0.000154,0.999678
1794,1,-2.640363,-1.455645,4.726985,0.000630,0.002059,0.997311
1795,1,-4.034053,0.843715,4.447946,0.000202,0.026482,0.973316
1796,1,-2.706435,-1.736468,5.239751,0.000354,0.000933,0.998714
1797,1,-2.669385,1.006314,2.430032,0.004892,0.193130,0.801978
1798,1,-2.058741,2.053578,0.674026,0.012909,0.788606,0.198485
1799,1,-1.233410,-3.950970,5.216701,0.001578,0.000104,0.998318
1800,1,-4.030860,1.007351,4.518305,0.000188,0.028997,0.970815
1801,1,2.854070,-4.642233,0.672953,0.898093,0.000499,0.101408
1802,1,1.668448,-3.705259,2.356746,0.333894,0.001548,0.664558
1803,1,-2.908113,-0.071969,3.670166,0.001356,0.023123,0.975521
1804,1,2.629443,-4.649637,1.607387,0.735000,0.000507,0.264493
1805,1,-2.492934,-1.811845,5.076609,0.000515,0.001018,0.998467
1806,1,-1.783756,1.670741,0.629670,0.022823,0.722189,0.254988
1807,1,-0.430275,-3.765878,4.731854,0.005696,0.000203,0.994102
1808,1,-0.772105,-2.540087,4.185392,0.006973,0.001190,0.991837
1809,1,-1.980905,-3.107456,5.810151,0.000413,0.000134,0.999453
1810,1,-1.415526,-3.267008,4.762410,0.002070,0.000325,0.997605
1811,1,0.693450,-1.166320,0.015616,0.601170,0.093607,0.305223
1812,1,-1.141336,-3.176581,4.711125,0.002864,0.000374,0.996762
1813,1,-0.882292,-3.557557,5.120222,0.002466,0.000170,0.997364
1814,1,-1.387471,-1.328084,3.488995,0.007506,0.007965,0.984529
1815,1,-1.950389,-3.851345,5.966933,0.000364,0.000054,0.999581
1816,1,-3.801695,2.679231,2.396530,0.000873,0.569710,0.429417
1817,1,0.753254,-2.135864,0.824330,0.469640,0.026124,0.504236
1818,1,-2.658250,2.202716,1.298720,0.005481,0.707869,0.286650
1819,1,1.273468,-4.668445,2.987881,0.152531,0.000401,0.847068
1820,1,-2.170323,-1.667109,4.400939,0.001395,0.002307,0.996298
1821,1,-3.499514,0.030508,4.657716,0.000284,0.009685,0.990032
1822,1,-0.736876,1.103293,-0.227581,0.111586,0.702722,0.185692
1823,1,-1.856241,-3.390164,5.574496,0.000592,0.000128,0.999280
1824,1,2.481624,-2.779732,-0.002470,0.918620,0.004766,0.076614
1825,1,-0.980801,-1.684469,2.831084,0.021399,0.010588,0.968013
1826,1,-2.163696,-2.890037,5.782942,0.000354,0.000171,0.999475
1827,1,-1.588412,-3.953910,6.037319,0.000487,0.000046,0.999467
1828,1,0.025138,-3.425384,3.822072,0.021932,0.000696,0.977372
1829,1,-1.795767,-2.786912,5.385486,0.000760,0.000282,0.998958
1830,1,-1.188279,-0.619442,2.269095,0.028986,0.051195,0.919819
1831,1,-1.007226,-0.021722,1.104506,0.083740,0.224354,0.691906
1832,1,-1.852452,1.823508,0.535912,0.019462,0.768487,0.212051
1833,1,-2.138157,-2.843544,5.609047,0.000432,0.000213,0.999355
1834,1,-1.388305,-2.554321,4.448595,0.002907,0.000906,0.996188
1835,1,-1.516160,1.546453,0.495235,0.033493,0.716190,0.250317
1836,1,0.386809,-0.440974,-0.284016,0.513267,0.224306,0.262426
1837,1,-1.933338,-3.102683,5.713189,0.000477,0.000148,0.999374
1838,1,2.710685,-4.556441,0.916822,0.856887,0.000598,0.142514
1839,1,3.331241,-4.644291,0.264489,0.955186,0.000328,0.044485
1840,1,-3.949676,0.937976,4.174444,0.000285,0.037805,0.961910
1841,1,-2.645341,-2.963749,6.177364,0.000147,0.000107,0.999746
1842,1,0.308721,0.728893,-1.204810,0.364650,0.555079,0.080271
1843,1,-1.218212,-3.463901,5.009147,0.001970,0.000209,0.997821
1844,1,-4.069056,2.739266,2.774560,0.000542,0.490911,0.508547
1845,1,-2.673153,2.437444,1.093748,0.004762,0.789321,0.205918
1846,1,-1.783756,1.670741,0.629670,0.022823,0.722189,0.254988
1847,1,-2.588493,-3.178880,6.336131,0.000133,0.000074,0.999793
1848,1,-2.750377,-2.610038,6.050080,0.000151,0.000173,0.999676
1849,1,-1.415526,-3.267008,4.762410,0.002070,0.000325,0.997605
1850,1,-2.188110,-3.561803,6.137811,0.000242,0.000061,0.999697
1851,1,3.449333,-2.561872,-1.583512,0.991108,0.002429,0.006462
1852,1,1.192215,-4.707704,3.173409,0.121151,0.000332,0.878517
1853,1,-1.699492,-2.046381,4.819567,0.001471,0.001040,0.997489
1854,1,-1.035177,-3.750140,4.780968,0.002970,0.000197,0.996834
1855,1,-2.987758,1.999405,2.037896,0.003336,0.488743,0.507922
1856,1,-1.083257,-3.518802,5.010810,0.002251,0.000197,0.997552
1857,1,-3.502193,2.509308,2.086233,0.001478,0.603326,0.395196
1858,1,-4.114237,1.647139,3.792880,0.000329,0.104695,0.894975
1859,1,4.119063,-2.345502,-3.402926,0.997906,0.001554,0.000540
1860,1,4.004650,-4.328759,-0.990938,0.993041,0.000239,0.006721
1861,1,-0.395222,-1.864646,2.084597,0.075935,0.017469,0.906596
1862,1,-3.128453,1.865585,2.348861,0.002579,0.380495,0.616926
1863,1,2.488851,-4.459953,1.113869,0.797573,0.000765,0.201662
1864,1,-1.049315,-4.084298,5.321820,0.001707,0.000082,0.998211
1865,1,-3.475846,0.045983,4.524453,0.000331,0.011220,0.988449
1866,1,-2.214695,-3.083398,5.736430,0.000352,0.000148,0.999500
1867,1,0.071180,-3.482725,3.732152,0.025045,0.000717,0.974238
1868,1,-3.782902,0.346892,4.654896,0.000214,0.013279,0.986508
1869,1,1.249102,-4.925155,3.025864,0.144660,0.000301,0.855039
1870,1,0.516627,-4.221347,3.809484,0.035806,0.000314,0.963881
1871,1,-1.790218,-3.797837,5.768323,0.000521,0.000070,0.999409
1872,1,-2.603491,-0.863407,4.655831,0.000700,0.003990,0.995310
1873,1,-1.848632,-3.629543,5.994083,0.000392,0.000066,0.999542
1874,1,-0.131301,-3.202415,3.329035,0.030419,0.001411,0.968170
1875,1,2.922661,-4.381037,0.580012,0.911788,0.000614,0.087598
1876,1,-0.332314,-3.740320,4.328852,0.009364,0.000310,0.990326
1877,1,-2.021618,-2.556935,4.987965,0.000902,0.000528,0.998570
1878,1,-1.651579,-3.214552,5.527887,0.000761,0.000160,0.999079
1879,1,1.661965,-2.942427,1.572933,0.519528,0.005199,0.475273
1880,1,0.225666,-4.466645,4.338457,0.016096,0.000148,0.983756
1881,1,-3.658349,1.493303,3.245154,0.000855,0.147687,0.851457
1882,1,-1.116710,1.963898,-0.530011,0.040701,0.886118,0.073181
1883,1,1.370944,-4.916885,3.354788,0.120883,0.000225,0.878893
1884,1,-0.856796,1.585022,-0.499977,0.071825,0.825553,0.102622
1885,1,-1.153810,-3.523769,5.199131,0.001738,0.000163,0.998099
1886,1,-2.421976,-3.434554,6.202133,0.000180,0.000065,0.999755
1887,1,-2.188896,1.555948,1.235770,0.013511,0.571540,0.414949
1888,1,-0.870022,-3.709162,4.954432,0.002945,0.000172,0.996883
1889,1,4.604539,-3.424741,-2.740230,0.999029,0.000325,0.000645
1890,1,0.765532,-4.347341,3.139128,0.085165,0.000513,0.914323
1891,1,1.627350,-4.354361,2.354602,0.325530,0.000822,0.673648
1892,1,0.219534,-2.646919,2.722014,0.075360,0.004288,0.920352
1893,1,-1.050315,-2.440316,3.586828,0.009570,0.002384,0.988047
1894,1,-2.249581,-3.498563,6.079364,0.000241,0.000069,0.999689
1895,1,0.357194,-4.399796,3.782992,0.031490,0.000271,0.968239
1896,1,-1.587999,-0.309787,2.248498,0.019626,0.070461,0.909913
1897,1,-1.705288,-2.054119,4.679800,0.001682,0.001186,0.997132
1898,1,2.539455,-4.722909,1.196249,0.792576,0.000556,0.206868
1899,1,-0.254416,-4.418707,4.783187,0.006447,0.000100,0.993453
1900,1,2.384011,-3.565598,1.141852,0.774373,0.002019,0.223608
1901,1,1.764559,-4.601988,2.401385,0.345759,0.000594,0.653647
1902,1,-0.852444,0.246917,0.671705,0.116367,0.349363,0.534269
1903,1,-2.028683,-3.539138,6.026114,0.000317,0.000070,0.999613
1904,1,-1.437723,0.899225,0.811155,0.048015,0.496939,0.455046
1905,1,-1.644252,-3.689679,5.644231,0.000683,0.000088,0.999229
1906,1,-1.917686,-1.807087,4.097663,0.002428,0.002712,0.994859
1907,1,0.717340,-4.265982,3.630172,0.051505,0.000353,0.948142
1908,1,1.600750,-4.926325,2.878353,0.217889,0.000319,0.781792
1909,1,-2.266719,1.357132,1.623988,0.011438,0.428719,0.559843
1910,1,-2.203126,2.352109,0.502008,0.009002,0.856360,0.134638
1911,1,-1.712766,-3.714590,5.720407,0.000591,0.000080,0.999329
1912,1,-1.688053,-3.255206,5.677366,0.000632,0.000132,0.999236
1913,1,0.501909,0.102779,-1.034650,0.530216,0.355724,0.114060
1914,1,1.116606,-4.092103,3.182643,0.112373,0.000615,0.887013
1915,1,-4.301661,2.908582,2.909712,0.000369,0.499533,0.500098
1916,1,-0.218845,0.353194,-0.233071,0.266117,0.471526,0.262358
1917,1,-1.941501,-3.438250,5.770241,0.000447,0.000100,0.999453
1918,1,-0.787465,-3.832280,5.031316,0.002962,0.000141,0.996897
1919,1,0.473941,-4.926700,4.483938,0.017809,0.000080,0.982111
1920,1,4.008404,-4.029704,-1.332880,0.994913,0.000321,0.004765
1921,1,0.208664,-2.247528,2.696378,0.076222,0.006537,0.917241
1922,1,-4.072920,1.777633,3.844208,0.000323,0.112352,0.887325
1923,1,0.292071,-4.000170,3.307391,0.046709,0.000639,0.952653
1924,1,-2.338436,-3.206094,5.944570,0.000253,0.000106,0.999641
1925,1,-0.791799,-2.633898,4.062375,0.007726,0.001224,0.991050
1926,1,-1.414880,0.985702,0.928520,0.044551,0.491379,0.464070
1927,1,1.070556,-3.862950,2.238001,0.236912,0.001706,0.761382
1928,1,-2.166739,-3.677579,6.075632,0.000263,0.000058,0.999679
1929,1,-1.498998,-0.764295,3.143260,0.009358,0.019510,0.971133
1930,1,-1.771160,-3.717403,5.887104,0.000472,0.000067,0.999461
1931,1,-2.723994,-0.418135,4.479132,0.000738,0.007406,0.991856
1932,1,1.447341,-4.870540,2.671986,0.227027,0.000410,0.772563
1933,1,-2.761373,2.366070,1.099609,0.004606,0.776543,0.218851
1934,1,-2.017968,-3.566233,6.082199,0.000303,0.000065,0.999632
1935,1,-3.375617,2.244801,2.201837,0.001847,0.509796,0.488357
1936,1,2.848647,-4.836548,1.346092,0.817648,0.000376,0.181976
1937,1,-1.783756,1.670741,0.629670,0.022823,0.722189,0.254988
1938,1,-4.429571,2.152934,3.759087,0.000231,0.167085,0.832684
1939,1,2.585224,-4.834800,1.531785,0.741106,0.000444,0.258450
1940,1,-0.375169,-4.165906,4.396439,0.008394,0.000190,0.991416
1941,1,1.318518,-4.363482,2.721828,0.197159,0.000672,0.802169
1942,1,-0.625228,-4.215456,4.845512,0.004190,0.000116,0.995694
1943,1,2.527528,-3.859423,0.823121,0.844906,0.001422,0.153672
1944,1,-0.682594,-0.838116,1.664712,0.081213,0.069516,0.849272
1945,1,-2.944161,-0.502529,4.347470,0.000675,0.007762,0.991562
1946,1,-1.713401,-3.026916,5.255966,0.000939,0.000253,0.998808
1947,1,-1.003529,-3.983214,5.426533,0.001610,0.000082,0.998309
1948,1,-0.829938,-1.321855,2.229178,0.043630,0.026678,0.929693
1949,1,-2.596576,-3.090172,6.295975,0.000137,0.000084,0.999779
1950,1,-1.259381,-3.992426,5.162508,0.001623,0.000106,0.998272
1951,1,2.374526,-4.813470,1.937769,0.607207,0.000459,0.392334
1952,1,-3.070492,-0.289094,4.445532,0.000539,0.008705,0.990756
1953,1,0.025275,-4.239559,4.444442,0.011899,0.000167,0.987934
1954,1,-1.783756,1.670741,0.629670,0.022823,0.722189,0.254988
1955,1,-3.293384,0.137958,4.058554,0.000628,0.019431,0.979940
1956,1,-2.815675,-2.710281,6.189761,0.000123,0.000136,0.999741
1957,1,3.513962,-4.391892,-0.142365,0.974473,0.000359,0.025168
1958,1,4.258792,-3.772029,-1.778355,0.997294,0.000324,0.002382
1959,1,2.229287,-4.904149,2.139599,0.522189,0.000417,0.477394
1960,1,2.385697,-3.769104,0.796822,0.828996,0.001760,0.169244
1961,1,-3.146849,-1.494022,5.428535,0.000188,0.000984,0.998827
1962,1,-1.783756,1.670741,0.629670,0.022823,0.722189,0.254988
1963,1,3.315072,-3.918403,-0.162129,0.969353,0.000700,0.029947
1964,1,-2.301914,-3.444477,6.272620,0.000189,0.000060,0.999751
1965,1,-1.602515,-2.196946,4.401187,0.002460,0.001358,0.996182
1966,1,-2.422606,-3.089172,6.082131,0.000202,0.000104,0.999694
1967,1,-0.566295,-4.120179,4.844400,0.004448,0.000127,0.995425
1968,1,0.370733,-3.529363,2.663948,0.091517,0.001852,0.906631
1969,1,-1.985365,-3.762643,5.965866,0.000352,0.000060,0.999588
1970,1,-2.524044,2.070943,1.229603,0.007010,0.693850,0.299141
1971,1,-2.523499,-1.552451,5.085793,0.000495,0.001307,0.998198
1972,1,-0.814541,-2.765474,3.757963,0.010212,0.001451,0.988337
1973,1,-0.113095,-4.422727,4.807211,0.007243,0.000097,0.992659
1974,1,-2.174712,-3.219328,5.993908,0.000283,0.000100,0.999617
1975,1,-0.412721,-4.142900,4.842196,0.005194,0.000125,0.994681
1976,1,0.150481,-0.899731,0.325290,0.393564,0.137694,0.468742
1977,1,2.559954,-4.459696,1.346590,0.770363,0.000689,0.228949
1978,1,-2.401430,-2.686897,5.824537,0.000267,0.000201,0.999532
1979,1,-0.754235,-0.214307,1.016701,0.116384,0.199702,0.683914
1980,1,-0.027658,-0.410333,0.469079,0.300717,0.205099,0.494184
1981,1,-1.187820,-2.640411,4.287444,0.004168,0.000975,0.994857
1982,1,-2.581960,2.497788,0.877735,0.005167,0.830489,0.164344
1983,1,-1.073730,-4.129604,5.512768,0.001377,0.000065,0.998558
1984,1,-2.923417,-1.876422,5.813360,0.000160,0.000457,0.999382
1985,1,-0.264390,-4.193633,4.631139,0.007423,0.000146,0.992431
1986,1,-2.296024,-3.283130,6.174990,0.000209,0.000078,0.999713
1987,1,-2.486091,-3.174323,6.184367,0.000172,0.000086,0.999742
1988,1,1.561094,-4.241976,2.276424,0.328097,0.000990,0.670913
1989,1,-0.147117,-3.381668,3.770942,0.019477,0.000767,0.979756
1990,1,-2.772350,-1.052478,4.260151,0.000878,0.004900,0.994222
1991,1,-0.305924,-3.601082,4.353398,0.009381,0.000348,0.990272
1992,1,-3.641321,2.631423,2.159706,0.001161,0.615075,0.383764
1993,1,1.087100,-3.967828,2.928555,0.136760,0.000872,0.862368
1994,1,-0.523496,-3.397224,3.942779,0.011352,0.000641,0.988007
1995,1,-0.175426,1.407228,-1.233624,0.160903,0.783251,0.055846
1996,1,4.573376,-3.780522,-2.237476,0.998665,0.000235,0.001100
1997,1,-2.295003,-2.928580,5.850035,0.000290,0.000154,0.999556
1998,1,-4.276560,2.682082,3.081404,0.000381,0.401322,0.598296
1999,1,-3.706262,2.149716,2.798624,0.000982,0.342899,0.656120
2000,1,-1.924843,1.333406,1.146574,0.020586,0.535321,0.444093
2001,1,-1.993612,-3.331261,5.616642,0.000495,0.000130,0.999375
2002,1,-2.030876,-3.646285,5.614506,0.000478,0.000095,0.999427
2003,1,0.523256,-4.196721,3.761816,0.037727,0.000336,0.961936
2004,1,2.232073,-4.860522,2.085257,0.536399,0.000446,0.463155
2005,1,0.139854,-3.424334,3.317538,0.039969,0.001132,0.958899
2006,1,-3.822511,0.086928,4.838430,0.000172,0.008563,0.991265
2007,1,-4.336613,2.039042,3.863766,0.000236,0.138835,0.860928
2008,1,0.804341,-4.014344,2.965485,0.103208,0.000834,0.895958
2009,1,-1.795346,-3.198880,5.595791,0.000616,0.000151,0.999232
2010,1,1.639778,-2.239196,0.220666,0.792016,0.016373,0.191611
2011,1,-1.813607,-2.679882,4.804862,0.001333,0.000561,0.998106
2012,1,1.531492,-4.064610,2.208924,0.336414,0.001249,0.662337
2013,1,0.508313,-1.924287,0.910365,0.387192,0.033999,0.578809
2014,1,-0.317414,-3.905889,4.705839,0.006539,0.000181,0.993280
2015,1,-2.592864,-3.233483,6.212906,0.000150,0.000079,0.999771
2016,1,-0.272455,-3.679135,3.602245,0.020325,0.000674,0.979002
2017,1,-3.621411,2.584187,2.246871,0.001176,0.582852,0.415972
2018,1,-3.378603,-0.500319,5.099699,0.000207,0.003683,0.996109
2019,1,-3.700941,2.645549,2.225138,0.001057,0.602944,0.395999
2020,1,-0.218845,0.353194,-0.233071,0.266117,0.471526,0.262358
2021,1,-0.218845,0.353194,-0.233071,0.266117,0.471526,0.262358
2022,1,-1.904938,-1.921171,4.310780,0.001990,0.001958,0.996052
2023,1,-3.057140,-0.116272,4.309715,0.000624,0.011814,0.987562
2024,1,3.943750,-4.007298,-1.037153,0.992832,0.000350,0.006819
2025,1,0.057934,-4.296150,4.479959,0.011866,0.000153,0.987982
2026,1,-0.891087,-4.322231,5.486751,0.001696,0.000055,0.998249
2027,1,-2.092610,-3.522235,6.084589,0.000281,0.000067,0.999652
2028,1,-1.003463,-3.423052,4.806979,0.002986,0.000266,0.996748
2029,1,-3.676201,0.825446,4.012109,0.000440,0.039653,0.959907
2030,1,-3.620951,0.430486,4.523830,0.000285,0.016405,0.983310
2031,1,1.376675,-4.372594,3.271519,0.130639,0.000416,0.868945
2032,1,0.519420,0.012208,-0.974306,0.547433,0.329649,0.122918
2033,1,-1.903341,-3.480374,5.844111,0.000432,0.000089,0.999479
2034,1,1.887784,-4.440633,2.492715,0.352994,0.000630,0.646376
2035,1,2.810024,-3.692538,0.000409,0.941861,0.001412,0.056727
2036,1,-1.729198,1.728367,0.500994,0.023786,0.754963,0.221251
2037,1,2.560213,-4.462535,1.768314,0.687817,0.000613,0.311570
2038,1,-2.364352,-2.180130,5.249169,0.000493,0.000593,0.998914
2039,1,0.653539,-1.416931,0.043093,0.599077,0.075559,0.325364
2040,1,2.244952,-4.753686,1.875352,0.591043,0.000540,0.408417
2041,1,-1.766175,-3.665714,5.930432,0.000454,0.000068,0.999478
2042,1,-2.722353,-2.681566,5.614159,0.000239,0.000249,0.999511
2043,1,-2.215920,-3.369833,5.987668,0.000274,0.000086,0.999640
2044,1,-1.898829,-3.749441,6.047284,0.000354,0.000056,0.999590
2045,1,-1.669101,-2.981246,5.384377,0.000863,0.000232,0.998904
2046,1,-1.458170,-4.142327,5.663497,0.000807,0.000055,0.999138
2047,1,-3.980484,2.240852,3.235908,0.000536,0.269770,0.729694
2048,1,-1.415526,-3.267008,4.762410,0.002070,0.000325,0.997605
2049,1,-3.076550,-1.647494,5.369894,0.000214,0.000895,0.998890
2050,1,-1.783756,1.670741,0.629670,0.022823,0.722189,0.254988
2051,1,-1.931977,-2.170367,5.001755,0.000973,0.000766,0.998261
2052,1,-0.219673,-0.286787,0.450135,0.257139,0.240447,0.502414
2053,1,-0.941898,-0.424560,1.919588,0.049591,0.083191,0.867218
2054,1,-2.167789,-3.606587,6.191572,0.000234,0.000056,0.999710
2055,1,2.044987,-4.084550,1.116586,0.715634,0.001558,0.282808
2056,1,-0.679167,-2.151093,3.694615,0.012411,0.002848,0.984741
2057,1,-1.177558,-2.562596,4.516010,0.003353,0.000839,0.995807
2058,1,-4.188801,2.357153,3.121565,0.000456,0.317544,0.682000
2059,1,-2.476945,-2.595503,5.827034,0.000247,0.000220,0.999533
2060,1,-3.104135,-1.947944,5.739492,0.000144,0.000458,0.999398
2061,1,-1.203258,2.181596,-0.674291,0.031045,0.916265,0.052690
2062,1,-1.083618,-3.764712,5.205350,0.001853,0.000127,0.998020
2063,1,-3.383372,2.391613,2.173943,0.001717,0.553252,0.445031
2064,1,-0.380731,-4.077530,4.527184,0.007332,0.000182,0.992486
2065,1,1.678235,-4.795059,2.970819,0.215344,0.000333,0.784323
2066,1,0.536637,-3.802655,3.375640,0.055213,0.000720,0.944067
2067,1,2.492731,-4.798491,1.479992,0.733189,0.000500,0.266311
2068,1,0.583070,-4.890702,4.160811,0.027176,0.000114,0.972710
2069,1,-1.751660,-3.612586,5.530663,0.000687,0.000107,0.999206
2070,1,-0.955226,-4.115740,5.338614,0.001844,0.000078,0.998078
2071,1,-1.783756,1.670741,0.629670,0.022823,0.722189,0.254988
2072,1,-0.532298,-3.487694,4.420367,0.007012,0.000365,0.992622
2073,1,0.640311,-2.787453,2.262227,0.164062,0.005325,0.830612
2074,1,-0.372892,-4.244597,4.614607,0.006776,0.000141,0.993083
2075,1,-1.889827,-2.818511,5.565208,0.000578,0.000228,0.999194
2076,1,-0.877637,-4.098562,5.120632,0.002477,0.000099,0.997424
2077,1,-0.837103,0.549476,0.446728,0.116123,0.464623,0.419255
2078,1,-3.221693,-1.680283,5.632805,0.000143,0.000666,0.999191
2079,1,-2.358116,-2.997398,5.934565,0.000250,0.000132,0.999618
2080,1,-1.415526,-3.267008,4.762410,0.002070,0.000325,0.997605
2081,1,0.135705,-4.623687,4.247368,0.016114,0.000138,0.983748
2082,1,-0.517373,-2.260621,3.297060,0.021493,0.003760,0.974746
2083,1,-0.427529,-3.933956,4.762766,0.005539,0.000166,0.994295
2084,1,1.751662,-4.814646,2.741439,0.270853,0.000381,0.728766
2085,1,-2.823313,-2.304934,5.867104,0.000168,0.000282,0.999550
2086,1,-3.709067,0.331463,4.294312,0.000328,0.018648,0.981024
2087,1,-0.487641,-2.468681,3.416177,0.019712,0.002719,0.977569
2088,1,-3.540894,-0.699605,5.084466,0.000179,0.003066,0.996755
2089,1,-0.455446,-4.766657,4.920062,0.004607,0.000062,0.995331
2090,1,-1.295930,-3.636288,5.322857,0.001333,0.000128,0.998538
2091,1,-0.935885,-3.568593,5.057269,0.002489,0.000179,0.997332
2092,1,2.289904,-3.967991,0.843353,0.808214,0.001548,0.190238
2093,1,0.940105,-4.275117,3.055925,0.107506,0.000584,0.891910
2094,1,0.830515,1.027918,-2.125122,0.440474,0.536601,0.022925
2095,1,-0.847500,-4.105616,5.182053,0.002401,0.000092,0.997507
2096,1,-1.462908,-3.046927,5.146943,0.001345,0.000276,0.998379
2097,1,-3.225214,2.686163,1.614213,0.002014,0.743468,0.254519
2098,1,1.828899,-4.576779,2.313667,0.380887,0.000629,0.618484
2099,1,-3.201930,0.995255,3.050504,0.001704,0.113330,0.884966
2100,1,-2.860981,1.948710,1.933262,0.004090,0.501801,0.494109
2101,1,-0.970388,-4.119412,5.426307,0.001664,0.000071,0.998264
2102,1,-1.883389,-3.446264,5.606620,0.000558,0.000117,0.999325
2103,1,-2.592712,-2.695855,5.890733,0.000207,0.000187,0.999607
2104,1,-4.114078,1.836932,3.584785,0.000386,0.148261,0.851353
2105,1,-4.043321,0.650145,4.549001,0.000182,0.019859,0.979959
2106,1,0.258662,0.036057,-0.547900,0.445073,0.356250,0.198676
2107,1,-0.570305,-3.543379,4.300987,0.007602,0.000389,0.992009
2108,1,0.761437,-1.764014,0.443061,0.553296,0.044276,0.402428
2109,1,-0.353127,-2.536826,3.299977,0.025185,0.002836,0.971979
2110,1,0.915964,-2.858949,1.528616,0.348644,0.007998,0.643359
2111,1,-0.494749,-4.233788,4.959711,0.004259,0.000101,0.995640
2112,1,-0.284084,-4.070117,4.672419,0.006987,0.000159,0.992854
2113,1,-1.131143,1.034508,0.401159,0.069691,0.607723,0.322586
2114,1,-0.220006,-4.151747,4.860111,0.006180,0.000121,0.993699
2115,1,-2.196991,-3.625594,6.261380,0.000212,0.000051,0.999737
2116,1,-1.691695,-3.263836,5.259558,0.000956,0.000199,0.998845
2117,1,-2.521952,-1.599545,4.720481,0.000714,0.001795,0.997491
2118,1,-0.680791,-3.530211,4.406986,0.006132,0.000355,0.993513
2119,1,-2.788563,-2.077147,5.781400,0.000190,0.000386,0.999424
2120,1,3.346930,-4.602057,0.403879,0.949616,0.000335,0.050049
2121,1,-2.646311,-2.669112,6.032141,0.000170,0.000166,0.999663
2122,1,-3.086945,1.989323,2.035875,0.003040,0.486880,0.510081
2123,1,-2.403782,-2.722958,5.765049,0.000283,0.000206,0.999511
2124,1,0.827596,-4.499908,3.553349,0.061452,0.000298,0.938249
2125,1,-1.431190,-4.004689,5.702131,0.000797,0.000061,0.999142
2126,1,-2.493527,-2.488902,5.787874,0.000253,0.000254,0.999493
2127,1,-1.528961,-3.875287,5.731024,0.000703,0.000067,0.999230
2128,1,-3.710500,0.549559,4.594463,0.000243,0.017206,0.982551
2129,1,-2.688893,1.616589,2.063988,0.005235,0.387938,0.606827
2130,1,-2.769281,-2.604312,6.025342,0.000151,0.000179,0.999670
2131,1,-2.689969,1.817634,1.772870,0.005604,0.508324,0.486071
2132,1,-3.600029,2.804869,1.841596,0.001195,0.722911,0.275893
2133,1,2.187550,-4.254238,1.191277,0.729476,0.001162,0.269361
2134,1,-4.244067,2.598374,3.062948,0.000412,0.385742,0.613846
2135,1,-2.347075,-3.281939,5.859089,0.000273,0.000107,0.999620
2136,1,-2.116204,-3.493882,6.144974,0.000258,0.000065,0.999677
2137,1,-2.884009,-2.888920,6.327754,0.000100,0.000099,0.999801
2138,1,-1.783756,1.670741,0.629670,0.022823,0.722189,0.254988
2139,1,-1.907838,-2.202658,4.824228,0.001190,0.000886,0.997925
2140,1,-2.438447,-3.231082,6.116721,0.000192,0.000087,0.999720
2141,1,-3.276043,-0.762934,4.691921,0.000345,0.004256,0.995399
2142,1,-0.712137,-4.194619,5.153776,0.002826,0.000087,0.997087
2143,1,-2.860396,-2.348215,5.922274,0.000153,0.000256,0.999591
2144,1,-0.541219,0.417230,0.160831,0.177761,0.463538,0.358701
2145,1,-1.069570,-2.690811,4.412202,0.004141,0.000819,0.995040
2146,1,1.620288,-3.003223,1.462839,0.536441,0.005267,0.458292
2147,1,-1.685858,2.067619,0.112147,0.020118,0.858418,0.121464
2148,1,0.371044,-4.403185,4.268632,0.019884,0.000168,0.979948
2149,1,1.845310,-4.912156,2.370365,0.371511,0.000432,0.628058
2150,1,0.594346,-4.596459,3.806272,0.038711,0.000216,0.961074
2151,1,-2.701876,-2.022699,5.346167,0.000319,0.000630,0.999051
2152,1,-0.501631,1.402914,-0.823330,0.118466,0.795657,0.085878
2153,1,-0.550053,-0.782108,1.143779,0.138252,0.109620,0.752128
2154,1,-2.682652,2.269011,1.196650,0.005241,0.741141,0.253618
2155,1,-3.092257,1.798463,2.138804,0.003115,0.414432,0.582454
2156,1,-2.874217,-1.497083,5.038493,0.000365,0.001448,0.998186
2157,1,-1.381850,-3.286570,5.161192,0.001438,0.000214,0.998348
2158,1,-2.219368,-3.137357,5.861855,0.000309,0.000123,0.999567
2159,1,-1.647928,-0.439252,2.316034,0.017539,0.058740,0.923721
2160,1,3.981379,-4.565620,-0.607074,0.989744,0.000192,0.010064
2161,1,-2.165215,-2.907463,5.844588,0.000332,0.000158,0.999510
2162,1,-1.284984,-0.854111,2.175697,0.029089,0.044756,0.926155
2163,1,-1.711651,-2.815594,5.012417,0.001200,0.000398,0.998403
2164,1,-0.034122,-3.737777,3.673337,0.023938,0.000590,0.975472
2165,1,-0.218845,0.353194,-0.233071,0.266117,0.471526,0.262358
2166,1,-1.509188,-3.652413,5.505809,0.000897,0.000105,0.998997
2167,1,2.165341,-4.080414,1.519531,0.655232,0.001270,0.343497
2168,1,0.267869,-2.210581,1.461323,0.228189,0.019139,0.752672
2169,1,1.224129,-4.307160,3.148160,0.127348,0.000504,0.872147
2170,1,3.458591,-4.226266,-0.442678,0.979743,0.000450,0.019807
2171,1,2.665389,-4.595762,1.273271,0.800480,0.000562,0.198958
2172,1,-3.627781,2.197961,2.558867,0.001210,0.410243,0.588546
2173,1,-0.697328,-3.540435,4.678192,0.004606,0.000268,0.995126
2174,1,-0.424965,-0.624632,0.984755,0.169096,0.138490,0.692414
2175,1,-0.125201,-0.167555,0.268072,0.290668,0.278614,0.430718
2176,1,-1.413138,-3.991968,5.564309,0.000932,0.000071,0.998998
2177,1,-0.591408,-0.417899,1.019262,0.138973,0.165304,0.695722
2178,1,-1.415526,-3.267008,4.762410,0.002070,0.000325,0.997605
2179,1,-1.759487,-3.474326,5.536762,0.000678,0.000122,0.999201
2180,1,-1.649171,-3.835412,5.709444,0.000637,0.000072,0.999292
2181,1,4.061942,-4.376216,-0.866248,0.992599,0.000215,0.007186
2182,1,-2.969953,1.373645,2.381207,0.003462,0.266531,0.730007
2183,1,-0.157756,1.198681,-0.918553,0.186929,0.725720,0.087351
2184,1,-4.030808,2.120478,3.132463,0.000568,0.266440,0.732992
2185,1,-2.646045,-3.002130,6.072501,0.000163,0.000115,0.999722
2186,1,-1.823069,-0.501590,2.516918,0.012277,0.046025,0.941699
2187,1,-2.001690,-2.164826,4.907326,0.000997,0.000847,0.998156
2188,1,-2.300065,-3.416850,6.042352,0.000238,0.000078,0.999684
2189,1,0.601515,-3.657278,2.788052,0.100822,0.001426,0.897752
2190,1,-0.270398,-0.750814,1.878250,0.098118,0.060689,0.841193
2191,1,3.397439,-4.874465,0.524641,0.946256,0.000242,0.053502
2192,1,-2.670017,-2.380107,5.888940,0.000192,0.000256,0.999552
2193,1,-2.221392,-3.172447,5.977055,0.000275,0.000106,0.999619
2194,1,-2.703990,-3.021100,6.237440,0.000131,0.000095,0.999774
2195,1,-0.213348,-3.358466,3.608093,0.021407,0.000922,0.977671
2196,1,-2.977745,-0.741484,4.707749,0.000457,0.004279,0.995263
2197,1,1.756041,-4.749390,2.368526,0.351308,0.000525,0.648167
2198,1,-1.841782,-2.757266,4.975943,0.001093,0.000437,0.998470
2199,1,-1.277707,-4.154218,5.491755,0.001147,0.000065,0.998789
2200,1,-2.615647,-2.021311,5.407877,0.000327,0.000593,0.999079
2201,1,3.027066,-4.666081,0.801454,0.902155,0.000411,0.097434
2202,1,-0.123353,-3.742244,4.157588,0.013636,0.000366,0.985998
2203,1,-1.783756,1.670741,0.629670,0.022823,0.722189,0.254988
2204,1,-1.102887,-2.271124,4.274750,0.004591,0.001427,0.993982
2205,1,-0.761397,-4.168485,5.102593,0.002832,0.000094,0.997075
2206,1,-2.132403,0.841617,1.749495,0.014475,0.283274,0.702252
2207,1,-2.681419,1.446667,2.106274,0.005462,0.338966,0.655572
2208,1,0.355876,-0.262241,-0.432544,0.501625,0.270355,0.228020
2209,1,-2.679946,-1.545694,4.707341,0.000618,0.001920,0.997463
2210,1,-0.534999,-3.006353,4.107211,0.009537,0.000806,0.989658
2211,1,-0.856912,-0.240959,1.156438,0.096714,0.179058,0.724228
2212,1,-0.895715,-3.061590,4.518801,0.004430,0.000508,0.995063
2213,1,-1.415526,-3.267008,4.762410,0.002070,0.000325,0.997605
2214,1,3.602730,-3.900278,-0.639243,0.985289,0.000543,0.014168
2215,1,0.408603,-4.646516,4.083564,0.024720,0.000158,0.975123
2216,1,-1.459449,1.827670,0.065957,0.030900,0.827053,0.142047
2217,1,-0.483422,-4.506901,4.770148,0.005201,0.000093,0.994706
2218,1,0.443384,-4.532358,4.173675,0.023420,0.000162,0.976418
2219,1,-1.744377,-3.406981,5.565520,0.000668,0.000127,0.999205
2220,1,-0.218845,0.353194,-0.233071,0.266117,0.471526,0.262358
2221,1,4.360211,-4.050846,-1.743621,0.997549,0.000222,0.002229
2222,1,1.328747,-3.659986,2.353676,0.263594,0.001796,0.734610
2223,1,1.013244,-4.490961,3.427173,0.082089,0.000334,0.917577
2224,1,-0.517737,-3.951172,4.655334,0.005634,0.000182,0.994184
2225,1,-1.898045,-0.160385,2.529237,0.011063,0.062885,0.926051
2226,1,4.352636,-4.478875,-1.190874,0.995958,0.000145,0.003897
2227,1,-0.839670,-2.888267,4.332586,0.005636,0.000727,0.993638
2228,1,-3.066026,-1.415091,5.425910,0.000205,0.001068,0.998728
2229,1,-1.781486,-3.549080,5.557959,0.000649,0.000111,0.999240
2230,1,-1.033755,-4.159162,5.318115,0.001740,0.000076,0.998183
2231,1,-0.255479,0.544612,-0.303675,0.239310,0.532641,0.228049
2232,1,-2.222383,-3.251213,5.793749,0.000330,0.000118,0.999552
2233,1,-3.068516,1.898047,2.189740,0.002970,0.426319,0.570710
2234,1,-1.484504,-3.660581,5.455079,0.000968,0.000110,0.998923
2235,1,2.333784,-5.102139,1.904527,0.605480,0.000357,0.394163
2236,1,-1.343171,-2.406455,4.378234,0.003261,0.001126,0.995613
2237,1,-2.495300,-2.879823,6.059847,0.000192,0.000131,0.999676
2238,1,-2.475369,-2.574252,5.744817,0.000269,0.000244,0.999487
2239,1,1.361266,-3.914732,2.723328,0.203693,0.001041,0.795265
2240,1,-2.935206,2.539917,1.421304,0.003148,0.751359,0.245493
2241,1,3.583701,-4.393757,-0.344193,0.980365,0.000336,0.019299
2242,1,-0.387776,-4.307542,4.780229,0.005663,0.000112,0.994225
2243,1,-3.082520,1.658229,2.284375,0.003033,0.347328,0.649639
2244,1,-0.244806,-0.650437,0.809914,0.220375,0.146892,0.632733
2245,1,-4.204325,1.413361,4.325719,0.000187,0.051536,0.948276
2246,1,-3.632663,2.263999,2.680626,0.001091,0.396891,0.602018
2247,1,4.008404,-4.029704,-1.332880,0.994913,0.000321,0.004765
2248,1,0.330280,-4.157676,3.911982,0.027067,0.000304,0.972629
2249,1,-1.001672,-2.596326,4.212337,0.005404,0.001097,0.993499
2250,1,-1.380999,-1.134807,2.962947,0.012612,0.016132,0.971256
2251,1,3.812295,-4.447353,-0.627964,0.988092,0.000256,0.011652
2252,1,-0.731634,-2.821848,4.081046,0.008053,0.000996,0.990952
2253,1,3.494027,-4.554847,0.145541,0.965757,0.000309,0.033934
2254,1,-1.921241,-3.702859,5.910231,0.000397,0.000067,0.999536
2255,1,-1.189852,-3.326589,5.002016,0.002041,0.000241,0.997718
2256,1,1.621867,-3.401222,1.502244,0.528028,0.003477,0.468495
2257,1,-1.825256,-3.500794,5.638970,0.000573,0.000107,0.999320
2258,1,2.847180,-4.638554,1.018772,0.861156,0.000483,0.138361
2259,1,-0.822560,-2.707407,3.837632,0.009363,0.001422,0.989216
2260,1,-2.730137,2.043067,1.506375,0.005306,0.627694,0.367000
2261,1,1.849039,-4.806892,2.509027,0.340593,0.000438,0.658969
2262,1,-3.145892,2.166894,1.882654,0.002804,0.568986,0.428210
2263,1,-0.784277,-3.580257,4.672412,0.004248,0.000259,0.995492
2264,1,-3.606446,1.441243,3.330910,0.000843,0.131172,0.867986
2265,1,-3.278056,2.272897,2.076421,0.002127,0.547794,0.450079
2266,1,-0.958699,-0.841128,1.665328,0.062830,0.070669,0.866501
2267,1,-2.718368,1.385123,2.215988,0.004987,0.301949,0.693065
2268,1,-3.423397,-0.920350,5.358853,0.000153,0.001871,0.997976
2269,1,-2.391888,-3.134410,5.803403,0.000276,0.000131,0.999593
2270,1,-1.502465,-3.387388,5.394803,0.001009,0.000153,0.998837
2271,1,-0.021006,-3.889112,4.341297,0.012585,0.000263,0.987152
2272,1,-0.748443,-4.422899,5.402617,0.002127,0.000054,0.997820
2273,1,-3.216431,1.531735,2.789161,0.001915,0.220993,0.777091
2274,1,-3.866795,-0.442470,5.322948,0.000102,0.003124,0.996774
2275,1,2.139459,-4.904906,2.104369,0.508546,0.000444,0.491010
2276,1,-2.604970,-2.930143,6.082345,0.000169,0.000122,0.999709
2277,1,-1.295594,-2.252992,4.327052,0.003597,0.001381,0.995022
2278,1,-2.477046,-2.832864,5.845349,0.000243,0.000170,0.999587
2279,1,-4.026150,2.340417,2.968332,0.000597,0.347776,0.651627
2280,1,-0.929723,0.589216,0.400644,0.106954,0.488500,0.404546
2281,1,-2.596228,-3.112111,6.247347,0.000144,0.000086,0.999770
2282,1,-2.246243,-3.698521,6.245666,0.000205,0.000048,0.999747
2283,1,-1.131574,-1.918549,3.396680,0.010632,0.004840,0.984527
2284,1,-1.943861,-3.396128,5.875784,0.000402,0.000094,0.999504
2285,1,-0.851110,-2.160567,3.125523,0.018313,0.004944,0.976744
2286,1,-2.930697,1.905564,1.966884,0.003832,0.482817,0.513351
2287,1,-3.401646,2.387408,1.979005,0.001835,0.599602,0.398562
2288,1,-1.415526,-3.267008,4.762410,0.002070,0.000325,0.997605
2289,1,-1.342227,-4.254369,5.734826,0.000844,0.000046,0.999111
2290,1,1.673029,-4.984284,2.900574,0.226545,0.000291,0.773164
2291,1,-0.838793,-3.172959,4.533711,0.004619,0.000448,0.994934
2292,1,-2.224578,-3.144849,6.047050,0.000256,0.000102,0.999643
2293,1,1.166176,-3.746810,2.714854,0.175052,0.001287,0.823661
2294,1,-1.025633,-4.179022,5.469760,0.001508,0.000064,0.998428
2295,1,2.176135,-3.932764,1.186542,0.727828,0.001618,0.270554
2296,1,-0.019749,-1.011439,0.738190,0.285321,0.105840,0.608839
2297,1,-3.883101,1.517591,3.585440,0.000506,0.112204,0.887289
2298,1,-2.038899,-3.119094,5.766378,0.000407,0.000138,0.999454
2299,1,0.268139,-0.550814,-0.022592,0.456911,0.201449,0.341640
2300,1,-1.902503,-3.523227,5.807882,0.000448,0.000089,0.999463
2301,1,-1.041948,-3.819003,5.234411,0.001876,0.000117,0.998007
2302,1,-1.783756,1.670741,0.629670,0.022823,0.722189,0.254988
2303,1,-1.250623,-3.807509,5.252098,0.001497,0.000116,0.998387
2304,1,-3.967290,1.161760,4.108350,0.000295,0.049883,0.949821
2305,1,-2.638391,-3.005468,6.203509,0.000145,0.000100,0.999755
2306,1,-1.783756,1.670741,0.629670,0.022823,0.722189,0.254988
2307,1,-2.109093,-3.388894,6.096745,0.000273,0.000076,0.999651
2308,1,2.392538,-5.181526,2.138942,0.562899,0.000289,0.436812
2309,1,-2.390933,-2.599156,5.634068,0.000327,0.000266,0.999408
2310,1,2.341334,-4.598984,1.889220,0.610780,0.000591,0.388628
2311,1,0.508326,-0.656179,-0.358957,0.577311,0.180166,0.242523
2312,1,0.170862,-4.086082,4.136698,0.018595,0.000263,0.981142
2313,1,-4.378147,2.829740,3.115393,0.000318,0.428932,0.570750
2314,1,1.446965,-4.273707,2.684994,0.224614,0.000736,0.774650
2315,1,-3.465130,2.019833,2.480700,0.001602,0.386161,0.612237
2316,1,-1.783756,1.670741,0.629670,0.022823,0.722189,0.254988
2317,1,-0.342400,-4.356255,4.776268,0.005948,0.000107,0.993945
2318,1,-1.324247,-2.115783,4.249573,0.003775,0.001711,0.994514
2319,1,-2.715061,-2.789936,6.097423,0.000149,0.000138,0.999713
2320,1,-3.998286,1.878621,3.449337,0.000482,0.172031,0.827487
2321,1,-0.817001,-2.864220,3.653181,0.011299,0.001459,0.987242
2322,1,-2.520585,-3.210109,6.246552,0.000156,0.000078,0.999766
2323,1,-1.965978,-2.306632,5.098646,0.000854,0.000607,0.998539
2324,1,-2.171620,-3.554166,6.217611,0.000227,0.000057,0.999716
2325,1,-1.311570,1.261675,0.380417,0.051181,0.670894,0.277925
2326,1,1.474963,-3.416280,0.768444,0.666280,0.005005,0.328715
2327,1,-1.115293,-0.157374,2.182702,0.032611,0.084993,0.882396
2328,1,-2.125015,-1.509298,3.874320,0.002463,0.004559,0.992978
2329,1,-3.743204,0.226803,4.628170,0.000229,0.012109,0.987662
2330,1,0.289883,-4.059584,4.215565,0.019342,0.000250,0.980408
2331,1,-2.549959,-2.592131,5.837474,0.000228,0.000218,0.999554
2332,1,1.876361,-4.729274,2.423821,0.366272,0.000495,0.633232
2333,1,-1.148671,-3.233692,4.811790,0.002571,0.000320,0.997109
2334,1,-2.167587,-3.602488,6.198675,0.000233,0.000055,0.999712
2335,1,-3.427937,0.189741,4.550356,0.000338,0.012605,0.987056
2336,1,-1.712532,-3.625295,5.623385,0.000651,0.000096,0.999253
2337,1,-0.980082,1.792124,-0.473102,0.053607,0.857390,0.089003
2338,1,-1.413558,-1.975960,4.056343,0.004184,0.002384,0.993432
2339,1,3.214727,-5.045285,1.017702,0.899773,0.000233,0.099995
2340,1,-2.770123,0.925576,2.690385,0.003617,0.145660,0.850723
2341,1,-1.331948,-4.004346,5.761121,0.000830,0.000057,0.999113
2342,1,-1.722697,-3.097877,5.490596,0.000736,0.000186,0.999078
2343,1,-2.566174,-2.515514,5.666153,0.000266,0.000280,0.999455
2344,1,-2.677418,1.377954,2.130385,0.005520,0.318524,0.675956
2345,1,-1.391169,-2.646446,4.715429,0.002222,0.000633,0.997145
2346,1,-1.828544,-1.632378,4.268025,0.002239,0.002725,0.995036
2347,1,2.417419,-4.628168,1.381884,0.737513,0.000643,0.261844
2348,1,-3.900086,2.298991,2.791209,0.000770,0.379079,0.620151
2349,1,-2.491601,-2.619613,5.727635,0.000269,0.000237,0.999494
2350,1,-0.597827,-4.092169,4.932131,0.003950,0.000120,0.995930
2351,1,-3.104377,-0.990862,5.018685,0.000296,0.002448,0.997256
2352,1,-2.653589,-2.998903,6.296619,0.000130,0.000092,0.999779
2353,1,-2.294841,-3.091920,5.898010,0.000277,0.000125,0.999599
2354,1,-3.129374,2.885339,1.231558,0.002046,0.837684,0.160270
2355,1,-1.415526,-3.267008,4.762410,0.002070,0.000325,0.997605
2356,1,-3.249701,-1.327284,5.445132,0.000167,0.001143,0.998689
2357,1,-0.197586,-3.820561,4.428967,0.009691,0.000259,0.990050
2358,1,-3.461353,2.486667,2.006376,0.001611,0.616821,0.381568
2359,1,3.561015,-3.875202,-0.397225,0.980694,0.000578,0.018728
2360,1,-2.116406,-3.277097,5.974785,0.000306,0.000096,0.999598
2361,1,-2.914390,-2.893367,6.275622,0.000102,0.000104,0.999794
2362,1,1.417837,-4.767091,3.015750,0.168215,0.000347,0.831438
2363,1,-3.433171,2.249112,2.212418,0.001731,0.508291,0.489978
2364,1,-1.037510,-3.193601,4.735758,0.003099,0.000359,0.996542
2365,1,-1.011660,-4.480460,5.623845,0.001311,0.000041,0.998648
2366,1,-1.149496,1.460595,-0.068698,0.056989,0.775064,0.167948
2367,1,-2.643595,-2.381218,5.839592,0.000207,0.000269,0.999524
2368,1,-2.230293,-3.413917,5.883468,0.000299,0.000092,0.999609
2369,1,-2.112747,0.992952,1.727876,0.014310,0.319477,0.666213
2370,1,1.987031,-3.706062,1.486240,0.621342,0.002093,0.376565
2371,1,-1.151629,1.575394,-0.028937,0.051652,0.789616,0.158732
2372,1,-1.056078,-4.172234,5.287225,0.001755,0.000078,0.998167
2373,1,-3.349082,-0.517895,4.662781,0.000330,0.005591,0.994080
2374,1,2.016819,-4.304362,2.167370,0.462049,0.000831,0.537120
2375,1,-2.213205,0.681071,1.974160,0.011776,0.212795,0.775429
2376,1,-1.075070,-4.215113,5.475720,0.001427,0.000062,0.998511
2377,1,3.351975,-4.603331,0.163255,0.960084,0.000337,0.039579
2378,1,0.124804,0.834589,-0.950119,0.296307,0.602556,0.101137
2379,1,-3.126122,-0.724855,4.592360,0.000442,0.004880,0.994678
2380,1,0.709083,-3.903083,2.709637,0.119004,0.001182,0.879814
2381,1,-2.876507,-2.723930,6.115423,0.000124,0.000145,0.999731
2382,1,0.653055,-4.095798,3.614566,0.049174,0.000426,0.950400
2383,1,4.152845,-3.728041,-1.527051,0.996222,0.000376,0.003401
2384,1,-0.718578,-4.504487,5.369762,0.002264,0.000051,0.997685
2385,1,-4.210789,2.337709,3.150153,0.000440,0.307235,0.692325
2386,1,-2.995953,-1.120787,4.997157,0.000337,0.002197,0.997466
2387,1,-2.106479,1.208346,1.632415,0.014171,0.389938,0.595891
2388,1,-1.383512,-3.124043,4.877154,0.001906,0.000334,0.997760
2389,1,-1.783756,1.670741,0.629670,0.022823,0.722189,0.254988
2390,1,-0.367001,-0.053885,0.291647,0.232566,0.318076,0.449359
2391,1,-0.598437,-3.648247,4.652008,0.005217,0.000247,0.994536
2392,1,-3.026853,1.539137,2.390101,0.003102,0.298302,0.698596
2393,1,-2.390291,-3.222048,6.183403,0.000189,0.000082,0.999729
2394,1,-3.546256,2.744686,2.010470,0.001251,0.674885,0.323865
2395,1,-1.923350,-3.836749,6.043532,0.000347,0.000051,0.999602
2396,1,-1.957004,-1.887753,4.867386,0.001084,0.001162,0.997753
2397,1,-1.578029,-2.846036,4.869626,0.001581,0.000445,0.997974
2398,1,-2.619198,1.458271,1.845008,0.006810,0.401748,0.591442
2399,1,0.746694,-1.265759,-0.219782,0.660466,0.088278,0.251255
2400,1,-1.884246,-3.265369,5.719609,0.000498,0.000125,0.999377
2401,1,-0.794767,-3.597863,4.701597,0.004084,0.000248,0.995669
2402,1,-2.529512,-3.122777,6.051997,0.000187,0.000104,0.999709
2403,1,-1.783756,1.670741,0.629670,0.022823,0.722189,0.254988
2404,1,-2.625155,-3.059276,6.068683,0.000168,0.000109,0.999724
2405,1,-1.886242,-2.721858,5.489687,0.000626,0.000271,0.999103
2406,1,-2.359746,-2.841110,5.805141,0.000284,0.000176,0.999540
2407,1,-1.303012,-3.756125,5.481158,0.001130,0.000097,0.998773
2408,1,-3.610243,1.703985,3.105160,0.000972,0.197438,0.801591
2409,1,-2.737650,-0.560961,3.771956,0.001468,0.012940,0.985592
2410,1,1.998206,-1.163786,-1.939636,0.941769,0.039876,0.018355
2411,1,-1.415526,-3.267008,4.762410,0.002070,0.000325,0.997605
2412,1,-1.434810,-3.465909,5.469782,0.001002,0.000131,0.998867
2413,1,-0.683838,-3.093480,4.332495,0.006581,0.000591,0.992827
2414,1,2.514738,-4.559379,1.614853,0.710498,0.000602,0.288900
2415,1,-3.126993,0.131791,3.714291,0.001039,0.027026,0.971936
2416,1,-2.993280,-1.834493,5.607714,0.000184,0.000586,0.999231
2417,1,0.396508,-3.713744,3.721831,0.034693,0.000569,0.964738
2418,1,-3.910766,1.407981,3.912642,0.000370,0.075504,0.924126
2419,1,0.289641,-4.647467,4.368868,0.016637,0.000119,0.983244
2420,1,-2.278565,-3.465081,6.069515,0.000237,0.000072,0.999691
2421,1,-2.931848,-1.563069,5.543961,0.000208,0.000818,0.998973
2422,1,-3.863343,2.597797,2.582605,0.000787,0.503402,0.495811
2423,1,-0.030085,-3.794784,4.065948,0.016360,0.000379,0.983261
2424,1,-1.427714,-3.281731,5.065953,0.001510,0.000237,0.998253
2425,1,-2.116209,-3.713526,6.159661,0.000255,0.000052,0.999694
2426,1,-2.373761,1.845366,1.313567,0.009182,0.624119,0.366699
2427,1,0.265841,-4.288047,4.202014,0.019145,0.000202,0.980653
2428,1,-2.580074,-1.272725,4.499911,0.000838,0.003099,0.996062
2429,1,-3.905349,1.811825,3.287401,0.000612,0.185983,0.813406
2430,1,-2.654537,0.333725,2.822123,0.003848,0.076381,0.919772
2431,1,-1.637067,-3.575305,5.795318,0.000591,0.000085,0.999323
2432,1,-1.303844,-3.132948,4.834841,0.002152,0.000346,0.997502
2433,1,-1.783756,1.670741,0.629670,0.022823,0.722189,0.254988
2434,1,3.636056,-5.098376,0.366413,0.963223,0.000155,0.036622
2435,1,-2.933080,1.327815,2.828787,0.002565,0.181813,0.815622
2436,1,-1.053097,1.497372,-0.110235,0.061048,0.782221,0.156731
2437,1,-3.184317,1.499191,2.653854,0.002211,0.239109,0.758681
2438,1,-3.559453,2.176942,2.506866,0.001348,0.417696,0.580957
2439,1,-0.818974,-4.433027,5.447614,0.001895,0.000051,0.998054
2440,1,2.538887,-4.873384,1.883240,0.658020,0.000397,0.341582
2441,1,-4.222572,2.233287,3.680161,0.000299,0.190426,0.809275
2442,1,-1.704009,-2.974390,5.140748,0.001064,0.000299,0.998638
2443,1,4.510040,-3.722531,-2.168975,0.998479,0.000265,0.001255
2444,1,-1.299706,-3.176450,4.663099,0.002565,0.000393,0.997042
2445,1,-2.101954,-3.411756,5.779606,0.000377,0.000102,0.999521
2446,1,0.188218,-4.013054,4.242127,0.017054,0.000255,0.982691
2447,1,3.428157,-4.846313,0.176596,0.962493,0.000245,0.037262
2448,1,-3.731292,1.395324,3.414818,0.000695,0.117090,0.882215
2449,1,-2.395551,-2.604122,5.598578,0.000337,0.000274,0.999389
2450,1,-0.793539,0.926025,-0.025802,0.114456,0.638905,0.246639
2451,1,-1.444030,-3.879993,5.634074,0.000843,0.000074,0.999084
2452,1,-1.950389,-3.851345,5.966933,0.000364,0.000054,0.999581
2453,1,-2.000262,-3.471900,6.128152,0.000295,0.000068,0.999637
2454,1,0.180122,-1.956153,1.637497,0.184749,0.021818,0.793434
2455,1,-0.669423,-4.426431,5.047969,0.003277,0.000077,0.996646
2456,1,-3.602369,0.594094,3.952202,0.000506,0.033614,0.965881
2457,1,-1.986722,1.745597,0.945499,0.016248,0.678784,0.304968
2458,1,-0.763383,-3.623870,4.734300,0.004079,0.000233,0.995688
2459,1,-3.887366,2.387813,2.740689,0.000776,0.412365,0.586859
2460,1,-4.208134,1.444766,4.039597,0.000244,0.069455,0.930301
2461,1,-0.197103,-3.210178,3.496299,0.024254,0.001192,0.974554
2462,1,0.949288,-3.964345,2.424231,0.185938,0.001366,0.812696
2463,1,-1.766590,-3.136910,5.491002,0.000704,0.000179,0.999117
2464,1,-2.016633,0.029721,2.695255,0.008333,0.064496,0.927171
2465,1,0.665009,1.002385,-1.976210,0.404442,0.566731,0.028826
2466,1,-3.552051,1.451098,3.194851,0.000999,0.148688,0.850313
2467,1,-2.489717,-3.490069,6.314424,0.000150,0.000055,0.999795
2468,1,-3.921937,0.775255,4.192430,0.000290,0.031754,0.967957
2469,1,-2.495743,-3.332214,6.233410,0.000162,0.000070,0.999768
2470,1,-3.173994,2.646085,1.533741,0.002228,0.750889,0.246883
2471,1,-1.994141,-3.452482,5.817844,0.000405,0.000094,0.999501
2472,1,-2.512445,0.775220,2.774674,0.004434,0.118731,0.876835
2473,1,0.645184,-3.540144,2.624641,0.121153,0.001844,0.877003
2474,1,2.431062,-4.435428,1.878644,0.634277,0.000661,0.365062
2475,1,-3.260998,-0.818552,4.764419,0.000326,0.003746,0.995928
2476,1,-3.293058,-0.994365,5.183493,0.000208,0.002070,0.997722
2477,1,-0.408941,-3.577118,4.243134,0.009448,0.000398,0.990155
2478,1,-0.224612,1.301671,-0.957795,0.164435,0.756574,0.078991
2479,1,1.374902,-2.925749,1.851717,0.381025,0.005167,0.613808
2480,1,-0.685537,-4.436826,5.216646,0.002726,0.000064,0.997210
2481,1,-1.773227,-3.123600,5.560897,0.000652,0.000169,0.999179
2482,1,-1.160608,-3.717183,5.184555,0.001752,0.000136,0.998112
2483,1,-1.662080,-2.588489,4.688100,0.001742,0.000690,0.997568
2484,1,-2.218103,-2.183622,4.668459,0.001019,0.001055,0.997926
2485,1,0.501959,-3.697516,3.295477,0.057626,0.000865,0.941510
2486,1,-2.458701,-2.638319,5.634138,0.000306,0.000255,0.999439
2487,1,-1.894459,-2.513031,5.071375,0.000942,0.000508,0.998550
2488,1,-1.706881,-3.386796,5.558640,0.000699,0.000130,0.999171
2489,1,-1.190900,-3.802153,5.474704,0.001272,0.000093,0.998634
2490,1,1.519807,-4.679206,2.947154,0.193436,0.000393,0.806171
2491,1,-2.361758,-2.725141,5.907581,0.000256,0.000178,0.999566
2492,1,-0.516403,0.194940,0.338193,0.185627,0.378071,0.436302
2493,1,0.368170,-4.367678,4.176799,0.021693,0.000190,0.978116
2494,1,-1.973236,-3.709610,6.015672,0.000339,0.000060,0.999601
2495,1,-1.132268,-0.527352,1.925615,0.041470,0.075936,0.882593
2496,1,-1.891842,-3.768777,5.895935,0.000415,0.000063,0.999522
2497,1,-2.180410,-2.412602,5.216534,0.000612,0.000486,0.998902
2498,1,4.348515,-4.298958,-1.224133,0.996040,0.000175,0.003785
2499,1,-1.950389,-3.851345,5.966933,0.000364,0.000054,0.999581
2500,1,0.472262,-3.804827,3.161756,0.063540,0.000882,0.935578
2501,1,-2.353474,-3.441634,6.178481,0.000197,0.000066,0.999737
2502,1,-2.616415,-3.245218,6.278561,0.000137,0.000073,0.999790
2503,1,-1.793125,-3.395737,5.811128,0.000498,0.000100,0.999402
2504,1,-2.947909,-2.123539,5.817156,0.000156,0.000356,0.999488
2505,1,-2.430958,-3.209749,6.139627,0.000190,0.000087,0.999723
2506,1,-1.901660,-3.483989,5.805651,0.000449,0.000092,0.999458
2507,1,-4.467610,2.965872,3.067153,0.000281,0.474568,0.525151
2508,1,-0.312352,-4.003684,4.546489,0.007698,0.000192,0.992110
2509,1,0.004531,-2.423581,2.338379,0.087675,0.007733,0.904592
2510,1,-1.415526,-3.267008,4.762410,0.002070,0.000325,0.997605
2511,1,-1.423723,-3.879206,5.743229,0.000771,0.000066,0.999163
2512,1,1.635458,-5.150739,2.932662,0.214584,0.000242,0.785174
2513,1,-1.781843,-3.864691,6.126627,0.000367,0.000046,0.999587
2514,1,-3.304665,1.925750,2.367164,0.002090,0.390586,0.607324
2515,1,-1.783756,1.670741,0.629670,0.022823,0.722189,0.254988
2516,1,0.883052,-3.467996,2.322408,0.191173,0.002465,0.806362
2517,1,3.096123,-4.747150,0.486272,0.931152,0.000365,0.068482
2518,1,-2.674739,-3.207003,6.263312,0.000131,0.000077,0.999792
2519,1,-1.783756,1.670741,0.629670,0.022823,0.722189,0.254988
2520,1,0.474213,-2.854065,2.015153,0.175290,0.006285,0.818425
2521,1,-2.573160,1.635956,2.077516,0.005782,0.389107,0.605111
2522,1,-2.141850,-2.720952,5.627723,0.000422,0.000237,0.999341
2523,1,2.838052,-3.976165,0.316187,0.924721,0.001015,0.074264
2524,1,0.582009,-4.708665,3.938706,0.033671,0.000170,0.966160
2525,1,-1.773227,-3.123600,5.560897,0.000652,0.000169,0.999179
2526,1,-3.221693,-1.680283,5.632805,0.000143,0.000666,0.999191
2527,1,-2.801851,-0.507447,3.895054,0.001218,0.012084,0.986698
2528,1,2.524980,-3.331537,-0.204351,0.936221,0.002679,0.061101
2529,1,-3.103773,-0.829994,5.022397,0.000295,0.002864,0.996841
2530,1,1.095038,-4.875878,3.626241,0.073686,0.000188,0.926126
2531,1,-1.340087,0.045649,1.696574,0.038710,0.154752,0.806538
2532,1,-1.601803,-3.640818,5.678274,0.000689,0.000090,0.999222
2533,1,-3.330524,2.407414,1.949867,0.001969,0.611226,0.386805
2534,1,-3.208313,2.445383,1.633113,0.002421,0.690916,0.306663
2535,1,0.117429,-3.078377,3.334198,0.038479,0.001575,0.959946
2536,1,-1.575255,-3.985321,5.738493,0.000666,0.000060,0.999274
2537,1,0.912389,-2.892785,2.545278,0.162843,0.003624,0.833533
2538,1,-2.144434,0.776056,1.902628,0.013024,0.241606,0.745370
2539,1,-2.490829,-0.832178,4.172571,0.001267,0.006653,0.992080
2540,1,0.887068,-3.512169,2.701338,0.139882,0.001719,0.858399
2541,1,-1.040328,1.694748,-0.347512,0.054318,0.837083,0.108599
2542,1,-0.994479,-0.460544,1.433910,0.071193,0.121430,0.807377
2543,1,-1.215382,-3.783585,5.516230,0.001191,0.000091,0.998718
2544,1,1.039303,-0.673357,-0.911413,0.756111,0.136391,0.107498
2545,1,4.511043,-3.374958,-2.375129,0.998604,0.000375,0.001020
2546,1,1.285133,-3.588138,2.193327,0.286739,0.002193,0.711068
2547,1,-1.633743,-3.803838,5.845452,0.000564,0.000064,0.999371
2548,1,0.939399,-1.785802,0.239772,0.640080,0.041946,0.317973
2549,1,4.402682,-3.560979,-2.349774,0.998486,0.000347,0.001166
2550,1,-1.311399,-3.940453,5.560402,0.001035,0.000075,0.998890
2551,1,1.914535,-3.760601,1.953289,0.489489,0.001679,0.508832
2552,1,-0.801368,1.875985,-0.823375,0.060515,0.880287,0.059198
2553,1,-2.591969,0.988768,2.085439,0.006926,0.248630,0.744444
2554,1,2.178436,-4.210098,1.478650,0.667391,0.001122,0.331487
2555,1,1.411691,-4.744520,2.746640,0.208250,0.000442,0.791309
2556,1,1.111264,-4.627261,3.347076,0.096550,0.000311,0.903139
2557,1,-2.876523,-2.742526,6.110564,0.000125,0.000143,0.999732
2558,1,-1.808334,1.065170,1.109789,0.026878,0.475708,0.497414
2559,1,0.297999,-4.424697,3.982868,0.024481,0.000218,0.975302
2560,1,-2.292709,-2.995719,5.758114,0.000319,0.000158,0.999524
2561,1,-1.468091,-3.979454,5.818273,0.000684,0.000056,0.999260
2562,1,-0.684176,-4.389785,4.892562,0.003770,0.000093,0.996137
2563,1,-0.063312,-2.720416,3.118327,0.039751,0.002789,0.957460
2564,1,-2.890144,0.113735,3.367314,0.001841,0.037130,0.961029
2565,1,-3.137495,-1.274491,5.216715,0.000235,0.001514,0.998251
2566,1,-2.151146,-2.356057,5.242532,0.000614,0.000501,0.998885
2567,1,-2.122347,-3.148973,5.684581,0.000407,0.000146,0.999448
2568,1,-3.959873,1.135181,4.261247,0.000258,0.042034,0.957708
2569,1,-4.080841,2.277646,3.184525,0.000498,0.287496,0.712006
2570,1,1.067187,-2.690463,1.671242,0.350525,0.008181,0.641294
2571,1,1.026114,-4.358541,3.686191,0.065351,0.000300,0.934349
2572,1,1.598707,-4.829863,2.698288,0.249718,0.000403,0.749879
2573,1,-0.311596,-0.868401,0.951847,0.195671,0.112127,0.692202
2574,1,3.494184,-3.303737,-1.307181,0.990752,0.001106,0.008143
2575,1,1.924023,-4.700831,2.191225,0.433345,0.000575,0.566080
2576,1,3.536847,-3.983342,-0.472801,0.981661,0.000532,0.017807
2577,1,-2.918520,1.532772,2.191265,0.003962,0.339727,0.656311
2578,1,-0.972551,1.479059,-0.261645,0.068293,0.792675,0.139033
2579,1,0.770929,-4.444780,3.726670,0.049453,0.000269,0.950279
2580,1,-2.432331,1.174116,1.835270,0.009159,0.337362,0.653479
2581,1,-1.386421,-3.952593,5.579093,0.000943,0.000072,0.998985
2582,1,1.958649,-4.259841,1.599985,0.588027,0.001171,0.410801
2583,1,-1.699385,-2.592156,5.061232,0.001157,0.000474,0.998370
2584,1,-1.368938,-2.786476,4.885477,0.001917,0.000465,0.997618
2585,1,-1.945940,-3.530898,5.975070,0.000363,0.000074,0.999563
2586,1,-2.087003,-2.669662,5.432897,0.000542,0.000303,0.999156
2587,1,2.152747,-2.514327,0.354393,0.851085,0.008000,0.140915
2588,1,-1.415526,-3.267008,4.762410,0.002070,0.000325,0.997605
2589,1,1.239383,-3.244595,1.781853,0.366094,0.004133,0.629773
2590,1,-2.078893,-1.588359,4.677545,0.001160,0.001894,0.996946
2591,1,-2.403019,-1.969500,5.264044,0.000467,0.000721,0.998811
2592,1,-2.157090,-3.607985,6.227351,0.000228,0.000054,0.999718
2593,1,-0.989220,-0.104592,1.225806,0.079468,0.192477,0.728055
2594,1,-2.499318,-2.649929,5.768117,0.000257,0.000221,0.999523
2595,1,-2.753673,-1.825314,5.262928,0.000330,0.000834,0.998837
2596,1,-2.478660,-3.067813,6.113370,0.000186,0.000103,0.999712
2597,1,0.326905,-4.102293,3.888820,0.027592,0.000329,0.972079
2598,1,-3.354023,-0.695928,5.042784,0.000225,0.003208,0.996567
2599,1,-3.197760,0.703882,3.864983,0.000821,0.040623,0.958556
2600,1,-1.099891,-0.912083,2.283614,0.031565,0.038087,0.930348
2601,1,0.766431,-1.024986,-0.440297,0.682176,0.113735,0.204090
2602,1,2.738400,-4.492819,1.048684,0.843672,0.000611,0.155718
2603,1,-3.170990,-0.381484,4.762978,0.000356,0.005796,0.993848
2604,1,-1.804151,-2.548844,5.056029,0.001047,0.000497,0.998456
2605,1,0.708921,-1.176089,-0.133498,0.631914,0.095942,0.272144
2606,1,-1.412925,-3.845307,5.691639,0.000821,0.000072,0.999107
2607,1,-4.103162,1.798655,3.910161,0.000295,0.107952,0.891753
2608,1,4.200699,-3.952564,-1.563516,0.996586,0.000287,0.003127
2609,1,-2.340422,-2.494042,5.547624,0.000375,0.000322,0.999303
2610,1,4.228590,-4.221784,-1.402649,0.996216,0.000213,0.003571
2611,1,-1.625954,-2.589397,4.578076,0.002016,0.000769,0.997215
2612,1,-2.803193,1.848769,1.807226,0.004847,0.507910,0.487243
2613,1,-1.022707,-4.232550,5.562866,0.001378,0.000056,0.998566
2614,1,-2.515915,-3.288970,6.294423,0.000149,0.000069,0.999782
2615,1,-2.219368,-3.137357,5.861855,0.000309,0.000123,0.999567
2616,1,-2.751634,2.141236,1.555068,0.004795,0.639404,0.355800
2617,1,-3.000878,2.218944,1.744497,0.003323,0.614388,0.382290
2618,1,-1.576841,-3.612750,5.509021,0.000836,0.000109,0.999055
2619,1,0.008291,0.131582,-0.091130,0.329318,0.372529,0.298152
2620,1,0.787985,-3.847094,2.696211,0.129019,0.001252,0.869729
2621,1,2.735637,-5.032190,1.347233,0.800067,0.000339,0.199595
2622,1,-2.619625,0.503537,2.939389,0.003530,0.080195,0.916275
2623,1,3.376253,-4.306485,-0.026818,0.967369,0.000446,0.032185
2624,1,-1.783756,1.670741,0.629670,0.022823,0.722189,0.254988
2625,1,-0.509725,-4.303706,4.973291,0.004139,0.000093,0.995768
2626,1,-1.415526,-3.267008,4.762410,0.002070,0.000325,0.997605
2627,1,3.766778,-4.048434,-0.953068,0.990766,0.000400,0.008834
2628,1,-0.438475,-3.042912,3.356017,0.021964,0.001624,0.976412
2629,1,0.997413,-3.203471,2.262551,0.219367,0.003287,0.777346
2630,1,-1.514968,-4.031676,5.851914,0.000631,0.000051,0.999318
2631,1,0.170124,-1.551217,1.664701,0.177422,0.031728,0.790850
2632,1,-2.330884,-2.193913,5.140766,0.000568,0.000652,0.998780
2633,1,-3.631965,2.567187,2.148357,0.001224,0.602465,0.396311
2634,1,-1.768283,-2.422685,4.890173,0.001281,0.000666,0.998054
2635,1,0.483056,-3.902781,3.239995,0.059652,0.000743,0.939606
2636,1,-1.808334,1.065170,1.109789,0.026878,0.475708,0.497414
2637,1,-0.169925,-4.590828,4.869802,0.006433,0.000077,0.993489
2638,1,-2.212579,-2.730135,5.607829,0.000401,0.000239,0.999360
2639,1,-1.832568,-2.437213,5.042435,0.001032,0.000564,0.998405
2640,1,-3.395418,1.446748,2.782120,0.001641,0.207931,0.790429
2641,1,-2.470869,-3.207202,6.023078,0.000205,0.000098,0.999697
2642,1,1.116947,-4.271598,2.890915,0.144953,0.000662,0.854384
2643,1,-2.937137,-1.149355,4.852483,0.000413,0.002467,0.997120
2644,1,-1.317405,-1.211417,2.654230,0.018121,0.020148,0.961731
2645,1,-0.896275,-3.895419,5.259036,0.002117,0.000106,0.997777
2646,1,-0.508035,-3.274908,4.141821,0.009467,0.000595,0.989938
2647,1,0.778376,-4.192186,3.249082,0.077895,0.000541,0.921564
2648,1,-0.128817,-3.678500,4.007939,0.015716,0.000452,0.983832
2649,1,-1.415526,-3.267008,4.762410,0.002070,0.000325,0.997605
2650,1,1.747956,-4.889006,2.437786,0.333924,0.000438,0.665638
2651,1,-2.993438,1.448929,2.524555,0.002984,0.253576,0.743440
2652,1,-0.327742,-3.192238,4.111552,0.011659,0.000665,0.987677
2653,1,-1.942944,-3.460941,5.949269,0.000373,0.000082,0.999545
2654,1,1.731670,-3.765596,1.672496,0.513705,0.002105,0.484189
2655,1,-1.319119,-3.484869,5.118399,0.001598,0.000183,0.998219
2656,1,-0.535391,-0.324945,0.710004,0.175176,0.216208,0.608616
2657,1,-0.979737,-4.048275,5.279304,0.001909,0.000089,0.998002
2658,1,-3.744889,-0.306149,4.884670,0.000178,0.005536,0.994287
2659,1,-1.415526,-3.267008,4.762410,0.002070,0.000325,0.997605
2660,1,1.545563,-4.292804,2.509746,0.275820,0.000804,0.723377
2661,1,-2.977745,-0.741484,4.707749,0.000457,0.004279,0.995263
2662,1,-2.697120,-3.082804,6.224616,0.000133,0.000091,0.999776
2663,1,-1.905412,-2.929221,5.343889,0.000710,0.000255,0.999035
2664,1,-3.465633,2.046355,2.513071,0.001554,0.384795,0.613651
2665,1,4.538217,-2.870184,-3.278062,0.998992,0.000606,0.000403
2666,1,-1.415526,-3.267008,4.762410,0.002070,0.000325,0.997605
2667,1,-4.281214,2.323037,3.398601,0.000344,0.254259,0.745397
2668,1,-0.977631,-3.198984,4.846239,0.002946,0.000320,0.996734
2669,1,0.725919,-4.114839,3.024022,0.091214,0.000721,0.908065
2670,1,-1.283039,-3.539299,5.116917,0.001659,0.000174,0.998168
2671,1,-1.696002,-3.286126,5.456673,0.000782,0.000159,0.999059
2672,1,-3.888402,2.366093,2.718939,0.000792,0.412365,0.586842
2673,1,-1.783756,1.670741,0.629670,0.022823,0.722189,0.254988
2674,1,-3.797567,2.525500,2.412370,0.000947,0.527752,0.471301
2675,1,-2.451256,-3.115524,6.181128,0.000178,0.000092,0.999730
2676,1,-1.630332,-3.729844,5.575058,0.000742,0.000091,0.999167
2677,1,-3.258293,1.451677,2.843767,0.001789,0.198718,0.799492
2678,1,-1.449924,-1.930013,3.839996,0.005001,0.003094,0.991904
2679,1,-0.349822,0.334369,0.009733,0.226508,0.448977,0.324516
2680,1,-0.734318,-2.071223,2.882920,0.025976,0.006823,0.967201
2681,1,2.248211,-3.985292,1.054909,0.766177,0.001504,0.232319
2682,1,-2.294732,-2.631266,5.466918,0.000425,0.000304,0.999271
2683,1,-0.969691,-0.781560,1.914862,0.049745,0.060042,0.890213
2684,1,1.953130,-5.038490,2.568040,0.350827,0.000323,0.648851
2685,1,-0.850798,-2.182253,3.797125,0.009467,0.002500,0.988033
2686,1,1.652216,-4.676228,2.739889,0.251943,0.000450,0.747607
2687,1,-4.505843,2.457364,3.513052,0.000244,0.258071,0.741684
2688,1,-2.108648,-3.085855,5.690517,0.000410,0.000154,0.999436
2689,1,-2.292717,-3.320311,6.001690,0.000250,0.000089,0.999661
2690,1,-2.170561,0.034068,2.556224,0.008130,0.073715,0.918155
2691,1,1.042773,-4.373557,2.750717,0.153326,0.000681,0.845993
2692,1,-0.259173,-2.416362,2.909693,0.040167,0.004645,0.955188
2693,1,-3.368556,-0.425633,4.802030,0.000281,0.005336,0.994383
2694,1,-1.783756,1.670741,0.629670,0.022823,0.722189,0.254988
2695,1,0.958267,-4.718526,3.497818,0.073113,0.000250,0.926636
2696,1,-4.543800,2.570390,3.541659,0.000223,0.274566,0.725210
2697,1,2.479847,-4.195833,1.208727,0.780166,0.000984,0.218850
2698,1,-1.630901,0.138467,2.054731,0.021396,0.125534,0.853070
2699,1,-1.625453,-1.285441,3.763630,0.004517,0.006346,0.989138
2700,1,-3.206413,-1.297643,5.128238,0.000240,0.001616,0.998144
2701,1,0.876170,-3.768440,2.635612,0.146653,0.001410,0.851937
2702,1,-2.248103,-3.294506,6.034158,0.000253,0.000089,0.999658
2703,1,-0.032801,-3.906625,3.958977,0.018125,0.000377,0.981498
2704,1,0.735385,-0.639671,-0.508701,0.648917,0.164063,0.187021
2705,1,-3.091716,0.927589,3.413966,0.001378,0.076713,0.921909
2706,1,-0.089142,-1.095412,0.988230,0.232421,0.084969,0.682610
2707,1,2.075173,-3.795552,1.284360,0.686673,0.001937,0.311390
2708,1,3.981991,-2.693404,-2.912446,0.997730,0.001259,0.001011
2709,1,-1.641219,-3.130704,5.378761,0.000893,0.000201,0.998906
2710,1,-1.951105,-3.689301,6.012990,0.000348,0.000061,0.999591
2711,1,-2.039157,-3.367666,5.854412,0.000373,0.000099,0.999528
2712,1,-0.659644,0.937832,-0.132241,0.130975,0.647086,0.221940
2713,1,-1.942966,-3.325622,5.663523,0.000497,0.000125,0.999378
2714,1,3.865618,-4.065521,-1.029116,0.992216,0.000357,0.007428
2715,1,0.384800,-4.906976,4.402300,0.017678,0.000089,0.982233
2716,1,-2.441832,-2.955060,6.026152,0.000210,0.000126,0.999664
2717,1,-0.117004,-1.796257,1.497920,0.160926,0.030015,0.809059
2718,1,-1.908693,-0.045230,2.455776,0.011621,0.074907,0.913472
2719,1,-0.397013,-4.603867,5.093723,0.004108,0.000061,0.995831
2720,1,-3.318468,2.809518,1.455701,0.001730,0.793378,0.204892
2721,1,-2.562923,-2.787095,6.027801,0.000186,0.000148,0.999666
2722,1,-1.434592,-3.789299,5.638239,0.000847,0.000080,0.999073
2723,1,3.859111,-4.701198,-0.024604,0.979657,0.000188,0.020156
2724,1,-3.878601,2.413162,2.729612,0.000780,0.421212,0.578008
2725,1,-2.625285,-2.291593,5.717602,0.000238,0.000332,0.999430
2726,1,-2.201132,-2.427633,5.559173,0.000426,0.000340,0.999234
2727,1,-2.915439,0.146653,3.660849,0.001351,0.028872,0.969777
2728,1,-2.633106,-2.635636,5.887981,0.000199,0.000199,0.999602
2729,1,-0.514972,-4.370351,5.056186,0.003791,0.000080,0.996128
2730,1,-2.079298,-3.242357,5.880366,0.000349,0.000109,0.999542
2731,1,2.083740,-4.620681,2.274739,0.452144,0.000554,0.547302
2732,1,1.823470,-4.836339,2.385316,0.362952,0.000465,0.636583
2733,1,-2.752984,-2.874919,6.210241,0.000128,0.000113,0.999759
2734,1,0.356432,-3.969952,3.561795,0.038944,0.000515,0.960541
2735,1,-0.844412,-3.048519,4.471713,0.004885,0.000539,0.994576
2736,1,-2.101589,1.533475,1.038789,0.016125,0.611193,0.372682
2737,1,-3.476368,0.972340,3.687105,0.000726,0.062063,0.937212
2738,1,-2.190495,-3.075241,5.748625,0.000356,0.000147,0.999497
2739,1,-2.386255,-3.420372,6.172054,0.000192,0.000068,0.999740
2740,1,-1.925037,-2.592770,5.267935,0.000751,0.000385,0.998864
2741,1,-1.783756,1.670741,0.629670,0.022823,0.722189,0.254988
2742,1,4.553139,-3.781184,-2.406881,0.998812,0.000240,0.000948
2743,1,-1.982919,-3.005080,5.598393,0.000510,0.000183,0.999307
2744,1,-0.376833,-3.997764,4.566990,0.007076,0.000189,0.992735
2745,1,-3.611316,2.843152,1.913769,0.001127,0.716142,0.282731
2746,1,-2.076386,-3.524319,5.992551,0.000313,0.000074,0.999613
2747,1,-2.007013,1.306469,1.181518,0.018963,0.521124,0.459913
2748,1,-1.783756,1.670741,0.629670,0.022823,0.722189,0.254988
2749,1,-2.408786,-2.442076,5.530025,0.000356,0.000345,0.999299
2750,1,3.962947,-3.838863,-1.309267,0.994489,0.000407,0.005104
2751,1,-1.443297,-4.015850,5.635504,0.000842,0.000064,0.999094
2752,1,0.742709,-4.770247,3.802389,0.044793,0.000181,0.955026
2753,1,3.882989,-3.552884,-1.136385,0.992853,0.000585,0.006561
2754,1,1.020472,-4.785888,3.234777,0.098444,0.000296,0.901260
2755,1,-2.000680,-1.984659,4.849366,0.001057,0.001074,0.997869
2756,1,-2.201072,-3.034434,5.966843,0.000283,0.000123,0.999593
2757,1,-1.913732,-3.512045,5.713652,0.000487,0.000098,0.999415
2758,1,-2.309202,-2.298845,5.170388,0.000564,0.000570,0.998866
2759,1,-0.118740,-4.358550,4.464400,0.010118,0.000146,0.989736
2760,1,-1.666382,-1.453450,3.696231,0.004640,0.005741,0.989619
2761,1,1.169308,-4.220078,2.764667,0.168502,0.000769,0.830729
2762,1,1.331406,-4.431530,2.864426,0.177453,0.000558,0.821989
2763,1,0.647185,-4.034983,3.241331,0.069471,0.000643,0.929885
2764,1,-3.763035,0.278280,4.580015,0.000235,0.013361,0.986404
2765,1,-2.829557,1.574082,2.310704,0.003945,0.322466,0.673589
2766,1,2.450556,-4.659800,1.777767,0.661770,0.000540,0.337690
2767,1,1.116202,-4.352180,3.306212,0.100608,0.000424,0.898967
2768,1,1.330349,-3.565872,2.436927,0.248049,0.001854,0.750097
2769,1,1.839631,-4.729299,1.987373,0.462831,0.000649,0.536520
2770,1,-2.585021,1.941785,1.391156,0.006813,0.629960,0.363227
2771,1,-3.407243,2.273757,2.180581,0.001781,0.522345,0.475874
2772,1,0.894149,-3.119289,1.615436,0.325187,0.005877,0.668936
2773,1,-0.686635,-3.222019,4.247758,0.007139,0.000566,0.992295
2774,1,0.078990,-4.168797,3.960650,0.020194,0.000289,0.979517
2775,1,-0.527675,-4.320077,5.117444,0.003522,0.000079,0.996399
2776,1,-0.376288,-2.056780,2.984002,0.033351,0.006213,0.960436
2777,1,-1.664611,-3.922094,5.933294,0.000501,0.000052,0.999446
2778,1,1.784059,-4.745804,2.740432,0.277493,0.000405,0.722103
2779,1,0.346313,0.449185,-1.136363,0.428196,0.474591,0.097213
2780,1,-2.584450,-2.887206,6.038153,0.000180,0.000133,0.999687
2781,1,-1.841096,-2.237917,5.022324,0.001044,0.000702,0.998255
2782,1,-3.824259,1.799170,3.337178,0.000638,0.176712,0.822650
2783,1,-1.808334,1.065170,1.109789,0.026878,0.475708,0.497414
2784,1,-2.780020,-2.223807,5.686353,0.000210,0.000367,0.999423
2785,1,0.800877,-4.104506,3.492403,0.063445,0.000470,0.936085
2786,1,1.131640,-3.119056,2.164382,0.261574,0.003729,0.734698
2787,1,-1.720002,-4.013585,6.116050,0.000395,0.000040,0.999565
2788,1,-3.328258,-1.178933,5.482897,0.000149,0.001277,0.998574
2789,1,-2.657352,-1.804059,5.073939,0.000438,0.001029,0.998533
2790,1,-1.870065,1.922354,0.533130,0.017724,0.786281,0.195995
2791,1,2.780684,-5.040754,1.337952,0.808615,0.000324,0.191061
2792,1,3.586842,-4.126194,-0.725642,0.986342,0.000441,0.013217
2793,1,-0.327240,-3.288283,3.824639,0.015479,0.000801,0.983720
2794,1,-2.387364,-3.430623,6.264117,0.000175,0.000062,0.999764
2795,1,-3.606082,0.735637,4.243320,0.000378,0.029083,0.970538
2796,1,-2.262498,-3.157072,5.908648,0.000283,0.000116,0.999602
2797,1,2.883076,-0.877690,-2.841445,0.974155,0.022665,0.003181
2798,1,-1.482877,-4.112197,5.956342,0.000587,0.000042,0.999370
2799,1,-2.262704,-3.139351,5.860759,0.000296,0.000123,0.999580
2800,1,-0.750133,-3.588880,4.585475,0.004793,0.000280,0.994927
2801,1,-2.542824,-2.354555,5.658679,0.000274,0.000331,0.999395
2802,1,-1.151603,-0.586800,1.718539,0.049023,0.086236,0.864741
2803,1,0.203110,-3.504180,3.484831,0.036171,0.000888,0.962941
2804,1,-2.295663,-2.071404,5.252162,0.000527,0.000659,0.998814
2805,1,-3.990102,1.966133,3.366720,0.000512,0.197622,0.801867
2806,1,-0.693264,-1.269886,1.830093,0.071265,0.040036,0.888699
2807,1,0.508536,-3.801131,3.265070,0.059671,0.000802,0.939527
2808,1,-3.163452,0.661907,3.353021,0.001383,0.063412,0.935205
2809,1,2.430707,-2.811112,0.078030,0.908757,0.004808,0.086436
2810,1,-0.036599,-0.314869,0.068450,0.348692,0.263992,0.387315
2811,1,-1.865916,-3.331866,5.636214,0.000552,0.000127,0.999321
2812,1,-1.783756,1.670741,0.629670,0.022823,0.722189,0.254988
2813,1,3.663952,-4.124789,-0.782052,0.988006,0.000409,0.011585
2814,1,0.935876,-4.347260,2.924802,0.120297,0.000611,0.879092
2815,1,-1.415526,-3.267008,4.762410,0.002070,0.000325,0.997605
2816,1,-1.415526,-3.267008,4.762410,0.002070,0.000325,0.997605
2817,1,-0.183763,-3.722245,3.990858,0.015141,0.000440,0.984419
2818,1,2.020649,-4.821002,2.262221,0.439692,0.000470,0.559838
2819,1,-2.038669,-2.970873,5.500376,0.000532,0.000209,0.999259
2820,1,-1.994321,1.196942,1.381795,0.018323,0.445601,0.536076
2821,1,-1.783756,1.670741,0.629670,0.022823,0.722189,0.254988
2822,1,-4.121076,2.554796,3.043197,0.000479,0.380088,0.619433
2823,1,2.188491,-5.015814,2.041369,0.536500,0.000399,0.463101
2824,1,-2.122372,-3.268269,5.953707,0.000311,0.000099,0.999590
2825,1,-1.979989,-3.339345,5.693624,0.000465,0.000119,0.999416
2826,1,1.578565,-3.252105,1.450050,0.529835,0.004229,0.465937
2827,1,3.704365,-4.639555,-0.079751,0.977549,0.000232,0.022219
2828,1,-2.608494,-3.017371,6.247704,0.000142,0.000095,0.999763
2829,1,-1.783756,1.670741,0.629670,0.022823,0.722189,0.254988
2830,1,-0.758003,-0.169500,0.961881,0.119258,0.214819,0.665923
2831,1,-1.267811,-1.846119,3.883889,0.005738,0.003218,0.991044
2832,1,-0.514015,-4.337753,4.918185,0.004354,0.000095,0.995551
2833,1,2.692395,-4.686815,1.144012,0.824256,0.000514,0.175230
