row_id,gold,logit_hate,logit_offensive,logit_normal,p_hate,p_offensive,p_normal
0,0,-0.667151,-3.986783,3.959931,0.009685,0.000350,0.989965
1,0,-1.164004,-2.707021,2.723797,0.019993,0.004273,0.975734
2,0,0.689867,-3.595394,2.040202,0.205234,0.002826,0.791940
3,0,-2.114771,-1.497095,3.125624,0.005219,0.009680,0.985101
4,0,0.532108,-4.039833,2.705095,0.102095,0.001055,0.896850
5,0,0.332720,-4.210608,2.845552,0.074904,0.000797,0.924299
6,0,-1.881458,-2.872008,3.980036,0.002836,0.001053,0.996111
7,0,-0.773974,-3.638738,3.111281,0.020106,0.001146,0.978748
8,0,-2.530172,-2.176336,3.818633,0.001741,0.002481,0.995778
9,0,-1.976017,-2.926511,4.144980,0.002190,0.000846,0.996964
10,0,-0.374885,-3.180557,2.870572,0.037406,0.002262,0.960333
11,0,-2.437112,-0.347630,2.498444,0.006746,0.054514,0.938739
12,0,-1.784051,-3.213707,4.064651,0.002873,0.000688,0.996439
13,0,-1.853310,-3.052410,3.868099,0.003261,0.000983,0.995756
14,0,2.393440,-3.946649,0.856223,0.821866,0.001450,0.176684
15,0,-1.106520,-3.525935,3.548038,0.009420,0.000838,0.989741
16,0,0.351622,-0.619856,0.401768,0.411531,0.155774,0.432694
17,0,0.282916,-3.934705,2.601003,0.089518,0.001319,0.909163
18,0,-2.215173,-2.976574,4.324030,0.001443,0.000674,0.997884
19,0,-0.759561,-3.616954,3.218073,0.018366,0.001055,0.980579
20,0,-1.229093,-3.713242,4.050271,0.005068,0.000423,0.994510
21,0,-2.753001,-1.785888,3.820207,0.001390,0.003657,0.994953
22,0,-2.114771,-1.497095,3.125624,0.005219,0.009680,0.985101
23,0,-2.086966,-2.223327,3.667438,0.003150,0.002749,0.994101
24,0,-0.254762,-3.812907,3.087074,0.034130,0.000972,0.964897
25,0,-0.137769,-3.929820,3.624881,0.022683,0.000511,0.976805
26,0,0.457202,-4.109712,2.628818,0.102220,0.001062,0.896718
27,0,-1.511314,-3.477319,4.266146,0.003086,0.000432,0.996482
28,0,-0.923511,-2.858085,2.840674,0.022587,0.003264,0.974149
29,0,-1.440264,-2.557455,3.120053,0.010316,0.003375,0.986309
30,0,-0.199660,-2.753308,2.335481,0.073014,0.005680,0.921306
31,0,-1.718473,-2.546798,3.731461,0.004270,0.001865,0.993865
32,0,-0.801821,-3.845730,3.560974,0.012575,0.000599,0.986826
33,0,-2.114771,-1.497095,3.125624,0.005219,0.009680,0.985101
34,0,-0.498835,-3.657982,3.360162,0.020635,0.000876,0.978488
35,0,-1.628766,-3.179290,3.954681,0.003743,0.000794,0.995464
36,0,2.319631,-2.836466,0.066622,0.900214,0.005189,0.094597
37,0,-0.544082,-3.743821,3.613991,0.015387,0.000627,0.983985
38,0,1.379126,-3.863097,1.618860,0.439329,0.002323,0.558348
39,0,-1.254458,-2.993538,3.655668,0.007308,0.001284,0.991408
40,0,-0.758958,-3.809504,3.456836,0.014536,0.000688,0.984776
41,0,-0.574936,-3.480793,3.301484,0.020282,0.001109,0.978609
42,0,-1.529490,-3.049522,3.604346,0.005852,0.001280,0.992868
43,0,-1.869517,-2.512320,3.946939,0.002965,0.001559,0.995476
44,0,-0.296268,-3.738941,2.746002,0.045486,0.001455,0.953059
45,0,-1.775827,-1.676375,2.666746,0.011481,0.012682,0.975837
46,0,-0.436383,-3.116659,2.725774,0.040502,0.002776,0.956722
47,0,-1.446200,-2.083733,2.881711,0.012934,0.006837,0.980229
48,0,-1.546983,-0.632763,2.081151,0.024309,0.060646,0.915045
49,0,-0.100891,-2.808036,2.186037,0.091647,0.006115,0.902237
50,0,-1.871485,-2.430008,3.668762,0.003901,0.002232,0.993867
51,0,-1.172443,-2.023212,2.704677,0.020116,0.008591,0.971293
52,0,0.171527,-3.937141,2.730434,0.071746,0.001179,0.927076
53,0,-2.052230,-3.069597,4.191945,0.001937,0.000700,0.997363
54,0,-0.547933,-3.917173,3.543350,0.016434,0.000566,0.983001
55,0,-1.673641,-3.346560,4.114034,0.003054,0.000573,0.996373
56,0,-0.612694,-2.991062,3.037348,0.025272,0.002343,0.972385
57,0,-0.397357,-3.857905,3.281263,0.024617,0.000773,0.974610
58,0,-1.903471,-2.497413,3.815743,0.003266,0.001803,0.994931
59,0,-2.242026,-0.722523,2.609444,0.007491,0.034232,0.958277
60,0,-1.290563,-3.249678,3.487606,0.008331,0.001175,0.990494
61,0,-0.723632,-3.729699,3.740593,0.011376,0.000563,0.988061
62,0,-2.277303,-2.771835,4.104090,0.001688,0.001030,0.997282
63,0,-0.659180,-3.542850,3.546211,0.014684,0.000821,0.984495
64,0,-1.776052,-3.182003,3.977793,0.003158,0.000774,0.996068
65,0,-1.156276,-3.676136,3.677771,0.007886,0.000635,0.991479
66,0,-0.613984,-3.842640,3.432873,0.017165,0.000680,0.982155
67,0,-0.701247,-3.759804,3.578229,0.013652,0.000641,0.985707
68,0,-1.552922,-3.226794,4.021805,0.003776,0.000708,0.995516
69,0,-2.268970,-2.273485,3.802211,0.002298,0.002288,0.995415
70,0,-1.103131,-3.874278,3.978379,0.006170,0.000386,0.993444
71,0,1.283815,-4.399273,2.115904,0.302891,0.001031,0.696078
72,0,-1.893681,-2.484894,3.677319,0.003784,0.002095,0.994121
73,0,-1.972392,-3.007962,4.097180,0.002305,0.000818,0.996877
74,0,2.467251,-2.015707,-0.480331,0.940056,0.010623,0.049321
75,0,-2.445197,-2.772828,4.275318,0.001203,0.000867,0.997929
76,0,-2.114771,-1.497095,3.125624,0.005219,0.009680,0.985101
77,0,-2.644799,-0.780370,2.964263,0.003567,0.023016,0.973417
78,0,-1.675189,-2.491587,3.518517,0.005507,0.002434,0.992058
79,0,-0.042529,-3.938527,2.776881,0.056220,0.001143,0.942638
80,0,-2.343595,-1.784449,3.501434,0.002871,0.005023,0.992106
81,0,0.709162,-4.212083,2.369426,0.159541,0.001163,0.839296
82,0,-0.322328,-3.860541,3.129297,0.030693,0.000892,0.968415
83,0,-1.635786,-3.002551,3.920040,0.003846,0.000981,0.995173
84,0,-1.119157,-2.920217,3.383160,0.010942,0.001807,0.987251
85,0,0.425249,-4.403850,2.985586,0.071694,0.000573,0.927733
86,0,-0.081322,-4.066186,3.057538,0.041500,0.000772,0.957728
87,0,-0.672174,-3.563112,3.597404,0.013784,0.000765,0.985451
88,0,-0.153599,-3.054431,2.728972,0.052868,0.002907,0.944226
89,0,-0.435178,-3.331466,3.015094,0.030709,0.001696,0.967596
90,0,-0.565232,-3.032122,2.923615,0.029557,0.002508,0.967935
91,0,-3.016728,-1.859138,4.153502,0.000767,0.002440,0.996794
92,0,-1.754131,-2.695578,3.461215,0.005392,0.002103,0.992505
93,0,-0.636908,-3.667460,3.770982,0.012027,0.000581,0.987392
94,0,-2.597608,-2.488775,4.205144,0.001108,0.001236,0.997656
95,0,0.563549,-4.310611,2.573579,0.118047,0.000902,0.881051
96,0,-0.550332,-3.441903,2.882699,0.031225,0.001733,0.967043
97,0,-1.290026,-3.334415,3.836120,0.005900,0.000764,0.993336
98,0,0.413305,-1.956160,1.300895,0.283865,0.026550,0.689585
99,0,-1.267917,-3.407160,3.459875,0.008759,0.001031,0.990209
100,0,-0.175310,-2.398883,1.912668,0.108970,0.011793,0.879237
101,0,0.709339,-4.383654,2.936551,0.097275,0.000597,0.902128
102,0,-1.538948,-3.141055,3.894947,0.004343,0.000875,0.994782
103,0,-1.041981,-3.272063,3.557993,0.009941,0.001069,0.988990
104,0,-0.657170,-3.236899,3.030287,0.024379,0.001848,0.973773
105,0,-2.532968,-2.508063,4.240166,0.001141,0.001170,0.997688
106,0,-1.898438,-1.559152,2.968714,0.007555,0.010607,0.981837
107,0,-2.428424,-2.777045,4.137175,0.001405,0.000991,0.997604
108,0,-2.862468,-1.742594,3.686337,0.001424,0.004362,0.994214
109,0,-1.813190,-1.266968,2.534549,0.012495,0.021576,0.965929
110,0,-0.380223,-3.867780,3.272869,0.025237,0.000772,0.973991
111,0,-2.114771,-1.497095,3.125624,0.005219,0.009680,0.985101
112,0,-2.296846,-2.216478,3.620170,0.002678,0.002902,0.994420
113,0,-1.634273,0.947306,1.282918,0.030574,0.404130,0.565296
114,0,-2.114771,-1.497095,3.125624,0.005219,0.009680,0.985101
115,0,-0.807487,-3.251904,3.154877,0.018633,0.001617,0.979750
116,0,-1.102190,-3.332341,3.500904,0.009911,0.001066,0.989024
117,0,-2.475952,-1.653991,3.455745,0.002631,0.005986,0.991383
118,0,-0.652017,-3.829243,3.288394,0.019054,0.000795,0.980151
119,0,-2.019837,-2.254836,3.638194,0.003468,0.002741,0.993791
120,0,-0.863482,-3.639691,3.763876,0.009680,0.000603,0.989717
121,0,-1.181597,-3.087333,3.300421,0.011165,0.001660,0.987174
122,0,-2.899082,-2.109220,3.891976,0.001120,0.002467,0.996413
123,0,1.871150,-4.521906,1.890129,0.494845,0.000828,0.504327
124,0,-1.690689,-3.028368,3.690379,0.004576,0.001201,0.994223
125,0,-2.006633,-3.104609,3.994079,0.002469,0.000823,0.996708
126,0,-1.926752,-2.678171,3.640234,0.003801,0.001793,0.994407
127,0,-1.745836,-3.174714,3.996146,0.003196,0.000766,0.996039
128,0,-1.445884,-3.314950,4.037009,0.004137,0.000638,0.995224
129,0,-0.442964,-4.042874,3.453896,0.019891,0.000544,0.979566
130,0,-1.119351,-3.591064,3.727773,0.007785,0.000657,0.991558
131,0,-0.851910,-3.870317,3.799897,0.009450,0.000462,0.990088
132,0,-1.216623,-3.304333,3.727602,0.007068,0.000876,0.992056
133,0,1.667360,-3.868932,1.782650,0.470336,0.001854,0.527810
134,0,-1.522340,-1.607649,2.486713,0.017540,0.016106,0.966354
135,0,-0.098571,-3.934851,2.843851,0.050042,0.001080,0.948879
136,0,-0.750190,-3.785452,3.449050,0.014775,0.000710,0.984515
137,0,-0.522646,-3.651285,3.198951,0.023599,0.001033,0.975368
138,0,0.239610,-4.140376,2.656615,0.081801,0.001025,0.917174
139,0,-1.674585,-3.545279,4.152503,0.002937,0.000452,0.996611
140,0,0.286231,-4.208058,3.133916,0.054768,0.000612,0.944620
141,0,0.218586,-4.108473,2.839982,0.067713,0.000894,0.931392
142,0,-0.771232,-2.962740,3.181209,0.018806,0.002102,0.979092
143,0,-0.791047,-3.178835,3.176082,0.018544,0.001703,0.979753
144,0,-0.382761,-3.940084,3.120149,0.029205,0.000833,0.969962
145,0,-1.676533,-1.940915,3.062050,0.008618,0.006616,0.984767
146,0,0.003039,-4.043293,2.957234,0.049496,0.000866,0.949639
147,0,-1.452830,-3.216856,4.194686,0.003512,0.000602,0.995887
148,0,-1.845592,-2.081413,3.123578,0.006864,0.005422,0.987715
149,0,-0.188940,-3.472848,2.715770,0.051820,0.001942,0.946237
150,0,-1.679773,-2.643445,3.605845,0.005029,0.001918,0.993053
151,0,-1.488610,-3.093500,3.953805,0.004307,0.000865,0.994828
152,0,-1.559417,-3.520808,4.063330,0.003600,0.000506,0.995894
153,0,-0.498875,-1.910856,2.100811,0.068013,0.016572,0.915416
154,0,-0.541787,-3.948281,3.607949,0.015516,0.000514,0.983970
155,0,-1.694800,-2.666888,3.415401,0.005985,0.002264,0.991751
156,0,-1.197438,-3.057831,3.214527,0.011964,0.001862,0.986175
157,0,-2.088713,-2.482208,3.673638,0.003127,0.002110,0.994763
158,0,-2.982071,-1.336141,3.464924,0.001570,0.008141,0.990289
159,0,0.795184,-4.154807,2.363741,0.172212,0.001220,0.826568
160,0,1.374633,-3.313910,1.494464,0.468054,0.004306,0.527640
161,0,-0.460280,-0.888671,1.613324,0.104113,0.067835,0.828052
162,0,-2.037725,-2.893869,3.976010,0.002436,0.001035,0.996529
163,0,-2.334316,-2.911574,4.302808,0.001308,0.000734,0.997957
164,0,-1.557288,-3.263915,3.918181,0.004168,0.000756,0.995076
165,0,-1.380384,-3.127473,3.724994,0.006021,0.001049,0.992930
166,0,-0.308278,-3.745462,3.030712,0.034220,0.001100,0.964680
167,0,-1.343591,-3.435027,3.946493,0.005013,0.000619,0.994368
168,0,-0.070814,-4.056346,3.190729,0.036889,0.000685,0.962426
169,0,-1.280939,-3.339465,3.927737,0.005435,0.000694,0.993871
170,0,3.386878,-3.543937,-0.066614,0.968418,0.000946,0.030636
171,0,-2.794529,-2.097147,4.018467,0.001096,0.002201,0.996703
172,0,0.144311,-3.891388,2.610218,0.078175,0.001382,0.920443
173,0,-1.491465,-3.253132,3.653639,0.005788,0.000994,0.993217
174,0,0.883512,-3.959860,2.027501,0.241130,0.001900,0.756970
175,0,-0.673823,-3.472862,3.273768,0.018914,0.001151,0.979935
176,0,2.054522,-4.277761,1.459784,0.643714,0.001145,0.355142
177,0,-2.170236,0.320117,1.779682,0.015385,0.185633,0.798981
178,0,-0.743885,-3.550078,3.259270,0.017911,0.001082,0.981006
179,0,-2.287196,-2.472024,3.966975,0.001916,0.001592,0.996492
180,0,-2.182628,-2.357406,3.884209,0.002309,0.001938,0.995753
181,0,-1.575336,-3.243606,3.792711,0.004638,0.000875,0.994488
182,0,-0.633497,-3.752973,3.437731,0.016758,0.000740,0.982502
183,0,1.281144,-4.430550,2.275632,0.269786,0.000892,0.729322
184,0,-1.160171,-2.296529,2.711075,0.020274,0.006508,0.973218
185,0,0.563596,-4.279789,2.718359,0.103802,0.000818,0.895380
186,0,-0.943508,-3.183656,3.415879,0.012608,0.001342,0.986050
187,0,-2.406411,-2.610183,4.086215,0.001510,0.001232,0.997258
188,0,-2.657596,-2.103630,3.948997,0.001346,0.002343,0.996311
189,0,-1.379326,-3.665849,3.895667,0.005089,0.000517,0.994393
190,0,-1.204966,-3.404165,3.595562,0.008151,0.000904,0.990945
191,0,-0.203431,-3.394976,3.204172,0.032016,0.001316,0.966667
192,0,-2.006976,-3.206028,4.388893,0.001665,0.000502,0.997833
193,0,0.658802,-4.261141,2.464025,0.141071,0.001030,0.857899
194,0,2.101427,-4.040467,1.135592,0.723162,0.001555,0.275283
195,0,-1.466152,-2.835244,3.294504,0.008469,0.002154,0.989377
196,0,-0.814609,-2.985679,3.010344,0.021302,0.002430,0.976269
197,0,-0.188154,-3.971035,3.575305,0.022665,0.000516,0.976819
198,0,-1.567545,-3.267499,4.092571,0.003468,0.000634,0.995899
199,0,-1.295250,-2.032757,2.637323,0.019042,0.009108,0.971851
200,0,-0.723632,-3.729699,3.740593,0.011376,0.000563,0.988061
201,0,-2.051203,-3.034354,4.303587,0.001734,0.000649,0.997617
202,0,-0.240466,-3.958790,3.302932,0.028083,0.000682,0.971235
203,0,-2.539698,-2.549236,4.242887,0.001131,0.001120,0.997749
204,0,0.174676,-3.231859,2.745870,0.070849,0.002349,0.926802
205,0,0.195518,-4.151014,2.691766,0.076047,0.000985,0.922968
206,0,-1.096776,-3.046782,3.459003,0.010382,0.001477,0.988141
207,0,-2.031816,-2.812700,3.991243,0.002414,0.001105,0.996481
208,0,1.116737,-2.039205,0.806890,0.563013,0.023983,0.413003
209,0,-0.742968,-3.502162,3.227989,0.018485,0.001171,0.980344
210,0,-2.262210,-2.025906,3.806073,0.002303,0.002917,0.994780
211,0,-1.801359,-2.829935,3.934552,0.003214,0.001149,0.995637
212,0,-0.990985,-1.152932,1.603790,0.065599,0.055791,0.878609
213,0,-0.023489,-3.871677,3.096511,0.042252,0.000901,0.956848
214,0,-1.879092,-3.099550,3.925932,0.003001,0.000885,0.996114
215,0,-0.342504,-3.595333,3.245918,0.026870,0.001039,0.972091
216,0,1.337050,-4.071691,2.005395,0.338354,0.001515,0.660131
217,0,-1.815988,-3.304031,4.037642,0.002859,0.000646,0.996495
218,0,-1.667057,-2.789097,3.300165,0.006899,0.002246,0.990855
219,0,-1.276029,-3.121810,3.530632,0.008098,0.001279,0.990623
220,0,-0.759441,-2.728700,3.103005,0.020525,0.002864,0.976611
221,0,-1.275375,-3.387516,3.581586,0.007707,0.000932,0.991361
222,0,-1.855616,-3.120582,3.871590,0.003243,0.000915,0.995842
223,0,-1.156611,-3.625239,3.927523,0.006153,0.000521,0.993326
224,0,-0.194683,-2.579813,2.341270,0.072883,0.006711,0.920406
225,0,-1.596460,-2.954405,3.363191,0.006954,0.001789,0.991257
226,0,0.717136,-3.951407,2.295896,0.170697,0.001602,0.827701
227,0,-2.996600,-1.247179,3.787730,0.001123,0.006457,0.992420
228,0,-0.723632,-3.729699,3.740593,0.011376,0.000563,0.988061
229,0,-2.114771,-1.497095,3.125624,0.005219,0.009680,0.985101
230,0,-1.390478,-3.143441,3.656463,0.006381,0.001106,0.992514
231,0,-1.980112,-3.010383,3.923170,0.002720,0.000971,0.996309
232,0,-1.827279,-3.060301,3.849241,0.003410,0.000994,0.995596
233,0,0.131346,-3.420692,2.489839,0.086180,0.002470,0.911350
234,0,0.712272,-4.194979,2.539672,0.138406,0.001023,0.860570
235,0,1.041009,-3.853507,2.082069,0.260437,0.001950,0.737613
236,0,-0.458955,-2.348419,2.084571,0.072069,0.010893,0.917038
237,0,-1.851718,-1.680148,3.221116,0.006180,0.007337,0.986483
238,0,-2.070479,-2.760599,4.004809,0.002291,0.001149,0.996560
239,0,-0.723632,-3.729699,3.740593,0.011376,0.000563,0.988061
240,0,-0.150365,-4.010833,2.941609,0.043400,0.000914,0.955686
241,0,-2.274950,-1.085334,2.820774,0.005966,0.019604,0.974429
242,0,-1.979612,-3.088378,3.953835,0.002640,0.000871,0.996489
243,0,0.396836,-4.301600,2.835732,0.080196,0.000731,0.919074
244,0,-0.380075,-3.672280,3.397167,0.022355,0.000831,0.976814
245,0,-0.065769,-3.693031,2.685216,0.059935,0.001594,0.938471
246,0,-2.895803,-1.420909,3.732403,0.001313,0.005739,0.992947
247,0,-2.931111,-2.020355,4.005723,0.000968,0.002407,0.996625
248,0,-1.061939,-3.695575,3.940258,0.006675,0.000479,0.992846
249,0,0.034899,0.097302,0.411167,0.283992,0.302278,0.413730
250,0,-1.819349,-1.007786,2.589750,0.011703,0.026349,0.961948
251,0,1.441351,-4.484442,2.233605,0.311426,0.000831,0.687743
252,0,0.154652,-3.620336,2.516046,0.085994,0.001972,0.912033
253,0,-0.107113,-4.180189,3.075302,0.039806,0.000678,0.959516
254,0,-2.097728,-2.009047,3.439797,0.003904,0.004266,0.991830
255,0,-0.242064,-3.519775,3.155854,0.032321,0.001219,0.966460
256,0,-0.830332,-2.646540,2.810425,0.025456,0.004140,0.970404
257,0,-2.522452,-1.363415,3.214974,0.003180,0.010135,0.986685
258,0,-1.601635,0.362921,1.243975,0.039457,0.281400,0.679143
259,0,-0.458621,-3.320794,3.395199,0.020734,0.001185,0.978081
260,0,-1.525217,-2.913327,3.175410,0.008987,0.002243,0.988770
261,0,-1.706604,-1.020102,2.724228,0.011496,0.022839,0.965665
262,0,0.119131,-4.279873,3.229802,0.042647,0.000524,0.956829
263,0,1.410800,-4.390342,2.219000,0.307987,0.000931,0.691081
264,0,-0.187124,-2.479837,1.858758,0.113161,0.011428,0.875411
265,0,-1.736597,-3.240962,3.916162,0.003493,0.000776,0.995731
266,0,0.177053,-3.201529,2.211776,0.115151,0.003926,0.880923
267,0,-1.365843,-3.093840,3.916446,0.005051,0.000897,0.994052
268,0,-2.199188,-2.283438,3.870620,0.002301,0.002115,0.995583
269,0,-1.390896,-0.995410,2.352601,0.022356,0.033201,0.944443
270,0,-1.771381,-1.703636,2.965917,0.008606,0.009209,0.982184
271,0,1.410446,-3.717602,2.050819,0.344457,0.002042,0.653501
272,0,-0.436610,-3.949759,3.310386,0.023029,0.000686,0.976285
273,0,1.396269,-4.249838,1.819624,0.395162,0.001395,0.603443
274,0,-2.008451,-2.627539,3.705461,0.003283,0.001768,0.994949
275,0,-2.404552,-0.395111,2.529979,0.006781,0.050582,0.942637
276,0,1.721394,-4.090019,2.019336,0.425518,0.001274,0.573208
277,0,-1.248978,-3.604760,3.937184,0.005559,0.000527,0.993913
278,0,-0.711800,-3.881643,3.794564,0.010913,0.000458,0.988629
279,0,-2.248442,-2.940800,4.226397,0.001538,0.000770,0.997692
280,0,-1.740997,-2.265219,3.517025,0.005163,0.003056,0.991781
281,0,-1.941333,-3.208074,4.369954,0.001811,0.000510,0.997678
282,0,-1.425244,-3.377106,3.899170,0.004844,0.000688,0.994468
283,0,-2.431588,-2.829716,4.350743,0.001131,0.000760,0.998109
284,0,0.417635,-3.309748,2.067064,0.160564,0.003862,0.835574
285,0,0.856013,-4.411387,2.657357,0.141584,0.000730,0.857686
286,0,-2.313838,-2.579984,4.003298,0.001799,0.001379,0.996822
287,0,-1.607735,-2.875540,3.463791,0.006223,0.001751,0.992026
288,0,-1.365730,-3.314216,3.472078,0.007853,0.001119,0.991028
289,0,-2.074240,-3.124475,4.327916,0.001654,0.000579,0.997767
290,0,-1.356866,1.248878,0.752323,0.043893,0.594364,0.361744
291,0,-0.599534,-3.666960,3.465978,0.016852,0.000784,0.982364
292,0,-2.564008,-2.606846,4.138417,0.001225,0.001174,0.997601
293,0,-0.361028,-3.968081,3.440439,0.021837,0.000592,0.977571
294,0,1.330360,-4.150478,1.908443,0.358837,0.001495,0.639669
295,0,-1.051595,-3.192525,3.502851,0.010398,0.001222,0.988380
296,0,-0.155695,-3.677987,3.363836,0.028737,0.000849,0.970414
297,0,-0.456014,-3.511863,3.017004,0.030047,0.001415,0.968538
298,0,-1.062022,-3.158429,3.510175,0.010217,0.001256,0.988528
299,0,0.004305,-3.806934,2.778668,0.058649,0.001297,0.940053
300,0,-2.522637,-1.361188,3.041757,0.003771,0.012048,0.984181
301,0,-0.708899,-3.024603,2.851752,0.027560,0.002720,0.969720
302,0,-0.555210,-2.748125,2.900265,0.030502,0.003404,0.966094
303,0,-0.151917,-3.345714,2.725451,0.053168,0.002181,0.944652
304,0,-2.392554,-1.642132,3.555771,0.002589,0.005484,0.991927
305,0,-2.434013,-2.771020,4.245647,0.001254,0.000895,0.997852
306,0,0.595044,-4.326087,2.961401,0.085721,0.000625,0.913654
307,0,-1.734070,-0.870921,2.332044,0.016207,0.038421,0.945371
308,0,2.692148,-4.628203,1.442567,0.776828,0.000514,0.222658
309,0,-2.717577,-2.134499,3.986040,0.001222,0.002190,0.996588
310,0,-1.127326,-2.370510,2.676734,0.021658,0.006248,0.972094
311,0,-1.600672,-3.149426,3.869289,0.004190,0.000890,0.994920
312,0,-2.425720,-2.157380,3.927645,0.001734,0.002268,0.995999
313,0,-2.211823,-2.070232,3.697260,0.002699,0.003109,0.994192
314,0,2.333418,-3.929923,1.320456,0.732576,0.001395,0.266029
315,0,-0.123314,-3.979727,3.006138,0.041872,0.000885,0.957243
316,0,-2.607173,-2.492120,4.196854,0.001107,0.001242,0.997652
317,0,-1.428151,-3.298552,3.902085,0.004816,0.000742,0.994442
318,0,-0.067698,-4.254341,3.677630,0.023074,0.000351,0.976575
319,0,-1.366960,-2.429965,3.289839,0.009377,0.003239,0.987384
320,0,-0.152584,-4.009623,3.420510,0.027287,0.000577,0.972137
321,0,0.746818,-3.000255,1.543179,0.308543,0.007277,0.684180
322,0,0.774676,-4.319008,2.551389,0.144581,0.000887,0.854532
323,0,-0.892367,-3.489080,3.295738,0.014932,0.001113,0.983956
324,0,-2.072775,-1.858323,3.406012,0.004136,0.005125,0.990739
325,0,-1.043577,-0.246940,1.136971,0.082855,0.183779,0.733366
326,0,-1.262823,-3.582601,3.917723,0.005590,0.000550,0.993860
327,0,-0.905018,-3.376158,3.646639,0.010430,0.000881,0.988688
328,0,1.399529,-0.959003,-0.151700,0.765377,0.072373,0.162250
329,0,0.981140,-3.482068,2.081768,0.248906,0.002869,0.748225
330,0,-0.672410,-3.949861,3.518598,0.014897,0.000562,0.984541
331,0,-0.237111,-2.786805,2.734152,0.048556,0.003793,0.947651
332,0,-1.439737,-3.281358,3.935637,0.004604,0.000730,0.994665
333,0,1.871067,-2.803023,0.605614,0.774326,0.007228,0.218446
334,0,-1.333116,-3.359088,3.871192,0.005459,0.000720,0.993821
335,0,-0.319730,-2.678413,2.727544,0.045142,0.004268,0.950590
336,0,-0.433060,-3.834511,3.763405,0.014818,0.000494,0.984688
337,0,-0.889179,-3.942746,3.772268,0.009360,0.000442,0.990198
338,0,-2.412600,-1.541206,3.116681,0.003916,0.009361,0.986723
339,0,-1.083931,-3.461684,3.608979,0.009069,0.000841,0.990090
340,0,-2.972759,-1.918957,3.904562,0.001027,0.002945,0.996028
341,0,-0.748195,-2.355091,2.538668,0.035766,0.007171,0.957062
342,0,-1.734967,-0.008003,1.854626,0.023341,0.131260,0.845399
343,0,-2.114771,-1.497095,3.125624,0.005219,0.009680,0.985101
344,0,0.030508,-2.151708,1.909520,0.130551,0.014725,0.854724
345,0,-1.302139,-3.345044,3.502856,0.008114,0.001052,0.990834
346,0,-2.811800,-1.553275,3.615279,0.001605,0.005651,0.992743
347,0,-0.914222,-3.347266,3.146325,0.016922,0.001485,0.981592
348,0,-1.494771,-3.363627,3.990612,0.004127,0.000637,0.995236
349,0,-1.572515,-3.143735,4.102183,0.003418,0.000710,0.995872
350,0,-2.618573,-2.615022,4.300581,0.000987,0.000990,0.998023
351,0,-1.739445,-2.376737,3.622422,0.004659,0.002463,0.992878
352,0,-1.903197,-1.931832,3.294734,0.005468,0.005314,0.989218
353,0,-2.191855,-2.751573,3.856679,0.002353,0.001344,0.996303
354,0,-1.924727,-1.457790,2.968407,0.007355,0.011732,0.980914
355,0,-2.471686,0.561922,1.993696,0.009197,0.191049,0.799754
356,0,-2.729888,-1.915566,3.915090,0.001295,0.002924,0.995781
357,0,-3.178689,1.637287,1.390145,0.004527,0.558931,0.436542
358,0,-1.703511,-2.515524,3.625479,0.004815,0.002138,0.993047
359,0,-0.073886,-3.065151,2.000175,0.111021,0.005576,0.883403
360,0,-1.856610,-2.219174,3.567785,0.004375,0.003045,0.992580
361,0,-1.549900,-3.070016,3.968870,0.003991,0.000873,0.995136
362,0,-0.654843,-3.955416,3.747619,0.012094,0.000446,0.987461
363,0,-1.913501,-2.365079,3.708588,0.003596,0.002289,0.994115
364,0,0.083038,-3.965605,2.907234,0.055976,0.000977,0.943048
365,0,-0.233040,-3.638738,3.025117,0.036989,0.001227,0.961783
366,0,-2.064820,-2.744041,3.915261,0.002519,0.001277,0.996204
367,0,-1.395951,-3.332353,3.724069,0.005935,0.000856,0.993209
368,0,1.919879,-3.966532,1.332858,0.641536,0.001781,0.356682
369,0,-2.197476,-1.817236,3.475113,0.003410,0.004988,0.991602
370,0,-1.978823,-2.327896,3.500694,0.004142,0.002921,0.992937
371,0,-1.493893,-3.367267,3.736730,0.005317,0.000817,0.993866
372,0,-2.114771,-1.497095,3.125624,0.005219,0.009680,0.985101
373,0,-0.358727,-3.962659,3.290354,0.025338,0.000690,0.973972
374,0,-1.505743,-3.375265,3.932475,0.004326,0.000667,0.995008
375,0,-0.486615,-3.931641,3.630808,0.016017,0.000511,0.983472
376,0,0.369040,-3.906322,2.790500,0.081458,0.001133,0.917409
377,0,0.785242,-4.014219,2.507555,0.151384,0.001247,0.847369
378,0,-2.248199,-2.759998,3.992916,0.001942,0.001164,0.996894
379,0,-2.377895,-1.717211,3.424344,0.002994,0.005797,0.991209
380,0,-1.217526,-3.236837,3.554185,0.008385,0.001113,0.990501
381,0,-1.216460,-2.137863,2.747704,0.018493,0.007360,0.974147
382,0,-2.753902,-2.098921,4.065716,0.001089,0.002096,0.996816
383,0,-2.047830,-1.754162,3.359453,0.004437,0.005952,0.989611
384,0,0.574174,-4.224675,2.655089,0.110864,0.000913,0.888222
385,0,-0.134408,-2.951476,2.573832,0.062256,0.003722,0.934022
386,0,-2.146909,-2.408721,3.680363,0.002931,0.002256,0.994813
387,0,-0.326704,-3.842077,3.079793,0.032062,0.000953,0.966984
388,0,1.534371,-4.451473,2.199240,0.339357,0.000853,0.659790
389,0,-2.163321,-2.735424,3.784934,0.002600,0.001467,0.995933
390,0,-1.562444,-3.151400,3.825487,0.004546,0.000928,0.994526
391,0,-0.718557,-2.162383,2.383655,0.042584,0.010051,0.947366
392,0,1.235529,-3.936641,2.335054,0.249475,0.001415,0.749110
393,0,-1.376090,-3.021420,3.492030,0.007618,0.001470,0.990912
394,0,-1.470671,-3.401868,4.185267,0.003483,0.000505,0.996012
395,0,-0.858370,-3.913371,3.691168,0.010456,0.000493,0.989051
396,0,-1.241144,-3.676981,3.867064,0.006007,0.000526,0.993467
397,0,1.651846,-4.516881,1.993950,0.414938,0.000869,0.584193
398,0,-1.714862,-2.874662,3.964338,0.003401,0.001066,0.995533
399,0,-2.662627,-1.035448,3.048633,0.003243,0.016506,0.980251
400,0,0.297515,-4.182161,2.892650,0.069398,0.000787,0.929816
401,0,-1.286397,-3.388875,3.669423,0.006987,0.000853,0.992159
402,0,-0.618483,-3.364818,3.555075,0.015149,0.000972,0.983879
403,0,-1.270228,-3.350274,3.882619,0.005746,0.000718,0.993537
404,0,-2.433298,0.723603,1.879456,0.010086,0.237007,0.752907
405,0,-1.487964,-3.167269,3.765954,0.005195,0.000969,0.993836
406,0,-0.891122,-3.307302,3.096004,0.018185,0.001623,0.980191
407,0,-2.281808,-2.623684,4.044028,0.001784,0.001267,0.996949
408,0,-1.874923,-2.713276,4.011698,0.002765,0.001196,0.996039
409,0,0.167477,-3.829443,2.779221,0.068301,0.001255,0.930445
410,0,-2.301810,-2.189237,3.774762,0.002285,0.002557,0.995158
411,0,-0.513843,-1.702643,2.089147,0.067528,0.020568,0.911904
412,0,0.979128,-3.177202,1.865540,0.290522,0.004551,0.704926
413,0,-1.327385,-3.393655,3.860860,0.005547,0.000703,0.993751
414,0,-2.084615,-2.989583,4.171359,0.001914,0.000774,0.997312
415,0,-1.611859,-3.209008,4.031613,0.003526,0.000714,0.995761
416,0,-0.931261,-3.058598,3.282540,0.014549,0.001734,0.983717
417,0,0.240876,-4.206796,2.937978,0.063098,0.000739,0.936163
418,0,-1.978507,-3.278174,4.392624,0.001707,0.000465,0.997828
419,0,-2.639466,-2.101715,3.900764,0.001439,0.002463,0.996099
420,0,-0.151932,-3.759851,3.287050,0.031073,0.000842,0.968085
421,0,-1.073891,-3.678994,3.806990,0.007529,0.000556,0.991915
422,0,-1.355322,-2.508906,3.293243,0.009456,0.002983,0.987560
423,0,-2.064759,-2.404911,3.798201,0.002829,0.002013,0.995158
424,0,-1.223496,-3.495518,3.475829,0.009011,0.000929,0.990060
425,0,-1.964980,-3.135070,4.210745,0.002074,0.000644,0.997283
426,0,-1.074558,-3.272822,3.177857,0.014008,0.001555,0.984437
427,0,-0.603366,-3.727700,3.631466,0.014267,0.000627,0.985106
428,0,-0.975642,-1.820971,2.369205,0.033573,0.014417,0.952010
429,0,-1.205915,-2.891761,3.046647,0.013992,0.002593,0.983416
430,0,-0.686001,-3.226299,3.284796,0.018482,0.001457,0.980060
431,0,1.150112,-3.896980,2.138404,0.270777,0.001741,0.727482
432,0,-2.240517,-2.426672,3.940045,0.002061,0.001711,0.996227
433,0,-1.838411,-0.958696,2.236259,0.016066,0.038724,0.945210
434,0,-1.102198,-2.327665,2.893777,0.017962,0.005274,0.976764
435,0,-0.883158,-3.076617,3.388464,0.013746,0.001533,0.984721
436,0,-1.152195,-3.390525,3.573883,0.008775,0.000936,0.990289
437,0,-1.081766,-0.674965,1.255898,0.077766,0.116806,0.805428
438,0,-1.821862,-1.176475,2.491323,0.012889,0.024576,0.962535
439,0,-1.254006,-2.444283,3.105708,0.012572,0.003824,0.983604
440,0,-1.459419,-3.448686,3.959573,0.004409,0.000603,0.994987
441,0,-1.365279,-1.497560,2.404062,0.022110,0.019371,0.958519
442,0,-0.713234,-2.945682,2.937108,0.025256,0.002709,0.972035
443,0,-1.830572,-2.964291,4.069129,0.002730,0.000879,0.996391
444,0,1.851345,-4.069273,1.305583,0.632078,0.001696,0.366226
445,0,-0.603932,-3.786195,3.611353,0.014544,0.000603,0.984852
446,0,-0.554240,-2.248594,1.915015,0.076939,0.014135,0.908926
447,0,0.196521,-3.699155,2.546850,0.086886,0.001766,0.911348
448,0,-1.859186,-2.569685,3.515855,0.004599,0.002260,0.993141
449,0,-2.477138,-1.013149,3.096917,0.003720,0.016082,0.980198
450,0,-2.208074,-2.702393,3.880209,0.002261,0.001379,0.996360
451,0,-2.472347,-2.286322,3.781053,0.001916,0.002307,0.995777
452,0,-0.303447,-3.825368,2.965814,0.036601,0.001081,0.962317
453,0,-1.770967,-2.343781,3.484496,0.005177,0.002919,0.991904
454,0,-1.010560,-3.725049,3.776822,0.008261,0.000547,0.991192
455,0,-0.612396,-3.803104,3.503983,0.016031,0.000660,0.983309
456,0,-1.635748,-3.071709,3.804015,0.004317,0.001027,0.994656
457,0,0.528252,-4.201196,2.894936,0.085684,0.000757,0.913559
458,0,-2.519278,-1.603862,3.607414,0.002167,0.005413,0.992419
459,0,-2.078257,-3.055208,4.128113,0.002011,0.000757,0.997232
460,0,-0.278857,-0.996168,1.377744,0.148599,0.072526,0.778876
461,0,-1.736868,-3.250749,3.945679,0.003391,0.000746,0.995863
462,0,-2.474489,-2.725122,4.246465,0.001203,0.000936,0.997861
463,0,-1.410105,-3.013436,3.670608,0.006169,0.001241,0.992589
464,0,-0.722796,-2.671013,2.487314,0.038574,0.005498,0.955928
465,0,-1.629599,-2.152949,3.604479,0.005287,0.003133,0.991581
466,0,0.132447,-2.906860,2.576117,0.079598,0.003810,0.916592
467,0,-1.523544,-3.561505,4.111802,0.003555,0.000463,0.995982
468,0,-2.147108,-2.968254,4.214446,0.001722,0.000758,0.997520
469,0,-0.823020,-3.944395,3.577597,0.012115,0.000534,0.987351
470,0,-0.214528,-3.023404,2.766560,0.048147,0.002902,0.948951
471,0,-1.950797,-2.517867,3.419444,0.004619,0.002620,0.992761
472,0,1.066402,-3.427205,1.739428,0.336549,0.003763,0.659689
473,0,-0.427427,-3.220519,2.784783,0.038617,0.002365,0.959018
474,0,-2.148424,-3.157733,4.371926,0.001470,0.000536,0.997994
475,0,-1.417010,-2.227853,3.213438,0.009615,0.004274,0.986111
476,0,0.003203,-3.137190,2.723887,0.061599,0.002665,0.935736
477,0,-0.512946,-3.006567,2.845554,0.033525,0.002769,0.963706
478,0,0.339673,-4.096702,3.092210,0.059901,0.000709,0.939390
479,0,-0.060015,-4.116637,3.202903,0.036842,0.000638,0.962520
480,0,0.663991,-4.107122,2.679538,0.117463,0.000995,0.881542
481,0,-2.185224,-2.331912,3.859427,0.002360,0.002038,0.995602
482,0,-1.923932,-2.831392,4.026646,0.002595,0.001047,0.996358
483,0,-0.605805,-3.567757,3.795363,0.012107,0.000626,0.987267
484,0,1.751399,-4.369993,1.885484,0.466051,0.001023,0.532925
485,0,-2.187983,-1.034359,2.969295,0.005622,0.017821,0.976557
486,0,-2.114771,-1.497095,3.125624,0.005219,0.009680,0.985101
487,0,-1.967499,-3.187040,4.313970,0.001866,0.000551,0.997583
488,0,-0.809377,-3.222409,2.832322,0.025480,0.002282,0.972238
489,0,-1.937295,-3.283203,4.291009,0.001968,0.000512,0.997520
490,0,1.403055,-3.581058,1.916604,0.373405,0.002556,0.624039
491,0,-2.746424,-1.088559,3.224650,0.002511,0.013180,0.984308
492,0,-2.972759,-1.918957,3.904562,0.001027,0.002945,0.996028
493,0,-1.450936,-2.959306,3.764395,0.005397,0.001194,0.993409
494,0,-0.179659,-3.970037,3.088839,0.036638,0.000828,0.962535
495,0,0.245262,-4.208665,3.418474,0.040168,0.000467,0.959365
496,0,-0.056632,-3.645235,3.250691,0.035286,0.000975,0.963738
497,0,0.209373,-4.094646,2.837033,0.067318,0.000910,0.931772
498,0,-1.842735,-2.772356,3.562587,0.004465,0.001762,0.993773
499,0,0.005176,-4.099140,3.301040,0.035692,0.000589,0.963719
500,0,-1.417904,-3.315202,3.874799,0.004999,0.000750,0.994251
501,0,-1.523598,-1.773914,2.723361,0.013953,0.010863,0.975184
502,0,-0.858734,-3.072309,3.341138,0.014752,0.001613,0.983635
503,0,-0.329386,-3.796683,3.096197,0.031474,0.000982,0.967543
504,0,0.402022,-2.743728,1.628588,0.224591,0.009665,0.765744
505,0,-1.532359,-2.746392,3.664210,0.005496,0.001632,0.992872
506,0,-2.325827,-2.786370,4.068793,0.001666,0.001051,0.997283
507,0,-2.208370,-2.971555,4.288487,0.001505,0.000702,0.997794
508,0,1.488989,-4.266833,2.136250,0.343234,0.001086,0.655680
509,0,-1.308918,-3.539829,3.862562,0.005641,0.000606,0.993753
510,0,-1.165161,-3.626742,3.709438,0.007575,0.000646,0.991778
511,0,-1.098943,-0.997539,2.017559,0.040528,0.044854,0.914618
512,0,2.124946,-4.255389,1.560449,0.636804,0.001079,0.362117
513,0,1.440231,-4.300401,2.124122,0.335032,0.001076,0.663891
514,0,0.796926,-3.258525,2.172502,0.201018,0.003483,0.795499
515,0,-2.114771,-1.497095,3.125624,0.005219,0.009680,0.985101
516,0,-0.743548,-4.035835,3.745430,0.011103,0.000413,0.988485
517,0,-1.216045,-2.907788,3.407629,0.009704,0.001787,0.988509
518,0,-1.434808,-2.991556,3.601139,0.006449,0.001360,0.992191
519,0,0.494110,-3.720722,2.467470,0.121809,0.001800,0.876392
520,0,2.809566,-2.767934,-0.078861,0.943890,0.003570,0.052540
521,0,-1.317751,-3.636387,3.932106,0.005218,0.000514,0.994268
522,0,-1.529838,-2.910916,3.723202,0.005198,0.001306,0.993496
523,0,-1.647182,-3.266268,4.115939,0.003130,0.000620,0.996251
524,0,-1.913022,-2.303837,3.457730,0.004615,0.003122,0.992264
525,0,1.009268,-1.496496,0.312855,0.632918,0.051654,0.315427
526,0,-0.442496,-3.556103,3.297736,0.023174,0.001030,0.975796
527,0,-1.636088,-2.424501,3.240320,0.007541,0.003428,0.989031
528,0,-0.166971,-4.026201,3.086368,0.037178,0.000784,0.962038
529,0,-1.569996,-2.431452,3.460980,0.006472,0.002735,0.990793
530,0,-0.279321,-3.585109,3.016131,0.035681,0.001308,0.963011
531,0,0.670156,-0.813815,0.237397,0.533204,0.120897,0.345899
532,0,-2.382923,-2.681793,4.205067,0.001374,0.001019,0.997608
533,0,-1.810007,-3.128781,4.009880,0.002957,0.000791,0.996252
534,0,-1.122611,-0.724206,2.022666,0.038887,0.057920,0.903193
535,0,-0.125993,-4.036197,3.000323,0.041999,0.000842,0.957159
536,0,1.567014,-4.165489,1.773616,0.447882,0.001451,0.550668
537,0,-1.321655,-1.652167,2.538993,0.020319,0.014600,0.965080
538,0,-1.552922,-3.226794,4.021805,0.003776,0.000708,0.995516
539,0,-1.689695,-2.062651,3.244226,0.007112,0.004898,0.987990
540,0,-1.659992,-3.290779,3.898860,0.003836,0.000751,0.995414
541,0,-2.106198,-2.022643,3.455232,0.003813,0.004145,0.992042
542,0,-0.373078,-3.306271,2.967750,0.034135,0.001817,0.964048
543,0,-1.980401,-2.692141,3.755291,0.003213,0.001577,0.995210
544,0,-1.994629,-1.865892,3.579181,0.003765,0.004283,0.991952
545,0,1.683656,-4.272264,1.452875,0.556637,0.001442,0.441921
546,0,-1.512131,-3.187916,3.929391,0.004311,0.000807,0.994882
547,0,-2.460476,-2.656691,4.322121,0.001131,0.000929,0.997940
548,0,0.144776,-2.385579,1.838388,0.153404,0.012216,0.834380
549,0,-2.107841,-3.153077,4.469938,0.001388,0.000488,0.998123
550,0,-0.463893,-3.253537,2.941710,0.032058,0.001970,0.965973
551,0,-2.650837,-2.342511,4.147990,0.001112,0.001514,0.997374
552,0,-1.776458,-3.249611,3.823323,0.003682,0.000844,0.995474
553,0,-0.251066,-4.167843,3.460669,0.023841,0.000475,0.975684
554,0,-1.595461,-3.593659,4.255094,0.002869,0.000389,0.996742
555,0,-2.282629,-2.910336,4.464863,0.001172,0.000625,0.998203
556,0,-0.560621,-1.116270,1.485476,0.107396,0.061613,0.830991
557,0,-1.965497,-2.855561,3.782757,0.003174,0.001303,0.995523
558,0,-2.114771,-1.497095,3.125624,0.005219,0.009680,0.985101
559,0,-1.381678,-2.366117,3.299102,0.009155,0.003421,0.987424
560,0,-2.101733,-2.902138,4.255054,0.001731,0.000777,0.997492
561,0,-1.972444,-0.054941,1.915363,0.017665,0.120195,0.862140
562,0,-2.088409,-3.095616,4.271174,0.001726,0.000630,0.997644
563,0,-1.870358,-2.469691,3.889839,0.003135,0.001722,0.995143
564,0,-0.066410,-3.255624,2.365226,0.080524,0.003318,0.916158
565,0,-1.761382,-3.366867,4.308791,0.002304,0.000463,0.997233
566,0,-2.037327,-0.730823,2.460444,0.010581,0.039078,0.950341
567,0,-2.301810,-2.189237,3.774762,0.002285,0.002557,0.995158
568,0,-0.109651,-3.536720,3.184390,0.035735,0.001161,0.963105
569,0,-0.326882,-4.117262,3.407819,0.023311,0.000527,0.976162
570,0,-0.627720,-0.080256,0.578775,0.164728,0.284792,0.550480
571,0,-0.709837,-0.289765,1.311347,0.099312,0.151159,0.749529
572,0,-0.213216,-4.199341,3.571075,0.022211,0.000412,0.977377
573,0,-1.070977,-3.754303,3.993610,0.006274,0.000429,0.993297
574,0,-1.046787,-3.309999,3.528929,0.010183,0.001059,0.988758
575,0,0.886546,-4.028961,2.470613,0.170008,0.001246,0.828745
576,0,-2.114771,-1.497095,3.125624,0.005219,0.009680,0.985101
577,0,-2.670156,-1.545475,3.722166,0.001663,0.005121,0.993216
578,0,-0.808946,-3.493625,3.371401,0.015047,0.001027,0.983926
579,0,-0.000100,-3.432763,2.960087,0.049179,0.001589,0.949233
580,0,-0.851521,-2.219225,2.871171,0.023457,0.005974,0.970568
581,0,-0.973093,-3.665381,3.482006,0.011477,0.000777,0.987746
582,0,-1.366431,-3.436867,4.039539,0.004467,0.000563,0.994969
583,0,2.799809,-4.208571,1.191041,0.832613,0.000753,0.166634
584,0,-1.724957,-3.434331,4.268457,0.002488,0.000450,0.997062
585,0,-0.259196,-4.074682,3.220353,0.029880,0.000658,0.969462
586,0,-2.321034,-1.605628,3.288566,0.003622,0.007407,0.988971
587,0,2.300896,-4.089366,1.140487,0.760436,0.001276,0.238289
588,0,-0.210305,-3.888026,2.875628,0.043643,0.001103,0.955254
589,0,-1.856308,-3.145394,4.138450,0.002484,0.000684,0.996832
590,0,-0.208508,0.543797,0.495466,0.194414,0.412525,0.393061
591,0,-1.845536,-2.830085,3.560572,0.004462,0.001667,0.993872
592,0,-0.740466,-3.828861,3.656024,0.012164,0.000554,0.987282
593,0,-1.048282,-1.489960,2.204923,0.036342,0.023367,0.940291
594,0,-3.071930,-1.906139,4.142717,0.000733,0.002353,0.996913
595,0,-2.698308,-2.498286,4.126497,0.001084,0.001324,0.997592
596,0,0.125682,-0.800886,0.845110,0.289925,0.114784,0.595291
597,0,-0.251066,-4.167843,3.460669,0.023841,0.000475,0.975684
598,0,-0.949522,-2.368492,2.811881,0.022599,0.005468,0.971933
599,0,1.435002,-4.267741,1.935778,0.376884,0.001258,0.621859
600,0,-2.200829,-2.936658,4.201375,0.001654,0.000792,0.997554
601,0,-2.066336,-3.092488,4.300075,0.001714,0.000614,0.997671
602,0,0.034464,-3.305373,2.476593,0.079790,0.002828,0.917382
603,0,-0.939928,-1.070309,1.865353,0.054320,0.047680,0.898000
604,0,-2.340881,1.252346,1.226763,0.013739,0.499438,0.486823
605,0,1.967520,-4.269165,1.781558,0.545774,0.001068,0.453159
606,0,-1.985358,-2.446638,3.509464,0.004081,0.002573,0.993347
607,0,-0.398239,-3.949740,3.132618,0.028424,0.000815,0.970761
608,0,-1.009427,-2.939769,3.056458,0.016818,0.002440,0.980742
609,0,-0.535818,-4.023374,3.611181,0.015558,0.000476,0.983966
610,0,-2.027017,-2.223821,3.758842,0.003054,0.002508,0.994438
611,0,0.513487,-4.111407,2.631007,0.107293,0.001052,0.891655
612,0,1.775440,-1.843730,-0.058043,0.842701,0.022589,0.134711
613,0,-2.646355,0.026379,2.311008,0.006341,0.091818,0.901841
614,0,-1.608025,-2.949046,3.877787,0.004124,0.001079,0.994798
615,0,-0.167372,-3.397711,2.225410,0.083448,0.003300,0.913252
616,0,-1.490732,-0.775911,2.106562,0.025289,0.051686,0.923025
617,0,-2.142169,-2.700682,4.134625,0.001874,0.001072,0.997054
618,0,-0.338195,-4.037935,3.453629,0.022045,0.000545,0.977410
619,0,-0.218780,-4.077163,3.333447,0.027846,0.000588,0.971567
620,0,0.322267,-4.317695,3.300543,0.048394,0.000467,0.951138
621,0,1.013548,-3.907333,2.020001,0.267153,0.001948,0.730899
622,0,-1.449185,-2.937653,3.405655,0.007717,0.001742,0.990541
623,0,0.692939,-4.261243,2.570301,0.132568,0.000935,0.866497
624,0,-0.498422,-3.767725,3.100525,0.026597,0.001012,0.972391
625,0,-0.591011,-3.588336,3.773734,0.012550,0.000627,0.986823
626,0,0.935728,-4.146473,2.390711,0.189014,0.001173,0.809813
627,0,-2.164790,-2.257936,3.827703,0.002486,0.002265,0.995250
628,0,-1.573786,-3.103289,4.104109,0.003407,0.000738,0.995855
629,0,-1.866017,-2.986536,3.944399,0.002984,0.000973,0.996042
630,0,-1.486539,-3.407421,4.003609,0.004108,0.000602,0.995291
631,0,-1.254043,-3.501386,3.705435,0.006963,0.000736,0.992302
632,0,-1.459596,-3.415900,4.119523,0.003760,0.000532,0.995709
633,0,-0.968032,-3.553263,3.583855,0.010429,0.000786,0.988785
634,0,-0.444055,-3.835701,3.137216,0.027062,0.000911,0.972028
635,0,-1.490609,-3.330950,4.110835,0.003677,0.000584,0.995739
636,0,-0.215087,-1.831374,1.644626,0.131224,0.026066,0.842710
637,0,0.178739,-3.752072,2.622771,0.079751,0.001565,0.918684
638,0,-2.423395,-2.838543,4.412355,0.001073,0.000708,0.998219
639,0,-1.834829,-2.315388,3.381031,0.005382,0.003329,0.991289
640,0,0.353130,-4.115789,2.432913,0.110936,0.001271,0.887793
641,0,-2.290637,-1.695406,3.246856,0.003893,0.007060,0.989047
642,0,0.044848,-2.791209,1.967910,0.126574,0.007424,0.866002
643,0,3.430820,-3.397962,-0.008247,0.967889,0.001047,0.031064
644,0,-0.783830,-3.995459,3.657456,0.011638,0.000469,0.987893
645,0,-0.328810,-2.984638,2.996046,0.034644,0.002433,0.962923
646,0,-2.114771,-1.497095,3.125624,0.005219,0.009680,0.985101
647,0,-0.800674,-3.585453,3.546216,0.012771,0.000789,0.986440
648,0,-1.606733,-2.201348,3.453835,0.006280,0.003465,0.990255
649,0,0.219216,-3.772146,2.426102,0.098953,0.001828,0.899219
650,0,-2.014568,-2.993783,4.220202,0.001955,0.000734,0.997311
651,0,-0.765352,-3.278263,3.565641,0.012970,0.001051,0.985979
652,0,-0.289702,-1.060820,1.405671,0.144693,0.066920,0.788387
653,0,-1.536270,-3.397297,4.117806,0.003489,0.000543,0.995968
654,0,-0.565584,-2.244797,2.327574,0.051984,0.009696,0.938320
655,0,-2.749246,-2.400912,4.188692,0.000968,0.001371,0.997661
656,0,-0.098423,-3.309977,2.744978,0.054902,0.002212,0.942886
657,0,1.903215,-4.260320,1.625276,0.568360,0.001196,0.430444
658,0,0.113514,-4.231135,3.243971,0.041846,0.000543,0.957612
659,0,-1.626285,-3.092624,4.008382,0.003556,0.000821,0.995623
660,0,-1.694028,-3.299203,4.046988,0.003199,0.000643,0.996158
661,0,-1.513392,-3.102324,3.578329,0.006102,0.001246,0.992652
662,0,-1.030207,-3.636541,3.566936,0.009973,0.000736,0.989291
663,0,-0.371176,-3.325340,2.761046,0.041707,0.002174,0.956119
664,0,-1.084918,-3.100281,3.782320,0.007628,0.001017,0.991355
665,0,-2.231148,-2.070585,3.359535,0.003702,0.004347,0.991950
666,0,-1.830722,-3.122710,3.958496,0.003048,0.000837,0.996114
667,0,-0.150017,-3.731144,2.724616,0.053343,0.001485,0.945172
668,0,-0.069149,-4.108294,3.044523,0.042515,0.000749,0.956736
669,0,-2.204702,-2.549901,4.051301,0.001913,0.001354,0.996733
670,0,-0.487818,-3.894942,3.254346,0.023136,0.000767,0.976097
671,0,-2.131272,-3.049025,4.118604,0.001925,0.000769,0.997305
672,0,-0.304449,-3.021212,2.618375,0.050865,0.003362,0.945773
673,0,-0.816528,-2.644732,2.683756,0.029167,0.004687,0.966146
674,0,2.300720,-4.383831,1.451452,0.699801,0.000875,0.299324
675,0,-2.114771,-1.497095,3.125624,0.005219,0.009680,0.985101
676,0,-0.450273,-3.691144,3.014767,0.030288,0.001185,0.968527
677,0,-1.661244,-3.165094,3.980323,0.003532,0.000785,0.995683
678,0,-0.388356,-3.971186,3.741296,0.015827,0.000440,0.983733
679,0,-1.308181,-3.272325,3.564064,0.007590,0.001065,0.991345
680,0,-1.328662,-3.125102,3.658915,0.006768,0.001123,0.992109
681,0,1.793371,-3.934721,1.244574,0.632552,0.002058,0.365390
682,0,-0.158118,-1.270103,1.552250,0.145775,0.047946,0.806279
683,0,-2.569767,-2.358740,4.121705,0.001238,0.001529,0.997233
684,0,-1.068513,-1.188899,2.211356,0.035138,0.031153,0.933709
685,0,-2.020339,-2.690200,3.885376,0.002713,0.001388,0.995899
686,0,-0.289683,-3.062963,2.878338,0.040285,0.002516,0.957199
687,0,-2.114771,-1.497095,3.125624,0.005219,0.009680,0.985101
688,0,-1.154590,-3.428337,3.503520,0.009386,0.000966,0.989648
689,0,-0.506118,-3.681804,3.032525,0.028199,0.001178,0.970623
690,0,-2.303189,-1.471133,3.027333,0.004765,0.010951,0.984283
691,0,-1.101698,-0.576696,1.609861,0.056360,0.095274,0.848366
692,0,-2.341665,-0.631869,2.722012,0.006072,0.033563,0.960365
693,0,-0.493063,-2.785633,2.580832,0.044001,0.004444,0.951555
694,0,-0.766648,-3.290817,3.404144,0.015187,0.001217,0.983596
695,0,-2.305562,-2.138418,3.610964,0.002679,0.003166,0.994155
696,0,-2.373511,-1.366256,3.021898,0.004462,0.012216,0.983322
697,0,1.679465,-4.431018,2.179569,0.377200,0.000837,0.621963
698,0,-1.889559,-2.425335,3.565908,0.004244,0.002484,0.993272
699,0,-0.708284,-2.658331,2.599684,0.035122,0.004997,0.959881
700,0,-1.460735,-2.989102,3.472913,0.007138,0.001548,0.991314
701,0,0.191457,-3.765932,2.966236,0.058637,0.001121,0.940243
702,0,-2.117636,-1.873765,3.267078,0.004539,0.005792,0.989669
703,0,-1.682478,-2.617936,3.498136,0.005581,0.002190,0.992229
704,0,1.674840,-1.990635,0.064324,0.816076,0.020885,0.163039
705,0,-0.891272,-3.641680,3.497428,0.012255,0.000783,0.986962
706,0,-2.153631,-2.803565,4.130456,0.001860,0.000971,0.997168
707,0,-2.488321,-0.996478,2.929660,0.004331,0.019255,0.976414
708,0,-1.176249,-3.459268,3.791004,0.006909,0.000705,0.992386
709,0,-0.187327,-3.136667,3.225651,0.031839,0.001668,0.966493
710,0,-0.347100,-4.053017,3.136562,0.029759,0.000731,0.969510
711,0,0.000882,-4.114406,3.049730,0.045234,0.000738,0.954028
712,0,-1.119318,-2.119340,2.697611,0.021353,0.007855,0.970792
713,0,0.759262,-2.193707,1.223550,0.378349,0.019744,0.601907
714,0,-1.721010,-3.171211,4.219609,0.002622,0.000615,0.996763
715,0,-0.986346,-3.110836,3.300992,0.013533,0.001617,0.984850
716,0,-2.322592,-1.316797,3.283635,0.003625,0.009911,0.986463
717,0,-1.433006,-3.630379,4.137842,0.003791,0.000421,0.995788
718,0,-2.509286,-2.449752,3.942229,0.001573,0.001670,0.996757
719,0,0.221841,-3.692873,2.556077,0.088172,0.001759,0.910070
720,0,-2.222249,-2.350878,3.903843,0.002176,0.001914,0.995910
721,0,-0.087566,-4.083179,3.232543,0.034865,0.000641,0.964493
722,0,-0.346750,-3.837148,2.945729,0.035791,0.001091,0.963118
723,0,-1.314394,-3.222582,3.969667,0.005042,0.000748,0.994210
724,0,-1.417077,-0.656848,1.821720,0.034914,0.074673,0.890413
725,0,0.192103,-3.941440,2.665250,0.077665,0.001245,0.921090
726,0,-0.981509,-2.609961,2.643549,0.025824,0.005068,0.969108
727,0,-2.473888,-2.285046,3.884372,0.001726,0.002084,0.996190
728,0,-1.179046,-1.043517,2.026038,0.037310,0.042725,0.919965
729,0,0.798577,-4.328716,2.752581,0.124026,0.000736,0.875238
730,0,-0.982953,-3.584141,3.707379,0.009094,0.000675,0.990231
731,0,-1.108326,-3.434582,3.729549,0.007856,0.000767,0.991377
732,0,-0.213336,-3.873913,3.034159,0.037381,0.000961,0.961658
733,0,-1.923932,-2.831392,4.026646,0.002595,0.001047,0.996358
734,0,-0.670055,-2.887987,3.015410,0.024407,0.002656,0.972937
735,0,-0.826217,-2.283999,2.348201,0.039768,0.009256,0.950976
736,0,-2.037812,-3.127334,4.216276,0.001918,0.000645,0.997437
737,0,-1.136462,-3.395454,3.555251,0.009079,0.000948,0.989973
738,0,-2.314264,-1.581908,3.537093,0.002851,0.005929,0.991220
739,0,-0.726224,-2.034951,2.404075,0.041406,0.011186,0.947407
740,0,-1.845708,-3.072292,4.112059,0.002577,0.000756,0.996667
741,0,-1.797557,-2.300573,3.503259,0.004948,0.002992,0.992060
742,0,-0.636914,-3.803078,3.552157,0.014925,0.000629,0.984446
743,0,-1.754408,-3.354375,4.129357,0.002775,0.000560,0.996665
744,0,-1.403791,-3.440720,3.876297,0.005063,0.000660,0.994277
745,0,-0.456747,-2.568824,2.738592,0.039155,0.004737,0.956108
746,0,-2.018795,-3.067293,3.987570,0.002455,0.000860,0.996685
747,0,-0.209165,-2.934918,2.780906,0.047727,0.003126,0.949147
748,0,-2.062388,-2.744796,4.049801,0.002208,0.001116,0.996676
749,0,-1.368735,-3.297110,3.845998,0.005402,0.000785,0.993812
750,0,1.655403,-4.118205,1.866417,0.446820,0.001389,0.551791
751,0,-2.777917,-0.687528,3.064158,0.002828,0.022875,0.974297
752,0,-1.357814,-3.256047,3.257020,0.009792,0.001467,0.988741
753,0,-2.145820,-2.923143,4.157309,0.001826,0.000839,0.997335
754,0,-0.937719,-2.990814,2.983161,0.019390,0.002488,0.978122
755,0,-1.343016,-2.782129,3.673602,0.006573,0.001559,0.991868
756,0,-1.712764,-2.276968,3.218897,0.007134,0.004058,0.988808
757,0,-1.502176,-3.270187,3.888577,0.004534,0.000774,0.994692
758,0,0.506423,-4.101295,2.503289,0.119390,0.001191,0.879419
759,0,-1.652129,-3.332253,3.993181,0.003519,0.000656,0.995825
760,0,-0.595625,-3.826091,3.666551,0.013888,0.000549,0.985563
761,0,-1.166251,-1.492140,2.350300,0.028257,0.020398,0.951345
762,0,-1.864097,-1.361482,2.563984,0.011571,0.019127,0.969302
763,0,-1.466298,-2.477533,3.090796,0.010344,0.003763,0.985892
764,0,0.672176,-4.327911,2.687037,0.117558,0.000792,0.881650
765,0,-1.250781,-3.581405,3.845630,0.006078,0.000591,0.993331
766,0,-1.116940,-3.345348,3.774381,0.007450,0.000802,0.991748
767,0,-2.068290,-3.217696,4.286614,0.001734,0.000549,0.997716
768,0,-0.628331,-2.820094,2.435798,0.044390,0.004959,0.950651
769,0,-2.189384,-1.255120,2.917472,0.005928,0.015088,0.978984
770,0,-0.036623,-3.339253,2.409771,0.079470,0.002923,0.917607
771,0,-1.316378,-2.598867,3.320507,0.009569,0.002654,0.987777
772,0,-0.717200,-3.694979,3.267320,0.018245,0.000929,0.980826
773,0,0.216314,-3.841347,2.669359,0.079108,0.001368,0.919524
774,0,-1.915349,-2.874445,3.997087,0.002695,0.001033,0.996271
775,0,0.356245,-3.653610,3.203671,0.054760,0.000993,0.944247
776,0,-0.733043,-3.268773,3.506616,0.014192,0.001124,0.984684
777,0,0.185124,-3.653858,2.713694,0.073762,0.001587,0.924651
778,0,0.390357,-3.723283,2.601035,0.098636,0.001613,0.899751
779,0,-1.066907,-3.699757,3.865222,0.007156,0.000514,0.992330
780,0,-0.333976,-3.739468,3.341529,0.024690,0.000819,0.974490
781,0,-1.733376,-2.690811,3.592733,0.004830,0.001854,0.993315
782,0,-1.511197,-3.275678,3.887084,0.004501,0.000771,0.994729
783,0,-1.418060,-3.165977,3.739544,0.005717,0.000996,0.993288
784,0,-2.045179,-2.300311,3.689764,0.003213,0.002489,0.994298
785,0,-0.551562,-3.779547,3.708848,0.013912,0.000551,0.985536
786,0,-1.547657,-3.536909,4.103968,0.003498,0.000478,0.996024
787,0,-2.337959,-2.616762,4.091277,0.001609,0.001218,0.997173
788,0,0.201323,-4.021111,2.717913,0.074622,0.001094,0.924284
789,0,-1.166497,-3.263536,3.452656,0.009753,0.001198,0.989049
790,0,1.627597,-4.213427,1.941704,0.421596,0.001225,0.577179
791,0,-0.855237,-3.567600,3.275579,0.015799,0.001049,0.983152
792,0,0.579063,-3.864446,2.012521,0.192126,0.002258,0.805616
793,0,-0.259863,-4.196521,3.574350,0.021152,0.000413,0.978435
794,0,-1.780107,-3.208909,4.038666,0.002960,0.000709,0.996330
795,0,-1.000977,-2.642544,2.832953,0.021080,0.004083,0.974837
796,0,-0.049699,-0.930274,0.856611,0.257088,0.106574,0.636337
797,0,-0.441666,-3.965191,3.218192,0.025072,0.000740,0.974189
798,0,-2.114771,-1.497095,3.125624,0.005219,0.009680,0.985101
799,0,-0.191261,-3.801707,3.226114,0.031730,0.000858,0.967413
800,0,-0.024588,-3.148849,2.902452,0.050720,0.002230,0.947050
801,0,-1.813429,-0.928052,2.397221,0.014119,0.034224,0.951656
802,0,-0.933027,-3.471205,3.507108,0.011646,0.000920,0.987434
803,0,0.237470,-4.114032,3.026060,0.057901,0.000746,0.941353
804,0,-1.213749,-3.785949,4.102200,0.004887,0.000373,0.994740
805,0,0.006808,-4.188969,3.190727,0.039752,0.000599,0.959650
806,0,0.784168,-3.956200,2.350233,0.172518,0.001507,0.825975
807,0,2.285160,-4.243804,1.204215,0.745859,0.001089,0.253051
808,0,-0.245414,-2.650277,1.934063,0.100685,0.009090,0.890225
809,0,-0.413469,-3.794221,3.409101,0.021388,0.000728,0.977884
810,0,-2.803756,0.815868,1.714925,0.007690,0.287020,0.705290
811,0,-1.986320,-2.570316,3.837594,0.002942,0.001641,0.995417
812,0,-1.333682,-2.138640,2.879178,0.014493,0.006480,0.979026
813,0,-2.538577,-2.538986,4.006816,0.001433,0.001432,0.997135
814,0,-0.822926,-3.509026,3.154827,0.018360,0.001251,0.980388
815,0,-1.530613,-3.514508,4.321387,0.002865,0.000394,0.996741
816,0,-0.456772,-3.345757,3.064403,0.028670,0.001595,0.969735
817,0,-1.426384,-3.461758,4.003592,0.004362,0.000570,0.995069
818,0,-2.188318,-1.516850,3.219589,0.004422,0.008655,0.986922
819,0,-1.907920,-2.802258,3.867623,0.003089,0.001263,0.995648
820,0,-1.833548,-2.937219,3.750931,0.003737,0.001239,0.995024
821,0,-0.036590,-3.614628,3.430921,0.030225,0.000844,0.968930
822,0,-0.713537,-2.559798,2.725075,0.030958,0.004886,0.964156
823,0,-0.863324,-3.159698,3.289264,0.015456,0.001555,0.982989
824,0,0.762680,-4.023483,2.214546,0.189415,0.001581,0.809005
825,0,-2.223586,-2.981109,4.327552,0.001425,0.000668,0.997906
826,0,0.813262,-4.129387,2.625264,0.140256,0.001001,0.858743
827,0,1.202437,-3.671457,1.897204,0.332128,0.002539,0.665333
828,0,-1.014148,-3.196828,3.608849,0.009717,0.001095,0.989187
829,0,-0.587655,-3.520168,3.408432,0.018038,0.000961,0.981001
830,0,-1.630495,-3.244758,4.053514,0.003386,0.000674,0.995940
831,0,-1.650373,-3.426372,4.094172,0.003188,0.000540,0.996272
832,0,2.177137,-4.541294,1.683839,0.620418,0.000750,0.378833
833,0,-1.383472,-3.141738,3.532196,0.007268,0.001253,0.991479
834,0,1.189054,-1.565139,0.316896,0.674896,0.042964,0.282139
835,0,-1.685393,-3.081806,4.006925,0.003358,0.000831,0.995811
836,0,1.918805,-4.500597,2.166713,0.438026,0.000714,0.561261
837,0,-2.584069,-1.922671,3.698386,0.001859,0.003601,0.994540
838,0,-0.655754,-3.911945,3.422792,0.016639,0.000641,0.982719
839,0,-0.701893,-3.430645,3.026202,0.023438,0.001531,0.975031
840,0,-1.517029,-2.893007,3.852789,0.004628,0.001169,0.994203
841,0,-2.473870,-2.698452,4.415343,0.001017,0.000812,0.998171
842,0,-1.403373,-1.661223,2.853911,0.013814,0.010674,0.975512
843,0,-2.032660,-1.067210,2.888322,0.007104,0.018655,0.974241
844,0,-0.762380,-2.992455,3.220378,0.018257,0.001963,0.979780
845,0,-1.457977,-3.509844,3.728031,0.005559,0.000714,0.993726
846,0,-0.108551,-3.774871,2.900506,0.046962,0.001201,0.951837
847,0,-1.233118,-3.364878,3.677855,0.007305,0.000867,0.991828
848,0,-1.075666,-3.661118,3.672383,0.008589,0.000647,0.990764
849,0,-2.230361,-2.007436,3.548144,0.003072,0.003839,0.993089
850,0,0.625847,-2.833938,2.055161,0.192039,0.006037,0.801924
851,0,-1.566455,-2.688646,3.622290,0.005538,0.001803,0.992659
852,0,-1.739378,-3.185866,3.998690,0.003208,0.000755,0.996037
853,0,-1.534034,-3.600620,3.982002,0.004004,0.000507,0.995489
854,0,-2.122725,-2.760807,3.810260,0.002640,0.001395,0.995965
855,0,-0.002313,-1.893399,1.886330,0.128844,0.019444,0.851712
856,0,-0.974154,-0.920241,1.687748,0.061054,0.064436,0.874510
857,0,0.205283,-4.268501,3.306100,0.043052,0.000491,0.956457
858,0,-1.087845,-3.263815,3.761168,0.007768,0.000882,0.991350
859,0,-2.384268,-1.094940,3.072075,0.004186,0.015198,0.980616
860,0,-0.723632,-3.729699,3.740593,0.011376,0.000563,0.988061
861,0,0.214109,-4.141390,2.818981,0.068765,0.000883,0.930353
862,0,3.497988,-3.786747,0.149027,0.965431,0.000662,0.033907
863,0,-1.790718,-3.202734,4.117620,0.002708,0.000660,0.996633
864,0,-2.312232,-1.650198,3.183746,0.004054,0.007860,0.988085
865,0,1.761742,-4.514288,2.107053,0.414197,0.000779,0.585024
866,0,-1.916162,-3.115449,3.869263,0.003060,0.000922,0.996018
867,0,-0.300943,-3.783914,3.147353,0.030791,0.000946,0.968264
868,0,-0.671971,-3.934078,3.327962,0.017975,0.000689,0.981336
869,0,-0.056632,-3.645235,3.250691,0.035286,0.000975,0.963738
870,0,-1.675668,-3.291657,4.122758,0.003021,0.000600,0.996378
871,0,-2.501185,-1.766754,3.671412,0.002072,0.004320,0.993608
872,0,-2.531958,-2.641335,4.185718,0.001207,0.001082,0.997712
873,0,-1.786715,-2.864646,3.672962,0.004231,0.001440,0.994330
874,0,1.468103,-4.258430,2.085535,0.349966,0.001140,0.648893
875,0,-0.056632,-3.645235,3.250691,0.035286,0.000975,0.963738
876,0,0.491884,-4.242675,3.026986,0.073386,0.000645,0.925969
877,0,0.479956,-4.248379,2.854930,0.085037,0.000752,0.914211
878,0,1.223462,-4.089063,2.081169,0.297382,0.001466,0.701152
879,0,-1.319687,-2.601984,3.396417,0.008849,0.002455,0.988697
880,0,0.824310,-4.268696,2.419909,0.168423,0.001034,0.830543
881,0,-1.190969,-3.424211,3.925036,0.005960,0.000639,0.993401
882,0,-1.428373,-3.492207,4.030409,0.004238,0.000538,0.995223
883,0,-2.052523,-2.136857,3.599247,0.003488,0.003206,0.993306
884,0,-0.557999,-2.503997,2.659679,0.038295,0.005470,0.956234
885,0,-0.573512,-3.775996,3.561012,0.015748,0.000640,0.983612
886,0,-1.125253,-3.397132,3.868758,0.006728,0.000694,0.992578
887,0,-1.568303,-3.160521,3.958823,0.003958,0.000805,0.995236
888,0,-0.889854,-3.664664,3.538320,0.011787,0.000735,0.987478
889,0,0.440450,-3.587082,2.394888,0.123797,0.002206,0.873998
890,0,-1.238551,-2.034558,2.545903,0.021996,0.009923,0.968081
891,0,-1.525329,-2.815155,3.069817,0.009972,0.002746,0.987282
892,0,-1.770184,-3.305244,4.185507,0.002583,0.000556,0.996861
893,0,-1.283271,-3.390048,3.494310,0.008338,0.001014,0.990648
894,0,-2.324683,-2.816704,4.241767,0.001404,0.000858,0.997738
895,0,-0.244354,-4.117588,3.257441,0.029243,0.000608,0.970149
896,0,-1.548781,-3.170858,3.385241,0.007136,0.001409,0.991455
897,0,-0.284448,0.202001,0.963843,0.163642,0.266168,0.570190
898,0,-2.301810,-2.189237,3.774762,0.002285,0.002557,0.995158
899,0,-1.115987,-3.294451,3.356880,0.011271,0.001276,0.987453
900,0,-1.621942,-2.793402,3.336448,0.006960,0.002157,0.990883
901,0,-1.198917,-3.681044,3.909708,0.006005,0.000502,0.993493
902,0,-0.179879,-3.744848,2.738418,0.051182,0.001448,0.947369
903,0,2.595618,-4.409013,1.259619,0.791263,0.000718,0.208019
904,0,-0.307093,-3.627463,2.856285,0.040508,0.001464,0.958028
905,0,-1.082805,-2.969042,3.373780,0.011449,0.001736,0.986815
906,0,-1.422923,-2.807717,3.282533,0.008945,0.002240,0.988816
907,0,-2.616041,-0.244480,2.795498,0.004243,0.045458,0.950299
908,0,0.905163,-1.526071,0.598281,0.548346,0.048215,0.403439
909,0,-0.892830,-3.696239,3.736267,0.009663,0.000586,0.989751
910,0,0.302454,-4.038357,2.525549,0.097572,0.001271,0.901157
911,0,-0.932159,-3.564633,3.180605,0.016080,0.001156,0.982763
912,0,-1.661721,-2.843632,3.722745,0.004560,0.001399,0.994042
913,0,-1.686455,-2.472060,3.301694,0.006751,0.003078,0.990171
914,0,-1.720425,-3.388181,4.192415,0.002696,0.000509,0.996796
915,0,-2.839920,-2.180249,4.153453,0.000915,0.001771,0.997314
916,0,-1.865516,-2.324954,3.589756,0.004244,0.002681,0.993075
917,0,-0.869990,-3.624285,3.822658,0.009074,0.000578,0.990348
918,0,-1.015104,-3.669650,3.885962,0.007380,0.000519,0.992101
919,0,-0.978570,-3.295830,3.527194,0.010913,0.001075,0.988012
920,0,-1.608025,-2.949046,3.877787,0.004124,0.001079,0.994798
921,0,-0.657953,-3.893267,3.784609,0.011624,0.000457,0.987919
922,0,-1.650878,-3.349774,4.131571,0.003070,0.000561,0.996369
923,0,0.482513,-4.211952,2.972767,0.076491,0.000700,0.922810
924,0,-1.641007,-2.679717,3.843248,0.004128,0.001461,0.994410
925,0,-0.833695,-3.894534,3.566901,0.012114,0.000568,0.987318
926,0,-2.559985,-2.328228,3.862218,0.001619,0.002041,0.996339
927,0,0.002751,-3.820609,2.598127,0.069331,0.001515,0.929153
928,0,-2.800617,-0.413220,2.909980,0.003185,0.034673,0.962142
929,0,0.430638,-4.144711,2.917385,0.076732,0.000791,0.922478
930,0,0.395516,-4.221943,2.762312,0.085667,0.000846,0.913486
931,0,-1.010570,-3.539903,3.659422,0.009278,0.000740,0.989982
932,0,-1.258503,-3.652988,3.970431,0.005328,0.000486,0.994186
933,0,-1.662934,-2.951374,3.506900,0.005645,0.001556,0.992799
934,0,-1.733114,-2.208603,3.575935,0.004907,0.003050,0.992042
935,0,1.553644,-3.909047,1.511005,0.509554,0.002162,0.488284
936,0,-1.524091,-2.992651,3.696181,0.005370,0.001237,0.993393
937,0,-2.369415,-2.522960,3.968038,0.001763,0.001512,0.996725
938,0,-1.948343,-2.994493,4.002501,0.002595,0.000911,0.996494
939,0,-1.417001,-2.842874,3.293379,0.008902,0.002139,0.988959
940,0,0.045582,-2.396484,1.555790,0.178105,0.015492,0.806403
941,0,-0.618092,-3.971762,3.542025,0.015358,0.000537,0.984106
942,0,0.809016,-4.090170,2.413127,0.167199,0.001246,0.831555
943,0,-0.894682,-3.431055,3.158764,0.017043,0.001349,0.981608
944,0,-1.016220,-3.490788,3.756164,0.008383,0.000706,0.990911
945,0,1.668359,-4.286592,1.736509,0.482365,0.001251,0.516384
946,0,3.474322,-3.630870,0.167296,0.963906,0.000791,0.035303
947,0,-1.487521,-2.850933,3.605844,0.006090,0.001558,0.992352
948,0,-0.645468,-2.324553,2.576997,0.038057,0.007099,0.954844
949,0,-0.841639,-3.791235,3.555607,0.012154,0.000636,0.987210
950,0,-1.329791,-3.500231,3.938700,0.005122,0.000585,0.994293
951,0,1.122360,-4.231178,2.006584,0.291899,0.001381,0.706719
952,0,-2.267391,-2.581212,4.008596,0.001875,0.001370,0.996755
953,0,-0.773218,-1.383227,1.551856,0.084956,0.046161,0.868883
954,0,-0.378609,-3.857069,2.961181,0.034195,0.001055,0.964750
955,0,0.029499,-3.222170,2.498411,0.077831,0.003013,0.919156
956,0,-1.452734,-2.372056,3.308875,0.008451,0.003370,0.988179
957,0,0.550013,-4.414542,2.909729,0.086245,0.000602,0.913153
958,0,0.959653,-3.530546,1.677519,0.326662,0.003665,0.669674
959,0,-0.386657,-3.329741,3.268784,0.025165,0.001326,0.973508
960,0,-1.019858,-3.805058,3.762975,0.008298,0.000512,0.991189
961,0,-0.100265,-1.792271,1.790604,0.128053,0.023581,0.848366
962,0,0.318897,-3.836631,3.123457,0.057027,0.000894,0.942079
963,0,3.602529,-3.534170,-0.223612,0.977910,0.000778,0.021312
964,0,1.840311,-3.589672,1.278587,0.635079,0.002784,0.362138
965,0,-1.369418,-3.535295,4.065434,0.004341,0.000498,0.995162
966,0,-0.824827,-1.974658,1.988365,0.055618,0.017614,0.926768
967,0,-1.138835,-3.309317,3.306224,0.011585,0.001322,0.987093
968,0,-1.128052,-2.032547,2.667137,0.021791,0.008820,0.969390
969,0,-1.582210,-3.238938,3.853702,0.004335,0.000827,0.994838
970,0,-0.569740,-4.022893,3.553704,0.015923,0.000504,0.983573
971,0,-1.042750,-2.488666,3.074914,0.015961,0.003759,0.980279
972,0,0.197216,-4.276762,3.377444,0.039898,0.000455,0.959647
973,0,-1.785286,-2.856265,3.685587,0.004184,0.001434,0.994382
974,0,-1.248642,-2.907032,3.403852,0.009431,0.001796,0.988773
975,0,-0.956406,-3.221265,3.400351,0.012641,0.001313,0.986046
976,0,-2.403796,-2.423793,3.957848,0.001721,0.001687,0.996593
977,0,-1.114394,-3.525729,3.838319,0.007010,0.000629,0.992361
978,0,-0.144818,-3.674569,2.882683,0.046136,0.001352,0.952511
979,0,-1.711485,-2.289603,3.315857,0.006490,0.003640,0.989870
980,0,-0.780292,-3.428188,3.042138,0.021374,0.001513,0.977113
981,0,-1.453403,-3.379970,3.881565,0.004794,0.000698,0.994508
982,0,-1.507952,-1.207113,2.315861,0.020777,0.028070,0.951153
983,0,-0.634818,-3.537476,3.191415,0.021302,0.001169,0.977529
984,0,-2.151432,-2.951238,4.176371,0.001781,0.000801,0.997418
985,0,-2.114771,-1.497095,3.125624,0.005219,0.009680,0.985101
986,0,-0.579928,-3.589465,2.944422,0.028587,0.001410,0.970003
987,0,-0.360657,-2.070373,2.242853,0.068064,0.012314,0.919622
988,0,-0.757980,-3.457257,3.247425,0.017869,0.001202,0.980929
989,0,-1.674018,-2.806681,3.763698,0.004325,0.001393,0.994282
990,0,2.182598,-1.686974,-0.442679,0.914673,0.019087,0.066240
991,0,1.404113,-3.657471,1.630914,0.442299,0.002802,0.554899
992,0,1.170846,-4.334744,2.251378,0.253145,0.001029,0.745827
993,0,-0.941965,-3.528923,3.496340,0.011668,0.000878,0.987454
994,0,-2.452610,-0.242406,2.460401,0.006842,0.062378,0.930780
995,0,-2.323679,-2.660349,4.091220,0.001632,0.001166,0.997202
996,0,-1.296686,-3.637591,3.834528,0.005871,0.000565,0.993564
997,0,-1.157671,-2.887586,3.290708,0.011539,0.002046,0.986416
998,0,-0.763151,-3.737035,3.722230,0.011141,0.000569,0.988290
999,0,-0.553211,-3.675493,3.641839,0.014837,0.000654,0.984510
1000,0,-0.965970,-2.779277,3.395102,0.012578,0.002052,0.985370
1001,0,1.345099,-4.376947,2.111733,0.316879,0.001037,0.682084
1002,0,-0.988974,-3.388732,3.697300,0.009129,0.000828,0.990042
1003,0,-1.294943,-1.241415,2.235461,0.027630,0.029149,0.943221
1004,0,-0.951816,-3.412761,3.238874,0.014891,0.001271,0.983838
1005,0,-1.112086,-3.202514,3.017262,0.015808,0.001954,0.982238
1006,0,1.353746,-3.821280,1.754000,0.400343,0.002264,0.597393
1007,0,-2.106559,-2.400741,3.610168,0.003272,0.002438,0.994290
1008,0,0.010911,-3.876927,2.887285,0.053276,0.001092,0.945633
1009,0,-0.494277,-2.865617,3.042213,0.028217,0.002634,0.969149
1010,0,-0.266965,-3.372977,3.053452,0.034823,0.001559,0.963618
1011,0,-2.114771,-1.497095,3.125624,0.005219,0.009680,0.985101
1012,0,0.804703,-3.669879,2.201829,0.197826,0.002254,0.799920
1013,0,-1.903111,-2.583411,3.796917,0.003329,0.001686,0.994985
1014,0,3.147277,-1.580813,-1.405735,0.980990,0.008675,0.010335
1015,0,-0.776158,-3.144065,2.818147,0.026678,0.002499,0.970823
1016,0,-1.993017,-2.668902,3.736208,0.003234,0.001645,0.995121
1017,0,-0.722685,-3.922828,3.626093,0.012751,0.000520,0.986729
1018,0,-0.648192,-3.865228,3.627557,0.013704,0.000549,0.985747
1019,0,-0.694094,-3.838879,3.755035,0.011548,0.000497,0.987955
1020,0,-1.504764,-3.598549,4.061151,0.003810,0.000469,0.995721
1021,0,-2.070452,-1.343206,2.803611,0.007467,0.015452,0.977081
1022,0,-1.094738,-2.918334,3.016456,0.016082,0.002596,0.981322
1023,0,-1.338707,-3.165695,3.886226,0.005347,0.000860,0.993792
1024,0,-2.267930,-2.919981,4.158389,0.001614,0.000841,0.997544
1025,0,-2.671775,-2.409588,4.224640,0.001009,0.001312,0.997679
1026,0,-1.628638,-3.450352,3.897621,0.003963,0.000641,0.995397
1027,0,-2.160128,-2.737295,4.241394,0.001655,0.000929,0.997416
1028,0,-1.097558,-3.538774,3.556978,0.009421,0.000820,0.989759
1029,0,-1.913395,-3.200941,4.192800,0.002223,0.000613,0.997164
1030,0,-0.951651,-3.265401,3.379391,0.012966,0.001282,0.985751
1031,0,-0.105354,-3.927869,2.840761,0.049866,0.001091,0.949043
1032,0,-0.480334,-3.442160,3.286041,0.022586,0.001168,0.976246
1033,0,-1.117854,-3.049073,3.323377,0.011625,0.001685,0.986690
1034,0,-1.923932,-2.831392,4.026646,0.002595,0.001047,0.996358
1035,0,-2.399609,-2.577164,3.765317,0.002094,0.001753,0.996153
1036,0,-1.488615,-3.298787,3.732047,0.005370,0.000879,0.993751
1037,0,-1.990846,-3.211596,4.036897,0.002403,0.000709,0.996888
1038,0,-1.761050,-2.600430,3.687310,0.004277,0.001848,0.993875
1039,0,-0.463493,-3.506248,2.703314,0.040356,0.001925,0.957719
1040,0,-1.515439,-2.918862,3.664806,0.005587,0.001373,0.993039
1041,0,-1.100024,-3.521143,3.485765,0.010084,0.000896,0.989021
1042,0,-0.462797,-3.602355,3.079287,0.028104,0.001217,0.970679
1043,0,-0.731054,-3.777769,3.403205,0.015750,0.000748,0.983501
1044,0,-2.811622,-1.216392,3.472537,0.001845,0.009096,0.989059
1045,0,-1.235776,-2.821270,3.353989,0.010032,0.002055,0.987912
1046,0,-1.861350,0.506210,1.488547,0.024893,0.265647,0.709460
1047,0,-1.888501,-2.862161,3.720128,0.003648,0.001378,0.994975
1048,0,-0.245783,-4.089428,3.240714,0.029680,0.000636,0.969684
1049,0,-1.046475,-3.070228,3.134828,0.015019,0.001985,0.982996
1050,0,-0.967949,-3.414978,3.796428,0.008450,0.000731,0.990819
1051,0,-1.419854,-3.190543,3.738894,0.005710,0.000972,0.993317
1052,0,-1.454973,-0.793174,2.221430,0.023561,0.045668,0.930770
1053,0,-1.585862,-1.826095,2.923998,0.010788,0.008484,0.980728
1054,0,-1.158781,-2.966689,3.678332,0.007857,0.001289,0.990854
1055,0,-0.154936,-3.524371,3.103749,0.036969,0.001272,0.961759
1056,0,-1.920804,-1.997094,3.376412,0.004958,0.004594,0.990449
1057,0,-0.527003,-3.843496,3.276383,0.021792,0.000791,0.977418
1058,0,-1.372246,-2.782954,3.259697,0.009619,0.002347,0.988034
1059,0,-0.946143,-3.509998,3.917376,0.007660,0.000590,0.991751
1060,0,-2.258336,-1.075642,2.790436,0.006246,0.020383,0.973371
1061,0,-1.764632,-2.654021,3.448133,0.005405,0.002221,0.992374
1062,0,0.366990,-3.949032,2.443676,0.111218,0.001485,0.887297
1063,0,-1.542524,-2.760248,3.637750,0.005586,0.001653,0.992761
1064,0,-1.482725,-3.411385,3.832148,0.004890,0.000711,0.994399
1065,0,-0.783750,-3.522870,3.090526,0.020320,0.001313,0.978367
1066,0,-2.353260,-2.373943,3.650643,0.002457,0.002407,0.995136
1067,0,-2.662263,-2.200665,3.896105,0.001413,0.002242,0.996345
1068,0,0.210776,-4.234473,2.922316,0.062250,0.000730,0.937019
1069,0,-2.714801,-2.039654,3.982684,0.001230,0.002415,0.996355
1070,0,-0.904656,-3.303386,2.916047,0.021401,0.001944,0.976655
1071,0,-1.952763,-3.085357,4.080800,0.002389,0.000770,0.996841
1072,0,-1.891003,-2.274321,3.572590,0.004208,0.002868,0.992923
1073,0,-2.640666,-0.755819,2.984927,0.003509,0.023105,0.973387
1074,0,-1.506807,-2.079674,3.083471,0.009991,0.005634,0.984374
1075,0,-1.361866,-2.904419,3.411184,0.008369,0.001790,0.989842
1076,0,0.098946,-4.116951,2.815456,0.061949,0.000914,0.937136
1077,0,-0.524571,-3.525758,2.982394,0.029073,0.001446,0.969482
1078,0,-0.540020,-4.005776,3.810578,0.012730,0.000398,0.986872
1079,0,-1.839011,-3.076557,4.254495,0.002251,0.000653,0.997096
1080,0,-1.464388,-2.062351,2.659359,0.015788,0.008682,0.975530
1081,0,-0.371879,-3.632266,3.086021,0.030498,0.001170,0.968331
1082,0,-0.882974,-3.913944,3.759078,0.009542,0.000461,0.989998
1083,0,0.984424,-4.289177,2.421386,0.191828,0.000983,0.807189
1084,0,-1.272881,-3.644503,3.997160,0.005115,0.000477,0.994408
1085,0,-0.403120,-1.126470,1.392602,0.133174,0.064606,0.802219
1086,0,0.712376,-4.057406,2.446312,0.149894,0.001271,0.848835
1087,0,-2.291559,-1.650349,3.381423,0.003404,0.006463,0.990134
1088,0,0.892442,-4.043201,2.527491,0.162949,0.001171,0.835880
1089,0,-2.002103,-2.320676,3.706229,0.003299,0.002399,0.994302
1090,0,1.454753,-4.271170,1.929188,0.383088,0.001249,0.615663
1091,0,-1.558168,-3.369603,4.159754,0.003274,0.000535,0.996191
1092,0,-0.353645,-3.770677,2.965022,0.034896,0.001145,0.963959
1093,0,-1.478791,-3.176318,3.583755,0.006282,0.001151,0.992567
1094,0,-2.119864,-2.085591,3.354628,0.004157,0.004302,0.991541
1095,0,2.766258,-4.501523,1.287053,0.813990,0.000568,0.185442
1096,0,-1.441517,-2.593914,3.479628,0.007221,0.002281,0.990497
1097,0,-0.789488,-3.768375,3.365975,0.015424,0.000784,0.983791
1098,0,1.151433,-4.337178,2.289323,0.242465,0.001002,0.756533
1099,0,-1.945797,-2.443250,3.832310,0.003079,0.001872,0.995048
1100,0,-1.668301,-2.863586,3.967456,0.003551,0.001075,0.995374
1101,0,0.999602,-4.037454,2.257117,0.221084,0.001435,0.777480
1102,0,1.095635,-3.253860,1.388921,0.424856,0.005486,0.569658
1103,0,-0.719818,-3.699155,3.119156,0.021040,0.001069,0.977891
1104,0,-1.523501,-2.298346,2.956906,0.011144,0.005135,0.983721
1105,0,1.361336,-3.532050,1.875794,0.373102,0.002797,0.624101
1106,0,-0.918360,-3.156913,3.496575,0.011936,0.001272,0.986792
1107,0,-0.392326,-3.912918,3.307617,0.024111,0.000713,0.975176
1108,0,-2.218972,0.584353,1.710877,0.014620,0.241224,0.744156
1109,0,1.528901,-4.418773,2.175704,0.343402,0.000897,0.655701
1110,0,-2.247118,-2.053357,3.600087,0.002870,0.003483,0.993647
1111,0,-0.899922,-3.176951,3.169096,0.016778,0.001721,0.981501
1112,0,-1.817381,-2.899654,3.778079,0.003696,0.001252,0.995051
1113,0,-1.148108,-3.285420,3.557733,0.008952,0.001056,0.989992
1114,0,-1.830722,-3.122710,3.958496,0.003048,0.000837,0.996114
1115,0,0.200543,-4.133197,2.879025,0.064201,0.000842,0.934957
1116,0,-2.000785,-2.753509,4.035328,0.002382,0.001122,0.996495
1117,0,-1.602618,-2.490548,3.482861,0.006132,0.002524,0.991344
1118,0,-0.859704,-3.257540,3.163211,0.017558,0.001596,0.980846
1119,0,0.893550,-4.018499,2.044302,0.239928,0.001765,0.758307
1120,0,-1.196154,-3.201118,3.648473,0.007801,0.001051,0.991149
1121,0,-2.977694,-1.178401,3.373240,0.001724,0.010422,0.987854
1122,0,2.110295,-4.004066,1.406106,0.668128,0.001477,0.330395
1123,0,-1.274423,-3.629255,3.937956,0.005416,0.000514,0.994070
1124,0,-1.767641,-2.914020,4.008746,0.003087,0.000981,0.995932
1125,0,0.009113,-4.014603,3.130235,0.042212,0.000755,0.957033
1126,0,-0.317100,-3.131353,2.512737,0.055547,0.003330,0.941123
1127,0,-1.249211,-3.742877,3.913494,0.005691,0.000470,0.993839
1128,0,0.066035,-4.216507,3.419621,0.033762,0.000466,0.965772
1129,0,-1.566068,-3.077273,3.532728,0.006059,0.001337,0.992604
1130,0,-0.555140,-3.428970,3.000586,0.027724,0.001566,0.970710
1131,0,-1.204593,-3.660624,3.965092,0.005651,0.000485,0.993864
1132,0,0.194760,-3.869503,3.322502,0.041947,0.000720,0.957332
1133,0,-0.634002,-3.861355,3.454111,0.016483,0.000654,0.982863
1134,0,-2.788603,-2.162592,4.122071,0.000994,0.001859,0.997146
1135,0,0.731708,-4.209560,2.530864,0.141810,0.001013,0.857177
1136,0,-2.580028,-1.715766,3.588406,0.002080,0.004936,0.992984
1137,0,0.994303,-4.370727,2.426484,0.192585,0.000901,0.806514
1138,0,0.438586,-3.114848,1.956661,0.178825,0.005119,0.816056
1139,0,-2.361010,-2.645756,3.974887,0.001766,0.001328,0.996906
1140,0,0.886131,-4.497598,2.614078,0.150746,0.000692,0.848562
1141,0,-2.419361,-2.853638,4.170287,0.001371,0.000888,0.997740
1142,0,-0.586014,-3.840996,3.266216,0.020774,0.000802,0.978424
1143,0,-0.588755,-3.651478,3.399344,0.018182,0.000850,0.980968
1144,0,0.475078,-1.502123,0.726534,0.412481,0.057111,0.530408
1145,0,1.531897,-4.501304,2.113368,0.358286,0.000859,0.640855
1146,0,-2.191798,-2.988407,4.310648,0.001497,0.000675,0.997829
1147,0,-1.646348,0.797211,1.326965,0.031181,0.359019,0.609799
1148,0,-2.376283,-1.450371,3.298808,0.003389,0.008555,0.988055
1149,0,-0.584029,-3.684645,3.284008,0.020453,0.000921,0.978626
1150,0,-2.519953,-2.761194,4.354499,0.001032,0.000811,0.998157
1151,0,-0.780504,-3.706918,3.530172,0.013237,0.000709,0.986053
1152,0,-0.290757,-4.077122,3.381350,0.024779,0.000562,0.974659
1153,0,0.657704,-3.627085,1.960855,0.213008,0.002935,0.784057
1154,0,-0.393264,-3.260597,3.312371,0.023962,0.001362,0.974676
1155,0,-1.121502,-2.230324,3.021304,0.015550,0.005131,0.979320
1156,0,-1.635581,-2.568609,3.406210,0.006405,0.002519,0.991076
1157,0,-2.788407,-2.235751,4.182001,0.000937,0.001628,0.997435
1158,0,-2.234719,-2.811374,4.118192,0.001737,0.000976,0.997287
1159,0,-1.153364,-3.832033,3.860077,0.006601,0.000453,0.992946
1160,0,-1.338707,-3.165695,3.886226,0.005347,0.000860,0.993792
1161,0,-1.416089,-3.109872,3.465800,0.007515,0.001381,0.991103
1162,0,-1.598893,-3.200197,3.640916,0.005268,0.001062,0.993670
1163,0,-1.918331,-2.310375,3.664421,0.003739,0.002526,0.993735
1164,0,-0.893157,-2.731655,2.691898,0.026871,0.004274,0.968855
1165,0,0.129565,-4.289328,3.509393,0.032919,0.000397,0.966685
1166,0,-1.287441,-0.088992,1.435103,0.051193,0.169703,0.779104
1167,0,-2.000841,-2.858233,4.106158,0.002220,0.000942,0.996838
1168,0,0.988325,-4.226346,2.240453,0.222064,0.001207,0.776729
1169,0,-2.185920,-2.693106,3.839500,0.002407,0.001450,0.996143
1170,0,-2.178166,-1.388872,2.946742,0.005836,0.012849,0.981315
1171,0,-1.525642,-1.418749,2.672853,0.014556,0.016198,0.969245
1172,0,0.730673,-3.347007,2.180583,0.189406,0.003210,0.807385
1173,0,-0.669941,-3.038791,2.476233,0.041084,0.003845,0.955071
1174,0,-1.878568,-3.179584,3.887199,0.003121,0.000850,0.996030
1175,0,-0.906191,-3.478832,3.200695,0.016172,0.001235,0.982593
1176,0,-2.391371,-2.459858,4.084398,0.001536,0.001434,0.997030
1177,0,-2.613837,-1.425204,3.468120,0.002262,0.007424,0.990315
1178,0,-2.198786,-2.963034,4.348358,0.001431,0.000666,0.997902
1179,0,1.118164,-4.272978,2.416229,0.214281,0.000976,0.784742
1180,0,-1.601202,-3.086592,3.580330,0.005581,0.001264,0.993155
1181,0,-1.111304,-2.835495,3.192462,0.013306,0.002373,0.984322
1182,0,-0.460533,-3.901409,3.351565,0.021609,0.000692,0.977699
1183,0,-0.992375,-3.407881,3.638056,0.009648,0.000862,0.989490
1184,0,-1.974184,-2.918943,3.988773,0.002563,0.000996,0.996440
1185,0,-1.300538,-3.500172,4.175524,0.004166,0.000462,0.995372
1186,0,-1.638884,-3.139866,3.825350,0.004214,0.000939,0.994847
1187,0,-0.689531,-3.179772,3.280684,0.018492,0.001533,0.979976
1188,0,-0.410953,-3.881156,3.344995,0.022828,0.000710,0.976462
1189,0,0.830043,-4.110336,2.174014,0.206552,0.001477,0.791971
1190,0,0.410825,-3.976489,2.795771,0.084239,0.001047,0.914713
1191,0,-1.006434,-2.352493,2.938662,0.018889,0.004916,0.976195
1192,0,-0.284312,-2.890003,2.812338,0.043108,0.003184,0.953708
1193,0,-0.659409,-3.636376,3.003149,0.024993,0.001273,0.973734
1194,0,0.462632,-4.441770,3.044630,0.070269,0.000521,0.929210
1195,0,1.762262,-3.779127,1.174005,0.641348,0.002515,0.356137
1196,0,-2.224940,-2.704280,4.241030,0.001552,0.000961,0.997488
1197,0,0.269553,-4.180470,2.789525,0.074405,0.000869,0.924726
1198,0,0.210584,-3.646327,2.489019,0.092743,0.001960,0.905297
1199,0,-2.606390,-1.407310,3.376453,0.002494,0.008274,0.989231
1200,0,-2.322905,-2.662341,3.907935,0.001961,0.001397,0.996642
1201,0,-2.178981,-1.700482,3.355737,0.003907,0.006305,0.989788
1202,0,-2.300266,-1.696748,3.265095,0.003787,0.006925,0.989288
1203,0,-1.819600,-3.218822,4.176655,0.002480,0.000612,0.996908
1204,0,-1.632979,-3.510398,4.229650,0.002834,0.000434,0.996732
1205,0,1.102099,-3.875332,1.884516,0.313122,0.002158,0.684720
1206,0,-1.835131,-2.728633,3.814042,0.003503,0.001434,0.995063
1207,0,0.080960,-4.251621,3.149022,0.044418,0.000583,0.954999
1208,0,-1.902043,-3.088683,4.085629,0.002501,0.000764,0.996735
1209,0,-2.240296,-0.906251,2.760480,0.006522,0.024760,0.968718
1210,0,-0.522696,-3.975116,3.473828,0.018037,0.000571,0.981391
1211,0,-0.311005,-3.858628,2.983736,0.035715,0.001028,0.963256
1212,0,0.549604,-2.109073,1.059078,0.365703,0.025614,0.608683
1213,0,-1.110435,-3.584327,3.625838,0.008689,0.000732,0.990579
1214,0,-0.866803,-3.315840,3.146936,0.017718,0.001530,0.980752
1215,0,0.584160,-3.997484,2.999428,0.081947,0.000839,0.917214
1216,0,-1.616795,-2.776706,3.741721,0.004679,0.001467,0.993854
1217,0,-1.607301,-3.359873,3.777259,0.004562,0.000791,0.994647
1218,0,-1.639339,-2.738588,3.503967,0.005793,0.001930,0.992277
1219,0,-2.275751,-1.412430,3.054141,0.004767,0.011302,0.983931
1220,0,-1.656577,0.097821,1.530244,0.032267,0.186503,0.781230
1221,0,0.546041,-0.876282,0.299928,0.494319,0.119206,0.386475
1222,0,-0.190277,-4.126386,3.337130,0.028527,0.000557,0.970917
1223,0,-1.826097,-0.954755,2.437125,0.013436,0.032113,0.954451
1224,0,-1.245495,-3.484597,3.834545,0.006177,0.000658,0.993165
1225,0,-0.684799,-2.620888,2.451249,0.041396,0.005972,0.952632
1226,0,-0.955262,-3.751465,3.723275,0.009202,0.000562,0.990236
1227,0,-2.517243,-1.832911,3.640703,0.002103,0.004170,0.993727
1228,0,-1.692901,-2.943534,3.883795,0.003767,0.001078,0.995155
1229,0,-1.957075,-2.839859,3.978072,0.002635,0.001090,0.996275
1230,0,-1.231259,-2.727131,3.349478,0.010120,0.002268,0.987612
1231,0,0.520436,-4.218524,2.703524,0.101190,0.000885,0.897925
1232,0,-0.699938,-2.752359,2.818494,0.028686,0.003684,0.967630
1233,0,-1.389098,-2.532745,3.421490,0.008057,0.002567,0.989376
1234,0,-1.991507,-1.539119,3.005255,0.006644,0.010445,0.982910
1235,0,1.358680,-1.985255,0.429839,0.699150,0.024678,0.276172
1236,0,-0.162070,-3.703726,2.624133,0.057977,0.001679,0.940344
1237,0,-0.532914,-3.945493,3.700691,0.014286,0.000471,0.985243
1238,0,-1.035583,-3.588917,3.582903,0.009764,0.000760,0.989476
1239,0,-0.460988,-3.859241,3.448699,0.019640,0.000657,0.979703
1240,0,-1.551871,-3.252458,4.073842,0.003589,0.000655,0.995756
1241,0,-0.836458,-2.862588,3.351834,0.014916,0.001967,0.983117
1242,0,0.027113,-4.008492,3.347054,0.034872,0.000616,0.964512
1243,0,-1.182721,-2.612102,3.060047,0.014116,0.003380,0.982503
1244,0,1.351033,-4.054361,1.892439,0.367254,0.001650,0.631097
1245,0,0.519442,-3.936841,2.836938,0.089591,0.001040,0.909369
1246,0,-0.181975,-2.901588,2.872487,0.044892,0.002958,0.952150
1247,0,2.240217,-4.411854,1.566075,0.661864,0.000855,0.337281
1248,0,-2.288291,-2.939737,4.406798,0.001235,0.000644,0.998122
1249,0,0.923880,-4.235064,2.332390,0.196248,0.001128,0.802624
1250,0,0.168598,-3.510014,2.511243,0.087459,0.002209,0.910332
1251,0,0.278421,-4.300337,3.038167,0.059502,0.000611,0.939887
1252,0,-1.579085,-1.833064,2.925828,0.010842,0.008410,0.980748
1253,0,-0.540796,-3.446883,3.295650,0.021090,0.001153,0.977756
1254,0,0.398885,-3.814273,2.966057,0.071206,0.001054,0.927740
1255,0,-2.128393,-2.921696,4.234505,0.001720,0.000778,0.997502
1256,0,-1.120482,-3.711917,4.155995,0.005082,0.000381,0.994537
1257,0,-2.238506,-2.817622,4.197607,0.001599,0.000896,0.997505
1258,0,-0.919635,-2.760996,2.749514,0.024767,0.003928,0.971305
1259,0,-2.363972,-1.188887,3.077157,0.004256,0.013784,0.981960
1260,0,-1.830722,-3.122710,3.958496,0.003048,0.000837,0.996114
1261,0,-2.039925,-2.829348,4.038933,0.002283,0.001037,0.996680
1262,0,-0.324816,-3.653205,3.359897,0.024468,0.000877,0.974655
1263,0,0.306791,-4.101573,2.812033,0.075422,0.000918,0.923660
1264,0,-2.114771,-1.497095,3.125624,0.005219,0.009680,0.985101
1265,0,-1.492091,-0.423825,1.909785,0.029472,0.085773,0.884755
1266,0,1.303894,-4.329253,1.841962,0.368152,0.001317,0.630531
1267,0,-1.916157,-3.093951,4.039632,0.002582,0.000795,0.996623
1268,0,-2.311675,-2.501891,3.734371,0.002357,0.001949,0.995694
1269,0,0.084041,-2.847796,2.294052,0.098337,0.005241,0.896422
1270,0,-0.787032,-3.987518,3.820992,0.009869,0.000402,0.989729
1271,0,-1.672463,-2.895943,3.452780,0.005899,0.001736,0.992365
1272,0,0.184485,-3.827274,2.545510,0.086059,0.001558,0.912383
1273,0,-1.482277,-3.039583,3.798766,0.005056,0.001065,0.993879
1274,0,-1.167323,-3.188164,3.199183,0.012516,0.001659,0.985826
1275,0,-0.339162,-4.028845,3.516963,0.020701,0.000517,0.978782
1276,0,0.498741,-3.919451,2.404469,0.129260,0.001558,0.869182
1277,0,-1.670090,-3.118898,4.050972,0.003263,0.000766,0.995971
1278,0,1.142629,-3.561777,1.915155,0.315032,0.002853,0.682116
1279,0,-1.012550,1.174106,0.561827,0.067874,0.604447,0.327679
1280,0,-1.526979,0.246247,1.637654,0.032712,0.192668,0.774620
1281,0,-2.153807,-2.571900,3.896139,0.002349,0.001546,0.996105
1282,0,-1.147726,-3.205576,3.575840,0.008795,0.001123,0.990081
1283,0,-2.120273,-2.301919,3.758535,0.002784,0.002321,0.994895
1284,0,-0.831316,-3.907769,3.693681,0.010713,0.000494,0.988793
1285,0,-0.468369,-3.292029,2.484718,0.049445,0.002936,0.947618
1286,0,-1.896299,-3.144928,4.144657,0.002372,0.000681,0.996947
1287,0,-0.566838,-4.020627,3.547887,0.016060,0.000508,0.983432
1288,0,-0.396867,-3.875597,3.265979,0.024998,0.000771,0.974231
1289,0,0.190462,-1.405661,1.092422,0.272694,0.055270,0.672036
1290,0,-0.158419,-3.204571,2.753990,0.051418,0.002444,0.946138
1291,0,-1.227113,-3.371436,3.393062,0.009744,0.001141,0.989115
1292,0,-1.485955,-2.822241,3.702407,0.005542,0.001457,0.993001
1293,0,-2.102597,-2.211032,3.668686,0.003097,0.002779,0.994123
1294,0,-1.724157,-3.345219,4.283299,0.002453,0.000485,0.997062
1295,0,-1.305730,-1.411357,2.433356,0.022748,0.020468,0.956784
1296,0,-0.376057,-2.908449,2.586576,0.048952,0.003890,0.947158
1297,0,0.957916,-4.176825,2.210085,0.222034,0.001307,0.776658
1298,0,-1.759643,-2.973314,3.867273,0.003583,0.001065,0.995353
1299,0,2.101685,-4.481630,1.726326,0.592268,0.000819,0.406913
1300,0,-1.372401,-2.389858,3.271326,0.009497,0.003433,0.987069
1301,0,-0.417074,-3.212130,3.448135,0.020503,0.001253,0.978244
1302,0,1.688443,0.266423,-1.379857,0.776563,0.187327,0.036110
1303,0,-0.422747,-3.996220,3.451928,0.020327,0.000570,0.979102
1304,0,1.152759,-3.289767,1.721999,0.359882,0.004234,0.635884
1305,0,-1.204283,-1.609113,2.301525,0.028591,0.019073,0.952335
1306,0,-2.751599,-1.378832,3.269833,0.002397,0.009461,0.988142
1307,0,0.355919,-4.031249,2.909289,0.072136,0.000897,0.926967
1308,0,0.147802,-3.315476,2.477426,0.088453,0.002771,0.908776
1309,0,-0.935809,-2.570032,3.109209,0.017151,0.003346,0.979503
1310,0,-0.986706,-3.694213,3.742363,0.008752,0.000584,0.990664
1311,0,-0.740529,-1.606849,1.887226,0.065517,0.027550,0.906933
1312,0,-0.307273,-4.101103,3.481752,0.022106,0.000498,0.977396
1313,0,-0.217394,-3.980167,3.229534,0.030839,0.000716,0.968445
1314,0,-1.559589,-3.316909,3.982685,0.003900,0.000673,0.995428
1315,0,-1.790468,-3.083761,4.271801,0.002322,0.000637,0.997041
1316,0,-1.661656,-3.122633,3.623985,0.005032,0.001168,0.993800
1317,0,-0.723632,-3.729699,3.740593,0.011376,0.000563,0.988061
1318,0,0.836841,-4.163558,2.118513,0.216948,0.001461,0.781590
1319,0,-1.950997,-3.167906,4.179279,0.002170,0.000643,0.997188
1320,0,-2.114771,-1.497095,3.125624,0.005219,0.009680,0.985101
1321,0,-2.452739,-0.959509,2.990050,0.004228,0.018819,0.976953
1322,0,-2.668321,-2.219330,4.061060,0.001192,0.001867,0.996941
1323,0,0.460456,-3.922414,2.435881,0.121622,0.001519,0.876859
1324,0,-0.718758,-3.624026,3.523176,0.014165,0.000775,0.985060
1325,0,-1.200465,-0.946648,1.968455,0.038357,0.049440,0.912203
1326,0,-1.654996,-3.367246,4.083493,0.003207,0.000579,0.996214
1327,0,-0.378312,-2.092697,1.753346,0.104070,0.018740,0.877190
1328,0,-0.869015,-2.792612,3.092448,0.018629,0.002721,0.978650
1329,0,-1.946248,-2.640916,3.793122,0.003201,0.001598,0.995200
1330,0,0.059359,-2.994712,2.131971,0.111201,0.005245,0.883554
1331,0,-0.583874,-3.520884,3.347079,0.019228,0.001020,0.979753
1332,0,-0.859510,-3.438656,3.311001,0.015192,0.001152,0.983656
1333,0,-0.902596,-2.566256,2.839111,0.023063,0.004369,0.972568
1334,0,-1.131389,-3.924324,3.958785,0.006117,0.000375,0.993508
1335,0,0.168561,-4.011307,2.560706,0.083666,0.001280,0.915053
1336,0,-0.777121,-3.267653,3.341087,0.015992,0.001325,0.982683
1337,0,-0.805433,-3.881707,3.698269,0.010941,0.000505,0.988554
1338,0,-1.325657,-2.323775,2.895922,0.014387,0.005302,0.980311
1339,0,-1.589968,-3.033774,4.013208,0.003669,0.000866,0.995465
1340,0,-0.050348,-3.123960,2.444301,0.075966,0.003514,0.920520
1341,0,-1.837712,-2.609230,3.664378,0.004054,0.001874,0.994072
1342,0,-1.296167,-3.479279,3.980946,0.005078,0.000572,0.994349
1343,0,0.512704,-2.790910,1.998410,0.183324,0.006737,0.809939
1344,0,-2.416895,-2.613085,4.159005,0.001390,0.001142,0.997468
1345,0,-1.276478,-2.968898,3.422862,0.009004,0.001657,0.989338
1346,0,-1.029071,0.595381,1.041232,0.071414,0.362471,0.566115
1347,0,-1.033804,-3.195323,3.236187,0.013767,0.001585,0.984647
1348,0,-1.967737,-2.966679,4.154094,0.002188,0.000806,0.997006
1349,0,-0.452018,-2.654068,2.698561,0.040883,0.004521,0.954597
1350,0,-1.199644,-3.600835,3.901280,0.006051,0.000548,0.993401
1351,0,1.347422,-3.047039,1.061039,0.567112,0.007001,0.425887
1352,0,-1.679940,-2.187088,2.949672,0.009608,0.005786,0.984605
1353,0,-0.351506,-3.559075,2.823996,0.040033,0.001620,0.958347
1354,0,0.199985,-3.283312,2.218750,0.116826,0.003587,0.879587
1355,0,-0.118287,-2.376538,1.861047,0.119869,0.012530,0.867601
1356,0,-2.319102,-1.842160,3.584872,0.002709,0.004365,0.992926
1357,0,-2.879391,-1.771992,3.882277,0.001152,0.003486,0.995362
1358,0,-1.724344,-1.978598,2.905843,0.009587,0.007435,0.982978
1359,0,0.076912,-3.456863,2.471728,0.083365,0.002434,0.914201
1360,0,0.329691,-4.155676,3.037208,0.062487,0.000704,0.936808
1361,0,0.452408,-4.338612,3.046494,0.069480,0.000577,0.929943
1362,0,-1.883897,-3.117087,4.187124,0.002302,0.000671,0.997027
1363,0,-0.078659,-3.862418,2.866576,0.049906,0.001135,0.948960
1364,0,-1.660810,-2.494275,3.586513,0.005222,0.002269,0.992509
1365,0,-2.114771,-1.497095,3.125624,0.005219,0.009680,0.985101
1366,0,-1.923932,-2.831392,4.026646,0.002595,0.001047,0.996358
1367,0,-0.444608,-3.536655,2.827546,0.036478,0.001656,0.961865
1368,0,-0.330011,-3.415395,2.777577,0.042712,0.001952,0.955336
1369,0,1.290146,-4.160710,2.067627,0.314438,0.001350,0.684212
1370,0,-2.261191,-2.991725,4.287456,0.001429,0.000688,0.997883
1371,0,-1.098233,-3.535294,3.459626,0.010366,0.000906,0.988727
1372,0,-1.328671,-3.199626,3.678123,0.006641,0.001023,0.992336
1373,0,-1.116025,-3.747825,3.971256,0.006134,0.000441,0.993424
1374,0,-1.280039,-3.251734,3.909676,0.005538,0.000771,0.993690
1375,0,-0.799198,-3.600379,3.453155,0.014019,0.000851,0.985129
1376,0,0.624874,-3.757834,2.482144,0.134794,0.001684,0.863522
1377,0,0.543785,-4.202191,2.732045,0.100722,0.000875,0.898404
1378,0,-1.622871,-3.140375,3.955611,0.003761,0.000825,0.995414
1379,0,-1.276928,-2.712838,2.965508,0.014121,0.003359,0.982519
1380,0,0.129968,-4.148336,3.119556,0.047867,0.000664,0.951470
1381,0,-0.972697,-3.208788,3.495998,0.011319,0.001210,0.987472
1382,0,-0.507052,-3.717815,3.374426,0.020187,0.000814,0.978999
1383,0,-1.550549,0.577247,1.463587,0.033593,0.282061,0.684346
1384,0,-2.351457,-2.113672,3.454345,0.002990,0.003792,0.993218
1385,0,-0.723632,-3.729699,3.740593,0.011376,0.000563,0.988061
1386,0,2.691028,-4.234500,1.200538,0.815498,0.000801,0.183701
1387,0,-2.352330,1.111840,1.224252,0.014556,0.465057,0.520387
1388,0,-1.765656,-2.768238,3.793416,0.003832,0.001406,0.994762
1389,0,-1.272130,-3.017495,3.667309,0.007099,0.001239,0.991662
1390,0,1.501436,-3.653775,1.936344,0.392066,0.002262,0.605672
1391,0,-1.915356,-2.706679,3.826606,0.003194,0.001447,0.995359
1392,0,-1.977874,-3.133275,4.144208,0.002188,0.000689,0.997123
1393,0,-1.102315,-2.827115,2.726552,0.021192,0.003777,0.975032
1394,0,-1.647712,-2.017092,2.854533,0.010880,0.007520,0.981600
1395,0,-2.603037,-2.175931,3.758166,0.001720,0.002636,0.995644
1396,0,-1.578242,-2.785051,3.728536,0.004926,0.001474,0.993600
1397,0,-0.329700,-3.771693,2.890816,0.038354,0.001227,0.960419
1398,0,0.523330,-4.201624,2.732552,0.098839,0.000877,0.900285
1399,0,-1.434392,-1.710206,2.622777,0.016787,0.012741,0.970472
1400,0,-1.912704,-2.562123,3.805280,0.003270,0.001708,0.995022
1401,0,-1.699499,-3.299880,3.953452,0.003492,0.000705,0.995803
1402,0,0.167638,-3.161309,2.701691,0.073312,0.002627,0.924061
1403,0,-0.408188,-3.354438,3.039175,0.030798,0.001618,0.967584
1404,0,-1.658959,-2.534860,3.326130,0.006774,0.002821,0.990405
1405,0,-0.623026,-3.687222,3.391932,0.017709,0.000827,0.981464
1406,0,-0.043669,-4.230725,3.221766,0.036756,0.000558,0.962686
1407,0,2.020639,-4.122313,1.525933,0.620386,0.001333,0.378281
1408,0,-1.689194,-2.874763,3.657349,0.004735,0.001447,0.993818
1409,0,-1.266651,-3.651684,3.881068,0.005776,0.000532,0.993692
1410,0,-0.368958,-3.227268,3.046675,0.031753,0.001822,0.966426
1411,0,-1.251581,-3.437870,3.798449,0.006364,0.000715,0.992921
1412,0,0.280304,-4.253944,3.174820,0.052396,0.000562,0.947042
1413,0,-1.969279,-2.911595,3.956750,0.002659,0.001036,0.996305
1414,0,-0.915759,-3.755542,3.737414,0.009436,0.000551,0.990012
1415,0,0.489592,-3.690444,2.680272,0.100436,0.001536,0.898028
1416,0,-0.748192,-3.605655,3.171737,0.019435,0.001116,0.979449
1417,0,-2.034583,-2.752651,4.199543,0.001956,0.000954,0.997091
1418,0,-0.827784,-3.413721,3.653959,0.011178,0.000842,0.987980
1419,0,-0.706338,-2.882504,3.030649,0.023210,0.002634,0.974156
1420,0,-1.507517,-3.334452,4.098968,0.003658,0.000589,0.995753
1421,0,-1.478575,-2.744060,3.631052,0.005992,0.001690,0.992318
1422,0,-1.142599,-3.680727,3.754785,0.007406,0.000585,0.992008
1423,0,0.426395,-3.466051,2.732907,0.090418,0.001844,0.907738
1424,0,-0.650172,-3.605057,3.383966,0.017377,0.000905,0.981718
1425,0,0.311816,-4.088738,2.762524,0.079310,0.000973,0.919717
1426,0,-0.918441,-3.650881,3.628313,0.010483,0.000682,0.988835
1427,0,-1.194138,-3.023614,3.128229,0.013067,0.002097,0.984836
1428,0,0.254713,0.249707,-0.012756,0.362277,0.360468,0.277255
1429,0,-1.105732,-3.028575,2.928991,0.017339,0.002535,0.980126
1430,0,-1.720425,-3.388181,4.192415,0.002696,0.000509,0.996796
1431,0,-1.308166,-3.126909,2.897993,0.014650,0.002377,0.982974
1432,0,2.595376,-3.407625,0.583274,0.880143,0.002175,0.117682
1433,0,-2.219530,-2.933118,4.266723,0.001521,0.000745,0.997734
1434,0,-1.230385,-3.079827,3.571596,0.008136,0.001280,0.990584
1435,0,1.013846,0.015507,-0.511592,0.630510,0.232337,0.137152
1436,0,-1.546959,-3.002602,3.510365,0.006313,0.001473,0.992215
1437,0,0.538415,-1.009957,0.358259,0.488345,0.103819,0.407836
1438,0,0.090588,-4.247167,2.875014,0.058127,0.000759,0.941113
1439,0,-0.888200,-3.559219,3.340753,0.014344,0.000992,0.984663
1440,0,2.771208,-3.238505,0.295875,0.920310,0.002259,0.077430
1441,0,1.199370,-4.264906,2.435277,0.224935,0.000953,0.774112
1442,0,-1.604512,-2.908276,3.535329,0.005815,0.001579,0.992606
1443,0,0.120406,-3.759634,3.273479,0.040936,0.000845,0.958219
1444,0,-0.787514,-3.440935,3.050805,0.021045,0.001482,0.977473
1445,0,-1.252373,-3.399711,3.538996,0.008225,0.000961,0.990815
1446,0,2.698000,-1.609606,-0.728767,0.956062,0.012874,0.031064
1447,0,-1.036748,-2.812072,2.897101,0.019130,0.003241,0.977628
1448,0,-0.744890,-3.673650,3.384037,0.015832,0.000846,0.983322
1449,0,-1.854544,-3.168011,4.216814,0.002301,0.000619,0.997080
1450,0,-0.087639,-3.838295,2.781204,0.053648,0.001261,0.945091
1451,0,-1.132388,-3.238709,3.251583,0.012304,0.001497,0.986199
1452,0,-1.475757,-2.632538,3.411590,0.007467,0.002348,0.990184
1453,0,-1.095216,-3.578576,3.559684,0.009418,0.000786,0.989796
1454,0,-1.168228,-2.034514,2.695198,0.020388,0.008573,0.971039
1455,0,1.376262,-4.060931,2.144190,0.316491,0.001377,0.682132
1456,0,0.415475,-4.251015,2.954236,0.073135,0.000688,0.926177
1457,0,1.084554,-1.173352,-0.151940,0.716861,0.074962,0.208177
1458,0,-1.222152,-3.646952,3.725249,0.007047,0.000624,0.992329
1459,0,-0.845346,-3.074351,3.119653,0.018578,0.002000,0.979423
1460,0,-0.778697,-1.083750,1.699360,0.073232,0.053978,0.872789
1461,0,-0.825190,-3.869907,3.629265,0.011487,0.000547,0.987966
1462,0,-1.104445,-2.965499,3.600297,0.008959,0.001393,0.989648
1463,0,-1.322862,-3.336005,3.638914,0.006945,0.000928,0.992127
1464,0,-1.280939,-3.339465,3.927737,0.005435,0.000694,0.993871
1465,0,-1.297113,-3.379258,3.902950,0.005482,0.000683,0.993834
1466,0,-0.880314,-2.585557,2.553830,0.031069,0.005646,0.963285
1467,0,-1.162601,-3.237196,3.421423,0.010098,0.001268,0.988634
1468,0,-0.635509,-3.904376,3.734247,0.012490,0.000475,0.987034
1469,0,-2.369415,-2.522960,3.968038,0.001763,0.001512,0.996725
1470,0,-0.600182,-3.783825,3.830628,0.011759,0.000487,0.987754
1471,0,-1.449431,-3.042207,3.514826,0.006925,0.001408,0.991667
1472,0,-1.829894,-3.195601,3.923676,0.003159,0.000806,0.996035
1473,0,-1.239671,-3.707396,4.072047,0.004907,0.000416,0.994677
1474,0,-2.114771,-1.497095,3.125624,0.005219,0.009680,0.985101
1475,0,3.885255,-2.917900,-0.814796,0.989898,0.001099,0.009003
1476,0,-0.048573,-3.366773,2.859126,0.051677,0.001872,0.946451
1477,0,1.952848,-3.084620,1.023865,0.713549,0.004631,0.281820
1478,0,-1.302428,-3.555826,3.812203,0.005969,0.000627,0.993404
1479,0,2.848876,-3.220849,0.121566,0.936587,0.002165,0.061248
1480,0,0.178185,-1.843940,1.639498,0.183689,0.024316,0.791996
1481,0,-2.103730,-1.312012,3.177571,0.005004,0.011045,0.983951
1482,0,-1.560725,-1.917103,2.690221,0.013914,0.009742,0.976344
1483,0,-1.497763,-2.917920,3.760707,0.005170,0.001249,0.993581
1484,0,-0.341011,-3.152339,2.725842,0.044377,0.002668,0.952955
1485,0,0.143443,-4.322959,3.216935,0.044192,0.000508,0.955301
1486,0,1.137290,-3.540454,1.833331,0.331664,0.003084,0.665251
1487,0,-1.801506,-3.102618,4.088877,0.002756,0.000750,0.996493
1488,0,0.027118,-4.157577,3.232831,0.038928,0.000593,0.960479
1489,0,-0.856480,-2.979793,2.722530,0.027058,0.003237,0.969705
1490,0,-1.573283,-2.360422,3.163490,0.008656,0.003940,0.987404
1491,0,-1.148400,-3.296757,3.161565,0.013235,0.001544,0.985220
1492,0,-1.260793,-1.710563,2.899478,0.015215,0.009703,0.975082
1493,0,-2.162322,-1.990134,3.607996,0.003098,0.003680,0.993223
1494,0,-1.889563,-2.800378,3.652154,0.003898,0.001568,0.994534
1495,0,-1.329076,-3.441788,3.571572,0.007380,0.000892,0.991727
1496,0,-1.897452,-3.262409,4.298827,0.002032,0.000519,0.997449
1497,0,-0.260686,-2.770902,2.338729,0.068789,0.005589,0.925621
1498,0,-0.848012,-2.758920,2.813222,0.024964,0.003693,0.971342
1499,0,0.623955,-4.189444,2.712220,0.110144,0.000894,0.888962
1500,1,0.527154,-4.191433,3.075835,0.072468,0.000647,0.926885
1501,1,1.310685,-3.530088,1.602788,0.426050,0.003366,0.570584
1502,1,-0.412241,-3.816556,3.078926,0.029536,0.000981,0.969483
1503,1,-1.223196,0.085844,1.361280,0.055683,0.206171,0.738146
1504,1,1.732931,-4.453745,2.004863,0.432049,0.000889,0.567063
1505,1,-1.398247,-0.276590,1.475523,0.045927,0.140994,0.813079
1506,1,1.598532,-3.195642,1.178966,0.600381,0.004970,0.394650
1507,1,-1.138079,-0.223436,1.408870,0.061486,0.153461,0.785054
1508,1,-1.220923,-3.064153,3.626362,0.007779,0.001231,0.990990
1509,1,2.472126,-3.682932,0.806388,0.839508,0.001782,0.158710
1510,1,0.387044,-3.799154,2.366157,0.121190,0.001843,0.876968
1511,1,0.874791,-1.184463,0.476750,0.555808,0.070893,0.373300
1512,1,-1.567434,-1.898313,2.839921,0.011937,0.008575,0.979488
1513,1,-0.299473,-3.116350,2.452642,0.059753,0.003573,0.936674
1514,1,1.093576,-3.688443,1.886966,0.310630,0.002603,0.686767
1515,1,-1.907846,-1.173622,2.370789,0.013293,0.027701,0.959005
1516,1,-1.528454,-1.577637,2.538752,0.016571,0.015776,0.967653
1517,1,-1.336560,-2.830217,3.771534,0.006003,0.001348,0.992649
1518,1,0.215616,-4.159825,2.816043,0.069051,0.000869,0.930080
1519,1,0.185296,-3.541981,2.306446,0.106783,0.002569,0.890648
1520,1,2.269561,-3.894777,1.201171,0.743127,0.001563,0.255310
1521,1,-1.509317,1.497896,0.761818,0.032340,0.654271,0.313388
1522,1,-1.318277,-2.029510,3.017828,0.012837,0.006303,0.980860
1523,1,-2.053699,-1.593379,3.000869,0.006277,0.009946,0.983778
1524,1,2.641814,-3.563355,0.561420,0.887390,0.001792,0.110818
1525,1,0.690998,0.140398,-0.249926,0.508422,0.293158,0.198420
1526,1,0.621918,-3.782854,2.804816,0.101172,0.001236,0.897592
1527,1,-1.423903,-3.051744,3.956435,0.004581,0.000899,0.994520
1528,1,-0.773373,-3.382925,3.140205,0.019550,0.001438,0.979012
1529,1,1.583013,-4.184671,2.056577,0.383313,0.001199,0.615488
1530,1,-1.048880,-3.319978,3.726490,0.008357,0.000862,0.990780
1531,1,-0.789946,-3.406624,3.015962,0.021721,0.001587,0.976693
1532,1,0.353210,-1.414027,0.771546,0.371715,0.063490,0.564795
1533,1,-0.667052,-1.703897,1.785332,0.077098,0.027337,0.895566
1534,1,-1.565658,-3.167287,4.079493,0.003520,0.000709,0.995771
1535,1,-2.025543,-3.025202,3.955091,0.002519,0.000927,0.996555
1536,1,2.199645,-4.371809,1.574628,0.650765,0.000911,0.348324
1537,1,-1.332741,-2.493277,3.304248,0.009565,0.002997,0.987438
1538,1,-0.093164,-3.783804,2.865339,0.049276,0.001230,0.949495
1539,1,-0.281396,-4.149115,3.360937,0.025509,0.000533,0.973958
1540,1,-0.933331,-0.375077,1.301336,0.082706,0.144539,0.772755
1541,1,-0.250817,-1.642791,1.736835,0.117001,0.029085,0.853915
1542,1,-0.868298,-0.436917,1.360299,0.084558,0.130167,0.785275
1543,1,-2.467136,-0.590156,2.635883,0.005812,0.037975,0.956212
1544,1,-0.598946,-3.538612,2.976953,0.027189,0.001438,0.971373
1545,1,0.749296,-3.755728,2.263642,0.179937,0.001989,0.818074
1546,1,1.594016,-4.229732,1.988559,0.402145,0.001189,0.596666
1547,1,4.022224,-3.503540,-0.489915,0.988617,0.000533,0.010850
1548,1,-1.100347,-0.527248,1.489484,0.062107,0.110162,0.827731
1549,1,-0.891050,-0.964344,1.812105,0.059326,0.055133,0.885541
1550,1,0.218692,-3.390190,2.561778,0.087410,0.002367,0.910223
1551,1,-0.595439,-2.833703,2.835844,0.031228,0.003330,0.965442
1552,1,-0.549550,0.156070,0.937490,0.134245,0.271859,0.593896
1553,1,-0.580819,-0.747291,1.184186,0.130069,0.110122,0.759809
1554,1,-1.217797,-3.492904,3.960839,0.005601,0.000576,0.993823
1555,1,1.984425,-4.330543,1.687149,0.573182,0.001037,0.425782
1556,1,-0.059806,-4.343629,3.310981,0.033206,0.000458,0.966336
1557,1,-0.695839,-3.739024,3.299819,0.018048,0.000861,0.981092
1558,1,-1.370103,-3.342213,3.731818,0.006043,0.000841,0.993116
1559,1,1.924641,-4.367851,1.757193,0.541222,0.001001,0.457777
1560,1,-1.182647,-3.412624,3.755420,0.007112,0.000765,0.992123
1561,1,0.799607,-3.878689,2.064549,0.219675,0.002042,0.778283
1562,1,3.098504,-2.773594,-0.526524,0.971378,0.002736,0.025886
1563,1,-1.440497,-2.112677,3.124185,0.010252,0.005235,0.984513
1564,1,0.524183,-3.673847,2.036031,0.180176,0.002707,0.817117
1565,1,-1.509317,1.497896,0.761818,0.032340,0.654271,0.313388
1566,1,1.618097,-4.299451,2.386101,0.316641,0.000852,0.682507
1567,1,0.113003,-3.823428,3.098323,0.048048,0.000938,0.951014
1568,1,-0.907442,-3.515733,3.616287,0.010724,0.000790,0.988487
1569,1,1.607161,-4.566385,2.157020,0.365618,0.000762,0.633620
1570,1,-2.285235,-0.227876,2.289066,0.009453,0.073973,0.916574
1571,1,-1.007106,0.108513,1.234752,0.074282,0.226667,0.699051
1572,1,-0.615487,-2.559518,2.533632,0.040885,0.005852,0.953263
1573,1,1.290107,-3.872581,1.779907,0.379116,0.002171,0.618713
1574,1,-3.040049,-0.999826,3.541213,0.001370,0.010535,0.988095
1575,1,0.248105,-4.144032,3.140675,0.052488,0.000649,0.946863
1576,1,-0.118761,-3.326679,2.427078,0.072493,0.002932,0.924575
1577,1,-0.950076,-0.277950,1.337270,0.078081,0.152914,0.769004
1578,1,-2.797762,0.708763,1.978208,0.006538,0.217918,0.775544
1579,1,-1.713858,-2.923016,3.610611,0.004840,0.001445,0.993715
1580,1,-2.642037,-1.370321,3.376373,0.002407,0.008585,0.989008
1581,1,-0.569033,-3.410914,3.371258,0.019051,0.001111,0.979838
1582,1,-1.681489,-2.023696,3.182385,0.007620,0.005412,0.986968
1583,1,-0.663754,1.855963,-0.987143,0.070677,0.878174,0.051149
1584,1,-0.539682,-2.261845,2.169670,0.061735,0.011031,0.927234
1585,1,0.739302,-3.103355,1.801665,0.255452,0.005476,0.739072
1586,1,0.690250,-3.782765,2.203221,0.180128,0.002056,0.817816
1587,1,-0.927508,-0.465467,1.271999,0.086148,0.136744,0.777107
1588,1,-1.382755,1.760817,0.238406,0.034193,0.792824,0.172983
1589,1,1.814507,-2.937406,0.821460,0.725120,0.006262,0.268618
1590,1,-1.417881,-0.864446,2.016047,0.029641,0.051552,0.918808
1591,1,-0.674562,-3.821139,3.276797,0.018851,0.000811,0.980339
1592,1,-0.168072,-4.194248,3.464704,0.025750,0.000459,0.973791
1593,1,-1.014539,-2.762474,2.785921,0.021788,0.003794,0.974417
1594,1,-1.440890,-2.392973,3.094643,0.010564,0.004077,0.985359
1595,1,-1.316705,-2.258927,2.804164,0.015872,0.006186,0.977941
1596,1,2.000460,-3.744641,1.413064,0.641449,0.002052,0.356500
1597,1,0.488299,-1.935622,1.070047,0.347495,0.030779,0.621726
1598,1,-0.613333,-2.653775,2.866538,0.029775,0.003870,0.966355
1599,1,-2.114771,-1.497095,3.125624,0.005219,0.009680,0.985101
1600,1,-1.111418,-3.154199,3.685826,0.008176,0.001060,0.990764
1601,1,-0.850029,-3.794681,3.604842,0.011481,0.000604,0.987914
1602,1,1.714113,-3.854060,1.669067,0.510264,0.001948,0.487788
1603,1,0.534481,-3.645780,2.300380,0.145727,0.002229,0.852044
1604,1,0.422213,-1.839308,1.429582,0.260242,0.027115,0.712643
1605,1,-1.382245,0.980763,0.857020,0.047598,0.505627,0.446775
1606,1,-2.114771,-1.497095,3.125624,0.005219,0.009680,0.985101
1607,1,-2.133053,0.707198,1.645561,0.016162,0.276686,0.707152
1608,1,-0.173097,-3.962120,3.449466,0.026004,0.000588,0.973408
1609,1,-1.228373,1.359278,0.751211,0.046429,0.617437,0.336134
1610,1,0.609082,-2.611145,1.316454,0.325882,0.013018,0.661101
1611,1,-1.766148,-1.115222,2.190267,0.018120,0.034742,0.947138
1612,1,-2.425222,-2.585928,4.005697,0.001606,0.001368,0.997026
1613,1,-1.562828,-3.199746,4.052548,0.003626,0.000705,0.995669
1614,1,-1.644143,1.202243,1.085639,0.029802,0.513349,0.456849
1615,1,-0.130337,-1.487977,1.609152,0.143850,0.037008,0.819143
1616,1,-0.822165,-3.746742,3.631898,0.011490,0.000617,0.987893
1617,1,-2.112111,-2.482385,3.776681,0.002757,0.001904,0.995338
1618,1,-1.215537,-0.475719,1.524608,0.053807,0.112756,0.833436
1619,1,-1.509317,1.497896,0.761818,0.032340,0.654271,0.313388
1620,1,-1.714423,-1.493703,2.707744,0.011693,0.014580,0.973727
1621,1,-0.747057,0.024758,1.040506,0.109426,0.236765,0.653809
1622,1,-2.033365,-2.457581,3.842402,0.002794,0.001828,0.995378
1623,1,-0.560925,-1.482743,1.804249,0.083031,0.033029,0.883940
1624,1,-1.829258,-3.101009,4.195745,0.002410,0.000676,0.996914
1625,1,-1.289361,-1.750035,2.563429,0.020511,0.012939,0.966550
1626,1,0.142148,-3.657947,2.521946,0.084566,0.001892,0.913542
1627,1,1.287849,-4.533264,2.395630,0.248102,0.000735,0.751162
1628,1,2.289441,-3.659078,0.864140,0.804475,0.002099,0.193425
1629,1,0.768808,-4.010867,2.212276,0.190703,0.001602,0.807695
1630,1,-0.568031,-3.483689,3.215281,0.022215,0.001203,0.976582
1631,1,1.243589,-4.383196,2.133715,0.290779,0.001047,0.708174
1632,1,-1.090113,-0.629355,1.342637,0.071554,0.113433,0.815013
1633,1,0.701728,-2.852697,1.787986,0.250516,0.007164,0.742320
1634,1,-0.676092,-3.388027,3.207146,0.020142,0.001338,0.978520
1635,1,0.078175,-3.724800,2.587099,0.075109,0.001675,0.923216
1636,1,3.025058,-3.906910,0.738042,0.906992,0.000885,0.092122
1637,1,-0.421068,-3.869301,3.113037,0.028332,0.000901,0.970767
1638,1,-0.680531,-1.160978,1.428939,0.101395,0.062714,0.835891
1639,1,0.614533,1.006214,-0.737535,0.365207,0.540312,0.094481
1640,1,-1.469258,-1.369160,2.703462,0.014926,0.016497,0.968577
1641,1,0.105009,-0.052759,0.383126,0.314992,0.269018,0.415991
1642,1,-1.295626,-2.944172,3.757148,0.006343,0.001220,0.992437
1643,1,-1.314920,-2.677810,3.429545,0.008606,0.002202,0.989192
1644,1,0.931888,-0.218848,-0.445926,0.637538,0.201720,0.160742
1645,1,-0.549902,-3.800308,3.282566,0.021180,0.000821,0.977999
1646,1,-2.117205,-3.089438,4.231605,0.001745,0.000660,0.997595
1647,1,-1.509317,1.497896,0.761818,0.032340,0.654271,0.313388
1648,1,-1.005703,-3.758965,3.914456,0.007242,0.000461,0.992297
1649,1,-1.612605,-2.808147,3.474463,0.006127,0.001854,0.992020
1650,1,0.988405,-3.964993,1.998568,0.266446,0.001881,0.731673
1651,1,-0.294416,-3.659208,3.188066,0.029784,0.001030,0.969186
1652,1,0.227209,-2.965331,1.735575,0.179843,0.007386,0.812771
1653,1,1.299331,-4.273921,2.055862,0.319013,0.001212,0.679775
1654,1,-1.668035,-3.248905,3.996671,0.003452,0.000710,0.995838
1655,1,0.103231,-3.659917,2.654840,0.072197,0.001676,0.926127
1656,1,0.768135,-3.833532,2.445084,0.157251,0.001578,0.841171
1657,1,-0.021481,-2.497785,1.864974,0.130208,0.010944,0.858847
1658,1,0.267640,1.599306,-0.759950,0.194355,0.736091,0.069554
1659,1,-0.403708,-3.408120,3.158101,0.027566,0.001366,0.971067
1660,1,-0.366016,-0.648755,0.748741,0.208223,0.156941,0.634836
1661,1,-1.373760,-3.474940,3.912884,0.005030,0.000615,0.994355
1662,1,-2.975199,-1.210577,3.569275,0.001424,0.008315,0.990261
1663,1,3.223822,-2.483278,-0.785564,0.978984,0.003252,0.017763
1664,1,-0.906962,-1.137819,1.655594,0.067738,0.053774,0.878488
1665,1,-1.530717,-3.133502,3.926529,0.004244,0.000854,0.994902
1666,1,-0.458150,-3.839470,3.405554,0.020544,0.000699,0.978757
1667,1,-0.924045,-0.490114,1.352636,0.081383,0.125599,0.793018
1668,1,-1.160897,-0.375267,1.481720,0.057992,0.127223,0.814785
1669,1,-0.847158,-1.637408,2.073741,0.049971,0.022673,0.927356
1670,1,-0.707932,0.464980,0.863613,0.110553,0.357238,0.532209
1671,1,3.127843,-3.639470,0.374062,0.939111,0.001081,0.059809
1672,1,-0.978422,-2.893082,2.442323,0.031506,0.004644,0.963850
1673,1,0.652443,-4.272077,2.643296,0.120062,0.000872,0.879066
1674,1,-0.951761,-3.715177,3.643020,0.009997,0.000631,0.989372
1675,1,-0.268570,-0.357105,0.884038,0.196784,0.180111,0.623105
1676,1,0.005355,-4.064831,2.900602,0.052342,0.000894,0.946764
1677,1,-1.299835,0.732332,0.997711,0.053820,0.410681,0.535498
1678,1,-1.704052,-2.788122,3.858888,0.003818,0.001291,0.994891
1679,1,0.147290,-2.391098,1.673705,0.176036,0.013906,0.810058
1680,1,-2.114771,-1.497095,3.125624,0.005219,0.009680,0.985101
1681,1,-2.080774,-1.509137,3.182625,0.005104,0.009041,0.985855
1682,1,3.121766,-4.357488,0.924415,0.899554,0.000508,0.099938
1683,1,1.356679,-3.665015,1.882815,0.370511,0.002443,0.627046
1684,1,-2.078099,-2.621386,3.711344,0.003045,0.001769,0.995186
1685,1,-0.154643,-4.066349,3.199754,0.033729,0.000675,0.965596
1686,1,0.671001,-4.311324,2.730624,0.112996,0.000775,0.886229
1687,1,-1.123048,-1.984652,2.287996,0.031527,0.013319,0.955154
1688,1,-1.050530,-0.882004,1.415889,0.071614,0.084759,0.843627
1689,1,1.233616,-3.041163,1.463124,0.440161,0.006125,0.553714
1690,1,-1.126699,-2.455538,2.705700,0.021080,0.005582,0.973338
1691,1,-1.670463,-0.134876,1.784956,0.026798,0.124453,0.848748
1692,1,-2.406369,-2.642176,4.192722,0.001358,0.001073,0.997569
1693,1,-1.584500,-3.197336,3.779606,0.004656,0.000928,0.994417
1694,1,1.965345,0.701249,-1.926212,0.767514,0.216818,0.015668
1695,1,-1.023143,-3.118657,3.248747,0.013740,0.001690,0.984570
1696,1,-0.259837,-3.886025,2.997902,0.037013,0.000985,0.962002
1697,1,-0.589571,-0.326367,1.092401,0.130255,0.169474,0.700271
1698,1,0.087639,-3.715641,2.638428,0.072257,0.001611,0.926132
1699,1,-0.468573,-3.607900,3.164560,0.025724,0.001114,0.973162
1700,1,-2.113193,-0.402907,2.328255,0.010938,0.060490,0.928572
1701,1,-0.993873,-1.274875,1.977511,0.047006,0.035491,0.917504
1702,1,0.451965,1.649786,-1.028586,0.220245,0.729647,0.050108
1703,1,0.269672,-3.746501,2.662846,0.083569,0.001506,0.914925
1704,1,-0.213435,-4.022383,3.084452,0.035616,0.000790,0.963595
1705,1,-0.275159,-2.258589,2.159292,0.079699,0.010966,0.909334
1706,1,-0.837243,0.063817,1.139531,0.093619,0.230509,0.675872
1707,1,3.759071,-3.229213,-0.403179,0.983773,0.000908,0.015320
1708,1,0.607924,-3.508401,2.071407,0.187361,0.003055,0.809584
1709,1,0.796954,-3.545396,1.924896,0.243766,0.003170,0.753064
1710,1,0.800124,-0.940877,0.042347,0.608253,0.106654,0.285093
1711,1,-1.430895,-3.494116,3.918076,0.004728,0.000601,0.994672
1712,1,-1.479748,-2.913724,3.378519,0.007690,0.001833,0.990477
1713,1,0.152315,-4.229775,3.297644,0.041254,0.000516,0.958230
1714,1,-0.140127,-3.861743,3.036818,0.040004,0.000968,0.959028
1715,1,-0.994283,0.068136,1.201060,0.077661,0.224702,0.697637
1716,1,-1.316074,-0.240335,1.480963,0.049193,0.144241,0.806566
1717,1,0.500606,-3.210609,2.007384,0.180616,0.004416,0.814969
1718,1,0.010021,-3.036247,2.446543,0.080123,0.003809,0.916068
1719,1,1.241740,-4.331594,2.329670,0.251767,0.000956,0.747277
1720,1,1.175651,-4.410197,2.337224,0.238169,0.000893,0.760938
1721,1,-0.543912,-3.360512,3.100888,0.025423,0.001521,0.973057
1722,1,0.296182,-3.887233,2.326420,0.115859,0.001766,0.882374
1723,1,-0.625340,-3.893886,3.882576,0.010897,0.000415,0.988689
1724,1,0.396803,-3.871449,2.322070,0.127049,0.001779,0.871172
1725,1,-1.542524,-2.760248,3.637750,0.005586,0.001653,0.992761
1726,1,0.247742,-3.948455,2.625971,0.084740,0.001276,0.913985
1727,1,0.536451,-0.781450,0.545782,0.439160,0.117562,0.443278
1728,1,-1.983773,-1.183444,2.751405,0.008539,0.019010,0.972451
1729,1,1.595706,-4.239636,1.706378,0.471709,0.001379,0.526913
1730,1,1.726318,-3.536647,1.303937,0.602169,0.003119,0.394712
1731,1,-1.584964,-3.208720,3.565791,0.005755,0.001135,0.993110
1732,1,-1.143180,-0.279009,1.390128,0.062625,0.148611,0.788764
1733,1,-1.093925,1.532603,0.487305,0.050796,0.702289,0.246915
1734,1,0.185131,-2.888181,2.345983,0.102830,0.004758,0.892412
1735,1,-1.071875,-3.203123,3.538080,0.009843,0.001168,0.988989
1736,1,-0.751638,-3.898571,3.633069,0.012307,0.000529,0.987164
1737,1,-1.812919,-0.982396,2.560895,0.012101,0.027765,0.960134
1738,1,0.606120,-4.240847,2.567008,0.123252,0.000968,0.875781
1739,1,-0.725419,-0.275389,1.179614,0.107666,0.168859,0.723475
1740,1,-1.967207,-2.603437,3.782136,0.003169,0.001678,0.995153
1741,1,-1.382798,-2.784537,3.223029,0.009871,0.002430,0.987700
1742,1,-0.232949,-3.898765,3.006234,0.037681,0.000964,0.961355
1743,1,-1.143266,0.004133,1.404979,0.059051,0.186009,0.754941
1744,1,-1.487506,1.039690,0.982262,0.039466,0.494054,0.466480
1745,1,-1.514912,-2.529460,3.260269,0.008341,0.003024,0.988635
1746,1,2.988842,-4.105022,0.801550,0.898432,0.000746,0.100822
1747,1,0.835723,-4.166371,2.496856,0.159439,0.001072,0.839489
1748,1,-2.208462,-0.176954,2.185003,0.011167,0.085158,0.903674
1749,1,-1.661874,-1.742871,2.869199,0.010551,0.009730,0.979719
1750,1,-0.767268,-1.740714,1.850806,0.066282,0.025040,0.908678
1751,1,-2.763861,-1.346175,3.515451,0.001857,0.007664,0.990479
1752,1,-2.487622,-1.895853,3.754204,0.001936,0.003498,0.994566
1753,1,0.570240,-4.161707,2.507614,0.125797,0.001108,0.873095
1754,1,-1.732811,0.115732,1.807931,0.023899,0.151771,0.824330
1755,1,-0.702830,-3.645382,3.229136,0.019209,0.001013,0.979779
1756,1,-0.294007,-0.720900,0.879267,0.204704,0.133576,0.661719
1757,1,-0.835951,-3.823839,3.512940,0.012748,0.000642,0.986610
1758,1,-1.355900,0.006579,1.577414,0.042202,0.164835,0.792964
1759,1,-0.414980,0.741774,0.566863,0.146007,0.464245,0.389748
1760,1,1.726514,-0.963760,-0.663569,0.862452,0.058528,0.079020
1761,1,-2.483216,-1.996274,3.532617,0.002424,0.003945,0.993631
1762,1,-1.792425,-2.227167,2.958347,0.008524,0.005518,0.985958
1763,1,1.011812,-4.208162,2.293128,0.217071,0.001174,0.781755
1764,1,-0.535743,0.084102,0.926940,0.139350,0.259002,0.601648
1765,1,-0.980238,0.810579,0.972034,0.071230,0.426978,0.501792
1766,1,0.925686,-2.474177,0.927675,0.491311,0.016399,0.492290
1767,1,-1.096747,-2.608398,3.081460,0.015045,0.003318,0.981637
1768,1,1.818156,-3.809873,1.654080,0.539877,0.001941,0.458181
1769,1,0.732499,-3.933253,2.103025,0.202149,0.001903,0.795948
1770,1,0.018758,-2.165827,1.331885,0.207026,0.023296,0.769678
1771,1,0.620345,-3.754905,2.248034,0.163809,0.002062,0.834130
1772,1,-2.064335,-0.037744,1.851286,0.017016,0.129120,0.853864
1773,1,1.294083,-4.195906,2.085845,0.311390,0.001285,0.687325
1774,1,2.735798,-3.397482,0.099533,0.931274,0.002020,0.066706
1775,1,0.105658,1.840782,-0.623650,0.139823,0.792748,0.067429
1776,1,-1.253026,0.834013,0.859579,0.057701,0.465127,0.477172
1777,1,0.227791,-3.513120,2.455382,0.097076,0.002304,0.900620
1778,1,-1.460699,-1.741129,2.731704,0.014720,0.011120,0.974160
1779,1,-1.024946,0.068686,1.253086,0.072767,0.217216,0.710018
1780,1,-1.024715,-0.773244,1.596418,0.062355,0.080183,0.857462
1781,1,1.180131,-0.163835,-0.804803,0.715206,0.186532,0.098262
1782,1,0.536229,-3.292847,2.030891,0.182496,0.003966,0.813538
1783,1,0.338406,-4.192008,2.736455,0.083247,0.000897,0.915856
1784,1,-0.835304,-0.645283,1.389759,0.087235,0.105491,0.807275
1785,1,3.588500,-2.617584,-0.988175,0.987843,0.001993,0.010164
1786,1,-0.239373,-3.838717,3.137111,0.033009,0.000903,0.966089
1787,1,2.222172,-0.030920,-1.654553,0.888263,0.093333,0.018404
1788,1,1.617382,-4.398832,1.891828,0.431362,0.001052,0.567586
1789,1,-2.114771,-1.497095,3.125624,0.005219,0.009680,0.985101
1790,1,0.659387,-0.989715,0.085026,0.569707,0.109511,0.320782
1791,1,0.428755,-3.737593,2.356524,0.126748,0.001966,0.871286
1792,1,0.476328,-3.847380,2.570811,0.109475,0.001451,0.889074
1793,1,-1.286990,-3.322173,3.628552,0.007271,0.000950,0.991778
1794,1,-2.238710,-0.601274,2.660080,0.007129,0.036658,0.956213
1795,1,-2.548884,-1.656778,3.602404,0.002115,0.005162,0.992723
1796,1,-0.796371,-3.443428,3.424591,0.014457,0.001024,0.984518
1797,1,-0.515305,-1.625365,1.745818,0.091547,0.030168,0.878285
1798,1,-1.398701,1.583850,0.778043,0.033834,0.667828,0.298337
1799,1,-0.898929,-3.626016,3.730138,0.009663,0.000632,0.989705
1800,1,-2.248859,-2.377476,3.739859,0.002495,0.002194,0.995311
1801,1,2.153877,-4.075825,1.466529,0.664506,0.001309,0.334185
1802,1,0.001530,-0.492502,0.423285,0.319000,0.194641,0.486359
1803,1,1.413386,-3.270067,1.295868,0.526767,0.004871,0.468362
1804,1,-0.515356,-3.981764,3.279055,0.021986,0.000687,0.977327
1805,1,-1.518099,-3.143767,3.751069,0.005116,0.001007,0.993877
1806,1,-1.509317,1.497896,0.761818,0.032340,0.654271,0.313388
1807,1,-0.472560,-3.466133,2.972156,0.030879,0.001547,0.967574
1808,1,-0.157294,-2.044792,1.429230,0.165613,0.025082,0.809305
1809,1,-0.338363,-3.555291,2.805572,0.041263,0.001654,0.957084
1810,1,-2.114771,-1.497095,3.125624,0.005219,0.009680,0.985101
1811,1,0.368182,0.173439,0.258713,0.367734,0.302662,0.329604
1812,1,-0.901049,-0.101170,1.200765,0.087671,0.195092,0.717237
1813,1,0.454711,-3.588022,1.974646,0.178908,0.003140,0.817953
1814,1,-1.416598,-3.233823,3.511991,0.007176,0.001166,0.991658
1815,1,0.025981,-4.184286,2.984453,0.049302,0.000732,0.949967
1816,1,-2.256813,-1.296607,3.054619,0.004848,0.012665,0.982486
1817,1,0.511004,-2.685463,1.825857,0.209859,0.008585,0.781557
1818,1,0.263336,0.273942,0.050438,0.354748,0.358531,0.286721
1819,1,1.097413,-4.322409,2.239699,0.241642,0.001070,0.757288
1820,1,-0.944013,-3.522891,3.752282,0.009040,0.000686,0.990274
1821,1,-2.582307,-1.032479,2.936416,0.003921,0.018471,0.977608
1822,1,-0.784250,1.327652,0.372953,0.080354,0.664039,0.255607
1823,1,0.427768,-3.580555,2.173172,0.148228,0.002692,0.849080
1824,1,1.463909,-1.305832,-0.084504,0.784152,0.049149,0.166699
1825,1,0.028971,-0.178748,0.736917,0.260264,0.211448,0.528289
1826,1,1.476918,-4.292289,1.948564,0.383766,0.001198,0.615035
1827,1,-1.603893,-3.223493,4.066568,0.003432,0.000679,0.995888
1828,1,0.218083,-3.654818,2.614971,0.083266,0.001732,0.915002
1829,1,-1.274958,-2.980226,3.325058,0.009934,0.001805,0.988261
1830,1,-1.030618,-2.176613,2.734867,0.022471,0.007144,0.970386
1831,1,-0.013057,-0.622391,0.708918,0.277608,0.150939,0.571454
1832,1,-0.124417,1.052917,-0.085015,0.189183,0.614032,0.196785
1833,1,-1.239528,-3.416610,3.790898,0.006489,0.000736,0.992776
1834,1,0.330858,-4.191636,2.899792,0.071110,0.000772,0.928118
1835,1,0.538221,-1.245714,0.910859,0.381747,0.064124,0.554128
1836,1,1.958479,-1.652278,-0.409225,0.892278,0.024119,0.083602
1837,1,-0.119081,-3.558204,2.462778,0.070157,0.002252,0.927592
1838,1,2.773830,-4.359334,1.037578,0.849634,0.000678,0.149688
1839,1,1.833704,-4.620261,2.220560,0.404217,0.000636,0.595147
1840,1,-1.466049,-2.305977,3.413168,0.007521,0.003247,0.989232
1841,1,-0.298660,-3.628996,3.015954,0.035029,0.001253,0.963717
1842,1,0.779510,0.563059,-0.568685,0.484243,0.389995,0.125762
1843,1,0.127192,-2.688720,1.972291,0.135344,0.008100,0.856556
1844,1,-2.583653,-1.238830,3.278318,0.002807,0.010772,0.986421
1845,1,-1.165676,1.205438,0.748110,0.054089,0.579257,0.366654
1846,1,-1.509317,1.497896,0.761818,0.032340,0.654271,0.313388
1847,1,-0.780488,-3.079155,3.040911,0.021382,0.002147,0.976471
1848,1,-2.359508,-2.417861,3.786698,0.002133,0.002012,0.995855
1849,1,-2.114771,-1.497095,3.125624,0.005219,0.009680,0.985101
1850,1,0.706260,-4.388895,2.613764,0.129159,0.000791,0.870049
1851,1,3.338008,-3.197799,-0.118953,0.968077,0.001404,0.030519
1852,1,-0.380889,-2.830388,2.410620,0.057498,0.004964,0.937538
1853,1,-1.592817,-0.829937,2.107784,0.022927,0.049166,0.927906
1854,1,-1.937150,-2.177531,3.349535,0.005013,0.003942,0.991045
1855,1,1.753662,-2.577574,0.668648,0.740166,0.009734,0.250100
1856,1,0.782261,-3.654130,2.248841,0.187048,0.002214,0.810738
1857,1,-2.002981,-2.126543,3.231983,0.005274,0.004661,0.990065
1858,1,-1.622427,-3.038469,3.755931,0.004589,0.001114,0.994297
1859,1,2.608985,-0.812095,-1.507996,0.953315,0.031152,0.015533
1860,1,1.714380,-2.776669,0.517626,0.761393,0.008534,0.230073
1861,1,0.296809,-2.356982,1.536356,0.221022,0.015556,0.763421
1862,1,-0.423286,-0.043340,0.845734,0.166125,0.242909,0.590967
1863,1,1.530526,-3.914446,1.960559,0.393449,0.001699,0.604852
1864,1,0.235382,-3.578857,2.224123,0.120071,0.002648,0.877281
1865,1,-0.410683,-4.016502,3.727422,0.015696,0.000426,0.983878
1866,1,-1.425601,-1.584973,2.567603,0.017831,0.015204,0.966964
1867,1,-0.454299,-3.534699,3.189535,0.025456,0.001169,0.973375
1868,1,-3.216171,0.004258,2.750169,0.002403,0.060173,0.937424
1869,1,0.918602,-4.164951,2.320830,0.197221,0.001222,0.801556
1870,1,0.866449,-3.314036,1.640411,0.314107,0.004803,0.681090
1871,1,1.014719,-3.603312,1.828528,0.306151,0.003022,0.690826
1872,1,-1.094188,-3.283781,3.577322,0.009262,0.001037,0.989701
1873,1,-0.595348,-3.815785,3.194991,0.022070,0.000881,0.977049
1874,1,0.074871,-4.056749,2.888325,0.056550,0.000908,0.942542
1875,1,1.987933,-3.785444,1.326187,0.658302,0.002047,0.339651
1876,1,1.534916,-3.062279,1.149340,0.591667,0.005964,0.402369
1877,1,-2.173118,-1.346410,2.911262,0.006069,0.013873,0.980058
1878,1,0.035784,-3.883295,2.915823,0.053093,0.001054,0.945853
1879,1,0.637483,-3.013646,1.794346,0.237761,0.006173,0.756066
1880,1,1.321752,-4.257083,2.112673,0.311604,0.001177,0.687219
1881,1,-2.643281,-1.483924,3.359224,0.002447,0.007801,0.989751
1882,1,1.486325,1.837785,-2.277899,0.409111,0.581404,0.009485
1883,1,1.382426,-4.430737,2.097331,0.328194,0.000981,0.670826
1884,1,-1.083786,0.693594,0.994943,0.067075,0.396706,0.536219
1885,1,0.664069,-3.863347,2.282512,0.165124,0.001785,0.833091
1886,1,-2.166801,-2.946578,4.194832,0.001722,0.000790,0.997488
1887,1,-0.775073,-0.427322,1.191214,0.104603,0.148105,0.747292
1888,1,0.522232,-3.988790,2.518025,0.119488,0.001313,0.879199
1889,1,2.748610,-0.598364,-1.788222,0.956116,0.033646,0.010237
1890,1,0.587771,-3.655964,2.370999,0.143608,0.002061,0.854330
1891,1,1.157282,-3.887662,2.138765,0.272120,0.001753,0.726127
1892,1,-0.762444,-3.425272,3.279870,0.017233,0.001202,0.981565
1893,1,-2.231274,-2.016051,3.300139,0.003926,0.004868,0.991206
1894,1,0.753311,-4.056879,2.126993,0.201694,0.001643,0.796663
1895,1,0.613348,-3.709544,2.089051,0.185619,0.002462,0.811919
1896,1,-2.064005,-0.665030,2.431296,0.010566,0.042802,0.946632
1897,1,-0.615124,-3.201725,2.860467,0.029947,0.002254,0.967799
1898,1,2.779328,-3.751171,0.635575,0.893917,0.001304,0.104780
1899,1,-0.578101,-2.461429,2.490641,0.044117,0.006709,0.949173
1900,1,2.485482,-3.788926,0.661489,0.859650,0.001619,0.138730
1901,1,1.623704,-4.473403,1.881063,0.435586,0.000980,0.563434
1902,1,1.145678,-2.287546,0.987947,0.530121,0.017114,0.452766
1903,1,-2.230226,-2.651522,4.014312,0.001935,0.001270,0.996796
1904,1,-0.491253,-0.606936,1.041402,0.153346,0.136594,0.710060
1905,1,0.152342,-3.840345,2.654134,0.075627,0.001395,0.922978
1906,1,-1.816598,0.686403,1.230654,0.029174,0.356486,0.614339
1907,1,-0.580167,-1.600251,1.666171,0.092476,0.033344,0.874180
1908,1,1.086407,-4.155764,2.166846,0.253084,0.001338,0.745578
1909,1,-1.271059,-0.002198,1.536726,0.047326,0.168330,0.784344
1910,1,-1.682306,1.065187,1.182948,0.029277,0.456816,0.513907
1911,1,0.760827,-3.790591,2.082048,0.210148,0.002218,0.787634
1912,1,0.991962,-4.390136,2.571802,0.170684,0.000785,0.828531
1913,1,0.153892,0.411637,0.052195,0.312763,0.404718,0.282519
1914,1,2.603630,-4.553442,1.490045,0.752355,0.000586,0.247058
1915,1,-2.245859,-1.660316,3.266510,0.003991,0.007169,0.988840
1916,1,-1.019771,0.425501,1.095921,0.073864,0.313407,0.612729
1917,1,-0.373822,-3.728551,3.141544,0.028849,0.001007,0.970144
1918,1,1.370022,-4.015282,1.610677,0.439239,0.002013,0.558748
1919,1,0.674205,-3.488324,2.226996,0.174210,0.002712,0.823078
1920,1,2.882383,-1.906359,-0.776527,0.967040,0.008049,0.024911
1921,1,-0.117360,-0.155869,0.214584,0.297983,0.286726,0.415291
1922,1,-0.501783,-3.214749,2.970700,0.030045,0.001993,0.967961
1923,1,-1.524009,-3.018800,3.768349,0.004999,0.001121,0.993880
1924,1,-2.375737,-1.381807,3.077732,0.004215,0.011387,0.984398
1925,1,-0.331902,-3.837334,3.123085,0.030592,0.000919,0.968489
1926,1,0.172037,-1.525087,1.203754,0.250684,0.045928,0.703389
1927,1,0.799724,-3.096781,1.770656,0.273171,0.005549,0.721281
1928,1,-1.902386,-2.282629,3.303473,0.005434,0.003715,0.990851
1929,1,1.518092,-4.028120,1.843779,0.418606,0.001633,0.579761
1930,1,-1.307122,-3.498070,3.949354,0.005184,0.000580,0.994237
1931,1,-2.153334,0.797198,1.680344,0.015072,0.288117,0.696811
1932,1,1.772600,-4.361062,2.003185,0.442183,0.000959,0.556858
1933,1,-1.033219,-0.297266,0.919376,0.098674,0.205978,0.695348
1934,1,-1.268369,-3.365416,3.466127,0.008701,0.001069,0.990230
1935,1,-0.464460,-2.734939,2.866703,0.034395,0.003552,0.962053
1936,1,1.995672,-3.462684,1.411884,0.640188,0.002728,0.357085
1937,1,-1.509317,1.497896,0.761818,0.032340,0.654271,0.313388
1938,1,-2.136185,-0.250564,2.201682,0.011886,0.078332,0.909782
1939,1,2.176342,-2.703337,0.276910,0.864115,0.006567,0.129318
1940,1,1.953821,-4.505937,1.804589,0.536787,0.000840,0.462372
1941,1,0.115812,-3.586174,2.560370,0.079681,0.001966,0.918353
1942,1,-2.005843,-2.985837,3.949777,0.002582,0.000969,0.996449
1943,1,0.776849,-2.639483,1.041276,0.428171,0.014058,0.557771
1944,1,2.308255,-3.805963,1.056937,0.776193,0.001716,0.222090
1945,1,-0.570580,-2.984469,3.151181,0.023570,0.002109,0.974321
1946,1,-2.250865,-2.361374,3.793154,0.002361,0.002114,0.995524
1947,1,-1.985086,-2.426603,3.493655,0.004146,0.002666,0.993188
1948,1,-0.702357,-1.415346,2.166020,0.052360,0.025666,0.921974
1949,1,-1.455995,-3.613250,3.929564,0.004559,0.000527,0.994914
1950,1,-0.778191,-3.598078,3.663158,0.011635,0.000694,0.987672
1951,1,1.838773,-4.117945,1.689741,0.536443,0.001389,0.462168
1952,1,-0.795789,-3.785405,3.664143,0.011424,0.000575,0.988001
1953,1,-1.408700,1.132198,0.081942,0.055154,0.699965,0.244881
1954,1,-1.509317,1.497896,0.761818,0.032340,0.654271,0.313388
1955,1,-1.367681,-3.344736,3.816107,0.005571,0.000771,0.993657
1956,1,-1.253386,-3.655197,3.879077,0.005864,0.000531,0.993605
1957,1,0.432563,-3.477375,2.245208,0.139925,0.002804,0.857270
1958,1,1.391645,-4.033444,1.661754,0.432057,0.001903,0.566040
1959,1,3.005386,-3.601928,0.277253,0.937478,0.001266,0.061256
1960,1,3.910367,-3.552020,-0.349109,0.985509,0.000566,0.013925
1961,1,-2.680085,-0.658892,2.920023,0.003584,0.027051,0.969365
1962,1,-1.509317,1.497896,0.761818,0.032340,0.654271,0.313388
1963,1,2.134198,-4.359066,1.478894,0.657550,0.000995,0.341455
1964,1,-2.137452,-2.875647,4.001416,0.002151,0.001028,0.996822
1965,1,-0.414350,-3.029204,3.041791,0.030518,0.002233,0.967249
1966,1,-0.923641,-3.689312,3.743371,0.009307,0.000586,0.990107
1967,1,-0.461813,-0.873485,1.186638,0.145742,0.096560,0.757699
1968,1,-1.211987,-0.118052,0.882695,0.082584,0.246596,0.670819
1969,1,-0.939338,-3.463910,3.483947,0.011841,0.000948,0.987210
1970,1,-1.231963,-0.145529,1.461395,0.053348,0.158106,0.788546
1971,1,0.149424,-3.871049,2.692826,0.072776,0.001306,0.925918
1972,1,-0.069002,-3.388445,2.749984,0.056192,0.002033,0.941775
1973,1,-0.085459,-2.545961,1.733778,0.137883,0.011774,0.850343
1974,1,-0.126413,-4.024025,3.048482,0.040089,0.000813,0.959098
1975,1,1.726456,-3.844758,1.427835,0.572854,0.002180,0.424966
1976,1,-0.620499,-0.318584,1.233594,0.114438,0.154771,0.730791
1977,1,-0.088245,-2.343450,1.451999,0.173293,0.018170,0.808537
1978,1,0.027456,-3.760821,2.640738,0.068183,0.001543,0.930274
1979,1,-0.313602,-0.928474,1.118275,0.174604,0.094410,0.730987
1980,1,-0.776239,0.219705,0.662033,0.126252,0.341798,0.531950
1981,1,-0.123811,-3.980628,3.122628,0.037425,0.000791,0.961784
1982,1,1.554400,0.637274,-1.584022,0.692993,0.276965,0.030042
1983,1,-1.460034,-3.432201,3.782928,0.005253,0.000731,0.994016
1984,1,-0.977608,-3.545894,3.636819,0.009803,0.000752,0.989445
1985,1,1.289629,-4.383647,2.249467,0.276647,0.000951,0.722402
1986,1,-0.298613,-4.102830,3.389870,0.024386,0.000543,0.975070
1987,1,-0.951761,-3.715177,3.643020,0.009997,0.000631,0.989372
1988,1,1.194765,-4.048307,2.112120,0.285067,0.001506,0.713427
1989,1,-0.428373,-2.860788,2.482846,0.051369,0.004511,0.944120
1990,1,-1.322199,-1.081078,1.916371,0.036010,0.045829,0.918160
1991,1,-1.272017,-1.968568,2.457210,0.023178,0.011549,0.965273
1992,1,-0.973862,0.995348,0.665122,0.075104,0.538118,0.386778
1993,1,1.493546,-4.430171,2.027488,0.369233,0.000988,0.629779
1994,1,0.683918,-3.948367,2.632919,0.124511,0.001212,0.874277
1995,1,-1.014568,1.347225,0.429319,0.063103,0.669521,0.267376
1996,1,-1.012073,-0.115043,0.877001,0.099349,0.243634,0.657018
1997,1,-0.438447,-2.493240,2.118631,0.071295,0.009134,0.919571
1998,1,-2.007863,0.779411,1.623491,0.018182,0.295209,0.686609
1999,1,-1.075111,0.862166,0.582279,0.075841,0.526325,0.397833
2000,1,-0.795143,0.853027,0.554747,0.099458,0.516931,0.383611
2001,1,1.204504,-4.621773,2.606675,0.197357,0.000582,0.802061
2002,1,-0.881594,-3.707502,3.858419,0.008658,0.000513,0.990829
2003,1,-1.319703,1.135931,0.109901,0.059415,0.692408,0.248178
2004,1,2.473680,-4.073462,1.188565,0.782440,0.001122,0.216438
2005,1,0.261612,-3.421489,2.424335,0.102881,0.002587,0.894532
2006,1,-1.188169,-3.386072,3.809070,0.006706,0.000745,0.992549
2007,1,-2.925303,-0.811089,3.319860,0.001906,0.015783,0.982311
2008,1,0.452596,-4.058801,2.965084,0.074926,0.000823,0.924251
2009,1,-0.321884,-3.971101,3.089646,0.031911,0.000830,0.967259
2010,1,0.635277,-2.423408,1.405998,0.311694,0.014634,0.673672
2011,1,0.323733,-3.591398,2.889883,0.071248,0.001421,0.927332
2012,1,1.858812,-4.066551,1.495997,0.588794,0.001573,0.409633
2013,1,-0.628238,-1.418547,1.968900,0.067209,0.030493,0.902298
2014,1,-1.372960,-1.067029,1.747426,0.039979,0.054287,0.905734
2015,1,-2.587860,-2.397026,4.007778,0.001362,0.001649,0.996989
2016,1,-0.957563,-3.110430,3.165160,0.015913,0.001848,0.982239
2017,1,-0.083313,-3.566215,3.120222,0.038986,0.001198,0.959816
2018,1,-2.315510,-2.550807,3.938836,0.001915,0.001514,0.996571
2019,1,-1.015876,-0.380772,1.318506,0.075699,0.142860,0.781442
2020,1,-1.019771,0.425501,1.095921,0.073864,0.313407,0.612729
2021,1,-1.019771,0.425501,1.095921,0.073864,0.313407,0.612729
2022,1,-0.073008,-3.782193,3.301963,0.033060,0.000810,0.966130
2023,1,-2.390431,-0.326418,2.485788,0.007142,0.056263,0.936594
2024,1,1.517805,-3.653597,1.612117,0.475154,0.002697,0.522148
2025,1,-0.724674,-3.243147,3.442798,0.015236,0.001228,0.983536
2026,1,0.599253,-4.038377,2.884095,0.092304,0.000894,0.906803
2027,1,-0.870094,-3.396371,3.405446,0.013699,0.001095,0.985206
2028,1,-0.436118,-1.288943,1.496412,0.120002,0.051146,0.828852
2029,1,-1.717358,-1.272163,2.770653,0.010928,0.017057,0.972015
2030,1,-2.394689,-2.099744,3.771374,0.002089,0.002806,0.995105
2031,1,-0.130636,-2.950156,2.346518,0.077119,0.004599,0.918282
2032,1,0.766723,0.638058,-0.642686,0.470908,0.414055,0.115037
2033,1,0.023980,-3.721295,2.737267,0.062103,0.001467,0.936430
2034,1,3.179472,-4.078434,0.569363,0.930898,0.000656,0.068446
2035,1,2.209402,-3.578966,0.780679,0.804714,0.002465,0.192821
2036,1,-0.643450,0.116074,0.894044,0.128367,0.274353,0.597280
2037,1,0.811592,-2.679227,1.271561,0.382482,0.011656,0.605861
2038,1,-0.497730,-3.536541,3.094412,0.026767,0.001282,0.971951
2039,1,0.432329,-1.135317,0.763500,0.384448,0.080171,0.535381
2040,1,0.990050,-2.994174,1.551188,0.360845,0.006714,0.632441
2041,1,-0.477272,-3.885553,3.189580,0.024899,0.000824,0.974276
2042,1,-1.371179,-2.822799,3.653902,0.006518,0.001526,0.991955
2043,1,1.180273,-4.211700,2.242756,0.256535,0.001168,0.742297
2044,1,-1.340995,-3.560585,4.136427,0.004161,0.000452,0.995387
2045,1,0.151203,-3.734129,2.693799,0.072816,0.001496,0.925688
2046,1,2.714218,-4.437967,1.341595,0.797305,0.000624,0.202070
2047,1,-0.908097,-3.549664,3.714239,0.009727,0.000693,0.989579
2048,1,-2.114771,-1.497095,3.125624,0.005219,0.009680,0.985101
2049,1,0.564359,-1.467354,0.831021,0.410390,0.053806,0.535804
2050,1,-1.509317,1.497896,0.761818,0.032340,0.654271,0.313388
2051,1,0.650659,-3.529466,1.943187,0.214718,0.003284,0.781998
2052,1,-0.418711,-1.225393,1.591660,0.112203,0.050080,0.837717
2053,1,0.093282,-3.219696,2.336662,0.095588,0.003480,0.900932
2054,1,-1.039959,-3.203975,3.320756,0.012590,0.001446,0.985964
2055,1,0.316390,-0.814887,0.626390,0.372294,0.120110,0.507595
2056,1,1.008338,-4.438619,2.412981,0.196913,0.000849,0.802238
2057,1,0.721193,-4.106161,2.288495,0.172363,0.001380,0.826257
2058,1,-1.195160,-3.147641,3.572472,0.008419,0.001195,0.990386
2059,1,-0.980505,-3.148479,3.239552,0.014461,0.001654,0.983885
2060,1,-2.193030,-2.444602,3.865705,0.002328,0.001810,0.995862
2061,1,0.398331,1.149100,-0.798816,0.292339,0.619358,0.088302
2062,1,-0.685464,-0.419775,0.739504,0.154750,0.201844,0.643406
2063,1,-2.331288,0.361230,1.917793,0.011654,0.172111,0.816235
2064,1,0.397051,-2.513462,1.722557,0.207532,0.011300,0.781168
2065,1,2.327361,-4.117844,1.146546,0.764166,0.001214,0.234621
2066,1,2.197201,-4.008117,1.116533,0.745497,0.001505,0.252998
2067,1,0.700265,-3.464673,1.780979,0.252378,0.003920,0.743703
2068,1,-0.417348,-2.713959,2.385634,0.056836,0.005718,0.937446
2069,1,-1.518147,-3.286785,4.115012,0.003562,0.000608,0.995830
2070,1,-1.642459,-1.053636,2.111896,0.021974,0.039594,0.938432
2071,1,-1.509317,1.497896,0.761818,0.032340,0.654271,0.313388
2072,1,0.286242,-2.997377,1.878833,0.167955,0.006297,0.825747
2073,1,2.589945,-3.626255,0.667528,0.870891,0.001739,0.127370
2074,1,0.174944,-3.716647,2.805377,0.067113,0.001370,0.931517
2075,1,-0.739478,-3.508463,3.306387,0.017175,0.001077,0.981747
2076,1,0.809012,-4.274779,2.318533,0.180807,0.001120,0.818073
2077,1,-2.000517,1.214976,1.059048,0.021171,0.527494,0.451335
2078,1,-1.562828,-3.199746,4.052548,0.003626,0.000705,0.995669
2079,1,-0.444566,-4.053583,3.483354,0.019294,0.000522,0.980183
2080,1,-2.114771,-1.497095,3.125624,0.005219,0.009680,0.985101
2081,1,-1.494988,-2.817399,3.412493,0.007323,0.001951,0.990726
2082,1,-0.089354,-2.228686,1.993250,0.109372,0.012877,0.877751
2083,1,-0.611657,-3.248365,2.851745,0.030306,0.002170,0.967524
2084,1,2.857453,-4.467789,1.131572,0.848410,0.000559,0.151031
2085,1,-1.076508,-3.091283,3.328292,0.012052,0.001607,0.986341
2086,1,-0.742356,-3.492430,3.387799,0.015810,0.001011,0.983179
2087,1,0.673219,-4.097785,2.328267,0.160210,0.001357,0.838433
2088,1,-2.289066,-1.031984,2.578103,0.007437,0.026141,0.966422
2089,1,-1.641195,-3.119447,3.793743,0.004338,0.000989,0.994672
2090,1,1.486730,-4.422894,2.194304,0.329840,0.000895,0.669265
2091,1,0.344743,-3.977774,2.652709,0.090357,0.001199,0.908444
2092,1,1.021166,-2.756160,1.038124,0.490199,0.011218,0.498583
2093,1,0.348652,-2.612823,2.205428,0.134142,0.006941,0.858917
2094,1,0.471711,0.872542,-0.692024,0.356458,0.532215,0.111328
2095,1,-1.911148,-0.397745,1.815512,0.021239,0.096473,0.882288
2096,1,-0.282706,-3.184453,2.278584,0.071391,0.003921,0.924688
2097,1,-1.688303,1.203337,0.832988,0.031779,0.572745,0.395476
2098,1,-0.118504,-2.218998,1.635123,0.144972,0.017744,0.837285
2099,1,-1.009546,-3.010960,3.134722,0.015575,0.002105,0.982320
2100,1,-2.106298,0.233009,1.967223,0.014258,0.147910,0.837832
2101,1,-0.819499,-3.070832,2.893758,0.023757,0.002501,0.973742
2102,1,-0.551489,-3.545609,2.913517,0.030279,0.001516,0.968205
2103,1,-1.421169,-3.119359,3.677270,0.006062,0.001110,0.992828
2104,1,-2.605010,-1.819054,3.749355,0.001730,0.003795,0.994475
2105,1,-1.345297,-2.557590,3.584157,0.007163,0.002131,0.990706
2106,1,-0.383793,0.557090,0.480140,0.168500,0.431738,0.399762
2107,1,-0.889100,-2.366808,2.816454,0.023866,0.005445,0.970689
2108,1,-0.736620,-0.748958,1.291623,0.104292,0.103013,0.792695
2109,1,0.326445,-3.999159,3.051155,0.061481,0.000813,0.937706
2110,1,-0.468775,-0.344796,1.175073,0.136854,0.154918,0.708228
2111,1,-1.881703,-0.221579,1.687544,0.023952,0.125988,0.850060
2112,1,-0.090176,0.366492,-0.399866,0.301889,0.476623,0.221488
2113,1,-0.816199,-0.119643,1.173737,0.096881,0.194424,0.708694
2114,1,1.393303,-3.979047,1.935846,0.366970,0.001704,0.631326
2115,1,-1.155445,-3.605709,3.853527,0.006630,0.000572,0.992798
2116,1,-1.721719,-2.723067,3.418984,0.005807,0.002133,0.992059
2117,1,-1.819258,-2.513202,3.580688,0.004486,0.002241,0.993272
2118,1,0.457728,-4.001800,2.708682,0.095162,0.001101,0.903737
2119,1,-1.185419,-3.478935,3.461396,0.009492,0.000958,0.989550
2120,1,2.016720,-4.588493,1.738901,0.568574,0.000769,0.430657
2121,1,-0.997352,-3.575984,3.857671,0.007724,0.000586,0.991689
2122,1,-0.396024,0.470214,0.696911,0.157209,0.373834,0.468957
2123,1,-0.897729,-3.432959,3.389151,0.013547,0.001073,0.985380
2124,1,0.373074,-3.853296,2.542731,0.102355,0.001495,0.896150
2125,1,-1.401470,-1.514774,2.252423,0.024681,0.022037,0.953283
2126,1,-1.931695,-1.493873,2.982803,0.007205,0.011162,0.981633
2127,1,-0.174064,-3.883344,3.143298,0.034950,0.000856,0.964193
2128,1,-2.167300,-2.375368,3.542539,0.003293,0.002675,0.994032
2129,1,-1.759545,-0.092564,1.829479,0.023532,0.124630,0.851837
2130,1,-1.089579,-3.683942,3.926030,0.006587,0.000492,0.992921
2131,1,-0.817426,-1.183596,1.588092,0.078262,0.054266,0.867472
2132,1,0.267260,0.048919,0.250349,0.358798,0.288420,0.352781
2133,1,1.941114,-3.880777,1.536539,0.598723,0.001773,0.399504
2134,1,-1.324595,-0.028724,1.464244,0.047810,0.174705,0.777486
2135,1,-2.351031,-2.568570,3.985266,0.001765,0.001420,0.996815
2136,1,-1.768375,-3.190783,3.843147,0.003639,0.000877,0.995484
2137,1,-1.485193,-2.701615,3.198156,0.009138,0.002708,0.988154
2138,1,-1.509317,1.497896,0.761818,0.032340,0.654271,0.313388
2139,1,-0.967832,-2.864067,2.971816,0.019029,0.002857,0.978114
2140,1,-1.689842,-2.962404,3.663406,0.004704,0.001318,0.993978
2141,1,-1.173722,-2.208510,2.565621,0.023028,0.008182,0.968790
2142,1,-0.162064,-3.385943,2.662830,0.055869,0.002224,0.941907
2143,1,-2.660722,-1.707764,3.580586,0.001934,0.005015,0.993051
2144,1,-0.793405,-0.508071,0.904120,0.128359,0.170745,0.700896
2145,1,-0.352357,-3.418503,2.857868,0.038713,0.001804,0.959483
2146,1,1.932992,-2.561342,0.259848,0.834148,0.009319,0.156533
2147,1,-1.212475,1.397276,0.542719,0.049067,0.667100,0.283832
2148,1,0.678672,-3.453280,2.020085,0.206590,0.003316,0.790093
2149,1,0.561482,-4.100561,2.560424,0.119180,0.001126,0.879694
2150,1,2.197360,-4.594913,1.761693,0.606812,0.000681,0.392506
2151,1,-1.068046,-1.652754,2.320274,0.032079,0.017876,0.950045
2152,1,-1.007744,1.360365,0.404528,0.063362,0.676522,0.260116
2153,1,-0.790373,-0.370004,1.178751,0.103232,0.157173,0.739595
2154,1,-0.516888,-0.053712,0.931511,0.146083,0.232143,0.621774
2155,1,0.956747,-2.384224,1.327232,0.402603,0.014253,0.583144
2156,1,-1.556956,-2.092603,3.193271,0.008533,0.004994,0.986473
2157,1,-1.079824,1.166767,0.034576,0.074057,0.700238,0.225705
2158,1,-1.542524,-2.760248,3.637750,0.005586,0.001653,0.992761
2159,1,-0.877974,-1.219715,1.571544,0.075226,0.053450,0.871324
2160,1,2.091798,-2.233240,0.048380,0.875030,0.011579,0.113391
2161,1,0.145170,-3.552774,2.483488,0.087807,0.002175,0.910017
2162,1,0.507695,-2.489697,1.789938,0.214840,0.010724,0.774436
2163,1,-0.912194,-3.363789,3.297157,0.014620,0.001260,0.984120
2164,1,1.211459,-3.874716,1.939448,0.324982,0.002009,0.673009
2165,1,-1.019771,0.425501,1.095921,0.073864,0.313407,0.612729
2166,1,-1.396792,-3.234850,3.623107,0.006555,0.001043,0.992402
2167,1,2.193026,-3.660776,0.947122,0.774864,0.002223,0.222913
2168,1,-0.121655,-0.500297,0.836451,0.233016,0.159567,0.607416
2169,1,2.054649,-3.851121,1.232322,0.693418,0.001889,0.304693
2170,1,3.807761,-3.725249,-0.016979,0.978130,0.000523,0.021347
2171,1,1.781745,-3.999476,1.373980,0.599441,0.001849,0.398709
2172,1,-2.433768,-0.352975,2.483831,0.006864,0.054987,0.938149
2173,1,-2.046940,-2.125230,3.222404,0.005097,0.004713,0.990191
2174,1,-0.817530,-1.407134,2.043697,0.052528,0.029129,0.918343
2175,1,1.216815,0.882990,-1.292618,0.556330,0.398432,0.045238
2176,1,1.049114,-3.707693,1.989601,0.280126,0.002407,0.717467
2177,1,-0.411012,-3.532253,2.755645,0.040368,0.001780,0.957852
2178,1,-2.114771,-1.497095,3.125624,0.005219,0.009680,0.985101
2179,1,-2.120451,-2.494200,3.692734,0.002973,0.002046,0.994981
2180,1,-0.623091,-3.708173,3.189818,0.021585,0.000987,0.977428
2181,1,3.432599,-3.751209,0.132499,0.963727,0.000731,0.035542
2182,1,-1.042222,-0.277161,1.309136,0.073266,0.157457,0.769277
2183,1,2.114139,-1.219385,-0.808438,0.917884,0.032738,0.049377
2184,1,-1.677710,0.110088,1.580108,0.030331,0.181269,0.788399
2185,1,-1.406676,-3.131778,3.571652,0.006830,0.001217,0.991953
2186,1,-0.983272,-0.007817,1.247706,0.077153,0.204637,0.718210
2187,1,-0.524516,-3.662093,3.058145,0.027018,0.001172,0.971810
2188,1,-0.641220,-3.480937,3.044534,0.024430,0.001428,0.974142
2189,1,1.177522,-1.520501,0.314865,0.671421,0.045212,0.283366
2190,1,-0.909497,1.139478,0.448300,0.079067,0.613553,0.307381
2191,1,1.955360,-4.037548,1.389592,0.636772,0.001590,0.361638
2192,1,-0.584573,-4.015664,3.596181,0.015049,0.000487,0.984464
2193,1,-1.480338,-2.829370,3.627151,0.006005,0.001558,0.992436
2194,1,-2.680502,-1.047309,3.045343,0.003197,0.016368,0.980435
2195,1,0.914272,-3.624491,2.191631,0.217493,0.002324,0.780182
2196,1,-1.202880,-3.197702,3.331147,0.010608,0.001443,0.987949
2197,1,1.263971,-2.668428,1.230729,0.503296,0.009863,0.486841
2198,1,-0.986937,-3.362866,3.846518,0.007890,0.000733,0.991376
2199,1,0.139116,-4.005455,2.728359,0.069757,0.001106,0.929138
2200,1,0.542735,-4.302921,2.618740,0.111353,0.000876,0.887771
2201,1,0.442323,-2.656037,1.333061,0.287187,0.012959,0.699854
2202,1,-0.634826,-3.292220,2.806343,0.030966,0.002172,0.966862
2203,1,-1.509317,1.497896,0.761818,0.032340,0.654271,0.313388
2204,1,1.173857,-3.447901,1.634951,0.385261,0.003789,0.610950
2205,1,-0.304615,-1.843021,1.611302,0.124877,0.026814,0.848309
2206,1,-0.718605,-0.235650,1.206378,0.105531,0.171051,0.723418
2207,1,-1.808772,-1.310832,2.730237,0.010390,0.017096,0.972514
2208,1,-0.045170,-0.644265,0.909966,0.241061,0.132417,0.626523
2209,1,-0.726324,-2.843918,3.186803,0.019541,0.002351,0.978108
2210,1,-0.848854,-2.805039,2.890561,0.023140,0.003272,0.973588
2211,1,1.954017,-0.059017,-1.493596,0.858071,0.114624,0.027305
2212,1,-0.370307,-2.978158,2.481735,0.054357,0.004006,0.941637
2213,1,-2.114771,-1.497095,3.125624,0.005219,0.009680,0.985101
2214,1,2.595805,-2.437471,-0.182222,0.935735,0.006099,0.058166
2215,1,0.233558,-3.497251,2.514296,0.092525,0.002218,0.905257
2216,1,-0.906386,1.081506,0.548924,0.079454,0.580023,0.340524
2217,1,-1.700438,-2.722435,3.411614,0.005975,0.002150,0.991875
2218,1,-1.057441,0.913158,0.120311,0.087550,0.628169,0.284281
2219,1,-0.779138,-2.897868,2.676836,0.030479,0.003663,0.965858
2220,1,-1.019771,0.425501,1.095921,0.073864,0.313407,0.612729
2221,1,3.119385,-2.547534,-0.387611,0.967637,0.003347,0.029016
2222,1,1.791920,-4.263073,1.712693,0.519163,0.001218,0.479619
2223,1,-0.298411,-2.795679,2.367033,0.064697,0.005325,0.929978
2224,1,0.222445,-3.637769,2.784330,0.071524,0.001507,0.926969
2225,1,-0.713664,-0.222011,1.140071,0.110881,0.181293,0.707825
2226,1,2.333014,-2.467613,0.042026,0.901395,0.007414,0.091191
2227,1,-0.648664,-3.746249,3.155083,0.021780,0.000984,0.977237
2228,1,-1.972154,-2.608133,3.817748,0.003044,0.001612,0.995344
2229,1,-0.848758,-3.206564,3.472714,0.013090,0.001239,0.985671
2230,1,0.190037,-2.473173,1.645743,0.186664,0.013015,0.800322
2231,1,0.615240,-2.776790,1.707832,0.249027,0.008377,0.742596
2232,1,-0.810721,-3.193227,2.818711,0.025784,0.002380,0.971836
2233,1,-2.045541,-0.936385,2.395726,0.011247,0.034098,0.954655
2234,1,-1.305473,-3.453154,3.847147,0.005747,0.000671,0.993582
2235,1,2.562510,-4.203257,1.280992,0.782003,0.000901,0.217096
2236,1,-0.842193,-1.155440,1.755279,0.065960,0.048221,0.885819
2237,1,-0.620953,-3.547033,3.416410,0.017322,0.000929,0.981750
2238,1,-1.910394,-2.340711,3.689492,0.003676,0.002390,0.993934
2239,1,1.164184,-3.693705,1.785694,0.348492,0.002707,0.648801
2240,1,-1.124406,1.576759,0.349770,0.049347,0.735131,0.215521
2241,1,1.250461,-3.715023,1.683818,0.392249,0.002736,0.605015
2242,1,-0.391829,-3.241169,2.787831,0.039846,0.002306,0.957847
2243,1,-1.040153,-0.408659,1.383336,0.070594,0.132745,0.796661
2244,1,-1.322755,-1.421054,2.588229,0.019285,0.017479,0.963236
2245,1,-1.720374,-1.720118,2.878653,0.009863,0.009866,0.980271
2246,1,-1.406809,-0.582252,1.876099,0.033407,0.076197,0.890397
2247,1,2.882383,-1.906359,-0.776527,0.967040,0.008049,0.024911
2248,1,0.247614,-3.882485,2.609908,0.085974,0.001383,0.912643
2249,1,-0.937457,-3.311590,3.377779,0.013171,0.001226,0.985603
2250,1,-0.838804,-0.406373,1.292694,0.091170,0.140493,0.768336
2251,1,3.960668,-3.401204,-0.513862,0.988112,0.000627,0.011260
2252,1,0.051449,-3.619182,2.741750,0.063445,0.001615,0.934939
2253,1,1.331504,-3.693743,1.614369,0.428542,0.002816,0.568643
2254,1,-1.028936,-3.326565,3.391634,0.011870,0.001193,0.986937
2255,1,-0.480997,-3.792771,3.160921,0.025509,0.000930,0.973561
2256,1,1.019195,-4.345956,2.225620,0.230086,0.001076,0.768838
2257,1,-1.026554,-2.154554,2.374387,0.031933,0.010336,0.957731
2258,1,-0.162751,-1.344941,1.147969,0.199384,0.061132,0.739484
2259,1,-0.386432,-1.753242,1.670535,0.110167,0.028084,0.861749
2260,1,-0.698051,-0.851276,1.328798,0.105842,0.090806,0.803353
2261,1,1.064326,-2.578644,1.242436,0.450221,0.011784,0.537995
2262,1,-2.421769,-0.902216,2.884681,0.004826,0.022056,0.973117
2263,1,0.589488,-4.204089,2.587307,0.119314,0.000988,0.879698
2264,1,-1.505781,-2.135045,3.140398,0.009459,0.005042,0.985500
2265,1,-1.588002,0.993824,1.037624,0.035670,0.471607,0.492723
2266,1,-0.826003,-0.777266,1.252075,0.099611,0.104586,0.795803
2267,1,-0.848374,-0.255486,1.238554,0.092002,0.166451,0.741547
2268,1,-0.072720,-3.894989,3.201478,0.036438,0.000797,0.962765
2269,1,-1.365788,-3.245488,3.826338,0.005525,0.000843,0.993632
2270,1,0.228111,-3.935641,2.610731,0.084397,0.001312,0.914291
2271,1,1.359583,-3.588329,1.661040,0.423922,0.003009,0.573069
2272,1,1.048823,-4.666168,2.877307,0.138356,0.000456,0.861188
2273,1,-1.564408,0.378914,1.223096,0.041284,0.288243,0.670473
2274,1,-2.301715,-2.649068,4.202980,0.001493,0.001055,0.997453
2275,1,2.682512,-4.400939,1.259220,0.805310,0.000676,0.194015
2276,1,-0.759135,-3.800334,3.481670,0.014182,0.000678,0.985140
2277,1,-0.934560,-2.894065,2.643042,0.027079,0.003816,0.969104
2278,1,-0.898369,-3.871362,3.843591,0.008642,0.000442,0.990916
2279,1,-2.605031,-0.268871,2.527695,0.005530,0.057192,0.937278
2280,1,-0.710836,0.045717,0.979451,0.116932,0.249173,0.633894
2281,1,-2.212796,-2.298517,3.660532,0.002798,0.002569,0.994633
2282,1,-1.819635,-2.905660,3.612619,0.004348,0.001468,0.994185
2283,1,1.780097,-2.121955,0.349160,0.794101,0.016041,0.189858
2284,1,0.865819,-4.285077,2.354546,0.183917,0.001066,0.815018
2285,1,-0.760552,-0.518248,1.259980,0.101869,0.129800,0.768331
2286,1,-0.408015,-3.326999,2.850540,0.036947,0.001995,0.961058
2287,1,-2.181035,0.414519,1.922879,0.013337,0.178766,0.807898
2288,1,-2.114771,-1.497095,3.125624,0.005219,0.009680,0.985101
2289,1,-1.075869,-3.731621,3.734953,0.008071,0.000567,0.991362
2290,1,0.002598,-0.860776,0.413634,0.341283,0.143932,0.514785
2291,1,1.115341,-4.421712,2.408986,0.215054,0.000847,0.784099
2292,1,-0.610988,-3.568501,3.068146,0.024592,0.001277,0.974131
2293,1,1.128254,-4.313962,2.298019,0.236655,0.001025,0.762320
2294,1,-1.217069,-2.965508,3.158342,0.012400,0.002158,0.985442
2295,1,2.163704,-3.419796,1.034516,0.753548,0.002833,0.243619
2296,1,-0.662469,-0.193340,1.304738,0.102572,0.163971,0.733457
2297,1,1.339625,-1.311196,-0.068642,0.760364,0.053677,0.185960
2298,1,-0.948038,-3.264847,3.084366,0.017393,0.001715,0.980892
2299,1,0.364732,1.046806,-0.567341,0.296585,0.586639,0.116776
2300,1,-0.564572,-2.308497,2.122330,0.063048,0.011023,0.925929
2301,1,-0.801258,-3.413062,3.358340,0.015356,0.001127,0.983516
2302,1,-1.509317,1.497896,0.761818,0.032340,0.654271,0.313388
2303,1,0.589032,-4.222647,2.414733,0.138595,0.001127,0.860278
2304,1,-3.010681,0.010014,2.690407,0.003118,0.063940,0.932941
2305,1,-1.087748,-2.473511,2.898809,0.018142,0.004538,0.977320
2306,1,-1.509317,1.497896,0.761818,0.032340,0.654271,0.313388
2307,1,0.494519,-4.136806,2.535960,0.114792,0.001118,0.884090
2308,1,3.208546,-4.310946,0.849190,0.913222,0.000495,0.086282
2309,1,-1.087380,-2.911095,3.091222,0.015052,0.002430,0.982518
2310,1,2.170349,-3.978187,1.327285,0.698067,0.001491,0.300441
2311,1,0.227296,0.564097,-0.028106,0.314954,0.441081,0.243965
2312,1,-0.679588,-1.938650,2.018902,0.061953,0.017590,0.920457
2313,1,-1.317985,-1.963598,2.908554,0.014285,0.007490,0.978225
2314,1,0.380358,-3.358209,2.117480,0.149148,0.003548,0.847304
2315,1,-0.978531,-0.779161,1.450036,0.073729,0.089996,0.836276
2316,1,-1.509317,1.497896,0.761818,0.032340,0.654271,0.313388
2317,1,-1.988798,1.037939,0.849688,0.025827,0.532799,0.441374
2318,1,0.902720,-4.364167,2.629723,0.150854,0.000778,0.848368
2319,1,-1.410255,-3.398653,4.018976,0.004365,0.000598,0.995038
2320,1,-1.683134,-2.814766,3.811026,0.004088,0.001319,0.994593
2321,1,-0.730095,-3.168352,3.643747,0.012432,0.001086,0.986482
2322,1,-1.271403,-3.616598,3.879684,0.005757,0.000552,0.993692
2323,1,-0.237704,-2.473407,2.405151,0.065962,0.007052,0.926985
2324,1,-0.211243,-3.144458,2.493835,0.062466,0.003325,0.934209
2325,1,-0.355661,0.273262,0.592534,0.183263,0.343726,0.473011
2326,1,-0.318050,-0.797145,1.327170,0.147026,0.091060,0.761914
2327,1,-0.207464,-0.776001,0.446605,0.286557,0.162293,0.551150
2328,1,-0.430120,-3.610648,3.345156,0.022396,0.000931,0.976673
2329,1,-2.000709,-1.504970,2.989677,0.006683,0.010971,0.982346
2330,1,1.588916,-4.275056,1.723262,0.465847,0.001323,0.532830
2331,1,-1.361016,-3.391786,3.764370,0.005904,0.000775,0.993321
2332,1,-0.178181,-2.738897,2.169393,0.086675,0.006696,0.906630
2333,1,-0.354785,-3.312988,2.753270,0.042681,0.002216,0.955103
2334,1,-0.249629,-3.951827,3.151721,0.032228,0.000795,0.966977
2335,1,-0.474702,-3.662967,3.282821,0.022788,0.000940,0.976273
2336,1,-0.071716,-3.357607,2.597275,0.064671,0.002419,0.932910
2337,1,-0.752446,1.554662,0.233667,0.072854,0.731840,0.195306
2338,1,1.041106,-2.984302,1.265628,0.440610,0.007868,0.551522
2339,1,-1.208703,1.800312,-0.456984,0.042757,0.866571,0.090672
2340,1,-0.773180,-0.308706,1.079765,0.111486,0.177394,0.711121
2341,1,-0.083243,-4.107205,3.044393,0.041950,0.000750,0.957300
2342,1,-0.181435,-3.943172,2.830266,0.046849,0.001089,0.952062
2343,1,-2.970452,-0.859929,3.181219,0.002089,0.017238,0.980674
2344,1,-1.576895,-1.883605,2.595768,0.015010,0.011045,0.973945
2345,1,-0.263061,-3.944858,2.990929,0.037149,0.000935,0.961916
2346,1,-0.096169,-2.552020,2.030951,0.105525,0.009053,0.885422
2347,1,1.661678,-4.474417,2.043718,0.405279,0.000877,0.593844
2348,1,-1.024302,-0.493883,1.346775,0.074579,0.126758,0.798663
2349,1,-1.081781,-3.242769,3.673932,0.008521,0.000982,0.990498
2350,1,-0.188683,-3.432812,2.651853,0.055054,0.002147,0.942799
2351,1,-1.249618,-1.396206,2.138009,0.031787,0.027453,0.940760
2352,1,-2.764326,-2.425849,4.338679,0.000821,0.001152,0.998027
2353,1,-1.807563,-2.344692,3.312136,0.005922,0.003461,0.990617
2354,1,-1.233022,1.681525,0.327397,0.041320,0.761962,0.196718
2355,1,-2.114771,-1.497095,3.125624,0.005219,0.009680,0.985101
2356,1,-2.246599,-2.859863,4.213643,0.001561,0.000845,0.997594
2357,1,2.085830,-4.206425,1.610138,0.616027,0.001140,0.382833
2358,1,-0.991262,0.116044,1.142115,0.080195,0.242687,0.677117
2359,1,0.964053,-0.877559,-0.285863,0.691998,0.109724,0.198277
2360,1,-0.193106,-2.642844,2.079237,0.092692,0.008001,0.899307
2361,1,-2.277745,-2.105975,3.573368,0.002859,0.003394,0.993747
2362,1,1.220307,-4.223790,2.073323,0.298415,0.001290,0.700295
2363,1,-1.740802,0.637609,1.355369,0.029498,0.318215,0.652288
2364,1,0.867163,-4.360527,2.936106,0.112085,0.000601,0.887314
2365,1,0.029195,-4.108789,3.063004,0.045888,0.000732,0.953380
2366,1,0.404009,0.515751,-0.429680,0.391747,0.438061,0.170192
2367,1,-0.827783,-3.662312,3.441782,0.013784,0.000810,0.985407
2368,1,-0.525579,-3.061946,2.725505,0.037178,0.002943,0.959879
2369,1,-0.420168,0.322726,0.671543,0.164436,0.345647,0.489917
2370,1,2.396944,-3.604642,0.858006,0.821636,0.002033,0.176330
2371,1,-0.419005,-0.562768,0.852963,0.184028,0.159385,0.656587
2372,1,-0.878772,-3.851003,3.679677,0.010364,0.000531,0.989105
2373,1,-2.408767,-1.679300,3.400048,0.002974,0.006167,0.990859
2374,1,0.209428,-2.032241,1.311725,0.242874,0.025813,0.731313
2375,1,-0.822715,-0.533231,1.205198,0.100665,0.134462,0.764873
2376,1,0.776568,-4.098133,2.489481,0.152608,0.001166,0.846226
2377,1,3.319145,-3.966834,0.294548,0.953050,0.000653,0.046297
2378,1,0.300220,-0.150087,-0.067910,0.429284,0.273640,0.297076
2379,1,-2.098627,-2.347174,3.704887,0.003001,0.002340,0.994659
2380,1,-0.813234,-2.050559,2.352533,0.040005,0.011608,0.948388
2381,1,-1.370966,-3.278127,3.732313,0.006035,0.000896,0.993069
2382,1,-1.200750,-0.622131,1.352901,0.063949,0.114057,0.821994
2383,1,3.547647,-4.022080,0.250778,0.963842,0.000497,0.035661
2384,1,0.120274,-4.060119,2.889663,0.058948,0.000901,0.940151
2385,1,-1.676421,-1.097029,2.368577,0.016696,0.029801,0.953503
2386,1,-2.281481,-2.777325,4.255091,0.001446,0.000881,0.997673
2387,1,-0.382565,1.062295,0.139299,0.144375,0.612330,0.243295
2388,1,0.675306,-2.999704,1.670404,0.268072,0.006795,0.725132
2389,1,-1.509317,1.497896,0.761818,0.032340,0.654271,0.313388
2390,1,1.556813,-2.137265,0.421972,0.742752,0.018473,0.238775
2391,1,0.107636,-3.378734,2.384050,0.092831,0.002842,0.904328
2392,1,-1.045972,-0.025074,1.323452,0.069123,0.191864,0.739012
2393,1,-1.834705,-2.870770,3.788329,0.003596,0.001276,0.995128
2394,1,-1.694740,0.204597,1.838290,0.023861,0.159428,0.816711
2395,1,-1.647819,-3.187516,3.882583,0.003945,0.000846,0.995209
2396,1,-0.176598,-3.881216,2.960285,0.041569,0.001023,0.957408
2397,1,0.982016,-4.009243,2.076170,0.250410,0.001702,0.747888
2398,1,-0.740701,-0.384295,1.188918,0.107353,0.153320,0.739327
2399,1,1.555475,-4.010743,2.015662,0.386370,0.001478,0.612153
2400,1,-1.214945,-3.331666,3.603759,0.008005,0.000964,0.991031
2401,1,-0.109394,-3.574998,2.648777,0.059516,0.001860,0.938624
2402,1,-0.617267,-3.167379,2.798803,0.031718,0.002476,0.965805
2403,1,-1.509317,1.497896,0.761818,0.032340,0.654271,0.313388
2404,1,-0.275849,-3.489109,3.202873,0.029888,0.001202,0.968910
2405,1,-0.832583,-2.967561,2.936639,0.022490,0.002659,0.974851
2406,1,-1.107397,-2.903257,2.978829,0.016480,0.002735,0.980785
2407,1,2.003273,-4.482048,1.931875,0.517433,0.000789,0.481777
2408,1,-1.144133,-0.652110,1.464461,0.061669,0.100867,0.837463
2409,1,-0.983610,-3.439224,3.883102,0.007635,0.000655,0.991710
2410,1,-0.102281,0.857798,-0.312159,0.226112,0.590583,0.183305
2411,1,-2.114771,-1.497095,3.125624,0.005219,0.009680,0.985101
2412,1,0.318477,-4.119308,2.784410,0.078209,0.000925,0.920867
2413,1,-0.429836,-2.895428,2.480954,0.051397,0.004367,0.944236
2414,1,0.486393,-2.440474,1.256788,0.311121,0.016665,0.672214
2415,1,-1.351942,-0.876089,1.763490,0.039757,0.063985,0.896258
2416,1,-1.939288,-2.616630,3.756820,0.003342,0.001698,0.994960
2417,1,0.215744,-3.866043,2.466934,0.095094,0.001605,0.903301
2418,1,-2.975199,-1.210577,3.569275,0.001424,0.008315,0.990261
2419,1,1.274117,-3.910640,1.927325,0.341612,0.001913,0.656474
2420,1,-1.363945,-3.537827,3.946931,0.004911,0.000559,0.994531
2421,1,-1.105256,-3.756694,3.801017,0.007342,0.000518,0.992140
2422,1,-0.681958,-2.126382,2.174790,0.053646,0.012654,0.933700
2423,1,-0.274668,-1.601741,1.261921,0.169091,0.044852,0.786057
2424,1,-2.039056,-2.367062,3.418072,0.004235,0.003051,0.992715
2425,1,-0.767345,-3.648174,3.255284,0.017574,0.000986,0.981441
2426,1,-2.063944,-0.319987,2.200632,0.012844,0.073469,0.913686
2427,1,1.286652,-3.993001,1.811713,0.370967,0.001890,0.627143
2428,1,-1.656575,-2.295406,3.226180,0.007489,0.003954,0.988557
2429,1,-1.314998,-3.034110,3.655056,0.006886,0.001234,0.991879
2430,1,-1.271118,-0.557566,1.555942,0.050158,0.102384,0.847458
2431,1,-1.363310,-3.375654,3.588671,0.007013,0.000937,0.992049
2432,1,-0.204377,-3.576773,2.595269,0.057231,0.001963,0.940806
2433,1,-1.509317,1.497896,0.761818,0.032340,0.654271,0.313388
2434,1,2.971987,-4.267194,1.021814,0.874916,0.000628,0.124456
2435,1,-0.513776,-2.311200,2.372287,0.052388,0.008682,0.938930
2436,1,-1.048432,0.793432,0.775534,0.074049,0.467119,0.458833
2437,1,-1.142282,-0.165757,1.319004,0.065040,0.172696,0.762264
2438,1,-1.605209,-0.127168,1.852917,0.026924,0.118044,0.855032
2439,1,1.201537,-3.569940,1.725699,0.370712,0.003139,0.626149
2440,1,1.428160,-2.014862,0.209399,0.753259,0.024080,0.222661
2441,1,-1.898548,-1.282004,2.754361,0.009281,0.017194,0.973525
2442,1,2.376271,-3.473836,0.654754,0.846257,0.002437,0.151306
2443,1,3.223349,-3.373655,0.105937,0.956356,0.001305,0.042339
2444,1,-2.757110,-1.080896,3.170086,0.002622,0.014013,0.983365
2445,1,-1.952692,-2.543165,3.830476,0.003064,0.001698,0.995238
2446,1,-0.198326,-3.610438,2.626042,0.055918,0.001844,0.942238
2447,1,1.969647,-3.984715,1.554857,0.601296,0.001560,0.397143
2448,1,-1.276520,-2.981635,3.181901,0.011424,0.002076,0.986499
2449,1,-1.892685,-3.022014,4.011558,0.002718,0.000879,0.996403
2450,1,-0.998377,1.671259,0.338111,0.051974,0.750230,0.197795
2451,1,1.927203,-4.475049,2.088751,0.459350,0.000762,0.539888
2452,1,0.025981,-4.184286,2.984453,0.049302,0.000732,0.949967
2453,1,-1.340715,-3.415762,3.533616,0.007575,0.000951,0.991474
2454,1,0.422213,-1.839308,1.429582,0.260242,0.027115,0.712643
2455,1,0.028982,-3.541180,2.744749,0.061941,0.001744,0.936315
2456,1,-2.444585,-2.112033,3.563649,0.002444,0.003408,0.994148
2457,1,1.343277,-1.959215,0.604191,0.660353,0.024295,0.315352
2458,1,0.166631,-3.659345,2.556228,0.083816,0.001827,0.914357
2459,1,-1.842566,0.545415,1.525698,0.024438,0.266168,0.709394
2460,1,-2.274662,-1.246925,3.159338,0.004294,0.012002,0.983704
2461,1,-1.799986,0.126329,1.257705,0.034314,0.235538,0.730148
2462,1,-0.117722,-1.214281,1.096512,0.212688,0.071042,0.716271
2463,1,0.306936,-4.098576,2.634270,0.088788,0.001084,0.910128
2464,1,-1.001651,-0.311357,1.599050,0.060726,0.121106,0.818169
2465,1,1.180131,-0.163835,-0.804803,0.715206,0.186532,0.098262
2466,1,-0.229172,-0.467468,0.907870,0.203853,0.160630,0.635518
2467,1,-1.506146,-3.327401,3.828750,0.004794,0.000776,0.994431
2468,1,-1.655306,-2.948167,3.987645,0.003526,0.000968,0.995506
2469,1,-0.071842,-3.800072,2.683939,0.059675,0.001434,0.938890
2470,1,-1.319390,0.302302,1.172556,0.055107,0.278934,0.665959
2471,1,-0.641802,-3.774317,3.441256,0.016564,0.000722,0.982713
2472,1,0.935228,-1.941318,0.721228,0.536574,0.030225,0.433202
2473,1,0.905957,-0.678017,-0.166563,0.646286,0.132591,0.221124
2474,1,2.667566,-4.324108,1.057087,0.832840,0.000766,0.166395
2475,1,-1.713012,-2.955097,3.709015,0.004393,0.001269,0.994338
2476,1,-2.774812,-1.173601,3.169549,0.002580,0.012796,0.984624
2477,1,-0.379003,-0.942729,0.704160,0.221088,0.125818,0.653095
2478,1,-0.097924,1.043824,-0.151375,0.196843,0.616559,0.186598
2479,1,3.358870,-3.046562,-0.338200,0.974233,0.001610,0.024157
2480,1,0.264637,-3.360017,2.412063,0.104281,0.002780,0.892939
2481,1,1.211780,-3.925189,1.839520,0.347313,0.002041,0.650647
2482,1,-0.783616,-2.933939,2.887651,0.024741,0.002881,0.972378
2483,1,1.222380,-2.593526,1.081750,0.528869,0.011644,0.459487
2484,1,-1.366283,-3.171465,3.698425,0.006270,0.001031,0.992699
2485,1,1.096404,-3.972339,1.731575,0.345586,0.002174,0.652240
2486,1,-0.263296,-4.188117,3.261648,0.028595,0.000565,0.970841
2487,1,-0.983524,-2.950219,3.155590,0.015653,0.002190,0.982157
2488,1,-0.528442,-3.136243,2.817775,0.033934,0.002501,0.963565
2489,1,-0.799472,-3.621961,3.248842,0.017135,0.001019,0.981846
2490,1,0.786660,-4.385023,2.716662,0.126659,0.000719,0.872622
2491,1,-0.183503,-3.830934,2.872533,0.044905,0.001170,0.953925
2492,1,-0.375015,-0.034573,0.544300,0.203536,0.286084,0.510381
2493,1,0.647321,-4.153741,2.353257,0.153498,0.001262,0.845240
2494,1,-0.455717,-3.617241,3.087533,0.028073,0.001189,0.970738
2495,1,-1.504029,0.437199,1.250758,0.042221,0.294165,0.663614
2496,1,-0.223470,-3.169985,2.328653,0.072011,0.003782,0.924207
2497,1,-1.635940,-2.505918,3.705892,0.004755,0.001992,0.993253
2498,1,1.598737,-3.331431,1.131247,0.612071,0.004422,0.383507
2499,1,0.025981,-4.184286,2.984453,0.049302,0.000732,0.949967
2500,1,0.302762,-3.379694,2.713695,0.082173,0.002068,0.915760
2501,1,-0.468050,-3.310682,2.933632,0.032182,0.001875,0.965942
2502,1,-1.733657,-3.368999,4.198512,0.002644,0.000515,0.996840
2503,1,-0.380282,-3.380737,2.882323,0.036809,0.001832,0.961359
2504,1,-1.136519,-3.706637,4.024870,0.005699,0.000436,0.993865
2505,1,-1.330901,-3.324460,3.541493,0.007589,0.001034,0.991377
2506,1,-0.211634,-3.814109,2.933727,0.041228,0.001124,0.957648
2507,1,-1.752631,0.216622,1.675689,0.025648,0.183773,0.790580
2508,1,0.924490,-3.821965,2.115311,0.232641,0.002020,0.765339
2509,1,0.065787,-2.664818,1.995691,0.125722,0.008195,0.866083
2510,1,-2.114771,-1.497095,3.125624,0.005219,0.009680,0.985101
2511,1,-1.214162,-3.260437,3.634954,0.007767,0.001004,0.991230
2512,1,1.038519,-3.587479,1.554158,0.372509,0.003648,0.623843
2513,1,-1.189965,-3.032572,3.218119,0.012009,0.001902,0.986089
2514,1,-1.521049,0.171590,1.655508,0.032897,0.178756,0.788347
2515,1,-1.509317,1.497896,0.761818,0.032340,0.654271,0.313388
2516,1,0.769061,-2.892831,1.829151,0.255603,0.006565,0.737832
2517,1,3.047916,-4.042538,0.807968,0.903100,0.000752,0.096148
2518,1,-2.064353,-3.045567,4.189265,0.001918,0.000719,0.997362
2519,1,-1.509317,1.497896,0.761818,0.032340,0.654271,0.313388
2520,1,0.257908,0.183380,0.214092,0.346583,0.321692,0.331725
2521,1,-2.216096,0.321394,1.867936,0.013693,0.173182,0.813125
2522,1,-2.117476,-2.844974,3.862742,0.002519,0.001217,0.996264
2523,1,2.924917,-4.081604,0.746934,0.897524,0.000813,0.101662
2524,1,0.586678,-4.062481,2.398832,0.140190,0.001342,0.858469
2525,1,1.211780,-3.925189,1.839520,0.347313,0.002041,0.650647
2526,1,-1.562828,-3.199746,4.052548,0.003626,0.000705,0.995669
2527,1,-1.073951,-0.214232,1.365077,0.067456,0.159366,0.773178
2528,1,1.999507,-3.881856,1.338714,0.658227,0.001837,0.339936
2529,1,-1.373042,-3.100591,3.380384,0.008535,0.001517,0.989948
2530,1,-0.372976,-3.690880,3.030887,0.032138,0.001164,0.966698
2531,1,-0.935534,-0.266038,1.324955,0.079738,0.155749,0.764513
2532,1,1.286879,-4.417650,2.360179,0.254560,0.000848,0.744592
2533,1,0.584588,-0.903491,0.621215,0.441869,0.099777,0.458354
2534,1,-0.112278,-2.778769,2.069495,0.100690,0.006997,0.892313
2535,1,2.317729,-3.263450,0.540791,0.852571,0.003213,0.144217
2536,1,-0.484937,-2.243588,2.246845,0.060487,0.010420,0.929093
2537,1,1.287095,-3.847781,1.768713,0.381014,0.002243,0.616743
2538,1,-0.857670,-2.475700,2.715375,0.027157,0.005385,0.967458
2539,1,-0.858029,-0.294193,1.309191,0.087022,0.152932,0.760046
2540,1,1.642519,-1.871697,-0.071184,0.826468,0.024605,0.148927
2541,1,-0.978493,1.444371,0.316375,0.062780,0.708040,0.229180
2542,1,-0.690923,-2.385886,2.716241,0.031885,0.005854,0.962261
2543,1,-0.936879,-3.355340,3.112069,0.017116,0.001524,0.981360
2544,1,2.297769,0.226910,-1.868487,0.875973,0.110440,0.013587
2545,1,2.013633,-4.238104,1.617616,0.597043,0.001151,0.401807
2546,1,0.663580,-3.362369,1.925482,0.219781,0.003922,0.776296
2547,1,-1.310005,-3.281542,3.628171,0.007110,0.000990,0.991900
2548,1,0.117953,-2.271820,1.835388,0.150108,0.013757,0.836135
2549,1,3.881876,-3.342833,-0.333599,0.984743,0.000717,0.014540
2550,1,-1.136204,1.243430,-0.080712,0.068146,0.736043,0.195810
2551,1,1.570842,-3.822132,1.333108,0.557737,0.002537,0.439727
2552,1,0.185269,0.413653,0.081732,0.316635,0.397873,0.285492
2553,1,-1.005010,-0.074361,1.329976,0.072122,0.182912,0.744967
2554,1,1.668562,-3.916157,1.513422,0.537620,0.002019,0.460361
2555,1,0.136162,-3.961946,2.710562,0.070721,0.001174,0.928105
2556,1,-0.066130,-3.104798,2.283619,0.086724,0.004154,0.909122
2557,1,-2.156455,-2.552923,3.738295,0.002741,0.001844,0.995415
2558,1,-0.837243,0.063817,1.139531,0.093619,0.230509,0.675872
2559,1,2.800752,-3.990237,0.727289,0.887411,0.000997,0.111592
2560,1,0.438574,-4.010976,2.348873,0.128753,0.001504,0.869742
2561,1,1.910749,-3.981014,1.231864,0.662276,0.001829,0.335894
2562,1,-0.979263,-3.381774,3.023200,0.017914,0.001621,0.980465
2563,1,1.230844,-4.291389,2.184699,0.277801,0.001110,0.721088
2564,1,-1.671311,-1.580404,2.863084,0.010497,0.011496,0.978006
2565,1,-2.823854,-0.108618,2.619668,0.004043,0.061077,0.934880
2566,1,-0.912220,-3.443470,3.252317,0.015281,0.001216,0.983504
2567,1,-1.990220,-2.578791,3.850111,0.002895,0.001607,0.995498
2568,1,-1.017037,0.818553,0.632347,0.080176,0.502608,0.417216
2569,1,-1.536772,0.061120,1.687178,0.032186,0.159081,0.808734
2570,1,1.275580,-4.190747,1.960024,0.334796,0.001415,0.663789
2571,1,1.207120,-4.077773,1.893764,0.334213,0.001694,0.664093
2572,1,2.365803,-4.381480,1.395139,0.724635,0.000851,0.274514
2573,1,-0.778395,-0.622997,1.274453,0.100420,0.117303,0.782277
2574,1,2.757220,-3.148611,0.221057,0.924306,0.002517,0.073177
2575,1,1.699911,-2.952674,0.758789,0.714425,0.006813,0.278761
2576,1,-0.095269,0.984758,-0.535135,0.217918,0.641716,0.140366
2577,1,-1.908146,0.029697,2.083805,0.016102,0.111808,0.872090
2578,1,0.103431,-1.401860,1.205278,0.236313,0.052450,0.711237
2579,1,1.049319,-3.478081,1.770061,0.326076,0.003524,0.670399
2580,1,-0.879025,-0.445551,1.149931,0.098534,0.152000,0.749466
2581,1,-0.962058,-2.009004,2.101501,0.043947,0.015426,0.940627
2582,1,1.642334,-4.520673,2.182954,0.367758,0.000774,0.631467
2583,1,-1.428617,-3.104030,3.579783,0.006629,0.001241,0.992130
2584,1,-0.718343,-3.246537,2.998753,0.023683,0.001890,0.974427
2585,1,-0.169540,-3.769320,2.973650,0.041314,0.001129,0.957557
2586,1,-0.513686,-2.867544,2.548509,0.044505,0.004228,0.951267
2587,1,0.962030,-3.110944,1.392684,0.391345,0.006663,0.601992
2588,1,-2.114771,-1.497095,3.125624,0.005219,0.009680,0.985101
2589,1,0.629257,-3.466914,1.969017,0.206835,0.003441,0.789724
2590,1,-1.032097,-3.230319,3.327047,0.012610,0.001400,0.985990
2591,1,-0.738843,-3.755549,3.450620,0.014917,0.000730,0.984352
2592,1,-1.127921,-2.617484,2.829809,0.018669,0.004209,0.977121
2593,1,-0.870966,-1.784055,1.911367,0.056954,0.022855,0.920191
2594,1,-2.707144,-1.888326,3.708100,0.001628,0.003691,0.994681
2595,1,-0.551820,-2.788318,2.937095,0.029536,0.003155,0.967309
2596,1,-1.272327,-3.560168,4.166203,0.004325,0.000439,0.995236
2597,1,2.386397,-4.618238,1.711384,0.662226,0.000601,0.337172
2598,1,0.200543,-4.133197,2.879025,0.064201,0.000842,0.934957
2599,1,-1.022297,-2.774997,3.313430,0.012894,0.002235,0.984871
2600,1,-0.967940,-0.491294,1.414308,0.074405,0.119842,0.805753
2601,1,-0.335670,-0.570129,1.146878,0.161417,0.127680,0.710903
2602,1,1.434417,-4.466005,2.149399,0.328204,0.000899,0.670898
2603,1,-0.894566,-3.671580,3.822949,0.008853,0.000551,0.990596
2604,1,0.506851,-4.041953,2.941461,0.080503,0.000852,0.918646
2605,1,-0.769150,-0.153320,1.282459,0.094059,0.174122,0.731819
2606,1,0.798999,-3.916558,2.275762,0.185608,0.001662,0.812730
2607,1,-2.557432,-1.501092,3.405637,0.002547,0.007324,0.990130
2608,1,2.012258,-4.022373,1.510471,0.621952,0.001489,0.376559
2609,1,-2.520820,-2.616139,4.151708,0.001262,0.001147,0.997590
2610,1,1.119353,-3.645667,1.795545,0.336146,0.002865,0.660989
2611,1,-1.291803,-2.796984,3.558653,0.007751,0.001720,0.990529
2612,1,-1.965858,-0.918400,2.460344,0.011433,0.032589,0.955977
2613,1,-0.138800,-4.049562,2.980891,0.042266,0.000846,0.956887
2614,1,-0.807855,-3.897094,3.590038,0.012147,0.000553,0.987300
2615,1,-1.542524,-2.760248,3.637750,0.005586,0.001653,0.992761
2616,1,0.193819,-1.260963,0.736345,0.338547,0.079034,0.582418
2617,1,-0.696970,0.098122,0.968884,0.117580,0.260398,0.622021
2618,1,-1.876106,-2.090735,3.083112,0.006931,0.005592,0.987478
2619,1,0.823855,-2.413690,0.927139,0.465535,0.018277,0.516188
2620,1,-1.283741,-0.851188,1.451545,0.055694,0.085835,0.858472
2621,1,1.207116,-4.409781,2.304570,0.249990,0.000909,0.749101
2622,1,-0.726176,-0.556805,1.291890,0.103004,0.122015,0.774981
2623,1,0.899382,-2.284821,0.755300,0.524321,0.021713,0.453966
2624,1,-1.509317,1.497896,0.761818,0.032340,0.654271,0.313388
2625,1,1.458347,-4.318747,1.832097,0.407121,0.001261,0.591618
2626,1,-2.114771,-1.497095,3.125624,0.005219,0.009680,0.985101
2627,1,3.173481,-3.479968,0.247580,0.947952,0.001222,0.050826
2628,1,-1.210142,-3.331153,3.904690,0.005967,0.000715,0.993318
2629,1,-0.026327,-3.057168,2.300151,0.088573,0.004276,0.907151
2630,1,-1.881709,-1.894873,3.005353,0.007432,0.007335,0.985233
2631,1,1.003635,-2.624405,0.830338,0.535488,0.014227,0.450285
2632,1,-1.169654,-2.251078,3.022154,0.014819,0.005025,0.980156
2633,1,-2.340722,0.343416,1.868385,0.012057,0.176576,0.811367
2634,1,0.509912,-3.843197,2.513191,0.118678,0.001527,0.879795
2635,1,1.747208,-4.196464,1.818788,0.481504,0.001263,0.517234
2636,1,-0.837243,0.063817,1.139531,0.093619,0.230509,0.675872
2637,1,-1.025204,-2.231136,2.419454,0.030645,0.009175,0.960180
2638,1,-1.117615,-2.588459,2.960434,0.016595,0.003812,0.979593
2639,1,-0.205526,-3.804024,3.273177,0.029900,0.000818,0.969282
2640,1,-0.847297,0.377285,0.853978,0.101177,0.344279,0.554544
2641,1,-1.589741,-3.227235,3.673738,0.005145,0.001001,0.993854
2642,1,0.279110,-2.595042,1.622171,0.204615,0.011553,0.783831
2643,1,-0.176792,-3.725320,3.091676,0.036630,0.001054,0.962316
2644,1,0.055399,-2.919416,2.593178,0.072979,0.003726,0.923295
2645,1,0.505598,-3.770305,2.367742,0.134203,0.001865,0.863932
2646,1,0.033895,-4.152020,2.997052,0.049082,0.000746,0.950172
2647,1,-0.952316,-3.086108,3.068123,0.017592,0.002083,0.980325
2648,1,0.326224,-3.734228,2.432504,0.108285,0.001867,0.889848
2649,1,-2.114771,-1.497095,3.125624,0.005219,0.009680,0.985101
2650,1,1.207361,-3.697601,1.759425,0.364399,0.002700,0.632901
2651,1,-0.427487,-0.259941,0.978740,0.159670,0.188793,0.651537
2652,1,0.630530,-3.149469,2.252669,0.164292,0.003750,0.831959
2653,1,-0.710820,-2.328886,2.439140,0.040761,0.008082,0.951157
2654,1,1.131723,-3.069037,1.445745,0.419480,0.006286,0.574235
2655,1,0.080074,-4.024826,2.929253,0.054674,0.000902,0.944424
2656,1,-0.550467,-0.485255,1.196200,0.128158,0.136794,0.735047
2657,1,0.991728,-3.930717,2.072480,0.252897,0.001841,0.745261
2658,1,-2.466573,-2.418678,4.064590,0.001453,0.001524,0.997023
2659,1,-2.114771,-1.497095,3.125624,0.005219,0.009680,0.985101
2660,1,0.312654,-3.950168,2.505596,0.100244,0.001412,0.898344
2661,1,-1.202880,-3.197702,3.331147,0.010608,0.001443,0.987949
2662,1,-1.710654,-3.333953,3.938295,0.003506,0.000692,0.995802
2663,1,-1.438718,-2.640904,3.214414,0.009415,0.002830,0.987755
2664,1,-1.142907,-0.180077,1.343020,0.063974,0.167554,0.768472
2665,1,3.701475,-2.500668,-0.860731,0.987689,0.002000,0.010310
2666,1,-2.114771,-1.497095,3.125624,0.005219,0.009680,0.985101
2667,1,-1.369332,-2.989683,3.754183,0.005913,0.001170,0.992917
2668,1,0.580856,-4.134462,2.424520,0.136452,0.001222,0.862326
2669,1,-2.182317,-2.637609,3.744950,0.002654,0.001683,0.995662
2670,1,0.550511,-1.432703,0.846407,0.402908,0.055451,0.541641
2671,1,-0.191443,-3.400398,2.652705,0.054863,0.002216,0.942921
2672,1,-1.592301,-2.680722,3.427351,0.006549,0.002205,0.991246
2673,1,-1.509317,1.497896,0.761818,0.032340,0.654271,0.313388
2674,1,-1.466753,-2.240373,3.346199,0.008029,0.003704,0.988268
2675,1,-0.162555,-4.145756,2.947556,0.042658,0.000795,0.956547
2676,1,1.388579,-3.888274,1.870910,0.380959,0.001946,0.617095
2677,1,-1.053813,-1.290037,2.068857,0.040822,0.032233,0.926945
2678,1,-0.763433,-2.370820,2.638377,0.032032,0.006420,0.961548
2679,1,-1.953373,0.984440,1.198190,0.023123,0.436435,0.540442
2680,1,-1.047230,-0.861217,1.786237,0.052060,0.062703,0.885238
2681,1,0.213927,-3.984241,2.650107,0.080358,0.001207,0.918435
2682,1,-1.892788,-2.199508,3.623441,0.003993,0.002938,0.993069
2683,1,-1.232703,-1.353990,2.290337,0.027954,0.024761,0.947285
2684,1,0.789142,-2.062290,0.879344,0.464650,0.026839,0.508511
2685,1,-0.115966,-1.314345,1.030331,0.224810,0.067821,0.707369
2686,1,0.446428,-3.950216,2.567226,0.106951,0.001317,0.891732
2687,1,-2.164977,-1.307824,3.025633,0.005466,0.012881,0.981652
2688,1,-1.857295,-2.171647,3.390422,0.005212,0.003806,0.990982
2689,1,-1.561196,-3.204641,3.816338,0.004594,0.000888,0.994518
2690,1,-1.283519,0.090823,1.314901,0.054363,0.214867,0.730770
2691,1,0.408092,-3.811926,2.395598,0.120308,0.001768,0.877924
2692,1,0.875285,-3.858873,2.606023,0.150294,0.001321,0.848384
2693,1,-0.187097,-3.912155,3.373938,0.027606,0.000666,0.971728
2694,1,-1.509317,1.497896,0.761818,0.032340,0.654271,0.313388
2695,1,0.658093,-3.383606,2.061815,0.196545,0.003453,0.800002
2696,1,-1.000004,-3.093743,3.307717,0.013264,0.001634,0.985102
2697,1,2.792873,-4.364952,1.295189,0.816709,0.000636,0.182655
2698,1,-0.318638,-0.615500,0.973434,0.185754,0.138042,0.676204
2699,1,-0.847086,-3.257259,2.913875,0.022686,0.002037,0.975277
2700,1,-2.436839,-1.265743,3.079972,0.003952,0.012746,0.983303
2701,1,0.711055,-3.386772,2.338405,0.163747,0.002720,0.833533
2702,1,0.407026,-3.215520,1.846267,0.190687,0.005094,0.804219
2703,1,0.963057,-4.356706,2.309139,0.206303,0.001010,0.792687
2704,1,0.534234,-1.632928,0.807037,0.411837,0.047156,0.541007
2705,1,-1.488455,-1.477316,2.350019,0.020633,0.020864,0.958503
2706,1,-0.245420,-1.653510,1.800411,0.111356,0.027239,0.861405
2707,1,0.782905,-0.299294,0.265565,0.516808,0.175120,0.308072
2708,1,3.825058,-1.936954,-1.566323,0.992358,0.003121,0.004521
2709,1,-1.288982,-3.279933,3.464803,0.008535,0.001166,0.990299
2710,1,-1.027185,-2.970715,3.102808,0.015793,0.002261,0.981946
2711,1,-0.810762,-3.409221,3.327959,0.015675,0.001166,0.983159
2712,1,-1.171535,0.856925,0.891535,0.060707,0.461520,0.477773
2713,1,0.781474,-3.854527,2.446722,0.158814,0.001540,0.839646
2714,1,3.152055,-2.229415,-0.922021,0.978848,0.004504,0.016648
2715,1,0.324340,-3.921809,2.660400,0.088069,0.001261,0.910670
2716,1,-0.704191,-3.705417,3.405453,0.016136,0.000802,0.983062
2717,1,0.992629,-0.594231,-0.080591,0.646633,0.132280,0.221088
2718,1,-1.452950,-1.773035,2.607162,0.016748,0.012161,0.971091
2719,1,-0.202059,-3.962464,3.074574,0.036351,0.000846,0.962803
2720,1,-1.582690,0.807607,1.069292,0.038316,0.418284,0.543400
2721,1,-1.856499,-3.166308,4.232773,0.002261,0.000610,0.997129
2722,1,-0.447751,-3.191937,2.808693,0.037008,0.002380,0.960613
2723,1,1.965693,-3.927170,1.485002,0.616859,0.001702,0.381439
2724,1,-0.895628,-0.860493,1.377214,0.085159,0.088204,0.826636
2725,1,-1.819370,-0.827896,2.056460,0.019261,0.051913,0.928826
2726,1,-0.722122,-3.649972,3.223598,0.018951,0.001014,0.980035
2727,1,-0.764043,0.693331,0.667380,0.105493,0.453057,0.441451
2728,1,-1.374466,-3.349236,3.962717,0.004783,0.000664,0.994553
2729,1,1.554567,-4.134120,1.679306,0.468113,0.001584,0.530303
2730,1,-2.530143,0.325858,1.813460,0.010485,0.182350,0.807166
2731,1,1.672116,-4.152658,1.618665,0.512582,0.001514,0.485904
2732,1,0.911828,-4.092067,2.263781,0.205268,0.001378,0.793354
2733,1,-1.841794,-3.258300,4.287701,0.002172,0.000527,0.997301
2734,1,1.854833,-3.729074,1.360585,0.619660,0.002329,0.378011
2735,1,0.868806,-3.558863,1.797203,0.282295,0.003371,0.714334
2736,1,-0.910404,-0.180946,1.236232,0.085985,0.178328,0.735687
2737,1,-1.662393,-3.073022,3.810943,0.004175,0.001019,0.994806
2738,1,-0.530010,-3.599313,2.984511,0.028863,0.001341,0.969796
2739,1,-0.908102,-3.845937,3.827508,0.008697,0.000461,0.990843
2740,1,0.063794,-3.256633,2.477851,0.081864,0.002958,0.915178
2741,1,-1.509317,1.497896,0.761818,0.032340,0.654271,0.313388
2742,1,3.938298,-2.209967,-1.514923,0.993621,0.002124,0.004255
2743,1,0.804574,-4.075908,2.265667,0.188031,0.001428,0.810541
2744,1,-0.495855,0.910961,-0.066441,0.151074,0.616823,0.232103
2745,1,-1.681588,-1.146012,2.467499,0.015132,0.025852,0.959016
2746,1,0.917560,-4.335867,2.432773,0.179998,0.000941,0.819061
2747,1,-1.126878,-0.129464,1.315454,0.065742,0.178242,0.756016
2748,1,-1.509317,1.497896,0.761818,0.032340,0.654271,0.313388
2749,1,0.202724,-3.869571,2.824491,0.067673,0.001153,0.931174
2750,1,2.691063,-4.456878,1.346778,0.792699,0.000623,0.206677
2751,1,0.922960,-3.494328,1.784218,0.296015,0.003572,0.700413
2752,1,2.446976,-4.320230,1.214068,0.773638,0.000890,0.225472
2753,1,3.437496,-3.420759,-0.052825,0.969423,0.001019,0.029559
2754,1,0.191521,-3.816204,2.965504,0.058684,0.001067,0.940250
2755,1,-0.821084,-1.096637,1.675171,0.071963,0.054631,0.873407
2756,1,-0.809588,-3.165134,3.194389,0.017886,0.001696,0.980418
2757,1,-0.501673,-3.678249,3.137916,0.025564,0.001067,0.973370
2758,1,-0.963029,-2.132221,1.904586,0.052894,0.016430,0.930676
2759,1,-0.216053,-3.120392,2.558824,0.058509,0.003205,0.938286
2760,1,-0.898862,-0.195170,1.261880,0.085479,0.172770,0.741751
2761,1,-0.572616,-1.531845,1.444787,0.112335,0.043045,0.844620
2762,1,1.885378,-4.415334,1.610465,0.567707,0.001042,0.431252
2763,1,1.162580,-3.603187,2.221505,0.256951,0.002188,0.740860
2764,1,-2.586318,-2.105646,3.829774,0.001628,0.002633,0.995739
2765,1,-1.650893,0.180575,1.631671,0.029510,0.184231,0.786259
2766,1,1.357100,-4.115925,1.712250,0.411422,0.001727,0.586851
2767,1,2.071009,-3.459895,0.879317,0.764719,0.003030,0.232250
2768,1,1.629882,-2.119653,0.229332,0.787408,0.018527,0.194066
2769,1,0.777963,-4.261880,2.559114,0.144027,0.000933,0.855041
2770,1,-1.523196,0.128195,1.534945,0.036361,0.189593,0.774046
2771,1,-0.379491,0.990525,0.359581,0.142260,0.559850,0.297890
2772,1,1.470783,-3.891022,1.999748,0.370115,0.001737,0.628149
2773,1,2.351679,-3.824120,0.987327,0.795149,0.001653,0.203197
2774,1,0.631951,-3.908442,2.354213,0.151335,0.001615,0.847050
2775,1,1.720917,-4.291125,1.866957,0.463029,0.001134,0.535837
2776,1,1.199529,-3.639428,1.478750,0.429182,0.003397,0.567421
2777,1,0.495732,-4.146330,2.640316,0.104733,0.001009,0.894258
2778,1,1.136666,-3.992783,1.988423,0.298536,0.001767,0.699697
2779,1,1.188753,0.551935,-1.040761,0.611040,0.323224,0.065736
2780,1,-2.247839,-2.036351,3.455746,0.003309,0.004089,0.992602
2781,1,-0.006491,-3.995643,2.862208,0.053669,0.000994,0.945337
2782,1,-1.799945,-0.494475,2.225723,0.016473,0.060774,0.922753
2783,1,-0.837243,0.063817,1.139531,0.093619,0.230509,0.675872
2784,1,-1.334284,-3.416110,3.906501,0.005265,0.000657,0.994079
2785,1,1.229726,-4.136503,1.934200,0.330311,0.001543,0.668146
2786,1,1.941192,-4.328492,1.709882,0.556983,0.001054,0.441963
2787,1,-0.215390,-3.666124,2.701306,0.051251,0.001626,0.947123
2788,1,-0.990737,-3.866205,4.104903,0.006084,0.000343,0.993573
2789,1,-1.487839,-2.362126,3.373112,0.007659,0.003195,0.989146
2790,1,-0.821861,1.078679,0.482185,0.087922,0.588157,0.323921
2791,1,1.730149,-4.514967,2.270883,0.367754,0.000713,0.631532
2792,1,3.035061,-4.040364,0.651010,0.914895,0.000774,0.084332
2793,1,-0.250496,-4.036255,3.390434,0.025543,0.000580,0.973878
2794,1,-0.844849,-3.549369,3.248232,0.016396,0.001097,0.982507
2795,1,-0.999341,-2.136061,2.791265,0.021928,0.007036,0.971036
2796,1,-1.556776,-0.461895,1.955112,0.026666,0.079701,0.893632
2797,1,0.888801,-1.100523,0.347208,0.581866,0.079592,0.338542
2798,1,-0.955582,-3.004862,3.089898,0.017162,0.002211,0.980627
2799,1,0.555797,-3.752237,2.404522,0.135774,0.001828,0.862398
2800,1,-0.568851,-2.439180,2.416251,0.047750,0.007357,0.944894
2801,1,-0.762122,-3.720354,3.410505,0.015166,0.000787,0.984047
2802,1,-1.480396,-0.609490,1.915125,0.030103,0.071918,0.897979
2803,1,-0.974492,-3.236800,3.120835,0.016350,0.001702,0.981948
2804,1,-1.047945,-3.628435,3.743156,0.008230,0.000623,0.991147
2805,1,-1.533853,-2.718559,3.607787,0.005804,0.001775,0.992421
2806,1,-0.576444,-0.629336,1.143818,0.132723,0.125886,0.741391
2807,1,-0.291868,-1.578102,1.533099,0.133710,0.036945,0.829345
2808,1,-0.687643,-2.934945,3.076591,0.022606,0.002389,0.975005
2809,1,-0.837507,-0.767459,1.149804,0.106741,0.114486,0.778772
2810,1,1.545684,-2.855631,1.108906,0.603000,0.007393,0.389607
2811,1,0.847978,-4.317788,2.469155,0.164887,0.000941,0.834171
2812,1,-1.509317,1.497896,0.761818,0.032340,0.654271,0.313388
2813,1,3.975230,-2.683967,-1.099492,0.992521,0.001273,0.006206
2814,1,0.992481,-3.584132,1.911963,0.284230,0.002925,0.712846
2815,1,-2.114771,-1.497095,3.125624,0.005219,0.009680,0.985101
2816,1,-2.114771,-1.497095,3.125624,0.005219,0.009680,0.985101
2817,1,0.941674,-4.418119,2.471336,0.177894,0.000836,0.821269
2818,1,0.636674,-3.895630,2.358966,0.151329,0.001628,0.847043
2819,1,-2.174797,-0.693402,2.507598,0.008816,0.038783,0.952401
2820,1,-0.807971,-1.327145,1.780190,0.067113,0.039933,0.892954
2821,1,-1.509317,1.497896,0.761818,0.032340,0.654271,0.313388
2822,1,-0.359466,-3.335580,3.044032,0.032134,0.001639,0.966228
2823,1,0.484983,-3.041426,1.852474,0.201820,0.005936,0.792244
2824,1,-1.184222,-3.430484,3.673352,0.007703,0.000815,0.991482
2825,1,0.103315,-3.564605,3.006266,0.051939,0.001326,0.946735
2826,1,-1.111613,-1.350566,1.905673,0.044998,0.035434,0.919568
2827,1,1.401186,-1.732512,0.298736,0.726949,0.031663,0.241388
2828,1,-1.714508,-3.395315,4.274862,0.002498,0.000465,0.997037
2829,1,-1.509317,1.497896,0.761818,0.032340,0.654271,0.313388
2830,1,-0.532432,-1.394338,1.917036,0.076896,0.032478,0.890626
2831,1,0.130379,-3.685524,2.486284,0.086433,0.001903,0.911664
2832,1,-0.053797,-3.954150,3.312399,0.033346,0.000675,0.965979
2833,1,-1.677158,-2.422225,2.835482,0.010795,0.005124,0.984081
