row_id,gold,logit_hate,logit_offensive,logit_normal,p_hate,p_offensive,p_normal
0,0,-1.800455,-2.167933,4.687418,0.001518,0.001051,0.997431
1,0,-0.590989,-1.895352,2.387521,0.047779,0.012965,0.939257
2,0,-0.339336,-3.239930,3.676930,0.017684,0.000972,0.981344
3,0,-2.286944,-1.130036,4.365219,0.001284,0.004084,0.994632
4,0,-1.314718,-1.294690,3.186040,0.010857,0.011077,0.978066
5,0,-0.649709,-3.125968,3.857055,0.010904,0.000917,0.988180
6,0,-2.197687,-0.408494,3.501200,0.003273,0.019588,0.977139
7,0,0.104036,-3.526337,3.410865,0.035305,0.000936,0.963760
8,0,-1.823416,0.041616,2.575971,0.011254,0.072658,0.916088
9,0,-1.432645,-2.418019,4.058973,0.004098,0.001530,0.994372
10,0,-1.333128,-2.592208,4.462970,0.003028,0.000860,0.996113
11,0,-1.860830,0.218686,2.436005,0.012126,0.097015,0.890859
12,0,-1.769557,-1.682695,4.042647,0.002972,0.003242,0.993786
13,0,-1.636641,-1.387156,3.701648,0.004752,0.006098,0.989150
14,0,1.027728,-4.252867,2.574701,0.175367,0.000893,0.823740
15,0,-1.878390,-2.609130,4.785900,0.001273,0.000613,0.998114
16,0,-0.638617,1.321656,-0.219221,0.103925,0.738000,0.158075
17,0,-0.663672,-3.244863,4.175520,0.007847,0.000594,0.991559
18,0,-2.250464,-2.567095,5.306599,0.000522,0.000380,0.999098
19,0,-0.977691,-2.465624,3.675453,0.009422,0.002128,0.988451
20,0,-1.627598,-3.143504,4.707097,0.001770,0.000389,0.997841
21,0,-2.596611,-1.393594,4.586959,0.000756,0.002519,0.996724
22,0,-2.286944,-1.130036,4.365219,0.001284,0.004084,0.994632
23,0,-2.184288,-0.412011,3.571823,0.003096,0.018217,0.978687
24,0,-0.839859,-2.935799,3.625375,0.011355,0.001396,0.987248
25,0,-1.386993,-0.290523,2.308531,0.022594,0.067636,0.909770
26,0,-1.191001,-2.899302,4.254373,0.004294,0.000778,0.994928
27,0,-1.488351,-2.234494,4.137983,0.003583,0.001699,0.994718
28,0,-1.680395,-1.624213,4.105981,0.003050,0.003226,0.993724
29,0,-1.725101,-1.482526,3.481765,0.005411,0.006897,0.987692
30,0,-0.629487,-2.343480,3.269006,0.019799,0.003567,0.976635
31,0,-1.979895,-0.089019,2.914746,0.007082,0.046921,0.945996
32,0,-0.231771,-3.187270,3.343844,0.027197,0.001416,0.971387
33,0,-2.286944,-1.130036,4.365219,0.001284,0.004084,0.994632
34,0,-1.418173,-2.774898,4.345542,0.003127,0.000805,0.996068
35,0,-2.415730,-1.366207,4.449268,0.001040,0.002969,0.995991
36,0,2.230022,-3.901962,0.732321,0.815783,0.001772,0.182445
37,0,-1.471763,-2.051714,4.146528,0.003610,0.002022,0.994368
38,0,0.175723,-3.245472,3.072456,0.052226,0.001706,0.946068
39,0,-1.650802,-1.516742,3.985769,0.003538,0.004046,0.992416
40,0,-1.217464,-2.962614,4.323918,0.003903,0.000682,0.995415
41,0,-1.470703,0.387561,1.754054,0.030712,0.196947,0.772341
42,0,-1.711120,-0.409940,2.871084,0.009765,0.035874,0.954360
43,0,-1.244574,-2.155900,3.975473,0.005366,0.002157,0.992476
44,0,-0.832613,-3.573828,4.308270,0.005816,0.000375,0.993809
45,0,-2.079584,-1.691741,4.055562,0.002154,0.003174,0.994672
46,0,-0.023111,-3.341144,3.554428,0.027158,0.000984,0.971858
47,0,-1.080408,-2.832274,4.221562,0.004953,0.000859,0.994188
48,0,-1.086714,0.327242,1.357360,0.060125,0.247245,0.692631
49,0,-1.616416,1.284345,0.918503,0.031443,0.571888,0.396669
50,0,-1.534289,0.299583,1.932079,0.025459,0.159326,0.815214
51,0,-1.980941,0.054959,2.733357,0.008320,0.063726,0.927954
52,0,-0.726169,-2.836005,3.674166,0.012107,0.001468,0.986425
53,0,-2.033054,-1.352064,4.145632,0.002060,0.004071,0.993869
54,0,-1.730196,-1.763376,3.959575,0.003358,0.003248,0.993393
55,0,-2.318479,-1.787067,4.417039,0.001184,0.002015,0.996801
56,0,-1.361249,0.228874,1.749957,0.035270,0.172978,0.791752
57,0,-1.321769,-3.184029,4.560437,0.002780,0.000432,0.996789
58,0,-1.935080,0.479407,2.229067,0.013068,0.146155,0.840777
59,0,-2.189273,-1.098354,4.298649,0.001513,0.004503,0.993985
60,0,-1.204865,-2.567751,4.142187,0.004734,0.001211,0.994055
61,0,-1.586631,-2.795721,4.688959,0.001877,0.000560,0.997563
62,0,-1.927518,-1.618830,3.842707,0.003096,0.004216,0.992688
63,0,-1.785281,-1.701069,4.286159,0.002297,0.002499,0.995205
64,0,-2.050576,-1.727914,4.478900,0.001455,0.002009,0.996537
65,0,-1.770322,-1.814095,4.055966,0.002932,0.002807,0.994261
66,0,-1.984510,-1.894836,4.707381,0.001238,0.001354,0.997408
67,0,-1.529275,-1.619156,3.736805,0.005113,0.004674,0.990213
68,0,-2.140121,-2.081446,4.817078,0.000950,0.001007,0.998043
69,0,-2.590648,-1.600532,4.977018,0.000516,0.001389,0.998095
70,0,-0.522072,-3.555539,4.095927,0.009771,0.000470,0.989758
71,0,0.793382,-3.528814,2.738620,0.124866,0.001657,0.873477
72,0,-1.964049,-0.163820,2.999887,0.006657,0.040285,0.953058
73,0,-1.765213,0.433736,2.097495,0.017358,0.156494,0.826148
74,0,2.766093,-3.979267,-0.184925,0.949250,0.001117,0.049633
75,0,-2.421787,-1.521849,4.762385,0.000757,0.001861,0.997383
76,0,-2.286944,-1.130036,4.365219,0.001284,0.004084,0.994632
77,0,-1.693513,1.025566,1.308662,0.027552,0.417856,0.554592
78,0,-2.147225,-0.968260,3.936433,0.002258,0.007341,0.990401
79,0,-0.957784,-3.167992,4.278598,0.005288,0.000580,0.994132
80,0,-1.879817,0.172575,2.498409,0.011302,0.088000,0.900698
81,0,0.409595,-4.018408,3.564079,0.040895,0.000488,0.958617
82,0,-0.941705,-2.888533,4.078725,0.006552,0.000935,0.992513
83,0,-1.795323,-2.410903,4.826046,0.001329,0.000718,0.997953
84,0,-1.615093,0.418427,1.890166,0.023849,0.182226,0.793925
85,0,-0.178456,-3.540811,3.492714,0.024794,0.000859,0.974347
86,0,-0.148685,-3.156837,3.510270,0.025081,0.001239,0.973680
87,0,-1.392427,-1.063712,3.098074,0.010922,0.015173,0.973905
88,0,-1.181107,-1.486354,3.234161,0.011843,0.008727,0.979430
89,0,-0.723830,-3.252117,4.081936,0.008111,0.000647,0.991242
90,0,-1.239448,-2.401206,4.204453,0.004298,0.001345,0.994357
91,0,-2.449103,-2.169149,5.134191,0.000508,0.000672,0.998819
92,0,-1.702567,-1.790121,4.054948,0.003140,0.002877,0.993983
93,0,-1.352651,-2.266391,4.180452,0.003932,0.001577,0.994491
94,0,-2.276754,-2.291183,5.142375,0.000599,0.000590,0.998811
95,0,-0.730947,-3.917946,4.453792,0.005569,0.000230,0.994201
96,0,-0.110057,-3.486151,3.676208,0.022160,0.000757,0.977082
97,0,-2.058135,-0.466977,3.454147,0.003943,0.019357,0.976700
98,0,-0.676917,0.923849,0.164776,0.120815,0.598859,0.280326
99,0,-1.744742,-1.493729,3.506515,0.005179,0.006657,0.988165
100,0,0.069182,-2.318312,2.349553,0.091978,0.008449,0.899573
101,0,-0.017920,-3.436938,3.673326,0.024315,0.000796,0.974889
102,0,-1.647398,0.551320,1.856322,0.023120,0.208392,0.768487
103,0,-1.510022,-3.026347,4.571825,0.002278,0.000500,0.997222
104,0,-1.671833,0.378729,2.042449,0.020080,0.156065,0.823855
105,0,-2.287188,-1.690026,4.825762,0.000813,0.001477,0.997711
106,0,-1.683165,0.011619,2.423527,0.014883,0.081045,0.904072
107,0,-2.291741,-1.732551,4.781271,0.000846,0.001479,0.997675
108,0,-2.123759,0.016988,3.071862,0.005264,0.044771,0.949966
109,0,-1.831257,1.131909,1.454366,0.021238,0.411155,0.567606
110,0,-1.612559,-2.499736,4.593644,0.002011,0.000828,0.997161
111,0,-2.286944,-1.130036,4.365219,0.001284,0.004084,0.994632
112,0,-2.253287,-2.317290,4.929772,0.000758,0.000711,0.998531
113,0,-1.544664,1.182844,0.923685,0.035590,0.544341,0.420069
114,0,-2.286944,-1.130036,4.365219,0.001284,0.004084,0.994632
115,0,-0.521658,-3.122114,4.032188,0.010409,0.000773,0.988818
116,0,-0.853986,-3.440660,4.283164,0.005838,0.000439,0.993723
117,0,-1.893294,0.694086,1.955211,0.016335,0.217174,0.766491
118,0,-0.270267,-3.679662,3.631119,0.019800,0.000655,0.979545
119,0,-2.062151,-0.726961,3.601677,0.003412,0.012969,0.983618
120,0,-0.773574,-3.198411,4.206713,0.006821,0.000604,0.992575
121,0,-1.568601,-2.006723,3.973021,0.003895,0.002513,0.993592
122,0,-2.801876,-1.143966,4.853085,0.000472,0.002479,0.997049
123,0,0.144129,-3.889254,3.509822,0.033365,0.000591,0.966044
124,0,-1.591447,-2.579105,4.293797,0.002770,0.001032,0.996199
125,0,-1.952721,-0.950975,3.609499,0.003786,0.010310,0.985904
126,0,-1.843418,-2.766747,4.674775,0.001473,0.000585,0.997942
127,0,-1.326781,-2.920455,4.373734,0.003331,0.000677,0.995992
128,0,-2.208097,-1.766849,4.744294,0.000954,0.001483,0.997563
129,0,-1.194550,-3.141977,4.676398,0.002811,0.000401,0.996788
130,0,-0.947497,-2.654239,4.018369,0.006915,0.001255,0.991830
131,0,-1.678889,-1.073318,3.522683,0.005423,0.009937,0.984640
132,0,-2.026805,-0.434212,3.170502,0.005356,0.026333,0.968310
133,0,-1.313899,-1.851679,3.848019,0.005679,0.003317,0.991004
134,0,-0.912145,-2.749095,3.824277,0.008682,0.001383,0.989935
135,0,-1.236604,-0.601523,2.557799,0.021124,0.039865,0.939011
136,0,-1.227206,-3.002427,4.558310,0.003061,0.000519,0.996421
137,0,-0.040407,-3.716953,3.745503,0.022172,0.000561,0.977266
138,0,0.217321,-3.009995,2.931103,0.062012,0.002460,0.935528
139,0,-2.195230,-2.606493,5.127493,0.000660,0.000437,0.998903
140,0,-1.035629,-1.290458,3.007268,0.017017,0.013189,0.969795
141,0,0.120349,-4.302863,3.568047,0.030826,0.000370,0.968804
142,0,-1.445437,0.069731,2.140297,0.024021,0.109301,0.866678
143,0,-1.754172,-1.034576,3.695142,0.004244,0.008715,0.987042
144,0,-0.653592,-3.189183,3.681236,0.012921,0.001024,0.986055
145,0,-2.376048,-0.967765,4.223109,0.001352,0.005529,0.993119
146,0,-0.757135,-2.302271,3.451791,0.014599,0.003114,0.982287
147,0,-2.060720,-1.929016,4.756313,0.001092,0.001246,0.997661
148,0,-1.836052,-1.660772,4.158222,0.002479,0.002954,0.994566
149,0,-0.582600,-3.103098,3.806367,0.012249,0.000985,0.986766
150,0,-1.977565,-0.053773,2.843281,0.007581,0.051903,0.940517
151,0,-2.111492,-1.704176,4.493369,0.001349,0.002028,0.996623
152,0,-1.539671,-2.581679,4.280037,0.002957,0.001043,0.996000
153,0,-1.102947,-0.048409,1.815875,0.044663,0.128211,0.827127
154,0,-1.573077,-2.686911,4.799348,0.001704,0.000559,0.997736
155,0,-1.575820,0.079243,2.128113,0.021349,0.111729,0.866921
156,0,-2.218255,-0.228474,3.098832,0.004715,0.034483,0.960802
157,0,-1.864835,-1.123959,3.684648,0.003843,0.008062,0.988095
158,0,-2.266270,-1.666302,4.660392,0.000979,0.001783,0.997238
159,0,0.932064,-3.105278,2.252316,0.209995,0.003705,0.786299
160,0,-0.980986,-1.291975,2.715213,0.023794,0.017435,0.958771
161,0,-1.227451,0.803584,0.827416,0.060873,0.463969,0.475159
162,0,-2.216562,-1.000546,3.968945,0.002041,0.006885,0.991075
163,0,-2.624467,-2.039800,5.225336,0.000389,0.000699,0.998912
164,0,-0.968131,-2.176537,3.443353,0.011949,0.003569,0.984482
165,0,-1.590233,0.607564,1.616581,0.028814,0.259474,0.711712
166,0,0.383185,-3.575843,3.222927,0.055156,0.001052,0.943792
167,0,-1.999259,-2.034419,4.840122,0.001069,0.001032,0.997900
168,0,-1.309942,-2.869395,4.457742,0.003115,0.000655,0.996230
169,0,-2.069421,-1.469180,4.404322,0.001537,0.002801,0.995663
170,0,1.885075,-3.246278,0.799161,0.744324,0.004398,0.251278
171,0,-2.188803,-1.801347,4.778838,0.000940,0.001384,0.997676
172,0,0.551947,-3.371008,2.393151,0.136539,0.002701,0.860760
173,0,-1.677142,-2.377645,4.211924,0.002758,0.001369,0.995873
174,0,0.550820,-3.049171,2.508346,0.123318,0.003370,0.873312
175,0,-0.816323,-2.747724,4.026633,0.007813,0.001132,0.991054
176,0,1.675410,-4.338492,1.885844,0.447095,0.001093,0.551812
177,0,-1.971394,0.916689,1.960047,0.014298,0.256778,0.728924
178,0,-1.703976,-0.110595,2.472694,0.014071,0.069234,0.916695
179,0,-1.993904,0.728562,2.006903,0.014112,0.214759,0.771129
180,0,-1.651427,0.699866,1.601551,0.026762,0.280978,0.692260
181,0,-1.998925,-0.756921,3.535086,0.003882,0.013441,0.982678
182,0,-0.880796,-2.751513,3.982193,0.007659,0.001180,0.991161
183,0,0.909597,-3.652234,2.734765,0.138614,0.001448,0.859939
184,0,-1.084324,-2.838018,3.937093,0.006545,0.001133,0.992322
185,0,0.080967,-4.052367,3.678998,0.026637,0.000427,0.972936
186,0,-1.989447,-0.091870,2.963204,0.006702,0.044697,0.948601
187,0,-2.398448,-1.770495,4.993106,0.000615,0.001153,0.998232
188,0,-2.745338,-2.158149,5.224142,0.000346,0.000622,0.999033
189,0,-1.715007,-2.712987,4.759155,0.001540,0.000568,0.997893
190,0,-1.721732,-1.879628,4.425350,0.002131,0.001820,0.996049
191,0,-1.197185,-0.729514,2.777628,0.017909,0.028588,0.953502
192,0,-2.526231,-2.511519,5.417734,0.000355,0.000360,0.999286
193,0,0.210353,-3.662660,3.322223,0.042583,0.000886,0.956532
194,0,1.721676,-3.784626,1.365250,0.586773,0.002383,0.410844
195,0,-1.791361,-1.659189,4.379394,0.002080,0.002374,0.995545
196,0,-0.353696,-3.076440,3.647504,0.017944,0.001179,0.980877
197,0,-2.029280,-1.248911,4.162948,0.002032,0.004434,0.993533
198,0,-1.499879,-0.897917,3.240050,0.008529,0.015571,0.975901
199,0,-1.177450,-2.054000,3.422908,0.009907,0.004124,0.985969
200,0,-1.586631,-2.795721,4.688959,0.001877,0.000560,0.997563
201,0,-1.974983,-3.109683,5.183440,0.000777,0.000250,0.998973
202,0,-1.800784,-2.263241,4.620317,0.001623,0.001022,0.997356
203,0,-2.583787,-1.351338,4.610307,0.000749,0.002567,0.996684
204,0,-1.587516,0.162406,2.151104,0.020494,0.117927,0.861578
205,0,-0.368498,-3.021290,3.536406,0.019718,0.001389,0.978893
206,0,-1.767374,-1.900070,4.346508,0.002203,0.001929,0.995868
207,0,-2.280850,-0.905923,4.012477,0.001832,0.007244,0.990924
208,0,-1.268988,0.918787,0.764580,0.056958,0.507805,0.435237
209,0,-0.980772,-3.374595,4.325348,0.004934,0.000450,0.994615
210,0,-2.151158,-0.325025,3.333755,0.004028,0.025016,0.970956
211,0,-1.852483,0.657166,1.971218,0.016928,0.208224,0.774848
212,0,-0.118628,-1.708126,1.826947,0.121926,0.024876,0.853197
213,0,-1.469704,-2.851336,4.656375,0.002179,0.000547,0.997274
214,0,-1.158306,-2.974830,4.276875,0.004338,0.000705,0.994956
215,0,-1.352062,-2.709694,4.587078,0.002626,0.000675,0.996699
216,0,0.010005,-2.618689,2.795133,0.057890,0.004178,0.937932
217,0,-1.938557,-2.668170,4.943664,0.001024,0.000494,0.998482
218,0,-1.969003,0.992880,1.613895,0.017758,0.343343,0.638899
219,0,-1.871673,-2.622873,4.662007,0.001451,0.000684,0.997865
220,0,-1.386491,0.354067,1.624596,0.037023,0.211052,0.751924
221,0,-1.367372,-3.114728,4.766972,0.002162,0.000377,0.997462
222,0,-0.749297,-2.355143,3.392624,0.015595,0.003130,0.981275
223,0,-1.665195,-1.467409,3.783786,0.004260,0.005192,0.990548
224,0,-1.369684,-0.713966,2.648462,0.017087,0.032918,0.949995
225,0,-0.314142,-3.239641,3.645019,0.018703,0.001003,0.980294
226,0,0.768618,-3.615328,2.976338,0.098937,0.001234,0.899829
227,0,-2.341299,-0.621563,3.873053,0.001975,0.011024,0.987002
228,0,-1.586631,-2.795721,4.688959,0.001877,0.000560,0.997563
229,0,-2.286944,-1.130036,4.365219,0.001284,0.004084,0.994632
230,0,-2.179511,-2.669861,5.311663,0.000557,0.000341,0.999101
231,0,-1.326595,-3.277267,4.635163,0.002568,0.000365,0.997067
232,0,-2.000736,-2.743577,5.153453,0.000781,0.000371,0.998848
233,0,-0.894040,-1.553642,3.055704,0.018713,0.009676,0.971611
234,0,-0.559704,-1.649808,2.551193,0.042057,0.014139,0.943805
235,0,1.908952,-4.431451,1.683566,0.555564,0.000980,0.443456
236,0,-0.376296,-3.179524,3.759783,0.015719,0.000953,0.983328
237,0,-1.658160,0.323274,1.973403,0.021727,0.157591,0.820681
238,0,-2.383113,-1.825749,4.918580,0.000673,0.001175,0.998151
239,0,-1.586631,-2.795721,4.688959,0.001877,0.000560,0.997563
240,0,-1.203992,-1.526357,3.142871,0.012665,0.009175,0.978161
241,0,-1.802910,0.314870,2.194693,0.015679,0.130333,0.853988
242,0,-2.131019,-2.463643,4.962350,0.000829,0.000595,0.998576
243,0,-2.009910,-2.843182,5.073575,0.000838,0.000364,0.998798
244,0,-1.415894,-0.455508,2.527152,0.018120,0.047342,0.934538
245,0,0.050907,-3.548574,3.414248,0.033430,0.000914,0.965656
246,0,-2.577406,-1.662429,4.864633,0.000585,0.001460,0.997955
247,0,-2.527606,-1.286576,4.531923,0.000856,0.002961,0.996183
248,0,-1.580596,-2.411635,4.552160,0.002164,0.000943,0.996894
249,0,-1.313112,1.085093,0.671916,0.051860,0.570637,0.377503
250,0,-1.693096,0.431473,2.013884,0.019960,0.167052,0.812988
251,0,-0.954448,-3.272634,4.345760,0.004963,0.000489,0.994548
252,0,1.536565,-3.884080,1.867104,0.417337,0.001846,0.580816
253,0,-0.775129,-3.310692,4.098640,0.007582,0.000601,0.991817
254,0,-2.105976,0.035320,2.945800,0.006031,0.051326,0.942643
255,0,-1.205046,-2.034867,3.913234,0.005935,0.002589,0.991476
256,0,-1.674214,-1.715521,3.945338,0.003601,0.003455,0.992944
257,0,-2.269019,-1.276586,4.099155,0.001704,0.004598,0.993697
258,0,-1.608770,0.865511,1.417023,0.029865,0.354597,0.615537
259,0,-1.551686,0.214430,1.989621,0.024178,0.141395,0.834427
260,0,-0.568968,-3.315900,3.829153,0.012142,0.000779,0.987080
261,0,-1.486482,0.057690,2.235893,0.021256,0.099563,0.879182
262,0,-1.381849,-3.331247,4.878488,0.001906,0.000271,0.997822
263,0,0.786112,-3.185047,2.197996,0.195216,0.003680,0.801104
264,0,0.048936,-0.890566,0.720347,0.298702,0.116739,0.584559
265,0,-1.951671,-1.898678,4.642775,0.001364,0.001438,0.997198
266,0,2.280312,-4.278896,1.184470,0.748685,0.001061,0.250254
267,0,-2.182093,-0.725064,3.827093,0.002425,0.010409,0.987166
268,0,-2.205373,-1.022343,4.154380,0.001717,0.005605,0.992678
269,0,-1.600118,0.195288,2.084978,0.021335,0.128479,0.850186
270,0,-0.661044,-0.987840,1.953318,0.065021,0.046895,0.888084
271,0,-1.698416,-0.648617,3.201746,0.007238,0.020678,0.972084
272,0,-1.084698,-2.233856,3.838130,0.007209,0.002285,0.990506
273,0,1.455309,-3.841720,1.961302,0.375427,0.001880,0.622694
274,0,-1.673569,-2.233286,4.423206,0.002242,0.001281,0.996477
275,0,-1.932778,0.457326,2.255956,0.012845,0.140194,0.846962
276,0,1.482245,-2.013401,0.408091,0.728908,0.022107,0.248985
277,0,-1.609176,-1.303538,3.547926,0.005681,0.007712,0.986606
278,0,-1.074382,-2.542341,4.175504,0.005214,0.001201,0.993584
279,0,-1.863769,-2.775784,5.127085,0.000919,0.000369,0.998712
280,0,-1.473653,0.309909,1.722021,0.031870,0.189658,0.778472
281,0,-1.871035,-2.998997,5.195961,0.000852,0.000276,0.998872
282,0,-1.870082,-1.163207,3.787020,0.003456,0.007008,0.989536
283,0,-2.484287,-2.454116,5.267855,0.000429,0.000443,0.999128
284,0,-0.419344,-2.978895,3.368190,0.022112,0.001710,0.976178
285,0,-0.589606,-3.529534,4.081489,0.009271,0.000490,0.990239
286,0,-2.220315,-2.582516,5.210246,0.000592,0.000412,0.998995
287,0,-1.366223,-2.557995,4.466419,0.002919,0.000887,0.996194
288,0,-2.071954,-2.018598,4.600586,0.001262,0.001331,0.997407
289,0,-2.103748,-2.569005,4.941651,0.000870,0.000546,0.998583
290,0,-1.070401,1.688839,-0.103961,0.051503,0.813118,0.135379
291,0,-1.778846,0.517005,1.988478,0.018451,0.183274,0.798275
292,0,-2.493868,-2.171175,5.323786,0.000402,0.000555,0.999042
293,0,-1.812880,-1.739617,4.124764,0.002624,0.002823,0.994553
294,0,0.576842,-2.067391,1.556279,0.267808,0.019030,0.713161
295,0,-1.816387,-0.224745,2.827245,0.009105,0.044721,0.946175
296,0,-1.543054,-0.078057,2.290026,0.019405,0.083977,0.896617
297,0,0.972674,-4.295547,2.661304,0.155831,0.000803,0.843366
298,0,-1.895545,-0.509854,3.167779,0.006131,0.024508,0.969361
299,0,-0.158892,-3.007732,3.236416,0.032382,0.001875,0.965743
300,0,-1.665541,1.333864,0.842983,0.029976,0.601720,0.368305
301,0,-1.705438,0.989707,1.338763,0.027173,0.402372,0.570455
302,0,-0.989996,-2.232607,3.870893,0.007667,0.002213,0.990120
303,0,-0.387537,-3.026482,3.555900,0.018987,0.001356,0.979656
304,0,-2.005685,-1.265429,4.065639,0.002292,0.004805,0.992904
305,0,-2.548476,-2.060256,5.235562,0.000416,0.000678,0.998906
306,0,-1.108575,-2.506676,4.078767,0.005548,0.001371,0.993081
307,0,-1.279299,0.649846,1.282068,0.047991,0.330353,0.621655
308,0,-0.436668,-2.230481,3.108253,0.027930,0.004646,0.967424
309,0,-2.273019,-2.261789,4.851478,0.000804,0.000813,0.998383
310,0,0.000541,-3.088825,3.350735,0.033837,0.001541,0.964623
311,0,-1.655612,0.434722,1.892641,0.022810,0.184479,0.792710
312,0,-1.985004,0.418858,2.424274,0.010607,0.117377,0.872016
313,0,-1.803809,0.451610,2.147202,0.015993,0.152562,0.831445
314,0,1.137221,-3.376110,1.973516,0.301317,0.003303,0.695380
315,0,-0.099836,-3.215615,3.292414,0.032492,0.001441,0.966068
316,0,-2.461645,-1.263182,4.636459,0.000824,0.002731,0.996446
317,0,-1.446747,-2.101492,4.020726,0.004195,0.002180,0.993625
318,0,-0.667587,-1.789456,2.799205,0.029976,0.009762,0.960261
319,0,-1.756894,-0.621888,3.126309,0.007344,0.022849,0.969807
320,0,-1.720938,-2.274853,4.737831,0.001563,0.000898,0.997539
321,0,-1.321660,0.990043,0.874760,0.049790,0.502460,0.447750
322,0,-0.391670,-3.384427,3.994437,0.012288,0.000616,0.987095
323,0,-1.462359,-2.103870,3.935669,0.004494,0.002366,0.993139
324,0,-1.857656,-2.333224,4.529390,0.001679,0.001043,0.997278
325,0,-1.727666,0.343490,2.146676,0.017518,0.138986,0.843497
326,0,-2.183111,-1.897665,4.862434,0.000870,0.001157,0.997974
327,0,-1.651505,-0.866254,3.266162,0.007149,0.015678,0.977173
328,0,-0.997666,0.325188,1.327870,0.066728,0.250504,0.682769
329,0,-1.758966,-0.281069,2.882105,0.009171,0.040203,0.950626
330,0,-1.529631,-2.407209,4.573579,0.002229,0.000927,0.996845
331,0,-1.624996,0.187371,2.099695,0.020583,0.126071,0.853346
332,0,-1.996037,-2.644739,4.857507,0.001054,0.000551,0.998395
333,0,-0.305395,-3.382308,3.282938,0.026867,0.001239,0.971894
334,0,-1.938937,1.031834,1.715361,0.016907,0.329803,0.653290
335,0,-1.447858,-0.149876,2.182899,0.023583,0.086359,0.890058
336,0,-1.625748,-1.523128,3.990596,0.003610,0.004000,0.992389
337,0,-0.327810,-3.560073,3.811033,0.015681,0.000619,0.983700
338,0,-1.942404,-0.963354,3.646428,0.003689,0.009820,0.986492
339,0,-1.052660,-3.344251,4.667371,0.003268,0.000330,0.996402
340,0,-2.834578,-1.462378,4.979350,0.000403,0.001590,0.998006
341,0,-1.955549,-0.342172,3.108705,0.006087,0.030556,0.963357
342,0,-1.776120,0.778587,1.703033,0.021598,0.277918,0.700484
343,0,-2.286944,-1.130036,4.365219,0.001284,0.004084,0.994632
344,0,-1.097425,0.388517,1.260768,0.062535,0.276352,0.661113
345,0,-2.118586,-1.989618,4.818698,0.000969,0.001102,0.997929
346,0,-2.682656,-0.530130,4.025194,0.001207,0.010389,0.988404
347,0,-1.818262,-2.424401,4.596952,0.001632,0.000890,0.997477
348,0,-1.899586,-0.323207,3.003698,0.007114,0.034413,0.958473
349,0,-1.768430,-1.992003,4.602674,0.001705,0.001363,0.996932
350,0,-2.604913,-2.409189,5.381274,0.000340,0.000413,0.999247
351,0,-2.105564,-0.925099,3.903429,0.002431,0.007916,0.989653
352,0,-1.314644,-0.547554,2.607717,0.018631,0.040122,0.941246
353,0,-1.771405,-1.554611,3.970837,0.003185,0.003956,0.992860
354,0,-1.947085,0.279176,2.465007,0.010787,0.099940,0.889273
355,0,-1.978393,1.072418,1.675665,0.016457,0.347782,0.635761
356,0,-2.065577,0.770574,2.185729,0.011332,0.193208,0.795460
357,0,-2.722062,0.688188,2.777125,0.003626,0.109777,0.886597
358,0,-2.128917,-0.459716,3.450769,0.003686,0.019565,0.976749
359,0,-0.369869,-2.398843,3.008446,0.032838,0.004317,0.962845
360,0,-2.041578,-1.391189,4.023737,0.002306,0.004420,0.993274
361,0,-1.924877,0.247441,2.530607,0.010430,0.091562,0.898008
362,0,-1.745508,-3.229836,5.025267,0.001145,0.000260,0.998595
363,0,-1.690646,0.025716,2.419673,0.014808,0.082396,0.902796
364,0,1.046982,-3.974025,2.006186,0.276532,0.001825,0.721643
365,0,-1.136471,0.378586,1.390083,0.055371,0.251920,0.692709
366,0,-2.002925,-0.333922,3.110461,0.005796,0.030758,0.963447
367,0,-0.570985,-2.972556,3.686288,0.013946,0.001263,0.984791
368,0,0.988034,-2.322538,1.110087,0.461615,0.016847,0.521539
369,0,-1.843508,-0.118999,2.660536,0.010310,0.057838,0.931852
370,0,-2.099851,-1.600232,4.329671,0.001606,0.002647,0.995746
371,0,-1.625157,-1.048836,3.212025,0.007758,0.013806,0.978436
372,0,-2.286944,-1.130036,4.365219,0.001284,0.004084,0.994632
373,0,-1.405093,-2.045352,3.897012,0.004943,0.002606,0.992451
374,0,-2.200104,-2.656179,5.269759,0.000569,0.000361,0.999070
375,0,-0.941780,-3.166960,4.230990,0.005633,0.000609,0.993758
376,0,-1.692866,0.839792,1.539441,0.025690,0.323364,0.650946
377,0,0.142246,-3.356564,2.738481,0.069236,0.002093,0.928671
378,0,-1.683488,-2.558598,4.513470,0.002030,0.000846,0.997124
379,0,-2.090229,-0.099852,3.096109,0.005344,0.039108,0.955548
380,0,-2.046659,0.264611,2.567394,0.008930,0.090081,0.900989
381,0,-1.455914,0.114357,1.956403,0.027668,0.133024,0.839308
382,0,-2.215950,-0.100952,3.263016,0.004018,0.033306,0.962676
383,0,-1.825051,-2.085213,4.460883,0.001856,0.001431,0.996713
384,0,0.044055,-3.477722,3.491995,0.030802,0.000910,0.968288
385,0,-0.762582,-1.929561,3.258026,0.017530,0.005457,0.977013
386,0,-2.076046,-0.962667,3.797892,0.002780,0.008465,0.988755
387,0,-1.067856,-2.752330,4.138688,0.005445,0.001010,0.993544
388,0,0.569467,-3.756875,3.003497,0.080529,0.001064,0.918407
389,0,-2.069825,-1.901484,4.489308,0.001413,0.001672,0.996915
390,0,-0.991612,-1.253591,2.719494,0.023436,0.018035,0.958529
391,0,-1.248768,0.414589,1.383887,0.049535,0.261397,0.689068
392,0,-1.533812,0.004185,2.217365,0.020736,0.096529,0.882735
393,0,-1.768158,-2.338069,4.725827,0.001509,0.000853,0.997638
394,0,-2.164319,-1.671864,4.677946,0.001065,0.001742,0.997193
395,0,-1.181045,-2.784517,4.266022,0.004287,0.000862,0.994851
396,0,-1.614733,-2.424703,4.525790,0.002147,0.000955,0.996898
397,0,-0.264728,-3.213492,3.401479,0.024903,0.001305,0.973792
398,0,-1.791129,0.968625,1.542449,0.022304,0.352317,0.625378
399,0,-1.768850,-0.213988,2.702896,0.010725,0.050775,0.938501
400,0,-1.359573,-1.058170,3.072911,0.011562,0.015629,0.972810
401,0,-1.788489,-2.791403,4.577954,0.001714,0.000629,0.997657
402,0,-1.681638,-0.263954,2.694565,0.011812,0.048753,0.939436
403,0,-1.754630,-1.874884,4.198684,0.002585,0.002292,0.995124
404,0,-1.783458,1.245905,1.241906,0.023649,0.489152,0.487200
405,0,-1.473983,-2.721957,4.613416,0.002265,0.000650,0.997085
406,0,-1.556849,-0.266141,2.458730,0.016641,0.060498,0.922861
407,0,-2.125585,-2.036638,4.896435,0.000890,0.000973,0.998136
408,0,-1.796321,0.795177,1.732921,0.020641,0.275549,0.703810
409,0,-1.163221,-3.130415,4.492150,0.003485,0.000487,0.996028
410,0,-1.986058,-0.055937,2.907570,0.007076,0.048755,0.944170
411,0,-1.646421,-0.789620,3.275444,0.007112,0.016752,0.976136
412,0,-0.959531,0.429223,1.059514,0.079739,0.319740,0.600522
413,0,-1.762344,-2.683351,4.909571,0.001264,0.000503,0.998233
414,0,-2.221646,-1.406698,4.516605,0.001180,0.002666,0.996154
415,0,-2.188355,-2.092658,4.917250,0.000819,0.000901,0.998280
416,0,-1.391924,0.816862,1.144136,0.043986,0.400478,0.555536
417,0,0.688098,-3.851768,3.196193,0.075232,0.000803,0.923965
418,0,-2.369336,-2.363685,5.212029,0.000509,0.000512,0.998978
419,0,-2.041440,-0.047782,2.981012,0.006245,0.045854,0.947901
420,0,-1.567028,-1.657799,3.785441,0.004694,0.004287,0.991019
421,0,-1.660305,-1.901571,4.313295,0.002534,0.001990,0.995476
422,0,-1.699207,0.070727,2.193620,0.017883,0.104980,0.877137
423,0,-1.879787,0.295376,2.381676,0.012389,0.109067,0.878544
424,0,-1.426135,-2.774928,4.409566,0.002911,0.000755,0.996334
425,0,-1.751513,-2.249716,4.491853,0.001937,0.001177,0.996886
426,0,-0.515717,-3.650682,3.939374,0.011480,0.000499,0.988020
427,0,-1.521206,-1.824361,4.315238,0.002904,0.002145,0.994951
428,0,-1.754524,0.014673,2.530550,0.012583,0.073812,0.913605
429,0,-0.763958,-3.213822,3.966059,0.008742,0.000755,0.990503
430,0,-0.487757,-1.405788,2.313741,0.055964,0.022347,0.921689
431,0,0.435861,-3.458189,3.048558,0.068231,0.001389,0.930380
432,0,-2.292039,-0.698957,3.949059,0.001926,0.009471,0.988603
433,0,-1.225686,-1.725402,3.361603,0.010017,0.006077,0.983906
434,0,-1.634600,-0.814958,3.393320,0.006415,0.014560,0.979025
435,0,-1.343736,0.132595,1.948010,0.030992,0.135647,0.833362
436,0,-1.507799,-1.357434,3.152555,0.009273,0.010778,0.979949
437,0,0.150695,-2.680194,2.629143,0.077031,0.004542,0.918427
438,0,-2.105965,-0.178738,3.136629,0.005075,0.034870,0.960055
439,0,-1.426973,0.423638,1.603962,0.035612,0.226625,0.737763
440,0,-1.972237,-2.042980,4.639152,0.001341,0.001250,0.997409
441,0,-1.802538,0.655541,1.894092,0.018870,0.220448,0.760681
442,0,-1.968328,-0.353979,3.148777,0.005784,0.029065,0.965151
443,0,-1.325035,-0.485240,2.478620,0.020755,0.048067,0.931178
444,0,0.336137,-4.231320,3.322833,0.048007,0.000499,0.951495
445,0,-0.203787,-3.242391,3.700771,0.019733,0.000945,0.979322
446,0,-0.589343,-2.928778,3.607788,0.014795,0.001426,0.983779
447,0,-1.334824,0.685464,1.225679,0.046549,0.351001,0.602450
448,0,-1.997772,-2.244224,4.406002,0.001650,0.001290,0.997060
449,0,-1.997500,0.900681,1.935082,0.014249,0.258495,0.727256
450,0,-2.342068,-0.727282,3.862840,0.001995,0.010030,0.987975
451,0,-1.510334,-2.780926,4.563804,0.002295,0.000644,0.997061
452,0,-0.771302,-3.343300,4.261213,0.006477,0.000495,0.993028
453,0,-2.122331,-1.195481,4.194130,0.001795,0.004535,0.993670
454,0,-0.975598,-2.995542,4.198498,0.005625,0.000746,0.993628
455,0,-1.055557,-3.192862,4.387551,0.004305,0.000508,0.995187
456,0,-2.175043,-1.744012,4.703034,0.001027,0.001581,0.997391
457,0,-0.343102,-3.646041,4.054146,0.012156,0.000447,0.987397
458,0,-2.267805,-0.508229,3.706823,0.002499,0.014520,0.982981
459,0,-2.267367,-1.746586,4.724222,0.000917,0.001544,0.997539
460,0,0.083614,0.207398,-0.311075,0.356422,0.403389,0.240189
461,0,-2.013837,-2.393077,4.936063,0.000957,0.000655,0.998388
462,0,-1.961738,-1.697608,4.210009,0.002078,0.002706,0.995217
463,0,-1.817086,-1.991607,4.269260,0.002264,0.001902,0.995834
464,0,-0.280329,-3.148531,3.465572,0.023039,0.001309,0.975652
465,0,-1.953535,-1.418629,4.153458,0.002214,0.003780,0.994006
466,0,-0.594404,0.001005,0.980477,0.130823,0.237282,0.631895
467,0,-2.255476,-2.051143,4.883921,0.000792,0.000971,0.998237
468,0,-2.366484,-1.774375,4.703595,0.000848,0.001533,0.997619
469,0,-0.021674,-3.934642,3.754347,0.022390,0.000447,0.977162
470,0,-1.184063,-0.450911,2.213808,0.030320,0.063114,0.906566
471,0,-1.626671,-0.198145,2.508334,0.014779,0.061667,0.923554
472,0,-0.625302,-2.067102,2.718554,0.033824,0.007999,0.958176
473,0,-0.269733,-3.202326,3.541163,0.021624,0.001152,0.977224
474,0,-2.432952,-2.438857,5.272164,0.000450,0.000447,0.999102
475,0,-1.525969,-0.013459,2.188140,0.021478,0.097468,0.881055
476,0,-1.549405,-1.233744,3.480614,0.006439,0.008829,0.984732
477,0,-0.925829,0.323033,1.226524,0.076386,0.266309,0.657305
478,0,-1.449035,-2.688066,4.608225,0.002334,0.000676,0.996990
479,0,-0.025028,-3.056420,3.429021,0.030603,0.001477,0.967920
480,0,-0.423729,-3.048356,3.569417,0.018084,0.001310,0.980606
481,0,-2.335657,-0.576123,3.876698,0.001978,0.011489,0.986534
482,0,-2.142549,-0.513648,3.585975,0.003189,0.016257,0.980555
483,0,-1.521954,-1.902958,4.126318,0.003503,0.002393,0.994104
484,0,-0.253956,-3.520753,3.742223,0.018041,0.000688,0.981271
485,0,-1.867257,0.093565,2.566256,0.010830,0.076952,0.912217
486,0,-2.286944,-1.130036,4.365219,0.001284,0.004084,0.994632
487,0,-2.196310,-2.466198,5.106096,0.000673,0.000514,0.998813
488,0,-0.748977,-3.476930,3.936044,0.009143,0.000597,0.990260
489,0,-2.254380,-2.288535,5.028654,0.000686,0.000663,0.998651
490,0,0.298940,-4.015374,3.426616,0.041956,0.000561,0.957482
491,0,-1.838536,-2.466999,4.711218,0.001427,0.000761,0.997811
492,0,-2.834578,-1.462378,4.979350,0.000403,0.001590,0.998006
493,0,-2.321745,-1.476477,4.600731,0.000982,0.002287,0.996731
494,0,0.053601,-3.584632,3.500238,0.030844,0.000811,0.968345
495,0,-1.179232,0.535683,1.102207,0.061173,0.339892,0.598934
496,0,-1.542584,-2.096875,4.242373,0.003059,0.001757,0.995184
497,0,0.485083,-2.911045,2.317222,0.137349,0.004602,0.858050
498,0,-2.001653,-1.423695,3.967927,0.002537,0.004522,0.992940
499,0,1.008293,-3.391195,2.132350,0.244523,0.003004,0.752474
500,0,-1.836862,0.516957,2.081789,0.016166,0.170158,0.813676
501,0,-1.825054,1.059594,1.472894,0.021761,0.389458,0.588782
502,0,-2.103315,-0.933530,3.748406,0.002840,0.009150,0.988010
503,0,-0.980889,-2.679509,3.973514,0.006994,0.001279,0.991727
504,0,-1.118199,-2.957046,4.255995,0.004610,0.000733,0.994657
505,0,-2.153740,-2.659056,5.213634,0.000631,0.000381,0.998988
506,0,-2.522949,-1.789587,5.067141,0.000505,0.001051,0.998445
507,0,-1.732446,-2.842009,4.742850,0.001538,0.000507,0.997955
508,0,-0.949326,-1.291844,2.799100,0.022643,0.016076,0.961281
509,0,-1.170788,-2.867823,4.144405,0.004888,0.000896,0.994216
510,0,-1.799680,-2.754920,4.797333,0.001362,0.000524,0.998114
511,0,-1.497850,-1.173321,3.479223,0.006783,0.009383,0.983834
512,0,2.170448,-4.109959,1.074011,0.748541,0.001402,0.250057
513,0,0.580310,-3.571952,3.003487,0.081318,0.001279,0.917403
514,0,0.547105,-3.616202,2.678204,0.105936,0.001648,0.892416
515,0,-2.286944,-1.130036,4.365219,0.001284,0.004084,0.994632
516,0,-1.020283,-2.932052,4.292666,0.004900,0.000724,0.994376
517,0,-1.416379,-0.095112,2.089406,0.026277,0.098491,0.875231
518,0,-1.377722,-1.142650,3.065225,0.011456,0.014492,0.974052
519,0,-0.295962,-3.012775,3.429005,0.023510,0.001554,0.974937
520,0,2.050715,-3.917728,0.700674,0.792526,0.002027,0.205446
521,0,-1.456788,-3.003886,4.657127,0.002206,0.000470,0.997324
522,0,-1.018217,-1.634254,3.277132,0.013352,0.007211,0.979438
523,0,-2.247515,-1.774621,4.862681,0.000815,0.001308,0.997877
524,0,-1.938230,0.348897,2.417579,0.011264,0.110915,0.877821
525,0,-0.892069,0.673906,0.585733,0.098322,0.470702,0.430976
526,0,-1.966060,-1.574827,4.052459,0.002419,0.003577,0.994005
527,0,-1.409947,-2.652036,4.268241,0.003405,0.000983,0.995612
528,0,0.739524,-4.124156,2.979986,0.096104,0.000742,0.903154
529,0,-1.955908,0.269914,2.476285,0.010596,0.098129,0.891275
530,0,-1.189656,-2.171913,3.925372,0.005957,0.002231,0.991813
531,0,-0.457858,1.104177,-0.306911,0.144270,0.687954,0.167777
532,0,-2.395971,-2.181056,5.117516,0.000545,0.000676,0.998779
533,0,-1.743546,0.718464,1.795296,0.021206,0.248717,0.730076
534,0,-0.869895,0.013069,1.360668,0.078597,0.190052,0.731352
535,0,-0.447699,-1.267724,1.920079,0.082549,0.036356,0.881095
536,0,2.361889,-3.894661,0.608887,0.850940,0.001632,0.147428
537,0,-1.738134,0.443724,1.984244,0.019522,0.173015,0.807463
538,0,-2.140121,-2.081446,4.817078,0.000950,0.001007,0.998043
539,0,-1.933617,-0.336772,3.091136,0.006326,0.031236,0.962438
540,0,-2.069024,-2.469428,4.964947,0.000880,0.000590,0.998530
541,0,-2.315630,-0.955618,4.155865,0.001535,0.005982,0.992483
542,0,-1.668224,-1.589388,3.882429,0.003854,0.004170,0.991976
543,0,-1.716408,-2.753020,4.597276,0.001807,0.000641,0.997552
544,0,-1.706119,0.026079,2.451589,0.014169,0.080097,0.905734
545,0,0.799425,-4.130374,2.712187,0.128551,0.000929,0.870520
546,0,-1.717942,-2.499702,4.561592,0.001869,0.000855,0.997276
547,0,-2.407009,-2.611200,5.207233,0.000493,0.000402,0.999105
548,0,-1.642234,-0.451339,2.774271,0.011482,0.037775,0.950744
549,0,-2.095397,-2.597725,4.998745,0.000829,0.000502,0.998670
550,0,-1.177244,-0.761799,2.631063,0.021013,0.031836,0.947151
551,0,-2.124868,-0.017354,3.061342,0.005319,0.043761,0.950921
552,0,-2.374869,-1.991265,4.897788,0.000693,0.001017,0.998290
553,0,-0.328848,-3.742072,4.044217,0.012450,0.000410,0.987140
554,0,-0.899832,-3.107051,4.035506,0.007131,0.000784,0.992084
555,0,-2.327276,-2.664430,5.403947,0.000439,0.000313,0.999248
556,0,-1.462062,0.970510,1.038943,0.040679,0.463255,0.496066
557,0,-2.287559,-1.910071,4.787878,0.000844,0.001231,0.997925
558,0,-2.286944,-1.130036,4.365219,0.001284,0.004084,0.994632
559,0,-1.750689,-0.426295,2.927447,0.008902,0.033472,0.957625
560,0,-2.395559,-1.728371,4.779977,0.000763,0.001488,0.997749
561,0,-1.714399,0.218147,2.197036,0.017278,0.119339,0.863383
562,0,-2.309279,-1.708580,4.668974,0.000929,0.001695,0.997376
563,0,-2.072563,-0.183028,3.177631,0.005045,0.033379,0.961577
564,0,-1.264625,-2.037928,3.806558,0.006218,0.002870,0.990913
565,0,-1.632281,-2.697962,4.712353,0.001752,0.000604,0.997644
566,0,-2.671053,-1.365606,4.512680,0.000756,0.002790,0.996454
567,0,-1.986058,-0.055937,2.907570,0.007076,0.048755,0.944170
568,0,-1.549262,-0.814956,3.015661,0.010087,0.021021,0.968892
569,0,-1.963004,-2.781105,4.837661,0.001111,0.000490,0.998398
570,0,-1.057446,0.037392,1.540982,0.057368,0.171456,0.771176
571,0,-1.124014,0.304078,1.305782,0.060506,0.252354,0.687140
572,0,-1.434517,-2.571257,4.385704,0.002955,0.000948,0.996096
573,0,-1.163332,-0.396522,2.525952,0.023165,0.049871,0.926964
574,0,-1.557302,-1.670816,4.105639,0.003450,0.003079,0.993471
575,0,-1.124146,0.398728,1.216747,0.062594,0.287019,0.650387
576,0,-2.286944,-1.130036,4.365219,0.001284,0.004084,0.994632
577,0,-2.048418,0.882850,1.999720,0.012980,0.243392,0.743628
578,0,-1.735274,0.015826,2.434109,0.013998,0.080644,0.905357
579,0,-1.532024,-1.994419,4.361007,0.002746,0.001730,0.995524
580,0,-1.641105,0.492239,1.873773,0.023226,0.196100,0.780674
581,0,-1.632173,-3.027185,4.732207,0.001718,0.000426,0.997856
582,0,-1.651222,0.391562,1.956975,0.021924,0.169081,0.808995
583,0,0.293601,-1.563037,1.356682,0.246824,0.038553,0.714623
584,0,-2.331511,-2.084116,5.028663,0.000635,0.000813,0.998551
585,0,-0.241017,-3.769998,3.985207,0.014391,0.000422,0.985187
586,0,-1.979163,0.436780,2.357527,0.011280,0.126337,0.862383
587,0,2.061693,-4.233463,1.252856,0.690980,0.001275,0.307745
588,0,-0.309148,-3.218209,3.691194,0.017963,0.000979,0.981058
589,0,-2.064342,-2.538917,4.932590,0.000913,0.000568,0.998518
590,0,-0.413529,0.844835,-0.142219,0.171487,0.603576,0.224937
591,0,-1.179279,-2.898018,4.240842,0.004404,0.000790,0.994807
592,0,-1.772692,-2.846995,4.922606,0.001235,0.000422,0.998344
593,0,-1.534763,0.414718,1.742981,0.028951,0.203383,0.767666
594,0,-2.791502,-1.351829,5.000750,0.000412,0.001739,0.997849
595,0,-2.601377,-1.513129,4.870495,0.000568,0.001685,0.997747
596,0,-0.929698,0.684869,0.772608,0.086864,0.436552,0.476585
597,0,-0.328848,-3.742072,4.044217,0.012450,0.000410,0.987140
598,0,-1.810627,-0.747922,3.256835,0.006148,0.017792,0.976060
599,0,0.438397,-4.191640,3.373200,0.050435,0.000492,0.949073
600,0,-2.234836,-1.810842,4.671992,0.000998,0.001526,0.997476
601,0,-2.145345,-2.624387,5.125322,0.000695,0.000430,0.998875
602,0,-0.514715,-2.310805,3.273237,0.022060,0.003661,0.974280
603,0,-1.903189,0.116933,2.578594,0.010317,0.077779,0.911904
604,0,-1.475822,0.342266,1.791073,0.029949,0.184489,0.785561
605,0,1.443340,-3.597214,1.998772,0.363747,0.002354,0.633900
606,0,-1.420114,-2.932588,4.428500,0.002874,0.000633,0.996493
607,0,-2.060625,-1.474706,4.177546,0.001943,0.003491,0.994567
608,0,-1.922442,0.642209,2.081148,0.014537,0.188923,0.796540
609,0,-1.178052,-2.990004,4.443881,0.003602,0.000588,0.995809
610,0,-1.920825,-0.109020,2.895393,0.007656,0.046865,0.945479
611,0,0.549456,-3.756047,2.965060,0.081900,0.001105,0.916995
612,0,0.560275,-0.592310,0.145141,0.506055,0.159822,0.334123
613,0,-2.214803,0.614120,2.546113,0.007419,0.125591,0.866989
614,0,-2.160503,-0.219991,3.265355,0.004252,0.029606,0.966142
615,0,-0.948009,-2.972214,4.155366,0.006035,0.000797,0.993168
616,0,-1.576441,0.548485,1.633534,0.029282,0.245156,0.725562
617,0,-1.887837,-1.206601,3.836895,0.003233,0.006389,0.990378
618,0,-0.528171,-3.460318,4.058562,0.010078,0.000537,0.989385
619,0,-1.748221,-2.687278,4.905920,0.001286,0.000503,0.998211
620,0,-0.309397,-4.102579,4.002790,0.013223,0.000298,0.986479
621,0,0.041262,-2.162406,1.835018,0.140402,0.015500,0.844098
622,0,-1.839726,-2.361951,4.633311,0.001541,0.000914,0.997545
623,0,-0.045794,-3.442596,3.520062,0.027470,0.000920,0.971610
624,0,-1.299498,-1.921000,3.812578,0.005968,0.003206,0.990826
625,0,-1.639984,-2.185603,4.582880,0.001977,0.001146,0.996877
626,0,-0.725535,-1.685226,3.052626,0.022164,0.008489,0.969347
627,0,-2.126303,-0.155851,3.176621,0.004782,0.034309,0.960909
628,0,-2.072375,-1.496802,4.411127,0.001522,0.002706,0.995772
629,0,-1.618805,-1.725065,3.825199,0.004287,0.003855,0.991858
630,0,-1.275810,-3.570702,4.857058,0.002165,0.000218,0.997617
631,0,-1.554869,-1.443071,3.547401,0.006006,0.006716,0.987279
632,0,-1.834509,-0.941424,3.609946,0.004257,0.010398,0.985345
633,0,-1.488996,-2.801006,4.700921,0.002045,0.000551,0.997405
634,0,-0.103405,-3.801617,3.781270,0.020130,0.000499,0.979371
635,0,-2.021998,0.224190,2.647466,0.008540,0.080720,0.910740
636,0,-1.643591,0.860135,1.426489,0.028759,0.351665,0.619576
637,0,-1.030981,-2.582045,4.002425,0.006466,0.001371,0.992164
638,0,-2.285872,-2.579023,5.099073,0.000620,0.000462,0.998918
639,0,-1.292927,-2.787761,4.277778,0.003790,0.000850,0.995360
640,0,0.042883,-3.392086,3.402786,0.033536,0.001081,0.965383
641,0,-2.348931,-1.156396,4.209923,0.001409,0.004643,0.993948
642,0,0.516957,-3.998025,3.095863,0.070454,0.000771,0.928775
643,0,-0.090422,0.941540,-0.602511,0.226973,0.637015,0.136012
644,0,0.125341,-3.270482,3.251463,0.041983,0.001407,0.956610
645,0,-1.695912,0.767042,1.682523,0.023773,0.279083,0.697144
646,0,-2.286944,-1.130036,4.365219,0.001284,0.004084,0.994632
647,0,-1.004842,-1.266751,2.825100,0.020908,0.016090,0.963002
648,0,-1.757880,-0.144168,2.679254,0.011043,0.055452,0.933505
649,0,-0.755257,-1.368145,2.583252,0.033649,0.018230,0.948121
650,0,-2.228444,0.086490,3.103544,0.004588,0.046447,0.948965
651,0,-1.715794,0.397303,1.973014,0.020296,0.167925,0.811779
652,0,-1.255230,0.561458,1.117683,0.055928,0.344040,0.600032
653,0,-1.846927,-1.624935,4.109026,0.002575,0.003216,0.994209
654,0,-0.921275,0.625934,0.991514,0.080191,0.376763,0.543047
655,0,-2.111828,-2.342862,4.896251,0.000903,0.000717,0.998380
656,0,-1.389119,0.367871,1.721762,0.034205,0.198215,0.767580
657,0,1.491609,-3.966081,1.544729,0.485715,0.002071,0.512214
658,0,-0.866125,-3.367642,4.474735,0.004767,0.000391,0.994842
659,0,-2.177345,-1.989455,4.673524,0.001056,0.001274,0.997670
660,0,-2.122373,-1.636570,4.488934,0.001340,0.002179,0.996481
661,0,-2.124811,-1.446949,4.220375,0.001746,0.003439,0.994815
662,0,-1.044073,-2.158515,3.787776,0.007888,0.002588,0.989524
663,0,-0.478523,-3.487891,3.932971,0.011984,0.000591,0.987424
664,0,-1.033991,-1.221993,2.834658,0.020118,0.016670,0.963212
665,0,-0.989532,-2.611921,3.670862,0.009357,0.001847,0.988796
666,0,-2.395619,-0.998478,4.220783,0.001329,0.005375,0.993296
667,0,0.200527,-3.288064,3.054254,0.054398,0.001662,0.943940
668,0,-1.336633,-2.769017,4.379158,0.003280,0.000783,0.995937
669,0,-2.067491,-1.800596,4.689320,0.001160,0.001515,0.997326
670,0,-1.857973,-2.765660,4.803603,0.001277,0.000515,0.998208
671,0,-2.271626,-1.976495,4.945999,0.000732,0.000984,0.998284
672,0,-1.782561,0.442501,2.142277,0.016421,0.151958,0.831622
673,0,-1.444235,-2.548568,4.176737,0.003604,0.001194,0.995202
674,0,0.209253,-2.610476,2.402619,0.099751,0.005947,0.894302
675,0,-2.286944,-1.130036,4.365219,0.001284,0.004084,0.994632
676,0,-0.511778,-3.405337,4.024196,0.010597,0.000587,0.988816
677,0,-1.846800,0.393446,2.250275,0.014172,0.133159,0.852669
678,0,-2.015006,-2.090710,4.673335,0.001242,0.001152,0.997606
679,0,-1.897110,-0.238132,2.876013,0.008029,0.042186,0.949785
680,0,-1.365836,-0.456514,2.537850,0.018844,0.046783,0.934373
681,0,-0.035935,-3.471177,3.240443,0.036348,0.001171,0.962481
682,0,-1.382998,-0.353907,2.402749,0.020891,0.058464,0.920644
683,0,-2.368582,-0.916647,4.219022,0.001367,0.005841,0.992792
684,0,-1.082076,0.398530,1.169783,0.067110,0.294988,0.637903
685,0,-1.804606,-2.372545,4.495398,0.001831,0.001038,0.997131
686,0,-1.321325,0.242362,1.709801,0.037740,0.180262,0.781997
687,0,-2.286944,-1.130036,4.365219,0.001284,0.004084,0.994632
688,0,-1.125545,-3.011238,4.308832,0.004342,0.000659,0.994999
689,0,-1.184628,-2.645276,4.276482,0.004227,0.000981,0.994792
690,0,-1.762094,0.344923,2.119383,0.017325,0.142477,0.840198
691,0,-0.862973,1.232573,-0.072499,0.088228,0.717280,0.194493
692,0,-2.092501,1.117097,1.746746,0.013839,0.342780,0.643381
693,0,-0.363370,-2.397462,3.084327,0.030714,0.004017,0.965269
694,0,-1.648063,-1.440739,3.796025,0.004281,0.005267,0.990453
695,0,-1.849069,-1.922052,3.930007,0.003073,0.002857,0.994070
696,0,-2.756761,-1.261522,4.585805,0.000645,0.002877,0.996477
697,0,1.104986,-3.423400,2.367701,0.219983,0.002375,0.777641
698,0,-1.860059,-0.118351,2.741070,0.009407,0.053687,0.936906
699,0,-1.613803,-1.132241,3.163243,0.008239,0.013336,0.978425
700,0,-1.810682,-1.941687,4.188681,0.002469,0.002166,0.995366
701,0,-1.288311,-1.289657,3.292831,0.010038,0.010024,0.979938
702,0,-2.031622,0.126256,2.822489,0.007251,0.062738,0.930012
703,0,-1.376929,-2.609309,4.249190,0.003586,0.001046,0.995369
704,0,-1.188037,1.358997,0.345216,0.054341,0.693886,0.251773
705,0,-1.080880,-1.597259,2.930912,0.017592,0.010497,0.971910
706,0,-2.402621,-2.103444,5.085845,0.000559,0.000754,0.998688
707,0,-2.226877,-1.768543,4.273055,0.001498,0.002369,0.996134
708,0,-1.295296,-3.258517,4.775390,0.002304,0.000323,0.997373
709,0,-1.458969,-1.200141,3.449142,0.007263,0.009409,0.983328
710,0,-0.205517,-3.688489,3.622483,0.021276,0.000654,0.978070
711,0,0.804878,-3.714066,3.056419,0.095118,0.001037,0.903845
712,0,-1.440001,0.049252,2.092421,0.025227,0.111850,0.862923
713,0,-0.609733,0.197660,0.846520,0.132768,0.297674,0.569557
714,0,-2.100598,-2.702957,5.132495,0.000721,0.000395,0.998884
715,0,-1.890118,0.441346,2.217381,0.013872,0.142785,0.843343
716,0,-1.589401,1.124568,1.040257,0.033380,0.503672,0.462948
717,0,-2.080583,-2.588555,5.015508,0.000827,0.000498,0.998675
718,0,-1.810574,-0.304546,2.922323,0.008394,0.037847,0.953759
719,0,0.363995,-3.631109,3.108701,0.060319,0.001110,0.938570
720,0,-2.358769,-0.959653,4.011273,0.001697,0.006877,0.991425
721,0,-0.419636,-3.443826,4.078988,0.010996,0.000534,0.988470
722,0,-1.187001,-2.270653,3.928920,0.005953,0.002014,0.992033
723,0,-1.892861,0.165150,2.584998,0.010322,0.080829,0.908849
724,0,-2.081919,0.033940,2.895467,0.006477,0.053738,0.939785
725,0,-1.101000,-1.679548,3.284349,0.012221,0.006852,0.980927
726,0,-0.535447,-2.937626,3.505755,0.017246,0.001561,0.981193
727,0,-1.891356,-2.524867,4.624176,0.001477,0.000784,0.997739
728,0,-1.694790,0.160484,2.209774,0.017537,0.112123,0.870340
729,0,-0.846897,-2.548846,3.748037,0.009984,0.001820,0.988196
730,0,-1.633773,0.172663,2.137058,0.019800,0.120557,0.859643
731,0,-1.734802,-2.969099,4.899254,0.001313,0.000382,0.998305
732,0,-0.575881,-3.077962,3.940616,0.010800,0.000885,0.988316
733,0,-2.142549,-0.513648,3.585975,0.003189,0.016257,0.980555
734,0,-1.462530,0.337885,1.781105,0.030601,0.185201,0.784198
735,0,-0.553376,-3.032796,3.753490,0.013282,0.001113,0.985605
736,0,-0.347713,-3.963469,4.071973,0.011891,0.000320,0.987789
737,0,-1.535811,-2.902008,4.692349,0.001968,0.000502,0.997530
738,0,-2.428783,-1.138809,4.133847,0.001403,0.005097,0.993500
739,0,-1.213562,0.692492,1.111756,0.055690,0.374601,0.569709
740,0,-1.466664,-0.496071,2.785477,0.013533,0.035720,0.950748
741,0,-1.905574,0.293076,2.461790,0.011255,0.101441,0.887304
742,0,-2.102538,-0.586833,3.525026,0.003527,0.016057,0.980417
743,0,-2.337828,-2.538782,5.318317,0.000473,0.000387,0.999141
744,0,-1.997298,-0.572624,3.376698,0.004527,0.018818,0.976655
745,0,-1.498458,-0.802074,2.869761,0.012209,0.024496,0.963295
746,0,-2.090600,-1.862556,4.406130,0.001503,0.001888,0.996608
747,0,-1.893786,-0.168122,2.756914,0.008987,0.050472,0.940541
748,0,-2.049827,-3.076692,5.148905,0.000747,0.000267,0.998986
749,0,-1.957200,-2.148577,4.792552,0.001169,0.000965,0.997866
750,0,1.986900,-3.828091,1.000701,0.726758,0.002168,0.271075
751,0,-1.788417,0.219704,2.334569,0.014247,0.106127,0.879627
752,0,0.162398,-3.081820,2.984989,0.055993,0.002184,0.941823
753,0,-2.086445,-2.270726,4.802466,0.001017,0.000846,0.998137
754,0,-1.633594,-2.724740,4.402813,0.002383,0.000800,0.996817
755,0,-1.428375,-0.207486,2.292492,0.021886,0.074199,0.903914
756,0,-1.474381,0.069950,2.063966,0.024941,0.116844,0.858215
757,0,-1.395482,-0.908836,2.835696,0.014001,0.022777,0.963222
758,0,1.057625,-3.268007,2.238839,0.234107,0.003096,0.762797
759,0,-1.224391,-2.830087,4.463572,0.003373,0.000677,0.995950
760,0,-1.802885,-2.271882,4.501677,0.001823,0.001140,0.997037
761,0,-1.712172,0.981319,1.363794,0.026699,0.394703,0.578598
762,0,-2.165706,-0.556870,3.523403,0.003315,0.016567,0.980118
763,0,-0.898922,-2.558655,3.979615,0.007540,0.001434,0.991026
764,0,-0.478737,-2.240705,3.127143,0.026326,0.004520,0.969154
765,0,-1.461883,-2.498343,4.332454,0.003032,0.001076,0.995892
766,0,-1.962370,-0.051228,2.844823,0.007684,0.051947,0.940370
767,0,-2.218374,-2.637484,5.233608,0.000580,0.000381,0.999039
768,0,-1.039013,-2.772508,4.159578,0.005489,0.000970,0.993542
769,0,-1.760185,-1.757125,3.897877,0.003465,0.003476,0.993059
770,0,-1.714313,1.301950,0.926326,0.028219,0.576089,0.395692
771,0,-1.388033,0.031133,1.941705,0.030244,0.125018,0.844739
772,0,0.473256,-3.827550,3.026828,0.072116,0.000978,0.926906
773,0,-0.077826,-3.321579,3.621803,0.024113,0.000941,0.974946
774,0,-1.713606,0.782042,1.724114,0.022601,0.274143,0.703256
775,0,-0.845071,-0.752584,2.320665,0.038755,0.042510,0.918735
776,0,-1.651334,0.065520,2.264508,0.017619,0.098082,0.884299
777,0,-1.590289,0.720111,1.477494,0.030701,0.309415,0.659885
778,0,-1.050569,-0.844958,2.205370,0.035496,0.043599,0.920905
779,0,-1.906382,-0.934840,3.732763,0.003510,0.009275,0.987215
780,0,-0.655247,-2.790911,3.498007,0.015442,0.001825,0.982733
781,0,-2.305532,-1.602324,4.671287,0.000931,0.001880,0.997189
782,0,-1.900492,-1.328630,3.943748,0.002873,0.005091,0.992036
783,0,-1.361287,-0.392092,2.408868,0.021266,0.056054,0.922679
784,0,-2.037820,-0.901248,3.781595,0.002933,0.009141,0.987926
785,0,-1.093676,-2.404749,3.979724,0.006212,0.001674,0.992114
786,0,-1.792034,-2.984969,4.966660,0.001159,0.000352,0.998489
787,0,-1.882656,-0.436867,2.885498,0.008134,0.034529,0.957338
788,0,-1.412528,-3.254765,4.847372,0.001907,0.000302,0.997791
789,0,-0.911948,-3.397740,4.381400,0.004998,0.000416,0.994586
790,0,1.101250,-3.933293,2.655415,0.174288,0.001134,0.824578
791,0,-0.815067,-2.993241,3.833131,0.009478,0.001073,0.989449
792,0,1.120471,-4.227385,2.284159,0.237729,0.001131,0.761140
793,0,-1.132408,-1.786023,3.331465,0.011319,0.005888,0.982793
794,0,-0.456008,-2.610568,3.173790,0.025759,0.002987,0.971254
795,0,-0.495085,-3.308161,3.966946,0.011399,0.000684,0.987916
796,0,-0.787658,0.848011,0.324416,0.109009,0.559532,0.331459
797,0,-0.259307,-3.488655,3.821790,0.016598,0.000657,0.982745
798,0,-2.286944,-1.130036,4.365219,0.001284,0.004084,0.994632
799,0,-0.743904,-3.155004,4.173548,0.007260,0.000651,0.992089
800,0,-1.627752,-1.035355,3.479033,0.005954,0.010767,0.983279
801,0,-1.731217,0.427729,1.998034,0.019489,0.168817,0.811693
802,0,-2.048597,-1.504350,4.398423,0.001578,0.002720,0.995701
803,0,-0.078079,-1.479843,1.797397,0.128699,0.031681,0.839621
804,0,-2.269275,-1.952654,4.975372,0.000713,0.000978,0.998309
805,0,-1.620999,-2.601283,4.597979,0.001986,0.000745,0.997269
806,0,-1.398256,-2.156042,3.984763,0.004563,0.002139,0.993298
807,0,0.925161,-4.501372,2.847096,0.127574,0.000561,0.871865
808,0,0.519121,-4.466037,3.259978,0.060580,0.000414,0.939006
809,0,-1.339676,-2.062013,4.085837,0.004374,0.002124,0.993502
810,0,-2.315096,0.520936,2.616597,0.006383,0.108820,0.884797
811,0,-2.044720,-0.433804,3.211075,0.005059,0.025331,0.969611
812,0,-0.756416,-0.210412,1.087146,0.110554,0.190854,0.698592
813,0,-2.187350,-1.262604,4.367142,0.001417,0.003572,0.995012
814,0,-1.868987,-2.321388,4.725466,0.001365,0.000868,0.997767
815,0,-2.074536,-2.587393,5.053492,0.000801,0.000480,0.998719
816,0,-0.433324,-3.185515,3.519019,0.018825,0.001201,0.979974
817,0,-1.005519,-3.252670,4.400600,0.004467,0.000472,0.995061
818,0,-2.148849,-0.195165,3.152185,0.004794,0.033819,0.961387
819,0,-1.489147,-1.802720,3.616852,0.005997,0.004383,0.989620
820,0,-2.141409,-0.199772,3.283491,0.004256,0.029665,0.966078
821,0,-1.681155,-1.905837,4.381913,0.002318,0.001851,0.995831
822,0,-1.271157,-1.144631,2.864446,0.015465,0.017551,0.966984
823,0,-1.732693,-1.141652,3.602301,0.004756,0.008588,0.986656
824,0,0.509570,-3.785394,2.939935,0.080797,0.001102,0.918101
825,0,-2.242420,-2.236853,5.005915,0.000710,0.000714,0.998575
826,0,-1.745690,0.128098,2.315256,0.015257,0.099370,0.885373
827,0,-0.990208,-0.362754,1.718282,0.055930,0.104748,0.839322
828,0,-2.068381,-1.859753,4.699897,0.001147,0.001413,0.997440
829,0,-2.019112,-2.384651,5.033900,0.000864,0.000599,0.998537
830,0,-1.760831,-3.066910,4.928853,0.001242,0.000336,0.998422
831,0,-1.935215,-1.372974,4.082413,0.002419,0.004245,0.993336
832,0,0.556913,-3.943708,3.377816,0.056170,0.000624,0.943206
833,0,-1.746786,-1.085646,3.602599,0.004686,0.009076,0.986238
834,0,0.296018,-2.209460,1.991949,0.153061,0.012495,0.834444
835,0,-1.644575,-2.148208,4.511880,0.002113,0.001277,0.996611
836,0,1.276080,-3.359056,2.003853,0.324658,0.003151,0.672192
837,0,-2.117038,-1.077844,3.982361,0.002225,0.006290,0.991485
838,0,-1.103465,-2.884908,4.401683,0.004047,0.000681,0.995272
839,0,-0.883409,-2.798965,3.958458,0.007821,0.001152,0.991027
840,0,-1.976105,-1.841990,4.674302,0.001290,0.001475,0.997235
841,0,-2.237014,-2.654370,5.071068,0.000669,0.000441,0.998890
842,0,-1.021819,0.121262,1.363161,0.066688,0.209161,0.724152
843,0,-1.863329,0.647492,2.017616,0.016185,0.199321,0.784494
844,0,-2.010663,-0.320118,3.129701,0.005643,0.030601,0.963756
845,0,-2.072850,-2.577456,4.929434,0.000908,0.000548,0.998543
846,0,0.142023,-3.420688,3.477347,0.034346,0.000974,0.964680
847,0,-1.251669,-2.133769,4.117754,0.004626,0.001915,0.993459
848,0,-1.741821,-3.051145,4.986788,0.001194,0.000322,0.998483
849,0,-2.295115,-0.945538,4.156896,0.001565,0.006036,0.992399
850,0,-0.293771,-2.011505,2.440234,0.060336,0.010829,0.928836
851,0,-1.745753,-1.599876,4.357042,0.002226,0.002575,0.995199
852,0,-2.356535,-0.239796,3.531073,0.002704,0.022453,0.974843
853,0,-1.107758,-3.646816,4.650478,0.003146,0.000248,0.996606
854,0,-1.561773,-2.794773,4.421337,0.002513,0.000732,0.996755
855,0,-1.440998,-2.312767,4.541654,0.002513,0.001051,0.996436
856,0,-1.149955,0.663322,1.006670,0.063402,0.388685,0.547913
857,0,-0.358791,-3.220410,3.959023,0.013144,0.000752,0.986105
858,0,-1.661682,0.139972,2.232842,0.017796,0.107838,0.874366
859,0,-2.057523,0.067254,2.907948,0.006547,0.054803,0.938650
860,0,-1.586631,-2.795721,4.688959,0.001877,0.000560,0.997563
861,0,-0.728717,-3.334332,4.392494,0.005931,0.000438,0.993631
862,0,2.454515,-3.803860,0.417171,0.883167,0.001691,0.115142
863,0,-2.009028,0.332486,2.587003,0.009051,0.094101,0.896848
864,0,-2.141039,0.133244,2.909017,0.005997,0.058296,0.935707
865,0,1.270327,-3.817839,2.495725,0.226670,0.001398,0.771931
866,0,-1.679561,-2.554837,4.534158,0.001996,0.000832,0.997172
867,0,-0.638257,-3.384932,3.874556,0.010841,0.000695,0.988464
868,0,-0.314310,-3.510213,3.649562,0.018621,0.000762,0.980616
869,0,-1.542584,-2.096875,4.242373,0.003059,0.001757,0.995184
870,0,-2.122488,-2.181601,4.985189,0.000817,0.000771,0.998412
871,0,-1.950536,0.159328,2.655809,0.009144,0.075409,0.915447
872,0,-2.523069,-1.835458,4.934023,0.000576,0.001146,0.998277
873,0,-1.840873,-1.992487,4.044861,0.002765,0.002376,0.994860
874,0,0.554576,-2.412371,1.807662,0.219655,0.011304,0.769041
875,0,-1.542584,-2.096875,4.242373,0.003059,0.001757,0.995184
876,0,-0.918448,-2.017339,3.390239,0.013214,0.004404,0.982382
877,0,-0.500110,-2.849073,3.913085,0.011958,0.001142,0.986901
878,0,-1.056082,-1.260451,2.566868,0.025469,0.020762,0.953769
879,0,-1.812261,-0.236272,2.817605,0.009231,0.044635,0.946135
880,0,-0.198729,-3.218551,3.816738,0.017700,0.000864,0.981436
881,0,-1.404762,-2.130304,4.168303,0.003778,0.001829,0.994394
882,0,-1.798433,-2.181484,4.429053,0.001968,0.001342,0.996690
883,0,-2.156189,-0.672907,3.660313,0.002931,0.012917,0.984152
884,0,-1.373921,0.365634,1.594994,0.038218,0.217645,0.744137
885,0,-2.143460,-1.255156,4.174751,0.001792,0.004357,0.993851
886,0,-1.879574,-0.306491,3.021644,0.007129,0.034372,0.958499
887,0,-1.899241,-1.716588,4.317186,0.001988,0.002386,0.995626
888,0,-1.663692,-2.129209,4.111391,0.003088,0.001939,0.994973
889,0,1.270974,-3.892986,2.220798,0.278476,0.001593,0.719931
890,0,-2.188564,-0.058937,3.082976,0.004899,0.041208,0.953893
891,0,-0.724477,-1.903468,2.737863,0.030121,0.009265,0.960614
892,0,-2.151654,-1.879472,4.695010,0.001060,0.001392,0.997547
893,0,-1.574418,-1.685352,3.922776,0.004067,0.003640,0.992294
894,0,-1.939533,-0.653689,3.314110,0.005105,0.018469,0.976426
895,0,-0.272507,-3.308710,3.790810,0.016888,0.000811,0.982301
896,0,-0.928868,-3.497416,4.052980,0.006811,0.000522,0.992667
897,0,-1.108690,1.087877,0.435135,0.068136,0.612820,0.319044
898,0,-1.986058,-0.055937,2.907570,0.007076,0.048755,0.944170
899,0,-1.174897,-2.846475,4.341811,0.004000,0.000752,0.995248
900,0,-1.770125,0.319028,2.073347,0.017932,0.144858,0.837210
901,0,-0.717634,-3.455928,4.163585,0.007527,0.000487,0.991986
902,0,0.866561,-3.854648,2.462166,0.168344,0.001499,0.830157
903,0,2.145666,-4.517045,1.532750,0.648069,0.000828,0.351103
904,0,-0.100385,-3.168380,3.255671,0.033645,0.001565,0.964790
905,0,-1.819173,0.354912,2.282111,0.014243,0.125251,0.860506
906,0,-1.795330,-1.958124,4.516112,0.001809,0.001538,0.996653
907,0,-1.804825,1.554492,0.894078,0.022405,0.644581,0.333014
908,0,-0.278034,0.977816,-0.393122,0.185113,0.649898,0.164989
909,0,-2.032054,-1.598478,4.263475,0.001836,0.002832,0.995332
910,0,-0.332362,-3.518930,3.886762,0.014490,0.000599,0.984912
911,0,-0.383379,-2.970379,3.352428,0.023257,0.001750,0.974993
912,0,-2.265881,-1.194054,4.189345,0.001563,0.004564,0.993873
913,0,-2.142596,-2.013971,4.634768,0.001137,0.001293,0.997571
914,0,-2.139720,-2.440500,5.073975,0.000735,0.000544,0.998720
915,0,-2.401800,-2.143772,5.070735,0.000568,0.000735,0.998697
916,0,-2.308570,-2.076458,5.183167,0.000557,0.000702,0.998741
917,0,-1.748004,-3.106744,4.946009,0.001236,0.000318,0.998446
918,0,-1.621363,-2.726745,4.678445,0.001832,0.000607,0.997561
919,0,-1.926909,-0.889156,3.561594,0.004070,0.011488,0.984442
920,0,-2.160503,-0.219991,3.265355,0.004252,0.029606,0.966142
921,0,-1.663721,-0.641935,3.002711,0.009083,0.025234,0.965683
922,0,-2.218369,-1.265112,4.218437,0.001592,0.004131,0.994277
923,0,-0.356190,-3.375545,3.908477,0.013852,0.000676,0.985471
924,0,-1.461245,-2.069252,4.016534,0.004152,0.002260,0.993588
925,0,-0.983108,-3.173934,4.437099,0.004405,0.000493,0.995103
926,0,-2.192397,-1.397498,3.949914,0.002135,0.004728,0.993137
927,0,0.388500,-3.040876,2.720387,0.088263,0.002860,0.908877
928,0,-1.713352,-2.070769,4.108064,0.002949,0.002062,0.994989
929,0,-1.231894,-2.343011,4.169967,0.004481,0.001475,0.994043
930,0,-0.725144,-3.186265,4.256037,0.006815,0.000582,0.992603
931,0,-1.120228,-3.167998,4.326710,0.004289,0.000553,0.995158
932,0,-1.444182,-2.863420,4.785349,0.001966,0.000475,0.997559
933,0,-1.807248,-2.693518,5.064249,0.001035,0.000427,0.998538
934,0,-1.917343,0.814174,1.889731,0.016293,0.250204,0.733503
935,0,-0.288207,-3.790024,3.850801,0.015681,0.000473,0.983846
936,0,-1.640831,-2.168730,4.268670,0.002702,0.001594,0.995704
937,0,-2.521818,-0.483583,3.955800,0.001517,0.011648,0.986835
938,0,-2.116254,-0.217138,3.231592,0.004591,0.030665,0.964744
939,0,-0.309288,-3.213882,3.504863,0.021555,0.001181,0.977264
940,0,-1.750752,-0.707097,3.174631,0.007063,0.020056,0.972881
941,0,-1.437113,-2.057837,3.986157,0.004383,0.002356,0.993261
942,0,1.701565,-4.516106,1.940171,0.440243,0.000878,0.558879
943,0,-1.580568,-0.756337,3.074908,0.009222,0.021027,0.969751
944,0,-1.191328,0.241815,1.314246,0.057331,0.240325,0.702344
945,0,-0.052870,-3.128736,2.891956,0.049867,0.002301,0.947832
946,0,1.695543,-3.868394,1.717816,0.493496,0.001892,0.504612
947,0,-1.849572,0.279284,2.383625,0.012764,0.107288,0.879947
948,0,-1.777650,0.766111,1.699738,0.021691,0.276068,0.702241
949,0,-1.427363,0.283309,1.658020,0.035201,0.194754,0.770045
950,0,-1.881688,-2.610252,4.814537,0.001233,0.000595,0.998171
951,0,0.576270,-4.084326,3.259368,0.063939,0.000605,0.935456
952,0,-1.791831,-1.960830,4.314584,0.002219,0.001874,0.995906
953,0,-0.704882,-1.406508,2.430152,0.040841,0.020248,0.938911
954,0,-0.986062,-2.521224,4.048680,0.006457,0.001391,0.992152
955,0,-0.126687,-2.857203,3.114241,0.037562,0.002449,0.959989
956,0,-1.726413,0.317537,2.133536,0.017799,0.137424,0.844777
957,0,-1.064991,-3.423027,4.606178,0.003431,0.000325,0.996245
958,0,-0.489489,-3.025033,3.470672,0.018676,0.001479,0.979845
959,0,-1.626107,-2.013945,4.283980,0.002700,0.001832,0.995468
960,0,-0.151792,-3.335188,3.374381,0.028543,0.001183,0.970274
961,0,-1.449618,0.676546,1.336473,0.039062,0.327445,0.633493
962,0,-1.242458,-1.925834,3.667932,0.007289,0.003680,0.989031
963,0,2.463126,-1.013958,-1.928904,0.958522,0.029616,0.011862
964,0,-1.013906,0.666852,0.816560,0.079325,0.425944,0.494731
965,0,-1.910086,-1.696722,4.296705,0.002007,0.002484,0.995510
966,0,-0.489463,-3.513373,3.906365,0.012171,0.000592,0.987237
967,0,-1.858493,-0.741720,3.276782,0.005748,0.017561,0.976691
968,0,-1.108071,-0.381678,2.115587,0.035477,0.073352,0.891171
969,0,-2.070724,-1.703515,4.595438,0.001269,0.001833,0.996898
970,0,-1.089407,-0.616624,2.304509,0.030877,0.049540,0.919583
971,0,-1.811488,-1.788340,4.288495,0.002233,0.002285,0.995482
972,0,-1.767924,-0.370116,2.912149,0.008863,0.035864,0.955273
973,0,-1.144029,-1.579438,3.204736,0.012653,0.008187,0.979160
974,0,-1.469768,0.234699,1.796251,0.030576,0.168121,0.801303
975,0,-1.780767,-1.037337,3.337559,0.005877,0.012360,0.981763
976,0,-2.327320,-1.846570,4.940743,0.000696,0.001126,0.998178
977,0,-2.131614,-2.117494,4.921890,0.000863,0.000875,0.998262
978,0,-0.504050,-2.409497,3.171587,0.024617,0.003662,0.971721
979,0,-1.927612,0.142311,2.666868,0.009271,0.073467,0.917262
980,0,-0.559786,-2.603884,3.627402,0.014933,0.001934,0.983133
981,0,-1.803783,-2.517013,4.762496,0.001404,0.000688,0.997908
982,0,-1.647733,1.215109,0.973026,0.031001,0.542859,0.426140
983,0,-1.240418,-2.515281,4.109088,0.004722,0.001320,0.993959
984,0,-2.143354,-2.304688,4.986969,0.000799,0.000680,0.998521
985,0,-2.286944,-1.130036,4.365219,0.001284,0.004084,0.994632
986,0,0.328288,-3.165545,2.861523,0.073397,0.002230,0.924373
987,0,-1.188231,-0.754370,2.523574,0.023004,0.035500,0.941496
988,0,-1.521459,0.561477,1.627545,0.030921,0.248231,0.720848
989,0,-1.812998,0.341933,2.225117,0.015072,0.130034,0.854894
990,0,1.640890,-2.758297,0.751279,0.702690,0.008634,0.288676
991,0,1.289826,-4.162302,2.171336,0.292498,0.001254,0.706248
992,0,1.465450,-3.701255,1.752507,0.427679,0.002439,0.569882
993,0,-0.620448,-0.668775,1.708611,0.081826,0.077965,0.840209
994,0,-2.054014,0.755718,2.225099,0.011138,0.184954,0.803908
995,0,-2.178541,-0.193685,3.271238,0.004150,0.030201,0.965649
996,0,-1.787977,-2.698287,4.805472,0.001367,0.000550,0.998083
997,0,-1.933796,-0.739988,3.551019,0.004077,0.013451,0.982472
998,0,-1.035595,-2.519713,4.138793,0.005621,0.001274,0.993105
999,0,-1.299388,-1.943583,3.771817,0.006215,0.003264,0.990521
1000,0,-1.730699,-1.476700,3.941915,0.003412,0.004399,0.992189
1001,0,0.042718,-3.837504,3.814309,0.022487,0.000464,0.977048
1002,0,-1.877129,-1.831797,4.251628,0.002170,0.002270,0.995560
1003,0,-1.730659,-1.091798,3.650971,0.004540,0.008600,0.986860
1004,0,-1.250452,-1.801389,3.346660,0.009923,0.005720,0.984357
1005,0,-2.253355,0.257937,2.775347,0.006022,0.074197,0.919781
1006,0,0.805388,-3.493919,2.588071,0.143691,0.001951,0.854358
1007,0,-2.284017,-1.493277,4.272284,0.001415,0.003119,0.995466
1008,0,-0.523173,-3.160542,3.957603,0.011189,0.000801,0.988011
1009,0,-1.500814,0.353234,1.850934,0.027826,0.177683,0.794491
1010,0,-1.564695,0.408645,1.876231,0.025374,0.182557,0.792069
1011,0,-2.286944,-1.130036,4.365219,0.001284,0.004084,0.994632
1012,0,0.026378,-1.562407,1.780911,0.143165,0.029231,0.827604
1013,0,-1.743702,0.378015,2.095038,0.017917,0.149527,0.832556
1014,0,2.250424,-2.396523,-0.755157,0.944197,0.009056,0.046747
1015,0,-0.753007,-2.509053,3.697078,0.011520,0.001990,0.986490
1016,0,-1.638322,0.240122,1.961968,0.022649,0.148199,0.829152
1017,0,-1.810699,-2.220725,4.594499,0.001648,0.001094,0.997258
1018,0,-1.420419,-2.260056,4.227857,0.003506,0.001514,0.994980
1019,0,-1.141526,-3.141657,4.640295,0.003072,0.000416,0.996512
1020,0,-2.202458,-1.108857,3.870812,0.002283,0.006814,0.990904
1021,0,-2.002544,0.358117,2.437271,0.010378,0.109986,0.879636
1022,0,-1.444099,-1.709329,3.557524,0.006648,0.005099,0.988253
1023,0,-1.807001,-1.008043,3.686449,0.004060,0.009026,0.986914
1024,0,-2.416210,-1.996183,4.931421,0.000643,0.000979,0.998378
1025,0,-2.256471,-2.502012,5.255508,0.000546,0.000427,0.999027
1026,0,-2.199715,-2.067639,4.593549,0.001119,0.001277,0.997605
1027,0,-1.969857,0.726313,2.092140,0.013529,0.200544,0.785926
1028,0,-1.903402,0.689001,2.017791,0.015427,0.206130,0.778443
1029,0,-1.671721,-2.888329,4.764021,0.001600,0.000474,0.997926
1030,0,-1.354170,-0.945374,2.881287,0.013967,0.021020,0.965013
1031,0,0.540497,-3.269428,3.030554,0.076429,0.001693,0.921879
1032,0,-0.994247,-2.269357,3.776157,0.008386,0.002343,0.989271
1033,0,-1.372693,-2.014628,3.691219,0.006260,0.003295,0.990445
1034,0,-2.142549,-0.513648,3.585975,0.003189,0.016257,0.980555
1035,0,-1.960670,0.301587,2.524396,0.010072,0.096737,0.893192
1036,0,-1.543703,-2.861669,4.642487,0.002052,0.000549,0.997398
1037,0,-2.563200,-1.673112,4.753074,0.000663,0.001615,0.997722
1038,0,-2.085318,0.109285,2.916237,0.006304,0.056591,0.937105
1039,0,-0.836280,-1.560388,2.362363,0.038485,0.018656,0.942859
1040,0,-1.927494,0.130061,2.630713,0.009593,0.075085,0.915322
1041,0,-1.112818,-2.741642,4.176039,0.005017,0.000984,0.993999
1042,0,-0.782367,-2.992885,4.048468,0.007910,0.000867,0.991223
1043,0,-0.651121,-3.310780,4.050620,0.008992,0.000629,0.990379
1044,0,-2.137699,0.030378,3.128037,0.004918,0.042991,0.952090
1045,0,-1.232480,-1.380692,3.363857,0.009903,0.008539,0.981559
1046,0,-1.186872,1.382539,0.342439,0.053553,0.699301,0.247146
1047,0,-1.628065,-3.010879,4.762662,0.001674,0.000420,0.997907
1048,0,-0.785038,-3.352972,4.382585,0.005663,0.000434,0.993902
1049,0,-0.556884,-2.926148,3.635098,0.014870,0.001391,0.983738
1050,0,-1.948749,-1.718340,4.394432,0.001752,0.002206,0.996043
1051,0,-1.712351,-2.496978,4.603579,0.001803,0.000822,0.997375
1052,0,-1.528921,0.026297,2.236968,0.020434,0.096778,0.882789
1053,0,-1.787598,0.326852,2.175022,0.016160,0.133889,0.849951
1054,0,-1.465430,-0.266416,2.468276,0.018046,0.059857,0.922097
1055,0,-1.440597,-0.190488,2.252972,0.022382,0.078129,0.899489
1056,0,-1.959861,0.355620,2.430867,0.010890,0.110312,0.878798
1057,0,-1.256158,-2.978389,4.544551,0.003015,0.000539,0.996447
1058,0,-1.555391,-2.392943,4.486667,0.002369,0.001025,0.996606
1059,0,-1.226599,-2.146357,3.729084,0.006975,0.002780,0.990245
1060,0,-2.096952,-0.802826,3.736178,0.002890,0.010541,0.986570
1061,0,-1.644333,-1.948101,4.095479,0.003198,0.002360,0.994443
1062,0,-0.066664,-2.803255,2.853289,0.051007,0.003305,0.945688
1063,0,-2.007599,-1.451872,4.287469,0.001836,0.003201,0.994963
1064,0,-1.361221,-3.282296,4.853402,0.001995,0.000292,0.997712
1065,0,-1.607031,0.104652,2.096189,0.021224,0.117546,0.861230
1066,0,-2.471238,-0.650525,3.759296,0.001941,0.011988,0.986071
1067,0,-2.449391,-1.818719,4.713994,0.000773,0.001452,0.997775
1068,0,-1.726464,-0.274155,2.917126,0.009158,0.039133,0.951708
1069,0,-2.361594,-1.681989,4.822342,0.000757,0.001494,0.997750
1070,0,-1.613269,-1.329403,3.227115,0.007761,0.010309,0.981930
1071,0,-2.219023,-2.068745,4.961537,0.000760,0.000883,0.998357
1072,0,-1.952233,0.129881,2.742497,0.008447,0.067754,0.923800
1073,0,-2.013243,0.524384,2.334682,0.010993,0.139057,0.849951
1074,0,-1.920674,-1.270392,3.880409,0.002998,0.005744,0.991258
1075,0,-1.737251,-0.647870,3.077931,0.007853,0.023342,0.968805
1076,0,0.392622,-3.611354,3.140101,0.060163,0.001098,0.938739
1077,0,-1.116291,-3.385158,4.564352,0.003399,0.000352,0.996250
1078,0,-0.940105,-2.557412,3.910392,0.007752,0.001538,0.990710
1079,0,-2.134900,-1.481025,4.368992,0.001491,0.002867,0.995642
1080,0,-1.946815,-0.721306,3.282948,0.005231,0.017818,0.976951
1081,0,-0.716635,-1.470031,2.770577,0.029269,0.013779,0.956952
1082,0,-1.637407,-2.231551,4.492699,0.002169,0.001197,0.996634
1083,0,0.605874,-3.621391,2.986962,0.084522,0.001233,0.914245
1084,0,-2.284268,-1.679951,4.696313,0.000927,0.001697,0.997376
1085,0,-1.610651,0.752174,1.455611,0.030228,0.321044,0.648729
1086,0,-0.446037,-2.904216,3.431608,0.020245,0.001733,0.978023
1087,0,-2.029736,0.397547,2.435839,0.010071,0.114080,0.875849
1088,0,-0.799003,-1.435107,2.981573,0.022041,0.011667,0.966292
1089,0,-2.050423,-0.373731,3.403361,0.004167,0.022284,0.973549
1090,0,1.167520,-1.444782,-0.459659,0.787495,0.057775,0.154730
1091,0,-1.770957,0.578656,1.994526,0.018293,0.191737,0.789970
1092,0,-2.217266,-1.376477,4.473572,0.001237,0.002868,0.995895
1093,0,-0.849192,-1.529433,2.906005,0.022599,0.011446,0.965954
1094,0,-1.919190,-0.722514,3.342038,0.005075,0.016795,0.978129
1095,0,2.519928,-3.809962,0.614405,0.869167,0.001549,0.129284
1096,0,-2.239423,-1.531384,4.655539,0.001010,0.002050,0.996940
1097,0,-2.032244,-2.674880,5.039852,0.000847,0.000446,0.998707
1098,0,0.262421,-2.618773,2.576384,0.089522,0.005019,0.905459
1099,0,-1.902213,-2.335649,4.740579,0.001301,0.000843,0.997856
1100,0,-2.103416,-0.477343,3.479645,0.003677,0.018693,0.977630
1101,0,-1.372385,-2.983085,4.408183,0.003076,0.000614,0.996310
1102,0,0.641249,-3.493193,2.592969,0.124119,0.001987,0.873894
1103,0,-0.402245,-3.043269,3.844479,0.014095,0.001005,0.984900
1104,0,-1.838642,-1.591827,3.824684,0.003444,0.004408,0.992149
1105,0,-1.092125,0.598986,0.935347,0.071325,0.386973,0.541702
1106,0,-1.160179,-1.081823,3.116158,0.013503,0.014604,0.971893
1107,0,-0.883340,-1.058881,2.645548,0.027836,0.023354,0.948810
1108,0,-1.830004,1.008365,1.539125,0.021213,0.362484,0.616303
1109,0,-0.297490,-1.506133,2.175853,0.075984,0.022689,0.901327
1110,0,-2.029963,-0.470790,3.458674,0.004037,0.019198,0.976765
1111,0,-1.311597,-2.492877,4.340462,0.003494,0.001072,0.995433
1112,0,-1.815196,-2.012938,4.369182,0.002054,0.001685,0.996261
1113,0,-1.884404,-2.726956,5.096789,0.000928,0.000400,0.998672
1114,0,-2.395619,-0.998478,4.220783,0.001329,0.005375,0.993296
1115,0,-1.277592,-1.310536,3.098417,0.012272,0.011874,0.975854
1116,0,-2.179293,-0.947838,4.005222,0.002042,0.006998,0.990960
1117,0,-1.987275,-2.315959,4.804380,0.001121,0.000807,0.998072
1118,0,-1.297931,-3.062678,4.605587,0.002721,0.000466,0.996813
1119,0,0.057329,-3.569883,3.513325,0.030566,0.000813,0.968622
1120,0,-1.760205,0.572402,1.992717,0.018536,0.191005,0.790460
1121,0,-1.433459,0.497799,1.613454,0.034544,0.238292,0.727164
1122,0,-0.593319,-2.662751,3.422506,0.017669,0.002231,0.980100
1123,0,-1.608652,-2.657830,4.649103,0.001911,0.000669,0.997420
1124,0,-1.918906,-2.100085,4.684118,0.001353,0.001129,0.997518
1125,0,-0.898322,-3.309856,4.309290,0.005442,0.000488,0.994070
1126,0,-0.512170,-0.484712,1.224555,0.129760,0.133372,0.736868
1127,0,-0.399582,-3.623080,3.808845,0.014643,0.000583,0.984774
1128,0,-1.186479,-2.824343,4.469126,0.003483,0.000677,0.995840
1129,0,-1.719266,-2.738777,4.858927,0.001388,0.000501,0.998112
1130,0,0.684914,-3.373611,2.700422,0.117346,0.002027,0.880627
1131,0,-1.051163,-2.618019,4.001242,0.006345,0.001324,0.992331
1132,0,-0.795915,-1.904943,3.259672,0.016935,0.005587,0.977478
1133,0,-1.507091,-2.048120,4.216224,0.003252,0.001893,0.994855
1134,0,-2.554307,-1.906625,5.018653,0.000513,0.000981,0.998505
1135,0,-1.026774,-3.116418,4.414301,0.004314,0.000534,0.995152
1136,0,-1.159258,-0.189131,1.989369,0.037116,0.097923,0.864960
1137,0,0.552563,-3.380424,3.008756,0.078865,0.001545,0.919591
1138,0,-0.300237,-2.823733,3.328414,0.025812,0.002070,0.972119
1139,0,-2.247425,-2.071897,4.990539,0.000718,0.000855,0.998427
1140,0,-0.044748,-3.683248,3.565547,0.026314,0.000692,0.972995
1141,0,-2.288710,-1.860933,4.702817,0.000918,0.001407,0.997675
1142,0,-1.665149,-2.830599,4.656117,0.001793,0.000559,0.997647
1143,0,-2.071894,-2.551528,5.057538,0.000800,0.000495,0.998705
1144,0,-1.175036,-0.415218,2.247933,0.029587,0.063254,0.907158
1145,0,1.019514,-4.163990,2.891522,0.133210,0.000747,0.866043
1146,0,-2.405718,-2.142931,5.210208,0.000492,0.000640,0.998868
1147,0,-1.783017,0.955535,1.554710,0.022412,0.346587,0.631001
1148,0,-2.160445,-0.610052,3.602931,0.003085,0.014541,0.982374
1149,0,-1.413879,-2.295233,4.137328,0.003862,0.001600,0.994539
1150,0,-2.644768,-1.601829,4.957400,0.000498,0.001414,0.998087
1151,0,-1.003595,-3.018417,4.152093,0.005729,0.000764,0.993507
1152,0,-0.521550,-2.912203,3.760212,0.013613,0.001247,0.985140
1153,0,1.143179,-2.947731,1.388774,0.435710,0.007287,0.557003
1154,0,-1.504771,-2.593617,4.664867,0.002086,0.000702,0.997212
1155,0,-1.639180,-0.220600,2.463656,0.015234,0.062935,0.921831
1156,0,-1.753279,-0.720954,3.275148,0.006390,0.017940,0.975670
1157,0,-2.613046,-2.000757,5.179589,0.000412,0.000761,0.998827
1158,0,-2.642762,-1.779511,4.968513,0.000494,0.001171,0.998335
1159,0,-0.328598,-3.726825,3.788793,0.016017,0.000536,0.983447
1160,0,-1.807001,-1.008043,3.686449,0.004060,0.009026,0.986914
1161,0,-1.272518,-2.717082,4.014117,0.005027,0.001186,0.993787
1162,0,-1.865844,-2.483718,4.817095,0.001250,0.000674,0.998077
1163,0,-1.869663,0.174267,2.547920,0.010915,0.084274,0.904811
1164,0,0.712930,-2.488177,1.375418,0.335533,0.013662,0.650805
1165,0,-1.069055,-3.305495,4.606924,0.003414,0.000365,0.996221
1166,0,-1.397535,0.660929,1.319781,0.041713,0.326774,0.631514
1167,0,-2.307562,-1.225251,4.342015,0.001288,0.003801,0.994911
1168,0,0.659913,-3.785155,3.267549,0.068593,0.000805,0.930602
1169,0,-2.171844,-2.546109,4.927520,0.000824,0.000567,0.998609
1170,0,-2.117117,-0.941555,3.797508,0.002669,0.008648,0.988683
1171,0,-1.608327,0.794241,1.502884,0.028986,0.320336,0.650678
1172,0,-1.090012,0.307326,1.377165,0.059405,0.240260,0.700335
1173,0,-0.658037,-2.620887,3.499450,0.015373,0.002159,0.982468
1174,0,-2.288269,-2.404744,5.028687,0.000663,0.000590,0.998746
1175,0,-1.542935,-2.445760,4.266271,0.002987,0.001211,0.995802
1176,0,-1.815294,0.323465,2.330347,0.013765,0.116851,0.869383
1177,0,-1.765435,0.511749,2.084945,0.017313,0.168788,0.813899
1178,0,-2.253556,-2.793232,5.267744,0.000541,0.000315,0.999144
1179,0,0.152102,-2.906930,3.030509,0.053099,0.002492,0.944409
1180,0,-2.042768,-1.086932,3.898216,0.002605,0.006775,0.990621
1181,0,-1.985250,-0.017136,2.779649,0.007970,0.057040,0.934990
1182,0,-1.235012,-3.508623,4.704416,0.002626,0.000270,0.997104
1183,0,-0.725021,-3.364684,4.345755,0.006236,0.000445,0.993319
1184,0,-2.323576,-2.205759,5.138360,0.000574,0.000646,0.998781
1185,0,-1.788119,0.434831,2.157744,0.016141,0.149051,0.834808
1186,0,-1.469702,-3.086342,4.737328,0.002010,0.000399,0.997590
1187,0,-2.157239,-1.340263,4.273209,0.001603,0.003629,0.994767
1188,0,-0.552657,-3.403973,4.069291,0.009732,0.000562,0.989705
1189,0,0.954009,-3.111520,1.992991,0.260180,0.004463,0.735357
1190,0,-0.150801,-2.982089,3.277358,0.031369,0.001849,0.966782
1191,0,-1.650345,0.666966,1.686453,0.025460,0.258377,0.716163
1192,0,-1.302550,-0.166600,2.115558,0.028880,0.089937,0.881183
1193,0,-1.158744,-2.116588,3.744141,0.007350,0.002820,0.989830
1194,0,-1.170196,-3.616797,4.736630,0.002713,0.000235,0.997052
1195,0,0.845479,-1.385421,0.170975,0.618490,0.066445,0.315064
1196,0,-2.092463,-0.337950,3.314514,0.004353,0.025162,0.970485
1197,0,-1.424353,-2.855260,4.600346,0.002411,0.000576,0.997012
1198,0,0.387443,-3.598360,3.010106,0.067609,0.001256,0.931135
1199,0,-2.131472,0.329814,2.750813,0.006913,0.081021,0.912066
1200,0,-2.066246,-1.920298,4.463851,0.001454,0.001683,0.996863
1201,0,-2.215934,-0.161576,3.318154,0.003817,0.029780,0.966403
1202,0,-2.204721,-0.634333,3.683717,0.002727,0.013115,0.984158
1203,0,-1.897888,-2.124860,4.685573,0.001380,0.001099,0.997521
1204,0,-1.777820,-2.409806,4.328105,0.002222,0.001181,0.996597
1205,0,0.946970,-3.420489,2.245986,0.213750,0.002711,0.783539
1206,0,-2.369818,-1.428708,4.689162,0.000857,0.002196,0.996947
1207,0,-1.157092,-2.809219,4.385648,0.003898,0.000747,0.995355
1208,0,-2.249845,-2.208449,5.022614,0.000693,0.000723,0.998584
1209,0,-1.826833,0.846308,1.692112,0.020311,0.294214,0.685475
1210,0,-0.878078,-3.491346,4.482633,0.004674,0.000343,0.994983
1211,0,-0.931425,-2.002266,3.506504,0.011636,0.003988,0.984376
1212,0,-1.037594,1.270041,0.086698,0.070778,0.711364,0.217858
1213,0,-1.989243,0.100107,2.708683,0.008418,0.068011,0.923571
1214,0,-1.582468,-1.837149,3.987564,0.003785,0.002934,0.993281
1215,0,-1.238235,-1.266470,3.186645,0.011699,0.011374,0.976927
1216,0,-1.972677,-0.204639,3.047574,0.006317,0.037012,0.956671
1217,0,-1.464096,-2.703791,4.292741,0.003148,0.000911,0.995940
1218,0,-1.605120,-2.344182,4.554777,0.002106,0.001006,0.996888
1219,0,-1.786029,0.737624,1.756244,0.020825,0.259771,0.719404
1220,0,-1.791188,0.992859,1.539454,0.022153,0.358532,0.619315
1221,0,-0.553540,-0.717428,1.808977,0.080215,0.068090,0.851695
1222,0,-0.935144,-2.524766,3.905101,0.007831,0.001597,0.990572
1223,0,-1.554960,0.762315,1.532996,0.030230,0.306769,0.663001
1224,0,-1.654021,0.155963,2.210819,0.018246,0.111491,0.870263
1225,0,-0.130229,-3.213249,3.499614,0.025805,0.001182,0.973013
1226,0,-1.658254,-1.431889,3.642492,0.004932,0.006185,0.988882
1227,0,-2.103323,-0.344375,3.364328,0.004103,0.023825,0.972072
1228,0,-1.114997,-2.184068,3.655713,0.008379,0.002877,0.988744
1229,0,-2.097710,-1.947757,4.716889,0.001095,0.001272,0.997633
1230,0,-2.073084,-1.276284,3.965149,0.002368,0.005252,0.992380
1231,0,-0.566619,-2.232509,3.206170,0.022376,0.004230,0.973394
1232,0,-1.120058,0.488866,1.053761,0.067617,0.337910,0.594473
1233,0,-1.824516,0.232567,2.384565,0.013138,0.102776,0.884086
1234,0,-1.839322,-0.191328,2.863296,0.008589,0.044632,0.946780
1235,0,-0.971232,0.289505,1.107280,0.079868,0.281778,0.638354
1236,0,-1.018412,-2.423182,3.848577,0.007623,0.001871,0.990506
1237,0,-1.839305,-2.517753,4.878471,0.001207,0.000612,0.998181
1238,0,-1.654936,-1.337922,3.778540,0.004323,0.005936,0.989741
1239,0,-1.714778,-2.365299,4.724673,0.001593,0.000831,0.997575
1240,0,-2.046291,-0.873665,3.802943,0.002847,0.009198,0.987954
1241,0,-1.539009,-2.512268,4.623849,0.002100,0.000794,0.997106
1242,0,-0.907928,-0.204032,1.520692,0.069614,0.140734,0.789652
1243,0,-1.922709,-2.503177,4.987626,0.000996,0.000557,0.998447
1244,0,0.086269,-3.296260,3.295033,0.038786,0.001317,0.959897
1245,0,-1.489344,0.256969,1.950434,0.026376,0.151224,0.822400
1246,0,-1.638191,0.367200,1.959555,0.022250,0.165291,0.812459
1247,0,1.888897,-4.015899,1.446629,0.607791,0.001657,0.390552
1248,0,-1.661538,-2.991652,4.790150,0.001575,0.000416,0.998009
1249,0,0.165367,-3.930296,3.679028,0.028912,0.000481,0.970607
1250,0,-0.324246,-3.403403,3.684474,0.017818,0.000820,0.981362
1251,0,-0.278806,-3.372611,3.675955,0.018787,0.000852,0.980361
1252,0,-1.742371,0.358747,2.167078,0.016936,0.138455,0.844610
1253,0,-1.585528,0.187803,2.056992,0.022184,0.130671,0.847145
1254,0,0.237451,-3.198802,3.248500,0.046858,0.001508,0.951633
1255,0,-2.034646,-2.115142,4.617049,0.001289,0.001189,0.997522
1256,0,-1.328538,-3.085058,4.580924,0.002705,0.000467,0.996828
1257,0,-2.271581,-2.326407,4.994912,0.000698,0.000660,0.998642
1258,0,-1.346011,-2.086169,3.800240,0.005772,0.002753,0.991475
1259,0,-1.748084,0.130128,2.264099,0.015921,0.104154,0.879925
1260,0,-2.395619,-0.998478,4.220783,0.001329,0.005375,0.993296
1261,0,-2.090672,0.264988,2.724224,0.007414,0.078182,0.914404
1262,0,-1.637645,-0.822887,3.079910,0.008684,0.019614,0.971702
1263,0,0.139297,-2.445314,2.245145,0.107649,0.008119,0.884232
1264,0,-2.286944,-1.130036,4.365219,0.001284,0.004084,0.994632
1265,0,-1.525098,0.049300,2.196816,0.021199,0.102347,0.876454
1266,0,0.986497,-4.281927,2.751504,0.146054,0.000752,0.853193
1267,0,-1.775622,-2.951672,4.838031,0.001340,0.000413,0.998247
1268,0,-2.475405,-0.229390,3.533358,0.002396,0.022639,0.974966
1269,0,-1.226549,0.311735,1.563929,0.045568,0.212190,0.742242
1270,0,-1.526932,-2.791813,4.606891,0.002162,0.000610,0.997227
1271,0,-2.113880,-2.011739,4.656581,0.001144,0.001267,0.997588
1272,0,-1.282758,-3.669549,4.793644,0.002291,0.000211,0.997499
1273,0,-1.862162,-1.440784,4.140230,0.002457,0.003745,0.993797
1274,0,-0.539908,-3.185736,3.867474,0.012030,0.000853,0.987117
1275,0,-0.859785,-2.991510,4.336634,0.005502,0.000653,0.993845
1276,0,0.504287,-2.994610,2.562482,0.112841,0.003411,0.883748
1277,0,-2.366175,-1.410486,4.381889,0.001168,0.003038,0.995794
1278,0,-0.428846,-1.172835,2.205298,0.064907,0.030845,0.904248
1279,0,-1.512999,1.315123,0.743511,0.036412,0.615863,0.347725
1280,0,-1.657791,1.017909,1.316411,0.028493,0.413788,0.557719
1281,0,-2.184015,-1.453136,4.268085,0.001570,0.003260,0.995171
1282,0,-1.418398,-1.039780,3.072667,0.010908,0.015928,0.973164
1283,0,-2.245114,-1.158669,4.363039,0.001342,0.003978,0.994680
1284,0,-1.135334,-2.854128,4.529811,0.003451,0.000619,0.995931
1285,0,-1.315164,-1.407136,3.094585,0.011882,0.010838,0.977280
1286,0,-2.147417,-0.548603,3.488300,0.003494,0.017285,0.979221
1287,0,-1.157799,-2.324192,3.798733,0.006973,0.002172,0.990855
1288,0,-1.044360,-2.572155,4.003330,0.006374,0.001383,0.992242
1289,0,-0.735249,0.489854,0.542620,0.125102,0.425911,0.448988
1290,0,-1.551225,0.806848,1.368152,0.033222,0.351178,0.615600
1291,0,-2.130047,-2.850460,5.093837,0.000728,0.000354,0.998918
1292,0,-1.665298,0.435001,1.932080,0.021896,0.178858,0.799247
1293,0,-1.968822,0.202589,2.605668,0.009368,0.082161,0.908471
1294,0,-2.302914,-2.034665,4.875988,0.000761,0.000995,0.998243
1295,0,-1.882316,0.640905,2.029708,0.015756,0.196454,0.787790
1296,0,-0.990426,0.170900,1.202615,0.076008,0.242781,0.681212
1297,0,-0.060423,-4.218121,3.769362,0.021246,0.000332,0.978422
1298,0,-2.112437,-0.562700,3.560403,0.003372,0.015882,0.980746
1299,0,1.665479,-4.139152,2.045438,0.405640,0.001222,0.593137
1300,0,-1.383348,0.202793,1.822354,0.032725,0.159857,0.807418
1301,0,-1.576897,-0.942854,3.295113,0.007492,0.014125,0.978383
1302,0,1.009364,0.356372,-1.723288,0.630703,0.328272,0.041025
1303,0,-1.173080,-3.079978,4.483167,0.003482,0.000517,0.996001
1304,0,0.519101,-2.042670,1.527257,0.261937,0.020213,0.717850
1305,0,-2.039956,-0.000508,2.995196,0.006157,0.047327,0.946516
1306,0,-1.366484,-2.423555,4.086611,0.004258,0.001480,0.994262
1307,0,-1.087607,-3.061760,4.365013,0.004264,0.000592,0.995144
1308,0,-0.257486,-2.939416,3.436754,0.024223,0.001658,0.974120
1309,0,-1.638908,0.896399,1.382316,0.029294,0.369699,0.601007
1310,0,-1.534426,-2.310110,4.274985,0.002986,0.001375,0.995639
1311,0,0.526225,-1.965723,1.463233,0.275097,0.022764,0.702139
1312,0,-1.458166,-3.266384,4.971848,0.001609,0.000264,0.998127
1313,0,-0.545091,-2.610098,3.665968,0.014587,0.001850,0.983563
1314,0,-2.207989,-0.374906,3.419919,0.003505,0.021915,0.974580
1315,0,-1.852700,-0.053717,2.733600,0.009508,0.057462,0.933030
1316,0,-1.744571,-2.589569,4.728079,0.001542,0.000662,0.997796
1317,0,-1.586631,-2.795721,4.688959,0.001877,0.000560,0.997563
1318,0,-0.344212,-3.408910,3.875547,0.014479,0.000676,0.984845
1319,0,-1.711349,-3.347941,5.137319,0.001060,0.000206,0.998734
1320,0,-2.286944,-1.130036,4.365219,0.001284,0.004084,0.994632
1321,0,-2.021385,0.780023,2.093993,0.012700,0.209133,0.778167
1322,0,-2.200020,-0.457914,3.712458,0.002657,0.015171,0.982172
1323,0,-0.856287,-1.353658,2.768872,0.025550,0.015538,0.958912
1324,0,-1.913402,-1.136666,3.836823,0.003150,0.006850,0.990000
1325,0,-1.047101,-0.335823,1.910362,0.044872,0.091386,0.863742
1326,0,-1.813364,0.528198,2.098664,0.016287,0.169346,0.814367
1327,0,0.466145,-3.371904,2.708205,0.095838,0.002064,0.902098
1328,0,-2.058183,-2.235128,4.780017,0.001070,0.000896,0.998034
1329,0,-2.262650,-0.825296,3.990155,0.001906,0.008023,0.990071
1330,0,-0.334967,-2.903471,3.278601,0.026195,0.002008,0.971797
1331,0,-1.861344,0.086635,2.569211,0.010870,0.076251,0.912879
1332,0,-2.128615,-2.694943,5.197874,0.000657,0.000373,0.998970
1333,0,-1.276883,-2.560561,3.950326,0.005332,0.001477,0.993191
1334,0,-0.832695,-3.444581,4.433655,0.005134,0.000377,0.994489
1335,0,-0.708593,-2.664470,3.631837,0.012840,0.001816,0.985344
1336,0,-1.349689,-0.192763,2.224804,0.025090,0.079789,0.895121
1337,0,-0.386629,-3.568004,3.974875,0.012592,0.000523,0.986885
1338,0,-1.750064,-0.218416,2.760874,0.010348,0.047870,0.941782
1339,0,-2.253314,-0.882048,4.082476,0.001756,0.006921,0.991323
1340,0,-0.538467,-1.883876,2.543761,0.043351,0.011290,0.945359
1341,0,-1.206924,-2.998309,4.444450,0.003498,0.000583,0.995918
1342,0,-2.214918,-1.558934,4.480134,0.001233,0.002375,0.996392
1343,0,-1.567949,-1.331919,3.649072,0.005358,0.006784,0.987859
1344,0,-2.237424,-1.837873,4.787501,0.000887,0.001323,0.997789
1345,0,-2.095281,-1.651388,4.457329,0.001421,0.002215,0.996363
1346,0,-1.547728,0.764686,1.470410,0.031694,0.320068,0.648238
1347,0,-0.462763,-2.955647,3.471289,0.019158,0.001584,0.979258
1348,0,-2.198193,-0.570071,3.646392,0.002845,0.014495,0.982660
1349,0,-1.107006,0.262609,1.367812,0.059476,0.233971,0.706553
1350,0,-1.368283,-3.160235,4.781586,0.002128,0.000355,0.997517
1351,0,0.300620,-0.355243,-0.088407,0.455226,0.236260,0.308514
1352,0,-1.979974,-2.732056,5.020833,0.000910,0.000429,0.998661
1353,0,-0.944196,-2.221249,3.449193,0.012166,0.003393,0.984441
1354,0,0.447788,-3.089134,2.557658,0.107802,0.003137,0.889061
1355,0,-1.090696,-0.323094,2.016540,0.039195,0.084448,0.876357
1356,0,-1.993618,-0.302261,3.180830,0.005461,0.029634,0.964905
1357,0,-2.576925,-2.236151,5.063087,0.000480,0.000675,0.998844
1358,0,-1.552524,0.838358,1.254886,0.035100,0.383401,0.581499
1359,0,-0.552274,-3.090575,3.769494,0.013089,0.001034,0.985877
1360,0,-0.967390,-3.212225,4.488822,0.004250,0.000450,0.995300
1361,0,-0.669840,-3.318826,4.218113,0.007477,0.000529,0.991995
1362,0,-2.004352,-2.982289,5.051570,0.000861,0.000324,0.998815
1363,0,-1.080304,-2.667277,3.918559,0.006691,0.001369,0.991940
1364,0,-1.837412,0.191561,2.444701,0.012346,0.093905,0.893749
1365,0,-2.286944,-1.130036,4.365219,0.001284,0.004084,0.994632
1366,0,-2.142549,-0.513648,3.585975,0.003189,0.016257,0.980555
1367,0,-0.663515,-3.134640,3.962512,0.009691,0.000819,0.989491
1368,0,0.300502,-3.628498,3.329338,0.046098,0.000906,0.952995
1369,0,1.242449,-4.141269,2.679887,0.191773,0.000880,0.807346
1370,0,-2.429794,-2.488188,5.435755,0.000383,0.000362,0.999255
1371,0,-1.526148,-0.427860,2.425118,0.017857,0.053554,0.928589
1372,0,-1.984608,-2.429481,4.723599,0.001218,0.000781,0.998001
1373,0,-0.834123,-2.888357,3.953960,0.008251,0.001058,0.990691
1374,0,-1.725537,-0.226200,2.875004,0.009522,0.042648,0.947830
1375,0,-1.800448,-1.217580,3.769933,0.003769,0.006751,0.989480
1376,0,-0.796538,0.388141,0.785121,0.109497,0.358016,0.532487
1377,0,-1.270391,-0.043625,1.934377,0.034412,0.117350,0.848239
1378,0,-2.365402,-0.885507,4.040329,0.001637,0.007193,0.991170
1379,0,-1.187761,-0.418181,2.236963,0.029522,0.063734,0.906744
1380,0,-0.383572,-3.169316,3.979100,0.012574,0.000776,0.986650
1381,0,-1.327036,0.408902,1.541988,0.041162,0.233565,0.725273
1382,0,-1.748251,0.633292,1.933812,0.019399,0.209925,0.770677
1383,0,-1.625206,1.152715,1.020728,0.032070,0.515857,0.452073
1384,0,-1.667714,0.523607,1.664040,0.026361,0.235855,0.737784
1385,0,-1.586631,-2.795721,4.688959,0.001877,0.000560,0.997563
1386,0,0.559212,-1.754767,1.187629,0.336303,0.033249,0.630448
1387,0,-1.305724,-0.183764,1.605505,0.044543,0.136786,0.818672
1388,0,-2.387123,-1.381198,4.596137,0.000924,0.002527,0.996549
1389,0,-1.898500,-1.667823,4.124125,0.002410,0.003035,0.994555
1390,0,-1.072651,0.044132,1.571710,0.055159,0.168511,0.776330
1391,0,-1.910862,-0.487758,3.104308,0.006417,0.026631,0.966952
1392,0,-1.805444,-2.188416,4.640436,0.001583,0.001079,0.997338
1393,0,-1.148493,-2.589242,4.024586,0.005628,0.001332,0.993040
1394,0,-2.276598,-0.722725,3.783882,0.002302,0.010890,0.986807
1395,0,-1.806959,0.020246,2.663620,0.010568,0.065697,0.923735
1396,0,-2.270090,-2.375615,5.289235,0.000521,0.000469,0.999011
1397,0,-0.487895,-3.051963,3.726997,0.014543,0.001120,0.984338
1398,0,-0.623295,-3.527843,4.204773,0.007935,0.000435,0.991630
1399,0,-1.436162,0.509475,1.464638,0.038187,0.267237,0.694575
1400,0,-2.059112,0.039229,2.844753,0.006946,0.056630,0.936423
1401,0,-1.956327,-2.312391,4.485731,0.001589,0.001113,0.997298
1402,0,-1.643504,-0.111397,2.621580,0.013021,0.060260,0.926719
1403,0,-1.537159,0.650287,1.508542,0.032324,0.288081,0.679595
1404,0,-2.032985,-0.853926,3.787313,0.002930,0.009526,0.987545
1405,0,-0.936847,-2.880542,4.274447,0.005421,0.000776,0.993803
1406,0,-0.823249,-3.307353,4.327515,0.005759,0.000480,0.993761
1407,0,0.956653,-2.858830,1.232990,0.427292,0.009412,0.563296
1408,0,-1.935269,0.593810,2.185840,0.013303,0.166849,0.819848
1409,0,-1.938290,-1.734946,4.012850,0.002588,0.003171,0.994241
1410,0,-1.443513,-2.952411,4.812080,0.001915,0.000424,0.997661
1411,0,-2.154001,-1.913026,4.692359,0.001061,0.001350,0.997589
1412,0,-1.057625,-2.866822,4.227124,0.005039,0.000825,0.994136
1413,0,-1.619723,-2.760750,4.716866,0.001766,0.000564,0.997670
1414,0,-1.878598,-1.069560,3.335097,0.005347,0.012008,0.982645
1415,0,-1.390278,-0.265568,2.262768,0.023435,0.072164,0.904401
1416,0,-1.116333,-2.852196,4.242954,0.004678,0.000825,0.994497
1417,0,-2.234994,-1.758485,4.787588,0.000889,0.001432,0.997678
1418,0,-1.286679,0.741907,1.030698,0.053327,0.405460,0.541213
1419,0,-1.473660,-0.300030,2.571764,0.016295,0.052693,0.931012
1420,0,-2.301195,-0.844736,4.087985,0.001665,0.007143,0.991192
1421,0,-2.015205,0.295368,2.569667,0.009168,0.092419,0.898413
1422,0,-0.898447,-2.016488,3.123709,0.017498,0.005721,0.976781
1423,0,-1.197214,-2.712736,4.482029,0.003402,0.000747,0.995851
1424,0,-1.810482,-2.320504,4.727179,0.001445,0.000867,0.997688
1425,0,-0.651632,-2.944715,4.048155,0.009007,0.000909,0.990084
1426,0,-0.998423,-1.821890,3.262525,0.013828,0.006069,0.980102
1427,0,-1.390933,-2.825641,4.488203,0.002788,0.000664,0.996548
1428,0,-1.515305,1.055427,0.934811,0.038963,0.509462,0.451574
1429,0,-0.046766,-3.075971,3.268658,0.034987,0.001692,0.963322
1430,0,-2.139720,-2.440500,5.073975,0.000735,0.000544,0.998720
1431,0,-2.314238,-0.852540,3.731558,0.002338,0.010086,0.987576
1432,0,1.087962,-2.972277,1.815696,0.323873,0.005585,0.670542
1433,0,-2.525771,-1.888198,5.172715,0.000453,0.000857,0.998690
1434,0,-1.582085,-1.819300,4.195307,0.003080,0.002429,0.994491
1435,0,-0.146788,0.739727,-0.339280,0.235208,0.570769,0.194023
1436,0,-1.927923,-1.242925,4.091724,0.002413,0.004787,0.992800
1437,0,-0.756956,1.028320,0.173859,0.105288,0.627643,0.267070
1438,0,-0.968076,-3.498455,4.532400,0.004067,0.000324,0.995609
1439,0,-0.441360,-2.126418,2.696580,0.041251,0.007649,0.951099
1440,0,1.520892,-2.775654,0.965669,0.629897,0.008576,0.361526
1441,0,-0.740843,-1.888187,3.052197,0.021878,0.006946,0.971177
1442,0,-1.831846,0.070484,2.500310,0.011932,0.079961,0.908107
1443,0,-1.887438,0.542101,2.135707,0.014656,0.166402,0.818942
1444,0,0.355986,-2.857929,2.668729,0.089748,0.003608,0.906644
1445,0,-1.708920,-1.865013,4.378011,0.002263,0.001936,0.995801
1446,0,1.027960,0.218221,-1.138442,0.641205,0.285320,0.073475
1447,0,-1.019035,-2.818263,4.063301,0.006161,0.001019,0.992820
1448,0,-0.623690,-2.684784,3.595606,0.014469,0.001842,0.983689
1449,0,-2.159163,-0.207980,3.314922,0.004057,0.028551,0.967391
1450,0,-0.295548,-2.165784,2.693387,0.047577,0.007331,0.945092
1451,0,-1.110578,-3.023043,3.974902,0.006142,0.000907,0.992950
1452,0,-1.496295,0.538013,1.636447,0.031662,0.242117,0.726221
1453,0,-1.374755,-3.288641,4.694799,0.002306,0.000340,0.997354
1454,0,-1.337095,0.619868,1.376099,0.043187,0.305668,0.651145
1455,0,-0.032591,-2.180082,2.811223,0.054651,0.006382,0.938967
1456,0,-0.838555,-3.346609,4.357740,0.005504,0.000448,0.994048
1457,0,-0.974390,1.666528,-0.214419,0.058260,0.817166,0.124573
1458,0,-1.412361,-3.131124,4.649636,0.002323,0.000417,0.997260
1459,0,-1.868448,-1.366857,3.986409,0.002844,0.004697,0.992459
1460,0,-1.339685,0.428430,1.504960,0.041571,0.243597,0.714832
1461,0,-1.807486,-3.010693,5.071059,0.001028,0.000309,0.998663
1462,0,-1.862685,-0.014241,2.698513,0.009704,0.061621,0.928675
1463,0,-1.538649,-2.130422,4.375404,0.002690,0.001488,0.995822
1464,0,-2.069421,-1.469180,4.404322,0.001537,0.002801,0.995663
1465,0,-1.818881,-2.272359,4.601439,0.001624,0.001032,0.997344
1466,0,-1.042148,-2.270527,3.510447,0.010398,0.003044,0.986558
1467,0,-1.449903,-0.922468,3.135050,0.009931,0.016829,0.973240
1468,0,-0.963855,-2.744702,3.971823,0.007126,0.001201,0.991674
1469,0,-2.521818,-0.483583,3.955800,0.001517,0.011648,0.986835
1470,0,-1.869187,-0.189026,2.916354,0.007928,0.042546,0.949526
1471,0,-2.199557,-1.217594,4.061476,0.001896,0.005062,0.993042
1472,0,-1.997353,-2.116208,4.653244,0.001290,0.001146,0.997564
1473,0,-2.027323,-2.854119,5.092988,0.000808,0.000353,0.998839
1474,0,-2.286944,-1.130036,4.365219,0.001284,0.004084,0.994632
1475,0,2.203875,-3.558154,0.434536,0.852086,0.002680,0.145234
1476,0,-0.946848,-0.324758,1.813241,0.053579,0.099808,0.846613
1477,0,1.157002,-1.064169,-0.136406,0.723162,0.078450,0.198388
1478,0,-0.906475,-2.837856,3.897977,0.008117,0.001177,0.990706
1479,0,0.541488,0.225371,-0.742400,0.498521,0.363409,0.138070
1480,0,-0.977204,-0.130666,1.634177,0.058999,0.137560,0.803441
1481,0,-1.582927,1.008557,1.192124,0.032907,0.439289,0.527804
1482,0,-1.374208,-2.704040,4.071010,0.004293,0.001136,0.994571
1483,0,-1.783168,0.690379,1.902261,0.018966,0.225018,0.756016
1484,0,-1.930701,-1.785538,4.313999,0.001933,0.002235,0.995833
1485,0,-0.570574,-3.846122,4.360339,0.007166,0.000271,0.992563
1486,0,0.224639,-3.682666,3.219726,0.047603,0.000957,0.951441
1487,0,-1.205937,-2.065861,3.831873,0.006429,0.002721,0.990851
1488,0,-0.431452,-2.858314,3.719159,0.015489,0.001368,0.983143
1489,0,-1.882128,-1.650477,4.065108,0.002598,0.003275,0.994127
1490,0,-1.040065,-3.102587,4.014874,0.006332,0.000805,0.992863
1491,0,-1.086358,-2.268198,3.563354,0.009446,0.002897,0.987656
1492,0,-1.688355,0.507005,2.102040,0.018431,0.165568,0.816001
1493,0,-2.242050,-0.190923,3.407432,0.003414,0.026549,0.970037
1494,0,-1.694281,-2.702966,4.704063,0.001661,0.000606,0.997734
1495,0,-1.230280,-3.166765,4.465182,0.003348,0.000483,0.996169
1496,0,-1.903314,-3.137352,5.112761,0.000896,0.000261,0.998843
1497,0,-0.341820,-3.253053,3.542854,0.020119,0.001095,0.978787
1498,0,-0.667787,-2.895253,4.022655,0.009090,0.000980,0.989930
1499,0,-0.167924,-2.679980,2.961424,0.041771,0.003388,0.954841
1500,1,-1.507660,-0.475062,2.802675,0.012776,0.035879,0.951346
1501,1,-0.979795,-0.901402,2.500263,0.028949,0.031310,0.939741
1502,1,-0.887205,-3.040588,4.128225,0.006586,0.000765,0.992649
1503,1,-1.763307,0.973380,1.424389,0.024589,0.379553,0.595858
1504,1,-0.439630,-0.752820,1.656185,0.101387,0.074125,0.824487
1505,1,-1.877150,0.418860,2.228412,0.013964,0.138728,0.847308
1506,1,0.722011,-2.652423,1.885585,0.236094,0.008083,0.755822
1507,1,-1.579632,0.489401,1.726775,0.027621,0.218682,0.753697
1508,1,-1.957700,-1.189270,3.722950,0.003375,0.007278,0.989347
1509,1,-0.887258,0.357625,0.958570,0.092542,0.321356,0.586102
1510,1,0.304746,-3.022819,2.704245,0.082963,0.002977,0.914060
1511,1,-0.928700,0.480638,0.881581,0.089243,0.365292,0.545465
1512,1,-0.747917,-0.972511,2.146746,0.050311,0.040191,0.909498
1513,1,-1.651978,-2.374664,4.079587,0.003226,0.001566,0.995207
1514,1,-0.685700,0.669985,0.203834,0.136735,0.530452,0.332813
1515,1,-1.483742,0.776245,1.220074,0.039186,0.375514,0.585300
1516,1,-1.293810,0.370112,1.546818,0.042723,0.225577,0.731700
1517,1,-1.864017,-0.669380,3.364824,0.005239,0.017301,0.977460
1518,1,0.649360,-3.228835,2.256444,0.166419,0.003443,0.830138
1519,1,-0.735416,-1.281329,1.949804,0.061574,0.035670,0.902756
1520,1,-0.135002,-2.614486,2.769951,0.051684,0.004330,0.943985
1521,1,-0.963019,1.582561,-0.072568,0.061779,0.787715,0.150507
1522,1,-1.181949,0.737661,0.882697,0.063691,0.434264,0.502045
1523,1,-2.007267,-1.390446,4.298223,0.001817,0.003367,0.994817
1524,1,1.200310,-2.052251,0.339030,0.684324,0.026466,0.289210
1525,1,-0.945569,1.077321,0.287235,0.083396,0.630486,0.286118
1526,1,-1.139418,-1.017654,2.968571,0.015885,0.017942,0.966174
1527,1,-1.928500,-1.258304,4.138007,0.002303,0.004502,0.993194
1528,1,-1.600053,0.490462,1.744274,0.026716,0.216109,0.757175
1529,1,-1.381200,-1.128961,2.914554,0.013214,0.017006,0.969780
1530,1,-1.891560,-0.560912,3.192208,0.006018,0.022770,0.971212
1531,1,-0.401429,-2.346500,3.058886,0.030331,0.004337,0.965333
1532,1,-0.611795,0.096986,0.924442,0.130232,0.264569,0.605199
1533,1,-1.311188,-0.044882,1.930303,0.033201,0.117788,0.849011
1534,1,-2.014402,-0.384078,3.282263,0.004860,0.024811,0.970329
1535,1,-1.264778,-2.457736,4.036523,0.004953,0.001502,0.993545
1536,1,0.206641,-3.763707,3.350398,0.041306,0.000779,0.957915
1537,1,-1.672324,0.261815,2.210041,0.017713,0.122537,0.859750
1538,1,0.933906,-3.837859,2.839759,0.129306,0.001095,0.869600
1539,1,-0.562869,-3.452100,3.994946,0.010370,0.000577,0.989053
1540,1,-1.873969,0.269861,2.466370,0.011592,0.098904,0.889503
1541,1,-1.127237,0.404311,1.234478,0.061597,0.284908,0.653494
1542,1,-1.301152,0.545701,1.238628,0.049958,0.316727,0.633315
1543,1,-1.853475,1.099277,1.481105,0.020736,0.397274,0.581990
1544,1,-0.901511,-2.453428,3.929092,0.007905,0.001675,0.990420
1545,1,0.683281,-2.964398,2.379284,0.154365,0.004021,0.841614
1546,1,-0.367915,-0.237102,0.896708,0.176010,0.200608,0.623383
1547,1,3.445639,-3.947607,-0.846151,0.985906,0.000607,0.013488
1548,1,-1.636442,0.934302,1.372026,0.029127,0.380857,0.590015
1549,1,-1.455075,0.106659,1.984993,0.027059,0.128993,0.843948
1550,1,-0.396689,-2.887702,3.513007,0.019621,0.001625,0.978754
1551,1,-1.100518,-0.535922,1.872561,0.044821,0.078829,0.876349
1552,1,-0.874661,1.018222,0.244933,0.093440,0.620298,0.286263
1553,1,-1.275517,0.783019,0.977514,0.054493,0.426924,0.518583
1554,1,-1.637275,-1.154514,3.333546,0.006814,0.011042,0.982145
1555,1,1.964287,-4.504268,2.181199,0.445675,0.000691,0.553633
1556,1,0.285155,-3.953444,3.567658,0.036157,0.000522,0.963321
1557,1,-1.162741,-2.731728,4.483945,0.003514,0.000732,0.995754
1558,1,-1.639331,-2.087781,4.122562,0.003129,0.001998,0.994873
1559,1,3.137406,-3.969791,-0.142440,0.962971,0.000789,0.036240
1560,1,-0.836903,-2.425233,3.643644,0.011175,0.002283,0.986543
1561,1,0.004626,-3.122469,3.195507,0.039442,0.001729,0.958829
1562,1,0.682606,-0.026952,-0.639899,0.568722,0.279732,0.151546
1563,1,-0.912368,-0.494514,1.926755,0.050970,0.077408,0.871622
1564,1,-0.371556,-3.052384,3.511279,0.020149,0.001380,0.978471
1565,1,-0.963019,1.582561,-0.072568,0.061779,0.787715,0.150507
1566,1,-0.206767,-0.705646,1.253864,0.169036,0.102641,0.728323
1567,1,0.302695,-2.440043,2.078164,0.143525,0.009242,0.847233
1568,1,-1.667605,-0.369293,2.782525,0.011074,0.040565,0.948361
1569,1,0.628630,-4.247686,3.383307,0.059796,0.000456,0.939748
1570,1,-1.750445,-0.216891,2.655138,0.011423,0.052942,0.935635
1571,1,-1.363762,0.638253,1.188852,0.047071,0.348511,0.604419
1572,1,-1.212944,-0.554312,2.406115,0.024854,0.048022,0.927124
1573,1,0.572342,-3.506077,3.093083,0.074323,0.001259,0.924418
1574,1,-1.953403,0.793092,2.053879,0.013969,0.217753,0.768277
1575,1,-0.447923,-2.976742,3.490322,0.019081,0.001522,0.979397
1576,1,0.045582,-2.091020,1.949013,0.127764,0.015083,0.857153
1577,1,-1.445910,1.249398,0.678049,0.041366,0.612638,0.345996
1578,1,-1.801525,1.289508,1.134465,0.023901,0.525809,0.450291
1579,1,-1.132632,-2.713294,4.036366,0.005651,0.001163,0.993185
1580,1,-1.230712,-1.724025,3.707205,0.007088,0.004328,0.988585
1581,1,-1.387508,0.933674,0.981704,0.045711,0.465688,0.488601
1582,1,-1.868609,1.124554,1.486564,0.020162,0.402197,0.577641
1583,1,-0.333553,1.126545,-0.999084,0.171810,0.739879,0.088310
1584,1,-1.365340,-0.384319,2.433625,0.020694,0.055196,0.924110
1585,1,0.558363,-2.862695,2.315788,0.146409,0.004784,0.848806
1586,1,1.357337,-4.009741,2.216597,0.297081,0.001387,0.701532
1587,1,-1.575921,0.613246,1.577854,0.029983,0.267682,0.702334
1588,1,-0.469223,1.794185,-1.067932,0.089563,0.861220,0.049217
1589,1,2.240480,-2.640898,-0.428050,0.928556,0.007045,0.064399
1590,1,-1.032137,-1.633349,2.900866,0.019008,0.010419,0.970572
1591,1,-1.038961,-3.140966,4.365317,0.004475,0.000547,0.994978
1592,1,-1.063443,-1.983220,3.500525,0.010271,0.004094,0.985635
1593,1,-0.942334,-1.958331,3.330735,0.013679,0.004952,0.981368
1594,1,-1.941528,0.566788,2.163264,0.013529,0.166195,0.820275
1595,1,-1.533540,0.699391,1.496482,0.032232,0.300635,0.667132
1596,1,-1.181550,0.744004,0.811341,0.065808,0.451375,0.482816
1597,1,0.480695,-2.903992,2.404180,0.126925,0.004301,0.868774
1598,1,-1.644719,-0.571677,3.051395,0.008815,0.025777,0.965408
1599,1,-2.286944,-1.130036,4.365219,0.001284,0.004084,0.994632
1600,1,-2.213871,-1.132439,4.167065,0.001682,0.004961,0.993357
1601,1,-1.534587,-2.175426,4.241581,0.003086,0.001626,0.995288
1602,1,-0.127009,-1.216609,1.746541,0.127426,0.042860,0.829715
1603,1,-0.028509,-2.615979,2.666419,0.062974,0.004736,0.932290
1604,1,-0.901516,-0.034647,1.486499,0.070071,0.166730,0.763200
1605,1,-1.282691,1.474420,0.302072,0.046227,0.728272,0.225501
1606,1,-2.286944,-1.130036,4.365219,0.001284,0.004084,0.994632
1607,1,-1.829652,1.308612,1.188444,0.022464,0.518100,0.459436
1608,1,-0.470467,-3.280502,4.091259,0.010330,0.000622,0.989048
1609,1,-0.877611,1.538538,-0.153517,0.070099,0.785296,0.144605
1610,1,-0.375157,-1.352983,1.871077,0.092352,0.034736,0.872913
1611,1,-1.658980,0.857140,1.533725,0.026501,0.328092,0.645407
1612,1,-1.654393,-1.507170,3.484872,0.005789,0.006707,0.987504
1613,1,-2.119567,-0.263393,3.283615,0.004357,0.027882,0.967761
1614,1,-1.229394,1.282287,0.382097,0.054538,0.672213,0.273249
1615,1,-1.428399,0.578885,1.513692,0.036498,0.271660,0.691842
1616,1,-1.569448,-2.810488,4.884956,0.001570,0.000454,0.997976
1617,1,-1.402189,-2.973747,4.430696,0.002919,0.000606,0.996474
1618,1,-1.583421,0.378604,1.917900,0.024229,0.172358,0.803413
1619,1,-0.963019,1.582561,-0.072568,0.061779,0.787715,0.150507
1620,1,-1.496182,0.298525,1.787979,0.029670,0.178544,0.791786
1621,1,-1.187284,0.766265,0.799038,0.065179,0.459752,0.475069
1622,1,-1.692742,0.791140,1.575905,0.025469,0.305315,0.669216
1623,1,-1.144371,-0.302690,1.952448,0.039296,0.091178,0.869526
1624,1,-2.013442,-1.327428,4.126200,0.002142,0.004253,0.993605
1625,1,-1.634848,0.324197,1.999512,0.021753,0.154286,0.823961
1626,1,0.235944,-3.128988,2.728536,0.076178,0.002633,0.921189
1627,1,0.786288,-3.859671,3.082244,0.091378,0.000877,0.907745
1628,1,1.392538,-3.651261,1.977056,0.357070,0.002303,0.640628
1629,1,2.144463,-4.576788,1.428344,0.671209,0.000809,0.327983
1630,1,0.441995,-3.768337,3.236659,0.057564,0.000854,0.941582
1631,1,0.543874,-2.439970,1.864729,0.208454,0.010547,0.780999
1632,1,-1.409785,0.664733,1.287652,0.042013,0.334450,0.623537
1633,1,-0.687138,0.629806,0.579035,0.120784,0.450765,0.428451
1634,1,0.185556,-2.652808,2.711801,0.073719,0.004314,0.921967
1635,1,-0.245865,-2.966727,3.250409,0.029362,0.001933,0.968706
1636,1,3.106902,-3.674985,-0.888156,0.980834,0.001112,0.018054
1637,1,-1.641877,-0.764289,2.891153,0.010369,0.024937,0.964694
1638,1,-0.430982,-1.170455,1.987279,0.078717,0.037577,0.883706
1639,1,-1.064096,1.940922,-0.327210,0.042963,0.867270,0.089767
1640,1,-1.252043,0.487941,1.276707,0.051988,0.296191,0.651821
1641,1,-1.110645,0.901460,0.624803,0.070669,0.528535,0.400796
1642,1,-1.615507,0.581651,1.763927,0.025411,0.228681,0.745909
1643,1,-1.494742,-0.916947,3.070280,0.010117,0.018029,0.971854
1644,1,-1.689827,0.434207,1.969943,0.020739,0.173482,0.805779
1645,1,-1.268742,-2.225353,4.081993,0.004714,0.001811,0.993475
1646,1,-2.212762,-2.623664,5.128148,0.000648,0.000429,0.998923
1647,1,-0.963019,1.582561,-0.072568,0.061779,0.787715,0.150507
1648,1,-2.133452,-1.049358,4.019553,0.002109,0.006237,0.991654
1649,1,-1.547802,-0.736705,3.007627,0.010163,0.022870,0.966967
1650,1,-1.012320,-2.401824,3.760288,0.008370,0.002086,0.989544
1651,1,-0.984354,-2.468316,4.002302,0.006772,0.001535,0.991693
1652,1,-0.525569,-1.212745,1.953113,0.074468,0.037457,0.888075
1653,1,-0.227928,-3.845031,3.821340,0.017128,0.000460,0.982411
1654,1,-2.155510,-2.487694,5.086749,0.000715,0.000513,0.998772
1655,1,0.884975,-3.319470,2.308204,0.193595,0.002890,0.803515
1656,1,0.059951,-2.066992,2.238803,0.100448,0.011974,0.887578
1657,1,-0.474132,-1.219039,2.071398,0.070300,0.033377,0.896323
1658,1,-0.827842,1.831069,-0.517487,0.060079,0.857978,0.081943
1659,1,-1.468152,0.680323,1.526722,0.033836,0.290032,0.676133
1660,1,-1.223903,1.186234,0.520873,0.055991,0.623484,0.320526
1661,1,-1.441108,-2.844913,4.544356,0.002507,0.000616,0.996877
1662,1,-1.928901,0.212029,2.657814,0.009287,0.079007,0.911706
1663,1,1.715500,-2.733139,0.648271,0.737651,0.008626,0.253723
1664,1,-1.424258,0.326918,1.707865,0.033688,0.194091,0.772221
1665,1,-1.907826,-2.136622,4.744975,0.001287,0.001024,0.997688
1666,1,-1.747611,-2.641644,4.908804,0.001283,0.000525,0.998192
1667,1,-1.457540,0.810205,1.182797,0.040526,0.391384,0.568090
1668,1,-1.275604,0.541993,1.129504,0.054835,0.337619,0.607547
1669,1,-1.361712,1.190431,0.622085,0.047382,0.608133,0.344484
1670,1,-1.156475,1.010272,0.566590,0.065225,0.569405,0.365370
1671,1,2.250866,-3.903920,0.765640,0.813952,0.001728,0.184320
1672,1,-1.656256,-0.694428,2.860416,0.010510,0.027499,0.961991
1673,1,0.534475,-3.091442,2.709898,0.101703,0.002708,0.895589
1674,1,-1.542773,-2.686028,4.550346,0.002252,0.000718,0.997030
1675,1,-0.868209,1.343085,0.014599,0.079712,0.727571,0.192717
1676,1,-0.439349,-3.359354,3.895606,0.012924,0.000697,0.986379
1677,1,-1.543376,1.404828,0.588364,0.035086,0.669154,0.295760
1678,1,-1.947737,-0.306015,3.020746,0.006668,0.034433,0.958899
1679,1,-1.343256,0.700403,1.153349,0.047939,0.370029,0.582033
1680,1,-2.286944,-1.130036,4.365219,0.001284,0.004084,0.994632
1681,1,-1.369520,0.360742,1.563185,0.039338,0.221952,0.738710
1682,1,2.415603,-3.654898,0.506877,0.869127,0.002008,0.128865
1683,1,-0.304188,-3.283399,3.725392,0.017456,0.000887,0.981657
1684,1,-0.759301,0.054376,1.162367,0.099122,0.223639,0.677239
1685,1,-1.010717,-2.354611,3.819753,0.007903,0.002061,0.990035
1686,1,0.139396,-2.936076,2.811739,0.064433,0.002975,0.932592
1687,1,0.589882,-3.005613,2.354932,0.145575,0.003996,0.850429
1688,1,-1.270276,-2.563770,4.022227,0.004997,0.001371,0.993632
1689,1,-1.478533,0.859581,1.039520,0.042077,0.435986,0.521938
1690,1,-1.531031,-0.914337,3.172925,0.008831,0.016362,0.974807
1691,1,-1.290903,0.226081,1.511411,0.045370,0.206815,0.747815
1692,1,-1.780538,-2.164291,4.610633,0.001672,0.001139,0.997190
1693,1,-1.060122,-2.384932,3.695256,0.008513,0.002263,0.989224
1694,1,-0.392399,1.047110,-0.361788,0.160007,0.675011,0.164981
1695,1,-2.272956,-1.732701,4.686512,0.000947,0.001626,0.997427
1696,1,-1.026706,-0.545376,2.187703,0.036355,0.058830,0.904815
1697,1,-1.183634,0.855136,0.782571,0.063192,0.485391,0.451416
1698,1,0.553088,-3.689283,2.988007,0.080455,0.001156,0.918388
1699,1,-1.786589,-2.816002,4.691946,0.001533,0.000548,0.997920
1700,1,-1.816302,1.139818,1.365378,0.022568,0.433831,0.543601
1701,1,-1.178783,0.655764,1.044688,0.060600,0.379495,0.559905
1702,1,-0.974806,2.366009,-0.997790,0.033091,0.934569,0.032339
1703,1,-0.412301,-3.146421,3.644891,0.016985,0.001103,0.981912
1704,1,-1.235995,-2.974078,4.370037,0.003660,0.000644,0.995697
1705,1,-1.301793,0.833803,0.959563,0.052471,0.444013,0.503516
1706,1,-1.440332,0.890504,1.066564,0.042457,0.436734,0.520809
1707,1,2.037909,-2.616768,-0.085074,0.885590,0.008428,0.105982
1708,1,-1.175436,-0.736180,2.286287,0.029050,0.045073,0.925877
1709,1,0.404395,-2.497233,2.014473,0.165067,0.009068,0.825865
1710,1,-1.051633,1.239452,0.344579,0.066999,0.662332,0.270668
1711,1,-2.212678,-1.990352,4.737321,0.000957,0.001195,0.997849
1712,1,-0.487754,-3.310979,3.671049,0.015372,0.000913,0.983715
1713,1,-0.648083,-2.109482,3.092366,0.023069,0.005350,0.971581
1714,1,-0.852487,-2.600407,3.850856,0.008969,0.001562,0.989469
1715,1,-1.721759,1.554827,0.769391,0.025278,0.669489,0.305234
1716,1,-1.279634,0.862539,0.869878,0.055253,0.470640,0.474107
1717,1,0.345205,-2.963867,2.489160,0.104497,0.003819,0.891684
1718,1,-1.041759,0.335892,1.146666,0.072011,0.285566,0.642423
1719,1,0.497336,-2.181674,1.296507,0.303736,0.020846,0.675418
1720,1,-0.069612,-3.359028,3.604675,0.024717,0.000921,0.974362
1721,1,-1.381021,0.774325,1.271217,0.041987,0.362388,0.595624
1722,1,0.802429,-3.713297,2.457744,0.160111,0.001751,0.838138
1723,1,-1.303586,-2.020818,3.798144,0.006032,0.002944,0.991024
1724,1,-0.390862,-2.930994,3.676205,0.016817,0.001326,0.981857
1725,1,-2.007599,-1.451872,4.287469,0.001836,0.003201,0.994963
1726,1,-0.591845,-0.732694,1.504770,0.099928,0.086800,0.813272
1727,1,-0.408613,1.282292,-0.466175,0.135714,0.736164,0.128122
1728,1,-1.739210,0.671367,1.793962,0.021564,0.240236,0.738200
1729,1,0.734910,-3.578572,2.487968,0.147371,0.001973,0.850657
1730,1,0.293966,-2.205562,1.796799,0.179323,0.014727,0.805950
1731,1,-0.740576,-3.276723,4.013673,0.008536,0.000676,0.990789
1732,1,-1.943823,0.318679,2.486384,0.010576,0.101602,0.887822
1733,1,-1.060547,1.773275,-0.078827,0.048357,0.822575,0.129068
1734,1,-0.119305,-2.774696,2.774897,0.052248,0.003672,0.944080
1735,1,-1.876167,0.588653,2.071835,0.015482,0.182084,0.802434
1736,1,-0.921395,-2.908796,3.937829,0.007689,0.001054,0.991258
1737,1,-1.766361,-0.179198,2.651167,0.011264,0.055078,0.933659
1738,1,1.077112,-3.693010,2.408211,0.208608,0.001769,0.789623
1739,1,-1.687790,0.308230,2.115061,0.018801,0.138370,0.842829
1740,1,-1.476915,-1.417220,3.612918,0.006082,0.006456,0.987462
1741,1,-0.156606,-3.331457,3.455795,0.026249,0.001097,0.972654
1742,1,-0.196501,-3.124393,3.611609,0.021683,0.001160,0.977156
1743,1,-1.029495,1.811513,-0.216424,0.049049,0.840355,0.110596
1744,1,-1.655966,1.253718,0.997882,0.029798,0.546818,0.423384
1745,1,-1.730048,0.232379,2.221529,0.016630,0.118345,0.865025
1746,1,1.848189,-3.037294,0.604965,0.771600,0.005830,0.222570
1747,1,-1.099129,-2.246080,3.814542,0.007275,0.002311,0.990414
1748,1,-1.843700,1.122944,1.502167,0.020487,0.397990,0.581523
1749,1,-1.707760,0.499270,1.974233,0.020075,0.182452,0.797474
1750,1,-1.781865,-1.148866,3.539406,0.004819,0.009075,0.986107
1751,1,-1.996919,0.367566,2.558159,0.009367,0.099656,0.890976
1752,1,-2.257443,-0.631862,3.907152,0.002076,0.010549,0.987375
1753,1,0.806882,-3.469011,2.716331,0.128812,0.001790,0.869398
1754,1,-0.674015,1.154316,-0.090730,0.110921,0.690317,0.198761
1755,1,-1.884623,-1.855522,4.173820,0.002327,0.002396,0.995277
1756,1,-1.259917,1.578741,0.254480,0.044171,0.755000,0.200830
1757,1,-1.012689,-3.691881,4.271261,0.005045,0.000346,0.994609
1758,1,-1.524325,1.123562,0.915337,0.037603,0.531117,0.431280
1759,1,-1.150309,1.276113,0.336586,0.059731,0.676057,0.264212
1760,1,2.220725,-1.997384,-1.211414,0.955069,0.014065,0.030866
1761,1,-1.890890,-2.080614,4.361976,0.001918,0.001587,0.996495
1762,1,-0.753247,-0.425737,1.523499,0.082424,0.114364,0.803213
1763,1,0.453261,-3.232346,3.138987,0.063719,0.001598,0.934683
1764,1,-1.243852,0.841211,0.811258,0.059337,0.477375,0.463288
1765,1,-0.507449,0.384688,0.390932,0.169608,0.413900,0.416492
1766,1,-1.160241,0.910143,0.737659,0.064104,0.508205,0.427691
1767,1,-1.785995,0.968015,1.567132,0.022076,0.346719,0.631205
1768,1,-0.002770,-0.418919,0.566231,0.291879,0.192518,0.515604
1769,1,0.289453,-2.720392,2.408031,0.106740,0.005262,0.887998
1770,1,0.747597,-2.765127,1.861963,0.245251,0.007312,0.747437
1771,1,1.323752,-3.947835,2.424355,0.249307,0.001280,0.749412
1772,1,-1.736641,-0.740598,3.042239,0.008151,0.022070,0.969778
1773,1,-1.065625,-1.935450,3.504074,0.010211,0.004279,0.985510
1774,1,-0.484220,-2.941985,3.749918,0.014268,0.001222,0.984510
1775,1,-0.596940,2.089959,-1.257512,0.061718,0.906401,0.031881
1776,1,-1.614492,1.522228,0.646641,0.029742,0.684912,0.285346
1777,1,1.097681,-4.560440,2.679737,0.170403,0.000595,0.829002
1778,1,-1.734067,0.604902,1.839791,0.021266,0.220535,0.758199
1779,1,-1.690106,0.576775,1.856755,0.022049,0.212757,0.765194
1780,1,-1.081929,0.786589,0.699890,0.074519,0.482787,0.442694
1781,1,-0.216945,-0.666855,1.488075,0.140072,0.089322,0.770606
1782,1,0.765979,-2.999675,1.954024,0.232352,0.005380,0.762268
1783,1,0.259573,-3.400414,3.152018,0.052457,0.001350,0.946193
1784,1,-1.228578,0.432438,1.328321,0.052191,0.274767,0.673042
1785,1,2.577529,-3.237361,-0.607289,0.957516,0.002856,0.039628
1786,1,-1.506937,0.486195,1.699037,0.030287,0.222257,0.747456
1787,1,-0.212514,1.050846,-0.601179,0.191745,0.678259,0.129996
1788,1,1.936360,-3.339159,0.725235,0.767473,0.003926,0.228601
1789,1,-2.286944,-1.130036,4.365219,0.001284,0.004084,0.994632
1790,1,-0.063116,-2.039468,2.144638,0.097715,0.013541,0.888744
1791,1,0.235431,-3.335656,3.040618,0.056953,0.001602,0.941445
1792,1,-0.372722,-2.331462,2.748628,0.041985,0.005921,0.952094
1793,1,-1.400011,-2.855820,4.515110,0.002689,0.000627,0.996683
1794,1,-1.675653,0.597711,1.760743,0.023931,0.232418,0.743651
1795,1,-2.248355,0.215204,2.899339,0.005412,0.063570,0.931018
1796,1,-1.129519,-1.904662,3.638154,0.008396,0.003867,0.987737
1797,1,-1.160169,0.273062,1.239594,0.061680,0.258575,0.679745
1798,1,-1.247733,1.780206,0.167871,0.038799,0.801387,0.159814
1799,1,-1.520270,-1.412729,3.601748,0.005890,0.006558,0.987552
1800,1,-2.141462,0.253132,2.750988,0.006885,0.075485,0.917630
1801,1,1.425339,-1.674925,-0.251572,0.811696,0.036557,0.151747
1802,1,0.671744,-1.005016,0.209672,0.550371,0.102908,0.346721
1803,1,-2.349170,1.016379,2.164090,0.008253,0.238919,0.752828
1804,1,-0.298748,-3.457273,3.715728,0.017719,0.000753,0.981528
1805,1,-1.516748,-0.074564,2.192142,0.021721,0.091878,0.886401
1806,1,-0.963019,1.582561,-0.072568,0.061779,0.787715,0.150507
1807,1,0.655945,-2.218112,1.416149,0.312971,0.017673,0.669356
1808,1,-1.065917,-0.132057,1.534513,0.058776,0.149544,0.791681
1809,1,-0.376331,-3.188958,3.712733,0.016463,0.000989,0.982549
1810,1,-2.286944,-1.130036,4.365219,0.001284,0.004084,0.994632
1811,1,-0.069893,0.553077,-0.274092,0.271757,0.506679,0.221564
1812,1,-0.813865,0.687271,0.562628,0.105845,0.474904,0.419251
1813,1,0.175094,-3.058201,2.863912,0.063477,0.002503,0.934020
1814,1,-1.859791,0.548294,1.984971,0.016989,0.188798,0.794213
1815,1,0.702896,-3.872761,3.192361,0.076540,0.000788,0.922672
1816,1,-1.951417,0.503833,2.282107,0.012254,0.142746,0.845001
1817,1,-0.735797,-0.068674,1.285387,0.095276,0.185656,0.719068
1818,1,-0.756305,0.933316,0.147458,0.112533,0.609638,0.277829
1819,1,0.365022,-3.408678,3.319834,0.049453,0.001136,0.949411
1820,1,-0.386384,-2.938646,3.376545,0.022649,0.001764,0.975587
1821,1,-1.976910,0.590124,2.081116,0.013911,0.181216,0.804873
1822,1,-0.851624,1.399458,-0.036114,0.078380,0.744455,0.177165
1823,1,-0.844964,-2.973597,3.997972,0.007815,0.000930,0.991255
1824,1,0.463909,-0.462976,-0.431165,0.554213,0.219349,0.226439
1825,1,-1.218444,0.494713,1.256721,0.054259,0.300945,0.644796
1826,1,-0.445662,-2.608173,3.343020,0.022069,0.002539,0.975393
1827,1,-1.413899,-2.198606,4.217870,0.003564,0.001626,0.994810
1828,1,0.535917,-2.686777,2.482800,0.124275,0.004952,0.870773
1829,1,-1.639348,0.095596,2.165610,0.019383,0.109874,0.870743
1830,1,-1.890118,-1.349436,4.080234,0.002536,0.004354,0.993110
1831,1,-1.418719,0.740166,1.195239,0.042892,0.371507,0.585601
1832,1,-1.103765,1.949747,-0.268702,0.040825,0.865074,0.094101
1833,1,-1.052121,-2.230241,3.853272,0.007335,0.002258,0.990406
1834,1,-1.651177,0.546185,1.796795,0.024133,0.217223,0.758645
1835,1,-1.171345,0.579556,1.191195,0.057545,0.331447,0.611007
1836,1,-0.652819,0.794905,0.255043,0.129325,0.550075,0.320600
1837,1,-0.683439,-2.644347,3.512996,0.014795,0.002082,0.983123
1838,1,2.032455,-4.258144,1.315853,0.671023,0.001244,0.327734
1839,1,0.526858,-3.710898,3.197117,0.064691,0.000934,0.934375
1840,1,-1.708351,-0.556774,3.076465,0.008075,0.025542,0.966383
1841,1,-1.567860,-2.604147,4.458086,0.002407,0.000854,0.996738
1842,1,-0.656811,1.211766,-0.101385,0.108439,0.702585,0.188975
1843,1,-0.421067,-2.424275,3.184684,0.026354,0.003555,0.970090
1844,1,-1.660552,1.039746,1.301245,0.028396,0.422643,0.548961
1845,1,-0.492112,1.383138,-0.504501,0.117507,0.766433,0.116060
1846,1,-0.963019,1.582561,-0.072568,0.061779,0.787715,0.150507
1847,1,-0.502145,-3.149027,3.810203,0.013212,0.000936,0.985851
1848,1,-2.200437,-0.219228,3.101103,0.004787,0.034713,0.960500
1849,1,-2.286944,-1.130036,4.365219,0.001284,0.004084,0.994632
1850,1,-0.327016,-3.550268,3.920084,0.014096,0.000561,0.985343
1851,1,1.699376,-0.583810,-1.765459,0.882428,0.089971,0.027601
1852,1,0.874243,-3.727150,2.854772,0.121115,0.001216,0.877669
1853,1,-1.405597,-0.127798,2.038568,0.027851,0.099948,0.872201
1854,1,-1.742799,1.115592,1.128104,0.027711,0.483103,0.489186
1855,1,-1.188188,1.554005,0.215516,0.048564,0.753767,0.197669
1856,1,-0.455594,-3.136480,3.781775,0.014226,0.000975,0.984800
1857,1,-1.694643,0.925081,1.583811,0.024233,0.332761,0.643006
1858,1,-1.756186,1.076286,1.371981,0.024498,0.416159,0.559343
1859,1,2.720738,-1.186959,-2.462395,0.974947,0.019583,0.005470
1860,1,-0.274486,1.141068,-0.997232,0.178438,0.734945,0.086617
1861,1,0.005556,0.031512,0.019582,0.328902,0.337551,0.333548
1862,1,-0.976433,1.305303,0.197371,0.071286,0.698154,0.230559
1863,1,2.664541,-4.006209,0.447800,0.900713,0.001142,0.098145
1864,1,-0.309025,-2.028197,2.446785,0.059126,0.010596,0.930278
1865,1,-1.621218,-0.682787,3.008638,0.009429,0.024100,0.966471
1866,1,-1.492424,-0.181477,2.373442,0.019064,0.070722,0.910214
1867,1,-0.760570,-0.912545,2.002042,0.056497,0.048531,0.894972
1868,1,-1.934445,0.556430,2.335162,0.011825,0.142751,0.845423
1869,1,0.809928,-3.031881,2.004653,0.231262,0.004962,0.763777
1870,1,-0.319713,-0.517173,0.854819,0.197728,0.162298,0.639974
1871,1,-0.353096,-1.993283,2.369756,0.060910,0.011813,0.927277
1872,1,-1.523837,-0.383006,2.377571,0.018656,0.058382,0.922962
1873,1,-1.047774,-2.787314,4.187880,0.005290,0.000929,0.993781
1874,1,-0.547086,-0.450208,1.368028,0.112493,0.123936,0.763571
1875,1,1.044092,-3.013631,1.987253,0.278911,0.004822,0.716267
1876,1,0.130145,-1.117565,0.799883,0.308558,0.088606,0.602837
1877,1,-1.829715,0.570101,1.955860,0.017831,0.196518,0.785651
1878,1,-1.432096,-2.663424,4.276574,0.003303,0.000964,0.995733
1879,1,0.474271,-3.015217,2.477445,0.118440,0.003614,0.877945
1880,1,0.648645,-3.109040,2.471508,0.138641,0.003236,0.858124
1881,1,-1.888751,0.572487,2.133437,0.014590,0.170979,0.814432
1882,1,-1.215546,2.365017,-0.454303,0.025618,0.919535,0.054847
1883,1,0.846237,-4.204356,2.972175,0.106529,0.000682,0.892789
1884,1,-1.662562,1.490468,0.731029,0.028281,0.661966,0.309753
1885,1,0.175503,-2.395391,2.304502,0.105453,0.008064,0.886483
1886,1,-2.209318,-2.313668,4.799439,0.000902,0.000813,0.998285
1887,1,-1.372135,0.714770,1.214148,0.044762,0.360781,0.594457
1888,1,0.086414,-2.600186,2.678780,0.069303,0.004720,0.925977
1889,1,2.214968,-0.255506,-3.388510,0.918924,0.077690,0.003386
1890,1,0.965896,-2.481985,1.417245,0.384284,0.012225,0.603491
1891,1,-0.847504,-1.596608,2.991282,0.020859,0.009862,0.969280
1892,1,-0.660174,-3.586110,4.043325,0.008978,0.000481,0.990541
1893,1,-1.862890,0.202058,2.516327,0.011279,0.088934,0.899787
1894,1,0.140987,-3.370711,2.999604,0.054150,0.001616,0.944234
1895,1,-0.971447,-1.268556,2.459239,0.030637,0.022762,0.946602
1896,1,-1.448649,1.397222,0.431392,0.040371,0.695047,0.264582
1897,1,-1.091526,-2.497084,4.082660,0.005621,0.001378,0.993000
1898,1,1.153462,-2.939971,1.849496,0.330856,0.005519,0.663625
1899,1,-1.056027,-2.460139,4.061654,0.005946,0.001460,0.992594
1900,1,1.626452,-3.424920,1.058774,0.635631,0.004068,0.360301
1901,1,0.754595,-4.564868,3.246036,0.076432,0.000374,0.923194
1902,1,-0.111459,0.148932,0.189289,0.274100,0.355627,0.370273
1903,1,-1.355629,-3.126444,4.513684,0.002816,0.000479,0.996705
1904,1,-1.258389,0.741830,0.947852,0.057234,0.422996,0.519770
1905,1,-0.249346,-3.159762,3.432109,0.024535,0.001336,0.974129
1906,1,-1.880084,1.457546,1.038645,0.020978,0.590566,0.388456
1907,1,-0.022314,-1.325719,1.193652,0.215278,0.058471,0.726251
1908,1,0.592468,-2.719779,1.965178,0.200704,0.007312,0.791984
1909,1,-1.876893,-1.527515,4.131004,0.002445,0.003467,0.994088
1910,1,-1.281338,1.458799,0.390691,0.045846,0.710117,0.244037
1911,1,0.256612,-4.035211,3.362579,0.042837,0.000586,0.956577
1912,1,0.072918,-3.689924,3.628747,0.027747,0.000644,0.971609
1913,1,-0.200408,0.978080,-0.507513,0.200601,0.651843,0.147557
1914,1,2.201934,-4.245113,1.424494,0.684385,0.001085,0.314530
1915,1,-1.760417,0.255799,2.352642,0.014359,0.107833,0.877808
1916,1,-1.014656,0.968966,0.411455,0.080441,0.584726,0.334833
1917,1,-1.624221,-0.759870,2.960117,0.009871,0.023427,0.966702
1918,1,0.128579,-3.378088,3.142313,0.046744,0.001402,0.951854
1919,1,-0.482394,-2.268417,3.045264,0.028400,0.004760,0.966840
1920,1,2.126931,-3.134910,0.047051,0.884853,0.004589,0.110558
1921,1,-0.375775,1.127726,-0.622676,0.159271,0.716304,0.124425
1922,1,-1.503636,0.526205,1.646901,0.031288,0.238189,0.730523
1923,1,-1.736799,1.018363,1.342045,0.026003,0.408863,0.565134
1924,1,-1.053410,-1.074355,2.398773,0.029808,0.029190,0.941003
1925,1,-1.281613,-0.621855,2.273729,0.026361,0.050992,0.922647
1926,1,-1.422832,0.803628,1.162610,0.042488,0.393735,0.563777
1927,1,-0.606946,-0.588692,1.723474,0.081296,0.082794,0.835910
1928,1,-1.246671,-2.097544,3.672959,0.007227,0.003086,0.989688
1929,1,-0.518800,-0.097754,0.857499,0.154231,0.234980,0.610789
1930,1,-2.041176,-1.843651,4.484072,0.001461,0.001780,0.996759
1931,1,-1.224788,0.938696,0.660309,0.061393,0.534208,0.404398
1932,1,1.205167,-3.920028,2.388284,0.234166,0.001392,0.764442
1933,1,-1.100296,1.807758,-0.145319,0.045621,0.835828,0.118551
1934,1,-1.795696,-1.191096,3.779364,0.003751,0.006866,0.989383
1935,1,-0.955814,0.741705,0.617921,0.088613,0.483861,0.427526
1936,1,0.736041,-1.814746,1.023014,0.414867,0.032368,0.552765
1937,1,-0.963019,1.582561,-0.072568,0.061779,0.787715,0.150507
1938,1,-1.845837,0.969517,1.655043,0.019668,0.328440,0.651892
1939,1,1.327978,-1.838508,0.046178,0.757754,0.031940,0.210305
1940,1,-0.792450,-2.469668,3.777218,0.010236,0.001913,0.987852
1941,1,-0.434605,-1.962059,2.610402,0.044990,0.009767,0.945244
1942,1,1.181774,-3.784572,2.587306,0.196670,0.001371,0.801960
1943,1,2.140904,-2.049112,-1.215474,0.952374,0.014425,0.033201
1944,1,-0.214382,-0.333479,0.740740,0.222880,0.197856,0.579264
1945,1,-1.179595,-0.063390,1.793934,0.042348,0.129298,0.828355
1946,1,-2.005301,-2.101230,4.511592,0.001474,0.001339,0.997187
1947,1,-1.340745,-3.232814,4.300865,0.003533,0.000533,0.995935
1948,1,0.004134,-0.795338,1.068361,0.229982,0.103392,0.666626
1949,1,-1.177977,-2.189553,3.868722,0.006375,0.002318,0.991307
1950,1,-1.427988,-2.727600,4.621318,0.002352,0.000641,0.997006
1951,1,1.114622,-3.121217,2.145449,0.261928,0.003789,0.734283
1952,1,-1.498897,-1.805614,3.886435,0.004547,0.003346,0.992107
1953,1,-1.221733,-0.695197,2.452601,0.023744,0.040200,0.936055
1954,1,-0.963019,1.582561,-0.072568,0.061779,0.787715,0.150507
1955,1,-1.673952,0.611068,1.814545,0.022955,0.225558,0.751487
1956,1,-1.365697,-2.787483,4.538445,0.002719,0.000656,0.996625
1957,1,1.663634,-2.709116,0.233221,0.798833,0.010078,0.191089
1958,1,1.321724,-3.987664,2.116587,0.310648,0.001536,0.687816
1959,1,2.457227,-4.352209,0.822859,0.835995,0.000922,0.163082
1960,1,2.506379,-3.698179,0.179269,0.909424,0.001837,0.088739
1961,1,-1.652769,1.073155,1.210452,0.029596,0.451946,0.518458
1962,1,-0.963019,1.582561,-0.072568,0.061779,0.787715,0.150507
1963,1,2.314123,-4.365168,1.189436,0.754142,0.000948,0.244910
1964,1,-0.840182,-2.283030,3.429382,0.013750,0.003249,0.983001
1965,1,-1.286446,0.626166,1.251072,0.048974,0.331591,0.619435
1966,1,-0.587434,-3.868643,4.208942,0.008189,0.000308,0.991503
1967,1,0.215481,-1.613753,0.996281,0.299065,0.048011,0.652924
1968,1,-1.541893,1.759281,0.362623,0.028686,0.778657,0.192657
1969,1,-1.072858,-3.089396,4.189931,0.005151,0.000686,0.994164
1970,1,-1.227016,1.211133,0.477613,0.055707,0.637943,0.306350
1971,1,0.310099,-1.819472,1.509840,0.225319,0.026788,0.747893
1972,1,-1.476059,0.194703,2.126567,0.023250,0.123602,0.853148
1973,1,-0.394457,-2.991048,3.681401,0.016673,0.001243,0.982084
1974,1,-0.460505,-3.176263,3.975630,0.011694,0.000774,0.987532
1975,1,0.927832,-2.564769,1.199399,0.426905,0.012987,0.560108
1976,1,-1.074637,0.735013,0.847785,0.071706,0.438003,0.490291
1977,1,0.189504,-2.022438,1.812701,0.161845,0.017720,0.820435
1978,1,-0.834749,-2.871957,3.989522,0.007960,0.001038,0.991002
1979,1,-0.506572,1.137778,-0.202781,0.132756,0.687362,0.179882
1980,1,-1.449656,0.636955,1.271123,0.041238,0.332275,0.626488
1981,1,-1.179872,0.571493,0.989093,0.064468,0.371492,0.564041
1982,1,-0.327545,1.282538,-0.735770,0.149969,0.750328,0.099704
1983,1,-1.820863,0.033786,2.343636,0.013937,0.089052,0.897011
1984,1,-1.559450,-2.826750,4.751959,0.001811,0.000510,0.997679
1985,1,0.067623,-3.160998,3.452303,0.032735,0.001297,0.965968
1986,1,-1.226237,-3.350492,4.709743,0.002635,0.000315,0.997050
1987,1,-1.542773,-2.686028,4.550346,0.002252,0.000718,0.997030
1988,1,-0.142855,-1.056099,1.384323,0.166490,0.066799,0.766711
1989,1,-1.032707,0.527936,0.912569,0.078386,0.373263,0.548351
1990,1,-1.815727,0.174750,2.444188,0.012639,0.092502,0.894860
1991,1,-1.213752,0.489987,1.288309,0.053470,0.293788,0.652742
1992,1,-1.447019,0.682035,1.362320,0.038453,0.323270,0.638277
1993,1,1.348110,-3.721327,1.964975,0.349724,0.002198,0.648078
1994,1,-0.878609,0.836739,0.347775,0.100326,0.557674,0.342000
1995,1,-1.220474,2.335585,-0.527595,0.026299,0.921117,0.052584
1996,1,-0.180788,-0.646832,0.536611,0.271992,0.170670,0.557338
1997,1,-1.008708,-2.318477,3.610106,0.009742,0.002629,0.987628
1998,1,-1.719252,0.862081,1.587154,0.024095,0.318415,0.657490
1999,1,-1.013010,1.957401,-0.453263,0.044943,0.876395,0.078661
2000,1,-1.505047,0.775209,1.310106,0.036397,0.355932,0.607672
2001,1,-0.116108,-3.096628,3.384640,0.029247,0.001485,0.969268
2002,1,-1.553174,-2.605657,4.761269,0.001806,0.000630,0.997564
2003,1,-0.164930,-0.588722,0.488192,0.279635,0.183038,0.537327
2004,1,1.876136,-3.265411,0.754495,0.750980,0.004392,0.244628
2005,1,-0.234636,-2.188243,2.586927,0.055726,0.007900,0.936374
2006,1,-1.971400,-0.135106,2.941443,0.006978,0.043777,0.949244
2007,1,-2.010882,0.826048,2.052697,0.013116,0.223794,0.763090
2008,1,-0.994224,-3.088414,4.444551,0.004324,0.000533,0.995144
2009,1,-0.992000,-2.831167,3.975743,0.006903,0.001097,0.992000
2010,1,-0.508452,0.866234,-0.111684,0.155259,0.613869,0.230872
2011,1,-1.210043,-2.530535,4.142761,0.004707,0.001257,0.994037
2012,1,0.241136,-2.323276,1.726926,0.181970,0.014005,0.804025
2013,1,-0.867168,0.193406,1.116346,0.089636,0.258871,0.651494
2014,1,-1.939572,0.750429,1.835252,0.016857,0.248336,0.734806
2015,1,-2.486761,-2.175363,5.072889,0.000520,0.000711,0.998769
2016,1,-1.092397,1.027532,0.409486,0.072355,0.602760,0.324885
2017,1,-1.534509,1.100022,0.969165,0.036813,0.513058,0.450128
2018,1,-2.057420,-0.103341,2.969261,0.006231,0.043976,0.949793
2019,1,-1.984957,1.044286,1.729771,0.015942,0.329697,0.654361
2020,1,-1.014656,0.968966,0.411455,0.080441,0.584726,0.334833
2021,1,-1.014656,0.968966,0.411455,0.080441,0.584726,0.334833
2022,1,-1.466735,0.503607,1.636373,0.032851,0.235647,0.731502
2023,1,-2.222001,-0.565974,3.439319,0.003404,0.017832,0.978764
2024,1,1.914989,-3.671665,1.061820,0.699394,0.002621,0.297985
2025,1,-0.167256,-2.859498,3.339863,0.029053,0.001968,0.968979
2026,1,-0.185418,-3.479440,3.819840,0.017882,0.000663,0.981455
2027,1,-1.227981,-2.883628,4.570415,0.003022,0.000577,0.996401
2028,1,-1.417403,1.147466,0.489079,0.048243,0.627111,0.324646
2029,1,-1.007829,0.425491,1.073848,0.075697,0.317368,0.606934
2030,1,-2.092817,-0.098138,3.093293,0.005344,0.039278,0.955377
2031,1,0.839323,-3.748009,2.358672,0.179230,0.001825,0.818946
2032,1,0.146886,0.801493,-0.861884,0.304039,0.585088,0.110873
2033,1,-1.679816,-0.242260,2.734540,0.011384,0.047933,0.940682
2034,1,3.537940,-4.067344,-1.011487,0.989050,0.000492,0.010457
2035,1,0.081484,0.470800,-0.516144,0.330460,0.487749,0.181791
2036,1,-0.393955,0.748043,-0.114857,0.183320,0.574344,0.242337
2037,1,1.481195,-2.762044,0.719677,0.675074,0.009695,0.315231
2038,1,-1.028517,-2.765368,4.264613,0.004996,0.000880,0.994124
2039,1,-0.391796,-0.212338,1.182428,0.142378,0.170365,0.687257
2040,1,0.005343,-2.583830,2.343514,0.087433,0.006565,0.906003
2041,1,-0.233935,-3.560321,3.717237,0.018856,0.000677,0.980466
2042,1,-1.756610,-1.254744,3.634069,0.004504,0.007440,0.988055
2043,1,0.700266,-2.865968,2.200718,0.181423,0.005127,0.813450
2044,1,-1.510470,-2.884383,4.465214,0.002532,0.000641,0.996827
2045,1,-0.951034,-1.333921,2.748163,0.023755,0.016198,0.960047
2046,1,1.908010,-4.117413,1.545201,0.588881,0.001423,0.409696
2047,1,-1.523397,0.524581,1.669389,0.030204,0.234146,0.735650
2048,1,-2.286944,-1.130036,4.365219,0.001284,0.004084,0.994632
2049,1,-0.442176,0.185603,0.551369,0.179397,0.336090,0.484513
2050,1,-0.963019,1.582561,-0.072568,0.061779,0.787715,0.150507
2051,1,0.203272,-1.524402,1.439052,0.216509,0.038473,0.745019
2052,1,-1.072105,0.673176,0.778557,0.076385,0.437497,0.486118
2053,1,-1.187910,-0.177707,2.000535,0.035718,0.098088,0.866194
2054,1,-1.264609,-2.747160,4.146372,0.004443,0.001009,0.994548
2055,1,-1.102152,0.502490,1.062852,0.068070,0.338723,0.593207
2056,1,-0.804526,-1.025117,2.016865,0.053757,0.043115,0.903128
2057,1,-0.268464,-2.010695,2.273083,0.072075,0.012622,0.915303
2058,1,-1.509270,0.962576,1.058062,0.038647,0.457745,0.503608
2059,1,-1.214315,-2.779789,4.399920,0.003630,0.000759,0.995612
2060,1,-1.795808,0.883332,1.669173,0.021031,0.306478,0.672491
2061,1,-1.027088,2.328816,-0.840646,0.032387,0.928588,0.039025
2062,1,-0.473630,-2.866803,3.304415,0.022311,0.002038,0.975652
2063,1,-1.805933,1.404849,1.040504,0.023242,0.576377,0.400381
2064,1,-0.528530,-0.349663,1.273313,0.121114,0.144836,0.734050
2065,1,1.624939,-3.211138,0.700415,0.711917,0.005651,0.282432
2066,1,-0.726542,-1.695759,2.465402,0.038888,0.014753,0.946359
2067,1,1.407128,-3.374847,1.171839,0.555950,0.004659,0.439391
2068,1,-0.018525,-1.771131,2.050374,0.110018,0.019068,0.870914
2069,1,-1.386039,-0.635140,2.654582,0.016672,0.035327,0.948001
2070,1,-0.923515,-1.576724,2.906009,0.021026,0.010941,0.968033
2071,1,-0.963019,1.582561,-0.072568,0.061779,0.787715,0.150507
2072,1,0.389718,-1.765250,1.030759,0.331745,0.038452,0.629803
2073,1,-1.041892,0.957634,0.299952,0.081889,0.604796,0.313315
2074,1,0.128981,-2.344657,2.262943,0.104904,0.008841,0.886255
2075,1,-1.091278,-2.140946,3.746568,0.007840,0.002745,0.989415
2076,1,1.576584,-3.860195,1.882853,0.423244,0.001843,0.574913
2077,1,-1.610134,1.141357,1.136114,0.031008,0.485766,0.483226
2078,1,-2.119567,-0.263393,3.283615,0.004357,0.027882,0.967761
2079,1,-1.307734,-2.024873,3.931166,0.005265,0.002570,0.992166
2080,1,-2.286944,-1.130036,4.365219,0.001284,0.004084,0.994632
2081,1,-0.692926,-2.780665,3.795512,0.011098,0.001376,0.987526
2082,1,-0.877659,-0.314848,1.521539,0.072622,0.127495,0.799883
2083,1,0.161220,-3.170051,3.210370,0.045181,0.001615,0.953204
2084,1,0.865521,-3.574185,2.609583,0.148537,0.001753,0.849711
2085,1,-2.035996,-1.380773,4.116717,0.002115,0.004072,0.993814
2086,1,-1.602229,-0.550517,2.705174,0.012802,0.036648,0.950550
2087,1,-0.789481,-0.928960,2.174635,0.047065,0.040937,0.911998
2088,1,-1.786963,1.606329,0.656468,0.023654,0.704031,0.272315
2089,1,-0.684571,-3.404476,3.983590,0.009296,0.000612,0.990091
2090,1,0.997959,-3.477901,2.434368,0.191683,0.002181,0.806135
2091,1,-0.516675,-3.295997,3.951505,0.011330,0.000703,0.987966
2092,1,-0.517898,1.073153,-0.246503,0.138491,0.679838,0.181671
2093,1,-0.498606,-0.148588,1.055834,0.139830,0.198432,0.661738
2094,1,1.139638,0.589195,-1.754664,0.612733,0.353360,0.033907
2095,1,-1.455181,-0.498623,2.322868,0.021127,0.054987,0.923886
2096,1,-1.009997,-2.046746,3.317870,0.012964,0.004597,0.982439
2097,1,-1.325785,1.197529,0.546194,0.050073,0.624398,0.325529
2098,1,-0.210072,0.188838,-0.226134,0.287831,0.428925,0.283244
2099,1,-1.529926,0.776205,1.378382,0.034058,0.341794,0.624147
2100,1,-1.531017,1.282214,0.711911,0.036921,0.615247,0.347832
2101,1,-1.389832,-1.771473,3.664672,0.006313,0.004310,0.989377
2102,1,0.033378,-2.394288,2.429598,0.082851,0.007311,0.909838
2103,1,-1.205299,-2.143897,3.892034,0.006061,0.002371,0.991567
2104,1,-2.216145,-0.300437,3.451269,0.003366,0.022862,0.973772
2105,1,-1.987203,0.053342,2.786390,0.007872,0.060571,0.931558
2106,1,-0.327708,1.288942,-0.542109,0.146130,0.735939,0.117931
2107,1,-1.699633,-0.119029,2.528548,0.013432,0.065250,0.921318
2108,1,-1.625772,0.959570,1.258600,0.031094,0.412555,0.556351
2109,1,-1.085991,-0.562723,2.131133,0.036174,0.061046,0.902780
2110,1,-0.369067,0.153618,0.463178,0.200601,0.338323,0.461076
2111,1,-0.905333,-1.147445,2.228790,0.040398,0.031711,0.927890
2112,1,0.171296,-0.927619,0.542519,0.359358,0.119750,0.520892
2113,1,-1.378221,0.682114,1.158872,0.046530,0.365196,0.588274
2114,1,-0.016524,-1.639184,1.737872,0.143321,0.028288,0.828391
2115,1,-1.149454,-2.793783,4.270742,0.004403,0.000850,0.994747
2116,1,-1.166010,-2.137787,3.580208,0.008582,0.003247,0.988171
2117,1,-1.776011,0.178008,2.243265,0.015694,0.110754,0.873552
2118,1,-0.970736,0.017151,1.233110,0.078460,0.210708,0.710832
2119,1,-0.457230,-3.270151,4.050717,0.010894,0.000654,0.988452
2120,1,1.811882,-3.684945,1.163960,0.654780,0.002684,0.342536
2121,1,-1.777413,-1.182068,3.709277,0.004094,0.007425,0.988481
2122,1,-0.957914,0.964300,0.464169,0.083460,0.570537,0.346003
2123,1,-1.017481,-2.526248,3.872339,0.007454,0.001649,0.990897
2124,1,-1.119643,-2.077598,3.722963,0.007801,0.002993,0.989205
2125,1,-1.383711,-0.629719,2.353855,0.022163,0.047106,0.930732
2126,1,-1.484665,-1.446826,3.499352,0.006752,0.007013,0.986235
2127,1,-0.192620,-3.805043,3.907271,0.016297,0.000440,0.983263
2128,1,-1.401474,0.081906,1.893397,0.030882,0.136120,0.832998
2129,1,-1.685505,0.448603,1.877383,0.022364,0.188966,0.788670
2130,1,-1.686162,-1.864013,4.268636,0.002581,0.002161,0.995258
2131,1,-1.746830,1.095831,1.263032,0.026011,0.446376,0.527613
2132,1,-1.884899,0.376569,2.297061,0.013142,0.126127,0.860731
2133,1,-0.402567,-3.488723,3.474289,0.020277,0.000926,0.978797
2134,1,-1.654912,0.868664,1.428733,0.028320,0.353236,0.618444
2135,1,-1.452659,0.815437,1.273027,0.038569,0.372610,0.588821
2136,1,-1.680924,-2.132777,4.304935,0.002504,0.001594,0.995903
2137,1,-1.918290,-2.405018,4.856128,0.001141,0.000701,0.998159
2138,1,-0.963019,1.582561,-0.072568,0.061779,0.787715,0.150507
2139,1,-1.266178,-1.270288,2.977693,0.013952,0.013895,0.972153
2140,1,-1.585374,-1.255386,3.443580,0.006445,0.008964,0.984591
2141,1,-1.644432,0.678175,1.627876,0.026614,0.271521,0.701865
2142,1,0.609143,-1.849079,0.890353,0.414883,0.035509,0.549609
2143,1,-1.947985,-2.096968,4.776558,0.001198,0.001033,0.997769
2144,1,-1.216897,1.844411,-0.102442,0.039365,0.840655,0.119980
2145,1,-0.479334,-2.985987,3.511370,0.018124,0.001478,0.980398
2146,1,-0.576594,1.560737,-0.950407,0.098378,0.833928,0.067694
2147,1,-1.026756,2.061364,-0.553157,0.040747,0.893822,0.065430
2148,1,1.339912,-3.486779,1.791877,0.387686,0.003107,0.609208
2149,1,-0.012279,-3.868623,3.854846,0.020481,0.000433,0.979086
2150,1,2.081651,-4.391549,1.804166,0.568430,0.000878,0.430692
2151,1,-1.809532,0.586521,1.985861,0.017707,0.194416,0.787877
2152,1,-1.114892,2.222309,-0.532041,0.032330,0.909764,0.057907
2153,1,-1.467152,0.738039,1.369845,0.036851,0.334310,0.628839
2154,1,-0.492857,0.825384,-0.018030,0.157615,0.588982,0.253403
2155,1,-1.188633,1.160770,0.481265,0.059556,0.624105,0.316339
2156,1,-1.587237,0.116894,2.140655,0.020795,0.114303,0.864902
2157,1,0.328844,-2.226835,2.029794,0.152514,0.011841,0.835645
2158,1,-2.007599,-1.451872,4.287469,0.001836,0.003201,0.994963
2159,1,-1.558729,0.592824,1.650153,0.029112,0.250315,0.720573
2160,1,0.798327,-1.542103,0.363509,0.573504,0.055221,0.371276
2161,1,-0.518526,-3.235576,3.858460,0.012397,0.000819,0.986784
2162,1,-1.366140,-0.534607,2.571452,0.018318,0.042073,0.939609
2163,1,-1.161379,-2.663321,4.231883,0.004522,0.001007,0.994471
2164,1,-1.009530,-1.203308,2.885409,0.019617,0.016161,0.964222
2165,1,-1.014656,0.968966,0.411455,0.080441,0.584726,0.334833
2166,1,-1.426894,-2.092860,3.894037,0.004852,0.002493,0.992655
2167,1,0.662899,-3.693578,2.835761,0.102080,0.001309,0.896611
2168,1,-1.063198,0.764742,0.759694,0.074567,0.463885,0.461549
2169,1,1.506348,-2.193524,-0.142505,0.821695,0.020318,0.157987
2170,1,2.481074,-4.434378,0.770202,0.846238,0.000840,0.152922
2171,1,0.877176,-1.931736,0.626623,0.543880,0.032780,0.423340
2172,1,-1.650195,-0.166284,2.600826,0.013230,0.058345,0.928425
2173,1,-1.892375,0.838735,1.667668,0.019412,0.297972,0.682616
2174,1,-1.768872,-0.960930,3.572948,0.004714,0.010575,0.984711
2175,1,0.013497,-0.319188,0.370536,0.317855,0.227901,0.454244
2176,1,0.496750,-3.673601,3.068053,0.070930,0.001096,0.927974
2177,1,-1.119317,0.993737,0.524113,0.069222,0.572703,0.358075
2178,1,-2.286944,-1.130036,4.365219,0.001284,0.004084,0.994632
2179,1,-1.878018,-0.373384,2.963396,0.007567,0.034071,0.958362
2180,1,-0.996513,-2.119693,3.629638,0.009667,0.003144,0.987189
2181,1,2.794837,-4.487983,0.182759,0.931039,0.000640,0.068321
2182,1,-1.679576,-0.052799,2.495791,0.014055,0.071502,0.914443
2183,1,-0.874456,0.947020,0.224410,0.098215,0.607065,0.294720
2184,1,-1.711150,0.873968,1.476302,0.025980,0.344618,0.629402
2185,1,-1.303348,-0.854097,2.820961,0.015530,0.024337,0.960133
2186,1,-1.512212,0.500382,1.700264,0.030009,0.224549,0.745442
2187,1,-0.038841,-2.723857,2.908843,0.049677,0.003389,0.946934
2188,1,-1.167613,-0.939446,2.778861,0.018515,0.023261,0.958224
2189,1,-0.613709,0.105455,0.945452,0.128081,0.262914,0.609004
2190,1,-0.087455,0.672477,-0.826650,0.276577,0.591358,0.132065
2191,1,1.635527,-3.707968,1.500778,0.532279,0.002544,0.465177
2192,1,-2.061625,-1.911312,4.765547,0.001081,0.001257,0.997662
2193,1,-2.018241,-1.593238,4.386898,0.001646,0.002518,0.995836
2194,1,-1.806943,-2.688659,4.758681,0.001405,0.000582,0.998013
2195,1,-0.767448,0.590070,0.748496,0.105929,0.411698,0.482372
2196,1,-1.616734,-1.201153,3.194129,0.007977,0.012088,0.979935
2197,1,0.814453,-2.677804,1.723229,0.284761,0.008666,0.706573
2198,1,-1.748336,-1.153444,3.865091,0.003611,0.006547,0.989842
2199,1,-1.296291,-0.596499,2.509368,0.020847,0.041972,0.937181
2200,1,-0.309549,-3.183724,3.687514,0.018020,0.001017,0.980963
2201,1,-0.995711,-0.899767,2.101965,0.041242,0.045395,0.913363
2202,1,-1.303105,-1.790143,3.444538,0.008552,0.005255,0.986193
2203,1,-0.963019,1.582561,-0.072568,0.061779,0.787715,0.150507
2204,1,-0.317735,-0.413911,1.008443,0.176214,0.160056,0.663730
2205,1,-0.935450,-1.560001,2.708884,0.025130,0.013457,0.961413
2206,1,-1.420632,0.640286,1.417413,0.038557,0.302796,0.658647
2207,1,-1.952080,0.212270,2.500549,0.010464,0.091135,0.898401
2208,1,0.492917,-0.604044,0.174153,0.485217,0.162006,0.352776
2209,1,-1.500358,0.589447,1.484176,0.034649,0.280082,0.685269
2210,1,-1.389662,1.254219,0.532533,0.045655,0.642254,0.312092
2211,1,0.580095,-1.596434,1.147913,0.347482,0.039416,0.613102
2212,1,-0.810482,-2.428388,3.582050,0.012189,0.002417,0.985394
2213,1,-2.286944,-1.130036,4.365219,0.001284,0.004084,0.994632
2214,1,1.311098,-1.046406,-1.205833,0.850801,0.080534,0.068665
2215,1,-1.321441,0.593216,1.297578,0.046497,0.315463,0.638041
2216,1,-1.448496,1.944039,0.247037,0.027631,0.821790,0.150578
2217,1,-1.294023,-1.071756,2.789526,0.016233,0.020273,0.963495
2218,1,0.219351,-2.856122,2.660469,0.079795,0.003684,0.916521
2219,1,-0.561037,-1.987380,2.903122,0.030130,0.007237,0.962634
2220,1,-1.014656,0.968966,0.411455,0.080441,0.584726,0.334833
2221,1,3.183149,-3.242373,-1.295431,0.987197,0.001599,0.011204
2222,1,1.446754,-2.977801,1.256769,0.543788,0.006514,0.449697
2223,1,-0.350814,-2.514829,3.147734,0.029255,0.003360,0.967385
2224,1,-0.635043,-0.302044,1.409812,0.098783,0.137817,0.763400
2225,1,-1.600435,0.808837,1.370957,0.031601,0.351584,0.616815
2226,1,1.644860,-2.460261,0.341843,0.776278,0.012799,0.210923
2227,1,-0.693786,-2.454807,3.232701,0.019268,0.003312,0.977421
2228,1,-2.023450,-0.436580,3.240693,0.005021,0.024544,0.970435
2229,1,-1.507488,-2.364622,4.247784,0.003152,0.001338,0.995511
2230,1,-0.889765,-1.567617,2.528252,0.031234,0.015858,0.952909
2231,1,-0.470926,0.645969,0.000959,0.176729,0.539971,0.283300
2232,1,-0.282739,-3.210105,3.337893,0.026032,0.001394,0.972575
2233,1,-1.727487,1.267673,1.040759,0.027086,0.541413,0.431501
2234,1,-0.867184,-2.683647,3.641525,0.010873,0.001768,0.987359
2235,1,2.075769,-4.050723,1.501389,0.638881,0.001395,0.359724
2236,1,0.288414,-1.413476,0.737752,0.363687,0.066314,0.569998
2237,1,-1.498505,-2.713924,4.673923,0.002081,0.000617,0.997302
2238,1,-1.511115,-1.750500,3.589699,0.006026,0.004743,0.989231
2239,1,0.281146,-1.267361,0.631825,0.379853,0.080744,0.539403
2240,1,-1.070037,1.399494,0.196626,0.061103,0.722044,0.216853
2241,1,2.163701,-3.267411,0.364784,0.854806,0.003743,0.141452
2242,1,0.644746,-3.561620,2.604207,0.123298,0.001837,0.874864
2243,1,-1.634909,0.615227,1.752203,0.024957,0.236815,0.738229
2244,1,-1.716933,1.073445,1.386762,0.025273,0.411632,0.563094
2245,1,-1.614497,0.751868,1.410068,0.031014,0.330564,0.638422
2246,1,-1.638965,0.873763,1.308350,0.030871,0.380899,0.588231
2247,1,2.126931,-3.134910,0.047051,0.884853,0.004589,0.110558
2248,1,0.275774,-3.030978,2.715107,0.079987,0.002930,0.917083
2249,1,-0.971110,-1.777351,2.931321,0.019620,0.008761,0.971619
2250,1,-1.327724,0.793847,1.048177,0.049739,0.415034,0.535227
2251,1,3.053939,-3.695174,-0.682221,0.975593,0.001143,0.023263
2252,1,-0.607493,-1.018843,1.961309,0.067967,0.045046,0.886987
2253,1,1.645649,-2.897430,0.897538,0.673900,0.007171,0.318930
2254,1,-1.121699,-2.552045,4.028775,0.005755,0.001377,0.992868
2255,1,0.286034,-2.902969,2.764377,0.077144,0.003179,0.919676
2256,1,0.641233,-3.267561,2.725945,0.110347,0.002214,0.887439
2257,1,0.000262,-3.191157,3.212326,0.038653,0.001589,0.959758
2258,1,-0.170161,-1.232115,1.316476,0.173371,0.059948,0.766681
2259,1,-1.211561,-1.743583,3.593716,0.008081,0.004747,0.987171
2260,1,-1.112842,0.888534,0.590715,0.071980,0.532599,0.395421
2261,1,-1.232819,-0.406983,2.349113,0.025493,0.058220,0.916287
2262,1,-2.283652,-0.652669,3.943208,0.001952,0.009973,0.988075
2263,1,0.350907,-2.517620,2.398788,0.113530,0.006447,0.880023
2264,1,-1.485470,-0.238640,2.368619,0.019355,0.067344,0.913301
2265,1,-1.266108,1.666409,0.242465,0.041161,0.772782,0.186057
2266,1,-1.418044,0.572086,1.456403,0.038414,0.281056,0.680530
2267,1,-1.221604,0.653421,1.007890,0.059467,0.387781,0.552752
2268,1,-1.822744,-2.047700,4.559835,0.001686,0.001346,0.996968
2269,1,-1.885630,-1.665052,4.331760,0.001986,0.002476,0.995539
2270,1,-0.433715,-2.575098,3.313049,0.022988,0.002701,0.974311
2271,1,0.558215,-2.411911,1.525804,0.271526,0.013928,0.714546
2272,1,0.752353,-3.981071,3.141965,0.083906,0.000738,0.915356
2273,1,-0.705924,0.620930,0.419037,0.127400,0.480194,0.392406
2274,1,-2.145038,-0.433434,3.422137,0.003728,0.020646,0.975626
2275,1,3.195040,-4.189522,-0.313421,0.970343,0.000602,0.029055
2276,1,-0.733552,-2.580060,3.655275,0.012239,0.001931,0.985829
2277,1,-0.270821,-2.679750,3.218613,0.029536,0.002656,0.967809
2278,1,-1.145795,-2.815553,3.983155,0.005881,0.001107,0.993011
2279,1,-1.574926,0.497785,1.737557,0.027473,0.218309,0.754218
2280,1,-1.175579,0.721472,0.903955,0.063829,0.425495,0.510676
2281,1,-1.572737,-2.073359,3.721444,0.004981,0.003019,0.992000
2282,1,-1.679685,-2.056118,4.215063,0.002741,0.001881,0.995378
2283,1,-1.244181,1.205813,0.478443,0.054983,0.637157,0.307860
2284,1,-0.715298,-3.282265,4.106955,0.007979,0.000613,0.991408
2285,1,-1.466197,0.164539,1.903264,0.028433,0.145225,0.826342
2286,1,-1.216423,0.444731,1.380883,0.050780,0.267375,0.681846
2287,1,-1.663613,0.671234,1.666636,0.025463,0.262975,0.711562
2288,1,-2.286944,-1.130036,4.365219,0.001284,0.004084,0.994632
2289,1,-0.907270,-3.388772,4.254983,0.005693,0.000476,0.993831
2290,1,0.390971,0.352310,-1.146814,0.459362,0.441941,0.098697
2291,1,-0.604331,-2.348724,3.114630,0.023587,0.004122,0.972291
2292,1,-1.250103,-2.580060,4.360818,0.003641,0.000963,0.995396
2293,1,0.552145,-2.218275,1.770128,0.225073,0.014098,0.760829
2294,1,-0.282742,-2.806580,3.269822,0.027791,0.002227,0.969981
2295,1,-0.810232,1.117895,0.149899,0.095341,0.655624,0.249035
2296,1,-0.337804,1.142319,-0.589338,0.162046,0.711946,0.126008
2297,1,-1.747608,0.305970,2.183642,0.016732,0.130437,0.852831
2298,1,-1.550072,-1.580497,3.785767,0.004771,0.004628,0.990602
2299,1,1.611851,0.402978,-2.299467,0.758410,0.226411,0.015179
2300,1,-0.376802,-2.329552,2.958278,0.034220,0.004855,0.960925
2301,1,-0.683130,-2.647498,3.119514,0.021758,0.003051,0.975190
2302,1,-0.963019,1.582561,-0.072568,0.061779,0.787715,0.150507
2303,1,-0.677045,-1.949326,2.971867,0.025181,0.007055,0.967764
2304,1,-2.199824,0.429471,2.655682,0.006978,0.096741,0.896281
2305,1,-1.501472,-1.748055,3.420002,0.007195,0.005623,0.987182
2306,1,-0.963019,1.582561,-0.072568,0.061779,0.787715,0.150507
2307,1,0.292203,-3.866005,3.199110,0.051771,0.000809,0.947419
2308,1,2.549587,-3.705180,0.391340,0.894896,0.001719,0.103385
2309,1,-1.639172,-2.131894,4.360940,0.002469,0.001508,0.996023
2310,1,1.569445,-4.171808,2.168565,0.354142,0.001137,0.644721
2311,1,-0.956819,1.785463,-0.370035,0.054583,0.847265,0.098152
2312,1,0.509435,-3.452148,2.984701,0.077496,0.001475,0.921029
2313,1,-1.825541,0.735760,1.857254,0.018619,0.241159,0.740222
2314,1,-1.050952,-0.421619,1.800905,0.049514,0.092906,0.857580
2315,1,-1.624345,0.499577,1.850777,0.024001,0.200738,0.775262
2316,1,-0.963019,1.582561,-0.072568,0.061779,0.787715,0.150507
2317,1,-1.437971,2.311791,-0.498071,0.021706,0.922733,0.055561
2318,1,-0.587167,-3.170857,4.007138,0.010001,0.000755,0.989244
2319,1,-1.690087,-2.636835,4.755159,0.001585,0.000615,0.997801
2320,1,-1.709444,-0.239777,2.538336,0.013281,0.057741,0.928978
2321,1,-1.537063,-0.954896,3.272638,0.007969,0.014264,0.977767
2322,1,-1.812568,-2.988476,5.069381,0.001025,0.000316,0.998659
2323,1,-2.092537,-0.835650,3.762942,0.002828,0.009937,0.987235
2324,1,-0.081311,-3.344576,3.389931,0.030107,0.001152,0.968741
2325,1,-0.794215,1.323985,-0.078575,0.088015,0.731950,0.180035
2326,1,-1.372969,-0.131169,2.291176,0.022997,0.079611,0.897393
2327,1,-0.935664,0.758046,0.321558,0.100449,0.546407,0.353144
2328,1,-1.437015,0.814372,1.177585,0.041386,0.393206,0.565408
2329,1,-1.889032,0.204329,2.517453,0.010978,0.089053,0.899969
2330,1,0.885374,-4.309031,2.784787,0.130081,0.000722,0.869197
2331,1,-1.962770,-1.597157,4.307091,0.001884,0.002715,0.995401
2332,1,-0.641679,-2.033133,2.785570,0.031210,0.007762,0.961027
2333,1,-0.753246,-1.840346,3.139210,0.019854,0.006695,0.973452
2334,1,-1.234875,-2.780979,4.307245,0.003900,0.000831,0.995269
2335,1,-1.323970,0.433963,1.299109,0.048594,0.281869,0.669537
2336,1,-1.546241,-2.292271,4.351796,0.002734,0.001296,0.995970
2337,1,-0.759933,1.802386,-0.606560,0.066087,0.856872,0.077041
2338,1,0.043660,-0.597630,0.413463,0.336240,0.177068,0.486691
2339,1,1.082144,-1.617017,0.184904,0.677987,0.045603,0.276411
2340,1,-0.927834,0.968346,0.378202,0.088091,0.586721,0.325188
2341,1,-0.239934,-3.619617,3.903482,0.015612,0.000532,0.983856
2342,1,-0.135952,-3.372638,3.200414,0.034298,0.001348,0.964354
2343,1,-2.075092,0.582825,2.329081,0.010303,0.146990,0.842707
2344,1,-1.435956,1.343181,0.561556,0.040857,0.658001,0.301142
2345,1,0.361394,-3.106812,2.750536,0.083785,0.002612,0.913603
2346,1,-1.203662,0.858582,0.757093,0.062624,0.492451,0.444925
2347,1,1.715406,-3.473266,1.430539,0.568927,0.003174,0.427899
2348,1,-1.636527,1.015986,1.162596,0.031626,0.448757,0.519617
2349,1,-1.694229,0.311011,2.133660,0.018385,0.136559,0.845057
2350,1,-1.007855,-2.929928,4.297194,0.004938,0.000722,0.994339
2351,1,-2.082592,0.142529,2.743973,0.007405,0.068534,0.924060
2352,1,-2.614899,-2.258309,5.180727,0.000411,0.000587,0.999002
2353,1,-2.144470,-0.838904,3.707117,0.002837,0.010468,0.986695
2354,1,-0.639181,1.832880,-0.807957,0.073038,0.865267,0.061695
2355,1,-2.286944,-1.130036,4.365219,0.001284,0.004084,0.994632
2356,1,-2.397540,-0.776259,4.043833,0.001579,0.007989,0.990432
2357,1,0.229994,-2.395275,2.326047,0.108620,0.007866,0.883514
2358,1,-1.339457,1.011953,0.763012,0.050796,0.533373,0.415831
2359,1,0.376741,-1.664507,1.038798,0.325877,0.042321,0.631803
2360,1,-0.963690,-3.134202,4.067881,0.006481,0.000740,0.992779
2361,1,-2.131777,-1.888079,4.560322,0.001237,0.001579,0.997184
2362,1,1.251476,-3.538229,2.211674,0.276203,0.002297,0.721501
2363,1,-1.307583,1.808930,0.151122,0.035884,0.809803,0.154313
2364,1,-0.571136,-2.862764,3.729368,0.013362,0.001351,0.985287
2365,1,-0.702585,-2.034503,2.907236,0.026162,0.006906,0.966932
2366,1,-0.461684,1.391974,-0.614252,0.121335,0.774498,0.104166
2367,1,-2.014778,-1.986027,4.504868,0.001470,0.001513,0.997018
2368,1,-1.076422,0.204220,1.340984,0.063228,0.227556,0.709216
2369,1,-1.074318,1.023920,0.488240,0.071825,0.585500,0.342676
2370,1,-0.016118,-0.130267,-0.272842,0.375135,0.334668,0.290198
2371,1,-1.090408,1.137022,0.342183,0.069130,0.641248,0.289622
2372,1,-1.418902,-2.838462,4.441125,0.002841,0.000687,0.996472
2373,1,-1.730399,0.775007,1.676145,0.023037,0.282163,0.694800
2374,1,-0.826201,-0.160461,1.240463,0.092214,0.179442,0.728345
2375,1,-1.938411,0.136957,2.706070,0.008851,0.070523,0.920626
2376,1,-0.544817,-3.453282,4.114774,0.009377,0.000512,0.990112
2377,1,2.500859,-4.441018,0.732600,0.853536,0.000825,0.145639
2378,1,-0.285742,1.416816,-0.926668,0.142556,0.782344,0.075099
2379,1,-1.946008,-0.054705,2.863980,0.007671,0.050845,0.941484
2380,1,-0.765246,1.632153,-0.495798,0.075167,0.826422,0.098411
2381,1,-1.901910,-1.857952,4.397486,0.001831,0.001913,0.996257
2382,1,-0.109049,-1.548825,1.719715,0.133991,0.031753,0.834255
2383,1,2.123565,-3.677381,0.884364,0.773611,0.002340,0.224049
2384,1,0.280400,-3.393523,2.909371,0.067182,0.001705,0.931113
2385,1,-1.469695,0.768733,1.283817,0.038349,0.359660,0.601991
2386,1,-1.968829,0.262742,2.558227,0.009728,0.090608,0.899665
2387,1,-0.249956,1.130322,-0.697801,0.178094,0.708103,0.113803
2388,1,0.059046,0.040529,-0.062099,0.348729,0.342331,0.308941
2389,1,-0.963019,1.582561,-0.072568,0.061779,0.787715,0.150507
2390,1,0.112983,-0.234535,0.344890,0.336991,0.238063,0.424946
2391,1,0.586074,-2.159626,1.464319,0.288112,0.018498,0.693390
2392,1,-1.632933,0.560669,1.775939,0.024877,0.223079,0.752045
2393,1,-1.975797,-1.512968,4.086994,0.002314,0.003676,0.994010
2394,1,-1.564863,1.014219,1.115180,0.034758,0.458279,0.506963
2395,1,-1.021872,-3.314293,4.300539,0.004855,0.000490,0.994655
2396,1,-1.592535,-0.906773,3.072191,0.009164,0.018193,0.972643
2397,1,0.387400,-3.400661,2.938056,0.072264,0.001636,0.926100
2398,1,-1.420714,0.748724,1.254964,0.041194,0.360583,0.598223
2399,1,-0.605607,0.614214,0.190721,0.151424,0.512810,0.335765
2400,1,-0.981240,-2.635190,3.905582,0.007478,0.001431,0.991091
2401,1,-0.719840,-2.660178,3.818290,0.010564,0.001518,0.987918
2402,1,0.703696,-3.584275,2.722133,0.117092,0.001608,0.881300
2403,1,-0.963019,1.582561,-0.072568,0.061779,0.787715,0.150507
2404,1,-1.707724,-1.391652,3.646919,0.004674,0.006411,0.988915
2405,1,0.128397,-2.375749,2.451663,0.088568,0.007240,0.904192
2406,1,-1.230999,-1.611568,3.370552,0.009870,0.006746,0.983385
2407,1,0.120841,-2.437744,2.556024,0.080030,0.006195,0.913775
2408,1,-1.761899,0.631500,1.893304,0.019753,0.216305,0.763943
2409,1,-1.664779,0.543724,1.863095,0.022648,0.206146,0.771206
2410,1,-0.990100,2.074041,-0.611758,0.041883,0.896973,0.061144
2411,1,-2.286944,-1.130036,4.365219,0.001284,0.004084,0.994632
2412,1,0.301631,-3.269569,2.645222,0.087361,0.002457,0.910182
2413,1,0.131944,-3.202356,3.051995,0.051078,0.001820,0.947102
2414,1,0.496011,-0.804971,-0.212070,0.566619,0.154270,0.279110
2415,1,-1.795024,-0.004654,2.670062,0.010647,0.063795,0.925557
2416,1,-1.555638,-2.328145,4.524745,0.002280,0.001053,0.996667
2417,1,0.517107,-2.979793,2.273908,0.146538,0.004439,0.849023
2418,1,-1.928901,0.212029,2.657814,0.009287,0.079007,0.911706
2419,1,0.929878,-3.380294,1.881197,0.277581,0.003728,0.718691
2420,1,-1.773327,-2.948417,4.981089,0.001164,0.000359,0.998477
2421,1,-1.806875,-1.911342,4.350178,0.002110,0.001901,0.995989
2422,1,-1.581130,0.030346,2.111038,0.021672,0.108582,0.869745
2423,1,-0.703909,-0.535133,1.454406,0.092248,0.109208,0.798545
2424,1,-1.740559,-0.086063,2.517555,0.013003,0.068010,0.918987
2425,1,-0.204325,-3.790816,3.777221,0.018306,0.000507,0.981187
2426,1,-1.943151,0.815692,1.952288,0.015161,0.239263,0.745577
2427,1,1.122500,-4.242840,2.519253,0.198148,0.000927,0.800925
2428,1,-1.906001,0.530613,2.168013,0.014040,0.160533,0.825427
2429,1,-1.917134,0.728504,2.013003,0.015150,0.213501,0.771349
2430,1,-1.776731,0.188424,2.351141,0.014249,0.101679,0.884072
2431,1,-1.810834,-1.746391,4.093330,0.002713,0.002893,0.994394
2432,1,0.827479,-3.225125,2.142419,0.210886,0.003665,0.785450
2433,1,-0.963019,1.582561,-0.072568,0.061779,0.787715,0.150507
2434,1,2.478078,-3.885081,0.493200,0.877870,0.001513,0.120617
2435,1,-0.458278,-0.629727,1.051433,0.157038,0.132296,0.710665
2436,1,-1.313594,2.196240,-0.225211,0.026729,0.893899,0.079372
2437,1,-1.603089,0.949900,1.203218,0.032901,0.422629,0.544470
2438,1,-1.620439,0.559789,1.709365,0.026468,0.234199,0.739333
2439,1,0.050526,-3.119908,3.101940,0.045071,0.001892,0.953037
2440,1,1.780838,-3.030976,0.475283,0.781766,0.006358,0.211876
2441,1,-1.724983,0.934698,1.450330,0.025493,0.364343,0.610164
2442,1,-1.333474,-2.197334,3.998820,0.004800,0.002023,0.993177
2443,1,2.823877,-3.393563,-0.901023,0.974554,0.001944,0.023502
2444,1,-1.439409,0.173524,1.864649,0.030084,0.150946,0.818970
2445,1,-1.969175,-0.698183,3.343254,0.004821,0.017185,0.977993
2446,1,0.199256,-3.118406,2.751888,0.072061,0.002611,0.925328
2447,1,0.827302,-1.627988,0.633317,0.523695,0.044953,0.431352
2448,1,-1.931597,0.552855,2.168492,0.013635,0.163547,0.822818
2449,1,-1.847948,-2.205115,4.578408,0.001614,0.001129,0.997257
2450,1,-0.643358,2.014250,-1.023937,0.062713,0.894424,0.042862
2451,1,1.108467,-3.778899,2.789134,0.156822,0.001183,0.841996
2452,1,0.702896,-3.872761,3.192361,0.076540,0.000788,0.922672
2453,1,-1.103814,-2.701297,4.001104,0.006023,0.001219,0.992758
2454,1,-0.901516,-0.034647,1.486499,0.070071,0.166730,0.763200
2455,1,-1.456174,-2.301471,4.242578,0.003334,0.001432,0.995234
2456,1,-1.544595,0.816355,1.191886,0.036991,0.392142,0.570867
2457,1,-1.253102,0.669617,1.026251,0.056786,0.388391,0.554822
2458,1,0.013908,-3.261818,3.245303,0.037947,0.001434,0.960619
2459,1,-1.673920,1.029052,1.310556,0.028011,0.418038,0.553951
2460,1,-1.913945,0.346326,2.377337,0.011955,0.114599,0.873446
2461,1,-1.387676,1.066400,0.773987,0.046902,0.545732,0.407367
2462,1,-0.731308,-0.209853,1.435916,0.087577,0.147522,0.764901
2463,1,0.731760,-0.440571,-0.342406,0.605610,0.187524,0.206866
2464,1,-1.792796,0.939876,1.507776,0.022987,0.353407,0.623606
2465,1,-0.216945,-0.666855,1.488075,0.140072,0.089322,0.770606
2466,1,-1.282726,0.697253,1.096248,0.052531,0.380460,0.567009
2467,1,-1.660300,-2.988041,4.754045,0.001635,0.000433,0.997932
2468,1,-2.068460,-0.497585,3.450139,0.003920,0.018859,0.977221
2469,1,-0.879025,-2.697612,3.761795,0.009543,0.001548,0.988909
2470,1,-1.424182,1.359183,0.536225,0.041194,0.666240,0.292566
2471,1,-0.320269,-3.175531,3.746030,0.016836,0.000969,0.982196
2472,1,-1.531834,0.296604,1.781005,0.028829,0.179437,0.791734
2473,1,-0.005282,-0.316354,0.474030,0.298719,0.218860,0.482421
2474,1,1.966235,-4.453310,1.740676,0.555648,0.000905,0.443446
2475,1,-2.154911,-0.629260,3.642514,0.002985,0.013724,0.983292
2476,1,-2.192322,0.116298,2.922457,0.005633,0.056671,0.937696
2477,1,-0.446162,0.416144,0.007374,0.202327,0.479236,0.318437
2478,1,-1.145946,2.228833,-0.592614,0.031292,0.914289,0.054418
2479,1,1.070779,-3.996388,2.466751,0.198208,0.001249,0.800543
2480,1,0.950765,-3.314063,2.106232,0.238689,0.003355,0.757957
2481,1,0.872985,-3.610926,2.720681,0.135935,0.001535,0.862531
2482,1,-0.266742,-2.978421,3.086358,0.033718,0.002240,0.964042
2483,1,-1.207399,-0.427345,2.381765,0.025390,0.055391,0.919219
2484,1,-1.711807,0.450235,2.046142,0.019030,0.165347,0.815623
2485,1,0.034665,-2.249548,2.305431,0.092690,0.009441,0.897869
2486,1,-0.732964,-1.697247,2.863006,0.026432,0.010078,0.963490
2487,1,-1.680110,-2.626223,4.740151,0.001625,0.000631,0.997745
2488,1,-1.150059,-2.159207,3.707449,0.007688,0.002803,0.989509
2489,1,-0.787291,-2.391452,3.566778,0.012659,0.002545,0.984796
2490,1,-0.253499,-3.403137,3.631526,0.020116,0.000862,0.979021
2491,1,-1.007011,-2.676391,4.146123,0.005742,0.001082,0.993177
2492,1,-1.155050,1.179408,0.339828,0.063361,0.654127,0.282512
2493,1,1.133705,-4.301787,2.455442,0.210336,0.000917,0.788747
2494,1,-1.006069,-2.907233,4.267704,0.005094,0.000761,0.994145
2495,1,-1.526513,0.570555,1.644875,0.030319,0.246864,0.722817
2496,1,-1.057695,-2.049850,3.428333,0.011094,0.004113,0.984793
2497,1,-1.791129,-1.144397,3.828075,0.003590,0.006854,0.989557
2498,1,0.461534,-3.933250,3.123314,0.065214,0.000805,0.933981
2499,1,0.702896,-3.872761,3.192361,0.076540,0.000788,0.922672
2500,1,-1.067531,-0.749535,2.429957,0.028243,0.038817,0.932940
2501,1,-1.078453,-2.165082,3.295687,0.012390,0.004180,0.983430
2502,1,-1.035161,-3.178822,4.208565,0.005250,0.000615,0.994135
2503,1,-0.957431,-2.857828,4.006382,0.006931,0.001036,0.992033
2504,1,-1.995169,-1.790440,4.526152,0.001467,0.001800,0.996733
2505,1,-0.964756,-2.674994,3.627225,0.010013,0.001811,0.988176
2506,1,-0.897060,-3.213031,4.045217,0.007083,0.000699,0.992218
2507,1,-1.767304,0.821776,1.657768,0.022201,0.295666,0.682132
2508,1,-1.155454,-1.881504,3.113481,0.013712,0.006634,0.979654
2509,1,-0.622303,0.094193,0.961594,0.126244,0.258453,0.615303
2510,1,-2.286944,-1.130036,4.365219,0.001284,0.004084,0.994632
2511,1,-1.040631,-2.212023,3.686427,0.008751,0.002712,0.988537
2512,1,0.143114,-3.385263,3.358176,0.038559,0.001132,0.960309
2513,1,-0.627052,-3.256963,3.954380,0.010129,0.000730,0.989141
2514,1,-1.563110,0.952241,1.170838,0.034765,0.430077,0.535158
2515,1,-0.963019,1.582561,-0.072568,0.061779,0.787715,0.150507
2516,1,0.208557,-1.176238,0.897759,0.308404,0.077217,0.614379
2517,1,-0.415093,-0.457909,1.153924,0.147929,0.141729,0.710343
2518,1,-2.391771,-2.308387,5.086572,0.000565,0.000614,0.998822
2519,1,-0.963019,1.582561,-0.072568,0.061779,0.787715,0.150507
2520,1,-0.620388,0.689961,0.381668,0.134565,0.498896,0.366539
2521,1,-1.693943,1.867594,0.493412,0.022159,0.780371,0.197470
2522,1,-2.018260,-2.175828,4.902081,0.000986,0.000842,0.998172
2523,1,1.707575,-2.600378,0.190336,0.811176,0.010919,0.177905
2524,1,0.051326,-3.551534,3.464865,0.031847,0.000868,0.967285
2525,1,0.872985,-3.610926,2.720681,0.135935,0.001535,0.862531
2526,1,-2.119567,-0.263393,3.283615,0.004357,0.027882,0.967761
2527,1,-1.774288,0.274324,2.192922,0.016235,0.125940,0.857825
2528,1,-0.963653,0.389895,0.946731,0.086008,0.332949,0.581043
2529,1,-1.578864,-0.382807,2.600462,0.014362,0.047495,0.938143
2530,1,0.285616,-3.471695,2.679225,0.083498,0.001949,0.914552
2531,1,-1.233686,0.729381,0.980952,0.057873,0.412121,0.530006
2532,1,0.716390,-3.521120,2.515171,0.141709,0.002047,0.856244
2533,1,-1.455973,1.027564,0.887220,0.042739,0.512162,0.445099
2534,1,-1.402625,1.053178,0.843648,0.045232,0.527215,0.427553
2535,1,1.826931,-3.772836,1.363842,0.612357,0.002265,0.385378
2536,1,0.284578,-2.484939,2.377153,0.109070,0.006838,0.884092
2537,1,0.869643,-3.514110,2.446912,0.170818,0.002132,0.827051
2538,1,-1.328129,1.050914,0.755736,0.050429,0.544355,0.405217
2539,1,-1.359506,1.239839,0.644356,0.045719,0.615150,0.339130
2540,1,-1.028367,0.920918,0.218154,0.086942,0.610653,0.302404
2541,1,-1.313153,1.950184,0.030112,0.032291,0.843984,0.123725
2542,1,-1.759953,-0.905887,3.410242,0.005577,0.013102,0.981321
2543,1,-0.234111,-2.788967,3.077538,0.035078,0.002726,0.962196
2544,1,1.397928,0.595562,-2.525924,0.681184,0.305352,0.013463
2545,1,1.864359,-3.764781,1.258112,0.645584,0.002319,0.352097
2546,1,-0.734544,-0.769885,1.660347,0.077326,0.074641,0.848033
2547,1,-0.274694,-2.939043,3.170242,0.030854,0.002149,0.966997
2548,1,-1.648383,0.005606,2.400588,0.015732,0.082242,0.902027
2549,1,2.390111,-2.878428,-0.458693,0.940677,0.004846,0.054478
2550,1,-0.821084,-0.060782,1.077468,0.101883,0.217921,0.680196
2551,1,0.426336,-3.910438,3.194000,0.059051,0.000772,0.940177
2552,1,-1.078551,2.145822,-0.535590,0.035895,0.902326,0.061779
2553,1,-1.372384,1.082718,0.810263,0.046474,0.541313,0.412213
2554,1,1.574893,-3.630352,1.625287,0.486104,0.002668,0.511228
2555,1,0.319008,-3.402564,2.957638,0.066586,0.001611,0.931803
2556,1,0.032422,-3.403132,3.453666,0.031606,0.001018,0.967376
2557,1,-2.342789,-1.497977,4.509473,0.001053,0.002452,0.996495
2558,1,-1.440332,0.890504,1.066564,0.042457,0.436734,0.520809
2559,1,3.391379,-3.712912,-0.855470,0.985095,0.000809,0.014096
2560,1,0.264372,-2.191388,1.922546,0.157840,0.013542,0.828617
2561,1,1.702934,-4.607841,2.163573,0.386562,0.000702,0.612735
2562,1,-0.843815,-3.429859,4.042078,0.007492,0.000564,0.991944
2563,1,-0.685736,-0.377761,1.384163,0.097232,0.132300,0.770468
2564,1,-2.113261,-0.416000,3.409405,0.003895,0.021261,0.974844
2565,1,-1.836853,0.791153,1.831794,0.018503,0.256197,0.725300
2566,1,-1.473982,-2.321703,4.271877,0.003181,0.001363,0.995456
2567,1,-2.165115,-1.018672,4.071898,0.001940,0.006105,0.991955
2568,1,-1.547863,1.004368,1.071180,0.036287,0.465766,0.497948
2569,1,-1.352775,0.536353,1.315138,0.045406,0.300298,0.654296
2570,1,2.150624,-3.454906,0.639001,0.816841,0.003004,0.180155
2571,1,1.165590,-3.710155,2.288342,0.245042,0.001870,0.753088
2572,1,1.534910,-4.354805,2.144808,0.351740,0.000974,0.647287
2573,1,-1.333097,0.555170,1.370833,0.044353,0.293083,0.662564
2574,1,1.783370,-1.499860,-0.760118,0.895978,0.033605,0.070417
2575,1,0.538182,-1.502986,0.986267,0.371032,0.048188,0.580780
2576,1,0.278790,-1.438595,0.705345,0.368799,0.066212,0.564989
2577,1,-1.691495,0.736686,1.648476,0.024657,0.279566,0.695777
2578,1,-1.748963,0.915413,1.550576,0.023552,0.338184,0.638264
2579,1,1.335803,-4.096314,2.523526,0.233428,0.001021,0.765551
2580,1,-1.614300,0.926032,1.275351,0.031575,0.400490,0.567935
2581,1,-1.271390,-0.392026,2.169179,0.028890,0.069607,0.901504
2582,1,0.760429,-2.807606,2.159068,0.196932,0.005556,0.797512
2583,1,-0.472070,-1.670799,2.097509,0.069629,0.020998,0.909373
2584,1,-0.640679,-2.758379,3.759135,0.012113,0.001457,0.986430
2585,1,-1.572171,-2.005951,3.931852,0.004043,0.002620,0.993337
2586,1,-1.468022,-1.574082,3.685832,0.005714,0.005139,0.989146
2587,1,0.548528,-2.096274,1.643920,0.246222,0.017487,0.736291
2588,1,-2.286944,-1.130036,4.365219,0.001284,0.004084,0.994632
2589,1,0.208563,-1.752700,1.514007,0.207039,0.029126,0.763835
2590,1,-0.517327,-3.079080,3.774229,0.013485,0.001041,0.985474
2591,1,-1.741374,-0.681036,3.070858,0.007881,0.022754,0.969365
2592,1,-0.726304,-3.541158,4.310198,0.006452,0.000387,0.993161
2593,1,-1.132255,1.664090,0.032250,0.048570,0.795797,0.155633
2594,1,-1.502583,-1.146798,2.962239,0.011194,0.015977,0.972829
2595,1,-1.889470,-1.663943,4.334749,0.001972,0.002471,0.995557
2596,1,-1.992774,-2.429904,5.027638,0.000892,0.000576,0.998532
2597,1,0.590894,-3.026273,2.555608,0.122553,0.003292,0.874155
2598,1,-1.277592,-1.310536,3.098417,0.012272,0.011874,0.975854
2599,1,-1.410835,-0.170271,2.124311,0.025801,0.089210,0.884989
2600,1,-1.678880,0.292058,2.103873,0.019189,0.137724,0.843087
2601,1,-1.342587,1.206835,0.564967,0.048694,0.623272,0.328033
2602,1,1.305994,-3.547062,1.944473,0.344661,0.002690,0.652649
2603,1,-2.369954,-1.415593,4.590959,0.000945,0.002454,0.996601
2604,1,-0.071588,-1.705643,1.944535,0.114886,0.022418,0.862696
2605,1,-1.386218,0.506545,1.517469,0.038641,0.256490,0.704869
2606,1,0.059017,-3.894934,3.537342,0.029918,0.000574,0.969508
2607,1,-2.228188,-0.054983,3.177501,0.004302,0.037798,0.957900
2608,1,1.404141,-4.005928,1.455800,0.486030,0.002173,0.511797
2609,1,-1.812800,-2.895450,4.918038,0.001192,0.000404,0.998405
2610,1,0.728738,-3.444575,2.449047,0.151477,0.002333,0.846190
2611,1,-1.640898,-0.250489,2.549764,0.014068,0.056504,0.929428
2612,1,-1.753770,0.636339,1.917839,0.019520,0.213053,0.767427
2613,1,-0.499342,-3.317582,3.876601,0.012411,0.000741,0.986848
2614,1,-1.563790,-3.136660,4.956209,0.001471,0.000305,0.998224
2615,1,-2.007599,-1.451872,4.287469,0.001836,0.003201,0.994963
2616,1,-1.384976,1.016205,0.972108,0.044255,0.488407,0.467338
2617,1,-1.267566,1.487886,0.368341,0.045741,0.719420,0.234839
2618,1,-1.267688,-2.185848,3.590060,0.007684,0.003068,0.989248
2619,1,-1.387793,1.254544,0.614268,0.044543,0.625649,0.329809
2620,1,-1.321732,0.803956,0.917163,0.053300,0.446585,0.500114
2621,1,-0.366209,-1.876536,2.593569,0.048746,0.010765,0.940489
2622,1,-1.131442,0.511940,1.065673,0.065912,0.340941,0.593147
2623,1,0.676259,-0.989055,0.218965,0.548810,0.103797,0.347393
2624,1,-0.963019,1.582561,-0.072568,0.061779,0.787715,0.150507
2625,1,0.935615,-3.695743,2.265353,0.208777,0.002034,0.789189
2626,1,-2.286944,-1.130036,4.365219,0.001284,0.004084,0.994632
2627,1,2.933654,-3.773993,-0.645832,0.971712,0.001187,0.027101
2628,1,-0.886383,-1.956117,3.310266,0.014748,0.005060,0.980192
2629,1,0.373953,-2.519183,2.225660,0.134660,0.007460,0.857879
2630,1,-1.477417,-1.966369,3.686136,0.005669,0.003477,0.990854
2631,1,-1.040089,0.638500,0.648945,0.084946,0.455138,0.459917
2632,1,-1.651130,0.378602,1.917893,0.022679,0.172632,0.804689
2633,1,-1.637387,1.382193,0.801577,0.030355,0.621745,0.347900
2634,1,-0.157114,-0.701270,0.702869,0.253585,0.147163,0.599252
2635,1,1.521163,-4.438520,2.219025,0.332002,0.000857,0.667141
2636,1,-1.440332,0.890504,1.066564,0.042457,0.436734,0.520809
2637,1,-0.178638,-2.675914,2.912744,0.043309,0.003565,0.953126
2638,1,-1.885626,-0.398470,3.039473,0.006987,0.030913,0.962100
2639,1,-1.251360,-0.960217,2.890164,0.015329,0.020509,0.964162
2640,1,-1.788406,1.046453,1.455991,0.022897,0.389886,0.587217
2641,1,-1.480153,-1.505517,3.587578,0.006219,0.006064,0.987717
2642,1,1.489724,-3.461503,1.787814,0.424744,0.003005,0.572251
2643,1,-1.443835,-0.343100,2.433052,0.019128,0.057505,0.923367
2644,1,-1.610355,-0.892568,3.156506,0.008292,0.016998,0.974711
2645,1,-1.321720,-2.208219,4.043511,0.004646,0.001914,0.993440
2646,1,-1.022114,0.111519,1.247330,0.072564,0.225451,0.701985
2647,1,-1.446384,0.576841,1.133618,0.045956,0.347552,0.606492
2648,1,-1.651169,-1.259891,3.537364,0.005504,0.008140,0.986356
2649,1,-2.286944,-1.130036,4.365219,0.001284,0.004084,0.994632
2650,1,0.665329,-2.470349,2.059880,0.196981,0.008563,0.794456
2651,1,-1.517879,0.812811,1.320287,0.035249,0.362539,0.602212
2652,1,1.277772,-3.139601,1.765589,0.378670,0.004569,0.616761
2653,1,-0.443112,-1.625863,2.275119,0.060754,0.018617,0.920629
2654,1,1.154677,-3.290489,1.618618,0.384310,0.004510,0.611180
2655,1,-1.311471,-1.254014,3.012911,0.012890,0.013653,0.973457
2656,1,-1.066591,0.537868,0.884460,0.076857,0.382374,0.540769
2657,1,0.922593,-4.493609,2.778122,0.135144,0.000601,0.864256
2658,1,-2.195267,-0.071364,3.211298,0.004306,0.036015,0.959679
2659,1,-2.286944,-1.130036,4.365219,0.001284,0.004084,0.994632
2660,1,2.198411,-3.911272,0.697297,0.816258,0.001813,0.181929
2661,1,-1.616734,-1.201153,3.194129,0.007977,0.012088,0.979935
2662,1,-2.260653,-1.324353,4.383902,0.001295,0.003303,0.995402
2663,1,-1.414093,-0.716412,2.658532,0.016202,0.032552,0.951246
2664,1,-1.745718,0.833710,1.580390,0.023799,0.313893,0.662309
2665,1,2.945110,-3.405419,-0.684471,0.972504,0.001698,0.025798
2666,1,-2.286944,-1.130036,4.365219,0.001284,0.004084,0.994632
2667,1,-1.951072,-0.296998,3.107433,0.006113,0.031961,0.961926
2668,1,-0.304883,-1.328447,1.970676,0.090150,0.032392,0.877458
2669,1,-1.625012,0.373087,1.889202,0.023830,0.175744,0.800426
2670,1,-1.200307,1.218567,0.432334,0.057635,0.647425,0.294940
2671,1,0.130812,-2.988308,3.100011,0.048732,0.002154,0.949115
2672,1,-1.829368,0.823532,1.760672,0.019444,0.276006,0.704551
2673,1,-0.963019,1.582561,-0.072568,0.061779,0.787715,0.150507
2674,1,-1.664960,0.509608,1.843980,0.023142,0.203613,0.773245
2675,1,-0.861152,-3.468199,4.403673,0.005142,0.000379,0.994479
2676,1,-0.784416,-0.759821,2.037894,0.053077,0.054399,0.892524
2677,1,-1.458520,-0.090073,2.012411,0.026957,0.105921,0.867122
2678,1,-1.187398,-0.201838,2.073687,0.033605,0.090039,0.876355
2679,1,-1.529178,1.285578,0.715317,0.036867,0.615272,0.347861
2680,1,-1.615108,0.340895,1.854292,0.024883,0.175946,0.799171
2681,1,0.653658,-3.024648,2.170547,0.179106,0.004525,0.816369
2682,1,-1.993516,-1.502442,4.213639,0.002004,0.003275,0.994720
2683,1,-1.344004,0.387830,1.613758,0.038601,0.218136,0.743262
2684,1,-0.718402,-0.335849,1.016703,0.122917,0.180200,0.696883
2685,1,-0.278676,-0.439067,0.889374,0.197335,0.168092,0.634573
2686,1,0.106183,-3.222055,3.258863,0.040926,0.001467,0.957607
2687,1,-1.950125,0.160404,2.593870,0.009679,0.079875,0.910446
2688,1,-1.433602,-1.013887,2.974061,0.011820,0.017985,0.970194
2689,1,-0.420789,-3.414249,3.938557,0.012617,0.000632,0.986750
2690,1,-2.079732,0.312580,2.671389,0.007834,0.085692,0.906475
2691,1,1.484790,-3.861111,1.917818,0.392667,0.001872,0.605461
2692,1,-0.797189,0.571240,0.616438,0.110619,0.434643,0.454738
2693,1,-1.644145,-0.516893,2.826608,0.010928,0.033736,0.955336
2694,1,-0.963019,1.582561,-0.072568,0.061779,0.787715,0.150507
2695,1,-1.080195,-1.081398,2.684071,0.022158,0.022131,0.955711
2696,1,-1.573836,0.755204,1.439382,0.031625,0.324725,0.643650
2697,1,1.934828,-3.503939,0.909671,0.733630,0.003188,0.263183
2698,1,-1.308131,0.912091,0.927720,0.051115,0.470735,0.478150
2699,1,-0.291846,-1.849617,2.269223,0.070620,0.014873,0.914507
2700,1,-2.157516,1.092815,1.919545,0.011659,0.300789,0.687552
2701,1,-1.346530,0.905354,0.935489,0.049256,0.468210,0.482534
2702,1,0.501578,-2.755737,2.355237,0.134741,0.005186,0.860072
2703,1,-0.356037,-2.415864,2.948527,0.035256,0.004494,0.960250
2704,1,-0.978034,0.588690,0.538685,0.096635,0.462973,0.440392
2705,1,-0.949458,0.405917,0.988300,0.084593,0.328068,0.587340
2706,1,-1.443303,-0.588622,2.657208,0.015693,0.036889,0.947418
2707,1,0.470849,-1.438751,0.723437,0.410595,0.060825,0.528580
2708,1,2.077687,-3.089335,0.187933,0.864446,0.004929,0.130625
2709,1,-1.612587,-1.739799,4.025453,0.003536,0.003114,0.993350
2710,1,-0.373477,-3.048005,3.389802,0.022646,0.001561,0.975793
2711,1,-1.541642,-0.106149,2.274565,0.019750,0.082983,0.897267
2712,1,-0.659139,0.823324,0.146922,0.130841,0.576196,0.292963
2713,1,0.477579,-2.205250,1.698908,0.224212,0.015329,0.760459
2714,1,1.443200,-0.839695,-1.378671,0.860968,0.087809,0.051223
2715,1,0.773862,-3.647431,2.855835,0.110714,0.001331,0.887956
2716,1,-0.562475,-2.992004,3.968051,0.010650,0.000938,0.988412
2717,1,-0.595806,0.962844,0.017791,0.131588,0.625360,0.243052
2718,1,-1.421199,0.465788,1.612116,0.035254,0.232659,0.732087
2719,1,-1.500671,-2.214653,4.151005,0.003493,0.001711,0.994796
2720,1,-1.701785,1.424103,0.850760,0.027308,0.622070,0.350622
2721,1,-2.058591,0.298450,2.567737,0.008795,0.092875,0.898330
2722,1,-1.241602,-2.450857,4.231672,0.004175,0.001246,0.994579
2723,1,2.380847,-4.126421,1.034562,0.792583,0.001183,0.206234
2724,1,-0.760065,1.632554,-0.455677,0.075200,0.822845,0.101955
2725,1,-1.914385,-0.269234,2.693696,0.009392,0.048668,0.941940
2726,1,-2.114681,-1.010836,3.710292,0.002918,0.008801,0.988281
2727,1,-1.579351,0.761193,1.343701,0.033350,0.346405,0.620245
2728,1,-1.983864,-0.338731,3.020215,0.006443,0.033387,0.960170
2729,1,0.734693,-4.424585,3.131218,0.083398,0.000479,0.916123
2730,1,-1.537028,-0.017321,2.062134,0.023731,0.108473,0.867796
2731,1,1.920426,-4.641380,1.783222,0.533844,0.000754,0.465401
2732,1,0.462386,-2.491771,2.412331,0.123756,0.006450,0.869794
2733,1,-1.569977,-3.062379,4.818637,0.001677,0.000377,0.997946
2734,1,1.183348,-3.946473,2.243778,0.256836,0.001520,0.741644
2735,1,0.484749,-3.724830,2.602159,0.107245,0.001593,0.891162
2736,1,-1.448989,0.702350,1.352393,0.038367,0.329821,0.631812
2737,1,-1.184236,0.409501,1.281632,0.056511,0.278151,0.665338
2738,1,-0.771560,-2.570466,3.864161,0.009591,0.001587,0.988822
2739,1,-0.367301,-3.377314,3.901579,0.013795,0.000680,0.985525
2740,1,-1.397211,0.700461,1.169217,0.045113,0.367546,0.587341
2741,1,-0.963019,1.582561,-0.072568,0.061779,0.787715,0.150507
2742,1,3.273019,-2.447388,-2.027534,0.991801,0.003251,0.004948
2743,1,0.922077,-2.528355,1.407816,0.376349,0.011942,0.611709
2744,1,-0.975021,1.119517,0.167546,0.081589,0.662644,0.255767
2745,1,-1.818982,0.686506,1.868104,0.018805,0.230350,0.750845
2746,1,0.506564,-3.797466,3.003208,0.076016,0.001027,0.922957
2747,1,-1.740455,0.550747,1.905862,0.020317,0.200870,0.778813
2748,1,-0.963019,1.582561,-0.072568,0.061779,0.787715,0.150507
2749,1,-1.662359,0.490066,1.781087,0.024450,0.210407,0.765144
2750,1,1.960360,-4.265543,1.612595,0.585397,0.001158,0.413445
2751,1,-0.864272,-2.418457,3.359042,0.014395,0.003042,0.982563
2752,1,1.567295,-4.387267,2.127742,0.363102,0.000942,0.635956
2753,1,3.005332,-3.609356,-0.608936,0.972500,0.001304,0.026196
2754,1,-0.978871,-2.746888,3.993369,0.006872,0.001173,0.991955
2755,1,-1.572543,1.445445,0.526683,0.033772,0.690650,0.275578
2756,1,-0.105110,-1.345788,1.850116,0.119693,0.034614,0.845693
2757,1,0.670559,-2.888933,2.210778,0.175622,0.004997,0.819381
2758,1,-1.706972,0.709949,1.555034,0.026101,0.292623,0.681277
2759,1,-1.054125,-1.908710,3.200532,0.013916,0.005921,0.980163
2760,1,-1.171575,0.740150,0.733216,0.069048,0.467090,0.463862
2761,1,-1.345802,0.596207,1.427263,0.041701,0.290769,0.667530
2762,1,1.356071,-3.689871,2.172803,0.305855,0.001968,0.692177
2763,1,-0.338646,-0.980382,1.649102,0.113309,0.059643,0.827048
2764,1,-1.678418,0.752293,1.604906,0.025621,0.291227,0.683152
2765,1,-1.343433,1.092532,0.659400,0.050411,0.576041,0.373548
2766,1,1.580964,-2.986391,1.064268,0.622326,0.006463,0.371210
2767,1,1.120147,-1.955386,0.486825,0.634119,0.029274,0.336607
2768,1,2.097205,-3.258965,0.444405,0.835958,0.003945,0.160097
2769,1,-0.581795,-3.199582,3.955055,0.010585,0.000772,0.988642
2770,1,-1.768720,1.122234,1.316524,0.024460,0.440534,0.535006
2771,1,-1.531464,0.985381,1.114255,0.036386,0.450804,0.512810
2772,1,0.326301,-0.537835,0.319450,0.414149,0.174529,0.411322
2773,1,-0.877056,-1.497759,3.034406,0.019414,0.010436,0.970150
2774,1,-0.510485,-1.909572,2.649415,0.040298,0.009946,0.949755
2775,1,0.964769,-4.234161,2.849013,0.131806,0.000728,0.867466
2776,1,1.045669,-2.477999,0.963379,0.512690,0.015120,0.472190
2777,1,-1.108793,-2.903988,4.325553,0.004342,0.000721,0.994937
2778,1,0.440850,-3.532604,2.420748,0.121053,0.002277,0.876670
2779,1,0.658942,0.342787,-1.023928,0.522251,0.380694,0.097055
2780,1,-0.913386,-2.127302,3.206959,0.015904,0.004724,0.979372
2781,1,-0.781666,-2.072966,3.127393,0.019559,0.005377,0.975064
2782,1,-1.511428,0.133424,2.054168,0.024073,0.124703,0.851225
2783,1,-1.440332,0.890504,1.066564,0.042457,0.436734,0.520809
2784,1,-1.605319,-0.532700,2.842148,0.011194,0.032720,0.956086
2785,1,1.304582,-4.123415,2.370176,0.255954,0.001124,0.742922
2786,1,0.513373,-2.015697,1.548231,0.256776,0.020474,0.722750
2787,1,-0.174064,-2.907413,3.084882,0.036918,0.002400,0.960682
2788,1,-2.069839,-0.237204,3.194547,0.004986,0.031162,0.963853
2789,1,-1.711109,-0.724479,3.101600,0.007890,0.021162,0.970949
2790,1,-1.287120,1.838681,0.124775,0.035866,0.816952,0.147183
2791,1,1.282535,-4.120080,2.615822,0.208420,0.000939,0.790641
2792,1,3.238039,-3.724708,-0.648896,0.978996,0.000927,0.020077
2793,1,-1.099690,-2.688810,4.281222,0.004578,0.000934,0.994487
2794,1,-0.975632,-3.241142,4.202934,0.005601,0.000581,0.993818
2795,1,-1.660118,-1.217241,3.382719,0.006351,0.009889,0.983760
2796,1,-1.208614,0.722106,0.793875,0.065351,0.450562,0.484087
2797,1,-0.593761,0.578045,0.422760,0.143033,0.461685,0.395282
2798,1,-1.260196,-2.286736,3.812119,0.006215,0.002226,0.991559
2799,1,-0.281016,-1.408710,1.940478,0.094833,0.030705,0.874462
2800,1,-0.859514,-1.266175,2.516161,0.032352,0.021542,0.946106
2801,1,-1.077086,-2.244109,3.806896,0.007492,0.002332,0.990175
2802,1,-1.513141,0.849737,1.249310,0.036416,0.386797,0.576787
2803,1,-0.784773,0.216296,0.730710,0.120878,0.328932,0.550191
2804,1,-0.651312,-1.764493,2.574833,0.037720,0.012392,0.949888
2805,1,-1.946207,0.331679,2.479671,0.010600,0.103411,0.885989
2806,1,-1.442764,0.591112,1.540675,0.035212,0.269150,0.695638
2807,1,0.486723,-1.592744,0.756131,0.410815,0.051351,0.537834
2808,1,-1.570614,0.736601,1.437305,0.031957,0.321057,0.646985
2809,1,-0.657573,-0.634122,1.698202,0.079554,0.081442,0.839004
2810,1,-1.247579,0.828646,0.963259,0.055256,0.440626,0.504118
2811,1,-0.120213,-3.178241,3.316458,0.031123,0.001462,0.967414
2812,1,-0.963019,1.582561,-0.072568,0.061779,0.787715,0.150507
2813,1,2.246079,-3.716225,0.451576,0.855590,0.002202,0.142208
2814,1,0.752933,-1.864258,0.856555,0.458255,0.033456,0.508288
2815,1,-2.286944,-1.130036,4.365219,0.001284,0.004084,0.994632
2816,1,-2.286944,-1.130036,4.365219,0.001284,0.004084,0.994632
2817,1,0.675885,-3.780880,2.881552,0.099129,0.001150,0.899722
2818,1,2.474971,-3.310214,-0.560738,0.951372,0.002923,0.045704
2819,1,-1.533465,0.611884,1.599220,0.030788,0.263082,0.706131
2820,1,-1.485222,0.633506,1.411026,0.036461,0.303375,0.660164
2821,1,-0.963019,1.582561,-0.072568,0.061779,0.787715,0.150507
2822,1,-1.540860,0.918900,1.228306,0.034907,0.408485,0.556608
2823,1,-0.914481,-2.710455,3.735968,0.009452,0.001569,0.988979
2824,1,-1.087445,-2.508616,3.937876,0.006516,0.001573,0.991910
2825,1,-0.238784,-2.687648,3.211591,0.030676,0.002650,0.966674
2826,1,-1.753087,1.140505,1.160584,0.026679,0.481775,0.491546
2827,1,1.976076,-2.562132,0.078661,0.861587,0.009213,0.129200
2828,1,-2.346813,-2.110927,4.852704,0.000746,0.000944,0.998310
2829,1,-0.963019,1.582561,-0.072568,0.061779,0.787715,0.150507
2830,1,-0.135043,-0.121015,0.501614,0.256129,0.259748,0.484123
2831,1,-1.537309,-0.522866,2.503296,0.016497,0.045495,0.938009
2832,1,-1.767119,-2.080097,4.582585,0.001742,0.001274,0.996984
2833,1,-0.384019,-1.264759,1.627048,0.112540,0.046645,0.840815
