row_id,gold,p_hate,p_offensive,p_normal
0,1,0.000580,0.000551,0.998869
1,1,0.012467,0.326158,0.661375
2,1,0.000723,0.000357,0.998920
3,1,0.659842,0.000936,0.339221
4,0,0.013461,0.438690,0.547849
5,0,0.084633,0.030078,0.885289
6,0,0.000660,0.001619,0.997721
7,0,0.020041,0.000344,0.979615
8,0,0.074098,0.000754,0.925148
9,0,0.017225,0.000347,0.982429
10,1,0.536755,0.448651,0.014594
11,0,0.977416,0.000637,0.021946
12,1,0.992988,0.000805,0.006207
13,0,0.000685,0.000419,0.998896
14,0,0.013874,0.000385,0.985741
15,0,0.030273,0.419101,0.550626
16,1,0.273280,0.002100,0.724621
17,1,0.000697,0.000959,0.998344
18,0,0.000770,0.000444,0.998786
19,1,0.036966,0.000358,0.962676
20,1,0.391896,0.000665,0.607439
21,0,0.062077,0.000426,0.937498
22,0,0.000569,0.000786,0.998645
23,0,0.541552,0.388986,0.069462
24,1,0.024027,0.030683,0.945291
25,0,0.003421,0.000288,0.996291
26,0,0.001464,0.000296,0.998240
27,1,0.022187,0.001194,0.976619
28,1,0.003511,0.000295,0.996194
29,1,0.007236,0.374974,0.617790
30,1,0.009715,0.000395,0.989890
31,1,0.921893,0.000902,0.077205
32,1,0.003681,0.000311,0.996008
33,0,0.660299,0.001118,0.338583
34,1,0.024447,0.000478,0.975076
35,0,0.930185,0.000627,0.069189
36,1,0.009728,0.033465,0.956807
37,1,0.323412,0.000651,0.675937
38,0,0.073186,0.000457,0.926357
39,1,0.887408,0.109230,0.003362
40,1,0.118511,0.301135,0.580354
41,0,0.000967,0.000377,0.998656
42,0,0.261158,0.000697,0.738145
43,0,0.007667,0.397821,0.594511
44,1,0.003478,0.000278,0.996244
45,0,0.038733,0.000408,0.960859
46,0,0.177039,0.015865,0.807096
47,0,0.756388,0.000978,0.242634
48,1,0.016018,0.093041,0.890941
49,0,0.054671,0.000618,0.944711
50,1,0.567817,0.000723,0.431460
51,0,0.010230,0.000399,0.989370
52,0,0.001481,0.000302,0.998217
53,0,0.000709,0.000361,0.998929
54,0,0.028828,0.352019,0.619153
55,1,0.000497,0.000570,0.998933
56,0,0.000790,0.000382,0.998828
57,1,0.996592,0.001850,0.001558
58,1,0.012165,0.000299,0.987536
59,0,0.001399,0.000273,0.998328
60,0,0.004481,0.000248,0.995272
61,1,0.427016,0.551645,0.021339
62,1,0.108241,0.574368,0.317391
63,0,0.011042,0.000412,0.988546
64,1,0.980421,0.000722,0.018857
65,1,0.536999,0.000947,0.462054
66,1,0.096753,0.001023,0.902224
67,1,0.007092,0.000341,0.992567
68,0,0.003017,0.000407,0.996576
69,1,0.976931,0.000590,0.022479
70,0,0.000946,0.000538,0.998515
71,1,0.689841,0.001297,0.308861
72,0,0.020599,0.000334,0.979068
73,0,0.012495,0.000369,0.987136
74,0,0.000978,0.000492,0.998530
75,0,0.754476,0.000822,0.244702
76,0,0.004164,0.000331,0.995505
77,1,0.923869,0.000915,0.075216
78,0,0.003107,0.060472,0.936420
79,0,0.000947,0.000353,0.998700
80,1,0.057019,0.000418,0.942563
81,0,0.001343,0.000292,0.998365
82,1,0.956846,0.041365,0.001790
83,0,0.045713,0.000609,0.953678
84,1,0.968457,0.000710,0.030833
85,1,0.002574,0.000510,0.996917
86,0,0.000654,0.000482,0.998864
87,0,0.030986,0.000525,0.968489
88,1,0.189092,0.000522,0.810386
89,0,0.002969,0.000267,0.996765
90,0,0.000916,0.000323,0.998762
91,1,0.050508,0.000361,0.949131
92,1,0.000780,0.000365,0.998854
93,1,0.129154,0.000492,0.870354
94,0,0.000627,0.000570,0.998802
95,1,0.426171,0.002220,0.571609
96,0,0.000781,0.000337,0.998882
97,1,0.972830,0.000849,0.026321
98,1,0.022347,0.000367,0.977286
99,1,0.010960,0.167829,0.821211
100,0,0.006067,0.000354,0.993580
101,0,0.010061,0.000284,0.989655
102,0,0.008522,0.000255,0.991223
103,1,0.023772,0.000450,0.975778
104,1,0.003227,0.008649,0.988124
105,1,0.371713,0.578755,0.049532
106,1,0.009728,0.033465,0.956807
107,1,0.921025,0.005079,0.073896
108,0,0.001997,0.007610,0.990394
109,0,0.564190,0.000879,0.434932
110,0,0.003185,0.000414,0.996401
111,1,0.002158,0.000269,0.997573
112,0,0.010379,0.441703,0.547918
113,0,0.000711,0.000421,0.998868
114,0,0.002122,0.000284,0.997594
115,1,0.890742,0.000773,0.108485
116,0,0.000475,0.000529,0.998996
117,0,0.000625,0.000402,0.998972
118,0,0.000615,0.000422,0.998963
119,1,0.561022,0.349766,0.089212
120,1,0.996770,0.001780,0.001451
121,0,0.001066,0.000302,0.998631
122,0,0.005242,0.000269,0.994489
123,1,0.005276,0.000367,0.994357
124,1,0.365151,0.078908,0.555940
125,0,0.016077,0.595637,0.388286
126,0,0.001296,0.000292,0.998411
127,1,0.550802,0.020670,0.428528
128,1,0.177614,0.000561,0.821825
129,1,0.989920,0.006994,0.003085
130,1,0.030961,0.000396,0.968644
131,1,0.000874,0.000332,0.998793
132,0,0.002416,0.000297,0.997287
133,0,0.006480,0.000304,0.993216
134,0,0.002836,0.000380,0.996784
135,1,0.509682,0.001179,0.489139
136,1,0.000664,0.000585,0.998751
137,0,0.002400,0.000396,0.997204
138,1,0.076267,0.521589,0.402144
139,0,0.006368,0.000288,0.993344
140,0,0.003989,0.000368,0.995643
141,0,0.491366,0.000736,0.507898
142,1,0.000890,0.000503,0.998607
143,0,0.003317,0.000270,0.996413
144,1,0.466522,0.000759,0.532719
145,0,0.000482,0.000885,0.998633
146,1,0.923376,0.000688,0.075936
147,0,0.003569,0.000261,0.996170
148,0,0.002635,0.000263,0.997102
149,0,0.020905,0.000636,0.978459
150,1,0.460124,0.000736,0.539140
151,0,0.013305,0.000450,0.986245
152,0,0.009111,0.000393,0.990497
153,0,0.149012,0.000531,0.850457
154,0,0.000707,0.000586,0.998708
155,1,0.006781,0.000302,0.992918
156,1,0.251934,0.001155,0.746911
157,1,0.001988,0.000406,0.997606
158,1,0.004148,0.000280,0.995571
159,0,0.014238,0.000326,0.985436
160,1,0.544828,0.000715,0.454457
161,0,0.001237,0.000479,0.998284
162,1,0.117197,0.000522,0.882281
163,1,0.000689,0.000386,0.998924
164,1,0.001945,0.000291,0.997764
165,0,0.449461,0.001000,0.549539
166,0,0.150088,0.000771,0.849141
167,0,0.000942,0.000390,0.998668
168,0,0.003738,0.000623,0.995639
169,1,0.823538,0.000830,0.175631
170,0,0.126075,0.000664,0.873261
171,0,0.002980,0.036625,0.960395
172,0,0.001487,0.016718,0.981796
173,0,0.305093,0.000775,0.694133
174,1,0.191428,0.000652,0.807920
175,0,0.001188,0.000339,0.998473
176,0,0.002465,0.000312,0.997222
177,0,0.860289,0.007497,0.132214
178,1,0.001894,0.000312,0.997795
179,0,0.006662,0.000272,0.993066
180,0,0.001449,0.000850,0.997700
181,1,0.770031,0.179923,0.050045
182,0,0.003434,0.000720,0.995846
183,0,0.001721,0.000260,0.998019
184,0,0.015742,0.088149,0.896109
185,0,0.022702,0.000602,0.976696
186,0,0.001816,0.013222,0.984962
187,1,0.003407,0.000339,0.996253
188,0,0.020477,0.005116,0.974407
189,0,0.032859,0.000427,0.966714
190,0,0.036981,0.595049,0.367970
191,0,0.000561,0.000624,0.998815
192,0,0.000854,0.000326,0.998820
193,0,0.000915,0.000597,0.998488
194,0,0.008420,0.102074,0.889505
195,0,0.093973,0.000831,0.905196
196,0,0.111810,0.000469,0.887720
197,1,0.014011,0.000302,0.985687
198,0,0.654348,0.001013,0.344639
199,0,0.016692,0.000434,0.982874
200,0,0.002049,0.000270,0.997681
201,0,0.002913,0.000319,0.996768
202,0,0.001859,0.000294,0.997848
203,0,0.001900,0.000336,0.997764
204,0,0.000981,0.000347,0.998672
205,0,0.002167,0.000355,0.997478
206,1,0.007117,0.000314,0.992570
207,1,0.789353,0.001582,0.209065
208,1,0.027536,0.128536,0.843928
209,1,0.000760,0.000683,0.998557
210,0,0.940360,0.000609,0.059030
211,1,0.130996,0.694332,0.174672
212,1,0.086630,0.176424,0.736946
213,1,0.022105,0.000398,0.977497
214,1,0.943385,0.005298,0.051317
215,1,0.431085,0.557343,0.011572
216,1,0.536304,0.000962,0.462734
217,1,0.002372,0.000326,0.997302
218,1,0.293570,0.000865,0.705565
219,1,0.000760,0.000683,0.998557
220,1,0.217868,0.000672,0.781460
221,1,0.026450,0.096308,0.877242
222,1,0.000760,0.000683,0.998557
223,1,0.015827,0.171269,0.812905
224,1,0.210205,0.000556,0.789239
225,1,0.001926,0.010061,0.988013
226,1,0.938434,0.000574,0.060991
227,1,0.041335,0.162464,0.796201
228,1,0.028013,0.291568,0.680420
229,1,0.017558,0.000376,0.982066
230,1,0.005482,0.000266,0.994252
231,1,0.006202,0.000358,0.993440
232,1,0.000760,0.000683,0.998557
233,1,0.000642,0.000803,0.998555
234,1,0.032475,0.017255,0.950271
235,1,0.000512,0.000571,0.998917
236,1,0.033401,0.095313,0.871286
237,1,0.891589,0.000667,0.107744
238,1,0.000760,0.000683,0.998557
239,1,0.808058,0.186601,0.005341
240,1,0.028799,0.584830,0.386370
241,1,0.011697,0.000422,0.987881
242,1,0.975834,0.001175,0.022991
243,1,0.630027,0.001570,0.368403
244,1,0.085549,0.714163,0.200288
245,1,0.276863,0.000600,0.722537
246,1,0.845472,0.006077,0.148451
247,1,0.501823,0.476702,0.021474
248,1,0.993371,0.005408,0.001220
249,1,0.000591,0.000450,0.998959
250,1,0.002342,0.000431,0.997227
251,1,0.001267,0.000335,0.998398
252,1,0.004950,0.000569,0.994481
253,1,0.297941,0.140564,0.561494
254,0,0.001655,0.000308,0.998037
255,1,0.442399,0.008159,0.549442
256,1,0.000530,0.000478,0.998992
257,1,0.015953,0.000413,0.983634
258,0,0.001136,0.000327,0.998537
259,1,0.002153,0.000367,0.997479
260,1,0.987249,0.007105,0.005646
261,0,0.002812,0.000313,0.996875
262,0,0.000404,0.001350,0.998245
263,1,0.190158,0.000551,0.809291
264,1,0.005453,0.000484,0.994063
265,1,0.169856,0.005625,0.824520
266,0,0.932366,0.000648,0.066986
267,1,0.131694,0.000804,0.867501
268,1,0.174082,0.046255,0.779663
269,1,0.002961,0.059700,0.937339
270,0,0.842928,0.001244,0.155828
271,1,0.100279,0.000566,0.899155
272,0,0.366356,0.000890,0.632753
273,0,0.140763,0.000566,0.858671
274,0,0.000774,0.000646,0.998580
275,0,0.001924,0.000268,0.997807
276,1,0.190625,0.011807,0.797568
277,0,0.034283,0.000928,0.964789
278,1,0.000556,0.000497,0.998947
279,1,0.994108,0.003158,0.002734
280,1,0.117599,0.000504,0.881896
281,0,0.000446,0.003339,0.996216
282,0,0.003317,0.000801,0.995882
283,1,0.000922,0.000359,0.998719
284,0,0.015293,0.000492,0.984215
285,1,0.002988,0.000355,0.996656
286,1,0.028914,0.000419,0.970667
287,0,0.043729,0.556088,0.400182
288,0,0.007269,0.000291,0.992439
289,1,0.588539,0.325163,0.086298
290,0,0.755957,0.000796,0.243248
291,0,0.096159,0.000585,0.903256
292,0,0.000677,0.000378,0.998945
293,0,0.008057,0.422545,0.569397
294,1,0.002285,0.002625,0.995089
295,0,0.000426,0.001823,0.997751
296,0,0.005875,0.000290,0.993835
297,0,0.027281,0.000475,0.972244
298,1,0.000654,0.000411,0.998935
299,0,0.004603,0.000289,0.995108
300,1,0.968228,0.000876,0.030895
301,1,0.064200,0.661233,0.274567
302,0,0.000911,0.000342,0.998747
303,1,0.876688,0.101827,0.021485
304,1,0.319871,0.000983,0.679147
305,1,0.060458,0.806839,0.132702
306,0,0.665182,0.000723,0.334096
307,0,0.111460,0.000510,0.888030
308,1,0.996688,0.001569,0.001743
309,0,0.010022,0.000335,0.989642
310,1,0.954252,0.042499,0.003250
311,0,0.996197,0.001349,0.002453
312,1,0.034948,0.704283,0.260769
313,1,0.636066,0.000819,0.363115
314,1,0.146854,0.000840,0.852306
315,0,0.000684,0.000441,0.998875
316,0,0.004846,0.000604,0.994550
317,0,0.003689,0.000293,0.996018
318,1,0.001302,0.014830,0.983868
319,0,0.000820,0.000339,0.998842
320,1,0.990939,0.003385,0.005676
321,0,0.000745,0.000362,0.998893
322,0,0.048498,0.000421,0.951081
323,1,0.946664,0.000801,0.052535
324,0,0.371063,0.001007,0.627930
325,0,0.023817,0.000759,0.975424
326,1,0.078108,0.801596,0.120296
327,1,0.502381,0.003069,0.494551
328,0,0.048036,0.006174,0.945790
329,1,0.995868,0.002437,0.001695
330,1,0.088755,0.525408,0.385836
331,1,0.994820,0.004285,0.000895
332,1,0.004700,0.000329,0.994970
333,0,0.001105,0.000409,0.998486
334,1,0.001581,0.000464,0.997956
335,0,0.030059,0.000422,0.969519
336,0,0.000865,0.000337,0.998797
337,1,0.734889,0.000988,0.264123
338,0,0.290319,0.000883,0.708798
339,0,0.028673,0.361267,0.610060
340,0,0.000632,0.000433,0.998934
341,1,0.994842,0.001007,0.004151
342,1,0.402957,0.001156,0.595887
343,0,0.000781,0.000363,0.998855
344,0,0.004610,0.000279,0.995110
345,0,0.387967,0.000942,0.611091
346,0,0.005319,0.000963,0.993718
347,1,0.004377,0.000280,0.995342
348,0,0.047987,0.371574,0.580439
349,0,0.963044,0.000714,0.036243
350,1,0.993222,0.000814,0.005964
351,0,0.001192,0.000386,0.998422
352,1,0.000555,0.000445,0.999000
353,0,0.000597,0.000535,0.998868
354,0,0.013899,0.558489,0.427612
355,1,0.005745,0.000624,0.993631
356,0,0.065197,0.000881,0.933922
357,0,0.002872,0.000314,0.996814
358,0,0.000877,0.000338,0.998785
359,0,0.001183,0.000348,0.998469
360,0,0.018818,0.000363,0.980819
361,0,0.001392,0.002562,0.996046
362,1,0.088531,0.402023,0.509446
363,0,0.245982,0.000676,0.753342
364,1,0.106554,0.000505,0.892941
365,1,0.001485,0.004676,0.993839
366,0,0.069451,0.000856,0.929693
367,1,0.003699,0.000294,0.996007
368,1,0.866827,0.130078,0.003095
369,1,0.011092,0.045467,0.943440
370,1,0.871758,0.125163,0.003079
371,1,0.993411,0.001975,0.004613
372,0,0.000508,0.002261,0.997231
373,1,0.916141,0.000710,0.083149
374,0,0.986572,0.000866,0.012562
375,1,0.001859,0.000327,0.997815
376,1,0.180724,0.160457,0.658819
377,0,0.003886,0.000405,0.995709
378,0,0.002205,0.000298,0.997497
379,0,0.000503,0.001179,0.998318
380,1,0.913566,0.053705,0.032729
381,0,0.001026,0.001905,0.997069
382,0,0.015383,0.139769,0.844847
383,1,0.962451,0.024168,0.013381
384,0,0.014746,0.000295,0.984959
385,0,0.124969,0.000576,0.874455
386,0,0.006108,0.000502,0.993390
387,0,0.001279,0.000375,0.998346
388,0,0.006369,0.000300,0.993330
389,0,0.005572,0.000311,0.994117
390,0,0.018857,0.060777,0.920366
391,0,0.002875,0.000262,0.996864
392,1,0.955469,0.042508,0.002022
393,1,0.719608,0.000778,0.279615
394,1,0.000850,0.000340,0.998811
395,1,0.980863,0.000723,0.018414
396,1,0.909275,0.001315,0.089410
397,1,0.992271,0.000777,0.006952
398,1,0.992789,0.002172,0.005039
399,1,0.284114,0.685513,0.030374
400,1,0.061853,0.686543,0.251604
401,1,0.017547,0.000298,0.982155
402,1,0.001035,0.000391,0.998575
403,0,0.067500,0.000757,0.931743
404,1,0.062183,0.412946,0.524871
405,1,0.006131,0.000656,0.993213
406,1,0.992849,0.000890,0.006260
407,1,0.992913,0.001010,0.006077
408,1,0.104889,0.001614,0.893497
409,1,0.003917,0.000263,0.995820
410,0,0.003957,0.000304,0.995739
411,1,0.003466,0.041096,0.955438
412,0,0.045012,0.000427,0.954561
413,0,0.000598,0.000424,0.998978
414,1,0.010849,0.000351,0.988800
415,0,0.000992,0.000326,0.998681
416,0,0.000779,0.000735,0.998486
417,1,0.984807,0.000821,0.014371
418,1,0.302632,0.652981,0.044387
419,0,0.000743,0.000405,0.998852
420,1,0.040242,0.686608,0.273151
421,0,0.993870,0.003089,0.003041
422,1,0.016159,0.000372,0.983469
423,1,0.266207,0.719812,0.013981
424,1,0.005778,0.008165,0.986057
425,1,0.995541,0.001161,0.003298
426,1,0.000711,0.000417,0.998872
427,0,0.000550,0.000804,0.998646
428,1,0.950377,0.000813,0.048810
429,1,0.935276,0.000696,0.064028
430,0,0.000903,0.000322,0.998775
431,0,0.001133,0.000355,0.998512
432,0,0.092102,0.000433,0.907465
433,0,0.001293,0.001153,0.997554
434,0,0.863398,0.000833,0.135769
435,0,0.740027,0.000722,0.259251
436,0,0.886276,0.004195,0.109529
437,0,0.001107,0.000333,0.998560
438,0,0.001596,0.000594,0.997810
439,1,0.698598,0.000780,0.300622
440,0,0.003262,0.000336,0.996402
441,0,0.002342,0.005295,0.992363
442,1,0.457079,0.000723,0.542197
443,0,0.042257,0.650502,0.307241
444,0,0.825352,0.000767,0.173881
445,0,0.970813,0.000699,0.028489
446,0,0.000798,0.000501,0.998701
447,1,0.948586,0.050023,0.001391
448,0,0.004307,0.000283,0.995410
449,1,0.065072,0.892779,0.042149
450,0,0.727787,0.003132,0.269082
451,0,0.001715,0.000418,0.997867
452,1,0.874478,0.122294,0.003229
453,0,0.006786,0.000269,0.992945
454,1,0.012636,0.103871,0.883493
455,0,0.002250,0.000365,0.997385
456,1,0.002092,0.000337,0.997570
457,0,0.000452,0.000602,0.998946
458,1,0.781473,0.001107,0.217420
459,0,0.003197,0.002052,0.994751
460,0,0.006827,0.000305,0.992867
461,0,0.001348,0.000286,0.998367
462,0,0.000648,0.000428,0.998924
463,1,0.940927,0.053227,0.005845
464,1,0.718415,0.221853,0.059732
465,1,0.130022,0.000567,0.869411
466,1,0.012475,0.001029,0.986496
467,0,0.001898,0.000280,0.997821
468,0,0.000664,0.000487,0.998848
469,1,0.948526,0.000721,0.050753
470,1,0.991758,0.002933,0.005309
471,1,0.376390,0.000750,0.622860
472,1,0.583479,0.000963,0.415557
473,0,0.197433,0.000662,0.801905
474,1,0.000810,0.000347,0.998843
475,0,0.001218,0.000310,0.998473
476,1,0.140944,0.796204,0.062852
477,0,0.025681,0.670064,0.304255
478,0,0.001270,0.000287,0.998443
479,1,0.815795,0.080954,0.103251
480,1,0.978050,0.020801,0.001149
481,0,0.000642,0.000803,0.998555
482,0,0.003353,0.001058,0.995588
483,0,0.001163,0.000418,0.998419
484,1,0.988795,0.004851,0.006353
485,0,0.856905,0.000640,0.142455
486,1,0.983431,0.011343,0.005226
487,1,0.000798,0.000348,0.998854
488,1,0.001795,0.000311,0.997894
489,0,0.000817,0.002748,0.996436
490,0,0.157462,0.000556,0.841982
491,0,0.001882,0.000300,0.997818
492,1,0.974403,0.002134,0.023463
493,0,0.829327,0.168083,0.002590
494,0,0.072309,0.000490,0.927202
495,0,0.000804,0.000351,0.998845
496,1,0.043476,0.000541,0.955983
497,0,0.000625,0.000508,0.998867
498,0,0.000628,0.000409,0.998963
499,0,0.002329,0.000304,0.997366
500,0,0.000693,0.000537,0.998770
501,0,0.000827,0.000995,0.998178
502,0,0.001195,0.000430,0.998375
503,0,0.001230,0.000521,0.998249
504,1,0.915297,0.000783,0.083920
505,0,0.027869,0.000361,0.971771
506,1,0.001359,0.000319,0.998322
507,1,0.000899,0.001667,0.997434
508,1,0.001022,0.000454,0.998524
509,1,0.574595,0.407924,0.017482
510,1,0.118647,0.000552,0.880801
511,0,0.020736,0.000355,0.978909
512,0,0.001185,0.000312,0.998504
513,0,0.994914,0.000905,0.004181
514,1,0.004046,0.000410,0.995545
515,1,0.995591,0.003558,0.000852
516,1,0.013858,0.001146,0.984996
517,0,0.006335,0.000363,0.993302
518,1,0.489109,0.500395,0.010496
519,1,0.941129,0.000929,0.057942
520,1,0.000641,0.000899,0.998461
521,1,0.990677,0.008357,0.000965
522,1,0.002302,0.000370,0.997328
523,0,0.827470,0.001538,0.170992
524,1,0.967503,0.002482,0.030015
525,0,0.010059,0.000312,0.989628
526,1,0.002140,0.000267,0.997592
527,1,0.969841,0.028040,0.002119
528,1,0.469503,0.296234,0.234263
529,1,0.375644,0.038389,0.585967
530,0,0.993321,0.000917,0.005762
531,0,0.000430,0.000605,0.998965
532,1,0.160182,0.037137,0.802681
533,1,0.009507,0.000515,0.989979
534,0,0.001797,0.001113,0.997089
535,1,0.008685,0.013540,0.977775
536,1,0.989490,0.000712,0.009798
537,0,0.001972,0.015350,0.982678
538,0,0.001399,0.000465,0.998136
539,0,0.127834,0.000595,0.871571
540,1,0.996015,0.001086,0.002898
541,1,0.002788,0.106680,0.890532
542,1,0.955270,0.000859,0.043871
543,1,0.041899,0.702409,0.255692
544,1,0.711137,0.001573,0.287289
545,0,0.000448,0.000620,0.998931
546,1,0.001139,0.000568,0.998293
547,0,0.001600,0.000389,0.998010
548,0,0.001105,0.000323,0.998571
549,0,0.054500,0.000424,0.945076
550,0,0.002033,0.000426,0.997542
551,0,0.132253,0.000681,0.867066
552,1,0.049680,0.000517,0.949803
553,1,0.995913,0.001132,0.002955
554,1,0.001298,0.000289,0.998413
555,0,0.003416,0.000271,0.996313
556,0,0.002352,0.000310,0.997337
557,0,0.014102,0.002023,0.983875
558,1,0.014445,0.181836,0.803720
559,0,0.000697,0.000598,0.998705
560,0,0.041118,0.001086,0.957796
561,0,0.101226,0.000484,0.898290
562,0,0.965171,0.001000,0.033829
563,1,0.813508,0.130115,0.056377
564,1,0.001019,0.002807,0.996174
565,1,0.968225,0.029589,0.002185
566,1,0.001102,0.000364,0.998533
567,1,0.001662,0.000265,0.998073
568,0,0.022590,0.035637,0.941773
569,1,0.996161,0.000957,0.002882
570,0,0.001598,0.000290,0.998111
571,1,0.412391,0.001138,0.586471
572,0,0.000729,0.000387,0.998884
573,1,0.831205,0.163361,0.005435
574,0,0.364015,0.001120,0.634865
575,1,0.946194,0.000779,0.053027
576,0,0.000960,0.000316,0.998724
577,0,0.580737,0.017422,0.401841
578,1,0.522899,0.000701,0.476399
579,0,0.004894,0.000338,0.994768
580,0,0.601453,0.001412,0.397135
581,1,0.041472,0.000447,0.958081
582,1,0.426537,0.483151,0.090313
583,1,0.453084,0.000925,0.545991
584,1,0.108055,0.715460,0.176485
585,1,0.082292,0.000459,0.917250
586,0,0.004086,0.033502,0.962412
587,1,0.018545,0.000379,0.981077
588,0,0.002052,0.000315,0.997633
589,0,0.000499,0.000714,0.998787
590,1,0.950405,0.010735,0.038861
591,1,0.012589,0.098532,0.888879
592,1,0.239842,0.003809,0.756349
593,0,0.982609,0.000941,0.016450
594,1,0.089320,0.819898,0.090782
595,1,0.375849,0.606366,0.017785
596,1,0.153963,0.486107,0.359930
597,0,0.052644,0.000464,0.946892
598,0,0.000691,0.000405,0.998904
599,0,0.000772,0.002076,0.997152
600,0,0.042211,0.000461,0.957328
601,0,0.274970,0.000641,0.724389
602,1,0.483738,0.000976,0.515285
603,0,0.507665,0.001278,0.491056
604,0,0.000986,0.004862,0.994152
605,1,0.683897,0.000717,0.315386
606,0,0.004579,0.000293,0.995127
607,1,0.287958,0.000712,0.711330
608,1,0.047626,0.001995,0.950380
609,0,0.987252,0.000812,0.011936
610,0,0.002764,0.000433,0.996803
611,1,0.001404,0.001718,0.996878
612,0,0.001255,0.000347,0.998398
613,1,0.000777,0.000435,0.998788
614,0,0.151212,0.387622,0.461166
615,0,0.002429,0.000326,0.997246
616,1,0.385224,0.000886,0.613890
617,0,0.001003,0.000452,0.998545
618,0,0.000604,0.000445,0.998951
619,0,0.001668,0.000312,0.998021
620,1,0.944467,0.000895,0.054638
621,1,0.000746,0.000406,0.998848
622,1,0.000996,0.000363,0.998641
623,1,0.565333,0.426183,0.008483
624,0,0.991093,0.000709,0.008198
625,1,0.033677,0.000534,0.965789
626,1,0.001382,0.001624,0.996994
627,0,0.008086,0.000367,0.991547
628,1,0.793320,0.000876,0.205805
629,1,0.946654,0.000892,0.052453
630,0,0.000634,0.000467,0.998899
631,0,0.003108,0.000296,0.996595
632,1,0.028669,0.000403,0.970928
633,1,0.001684,0.000539,0.997777
634,0,0.002993,0.004996,0.992011
635,0,0.009405,0.000325,0.990269
636,0,0.001386,0.003308,0.995305
637,0,0.018738,0.000341,0.980921
638,0,0.015324,0.000320,0.984357
639,1,0.984042,0.000760,0.015197
640,0,0.000688,0.000469,0.998843
641,1,0.454518,0.507070,0.038412
642,1,0.070688,0.836850,0.092462
643,1,0.908060,0.000600,0.091340
644,1,0.515940,0.002434,0.481626
645,1,0.001128,0.000714,0.998158
646,1,0.935338,0.011463,0.053200
647,1,0.996362,0.001118,0.002521
648,0,0.013668,0.000342,0.985991
649,0,0.741835,0.000925,0.257240
650,0,0.000465,0.000770,0.998765
651,0,0.934721,0.000821,0.064458
652,1,0.006420,0.000319,0.993261
653,1,0.929029,0.065558,0.005413
654,0,0.001704,0.000327,0.997969
655,0,0.005851,0.000348,0.993801
656,0,0.200119,0.115579,0.684301
657,1,0.000708,0.000383,0.998909
658,1,0.012601,0.011982,0.975416
659,1,0.005643,0.000284,0.994072
660,0,0.001260,0.000336,0.998404
661,0,0.000629,0.000405,0.998966
662,1,0.001331,0.000285,0.998384
663,1,0.002145,0.000642,0.997213
664,0,0.023416,0.000720,0.975864
665,1,0.989210,0.001270,0.009520
666,1,0.015039,0.443138,0.541823
667,0,0.001322,0.000279,0.998399
668,0,0.005808,0.000450,0.993741
669,0,0.458895,0.000772,0.540333
670,0,0.001296,0.000309,0.998395
671,1,0.603130,0.000917,0.395953
672,1,0.075818,0.000415,0.923767
673,0,0.006891,0.000269,0.992840
674,0,0.087209,0.000522,0.912269
675,0,0.974048,0.000705,0.025247
676,0,0.001892,0.000311,0.997797
677,1,0.377263,0.592994,0.029743
678,0,0.044098,0.000391,0.955511
679,0,0.413893,0.000799,0.585308
680,1,0.982023,0.016611,0.001366
681,1,0.381115,0.506506,0.112379
682,0,0.006242,0.000291,0.993467
683,0,0.177509,0.000709,0.821782
684,0,0.926186,0.000687,0.073127
685,1,0.000493,0.004433,0.995075
686,1,0.013438,0.000292,0.986270
687,0,0.002222,0.000274,0.997504
688,0,0.000526,0.000526,0.998947
689,0,0.015087,0.000397,0.984516
690,0,0.140903,0.000594,0.858503
691,0,0.371602,0.000880,0.627518
692,0,0.050348,0.000415,0.949238
693,1,0.001565,0.000322,0.998114
694,1,0.001198,0.000308,0.998494
695,0,0.140813,0.000664,0.858523
696,0,0.000654,0.000444,0.998903
697,0,0.110552,0.000609,0.888838
698,1,0.070065,0.000526,0.929409
699,1,0.092344,0.000550,0.907106
700,0,0.001031,0.001351,0.997619
701,1,0.002572,0.000361,0.997068
702,0,0.073714,0.000435,0.925851
703,0,0.001528,0.000290,0.998182
704,1,0.972714,0.000756,0.026529
705,0,0.133594,0.000534,0.865872
706,0,0.002789,0.000998,0.996213
707,0,0.281781,0.001019,0.717200
708,1,0.193423,0.000754,0.805822
709,1,0.989257,0.000756,0.009987
710,0,0.013908,0.000378,0.985714
711,0,0.000714,0.000386,0.998900
712,1,0.659544,0.310924,0.029532
713,1,0.023735,0.000389,0.975876
714,1,0.918694,0.027466,0.053840
715,0,0.020036,0.000319,0.979646
716,0,0.000953,0.000334,0.998713
717,0,0.923507,0.001036,0.075457
718,1,0.001019,0.000423,0.998558
719,1,0.764875,0.001028,0.234097
720,1,0.991683,0.001606,0.006711
721,0,0.476664,0.000818,0.522518
722,0,0.000699,0.000394,0.998907
723,1,0.045541,0.000411,0.954048
724,0,0.001156,0.000381,0.998462
725,1,0.996641,0.001940,0.001419
726,1,0.985170,0.000653,0.014177
727,1,0.946517,0.000917,0.052567
728,1,0.139790,0.000538,0.859672
729,1,0.974591,0.000972,0.024437
730,1,0.992008,0.000675,0.007316
731,1,0.942226,0.000776,0.056998
732,1,0.996850,0.001081,0.002069
733,1,0.984810,0.000597,0.014593
734,1,0.976058,0.011612,0.012330
735,1,0.001143,0.000371,0.998487
736,0,0.000788,0.000527,0.998685
737,0,0.695144,0.001502,0.303355
738,0,0.000643,0.000606,0.998751
739,1,0.996212,0.001318,0.002470
740,1,0.996262,0.001241,0.002497
741,1,0.001081,0.000301,0.998618
742,1,0.769727,0.227440,0.002832
743,1,0.973760,0.000971,0.025269
744,1,0.947594,0.000666,0.051740
745,0,0.254150,0.000867,0.744983
746,0,0.000762,0.000356,0.998883
747,1,0.327747,0.000674,0.671579
748,1,0.193553,0.771970,0.034477
749,0,0.208086,0.011501,0.780413
750,0,0.016866,0.000549,0.982585
751,0,0.637405,0.000708,0.361887
752,1,0.971718,0.000583,0.027699
753,0,0.003561,0.000287,0.996151
754,0,0.619060,0.001202,0.379738
755,0,0.001202,0.000330,0.998467
756,0,0.003375,0.000335,0.996290
757,0,0.000695,0.000408,0.998897
758,0,0.349024,0.560261,0.090716
759,0,0.001175,0.000442,0.998384
760,1,0.991093,0.000792,0.008115
761,1,0.000666,0.000529,0.998805
762,0,0.000491,0.000555,0.998954
763,0,0.816376,0.001238,0.182386
764,0,0.001065,0.000521,0.998415
765,0,0.001415,0.000381,0.998204
766,0,0.976768,0.000692,0.022540
767,1,0.995156,0.001024,0.003820
768,1,0.618395,0.000792,0.380813
769,0,0.002264,0.000651,0.997085
770,0,0.001758,0.000354,0.997888
771,1,0.000614,0.000437,0.998949
772,1,0.000519,0.001121,0.998360
773,0,0.000928,0.000370,0.998702
774,0,0.000774,0.000454,0.998771
775,0,0.021733,0.638810,0.339457
776,0,0.000806,0.000355,0.998839
777,0,0.000655,0.001016,0.998329
778,1,0.985754,0.000655,0.013590
779,0,0.000589,0.000613,0.998798
780,1,0.516842,0.002060,0.481099
781,0,0.000569,0.000609,0.998822
782,0,0.002407,0.000506,0.997088
783,0,0.050102,0.003250,0.946648
784,0,0.004055,0.000264,0.995681
785,0,0.660461,0.001087,0.338452
786,1,0.000676,0.000677,0.998647
787,0,0.990533,0.000636,0.008831
788,1,0.782334,0.001607,0.216059
789,1,0.046159,0.012810,0.941031
790,1,0.688046,0.280134,0.031820
791,1,0.541869,0.182179,0.275952
792,0,0.928924,0.000692,0.070383
793,1,0.966823,0.000596,0.032581
794,0,0.963401,0.034726,0.001874
795,1,0.970365,0.000632,0.029003
796,1,0.927964,0.000637,0.071399
797,0,0.002095,0.000278,0.997627
798,0,0.001210,0.000298,0.998491
799,1,0.020271,0.072735,0.906995
800,0,0.001836,0.005136,0.993028
801,1,0.333083,0.095057,0.571860
802,1,0.848802,0.001099,0.150099
803,1,0.992776,0.000697,0.006527
804,1,0.097895,0.304821,0.597284
805,1,0.021864,0.000347,0.977790
806,1,0.060343,0.000469,0.939188
807,1,0.716970,0.001017,0.282013
808,1,0.990820,0.000653,0.008527
809,1,0.994797,0.003054,0.002149
810,1,0.985887,0.000677,0.013435
811,1,0.005297,0.000261,0.994441
812,1,0.978514,0.000607,0.020878
813,1,0.008909,0.000326,0.990766
814,1,0.856596,0.000722,0.142682
815,1,0.657880,0.000790,0.341330
816,0,0.763063,0.001241,0.235696
817,0,0.655077,0.000643,0.344280
818,1,0.001206,0.000344,0.998450
819,1,0.566967,0.000865,0.432168
820,0,0.074396,0.000473,0.925132
821,1,0.723280,0.001039,0.275681
822,1,0.001304,0.000349,0.998348
823,1,0.003709,0.000278,0.996014
824,1,0.007371,0.000475,0.992155
825,1,0.004391,0.732791,0.262817
826,1,0.072415,0.002330,0.925256
827,0,0.001156,0.058391,0.940454
828,1,0.947759,0.000736,0.051505
829,0,0.001470,0.000375,0.998155
830,1,0.991013,0.001024,0.007962
831,0,0.000597,0.000437,0.998966
832,1,0.013549,0.000481,0.985970
833,1,0.457450,0.000902,0.541648
834,0,0.000878,0.000380,0.998742
835,1,0.995499,0.000920,0.003582
836,1,0.036695,0.000393,0.962912
837,1,0.760459,0.009644,0.229898
838,1,0.992974,0.000897,0.006128
839,1,0.017255,0.000371,0.982374
840,1,0.381403,0.000944,0.617653
841,1,0.918319,0.000698,0.080982
842,1,0.986636,0.000669,0.012694
843,0,0.891718,0.002362,0.105920
844,1,0.523688,0.000698,0.475614
845,1,0.498074,0.000913,0.501014
846,0,0.002141,0.000330,0.997530
847,0,0.887643,0.001159,0.111199
848,0,0.996539,0.001754,0.001707
849,0,0.172789,0.000572,0.826639
850,0,0.208947,0.000645,0.790408
851,1,0.013006,0.000276,0.986718
852,0,0.009695,0.002345,0.987961
853,0,0.000770,0.013246,0.985984
854,0,0.315338,0.003960,0.680702
855,0,0.001120,0.000476,0.998404
856,0,0.007065,0.000290,0.992645
857,0,0.046016,0.000426,0.953557
858,0,0.685754,0.000927,0.313318
859,1,0.958370,0.040322,0.001309
860,0,0.001841,0.000468,0.997691
861,1,0.000599,0.000434,0.998967
862,1,0.009751,0.000311,0.989938
863,0,0.015900,0.008078,0.976022
864,0,0.000498,0.000854,0.998648
865,1,0.447913,0.349654,0.202433
866,1,0.000464,0.000610,0.998926
867,0,0.010837,0.000298,0.988865
868,0,0.000514,0.000491,0.998996
869,0,0.001455,0.000289,0.998255
870,1,0.628379,0.000741,0.370880
871,1,0.000881,0.000337,0.998782
872,1,0.985072,0.011636,0.003292
873,1,0.001004,0.002969,0.996028
874,1,0.000846,0.000347,0.998807
875,0,0.017238,0.000291,0.982471
876,1,0.070970,0.000523,0.928507
877,1,0.992953,0.003431,0.003616
878,1,0.000690,0.001157,0.998152
879,0,0.001594,0.000309,0.998098
880,0,0.001372,0.000305,0.998322
881,0,0.000796,0.000517,0.998687
882,1,0.010177,0.000305,0.989518
883,0,0.007363,0.000408,0.992228
884,1,0.995928,0.002149,0.001923
885,0,0.000706,0.000379,0.998916
886,1,0.845236,0.000778,0.153986
887,0,0.005418,0.074664,0.919918
888,0,0.000688,0.000486,0.998826
889,0,0.995463,0.000817,0.003720
890,0,0.001600,0.000389,0.998010
891,0,0.000888,0.000327,0.998785
892,0,0.001242,0.000320,0.998439
893,1,0.958376,0.000740,0.040884
894,0,0.004366,0.000341,0.995293
895,0,0.005579,0.000261,0.994160
896,0,0.078567,0.000497,0.920937
897,0,0.003773,0.000259,0.995968
898,0,0.015386,0.000330,0.984284
899,0,0.007537,0.000279,0.992184
900,1,0.200499,0.000919,0.798582
901,0,0.953276,0.000747,0.045977
902,0,0.522760,0.000941,0.476300
903,0,0.992695,0.000794,0.006511
904,0,0.003168,0.000281,0.996551
905,0,0.002264,0.000269,0.997467
906,0,0.000922,0.000337,0.998741
907,0,0.995316,0.002764,0.001920
908,1,0.548282,0.003028,0.448690
909,0,0.000736,0.000370,0.998894
910,0,0.992915,0.000748,0.006337
911,0,0.169497,0.000595,0.829908
912,1,0.017734,0.000353,0.981912
913,0,0.934528,0.000793,0.064678
914,0,0.000751,0.000390,0.998858
915,1,0.012825,0.000356,0.986819
916,1,0.208828,0.763063,0.028109
917,1,0.953032,0.000982,0.045985
918,0,0.000669,0.000550,0.998781
919,1,0.065459,0.000656,0.933885
920,1,0.237502,0.302145,0.460353
921,0,0.000764,0.000384,0.998852
922,0,0.039818,0.000489,0.959693
923,0,0.019251,0.000301,0.980448
924,0,0.052497,0.000440,0.947064
925,1,0.008966,0.001217,0.989817
926,0,0.000632,0.000899,0.998469
927,1,0.986784,0.012081,0.001134
928,0,0.000937,0.000317,0.998745
929,0,0.000893,0.000321,0.998786
930,0,0.000973,0.000408,0.998618
931,1,0.051250,0.000461,0.948289
932,0,0.013164,0.000369,0.986466
933,0,0.002931,0.000273,0.996796
934,1,0.005531,0.145799,0.848670
935,1,0.012003,0.000436,0.987561
936,0,0.106258,0.000853,0.892889
937,0,0.023655,0.000530,0.975814
938,0,0.001971,0.000398,0.997632
939,0,0.005066,0.000281,0.994653
940,0,0.001203,0.000455,0.998341
941,0,0.205622,0.000587,0.793792
942,0,0.000562,0.000603,0.998835
943,1,0.995611,0.003120,0.001270
944,0,0.001536,0.000306,0.998158
945,1,0.992693,0.000655,0.006651
946,1,0.168447,0.746509,0.085044
947,1,0.002631,0.000260,0.997110
948,0,0.001335,0.003965,0.994700
949,0,0.000973,0.000366,0.998660
950,1,0.000979,0.000321,0.998700
951,1,0.018738,0.000393,0.980869
952,0,0.001437,0.001766,0.996797
953,1,0.007082,0.000273,0.992645
954,1,0.043595,0.694176,0.262229
955,0,0.001883,0.039329,0.958787
956,1,0.029526,0.411634,0.558840
957,0,0.000800,0.003374,0.995826
958,0,0.247047,0.201447,0.551506
959,0,0.002025,0.000403,0.997572
960,0,0.000945,0.000367,0.998688
961,0,0.002693,0.000266,0.997041
962,0,0.992212,0.006573,0.001214
963,0,0.225772,0.000761,0.773467
964,1,0.189732,0.000612,0.809657
965,0,0.093840,0.000537,0.905623
966,0,0.070919,0.000455,0.928626
967,0,0.002364,0.000409,0.997227
968,0,0.003768,0.000285,0.995947
969,0,0.001283,0.000330,0.998388
970,0,0.000671,0.000398,0.998931
971,0,0.000595,0.001582,0.997823
972,0,0.001723,0.000394,0.997883
973,1,0.996401,0.001368,0.002231
974,0,0.994282,0.000672,0.005045
975,0,0.005546,0.000299,0.994155
976,0,0.004232,0.000256,0.995511
977,1,0.653057,0.342585,0.004358
978,1,0.012972,0.000314,0.986714
979,1,0.001412,0.000319,0.998269
980,0,0.063213,0.099744,0.837042
981,1,0.866307,0.000895,0.132798
982,0,0.000727,0.000477,0.998796
983,1,0.937248,0.000868,0.061885
984,0,0.962121,0.000810,0.037069
985,1,0.659013,0.000844,0.340143
986,1,0.117843,0.826023,0.056134
987,1,0.000546,0.000500,0.998954
988,1,0.978224,0.000710,0.021066
989,0,0.000717,0.000433,0.998849
990,0,0.984654,0.000807,0.014539
991,0,0.002081,0.000283,0.997636
992,1,0.983256,0.000808,0.015936
993,1,0.000890,0.000591,0.998520
994,1,0.100874,0.786572,0.112555
995,1,0.964715,0.000881,0.034404
996,0,0.474605,0.000836,0.524559
997,0,0.009354,0.000363,0.990283
998,1,0.713416,0.000849,0.285736
999,1,0.466257,0.459211,0.074531
1000,1,0.020053,0.000506,0.979441
1001,1,0.977358,0.003092,0.019550
1002,1,0.742517,0.007951,0.249532
1003,0,0.365139,0.000676,0.634185
1004,1,0.300391,0.000895,0.698714
1005,0,0.994305,0.000885,0.004810
1006,1,0.001015,0.000419,0.998566
1007,1,0.900955,0.093051,0.005993
1008,0,0.001257,0.000292,0.998452
1009,0,0.115554,0.000473,0.883973
1010,1,0.381428,0.000935,0.617636
1011,0,0.367424,0.000644,0.631932
1012,0,0.612226,0.001131,0.386644
1013,0,0.055414,0.010293,0.934293
1014,1,0.852089,0.000742,0.147169
1015,1,0.371111,0.613934,0.014955
1016,1,0.575524,0.001650,0.422826
1017,1,0.766867,0.001821,0.231312
1018,1,0.951599,0.002233,0.046168
1019,0,0.003149,0.000332,0.996519
1020,0,0.996075,0.001417,0.002507
1021,1,0.028095,0.000460,0.971446
1022,0,0.007880,0.003649,0.988471
1023,1,0.700529,0.003278,0.296193
1024,1,0.110839,0.000673,0.888488
1025,1,0.994684,0.003899,0.001417
1026,1,0.990719,0.000972,0.008309
1027,1,0.000648,0.001333,0.998019
1028,1,0.841407,0.000816,0.157778
1029,1,0.996117,0.001746,0.002137
1030,0,0.488282,0.000698,0.511020
1031,1,0.925060,0.007045,0.067895
1032,1,0.003563,0.000275,0.996162
1033,0,0.166361,0.000600,0.833039
1034,1,0.995632,0.002908,0.001460
1035,0,0.001315,0.000319,0.998366
1036,1,0.987538,0.001231,0.011231
1037,0,0.012413,0.000307,0.987280
1038,1,0.856287,0.001154,0.142559
1039,1,0.008732,0.000460,0.990808
1040,1,0.982767,0.016100,0.001134
1041,1,0.023460,0.000440,0.976100
1042,1,0.538372,0.000999,0.460629
1043,0,0.011042,0.000346,0.988612
1044,1,0.450454,0.000732,0.548813
1045,1,0.996668,0.001847,0.001485
1046,1,0.380267,0.606533,0.013200
1047,1,0.009171,0.000274,0.990555
1048,0,0.005132,0.000265,0.994603
1049,0,0.905024,0.000816,0.094160
1050,0,0.001898,0.000282,0.997819
1051,0,0.001979,0.000321,0.997700
1052,0,0.389010,0.000675,0.610316
1053,1,0.000745,0.000455,0.998801
1054,0,0.002710,0.000294,0.996996
1055,0,0.001550,0.000310,0.998141
1056,1,0.996506,0.001616,0.001877
1057,0,0.001706,0.001337,0.996957
1058,0,0.000702,0.000364,0.998935
1059,0,0.001305,0.000301,0.998394
1060,0,0.000784,0.000335,0.998881
1061,0,0.849472,0.001029,0.149499
1062,1,0.397467,0.568732,0.033801
1063,0,0.868918,0.000874,0.130208
1064,0,0.005913,0.000503,0.993583
1065,0,0.001147,0.000369,0.998484
1066,0,0.912663,0.001195,0.086142
1067,0,0.142007,0.000630,0.857363
1068,0,0.002012,0.000281,0.997707
1069,1,0.996774,0.001865,0.001360
1070,1,0.000673,0.000419,0.998908
1071,1,0.185996,0.000781,0.813223
1072,0,0.693200,0.001013,0.305787
1073,0,0.841817,0.001488,0.156695
1074,0,0.001218,0.000324,0.998458
1075,1,0.011618,0.000316,0.988066
1076,1,0.033804,0.773988,0.192209
1077,0,0.451945,0.000984,0.547070
1078,0,0.001068,0.001115,0.997818
1079,0,0.000938,0.000863,0.998199
1080,0,0.007118,0.007896,0.984987
1081,0,0.000750,0.000390,0.998860
1082,0,0.001114,0.000308,0.998578
1083,0,0.607630,0.319521,0.072850
1084,1,0.996207,0.001529,0.002264
1085,0,0.000439,0.000921,0.998640
1086,0,0.001129,0.000298,0.998573
1087,1,0.081498,0.277971,0.640530
1088,1,0.015783,0.592624,0.391593
1089,1,0.565318,0.000767,0.433914
1090,0,0.059124,0.000547,0.940329
1091,0,0.006573,0.000352,0.993075
1092,0,0.001531,0.000304,0.998164
1093,0,0.054692,0.000406,0.944902
1094,0,0.000562,0.000603,0.998835
1095,0,0.087886,0.007457,0.904657
1096,0,0.000914,0.000452,0.998634
1097,1,0.009728,0.000376,0.989896
1098,0,0.006810,0.002256,0.990934
1099,0,0.878925,0.000977,0.120097
1100,1,0.994564,0.004597,0.000839
1101,1,0.000621,0.000428,0.998951
1102,1,0.995696,0.002896,0.001408
1103,1,0.066391,0.358370,0.575239
1104,1,0.989730,0.001022,0.009248
1105,0,0.001428,0.000327,0.998245
1106,1,0.172830,0.000610,0.826559
1107,1,0.099943,0.001387,0.898669
1108,1,0.074917,0.564286,0.360797
1109,1,0.002747,0.000364,0.996889
1110,0,0.000665,0.000370,0.998964
1111,0,0.607205,0.001311,0.391484
1112,1,0.017163,0.000320,0.982517
1113,1,0.111077,0.001524,0.887398
1114,1,0.024046,0.551327,0.424627
1115,0,0.003263,0.027746,0.968992
1116,1,0.000631,0.000470,0.998899
1117,1,0.157579,0.000674,0.841747
1118,0,0.986998,0.000702,0.012300
1119,0,0.015649,0.000357,0.983994
1120,1,0.918085,0.000638,0.081277
1121,0,0.000701,0.001702,0.997597
1122,1,0.994638,0.001156,0.004206
1123,1,0.996622,0.001688,0.001690
1124,1,0.454700,0.510857,0.034443
1125,1,0.091919,0.000958,0.907123
1126,1,0.028267,0.299323,0.672409
1127,1,0.519452,0.000816,0.479732
1128,1,0.744926,0.000966,0.254108
1129,1,0.003987,0.000474,0.995539
1130,1,0.002083,0.000335,0.997581
1131,1,0.419620,0.000807,0.579573
1132,1,0.803448,0.148627,0.047925
1133,0,0.003964,0.000302,0.995734
1134,1,0.276820,0.041875,0.681305
1135,1,0.800286,0.196581,0.003133
1136,1,0.250330,0.001050,0.748619
1137,1,0.924351,0.000672,0.074977
1138,1,0.044368,0.402322,0.553310
1139,1,0.001750,0.000283,0.997967
1140,0,0.000862,0.000334,0.998804
1141,0,0.004364,0.000276,0.995359
1142,0,0.007461,0.000274,0.992265
1143,0,0.067095,0.000538,0.932367
1144,0,0.520585,0.001109,0.478307
1145,0,0.034142,0.000455,0.965403
1146,1,0.147042,0.000569,0.852389
1147,0,0.502156,0.001122,0.496722
1148,0,0.014404,0.794391,0.191205
1149,0,0.687342,0.000694,0.311965
1150,0,0.003181,0.000266,0.996553
1151,0,0.433004,0.001437,0.565559
1152,0,0.000808,0.000397,0.998794
1153,0,0.000727,0.000400,0.998873
1154,0,0.010545,0.023368,0.966087
1155,1,0.239438,0.730839,0.029723
1156,0,0.004751,0.000265,0.994983
1157,0,0.908211,0.000738,0.091051
1158,0,0.000809,0.000344,0.998847
1159,1,0.004179,0.000309,0.995512
1160,1,0.936140,0.000807,0.063053
1161,1,0.750341,0.002129,0.247530
1162,0,0.081388,0.001145,0.917467
1163,1,0.001385,0.000302,0.998313
1164,1,0.010431,0.056857,0.932712
1165,1,0.004546,0.000296,0.995158
1166,1,0.076268,0.492012,0.431720
1167,1,0.682090,0.000969,0.316941
1168,1,0.855271,0.000755,0.143974
1169,1,0.993879,0.000825,0.005296
1170,0,0.014484,0.199862,0.785654
1171,1,0.961725,0.000761,0.037513
1172,1,0.041978,0.000492,0.957530
1173,1,0.898971,0.000971,0.100058
1174,0,0.965636,0.001207,0.033157
1175,0,0.001733,0.000382,0.997885
1176,0,0.005063,0.000404,0.994533
1177,0,0.001505,0.000291,0.998204
1178,0,0.000827,0.000376,0.998797
1179,1,0.947067,0.000886,0.052047
1180,1,0.696952,0.285782,0.017266
1181,1,0.299529,0.000962,0.699509
1182,0,0.000727,0.000369,0.998904
1183,1,0.021054,0.000374,0.978572
1184,1,0.052219,0.000466,0.947315
1185,0,0.016718,0.000414,0.982868
1186,0,0.000849,0.000370,0.998781
1187,0,0.000854,0.000371,0.998775
1188,0,0.005288,0.000326,0.994385
1189,0,0.001477,0.000305,0.998217
1190,1,0.000642,0.000599,0.998759
1191,1,0.985489,0.000703,0.013808
1192,0,0.000908,0.000355,0.998736
1193,0,0.041135,0.728129,0.230737
1194,1,0.913726,0.000893,0.085381
1195,1,0.022735,0.403941,0.573325
1196,1,0.248149,0.000773,0.751078
1197,0,0.000697,0.000388,0.998915
1198,0,0.000848,0.000341,0.998812
1199,1,0.087441,0.001466,0.911093
1200,0,0.007976,0.008424,0.983600
1201,0,0.031913,0.000421,0.967666
1202,1,0.992701,0.000748,0.006552
1203,1,0.000720,0.000372,0.998908
1204,1,0.003507,0.000268,0.996225
1205,0,0.992266,0.002284,0.005449
1206,1,0.001007,0.000353,0.998640
1207,1,0.000814,0.000383,0.998804
1208,1,0.895878,0.008268,0.095854
1209,1,0.061217,0.000770,0.938014
1210,1,0.995088,0.000811,0.004101
1211,1,0.554591,0.001411,0.443998
1212,1,0.000943,0.000377,0.998680
1213,1,0.061384,0.752895,0.185721
1214,1,0.016793,0.000297,0.982910
1215,0,0.890729,0.000683,0.108588
1216,0,0.000766,0.000395,0.998839
1217,1,0.436482,0.000833,0.562685
1218,0,0.000723,0.000679,0.998598
1219,0,0.000640,0.000493,0.998867
1220,0,0.003396,0.000310,0.996293
1221,1,0.480983,0.000980,0.518037
1222,0,0.001273,0.000298,0.998428
1223,0,0.001241,0.000319,0.998440
1224,0,0.103465,0.000685,0.895849
1225,1,0.992060,0.001867,0.006073
1226,0,0.948998,0.000645,0.050357
1227,1,0.062178,0.820737,0.117085
1228,0,0.000869,0.000353,0.998779
1229,1,0.056015,0.000907,0.943079
1230,1,0.524963,0.370303,0.104734
1231,0,0.000940,0.000427,0.998633
1232,0,0.004992,0.000348,0.994660
1233,1,0.996526,0.001129,0.002345
1234,0,0.032863,0.000366,0.966772
1235,0,0.000646,0.000536,0.998819
1236,0,0.000996,0.000445,0.998559
1237,0,0.001327,0.094294,0.904379
1238,0,0.007239,0.000347,0.992414
1239,0,0.000575,0.000933,0.998493
1240,1,0.590832,0.001192,0.407976
1241,0,0.000602,0.000422,0.998976
1242,0,0.008068,0.000301,0.991631
1243,0,0.001052,0.000313,0.998634
1244,0,0.006990,0.000546,0.992464
1245,0,0.690575,0.001348,0.308077
1246,1,0.568939,0.003109,0.427952
1247,0,0.142945,0.000549,0.856505
1248,0,0.002714,0.000266,0.997020
1249,0,0.000842,0.000392,0.998766
1250,0,0.959686,0.016063,0.024252
1251,0,0.000850,0.000364,0.998786
1252,0,0.321646,0.000700,0.677653
1253,0,0.089241,0.569886,0.340873
1254,0,0.001523,0.000345,0.998131
1255,0,0.001205,0.000334,0.998461
1256,0,0.002848,0.000291,0.996862
1257,0,0.011471,0.000303,0.988226
1258,1,0.893943,0.001394,0.104662
1259,0,0.003033,0.001091,0.995876
1260,0,0.003629,0.000297,0.996073
1261,0,0.991767,0.000763,0.007470
1262,0,0.004175,0.022948,0.972877
1263,0,0.000713,0.000482,0.998805
1264,0,0.111307,0.024907,0.863787
1265,0,0.180272,0.000665,0.819064
1266,0,0.991055,0.000656,0.008289
1267,1,0.339765,0.642323,0.017912
1268,0,0.004876,0.000285,0.994839
1269,0,0.005666,0.000314,0.994021
1270,0,0.046503,0.000570,0.952927
1271,1,0.905144,0.001235,0.093621
1272,0,0.000836,0.000338,0.998826
1273,0,0.003319,0.000370,0.996311
1274,0,0.031206,0.000423,0.968371
1275,0,0.000960,0.000361,0.998679
1276,0,0.000427,0.000746,0.998827
1277,0,0.001073,0.000772,0.998155
1278,0,0.004848,0.000317,0.994835
1279,0,0.981818,0.000780,0.017402
1280,0,0.000925,0.000333,0.998742
1281,0,0.001563,0.000412,0.998026
1282,0,0.266176,0.000896,0.732928
1283,0,0.000578,0.000480,0.998942
1284,0,0.001065,0.000315,0.998620
1285,0,0.001366,0.000291,0.998343
1286,0,0.145295,0.110264,0.744441
1287,0,0.000535,0.000488,0.998977
1288,1,0.003692,0.000280,0.996028
1289,1,0.000909,0.000339,0.998753
1290,1,0.287186,0.000737,0.712077
1291,0,0.004579,0.000278,0.995143
1292,0,0.002685,0.000293,0.997022
1293,1,0.001098,0.001844,0.997058
1294,0,0.013732,0.132625,0.853643
1295,0,0.003425,0.000418,0.996156
1296,1,0.988728,0.000645,0.010627
1297,1,0.706678,0.015219,0.278103
1298,1,0.004276,0.000262,0.995462
1299,1,0.000995,0.001069,0.997936
1300,0,0.000707,0.000396,0.998898
1301,0,0.005565,0.000274,0.994160
1302,1,0.009667,0.071300,0.919033
1303,0,0.991983,0.000763,0.007254
1304,0,0.012772,0.221426,0.765802
1305,1,0.785127,0.000736,0.214138
1306,1,0.111660,0.000494,0.887846
1307,1,0.688913,0.000835,0.310253
1308,1,0.084858,0.000513,0.914630
1309,0,0.015190,0.459505,0.525305
1310,1,0.967148,0.000636,0.032216
1311,0,0.000948,0.002266,0.996786
1312,1,0.008776,0.037339,0.953885
1313,1,0.008215,0.000322,0.991463
1314,1,0.097220,0.000447,0.902333
1315,0,0.380269,0.000726,0.619005
1316,1,0.000951,0.000326,0.998723
1317,0,0.000675,0.000438,0.998887
1318,0,0.001568,0.000387,0.998045
1319,1,0.996477,0.001618,0.001905
1320,0,0.000913,0.000538,0.998550
1321,0,0.001422,0.000769,0.997809
1322,1,0.996092,0.002151,0.001757
1323,1,0.956192,0.000743,0.043066
1324,0,0.993493,0.000945,0.005562
1325,0,0.401793,0.000776,0.597431
1326,1,0.118993,0.723074,0.157934
1327,1,0.027490,0.000419,0.972090
1328,1,0.990922,0.007979,0.001100
1329,1,0.036974,0.077179,0.885847
1330,0,0.000595,0.000733,0.998672
1331,0,0.021546,0.000346,0.978108
1332,0,0.000997,0.000406,0.998597
1333,1,0.001261,0.005267,0.993472
1334,1,0.992436,0.000825,0.006739
1335,0,0.000559,0.001457,0.997985
1336,0,0.084261,0.000550,0.915189
1337,1,0.000864,0.000422,0.998713
1338,0,0.000725,0.001540,0.997735
1339,0,0.000841,0.000408,0.998751
1340,0,0.001356,0.000315,0.998329
1341,1,0.041052,0.000373,0.958574
1342,0,0.665808,0.000721,0.333471
1343,1,0.627157,0.000927,0.371916
1344,0,0.001254,0.000322,0.998424
1345,0,0.021568,0.000417,0.978016
1346,0,0.000879,0.000607,0.998513
1347,0,0.001214,0.000342,0.998444
1348,1,0.958817,0.000794,0.040389
1349,0,0.347074,0.000884,0.652042
1350,0,0.000941,0.000407,0.998652
1351,0,0.000749,0.000371,0.998880
1352,1,0.990716,0.001168,0.008116
1353,1,0.013812,0.328861,0.657327
1354,0,0.000931,0.000555,0.998515
1355,1,0.013953,0.000365,0.985682
1356,1,0.239790,0.350572,0.409638
1357,1,0.003346,0.000269,0.996385
1358,0,0.001996,0.000324,0.997680
1359,0,0.000681,0.000691,0.998628
1360,1,0.005946,0.000259,0.993795
1361,1,0.380665,0.001176,0.618159
1362,0,0.001627,0.000317,0.998056
1363,0,0.002427,0.011319,0.986255
1364,0,0.047564,0.110026,0.842410
1365,1,0.353215,0.001586,0.645199
1366,1,0.004277,0.000442,0.995282
1367,0,0.001517,0.000292,0.998191
1368,0,0.003781,0.000328,0.995890
1369,0,0.000588,0.000521,0.998891
1370,0,0.001151,0.000515,0.998334
1371,1,0.001237,0.000300,0.998463
1372,1,0.118920,0.000736,0.880344
1373,1,0.001995,0.000422,0.997583
1374,1,0.605444,0.007529,0.387027
1375,0,0.006279,0.000327,0.993394
1376,0,0.000699,0.000372,0.998929
1377,1,0.048804,0.000452,0.950744
1378,1,0.355846,0.000908,0.643246
1379,1,0.000572,0.000440,0.998988
1380,1,0.000520,0.001330,0.998150
1381,1,0.497640,0.003238,0.499122
1382,1,0.925803,0.000932,0.073265
1383,1,0.000895,0.000328,0.998777
1384,0,0.939112,0.000770,0.060118
1385,0,0.284391,0.000730,0.714879
1386,0,0.000776,0.000406,0.998818
1387,1,0.076849,0.824991,0.098159
1388,0,0.000676,0.000368,0.998955
1389,0,0.543376,0.000949,0.455676
1390,1,0.509070,0.401123,0.089807
1391,1,0.996217,0.001721,0.002063
1392,0,0.965020,0.001929,0.033051
1393,1,0.991597,0.005985,0.002418
1394,1,0.002119,0.000477,0.997404
1395,0,0.005824,0.000329,0.993847
1396,1,0.029379,0.346655,0.623966
1397,0,0.001449,0.000287,0.998264
1398,1,0.084252,0.000635,0.915113
1399,1,0.291611,0.001513,0.706876
1400,1,0.340967,0.000802,0.658230
1401,0,0.040512,0.000481,0.959007
1402,0,0.226183,0.000824,0.772993
1403,0,0.006634,0.000345,0.993021
1404,1,0.095329,0.000510,0.904160
1405,0,0.000452,0.001657,0.997891
1406,1,0.136999,0.000684,0.862317
1407,0,0.000813,0.000570,0.998617
1408,1,0.355576,0.605284,0.039141
1409,1,0.996447,0.001770,0.001783
1410,1,0.996922,0.001383,0.001694
1411,0,0.021803,0.045836,0.932362
1412,0,0.000514,0.000803,0.998683
1413,1,0.003673,0.002203,0.994124
1414,0,0.000666,0.000403,0.998931
1415,1,0.034080,0.098076,0.867844
1416,1,0.904353,0.092575,0.003072
1417,1,0.000797,0.000367,0.998836
1418,1,0.015557,0.000512,0.983931
1419,1,0.000707,0.000795,0.998498
1420,1,0.985514,0.001322,0.013164
1421,1,0.994583,0.000779,0.004638
1422,0,0.582543,0.000797,0.416660
1423,0,0.000731,0.000417,0.998852
1424,1,0.003044,0.000337,0.996619
1425,0,0.161303,0.000701,0.837996
1426,0,0.001744,0.000327,0.997929
1427,1,0.041554,0.000410,0.958036
1428,0,0.002629,0.000275,0.997096
1429,1,0.915751,0.000750,0.083499
1430,1,0.956965,0.001232,0.041803
1431,1,0.780971,0.000803,0.218226
1432,1,0.995638,0.000984,0.003379
1433,0,0.000795,0.000370,0.998836
1434,0,0.034510,0.000505,0.964985
1435,1,0.992918,0.003201,0.003880
1436,1,0.034481,0.000369,0.965151
1437,1,0.996187,0.001993,0.001820
1438,0,0.001549,0.000396,0.998055
1439,0,0.025179,0.000446,0.974374
1440,1,0.336421,0.000621,0.662958
1441,1,0.412596,0.094352,0.493052
1442,0,0.007443,0.000324,0.992233
1443,0,0.001138,0.009657,0.989205
1444,1,0.545952,0.364102,0.089946
1445,1,0.673546,0.000733,0.325721
1446,1,0.096016,0.830312,0.073671
1447,1,0.623448,0.181267,0.195285
1448,1,0.001011,0.000349,0.998640
1449,0,0.001041,0.000356,0.998603
1450,1,0.164397,0.619634,0.215969
1451,0,0.002339,0.000626,0.997035
1452,1,0.980563,0.000611,0.018826
1453,1,0.956459,0.000678,0.042863
1454,1,0.015524,0.001009,0.983467
1455,1,0.073087,0.000455,0.926458
1456,0,0.000515,0.000542,0.998943
1457,0,0.008910,0.000313,0.990777
1458,0,0.028542,0.000365,0.971093
1459,1,0.992988,0.005042,0.001969
1460,1,0.019232,0.000345,0.980423
1461,0,0.011824,0.005554,0.982623
1462,1,0.993733,0.000896,0.005371
1463,0,0.094991,0.000510,0.904499
1464,1,0.955029,0.000639,0.044332
1465,1,0.101633,0.000438,0.897928
1466,1,0.591019,0.000832,0.408149
1467,0,0.004936,0.000304,0.994760
1468,1,0.324497,0.001468,0.674035
1469,1,0.006219,0.000285,0.993497
1470,0,0.043051,0.000390,0.956559
1471,0,0.007444,0.007270,0.985286
1472,1,0.994032,0.001192,0.004775
1473,1,0.581660,0.000697,0.417643
1474,0,0.003260,0.000293,0.996447
1475,0,0.001589,0.001342,0.997069
1476,1,0.109117,0.000492,0.890391
1477,0,0.001276,0.000390,0.998333
1478,0,0.000807,0.000378,0.998814
1479,0,0.002819,0.000274,0.996907
1480,0,0.002354,0.000266,0.997381
1481,0,0.001106,0.000331,0.998563
1482,0,0.000665,0.000397,0.998939
1483,1,0.988783,0.000689,0.010529
1484,0,0.002474,0.000437,0.997088
1485,0,0.005803,0.000331,0.993866
1486,1,0.002053,0.000299,0.997648
1487,0,0.233078,0.003332,0.763590
1488,0,0.793530,0.001319,0.205151
1489,0,0.001351,0.000328,0.998321
1490,1,0.032161,0.501699,0.466139
1491,0,0.134450,0.000650,0.864900
1492,1,0.009681,0.000282,0.990037
1493,0,0.006458,0.000316,0.993226
1494,1,0.700316,0.019155,0.280529
1495,1,0.006188,0.099885,0.893928
1496,0,0.002041,0.000902,0.997057
1497,0,0.276369,0.000629,0.723002
1498,0,0.766043,0.000824,0.233133
1499,1,0.000554,0.002208,0.997237
1500,1,0.269929,0.000719,0.729352
1501,0,0.005949,0.000287,0.993764
1502,0,0.526016,0.001050,0.472934
1503,1,0.067197,0.007441,0.925362
1504,1,0.304447,0.000701,0.694852
1505,0,0.029777,0.000444,0.969779
1506,0,0.978113,0.000680,0.021207
1507,0,0.001303,0.000308,0.998389
1508,0,0.793072,0.003349,0.203579
1509,1,0.289205,0.644716,0.066079
1510,1,0.328672,0.000846,0.670482
1511,0,0.993477,0.000751,0.005771
1512,1,0.207891,0.000666,0.791443
1513,0,0.000581,0.000482,0.998937
1514,0,0.000642,0.000803,0.998555
1515,0,0.001733,0.000944,0.997324
1516,0,0.711624,0.001035,0.287341
1517,0,0.002545,0.000300,0.997155
1518,0,0.017029,0.010284,0.972687
1519,1,0.019789,0.653704,0.326507
1520,1,0.088543,0.608510,0.302947
1521,0,0.938947,0.000998,0.060055
1522,0,0.000588,0.001247,0.998165
1523,0,0.000955,0.000329,0.998716
1524,0,0.002746,0.000296,0.996958
1525,0,0.000941,0.000321,0.998738
1526,0,0.001447,0.000403,0.998150
1527,0,0.001844,0.000305,0.997851
1528,0,0.000698,0.000442,0.998859
1529,0,0.001013,0.000470,0.998517
1530,0,0.001875,0.000288,0.997837
1531,0,0.003462,0.000757,0.995780
1532,0,0.035563,0.000430,0.964006
1533,1,0.030188,0.413600,0.556212
1534,0,0.000588,0.000549,0.998863
1535,1,0.989891,0.000702,0.009407
1536,1,0.829895,0.166573,0.003533
1537,1,0.024678,0.000341,0.974982
1538,1,0.995205,0.001270,0.003525
1539,1,0.693554,0.000792,0.305654
1540,1,0.011100,0.000389,0.988511
1541,0,0.788705,0.000828,0.210468
1542,0,0.000830,0.000344,0.998826
1543,0,0.025064,0.000414,0.974522
1544,0,0.114420,0.174141,0.711439
1545,0,0.033389,0.000791,0.965820
1546,0,0.000903,0.000328,0.998769
1547,0,0.002631,0.000570,0.996798
1548,1,0.128164,0.063419,0.808416
1549,1,0.968136,0.028074,0.003790
1550,0,0.982553,0.000769,0.016678
1551,0,0.000869,0.000363,0.998768
1552,0,0.000923,0.000331,0.998746
1553,1,0.980672,0.001355,0.017972
1554,1,0.015729,0.000320,0.983952
1555,0,0.000626,0.000388,0.998986
1556,0,0.134743,0.000611,0.864646
1557,1,0.033400,0.843317,0.123282
1558,0,0.001099,0.000308,0.998593
1559,0,0.001984,0.000348,0.997668
1560,0,0.825731,0.000823,0.173446
1561,0,0.001489,0.000560,0.997951
1562,0,0.079929,0.000543,0.919528
1563,1,0.983754,0.000942,0.015304
1564,0,0.835849,0.000946,0.163206
1565,0,0.004402,0.000303,0.995295
1566,1,0.938707,0.000698,0.060595
1567,1,0.112278,0.000699,0.887023
1568,0,0.000436,0.001318,0.998246
1569,1,0.693608,0.153035,0.153357
1570,1,0.007799,0.000368,0.991833
1571,1,0.991630,0.000916,0.007454
1572,0,0.002183,0.000423,0.997394
1573,0,0.000529,0.000456,0.999015
1574,1,0.000447,0.000721,0.998832
1575,0,0.000680,0.000459,0.998861
1576,0,0.204143,0.000582,0.795275
1577,1,0.000899,0.000359,0.998743
1578,0,0.001234,0.000541,0.998226
1579,0,0.000762,0.000377,0.998861
1580,0,0.035900,0.000470,0.963630
1581,0,0.022543,0.000377,0.977080
1582,1,0.000803,0.000364,0.998833
1583,1,0.982828,0.010471,0.006702
1584,0,0.000651,0.000418,0.998931
1585,0,0.000512,0.000632,0.998856
1586,0,0.838973,0.000820,0.160207
1587,0,0.969233,0.001094,0.029673
1588,0,0.023033,0.000362,0.976605
1589,1,0.983598,0.007573,0.008829
1590,0,0.002687,0.000260,0.997053
1591,1,0.933543,0.000713,0.065744
1592,0,0.979515,0.013019,0.007466
1593,1,0.029891,0.001453,0.968656
1594,0,0.037304,0.000629,0.962067
1595,1,0.015101,0.525827,0.459071
1596,1,0.470038,0.001427,0.528535
1597,0,0.955404,0.001013,0.043583
1598,0,0.000774,0.000571,0.998656
1599,0,0.018019,0.073104,0.908876
1600,1,0.513128,0.000855,0.486017
1601,0,0.000573,0.000471,0.998956
1602,1,0.341011,0.000590,0.658399
1603,1,0.108176,0.000563,0.891261
1604,1,0.971349,0.000563,0.028088
1605,1,0.001639,0.000381,0.997979
1606,1,0.996053,0.002101,0.001847
1607,1,0.945797,0.000885,0.053318
1608,0,0.167960,0.000533,0.831506
1609,1,0.025885,0.000347,0.973768
1610,0,0.006092,0.000267,0.993641
1611,1,0.805306,0.000932,0.193762
1612,1,0.226135,0.000622,0.773243
1613,1,0.994003,0.004194,0.001803
1614,0,0.991950,0.000765,0.007285
1615,1,0.127476,0.000490,0.872034
1616,0,0.000954,0.000338,0.998708
1617,0,0.061601,0.000661,0.937738
1618,1,0.991874,0.000727,0.007399
1619,1,0.250438,0.000725,0.748837
1620,1,0.994886,0.000859,0.004255
1621,1,0.001866,0.000284,0.997850
1622,1,0.754604,0.000677,0.244719
1623,1,0.001572,0.000328,0.998100
1624,1,0.294600,0.000636,0.704764
1625,0,0.937196,0.000779,0.062024
1626,1,0.334584,0.000750,0.664666
1627,1,0.996552,0.001520,0.001929
1628,1,0.991025,0.000675,0.008300
1629,1,0.034312,0.000322,0.965366
1630,1,0.000858,0.000356,0.998786
1631,1,0.025298,0.000348,0.974354
1632,1,0.005339,0.181294,0.813367
1633,0,0.110800,0.011629,0.877571
1634,0,0.000952,0.000362,0.998686
1635,1,0.209447,0.745767,0.044786
1636,1,0.000694,0.000421,0.998885
1637,0,0.000887,0.000357,0.998756
1638,1,0.034102,0.000373,0.965525
1639,0,0.000489,0.000532,0.998979
1640,0,0.167473,0.000621,0.831906
1641,0,0.001640,0.000352,0.998008
1642,0,0.002850,0.000331,0.996819
1643,0,0.896135,0.000824,0.103041
1644,1,0.002081,0.000519,0.997400
1645,1,0.932496,0.000782,0.066722
1646,1,0.001041,0.000311,0.998648
1647,1,0.069717,0.000483,0.929800
1648,0,0.006096,0.000256,0.993648
1649,1,0.991586,0.000858,0.007555
1650,1,0.896560,0.101890,0.001551
1651,1,0.458320,0.000786,0.540894
1652,1,0.135632,0.000544,0.863824
1653,0,0.254455,0.000808,0.744737
1654,1,0.346431,0.002880,0.650688
1655,1,0.005488,0.000309,0.994204
1656,1,0.015198,0.000648,0.984154
1657,0,0.410671,0.540983,0.048346
1658,1,0.990797,0.000672,0.008531
1659,1,0.395382,0.000837,0.603781
1660,0,0.008950,0.000354,0.990696
1661,0,0.002372,0.000276,0.997352
1662,0,0.030256,0.000429,0.969315
1663,0,0.004025,0.000297,0.995678
1664,0,0.887569,0.000881,0.111550
1665,1,0.100597,0.000565,0.898838
1666,1,0.992186,0.001130,0.006684
1667,1,0.160321,0.559340,0.280340
1668,1,0.954416,0.000641,0.044943
1669,1,0.000879,0.000357,0.998764
1670,0,0.000895,0.000333,0.998772
1671,0,0.000854,0.000403,0.998743
1672,1,0.001098,0.000314,0.998588
1673,0,0.995508,0.001855,0.002637
1674,0,0.000661,0.000464,0.998875
1675,0,0.000765,0.000381,0.998854
1676,0,0.003060,0.000434,0.996506
1677,0,0.003759,0.000252,0.995990
1678,0,0.001390,0.000283,0.998327
1679,1,0.034773,0.000532,0.964696
1680,1,0.989820,0.000692,0.009488
1681,1,0.993253,0.000715,0.006032
1682,1,0.084422,0.000517,0.915061
1683,0,0.848663,0.000984,0.150353
1684,0,0.000475,0.001649,0.997876
1685,0,0.003600,0.000302,0.996098
1686,0,0.003088,0.000307,0.996605
1687,1,0.155403,0.000542,0.844055
1688,1,0.996884,0.001005,0.002112
1689,1,0.991332,0.000673,0.007995
1690,1,0.993604,0.000767,0.005629
1691,0,0.002468,0.000528,0.997005
1692,1,0.759795,0.000882,0.239323
1693,0,0.002793,0.000269,0.996937
1694,0,0.119540,0.000761,0.879699
1695,1,0.016105,0.016003,0.967892
1696,0,0.000901,0.000356,0.998744
1697,0,0.000493,0.005477,0.994030
1698,1,0.002057,0.000796,0.997147
1699,1,0.001729,0.000302,0.997969
1700,1,0.033541,0.076234,0.890225
1701,1,0.993457,0.001964,0.004580
1702,0,0.000982,0.000321,0.998698
1703,1,0.450683,0.450312,0.099005
1704,0,0.001091,0.000383,0.998526
1705,1,0.003428,0.007962,0.988610
1706,1,0.002759,0.000306,0.996935
1707,1,0.000909,0.000329,0.998762
1708,0,0.000718,0.000370,0.998913
1709,0,0.016339,0.000327,0.983333
1710,0,0.002079,0.000348,0.997573
1711,1,0.879038,0.000843,0.120119
1712,0,0.659910,0.002940,0.337150
1713,1,0.883228,0.000908,0.115864
1714,0,0.008255,0.000434,0.991312
1715,1,0.003921,0.000275,0.995805
1716,1,0.001381,0.000317,0.998302
1717,0,0.259646,0.000614,0.739740
1718,0,0.000870,0.000373,0.998757
1719,1,0.047278,0.795036,0.157686
1720,0,0.000536,0.000616,0.998848
1721,1,0.322920,0.480350,0.196730
1722,1,0.048047,0.000583,0.951370
1723,0,0.000793,0.000360,0.998847
1724,1,0.993852,0.000935,0.005213
1725,1,0.996823,0.001050,0.002127
1726,0,0.000765,0.000371,0.998864
1727,1,0.967000,0.000777,0.032223
1728,0,0.994814,0.001001,0.004185
1729,1,0.987260,0.000994,0.011746
1730,0,0.001237,0.000334,0.998429
1731,1,0.887719,0.108906,0.003376
1732,0,0.001488,0.000321,0.998191
1733,0,0.995438,0.001075,0.003488
1734,1,0.625658,0.001021,0.373321
1735,0,0.008116,0.000285,0.991599
1736,0,0.840053,0.000776,0.159170
1737,0,0.000588,0.000497,0.998914
1738,0,0.004978,0.000249,0.994774
1739,1,0.000578,0.000524,0.998898
1740,1,0.921598,0.061658,0.016744
1741,0,0.017930,0.000345,0.981725
1742,1,0.000665,0.001021,0.998315
1743,0,0.001530,0.000342,0.998128
1744,0,0.916619,0.000801,0.082581
1745,0,0.378693,0.000773,0.620535
1746,1,0.003155,0.000402,0.996443
1747,1,0.858988,0.020764,0.120247
1748,1,0.995260,0.000876,0.003864
1749,0,0.006626,0.000301,0.993073
1750,1,0.001381,0.000571,0.998049
1751,1,0.966209,0.025305,0.008486
1752,0,0.001230,0.000387,0.998383
1753,0,0.003210,0.000294,0.996496
1754,0,0.005476,0.000303,0.994221
1755,1,0.993262,0.000804,0.005934
1756,1,0.044394,0.045210,0.910396
1757,0,0.115925,0.000540,0.883535
1758,1,0.814399,0.001024,0.184576
1759,1,0.001295,0.000441,0.998264
1760,1,0.039130,0.000986,0.959884
1761,0,0.004497,0.033959,0.961544
1762,0,0.002853,0.000380,0.996766
1763,0,0.319328,0.001197,0.679474
1764,1,0.005814,0.000343,0.993843
1765,1,0.995511,0.002421,0.002069
1766,1,0.000757,0.000348,0.998895
1767,0,0.000966,0.000382,0.998652
1768,0,0.005000,0.000269,0.994731
1769,0,0.000618,0.001356,0.998026
1770,1,0.002190,0.000290,0.997520
1771,1,0.066927,0.000442,0.932631
1772,0,0.003198,0.000265,0.996537
1773,1,0.002854,0.000291,0.996855
1774,1,0.500649,0.043568,0.455783
1775,0,0.009396,0.000371,0.990233
1776,0,0.001144,0.000303,0.998553
1777,0,0.000908,0.000377,0.998715
1778,1,0.078599,0.328164,0.593237
1779,0,0.006418,0.000281,0.993301
1780,1,0.003215,0.000289,0.996496
1781,1,0.336553,0.205885,0.457562
1782,1,0.080309,0.000418,0.919272
1783,0,0.000589,0.000774,0.998637
1784,1,0.425463,0.529809,0.044729
1785,1,0.992141,0.006591,0.001269
1786,1,0.056150,0.000398,0.943451
1787,1,0.432433,0.481791,0.085776
1788,1,0.993383,0.004812,0.001805
1789,1,0.988166,0.001623,0.010211
1790,0,0.000837,0.000379,0.998784
1791,0,0.000962,0.000347,0.998691
1792,1,0.066699,0.002647,0.930655
1793,1,0.003489,0.000273,0.996238
1794,1,0.834210,0.001402,0.164388
1795,1,0.959336,0.019785,0.020879
1796,0,0.000895,0.000967,0.998138
1797,1,0.033109,0.488449,0.478441
1798,1,0.082188,0.001425,0.916387
1799,0,0.002472,0.000310,0.997218
1800,1,0.000910,0.000630,0.998460
1801,1,0.651393,0.002065,0.346543
1802,0,0.001100,0.000437,0.998463
1803,1,0.653302,0.309235,0.037462
1804,1,0.015328,0.000346,0.984327
1805,0,0.007004,0.328607,0.664389
1806,0,0.008388,0.000291,0.991321
1807,1,0.987943,0.000653,0.011404
1808,0,0.002176,0.000521,0.997303
1809,0,0.073082,0.000450,0.926469
1810,1,0.064004,0.001382,0.934614
1811,1,0.996727,0.001184,0.002089
1812,0,0.001737,0.000509,0.997754
1813,1,0.914525,0.002798,0.082677
1814,0,0.995885,0.000987,0.003127
1815,0,0.000717,0.000424,0.998859
1816,0,0.001085,0.000376,0.998538
1817,1,0.000839,0.000393,0.998768
1818,1,0.015297,0.000361,0.984342
1819,0,0.031504,0.005527,0.962968
1820,0,0.766845,0.000815,0.232340
1821,1,0.143869,0.000622,0.855509
1822,0,0.817705,0.000791,0.181504
1823,0,0.031869,0.575152,0.392979
1824,0,0.005588,0.000286,0.994126
1825,0,0.001473,0.000284,0.998242
1826,0,0.000685,0.000643,0.998672
1827,0,0.000528,0.000549,0.998923
1828,0,0.009190,0.083634,0.907176
1829,0,0.003249,0.000265,0.996487
1830,1,0.003716,0.000271,0.996014
1831,0,0.092650,0.000455,0.906896
1832,0,0.001643,0.000291,0.998066
1833,0,0.000566,0.000436,0.998999
1834,1,0.980345,0.000709,0.018946
1835,0,0.062221,0.000567,0.937212
1836,0,0.019737,0.000443,0.979820
1837,0,0.002602,0.000260,0.997139
1838,1,0.562330,0.000685,0.436985
1839,1,0.769174,0.226140,0.004685
1840,1,0.993277,0.005789,0.000934
1841,0,0.029291,0.000331,0.970379
1842,0,0.003239,0.000267,0.996494
1843,1,0.989532,0.009300,0.001167
1844,1,0.995844,0.001111,0.003045
1845,0,0.056125,0.647068,0.296807
1846,0,0.000707,0.000389,0.998904
1847,0,0.005965,0.005665,0.988370
1848,0,0.005793,0.000274,0.993933
1849,0,0.004026,0.000324,0.995650
1850,1,0.920421,0.001074,0.078505
1851,1,0.025375,0.035526,0.939099
1852,0,0.002086,0.000284,0.997630
1853,0,0.001734,0.000336,0.997931
1854,1,0.972870,0.000613,0.026517
1855,1,0.005613,0.001290,0.993096
1856,0,0.018075,0.012357,0.969568
1857,0,0.295761,0.001383,0.702857
1858,0,0.052563,0.000425,0.947012
1859,0,0.000686,0.000474,0.998840
1860,0,0.000898,0.000348,0.998754
1861,1,0.004387,0.000305,0.995308
1862,0,0.007191,0.000286,0.992523
1863,1,0.000576,0.000424,0.999000
1864,0,0.001769,0.000285,0.997946
1865,1,0.985932,0.000584,0.013484
1866,0,0.009011,0.000293,0.990696
1867,1,0.010190,0.000346,0.989464
1868,1,0.001553,0.000424,0.998022
1869,1,0.994547,0.003875,0.001578
1870,1,0.996418,0.002290,0.001292
1871,1,0.001970,0.000303,0.997727
1872,0,0.000759,0.000383,0.998858
1873,1,0.710378,0.001082,0.288540
1874,0,0.001854,0.000323,0.997823
1875,1,0.014706,0.000353,0.984941
1876,1,0.160891,0.515387,0.323722
1877,1,0.996309,0.001116,0.002575
1878,1,0.739659,0.000784,0.259557
1879,0,0.560313,0.000996,0.438690
1880,0,0.114725,0.750679,0.134596
1881,1,0.995737,0.001981,0.002282
1882,0,0.001621,0.000299,0.998079
1883,0,0.014808,0.000353,0.984839
1884,0,0.001045,0.001654,0.997301
1885,1,0.000530,0.002534,0.996936
1886,1,0.006804,0.000281,0.992915
1887,1,0.992790,0.001337,0.005873
1888,1,0.961845,0.033280,0.004875
1889,0,0.864345,0.000658,0.134997
1890,1,0.995076,0.000801,0.004123
1891,1,0.002888,0.008147,0.988965
1892,1,0.891841,0.001089,0.107070
1893,1,0.531934,0.000783,0.467283
1894,1,0.979774,0.000805,0.019421
1895,0,0.001482,0.000361,0.998157
1896,0,0.033933,0.000427,0.965641
1897,1,0.897454,0.000714,0.101832
1898,1,0.095302,0.000660,0.904038
1899,1,0.062212,0.000399,0.937389
1900,1,0.995486,0.002909,0.001605
1901,1,0.036407,0.686075,0.277519
1902,1,0.008197,0.251800,0.740003
1903,1,0.085524,0.000459,0.914017
1904,1,0.992108,0.000753,0.007139
1905,1,0.000781,0.000374,0.998845
1906,1,0.818976,0.176450,0.004573
1907,0,0.881638,0.000839,0.117523
1908,0,0.001488,0.000326,0.998185
1909,0,0.008593,0.022633,0.968774
1910,0,0.018778,0.006400,0.974822
1911,0,0.783905,0.002231,0.213864
1912,0,0.984353,0.012639,0.003008
1913,0,0.001116,0.000417,0.998467
1914,0,0.006793,0.000695,0.992511
1915,1,0.000968,0.000492,0.998541
1916,1,0.994364,0.000748,0.004888
1917,0,0.001905,0.000266,0.997829
1918,1,0.009200,0.000296,0.990504
1919,0,0.000867,0.005846,0.993287
1920,0,0.450008,0.000767,0.549225
1921,0,0.003359,0.000309,0.996333
1922,0,0.000806,0.000374,0.998820
1923,0,0.009470,0.000338,0.990192
1924,0,0.392409,0.000695,0.606896
1925,0,0.000488,0.001319,0.998192
1926,0,0.006534,0.000345,0.993122
1927,0,0.025031,0.000342,0.974627
1928,1,0.958236,0.000624,0.041140
1929,1,0.923080,0.000995,0.075924
1930,1,0.001234,0.000402,0.998363
1931,1,0.439551,0.001048,0.559401
1932,1,0.996881,0.001260,0.001859
1933,0,0.268097,0.000599,0.731305
1934,0,0.003162,0.000312,0.996526
1935,0,0.000869,0.000361,0.998770
1936,0,0.204080,0.663576,0.132344
1937,0,0.010684,0.000515,0.988802
1938,1,0.006197,0.000377,0.993426
1939,1,0.005108,0.000367,0.994524
1940,0,0.000649,0.000618,0.998733
1941,0,0.001752,0.000290,0.997958
1942,0,0.000406,0.000737,0.998857
1943,1,0.001580,0.000284,0.998136
1944,1,0.356608,0.130230,0.513163
1945,0,0.001059,0.000404,0.998536
1946,1,0.012638,0.049933,0.937428
1947,1,0.031015,0.000369,0.968616
1948,1,0.012479,0.000322,0.987199
1949,1,0.001025,0.000381,0.998594
1950,0,0.004232,0.000441,0.995327
1951,0,0.699489,0.000765,0.299746
1952,1,0.112361,0.767548,0.120092
1953,0,0.000781,0.005605,0.993615
1954,0,0.593817,0.001201,0.404982
1955,1,0.942330,0.055148,0.002522
1956,1,0.992160,0.000932,0.006908
1957,0,0.000932,0.000338,0.998730
1958,1,0.550085,0.057882,0.392033
1959,0,0.000662,0.000434,0.998904
1960,0,0.041768,0.000370,0.957862
1961,1,0.693549,0.001606,0.304845
1962,1,0.001961,0.000440,0.997599
1963,1,0.163049,0.000547,0.836404
1964,0,0.000945,0.000395,0.998661
1965,0,0.134972,0.000684,0.864344
1966,0,0.832898,0.000734,0.166368
1967,0,0.001244,0.000324,0.998431
1968,1,0.029555,0.000389,0.970057
1969,0,0.038761,0.000358,0.960882
1970,1,0.000431,0.000869,0.998700
1971,1,0.933601,0.000784,0.065616
1972,0,0.094771,0.000652,0.904577
1973,1,0.721073,0.195999,0.082928
1974,0,0.039001,0.000382,0.960617
1975,0,0.992319,0.000907,0.006775
1976,0,0.007367,0.001506,0.991127
1977,0,0.007776,0.000497,0.991728
1978,1,0.141732,0.676735,0.181533
1979,0,0.807200,0.001943,0.190858
1980,0,0.001589,0.000293,0.998118
1981,1,0.522809,0.000923,0.476268
1982,0,0.585525,0.001072,0.413404
1983,1,0.383509,0.000805,0.615685
1984,0,0.000664,0.000484,0.998853
1985,0,0.001562,0.000370,0.998068
1986,0,0.000719,0.000390,0.998891
1987,0,0.004724,0.000269,0.995007
1988,0,0.186310,0.000735,0.812955
1989,0,0.164990,0.000527,0.834483
1990,1,0.001842,0.000272,0.997886
1991,1,0.814445,0.000850,0.184705
1992,1,0.955723,0.000780,0.043497
1993,0,0.139178,0.000630,0.860192
1994,0,0.000920,0.000356,0.998724
1995,0,0.005554,0.000295,0.994151
1996,0,0.360218,0.000782,0.639001
1997,0,0.001259,0.000408,0.998334
1998,0,0.000744,0.000383,0.998872
1999,0,0.118903,0.000598,0.880499
2000,0,0.000761,0.000376,0.998863
2001,0,0.001789,0.000345,0.997866
2002,0,0.000698,0.001552,0.997750
2003,1,0.055122,0.000919,0.943958
2004,0,0.003340,0.033191,0.963469
2005,0,0.002799,0.000299,0.996902
2006,1,0.993254,0.001381,0.005364
2007,0,0.171588,0.000648,0.827764
2008,0,0.001182,0.000809,0.998010
2009,1,0.001368,0.000333,0.998299
2010,1,0.000609,0.000455,0.998936
2011,1,0.773071,0.189076,0.037853
2012,1,0.926246,0.000629,0.073125
2013,1,0.734883,0.000695,0.264422
2014,0,0.877316,0.000676,0.122009
2015,1,0.992184,0.000676,0.007140
2016,0,0.002423,0.000257,0.997321
2017,0,0.028276,0.084601,0.887123
2018,1,0.001887,0.000454,0.997659
2019,1,0.933325,0.000752,0.065923
2020,0,0.040208,0.000449,0.959343
2021,1,0.354121,0.001822,0.644057
2022,0,0.011250,0.410666,0.578084
2023,0,0.959556,0.004555,0.035889
2024,1,0.986651,0.004591,0.008759
2025,0,0.003030,0.000296,0.996674
2026,0,0.750669,0.000643,0.248688
2027,0,0.698380,0.000855,0.300766
2028,1,0.050673,0.680347,0.268980
2029,1,0.901529,0.000868,0.097602
2030,0,0.611409,0.000900,0.387691
2031,1,0.151681,0.000692,0.847627
2032,1,0.253272,0.001020,0.745708
2033,1,0.005124,0.001022,0.993854
2034,0,0.007137,0.000288,0.992575
2035,0,0.000628,0.000426,0.998947
2036,0,0.001010,0.000317,0.998673
2037,0,0.004216,0.000274,0.995510
2038,1,0.989871,0.000719,0.009409
2039,1,0.000416,0.000899,0.998685
2040,1,0.978873,0.001232,0.019896
2041,0,0.000702,0.000399,0.998899
2042,0,0.000853,0.000362,0.998785
2043,0,0.959085,0.000722,0.040193
2044,0,0.000556,0.009974,0.989471
2045,0,0.017911,0.000382,0.981708
2046,1,0.000725,0.000511,0.998764
2047,1,0.027192,0.000352,0.972456
2048,0,0.010540,0.000314,0.989147
2049,0,0.000779,0.000362,0.998859
2050,0,0.000485,0.000708,0.998807
2051,1,0.000440,0.001570,0.997989
2052,0,0.140038,0.595283,0.264680
2053,0,0.639893,0.000901,0.359206
2054,0,0.003791,0.000403,0.995806
2055,0,0.132921,0.001549,0.865530
2056,1,0.000487,0.000754,0.998759
2057,0,0.006520,0.000324,0.993156
2058,0,0.001100,0.001008,0.997892
2059,0,0.025413,0.000568,0.974019
2060,0,0.000716,0.000428,0.998855
2061,0,0.000770,0.000492,0.998739
2062,1,0.995642,0.003379,0.000979
2063,0,0.001695,0.000336,0.997970
2064,1,0.220900,0.254860,0.524240
2065,1,0.034052,0.000374,0.965575
2066,0,0.995379,0.000955,0.003666
2067,1,0.000674,0.002211,0.997116
2068,1,0.002214,0.000312,0.997474
2069,1,0.993901,0.003645,0.002454
2070,0,0.001048,0.000740,0.998213
2071,0,0.000929,0.000404,0.998667
2072,0,0.636260,0.000748,0.362992
2073,0,0.001257,0.000324,0.998419
2074,1,0.004640,0.000408,0.994951
2075,1,0.000603,0.000430,0.998967
2076,0,0.041266,0.000468,0.958265
2077,0,0.001772,0.000398,0.997830
2078,0,0.002567,0.000283,0.997150
2079,0,0.887689,0.000726,0.111585
2080,1,0.459141,0.000849,0.540009
2081,1,0.878576,0.000818,0.120606
2082,1,0.980177,0.003471,0.016352
2083,0,0.000642,0.000803,0.998555
2084,0,0.956975,0.000791,0.042234
2085,1,0.001759,0.000356,0.997885
2086,0,0.004231,0.000331,0.995438
2087,0,0.000891,0.000357,0.998751
2088,1,0.995226,0.000939,0.003836
2089,0,0.000960,0.000345,0.998695
2090,0,0.002059,0.000437,0.997504
2091,1,0.961899,0.000640,0.037461
2092,1,0.564996,0.000876,0.434128
2093,1,0.000933,0.001057,0.998011
2094,0,0.662928,0.001288,0.335784
2095,0,0.001165,0.000297,0.998538
2096,1,0.136624,0.000511,0.862864
2097,1,0.005860,0.007062,0.987078
2098,0,0.000551,0.000452,0.998997
2099,1,0.037338,0.487956,0.474707
2100,0,0.892572,0.001214,0.106214
2101,1,0.002002,0.000549,0.997449
2102,1,0.395607,0.001167,0.603226
2103,0,0.000955,0.000326,0.998719
2104,0,0.011409,0.000336,0.988255
2105,1,0.005005,0.000324,0.994671
2106,0,0.014827,0.128564,0.856609
2107,0,0.001067,0.000332,0.998601
2108,1,0.292133,0.001377,0.706490
2109,0,0.003125,0.000284,0.996590
2110,0,0.954944,0.003153,0.041903
2111,0,0.258259,0.000736,0.741005
2112,0,0.000825,0.000379,0.998796
2113,0,0.001123,0.000497,0.998381
2114,0,0.013222,0.000304,0.986474
2115,0,0.001812,0.000300,0.997888
2116,0,0.000962,0.006596,0.992442
2117,0,0.013678,0.000348,0.985974
2118,1,0.995338,0.002283,0.002379
2119,1,0.007433,0.000313,0.992254
2120,1,0.002493,0.000313,0.997193
2121,1,0.975592,0.001186,0.023222
2122,0,0.000630,0.000408,0.998962
2123,0,0.000934,0.000331,0.998735
2124,0,0.000985,0.000343,0.998672
2125,0,0.771370,0.000710,0.227920
2126,0,0.002372,0.000354,0.997274
2127,1,0.956485,0.000830,0.042685
2128,0,0.000850,0.000479,0.998672
2129,0,0.001202,0.000332,0.998466
2130,0,0.000594,0.000429,0.998977
2131,0,0.008987,0.102791,0.888223
2132,1,0.012336,0.000391,0.987273
2133,0,0.001010,0.000320,0.998670
2134,1,0.907841,0.002186,0.089973
2135,1,0.965945,0.015831,0.018225
2136,0,0.004945,0.001374,0.993681
2137,1,0.008212,0.028557,0.963231
2138,0,0.001410,0.000304,0.998285
2139,0,0.055371,0.006690,0.937939
2140,0,0.000939,0.000333,0.998728
2141,0,0.011695,0.000384,0.987922
2142,1,0.336155,0.000678,0.663167
2143,1,0.993612,0.001151,0.005237
2144,1,0.033262,0.000506,0.966233
2145,0,0.003230,0.000253,0.996517
2146,1,0.103152,0.817272,0.079576
2147,0,0.000497,0.000539,0.998964
2148,0,0.000973,0.000354,0.998674
2149,0,0.000674,0.000454,0.998872
2150,0,0.001231,0.000681,0.998088
2151,0,0.006778,0.000302,0.992920
2152,1,0.792780,0.002546,0.204674
2153,0,0.110989,0.000675,0.888335
2154,0,0.001388,0.000550,0.998062
2155,1,0.802628,0.000656,0.196716
2156,1,0.732281,0.247179,0.020540
2157,1,0.858091,0.000701,0.141208
2158,1,0.022746,0.051217,0.926037
2159,0,0.101138,0.000603,0.898259
2160,0,0.002864,0.000272,0.996864
2161,0,0.016337,0.000342,0.983320
2162,0,0.000590,0.000620,0.998790
2163,1,0.847519,0.001067,0.151414
2164,1,0.585099,0.000863,0.414038
2165,1,0.001893,0.000419,0.997687
2166,1,0.816463,0.000958,0.182578
2167,0,0.001185,0.000335,0.998480
2168,0,0.003464,0.000528,0.996008
2169,0,0.003772,0.000347,0.995881
2170,1,0.992420,0.000930,0.006650
2171,0,0.007993,0.000307,0.991700
2172,0,0.001503,0.000345,0.998152
2173,0,0.689396,0.000901,0.309703
2174,0,0.000704,0.000830,0.998465
2175,0,0.018656,0.318378,0.662966
2176,0,0.452229,0.001364,0.546407
2177,1,0.785694,0.000731,0.213576
2178,1,0.051102,0.000565,0.948333
2179,1,0.995099,0.001334,0.003566
2180,0,0.001125,0.000310,0.998564
2181,0,0.000707,0.001720,0.997573
2182,0,0.103233,0.000513,0.896255
2183,0,0.000525,0.011823,0.987652
2184,0,0.771474,0.000821,0.227705
2185,0,0.579921,0.000915,0.419164
2186,0,0.045196,0.316604,0.638199
2187,1,0.131228,0.000978,0.867794
2188,1,0.359824,0.007406,0.632770
2189,1,0.106733,0.022851,0.870416
2190,1,0.791458,0.204053,0.004489
2191,1,0.997041,0.001555,0.001404
2192,0,0.003779,0.000289,0.995932
2193,1,0.996529,0.002141,0.001330
2194,1,0.005243,0.019070,0.975687
2195,1,0.413880,0.000859,0.585260
2196,1,0.223749,0.751104,0.025147
2197,0,0.000763,0.000405,0.998832
2198,1,0.026293,0.029438,0.944269
2199,0,0.001505,0.000300,0.998195
2200,1,0.515751,0.001327,0.482922
2201,1,0.988135,0.001053,0.010812
2202,0,0.000956,0.000423,0.998621
2203,1,0.043514,0.000347,0.956139
2204,0,0.001054,0.000498,0.998448
2205,1,0.100405,0.799461,0.100134
2206,1,0.993043,0.005861,0.001096
2207,0,0.000576,0.001032,0.998392
2208,1,0.007776,0.000280,0.991944
2209,0,0.000628,0.000432,0.998940
2210,0,0.000696,0.000412,0.998892
2211,0,0.001455,0.000309,0.998236
2212,1,0.692393,0.000765,0.306841
2213,0,0.002956,0.000987,0.996057
2214,1,0.001554,0.000349,0.998097
2215,1,0.257337,0.002906,0.739757
2216,1,0.972854,0.003380,0.023766
2217,0,0.008901,0.000660,0.990439
2218,1,0.056147,0.662904,0.280949
2219,1,0.003143,0.000296,0.996561
2220,1,0.995848,0.001771,0.002381
2221,1,0.005197,0.089907,0.904896
2222,1,0.024898,0.000378,0.974724
2223,1,0.001221,0.000684,0.998095
2224,1,0.001090,0.000327,0.998584
2225,1,0.001293,0.000298,0.998409
2226,0,0.000845,0.000558,0.998597
2227,0,0.009195,0.000292,0.990514
2228,0,0.020106,0.000309,0.979585
2229,1,0.000402,0.000723,0.998875
2230,1,0.114724,0.000485,0.884792
2231,1,0.800220,0.000660,0.199120
2232,0,0.020934,0.000358,0.978708
2233,1,0.002465,0.000330,0.997205
2234,0,0.000644,0.000446,0.998910
2235,1,0.005681,0.000335,0.993984
2236,1,0.004356,0.000252,0.995392
2237,1,0.062381,0.000419,0.937200
2238,1,0.002209,0.000319,0.997472
2239,0,0.234566,0.000753,0.764681
2240,0,0.006435,0.001286,0.992279
2241,1,0.044335,0.000351,0.955314
2242,0,0.002406,0.000297,0.997297
2243,1,0.635355,0.000757,0.363887
2244,1,0.979756,0.019014,0.001230
2245,0,0.002307,0.000257,0.997436
2246,0,0.006635,0.000264,0.993101
2247,1,0.019978,0.000454,0.979568
2248,1,0.374922,0.000744,0.624334
2249,1,0.588364,0.000732,0.410904
2250,0,0.034651,0.000386,0.964962
2251,0,0.016787,0.000384,0.982829
2252,0,0.991529,0.000920,0.007551
2253,0,0.001212,0.000319,0.998468
2254,0,0.001048,0.000466,0.998487
2255,1,0.389805,0.596861,0.013334
2256,1,0.001865,0.001390,0.996745
2257,0,0.036620,0.000435,0.962945
2258,1,0.072674,0.739143,0.188183
2259,1,0.984145,0.000721,0.015134
2260,0,0.000659,0.000945,0.998396
2261,1,0.922503,0.000595,0.076902
2262,0,0.000676,0.000393,0.998931
2263,0,0.001674,0.000305,0.998020
2264,0,0.001262,0.000305,0.998433
2265,1,0.230516,0.000667,0.768816
2266,0,0.000743,0.000493,0.998764
2267,1,0.001221,0.000431,0.998347
2268,1,0.014484,0.000378,0.985138
2269,1,0.988216,0.000788,0.010996
2270,1,0.843892,0.001140,0.154968
2271,1,0.010379,0.333175,0.656446
2272,0,0.005463,0.007350,0.987187
2273,0,0.125566,0.000633,0.873801
2274,1,0.948267,0.049550,0.002183
2275,1,0.934644,0.061418,0.003937
2276,1,0.994800,0.001133,0.004067
2277,1,0.581733,0.272933,0.145334
2278,1,0.079244,0.000454,0.920302
2279,1,0.955552,0.000655,0.043794
2280,1,0.764218,0.000695,0.235087
2281,1,0.796958,0.008299,0.194743
2282,1,0.996367,0.001350,0.002283
2283,0,0.549560,0.001031,0.449410
2284,1,0.008515,0.523329,0.468156
2285,1,0.004955,0.002074,0.992971
2286,1,0.996505,0.001529,0.001966
2287,1,0.921865,0.000891,0.077244
2288,1,0.913331,0.083634,0.003035
2289,1,0.001315,0.000275,0.998409
2290,0,0.000555,0.001407,0.998038
2291,1,0.900619,0.000617,0.098764
2292,1,0.002706,0.000261,0.997033
2293,1,0.001405,0.000292,0.998303
2294,1,0.967659,0.000692,0.031649
2295,0,0.003502,0.000469,0.996029
2296,0,0.000936,0.000368,0.998696
2297,1,0.001220,0.000312,0.998468
2298,1,0.001690,0.000393,0.997917
2299,0,0.954527,0.003344,0.042129
2300,0,0.001084,0.000345,0.998571
2301,0,0.403367,0.001270,0.595363
2302,0,0.056441,0.000594,0.942964
2303,1,0.017317,0.005395,0.977288
2304,1,0.994226,0.000809,0.004965
2305,1,0.001647,0.000296,0.998057
2306,1,0.872290,0.001841,0.125868
2307,1,0.004896,0.116928,0.878176
2308,0,0.001129,0.000628,0.998243
2309,0,0.218576,0.000720,0.780704
2310,1,0.382518,0.000836,0.616646
2311,1,0.023277,0.001319,0.975404
2312,0,0.002307,0.000286,0.997407
2313,1,0.255859,0.720940,0.023201
2314,1,0.001871,0.000277,0.997852
2315,1,0.993584,0.005574,0.000842
2316,1,0.981720,0.000621,0.017659
2317,0,0.847180,0.000709,0.152112
2318,1,0.569389,0.000920,0.429692
2319,1,0.010904,0.000307,0.988789
2320,1,0.007815,0.000570,0.991615
2321,1,0.305678,0.000817,0.693505
2322,1,0.404031,0.000709,0.595260
2323,1,0.217390,0.043307,0.739303
2324,1,0.023620,0.000352,0.976027
2325,1,0.003168,0.000788,0.996044
2326,1,0.001442,0.000374,0.998184
2327,0,0.002904,0.000291,0.996805
2328,0,0.000932,0.000366,0.998702
2329,1,0.024458,0.746263,0.229279
2330,1,0.357065,0.000991,0.641944
2331,1,0.000540,0.000525,0.998935
2332,1,0.004434,0.051434,0.944132
2333,0,0.016501,0.000369,0.983130
2334,0,0.012939,0.000441,0.986620
2335,0,0.000827,0.000461,0.998712
2336,0,0.006137,0.000511,0.993352
2337,1,0.036960,0.000423,0.962617
2338,0,0.001243,0.000306,0.998452
2339,1,0.000702,0.001070,0.998228
2340,1,0.972360,0.000828,0.026812
2341,1,0.295344,0.001086,0.703570
2342,1,0.125616,0.000698,0.873686
2343,0,0.000610,0.000424,0.998966
2344,1,0.432518,0.000774,0.566708
2345,1,0.996050,0.002775,0.001175
2346,0,0.001405,0.000289,0.998306
2347,1,0.000852,0.000405,0.998743
2348,1,0.783662,0.000780,0.215558
2349,1,0.063454,0.000526,0.936020
2350,1,0.023886,0.000383,0.975731
2351,0,0.006100,0.000351,0.993549
2352,0,0.000807,0.000384,0.998808
2353,1,0.313670,0.000626,0.685704
2354,1,0.582717,0.001972,0.415311
2355,1,0.000788,0.000396,0.998816
2356,1,0.995296,0.000994,0.003710
2357,1,0.603483,0.000814,0.395703
2358,1,0.846483,0.001033,0.152483
2359,1,0.982404,0.000700,0.016896
2360,0,0.992745,0.000902,0.006353
2361,1,0.246767,0.000798,0.752435
2362,1,0.972918,0.000730,0.026352
2363,1,0.996737,0.001479,0.001785
2364,1,0.996596,0.001127,0.002277
2365,1,0.743902,0.000931,0.255166
2366,1,0.992862,0.000994,0.006144
2367,1,0.000802,0.000341,0.998857
2368,0,0.996220,0.001152,0.002628
2369,1,0.004020,0.000344,0.995637
2370,1,0.405348,0.000760,0.593892
2371,0,0.002516,0.000258,0.997226
2372,0,0.951785,0.001204,0.047010
2373,0,0.148606,0.000721,0.850674
2374,1,0.995000,0.004017,0.000984
2375,0,0.000624,0.000405,0.998970
2376,1,0.995770,0.000962,0.003268
2377,0,0.003623,0.000332,0.996045
2378,1,0.031762,0.000664,0.967574
2379,0,0.017833,0.000335,0.981832
2380,1,0.034896,0.000409,0.964696
2381,1,0.991152,0.004351,0.004497
2382,1,0.965568,0.000720,0.033712
2383,0,0.009851,0.000274,0.989875
2384,1,0.995825,0.001348,0.002826
2385,1,0.992505,0.006228,0.001266
2386,1,0.006670,0.000298,0.993032
2387,1,0.996155,0.002939,0.000906
2388,0,0.387533,0.001000,0.611467
2389,1,0.995374,0.001324,0.003302
2390,0,0.044115,0.345436,0.610450
2391,0,0.006283,0.019234,0.974482
2392,1,0.976913,0.000691,0.022396
2393,1,0.654821,0.000756,0.344423
2394,1,0.995760,0.003229,0.001012
2395,0,0.001299,0.000290,0.998411
2396,0,0.130996,0.694332,0.174672
2397,1,0.995881,0.003170,0.000949
2398,1,0.996991,0.001498,0.001511
2399,0,0.001054,0.000940,0.998006
2400,0,0.001059,0.000315,0.998626
2401,0,0.000736,0.000385,0.998879
2402,0,0.001320,0.000459,0.998221
2403,0,0.000797,0.000387,0.998816
2404,1,0.076313,0.000446,0.923241
2405,1,0.191104,0.000683,0.808214
2406,0,0.239992,0.000573,0.759435
2407,1,0.826445,0.000864,0.172692
2408,0,0.022016,0.091689,0.886295
2409,0,0.001972,0.000268,0.997760
2410,0,0.001213,0.000313,0.998475
2411,0,0.050964,0.000392,0.948644
2412,1,0.066737,0.000437,0.932825
2413,1,0.692319,0.000766,0.306915
2414,0,0.992981,0.002586,0.004433
2415,0,0.000507,0.000634,0.998860
2416,1,0.712299,0.283252,0.004449
2417,0,0.010509,0.000325,0.989166
2418,1,0.006229,0.000292,0.993478
2419,1,0.000630,0.017443,0.981927
2420,1,0.180507,0.000615,0.818877
2421,1,0.852010,0.000641,0.147349
2422,0,0.000690,0.000382,0.998928
2423,1,0.927067,0.000721,0.072212
2424,0,0.000728,0.000421,0.998850
2425,0,0.000909,0.000336,0.998754
2426,0,0.002004,0.000356,0.997640
2427,1,0.001155,0.000325,0.998520
2428,0,0.001164,0.000299,0.998537
2429,1,0.000639,0.000399,0.998961
2430,0,0.000656,0.000617,0.998726
2431,1,0.985520,0.000930,0.013550
2432,1,0.972499,0.005343,0.022158
2433,1,0.993107,0.005306,0.001587
2434,0,0.085489,0.000899,0.913611
2435,0,0.996599,0.001499,0.001902
2436,1,0.021037,0.000502,0.978460
2437,1,0.246765,0.000933,0.752303
2438,0,0.001196,0.000803,0.998001
2439,0,0.003213,0.000290,0.996496
2440,0,0.000912,0.000374,0.998713
2441,0,0.017770,0.000623,0.981607
2442,0,0.002678,0.000290,0.997032
2443,0,0.000696,0.017281,0.982023
2444,1,0.001835,0.063174,0.934991
2445,0,0.002721,0.000324,0.996955
2446,1,0.024657,0.000484,0.974859
2447,1,0.002093,0.000269,0.997638
2448,1,0.995186,0.000825,0.003989
2449,1,0.618703,0.000729,0.380568
2450,1,0.194042,0.188219,0.617739
2451,0,0.001174,0.000360,0.998466
2452,1,0.006571,0.000284,0.993145
2453,0,0.225424,0.000703,0.773873
2454,1,0.144643,0.256716,0.598640
2455,1,0.000733,0.003978,0.995289
2456,1,0.096169,0.004666,0.899165
2457,1,0.996252,0.002559,0.001189
2458,0,0.000484,0.000566,0.998950
2459,1,0.038478,0.000378,0.961143
2460,1,0.012768,0.000895,0.986337
2461,0,0.001631,0.000357,0.998012
2462,0,0.002406,0.000318,0.997276
2463,1,0.086085,0.799539,0.114376
2464,1,0.003405,0.000292,0.996303
2465,0,0.005749,0.000355,0.993896
2466,0,0.135962,0.000512,0.863526
2467,1,0.239131,0.268531,0.492338
2468,0,0.001624,0.004936,0.993440
2469,0,0.003315,0.000269,0.996416
2470,0,0.317675,0.000724,0.681600
2471,1,0.001100,0.000370,0.998530
2472,1,0.139713,0.141752,0.718536
2473,0,0.000769,0.000364,0.998867
2474,0,0.005205,0.000285,0.994510
2475,0,0.000731,0.000374,0.998895
2476,0,0.001086,0.001567,0.997347
2477,0,0.001493,0.000320,0.998187
2478,1,0.079263,0.000842,0.919895
2479,0,0.000773,0.000407,0.998820
2480,0,0.016005,0.000423,0.983573
2481,0,0.000716,0.000581,0.998703
2482,0,0.890012,0.001045,0.108944
2483,0,0.000652,0.000536,0.998812
2484,0,0.007051,0.000387,0.992562
2485,1,0.027275,0.020906,0.951819
2486,0,0.798380,0.000712,0.200908
2487,0,0.000949,0.000361,0.998690
2488,1,0.207924,0.000705,0.791371
2489,0,0.002441,0.000396,0.997163
2490,1,0.111699,0.005372,0.882929
2491,0,0.000693,0.000419,0.998888
2492,1,0.233984,0.521035,0.244981
2493,0,0.000631,0.000477,0.998892
2494,0,0.001117,0.000325,0.998558
2495,0,0.169786,0.000711,0.829503
2496,1,0.987571,0.008254,0.004176
2497,0,0.000601,0.000436,0.998962
2498,1,0.839025,0.000734,0.160241
2499,0,0.008306,0.000281,0.991413
2500,0,0.000458,0.000581,0.998961
2501,1,0.000546,0.000500,0.998954
2502,0,0.001276,0.000748,0.997977
2503,1,0.454251,0.000843,0.544906
2504,1,0.826811,0.000848,0.172341
2505,0,0.775769,0.001355,0.222876
2506,1,0.981310,0.001060,0.017631
2507,0,0.002789,0.000299,0.996912
2508,1,0.010866,0.000332,0.988802
2509,1,0.162073,0.000750,0.837177
2510,1,0.951613,0.000923,0.047464
2511,0,0.468560,0.001015,0.530425
2512,0,0.008256,0.000311,0.991433
2513,1,0.546853,0.001193,0.451954
2514,1,0.005514,0.000302,0.994183
2515,1,0.256773,0.000824,0.742402
2516,1,0.942429,0.000684,0.056887
2517,1,0.987615,0.008801,0.003585
2518,1,0.003916,0.000252,0.995832
2519,1,0.987493,0.001399,0.011108
2520,1,0.082259,0.563254,0.354486
2521,1,0.001806,0.000280,0.997914
2522,1,0.994676,0.002124,0.003199
2523,1,0.004169,0.000368,0.995462
2524,1,0.125036,0.000537,0.874427
2525,1,0.996307,0.001540,0.002153
2526,0,0.003517,0.005302,0.991181
2527,1,0.086589,0.000871,0.912540
2528,1,0.911435,0.000662,0.087903
2529,1,0.018375,0.000333,0.981292
2530,0,0.000849,0.000548,0.998603
2531,0,0.000498,0.000608,0.998894
2532,1,0.996981,0.001474,0.001545
2533,0,0.000814,0.000383,0.998804
2534,1,0.004302,0.285705,0.709993
2535,1,0.001786,0.000277,0.997937
2536,0,0.001291,0.000463,0.998246
2537,1,0.440722,0.531583,0.027695
2538,1,0.920188,0.014434,0.065379
2539,1,0.136739,0.724239,0.139023
2540,0,0.005112,0.000652,0.994236
2541,0,0.069410,0.000481,0.930109
2542,1,0.993894,0.001315,0.004791
2543,0,0.005501,0.000325,0.994175
2544,0,0.003764,0.000292,0.995944
2545,0,0.004655,0.062087,0.933258
2546,0,0.025856,0.674434,0.299710
2547,0,0.554987,0.002819,0.442193
2548,0,0.967780,0.000691,0.031529
2549,1,0.242874,0.043201,0.713925
2550,1,0.976137,0.006193,0.017669
2551,0,0.336752,0.001152,0.662095
2552,0,0.104720,0.001922,0.893358
2553,0,0.004068,0.197851,0.798081
2554,1,0.975903,0.022367,0.001730
2555,0,0.137030,0.000615,0.862355
2556,1,0.000648,0.000415,0.998937
2557,0,0.022552,0.000445,0.977002
2558,1,0.568118,0.322699,0.109183
2559,1,0.980058,0.000726,0.019215
2560,1,0.991076,0.000696,0.008228
2561,1,0.255603,0.659202,0.085195
2562,1,0.000678,0.000509,0.998812
2563,1,0.004647,0.046287,0.949066
2564,0,0.001233,0.000766,0.998001
2565,1,0.006697,0.000426,0.992878
2566,1,0.366886,0.001855,0.631259
2567,1,0.920171,0.000972,0.078857
2568,1,0.011997,0.223430,0.764574
2569,0,0.685214,0.080034,0.234752
2570,1,0.985710,0.003717,0.010573
2571,0,0.000762,0.000385,0.998853
2572,0,0.000469,0.000600,0.998931
2573,1,0.101954,0.765321,0.132725
2574,0,0.000405,0.001075,0.998520
2575,1,0.014377,0.468536,0.517087
2576,1,0.024712,0.000472,0.974816
2577,1,0.203493,0.000649,0.795858
2578,1,0.031364,0.901220,0.067417
2579,1,0.354845,0.000919,0.644236
2580,1,0.476750,0.510820,0.012430
2581,1,0.003327,0.000297,0.996376
2582,1,0.177437,0.292919,0.529643
2583,0,0.020454,0.451070,0.528476
2584,1,0.626810,0.001881,0.371309
2585,1,0.048445,0.006947,0.944609
2586,1,0.099925,0.000974,0.899100
2587,0,0.003999,0.000280,0.995721
2588,0,0.001750,0.000359,0.997891
2589,0,0.000686,0.000432,0.998882
2590,0,0.005549,0.018393,0.976058
2591,0,0.000861,0.000500,0.998639
2592,0,0.001087,0.000788,0.998125
2593,1,0.342323,0.396114,0.261563
2594,0,0.003659,0.000337,0.996004
2595,1,0.988796,0.000645,0.010559
2596,1,0.847223,0.000727,0.152050
2597,1,0.004238,0.000311,0.995452
2598,1,0.000506,0.000611,0.998882
2599,0,0.084757,0.000872,0.914371
2600,0,0.379722,0.001410,0.618868
2601,1,0.149346,0.000709,0.849946
2602,1,0.096709,0.841336,0.061955
2603,1,0.421498,0.001445,0.577057
2604,0,0.032687,0.000861,0.966452
2605,1,0.000517,0.001172,0.998310
2606,1,0.022337,0.003279,0.974384
2607,1,0.992094,0.000864,0.007042
2608,1,0.984340,0.001049,0.014611
2609,1,0.976362,0.000977,0.022661
2610,1,0.889777,0.000883,0.109340
2611,0,0.002974,0.000566,0.996460
2612,1,0.994428,0.001080,0.004492
2613,1,0.386362,0.000709,0.612929
2614,0,0.983168,0.002133,0.014699
2615,1,0.234114,0.088913,0.676973
2616,1,0.032217,0.023805,0.943978
2617,1,0.038140,0.000778,0.961082
2618,1,0.002603,0.000422,0.996976
2619,1,0.291908,0.646113,0.061978
2620,1,0.002567,0.000561,0.996872
2621,0,0.991102,0.001631,0.007267
2622,1,0.011768,0.573744,0.414487
2623,1,0.775547,0.217536,0.006917
2624,1,0.991012,0.000818,0.008170
2625,0,0.000572,0.000673,0.998755
2626,0,0.000933,0.000497,0.998570
2627,0,0.083608,0.000558,0.915834
2628,0,0.000717,0.000809,0.998473
2629,0,0.007751,0.000322,0.991927
2630,1,0.955949,0.009375,0.034676
2631,0,0.609465,0.000926,0.389609
2632,0,0.003663,0.000328,0.996009
2633,1,0.001314,0.000320,0.998365
2634,1,0.247304,0.001688,0.751007
2635,0,0.576325,0.001351,0.422324
2636,0,0.000931,0.000374,0.998695
2637,1,0.092015,0.142909,0.765077
2638,1,0.983799,0.000781,0.015420
2639,0,0.002123,0.003441,0.994435
2640,1,0.025396,0.000368,0.974236
2641,0,0.000852,0.000369,0.998779
2642,1,0.049728,0.000481,0.949790
2643,1,0.007927,0.000331,0.991741
2644,0,0.002145,0.000292,0.997563
2645,1,0.714213,0.000734,0.285053
2646,0,0.000800,0.000719,0.998481
2647,0,0.001257,0.000315,0.998427
2648,1,0.002500,0.039765,0.957735
2649,0,0.000864,0.000323,0.998813
2650,0,0.951515,0.000648,0.047838
2651,1,0.013541,0.000841,0.985618
2652,1,0.976133,0.000630,0.023237
2653,0,0.027863,0.000474,0.971663
2654,0,0.001712,0.000328,0.997961
2655,0,0.002510,0.000335,0.997155
2656,0,0.006253,0.383604,0.610143
2657,0,0.155900,0.002415,0.841685
2658,1,0.002756,0.000466,0.996778
2659,1,0.013548,0.000489,0.985963
2660,0,0.001166,0.002276,0.996558
2661,0,0.985873,0.012771,0.001356
2662,0,0.790189,0.000834,0.208977
2663,1,0.001687,0.000270,0.998043
2664,1,0.579222,0.000953,0.419825
2665,0,0.100178,0.284790,0.615032
2666,1,0.992101,0.002225,0.005674
2667,1,0.991073,0.000844,0.008083
2668,1,0.002653,0.000292,0.997054
2669,1,0.012809,0.323267,0.663924
2670,0,0.001027,0.000323,0.998650
2671,0,0.001607,0.000376,0.998017
2672,1,0.109488,0.723543,0.166969
2673,1,0.000927,0.000357,0.998717
2674,1,0.019535,0.680255,0.300210
2675,1,0.873113,0.001322,0.125565
2676,1,0.210849,0.000543,0.788608
2677,1,0.993083,0.001948,0.004968
2678,1,0.892320,0.001416,0.106265
2679,1,0.053616,0.000564,0.945820
2680,1,0.061634,0.000605,0.937761
2681,0,0.102807,0.101646,0.795548
2682,0,0.494938,0.434100,0.070962
2683,1,0.077593,0.000448,0.921959
2684,0,0.964527,0.000768,0.034705
2685,1,0.057493,0.617618,0.324889
2686,0,0.000580,0.001124,0.998295
2687,0,0.001600,0.001946,0.996455
2688,0,0.030673,0.002251,0.967077
2689,0,0.073719,0.000922,0.925359
2690,0,0.003194,0.000306,0.996501
2691,1,0.958874,0.039989,0.001138
2692,0,0.001016,0.000490,0.998495
2693,1,0.972372,0.016018,0.011610
2694,0,0.004924,0.000297,0.994778
2695,1,0.666455,0.000808,0.332737
2696,1,0.330385,0.644731,0.024884
2697,0,0.795672,0.001077,0.203250
2698,0,0.001404,0.000425,0.998171
2699,0,0.000591,0.000812,0.998597
2700,0,0.116294,0.000710,0.882996
2701,0,0.985313,0.000694,0.013993
2702,1,0.987285,0.000653,0.012062
2703,1,0.002841,0.220075,0.777084
2704,0,0.990375,0.001027,0.008598
2705,0,0.001492,0.032996,0.965512
2706,0,0.000559,0.001752,0.997689
2707,1,0.188919,0.772528,0.038554
2708,1,0.985411,0.012111,0.002477
2709,1,0.021065,0.655162,0.323773
2710,0,0.001276,0.002337,0.996387
2711,0,0.002803,0.000304,0.996893
2712,1,0.000606,0.000782,0.998613
2713,0,0.000824,0.000397,0.998780
2714,0,0.994681,0.000750,0.004570
2715,0,0.001272,0.000349,0.998379
2716,0,0.001450,0.000710,0.997840
2717,0,0.993282,0.004044,0.002674
2718,1,0.019499,0.001295,0.979206
2719,1,0.017326,0.270659,0.712015
2720,1,0.037531,0.001773,0.960697
2721,1,0.484217,0.497082,0.018700
2722,0,0.778635,0.000895,0.220470
2723,1,0.995089,0.002296,0.002614
2724,1,0.979057,0.000630,0.020314
2725,1,0.004479,0.000294,0.995227
2726,1,0.001806,0.000285,0.997909
2727,0,0.984768,0.000968,0.014264
2728,0,0.000549,0.000526,0.998925
2729,1,0.996625,0.001447,0.001928
2730,1,0.936984,0.000710,0.062306
2731,1,0.038220,0.114777,0.847003
2732,1,0.996260,0.002542,0.001198
2733,0,0.276516,0.000867,0.722618
2734,1,0.022277,0.004720,0.973003
2735,1,0.995541,0.003327,0.001132
2736,1,0.513871,0.001040,0.485089
2737,0,0.002618,0.000324,0.997059
2738,1,0.006148,0.000848,0.993004
2739,1,0.021076,0.405829,0.573095
2740,1,0.117723,0.000769,0.881508
2741,0,0.533188,0.000879,0.465933
2742,0,0.004967,0.000323,0.994710
2743,0,0.002288,0.000317,0.997395
2744,1,0.061807,0.546425,0.391769
2745,1,0.000916,0.004471,0.994613
2746,0,0.009114,0.000313,0.990574
2747,0,0.000817,0.000382,0.998801
2748,0,0.000517,0.000673,0.998811
2749,1,0.001206,0.011456,0.987338
2750,1,0.265904,0.402277,0.331819
2751,1,0.006346,0.000655,0.992999
2752,1,0.001498,0.000326,0.998176
2753,1,0.022798,0.000482,0.976720
2754,1,0.748861,0.062483,0.188657
2755,1,0.995670,0.001249,0.003081
2756,0,0.776725,0.001049,0.222226
2757,0,0.000636,0.000564,0.998799
2758,0,0.047947,0.000496,0.951557
2759,1,0.589364,0.002567,0.408069
2760,1,0.079559,0.000437,0.920004
2761,1,0.002622,0.000272,0.997106
2762,1,0.880663,0.000770,0.118567
2763,1,0.983663,0.000714,0.015624
2764,0,0.211962,0.140933,0.647105
2765,0,0.018046,0.000332,0.981622
2766,0,0.016522,0.000363,0.983115
2767,0,0.855031,0.000788,0.144181
2768,0,0.361470,0.000740,0.637790
2769,0,0.066997,0.002484,0.930519
2770,0,0.000616,0.000417,0.998966
2771,0,0.002514,0.016781,0.980705
2772,0,0.001420,0.000291,0.998289
2773,0,0.384962,0.000719,0.614319
2774,1,0.994230,0.000812,0.004958
2775,1,0.027147,0.667632,0.305221
2776,0,0.010926,0.000381,0.988693
2777,0,0.005264,0.000307,0.994429
2778,0,0.000571,0.000526,0.998903
2779,1,0.989015,0.000987,0.009998
2780,0,0.012257,0.000504,0.987239
2781,0,0.984731,0.000882,0.014387
2782,1,0.003685,0.000360,0.995955
2783,0,0.024119,0.000915,0.974967
2784,0,0.033317,0.541632,0.425050
2785,1,0.420701,0.000925,0.578375
2786,1,0.004110,0.000260,0.995630
2787,0,0.010429,0.000325,0.989246
2788,1,0.983778,0.011579,0.004642
2789,1,0.005438,0.000337,0.994224
2790,0,0.661197,0.004035,0.334768
2791,1,0.991821,0.001122,0.007058
2792,0,0.004578,0.000337,0.995084
2793,1,0.004487,0.003996,0.991518
2794,1,0.001064,0.000316,0.998620
2795,0,0.000421,0.001480,0.998099
2796,0,0.990241,0.001203,0.008556
2797,1,0.926657,0.000621,0.072721
2798,0,0.000815,0.001055,0.998130
2799,0,0.001318,0.000302,0.998380
2800,1,0.962431,0.000900,0.036669
2801,0,0.001758,0.009771,0.988472
2802,0,0.261205,0.000805,0.737990
2803,1,0.995822,0.001093,0.003084
2804,0,0.003672,0.000288,0.996040
2805,0,0.013012,0.000350,0.986638
2806,0,0.042659,0.003079,0.954262
2807,1,0.996589,0.001580,0.001830
2808,1,0.652298,0.000986,0.346716
2809,1,0.085273,0.000429,0.914298
2810,1,0.808491,0.000719,0.190790
2811,1,0.786847,0.005224,0.207929
2812,1,0.993184,0.003295,0.003521
2813,1,0.985841,0.012870,0.001289
2814,1,0.992098,0.001355,0.006547
2815,1,0.505597,0.001052,0.493351
2816,1,0.017841,0.000354,0.981804
2817,1,0.982962,0.011615,0.005423
2818,0,0.001653,0.074756,0.923591
2819,1,0.965488,0.001145,0.033366
2820,1,0.961339,0.000948,0.037713
2821,0,0.010517,0.000350,0.989133
2822,0,0.992832,0.000730,0.006438
2823,1,0.015101,0.525827,0.459072
2824,1,0.153557,0.816041,0.030402
2825,0,0.000651,0.001168,0.998181
2826,0,0.001582,0.027284,0.971134
2827,1,0.005334,0.000306,0.994360
2828,0,0.000550,0.000455,0.998994
2829,0,0.000896,0.000406,0.998697
2830,1,0.990912,0.007131,0.001957
2831,0,0.027068,0.000362,0.972570
2832,0,0.000941,0.000332,0.998728
2833,1,0.671431,0.027044,0.301524
2834,1,0.978842,0.000755,0.020403
2835,1,0.048909,0.638619,0.312472
2836,1,0.020981,0.000394,0.978625
2837,1,0.984631,0.000772,0.014596
2838,1,0.955735,0.001065,0.043200
2839,0,0.001206,0.000360,0.998434
2840,0,0.001434,0.000362,0.998204
2841,1,0.001291,0.000480,0.998229
2842,1,0.370533,0.170164,0.459303
2843,1,0.993511,0.005624,0.000865
2844,1,0.995192,0.003459,0.001349
2845,1,0.000803,0.000538,0.998659
2846,1,0.795706,0.199823,0.004471
2847,1,0.995346,0.003549,0.001104
2848,1,0.572384,0.000949,0.426667
2849,1,0.785688,0.208113,0.006199
2850,1,0.989533,0.000725,0.009741
2851,1,0.993795,0.005406,0.000800
2852,1,0.996536,0.001938,0.001526
2853,0,0.000716,0.000592,0.998692
2854,1,0.019762,0.000394,0.979844
2855,0,0.563504,0.001091,0.435405
2856,1,0.995058,0.001010,0.003932
2857,1,0.966830,0.000603,0.032566
2858,1,0.000879,0.000348,0.998774
2859,1,0.617729,0.362494,0.019777
2860,1,0.034948,0.704283,0.260769
2861,1,0.000691,0.000489,0.998819
2862,0,0.006324,0.000274,0.993402
2863,1,0.986096,0.001037,0.012867
2864,1,0.197399,0.001061,0.801540
2865,1,0.992309,0.000885,0.006806
2866,1,0.983214,0.000940,0.015846
2867,1,0.008464,0.888277,0.103259
2868,0,0.713515,0.000763,0.285722
2869,1,0.987594,0.009753,0.002653
2870,1,0.715434,0.122279,0.162287
2871,0,0.006355,0.000276,0.993369
2872,1,0.571810,0.407444,0.020746
2873,0,0.020315,0.000385,0.979300
2874,0,0.146447,0.000700,0.852853
2875,0,0.001073,0.000332,0.998595
2876,0,0.070138,0.047444,0.882418
2877,0,0.007237,0.000330,0.992433
2878,0,0.000586,0.001799,0.997615
2879,0,0.005899,0.000276,0.993826
2880,1,0.920835,0.002487,0.076679
2881,0,0.003347,0.000263,0.996391
2882,1,0.995770,0.001296,0.002934
2883,0,0.006115,0.000313,0.993572
2884,1,0.000953,0.000335,0.998712
2885,0,0.003428,0.000260,0.996312
2886,0,0.983195,0.006916,0.009889
2887,0,0.000667,0.001135,0.998198
2888,1,0.049662,0.623533,0.326805
2889,0,0.000481,0.007302,0.992217
2890,0,0.005055,0.000436,0.994509
2891,0,0.001016,0.000307,0.998677
2892,1,0.634769,0.000976,0.364255
2893,0,0.100774,0.001583,0.897642
2894,1,0.986729,0.000973,0.012297
2895,1,0.674762,0.010898,0.314340
2896,1,0.004828,0.000381,0.994791
2897,0,0.046703,0.933730,0.019567
2898,0,0.003980,0.000291,0.995729
2899,0,0.000549,0.000647,0.998804
2900,0,0.000418,0.001592,0.997990
2901,0,0.416307,0.001077,0.582616
2902,1,0.069673,0.016063,0.914264
2903,0,0.000606,0.000546,0.998848
2904,0,0.971411,0.000707,0.027882
2905,0,0.000659,0.000416,0.998926
2906,0,0.000978,0.000419,0.998603
2907,1,0.045564,0.720068,0.234368
2908,1,0.002392,0.009954,0.987654
2909,0,0.925212,0.001153,0.073634
2910,1,0.867600,0.000744,0.131656
2911,1,0.155173,0.000701,0.844126
2912,1,0.996095,0.002916,0.000989
2913,1,0.029395,0.670327,0.300278
2914,1,0.972540,0.025744,0.001716
2915,1,0.995205,0.001077,0.003718
2916,1,0.986946,0.001288,0.011766
2917,1,0.996478,0.001444,0.002078
2918,1,0.005951,0.003305,0.990744
2919,0,0.003965,0.000332,0.995703
2920,0,0.706679,0.000843,0.292478
2921,1,0.017300,0.016019,0.966682
2922,0,0.007699,0.000421,0.991879
2923,0,0.008437,0.016303,0.975260
2924,1,0.572675,0.001254,0.426072
2925,1,0.006577,0.000300,0.993123
2926,1,0.000917,0.000340,0.998742
2927,1,0.171245,0.000766,0.827989
2928,1,0.436050,0.000769,0.563182
2929,0,0.001239,0.005302,0.993459
2930,0,0.704048,0.002408,0.293544
2931,1,0.605559,0.000816,0.393625
2932,0,0.000677,0.000397,0.998926
2933,0,0.002311,0.000644,0.997045
2934,1,0.992246,0.001546,0.006208
2935,1,0.000541,0.000481,0.998979
2936,0,0.002898,0.000283,0.996819
2937,1,0.012572,0.000345,0.987084
2938,1,0.055832,0.000595,0.943574
2939,1,0.001309,0.000310,0.998381
2940,0,0.001119,0.000316,0.998565
2941,1,0.970034,0.003264,0.026702
2942,1,0.010261,0.016941,0.972798
2943,0,0.001012,0.007886,0.991103
2944,0,0.000476,0.000605,0.998919
2945,0,0.000861,0.000627,0.998512
2946,0,0.021311,0.000597,0.978093
2947,1,0.891669,0.106124,0.002207
2948,0,0.412942,0.092761,0.494297
2949,1,0.520484,0.002065,0.477451
2950,1,0.039996,0.000947,0.959057
2951,0,0.001124,0.000331,0.998544
2952,1,0.028922,0.000418,0.970661
2953,0,0.001198,0.000329,0.998473
2954,0,0.025923,0.000359,0.973718
2955,0,0.003688,0.000296,0.996016
2956,1,0.994019,0.005156,0.000825
2957,1,0.186405,0.000718,0.812876
2958,0,0.018188,0.000349,0.981463
2959,0,0.000779,0.000379,0.998842
2960,0,0.015030,0.000490,0.984480
2961,0,0.037947,0.000993,0.961060
2962,0,0.029955,0.000361,0.969684
2963,0,0.000720,0.000750,0.998530
2964,0,0.002153,0.000269,0.997579
2965,0,0.913729,0.000748,0.085523
2966,1,0.983659,0.013230,0.003111
2967,0,0.000590,0.000521,0.998889
2968,0,0.021684,0.000384,0.977932
2969,0,0.974862,0.000845,0.024293
2970,0,0.002550,0.000270,0.997180
2971,0,0.069303,0.007989,0.922708
2972,0,0.000661,0.000402,0.998937
2973,0,0.012385,0.000433,0.987182
2974,1,0.951415,0.000740,0.047845
2975,0,0.003683,0.000343,0.995974
2976,1,0.026043,0.000399,0.973557
2977,1,0.745121,0.000735,0.254144
2978,1,0.003928,0.666156,0.329917
2979,0,0.001061,0.000320,0.998618
2980,0,0.763896,0.000851,0.235253
2981,1,0.064684,0.000778,0.934537
2982,0,0.003203,0.000255,0.996542
2983,0,0.000790,0.000385,0.998825
2984,1,0.958079,0.000604,0.041317
2985,0,0.058352,0.000446,0.941202
2986,1,0.962905,0.000834,0.036261
2987,1,0.001827,0.000298,0.997875
2988,1,0.000399,0.000827,0.998774
2989,0,0.000759,0.000881,0.998360
2990,0,0.002717,0.000346,0.996938
2991,0,0.133700,0.000685,0.865615
2992,1,0.186031,0.014812,0.799157
2993,1,0.001210,0.007649,0.991141
2994,1,0.960505,0.000678,0.038817
2995,0,0.627686,0.000753,0.371561
2996,1,0.001187,0.000388,0.998425
2997,0,0.005842,0.000292,0.993865
2998,0,0.000748,0.000465,0.998787
2999,0,0.000804,0.000489,0.998706
