row_id,gold,p_hate,p_offensive,p_normal
0,1,0.000753,0.000276,0.998971
1,1,0.005708,0.358373,0.635919
2,1,0.000692,0.000253,0.999054
3,1,0.315791,0.001429,0.682780
4,0,0.014552,0.062129,0.923320
5,0,0.037024,0.000563,0.962413
6,0,0.002069,0.000351,0.997580
7,0,0.004012,0.000224,0.995763
8,0,0.080425,0.000578,0.918997
9,0,0.165262,0.000492,0.834246
10,1,0.683349,0.301439,0.015211
11,0,0.870778,0.000822,0.128400
12,1,0.828902,0.001300,0.169798
13,0,0.000445,0.000282,0.999273
14,0,0.260890,0.001980,0.737130
15,0,0.024787,0.213614,0.761599
16,1,0.146301,0.003530,0.850169
17,1,0.002328,0.000347,0.997325
18,0,0.000482,0.000215,0.999303
19,1,0.071922,0.000556,0.927522
20,1,0.014552,0.000522,0.984926
21,0,0.003838,0.000264,0.995898
22,0,0.000959,0.000199,0.998842
23,0,0.407423,0.008205,0.584372
24,1,0.419078,0.056483,0.524439
25,0,0.001620,0.000309,0.998071
26,0,0.000325,0.000252,0.999423
27,1,0.326287,0.012227,0.661486
28,1,0.006786,0.000664,0.992550
29,1,0.000685,0.000344,0.998971
30,1,0.028078,0.000685,0.971237
31,1,0.012425,0.000599,0.986976
32,1,0.008501,0.000217,0.991282
33,0,0.043741,0.000480,0.955779
34,1,0.377722,0.000798,0.621480
35,0,0.102899,0.001468,0.895633
36,1,0.231228,0.001588,0.767184
37,1,0.009601,0.000218,0.990181
38,0,0.012474,0.000226,0.987300
39,1,0.989159,0.000561,0.010280
40,1,0.007498,0.000283,0.992219
41,0,0.003313,0.000267,0.996420
42,0,0.010863,0.000399,0.988738
43,0,0.001150,0.000473,0.998377
44,1,0.001273,0.000274,0.998453
45,0,0.012313,0.000234,0.987454
46,0,0.001760,0.000277,0.997963
47,0,0.029977,0.000518,0.969505
48,1,0.000888,0.000204,0.998908
49,0,0.373587,0.000865,0.625549
50,1,0.023174,0.000374,0.976452
51,0,0.002740,0.000189,0.997070
52,0,0.001478,0.000224,0.998298
53,0,0.000525,0.000210,0.999265
54,0,0.034878,0.000528,0.964594
55,1,0.000672,0.000192,0.999136
56,0,0.000399,0.000236,0.999365
57,1,0.990407,0.000741,0.008851
58,1,0.001633,0.000333,0.998033
59,0,0.000979,0.000259,0.998762
60,0,0.002972,0.000203,0.996825
61,1,0.959937,0.005301,0.034763
62,1,0.021928,0.376418,0.601654
63,0,0.013446,0.000371,0.986183
64,1,0.962491,0.000568,0.036941
65,1,0.903824,0.000689,0.095487
66,1,0.001116,0.000198,0.998686
67,1,0.010573,0.000344,0.989083
68,0,0.000791,0.000241,0.998967
69,1,0.993414,0.000455,0.006131
70,0,0.000589,0.000196,0.999214
71,1,0.004895,0.000354,0.994751
72,0,0.004978,0.000247,0.994776
73,0,0.008053,0.000339,0.991608
74,0,0.000744,0.000198,0.999057
75,0,0.810727,0.001545,0.187728
76,0,0.018931,0.000247,0.980821
77,1,0.685393,0.001053,0.313553
78,0,0.001628,0.000190,0.998182
79,0,0.000944,0.000266,0.998790
80,1,0.859923,0.001281,0.138796
81,0,0.000696,0.000226,0.999078
82,1,0.876595,0.001259,0.122146
83,0,0.688380,0.001276,0.310344
84,1,0.975668,0.000601,0.023731
85,1,0.005681,0.000228,0.994091
86,0,0.000477,0.000325,0.999198
87,0,0.054871,0.000946,0.944184
88,1,0.032663,0.000397,0.966941
89,0,0.018371,0.000497,0.981132
90,0,0.000409,0.000238,0.999353
91,1,0.081509,0.000459,0.918032
92,1,0.000569,0.000199,0.999232
93,1,0.422425,0.000785,0.576790
94,0,0.000982,0.000221,0.998797
95,1,0.838337,0.001291,0.160371
96,0,0.000390,0.000250,0.999360
97,1,0.432757,0.001372,0.565871
98,1,0.008142,0.000252,0.991606
99,1,0.004611,0.000836,0.994553
100,0,0.005105,0.000903,0.993992
101,0,0.128694,0.000445,0.870861
102,0,0.001286,0.000183,0.998532
103,1,0.039903,0.000326,0.959771
104,1,0.005028,0.000621,0.994350
105,1,0.311684,0.628787,0.059529
106,1,0.231228,0.001588,0.767184
107,1,0.425323,0.001161,0.573517
108,0,0.027357,0.077328,0.895315
109,0,0.049995,0.001040,0.948965
110,0,0.001789,0.000273,0.997938
111,1,0.034051,0.000590,0.965359
112,0,0.000599,0.000374,0.999027
113,0,0.000832,0.000182,0.998986
114,0,0.000468,0.000226,0.999305
115,1,0.633657,0.001343,0.365000
116,0,0.000423,0.000234,0.999342
117,0,0.000413,0.000234,0.999353
118,0,0.000683,0.000202,0.999115
119,1,0.368389,0.387560,0.244052
120,1,0.995948,0.000476,0.003576
121,0,0.000523,0.000242,0.999235
122,0,0.002963,0.000258,0.996779
123,1,0.012894,0.000814,0.986292
124,1,0.014251,0.007359,0.978390
125,0,0.002500,0.435367,0.562133
126,0,0.001200,0.000213,0.998587
127,1,0.951105,0.000672,0.048223
128,1,0.213924,0.000758,0.785318
129,1,0.983257,0.001411,0.015333
130,1,0.100302,0.000632,0.899066
131,1,0.000632,0.000216,0.999151
132,0,0.003321,0.000266,0.996413
133,0,0.001059,0.000212,0.998729
134,0,0.000526,0.000208,0.999266
135,1,0.001004,0.000443,0.998553
136,1,0.000495,0.000591,0.998915
137,0,0.003740,0.000330,0.995930
138,1,0.045259,0.000415,0.954327
139,0,0.000961,0.000223,0.998816
140,0,0.001110,0.000293,0.998596
141,0,0.916162,0.001330,0.082508
142,1,0.000416,0.000485,0.999099
143,0,0.006016,0.000276,0.993708
144,1,0.010193,0.000396,0.989411
145,0,0.000759,0.000259,0.998982
146,1,0.937335,0.000835,0.061829
147,0,0.003061,0.000241,0.996698
148,0,0.000564,0.000261,0.999175
149,0,0.013411,0.000868,0.985721
150,1,0.374970,0.000954,0.624076
151,0,0.001528,0.000616,0.997855
152,0,0.020831,0.000306,0.978863
153,0,0.384412,0.000897,0.614691
154,0,0.006098,0.000267,0.993635
155,1,0.000756,0.000278,0.998966
156,1,0.030456,0.000452,0.969092
157,1,0.000310,0.000381,0.999309
158,1,0.094017,0.000634,0.905348
159,0,0.015409,0.000327,0.984264
160,1,0.218378,0.000608,0.781013
161,0,0.001339,0.000229,0.998432
162,1,0.017112,0.000627,0.982261
163,1,0.000428,0.000283,0.999288
164,1,0.002811,0.000214,0.996975
165,0,0.027166,0.000514,0.972321
166,0,0.072387,0.000954,0.926659
167,0,0.000954,0.000514,0.998532
168,0,0.434863,0.009601,0.555536
169,1,0.787646,0.001140,0.211214
170,0,0.390520,0.000664,0.608816
171,0,0.000528,0.000228,0.999243
172,0,0.002553,0.000727,0.996720
173,0,0.019668,0.000458,0.979874
174,1,0.196469,0.001375,0.802156
175,0,0.001434,0.000324,0.998241
176,0,0.000918,0.000240,0.998843
177,0,0.965548,0.000665,0.033787
178,1,0.001093,0.000185,0.998721
179,0,0.003308,0.000204,0.996487
180,0,0.000411,0.000220,0.999368
181,1,0.651501,0.326392,0.022108
182,0,0.011362,0.000321,0.988316
183,0,0.005116,0.000236,0.994648
184,0,0.004943,0.001721,0.993336
185,0,0.013519,0.002017,0.984464
186,0,0.003194,0.000240,0.996566
187,1,0.012956,0.000639,0.986405
188,0,0.007110,0.000254,0.992636
189,0,0.191367,0.004804,0.803830
190,0,0.962614,0.000976,0.036409
191,0,0.000510,0.000208,0.999283
192,0,0.000639,0.000188,0.999173
193,0,0.000727,0.000666,0.998607
194,0,0.006062,0.004099,0.989839
195,0,0.234216,0.001130,0.764654
196,0,0.000613,0.000215,0.999172
197,1,0.003349,0.000393,0.996259
198,0,0.504349,0.001401,0.494250
199,0,0.871519,0.002621,0.125860
200,0,0.029847,0.000561,0.969592
201,0,0.005946,0.000633,0.993421
202,0,0.007926,0.000470,0.991604
203,0,0.000842,0.000253,0.998906
204,0,0.000952,0.000204,0.998844
205,0,0.033287,0.014480,0.952233
206,1,0.079239,0.001144,0.919617
207,1,0.985350,0.000805,0.013844
208,1,0.040967,0.005256,0.953777
209,1,0.000621,0.000242,0.999136
210,0,0.349678,0.000889,0.649433
211,1,0.002537,0.000478,0.996985
212,1,0.190759,0.012498,0.796743
213,1,0.767532,0.006794,0.225674
214,1,0.788224,0.001612,0.210165
215,1,0.510971,0.484177,0.004852
216,1,0.128723,0.001365,0.869912
217,1,0.001758,0.000240,0.998002
218,1,0.879920,0.001062,0.119018
219,1,0.000621,0.000242,0.999136
220,1,0.008123,0.000401,0.991476
221,1,0.128722,0.028039,0.843239
222,1,0.000621,0.000242,0.999136
223,1,0.079020,0.003631,0.917349
224,1,0.000933,0.000183,0.998884
225,1,0.001328,0.000266,0.998406
226,1,0.684035,0.002192,0.313773
227,1,0.000561,0.000258,0.999181
228,1,0.010252,0.261890,0.727858
229,1,0.004286,0.000508,0.995206
230,1,0.001899,0.000227,0.997873
231,1,0.003372,0.000816,0.995812
232,1,0.000621,0.000242,0.999136
233,1,0.000623,0.000216,0.999161
234,1,0.001734,0.000216,0.998051
235,1,0.000581,0.000495,0.998925
236,1,0.063658,0.663972,0.272370
237,1,0.964013,0.000668,0.035318
238,1,0.000621,0.000242,0.999136
239,1,0.995530,0.001110,0.003360
240,1,0.011732,0.512838,0.475430
241,1,0.005027,0.000906,0.994066
242,1,0.927295,0.001361,0.071344
243,1,0.980991,0.002836,0.016172
244,1,0.020563,0.798612,0.180825
245,1,0.087117,0.000855,0.912028
246,1,0.098450,0.002336,0.899214
247,1,0.299844,0.679165,0.020991
248,1,0.995244,0.001504,0.003252
249,1,0.000576,0.000266,0.999158
250,1,0.061927,0.001075,0.936998
251,1,0.000546,0.000215,0.999239
252,1,0.001127,0.000271,0.998601
253,1,0.007305,0.218597,0.774098
254,0,0.000579,0.000240,0.999182
255,1,0.037323,0.001129,0.961548
256,1,0.000426,0.000269,0.999305
257,1,0.000593,0.000233,0.999174
258,0,0.000639,0.000404,0.998956
259,1,0.002630,0.000292,0.997078
260,1,0.718520,0.001367,0.280113
261,0,0.001063,0.000234,0.998703
262,0,0.000955,0.000808,0.998237
263,1,0.019314,0.000221,0.980465
264,1,0.011526,0.000312,0.988163
265,1,0.385429,0.016837,0.597734
266,0,0.079041,0.000819,0.920140
267,1,0.923962,0.001070,0.074968
268,1,0.968648,0.001526,0.029826
269,1,0.000566,0.000298,0.999136
270,0,0.006697,0.000460,0.992843
271,1,0.008316,0.000262,0.991422
272,0,0.513121,0.001528,0.485351
273,0,0.027620,0.000622,0.971757
274,0,0.006861,0.001911,0.991227
275,0,0.431374,0.002174,0.566452
276,1,0.438007,0.004299,0.557693
277,0,0.073181,0.000557,0.926263
278,1,0.005902,0.000632,0.993466
279,1,0.992993,0.000784,0.006223
280,1,0.972121,0.000573,0.027306
281,0,0.001527,0.025510,0.972963
282,0,0.016939,0.000418,0.982643
283,1,0.000434,0.000229,0.999337
284,0,0.094464,0.001065,0.904471
285,1,0.003064,0.000410,0.996526
286,1,0.008439,0.000245,0.991315
287,0,0.101967,0.633597,0.264436
288,0,0.000850,0.000215,0.998935
289,1,0.714420,0.190923,0.094657
290,0,0.597356,0.001200,0.401444
291,0,0.020688,0.000800,0.978512
292,0,0.000696,0.000300,0.999004
293,0,0.004283,0.016766,0.978951
294,1,0.312471,0.000730,0.686799
295,0,0.000295,0.000316,0.999390
296,0,0.003107,0.000235,0.996659
297,0,0.251952,0.003791,0.744256
298,1,0.000414,0.000219,0.999367
299,0,0.001042,0.000236,0.998722
300,1,0.452321,0.001013,0.546666
301,1,0.669795,0.266480,0.063725
302,0,0.005471,0.000313,0.994216
303,1,0.991471,0.000840,0.007689
304,1,0.743160,0.001002,0.255838
305,1,0.050408,0.730948,0.218644
306,0,0.009554,0.000339,0.990107
307,0,0.011817,0.000311,0.987872
308,1,0.994737,0.000705,0.004559
309,0,0.003073,0.000239,0.996688
310,1,0.995421,0.000472,0.004107
311,0,0.994843,0.000817,0.004339
312,1,0.109341,0.479846,0.410813
313,1,0.644908,0.002410,0.352682
314,1,0.075458,0.000466,0.924076
315,0,0.000432,0.000273,0.999295
316,0,0.002343,0.000574,0.997083
317,0,0.002901,0.000240,0.996858
318,1,0.004041,0.000340,0.995619
319,0,0.000368,0.000275,0.999357
320,1,0.929964,0.001366,0.068670
321,0,0.000620,0.000271,0.999109
322,0,0.010413,0.000301,0.989286
323,1,0.511787,0.001336,0.486877
324,0,0.001448,0.000262,0.998290
325,0,0.183943,0.002139,0.813918
326,1,0.015418,0.641448,0.343134
327,1,0.044393,0.000499,0.955107
328,0,0.168065,0.033422,0.798513
329,1,0.994124,0.000669,0.005207
330,1,0.261588,0.509413,0.228999
331,1,0.988050,0.000700,0.011250
332,1,0.002135,0.000263,0.997603
333,0,0.000571,0.000261,0.999168
334,1,0.014840,0.000269,0.984891
335,0,0.099653,0.000867,0.899480
336,0,0.000327,0.000278,0.999395
337,1,0.015921,0.000592,0.983488
338,0,0.690888,0.001482,0.307630
339,0,0.003989,0.000323,0.995689
340,0,0.000340,0.000256,0.999404
341,1,0.957360,0.000910,0.041731
342,1,0.127852,0.001055,0.871093
343,0,0.000636,0.000241,0.999124
344,0,0.013370,0.000414,0.986216
345,0,0.884493,0.001811,0.113696
346,0,0.001831,0.000255,0.997913
347,1,0.001277,0.000258,0.998465
348,0,0.075773,0.011601,0.912626
349,0,0.948390,0.000601,0.051009
350,1,0.874668,0.001129,0.124203
351,0,0.014714,0.001246,0.984040
352,1,0.000458,0.000269,0.999273
353,0,0.000444,0.000382,0.999174
354,0,0.001895,0.108855,0.889251
355,1,0.007629,0.000470,0.991901
356,0,0.029090,0.000601,0.970309
357,0,0.001407,0.000224,0.998369
358,0,0.000473,0.000243,0.999284
359,0,0.000685,0.000267,0.999048
360,0,0.048940,0.000417,0.950643
361,0,0.000347,0.000245,0.999408
362,1,0.121504,0.006851,0.871645
363,0,0.000628,0.000282,0.999090
364,1,0.039595,0.002568,0.957837
365,1,0.000607,0.000310,0.999083
366,0,0.029985,0.000290,0.969726
367,1,0.002209,0.000399,0.997391
368,1,0.988549,0.000986,0.010465
369,1,0.135071,0.006291,0.858638
370,1,0.995656,0.001202,0.003142
371,1,0.931220,0.001090,0.067691
372,0,0.000510,0.000350,0.999139
373,1,0.772369,0.001328,0.226303
374,0,0.986528,0.000811,0.012661
375,1,0.000554,0.000222,0.999224
376,1,0.039537,0.003091,0.957372
377,0,0.436371,0.001378,0.562251
378,0,0.002776,0.000302,0.996922
379,0,0.000323,0.001368,0.998309
380,1,0.996612,0.001134,0.002254
381,0,0.000552,0.000234,0.999214
382,0,0.065031,0.007140,0.927829
383,1,0.904745,0.002271,0.092984
384,0,0.151768,0.001071,0.847162
385,0,0.091151,0.001121,0.907728
386,0,0.002135,0.000266,0.997599
387,0,0.000492,0.000237,0.999270
388,0,0.000996,0.000307,0.998697
389,0,0.001274,0.000283,0.998443
390,0,0.006727,0.047600,0.945674
391,0,0.000760,0.000221,0.999020
392,1,0.979554,0.001629,0.018817
393,1,0.060112,0.000834,0.939054
394,1,0.001025,0.000228,0.998747
395,1,0.812885,0.001691,0.185424
396,1,0.789392,0.008098,0.202510
397,1,0.963487,0.001040,0.035473
398,1,0.943238,0.001114,0.055648
399,1,0.996194,0.000674,0.003133
400,1,0.089061,0.001155,0.909785
401,1,0.009377,0.000217,0.990405
402,1,0.002440,0.000347,0.997213
403,0,0.012407,0.000507,0.987086
404,1,0.023611,0.000446,0.975943
405,1,0.000473,0.000213,0.999315
406,1,0.990491,0.000987,0.008522
407,1,0.729016,0.003462,0.267523
408,1,0.007776,0.000320,0.991904
409,1,0.000445,0.000211,0.999344
410,0,0.002203,0.000284,0.997513
411,1,0.159577,0.068580,0.771843
412,0,0.547291,0.002031,0.450678
413,0,0.000413,0.000250,0.999337
414,1,0.019378,0.000247,0.980375
415,0,0.000547,0.000212,0.999241
416,0,0.000763,0.001781,0.997456
417,1,0.986111,0.001066,0.012823
418,1,0.352873,0.632759,0.014369
419,0,0.000382,0.000242,0.999376
420,1,0.038187,0.651907,0.309906
421,0,0.577099,0.001004,0.421896
422,1,0.014063,0.000341,0.985596
423,1,0.124789,0.832988,0.042223
424,1,0.015111,0.000625,0.984264
425,1,0.996357,0.000707,0.002936
426,1,0.006555,0.000692,0.992753
427,0,0.000613,0.000240,0.999147
428,1,0.131267,0.001268,0.867465
429,1,0.245972,0.001253,0.752775
430,0,0.000386,0.000245,0.999370
431,0,0.000812,0.000196,0.998992
432,0,0.078540,0.000711,0.920749
433,0,0.001047,0.000403,0.998550
434,0,0.262033,0.000941,0.737026
435,0,0.622780,0.001387,0.375833
436,0,0.525347,0.001178,0.473475
437,0,0.000442,0.000277,0.999281
438,0,0.000547,0.000324,0.999129
439,1,0.661786,0.001752,0.336462
440,0,0.001245,0.000296,0.998459
441,0,0.002355,0.000258,0.997387
442,1,0.048745,0.000551,0.950704
443,0,0.120746,0.001770,0.877485
444,0,0.349382,0.004649,0.645970
445,0,0.931033,0.001551,0.067416
446,0,0.000488,0.000296,0.999216
447,1,0.994682,0.000870,0.004448
448,0,0.001265,0.000287,0.998448
449,1,0.532130,0.141304,0.326566
450,0,0.657056,0.006456,0.336488
451,0,0.001059,0.000354,0.998587
452,1,0.926366,0.002212,0.071422
453,0,0.002682,0.000232,0.997086
454,1,0.000960,0.000341,0.998699
455,0,0.008276,0.000525,0.991198
456,1,0.000698,0.000294,0.999008
457,0,0.000369,0.000272,0.999359
458,1,0.834044,0.001894,0.164062
459,0,0.000894,0.000258,0.998848
460,0,0.003262,0.000255,0.996483
461,0,0.000933,0.000224,0.998843
462,0,0.000449,0.000232,0.999318
463,1,0.989462,0.001357,0.009181
464,1,0.657900,0.314367,0.027733
465,1,0.046591,0.000697,0.952712
466,1,0.007673,0.001281,0.991046
467,0,0.000734,0.000290,0.998976
468,0,0.000547,0.000307,0.999147
469,1,0.150855,0.000900,0.848245
470,1,0.826725,0.003025,0.170250
471,1,0.822394,0.001919,0.175687
472,1,0.948579,0.001350,0.050071
473,0,0.042340,0.000560,0.957101
474,1,0.000524,0.000287,0.999188
475,0,0.001311,0.000249,0.998440
476,1,0.064845,0.826000,0.109155
477,0,0.002515,0.267877,0.729608
478,0,0.000832,0.000209,0.998958
479,1,0.360974,0.024455,0.614572
480,1,0.996102,0.000612,0.003287
481,0,0.000623,0.000216,0.999161
482,0,0.306881,0.001947,0.691172
483,0,0.000759,0.000373,0.998868
484,1,0.860317,0.003462,0.136222
485,0,0.450306,0.001269,0.548425
486,1,0.996362,0.000701,0.002937
487,1,0.000405,0.000228,0.999367
488,1,0.000923,0.000193,0.998883
489,0,0.000430,0.000490,0.999081
490,0,0.284819,0.001112,0.714069
491,0,0.001491,0.000489,0.998020
492,1,0.994121,0.000886,0.004993
493,0,0.101891,0.001105,0.897004
494,0,0.078946,0.000763,0.920291
495,0,0.000593,0.000248,0.999159
496,1,0.018588,0.000860,0.980551
497,0,0.000401,0.000253,0.999346
498,0,0.000318,0.000297,0.999385
499,0,0.002449,0.000432,0.997119
500,0,0.003669,0.000894,0.995437
501,0,0.001180,0.000621,0.998199
502,0,0.000905,0.000564,0.998531
503,0,0.001035,0.000179,0.998785
504,1,0.487556,0.001586,0.510858
505,0,0.181662,0.001906,0.816433
506,1,0.008458,0.000288,0.991254
507,1,0.042560,0.840827,0.116613
508,1,0.003797,0.000357,0.995847
509,1,0.511104,0.479214,0.009682
510,1,0.910390,0.000915,0.088695
511,0,0.163639,0.001001,0.835360
512,0,0.000713,0.000255,0.999032
513,0,0.979474,0.000939,0.019587
514,1,0.001119,0.000259,0.998622
515,1,0.042498,0.000687,0.956816
516,1,0.217437,0.002688,0.779876
517,0,0.017752,0.000808,0.981440
518,1,0.728201,0.264223,0.007576
519,1,0.940550,0.000781,0.058669
520,1,0.002325,0.000559,0.997117
521,1,0.949171,0.001401,0.049428
522,1,0.002918,0.000297,0.996786
523,0,0.738121,0.004993,0.256887
524,1,0.995956,0.000770,0.003275
525,0,0.013952,0.000359,0.985689
526,1,0.040947,0.000442,0.958611
527,1,0.982931,0.003417,0.013652
528,1,0.219631,0.641234,0.139135
529,1,0.137215,0.354438,0.508347
530,0,0.011099,0.000699,0.988202
531,0,0.000423,0.000221,0.999357
532,1,0.491004,0.000866,0.508130
533,1,0.361275,0.014937,0.623787
534,0,0.000488,0.000230,0.999282
535,1,0.004167,0.000330,0.995503
536,1,0.145414,0.000655,0.853932
537,0,0.000570,0.000216,0.999214
538,0,0.001088,0.000395,0.998517
539,0,0.627918,0.001061,0.371021
540,1,0.996369,0.000475,0.003155
541,1,0.001969,0.007976,0.990055
542,1,0.975619,0.000626,0.023754
543,1,0.008452,0.730832,0.260716
544,1,0.968507,0.001476,0.030017
545,0,0.000340,0.000256,0.999403
546,1,0.967655,0.001635,0.030710
547,0,0.001065,0.000198,0.998737
548,0,0.001465,0.000406,0.998128
549,0,0.148548,0.002714,0.848738
550,0,0.012176,0.000759,0.987065
551,0,0.955783,0.001574,0.042643
552,1,0.087094,0.000808,0.912099
553,1,0.993397,0.000943,0.005659
554,1,0.000565,0.000207,0.999228
555,0,0.003267,0.000337,0.996397
556,0,0.100497,0.000959,0.898543
557,0,0.000628,0.000279,0.999093
558,1,0.000811,0.000392,0.998797
559,0,0.000297,0.000614,0.999089
560,0,0.312993,0.005106,0.681902
561,0,0.027332,0.000381,0.972287
562,0,0.989322,0.000519,0.010160
563,1,0.732457,0.001273,0.266270
564,1,0.000565,0.000292,0.999143
565,1,0.858507,0.002139,0.139354
566,1,0.001383,0.000244,0.998373
567,1,0.000649,0.000248,0.999102
568,0,0.039358,0.000805,0.959837
569,1,0.997342,0.000579,0.002078
570,0,0.000569,0.000206,0.999226
571,1,0.334761,0.001138,0.664101
572,0,0.000434,0.000282,0.999284
573,1,0.962394,0.000425,0.037181
574,0,0.208364,0.000578,0.791058
575,1,0.960087,0.000986,0.038926
576,0,0.000343,0.000256,0.999402
577,0,0.006763,0.000805,0.992431
578,1,0.025488,0.000378,0.974133
579,0,0.000983,0.000254,0.998762
580,0,0.184522,0.003146,0.812332
581,1,0.473479,0.002445,0.524076
582,1,0.001148,0.000320,0.998532
583,1,0.171022,0.001608,0.827371
584,1,0.653888,0.005441,0.340671
585,1,0.889247,0.001504,0.109249
586,0,0.000667,0.000203,0.999130
587,1,0.182559,0.001234,0.816207
588,0,0.002138,0.000250,0.997612
589,0,0.000779,0.000512,0.998709
590,1,0.916679,0.003989,0.079331
591,1,0.010332,0.000303,0.989365
592,1,0.364639,0.000778,0.634582
593,0,0.907787,0.001072,0.091141
594,1,0.050246,0.867994,0.081760
595,1,0.371487,0.618667,0.009846
596,1,0.047959,0.539145,0.412896
597,0,0.205956,0.001291,0.792753
598,0,0.000500,0.000396,0.999104
599,0,0.001120,0.000298,0.998582
600,0,0.002435,0.000313,0.997252
601,0,0.435100,0.000987,0.563913
602,1,0.829828,0.001657,0.168515
603,0,0.174980,0.003006,0.822014
604,0,0.001948,0.000262,0.997790
605,1,0.687036,0.000905,0.312059
606,0,0.006728,0.000266,0.993006
607,1,0.209313,0.000686,0.790001
608,1,0.152900,0.006723,0.840378
609,0,0.860271,0.002307,0.137421
610,0,0.007931,0.001418,0.990651
611,1,0.000592,0.000302,0.999106
612,0,0.001078,0.000276,0.998646
613,1,0.000801,0.000359,0.998840
614,0,0.000584,0.000387,0.999030
615,0,0.004247,0.000234,0.995519
616,1,0.435557,0.001598,0.562845
617,0,0.000667,0.000364,0.998969
618,0,0.000374,0.000258,0.999368
619,0,0.002902,0.000185,0.996913
620,1,0.936790,0.000823,0.062386
621,1,0.000367,0.000262,0.999371
622,1,0.001526,0.000260,0.998214
623,1,0.991148,0.000910,0.007942
624,0,0.976885,0.000662,0.022453
625,1,0.012030,0.000528,0.987442
626,1,0.001430,0.526680,0.471890
627,0,0.000668,0.000328,0.999004
628,1,0.850214,0.000906,0.148880
629,1,0.569305,0.001880,0.428815
630,0,0.000336,0.000305,0.999360
631,0,0.017842,0.000708,0.981450
632,1,0.076800,0.001009,0.922190
633,1,0.007253,0.002955,0.989791
634,0,0.000774,0.000294,0.998932
635,0,0.023471,0.000334,0.976195
636,0,0.001428,0.000242,0.998330
637,0,0.005133,0.000199,0.994669
638,0,0.053190,0.000414,0.946396
639,1,0.961369,0.000708,0.037923
640,0,0.000489,0.000345,0.999166
641,1,0.993382,0.001494,0.005124
642,1,0.026052,0.822495,0.151453
643,1,0.260163,0.000630,0.739207
644,1,0.990206,0.000943,0.008851
645,1,0.001429,0.000684,0.997887
646,1,0.004461,0.000264,0.995276
647,1,0.995424,0.000819,0.003756
648,0,0.092149,0.000843,0.907008
649,0,0.928765,0.001357,0.069878
650,0,0.000709,0.000220,0.999071
651,0,0.511518,0.001378,0.487104
652,1,0.006477,0.000316,0.993207
653,1,0.981705,0.001361,0.016934
654,0,0.000701,0.000428,0.998871
655,0,0.021228,0.000738,0.978034
656,0,0.749122,0.173633,0.077245
657,1,0.000593,0.000210,0.999198
658,1,0.002042,0.000231,0.997727
659,1,0.009690,0.000405,0.989905
660,0,0.001721,0.000703,0.997577
661,0,0.000451,0.000231,0.999318
662,1,0.002823,0.000186,0.996991
663,1,0.004260,0.000575,0.995165
664,0,0.525207,0.005343,0.469451
665,1,0.986164,0.000524,0.013312
666,1,0.001263,0.044347,0.954391
667,0,0.000835,0.000300,0.998865
668,0,0.128232,0.002544,0.869224
669,0,0.860497,0.001620,0.137883
670,0,0.000646,0.000337,0.999017
671,1,0.483034,0.001008,0.515959
672,1,0.002044,0.000251,0.997706
673,0,0.003089,0.000208,0.996704
674,0,0.200067,0.001669,0.798263
675,0,0.915151,0.001477,0.083372
676,0,0.056231,0.008229,0.935540
677,1,0.445345,0.544571,0.010084
678,0,0.006976,0.000353,0.992671
679,0,0.444793,0.002750,0.552458
680,1,0.023942,0.011577,0.964481
681,1,0.668845,0.003556,0.327599
682,0,0.014442,0.000549,0.985009
683,0,0.206342,0.001643,0.792015
684,0,0.802315,0.001027,0.196659
685,1,0.033398,0.014814,0.951788
686,1,0.022453,0.000565,0.976983
687,0,0.000788,0.000268,0.998944
688,0,0.000541,0.000352,0.999107
689,0,0.004971,0.000341,0.994688
690,0,0.008543,0.000354,0.991102
691,0,0.018986,0.000447,0.980567
692,0,0.057588,0.000730,0.941682
693,1,0.001650,0.000522,0.997828
694,1,0.000421,0.000280,0.999298
695,0,0.073962,0.001047,0.924991
696,0,0.000482,0.000294,0.999224
697,0,0.173888,0.002187,0.823925
698,1,0.799384,0.001452,0.199164
699,1,0.061329,0.000684,0.937987
700,0,0.000387,0.000424,0.999190
701,1,0.025382,0.002457,0.972161
702,0,0.447364,0.001875,0.550761
703,0,0.009709,0.000461,0.989830
704,1,0.994351,0.000643,0.005005
705,0,0.052868,0.000428,0.946703
706,0,0.000436,0.000267,0.999297
707,0,0.003611,0.000475,0.995914
708,1,0.013351,0.000741,0.985908
709,1,0.681115,0.001317,0.317568
710,0,0.040005,0.000442,0.959553
711,0,0.000409,0.000239,0.999353
712,1,0.995887,0.000561,0.003552
713,1,0.051992,0.001103,0.946905
714,1,0.996343,0.001656,0.002001
715,0,0.001214,0.000214,0.998572
716,0,0.007051,0.000270,0.992680
717,0,0.990568,0.000692,0.008741
718,1,0.001268,0.000576,0.998157
719,1,0.159953,0.001177,0.838870
720,1,0.949998,0.002209,0.047793
721,0,0.012910,0.000329,0.986761
722,0,0.001001,0.000303,0.998696
723,1,0.001240,0.000217,0.998543
724,0,0.000538,0.000246,0.999215
725,1,0.991734,0.001308,0.006958
726,1,0.962694,0.000723,0.036582
727,1,0.974738,0.000774,0.024488
728,1,0.912200,0.000802,0.086998
729,1,0.961495,0.001267,0.037238
730,1,0.986909,0.000452,0.012639
731,1,0.983175,0.000542,0.016282
732,1,0.991435,0.000609,0.007956
733,1,0.935586,0.001361,0.063053
734,1,0.961218,0.001713,0.037069
735,1,0.000809,0.000348,0.998842
736,0,0.000344,0.000305,0.999352
737,0,0.795707,0.000974,0.203320
738,0,0.001885,0.000192,0.997923
739,1,0.996856,0.000463,0.002681
740,1,0.860567,0.002580,0.136853
741,1,0.000533,0.000223,0.999244
742,1,0.997774,0.000851,0.001375
743,1,0.751455,0.003223,0.245322
744,1,0.974750,0.000772,0.024477
745,0,0.179413,0.001220,0.819368
746,0,0.000310,0.000271,0.999419
747,1,0.442355,0.001294,0.556351
748,1,0.066880,0.816072,0.117048
749,0,0.236705,0.001809,0.761487
750,0,0.277622,0.001571,0.720807
751,0,0.108348,0.000835,0.890817
752,1,0.919921,0.001157,0.078921
753,0,0.002003,0.000253,0.997744
754,0,0.019761,0.000765,0.979474
755,0,0.000895,0.000260,0.998845
756,0,0.002603,0.000360,0.997038
757,0,0.000404,0.000266,0.999330
758,0,0.678667,0.250238,0.071095
759,0,0.000550,0.000282,0.999168
760,1,0.997316,0.000802,0.001882
761,1,0.002377,0.000212,0.997410
762,0,0.000330,0.000303,0.999366
763,0,0.261835,0.003327,0.734839
764,0,0.005316,0.000900,0.993783
765,0,0.005670,0.000209,0.994120
766,0,0.076239,0.001091,0.922669
767,1,0.963273,0.000908,0.035818
768,1,0.924836,0.001094,0.074070
769,0,0.024358,0.001164,0.974477
770,0,0.004862,0.000266,0.994872
771,1,0.000398,0.000284,0.999318
772,1,0.000369,0.001202,0.998429
773,0,0.000836,0.000192,0.998972
774,0,0.000540,0.000408,0.999052
775,0,0.007672,0.386081,0.606247
776,0,0.000768,0.000244,0.998988
777,0,0.000778,0.000390,0.998832
778,1,0.974735,0.000838,0.024427
779,0,0.000522,0.000227,0.999250
780,1,0.988699,0.001126,0.010175
781,0,0.000539,0.000252,0.999209
782,0,0.001921,0.000189,0.997891
783,0,0.023430,0.000508,0.976061
784,0,0.030499,0.001270,0.968230
785,0,0.452153,0.002293,0.545554
786,1,0.000889,0.008202,0.990909
787,0,0.979297,0.000660,0.020043
788,1,0.608452,0.001746,0.389802
789,1,0.122510,0.004101,0.873389
790,1,0.731204,0.240119,0.028677
791,1,0.056494,0.003859,0.939648
792,0,0.968586,0.000716,0.030698
793,1,0.963430,0.000565,0.036005
794,0,0.849480,0.002118,0.148402
795,1,0.610334,0.001724,0.387941
796,1,0.589927,0.003110,0.406963
797,0,0.001446,0.000273,0.998281
798,0,0.000945,0.000213,0.998842
799,1,0.067182,0.004221,0.928598
800,0,0.001285,0.000228,0.998486
801,1,0.171440,0.032546,0.796014
802,1,0.943696,0.000604,0.055700
803,1,0.954543,0.000831,0.044625
804,1,0.353439,0.088366,0.558196
805,1,0.349322,0.004107,0.646571
806,1,0.847437,0.002042,0.150521
807,1,0.757463,0.001483,0.241054
808,1,0.777944,0.001510,0.220546
809,1,0.996233,0.000666,0.003101
810,1,0.985584,0.000550,0.013866
811,1,0.000679,0.000227,0.999093
812,1,0.561287,0.001674,0.437039
813,1,0.122721,0.000580,0.876699
814,1,0.346925,0.000950,0.652126
815,1,0.624447,0.001543,0.374009
816,0,0.510828,0.002095,0.487078
817,0,0.801397,0.000659,0.197944
818,1,0.018050,0.000459,0.981491
819,1,0.798688,0.001095,0.200217
820,0,0.001409,0.000267,0.998324
821,1,0.749037,0.001998,0.248965
822,1,0.368554,0.002932,0.628514
823,1,0.523558,0.000815,0.475627
824,1,0.000989,0.000181,0.998831
825,1,0.000541,0.000389,0.999070
826,1,0.612278,0.000998,0.386723
827,0,0.001505,0.231508,0.766987
828,1,0.948366,0.001171,0.050462
829,0,0.002689,0.000428,0.996882
830,1,0.805426,0.002647,0.191927
831,0,0.000504,0.000246,0.999251
832,1,0.035424,0.001720,0.962857
833,1,0.016400,0.000337,0.983263
834,0,0.000777,0.000273,0.998950
835,1,0.988370,0.000944,0.010686
836,1,0.663886,0.001192,0.334921
837,1,0.793543,0.000542,0.205915
838,1,0.989838,0.001282,0.008879
839,1,0.015021,0.000372,0.984607
840,1,0.590388,0.003627,0.405985
841,1,0.077009,0.000892,0.922100
842,1,0.986682,0.000788,0.012530
843,0,0.203445,0.001004,0.795550
844,1,0.904032,0.000476,0.095492
845,1,0.868672,0.002153,0.129175
846,0,0.057852,0.006911,0.935237
847,0,0.709024,0.001115,0.289860
848,0,0.991586,0.000458,0.007956
849,0,0.016254,0.000582,0.983164
850,0,0.636047,0.001691,0.362262
851,1,0.000712,0.000203,0.999084
852,0,0.001686,0.000706,0.997608
853,0,0.003026,0.018279,0.978695
854,0,0.157399,0.001069,0.841532
855,0,0.007610,0.000800,0.991591
856,0,0.002930,0.000266,0.996804
857,0,0.478568,0.001063,0.520368
858,0,0.007633,0.000885,0.991482
859,1,0.509685,0.007921,0.482394
860,0,0.001004,0.000187,0.998809
861,1,0.000359,0.000271,0.999371
862,1,0.001737,0.000322,0.997941
863,0,0.005280,0.000384,0.994337
864,0,0.000664,0.000785,0.998551
865,1,0.742485,0.003675,0.253840
866,1,0.000349,0.000410,0.999241
867,0,0.476465,0.001477,0.522058
868,0,0.000384,0.000228,0.999388
869,0,0.001886,0.000304,0.997810
870,1,0.538349,0.000886,0.460765
871,1,0.000361,0.000235,0.999404
872,1,0.996728,0.001998,0.001275
873,1,0.000622,0.000199,0.999179
874,1,0.000393,0.000234,0.999374
875,0,0.003596,0.000238,0.996167
876,1,0.003718,0.000379,0.995903
877,1,0.995323,0.001810,0.002866
878,1,0.000603,0.000201,0.999196
879,0,0.000541,0.000256,0.999203
880,0,0.001433,0.000175,0.998392
881,0,0.000730,0.000338,0.998932
882,1,0.034062,0.001037,0.964901
883,0,0.001146,0.000214,0.998640
884,1,0.997270,0.000548,0.002182
885,0,0.000527,0.000214,0.999259
886,1,0.753693,0.000914,0.245393
887,0,0.000569,0.000216,0.999215
888,0,0.000306,0.000391,0.999304
889,0,0.975381,0.000723,0.023896
890,0,0.001065,0.000198,0.998737
891,0,0.001726,0.000274,0.998000
892,0,0.001596,0.000219,0.998185
893,1,0.788813,0.001550,0.209637
894,0,0.001817,0.000208,0.997976
895,0,0.001221,0.000174,0.998605
896,0,0.002474,0.000510,0.997015
897,0,0.006117,0.000241,0.993643
898,0,0.000898,0.000202,0.998900
899,0,0.004082,0.000868,0.995050
900,1,0.055441,0.000938,0.943621
901,0,0.123903,0.001892,0.874205
902,0,0.256812,0.001547,0.741640
903,0,0.200974,0.001715,0.797311
904,0,0.003045,0.000347,0.996608
905,0,0.000736,0.000213,0.999050
906,0,0.000753,0.000246,0.999001
907,0,0.993149,0.000572,0.006279
908,1,0.351598,0.002488,0.645914
909,0,0.000453,0.000257,0.999290
910,0,0.957897,0.000553,0.041550
911,0,0.025989,0.000382,0.973629
912,1,0.018607,0.000637,0.980756
913,0,0.838461,0.001758,0.159781
914,0,0.000393,0.000281,0.999326
915,1,0.040935,0.001159,0.957906
916,1,0.879686,0.013798,0.106516
917,1,0.979128,0.000808,0.020063
918,0,0.000422,0.000230,0.999348
919,1,0.329189,0.000968,0.669844
920,1,0.694902,0.000863,0.304235
921,0,0.000426,0.000249,0.999325
922,0,0.010768,0.002764,0.986468
923,0,0.030100,0.000414,0.969486
924,0,0.066464,0.000542,0.932994
925,1,0.064769,0.006840,0.928391
926,0,0.000315,0.000345,0.999340
927,1,0.997572,0.000762,0.001666
928,0,0.000887,0.000250,0.998863
929,0,0.000757,0.000237,0.999005
930,0,0.000634,0.000458,0.998908
931,1,0.055145,0.000864,0.943991
932,0,0.025426,0.001815,0.972759
933,0,0.000779,0.000221,0.999000
934,1,0.000736,0.021486,0.977778
935,1,0.280714,0.001534,0.717752
936,0,0.137545,0.001962,0.860493
937,0,0.231449,0.002836,0.765714
938,0,0.001973,0.000343,0.997684
939,0,0.007815,0.000298,0.991887
940,0,0.001147,0.000499,0.998354
941,0,0.306224,0.000799,0.692978
942,0,0.006374,0.000310,0.993316
943,1,0.941753,0.004058,0.054188
944,0,0.000676,0.000189,0.999136
945,1,0.968381,0.000865,0.030754
946,1,0.201739,0.689482,0.108779
947,1,0.001935,0.000315,0.997750
948,0,0.000947,0.000308,0.998745
949,0,0.000420,0.000235,0.999346
950,1,0.000645,0.000268,0.999087
951,1,0.126968,0.001328,0.871704
952,0,0.000670,0.000204,0.999126
953,1,0.010319,0.000345,0.989336
954,1,0.101574,0.001154,0.897272
955,0,0.000846,0.000280,0.998874
956,1,0.168536,0.151740,0.679724
957,0,0.026408,0.024204,0.949388
958,0,0.021810,0.000265,0.977926
959,0,0.001102,0.000291,0.998607
960,0,0.001983,0.000277,0.997741
961,0,0.001076,0.000356,0.998568
962,0,0.197563,0.001801,0.800636
963,0,0.122800,0.000914,0.876286
964,1,0.023697,0.000437,0.975866
965,0,0.005504,0.000308,0.994189
966,0,0.003224,0.000234,0.996543
967,0,0.004108,0.000476,0.995416
968,0,0.005033,0.000259,0.994707
969,0,0.004727,0.000308,0.994965
970,0,0.000383,0.000271,0.999347
971,0,0.000330,0.000356,0.999314
972,0,0.000668,0.000273,0.999059
973,1,0.953642,0.000877,0.045481
974,0,0.985585,0.000435,0.013980
975,0,0.049365,0.000335,0.950300
976,0,0.005732,0.000211,0.994057
977,1,0.989223,0.002177,0.008600
978,1,0.031903,0.000867,0.967230
979,1,0.001320,0.000349,0.998331
980,0,0.170063,0.003098,0.826839
981,1,0.681286,0.001355,0.317359
982,0,0.000784,0.000252,0.998964
983,1,0.639493,0.003212,0.357296
984,0,0.358870,0.003469,0.637662
985,1,0.637132,0.002023,0.360845
986,1,0.938950,0.002476,0.058574
987,1,0.000677,0.000247,0.999076
988,1,0.944673,0.001145,0.054182
989,0,0.000503,0.000534,0.998963
990,0,0.980556,0.001151,0.018293
991,0,0.001115,0.000282,0.998603
992,1,0.969869,0.000660,0.029471
993,1,0.001442,0.000451,0.998107
994,1,0.024161,0.796902,0.178938
995,1,0.944824,0.001233,0.053943
996,0,0.736289,0.001690,0.262021
997,0,0.004759,0.000580,0.994662
998,1,0.488341,0.003061,0.508599
999,1,0.792572,0.002799,0.204629
1000,1,0.927963,0.000797,0.071241
1001,1,0.065848,0.001223,0.932929
1002,1,0.072159,0.005249,0.922592
1003,0,0.074333,0.000497,0.925170
1004,1,0.977062,0.000778,0.022160
1005,0,0.821436,0.000745,0.177819
1006,1,0.409120,0.004358,0.586522
1007,1,0.303813,0.005989,0.690197
1008,0,0.000426,0.000243,0.999332
1009,0,0.017812,0.000269,0.981919
1010,1,0.006053,0.000271,0.993676
1011,0,0.043359,0.000641,0.956001
1012,0,0.028253,0.001326,0.970421
1013,0,0.001996,0.000263,0.997741
1014,1,0.816641,0.000820,0.182539
1015,1,0.421081,0.474437,0.104481
1016,1,0.118774,0.000560,0.880667
1017,1,0.385968,0.003230,0.610802
1018,1,0.491960,0.002592,0.505447
1019,0,0.004545,0.000518,0.994937
1020,0,0.506552,0.001432,0.492016
1021,1,0.036463,0.000332,0.963205
1022,0,0.000719,0.000187,0.999094
1023,1,0.499622,0.006769,0.493609
1024,1,0.005498,0.000231,0.994271
1025,1,0.981768,0.000507,0.017725
1026,1,0.978155,0.000872,0.020973
1027,1,0.005219,0.010590,0.984191
1028,1,0.899784,0.000898,0.099318
1029,1,0.985187,0.001307,0.013505
1030,0,0.629168,0.000800,0.370032
1031,1,0.509818,0.004151,0.486031
1032,1,0.000959,0.000241,0.998800
1033,0,0.085459,0.001051,0.913490
1034,1,0.994479,0.000831,0.004690
1035,0,0.000865,0.000235,0.998900
1036,1,0.589530,0.003186,0.407283
1037,0,0.849956,0.000999,0.149045
1038,1,0.968994,0.000513,0.030493
1039,1,0.962231,0.000899,0.036870
1040,1,0.994904,0.001010,0.004086
1041,1,0.362699,0.001798,0.635504
1042,1,0.422075,0.001119,0.576806
1043,0,0.024484,0.000687,0.974829
1044,1,0.802636,0.001037,0.196327
1045,1,0.759990,0.001112,0.238898
1046,1,0.422116,0.555991,0.021892
1047,1,0.003818,0.000305,0.995877
1048,0,0.002427,0.000244,0.997328
1049,0,0.950024,0.000810,0.049166
1050,0,0.000511,0.000215,0.999274
1051,0,0.000507,0.000271,0.999222
1052,0,0.001845,0.000203,0.997952
1053,1,0.000840,0.000173,0.998987
1054,0,0.092998,0.000358,0.906644
1055,0,0.000679,0.000232,0.999089
1056,1,0.918517,0.001793,0.079690
1057,0,0.000873,0.000181,0.998946
1058,0,0.000371,0.000250,0.999378
1059,0,0.001561,0.000213,0.998226
1060,0,0.000494,0.000241,0.999265
1061,0,0.942271,0.001107,0.056622
1062,1,0.639892,0.121245,0.238862
1063,0,0.619959,0.001241,0.378801
1064,0,0.007637,0.000893,0.991470
1065,0,0.001961,0.000420,0.997619
1066,0,0.484416,0.001813,0.513771
1067,0,0.061783,0.000818,0.937399
1068,0,0.003220,0.000328,0.996451
1069,1,0.978992,0.001160,0.019848
1070,1,0.000498,0.000246,0.999255
1071,1,0.217419,0.000575,0.782006
1072,0,0.011149,0.000442,0.988409
1073,0,0.905296,0.000732,0.093972
1074,0,0.003855,0.000489,0.995656
1075,1,0.023088,0.000736,0.976176
1076,1,0.011005,0.804217,0.184779
1077,0,0.187869,0.001184,0.810948
1078,0,0.002618,0.010500,0.986881
1079,0,0.000599,0.000602,0.998798
1080,0,0.000808,0.000206,0.998986
1081,0,0.000235,0.000407,0.999358
1082,0,0.005167,0.000229,0.994604
1083,0,0.995046,0.000459,0.004494
1084,1,0.891691,0.000771,0.107538
1085,0,0.000747,0.000277,0.998976
1086,0,0.000685,0.000190,0.999125
1087,1,0.168358,0.009580,0.822062
1088,1,0.182301,0.002615,0.815084
1089,1,0.465628,0.001211,0.533161
1090,0,0.235194,0.001124,0.763682
1091,0,0.420228,0.002074,0.577698
1092,0,0.000686,0.000305,0.999009
1093,0,0.746852,0.000873,0.252275
1094,0,0.006374,0.000310,0.993316
1095,0,0.888578,0.002782,0.108640
1096,0,0.000735,0.000559,0.998706
1097,1,0.008715,0.000488,0.990798
1098,0,0.004355,0.000227,0.995419
1099,0,0.989335,0.000572,0.010093
1100,1,0.993057,0.000666,0.006276
1101,1,0.000838,0.000260,0.998903
1102,1,0.986433,0.000889,0.012678
1103,1,0.163767,0.380996,0.455238
1104,1,0.759568,0.004083,0.236349
1105,0,0.000660,0.000284,0.999056
1106,1,0.495009,0.001363,0.503628
1107,1,0.642334,0.001347,0.356318
1108,1,0.401000,0.048430,0.550570
1109,1,0.601278,0.001209,0.397513
1110,0,0.000332,0.000241,0.999427
1111,0,0.027703,0.001441,0.970856
1112,1,0.160468,0.000482,0.839050
1113,1,0.037647,0.000648,0.961706
1114,1,0.001742,0.061898,0.936360
1115,0,0.022355,0.001716,0.975929
1116,1,0.000434,0.000224,0.999343
1117,1,0.003662,0.000291,0.996048
1118,0,0.992142,0.000447,0.007410
1119,0,0.013062,0.000474,0.986464
1120,1,0.985368,0.000446,0.014186
1121,0,0.000583,0.000257,0.999160
1122,1,0.938325,0.000976,0.060700
1123,1,0.997335,0.000819,0.001846
1124,1,0.975109,0.001169,0.023723
1125,1,0.423122,0.012567,0.564310
1126,1,0.008200,0.728115,0.263686
1127,1,0.760858,0.001287,0.237855
1128,1,0.676143,0.001092,0.322765
1129,1,0.002652,0.000199,0.997148
1130,1,0.000672,0.000301,0.999027
1131,1,0.877510,0.001168,0.121322
1132,1,0.882177,0.000849,0.116973
1133,0,0.129506,0.001804,0.868690
1134,1,0.088441,0.664817,0.246742
1135,1,0.998370,0.000879,0.000752
1136,1,0.675680,0.001495,0.322824
1137,1,0.046052,0.000555,0.953394
1138,1,0.018432,0.001591,0.979977
1139,1,0.003637,0.000282,0.996081
1140,0,0.000999,0.000286,0.998715
1141,0,0.000948,0.000172,0.998880
1142,0,0.002322,0.000202,0.997476
1143,0,0.003553,0.000358,0.996089
1144,0,0.190729,0.001349,0.807922
1145,0,0.039542,0.000975,0.959484
1146,1,0.797168,0.000894,0.201938
1147,0,0.612317,0.001347,0.386336
1148,0,0.038482,0.012410,0.949108
1149,0,0.932961,0.000913,0.066126
1150,0,0.004326,0.000177,0.995497
1151,0,0.107298,0.001855,0.890847
1152,0,0.000635,0.000200,0.999165
1153,0,0.000346,0.000294,0.999360
1154,0,0.000753,0.000288,0.998958
1155,1,0.243995,0.708909,0.047096
1156,0,0.000859,0.000211,0.998930
1157,0,0.681046,0.001333,0.317620
1158,0,0.000414,0.000224,0.999362
1159,1,0.002307,0.000262,0.997431
1160,1,0.975476,0.001281,0.023243
1161,1,0.001197,0.000308,0.998495
1162,0,0.259358,0.001891,0.738751
1163,1,0.008874,0.000474,0.990652
1164,1,0.022527,0.000745,0.976728
1165,1,0.008909,0.000251,0.990840
1166,1,0.535734,0.183755,0.280511
1167,1,0.268308,0.000605,0.731087
1168,1,0.777329,0.000899,0.221772
1169,1,0.014221,0.000406,0.985373
1170,0,0.006085,0.000729,0.993186
1171,1,0.990487,0.000792,0.008721
1172,1,0.778069,0.002822,0.219109
1173,1,0.945391,0.000834,0.053775
1174,0,0.588727,0.010923,0.400350
1175,0,0.000534,0.000244,0.999221
1176,0,0.001497,0.000383,0.998120
1177,0,0.002882,0.000328,0.996790
1178,0,0.000415,0.000302,0.999283
1179,1,0.997827,0.000930,0.001243
1180,1,0.921931,0.001647,0.076422
1181,1,0.049241,0.001331,0.949428
1182,0,0.000407,0.000244,0.999349
1183,1,0.013394,0.000293,0.986313
1184,1,0.043240,0.001170,0.955590
1185,0,0.002890,0.000528,0.996582
1186,0,0.000533,0.000257,0.999210
1187,0,0.000572,0.000259,0.999169
1188,0,0.003580,0.000353,0.996068
1189,0,0.000544,0.000225,0.999231
1190,1,0.013196,0.000728,0.986075
1191,1,0.946692,0.000899,0.052408
1192,0,0.000891,0.000214,0.998895
1193,0,0.001728,0.010223,0.988049
1194,1,0.815464,0.001090,0.183446
1195,1,0.080995,0.001997,0.917008
1196,1,0.617445,0.001283,0.381271
1197,0,0.000387,0.000250,0.999363
1198,0,0.000722,0.000197,0.999081
1199,1,0.675105,0.001336,0.323559
1200,0,0.000484,0.000284,0.999232
1201,0,0.005111,0.000261,0.994628
1202,1,0.966182,0.001472,0.032346
1203,1,0.000498,0.000262,0.999240
1204,1,0.555977,0.001518,0.442504
1205,0,0.992985,0.000702,0.006313
1206,1,0.000670,0.000294,0.999037
1207,1,0.001928,0.000297,0.997775
1208,1,0.446484,0.092778,0.460738
1209,1,0.268824,0.000914,0.730262
1210,1,0.651364,0.001008,0.347628
1211,1,0.668305,0.001417,0.330278
1212,1,0.014294,0.000234,0.985473
1213,1,0.052603,0.796341,0.151056
1214,1,0.024609,0.000589,0.974802
1215,0,0.677445,0.001198,0.321357
1216,0,0.000540,0.000254,0.999206
1217,1,0.650816,0.001490,0.347695
1218,0,0.000368,0.000292,0.999340
1219,0,0.000461,0.000320,0.999219
1220,0,0.001571,0.000378,0.998051
1221,1,0.625643,0.001266,0.373091
1222,0,0.000568,0.000214,0.999218
1223,0,0.000718,0.000222,0.999060
1224,0,0.269248,0.004647,0.726106
1225,1,0.959978,0.000742,0.039281
1226,0,0.959677,0.000796,0.039527
1227,1,0.027659,0.579433,0.392909
1228,0,0.000497,0.000276,0.999227
1229,1,0.026523,0.000894,0.972582
1230,1,0.001484,0.000185,0.998331
1231,0,0.000468,0.000382,0.999150
1232,0,0.001653,0.000287,0.998060
1233,1,0.843780,0.001880,0.154340
1234,0,0.005214,0.000568,0.994219
1235,0,0.000555,0.000244,0.999201
1236,0,0.001629,0.000279,0.998092
1237,0,0.001014,0.000320,0.998667
1238,0,0.006126,0.000295,0.993580
1239,0,0.000464,0.000514,0.999023
1240,1,0.025874,0.000507,0.973619
1241,0,0.000423,0.000234,0.999343
1242,0,0.066367,0.000767,0.932865
1243,0,0.000650,0.000215,0.999135
1244,0,0.000896,0.000208,0.998896
1245,0,0.709970,0.001624,0.288406
1246,1,0.039373,0.000406,0.960221
1247,0,0.001027,0.000324,0.998649
1248,0,0.086608,0.000483,0.912910
1249,0,0.000735,0.000208,0.999057
1250,0,0.949742,0.000793,0.049466
1251,0,0.000525,0.000259,0.999216
1252,0,0.430255,0.001298,0.568447
1253,0,0.001546,0.009928,0.988526
1254,0,0.002175,0.001909,0.995916
1255,0,0.001735,0.000381,0.997884
1256,0,0.001647,0.000214,0.998138
1257,0,0.002074,0.000240,0.997687
1258,1,0.024456,0.000507,0.975037
1259,0,0.001465,0.000799,0.997736
1260,0,0.042631,0.000359,0.957010
1261,0,0.995873,0.000602,0.003525
1262,0,0.002182,0.001155,0.996663
1263,0,0.000389,0.000288,0.999323
1264,0,0.023050,0.002373,0.974576
1265,0,0.001881,0.000208,0.997910
1266,0,0.974071,0.000832,0.025097
1267,1,0.459848,0.527957,0.012195
1268,0,0.001533,0.000174,0.998293
1269,0,0.021064,0.000563,0.978374
1270,0,0.112524,0.001286,0.886190
1271,1,0.611072,0.001317,0.387610
1272,0,0.000526,0.000238,0.999235
1273,0,0.001200,0.000273,0.998528
1274,0,0.003876,0.000289,0.995835
1275,0,0.000450,0.000291,0.999260
1276,0,0.000585,0.000328,0.999087
1277,0,0.000620,0.000398,0.998982
1278,0,0.001822,0.000378,0.997800
1279,0,0.013284,0.000359,0.986356
1280,0,0.000455,0.000259,0.999287
1281,0,0.002585,0.000437,0.996978
1282,0,0.124276,0.001177,0.874547
1283,0,0.000353,0.000268,0.999378
1284,0,0.000463,0.000237,0.999299
1285,0,0.119508,0.008967,0.871525
1286,0,0.071667,0.000915,0.927418
1287,0,0.000510,0.000203,0.999287
1288,1,0.002392,0.000243,0.997365
1289,1,0.000461,0.000205,0.999334
1290,1,0.030749,0.000398,0.968854
1291,0,0.000787,0.000250,0.998963
1292,0,0.000745,0.000217,0.999038
1293,1,0.000523,0.000265,0.999212
1294,0,0.000582,0.000255,0.999164
1295,0,0.000579,0.000382,0.999039
1296,1,0.075127,0.001254,0.923619
1297,1,0.450199,0.021259,0.528541
1298,1,0.038363,0.000459,0.961178
1299,1,0.582509,0.034084,0.383408
1300,0,0.002339,0.000364,0.997297
1301,0,0.009579,0.000311,0.990110
1302,1,0.000935,0.000551,0.998514
1303,0,0.996895,0.000602,0.002503
1304,0,0.010964,0.186017,0.803019
1305,1,0.916719,0.000740,0.082541
1306,1,0.002808,0.000281,0.996911
1307,1,0.005432,0.000406,0.994162
1308,1,0.698588,0.000919,0.300493
1309,0,0.000702,0.009863,0.989435
1310,1,0.888905,0.000915,0.110180
1311,0,0.003279,0.000628,0.996093
1312,1,0.010108,0.344554,0.645338
1313,1,0.001015,0.000243,0.998741
1314,1,0.003542,0.000368,0.996090
1315,0,0.015515,0.000524,0.983961
1316,1,0.000989,0.000268,0.998743
1317,0,0.000852,0.000326,0.998822
1318,0,0.022248,0.000616,0.977136
1319,1,0.993246,0.000616,0.006138
1320,0,0.002252,0.000462,0.997285
1321,0,0.000687,0.000457,0.998856
1322,1,0.985461,0.000685,0.013854
1323,1,0.708576,0.003462,0.287962
1324,0,0.955234,0.001652,0.043114
1325,0,0.902338,0.001308,0.096354
1326,1,0.030043,0.721382,0.248574
1327,1,0.002087,0.000287,0.997626
1328,1,0.996689,0.000725,0.002586
1329,1,0.000979,0.000219,0.998802
1330,0,0.000747,0.000231,0.999022
1331,0,0.004150,0.000283,0.995567
1332,0,0.002266,0.001502,0.996233
1333,1,0.026653,0.505562,0.467786
1334,1,0.991017,0.000633,0.008350
1335,0,0.000666,0.000208,0.999126
1336,0,0.001659,0.000507,0.997834
1337,1,0.000631,0.000330,0.999038
1338,0,0.000344,0.000311,0.999345
1339,0,0.000517,0.000248,0.999235
1340,0,0.000623,0.000248,0.999129
1341,1,0.040637,0.000410,0.958952
1342,0,0.184387,0.002049,0.813564
1343,1,0.309945,0.003200,0.686856
1344,0,0.000724,0.000195,0.999081
1345,0,0.022510,0.000363,0.977127
1346,0,0.000904,0.000443,0.998653
1347,0,0.001825,0.000421,0.997754
1348,1,0.324388,0.002148,0.673464
1349,0,0.049785,0.000512,0.949703
1350,0,0.000590,0.000247,0.999163
1351,0,0.000503,0.000258,0.999239
1352,1,0.968585,0.007813,0.023602
1353,1,0.431172,0.005954,0.562874
1354,0,0.000941,0.000667,0.998392
1355,1,0.002963,0.000375,0.996661
1356,1,0.248412,0.356102,0.395486
1357,1,0.002783,0.000309,0.996909
1358,0,0.000938,0.000270,0.998792
1359,0,0.001898,0.000331,0.997772
1360,1,0.806114,0.002095,0.191792
1361,1,0.713407,0.001661,0.284932
1362,0,0.006454,0.000402,0.993144
1363,0,0.000718,0.001118,0.998164
1364,0,0.254470,0.023447,0.722083
1365,1,0.158115,0.004421,0.837463
1366,1,0.036073,0.178459,0.785469
1367,0,0.000976,0.000180,0.998844
1368,0,0.004089,0.000332,0.995580
1369,0,0.001059,0.000309,0.998632
1370,0,0.002105,0.000337,0.997557
1371,1,0.005597,0.000278,0.994125
1372,1,0.189682,0.002931,0.807386
1373,1,0.045148,0.002026,0.952826
1374,1,0.990648,0.000712,0.008640
1375,0,0.000571,0.000232,0.999197
1376,0,0.000612,0.000232,0.999155
1377,1,0.028528,0.000600,0.970873
1378,1,0.120036,0.001157,0.878806
1379,1,0.000463,0.000273,0.999264
1380,1,0.001816,0.000430,0.997754
1381,1,0.886856,0.004011,0.109133
1382,1,0.067960,0.000608,0.931432
1383,1,0.000477,0.000257,0.999266
1384,0,0.673590,0.001519,0.324891
1385,0,0.127097,0.001032,0.871871
1386,0,0.000504,0.000214,0.999282
1387,1,0.039038,0.786822,0.174139
1388,0,0.000360,0.000262,0.999378
1389,0,0.026391,0.001400,0.972209
1390,1,0.649994,0.084282,0.265724
1391,1,0.819407,0.001358,0.179235
1392,0,0.225131,0.001418,0.773451
1393,1,0.968969,0.000744,0.030286
1394,1,0.055602,0.000773,0.943624
1395,0,0.004745,0.000301,0.994954
1396,1,0.004610,0.000348,0.995042
1397,0,0.001095,0.000196,0.998709
1398,1,0.006998,0.000269,0.992733
1399,1,0.746181,0.010380,0.243439
1400,1,0.022078,0.000403,0.977519
1401,0,0.130756,0.000879,0.868366
1402,0,0.058188,0.000818,0.940994
1403,0,0.015322,0.000561,0.984117
1404,1,0.148081,0.000839,0.851080
1405,0,0.000858,0.000246,0.998896
1406,1,0.418971,0.000690,0.580339
1407,0,0.004227,0.000801,0.994972
1408,1,0.119734,0.609935,0.270331
1409,1,0.884821,0.001793,0.113386
1410,1,0.978656,0.001190,0.020154
1411,0,0.310613,0.129212,0.560175
1412,0,0.000301,0.000418,0.999280
1413,1,0.013811,0.002756,0.983433
1414,0,0.000435,0.000251,0.999315
1415,1,0.024171,0.000959,0.974870
1416,1,0.998012,0.001175,0.000813
1417,1,0.000550,0.000297,0.999154
1418,1,0.668270,0.002679,0.329051
1419,1,0.054228,0.000442,0.945329
1420,1,0.968553,0.014794,0.016653
1421,1,0.995485,0.000634,0.003881
1422,0,0.926851,0.000906,0.072242
1423,0,0.000483,0.000221,0.999296
1424,1,0.006593,0.000294,0.993113
1425,0,0.173233,0.000818,0.825949
1426,0,0.001003,0.000236,0.998761
1427,1,0.812766,0.000847,0.186387
1428,0,0.000557,0.000248,0.999195
1429,1,0.918254,0.001596,0.080151
1430,1,0.875400,0.001478,0.123121
1431,1,0.147081,0.000853,0.852066
1432,1,0.875404,0.001468,0.123129
1433,0,0.000303,0.000722,0.998975
1434,0,0.991132,0.001086,0.007783
1435,1,0.926094,0.001545,0.072361
1436,1,0.001557,0.000250,0.998193
1437,1,0.990283,0.000645,0.009072
1438,0,0.000676,0.000237,0.999086
1439,0,0.001071,0.000234,0.998695
1440,1,0.457013,0.001162,0.541825
1441,1,0.684767,0.012758,0.302475
1442,0,0.008080,0.000329,0.991591
1443,0,0.000560,0.000277,0.999163
1444,1,0.775966,0.175257,0.048777
1445,1,0.618906,0.000711,0.380383
1446,1,0.091710,0.611138,0.297152
1447,1,0.375050,0.209614,0.415336
1448,1,0.000479,0.000262,0.999258
1449,0,0.001301,0.000191,0.998507
1450,1,0.414009,0.001321,0.584670
1451,0,0.003276,0.001044,0.995680
1452,1,0.962873,0.000426,0.036701
1453,1,0.938199,0.000472,0.061329
1454,1,0.046385,0.003410,0.950205
1455,1,0.145027,0.000851,0.854122
1456,0,0.000381,0.000698,0.998922
1457,0,0.000686,0.000298,0.999015
1458,0,0.017342,0.000297,0.982361
1459,1,0.643788,0.001203,0.355008
1460,1,0.001278,0.000216,0.998507
1461,0,0.004537,0.000274,0.995189
1462,1,0.974540,0.000581,0.024879
1463,0,0.002380,0.000303,0.997317
1464,1,0.969289,0.000810,0.029902
1465,1,0.002154,0.000230,0.997616
1466,1,0.994326,0.000434,0.005240
1467,0,0.009361,0.000356,0.990283
1468,1,0.574652,0.006379,0.418969
1469,1,0.011198,0.000291,0.988511
1470,0,0.804975,0.000898,0.194127
1471,0,0.002555,0.000311,0.997134
1472,1,0.995984,0.000862,0.003154
1473,1,0.990592,0.000435,0.008973
1474,0,0.000914,0.000313,0.998773
1475,0,0.000548,0.000232,0.999220
1476,1,0.934998,0.000750,0.064253
1477,0,0.000983,0.000348,0.998669
1478,0,0.000448,0.000289,0.999263
1479,0,0.003986,0.000258,0.995756
1480,0,0.006707,0.000265,0.993028
1481,0,0.000379,0.000245,0.999376
1482,0,0.000383,0.000241,0.999376
1483,1,0.987424,0.000599,0.011978
1484,0,0.020257,0.000769,0.978974
1485,0,0.000667,0.000256,0.999077
1486,1,0.004279,0.000659,0.995062
1487,0,0.004794,0.000656,0.994550
1488,0,0.713217,0.003970,0.282813
1489,0,0.000524,0.000257,0.999219
1490,1,0.183440,0.002387,0.814173
1491,0,0.004531,0.000372,0.995097
1492,1,0.002056,0.000242,0.997702
1493,0,0.008685,0.000310,0.991004
1494,1,0.968239,0.002433,0.029328
1495,1,0.295720,0.400527,0.303752
1496,0,0.003341,0.000351,0.996308
1497,0,0.223471,0.001146,0.775384
1498,0,0.007019,0.000435,0.992545
1499,1,0.000653,0.000334,0.999012
1500,1,0.024055,0.000633,0.975312
1501,0,0.005825,0.000186,0.993990
1502,0,0.993085,0.000664,0.006251
1503,1,0.049240,0.000514,0.950246
1504,1,0.749188,0.001367,0.249445
1505,0,0.005447,0.000529,0.994024
1506,0,0.972158,0.000888,0.026954
1507,0,0.001966,0.000323,0.997711
1508,0,0.735319,0.001053,0.263627
1509,1,0.563360,0.316016,0.120624
1510,1,0.132094,0.000622,0.867284
1511,0,0.936718,0.000681,0.062600
1512,1,0.009151,0.000360,0.990490
1513,0,0.000507,0.000270,0.999223
1514,0,0.000623,0.000216,0.999161
1515,0,0.007406,0.001816,0.990778
1516,0,0.088380,0.001621,0.909999
1517,0,0.003524,0.000296,0.996180
1518,0,0.377430,0.003085,0.619486
1519,1,0.000975,0.247233,0.751792
1520,1,0.844672,0.002362,0.152967
1521,0,0.646005,0.005471,0.348524
1522,0,0.000550,0.000267,0.999183
1523,0,0.000434,0.000239,0.999328
1524,0,0.000615,0.000311,0.999074
1525,0,0.000328,0.000268,0.999404
1526,0,0.001637,0.000248,0.998115
1527,0,0.000640,0.000252,0.999108
1528,0,0.000368,0.000259,0.999374
1529,0,0.000461,0.000314,0.999225
1530,0,0.000717,0.000251,0.999033
1531,0,0.001289,0.000255,0.998456
1532,0,0.049987,0.000503,0.949511
1533,1,0.011299,0.002253,0.986448
1534,0,0.000577,0.000371,0.999052
1535,1,0.988527,0.000414,0.011059
1536,1,0.989469,0.000941,0.009591
1537,1,0.195944,0.000755,0.803301
1538,1,0.945887,0.000650,0.053463
1539,1,0.914693,0.000584,0.084723
1540,1,0.021596,0.000483,0.977922
1541,0,0.488498,0.001824,0.509678
1542,0,0.000514,0.000243,0.999242
1543,0,0.104300,0.000580,0.895120
1544,0,0.075783,0.342480,0.581737
1545,0,0.048719,0.000849,0.950432
1546,0,0.000579,0.000265,0.999155
1547,0,0.002153,0.000354,0.997493
1548,1,0.656001,0.005043,0.338956
1549,1,0.991847,0.001272,0.006881
1550,0,0.868850,0.002234,0.128916
1551,0,0.000434,0.000288,0.999278
1552,0,0.003211,0.000241,0.996548
1553,1,0.839177,0.000699,0.160125
1554,1,0.010850,0.000262,0.988888
1555,0,0.000311,0.000269,0.999420
1556,0,0.153707,0.002093,0.844200
1557,1,0.643207,0.003911,0.352883
1558,0,0.000530,0.000266,0.999204
1559,0,0.008287,0.000756,0.990957
1560,0,0.896375,0.001564,0.102061
1561,0,0.006080,0.003222,0.990698
1562,0,0.013334,0.000345,0.986322
1563,1,0.972644,0.000763,0.026593
1564,0,0.008019,0.000457,0.991524
1565,0,0.000563,0.000250,0.999188
1566,1,0.734738,0.000794,0.264468
1567,1,0.703942,0.000963,0.295095
1568,0,0.000795,0.000416,0.998788
1569,1,0.369875,0.003076,0.627049
1570,1,0.907368,0.001289,0.091343
1571,1,0.977629,0.000953,0.021419
1572,0,0.002349,0.000263,0.997387
1573,0,0.000323,0.000303,0.999374
1574,1,0.000389,0.000223,0.999388
1575,0,0.000624,0.000309,0.999067
1576,0,0.462281,0.001029,0.536690
1577,1,0.001213,0.000289,0.998498
1578,0,0.000491,0.000357,0.999151
1579,0,0.000429,0.000239,0.999332
1580,0,0.776897,0.001741,0.221362
1581,0,0.912651,0.001631,0.085718
1582,1,0.462373,0.002100,0.535528
1583,1,0.987584,0.001599,0.010817
1584,0,0.000512,0.000203,0.999285
1585,0,0.051324,0.002759,0.945917
1586,0,0.088275,0.001275,0.910450
1587,0,0.905348,0.000771,0.093881
1588,0,0.002719,0.000192,0.997089
1589,1,0.155477,0.001497,0.843026
1590,0,0.017724,0.006655,0.975621
1591,1,0.996837,0.000791,0.002372
1592,0,0.980573,0.001691,0.017736
1593,1,0.002875,0.000474,0.996651
1594,0,0.001512,0.000378,0.998111
1595,1,0.205086,0.412912,0.382002
1596,1,0.009371,0.000411,0.990218
1597,0,0.666640,0.001130,0.332230
1598,0,0.000614,0.000434,0.998952
1599,0,0.237385,0.003567,0.759048
1600,1,0.244871,0.000720,0.754409
1601,0,0.000371,0.000284,0.999345
1602,1,0.016860,0.000387,0.982753
1603,1,0.022856,0.000581,0.976563
1604,1,0.975763,0.000629,0.023608
1605,1,0.001472,0.000465,0.998063
1606,1,0.710251,0.002825,0.286924
1607,1,0.961097,0.000947,0.037956
1608,0,0.133288,0.000849,0.865863
1609,1,0.431123,0.001382,0.567495
1610,0,0.022664,0.000315,0.977021
1611,1,0.980230,0.000788,0.018982
1612,1,0.014123,0.000291,0.985586
1613,1,0.942103,0.000955,0.056942
1614,0,0.949652,0.000623,0.049725
1615,1,0.021727,0.000287,0.977986
1616,0,0.000614,0.000198,0.999188
1617,0,0.004706,0.000275,0.995019
1618,1,0.720585,0.001072,0.278343
1619,1,0.704334,0.000872,0.294794
1620,1,0.997276,0.000579,0.002146
1621,1,0.001028,0.000344,0.998628
1622,1,0.344280,0.000922,0.654799
1623,1,0.001547,0.000326,0.998127
1624,1,0.606918,0.001267,0.391814
1625,0,0.982832,0.000571,0.016597
1626,1,0.738986,0.000755,0.260259
1627,1,0.993508,0.000579,0.005913
1628,1,0.994470,0.000478,0.005052
1629,1,0.000879,0.000201,0.998920
1630,1,0.000585,0.000277,0.999138
1631,1,0.001977,0.000233,0.997790
1632,1,0.000546,0.002631,0.996822
1633,0,0.010723,0.000270,0.989007
1634,0,0.000463,0.000290,0.999247
1635,1,0.984616,0.001466,0.013918
1636,1,0.000915,0.000188,0.998897
1637,0,0.000637,0.000202,0.999161
1638,1,0.336729,0.000989,0.662282
1639,0,0.000366,0.000304,0.999330
1640,0,0.036835,0.000307,0.962857
1641,0,0.001303,0.000334,0.998363
1642,0,0.008192,0.000891,0.990917
1643,0,0.107155,0.000993,0.891853
1644,1,0.020464,0.000929,0.978608
1645,1,0.204486,0.000844,0.794671
1646,1,0.000897,0.000241,0.998861
1647,1,0.466044,0.001786,0.532170
1648,0,0.002516,0.000545,0.996938
1649,1,0.880650,0.002956,0.116394
1650,1,0.996468,0.001291,0.002241
1651,1,0.042043,0.000381,0.957576
1652,1,0.198491,0.000898,0.800611
1653,0,0.020907,0.000382,0.978711
1654,1,0.071406,0.000554,0.928041
1655,1,0.008839,0.001129,0.990031
1656,1,0.011121,0.001379,0.987501
1657,0,0.001119,0.001881,0.997000
1658,1,0.989890,0.000551,0.009559
1659,1,0.586930,0.001040,0.412030
1660,0,0.002194,0.000343,0.997463
1661,0,0.032033,0.000687,0.967280
1662,0,0.004010,0.000208,0.995782
1663,0,0.008071,0.000779,0.991150
1664,0,0.680545,0.001838,0.317617
1665,1,0.017421,0.000712,0.981866
1666,1,0.978397,0.000916,0.020687
1667,1,0.152460,0.001433,0.846107
1668,1,0.546997,0.001037,0.451966
1669,1,0.000483,0.000255,0.999263
1670,0,0.000875,0.000186,0.998939
1671,0,0.000388,0.000487,0.999125
1672,1,0.004239,0.000240,0.995521
1673,0,0.996018,0.000892,0.003090
1674,0,0.000580,0.000259,0.999161
1675,0,0.001129,0.000258,0.998613
1676,0,0.001666,0.000277,0.998057
1677,0,0.000815,0.000203,0.998983
1678,0,0.001106,0.000178,0.998716
1679,1,0.820033,0.001663,0.178304
1680,1,0.991386,0.000517,0.008097
1681,1,0.978700,0.000573,0.020727
1682,1,0.164451,0.003246,0.832303
1683,0,0.170174,0.001940,0.827886
1684,0,0.000757,0.000358,0.998885
1685,0,0.000767,0.000211,0.999023
1686,0,0.001794,0.000256,0.997950
1687,1,0.002604,0.000212,0.997184
1688,1,0.994892,0.000498,0.004610
1689,1,0.978801,0.000817,0.020382
1690,1,0.956559,0.001321,0.042120
1691,0,0.017051,0.002735,0.980214
1692,1,0.870772,0.001061,0.128166
1693,0,0.002090,0.000220,0.997690
1694,0,0.106765,0.001843,0.891392
1695,1,0.001162,0.001234,0.997604
1696,0,0.000456,0.000214,0.999330
1697,0,0.000424,0.000276,0.999300
1698,1,0.000859,0.000224,0.998917
1699,1,0.000772,0.000274,0.998954
1700,1,0.041749,0.000604,0.957647
1701,1,0.993520,0.001245,0.005236
1702,0,0.001043,0.000169,0.998788
1703,1,0.987929,0.000837,0.011234
1704,0,0.000481,0.000368,0.999151
1705,1,0.679976,0.229703,0.090322
1706,1,0.009386,0.000683,0.989931
1707,1,0.000578,0.000250,0.999172
1708,0,0.000400,0.000264,0.999336
1709,0,0.961160,0.000606,0.038234
1710,0,0.003145,0.000550,0.996305
1711,1,0.497213,0.001669,0.501118
1712,0,0.823217,0.007497,0.169287
1713,1,0.673526,0.002449,0.324026
1714,0,0.007134,0.001423,0.991444
1715,1,0.003444,0.000327,0.996228
1716,1,0.001806,0.000227,0.997968
1717,0,0.233637,0.001148,0.765215
1718,0,0.000489,0.000275,0.999236
1719,1,0.140914,0.085854,0.773232
1720,0,0.001214,0.000198,0.998588
1721,1,0.700072,0.015323,0.284605
1722,1,0.220707,0.001190,0.778103
1723,0,0.000378,0.000273,0.999350
1724,1,0.892762,0.001446,0.105791
1725,1,0.990839,0.000768,0.008394
1726,0,0.000378,0.000243,0.999379
1727,1,0.996820,0.000441,0.002739
1728,0,0.710260,0.004535,0.285205
1729,1,0.036756,0.001025,0.962219
1730,0,0.000636,0.000272,0.999091
1731,1,0.682241,0.002513,0.315245
1732,0,0.002277,0.000223,0.997500
1733,0,0.647853,0.002151,0.349996
1734,1,0.907319,0.001488,0.091193
1735,0,0.000747,0.000207,0.999045
1736,0,0.182712,0.003038,0.814250
1737,0,0.000316,0.000288,0.999396
1738,0,0.001362,0.000187,0.998451
1739,1,0.000233,0.000387,0.999379
1740,1,0.833516,0.003185,0.163299
1741,0,0.001893,0.000233,0.997874
1742,1,0.001628,0.000416,0.997956
1743,0,0.082674,0.000528,0.916798
1744,0,0.001759,0.000315,0.997927
1745,0,0.831529,0.002082,0.166388
1746,1,0.006202,0.000363,0.993435
1747,1,0.818015,0.001206,0.180779
1748,1,0.661641,0.002841,0.335518
1749,0,0.012719,0.000402,0.986879
1750,1,0.005262,0.000489,0.994249
1751,1,0.989153,0.001300,0.009547
1752,0,0.000831,0.000256,0.998913
1753,0,0.001370,0.000293,0.998337
1754,0,0.004259,0.000192,0.995549
1755,1,0.986308,0.000799,0.012893
1756,1,0.314844,0.022881,0.662276
1757,0,0.136134,0.001387,0.862479
1758,1,0.142278,0.005486,0.852236
1759,1,0.002448,0.000354,0.997198
1760,1,0.006083,0.000471,0.993446
1761,0,0.009088,0.000450,0.990463
1762,0,0.114529,0.002746,0.882724
1763,0,0.947756,0.001813,0.050431
1764,1,0.007199,0.000427,0.992374
1765,1,0.982388,0.002962,0.014649
1766,1,0.000477,0.000244,0.999279
1767,0,0.000504,0.000262,0.999234
1768,0,0.001728,0.000235,0.998037
1769,0,0.018637,0.000656,0.980707
1770,1,0.000605,0.000273,0.999122
1771,1,0.000679,0.000258,0.999062
1772,0,0.055195,0.000958,0.943847
1773,1,0.000918,0.000257,0.998825
1774,1,0.210244,0.058293,0.731463
1775,0,0.019248,0.000999,0.979753
1776,0,0.000514,0.000239,0.999247
1777,0,0.000491,0.000222,0.999287
1778,1,0.326166,0.038873,0.634961
1779,0,0.015863,0.000289,0.983848
1780,1,0.002886,0.000314,0.996800
1781,1,0.499827,0.295614,0.204559
1782,1,0.199782,0.000557,0.799660
1783,0,0.000415,0.000248,0.999338
1784,1,0.922622,0.001324,0.076053
1785,1,0.996989,0.001170,0.001841
1786,1,0.703797,0.001567,0.294635
1787,1,0.022512,0.672822,0.304667
1788,1,0.857722,0.001393,0.140886
1789,1,0.934906,0.001049,0.064045
1790,0,0.000458,0.000345,0.999197
1791,0,0.000744,0.000252,0.999004
1792,1,0.884502,0.002108,0.113390
1793,1,0.001159,0.000322,0.998519
1794,1,0.984855,0.001420,0.013725
1795,1,0.562696,0.002312,0.434993
1796,0,0.027526,0.001545,0.970929
1797,1,0.028075,0.589099,0.382826
1798,1,0.420162,0.016748,0.563091
1799,0,0.000950,0.000639,0.998411
1800,1,0.079276,0.009826,0.910898
1801,1,0.467367,0.002240,0.530393
1802,0,0.001291,0.000218,0.998491
1803,1,0.768849,0.224503,0.006647
1804,1,0.016506,0.000264,0.983230
1805,0,0.000376,0.000624,0.999000
1806,0,0.000854,0.000263,0.998883
1807,1,0.962535,0.001062,0.036403
1808,0,0.001123,0.000198,0.998679
1809,0,0.503525,0.001351,0.495124
1810,1,0.450572,0.006395,0.543034
1811,1,0.996343,0.000605,0.003053
1812,0,0.003152,0.000374,0.996473
1813,1,0.413186,0.001524,0.585291
1814,0,0.996622,0.000624,0.002755
1815,0,0.000492,0.000255,0.999253
1816,0,0.000540,0.000331,0.999129
1817,1,0.000524,0.000257,0.999219
1818,1,0.279844,0.001636,0.718520
1819,0,0.063968,0.001552,0.934480
1820,0,0.192021,0.000774,0.807205
1821,1,0.431717,0.001547,0.566736
1822,0,0.075146,0.001282,0.923573
1823,0,0.001728,0.105872,0.892400
1824,0,0.073828,0.001256,0.924916
1825,0,0.000967,0.000210,0.998823
1826,0,0.000838,0.000395,0.998767
1827,0,0.000953,0.000224,0.998822
1828,0,0.000372,0.000301,0.999327
1829,0,0.000876,0.000229,0.998895
1830,1,0.012893,0.000277,0.986830
1831,0,0.059215,0.000457,0.940329
1832,0,0.000745,0.000252,0.999004
1833,0,0.000418,0.000262,0.999320
1834,1,0.419190,0.001191,0.579618
1835,0,0.002787,0.000181,0.997032
1836,0,0.032645,0.000762,0.966593
1837,0,0.000695,0.000202,0.999102
1838,1,0.076446,0.000395,0.923159
1839,1,0.996219,0.003244,0.000537
1840,1,0.995288,0.000683,0.004029
1841,0,0.000702,0.000188,0.999110
1842,0,0.001104,0.000206,0.998690
1843,1,0.973370,0.000688,0.025942
1844,1,0.937997,0.001298,0.060705
1845,0,0.017090,0.041439,0.941471
1846,0,0.000431,0.000234,0.999334
1847,0,0.023665,0.000391,0.975944
1848,0,0.002646,0.000351,0.997003
1849,0,0.000796,0.000307,0.998896
1850,1,0.407776,0.001647,0.590578
1851,1,0.014960,0.000895,0.984145
1852,0,0.000929,0.000511,0.998560
1853,0,0.001111,0.000219,0.998670
1854,1,0.992200,0.000458,0.007342
1855,1,0.028771,0.000586,0.970644
1856,0,0.002744,0.000216,0.997040
1857,0,0.723620,0.010386,0.265994
1858,0,0.018850,0.000606,0.980544
1859,0,0.000512,0.000238,0.999250
1860,0,0.000452,0.000233,0.999315
1861,1,0.004491,0.000194,0.995315
1862,0,0.000731,0.000201,0.999068
1863,1,0.000496,0.000205,0.999299
1864,0,0.013771,0.000500,0.985729
1865,1,0.917289,0.000645,0.082066
1866,0,0.001293,0.000262,0.998445
1867,1,0.000742,0.000302,0.998956
1868,1,0.000526,0.000214,0.999260
1869,1,0.955236,0.000864,0.043900
1870,1,0.993120,0.000507,0.006373
1871,1,0.371853,0.002397,0.625750
1872,0,0.000514,0.000230,0.999256
1873,1,0.229754,0.004141,0.766104
1874,0,0.000671,0.000232,0.999097
1875,1,0.017904,0.000325,0.981770
1876,1,0.089975,0.002567,0.907458
1877,1,0.995017,0.000669,0.004314
1878,1,0.737331,0.000952,0.261717
1879,0,0.633676,0.001560,0.364764
1880,0,0.311680,0.016083,0.672236
1881,1,0.994309,0.000986,0.004705
1882,0,0.000412,0.000271,0.999317
1883,0,0.070462,0.000713,0.928826
1884,0,0.001237,0.000192,0.998571
1885,1,0.022970,0.002514,0.974517
1886,1,0.048865,0.000494,0.950640
1887,1,0.964517,0.001029,0.034454
1888,1,0.987823,0.001065,0.011112
1889,0,0.993141,0.000477,0.006383
1890,1,0.991518,0.000647,0.007835
1891,1,0.364472,0.004393,0.631135
1892,1,0.405419,0.001039,0.593542
1893,1,0.498531,0.001070,0.500399
1894,1,0.950056,0.000621,0.049324
1895,0,0.002045,0.000291,0.997664
1896,0,0.123897,0.001171,0.874932
1897,1,0.991115,0.000871,0.008013
1898,1,0.020378,0.000494,0.979128
1899,1,0.237441,0.001527,0.761032
1900,1,0.988524,0.001844,0.009632
1901,1,0.020405,0.747913,0.231682
1902,1,0.000615,0.061353,0.938031
1903,1,0.002669,0.000375,0.996956
1904,1,0.991378,0.001027,0.007595
1905,1,0.054401,0.001093,0.944505
1906,1,0.992333,0.001244,0.006423
1907,0,0.978002,0.000675,0.021323
1908,0,0.000742,0.000218,0.999040
1909,0,0.001851,0.000188,0.997961
1910,0,0.620799,0.003615,0.375587
1911,0,0.004735,0.000232,0.995033
1912,0,0.996821,0.000538,0.002641
1913,0,0.022198,0.002286,0.975516
1914,0,0.017931,0.000553,0.981515
1915,1,0.000658,0.000519,0.998823
1916,1,0.851629,0.002141,0.146230
1917,0,0.003231,0.000183,0.996586
1918,1,0.798788,0.002193,0.199019
1919,0,0.191727,0.000862,0.807411
1920,0,0.042881,0.000322,0.956797
1921,0,0.001543,0.000412,0.998045
1922,0,0.000700,0.000279,0.999022
1923,0,0.006977,0.000359,0.992665
1924,0,0.034651,0.001198,0.964151
1925,0,0.000404,0.000322,0.999274
1926,0,0.003305,0.000369,0.996327
1927,0,0.081045,0.000631,0.918324
1928,1,0.837900,0.002140,0.159961
1929,1,0.994372,0.000591,0.005037
1930,1,0.000905,0.000522,0.998573
1931,1,0.173493,0.001932,0.824575
1932,1,0.943994,0.000785,0.055221
1933,0,0.015923,0.000245,0.983832
1934,0,0.002242,0.000181,0.997577
1935,0,0.001737,0.000323,0.997940
1936,0,0.003059,0.000770,0.996171
1937,0,0.488274,0.006876,0.504850
1938,1,0.013754,0.000491,0.985755
1939,1,0.790667,0.005738,0.203594
1940,0,0.000680,0.000375,0.998944
1941,0,0.000834,0.000346,0.998820
1942,0,0.000649,0.000216,0.999134
1943,1,0.000955,0.000232,0.998813
1944,1,0.009105,0.000216,0.990680
1945,0,0.001123,0.000777,0.998100
1946,1,0.222040,0.299999,0.477962
1947,1,0.096698,0.000801,0.902501
1948,1,0.041115,0.000654,0.958231
1949,1,0.000726,0.000383,0.998891
1950,0,0.022225,0.000771,0.977004
1951,0,0.475431,0.001329,0.523239
1952,1,0.020378,0.745318,0.234304
1953,0,0.000864,0.000609,0.998527
1954,0,0.097991,0.001319,0.900689
1955,1,0.995735,0.001802,0.002463
1956,1,0.754504,0.001851,0.243645
1957,0,0.000376,0.000256,0.999368
1958,1,0.314947,0.137723,0.547330
1959,0,0.000364,0.000238,0.999399
1960,0,0.007264,0.000293,0.992443
1961,1,0.917274,0.001354,0.081372
1962,1,0.716275,0.002516,0.281209
1963,1,0.694681,0.000900,0.304419
1964,0,0.001546,0.000297,0.998157
1965,0,0.165479,0.003084,0.831437
1966,0,0.317528,0.001749,0.680723
1967,0,0.000423,0.000232,0.999345
1968,1,0.434072,0.001824,0.564104
1969,0,0.243427,0.000721,0.755851
1970,1,0.001157,0.007525,0.991319
1971,1,0.983888,0.000573,0.015539
1972,0,0.003944,0.000711,0.995345
1973,1,0.978141,0.000760,0.021099
1974,0,0.003010,0.000360,0.996630
1975,0,0.951691,0.000994,0.047315
1976,0,0.003319,0.000271,0.996409
1977,0,0.001341,0.000280,0.998379
1978,1,0.192433,0.028052,0.779516
1979,0,0.277526,0.003321,0.719153
1980,0,0.001263,0.000298,0.998439
1981,1,0.416228,0.006959,0.576813
1982,0,0.048701,0.000998,0.950301
1983,1,0.289097,0.001409,0.709495
1984,0,0.000633,0.000259,0.999108
1985,0,0.000657,0.000283,0.999060
1986,0,0.000313,0.000283,0.999404
1987,0,0.001193,0.000205,0.998602
1988,0,0.621376,0.002672,0.375953
1989,0,0.033929,0.000540,0.965531
1990,1,0.000842,0.000201,0.998958
1991,1,0.345833,0.001188,0.652979
1992,1,0.895520,0.000929,0.103551
1993,0,0.036796,0.001410,0.961794
1994,0,0.000307,0.000332,0.999361
1995,0,0.001185,0.000294,0.998521
1996,0,0.356315,0.001285,0.642401
1997,0,0.000630,0.000281,0.999089
1998,0,0.000411,0.000227,0.999363
1999,0,0.152566,0.000558,0.846876
2000,0,0.000629,0.000261,0.999110
2001,0,0.004314,0.000226,0.995460
2002,0,0.000362,0.000340,0.999298
2003,1,0.014532,0.000455,0.985013
2004,0,0.000298,0.002815,0.996887
2005,0,0.000472,0.000276,0.999252
2006,1,0.960020,0.002855,0.037125
2007,0,0.671192,0.000799,0.328008
2008,0,0.042140,0.004865,0.952995
2009,1,0.000963,0.000222,0.998815
2010,1,0.000808,0.000429,0.998763
2011,1,0.625009,0.002311,0.372680
2012,1,0.567726,0.000833,0.431441
2013,1,0.943069,0.000744,0.056187
2014,0,0.845074,0.002058,0.152869
2015,1,0.995934,0.000468,0.003597
2016,0,0.000760,0.000214,0.999026
2017,0,0.002054,0.000403,0.997543
2018,1,0.004067,0.000334,0.995599
2019,1,0.231886,0.000948,0.767166
2020,0,0.045352,0.000529,0.954119
2021,1,0.989521,0.001062,0.009417
2022,0,0.000988,0.014699,0.984313
2023,0,0.995169,0.001061,0.003770
2024,1,0.986938,0.000566,0.012496
2025,0,0.007295,0.000300,0.992405
2026,0,0.645544,0.000752,0.353705
2027,0,0.001618,0.000245,0.998136
2028,1,0.022812,0.715761,0.261427
2029,1,0.857577,0.001758,0.140666
2030,0,0.635069,0.001501,0.363430
2031,1,0.082412,0.002134,0.915455
2032,1,0.992524,0.000490,0.006986
2033,1,0.023328,0.000469,0.976203
2034,0,0.001453,0.000372,0.998176
2035,0,0.000445,0.000229,0.999326
2036,0,0.000405,0.000229,0.999366
2037,0,0.002257,0.000367,0.997376
2038,1,0.994296,0.000630,0.005074
2039,1,0.000436,0.000465,0.999099
2040,1,0.783095,0.003217,0.213688
2041,0,0.000473,0.000232,0.999295
2042,0,0.000650,0.000291,0.999059
2043,0,0.399808,0.002853,0.597339
2044,0,0.001881,0.000540,0.997580
2045,0,0.136965,0.001185,0.861850
2046,1,0.000304,0.000317,0.999378
2047,1,0.004064,0.000283,0.995653
2048,0,0.002885,0.000278,0.996837
2049,0,0.001218,0.000182,0.998600
2050,0,0.000300,0.000464,0.999236
2051,1,0.000617,0.000261,0.999121
2052,0,0.943803,0.003915,0.052282
2053,0,0.001633,0.000255,0.998112
2054,0,0.001433,0.000313,0.998254
2055,0,0.039408,0.001127,0.959465
2056,1,0.000357,0.000275,0.999368
2057,0,0.001332,0.000375,0.998293
2058,0,0.001134,0.000305,0.998561
2059,0,0.056974,0.002797,0.940229
2060,0,0.000475,0.000257,0.999268
2061,0,0.000563,0.000354,0.999083
2062,1,0.983242,0.000680,0.016078
2063,0,0.000757,0.000246,0.998997
2064,1,0.018715,0.000821,0.980464
2065,1,0.797575,0.001809,0.200616
2066,0,0.972977,0.001005,0.026018
2067,1,0.001348,0.000288,0.998363
2068,1,0.002711,0.000283,0.997006
2069,1,0.997175,0.000506,0.002319
2070,0,0.003039,0.000553,0.996408
2071,0,0.000754,0.000280,0.998966
2072,0,0.304997,0.000761,0.694242
2073,0,0.000427,0.000252,0.999320
2074,1,0.001113,0.000239,0.998649
2075,1,0.000468,0.000254,0.999278
2076,0,0.007977,0.000369,0.991654
2077,0,0.002494,0.000714,0.996792
2078,0,0.005411,0.000219,0.994370
2079,0,0.879739,0.000777,0.119485
2080,1,0.720167,0.002464,0.277369
2081,1,0.919970,0.000806,0.079224
2082,1,0.850441,0.001754,0.147805
2083,0,0.000623,0.000216,0.999161
2084,0,0.658792,0.001514,0.339694
2085,1,0.000734,0.000215,0.999051
2086,0,0.010748,0.001542,0.987711
2087,0,0.000447,0.000332,0.999221
2088,1,0.961764,0.002849,0.035387
2089,0,0.000414,0.000278,0.999309
2090,0,0.001708,0.000203,0.998089
2091,1,0.989035,0.000784,0.010181
2092,1,0.366204,0.000686,0.633110
2093,1,0.005006,0.000435,0.994558
2094,0,0.673383,0.002254,0.324363
2095,0,0.000539,0.000209,0.999252
2096,1,0.216889,0.001260,0.781851
2097,1,0.012069,0.001054,0.986876
2098,0,0.000493,0.000286,0.999221
2099,1,0.007018,0.067829,0.925152
2100,0,0.926073,0.014540,0.059387
2101,1,0.000662,0.000207,0.999131
2102,1,0.378117,0.001542,0.620341
2103,0,0.000674,0.000254,0.999072
2104,0,0.007642,0.000434,0.991924
2105,1,0.003638,0.000840,0.995521
2106,0,0.026973,0.001287,0.971741
2107,0,0.000839,0.000269,0.998893
2108,1,0.168041,0.003288,0.828672
2109,0,0.000375,0.000295,0.999330
2110,0,0.788408,0.000851,0.210741
2111,0,0.159397,0.001055,0.839548
2112,0,0.000456,0.000270,0.999274
2113,0,0.002738,0.034501,0.962761
2114,0,0.007034,0.000316,0.992650
2115,0,0.001606,0.000363,0.998030
2116,0,0.004268,0.000920,0.994813
2117,0,0.016265,0.000418,0.983316
2118,1,0.961573,0.000671,0.037756
2119,1,0.011186,0.000328,0.988485
2120,1,0.001259,0.000212,0.998528
2121,1,0.442688,0.000704,0.556608
2122,0,0.000387,0.000305,0.999307
2123,0,0.000652,0.000366,0.998982
2124,0,0.000498,0.000313,0.999189
2125,0,0.979885,0.000411,0.019704
2126,0,0.000645,0.000201,0.999154
2127,1,0.917412,0.001289,0.081299
2128,0,0.000510,0.000320,0.999170
2129,0,0.018628,0.000782,0.980590
2130,0,0.000468,0.000252,0.999280
2131,0,0.000449,0.000425,0.999126
2132,1,0.907332,0.001663,0.091005
2133,0,0.000578,0.000225,0.999196
2134,1,0.997111,0.000800,0.002090
2135,1,0.902808,0.002139,0.095054
2136,0,0.049786,0.001722,0.948491
2137,1,0.003344,0.000322,0.996334
2138,0,0.000907,0.000284,0.998809
2139,0,0.001067,0.000271,0.998662
2140,0,0.000937,0.000245,0.998818
2141,0,0.002653,0.000215,0.997132
2142,1,0.915620,0.000877,0.083503
2143,1,0.922872,0.001138,0.075990
2144,1,0.010581,0.000378,0.989041
2145,0,0.000854,0.000198,0.998948
2146,1,0.216444,0.002037,0.781520
2147,0,0.000447,0.000207,0.999345
2148,0,0.000914,0.000276,0.998810
2149,0,0.001553,0.000539,0.997908
2150,0,0.002877,0.001101,0.996022
2151,0,0.013784,0.000612,0.985604
2152,1,0.974800,0.000695,0.024506
2153,0,0.005086,0.000387,0.994527
2154,0,0.018382,0.000808,0.980809
2155,1,0.945795,0.000984,0.053221
2156,1,0.508479,0.010040,0.481481
2157,1,0.846162,0.000880,0.152959
2158,1,0.004457,0.000311,0.995232
2159,0,0.023754,0.000825,0.975420
2160,0,0.002007,0.000206,0.997787
2161,0,0.007171,0.000423,0.992406
2162,0,0.000684,0.000236,0.999080
2163,1,0.315465,0.001032,0.683503
2164,1,0.841061,0.001287,0.157652
2165,1,0.006747,0.000795,0.992458
2166,1,0.237203,0.002448,0.760349
2167,0,0.006538,0.000450,0.993012
2168,0,0.001221,0.000208,0.998572
2169,0,0.000599,0.000227,0.999173
2170,1,0.994852,0.000643,0.004505
2171,0,0.000741,0.000460,0.998799
2172,0,0.001362,0.000272,0.998366
2173,0,0.279283,0.001132,0.719585
2174,0,0.000295,0.000392,0.999313
2175,0,0.018301,0.022661,0.959039
2176,0,0.085716,0.001872,0.912412
2177,1,0.290439,0.000913,0.708648
2178,1,0.915209,0.000708,0.084083
2179,1,0.992952,0.000680,0.006368
2180,0,0.000578,0.000252,0.999170
2181,0,0.001313,0.001811,0.996876
2182,0,0.084054,0.000819,0.915127
2183,0,0.001149,0.248940,0.749910
2184,0,0.281232,0.002360,0.716408
2185,0,0.264321,0.002261,0.733418
2186,0,0.002767,0.000298,0.996935
2187,1,0.059567,0.000550,0.939883
2188,1,0.360012,0.001604,0.638384
2189,1,0.044856,0.001483,0.953661
2190,1,0.504555,0.002341,0.493104
2191,1,0.996571,0.000493,0.002936
2192,0,0.006307,0.000284,0.993409
2193,1,0.991804,0.001097,0.007099
2194,1,0.006777,0.000249,0.992974
2195,1,0.986559,0.000641,0.012801
2196,1,0.272186,0.715763,0.012051
2197,0,0.000488,0.000218,0.999295
2198,1,0.476403,0.001281,0.522317
2199,0,0.000344,0.000248,0.999408
2200,1,0.133644,0.000581,0.865775
2201,1,0.940518,0.000977,0.058505
2202,0,0.000670,0.000226,0.999103
2203,1,0.046568,0.000436,0.952995
2204,0,0.000846,0.000559,0.998594
2205,1,0.936155,0.003417,0.060428
2206,1,0.991772,0.000804,0.007424
2207,0,0.000770,0.000596,0.998634
2208,1,0.000832,0.000278,0.998890
2209,0,0.000476,0.000262,0.999262
2210,0,0.000396,0.000244,0.999361
2211,0,0.000524,0.000211,0.999265
2212,1,0.756679,0.001179,0.242142
2213,0,0.007591,0.000197,0.992212
2214,1,0.000856,0.000466,0.998678
2215,1,0.396737,0.001338,0.601925
2216,1,0.544878,0.005040,0.450082
2217,0,0.011980,0.000474,0.987546
2218,1,0.185338,0.476377,0.338285
2219,1,0.000672,0.000235,0.999094
2220,1,0.980941,0.000993,0.018066
2221,1,0.001892,0.000280,0.997828
2222,1,0.886146,0.000792,0.113062
2223,1,0.002664,0.000764,0.996572
2224,1,0.000630,0.000228,0.999142
2225,1,0.000628,0.000223,0.999149
2226,0,0.001069,0.000443,0.998488
2227,0,0.877501,0.001360,0.121139
2228,0,0.020094,0.000373,0.979533
2229,1,0.000341,0.000279,0.999380
2230,1,0.462431,0.001663,0.535906
2231,1,0.797561,0.001379,0.201060
2232,0,0.031665,0.000465,0.967870
2233,1,0.030373,0.000606,0.969021
2234,0,0.001089,0.000348,0.998563
2235,1,0.291090,0.001346,0.707565
2236,1,0.000856,0.000271,0.998873
2237,1,0.060863,0.000605,0.938531
2238,1,0.033573,0.001012,0.965415
2239,0,0.377155,0.001329,0.621516
2240,0,0.004911,0.000204,0.994885
2241,1,0.008269,0.000315,0.991416
2242,0,0.002950,0.000236,0.996814
2243,1,0.443099,0.001263,0.555639
2244,1,0.997549,0.000565,0.001886
2245,0,0.000794,0.000183,0.999023
2246,0,0.005253,0.000266,0.994482
2247,1,0.514246,0.001128,0.484626
2248,1,0.116846,0.000804,0.882349
2249,1,0.555006,0.001143,0.443852
2250,0,0.019774,0.000726,0.979500
2251,0,0.236396,0.001238,0.762366
2252,0,0.995840,0.000414,0.003746
2253,0,0.000678,0.000207,0.999115
2254,0,0.007529,0.000471,0.992000
2255,1,0.382539,0.610193,0.007268
2256,1,0.001613,0.000422,0.997966
2257,0,0.036110,0.001441,0.962449
2258,1,0.286496,0.667270,0.046234
2259,1,0.937861,0.000908,0.061232
2260,0,0.001726,0.000312,0.997961
2261,1,0.886322,0.000977,0.112701
2262,0,0.000382,0.000268,0.999350
2263,0,0.000286,0.000389,0.999325
2264,0,0.000476,0.000266,0.999258
2265,1,0.615634,0.001250,0.383115
2266,0,0.001669,0.030846,0.967485
2267,1,0.000415,0.000258,0.999327
2268,1,0.032389,0.000456,0.967155
2269,1,0.014689,0.000521,0.984790
2270,1,0.034411,0.001453,0.964137
2271,1,0.001032,0.007297,0.991671
2272,0,0.026560,0.001067,0.972373
2273,0,0.632506,0.002588,0.364906
2274,1,0.993603,0.000644,0.005753
2275,1,0.995686,0.000474,0.003840
2276,1,0.983508,0.000750,0.015743
2277,1,0.375117,0.233387,0.391496
2278,1,0.223126,0.001236,0.775638
2279,1,0.905579,0.000703,0.093718
2280,1,0.352894,0.000862,0.646244
2281,1,0.654588,0.106845,0.238567
2282,1,0.991511,0.000382,0.008107
2283,0,0.094697,0.003753,0.901551
2284,1,0.000705,0.233133,0.766162
2285,1,0.198005,0.021842,0.780153
2286,1,0.992380,0.000834,0.006787
2287,1,0.959504,0.001430,0.039066
2288,1,0.998242,0.000587,0.001172
2289,1,0.000674,0.000202,0.999124
2290,0,0.000796,0.000694,0.998510
2291,1,0.877558,0.001052,0.121390
2292,1,0.000839,0.000198,0.998963
2293,1,0.100655,0.002246,0.897099
2294,1,0.864272,0.001608,0.134119
2295,0,0.012369,0.011910,0.975721
2296,0,0.000391,0.000298,0.999311
2297,1,0.002324,0.000378,0.997298
2298,1,0.001289,0.000221,0.998490
2299,0,0.322438,0.001424,0.676138
2300,0,0.001357,0.000502,0.998141
2301,0,0.586526,0.001997,0.411477
2302,0,0.000895,0.000225,0.998880
2303,1,0.002536,0.000415,0.997049
2304,1,0.962457,0.001346,0.036198
2305,1,0.014483,0.000657,0.984859
2306,1,0.857908,0.003469,0.138623
2307,1,0.001242,0.000297,0.998461
2308,0,0.008910,0.004881,0.986209
2309,0,0.004863,0.000481,0.994656
2310,1,0.326122,0.000681,0.673197
2311,1,0.062313,0.001032,0.936656
2312,0,0.001100,0.000258,0.998642
2313,1,0.114541,0.814131,0.071329
2314,1,0.560823,0.002787,0.436389
2315,1,0.987194,0.000652,0.012153
2316,1,0.609586,0.001594,0.388820
2317,0,0.503967,0.001216,0.494817
2318,1,0.063940,0.000658,0.935402
2319,1,0.005680,0.000253,0.994067
2320,1,0.003152,0.001936,0.994912
2321,1,0.717972,0.001088,0.280940
2322,1,0.214402,0.000917,0.784681
2323,1,0.008018,0.000775,0.991207
2324,1,0.075342,0.001175,0.923484
2325,1,0.158999,0.001120,0.839881
2326,1,0.000862,0.000214,0.998925
2327,0,0.001608,0.000334,0.998058
2328,0,0.000400,0.000268,0.999331
2329,1,0.005502,0.728558,0.265940
2330,1,0.245550,0.002733,0.751717
2331,1,0.000801,0.000233,0.998966
2332,1,0.001153,0.000190,0.998657
2333,0,0.008053,0.000356,0.991591
2334,0,0.985380,0.001378,0.013242
2335,0,0.000721,0.000312,0.998967
2336,0,0.006660,0.000233,0.993107
2337,1,0.060488,0.001238,0.938273
2338,0,0.000874,0.000278,0.998848
2339,1,0.002814,0.050811,0.946375
2340,1,0.775766,0.002727,0.221507
2341,1,0.219813,0.001960,0.778228
2342,1,0.473238,0.004187,0.522576
2343,0,0.000421,0.000256,0.999322
2344,1,0.576404,0.000880,0.422716
2345,1,0.959370,0.000802,0.039829
2346,0,0.000729,0.000246,0.999025
2347,1,0.000418,0.000229,0.999353
2348,1,0.984089,0.001307,0.014604
2349,1,0.214439,0.000808,0.784752
2350,1,0.080148,0.001008,0.918844
2351,0,0.012238,0.000348,0.987413
2352,0,0.000536,0.000315,0.999149
2353,1,0.632162,0.001573,0.366266
2354,1,0.033517,0.001099,0.965384
2355,1,0.000784,0.000272,0.998944
2356,1,0.996795,0.000582,0.002623
2357,1,0.591592,0.001192,0.407216
2358,1,0.628734,0.000914,0.370353
2359,1,0.969077,0.001083,0.029840
2360,0,0.986429,0.000831,0.012740
2361,1,0.901420,0.001177,0.097403
2362,1,0.944442,0.001446,0.054112
2363,1,0.996183,0.000503,0.003315
2364,1,0.996890,0.000565,0.002546
2365,1,0.066107,0.000897,0.932996
2366,1,0.995057,0.000508,0.004436
2367,1,0.000508,0.000254,0.999238
2368,0,0.996411,0.000482,0.003108
2369,1,0.257933,0.007306,0.734761
2370,1,0.009398,0.000276,0.990325
2371,0,0.005736,0.000342,0.993922
2372,0,0.823748,0.002929,0.173323
2373,0,0.483086,0.002298,0.514616
2374,1,0.991779,0.001167,0.007054
2375,0,0.000785,0.000237,0.998979
2376,1,0.991091,0.000500,0.008409
2377,0,0.160168,0.000634,0.839198
2378,1,0.003189,0.000305,0.996505
2379,0,0.081971,0.000765,0.917264
2380,1,0.001803,0.000189,0.998008
2381,1,0.985877,0.001398,0.012725
2382,1,0.996192,0.000781,0.003027
2383,0,0.104182,0.000728,0.895089
2384,1,0.997580,0.000592,0.001828
2385,1,0.978700,0.001033,0.020266
2386,1,0.436844,0.000964,0.562191
2387,1,0.998057,0.000936,0.001007
2388,0,0.065125,0.000732,0.934144
2389,1,0.993631,0.000627,0.005742
2390,0,0.293391,0.332577,0.374032
2391,0,0.181997,0.007943,0.810061
2392,1,0.935799,0.000793,0.063408
2393,1,0.987444,0.000626,0.011930
2394,1,0.995408,0.000563,0.004029
2395,0,0.000491,0.000245,0.999264
2396,0,0.002537,0.000478,0.996985
2397,1,0.998261,0.000625,0.001114
2398,1,0.997271,0.000474,0.002255
2399,0,0.000863,0.000529,0.998608
2400,0,0.000500,0.000222,0.999278
2401,0,0.000740,0.000210,0.999050
2402,0,0.000813,0.000239,0.998948
2403,0,0.001046,0.000248,0.998706
2404,1,0.015435,0.000442,0.984123
2405,1,0.080417,0.000812,0.918771
2406,0,0.952821,0.000600,0.046579
2407,1,0.545249,0.001066,0.453684
2408,0,0.000702,0.000230,0.999067
2409,0,0.001432,0.000171,0.998397
2410,0,0.000463,0.000323,0.999213
2411,0,0.007564,0.000228,0.992207
2412,1,0.139758,0.000913,0.859329
2413,1,0.305700,0.001373,0.692926
2414,0,0.421865,0.005594,0.572540
2415,0,0.000236,0.000349,0.999415
2416,1,0.817374,0.010494,0.172131
2417,0,0.002382,0.000277,0.997341
2418,1,0.001780,0.000269,0.997951
2419,1,0.000245,0.000534,0.999221
2420,1,0.007664,0.000329,0.992007
2421,1,0.409994,0.000826,0.589179
2422,0,0.000627,0.000280,0.999092
2423,1,0.302885,0.000861,0.696254
2424,0,0.000511,0.000211,0.999278
2425,0,0.000377,0.000331,0.999293
2426,0,0.001912,0.000246,0.997842
2427,1,0.000739,0.000389,0.998872
2428,0,0.000521,0.000204,0.999275
2429,1,0.000396,0.000249,0.999354
2430,0,0.003051,0.000791,0.996158
2431,1,0.991865,0.003591,0.004544
2432,1,0.743297,0.001286,0.255417
2433,1,0.997352,0.000588,0.002060
2434,0,0.953961,0.001325,0.044714
2435,0,0.835603,0.002378,0.162018
2436,1,0.125369,0.000747,0.873884
2437,1,0.681749,0.001520,0.316732
2438,0,0.013493,0.007290,0.979216
2439,0,0.008644,0.000407,0.990949
2440,0,0.000567,0.000260,0.999174
2441,0,0.123621,0.000659,0.875721
2442,0,0.000652,0.000303,0.999045
2443,0,0.000988,0.000421,0.998591
2444,1,0.000403,0.000241,0.999356
2445,0,0.129973,0.000971,0.869056
2446,1,0.013228,0.001070,0.985701
2447,1,0.000695,0.000280,0.999025
2448,1,0.972622,0.000763,0.026615
2449,1,0.152430,0.000628,0.846941
2450,1,0.480220,0.355822,0.163959
2451,0,0.002690,0.000303,0.997007
2452,1,0.008696,0.000492,0.990812
2453,0,0.161031,0.000592,0.838377
2454,1,0.751631,0.001233,0.247136
2455,1,0.002940,0.000313,0.996747
2456,1,0.002998,0.000219,0.996782
2457,1,0.997005,0.000563,0.002432
2458,0,0.000305,0.000411,0.999284
2459,1,0.038723,0.000465,0.960812
2460,1,0.002560,0.000200,0.997239
2461,0,0.000455,0.000216,0.999328
2462,0,0.000530,0.000292,0.999178
2463,1,0.068073,0.618170,0.313757
2464,1,0.000895,0.000258,0.998847
2465,0,0.463067,0.004764,0.532168
2466,0,0.018903,0.000521,0.980576
2467,1,0.131248,0.218318,0.650434
2468,0,0.004709,0.000674,0.994616
2469,0,0.000779,0.000245,0.998976
2470,0,0.004629,0.000206,0.995165
2471,1,0.005851,0.000317,0.993833
2472,1,0.046039,0.268344,0.685616
2473,0,0.000608,0.000234,0.999158
2474,0,0.000512,0.000246,0.999242
2475,0,0.000437,0.000278,0.999285
2476,0,0.014637,0.003491,0.981872
2477,0,0.000706,0.000200,0.999093
2478,1,0.000607,0.000226,0.999168
2479,0,0.000416,0.000285,0.999300
2480,0,0.002753,0.000486,0.996761
2481,0,0.000581,0.000403,0.999016
2482,0,0.994016,0.000491,0.005493
2483,0,0.003916,0.000685,0.995400
2484,0,0.216984,0.000693,0.782323
2485,1,0.387476,0.002677,0.609846
2486,0,0.031374,0.000455,0.968171
2487,0,0.002565,0.000260,0.997175
2488,1,0.765315,0.001049,0.233636
2489,0,0.000429,0.000299,0.999271
2490,1,0.048887,0.000692,0.950421
2491,0,0.000526,0.000242,0.999232
2492,1,0.192807,0.398793,0.408400
2493,0,0.000642,0.000301,0.999057
2494,0,0.000510,0.000268,0.999221
2495,0,0.043802,0.000372,0.955827
2496,1,0.905876,0.002280,0.091845
2497,0,0.000556,0.000205,0.999239
2498,1,0.966815,0.001260,0.031925
2499,0,0.003498,0.000176,0.996325
2500,0,0.000460,0.000222,0.999318
2501,1,0.000677,0.000247,0.999076
2502,0,0.182902,0.010172,0.806925
2503,1,0.393188,0.001262,0.605550
2504,1,0.875160,0.000968,0.123871
2505,0,0.745034,0.001303,0.253663
2506,1,0.992314,0.000578,0.007109
2507,0,0.004340,0.000185,0.995475
2508,1,0.443308,0.001085,0.555607
2509,1,0.119744,0.000802,0.879455
2510,1,0.786998,0.002460,0.210542
2511,0,0.017528,0.000609,0.981863
2512,0,0.280505,0.001540,0.717955
2513,1,0.515815,0.005511,0.478674
2514,1,0.689893,0.004052,0.306056
2515,1,0.880858,0.002180,0.116962
2516,1,0.984472,0.000848,0.014680
2517,1,0.034186,0.002002,0.963811
2518,1,0.000722,0.000203,0.999075
2519,1,0.994564,0.000776,0.004660
2520,1,0.179889,0.670144,0.149967
2521,1,0.006432,0.000248,0.993320
2522,1,0.993909,0.000480,0.005611
2523,1,0.011370,0.000588,0.988042
2524,1,0.945309,0.001200,0.053492
2525,1,0.983728,0.000632,0.015640
2526,0,0.001272,0.001012,0.997715
2527,1,0.318656,0.000767,0.680577
2528,1,0.825244,0.000610,0.174146
2529,1,0.004594,0.000224,0.995182
2530,0,0.000803,0.000263,0.998934
2531,0,0.000417,0.000256,0.999327
2532,1,0.984692,0.001241,0.014067
2533,0,0.001928,0.000297,0.997775
2534,1,0.003219,0.803522,0.193258
2535,1,0.001073,0.000183,0.998744
2536,0,0.002352,0.001301,0.996347
2537,1,0.340278,0.643863,0.015858
2538,1,0.979431,0.004809,0.015760
2539,1,0.091358,0.002292,0.906350
2540,0,0.019983,0.000657,0.979359
2541,0,0.001534,0.000313,0.998153
2542,1,0.967215,0.001594,0.031191
2543,0,0.001274,0.000281,0.998444
2544,0,0.001423,0.000221,0.998357
2545,0,0.001230,0.000312,0.998459
2546,0,0.003677,0.799511,0.196812
2547,0,0.010426,0.004343,0.985232
2548,0,0.986783,0.001044,0.012173
2549,1,0.004298,0.000206,0.995495
2550,1,0.850164,0.004023,0.145813
2551,0,0.636115,0.002519,0.361365
2552,0,0.471434,0.001279,0.527288
2553,0,0.000457,0.000313,0.999230
2554,1,0.972600,0.001771,0.025629
2555,0,0.057161,0.000453,0.942386
2556,1,0.001109,0.000195,0.998696
2557,0,0.009640,0.000433,0.989927
2558,1,0.035074,0.000876,0.964050
2559,1,0.935660,0.001320,0.063020
2560,1,0.823146,0.001855,0.174998
2561,1,0.008752,0.849644,0.141604
2562,1,0.000651,0.000398,0.998950
2563,1,0.938481,0.009284,0.052236
2564,0,0.000533,0.000210,0.999257
2565,1,0.003230,0.000219,0.996551
2566,1,0.776894,0.004473,0.218633
2567,1,0.886676,0.001232,0.112093
2568,1,0.000494,0.001458,0.998048
2569,0,0.996153,0.001478,0.002369
2570,1,0.905245,0.002356,0.092399
2571,0,0.000322,0.000325,0.999353
2572,0,0.000467,0.000202,0.999331
2573,1,0.018176,0.852696,0.129128
2574,0,0.000330,0.000436,0.999234
2575,1,0.075262,0.020878,0.903860
2576,1,0.059372,0.000448,0.940180
2577,1,0.167868,0.001423,0.830710
2578,1,0.021387,0.011672,0.966941
2579,1,0.362706,0.005041,0.632253
2580,1,0.653452,0.004208,0.342340
2581,1,0.607386,0.002306,0.390308
2582,1,0.015764,0.000351,0.983885
2583,0,0.000362,0.000776,0.998862
2584,1,0.404022,0.001703,0.594275
2585,1,0.211899,0.000956,0.787144
2586,1,0.785480,0.002537,0.211983
2587,0,0.001925,0.000244,0.997831
2588,0,0.001049,0.000245,0.998706
2589,0,0.000908,0.000261,0.998831
2590,0,0.020004,0.003762,0.976234
2591,0,0.000379,0.000271,0.999350
2592,0,0.000904,0.000448,0.998648
2593,1,0.420240,0.003833,0.575927
2594,0,0.001134,0.000268,0.998598
2595,1,0.944313,0.000753,0.054934
2596,1,0.016658,0.000430,0.982912
2597,1,0.002744,0.000301,0.996955
2598,1,0.006498,0.000829,0.992672
2599,0,0.024435,0.000446,0.975119
2600,0,0.349688,0.001664,0.648648
2601,1,0.380935,0.002246,0.616819
2602,1,0.932354,0.026269,0.041377
2603,1,0.527873,0.003024,0.469103
2604,0,0.071873,0.002923,0.925204
2605,1,0.006213,0.174766,0.819022
2606,1,0.041553,0.000464,0.957983
2607,1,0.980560,0.001020,0.018420
2608,1,0.581023,0.002119,0.416858
2609,1,0.950563,0.001810,0.047627
2610,1,0.622041,0.002316,0.375643
2611,0,0.052313,0.000954,0.946733
2612,1,0.995252,0.000770,0.003978
2613,1,0.076192,0.000761,0.923047
2614,0,0.704415,0.005654,0.289930
2615,1,0.056954,0.003110,0.939936
2616,1,0.299539,0.003503,0.696958
2617,1,0.002843,0.000589,0.996568
2618,1,0.005132,0.000353,0.994515
2619,1,0.129345,0.784130,0.086525
2620,1,0.020611,0.001620,0.977769
2621,0,0.066225,0.001064,0.932712
2622,1,0.002284,0.000477,0.997239
2623,1,0.996640,0.001052,0.002308
2624,1,0.948633,0.000873,0.050494
2625,0,0.000394,0.000466,0.999139
2626,0,0.000885,0.000221,0.998894
2627,0,0.070533,0.000910,0.928558
2628,0,0.000399,0.000227,0.999374
2629,0,0.003863,0.000337,0.995800
2630,1,0.325415,0.003333,0.671251
2631,0,0.386952,0.001679,0.611368
2632,0,0.002057,0.000378,0.997565
2633,1,0.000617,0.000253,0.999129
2634,1,0.695341,0.001018,0.303641
2635,0,0.019163,0.000451,0.980386
2636,0,0.000454,0.000298,0.999248
2637,1,0.067152,0.021082,0.911766
2638,1,0.874126,0.001251,0.124623
2639,0,0.010017,0.000533,0.989449
2640,1,0.017664,0.000274,0.982062
2641,0,0.000442,0.000274,0.999284
2642,1,0.007007,0.000413,0.992581
2643,1,0.002262,0.000173,0.997565
2644,0,0.019305,0.000386,0.980309
2645,1,0.295063,0.000671,0.704265
2646,0,0.002629,0.000334,0.997037
2647,0,0.000879,0.000231,0.998890
2648,1,0.000323,0.000285,0.999391
2649,0,0.000410,0.000233,0.999357
2650,0,0.657592,0.001092,0.341317
2651,1,0.002990,0.000276,0.996734
2652,1,0.867629,0.000867,0.131504
2653,0,0.015241,0.000395,0.984364
2654,0,0.000693,0.000223,0.999083
2655,0,0.023835,0.000966,0.975199
2656,0,0.001161,0.000310,0.998529
2657,0,0.024684,0.002549,0.972768
2658,1,0.001927,0.000293,0.997780
2659,1,0.388044,0.002578,0.609379
2660,0,0.046355,0.002757,0.950889
2661,0,0.974907,0.001611,0.023482
2662,0,0.631146,0.001804,0.367050
2663,1,0.000685,0.000247,0.999068
2664,1,0.995506,0.000659,0.003835
2665,0,0.773707,0.013129,0.213164
2666,1,0.995228,0.000852,0.003921
2667,1,0.985028,0.000994,0.013978
2668,1,0.000616,0.000269,0.999115
2669,1,0.000457,0.000255,0.999288
2670,0,0.000634,0.000333,0.999033
2671,0,0.000345,0.000251,0.999405
2672,1,0.077683,0.559394,0.362923
2673,1,0.018693,0.000784,0.980524
2674,1,0.002581,0.524758,0.472660
2675,1,0.031632,0.001814,0.966554
2676,1,0.827351,0.000830,0.171819
2677,1,0.893475,0.002272,0.104253
2678,1,0.838417,0.003334,0.158249
2679,1,0.980874,0.000629,0.018497
2680,1,0.842516,0.003460,0.154024
2681,0,0.016326,0.000472,0.983203
2682,0,0.510910,0.015563,0.473528
2683,1,0.018826,0.000370,0.980804
2684,0,0.910827,0.001505,0.087668
2685,1,0.590553,0.151903,0.257544
2686,0,0.000375,0.000307,0.999318
2687,0,0.000601,0.000249,0.999150
2688,0,0.042009,0.003614,0.954378
2689,0,0.054092,0.001271,0.944637
2690,0,0.020993,0.000314,0.978693
2691,1,0.996774,0.000706,0.002520
2692,0,0.000845,0.000262,0.998894
2693,1,0.975334,0.002306,0.022359
2694,0,0.058200,0.000733,0.941068
2695,1,0.215105,0.001749,0.783145
2696,1,0.271863,0.708672,0.019465
2697,0,0.604667,0.002017,0.393316
2698,0,0.003420,0.001344,0.995237
2699,0,0.000410,0.000315,0.999275
2700,0,0.194576,0.001351,0.804074
2701,0,0.070619,0.001058,0.928323
2702,1,0.989399,0.000864,0.009736
2703,1,0.007235,0.856323,0.136442
2704,0,0.992107,0.000729,0.007164
2705,0,0.089253,0.003205,0.907543
2706,0,0.000255,0.000536,0.999209
2707,1,0.047482,0.001334,0.951184
2708,1,0.577136,0.004322,0.418542
2709,1,0.100638,0.001250,0.898111
2710,0,0.050145,0.002743,0.947112
2711,0,0.003686,0.000327,0.995987
2712,1,0.000544,0.000323,0.999133
2713,0,0.000690,0.000252,0.999058
2714,0,0.993738,0.000386,0.005876
2715,0,0.001006,0.000349,0.998645
2716,0,0.001534,0.000277,0.998189
2717,0,0.947133,0.000981,0.051885
2718,1,0.019968,0.000673,0.979359
2719,1,0.003591,0.000903,0.995507
2720,1,0.063952,0.006004,0.930045
2721,1,0.975497,0.004494,0.020010
2722,0,0.806230,0.001956,0.191813
2723,1,0.815673,0.001978,0.182349
2724,1,0.989754,0.000789,0.009456
2725,1,0.000953,0.000206,0.998841
2726,1,0.000683,0.000221,0.999096
2727,0,0.939995,0.001349,0.058656
2728,0,0.000476,0.000295,0.999230
2729,1,0.997402,0.000849,0.001750
2730,1,0.114092,0.000867,0.885041
2731,1,0.036928,0.001130,0.961941
2732,1,0.998074,0.000614,0.001312
2733,0,0.042907,0.000705,0.956389
2734,1,0.001622,0.000279,0.998099
2735,1,0.997801,0.000934,0.001265
2736,1,0.010340,0.000488,0.989171
2737,0,0.001398,0.000315,0.998286
2738,1,0.008362,0.000490,0.991149
2739,1,0.002320,0.070030,0.927650
2740,1,0.002020,0.000354,0.997626
2741,0,0.045973,0.000909,0.953119
2742,0,0.002564,0.000320,0.997116
2743,0,0.001537,0.000364,0.998099
2744,1,0.848573,0.001252,0.150175
2745,1,0.000415,0.000487,0.999097
2746,0,0.429110,0.000972,0.569918
2747,0,0.001787,0.000218,0.997995
2748,0,0.228270,0.004929,0.766801
2749,1,0.000919,0.000386,0.998696
2750,1,0.221800,0.640816,0.137384
2751,1,0.685381,0.001823,0.312795
2752,1,0.001074,0.000166,0.998760
2753,1,0.001332,0.000224,0.998444
2754,1,0.040639,0.000993,0.958368
2755,1,0.877109,0.001550,0.121341
2756,0,0.952079,0.001317,0.046603
2757,0,0.001084,0.001068,0.997848
2758,0,0.048063,0.000859,0.951078
2759,1,0.548120,0.001639,0.450241
2760,1,0.014573,0.000301,0.985125
2761,1,0.000505,0.000247,0.999248
2762,1,0.967567,0.000609,0.031824
2763,1,0.995009,0.000831,0.004160
2764,0,0.500095,0.174071,0.325833
2765,0,0.003211,0.000360,0.996430
2766,0,0.218750,0.001442,0.779808
2767,0,0.668923,0.001333,0.329744
2768,0,0.917730,0.001156,0.081114
2769,0,0.005815,0.000446,0.993740
2770,0,0.000711,0.000210,0.999079
2771,0,0.000597,0.000239,0.999165
2772,0,0.000577,0.000266,0.999157
2773,0,0.018027,0.000467,0.981506
2774,1,0.953005,0.002024,0.044971
2775,1,0.030458,0.692029,0.277512
2776,0,0.003765,0.001145,0.995090
2777,0,0.110805,0.000722,0.888473
2778,0,0.000425,0.000259,0.999316
2779,1,0.904238,0.000785,0.094977
2780,0,0.001298,0.000288,0.998415
2781,0,0.778308,0.002792,0.218900
2782,1,0.002223,0.000755,0.997023
2783,0,0.863745,0.001605,0.134649
2784,0,0.003895,0.033146,0.962959
2785,1,0.510582,0.001385,0.488034
2786,1,0.009780,0.000291,0.989929
2787,0,0.020667,0.000386,0.978947
2788,1,0.888902,0.001024,0.110074
2789,1,0.720655,0.002630,0.276715
2790,0,0.534267,0.002023,0.463710
2791,1,0.967876,0.000866,0.031259
2792,0,0.002352,0.000202,0.997446
2793,1,0.001691,0.000217,0.998092
2794,1,0.001381,0.000345,0.998274
2795,0,0.003024,0.002233,0.994743
2796,0,0.946427,0.000853,0.052720
2797,1,0.969755,0.000462,0.029783
2798,0,0.002067,0.000412,0.997521
2799,0,0.015030,0.000380,0.984590
2800,1,0.004625,0.000266,0.995109
2801,0,0.001363,0.000225,0.998412
2802,0,0.803330,0.001348,0.195322
2803,1,0.887394,0.000591,0.112015
2804,0,0.004263,0.000505,0.995232
2805,0,0.001988,0.000176,0.997835
2806,0,0.367202,0.003877,0.628921
2807,1,0.995214,0.000435,0.004350
2808,1,0.649936,0.001441,0.348623
2809,1,0.888406,0.001219,0.110375
2810,1,0.184776,0.001497,0.813726
2811,1,0.623016,0.001600,0.375384
2812,1,0.997764,0.001056,0.001181
2813,1,0.994289,0.001429,0.004282
2814,1,0.966646,0.001596,0.031758
2815,1,0.329539,0.006482,0.663979
2816,1,0.609164,0.002563,0.388273
2817,1,0.937528,0.000778,0.061694
2818,0,0.000880,0.125791,0.873330
2819,1,0.088221,0.001089,0.910689
2820,1,0.805594,0.001096,0.193310
2821,0,0.010456,0.000425,0.989118
2822,0,0.975929,0.001100,0.022971
2823,1,0.205086,0.412912,0.382002
2824,1,0.470810,0.010226,0.518964
2825,0,0.003922,0.001218,0.994860
2826,0,0.002193,0.004801,0.993005
2827,1,0.004570,0.000302,0.995128
2828,0,0.000531,0.000221,0.999248
2829,0,0.000485,0.000271,0.999244
2830,1,0.956704,0.000660,0.042636
2831,0,0.920120,0.001441,0.078439
2832,0,0.001319,0.000339,0.998341
2833,1,0.732733,0.160874,0.106393
2834,1,0.179727,0.003139,0.817134
2835,1,0.004288,0.730457,0.265255
2836,1,0.222255,0.003022,0.774723
2837,1,0.822146,0.001426,0.176428
2838,1,0.950662,0.001250,0.048089
2839,0,0.001370,0.000619,0.998011
2840,0,0.000565,0.000234,0.999201
2841,1,0.000899,0.000230,0.998871
2842,1,0.137603,0.108790,0.753607
2843,1,0.997670,0.000511,0.001818
2844,1,0.993610,0.000572,0.005818
2845,1,0.089919,0.000589,0.909492
2846,1,0.997159,0.000845,0.001997
2847,1,0.998153,0.000549,0.001299
2848,1,0.931603,0.000860,0.067537
2849,1,0.993977,0.001582,0.004441
2850,1,0.105163,0.000794,0.894043
2851,1,0.995984,0.001246,0.002770
2852,1,0.619889,0.002265,0.377846
2853,0,0.006444,0.001235,0.992322
2854,1,0.001466,0.000268,0.998266
2855,0,0.842138,0.003982,0.153880
2856,1,0.993076,0.000543,0.006382
2857,1,0.875377,0.001310,0.123312
2858,1,0.000448,0.000351,0.999201
2859,1,0.715154,0.272340,0.012507
2860,1,0.109341,0.479846,0.410813
2861,1,0.000637,0.000214,0.999149
2862,0,0.011666,0.000446,0.987888
2863,1,0.444763,0.003219,0.552018
2864,1,0.187228,0.000808,0.811964
2865,1,0.983676,0.000589,0.015735
2866,1,0.178099,0.002270,0.819631
2867,1,0.031278,0.048590,0.920132
2868,0,0.984354,0.000582,0.015063
2869,1,0.994636,0.000781,0.004583
2870,1,0.747610,0.075530,0.176860
2871,0,0.013532,0.000472,0.985996
2872,1,0.783678,0.089195,0.127127
2873,0,0.005906,0.000688,0.993405
2874,0,0.051235,0.000812,0.947953
2875,0,0.000528,0.000222,0.999250
2876,0,0.048227,0.017981,0.933792
2877,0,0.000471,0.000212,0.999317
2878,0,0.001045,0.001037,0.997918
2879,0,0.001498,0.000187,0.998315
2880,1,0.083394,0.000420,0.916187
2881,0,0.017561,0.000320,0.982119
2882,1,0.993740,0.000876,0.005384
2883,0,0.000479,0.000218,0.999304
2884,1,0.000548,0.000275,0.999177
2885,0,0.002367,0.000229,0.997405
2886,0,0.881151,0.003309,0.115540
2887,0,0.002504,0.001161,0.996336
2888,1,0.010462,0.000722,0.988816
2889,0,0.000269,0.000357,0.999374
2890,0,0.451444,0.004254,0.544302
2891,0,0.000549,0.000213,0.999238
2892,1,0.009782,0.000485,0.989733
2893,0,0.482518,0.014792,0.502690
2894,1,0.249752,0.003255,0.746993
2895,1,0.441826,0.001678,0.556497
2896,1,0.009544,0.000754,0.989702
2897,0,0.445500,0.142964,0.411536
2898,0,0.002338,0.000397,0.997265
2899,0,0.000597,0.000808,0.998595
2900,0,0.001525,0.000744,0.997732
2901,0,0.432001,0.001485,0.566513
2902,1,0.150762,0.217130,0.632108
2903,0,0.000302,0.000444,0.999253
2904,0,0.858212,0.001151,0.140637
2905,0,0.000651,0.000290,0.999059
2906,0,0.000909,0.000368,0.998723
2907,1,0.090989,0.778089,0.130922
2908,1,0.004584,0.609321,0.386095
2909,0,0.724875,0.003238,0.271887
2910,1,0.991367,0.001166,0.007467
2911,1,0.222171,0.003269,0.774561
2912,1,0.973567,0.000725,0.025708
2913,1,0.016876,0.762667,0.220457
2914,1,0.997468,0.000892,0.001641
2915,1,0.987840,0.001031,0.011129
2916,1,0.996393,0.001295,0.002312
2917,1,0.996593,0.000609,0.002798
2918,1,0.858450,0.002173,0.139377
2919,0,0.008658,0.000519,0.990823
2920,0,0.076549,0.000939,0.922512
2921,1,0.010066,0.005175,0.984759
2922,0,0.013342,0.001385,0.985273
2923,0,0.024060,0.009290,0.966651
2924,1,0.010398,0.000782,0.988820
2925,1,0.002596,0.000278,0.997126
2926,1,0.951335,0.001514,0.047151
2927,1,0.089561,0.001011,0.909428
2928,1,0.002736,0.000280,0.996983
2929,0,0.000466,0.000210,0.999324
2930,0,0.472434,0.006576,0.520990
2931,1,0.429428,0.001236,0.569335
2932,0,0.000432,0.000299,0.999269
2933,0,0.001524,0.000522,0.997954
2934,1,0.984720,0.001051,0.014229
2935,1,0.000351,0.000270,0.999379
2936,0,0.007063,0.000202,0.992735
2937,1,0.005716,0.000468,0.993816
2938,1,0.016984,0.000569,0.982447
2939,1,0.001707,0.000269,0.998024
2940,0,0.000625,0.000206,0.999169
2941,1,0.995808,0.000796,0.003396
2942,1,0.003835,0.000578,0.995587
2943,0,0.000504,0.000265,0.999231
2944,0,0.006101,0.000211,0.993688
2945,0,0.004572,0.000603,0.994826
2946,0,0.009270,0.000268,0.990462
2947,1,0.997295,0.000648,0.002057
2948,0,0.457066,0.427597,0.115338
2949,1,0.914024,0.001761,0.084214
2950,1,0.001645,0.000213,0.998141
2951,0,0.000784,0.000274,0.998942
2952,1,0.653530,0.002003,0.344467
2953,0,0.000751,0.000386,0.998863
2954,0,0.675255,0.006655,0.318090
2955,0,0.032558,0.001201,0.966241
2956,1,0.993642,0.001125,0.005234
2957,1,0.058209,0.000919,0.940872
2958,0,0.052718,0.000559,0.946723
2959,0,0.000493,0.000342,0.999165
2960,0,0.002654,0.000210,0.997136
2961,0,0.686164,0.006461,0.307374
2962,0,0.017575,0.000436,0.981988
2963,0,0.001832,0.001625,0.996543
2964,0,0.002743,0.000386,0.996871
2965,0,0.774843,0.001756,0.223401
2966,1,0.985254,0.000496,0.014251
2967,0,0.000594,0.000288,0.999119
2968,0,0.052030,0.000450,0.947521
2969,0,0.758675,0.002670,0.238655
2970,0,0.001310,0.000200,0.998490
2971,0,0.481652,0.021434,0.496913
2972,0,0.000344,0.000242,0.999414
2973,0,0.003692,0.000555,0.995753
2974,1,0.891638,0.001291,0.107071
2975,0,0.113139,0.003220,0.883641
2976,1,0.003186,0.000285,0.996529
2977,1,0.975190,0.001513,0.023296
2978,1,0.000459,0.000953,0.998588
2979,0,0.003616,0.000320,0.996065
2980,0,0.844609,0.001425,0.153966
2981,1,0.886545,0.002873,0.110582
2982,0,0.000600,0.000211,0.999188
2983,0,0.000456,0.000259,0.999286
2984,1,0.552864,0.001091,0.446045
2985,0,0.047464,0.001097,0.951439
2986,1,0.064931,0.000329,0.934739
2987,1,0.019083,0.000274,0.980643
2988,1,0.000389,0.000247,0.999364
2989,0,0.000807,0.000777,0.998416
2990,0,0.014082,0.000776,0.985142
2991,0,0.094694,0.000798,0.904507
2992,1,0.032318,0.091191,0.876491
2993,1,0.050169,0.117834,0.831997
2994,1,0.503954,0.001384,0.494662
2995,0,0.569788,0.001247,0.428965
2996,1,0.002882,0.000191,0.996927
2997,0,0.001000,0.000195,0.998804
2998,0,0.000399,0.000324,0.999278
2999,0,0.000978,0.001139,0.997883
