row_id,gold,p_hate,p_offensive,p_normal
0,1,0.000481,0.000283,0.999236
1,1,0.150764,0.454788,0.394448
2,1,0.000495,0.000246,0.999259
3,1,0.944732,0.000780,0.054488
4,0,0.002981,0.038455,0.958564
5,0,0.005540,0.000236,0.994224
6,0,0.000685,0.000207,0.999107
7,0,0.014589,0.000481,0.984930
8,0,0.005442,0.000227,0.994331
9,0,0.002559,0.000224,0.997217
10,1,0.592678,0.396933,0.010389
11,0,0.988024,0.000799,0.011178
12,1,0.987233,0.000586,0.012181
13,0,0.000484,0.000246,0.999271
14,0,0.007414,0.000369,0.992217
15,0,0.277462,0.050853,0.671685
16,1,0.591408,0.057041,0.351551
17,1,0.005269,0.002056,0.992675
18,0,0.000408,0.000470,0.999122
19,1,0.479085,0.001328,0.519587
20,1,0.001121,0.000186,0.998693
21,0,0.006350,0.000240,0.993410
22,0,0.000445,0.000260,0.999294
23,0,0.549250,0.248213,0.202537
24,1,0.255090,0.235532,0.509379
25,0,0.001198,0.000896,0.997905
26,0,0.000462,0.000263,0.999275
27,1,0.888148,0.000839,0.111013
28,1,0.001089,0.000196,0.998715
29,1,0.000583,0.000281,0.999136
30,1,0.000609,0.000220,0.999170
31,1,0.096798,0.002318,0.900884
32,1,0.038659,0.000542,0.960799
33,0,0.945481,0.000829,0.053689
34,1,0.966152,0.001766,0.032082
35,0,0.007116,0.000401,0.992484
36,1,0.001104,0.000191,0.998706
37,1,0.398847,0.000781,0.600372
38,0,0.008216,0.000263,0.991521
39,1,0.984585,0.006136,0.009280
40,1,0.461651,0.004741,0.533608
41,0,0.000756,0.000204,0.999040
42,0,0.031254,0.000425,0.968321
43,0,0.000624,0.041287,0.958089
44,1,0.000482,0.000251,0.999267
45,0,0.385841,0.000856,0.613304
46,0,0.004991,0.001494,0.993515
47,0,0.536403,0.001499,0.462097
48,1,0.000412,0.001425,0.998163
49,0,0.752252,0.000744,0.247005
50,1,0.994703,0.000496,0.004800
51,0,0.007687,0.000251,0.992062
52,0,0.000681,0.000203,0.999116
53,0,0.000534,0.000240,0.999226
54,0,0.032535,0.001040,0.966424
55,1,0.000521,0.000249,0.999230
56,0,0.000460,0.000263,0.999276
57,1,0.998019,0.001704,0.000278
58,1,0.000543,0.000242,0.999215
59,0,0.001141,0.000205,0.998654
60,0,0.001064,0.000193,0.998743
61,1,0.998312,0.000673,0.001015
62,1,0.040114,0.590889,0.368997
63,0,0.002122,0.000209,0.997670
64,1,0.995538,0.000463,0.003998
65,1,0.446389,0.001299,0.552312
66,1,0.000493,0.000256,0.999251
67,1,0.003051,0.000214,0.996735
68,0,0.000566,0.001930,0.997505
69,1,0.998474,0.000608,0.000918
70,0,0.001421,0.000192,0.998386
71,1,0.000691,0.000211,0.999098
72,0,0.002480,0.000272,0.997248
73,0,0.004782,0.000260,0.994958
74,0,0.000678,0.000205,0.999117
75,0,0.846131,0.001088,0.152782
76,0,0.000889,0.000193,0.998918
77,1,0.997894,0.000886,0.001220
78,0,0.005653,0.001392,0.992956
79,0,0.000713,0.000208,0.999079
80,1,0.000740,0.000204,0.999056
81,0,0.000577,0.000228,0.999195
82,1,0.998364,0.000800,0.000836
83,0,0.042223,0.000625,0.957152
84,1,0.996283,0.000463,0.003254
85,1,0.032208,0.000333,0.967459
86,0,0.000545,0.000233,0.999222
87,0,0.008685,0.000289,0.991027
88,1,0.001176,0.000197,0.998627
89,0,0.000674,0.000201,0.999125
90,0,0.000535,0.000238,0.999226
91,1,0.108124,0.000521,0.891354
92,1,0.000431,0.000455,0.999114
93,1,0.056069,0.000471,0.943460
94,0,0.000493,0.000242,0.999265
95,1,0.052848,0.000440,0.946712
96,0,0.000497,0.000253,0.999250
97,1,0.896024,0.001243,0.102733
98,1,0.000888,0.000192,0.998920
99,1,0.006709,0.267672,0.725619
100,0,0.000792,0.000198,0.999009
101,0,0.000484,0.000246,0.999270
102,0,0.000572,0.000227,0.999200
103,1,0.016820,0.000281,0.982900
104,1,0.000580,0.000848,0.998572
105,1,0.076385,0.788655,0.134960
106,1,0.001104,0.000191,0.998706
107,1,0.996081,0.000566,0.003353
108,0,0.015583,0.414196,0.570221
109,0,0.001788,0.000223,0.997989
110,0,0.173317,0.001099,0.825584
111,1,0.000468,0.000268,0.999263
112,0,0.000452,0.003729,0.995820
113,0,0.000438,0.000288,0.999274
114,0,0.000705,0.000202,0.999092
115,1,0.997801,0.000560,0.001639
116,0,0.000424,0.000358,0.999218
117,0,0.000495,0.000244,0.999260
118,0,0.000610,0.000417,0.998973
119,1,0.528000,0.444404,0.027596
120,1,0.998576,0.001060,0.000364
121,0,0.000586,0.000225,0.999189
122,0,0.001798,0.000170,0.998032
123,1,0.001676,0.000221,0.998103
124,1,0.035793,0.449201,0.515007
125,0,0.003012,0.535217,0.461771
126,0,0.000493,0.000246,0.999261
127,1,0.507847,0.001993,0.490160
128,1,0.932592,0.000689,0.066719
129,1,0.992342,0.000711,0.006946
130,1,0.001842,0.000209,0.997950
131,1,0.000437,0.000278,0.999285
132,0,0.085117,0.000539,0.914345
133,0,0.000772,0.000242,0.998985
134,0,0.000597,0.000221,0.999181
135,1,0.012256,0.000351,0.987392
136,1,0.000401,0.000605,0.998995
137,0,0.001092,0.000194,0.998714
138,1,0.047144,0.000392,0.952465
139,0,0.001115,0.000197,0.998688
140,0,0.000728,0.000205,0.999066
141,0,0.054153,0.000640,0.945207
142,1,0.000462,0.000263,0.999275
143,0,0.000679,0.000217,0.999104
144,1,0.268451,0.001623,0.729926
145,0,0.000568,0.000664,0.998768
146,1,0.996171,0.000526,0.003303
147,0,0.000810,0.000197,0.998993
148,0,0.000488,0.000248,0.999264
149,0,0.690688,0.001887,0.307425
150,1,0.600982,0.001632,0.397385
151,0,0.000741,0.000199,0.999060
152,0,0.000859,0.000207,0.998934
153,0,0.064532,0.000579,0.934888
154,0,0.000444,0.000266,0.999290
155,1,0.001009,0.000198,0.998793
156,1,0.078645,0.000441,0.920915
157,1,0.000736,0.000205,0.999058
158,1,0.013649,0.000281,0.986070
159,0,0.003111,0.000192,0.996697
160,1,0.765519,0.000821,0.233660
161,0,0.000485,0.000233,0.999281
162,1,0.230314,0.001204,0.768482
163,1,0.000490,0.000247,0.999263
164,1,0.014468,0.000355,0.985177
165,0,0.011336,0.000238,0.988427
166,0,0.333436,0.001125,0.665439
167,0,0.000510,0.000243,0.999247
168,0,0.005120,0.000287,0.994594
169,1,0.856625,0.000989,0.142386
170,0,0.998244,0.000997,0.000759
171,0,0.000460,0.000392,0.999148
172,0,0.000607,0.000227,0.999165
173,0,0.014733,0.000250,0.985017
174,1,0.030320,0.000601,0.969078
175,0,0.000667,0.000221,0.999112
176,0,0.000426,0.000288,0.999286
177,0,0.335365,0.001302,0.663333
178,1,0.000970,0.000189,0.998841
179,0,0.001416,0.000205,0.998379
180,0,0.000480,0.000255,0.999265
181,1,0.669394,0.306481,0.024125
182,0,0.000589,0.000229,0.999182
183,0,0.001217,0.000205,0.998578
184,0,0.001559,0.012462,0.985978
185,0,0.000624,0.000229,0.999146
186,0,0.001063,0.000196,0.998741
187,1,0.097180,0.000739,0.902081
188,0,0.000741,0.001006,0.998253
189,0,0.002923,0.000194,0.996883
190,0,0.943998,0.000732,0.055270
191,0,0.000502,0.000457,0.999041
192,0,0.000507,0.000268,0.999225
193,0,0.000602,0.000231,0.999167
194,0,0.002850,0.000240,0.996911
195,0,0.231856,0.001219,0.766925
196,0,0.000497,0.000258,0.999244
197,1,0.501071,0.002148,0.496781
198,0,0.609487,0.001517,0.388996
199,0,0.160950,0.001181,0.837868
200,0,0.772023,0.001287,0.226690
201,0,0.000828,0.000193,0.998979
202,0,0.001110,0.000204,0.998686
203,0,0.000608,0.000213,0.999178
204,0,0.000500,0.000256,0.999244
205,0,0.000564,0.000227,0.999209
206,1,0.022219,0.000358,0.977423
207,1,0.171369,0.001167,0.827464
208,1,0.010577,0.061008,0.928415
209,1,0.000568,0.000332,0.999101
210,0,0.874375,0.001262,0.124363
211,1,0.000462,0.003556,0.995982
212,1,0.178723,0.096741,0.724536
213,1,0.558971,0.001517,0.439512
214,1,0.932392,0.000795,0.066812
215,1,0.626491,0.369138,0.004371
216,1,0.990366,0.000619,0.009015
217,1,0.001120,0.000192,0.998688
218,1,0.036290,0.000559,0.963151
219,1,0.000568,0.000332,0.999101
220,1,0.168897,0.001297,0.829806
221,1,0.006150,0.070509,0.923341
222,1,0.000568,0.000332,0.999101
223,1,0.055503,0.088525,0.855972
224,1,0.295712,0.000601,0.703688
225,1,0.000487,0.000644,0.998869
226,1,0.869669,0.001046,0.129285
227,1,0.001085,0.004206,0.994709
228,1,0.006123,0.299900,0.693978
229,1,0.000596,0.000225,0.999179
230,1,0.001038,0.000177,0.998785
231,1,0.000850,0.000215,0.998935
232,1,0.000568,0.000332,0.999101
233,1,0.000484,0.000294,0.999222
234,1,0.000565,0.000343,0.999092
235,1,0.000520,0.000250,0.999230
236,1,0.177040,0.252269,0.570691
237,1,0.427475,0.001138,0.571387
238,1,0.000568,0.000332,0.999101
239,1,0.956862,0.000728,0.042409
240,1,0.158993,0.687732,0.153276
241,1,0.001256,0.000211,0.998533
242,1,0.988325,0.000803,0.010872
243,1,0.998193,0.000863,0.000944
244,1,0.009532,0.667793,0.322675
245,1,0.211745,0.000854,0.787401
246,1,0.034175,0.000659,0.965166
247,1,0.447919,0.545439,0.006643
248,1,0.997681,0.002067,0.000252
249,1,0.000489,0.000271,0.999240
250,1,0.012047,0.000275,0.987677
251,1,0.000498,0.000247,0.999255
252,1,0.000602,0.000225,0.999173
253,1,0.003210,0.100214,0.896576
254,0,0.000835,0.000211,0.998955
255,1,0.002683,0.000269,0.997048
256,1,0.000464,0.000262,0.999274
257,1,0.004366,0.001016,0.994619
258,0,0.000891,0.000203,0.998906
259,1,0.000588,0.000219,0.999194
260,1,0.996796,0.000596,0.002608
261,0,0.000514,0.000238,0.999248
262,0,0.000536,0.000241,0.999223
263,1,0.062352,0.000392,0.937256
264,1,0.001461,0.000198,0.998341
265,1,0.085680,0.028811,0.885509
266,0,0.911183,0.001105,0.087712
267,1,0.723804,0.001902,0.274294
268,1,0.997229,0.000538,0.002232
269,1,0.001235,0.248421,0.750345
270,0,0.002357,0.000207,0.997436
271,1,0.014102,0.000315,0.985583
272,0,0.478927,0.001436,0.519637
273,0,0.005547,0.000310,0.994143
274,0,0.000664,0.000214,0.999122
275,0,0.001103,0.000193,0.998704
276,1,0.000577,0.000285,0.999138
277,0,0.000564,0.000296,0.999140
278,1,0.000555,0.000235,0.999210
279,1,0.998521,0.001121,0.000358
280,1,0.018387,0.000402,0.981211
281,0,0.000517,0.000242,0.999241
282,0,0.001119,0.000179,0.998702
283,1,0.000482,0.000265,0.999253
284,0,0.001359,0.000190,0.998450
285,1,0.000574,0.000275,0.999151
286,1,0.000531,0.000318,0.999151
287,0,0.110928,0.352617,0.536455
288,0,0.000585,0.000232,0.999183
289,1,0.463197,0.373617,0.163186
290,0,0.171896,0.001136,0.826967
291,0,0.002095,0.000230,0.997675
292,0,0.000357,0.000404,0.999239
293,0,0.000471,0.000256,0.999273
294,1,0.055283,0.000411,0.944306
295,0,0.000363,0.001796,0.997840
296,0,0.002880,0.000225,0.996896
297,0,0.010709,0.000467,0.988824
298,1,0.000519,0.000244,0.999237
299,0,0.000849,0.000203,0.998948
300,1,0.002600,0.000205,0.997195
301,1,0.767184,0.062215,0.170601
302,0,0.001523,0.000179,0.998299
303,1,0.982717,0.000443,0.016839
304,1,0.047661,0.000471,0.951868
305,1,0.053885,0.580169,0.365946
306,0,0.001258,0.000186,0.998556
307,0,0.001799,0.000210,0.997991
308,1,0.997959,0.000590,0.001452
309,0,0.000682,0.000224,0.999095
310,1,0.998130,0.001560,0.000310
311,0,0.996866,0.000552,0.002582
312,1,0.010213,0.385294,0.604493
313,1,0.855625,0.000999,0.143376
314,1,0.884157,0.000541,0.115301
315,0,0.000456,0.000265,0.999279
316,0,0.000816,0.000201,0.998982
317,0,0.000623,0.000208,0.999169
318,1,0.001112,0.000324,0.998563
319,0,0.000508,0.000250,0.999243
320,1,0.997831,0.000654,0.001515
321,0,0.000451,0.000270,0.999279
322,0,0.001998,0.000200,0.997803
323,1,0.996398,0.000632,0.002969
324,0,0.002699,0.000209,0.997092
325,0,0.281473,0.000753,0.717774
326,1,0.018928,0.656558,0.324514
327,1,0.000456,0.000271,0.999273
328,0,0.008050,0.008731,0.983219
329,1,0.998312,0.001328,0.000360
330,1,0.453303,0.428329,0.118368
331,1,0.996305,0.003466,0.000228
332,1,0.002909,0.000225,0.996866
333,0,0.000495,0.000244,0.999261
334,1,0.003758,0.000214,0.996028
335,0,0.009315,0.000207,0.990478
336,0,0.000516,0.000240,0.999244
337,1,0.266095,0.001082,0.732823
338,0,0.923795,0.000947,0.075258
339,0,0.002076,0.002831,0.995093
340,0,0.000400,0.000366,0.999234
341,1,0.908503,0.000961,0.090536
342,1,0.087607,0.000387,0.912006
343,0,0.000479,0.000248,0.999273
344,0,0.000713,0.000220,0.999067
345,0,0.970323,0.000597,0.029080
346,0,0.002306,0.000197,0.997498
347,1,0.003399,0.000223,0.996378
348,0,0.004089,0.000182,0.995729
349,0,0.995711,0.000480,0.003809
350,1,0.998535,0.000730,0.000735
351,0,0.000454,0.000265,0.999280
352,1,0.000484,0.000272,0.999243
353,0,0.000476,0.000253,0.999270
354,0,0.000872,0.062622,0.936506
355,1,0.001100,0.000204,0.998696
356,0,0.173127,0.000884,0.825989
357,0,0.000679,0.000208,0.999113
358,0,0.000487,0.000249,0.999264
359,0,0.000602,0.000232,0.999166
360,0,0.001652,0.000208,0.998140
361,0,0.000662,0.005942,0.993396
362,1,0.038375,0.106617,0.855009
363,0,0.003243,0.000204,0.996552
364,1,0.005928,0.000194,0.993878
365,1,0.000425,0.000294,0.999281
366,0,0.057117,0.001699,0.941184
367,1,0.000989,0.000202,0.998810
368,1,0.997889,0.001809,0.000302
369,1,0.002028,0.000185,0.997787
370,1,0.998110,0.000792,0.001098
371,1,0.996876,0.000490,0.002635
372,0,0.000624,0.000219,0.999157
373,1,0.972266,0.000682,0.027052
374,0,0.994337,0.000792,0.004872
375,1,0.000582,0.000230,0.999188
376,1,0.047105,0.000642,0.952253
377,0,0.062727,0.000384,0.936889
378,0,0.000643,0.000211,0.999145
379,0,0.000480,0.000254,0.999266
380,1,0.998024,0.000865,0.001112
381,0,0.000401,0.000617,0.998982
382,0,0.002331,0.376794,0.620875
383,1,0.826669,0.001135,0.172197
384,0,0.002592,0.000202,0.997207
385,0,0.030943,0.000371,0.968686
386,0,0.001459,0.000339,0.998202
387,0,0.000512,0.000240,0.999248
388,0,0.000760,0.000202,0.999038
389,0,0.000584,0.000227,0.999189
390,0,0.007320,0.018453,0.974228
391,0,0.000649,0.000210,0.999141
392,1,0.998492,0.000888,0.000620
393,1,0.016325,0.000273,0.983402
394,1,0.000492,0.000254,0.999254
395,1,0.722440,0.001015,0.276545
396,1,0.028479,0.000702,0.970820
397,1,0.995048,0.000555,0.004398
398,1,0.340646,0.001192,0.658162
399,1,0.998341,0.001179,0.000480
400,1,0.001048,0.000198,0.998754
401,1,0.386049,0.000878,0.613073
402,1,0.001287,0.000203,0.998511
403,0,0.017755,0.000533,0.981712
404,1,0.000507,0.000711,0.998783
405,1,0.000713,0.000737,0.998550
406,1,0.998673,0.000821,0.000506
407,1,0.812643,0.001833,0.185524
408,1,0.002458,0.000223,0.997319
409,1,0.001101,0.000186,0.998713
410,0,0.000591,0.000215,0.999194
411,1,0.000795,0.000283,0.998922
412,0,0.001299,0.000192,0.998508
413,0,0.000505,0.000267,0.999227
414,1,0.003245,0.000371,0.996384
415,0,0.000509,0.000241,0.999250
416,0,0.000517,0.000248,0.999235
417,1,0.997694,0.000547,0.001758
418,1,0.324862,0.669005,0.006133
419,0,0.000486,0.000259,0.999254
420,1,0.018984,0.742155,0.238861
421,0,0.790767,0.000649,0.208584
422,1,0.054045,0.000969,0.944986
423,1,0.152025,0.825243,0.022732
424,1,0.000869,0.000413,0.998718
425,1,0.998689,0.000760,0.000551
426,1,0.000459,0.000257,0.999284
427,0,0.000438,0.000277,0.999285
428,1,0.944068,0.000687,0.055246
429,1,0.096818,0.000698,0.902484
430,0,0.000581,0.000223,0.999195
431,0,0.000495,0.000270,0.999235
432,0,0.006339,0.000276,0.993385
433,0,0.000574,0.000217,0.999208
434,0,0.075129,0.000570,0.924300
435,0,0.410226,0.001393,0.588381
436,0,0.792205,0.000857,0.206938
437,0,0.000507,0.000244,0.999249
438,0,0.000534,0.000239,0.999227
439,1,0.204548,0.001169,0.794283
440,0,0.000428,0.000426,0.999146
441,0,0.000851,0.001058,0.998091
442,1,0.000736,0.000212,0.999052
443,0,0.000724,0.000256,0.999021
444,0,0.000536,0.000235,0.999229
445,0,0.033607,0.000392,0.966001
446,0,0.000511,0.000297,0.999192
447,1,0.775665,0.001055,0.223280
448,0,0.000643,0.000213,0.999144
449,1,0.032266,0.000467,0.967267
450,0,0.013425,0.000388,0.986187
451,0,0.000561,0.000232,0.999207
452,1,0.985481,0.001070,0.013449
453,0,0.001467,0.000177,0.998355
454,1,0.000497,0.000236,0.999266
455,0,0.000631,0.000215,0.999154
456,1,0.000723,0.000250,0.999027
457,0,0.000481,0.000382,0.999137
458,1,0.584887,0.001166,0.413947
459,0,0.000494,0.000310,0.999196
460,0,0.001634,0.000205,0.998160
461,0,0.000522,0.000241,0.999236
462,0,0.000552,0.000234,0.999215
463,1,0.998348,0.001047,0.000606
464,1,0.639250,0.342357,0.018393
465,1,0.047969,0.000458,0.951573
466,1,0.045949,0.000585,0.953466
467,0,0.000860,0.000196,0.998943
468,0,0.000491,0.000256,0.999253
469,1,0.996284,0.000463,0.003253
470,1,0.136383,0.000870,0.862747
471,1,0.002390,0.000184,0.997426
472,1,0.968704,0.000569,0.030727
473,0,0.003367,0.000173,0.996461
474,1,0.000596,0.000230,0.999174
475,0,0.000559,0.000237,0.999204
476,1,0.007880,0.774643,0.217477
477,0,0.001157,0.172672,0.826171
478,0,0.000592,0.000221,0.999187
479,1,0.150861,0.436066,0.413073
480,1,0.998361,0.001333,0.000306
481,0,0.000484,0.000294,0.999222
482,0,0.002418,0.000202,0.997380
483,0,0.000546,0.000237,0.999217
484,1,0.998441,0.001150,0.000409
485,0,0.543586,0.001770,0.454643
486,1,0.993587,0.000520,0.005893
487,1,0.000486,0.000509,0.999005
488,1,0.022478,0.000438,0.977084
489,0,0.007607,0.004343,0.988050
490,0,0.002902,0.000213,0.996884
491,0,0.000575,0.000224,0.999201
492,1,0.915153,0.001083,0.083764
493,0,0.016475,0.000401,0.983124
494,0,0.125910,0.000608,0.873482
495,0,0.000464,0.000264,0.999272
496,1,0.001075,0.000260,0.998665
497,0,0.000437,0.000279,0.999284
498,0,0.000504,0.000245,0.999251
499,0,0.000859,0.000207,0.998934
500,0,0.000572,0.000234,0.999193
501,0,0.000729,0.000208,0.999063
502,0,0.000534,0.000242,0.999223
503,0,0.000625,0.000225,0.999151
504,1,0.236283,0.001364,0.762353
505,0,0.007464,0.000347,0.992190
506,1,0.000533,0.000239,0.999227
507,1,0.000412,0.000286,0.999302
508,1,0.001523,0.000203,0.998274
509,1,0.271813,0.597752,0.130435
510,1,0.012406,0.000305,0.987289
511,0,0.004403,0.000236,0.995361
512,0,0.000596,0.000222,0.999182
513,0,0.998559,0.000648,0.000793
514,1,0.000602,0.000213,0.999185
515,1,0.005544,0.000305,0.994151
516,1,0.004088,0.000256,0.995655
517,0,0.002128,0.000193,0.997679
518,1,0.565375,0.430579,0.004046
519,1,0.997050,0.000523,0.002427
520,1,0.000486,0.000253,0.999260
521,1,0.998244,0.000571,0.001185
522,1,0.000638,0.000230,0.999132
523,0,0.326233,0.001170,0.672598
524,1,0.027140,0.000364,0.972495
525,0,0.009345,0.000266,0.990390
526,1,0.133860,0.000676,0.865464
527,1,0.905576,0.001765,0.092659
528,1,0.449007,0.054114,0.496879
529,1,0.997338,0.000488,0.002174
530,0,0.005451,0.000323,0.994225
531,0,0.000423,0.000312,0.999265
532,1,0.036652,0.000581,0.962766
533,1,0.608976,0.000710,0.390314
534,0,0.000622,0.000234,0.999145
535,1,0.002850,0.000215,0.996935
536,1,0.041097,0.000399,0.958505
537,0,0.000473,0.000506,0.999022
538,0,0.001013,0.000189,0.998798
539,0,0.028629,0.000491,0.970880
540,1,0.998168,0.000527,0.001305
541,1,0.000479,0.004925,0.994596
542,1,0.998042,0.000548,0.001411
543,1,0.006655,0.585539,0.407806
544,1,0.997528,0.000718,0.001754
545,0,0.000399,0.000285,0.999316
546,1,0.032224,0.000529,0.967248
547,0,0.001111,0.000192,0.998696
548,0,0.008646,0.000257,0.991096
549,0,0.097799,0.000525,0.901675
550,0,0.000592,0.000207,0.999201
551,0,0.116432,0.000927,0.882641
552,1,0.005284,0.000221,0.994496
553,1,0.998623,0.000713,0.000663
554,1,0.000522,0.000242,0.999236
555,0,0.000581,0.000234,0.999185
556,0,0.001039,0.000183,0.998779
557,0,0.000492,0.000260,0.999248
558,1,0.001328,0.001272,0.997400
559,0,0.000371,0.000447,0.999182
560,0,0.001153,0.000203,0.998645
561,0,0.006047,0.000294,0.993659
562,0,0.198948,0.000537,0.800515
563,1,0.972415,0.000694,0.026891
564,1,0.000462,0.000416,0.999122
565,1,0.801231,0.001597,0.197172
566,1,0.000730,0.000214,0.999056
567,1,0.000533,0.000252,0.999215
568,0,0.790509,0.000771,0.208721
569,1,0.020459,0.000421,0.979120
570,0,0.000531,0.000240,0.999229
571,1,0.248170,0.000841,0.750990
572,0,0.000469,0.000258,0.999272
573,1,0.931189,0.000767,0.068044
574,0,0.010359,0.000306,0.989335
575,1,0.949055,0.000712,0.050234
576,0,0.000560,0.000236,0.999204
577,0,0.202169,0.001007,0.796824
578,1,0.007900,0.000264,0.991836
579,0,0.000592,0.000212,0.999196
580,0,0.742038,0.001063,0.256899
581,1,0.033921,0.000318,0.965761
582,1,0.005127,0.000223,0.994651
583,1,0.210159,0.001135,0.788705
584,1,0.045968,0.017571,0.936461
585,1,0.139168,0.001365,0.859467
586,0,0.000452,0.000290,0.999257
587,1,0.030493,0.000471,0.969037
588,0,0.000444,0.000267,0.999289
589,0,0.000488,0.000247,0.999264
590,1,0.879975,0.000947,0.119078
591,1,0.007910,0.001165,0.990925
592,1,0.446564,0.000679,0.552757
593,0,0.145597,0.000929,0.853473
594,1,0.001417,0.024585,0.973998
595,1,0.325738,0.666008,0.008254
596,1,0.096073,0.542514,0.361413
597,0,0.002874,0.000229,0.996897
598,0,0.000604,0.000226,0.999170
599,0,0.000812,0.000216,0.998972
600,0,0.002981,0.000277,0.996743
601,0,0.895296,0.000922,0.103782
602,1,0.986532,0.000577,0.012891
603,0,0.001365,0.000230,0.998405
604,0,0.000425,0.000454,0.999121
605,1,0.003915,0.000233,0.995853
606,0,0.000676,0.000215,0.999108
607,1,0.052277,0.000657,0.947066
608,1,0.001414,0.000206,0.998380
609,0,0.998609,0.000801,0.000590
610,0,0.000554,0.000244,0.999202
611,1,0.000519,0.000255,0.999225
612,0,0.000644,0.000212,0.999144
613,1,0.000528,0.000232,0.999240
614,0,0.000425,0.000294,0.999281
615,0,0.002740,0.000187,0.997073
616,1,0.998420,0.001177,0.000403
617,0,0.000579,0.000235,0.999186
618,0,0.000482,0.000257,0.999261
619,0,0.001148,0.000192,0.998660
620,1,0.737384,0.001098,0.261517
621,1,0.000443,0.000280,0.999277
622,1,0.000470,0.000268,0.999262
623,1,0.998026,0.001659,0.000316
624,0,0.998298,0.000630,0.001072
625,1,0.001155,0.000187,0.998658
626,1,0.013810,0.435307,0.550883
627,0,0.000493,0.000249,0.999258
628,1,0.987095,0.000563,0.012342
629,1,0.885278,0.001436,0.113285
630,0,0.000439,0.000283,0.999278
631,0,0.000590,0.000228,0.999182
632,1,0.049660,0.000546,0.949794
633,1,0.001015,0.000211,0.998774
634,0,0.004798,0.010694,0.984508
635,0,0.004489,0.000207,0.995304
636,0,0.013271,0.013185,0.973544
637,0,0.021622,0.001005,0.977373
638,0,0.182582,0.000804,0.816615
639,1,0.998495,0.000918,0.000587
640,0,0.000480,0.000257,0.999263
641,1,0.459320,0.524908,0.015772
642,1,0.002613,0.611108,0.386279
643,1,0.754106,0.001115,0.244779
644,1,0.966290,0.001188,0.032522
645,1,0.000711,0.000205,0.999083
646,1,0.001874,0.000214,0.997913
647,1,0.998221,0.000659,0.001120
648,0,0.025458,0.000323,0.974219
649,0,0.418146,0.001011,0.580844
650,0,0.000466,0.000253,0.999281
651,0,0.656790,0.001503,0.341707
652,1,0.000779,0.000201,0.999020
653,1,0.997127,0.000714,0.002159
654,0,0.000571,0.000227,0.999202
655,0,0.002004,0.000203,0.997793
656,0,0.002466,0.000477,0.997057
657,1,0.000431,0.000530,0.999038
658,1,0.000538,0.000671,0.998791
659,1,0.003546,0.000216,0.996238
660,0,0.000806,0.000203,0.998991
661,0,0.000523,0.000366,0.999110
662,1,0.000793,0.000193,0.999014
663,1,0.000801,0.000203,0.998996
664,0,0.059637,0.000663,0.939699
665,1,0.996570,0.000546,0.002885
666,1,0.001964,0.053787,0.944249
667,0,0.000556,0.000234,0.999210
668,0,0.036422,0.000600,0.962979
669,0,0.976928,0.000648,0.022424
670,0,0.001471,0.000187,0.998342
671,1,0.993705,0.000687,0.005607
672,1,0.001022,0.000187,0.998791
673,0,0.001984,0.000187,0.997829
674,0,0.620391,0.001133,0.378476
675,0,0.003097,0.000202,0.996702
676,0,0.000748,0.000214,0.999038
677,1,0.457231,0.533773,0.008996
678,0,0.001204,0.000188,0.998607
679,0,0.752940,0.001469,0.245591
680,1,0.237756,0.001033,0.761210
681,1,0.753204,0.015910,0.230886
682,0,0.001422,0.000186,0.998392
683,0,0.006205,0.000276,0.993519
684,0,0.998666,0.000689,0.000645
685,1,0.000909,0.000191,0.998899
686,1,0.000896,0.000193,0.998911
687,0,0.000515,0.000234,0.999251
688,0,0.000488,0.000249,0.999263
689,0,0.000615,0.000217,0.999168
690,0,0.010123,0.000282,0.989595
691,0,0.004972,0.000288,0.994740
692,0,0.537832,0.000899,0.461270
693,1,0.000682,0.000207,0.999111
694,1,0.010268,0.000224,0.989508
695,0,0.542562,0.001623,0.455815
696,0,0.000471,0.000268,0.999261
697,0,0.001423,0.000214,0.998364
698,1,0.984959,0.000509,0.014532
699,1,0.206260,0.000889,0.792851
700,0,0.000594,0.000224,0.999183
701,1,0.000641,0.000226,0.999133
702,0,0.012330,0.000252,0.987418
703,0,0.000748,0.000198,0.999054
704,1,0.998706,0.000714,0.000580
705,0,0.876663,0.001118,0.122219
706,0,0.000615,0.000221,0.999165
707,0,0.003674,0.000207,0.996119
708,1,0.961110,0.000740,0.038150
709,1,0.335622,0.001340,0.663038
710,0,0.053229,0.000449,0.946323
711,0,0.000418,0.000319,0.999263
712,1,0.998282,0.001236,0.000483
713,1,0.004209,0.000322,0.995469
714,1,0.998500,0.000596,0.000904
715,0,0.012080,0.000267,0.987654
716,0,0.000697,0.000209,0.999095
717,0,0.957591,0.000771,0.041638
718,1,0.000636,0.000222,0.999142
719,1,0.019406,0.000322,0.980271
720,1,0.995700,0.000647,0.003653
721,0,0.985530,0.000533,0.013937
722,0,0.000417,0.000294,0.999288
723,1,0.004746,0.000231,0.995023
724,0,0.000463,0.000262,0.999274
725,1,0.997629,0.002099,0.000272
726,1,0.884091,0.001081,0.114829
727,1,0.985720,0.000654,0.013626
728,1,0.001678,0.000211,0.998111
729,1,0.096085,0.000822,0.903093
730,1,0.966148,0.000826,0.033025
731,1,0.523966,0.001406,0.474629
732,1,0.997156,0.000552,0.002292
733,1,0.900278,0.000957,0.098765
734,1,0.998430,0.000840,0.000729
735,1,0.000454,0.000262,0.999284
736,0,0.000579,0.000227,0.999194
737,0,0.954143,0.000488,0.045369
738,0,0.000598,0.000230,0.999171
739,1,0.997408,0.002232,0.000360
740,1,0.998421,0.001246,0.000333
741,1,0.001472,0.000174,0.998354
742,1,0.996455,0.003293,0.000252
743,1,0.948326,0.000599,0.051074
744,1,0.988443,0.000636,0.010921
745,0,0.024324,0.000367,0.975309
746,0,0.000486,0.000262,0.999252
747,1,0.983781,0.000648,0.015571
748,1,0.078829,0.852556,0.068615
749,0,0.330045,0.000771,0.669184
750,0,0.003353,0.000226,0.996421
751,0,0.946564,0.000729,0.052706
752,1,0.989610,0.000585,0.009805
753,0,0.014216,0.000327,0.985457
754,0,0.019663,0.000513,0.979825
755,0,0.000520,0.000246,0.999235
756,0,0.000947,0.000189,0.998864
757,0,0.000467,0.000255,0.999278
758,0,0.536248,0.442392,0.021360
759,0,0.000521,0.000248,0.999231
760,1,0.998559,0.000943,0.000498
761,1,0.001027,0.000934,0.998039
762,0,0.000473,0.000261,0.999266
763,0,0.120092,0.000801,0.879106
764,0,0.000639,0.000207,0.999154
765,0,0.249511,0.058775,0.691715
766,0,0.973971,0.000670,0.025359
767,1,0.998413,0.000827,0.000761
768,1,0.423694,0.001143,0.575163
769,0,0.004095,0.000231,0.995674
770,0,0.000906,0.000185,0.998909
771,1,0.000489,0.000251,0.999259
772,1,0.000555,0.000228,0.999217
773,0,0.000714,0.000236,0.999050
774,0,0.000508,0.000243,0.999249
775,0,0.006220,0.620409,0.373371
776,0,0.000520,0.000242,0.999237
777,0,0.000541,0.000259,0.999200
778,1,0.997970,0.000621,0.001410
779,0,0.000429,0.000285,0.999286
780,1,0.981965,0.000770,0.017265
781,0,0.000557,0.000219,0.999223
782,0,0.000567,0.000924,0.998509
783,0,0.000585,0.000345,0.999070
784,0,0.000561,0.000234,0.999205
785,0,0.644102,0.001290,0.354608
786,1,0.009345,0.001053,0.989602
787,0,0.998707,0.000725,0.000569
788,1,0.389343,0.000940,0.609717
789,1,0.002331,0.000227,0.997442
790,1,0.652358,0.322736,0.024906
791,1,0.162244,0.185190,0.652566
792,0,0.996035,0.000489,0.003475
793,1,0.995323,0.000495,0.004181
794,0,0.266253,0.001264,0.732483
795,1,0.988873,0.000564,0.010564
796,1,0.855037,0.000912,0.144051
797,0,0.000548,0.000235,0.999217
798,0,0.000717,0.000197,0.999086
799,1,0.002486,0.001505,0.996009
800,0,0.000491,0.000298,0.999210
801,1,0.294524,0.311301,0.394175
802,1,0.819698,0.000910,0.179392
803,1,0.955732,0.000753,0.043516
804,1,0.221425,0.000955,0.777619
805,1,0.017483,0.000406,0.982111
806,1,0.001043,0.000200,0.998757
807,1,0.149835,0.000886,0.849278
808,1,0.998614,0.000836,0.000551
809,1,0.017118,0.000340,0.982541
810,1,0.998248,0.000535,0.001218
811,1,0.000519,0.000237,0.999244
812,1,0.086903,0.000736,0.912361
813,1,0.018720,0.000334,0.980946
814,1,0.317803,0.000852,0.681345
815,1,0.993653,0.000613,0.005734
816,0,0.943980,0.000873,0.055146
817,0,0.637425,0.001263,0.361311
818,1,0.000622,0.000220,0.999158
819,1,0.932462,0.000841,0.066697
820,0,0.000701,0.000209,0.999090
821,1,0.998017,0.000610,0.001372
822,1,0.001031,0.000203,0.998767
823,1,0.001665,0.000180,0.998155
824,1,0.009017,0.001684,0.989299
825,1,0.000648,0.000224,0.999128
826,1,0.013479,0.000425,0.986096
827,0,0.000833,0.203448,0.795719
828,1,0.998140,0.000635,0.001226
829,0,0.000563,0.000225,0.999212
830,1,0.997934,0.000576,0.001489
831,0,0.000385,0.000325,0.999290
832,1,0.000868,0.000200,0.998932
833,1,0.000876,0.000194,0.998930
834,0,0.000486,0.000253,0.999261
835,1,0.998402,0.001267,0.000331
836,1,0.003814,0.000166,0.996020
837,1,0.415428,0.000949,0.583623
838,1,0.998641,0.000830,0.000529
839,1,0.492155,0.000912,0.506933
840,1,0.002968,0.000219,0.996813
841,1,0.094175,0.000527,0.905298
842,1,0.964224,0.000722,0.035054
843,0,0.003062,0.000221,0.996717
844,1,0.960364,0.000710,0.038926
845,1,0.662635,0.001506,0.335860
846,0,0.001885,0.000184,0.997931
847,0,0.138504,0.000452,0.861044
848,0,0.998673,0.000842,0.000485
849,0,0.009405,0.000385,0.990210
850,0,0.011933,0.000295,0.987772
851,1,0.000851,0.000195,0.998953
852,0,0.014162,0.321763,0.664075
853,0,0.000488,0.000251,0.999260
854,0,0.245606,0.003777,0.750618
855,0,0.000521,0.000242,0.999236
856,0,0.000544,0.000242,0.999214
857,0,0.132421,0.000726,0.866853
858,0,0.018871,0.000558,0.980570
859,1,0.969518,0.001081,0.029402
860,0,0.000846,0.000195,0.998958
861,1,0.000486,0.000247,0.999266
862,1,0.000631,0.000223,0.999146
863,0,0.000661,0.002291,0.997048
864,0,0.000568,0.000233,0.999199
865,1,0.642380,0.001426,0.356194
866,1,0.000421,0.000527,0.999052
867,0,0.243084,0.001613,0.755303
868,0,0.000408,0.000341,0.999251
869,0,0.000520,0.000238,0.999243
870,1,0.482843,0.000726,0.516430
871,1,0.000523,0.000237,0.999240
872,1,0.994370,0.003549,0.002081
873,1,0.004239,0.009686,0.986075
874,1,0.000512,0.000239,0.999249
875,0,0.000665,0.000208,0.999128
876,1,0.001121,0.000215,0.998664
877,1,0.856147,0.000891,0.142961
878,1,0.000456,0.000313,0.999231
879,0,0.000564,0.000232,0.999204
880,0,0.000772,0.000211,0.999017
881,0,0.000861,0.005036,0.994103
882,1,0.000529,0.000222,0.999250
883,0,0.000734,0.000223,0.999042
884,1,0.998529,0.000740,0.000731
885,0,0.000487,0.000239,0.999273
886,1,0.816012,0.000863,0.183125
887,0,0.000564,0.000656,0.998780
888,0,0.000535,0.000244,0.999221
889,0,0.998365,0.001047,0.000589
890,0,0.001111,0.000192,0.998696
891,0,0.000549,0.000242,0.999209
892,0,0.000514,0.000238,0.999248
893,1,0.997335,0.000509,0.002156
894,0,0.002118,0.000196,0.997686
895,0,0.014638,0.000221,0.985141
896,0,0.001085,0.000218,0.998697
897,0,0.003264,0.000202,0.996534
898,0,0.004139,0.000200,0.995661
899,0,0.002497,0.000242,0.997261
900,1,0.440828,0.000899,0.558272
901,0,0.003741,0.000263,0.995996
902,0,0.202956,0.000977,0.796067
903,0,0.462397,0.001224,0.536380
904,0,0.002287,0.000180,0.997532
905,0,0.000586,0.000225,0.999189
906,0,0.000577,0.000225,0.999198
907,0,0.998535,0.001011,0.000454
908,1,0.997745,0.000559,0.001697
909,0,0.000492,0.000252,0.999256
910,0,0.997687,0.000492,0.001821
911,0,0.075619,0.000419,0.923962
912,1,0.001018,0.000187,0.998795
913,0,0.991736,0.000579,0.007685
914,0,0.000436,0.000279,0.999285
915,1,0.032485,0.000431,0.967084
916,1,0.883173,0.001883,0.114944
917,1,0.995703,0.000649,0.003647
918,0,0.000483,0.000326,0.999191
919,1,0.791198,0.001260,0.207542
920,1,0.329235,0.187730,0.483035
921,0,0.000479,0.000248,0.999273
922,0,0.000940,0.000203,0.998857
923,0,0.013742,0.000299,0.985959
924,0,0.000556,0.000240,0.999204
925,1,0.102588,0.000730,0.896682
926,0,0.000442,0.000340,0.999219
927,1,0.998424,0.001053,0.000523
928,0,0.000571,0.000225,0.999204
929,0,0.000469,0.000259,0.999272
930,0,0.000624,0.000213,0.999164
931,1,0.870435,0.001223,0.128342
932,0,0.003982,0.000239,0.995779
933,0,0.000619,0.000219,0.999162
934,1,0.005338,0.133873,0.860788
935,1,0.008056,0.000241,0.991703
936,0,0.003160,0.000274,0.996567
937,0,0.010623,0.000297,0.989079
938,0,0.001527,0.000213,0.998260
939,0,0.009479,0.000234,0.990288
940,0,0.000556,0.000233,0.999211
941,0,0.617707,0.001223,0.381071
942,0,0.000556,0.000237,0.999207
943,1,0.043952,0.000474,0.955573
944,0,0.000793,0.000204,0.999003
945,1,0.997930,0.000610,0.001459
946,1,0.203487,0.765197,0.031316
947,1,0.000863,0.000379,0.998758
948,0,0.002669,0.000261,0.997070
949,0,0.000697,0.000201,0.999102
950,1,0.000702,0.000229,0.999069
951,1,0.045711,0.000735,0.953555
952,0,0.000622,0.000376,0.999002
953,1,0.000769,0.000206,0.999025
954,1,0.384571,0.024082,0.591347
955,0,0.000344,0.000379,0.999276
956,1,0.175574,0.273237,0.551189
957,0,0.000673,0.000210,0.999118
958,0,0.951492,0.037211,0.011297
959,0,0.000602,0.000216,0.999182
960,0,0.000539,0.000241,0.999220
961,0,0.000566,0.000224,0.999209
962,0,0.001838,0.000239,0.997923
963,0,0.154402,0.000981,0.844617
964,1,0.341014,0.000903,0.658083
965,0,0.002643,0.000214,0.997143
966,0,0.009299,0.000285,0.990415
967,0,0.000524,0.000237,0.999239
968,0,0.008982,0.000251,0.990767
969,0,0.000578,0.000217,0.999205
970,0,0.000502,0.000243,0.999254
971,0,0.000512,0.000235,0.999253
972,0,0.000462,0.000278,0.999260
973,1,0.998629,0.000836,0.000535
974,0,0.993940,0.000691,0.005369
975,0,0.000897,0.000199,0.998903
976,0,0.003756,0.000238,0.996007
977,1,0.859609,0.001610,0.138781
978,1,0.000631,0.000231,0.999138
979,1,0.000463,0.000265,0.999272
980,0,0.872616,0.074939,0.052445
981,1,0.448571,0.001390,0.550039
982,0,0.000545,0.000235,0.999220
983,1,0.984310,0.000633,0.015056
984,0,0.872819,0.000934,0.126247
985,1,0.992479,0.000532,0.006989
986,1,0.002067,0.000207,0.997725
987,1,0.000434,0.000297,0.999268
988,1,0.998553,0.000893,0.000554
989,0,0.000503,0.000239,0.999258
990,0,0.998460,0.001174,0.000366
991,0,0.001040,0.000216,0.998744
992,1,0.980334,0.000552,0.019113
993,1,0.000621,0.000219,0.999159
994,1,0.039986,0.856583,0.103431
995,1,0.859444,0.001315,0.139241
996,0,0.985727,0.000808,0.013465
997,0,0.001857,0.000225,0.997918
998,1,0.076500,0.000441,0.923060
999,1,0.725189,0.002213,0.272598
1000,1,0.979026,0.000606,0.020368
1001,1,0.220922,0.000806,0.778273
1002,1,0.004572,0.000265,0.995163
1003,0,0.813183,0.000809,0.186008
1004,1,0.726433,0.001333,0.272235
1005,0,0.947195,0.000871,0.051933
1006,1,0.026427,0.000483,0.973090
1007,1,0.017470,0.000310,0.982220
1008,0,0.000743,0.000202,0.999055
1009,0,0.001327,0.000183,0.998491
1010,1,0.005144,0.000314,0.994541
1011,0,0.128652,0.001091,0.870257
1012,0,0.014191,0.000558,0.985251
1013,0,0.000621,0.000303,0.999076
1014,1,0.876390,0.000917,0.122693
1015,1,0.998389,0.001205,0.000406
1016,1,0.822824,0.000754,0.176422
1017,1,0.055742,0.000547,0.943711
1018,1,0.796263,0.001287,0.202450
1019,0,0.012676,0.000737,0.986586
1020,0,0.995640,0.000528,0.003832
1021,1,0.001152,0.000189,0.998659
1022,0,0.001349,0.002491,0.996160
1023,1,0.044186,0.000564,0.955249
1024,1,0.978664,0.000562,0.020774
1025,1,0.998043,0.000672,0.001285
1026,1,0.998438,0.000643,0.000919
1027,1,0.000942,0.000205,0.998853
1028,1,0.985551,0.000552,0.013897
1029,1,0.998727,0.000764,0.000509
1030,0,0.646358,0.001576,0.352066
1031,1,0.316086,0.001039,0.682875
1032,1,0.000498,0.000253,0.999249
1033,0,0.004463,0.000251,0.995287
1034,1,0.997110,0.002650,0.000241
1035,0,0.000551,0.000236,0.999213
1036,1,0.553058,0.000981,0.445961
1037,0,0.001537,0.000206,0.998257
1038,1,0.966988,0.000580,0.032432
1039,1,0.980463,0.000633,0.018904
1040,1,0.998206,0.001517,0.000277
1041,1,0.006946,0.000272,0.992782
1042,1,0.003390,0.000180,0.996430
1043,0,0.000881,0.000194,0.998925
1044,1,0.995748,0.000522,0.003730
1045,1,0.982996,0.000621,0.016383
1046,1,0.628664,0.366458,0.004878
1047,1,0.000605,0.000219,0.999176
1048,0,0.001432,0.000183,0.998385
1049,0,0.997653,0.000548,0.001799
1050,0,0.000674,0.000200,0.999126
1051,0,0.000419,0.000283,0.999298
1052,0,0.001162,0.000197,0.998640
1053,1,0.000719,0.000219,0.999062
1054,0,0.003521,0.000435,0.996043
1055,0,0.001093,0.000230,0.998677
1056,1,0.987424,0.000651,0.011925
1057,0,0.000480,0.000256,0.999264
1058,0,0.000484,0.000254,0.999262
1059,0,0.000481,0.000250,0.999269
1060,0,0.000511,0.000241,0.999248
1061,0,0.926028,0.000896,0.073076
1062,1,0.521298,0.473910,0.004793
1063,0,0.956515,0.000706,0.042779
1064,0,0.000595,0.000257,0.999148
1065,0,0.000570,0.000231,0.999199
1066,0,0.439821,0.001045,0.559134
1067,0,0.000945,0.000217,0.998839
1068,0,0.000610,0.000213,0.999177
1069,1,0.998372,0.000621,0.001007
1070,1,0.000489,0.000254,0.999257
1071,1,0.892917,0.000691,0.106391
1072,0,0.006376,0.000231,0.993392
1073,0,0.996416,0.000646,0.002938
1074,0,0.000561,0.000233,0.999206
1075,1,0.001565,0.000211,0.998223
1076,1,0.012841,0.792833,0.194325
1077,0,0.374810,0.001207,0.623983
1078,0,0.000538,0.000236,0.999225
1079,0,0.000531,0.000238,0.999232
1080,0,0.001135,0.000965,0.997899
1081,0,0.000482,0.000253,0.999265
1082,0,0.000903,0.000189,0.998908
1083,0,0.045049,0.000444,0.954507
1084,1,0.990141,0.000522,0.009336
1085,0,0.000508,0.000284,0.999208
1086,0,0.000527,0.000237,0.999236
1087,1,0.242862,0.033083,0.724055
1088,1,0.028792,0.000571,0.970637
1089,1,0.714465,0.001274,0.284260
1090,0,0.285609,0.001801,0.712590
1091,0,0.857536,0.001212,0.141252
1092,0,0.000555,0.000231,0.999214
1093,0,0.488155,0.001357,0.510488
1094,0,0.000556,0.000237,0.999207
1095,0,0.000926,0.000194,0.998879
1096,0,0.000632,0.000229,0.999139
1097,1,0.000621,0.000217,0.999162
1098,0,0.024864,0.000442,0.974694
1099,0,0.998566,0.000712,0.000722
1100,1,0.998179,0.001546,0.000275
1101,1,0.000384,0.000531,0.999085
1102,1,0.998480,0.000761,0.000759
1103,1,0.019227,0.002154,0.978619
1104,1,0.947283,0.001069,0.051649
1105,0,0.000500,0.000257,0.999243
1106,1,0.042986,0.000512,0.956502
1107,1,0.000971,0.000189,0.998840
1108,1,0.012455,0.393203,0.594343
1109,1,0.007520,0.000243,0.992236
1110,0,0.000427,0.000283,0.999290
1111,0,0.986878,0.000754,0.012368
1112,1,0.934089,0.000683,0.065228
1113,1,0.075887,0.141268,0.782845
1114,1,0.021264,0.660701,0.318035
1115,0,0.003877,0.052565,0.943558
1116,1,0.000428,0.000315,0.999257
1117,1,0.000936,0.000291,0.998773
1118,0,0.998509,0.000924,0.000567
1119,0,0.065320,0.000341,0.934339
1120,1,0.975559,0.000585,0.023856
1121,0,0.000418,0.000313,0.999269
1122,1,0.996131,0.003513,0.000356
1123,1,0.997739,0.001956,0.000305
1124,1,0.997419,0.002173,0.000407
1125,1,0.004752,0.000248,0.995000
1126,1,0.011721,0.098473,0.889806
1127,1,0.992774,0.000510,0.006717
1128,1,0.123522,0.000626,0.875853
1129,1,0.000656,0.000253,0.999091
1130,1,0.000748,0.000223,0.999028
1131,1,0.656329,0.001462,0.342208
1132,1,0.998055,0.001123,0.000821
1133,0,0.000679,0.000217,0.999105
1134,1,0.447236,0.207338,0.345426
1135,1,0.995056,0.004675,0.000269
1136,1,0.330121,0.000671,0.669208
1137,1,0.249559,0.000701,0.749740
1138,1,0.014378,0.305549,0.680073
1139,1,0.000503,0.000243,0.999253
1140,0,0.000500,0.000241,0.999258
1141,0,0.000678,0.000199,0.999123
1142,0,0.003585,0.000230,0.996185
1143,0,0.000890,0.000194,0.998917
1144,0,0.003297,0.000237,0.996466
1145,0,0.007389,0.000372,0.992238
1146,1,0.958890,0.000759,0.040351
1147,0,0.553587,0.001186,0.445227
1148,0,0.000846,0.000196,0.998958
1149,0,0.118434,0.001098,0.880469
1150,0,0.001500,0.000179,0.998321
1151,0,0.072425,0.000999,0.926576
1152,0,0.001049,0.000245,0.998706
1153,0,0.000491,0.000243,0.999266
1154,0,0.000406,0.000433,0.999161
1155,1,0.282292,0.704060,0.013648
1156,0,0.000588,0.000224,0.999188
1157,0,0.985410,0.000726,0.013865
1158,0,0.001180,0.000184,0.998636
1159,1,0.002321,0.000198,0.997480
1160,1,0.639860,0.001461,0.358679
1161,1,0.000751,0.000190,0.999059
1162,0,0.139331,0.000890,0.859779
1163,1,0.000557,0.000237,0.999205
1164,1,0.022080,0.013926,0.963994
1165,1,0.004847,0.007899,0.987254
1166,1,0.075177,0.002849,0.921975
1167,1,0.007700,0.000215,0.992085
1168,1,0.637055,0.001681,0.361265
1169,1,0.947011,0.000712,0.052276
1170,0,0.000945,0.000205,0.998850
1171,1,0.998427,0.001163,0.000410
1172,1,0.228649,0.001589,0.769762
1173,1,0.998440,0.000588,0.000972
1174,0,0.255380,0.001328,0.743291
1175,0,0.000601,0.000210,0.999189
1176,0,0.000772,0.000209,0.999019
1177,0,0.000973,0.000189,0.998838
1178,0,0.000609,0.000229,0.999162
1179,1,0.998303,0.001394,0.000303
1180,1,0.038123,0.000400,0.961476
1181,1,0.998616,0.000630,0.000753
1182,0,0.000492,0.000251,0.999256
1183,1,0.001085,0.000186,0.998728
1184,1,0.018391,0.000375,0.981234
1185,0,0.001499,0.000236,0.998265
1186,0,0.000476,0.000253,0.999271
1187,0,0.000583,0.000226,0.999191
1188,0,0.003792,0.000197,0.996011
1189,0,0.000499,0.000247,0.999255
1190,1,0.024348,0.000499,0.975154
1191,1,0.068115,0.000601,0.931284
1192,0,0.000390,0.000364,0.999246
1193,0,0.000589,0.000374,0.999037
1194,1,0.998618,0.000777,0.000605
1195,1,0.000590,0.000705,0.998705
1196,1,0.895716,0.000994,0.103290
1197,0,0.000447,0.000289,0.999264
1198,0,0.000520,0.000230,0.999250
1199,1,0.264385,0.000783,0.734832
1200,0,0.001858,0.000755,0.997388
1201,0,0.000736,0.000197,0.999067
1202,1,0.998412,0.000601,0.000987
1203,1,0.000495,0.000242,0.999263
1204,1,0.072332,0.000759,0.926909
1205,0,0.997403,0.000492,0.002104
1206,1,0.000537,0.000236,0.999228
1207,1,0.000480,0.000259,0.999261
1208,1,0.000719,0.000210,0.999071
1209,1,0.009505,0.000316,0.990179
1210,1,0.913376,0.000770,0.085854
1211,1,0.235802,0.000910,0.763288
1212,1,0.001573,0.000197,0.998230
1213,1,0.024364,0.697411,0.278226
1214,1,0.000664,0.000197,0.999139
1215,0,0.526249,0.001154,0.472597
1216,0,0.000393,0.000325,0.999281
1217,1,0.995607,0.000525,0.003868
1218,0,0.000507,0.000251,0.999242
1219,0,0.000524,0.000246,0.999231
1220,0,0.000592,0.000219,0.999188
1221,1,0.997127,0.000473,0.002400
1222,0,0.000494,0.000260,0.999246
1223,0,0.000472,0.000274,0.999255
1224,0,0.992370,0.000802,0.006828
1225,1,0.992468,0.000613,0.006919
1226,0,0.998627,0.000746,0.000626
1227,1,0.025175,0.803833,0.170992
1228,0,0.000600,0.000230,0.999170
1229,1,0.001354,0.000211,0.998435
1230,1,0.528307,0.294586,0.177107
1231,0,0.000514,0.000242,0.999244
1232,0,0.000876,0.000201,0.998923
1233,1,0.992344,0.000524,0.007132
1234,0,0.000605,0.000219,0.999176
1235,0,0.000437,0.000253,0.999311
1236,0,0.000644,0.000211,0.999145
1237,0,0.000618,0.000214,0.999168
1238,0,0.001110,0.000178,0.998712
1239,0,0.000378,0.000609,0.999012
1240,1,0.403546,0.000911,0.595542
1241,0,0.000424,0.000281,0.999295
1242,0,0.003515,0.000223,0.996263
1243,0,0.000523,0.000233,0.999243
1244,0,0.000846,0.000244,0.998910
1245,0,0.346650,0.002058,0.651293
1246,1,0.003813,0.000354,0.995833
1247,0,0.000642,0.000218,0.999140
1248,0,0.000664,0.000209,0.999127
1249,0,0.000510,0.000258,0.999233
1250,0,0.991109,0.000513,0.008378
1251,0,0.000480,0.000255,0.999265
1252,0,0.926085,0.000748,0.073166
1253,0,0.006110,0.361882,0.632008
1254,0,0.000661,0.000211,0.999128
1255,0,0.001287,0.000234,0.998479
1256,0,0.007749,0.000229,0.992022
1257,0,0.000615,0.000217,0.999168
1258,1,0.118919,0.000532,0.880549
1259,0,0.000455,0.000319,0.999226
1260,0,0.001019,0.000208,0.998773
1261,0,0.998565,0.000690,0.000745
1262,0,0.000880,0.004761,0.994358
1263,0,0.000601,0.000224,0.999174
1264,0,0.013449,0.179543,0.807007
1265,0,0.001802,0.001761,0.996437
1266,0,0.997013,0.000533,0.002454
1267,1,0.508371,0.483341,0.008288
1268,0,0.000470,0.000278,0.999252
1269,0,0.003462,0.000206,0.996332
1270,0,0.000619,0.000226,0.999155
1271,1,0.996803,0.000530,0.002667
1272,0,0.000515,0.000252,0.999233
1273,0,0.015868,0.000498,0.983634
1274,0,0.001768,0.000185,0.998047
1275,0,0.000558,0.000231,0.999211
1276,0,0.000496,0.000249,0.999255
1277,0,0.000570,0.000227,0.999203
1278,0,0.001073,0.000201,0.998725
1279,0,0.001203,0.000217,0.998580
1280,0,0.000521,0.000234,0.999244
1281,0,0.000653,0.000219,0.999128
1282,0,0.297329,0.001094,0.701577
1283,0,0.000573,0.000232,0.999195
1284,0,0.000509,0.000238,0.999254
1285,0,0.153028,0.053698,0.793274
1286,0,0.004098,0.000291,0.995611
1287,0,0.000398,0.000312,0.999290
1288,1,0.000851,0.000198,0.998951
1289,1,0.000527,0.000234,0.999238
1290,1,0.742593,0.001211,0.256196
1291,0,0.002103,0.000186,0.997711
1292,0,0.000610,0.000216,0.999174
1293,1,0.001076,0.003191,0.995733
1294,0,0.000766,0.000200,0.999034
1295,0,0.156597,0.000532,0.842872
1296,1,0.979281,0.000552,0.020168
1297,1,0.847602,0.010214,0.142184
1298,1,0.001419,0.000185,0.998396
1299,1,0.000726,0.000570,0.998704
1300,0,0.000560,0.000227,0.999213
1301,0,0.002093,0.000208,0.997699
1302,1,0.000427,0.000303,0.999271
1303,0,0.998547,0.001037,0.000415
1304,0,0.000907,0.030176,0.968917
1305,1,0.000845,0.000205,0.998950
1306,1,0.104889,0.000602,0.894509
1307,1,0.970400,0.000736,0.028864
1308,1,0.001929,0.000222,0.997848
1309,0,0.009333,0.209777,0.780890
1310,1,0.949419,0.001290,0.049291
1311,0,0.000464,0.000264,0.999272
1312,1,0.007744,0.189114,0.803142
1313,1,0.002317,0.001317,0.996366
1314,1,0.009368,0.000284,0.990349
1315,0,0.007095,0.000605,0.992300
1316,1,0.000500,0.000252,0.999249
1317,0,0.000508,0.000247,0.999245
1318,0,0.000920,0.000204,0.998876
1319,1,0.998442,0.000652,0.000906
1320,0,0.000757,0.000196,0.999047
1321,0,0.000776,0.000209,0.999014
1322,1,0.998545,0.001010,0.000444
1323,1,0.001891,0.000218,0.997891
1324,0,0.998121,0.000625,0.001254
1325,0,0.949411,0.000760,0.049829
1326,1,0.180488,0.738832,0.080680
1327,1,0.001994,0.000236,0.997770
1328,1,0.998278,0.001369,0.000352
1329,1,0.000519,0.002093,0.997388
1330,0,0.000645,0.000203,0.999152
1331,0,0.000838,0.000195,0.998967
1332,0,0.000707,0.000211,0.999083
1333,1,0.000866,0.002390,0.996745
1334,1,0.998700,0.000868,0.000432
1335,0,0.000469,0.000410,0.999122
1336,0,0.002048,0.000204,0.997748
1337,1,0.000529,0.000242,0.999229
1338,0,0.000402,0.000449,0.999148
1339,0,0.000526,0.000247,0.999226
1340,0,0.000524,0.000233,0.999243
1341,1,0.800530,0.001113,0.198356
1342,0,0.057619,0.000563,0.941818
1343,1,0.072002,0.000409,0.927589
1344,0,0.000628,0.000238,0.999134
1345,0,0.000629,0.000210,0.999161
1346,0,0.000517,0.000244,0.999239
1347,0,0.000591,0.000221,0.999188
1348,1,0.163752,0.000785,0.835463
1349,0,0.757363,0.001075,0.241562
1350,0,0.000533,0.000249,0.999217
1351,0,0.000500,0.000251,0.999249
1352,1,0.793196,0.001176,0.205628
1353,1,0.081103,0.552425,0.366471
1354,0,0.000517,0.000231,0.999251
1355,1,0.001095,0.000206,0.998699
1356,1,0.447381,0.430393,0.122226
1357,1,0.000683,0.000215,0.999102
1358,0,0.000871,0.000215,0.998914
1359,0,0.001721,0.004330,0.993949
1360,1,0.001127,0.000194,0.998679
1361,1,0.001964,0.000245,0.997792
1362,0,0.000696,0.000211,0.999094
1363,0,0.001046,0.007974,0.990981
1364,0,0.101161,0.011760,0.887079
1365,1,0.086519,0.000446,0.913035
1366,1,0.000800,0.000208,0.998992
1367,0,0.000826,0.000233,0.998941
1368,0,0.001728,0.000186,0.998086
1369,0,0.000542,0.000236,0.999223
1370,0,0.000688,0.000222,0.999090
1371,1,0.000583,0.000255,0.999162
1372,1,0.006067,0.000314,0.993619
1373,1,0.000938,0.000208,0.998854
1374,1,0.208454,0.002159,0.789387
1375,0,0.000802,0.000196,0.999002
1376,0,0.000526,0.000238,0.999236
1377,1,0.000747,0.000205,0.999048
1378,1,0.030730,0.000527,0.968744
1379,1,0.000668,0.000211,0.999121
1380,1,0.000644,0.000209,0.999147
1381,1,0.804164,0.000976,0.194859
1382,1,0.321028,0.000688,0.678284
1383,1,0.000541,0.000234,0.999225
1384,0,0.938550,0.000747,0.060703
1385,0,0.856286,0.000914,0.142800
1386,0,0.000488,0.000250,0.999262
1387,1,0.002514,0.689579,0.307907
1388,0,0.000486,0.000252,0.999262
1389,0,0.015498,0.000578,0.983924
1390,1,0.809623,0.004061,0.186316
1391,1,0.989110,0.000630,0.010260
1392,0,0.920733,0.001183,0.078084
1393,1,0.978833,0.000610,0.020557
1394,1,0.000711,0.000200,0.999089
1395,0,0.000710,0.000200,0.999090
1396,1,0.040111,0.000505,0.959384
1397,0,0.000711,0.000208,0.999081
1398,1,0.016411,0.001649,0.981939
1399,1,0.043687,0.000592,0.955721
1400,1,0.950944,0.000907,0.048149
1401,0,0.020437,0.000529,0.979034
1402,0,0.076477,0.000587,0.922936
1403,0,0.000878,0.000189,0.998933
1404,1,0.007037,0.000321,0.992642
1405,0,0.000381,0.000307,0.999312
1406,1,0.297960,0.000680,0.701360
1407,0,0.000466,0.000252,0.999282
1408,1,0.494740,0.499281,0.005979
1409,1,0.990015,0.000609,0.009376
1410,1,0.998306,0.000593,0.001101
1411,0,0.884605,0.015276,0.100120
1412,0,0.000503,0.000245,0.999251
1413,1,0.002642,0.001192,0.996166
1414,0,0.000559,0.000233,0.999208
1415,1,0.449213,0.000734,0.550053
1416,1,0.997890,0.001829,0.000281
1417,1,0.000697,0.000201,0.999102
1418,1,0.726912,0.001185,0.271903
1419,1,0.138671,0.000498,0.860831
1420,1,0.996969,0.000702,0.002328
1421,1,0.998520,0.000779,0.000702
1422,0,0.976632,0.000737,0.022631
1423,0,0.000422,0.000286,0.999292
1424,1,0.024195,0.000323,0.975482
1425,0,0.003032,0.000176,0.996791
1426,0,0.000704,0.000215,0.999081
1427,1,0.522062,0.000883,0.477055
1428,0,0.000547,0.000226,0.999227
1429,1,0.995074,0.000513,0.004412
1430,1,0.993283,0.000474,0.006243
1431,1,0.931400,0.000861,0.067740
1432,1,0.939026,0.000908,0.060066
1433,0,0.000486,0.000245,0.999269
1434,0,0.006689,0.000320,0.992991
1435,1,0.997820,0.000658,0.001522
1436,1,0.002601,0.000216,0.997183
1437,1,0.998664,0.000896,0.000441
1438,0,0.000603,0.000221,0.999177
1439,0,0.014729,0.000629,0.984642
1440,1,0.316247,0.001293,0.682460
1441,1,0.656175,0.003837,0.339988
1442,0,0.020029,0.000324,0.979647
1443,0,0.000373,0.000562,0.999065
1444,1,0.988685,0.007306,0.004010
1445,1,0.881263,0.001041,0.117696
1446,1,0.012253,0.749385,0.238363
1447,1,0.811297,0.071735,0.116967
1448,1,0.000647,0.000241,0.999112
1449,0,0.000474,0.000245,0.999281
1450,1,0.225127,0.000612,0.774260
1451,0,0.000840,0.000207,0.998953
1452,1,0.998319,0.000576,0.001105
1453,1,0.867630,0.000821,0.131549
1454,1,0.001361,0.000201,0.998437
1455,1,0.338426,0.001169,0.660405
1456,0,0.000517,0.000240,0.999243
1457,0,0.000517,0.000255,0.999228
1458,0,0.012644,0.000303,0.987053
1459,1,0.974967,0.000683,0.024350
1460,1,0.001187,0.000180,0.998633
1461,0,0.000437,0.000599,0.998964
1462,1,0.998627,0.000645,0.000728
1463,0,0.009959,0.000296,0.989744
1464,1,0.973101,0.000597,0.026301
1465,1,0.012141,0.000323,0.987536
1466,1,0.090915,0.000694,0.908391
1467,0,0.001926,0.000208,0.997866
1468,1,0.118595,0.000872,0.880533
1469,1,0.004060,0.000200,0.995740
1470,0,0.589453,0.001259,0.409289
1471,0,0.984866,0.000538,0.014596
1472,1,0.998595,0.000896,0.000509
1473,1,0.997999,0.000537,0.001464
1474,0,0.000608,0.000218,0.999174
1475,0,0.000680,0.000384,0.998936
1476,1,0.019238,0.000357,0.980405
1477,0,0.000558,0.000236,0.999206
1478,0,0.000491,0.000245,0.999264
1479,0,0.002047,0.000205,0.997748
1480,0,0.002475,0.000178,0.997347
1481,0,0.000466,0.000405,0.999129
1482,0,0.000460,0.000258,0.999282
1483,1,0.997921,0.000542,0.001537
1484,0,0.001054,0.000193,0.998754
1485,0,0.000787,0.000210,0.999003
1486,1,0.038097,0.000688,0.961215
1487,0,0.004766,0.000238,0.994996
1488,0,0.367747,0.001729,0.630523
1489,0,0.000549,0.000231,0.999220
1490,1,0.000957,0.000202,0.998841
1491,0,0.005345,0.000237,0.994418
1492,1,0.006521,0.000227,0.993252
1493,0,0.001420,0.000187,0.998392
1494,1,0.009259,0.000245,0.990496
1495,1,0.062211,0.000890,0.936899
1496,0,0.000345,0.000546,0.999109
1497,0,0.000670,0.000222,0.999107
1498,0,0.001315,0.000205,0.998480
1499,1,0.000440,0.000358,0.999202
1500,1,0.911585,0.000873,0.087542
1501,0,0.333313,0.008638,0.658049
1502,0,0.994844,0.000503,0.004653
1503,1,0.000825,0.000606,0.998569
1504,1,0.998455,0.000687,0.000858
1505,0,0.000544,0.000222,0.999233
1506,0,0.956824,0.000742,0.042434
1507,0,0.000509,0.000236,0.999255
1508,0,0.029571,0.000417,0.970012
1509,1,0.049670,0.751463,0.198867
1510,1,0.001578,0.000188,0.998233
1511,0,0.997722,0.000464,0.001815
1512,1,0.003931,0.000244,0.995824
1513,0,0.000460,0.000257,0.999283
1514,0,0.000484,0.000294,0.999222
1515,0,0.000576,0.000229,0.999195
1516,0,0.019399,0.000476,0.980125
1517,0,0.000467,0.000260,0.999273
1518,0,0.012114,0.000343,0.987543
1519,1,0.004088,0.375022,0.620890
1520,1,0.010835,0.000375,0.988789
1521,0,0.064774,0.000928,0.934298
1522,0,0.000443,0.000264,0.999293
1523,0,0.000473,0.000256,0.999271
1524,0,0.000539,0.000233,0.999229
1525,0,0.000518,0.000240,0.999243
1526,0,0.000665,0.000211,0.999124
1527,0,0.000695,0.000206,0.999099
1528,0,0.000452,0.000274,0.999274
1529,0,0.000583,0.000223,0.999195
1530,0,0.000569,0.000225,0.999206
1531,0,0.001928,0.003678,0.994394
1532,0,0.000553,0.000251,0.999197
1533,1,0.000993,0.000480,0.998527
1534,0,0.000495,0.000248,0.999257
1535,1,0.998686,0.000732,0.000582
1536,1,0.998432,0.001068,0.000500
1537,1,0.930086,0.000931,0.068982
1538,1,0.998641,0.000928,0.000431
1539,1,0.530967,0.000888,0.468145
1540,1,0.001167,0.000208,0.998625
1541,0,0.461172,0.001180,0.537648
1542,0,0.000888,0.000192,0.998920
1543,0,0.003296,0.000229,0.996476
1544,0,0.367267,0.041319,0.591415
1545,0,0.020027,0.000397,0.979576
1546,0,0.000432,0.000299,0.999270
1547,0,0.000670,0.001501,0.997829
1548,1,0.097504,0.000871,0.901625
1549,1,0.998347,0.001297,0.000356
1550,0,0.995735,0.000538,0.003727
1551,0,0.000468,0.000253,0.999279
1552,0,0.130397,0.235098,0.634506
1553,1,0.996912,0.000613,0.002475
1554,1,0.008751,0.000259,0.990990
1555,0,0.000515,0.000245,0.999240
1556,0,0.007545,0.000371,0.992085
1557,1,0.000414,0.000329,0.999256
1558,0,0.000562,0.000239,0.999199
1559,0,0.000879,0.000218,0.998903
1560,0,0.483998,0.001617,0.514385
1561,0,0.000574,0.000215,0.999211
1562,0,0.004329,0.000235,0.995436
1563,1,0.968876,0.000651,0.030473
1564,0,0.959026,0.001163,0.039811
1565,0,0.000586,0.000230,0.999184
1566,1,0.976155,0.000692,0.023153
1567,1,0.323482,0.000742,0.675776
1568,0,0.000529,0.000239,0.999232
1569,1,0.845250,0.000861,0.153890
1570,1,0.929496,0.000901,0.069603
1571,1,0.998639,0.000735,0.000627
1572,0,0.000801,0.000226,0.998973
1573,0,0.000532,0.000230,0.999237
1574,1,0.000459,0.000443,0.999098
1575,0,0.000557,0.000236,0.999207
1576,0,0.007308,0.000316,0.992376
1577,1,0.000460,0.000258,0.999282
1578,0,0.000556,0.000217,0.999227
1579,0,0.000482,0.000239,0.999279
1580,0,0.298087,0.001594,0.700319
1581,0,0.928994,0.001202,0.069804
1582,1,0.000531,0.000369,0.999101
1583,1,0.829123,0.000662,0.170215
1584,0,0.000505,0.000360,0.999135
1585,0,0.000528,0.000242,0.999230
1586,0,0.942274,0.000705,0.057022
1587,0,0.997646,0.000539,0.001815
1588,0,0.002022,0.000173,0.997805
1589,1,0.447966,0.000810,0.551224
1590,0,0.000623,0.000218,0.999159
1591,1,0.535050,0.001370,0.463580
1592,0,0.538099,0.001246,0.460655
1593,1,0.000829,0.000198,0.998973
1594,0,0.000650,0.000226,0.999124
1595,1,0.003224,0.131363,0.865413
1596,1,0.000411,0.000322,0.999267
1597,0,0.608756,0.001139,0.390105
1598,0,0.000521,0.000241,0.999237
1599,0,0.017718,0.053250,0.929032
1600,1,0.677884,0.001370,0.320746
1601,0,0.000532,0.000248,0.999221
1602,1,0.000676,0.000214,0.999109
1603,1,0.012900,0.000284,0.986815
1604,1,0.998215,0.000536,0.001249
1605,1,0.000602,0.000225,0.999173
1606,1,0.995181,0.000632,0.004187
1607,1,0.995191,0.000496,0.004312
1608,0,0.001326,0.000239,0.998435
1609,1,0.650236,0.001085,0.348679
1610,0,0.008730,0.000250,0.991020
1611,1,0.888787,0.001312,0.109902
1612,1,0.000688,0.000232,0.999079
1613,1,0.969287,0.000633,0.030079
1614,0,0.993813,0.000540,0.005647
1615,1,0.054530,0.000382,0.945088
1616,0,0.000550,0.000234,0.999216
1617,0,0.000918,0.000209,0.998873
1618,1,0.993174,0.000660,0.006166
1619,1,0.207832,0.000713,0.791454
1620,1,0.998632,0.000943,0.000425
1621,1,0.000501,0.000244,0.999255
1622,1,0.103699,0.000706,0.895595
1623,1,0.000512,0.000247,0.999242
1624,1,0.056225,0.000306,0.943469
1625,0,0.660065,0.001130,0.338805
1626,1,0.018104,0.000370,0.981526
1627,1,0.998713,0.000777,0.000510
1628,1,0.992170,0.000474,0.007356
1629,1,0.022688,0.000534,0.976778
1630,1,0.000440,0.000261,0.999299
1631,1,0.000959,0.000189,0.998851
1632,1,0.000836,0.095127,0.904037
1633,0,0.002490,0.000258,0.997251
1634,0,0.000498,0.000253,0.999249
1635,1,0.998404,0.000826,0.000770
1636,1,0.000459,0.000292,0.999249
1637,0,0.000418,0.000303,0.999279
1638,1,0.952326,0.000671,0.047003
1639,0,0.000405,0.000325,0.999270
1640,0,0.013980,0.000310,0.985710
1641,0,0.000585,0.000230,0.999185
1642,0,0.000582,0.000223,0.999195
1643,0,0.009890,0.000284,0.989826
1644,1,0.177922,0.001050,0.821029
1645,1,0.560586,0.001297,0.438117
1646,1,0.000654,0.000218,0.999128
1647,1,0.983350,0.000642,0.016008
1648,0,0.002310,0.000189,0.997501
1649,1,0.995373,0.000562,0.004066
1650,1,0.997573,0.002136,0.000291
1651,1,0.025394,0.000318,0.974288
1652,1,0.247847,0.001116,0.751037
1653,0,0.044627,0.000484,0.954889
1654,1,0.001862,0.004967,0.993171
1655,1,0.002970,0.000218,0.996812
1656,1,0.003548,0.000283,0.996169
1657,0,0.002168,0.348652,0.649180
1658,1,0.997781,0.000516,0.001703
1659,1,0.931857,0.000860,0.067283
1660,0,0.000613,0.000223,0.999164
1661,0,0.000667,0.000210,0.999123
1662,0,0.001300,0.000215,0.998485
1663,0,0.000487,0.000259,0.999254
1664,0,0.997245,0.000606,0.002149
1665,1,0.010256,0.000265,0.989479
1666,1,0.182535,0.000994,0.816471
1667,1,0.002863,0.000184,0.996952
1668,1,0.012275,0.000239,0.987486
1669,1,0.000465,0.000260,0.999275
1670,0,0.000478,0.000251,0.999271
1671,0,0.000502,0.000246,0.999252
1672,1,0.001410,0.000176,0.998413
1673,0,0.997895,0.001811,0.000294
1674,0,0.000639,0.000214,0.999147
1675,0,0.000710,0.000213,0.999076
1676,0,0.001677,0.000216,0.998107
1677,0,0.004565,0.000268,0.995166
1678,0,0.000613,0.000230,0.999157
1679,1,0.351087,0.001596,0.647318
1680,1,0.998667,0.000775,0.000558
1681,1,0.998705,0.000798,0.000498
1682,1,0.001834,0.000245,0.997920
1683,0,0.001787,0.000220,0.997992
1684,0,0.000409,0.000306,0.999285
1685,0,0.000676,0.000215,0.999109
1686,0,0.000442,0.000247,0.999311
1687,1,0.001747,0.000222,0.998031
1688,1,0.997795,0.000576,0.001629
1689,1,0.807209,0.001343,0.191448
1690,1,0.026240,0.000308,0.973452
1691,0,0.000531,0.000232,0.999237
1692,1,0.977323,0.000687,0.021990
1693,0,0.002241,0.000206,0.997553
1694,0,0.028897,0.000627,0.970476
1695,1,0.006499,0.352655,0.640847
1696,0,0.000718,0.000200,0.999082
1697,0,0.000447,0.000378,0.999175
1698,1,0.009765,0.275903,0.714332
1699,1,0.000542,0.000234,0.999224
1700,1,0.026891,0.000355,0.972753
1701,1,0.997649,0.000667,0.001684
1702,0,0.001309,0.000211,0.998479
1703,1,0.009240,0.000221,0.990539
1704,0,0.000603,0.000219,0.999178
1705,1,0.001508,0.000217,0.998275
1706,1,0.000636,0.000218,0.999145
1707,1,0.000474,0.000253,0.999273
1708,0,0.000518,0.000243,0.999239
1709,0,0.000939,0.000207,0.998854
1710,0,0.001035,0.000208,0.998757
1711,1,0.871389,0.001005,0.127606
1712,0,0.051472,0.000571,0.947957
1713,1,0.997365,0.000559,0.002075
1714,0,0.004026,0.000309,0.995665
1715,1,0.001317,0.000233,0.998450
1716,1,0.000501,0.000237,0.999262
1717,0,0.008859,0.000258,0.990883
1718,0,0.000486,0.000275,0.999239
1719,1,0.453870,0.001705,0.544425
1720,0,0.000547,0.000234,0.999219
1721,1,0.000560,0.000476,0.998963
1722,1,0.308457,0.001090,0.690453
1723,0,0.000430,0.000285,0.999286
1724,1,0.998173,0.000604,0.001223
1725,1,0.998613,0.001003,0.000384
1726,0,0.000535,0.000235,0.999230
1727,1,0.998463,0.001210,0.000327
1728,0,0.995567,0.000602,0.003832
1729,1,0.376864,0.001056,0.622080
1730,0,0.000519,0.000238,0.999243
1731,1,0.997762,0.000642,0.001596
1732,0,0.001273,0.000192,0.998535
1733,0,0.989061,0.000501,0.010438
1734,1,0.004120,0.000203,0.995677
1735,0,0.000757,0.000209,0.999034
1736,0,0.173728,0.000896,0.825375
1737,0,0.000508,0.000245,0.999247
1738,0,0.001214,0.000188,0.998597
1739,1,0.000463,0.000267,0.999270
1740,1,0.972816,0.020662,0.006522
1741,0,0.000771,0.000231,0.998998
1742,1,0.000708,0.000206,0.999086
1743,0,0.020580,0.000250,0.979170
1744,0,0.000563,0.000233,0.999204
1745,0,0.784588,0.000974,0.214438
1746,1,0.000688,0.000223,0.999089
1747,1,0.017399,0.003146,0.979455
1748,1,0.987093,0.000720,0.012187
1749,0,0.035123,0.000489,0.964388
1750,1,0.129766,0.029739,0.840495
1751,1,0.957994,0.001008,0.040998
1752,0,0.000620,0.000220,0.999160
1753,0,0.000764,0.000201,0.999035
1754,0,0.001536,0.000238,0.998226
1755,1,0.939984,0.000715,0.059301
1756,1,0.232804,0.000693,0.766502
1757,0,0.014573,0.000326,0.985101
1758,1,0.789964,0.001791,0.208245
1759,1,0.000657,0.000202,0.999141
1760,1,0.000599,0.000215,0.999186
1761,0,0.000961,0.000194,0.998844
1762,0,0.001445,0.000199,0.998356
1763,0,0.004679,0.000318,0.995003
1764,1,0.002007,0.000245,0.997748
1765,1,0.998428,0.000871,0.000700
1766,1,0.000502,0.000236,0.999261
1767,0,0.000463,0.000258,0.999279
1768,0,0.000590,0.000217,0.999194
1769,0,0.000732,0.000204,0.999064
1770,1,0.000570,0.000228,0.999202
1771,1,0.012972,0.000266,0.986762
1772,0,0.002011,0.000224,0.997766
1773,1,0.010951,0.000302,0.988747
1774,1,0.416415,0.167707,0.415878
1775,0,0.001696,0.000208,0.998096
1776,0,0.000548,0.000240,0.999212
1777,0,0.000530,0.000241,0.999229
1778,1,0.000989,0.003998,0.995013
1779,0,0.001254,0.000186,0.998561
1780,1,0.002590,0.000210,0.997200
1781,1,0.555468,0.403948,0.040584
1782,1,0.000765,0.000192,0.999042
1783,0,0.000532,0.000226,0.999242
1784,1,0.939643,0.001216,0.059141
1785,1,0.979485,0.000723,0.019792
1786,1,0.908512,0.001033,0.090455
1787,1,0.083799,0.663388,0.252813
1788,1,0.998460,0.001155,0.000385
1789,1,0.998196,0.000572,0.001232
1790,0,0.000501,0.000241,0.999258
1791,0,0.000509,0.000240,0.999252
1792,1,0.256173,0.001094,0.742733
1793,1,0.000638,0.000218,0.999143
1794,1,0.994134,0.000551,0.005315
1795,1,0.961579,0.000836,0.037585
1796,0,0.000526,0.000249,0.999225
1797,1,0.003645,0.106717,0.889637
1798,1,0.011576,0.000238,0.988186
1799,0,0.000578,0.000227,0.999195
1800,1,0.021808,0.000347,0.977844
1801,1,0.809006,0.000789,0.190205
1802,0,0.000465,0.000248,0.999287
1803,1,0.588533,0.000849,0.410618
1804,1,0.009819,0.000220,0.989961
1805,0,0.000342,0.000438,0.999220
1806,0,0.001684,0.000199,0.998117
1807,1,0.994370,0.000460,0.005171
1808,0,0.000717,0.000198,0.999085
1809,0,0.002747,0.000223,0.997029
1810,1,0.959919,0.001489,0.038591
1811,1,0.998588,0.000930,0.000482
1812,0,0.000738,0.000215,0.999048
1813,1,0.087839,0.000740,0.911421
1814,0,0.998603,0.000831,0.000565
1815,0,0.000434,0.000286,0.999280
1816,0,0.000447,0.000270,0.999283
1817,1,0.000483,0.000245,0.999272
1818,1,0.128008,0.000894,0.871098
1819,0,0.066434,0.000610,0.932956
1820,0,0.322245,0.001181,0.676575
1821,1,0.996170,0.000503,0.003326
1822,0,0.005991,0.000240,0.993768
1823,0,0.002424,0.120959,0.876617
1824,0,0.997351,0.000637,0.002012
1825,0,0.000544,0.000230,0.999226
1826,0,0.000550,0.000235,0.999216
1827,0,0.000519,0.000276,0.999205
1828,0,0.000509,0.000311,0.999180
1829,0,0.000573,0.000221,0.999206
1830,1,0.001333,0.000199,0.998468
1831,0,0.017267,0.000259,0.982474
1832,0,0.001313,0.000200,0.998486
1833,0,0.000476,0.000253,0.999271
1834,1,0.995341,0.004179,0.000480
1835,0,0.185818,0.000709,0.813472
1836,0,0.068572,0.000651,0.930777
1837,0,0.000639,0.000207,0.999154
1838,1,0.052710,0.000470,0.946820
1839,1,0.997089,0.001673,0.001238
1840,1,0.997634,0.002098,0.000268
1841,0,0.000785,0.000201,0.999014
1842,0,0.000567,0.000228,0.999205
1843,1,0.997820,0.000616,0.001564
1844,1,0.998446,0.000899,0.000654
1845,0,0.001137,0.090221,0.908642
1846,0,0.000498,0.000243,0.999259
1847,0,0.001261,0.000621,0.998119
1848,0,0.001448,0.000216,0.998336
1849,0,0.000775,0.000212,0.999013
1850,1,0.932395,0.000936,0.066669
1851,1,0.764476,0.001717,0.233807
1852,0,0.000617,0.000220,0.999163
1853,0,0.000629,0.000211,0.999160
1854,1,0.998576,0.001032,0.000393
1855,1,0.001618,0.003113,0.995269
1856,0,0.001368,0.000393,0.998239
1857,0,0.893383,0.000732,0.105885
1858,0,0.037426,0.000446,0.962128
1859,0,0.000545,0.000237,0.999218
1860,0,0.000541,0.000234,0.999225
1861,1,0.001501,0.000224,0.998274
1862,0,0.003361,0.000237,0.996402
1863,1,0.000459,0.000291,0.999249
1864,0,0.000549,0.000237,0.999213
1865,1,0.979631,0.000665,0.019705
1866,0,0.000509,0.000242,0.999250
1867,1,0.001208,0.000196,0.998596
1868,1,0.000554,0.000229,0.999217
1869,1,0.998248,0.001179,0.000572
1870,1,0.780845,0.000991,0.218164
1871,1,0.000627,0.000217,0.999155
1872,0,0.000510,0.000260,0.999230
1873,1,0.584222,0.002411,0.413366
1874,0,0.000932,0.000181,0.998887
1875,1,0.051836,0.000615,0.947549
1876,1,0.000853,0.000270,0.998877
1877,1,0.995033,0.000548,0.004419
1878,1,0.968346,0.000676,0.030978
1879,0,0.986365,0.000577,0.013058
1880,0,0.000356,0.000588,0.999056
1881,1,0.998548,0.001098,0.000353
1882,0,0.000453,0.000266,0.999281
1883,0,0.000913,0.000195,0.998892
1884,0,0.000655,0.000472,0.998873
1885,1,0.000909,0.000197,0.998894
1886,1,0.000779,0.000216,0.999005
1887,1,0.997387,0.000636,0.001978
1888,1,0.998020,0.001533,0.000448
1889,0,0.997493,0.000549,0.001958
1890,1,0.998532,0.000976,0.000492
1891,1,0.001250,0.000241,0.998509
1892,1,0.916278,0.000716,0.083006
1893,1,0.974174,0.000633,0.025192
1894,1,0.998034,0.000542,0.001424
1895,0,0.001309,0.000188,0.998503
1896,0,0.994944,0.000536,0.004519
1897,1,0.998612,0.000633,0.000755
1898,1,0.011157,0.000315,0.988528
1899,1,0.002595,0.000185,0.997220
1900,1,0.996052,0.000619,0.003329
1901,1,0.007722,0.664086,0.328191
1902,1,0.004304,0.258158,0.737537
1903,1,0.107017,0.000903,0.892080
1904,1,0.998358,0.000713,0.000929
1905,1,0.000801,0.000198,0.999001
1906,1,0.128313,0.000592,0.871095
1907,0,0.998631,0.000943,0.000427
1908,0,0.000550,0.000230,0.999221
1909,0,0.001772,0.000203,0.998025
1910,0,0.006488,0.000382,0.993130
1911,0,0.854282,0.000790,0.144928
1912,0,0.993550,0.001152,0.005298
1913,0,0.001035,0.000195,0.998770
1914,0,0.001055,0.000217,0.998728
1915,1,0.000502,0.000248,0.999250
1916,1,0.994812,0.000611,0.004577
1917,0,0.000549,0.000227,0.999224
1918,1,0.011207,0.000278,0.988515
1919,0,0.000999,0.000186,0.998814
1920,0,0.875649,0.000695,0.123656
1921,0,0.015674,0.000548,0.983778
1922,0,0.000575,0.000232,0.999193
1923,0,0.000982,0.000207,0.998811
1924,0,0.005155,0.000204,0.994642
1925,0,0.000582,0.000240,0.999178
1926,0,0.000562,0.000221,0.999217
1927,0,0.000971,0.000180,0.998849
1928,1,0.995803,0.000525,0.003672
1929,1,0.998188,0.000548,0.001264
1930,1,0.000556,0.000228,0.999216
1931,1,0.021522,0.000412,0.978066
1932,1,0.998621,0.000679,0.000700
1933,0,0.360753,0.000930,0.638316
1934,0,0.962550,0.000552,0.036898
1935,0,0.000464,0.000262,0.999274
1936,0,0.001572,0.000289,0.998139
1937,0,0.040762,0.000503,0.958734
1938,1,0.001465,0.000193,0.998342
1939,1,0.004503,0.000333,0.995164
1940,0,0.000540,0.000238,0.999222
1941,0,0.000547,0.000224,0.999229
1942,0,0.000408,0.000280,0.999312
1943,1,0.000578,0.000230,0.999192
1944,1,0.001946,0.000164,0.997890
1945,0,0.000794,0.000214,0.998992
1946,1,0.008336,0.018804,0.972860
1947,1,0.007400,0.000221,0.992378
1948,1,0.010481,0.000243,0.989276
1949,1,0.000526,0.000239,0.999235
1950,0,0.000785,0.000202,0.999012
1951,0,0.576885,0.001359,0.421756
1952,1,0.005589,0.627349,0.367062
1953,0,0.000571,0.000251,0.999178
1954,0,0.009948,0.000365,0.989686
1955,1,0.000974,0.000316,0.998709
1956,1,0.992403,0.000452,0.007145
1957,0,0.000494,0.000252,0.999255
1958,1,0.413068,0.249338,0.337594
1959,0,0.000433,0.000299,0.999268
1960,0,0.000785,0.000210,0.999005
1961,1,0.038321,0.000399,0.961280
1962,1,0.062030,0.000485,0.937485
1963,1,0.784272,0.001057,0.214672
1964,0,0.000624,0.000224,0.999152
1965,0,0.799533,0.002160,0.198307
1966,0,0.403788,0.001404,0.594808
1967,0,0.000545,0.000242,0.999214
1968,1,0.047862,0.000682,0.951455
1969,0,0.115507,0.000545,0.883948
1970,1,0.001946,0.327040,0.671014
1971,1,0.998542,0.000580,0.000877
1972,0,0.001455,0.000226,0.998319
1973,1,0.907421,0.001103,0.091477
1974,0,0.000941,0.000185,0.998874
1975,0,0.989094,0.000561,0.010345
1976,0,0.000624,0.000271,0.999104
1977,0,0.000723,0.000202,0.999075
1978,1,0.000453,0.004857,0.994690
1979,0,0.001324,0.000250,0.998427
1980,0,0.001113,0.000198,0.998689
1981,1,0.009907,0.000332,0.989762
1982,0,0.030641,0.000534,0.968825
1983,1,0.468257,0.000973,0.530770
1984,0,0.000477,0.000251,0.999271
1985,0,0.000800,0.000202,0.998998
1986,0,0.000452,0.000270,0.999278
1987,0,0.000804,0.000203,0.998993
1988,0,0.972671,0.000864,0.026464
1989,0,0.005598,0.000256,0.994146
1990,1,0.000523,0.000237,0.999240
1991,1,0.048602,0.000411,0.950988
1992,1,0.993116,0.000529,0.006355
1993,0,0.061819,0.000693,0.937487
1994,0,0.000458,0.000271,0.999271
1995,0,0.000860,0.000197,0.998944
1996,0,0.020663,0.000418,0.978920
1997,0,0.000584,0.000221,0.999195
1998,0,0.000509,0.000297,0.999193
1999,0,0.002504,0.000205,0.997291
2000,0,0.000470,0.000250,0.999280
2001,0,0.000921,0.000190,0.998889
2002,0,0.000464,0.000337,0.999198
2003,1,0.000795,0.000203,0.999002
2004,0,0.000439,0.000406,0.999154
2005,0,0.000786,0.000201,0.999013
2006,1,0.996440,0.000782,0.002778
2007,0,0.354245,0.000552,0.645204
2008,0,0.000493,0.000246,0.999261
2009,1,0.000531,0.000236,0.999234
2010,1,0.000456,0.000261,0.999283
2011,1,0.991660,0.000623,0.007718
2012,1,0.860398,0.000775,0.138827
2013,1,0.014844,0.000327,0.984829
2014,0,0.934898,0.001475,0.063628
2015,1,0.998193,0.001497,0.000310
2016,0,0.001520,0.000221,0.998259
2017,0,0.038160,0.056086,0.905754
2018,1,0.001811,0.000210,0.997979
2019,1,0.849629,0.001082,0.149289
2020,0,0.025154,0.000455,0.974391
2021,1,0.961478,0.001196,0.037326
2022,0,0.000725,0.025927,0.973348
2023,0,0.996152,0.000685,0.003163
2024,1,0.997516,0.001617,0.000867
2025,0,0.000660,0.000219,0.999121
2026,0,0.477406,0.001257,0.521336
2027,0,0.003315,0.000218,0.996468
2028,1,0.007035,0.629074,0.363891
2029,1,0.973974,0.000769,0.025257
2030,0,0.086028,0.000613,0.913359
2031,1,0.066528,0.000437,0.933035
2032,1,0.791670,0.001369,0.206961
2033,1,0.012109,0.000250,0.987641
2034,0,0.000752,0.000204,0.999044
2035,0,0.000511,0.000252,0.999237
2036,0,0.000411,0.000309,0.999279
2037,0,0.000999,0.000187,0.998814
2038,1,0.998587,0.000689,0.000723
2039,1,0.000434,0.000342,0.999225
2040,1,0.997743,0.000780,0.001477
2041,0,0.000463,0.000256,0.999281
2042,0,0.000446,0.000288,0.999266
2043,0,0.074724,0.000902,0.924373
2044,0,0.000509,0.000241,0.999250
2045,0,0.003558,0.000218,0.996224
2046,1,0.000622,0.000225,0.999153
2047,1,0.000800,0.000205,0.998995
2048,0,0.000537,0.000232,0.999230
2049,0,0.000398,0.000399,0.999204
2050,0,0.000524,0.000238,0.999238
2051,1,0.001235,0.001231,0.997534
2052,0,0.323877,0.001822,0.674302
2053,0,0.000649,0.000209,0.999142
2054,0,0.000487,0.000238,0.999275
2055,0,0.001301,0.000202,0.998497
2056,1,0.000778,0.000327,0.998895
2057,0,0.004457,0.000196,0.995346
2058,0,0.000603,0.000217,0.999180
2059,0,0.000810,0.000200,0.998990
2060,0,0.000472,0.000274,0.999255
2061,0,0.000517,0.000241,0.999241
2062,1,0.998502,0.001126,0.000372
2063,0,0.000563,0.000227,0.999210
2064,1,0.004352,0.000301,0.995347
2065,1,0.662761,0.001509,0.335729
2066,0,0.998705,0.000820,0.000475
2067,1,0.000548,0.000229,0.999222
2068,1,0.000707,0.000195,0.999098
2069,1,0.997738,0.001756,0.000506
2070,0,0.162331,0.024092,0.813577
2071,0,0.000952,0.000181,0.998868
2072,0,0.024243,0.000396,0.975361
2073,0,0.000521,0.000242,0.999237
2074,1,0.002641,0.000196,0.997163
2075,1,0.000514,0.000237,0.999249
2076,0,0.002632,0.000208,0.997160
2077,0,0.001081,0.000185,0.998734
2078,0,0.000946,0.000184,0.998870
2079,0,0.950231,0.000777,0.048992
2080,1,0.997971,0.000535,0.001494
2081,1,0.988349,0.000582,0.011069
2082,1,0.983515,0.000562,0.015923
2083,0,0.000484,0.000294,0.999222
2084,0,0.522727,0.001625,0.475649
2085,1,0.001096,0.000199,0.998706
2086,0,0.001590,0.000256,0.998154
2087,0,0.000549,0.000237,0.999214
2088,1,0.984150,0.000717,0.015133
2089,0,0.000531,0.000235,0.999234
2090,0,0.000803,0.000205,0.998993
2091,1,0.998544,0.000649,0.000807
2092,1,0.967415,0.000659,0.031926
2093,1,0.009285,0.000295,0.990421
2094,0,0.908375,0.000966,0.090659
2095,0,0.000507,0.000245,0.999247
2096,1,0.101036,0.000755,0.898208
2097,1,0.001218,0.000202,0.998580
2098,0,0.000512,0.000249,0.999239
2099,1,0.015764,0.419170,0.565066
2100,0,0.767594,0.002773,0.229633
2101,1,0.005008,0.000382,0.994610
2102,1,0.014630,0.000253,0.985117
2103,0,0.000580,0.000223,0.999197
2104,0,0.022205,0.000384,0.977411
2105,1,0.000790,0.000211,0.998998
2106,0,0.966100,0.027692,0.006207
2107,0,0.000784,0.000206,0.999010
2108,1,0.470556,0.000666,0.528778
2109,0,0.000795,0.000201,0.999004
2110,0,0.739743,0.001072,0.259185
2111,0,0.961532,0.000903,0.037565
2112,0,0.000573,0.000230,0.999198
2113,0,0.008176,0.000225,0.991599
2114,0,0.005627,0.000244,0.994129
2115,0,0.001014,0.000203,0.998783
2116,0,0.001194,0.000250,0.998556
2117,0,0.011086,0.000404,0.988509
2118,1,0.998593,0.001012,0.000395
2119,1,0.001438,0.000180,0.998382
2120,1,0.006227,0.000198,0.993574
2121,1,0.011302,0.000269,0.988429
2122,0,0.000516,0.000241,0.999244
2123,0,0.000516,0.000243,0.999241
2124,0,0.000536,0.000240,0.999223
2125,0,0.932614,0.000917,0.066469
2126,0,0.000737,0.000206,0.999057
2127,1,0.997854,0.000526,0.001620
2128,0,0.000454,0.000260,0.999286
2129,0,0.000652,0.000217,0.999132
2130,0,0.000534,0.000237,0.999228
2131,0,0.007309,0.002601,0.990091
2132,1,0.934545,0.000863,0.064592
2133,0,0.000447,0.000282,0.999271
2134,1,0.105081,0.000750,0.894169
2135,1,0.993978,0.000667,0.005355
2136,0,0.000739,0.000210,0.999050
2137,1,0.000595,0.000236,0.999168
2138,0,0.000628,0.000216,0.999155
2139,0,0.000555,0.000233,0.999212
2140,0,0.000378,0.000326,0.999296
2141,0,0.018789,0.000332,0.980879
2142,1,0.986455,0.000559,0.012986
2143,1,0.992892,0.000488,0.006620
2144,1,0.002850,0.000216,0.996934
2145,0,0.000663,0.000212,0.999126
2146,1,0.014907,0.342454,0.642639
2147,0,0.000494,0.000254,0.999252
2148,0,0.000497,0.000245,0.999258
2149,0,0.000653,0.000220,0.999127
2150,0,0.000672,0.000217,0.999111
2151,0,0.001035,0.000196,0.998769
2152,1,0.996742,0.000535,0.002723
2153,0,0.001655,0.000238,0.998107
2154,0,0.015755,0.000366,0.983878
2155,1,0.892126,0.000938,0.106936
2156,1,0.996840,0.001547,0.001614
2157,1,0.967253,0.000709,0.032038
2158,1,0.000525,0.000672,0.998803
2159,0,0.001041,0.000211,0.998748
2160,0,0.001566,0.000174,0.998260
2161,0,0.000973,0.000184,0.998843
2162,0,0.000444,0.000294,0.999262
2163,1,0.995276,0.000516,0.004208
2164,1,0.990866,0.000726,0.008408
2165,1,0.000937,0.000243,0.998820
2166,1,0.006853,0.000283,0.992865
2167,0,0.000540,0.000235,0.999225
2168,0,0.000635,0.000236,0.999129
2169,0,0.000510,0.000246,0.999243
2170,1,0.998532,0.001104,0.000364
2171,0,0.000561,0.000243,0.999196
2172,0,0.000508,0.000262,0.999231
2173,0,0.003489,0.000222,0.996289
2174,0,0.000466,0.000259,0.999275
2175,0,0.003176,0.030700,0.966124
2176,0,0.223233,0.001129,0.775638
2177,1,0.001350,0.000193,0.998456
2178,1,0.096556,0.000809,0.902635
2179,1,0.997759,0.001984,0.000257
2180,0,0.000472,0.000250,0.999278
2181,0,0.000595,0.000227,0.999178
2182,0,0.994795,0.000535,0.004671
2183,0,0.001330,0.163388,0.835282
2184,0,0.000589,0.000216,0.999196
2185,0,0.986457,0.000648,0.012895
2186,0,0.002414,0.002125,0.995461
2187,1,0.017926,0.000293,0.981781
2188,1,0.045831,0.002215,0.951954
2189,1,0.409629,0.001627,0.588744
2190,1,0.973989,0.000735,0.025276
2191,1,0.998419,0.000897,0.000684
2192,0,0.000846,0.000195,0.998959
2193,1,0.997897,0.000528,0.001575
2194,1,0.019399,0.295258,0.685343
2195,1,0.998437,0.000651,0.000912
2196,1,0.304941,0.689317,0.005742
2197,0,0.029259,0.031349,0.939392
2198,1,0.951017,0.000753,0.048231
2199,0,0.000449,0.000274,0.999278
2200,1,0.020293,0.000369,0.979338
2201,1,0.998491,0.001018,0.000490
2202,0,0.000474,0.000253,0.999273
2203,1,0.275700,0.000823,0.723477
2204,0,0.000494,0.000688,0.998817
2205,1,0.997424,0.002173,0.000403
2206,1,0.997330,0.000588,0.002082
2207,0,0.000567,0.000229,0.999204
2208,1,0.000923,0.000193,0.998884
2209,0,0.000519,0.000245,0.999237
2210,0,0.000496,0.000251,0.999253
2211,0,0.000539,0.000227,0.999234
2212,1,0.003516,0.000191,0.996293
2213,0,0.056024,0.004757,0.939218
2214,1,0.000543,0.000235,0.999223
2215,1,0.001079,0.000259,0.998663
2216,1,0.017934,0.000452,0.981614
2217,0,0.024293,0.000356,0.975351
2218,1,0.036357,0.813948,0.149695
2219,1,0.000912,0.000187,0.998901
2220,1,0.997827,0.000601,0.001572
2221,1,0.001516,0.000446,0.998038
2222,1,0.025510,0.000385,0.974106
2223,1,0.001276,0.000186,0.998538
2224,1,0.000537,0.000234,0.999229
2225,1,0.000710,0.000210,0.999080
2226,0,0.000527,0.000235,0.999238
2227,0,0.014434,0.000301,0.985264
2228,0,0.003281,0.000216,0.996503
2229,1,0.000449,0.000309,0.999242
2230,1,0.296327,0.000992,0.702681
2231,1,0.983256,0.000630,0.016114
2232,0,0.004276,0.000215,0.995510
2233,1,0.000684,0.000202,0.999114
2234,0,0.000474,0.000258,0.999268
2235,1,0.259073,0.000911,0.740016
2236,1,0.000515,0.000238,0.999247
2237,1,0.008338,0.000291,0.991371
2238,1,0.000819,0.000194,0.998986
2239,0,0.905822,0.001055,0.093123
2240,0,0.000950,0.000475,0.998575
2241,1,0.001573,0.000197,0.998230
2242,0,0.002091,0.000197,0.997711
2243,1,0.687974,0.001342,0.310684
2244,1,0.998245,0.001418,0.000337
2245,0,0.001494,0.000185,0.998320
2246,0,0.000721,0.000202,0.999077
2247,1,0.919250,0.000804,0.079946
2248,1,0.352812,0.000958,0.646230
2249,1,0.044796,0.000381,0.954823
2250,0,0.002807,0.000264,0.996930
2251,0,0.005274,0.000237,0.994489
2252,0,0.991061,0.000709,0.008230
2253,0,0.000581,0.000234,0.999186
2254,0,0.001623,0.000197,0.998179
2255,1,0.442750,0.553651,0.003599
2256,1,0.022498,0.121673,0.855828
2257,0,0.004426,0.000210,0.995364
2258,1,0.090253,0.774721,0.135025
2259,1,0.998204,0.000580,0.001216
2260,0,0.000781,0.000197,0.999022
2261,1,0.998486,0.000672,0.000842
2262,0,0.000463,0.000261,0.999276
2263,0,0.000655,0.000216,0.999129
2264,0,0.000575,0.000241,0.999183
2265,1,0.947273,0.000834,0.051892
2266,0,0.001041,0.000187,0.998772
2267,1,0.000385,0.000342,0.999273
2268,1,0.019610,0.000325,0.980065
2269,1,0.990155,0.000574,0.009271
2270,1,0.998595,0.000746,0.000659
2271,1,0.003145,0.063403,0.933452
2272,0,0.241675,0.008095,0.750230
2273,0,0.980779,0.000742,0.018478
2274,1,0.997151,0.002375,0.000474
2275,1,0.998127,0.000919,0.000955
2276,1,0.998635,0.000730,0.000635
2277,1,0.659801,0.322861,0.017338
2278,1,0.956598,0.000668,0.042734
2279,1,0.998359,0.000606,0.001035
2280,1,0.719748,0.001020,0.279232
2281,1,0.782175,0.016096,0.201729
2282,1,0.994195,0.000496,0.005309
2283,0,0.657107,0.001302,0.341591
2284,1,0.001161,0.228602,0.770237
2285,1,0.000579,0.000871,0.998550
2286,1,0.998602,0.000960,0.000438
2287,1,0.998174,0.001053,0.000773
2288,1,0.997079,0.002686,0.000234
2289,1,0.000430,0.000287,0.999283
2290,0,0.000478,0.000278,0.999244
2291,1,0.988730,0.000574,0.010696
2292,1,0.000567,0.000226,0.999207
2293,1,0.002207,0.000217,0.997575
2294,1,0.729483,0.001411,0.269106
2295,0,0.000563,0.000229,0.999208
2296,0,0.000595,0.000224,0.999181
2297,1,0.000738,0.000197,0.999066
2298,1,0.000542,0.000239,0.999219
2299,0,0.004451,0.000321,0.995228
2300,0,0.000483,0.000294,0.999223
2301,0,0.512193,0.000845,0.486961
2302,0,0.000451,0.000282,0.999267
2303,1,0.000619,0.000310,0.999071
2304,1,0.998429,0.001137,0.000433
2305,1,0.000717,0.000214,0.999069
2306,1,0.990722,0.000983,0.008295
2307,1,0.003474,0.024149,0.972377
2308,0,0.000697,0.000210,0.999093
2309,0,0.000953,0.000222,0.998825
2310,1,0.936088,0.000719,0.063193
2311,1,0.053414,0.000782,0.945804
2312,0,0.004951,0.000195,0.994854
2313,1,0.004598,0.667171,0.328231
2314,1,0.001067,0.000199,0.998734
2315,1,0.997976,0.000534,0.001490
2316,1,0.991598,0.000668,0.007735
2317,0,0.761964,0.001439,0.236596
2318,1,0.001226,0.000219,0.998554
2319,1,0.004643,0.000208,0.995149
2320,1,0.001585,0.000218,0.998197
2321,1,0.899451,0.000935,0.099614
2322,1,0.065514,0.000392,0.934093
2323,1,0.000494,0.000260,0.999246
2324,1,0.002525,0.000218,0.997257
2325,1,0.003337,0.000298,0.996366
2326,1,0.000533,0.000243,0.999225
2327,0,0.000530,0.000241,0.999229
2328,0,0.000516,0.000244,0.999240
2329,1,0.000829,0.101598,0.897573
2330,1,0.003128,0.000254,0.996617
2331,1,0.000490,0.000246,0.999264
2332,1,0.000478,0.002351,0.997171
2333,0,0.033303,0.000812,0.965884
2334,0,0.006312,0.000351,0.993337
2335,0,0.000768,0.000197,0.999035
2336,0,0.002278,0.000635,0.997087
2337,1,0.003703,0.000230,0.996066
2338,0,0.000524,0.000239,0.999237
2339,1,0.034453,0.007541,0.958007
2340,1,0.988689,0.000729,0.010582
2341,1,0.249427,0.000735,0.749837
2342,1,0.181188,0.001060,0.817752
2343,0,0.000504,0.000250,0.999247
2344,1,0.003955,0.000194,0.995851
2345,1,0.998405,0.000596,0.000998
2346,0,0.000514,0.000238,0.999247
2347,1,0.000369,0.000361,0.999270
2348,1,0.997399,0.000600,0.002001
2349,1,0.926737,0.000866,0.072397
2350,1,0.374344,0.001167,0.624490
2351,0,0.012750,0.000313,0.986937
2352,0,0.000571,0.000227,0.999202
2353,1,0.992866,0.000570,0.006564
2354,1,0.012299,0.000476,0.987224
2355,1,0.000497,0.000249,0.999254
2356,1,0.998718,0.000807,0.000475
2357,1,0.847870,0.000894,0.151236
2358,1,0.995411,0.000524,0.004065
2359,1,0.998254,0.000623,0.001122
2360,0,0.997686,0.000586,0.001729
2361,1,0.957200,0.000709,0.042092
2362,1,0.998684,0.000781,0.000535
2363,1,0.998667,0.000841,0.000491
2364,1,0.997492,0.000488,0.002020
2365,1,0.014728,0.000382,0.984891
2366,1,0.998698,0.000753,0.000549
2367,1,0.000536,0.000234,0.999230
2368,0,0.996089,0.000496,0.003415
2369,1,0.846064,0.001170,0.152765
2370,1,0.000819,0.000191,0.998990
2371,0,0.000702,0.000210,0.999087
2372,0,0.275170,0.002117,0.722713
2373,0,0.302376,0.001231,0.696393
2374,1,0.998660,0.000724,0.000616
2375,0,0.000484,0.000264,0.999251
2376,1,0.998591,0.000656,0.000754
2377,0,0.966670,0.000840,0.032491
2378,1,0.000467,0.000297,0.999237
2379,0,0.001637,0.000229,0.998133
2380,1,0.002256,0.000184,0.997561
2381,1,0.998539,0.000610,0.000851
2382,1,0.647373,0.001595,0.351032
2383,0,0.000740,0.000199,0.999061
2384,1,0.998665,0.000879,0.000456
2385,1,0.994759,0.000625,0.004616
2386,1,0.000981,0.000190,0.998829
2387,1,0.998601,0.001005,0.000394
2388,0,0.097147,0.000689,0.902164
2389,1,0.987408,0.000653,0.011939
2390,0,0.095697,0.016506,0.887797
2391,0,0.103417,0.000831,0.895751
2392,1,0.998527,0.000607,0.000866
2393,1,0.956523,0.000728,0.042749
2394,1,0.998657,0.000877,0.000466
2395,0,0.000550,0.000232,0.999218
2396,0,0.000462,0.003556,0.995982
2397,1,0.998585,0.001070,0.000345
2398,1,0.998400,0.001285,0.000314
2399,0,0.003357,0.000190,0.996453
2400,0,0.000538,0.000233,0.999229
2401,0,0.000463,0.000263,0.999274
2402,0,0.000502,0.000241,0.999258
2403,0,0.000553,0.000222,0.999225
2404,1,0.866981,0.001015,0.132004
2405,1,0.039579,0.000446,0.959975
2406,0,0.977077,0.000607,0.022316
2407,1,0.995983,0.000520,0.003496
2408,0,0.002161,0.001986,0.995853
2409,0,0.002935,0.000195,0.996869
2410,0,0.000503,0.000249,0.999248
2411,0,0.002876,0.000200,0.996924
2412,1,0.192634,0.001004,0.806362
2413,1,0.981262,0.000651,0.018087
2414,0,0.008155,0.000550,0.991295
2415,0,0.000540,0.000244,0.999215
2416,1,0.977379,0.001343,0.021277
2417,0,0.021406,0.000489,0.978105
2418,1,0.000896,0.000223,0.998881
2419,1,0.000533,0.045987,0.953481
2420,1,0.437507,0.001609,0.560884
2421,1,0.204154,0.000693,0.795153
2422,0,0.000567,0.000235,0.999198
2423,1,0.048151,0.000545,0.951304
2424,0,0.000479,0.000251,0.999270
2425,0,0.000547,0.000235,0.999218
2426,0,0.004090,0.000184,0.995726
2427,1,0.000537,0.000242,0.999221
2428,0,0.000547,0.000236,0.999217
2429,1,0.000520,0.000242,0.999238
2430,0,0.002688,0.000241,0.997071
2431,1,0.998285,0.000579,0.001136
2432,1,0.651371,0.001272,0.347356
2433,1,0.998686,0.000738,0.000576
2434,0,0.039313,0.000533,0.960154
2435,0,0.998583,0.000874,0.000543
2436,1,0.639179,0.001193,0.359628
2437,1,0.980024,0.000629,0.019346
2438,0,0.003798,0.000212,0.995989
2439,0,0.001316,0.000184,0.998500
2440,0,0.000541,0.000226,0.999233
2441,0,0.039447,0.000453,0.960100
2442,0,0.000503,0.000251,0.999246
2443,0,0.000591,0.000224,0.999185
2444,1,0.000713,0.000696,0.998591
2445,0,0.000772,0.000202,0.999026
2446,1,0.000699,0.000223,0.999079
2447,1,0.000730,0.000203,0.999067
2448,1,0.998519,0.000685,0.000796
2449,1,0.019135,0.000266,0.980599
2450,1,0.479021,0.129490,0.391489
2451,0,0.000590,0.000221,0.999189
2452,1,0.001708,0.000176,0.998116
2453,0,0.306914,0.001035,0.692051
2454,1,0.004843,0.000210,0.994948
2455,1,0.000622,0.000211,0.999167
2456,1,0.000856,0.000224,0.998920
2457,1,0.998257,0.001196,0.000547
2458,0,0.000324,0.002054,0.997622
2459,1,0.028839,0.000506,0.970656
2460,1,0.059840,0.000467,0.939694
2461,0,0.000603,0.000217,0.999180
2462,0,0.000472,0.000260,0.999268
2463,1,0.017699,0.678717,0.303584
2464,1,0.000572,0.000235,0.999193
2465,0,0.720263,0.000930,0.278808
2466,0,0.008189,0.000493,0.991318
2467,1,0.631982,0.000726,0.367292
2468,0,0.000660,0.000243,0.999097
2469,0,0.000928,0.000191,0.998881
2470,0,0.040403,0.000335,0.959262
2471,1,0.014204,0.000337,0.985459
2472,1,0.004178,0.003278,0.992544
2473,0,0.000579,0.000223,0.999198
2474,0,0.000684,0.000210,0.999106
2475,0,0.000510,0.000248,0.999242
2476,0,0.023853,0.000726,0.975422
2477,0,0.000625,0.000216,0.999159
2478,1,0.000666,0.000274,0.999060
2479,0,0.000512,0.000241,0.999247
2480,0,0.000772,0.000218,0.999010
2481,0,0.000505,0.000246,0.999249
2482,0,0.981672,0.000648,0.017680
2483,0,0.000413,0.000273,0.999313
2484,0,0.016178,0.000352,0.983470
2485,1,0.010241,0.000332,0.989427
2486,0,0.005453,0.000262,0.994285
2487,0,0.000651,0.000205,0.999144
2488,1,0.990775,0.000555,0.008670
2489,0,0.000533,0.000233,0.999234
2490,1,0.004282,0.000226,0.995493
2491,0,0.000445,0.000278,0.999276
2492,1,0.983625,0.001956,0.014419
2493,0,0.000412,0.000276,0.999312
2494,0,0.000556,0.000237,0.999207
2495,0,0.994952,0.000651,0.004397
2496,1,0.998525,0.000932,0.000544
2497,0,0.000342,0.000597,0.999060
2498,1,0.998414,0.000630,0.000956
2499,0,0.005595,0.000267,0.994138
2500,0,0.000444,0.000289,0.999267
2501,1,0.000434,0.000297,0.999268
2502,0,0.000543,0.000233,0.999223
2503,1,0.544793,0.001151,0.454056
2504,1,0.992813,0.000482,0.006706
2505,0,0.958365,0.000600,0.041035
2506,1,0.998244,0.001393,0.000364
2507,0,0.003121,0.000182,0.996697
2508,1,0.415630,0.001483,0.582887
2509,1,0.511030,0.001320,0.487651
2510,1,0.998447,0.000754,0.000799
2511,0,0.000816,0.000206,0.998978
2512,0,0.001429,0.000215,0.998356
2513,1,0.934889,0.000950,0.064161
2514,1,0.219234,0.000838,0.779927
2515,1,0.929481,0.001096,0.069424
2516,1,0.190854,0.000784,0.808362
2517,1,0.218782,0.001159,0.780060
2518,1,0.000992,0.000179,0.998830
2519,1,0.998479,0.001097,0.000424
2520,1,0.023101,0.321752,0.655147
2521,1,0.001355,0.000183,0.998462
2522,1,0.998422,0.001236,0.000342
2523,1,0.000532,0.000236,0.999232
2524,1,0.998528,0.000624,0.000848
2525,1,0.998283,0.001349,0.000368
2526,0,0.000850,0.000198,0.998952
2527,1,0.000425,0.000331,0.999244
2528,1,0.993575,0.000539,0.005886
2529,1,0.027546,0.000276,0.972178
2530,0,0.000506,0.000235,0.999259
2531,0,0.000460,0.000271,0.999269
2532,1,0.998436,0.001148,0.000416
2533,0,0.000480,0.000259,0.999261
2534,1,0.009454,0.286896,0.703649
2535,1,0.000811,0.000193,0.998996
2536,0,0.000729,0.000221,0.999051
2537,1,0.307167,0.683226,0.009607
2538,1,0.998651,0.000747,0.000603
2539,1,0.001978,0.000215,0.997807
2540,0,0.000685,0.000206,0.999109
2541,0,0.000575,0.000233,0.999192
2542,1,0.008448,0.000225,0.991327
2543,0,0.001668,0.000216,0.998116
2544,0,0.000575,0.000226,0.999199
2545,0,0.003622,0.070220,0.926158
2546,0,0.001227,0.479745,0.519028
2547,0,0.000504,0.000251,0.999244
2548,0,0.009272,0.000276,0.990452
2549,1,0.029136,0.000381,0.970483
2550,1,0.995520,0.000684,0.003795
2551,0,0.006017,0.000241,0.993742
2552,0,0.299401,0.000941,0.699658
2553,0,0.000395,0.001252,0.998353
2554,1,0.998405,0.001074,0.000521
2555,0,0.001330,0.000193,0.998478
2556,1,0.522236,0.000915,0.476849
2557,0,0.002409,0.000265,0.997326
2558,1,0.024597,0.000567,0.974836
2559,1,0.995362,0.000503,0.004136
2560,1,0.996948,0.000796,0.002256
2561,1,0.012202,0.819483,0.168314
2562,1,0.000462,0.000262,0.999276
2563,1,0.031767,0.000697,0.967535
2564,0,0.000793,0.000201,0.999006
2565,1,0.001216,0.000196,0.998588
2566,1,0.168427,0.000907,0.830667
2567,1,0.991931,0.000620,0.007449
2568,1,0.005467,0.000233,0.994301
2569,0,0.966859,0.001103,0.032038
2570,1,0.981278,0.000799,0.017923
2571,0,0.000481,0.000252,0.999267
2572,0,0.000448,0.000484,0.999068
2573,1,0.096178,0.835727,0.068096
2574,0,0.000463,0.000263,0.999274
2575,1,0.000454,0.000269,0.999276
2576,1,0.017348,0.000291,0.982361
2577,1,0.710321,0.001012,0.288667
2578,1,0.002570,0.000204,0.997226
2579,1,0.045191,0.000338,0.954471
2580,1,0.009596,0.000361,0.990044
2581,1,0.005687,0.000258,0.994055
2582,1,0.001551,0.015672,0.982778
2583,0,0.000640,0.004424,0.994936
2584,1,0.002660,0.000228,0.997112
2585,1,0.856259,0.000797,0.142944
2586,1,0.161441,0.000795,0.837764
2587,0,0.002683,0.000179,0.997138
2588,0,0.000589,0.000220,0.999191
2589,0,0.000596,0.000234,0.999170
2590,0,0.000845,0.000205,0.998950
2591,0,0.000519,0.000240,0.999241
2592,0,0.002010,0.000199,0.997791
2593,1,0.004535,0.000260,0.995206
2594,0,0.003416,0.000234,0.996350
2595,1,0.007582,0.000269,0.992149
2596,1,0.464571,0.000801,0.534628
2597,1,0.000481,0.000250,0.999269
2598,1,0.000409,0.000300,0.999291
2599,0,0.000806,0.000245,0.998949
2600,0,0.003658,0.000227,0.996115
2601,1,0.895704,0.000850,0.103446
2602,1,0.995954,0.000969,0.003077
2603,1,0.030236,0.000636,0.969128
2604,0,0.001327,0.000209,0.998464
2605,1,0.000720,0.000205,0.999075
2606,1,0.000612,0.000232,0.999156
2607,1,0.998500,0.000651,0.000849
2608,1,0.996737,0.000532,0.002731
2609,1,0.962073,0.000830,0.037097
2610,1,0.095237,0.000845,0.903918
2611,0,0.018533,0.000408,0.981058
2612,1,0.998601,0.000657,0.000742
2613,1,0.006746,0.000281,0.992973
2614,0,0.990521,0.000694,0.008785
2615,1,0.410766,0.121596,0.467639
2616,1,0.030341,0.000337,0.969322
2617,1,0.000446,0.000254,0.999300
2618,1,0.000883,0.000195,0.998922
2619,1,0.248105,0.677795,0.074100
2620,1,0.003606,0.000401,0.995993
2621,0,0.353988,0.000857,0.645154
2622,1,0.000354,0.000418,0.999228
2623,1,0.997574,0.002155,0.000271
2624,1,0.964640,0.000751,0.034609
2625,0,0.000473,0.000263,0.999264
2626,0,0.000921,0.000195,0.998883
2627,0,0.009524,0.000337,0.990139
2628,0,0.000554,0.005707,0.993739
2629,0,0.000645,0.000214,0.999141
2630,1,0.996873,0.001484,0.001643
2631,0,0.293448,0.000830,0.705721
2632,0,0.000706,0.000194,0.999100
2633,1,0.000561,0.000233,0.999206
2634,1,0.411735,0.000672,0.587593
2635,0,0.912685,0.001055,0.086260
2636,0,0.000407,0.000305,0.999288
2637,1,0.179542,0.196469,0.623989
2638,1,0.064333,0.000443,0.935224
2639,0,0.004476,0.000301,0.995222
2640,1,0.903713,0.000719,0.095568
2641,0,0.000539,0.000238,0.999223
2642,1,0.003454,0.000269,0.996278
2643,1,0.009348,0.000213,0.990439
2644,0,0.000546,0.000227,0.999227
2645,1,0.113872,0.000625,0.885503
2646,0,0.003550,0.003472,0.992978
2647,0,0.000519,0.000241,0.999240
2648,1,0.000581,0.007477,0.991942
2649,0,0.000498,0.000250,0.999252
2650,0,0.973891,0.000564,0.025545
2651,1,0.008972,0.005562,0.985466
2652,1,0.916451,0.000862,0.082687
2653,0,0.040557,0.000342,0.959101
2654,0,0.000709,0.000201,0.999090
2655,0,0.000581,0.000234,0.999186
2656,0,0.000730,0.003418,0.995853
2657,0,0.001252,0.000188,0.998560
2658,1,0.000995,0.000181,0.998824
2659,1,0.006684,0.000180,0.993135
2660,0,0.000951,0.000200,0.998849
2661,0,0.998456,0.000928,0.000616
2662,0,0.774233,0.001739,0.224029
2663,1,0.000542,0.000230,0.999228
2664,1,0.814717,0.000880,0.184403
2665,0,0.987283,0.000728,0.011988
2666,1,0.998530,0.000916,0.000554
2667,1,0.998463,0.001125,0.000413
2668,1,0.000905,0.000193,0.998902
2669,1,0.001013,0.000987,0.998001
2670,0,0.000595,0.000232,0.999173
2671,0,0.000546,0.000282,0.999172
2672,1,0.052132,0.455049,0.492819
2673,1,0.000662,0.000215,0.999123
2674,1,0.004070,0.631123,0.364807
2675,1,0.501210,0.001880,0.496909
2676,1,0.035524,0.000538,0.963938
2677,1,0.937183,0.000700,0.062118
2678,1,0.987561,0.000501,0.011938
2679,1,0.018676,0.000344,0.980980
2680,1,0.718995,0.001535,0.279470
2681,0,0.009764,0.018369,0.971867
2682,0,0.384951,0.587412,0.027637
2683,1,0.004092,0.000216,0.995692
2684,0,0.993813,0.000551,0.005636
2685,1,0.909645,0.053913,0.036442
2686,0,0.000453,0.000291,0.999256
2687,0,0.000456,0.000258,0.999286
2688,0,0.006162,0.000478,0.993360
2689,0,0.000933,0.000190,0.998877
2690,0,0.001493,0.000232,0.998275
2691,1,0.998452,0.000770,0.000778
2692,0,0.000483,0.000253,0.999264
2693,1,0.013737,0.000350,0.985914
2694,0,0.278473,0.001188,0.720339
2695,1,0.080889,0.000716,0.918395
2696,1,0.334269,0.658827,0.006904
2697,0,0.998674,0.000724,0.000602
2698,0,0.000618,0.000222,0.999160
2699,0,0.000507,0.000241,0.999252
2700,0,0.914532,0.001170,0.084298
2701,0,0.028783,0.000621,0.970596
2702,1,0.997864,0.000549,0.001587
2703,1,0.001613,0.600750,0.397638
2704,0,0.938011,0.000834,0.061155
2705,0,0.000823,0.000206,0.998970
2706,0,0.000507,0.000248,0.999244
2707,1,0.926328,0.001427,0.072245
2708,1,0.056872,0.000655,0.942473
2709,1,0.000682,0.009306,0.990012
2710,0,0.000839,0.000206,0.998955
2711,0,0.001705,0.000198,0.998097
2712,1,0.000548,0.000235,0.999217
2713,0,0.000741,0.000204,0.999054
2714,0,0.931430,0.000999,0.067571
2715,0,0.000538,0.000238,0.999224
2716,0,0.001543,0.000245,0.998212
2717,0,0.881665,0.001044,0.117291
2718,1,0.003753,0.000212,0.996036
2719,1,0.000420,0.000360,0.999220
2720,1,0.002351,0.000169,0.997481
2721,1,0.613996,0.375943,0.010061
2722,0,0.981654,0.000809,0.017537
2723,1,0.854661,0.000676,0.144662
2724,1,0.998695,0.000834,0.000470
2725,1,0.002065,0.000190,0.997744
2726,1,0.002857,0.000178,0.996965
2727,0,0.988687,0.000590,0.010723
2728,0,0.000451,0.000287,0.999262
2729,1,0.998216,0.001449,0.000335
2730,1,0.964015,0.000652,0.035333
2731,1,0.001350,0.001692,0.996957
2732,1,0.998476,0.001179,0.000345
2733,0,0.014857,0.000362,0.984780
2734,1,0.004344,0.005914,0.989743
2735,1,0.998733,0.000792,0.000475
2736,1,0.005684,0.000248,0.994068
2737,0,0.000518,0.000246,0.999236
2738,1,0.000661,0.000205,0.999134
2739,1,0.007598,0.612145,0.380257
2740,1,0.000591,0.000219,0.999191
2741,0,0.043738,0.000468,0.955794
2742,0,0.000742,0.000202,0.999056
2743,0,0.003836,0.000208,0.995956
2744,1,0.005142,0.148803,0.846054
2745,1,0.137553,0.000741,0.861706
2746,0,0.001246,0.000215,0.998539
2747,0,0.023000,0.000906,0.976094
2748,0,0.000532,0.000247,0.999220
2749,1,0.000804,0.000203,0.998993
2750,1,0.996181,0.002859,0.000961
2751,1,0.965562,0.000759,0.033679
2752,1,0.000597,0.000235,0.999168
2753,1,0.000561,0.000230,0.999209
2754,1,0.011876,0.000387,0.987737
2755,1,0.998398,0.001195,0.000407
2756,0,0.985767,0.000707,0.013526
2757,0,0.000514,0.000244,0.999243
2758,0,0.002435,0.000249,0.997317
2759,1,0.478617,0.001178,0.520205
2760,1,0.148300,0.000714,0.850986
2761,1,0.000568,0.000220,0.999213
2762,1,0.948963,0.000704,0.050333
2763,1,0.997514,0.000527,0.001959
2764,0,0.008835,0.543289,0.447876
2765,0,0.000469,0.000250,0.999281
2766,0,0.001753,0.000192,0.998055
2767,0,0.902526,0.000675,0.096799
2768,0,0.994231,0.000497,0.005273
2769,0,0.002679,0.000311,0.997010
2770,0,0.000499,0.000265,0.999236
2771,0,0.000587,0.001243,0.998170
2772,0,0.000498,0.000249,0.999254
2773,0,0.961851,0.000775,0.037374
2774,1,0.998650,0.000846,0.000504
2775,1,0.031626,0.417326,0.551048
2776,0,0.000593,0.000222,0.999185
2777,0,0.045460,0.000452,0.954088
2778,0,0.000470,0.000264,0.999266
2779,1,0.998256,0.000662,0.001081
2780,0,0.000519,0.000244,0.999237
2781,0,0.998586,0.000891,0.000524
2782,1,0.000614,0.000222,0.999164
2783,0,0.704703,0.001014,0.294282
2784,0,0.003593,0.096395,0.900012
2785,1,0.904494,0.000930,0.094576
2786,1,0.080399,0.000411,0.919191
2787,0,0.508141,0.001508,0.490352
2788,1,0.992987,0.000516,0.006496
2789,1,0.830686,0.001112,0.168202
2790,0,0.044719,0.000435,0.954845
2791,1,0.989397,0.000593,0.010010
2792,0,0.001140,0.000192,0.998668
2793,1,0.002341,0.000211,0.997449
2794,1,0.000673,0.000210,0.999118
2795,0,0.000583,0.000223,0.999193
2796,0,0.998616,0.000632,0.000752
2797,1,0.964570,0.000647,0.034783
2798,0,0.000718,0.000208,0.999074
2799,0,0.002690,0.000306,0.997005
2800,1,0.000491,0.000241,0.999268
2801,0,0.000503,0.000291,0.999206
2802,0,0.972099,0.000602,0.027298
2803,1,0.998560,0.001031,0.000409
2804,0,0.002027,0.000194,0.997779
2805,0,0.001337,0.000197,0.998466
2806,0,0.435354,0.003501,0.561145
2807,1,0.998634,0.000720,0.000646
2808,1,0.865470,0.001453,0.133077
2809,1,0.001397,0.000184,0.998418
2810,1,0.909836,0.000665,0.089499
2811,1,0.013055,0.001464,0.985481
2812,1,0.998138,0.001461,0.000401
2813,1,0.997146,0.002532,0.000322
2814,1,0.997969,0.000623,0.001408
2815,1,0.007596,0.000216,0.992188
2816,1,0.879097,0.001037,0.119866
2817,1,0.473530,0.009090,0.517380
2818,0,0.000508,0.000329,0.999163
2819,1,0.994728,0.000765,0.004507
2820,1,0.091497,0.000480,0.908023
2821,0,0.001845,0.000237,0.997918
2822,0,0.968381,0.001255,0.030365
2823,1,0.003224,0.131363,0.865412
2824,1,0.997954,0.001018,0.001028
2825,0,0.257775,0.001630,0.740595
2826,0,0.000689,0.001118,0.998193
2827,1,0.024452,0.000376,0.975172
2828,0,0.000518,0.000243,0.999239
2829,0,0.000506,0.000254,0.999240
2830,1,0.997216,0.002461,0.000323
2831,0,0.119325,0.001108,0.879567
2832,0,0.000746,0.000201,0.999054
2833,1,0.832434,0.072559,0.095007
2834,1,0.001858,0.000200,0.997942
2835,1,0.142084,0.705228,0.152688
2836,1,0.108652,0.000705,0.890643
2837,1,0.995001,0.000541,0.004458
2838,1,0.998257,0.000640,0.001102
2839,0,0.000548,0.000236,0.999216
2840,0,0.000518,0.000234,0.999248
2841,1,0.000603,0.000226,0.999171
2842,1,0.473460,0.313118,0.213423
2843,1,0.998295,0.001420,0.000284
2844,1,0.986463,0.000520,0.013017
2845,1,0.037773,0.000315,0.961912
2846,1,0.997496,0.002258,0.000246
2847,1,0.998623,0.000933,0.000444
2848,1,0.952315,0.000706,0.046979
2849,1,0.924171,0.000836,0.074993
2850,1,0.085632,0.000899,0.913469
2851,1,0.998574,0.000586,0.000839
2852,1,0.998458,0.001187,0.000355
2853,0,0.000450,0.000278,0.999272
2854,1,0.000555,0.000223,0.999222
2855,0,0.000637,0.000218,0.999145
2856,1,0.997356,0.000639,0.002005
2857,1,0.997133,0.000539,0.002328
2858,1,0.000447,0.000366,0.999187
2859,1,0.685748,0.293674,0.020579
2860,1,0.010213,0.385294,0.604494
2861,1,0.000432,0.000331,0.999238
2862,0,0.002243,0.000226,0.997532
2863,1,0.560123,0.001914,0.437963
2864,1,0.957557,0.000792,0.041651
2865,1,0.998195,0.000548,0.001257
2866,1,0.998559,0.000784,0.000657
2867,1,0.005038,0.000219,0.994743
2868,0,0.994473,0.000494,0.005033
2869,1,0.998494,0.001091,0.000415
2870,1,0.922536,0.005849,0.071615
2871,0,0.004538,0.000285,0.995177
2872,1,0.584990,0.406235,0.008775
2873,0,0.000931,0.000186,0.998884
2874,0,0.002250,0.000214,0.997535
2875,0,0.000488,0.000257,0.999255
2876,0,0.063258,0.182886,0.753856
2877,0,0.000635,0.000211,0.999153
2878,0,0.000541,0.000239,0.999220
2879,0,0.000576,0.000220,0.999204
2880,1,0.127215,0.000455,0.872330
2881,0,0.002909,0.000175,0.996917
2882,1,0.998630,0.000970,0.000400
2883,0,0.000745,0.000196,0.999059
2884,1,0.000483,0.000249,0.999267
2885,0,0.001828,0.000194,0.997978
2886,0,0.941098,0.000978,0.057924
2887,0,0.000747,0.000222,0.999031
2888,1,0.008184,0.001474,0.990342
2889,0,0.000366,0.000465,0.999169
2890,0,0.942908,0.001092,0.056000
2891,0,0.001059,0.000268,0.998674
2892,1,0.001375,0.000219,0.998406
2893,0,0.225419,0.001262,0.773319
2894,1,0.044927,0.000530,0.954543
2895,1,0.351630,0.001267,0.647103
2896,1,0.022621,0.000287,0.977092
2897,0,0.000982,0.000211,0.998807
2898,0,0.001445,0.000253,0.998302
2899,0,0.000492,0.000254,0.999254
2900,0,0.000860,0.000201,0.998939
2901,0,0.338521,0.001325,0.660154
2902,1,0.015716,0.000330,0.983954
2903,0,0.000492,0.000248,0.999259
2904,0,0.998402,0.000698,0.000900
2905,0,0.000401,0.000336,0.999263
2906,0,0.000651,0.000208,0.999140
2907,1,0.052692,0.785189,0.162119
2908,1,0.002330,0.002656,0.995014
2909,0,0.998451,0.000813,0.000735
2910,1,0.996994,0.000674,0.002332
2911,1,0.036850,0.000390,0.962760
2912,1,0.998557,0.001046,0.000397
2913,1,0.018669,0.740367,0.240964
2914,1,0.998271,0.001419,0.000311
2915,1,0.998372,0.001332,0.000297
2916,1,0.997162,0.000527,0.002311
2917,1,0.998497,0.001088,0.000415
2918,1,0.000452,0.000266,0.999282
2919,0,0.001033,0.000184,0.998783
2920,0,0.000808,0.000203,0.998990
2921,1,0.158571,0.120382,0.721046
2922,0,0.000786,0.000208,0.999006
2923,0,0.000825,0.000201,0.998974
2924,1,0.006656,0.000368,0.992976
2925,1,0.104817,0.000427,0.894757
2926,1,0.294093,0.001651,0.704256
2927,1,0.001629,0.000211,0.998160
2928,1,0.000676,0.000215,0.999109
2929,0,0.000481,0.000335,0.999184
2930,0,0.003484,0.000269,0.996247
2931,1,0.740220,0.001786,0.257994
2932,0,0.000484,0.000255,0.999261
2933,0,0.001173,0.000229,0.998599
2934,1,0.998378,0.000786,0.000836
2935,1,0.000468,0.000262,0.999270
2936,0,0.000739,0.000200,0.999061
2937,1,0.000600,0.000246,0.999154
2938,1,0.001729,0.000189,0.998082
2939,1,0.000721,0.000206,0.999073
2940,0,0.000466,0.000268,0.999265
2941,1,0.995902,0.000579,0.003519
2942,1,0.010935,0.029402,0.959664
2943,0,0.000912,0.000280,0.998808
2944,0,0.000349,0.000564,0.999086
2945,0,0.000400,0.000296,0.999305
2946,0,0.032919,0.000423,0.966658
2947,1,0.997765,0.001998,0.000237
2948,0,0.556811,0.208543,0.234646
2949,1,0.007146,0.000259,0.992595
2950,1,0.000622,0.000210,0.999168
2951,0,0.000488,0.000260,0.999252
2952,1,0.965762,0.000751,0.033487
2953,0,0.000560,0.000242,0.999198
2954,0,0.978357,0.000899,0.020744
2955,0,0.007276,0.000264,0.992459
2956,1,0.998056,0.001580,0.000364
2957,1,0.011287,0.000280,0.988432
2958,0,0.009061,0.000263,0.990677
2959,0,0.000743,0.000209,0.999048
2960,0,0.001261,0.000218,0.998521
2961,0,0.572211,0.001622,0.426168
2962,0,0.000595,0.000232,0.999173
2963,0,0.000567,0.000232,0.999201
2964,0,0.002455,0.000191,0.997354
2965,0,0.986881,0.000556,0.012562
2966,1,0.953340,0.001089,0.045572
2967,0,0.000513,0.000244,0.999244
2968,0,0.011731,0.000219,0.988050
2969,0,0.969292,0.000848,0.029860
2970,0,0.000588,0.000219,0.999193
2971,0,0.038036,0.000646,0.961318
2972,0,0.000459,0.000308,0.999233
2973,0,0.008392,0.000251,0.991356
2974,1,0.958447,0.001097,0.040455
2975,0,0.017593,0.000391,0.982015
2976,1,0.986325,0.000513,0.013162
2977,1,0.411367,0.001138,0.587495
2978,1,0.000697,0.000220,0.999083
2979,0,0.002569,0.000175,0.997255
2980,0,0.982289,0.000624,0.017087
2981,1,0.979178,0.000642,0.020180
2982,0,0.000543,0.000233,0.999224
2983,0,0.000514,0.000243,0.999243
2984,1,0.561179,0.000915,0.437907
2985,0,0.036460,0.000355,0.963185
2986,1,0.988683,0.000489,0.010828
2987,1,0.013768,0.000222,0.986010
2988,1,0.000431,0.000293,0.999276
2989,0,0.000583,0.000236,0.999181
2990,0,0.000803,0.000208,0.998989
2991,0,0.000652,0.000223,0.999125
2992,1,0.168126,0.003205,0.828669
2993,1,0.000974,0.000211,0.998815
2994,1,0.872020,0.001195,0.126785
2995,0,0.141265,0.000578,0.858158
2996,1,0.000552,0.000243,0.999206
2997,0,0.001065,0.000225,0.998711
2998,0,0.000549,0.000240,0.999211
2999,0,0.000521,0.000244,0.999236
