row_id,gold,p_hate,p_offensive,p_normal
0,1,0.000822,0.000365,0.998813
1,1,0.002480,0.014878,0.982642
2,1,0.000681,0.000342,0.998977
3,1,0.842383,0.000782,0.156835
4,0,0.012259,0.176035,0.811706
5,0,0.062348,0.000560,0.937092
6,0,0.000630,0.000389,0.998981
7,0,0.008968,0.000367,0.990666
8,0,0.985811,0.000521,0.013668
9,0,0.002287,0.000455,0.997259
10,1,0.888806,0.080866,0.030328
11,0,0.984302,0.000552,0.015147
12,1,0.943148,0.000770,0.056082
13,0,0.000573,0.000374,0.999052
14,0,0.001543,0.000275,0.998182
15,0,0.030455,0.021219,0.948326
16,1,0.808493,0.001624,0.189883
17,1,0.000583,0.000384,0.999033
18,0,0.001396,0.000311,0.998294
19,1,0.494502,0.000805,0.504693
20,1,0.002509,0.000259,0.997233
21,0,0.000940,0.000310,0.998750
22,0,0.000607,0.000344,0.999049
23,0,0.609590,0.042301,0.348109
24,1,0.002123,0.000319,0.997558
25,0,0.002094,0.000319,0.997587
26,0,0.000838,0.000328,0.998834
27,1,0.142633,0.000586,0.856781
28,1,0.012754,0.000563,0.986683
29,1,0.000821,0.000327,0.998852
30,1,0.000679,0.000339,0.998982
31,1,0.983857,0.000803,0.015340
32,1,0.001150,0.000321,0.998529
33,0,0.924281,0.000678,0.075041
34,1,0.266544,0.000726,0.732730
35,0,0.004552,0.000247,0.995201
36,1,0.010396,0.000343,0.989261
37,1,0.310761,0.000696,0.688543
38,0,0.013612,0.000470,0.985918
39,1,0.996470,0.001382,0.002148
40,1,0.109831,0.001024,0.889145
41,0,0.001820,0.000290,0.997891
42,0,0.176690,0.001291,0.822019
43,0,0.000731,0.000686,0.998582
44,1,0.000765,0.000328,0.998907
45,0,0.613737,0.001000,0.385263
46,0,0.122596,0.001196,0.876208
47,0,0.230653,0.000938,0.768408
48,1,0.001063,0.000577,0.998360
49,0,0.078284,0.000626,0.921090
50,1,0.219891,0.000700,0.779408
51,0,0.001442,0.000841,0.997717
52,0,0.000586,0.000365,0.999049
53,0,0.000628,0.000364,0.999008
54,0,0.205202,0.279782,0.515015
55,1,0.000560,0.000380,0.999060
56,0,0.000523,0.000390,0.999087
57,1,0.997655,0.000914,0.001430
58,1,0.000796,0.000313,0.998890
59,0,0.000764,0.000308,0.998928
60,0,0.001023,0.000294,0.998682
61,1,0.988913,0.000616,0.010472
62,1,0.179527,0.421521,0.398952
63,0,0.001917,0.000368,0.997715
64,1,0.993815,0.000736,0.005449
65,1,0.484873,0.000773,0.514354
66,1,0.000890,0.000305,0.998805
67,1,0.036743,0.000505,0.962752
68,0,0.001139,0.000740,0.998121
69,1,0.982166,0.000565,0.017269
70,0,0.000758,0.000601,0.998641
71,1,0.124664,0.000826,0.874510
72,0,0.011307,0.000383,0.988310
73,0,0.061487,0.000470,0.938043
74,0,0.001571,0.000291,0.998139
75,0,0.939460,0.000644,0.059895
76,0,0.000586,0.000444,0.998970
77,1,0.088695,0.000659,0.910646
78,0,0.001499,0.000439,0.998061
79,0,0.000592,0.000368,0.999040
80,1,0.002464,0.000246,0.997290
81,0,0.001138,0.000271,0.998591
82,1,0.997276,0.001083,0.001642
83,0,0.002291,0.000261,0.997448
84,1,0.995751,0.000666,0.003583
85,1,0.001682,0.000312,0.998006
86,0,0.000652,0.000349,0.998999
87,0,0.026478,0.000397,0.973125
88,1,0.020612,0.000347,0.979041
89,0,0.001360,0.000263,0.998377
90,0,0.009623,0.000286,0.990091
91,1,0.504925,0.002254,0.492821
92,1,0.000771,0.000378,0.998852
93,1,0.025100,0.000418,0.974482
94,0,0.000701,0.000374,0.998925
95,1,0.489619,0.000903,0.509478
96,0,0.000596,0.000358,0.999046
97,1,0.986171,0.000733,0.013096
98,1,0.002180,0.000274,0.997545
99,1,0.356594,0.097199,0.546207
100,0,0.003396,0.000306,0.996298
101,0,0.001142,0.000312,0.998546
102,0,0.001181,0.000277,0.998542
103,1,0.031211,0.001543,0.967246
104,1,0.601620,0.030127,0.368253
105,1,0.364278,0.582577,0.053145
106,1,0.010396,0.000343,0.989261
107,1,0.956125,0.001801,0.042073
108,0,0.008575,0.000785,0.990640
109,0,0.007154,0.000257,0.992589
110,0,0.914770,0.000645,0.084585
111,1,0.001727,0.000275,0.997999
112,0,0.010010,0.023061,0.966928
113,0,0.000725,0.000355,0.998920
114,0,0.001033,0.000295,0.998672
115,1,0.968903,0.000628,0.030469
116,0,0.000782,0.000376,0.998842
117,0,0.000590,0.000365,0.999044
118,0,0.000596,0.000378,0.999026
119,1,0.177675,0.014215,0.808109
120,1,0.996078,0.000596,0.003325
121,0,0.000599,0.000349,0.999052
122,0,0.005563,0.000366,0.994071
123,1,0.020390,0.000473,0.979137
124,1,0.078717,0.002757,0.918526
125,0,0.020844,0.580920,0.398235
126,0,0.000735,0.000323,0.998942
127,1,0.990854,0.003790,0.005356
128,1,0.602870,0.001049,0.396081
129,1,0.926305,0.000734,0.072961
130,1,0.016202,0.000354,0.983444
131,1,0.000544,0.000422,0.999034
132,0,0.034175,0.000384,0.965441
133,0,0.001009,0.000297,0.998694
134,0,0.000674,0.000445,0.998882
135,1,0.036254,0.000656,0.963090
136,1,0.000853,0.000313,0.998834
137,0,0.059654,0.000412,0.939934
138,1,0.991153,0.001071,0.007776
139,0,0.000930,0.000342,0.998728
140,0,0.000803,0.000301,0.998896
141,0,0.822331,0.000732,0.176937
142,1,0.000559,0.000383,0.999057
143,0,0.001491,0.000294,0.998215
144,1,0.644438,0.000856,0.354706
145,0,0.001467,0.000322,0.998211
146,1,0.954490,0.000570,0.044940
147,0,0.001257,0.000285,0.998458
148,0,0.000583,0.000364,0.999054
149,0,0.001114,0.000287,0.998599
150,1,0.323270,0.000876,0.675854
151,0,0.009305,0.000282,0.990413
152,0,0.038465,0.000367,0.961168
153,0,0.004009,0.000253,0.995738
154,0,0.000903,0.000335,0.998761
155,1,0.004649,0.000285,0.995065
156,1,0.136403,0.000608,0.862989
157,1,0.003053,0.000286,0.996660
158,1,0.000769,0.000382,0.998849
159,0,0.000987,0.000310,0.998703
160,1,0.462878,0.001407,0.535715
161,0,0.001829,0.000672,0.997499
162,1,0.001980,0.000295,0.997724
163,1,0.000600,0.000378,0.999022
164,1,0.049596,0.000487,0.949918
165,0,0.568887,0.001145,0.429968
166,0,0.581566,0.001017,0.417417
167,0,0.002743,0.000305,0.996952
168,0,0.000869,0.000300,0.998832
169,1,0.951447,0.000668,0.047885
170,0,0.798382,0.001033,0.200585
171,0,0.001013,0.000333,0.998653
172,0,0.000928,0.000296,0.998776
173,0,0.267304,0.000792,0.731903
174,1,0.226916,0.000728,0.772356
175,0,0.000744,0.000339,0.998917
176,0,0.001127,0.000293,0.998580
177,0,0.967136,0.000660,0.032204
178,1,0.001250,0.000428,0.998322
179,0,0.001176,0.000277,0.998547
180,0,0.000958,0.000436,0.998606
181,1,0.575253,0.395970,0.028777
182,0,0.003265,0.000319,0.996416
183,0,0.000688,0.000330,0.998983
184,0,0.006928,0.003559,0.989513
185,0,0.009916,0.000389,0.989695
186,0,0.003073,0.000423,0.996505
187,1,0.004818,0.000281,0.994901
188,0,0.010257,0.000825,0.988918
189,0,0.120199,0.000650,0.879151
190,0,0.980808,0.000804,0.018388
191,0,0.000688,0.000319,0.998993
192,0,0.000730,0.000343,0.998927
193,0,0.001371,0.000263,0.998367
194,0,0.002112,0.000574,0.997314
195,0,0.045065,0.000392,0.954543
196,0,0.000699,0.000324,0.998977
197,1,0.010464,0.000381,0.989155
198,0,0.990754,0.000610,0.008636
199,0,0.207127,0.000587,0.792286
200,0,0.001269,0.000279,0.998452
201,0,0.003612,0.000261,0.996127
202,0,0.000721,0.000338,0.998942
203,0,0.000734,0.000351,0.998915
204,0,0.002771,0.000265,0.996964
205,0,0.000785,0.000319,0.998896
206,1,0.008961,0.000275,0.990764
207,1,0.620660,0.000719,0.378621
208,1,0.006057,0.001753,0.992190
209,1,0.000564,0.000401,0.999035
210,0,0.407116,0.000894,0.591990
211,1,0.002408,0.000489,0.997103
212,1,0.067993,0.031479,0.900528
213,1,0.983404,0.000557,0.016039
214,1,0.738079,0.000872,0.261049
215,1,0.451591,0.539124,0.009285
216,1,0.835723,0.000825,0.163452
217,1,0.001771,0.000280,0.997950
218,1,0.895386,0.000641,0.103973
219,1,0.000564,0.000401,0.999035
220,1,0.005041,0.000240,0.994719
221,1,0.045013,0.114827,0.840160
222,1,0.000564,0.000401,0.999035
223,1,0.169426,0.414029,0.416545
224,1,0.001895,0.000261,0.997844
225,1,0.001055,0.000438,0.998506
226,1,0.027214,0.000388,0.972398
227,1,0.001001,0.000488,0.998511
228,1,0.092021,0.143036,0.764943
229,1,0.001508,0.000252,0.998240
230,1,0.000647,0.000369,0.998984
231,1,0.001654,0.000301,0.998046
232,1,0.000564,0.000401,0.999035
233,1,0.001051,0.000332,0.998617
234,1,0.000581,0.000406,0.999012
235,1,0.000647,0.000368,0.998985
236,1,0.001909,0.000429,0.997662
237,1,0.980131,0.000613,0.019256
238,1,0.000564,0.000401,0.999035
239,1,0.993677,0.000810,0.005513
240,1,0.091899,0.082673,0.825427
241,1,0.004067,0.000266,0.995666
242,1,0.996185,0.000714,0.003101
243,1,0.994897,0.000675,0.004428
244,1,0.018756,0.821377,0.159867
245,1,0.017767,0.000333,0.981900
246,1,0.930622,0.000988,0.068390
247,1,0.473892,0.426579,0.099530
248,1,0.994362,0.000835,0.004803
249,1,0.000529,0.000408,0.999063
250,1,0.702638,0.000956,0.296405
251,1,0.000922,0.000293,0.998785
252,1,0.001269,0.000377,0.998355
253,1,0.369250,0.394586,0.236164
254,0,0.000959,0.000331,0.998710
255,1,0.879542,0.001150,0.119308
256,1,0.000538,0.000392,0.999070
257,1,0.003353,0.000342,0.996305
258,0,0.001203,0.000275,0.998522
259,1,0.011054,0.000283,0.988664
260,1,0.150691,0.000533,0.848776
261,0,0.001392,0.000438,0.998170
262,0,0.000645,0.000347,0.999007
263,1,0.002141,0.000477,0.997382
264,1,0.002984,0.000261,0.996756
265,1,0.105687,0.002712,0.891601
266,0,0.873034,0.000754,0.126213
267,1,0.014658,0.000350,0.984993
268,1,0.885981,0.000833,0.113187
269,1,0.001199,0.005583,0.993218
270,0,0.911242,0.000774,0.087984
271,1,0.572657,0.000890,0.426453
272,0,0.317775,0.001322,0.680903
273,0,0.084527,0.000608,0.914865
274,0,0.000774,0.000316,0.998911
275,0,0.004922,0.000266,0.994812
276,1,0.965304,0.000722,0.033973
277,0,0.006910,0.000374,0.992716
278,1,0.000640,0.000332,0.999029
279,1,0.995402,0.000663,0.003935
280,1,0.443476,0.000777,0.555748
281,0,0.000704,0.000362,0.998934
282,0,0.015036,0.000318,0.984646
283,1,0.001082,0.000331,0.998588
284,0,0.001270,0.000337,0.998392
285,1,0.001000,0.000307,0.998692
286,1,0.000719,0.000354,0.998927
287,0,0.034563,0.001980,0.963458
288,0,0.027425,0.000380,0.972194
289,1,0.598141,0.368971,0.032888
290,0,0.522739,0.001111,0.476150
291,0,0.039339,0.000456,0.960205
292,0,0.000876,0.000296,0.998828
293,0,0.000759,0.000337,0.998904
294,1,0.309941,0.001003,0.689057
295,0,0.000843,0.000393,0.998764
296,0,0.001398,0.000618,0.997985
297,0,0.814272,0.000893,0.184835
298,1,0.000681,0.000349,0.998970
299,0,0.009516,0.000319,0.990165
300,1,0.953803,0.000604,0.045593
301,1,0.575331,0.025218,0.399452
302,0,0.001680,0.000296,0.998024
303,1,0.981338,0.003186,0.015476
304,1,0.472614,0.007926,0.519460
305,1,0.121315,0.795128,0.083557
306,0,0.014522,0.000318,0.985160
307,0,0.105106,0.000547,0.894346
308,1,0.995269,0.000642,0.004089
309,0,0.000796,0.000336,0.998868
310,1,0.995817,0.000969,0.003214
311,0,0.982437,0.000599,0.016964
312,1,0.018086,0.010281,0.971633
313,1,0.976881,0.000599,0.022520
314,1,0.016057,0.000356,0.983587
315,0,0.000640,0.000369,0.998992
316,0,0.043916,0.000396,0.955688
317,0,0.001172,0.000357,0.998472
318,1,0.003915,0.000400,0.995685
319,0,0.000577,0.000358,0.999065
320,1,0.986976,0.000659,0.012366
321,0,0.000598,0.000383,0.999019
322,0,0.001162,0.000424,0.998414
323,1,0.941641,0.000826,0.057533
324,0,0.028274,0.000497,0.971229
325,0,0.078838,0.000602,0.920560
326,1,0.021580,0.754679,0.223741
327,1,0.013461,0.000370,0.986169
328,0,0.009296,0.000289,0.990416
329,1,0.997701,0.000979,0.001321
330,1,0.638072,0.242426,0.119502
331,1,0.997413,0.000793,0.001794
332,1,0.010439,0.000312,0.989249
333,0,0.000817,0.000374,0.998809
334,1,0.012907,0.000434,0.986659
335,0,0.061784,0.000457,0.937759
336,0,0.000521,0.000384,0.999095
337,1,0.798141,0.000684,0.201175
338,0,0.916752,0.000707,0.082541
339,0,0.003032,0.000450,0.996519
340,0,0.000591,0.000357,0.999052
341,1,0.996363,0.000669,0.002967
342,1,0.333131,0.000862,0.666008
343,0,0.000634,0.000353,0.999013
344,0,0.001381,0.000432,0.998187
345,0,0.963437,0.000597,0.035966
346,0,0.004737,0.000295,0.994968
347,1,0.000700,0.000339,0.998961
348,0,0.003947,0.000377,0.995676
349,0,0.992788,0.000659,0.006553
350,1,0.996619,0.000685,0.002696
351,0,0.001791,0.000268,0.997941
352,1,0.000643,0.000358,0.998999
353,0,0.000574,0.000354,0.999072
354,0,0.040629,0.745535,0.213836
355,1,0.043986,0.001262,0.954752
356,0,0.072030,0.000489,0.927482
357,0,0.000951,0.000285,0.998764
358,0,0.000611,0.000342,0.999047
359,0,0.000799,0.000350,0.998851
360,0,0.079119,0.000684,0.920197
361,0,0.001032,0.000393,0.998576
362,1,0.222260,0.001569,0.776170
363,0,0.000627,0.000420,0.998954
364,1,0.317334,0.000647,0.682020
365,1,0.001173,0.000285,0.998542
366,0,0.001595,0.000712,0.997693
367,1,0.001817,0.000260,0.997923
368,1,0.996863,0.000875,0.002262
369,1,0.989783,0.000734,0.009483
370,1,0.416523,0.000926,0.582552
371,1,0.996060,0.000716,0.003224
372,0,0.000682,0.000341,0.998977
373,1,0.978923,0.000563,0.020513
374,0,0.587466,0.000724,0.411810
375,1,0.000698,0.001584,0.997718
376,1,0.225404,0.002925,0.771671
377,0,0.115989,0.000647,0.883365
378,0,0.000643,0.000337,0.999019
379,0,0.000664,0.000346,0.998990
380,1,0.996230,0.000627,0.003143
381,0,0.000929,0.000393,0.998677
382,0,0.027377,0.093975,0.878648
383,1,0.981705,0.000742,0.017552
384,0,0.020623,0.000302,0.979075
385,0,0.011882,0.000360,0.987758
386,0,0.001469,0.000336,0.998194
387,0,0.000609,0.000346,0.999044
388,0,0.000824,0.000339,0.998836
389,0,0.001069,0.000294,0.998637
390,0,0.025893,0.358888,0.615219
391,0,0.001366,0.000267,0.998367
392,1,0.996148,0.000722,0.003129
393,1,0.686421,0.000911,0.312668
394,1,0.000715,0.000337,0.998948
395,1,0.992317,0.000586,0.007097
396,1,0.001762,0.000296,0.997942
397,1,0.996805,0.000688,0.002508
398,1,0.856645,0.001002,0.142353
399,1,0.932623,0.062604,0.004772
400,1,0.003354,0.027801,0.968845
401,1,0.002073,0.000353,0.997574
402,1,0.001057,0.000304,0.998639
403,0,0.656779,0.001147,0.342074
404,1,0.015771,0.000453,0.983776
405,1,0.000693,0.000421,0.998886
406,1,0.997024,0.000707,0.002269
407,1,0.990331,0.000541,0.009128
408,1,0.007962,0.000648,0.991389
409,1,0.000677,0.000332,0.998992
410,0,0.000610,0.000363,0.999027
411,1,0.096923,0.000954,0.902122
412,0,0.021148,0.000386,0.978466
413,0,0.000522,0.000387,0.999091
414,1,0.003658,0.000565,0.995777
415,0,0.000559,0.000424,0.999017
416,0,0.000863,0.000306,0.998831
417,1,0.993303,0.000575,0.006123
418,1,0.329543,0.656437,0.014019
419,0,0.000571,0.000359,0.999071
420,1,0.022803,0.719659,0.257538
421,0,0.996694,0.001075,0.002231
422,1,0.007237,0.000279,0.992484
423,1,0.195813,0.774457,0.029730
424,1,0.156866,0.058457,0.784677
425,1,0.996896,0.000696,0.002408
426,1,0.000632,0.000361,0.999007
427,0,0.000903,0.000344,0.998752
428,1,0.135016,0.000570,0.864414
429,1,0.861509,0.000845,0.137646
430,0,0.000956,0.000291,0.998753
431,0,0.001817,0.000287,0.997896
432,0,0.035227,0.000345,0.964428
433,0,0.001958,0.000309,0.997733
434,0,0.417122,0.000937,0.581941
435,0,0.789055,0.000858,0.210087
436,0,0.021955,0.001252,0.976793
437,0,0.000550,0.000382,0.999068
438,0,0.000716,0.000367,0.998917
439,1,0.926131,0.000698,0.073171
440,0,0.000766,0.000380,0.998854
441,0,0.001193,0.000358,0.998449
442,1,0.002139,0.000252,0.997609
443,0,0.016156,0.554066,0.429778
444,0,0.019693,0.000314,0.979993
445,0,0.711910,0.000671,0.287419
446,0,0.000775,0.000327,0.998898
447,1,0.996449,0.000864,0.002686
448,0,0.000885,0.000345,0.998770
449,1,0.003562,0.001274,0.995163
450,0,0.233103,0.000720,0.766177
451,0,0.000756,0.000345,0.998900
452,1,0.996263,0.001194,0.002542
453,0,0.005184,0.000327,0.994489
454,1,0.000940,0.003242,0.995818
455,0,0.004227,0.000269,0.995504
456,1,0.000981,0.000320,0.998699
457,0,0.000518,0.000389,0.999093
458,1,0.990591,0.000750,0.008659
459,0,0.000667,0.000340,0.998993
460,0,0.005780,0.000266,0.993954
461,0,0.000778,0.000306,0.998916
462,0,0.000620,0.000340,0.999040
463,1,0.921029,0.000820,0.078151
464,1,0.662780,0.255739,0.081481
465,1,0.001308,0.005775,0.992917
466,1,0.006188,0.003557,0.990254
467,0,0.000724,0.000331,0.998945
468,0,0.001103,0.000338,0.998559
469,1,0.962789,0.000561,0.036650
470,1,0.932404,0.001135,0.066461
471,1,0.003445,0.000251,0.996304
472,1,0.658143,0.000925,0.340932
473,0,0.219530,0.000726,0.779744
474,1,0.001012,0.000298,0.998690
475,0,0.000653,0.000349,0.998998
476,1,0.173120,0.785247,0.041633
477,0,0.035937,0.288704,0.675359
478,0,0.000881,0.000294,0.998825
479,1,0.072287,0.005547,0.922166
480,1,0.997152,0.001723,0.001125
481,0,0.001051,0.000332,0.998617
482,0,0.294391,0.000838,0.704771
483,0,0.000578,0.000358,0.999064
484,1,0.997419,0.000939,0.001642
485,0,0.861680,0.000673,0.137647
486,1,0.992890,0.000690,0.006420
487,1,0.001063,0.000334,0.998603
488,1,0.000844,0.000308,0.998848
489,0,0.001946,0.000319,0.997735
490,0,0.004233,0.000279,0.995487
491,0,0.000787,0.000362,0.998851
492,1,0.995304,0.000797,0.003898
493,0,0.992430,0.000655,0.006915
494,0,0.849169,0.000706,0.150126
495,0,0.000645,0.000343,0.999012
496,1,0.006077,0.000296,0.993627
497,0,0.000544,0.000385,0.999071
498,0,0.000647,0.000341,0.999011
499,0,0.002031,0.000258,0.997711
500,0,0.000678,0.000329,0.998993
501,0,0.106635,0.000721,0.892644
502,0,0.000833,0.000310,0.998857
503,0,0.040852,0.000407,0.958741
504,1,0.946539,0.000869,0.052592
505,0,0.059008,0.000566,0.940426
506,1,0.000864,0.000300,0.998836
507,1,0.000598,0.000377,0.999024
508,1,0.001995,0.000317,0.997688
509,1,0.549056,0.427360,0.023584
510,1,0.388903,0.000946,0.610151
511,0,0.214033,0.000738,0.785229
512,0,0.000761,0.000328,0.998912
513,0,0.996767,0.000687,0.002546
514,1,0.000757,0.000315,0.998928
515,1,0.987177,0.000555,0.012268
516,1,0.005089,0.000256,0.994655
517,0,0.400597,0.000883,0.598519
518,1,0.498970,0.491257,0.009773
519,1,0.984872,0.000561,0.014567
520,1,0.000678,0.000336,0.998986
521,1,0.995902,0.000636,0.003462
522,1,0.001072,0.000367,0.998561
523,0,0.973460,0.000599,0.025941
524,1,0.865771,0.000930,0.133299
525,0,0.063166,0.000406,0.936428
526,1,0.599311,0.000775,0.399914
527,1,0.988205,0.000832,0.010964
528,1,0.314882,0.001163,0.683955
529,1,0.733916,0.002042,0.264042
530,0,0.018102,0.000299,0.981599
531,0,0.000614,0.000377,0.999009
532,1,0.008614,0.000545,0.990841
533,1,0.613429,0.001075,0.385496
534,0,0.000840,0.000317,0.998843
535,1,0.002105,0.008964,0.988931
536,1,0.858978,0.000708,0.140314
537,0,0.001305,0.000339,0.998356
538,0,0.007608,0.000320,0.992072
539,0,0.870053,0.000756,0.129191
540,1,0.996630,0.000842,0.002527
541,1,0.000552,0.000363,0.999085
542,1,0.984466,0.000575,0.014958
543,1,0.178733,0.460206,0.361061
544,1,0.989683,0.000733,0.009584
545,0,0.000753,0.000368,0.998879
546,1,0.021159,0.000352,0.978489
547,0,0.001929,0.000517,0.997554
548,0,0.556798,0.000964,0.442238
549,0,0.056607,0.000380,0.943012
550,0,0.001021,0.000501,0.998477
551,0,0.028416,0.000388,0.971197
552,1,0.167053,0.000659,0.832288
553,1,0.995809,0.000587,0.003604
554,1,0.000636,0.000338,0.999026
555,0,0.000983,0.000297,0.998720
556,0,0.000678,0.000347,0.998976
557,0,0.001019,0.000284,0.998697
558,1,0.001188,0.000299,0.998513
559,0,0.000817,0.000335,0.998847
560,0,0.004037,0.000372,0.995591
561,0,0.085954,0.000488,0.913558
562,0,0.005130,0.000247,0.994623
563,1,0.992778,0.003084,0.004138
564,1,0.001499,0.000421,0.998080
565,1,0.913167,0.001001,0.085833
566,1,0.021306,0.000354,0.978339
567,1,0.001158,0.000276,0.998566
568,0,0.454374,0.013173,0.532453
569,1,0.192231,0.000581,0.807188
570,0,0.001598,0.000272,0.998130
571,1,0.957694,0.000582,0.041724
572,0,0.000562,0.000375,0.999064
573,1,0.109369,0.000695,0.889937
574,0,0.039098,0.000906,0.959996
575,1,0.906840,0.000798,0.092362
576,0,0.000611,0.000341,0.999048
577,0,0.119258,0.000624,0.880118
578,1,0.666188,0.001116,0.332696
579,0,0.005065,0.000359,0.994576
580,0,0.896997,0.000686,0.102317
581,1,0.570346,0.000755,0.428900
582,1,0.002200,0.000419,0.997381
583,1,0.938043,0.000662,0.061295
584,1,0.703625,0.001891,0.294484
585,1,0.003929,0.000263,0.995807
586,0,0.004584,0.000278,0.995138
587,1,0.236627,0.000770,0.762603
588,0,0.000604,0.000372,0.999024
589,0,0.000727,0.000354,0.998919
590,1,0.959245,0.000677,0.040078
591,1,0.008151,0.000680,0.991168
592,1,0.001466,0.000291,0.998243
593,0,0.452247,0.001083,0.546670
594,1,0.046390,0.441819,0.511791
595,1,0.449962,0.532983,0.017055
596,1,0.576855,0.022810,0.400335
597,0,0.007512,0.000302,0.992186
598,0,0.001672,0.000260,0.998068
599,0,0.001636,0.000310,0.998054
600,0,0.018046,0.000404,0.981550
601,0,0.919003,0.000651,0.080346
602,1,0.958414,0.000691,0.040895
603,0,0.003417,0.000339,0.996244
604,0,0.003423,0.000344,0.996233
605,1,0.484004,0.000944,0.515051
606,0,0.000708,0.000350,0.998942
607,1,0.005370,0.000278,0.994352
608,1,0.101312,0.000588,0.898101
609,0,0.907733,0.000848,0.091418
610,0,0.486277,0.000846,0.512877
611,1,0.000730,0.001354,0.997916
612,0,0.000844,0.000341,0.998815
613,1,0.000648,0.000325,0.999027
614,0,0.004035,0.006102,0.989863
615,0,0.001979,0.000257,0.997764
616,1,0.915523,0.000761,0.083716
617,0,0.000766,0.000320,0.998914
618,0,0.000551,0.000365,0.999084
619,0,0.000616,0.000379,0.999005
620,1,0.617157,0.000883,0.381960
621,1,0.000576,0.000367,0.999057
622,1,0.000663,0.000353,0.998984
623,1,0.989596,0.008878,0.001526
624,0,0.992167,0.000574,0.007259
625,1,0.001857,0.000300,0.997843
626,1,0.003437,0.006179,0.990384
627,0,0.000641,0.000336,0.999023
628,1,0.996082,0.000677,0.003241
629,1,0.943749,0.000731,0.055520
630,0,0.000795,0.000337,0.998868
631,0,0.000918,0.000371,0.998712
632,1,0.609699,0.001109,0.389192
633,1,0.000800,0.000317,0.998883
634,0,0.008206,0.002130,0.989664
635,0,0.002114,0.000329,0.997557
636,0,0.015189,0.001629,0.983181
637,0,0.000708,0.000953,0.998339
638,0,0.016803,0.000423,0.982774
639,1,0.946794,0.000823,0.052382
640,0,0.000525,0.000382,0.999094
641,1,0.460163,0.375053,0.164783
642,1,0.021229,0.341165,0.637606
643,1,0.940311,0.000567,0.059122
644,1,0.995934,0.000630,0.003435
645,1,0.001358,0.000284,0.998358
646,1,0.256424,0.001417,0.742159
647,1,0.978521,0.000567,0.020912
648,0,0.023046,0.000486,0.976468
649,0,0.935429,0.000681,0.063890
650,0,0.000555,0.000388,0.999057
651,0,0.957778,0.000539,0.041682
652,1,0.000691,0.000344,0.998966
653,1,0.997207,0.000833,0.001960
654,0,0.000879,0.000312,0.998810
655,0,0.008744,0.000274,0.990981
656,0,0.762095,0.047906,0.189999
657,1,0.004010,0.000376,0.995614
658,1,0.001234,0.000324,0.998442
659,1,0.001930,0.000251,0.997820
660,0,0.000855,0.000301,0.998844
661,0,0.000907,0.000399,0.998695
662,1,0.002614,0.000271,0.997115
663,1,0.005284,0.020152,0.974564
664,0,0.415992,0.000915,0.583093
665,1,0.990893,0.000692,0.008414
666,1,0.090299,0.009051,0.900650
667,0,0.000788,0.000315,0.998897
668,0,0.902075,0.000625,0.097299
669,0,0.961476,0.000539,0.037985
670,0,0.000816,0.000308,0.998876
671,1,0.274094,0.000712,0.725194
672,1,0.761519,0.001087,0.237394
673,0,0.001008,0.000282,0.998710
674,0,0.074803,0.000421,0.924775
675,0,0.917427,0.000587,0.081986
676,0,0.002238,0.000243,0.997518
677,1,0.443340,0.543734,0.012926
678,0,0.042652,0.000375,0.956973
679,0,0.966326,0.000596,0.033078
680,1,0.001798,0.000279,0.997923
681,1,0.992988,0.002441,0.004572
682,0,0.003322,0.000276,0.996402
683,0,0.093246,0.000497,0.906257
684,0,0.961700,0.000600,0.037700
685,1,0.003934,0.000383,0.995683
686,1,0.001879,0.000260,0.997862
687,0,0.000747,0.000328,0.998925
688,0,0.000609,0.000356,0.999035
689,0,0.002221,0.000268,0.997511
690,0,0.550624,0.000903,0.448473
691,0,0.448241,0.001253,0.550506
692,0,0.793176,0.000773,0.206051
693,1,0.000641,0.000330,0.999029
694,1,0.000801,0.000344,0.998856
695,0,0.565613,0.001040,0.433347
696,0,0.000602,0.000353,0.999044
697,0,0.030194,0.000373,0.969433
698,1,0.091116,0.000486,0.908398
699,1,0.971308,0.000597,0.028095
700,0,0.000563,0.000366,0.999071
701,1,0.000888,0.000333,0.998779
702,0,0.692716,0.000734,0.306550
703,0,0.001031,0.000276,0.998694
704,1,0.997542,0.000825,0.001633
705,0,0.538084,0.000947,0.460969
706,0,0.001837,0.000296,0.997866
707,0,0.008982,0.000311,0.990707
708,1,0.573252,0.001100,0.425648
709,1,0.893026,0.000680,0.106293
710,0,0.576407,0.000826,0.422767
711,0,0.000549,0.000376,0.999075
712,1,0.996643,0.001097,0.002259
713,1,0.022133,0.000375,0.977492
714,1,0.970317,0.000839,0.028843
715,0,0.086413,0.000616,0.912971
716,0,0.000806,0.000304,0.998890
717,0,0.993984,0.000599,0.005417
718,1,0.002623,0.000276,0.997102
719,1,0.381477,0.000948,0.617575
720,1,0.938779,0.001183,0.060038
721,0,0.525573,0.000902,0.473525
722,0,0.000628,0.000358,0.999014
723,1,0.003975,0.000272,0.995753
724,0,0.000777,0.000308,0.998915
725,1,0.985829,0.000599,0.013573
726,1,0.208636,0.000624,0.790740
727,1,0.993631,0.000678,0.005691
728,1,0.859039,0.000737,0.140224
729,1,0.950654,0.001045,0.048301
730,1,0.957629,0.000526,0.041845
731,1,0.948568,0.000640,0.050792
732,1,0.995925,0.000609,0.003466
733,1,0.818003,0.000866,0.181131
734,1,0.991450,0.000753,0.007797
735,1,0.000721,0.000350,0.998928
736,0,0.000739,0.000326,0.998936
737,0,0.299821,0.000726,0.699453
738,0,0.002072,0.000272,0.997655
739,1,0.955835,0.000681,0.043484
740,1,0.995602,0.000645,0.003753
741,1,0.007873,0.000339,0.991789
742,1,0.996432,0.002695,0.000873
743,1,0.895204,0.000713,0.104083
744,1,0.863259,0.000733,0.136007
745,0,0.505318,0.001248,0.493434
746,0,0.000582,0.000361,0.999057
747,1,0.894308,0.000688,0.105004
748,1,0.144929,0.816697,0.038374
749,0,0.073816,0.000539,0.925645
750,0,0.001619,0.000283,0.998097
751,0,0.716333,0.000800,0.282867
752,1,0.982783,0.000547,0.016670
753,0,0.002043,0.000271,0.997686
754,0,0.099158,0.000525,0.900317
755,0,0.000901,0.000345,0.998754
756,0,0.069200,0.000493,0.930307
757,0,0.000586,0.000363,0.999051
758,0,0.513877,0.361686,0.124438
759,0,0.000629,0.000350,0.999021
760,1,0.996399,0.000654,0.002947
761,1,0.000788,0.000357,0.998855
762,0,0.000562,0.000371,0.999067
763,0,0.706183,0.001142,0.292675
764,0,0.000950,0.000296,0.998754
765,0,0.017961,0.000614,0.981425
766,0,0.971549,0.000643,0.027808
767,1,0.996629,0.000815,0.002555
768,1,0.287866,0.000694,0.711440
769,0,0.001442,0.000314,0.998244
770,0,0.021367,0.000441,0.978193
771,1,0.000543,0.000387,0.999070
772,1,0.000653,0.000338,0.999008
773,0,0.000938,0.000300,0.998762
774,0,0.000643,0.000346,0.999011
775,0,0.089433,0.448415,0.462152
776,0,0.000563,0.000366,0.999071
777,0,0.000870,0.000318,0.998812
778,1,0.984794,0.000567,0.014639
779,0,0.000608,0.000363,0.999029
780,1,0.373993,0.000852,0.625155
781,0,0.000727,0.000322,0.998951
782,0,0.001060,0.000286,0.998653
783,0,0.002643,0.000300,0.997058
784,0,0.001001,0.000282,0.998717
785,0,0.927163,0.000957,0.071880
786,1,0.001815,0.000286,0.997900
787,0,0.994240,0.000550,0.005210
788,1,0.973284,0.001184,0.025532
789,1,0.108783,0.000824,0.890393
790,1,0.591550,0.385500,0.022950
791,1,0.401532,0.000766,0.597703
792,0,0.978888,0.000575,0.020537
793,1,0.969205,0.000581,0.030215
794,0,0.996894,0.000871,0.002235
795,1,0.942937,0.000575,0.056488
796,1,0.983660,0.000529,0.015810
797,0,0.000741,0.000357,0.998902
798,0,0.000661,0.000344,0.998995
799,1,0.009373,0.000312,0.990314
800,0,0.001189,0.000318,0.998493
801,1,0.100766,0.004201,0.895033
802,1,0.917790,0.000744,0.081466
803,1,0.932387,0.000594,0.067019
804,1,0.522066,0.007843,0.470091
805,1,0.665216,0.000880,0.333904
806,1,0.070906,0.000421,0.928674
807,1,0.814860,0.000926,0.184214
808,1,0.993058,0.000541,0.006401
809,1,0.995351,0.000604,0.004045
810,1,0.983251,0.000515,0.016234
811,1,0.000700,0.000360,0.998940
812,1,0.105067,0.000743,0.894190
813,1,0.127425,0.000658,0.871917
814,1,0.701311,0.000766,0.297923
815,1,0.961183,0.000610,0.038206
816,0,0.064186,0.000505,0.935309
817,0,0.080587,0.000717,0.918696
818,1,0.001519,0.000266,0.998216
819,1,0.986776,0.000600,0.012624
820,0,0.001311,0.000274,0.998415
821,1,0.991279,0.000673,0.008048
822,1,0.003244,0.000260,0.996496
823,1,0.462538,0.000926,0.536536
824,1,0.309270,0.001137,0.689593
825,1,0.000806,0.000337,0.998857
826,1,0.718933,0.003162,0.277905
827,0,0.004878,0.021235,0.973887
828,1,0.982001,0.000625,0.017373
829,0,0.001302,0.000280,0.998419
830,1,0.991383,0.000585,0.008033
831,0,0.000598,0.000372,0.999030
832,1,0.144950,0.001064,0.853987
833,1,0.040480,0.000432,0.959089
834,0,0.001314,0.000285,0.998401
835,1,0.997156,0.000710,0.002134
836,1,0.005227,0.000288,0.994485
837,1,0.973064,0.000577,0.026359
838,1,0.997495,0.000829,0.001676
839,1,0.074936,0.000842,0.924222
840,1,0.533035,0.000858,0.466107
841,1,0.986917,0.000556,0.012527
842,1,0.996112,0.000600,0.003288
843,0,0.013902,0.002083,0.984015
844,1,0.301007,0.000833,0.698159
845,1,0.992877,0.000548,0.006576
846,0,0.019224,0.000362,0.980414
847,0,0.938771,0.000935,0.060293
848,0,0.995103,0.000619,0.004278
849,0,0.001441,0.000268,0.998291
850,0,0.033768,0.000353,0.965878
851,1,0.001032,0.000282,0.998686
852,0,0.021825,0.000386,0.977789
853,0,0.000626,0.000347,0.999027
854,0,0.018502,0.000406,0.981092
855,0,0.000557,0.000406,0.999037
856,0,0.000901,0.000318,0.998781
857,0,0.002530,0.000234,0.997236
858,0,0.208835,0.000913,0.790252
859,1,0.995412,0.000941,0.003647
860,0,0.000757,0.000371,0.998871
861,1,0.000540,0.000382,0.999079
862,1,0.000853,0.000378,0.998769
863,0,0.010971,0.000550,0.988480
864,0,0.001248,0.000275,0.998477
865,1,0.980094,0.000532,0.019375
866,1,0.000586,0.000436,0.998978
867,0,0.002450,0.000336,0.997214
868,0,0.000669,0.000330,0.999001
869,0,0.000859,0.000349,0.998793
870,1,0.510091,0.000950,0.488959
871,1,0.000638,0.000352,0.999011
872,1,0.974092,0.008259,0.017649
873,1,0.001175,0.000481,0.998344
874,1,0.000606,0.000362,0.999032
875,0,0.001484,0.000270,0.998246
876,1,0.001761,0.000272,0.997967
877,1,0.985113,0.000770,0.014117
878,1,0.000937,0.000298,0.998765
879,0,0.000692,0.000331,0.998976
880,0,0.000868,0.000331,0.998800
881,0,0.001424,0.000360,0.998216
882,1,0.009646,0.000328,0.990026
883,0,0.000762,0.000372,0.998865
884,1,0.991542,0.000530,0.007927
885,0,0.000674,0.000357,0.998970
886,1,0.954095,0.000628,0.045276
887,0,0.001545,0.000352,0.998102
888,0,0.000736,0.000349,0.998915
889,0,0.974612,0.000728,0.024660
890,0,0.001929,0.000517,0.997554
891,0,0.000691,0.000353,0.998956
892,0,0.000715,0.000323,0.998962
893,1,0.990511,0.000601,0.008889
894,0,0.002278,0.000328,0.997394
895,0,0.000633,0.000342,0.999025
896,0,0.001409,0.000258,0.998333
897,0,0.002115,0.000273,0.997612
898,0,0.537370,0.000737,0.461893
899,0,0.022465,0.000307,0.977228
900,1,0.306500,0.000833,0.692668
901,0,0.186703,0.000688,0.812609
902,0,0.599128,0.000972,0.399900
903,0,0.995736,0.000626,0.003638
904,0,0.001915,0.000261,0.997823
905,0,0.000846,0.000290,0.998864
906,0,0.000549,0.000369,0.999082
907,0,0.996076,0.000717,0.003207
908,1,0.992508,0.000549,0.006943
909,0,0.000586,0.000355,0.999059
910,0,0.926889,0.000595,0.072516
911,0,0.112290,0.000652,0.887057
912,1,0.035097,0.000373,0.964531
913,0,0.909232,0.000645,0.090123
914,0,0.000574,0.000368,0.999058
915,1,0.138593,0.000545,0.860861
916,1,0.986052,0.000951,0.012997
917,1,0.690793,0.000805,0.308402
918,0,0.000788,0.000343,0.998870
919,1,0.189265,0.001545,0.809189
920,1,0.601720,0.006059,0.392221
921,0,0.000578,0.000359,0.999063
922,0,0.001315,0.000285,0.998400
923,0,0.014331,0.000290,0.985379
924,0,0.171970,0.000601,0.827429
925,1,0.078835,0.000436,0.920729
926,0,0.000810,0.000330,0.998860
927,1,0.997475,0.000916,0.001609
928,0,0.000676,0.000338,0.998986
929,0,0.001226,0.000284,0.998490
930,0,0.000733,0.000367,0.998900
931,1,0.135308,0.000724,0.863968
932,0,0.002555,0.000240,0.997206
933,0,0.000623,0.000360,0.999018
934,1,0.043104,0.046238,0.910657
935,1,0.815560,0.002546,0.181893
936,0,0.261238,0.000947,0.737815
937,0,0.112741,0.000640,0.886619
938,0,0.001262,0.000268,0.998470
939,0,0.012822,0.000396,0.986782
940,0,0.000581,0.000364,0.999056
941,0,0.879008,0.000762,0.120230
942,0,0.000903,0.000307,0.998790
943,1,0.978717,0.000585,0.020699
944,0,0.000874,0.000301,0.998825
945,1,0.992453,0.000542,0.007005
946,1,0.242448,0.671699,0.085853
947,1,0.001399,0.000338,0.998263
948,0,0.000684,0.000364,0.998952
949,0,0.001131,0.000307,0.998562
950,1,0.001443,0.000447,0.998110
951,1,0.319280,0.001317,0.679403
952,0,0.000846,0.000342,0.998812
953,1,0.002238,0.000249,0.997513
954,1,0.094308,0.014114,0.891578
955,0,0.000979,0.000491,0.998530
956,1,0.008354,0.019806,0.971840
957,0,0.020810,0.000934,0.978256
958,0,0.008693,0.001147,0.990160
959,0,0.000738,0.000338,0.998924
960,0,0.000849,0.000313,0.998838
961,0,0.005065,0.000258,0.994677
962,0,0.984153,0.000709,0.015138
963,0,0.438378,0.000819,0.560803
964,1,0.578752,0.000872,0.420376
965,0,0.116267,0.000723,0.883010
966,0,0.107940,0.000569,0.891491
967,0,0.001740,0.000270,0.997990
968,0,0.003927,0.000249,0.995824
969,0,0.001263,0.000285,0.998451
970,0,0.000568,0.000366,0.999065
971,0,0.000674,0.000358,0.998968
972,0,0.001120,0.000299,0.998581
973,1,0.992026,0.000580,0.007394
974,0,0.989174,0.000550,0.010276
975,0,0.007779,0.000301,0.991920
976,0,0.024758,0.000359,0.974883
977,1,0.997350,0.001026,0.001625
978,1,0.002164,0.000282,0.997554
979,1,0.000693,0.000392,0.998915
980,0,0.028212,0.000467,0.971321
981,1,0.947127,0.000628,0.052245
982,0,0.001605,0.000429,0.997966
983,1,0.953563,0.000685,0.045752
984,0,0.520078,0.001014,0.478908
985,1,0.786051,0.000880,0.213069
986,1,0.002906,0.001156,0.995938
987,1,0.000690,0.000386,0.998924
988,1,0.988422,0.000577,0.011001
989,0,0.000540,0.000381,0.999079
990,0,0.973182,0.000659,0.026159
991,0,0.000887,0.000300,0.998813
992,1,0.994300,0.000774,0.004926
993,1,0.000674,0.000323,0.999003
994,1,0.166715,0.688823,0.144463
995,1,0.974136,0.000643,0.025220
996,0,0.021214,0.000433,0.978353
997,0,0.006190,0.000324,0.993486
998,1,0.987258,0.000550,0.012193
999,1,0.968462,0.001267,0.030270
1000,1,0.988496,0.000662,0.010842
1001,1,0.947782,0.000798,0.051421
1002,1,0.950306,0.001108,0.048586
1003,0,0.554797,0.000981,0.444221
1004,1,0.980232,0.000548,0.019220
1005,0,0.986667,0.000551,0.012782
1006,1,0.001764,0.000255,0.997981
1007,1,0.780762,0.005592,0.213646
1008,0,0.000975,0.000295,0.998730
1009,0,0.048949,0.000467,0.950583
1010,1,0.045872,0.001312,0.952815
1011,0,0.005509,0.000273,0.994217
1012,0,0.008397,0.000288,0.991315
1013,0,0.012386,0.000376,0.987237
1014,1,0.888705,0.000713,0.110581
1015,1,0.484702,0.491609,0.023689
1016,1,0.764449,0.001213,0.234338
1017,1,0.613499,0.000916,0.385585
1018,1,0.886737,0.000989,0.112275
1019,0,0.005119,0.000693,0.994187
1020,0,0.990078,0.000506,0.009416
1021,1,0.188944,0.000713,0.810342
1022,0,0.000922,0.000464,0.998615
1023,1,0.001941,0.000315,0.997744
1024,1,0.894782,0.000629,0.104588
1025,1,0.997415,0.001558,0.001027
1026,1,0.994895,0.000616,0.004489
1027,1,0.000998,0.000315,0.998687
1028,1,0.979060,0.000568,0.020371
1029,1,0.995754,0.000624,0.003622
1030,0,0.612428,0.000808,0.386764
1031,1,0.899608,0.000725,0.099667
1032,1,0.001158,0.000283,0.998560
1033,0,0.676562,0.000788,0.322650
1034,1,0.978293,0.000597,0.021109
1035,0,0.000780,0.000347,0.998873
1036,1,0.581982,0.000952,0.417066
1037,0,0.002694,0.000256,0.997050
1038,1,0.926074,0.000777,0.073149
1039,1,0.082044,0.000475,0.917481
1040,1,0.997534,0.000803,0.001663
1041,1,0.838427,0.000712,0.160861
1042,1,0.841197,0.000704,0.158100
1043,0,0.000856,0.000313,0.998831
1044,1,0.943499,0.000635,0.055866
1045,1,0.498733,0.000751,0.500516
1046,1,0.560438,0.412689,0.026873
1047,1,0.002762,0.000237,0.997001
1048,0,0.000666,0.000325,0.999009
1049,0,0.944015,0.000613,0.055371
1050,0,0.001057,0.000313,0.998630
1051,0,0.000639,0.000365,0.998996
1052,0,0.003694,0.000312,0.995993
1053,1,0.000591,0.000388,0.999021
1054,0,0.022657,0.003472,0.973871
1055,0,0.000871,0.000333,0.998796
1056,1,0.975907,0.000699,0.023394
1057,0,0.000675,0.000329,0.998996
1058,0,0.000516,0.000383,0.999101
1059,0,0.000565,0.000360,0.999075
1060,0,0.000736,0.000311,0.998953
1061,0,0.914602,0.000774,0.084624
1062,1,0.987870,0.009832,0.002299
1063,0,0.589966,0.001103,0.408931
1064,0,0.001866,0.000417,0.997716
1065,0,0.000790,0.000330,0.998880
1066,0,0.889699,0.000929,0.109372
1067,0,0.001309,0.000275,0.998417
1068,0,0.000832,0.000374,0.998794
1069,1,0.695591,0.001044,0.303365
1070,1,0.000591,0.000401,0.999009
1071,1,0.067211,0.002282,0.930506
1072,0,0.002801,0.000319,0.996880
1073,0,0.977850,0.000597,0.021553
1074,0,0.001522,0.000288,0.998189
1075,1,0.025509,0.000380,0.974111
1076,1,0.031890,0.791661,0.176449
1077,0,0.691464,0.000939,0.307597
1078,0,0.000630,0.000372,0.998998
1079,0,0.001054,0.000379,0.998567
1080,0,0.002921,0.000395,0.996684
1081,0,0.000689,0.000363,0.998948
1082,0,0.014649,0.000347,0.985004
1083,0,0.967883,0.000608,0.031509
1084,1,0.825020,0.000732,0.174248
1085,0,0.000891,0.000302,0.998808
1086,0,0.000783,0.000319,0.998898
1087,1,0.448987,0.035449,0.515564
1088,1,0.008068,0.004970,0.986962
1089,1,0.246436,0.000805,0.752759
1090,0,0.704289,0.000749,0.294963
1091,0,0.004335,0.000301,0.995365
1092,0,0.001013,0.000351,0.998636
1093,0,0.940893,0.000552,0.058555
1094,0,0.000903,0.000307,0.998790
1095,0,0.606108,0.003743,0.390149
1096,0,0.001092,0.000296,0.998613
1097,1,0.001661,0.000269,0.998070
1098,0,0.006695,0.000271,0.993034
1099,0,0.983316,0.000548,0.016135
1100,1,0.997690,0.001232,0.001079
1101,1,0.000779,0.000328,0.998893
1102,1,0.984224,0.000612,0.015164
1103,1,0.870082,0.034342,0.095576
1104,1,0.965670,0.000655,0.033675
1105,0,0.000939,0.000315,0.998746
1106,1,0.281021,0.000898,0.718081
1107,1,0.815103,0.001351,0.183545
1108,1,0.832826,0.005533,0.161641
1109,1,0.002882,0.000264,0.996854
1110,0,0.000553,0.000387,0.999061
1111,0,0.452979,0.001139,0.545882
1112,1,0.442661,0.000884,0.556455
1113,1,0.113409,0.001305,0.885286
1114,1,0.000799,0.000381,0.998820
1115,0,0.001446,0.000667,0.997888
1116,1,0.000721,0.000387,0.998892
1117,1,0.061357,0.001926,0.936716
1118,0,0.993723,0.000613,0.005664
1119,0,0.002772,0.000335,0.996894
1120,1,0.981144,0.000623,0.018234
1121,0,0.000779,0.000328,0.998893
1122,1,0.992172,0.000539,0.007289
1123,1,0.997614,0.000934,0.001452
1124,1,0.994791,0.003788,0.001421
1125,1,0.538699,0.000821,0.460480
1126,1,0.015687,0.001185,0.983128
1127,1,0.956740,0.000661,0.042599
1128,1,0.705337,0.001414,0.293249
1129,1,0.001236,0.000276,0.998487
1130,1,0.008069,0.005970,0.985961
1131,1,0.972071,0.000591,0.027338
1132,1,0.992674,0.001385,0.005940
1133,0,0.001641,0.000256,0.998103
1134,1,0.460058,0.000790,0.539152
1135,1,0.997446,0.001631,0.000923
1136,1,0.027433,0.000348,0.972219
1137,1,0.973547,0.000569,0.025884
1138,1,0.039276,0.037899,0.922825
1139,1,0.000842,0.000333,0.998825
1140,0,0.000688,0.000361,0.998950
1141,0,0.000825,0.000313,0.998862
1142,0,0.002601,0.000245,0.997155
1143,0,0.003334,0.000250,0.996416
1144,0,0.004720,0.000306,0.994973
1145,0,0.013112,0.000282,0.986605
1146,1,0.360431,0.000720,0.638849
1147,0,0.094778,0.000648,0.904574
1148,0,0.004598,0.000269,0.995133
1149,0,0.115580,0.000565,0.883855
1150,0,0.003253,0.000250,0.996497
1151,0,0.965678,0.000795,0.033527
1152,0,0.000930,0.007819,0.991251
1153,0,0.000583,0.000360,0.999058
1154,0,0.003222,0.000560,0.996218
1155,1,0.365529,0.617013,0.017458
1156,0,0.000719,0.000307,0.998974
1157,0,0.983875,0.000573,0.015552
1158,0,0.000765,0.000375,0.998860
1159,1,0.812622,0.000891,0.186487
1160,1,0.987573,0.000633,0.011794
1161,1,0.006556,0.000272,0.993171
1162,0,0.479615,0.000998,0.519387
1163,1,0.001106,0.000275,0.998620
1164,1,0.001141,0.000706,0.998153
1165,1,0.000562,0.000436,0.999002
1166,1,0.090076,0.001230,0.908694
1167,1,0.502086,0.001015,0.496899
1168,1,0.845300,0.001020,0.153679
1169,1,0.004179,0.000318,0.995503
1170,0,0.008333,0.000353,0.991314
1171,1,0.993971,0.000635,0.005394
1172,1,0.964666,0.000594,0.034740
1173,1,0.954753,0.000621,0.044626
1174,0,0.840432,0.000863,0.158705
1175,0,0.001356,0.000264,0.998380
1176,0,0.207323,0.000827,0.791850
1177,0,0.001676,0.000266,0.998057
1178,0,0.000670,0.000324,0.999006
1179,1,0.995798,0.000719,0.003482
1180,1,0.526671,0.001207,0.472122
1181,1,0.972161,0.000636,0.027204
1182,0,0.000564,0.000367,0.999069
1183,1,0.001840,0.000309,0.997851
1184,1,0.272468,0.000953,0.726580
1185,0,0.543558,0.001053,0.455389
1186,0,0.000571,0.000362,0.999067
1187,0,0.000561,0.000362,0.999076
1188,0,0.009689,0.000329,0.989982
1189,0,0.000553,0.000372,0.999075
1190,1,0.004828,0.000279,0.994892
1191,1,0.101835,0.000477,0.897688
1192,0,0.000528,0.000431,0.999040
1193,0,0.006267,0.000434,0.993299
1194,1,0.995455,0.000673,0.003872
1195,1,0.037417,0.000953,0.961630
1196,1,0.504326,0.001105,0.494569
1197,0,0.000554,0.000383,0.999063
1198,0,0.000951,0.000561,0.998487
1199,1,0.476525,0.000841,0.522635
1200,0,0.001825,0.000303,0.997872
1201,0,0.192965,0.000702,0.806333
1202,1,0.996642,0.000709,0.002648
1203,1,0.000735,0.000338,0.998927
1204,1,0.002628,0.000261,0.997112
1205,0,0.994040,0.000774,0.005186
1206,1,0.001646,0.000332,0.998022
1207,1,0.000962,0.000313,0.998726
1208,1,0.167170,0.000722,0.832107
1209,1,0.472212,0.000708,0.527080
1210,1,0.986928,0.000526,0.012545
1211,1,0.912302,0.000707,0.086991
1212,1,0.000812,0.000303,0.998886
1213,1,0.061086,0.800087,0.138828
1214,1,0.001598,0.000278,0.998124
1215,0,0.963126,0.000581,0.036292
1216,0,0.000714,0.000368,0.998918
1217,1,0.816342,0.001132,0.182526
1218,0,0.001372,0.000295,0.998333
1219,0,0.000596,0.000400,0.999004
1220,0,0.000966,0.000298,0.998736
1221,1,0.979106,0.000566,0.020328
1222,0,0.000539,0.000379,0.999083
1223,0,0.000798,0.000365,0.998837
1224,0,0.607359,0.001057,0.391583
1225,1,0.938333,0.000926,0.060741
1226,0,0.995112,0.000607,0.004281
1227,1,0.094963,0.807832,0.097205
1228,0,0.000707,0.000331,0.998962
1229,1,0.053477,0.000438,0.946084
1230,1,0.625751,0.219112,0.155137
1231,0,0.000750,0.000336,0.998914
1232,0,0.000709,0.000325,0.998965
1233,1,0.936983,0.000679,0.062338
1234,0,0.001823,0.000300,0.997877
1235,0,0.001380,0.001147,0.997473
1236,0,0.127435,0.000659,0.871907
1237,0,0.000707,0.000338,0.998955
1238,0,0.001344,0.000285,0.998372
1239,0,0.001184,0.000372,0.998444
1240,1,0.945967,0.000697,0.053336
1241,0,0.000612,0.000373,0.999015
1242,0,0.002742,0.000368,0.996890
1243,0,0.001511,0.000302,0.998187
1244,0,0.001853,0.001051,0.997095
1245,0,0.850829,0.000931,0.148240
1246,1,0.041005,0.001110,0.957885
1247,0,0.000594,0.000372,0.999034
1248,0,0.000803,0.000312,0.998885
1249,0,0.000603,0.000377,0.999020
1250,0,0.995095,0.001170,0.003735
1251,0,0.000636,0.000339,0.999025
1252,0,0.197515,0.000670,0.801816
1253,0,0.001064,0.000425,0.998511
1254,0,0.000962,0.000341,0.998697
1255,0,0.001162,0.000302,0.998536
1256,0,0.001578,0.000418,0.998004
1257,0,0.000964,0.000380,0.998656
1258,1,0.122910,0.000646,0.876443
1259,0,0.008841,0.004745,0.986414
1260,0,0.003535,0.000593,0.995872
1261,0,0.992837,0.000587,0.006576
1262,0,0.014468,0.000927,0.984605
1263,0,0.000610,0.000361,0.999029
1264,0,0.004601,0.001074,0.994325
1265,0,0.002580,0.000410,0.997010
1266,0,0.981312,0.000544,0.018144
1267,1,0.397565,0.578694,0.023741
1268,0,0.001557,0.000276,0.998168
1269,0,0.003169,0.000250,0.996581
1270,0,0.714051,0.001151,0.284798
1271,1,0.969628,0.000587,0.029786
1272,0,0.000646,0.000330,0.999023
1273,0,0.002197,0.000254,0.997549
1274,0,0.531760,0.000829,0.467411
1275,0,0.000767,0.000312,0.998921
1276,0,0.000641,0.000376,0.998982
1277,0,0.000732,0.000346,0.998923
1278,0,0.004740,0.000274,0.994986
1279,0,0.003199,0.000253,0.996548
1280,0,0.000583,0.000364,0.999053
1281,0,0.000900,0.000335,0.998764
1282,0,0.036959,0.000364,0.962677
1283,0,0.000600,0.000354,0.999046
1284,0,0.000662,0.000336,0.999002
1285,0,0.000861,0.000375,0.998765
1286,0,0.156243,0.000639,0.843118
1287,0,0.000521,0.000399,0.999081
1288,1,0.010412,0.000303,0.989285
1289,1,0.000660,0.000365,0.998975
1290,1,0.949200,0.000607,0.050192
1291,0,0.107939,0.000548,0.891514
1292,0,0.000885,0.000308,0.998807
1293,1,0.001448,0.000334,0.998218
1294,0,0.001143,0.000289,0.998568
1295,0,0.001768,0.000435,0.997797
1296,1,0.372760,0.000948,0.626292
1297,1,0.545702,0.142887,0.311411
1298,1,0.000789,0.000341,0.998870
1299,1,0.001890,0.000333,0.997777
1300,0,0.001323,0.000329,0.998348
1301,0,0.004059,0.000259,0.995682
1302,1,0.001515,0.000327,0.998158
1303,0,0.992262,0.000661,0.007077
1304,0,0.003364,0.004150,0.992485
1305,1,0.052305,0.000509,0.947186
1306,1,0.721285,0.001542,0.277173
1307,1,0.498775,0.001695,0.499530
1308,1,0.036544,0.000529,0.962927
1309,0,0.172130,0.708002,0.119868
1310,1,0.858516,0.000629,0.140854
1311,0,0.000922,0.000496,0.998582
1312,1,0.009703,0.055908,0.934389
1313,1,0.035401,0.000490,0.964109
1314,1,0.012455,0.000310,0.987235
1315,0,0.005805,0.000369,0.993826
1316,1,0.000879,0.000309,0.998813
1317,0,0.000576,0.000393,0.999031
1318,0,0.001444,0.000269,0.998286
1319,1,0.996949,0.000760,0.002291
1320,0,0.000850,0.000315,0.998835
1321,0,0.000602,0.000368,0.999030
1322,1,0.995106,0.000599,0.004295
1323,1,0.004034,0.000361,0.995605
1324,0,0.952193,0.000579,0.047228
1325,0,0.800823,0.000924,0.198253
1326,1,0.263521,0.710342,0.026137
1327,1,0.001529,0.000252,0.998218
1328,1,0.997378,0.001076,0.001546
1329,1,0.142294,0.073357,0.784349
1330,0,0.003416,0.000254,0.996331
1331,0,0.001126,0.000287,0.998587
1332,0,0.001813,0.000250,0.997937
1333,1,0.034232,0.004870,0.960897
1334,1,0.993777,0.000546,0.005677
1335,0,0.000876,0.000371,0.998753
1336,0,0.002342,0.000248,0.997410
1337,1,0.002140,0.000327,0.997532
1338,0,0.001203,0.000410,0.998387
1339,0,0.000553,0.000404,0.999042
1340,0,0.000745,0.000318,0.998937
1341,1,0.015393,0.000326,0.984281
1342,0,0.562161,0.000931,0.436908
1343,1,0.990105,0.000811,0.009085
1344,0,0.000650,0.000359,0.998992
1345,0,0.001013,0.000318,0.998668
1346,0,0.000586,0.000382,0.999032
1347,0,0.000591,0.000358,0.999050
1348,1,0.978305,0.000597,0.021097
1349,0,0.109657,0.000733,0.889610
1350,0,0.000538,0.000384,0.999079
1351,0,0.000734,0.000328,0.998938
1352,1,0.993480,0.000557,0.005963
1353,1,0.047305,0.040828,0.911868
1354,0,0.000620,0.000379,0.999002
1355,1,0.008139,0.000275,0.991586
1356,1,0.055338,0.499363,0.445299
1357,1,0.000725,0.000315,0.998960
1358,0,0.019896,0.000380,0.979724
1359,0,0.014129,0.002591,0.983279
1360,1,0.102202,0.000508,0.897290
1361,1,0.938657,0.000687,0.060657
1362,0,0.001059,0.000311,0.998630
1363,0,0.001232,0.000412,0.998356
1364,0,0.002237,0.000501,0.997261
1365,1,0.067240,0.000675,0.932085
1366,1,0.000882,0.000304,0.998813
1367,0,0.000694,0.000368,0.998939
1368,0,0.655325,0.000883,0.343791
1369,0,0.000910,0.000332,0.998757
1370,0,0.000866,0.000446,0.998688
1371,1,0.000906,0.000315,0.998779
1372,1,0.600688,0.000905,0.398407
1373,1,0.001598,0.000290,0.998112
1374,1,0.022422,0.001896,0.975682
1375,0,0.001156,0.000266,0.998577
1376,0,0.000560,0.000367,0.999074
1377,1,0.000945,0.000318,0.998737
1378,1,0.527306,0.000986,0.471708
1379,1,0.000701,0.000316,0.998984
1380,1,0.000679,0.000367,0.998954
1381,1,0.338025,0.000829,0.661146
1382,1,0.050420,0.000468,0.949112
1383,1,0.000622,0.000342,0.999037
1384,0,0.978409,0.000573,0.021017
1385,0,0.910923,0.000672,0.088405
1386,0,0.000538,0.000398,0.999064
1387,1,0.089660,0.824176,0.086164
1388,0,0.000574,0.000360,0.999066
1389,0,0.851325,0.001013,0.147662
1390,1,0.927599,0.002376,0.070025
1391,1,0.973875,0.000554,0.025571
1392,0,0.353985,0.000880,0.645135
1393,1,0.996454,0.001960,0.001587
1394,1,0.228111,0.000993,0.770897
1395,0,0.001483,0.000251,0.998265
1396,1,0.001544,0.000313,0.998142
1397,0,0.001445,0.000259,0.998296
1398,1,0.008985,0.000319,0.990696
1399,1,0.994297,0.000564,0.005138
1400,1,0.925564,0.000798,0.073637
1401,0,0.003541,0.000257,0.996202
1402,0,0.199456,0.000991,0.799553
1403,0,0.001404,0.000323,0.998273
1404,1,0.008169,0.000289,0.991543
1405,0,0.000622,0.000362,0.999016
1406,1,0.028965,0.000595,0.970440
1407,0,0.000607,0.000391,0.999001
1408,1,0.460410,0.508186,0.031405
1409,1,0.994981,0.000671,0.004348
1410,1,0.992758,0.000555,0.006688
1411,0,0.040515,0.000435,0.959050
1412,0,0.000596,0.000350,0.999054
1413,1,0.000909,0.000310,0.998781
1414,0,0.000669,0.000353,0.998978
1415,1,0.057966,0.000686,0.941348
1416,1,0.997325,0.000973,0.001702
1417,1,0.000548,0.000403,0.999049
1418,1,0.269827,0.000891,0.729282
1419,1,0.005827,0.000325,0.993848
1420,1,0.995534,0.000631,0.003835
1421,1,0.996719,0.000656,0.002625
1422,0,0.990311,0.000526,0.009163
1423,0,0.000659,0.000349,0.998992
1424,1,0.005713,0.000327,0.993959
1425,0,0.011722,0.000288,0.987990
1426,0,0.000868,0.000333,0.998799
1427,1,0.609413,0.000799,0.389788
1428,0,0.000908,0.000425,0.998668
1429,1,0.921209,0.000684,0.078107
1430,1,0.993007,0.000579,0.006414
1431,1,0.570325,0.001010,0.428665
1432,1,0.952787,0.000665,0.046549
1433,0,0.000718,0.000333,0.998949
1434,0,0.134745,0.000596,0.864659
1435,1,0.996013,0.000730,0.003257
1436,1,0.013579,0.000307,0.986115
1437,1,0.996263,0.000778,0.002959
1438,0,0.000671,0.000334,0.998995
1439,0,0.469878,0.000861,0.529260
1440,1,0.144241,0.000634,0.855124
1441,1,0.574877,0.002449,0.422673
1442,0,0.005791,0.000503,0.993706
1443,0,0.004639,0.000749,0.994613
1444,1,0.896857,0.030038,0.073105
1445,1,0.674813,0.000730,0.324457
1446,1,0.098430,0.413080,0.488491
1447,1,0.618440,0.277474,0.104087
1448,1,0.000690,0.000338,0.998972
1449,0,0.000589,0.000380,0.999030
1450,1,0.694372,0.001085,0.304543
1451,0,0.012328,0.000305,0.987367
1452,1,0.968631,0.000553,0.030816
1453,1,0.941684,0.000752,0.057564
1454,1,0.032585,0.000461,0.966955
1455,1,0.071886,0.000451,0.927663
1456,0,0.000839,0.000324,0.998837
1457,0,0.013591,0.000365,0.986044
1458,0,0.662225,0.000807,0.336968
1459,1,0.969508,0.000585,0.029906
1460,1,0.288199,0.000828,0.710973
1461,0,0.001467,0.000669,0.997864
1462,1,0.997296,0.000967,0.001738
1463,0,0.014814,0.000392,0.984795
1464,1,0.943162,0.000636,0.056202
1465,1,0.005382,0.000245,0.994373
1466,1,0.947461,0.000613,0.051926
1467,0,0.216938,0.000875,0.782188
1468,1,0.598460,0.000915,0.400624
1469,1,0.001661,0.000402,0.997937
1470,0,0.984015,0.000549,0.015436
1471,0,0.006077,0.000258,0.993665
1472,1,0.997323,0.000864,0.001813
1473,1,0.895485,0.000657,0.103857
1474,0,0.000753,0.000312,0.998935
1475,0,0.002105,0.000284,0.997612
1476,1,0.531303,0.000774,0.467923
1477,0,0.000549,0.000376,0.999075
1478,0,0.000592,0.000377,0.999031
1479,0,0.000661,0.000357,0.998982
1480,0,0.303153,0.000728,0.696119
1481,0,0.000827,0.000345,0.998828
1482,0,0.000540,0.000384,0.999076
1483,1,0.987378,0.000590,0.012032
1484,0,0.010912,0.000557,0.988531
1485,0,0.000689,0.000373,0.998938
1486,1,0.001914,0.000251,0.997836
1487,0,0.053519,0.000598,0.945884
1488,0,0.931322,0.000563,0.068115
1489,0,0.000570,0.000356,0.999074
1490,1,0.029637,0.000904,0.969459
1491,0,0.110391,0.000756,0.888853
1492,1,0.001348,0.000266,0.998386
1493,0,0.001398,0.000284,0.998319
1494,1,0.741991,0.001115,0.256894
1495,1,0.132775,0.000665,0.866560
1496,0,0.005428,0.000337,0.994234
1497,0,0.856937,0.000648,0.142415
1498,0,0.008133,0.000339,0.991527
1499,1,0.000750,0.000487,0.998762
1500,1,0.845627,0.000969,0.153405
1501,0,0.020960,0.000627,0.978413
1502,0,0.991374,0.000664,0.007962
1503,1,0.000963,0.000318,0.998719
1504,1,0.306407,0.000838,0.692756
1505,0,0.000884,0.000355,0.998761
1506,0,0.961557,0.000670,0.037773
1507,0,0.000862,0.000332,0.998806
1508,0,0.617588,0.013662,0.368750
1509,1,0.139145,0.287123,0.573732
1510,1,0.002381,0.000256,0.997362
1511,0,0.994629,0.000621,0.004750
1512,1,0.002907,0.000324,0.996769
1513,0,0.000608,0.000383,0.999009
1514,0,0.001051,0.000332,0.998617
1515,0,0.008886,0.000324,0.990790
1516,0,0.107102,0.000464,0.892433
1517,0,0.000640,0.000394,0.998966
1518,0,0.005229,0.000365,0.994406
1519,1,0.010631,0.227057,0.762313
1520,1,0.187237,0.001387,0.811376
1521,0,0.899015,0.000833,0.100152
1522,0,0.000590,0.000349,0.999061
1523,0,0.000570,0.000355,0.999074
1524,0,0.000892,0.000326,0.998782
1525,0,0.000613,0.000353,0.999035
1526,0,0.000843,0.000304,0.998853
1527,0,0.000675,0.000341,0.998984
1528,0,0.000599,0.000362,0.999039
1529,0,0.000656,0.000359,0.998985
1530,0,0.000673,0.000350,0.998977
1531,0,0.001123,0.000336,0.998541
1532,0,0.054437,0.000499,0.945064
1533,1,0.023943,0.010040,0.966018
1534,0,0.000526,0.000390,0.999085
1535,1,0.988965,0.000500,0.010535
1536,1,0.997514,0.001088,0.001398
1537,1,0.411350,0.000798,0.587851
1538,1,0.994723,0.000562,0.004715
1539,1,0.980816,0.000542,0.018641
1540,1,0.040058,0.000574,0.959368
1541,0,0.391497,0.000971,0.607533
1542,0,0.000687,0.000346,0.998967
1543,0,0.008104,0.000299,0.991597
1544,0,0.024683,0.006764,0.968553
1545,0,0.140863,0.000526,0.858610
1546,0,0.000595,0.000352,0.999054
1547,0,0.000659,0.000380,0.998961
1548,1,0.383939,0.000948,0.615113
1549,1,0.997402,0.001179,0.001419
1550,0,0.945194,0.000644,0.054161
1551,0,0.000508,0.000392,0.999101
1552,0,0.007527,0.000434,0.992039
1553,1,0.863426,0.000828,0.135746
1554,1,0.137399,0.000715,0.861886
1555,0,0.000738,0.000309,0.998953
1556,0,0.620668,0.001026,0.378305
1557,1,0.002141,0.005667,0.992192
1558,0,0.000742,0.000323,0.998935
1559,0,0.002929,0.000259,0.996813
1560,0,0.930009,0.000741,0.069250
1561,0,0.001552,0.000283,0.998165
1562,0,0.003651,0.000308,0.996041
1563,1,0.984587,0.000564,0.014849
1564,0,0.356125,0.000951,0.642923
1565,0,0.000721,0.000326,0.998953
1566,1,0.641970,0.000806,0.357223
1567,1,0.959120,0.001401,0.039479
1568,0,0.000538,0.000379,0.999083
1569,1,0.063805,0.000685,0.935510
1570,1,0.695689,0.001593,0.302718
1571,1,0.995693,0.000628,0.003679
1572,0,0.005527,0.000265,0.994208
1573,0,0.000621,0.000337,0.999041
1574,1,0.000583,0.000357,0.999059
1575,0,0.000553,0.000372,0.999075
1576,0,0.032552,0.000452,0.966995
1577,1,0.000633,0.000367,0.999001
1578,0,0.000850,0.000326,0.998824
1579,0,0.000648,0.000377,0.998975
1580,0,0.479532,0.000938,0.519530
1581,0,0.978310,0.000551,0.021139
1582,1,0.000683,0.000376,0.998941
1583,1,0.993106,0.000608,0.006286
1584,0,0.001141,0.000324,0.998535
1585,0,0.000618,0.000370,0.999012
1586,0,0.459398,0.001168,0.539434
1587,0,0.930727,0.000809,0.068464
1588,0,0.013994,0.000330,0.985675
1589,1,0.961958,0.000802,0.037240
1590,0,0.002333,0.000254,0.997414
1591,1,0.995113,0.000617,0.004271
1592,0,0.987407,0.001071,0.011522
1593,1,0.009235,0.000852,0.989913
1594,0,0.001690,0.000263,0.998047
1595,1,0.000808,0.000333,0.998860
1596,1,0.002977,0.006182,0.990841
1597,0,0.529263,0.000914,0.469823
1598,0,0.000791,0.000344,0.998865
1599,0,0.423601,0.003388,0.573011
1600,1,0.168181,0.000660,0.831158
1601,0,0.000853,0.000333,0.998814
1602,1,0.000808,0.000342,0.998850
1603,1,0.283528,0.000638,0.715834
1604,1,0.971778,0.000520,0.027703
1605,1,0.000808,0.000351,0.998841
1606,1,0.988257,0.000730,0.011013
1607,1,0.524601,0.001160,0.474239
1608,0,0.006937,0.000344,0.992719
1609,1,0.736650,0.000857,0.262493
1610,0,0.008690,0.000426,0.990884
1611,1,0.289762,0.000796,0.709442
1612,1,0.893851,0.000682,0.105467
1613,1,0.994634,0.000618,0.004748
1614,0,0.996199,0.000602,0.003199
1615,1,0.412431,0.000994,0.586575
1616,0,0.000628,0.000345,0.999028
1617,0,0.036202,0.000565,0.963234
1618,1,0.874927,0.000693,0.124380
1619,1,0.022032,0.000401,0.977567
1620,1,0.996209,0.000634,0.003157
1621,1,0.000812,0.000311,0.998877
1622,1,0.388799,0.000713,0.610488
1623,1,0.000807,0.000335,0.998857
1624,1,0.788002,0.000960,0.211039
1625,0,0.971098,0.000571,0.028331
1626,1,0.128598,0.000655,0.870747
1627,1,0.995939,0.000625,0.003436
1628,1,0.985633,0.000529,0.013837
1629,1,0.044863,0.000403,0.954734
1630,1,0.000713,0.000350,0.998937
1631,1,0.001598,0.000299,0.998103
1632,1,0.002154,0.036863,0.960983
1633,0,0.000820,0.000313,0.998867
1634,0,0.000609,0.000358,0.999034
1635,1,0.816163,0.000967,0.182870
1636,1,0.000606,0.000362,0.999033
1637,0,0.000866,0.000374,0.998761
1638,1,0.046914,0.000534,0.952552
1639,0,0.000884,0.000292,0.998824
1640,0,0.007655,0.000777,0.991568
1641,0,0.001152,0.000302,0.998546
1642,0,0.000605,0.000361,0.999034
1643,0,0.383917,0.000859,0.615224
1644,1,0.012216,0.000326,0.987458
1645,1,0.707292,0.001016,0.291692
1646,1,0.001145,0.000286,0.998569
1647,1,0.331541,0.001050,0.667409
1648,0,0.001149,0.000272,0.998580
1649,1,0.978680,0.000569,0.020751
1650,1,0.994890,0.004184,0.000926
1651,1,0.067671,0.000587,0.931742
1652,1,0.721785,0.000815,0.277400
1653,0,0.040782,0.000451,0.958768
1654,1,0.001377,0.000517,0.998107
1655,1,0.001812,0.000520,0.997668
1656,1,0.006990,0.000403,0.992607
1657,0,0.095986,0.150370,0.753644
1658,1,0.988354,0.000542,0.011104
1659,1,0.974403,0.000564,0.025033
1660,0,0.001196,0.000277,0.998527
1661,0,0.000882,0.000314,0.998803
1662,0,0.001846,0.000497,0.997657
1663,0,0.000741,0.000331,0.998928
1664,0,0.984397,0.000675,0.014928
1665,1,0.050732,0.000425,0.948843
1666,1,0.982826,0.000534,0.016640
1667,1,0.001786,0.000306,0.997908
1668,1,0.713764,0.000758,0.285478
1669,1,0.000916,0.000322,0.998762
1670,0,0.000655,0.000342,0.999004
1671,0,0.000697,0.000350,0.998953
1672,1,0.002974,0.000293,0.996733
1673,0,0.995939,0.000714,0.003347
1674,0,0.000615,0.000354,0.999032
1675,0,0.026505,0.000358,0.973137
1676,0,0.003742,0.000305,0.995953
1677,0,0.001075,0.000299,0.998626
1678,0,0.003681,0.000291,0.996028
1679,1,0.042981,0.000495,0.956524
1680,1,0.992630,0.000569,0.006801
1681,1,0.993657,0.000560,0.005784
1682,1,0.156799,0.000766,0.842435
1683,0,0.004800,0.000263,0.994938
1684,0,0.000717,0.000364,0.998919
1685,0,0.001264,0.000267,0.998468
1686,0,0.000659,0.000877,0.998463
1687,1,0.036285,0.000420,0.963294
1688,1,0.996821,0.000737,0.002441
1689,1,0.770256,0.000963,0.228781
1690,1,0.826872,0.000759,0.172369
1691,0,0.001463,0.000292,0.998246
1692,1,0.991444,0.000568,0.007988
1693,0,0.001927,0.000381,0.997692
1694,0,0.310856,0.000781,0.688364
1695,1,0.026494,0.000764,0.972742
1696,0,0.000732,0.000325,0.998944
1697,0,0.000592,0.000463,0.998945
1698,1,0.001114,0.000312,0.998574
1699,1,0.000795,0.000334,0.998871
1700,1,0.359201,0.001246,0.639553
1701,1,0.997057,0.001542,0.001401
1702,0,0.000792,0.000323,0.998885
1703,1,0.866806,0.014336,0.118858
1704,0,0.001747,0.000286,0.997967
1705,1,0.007425,0.000322,0.992253
1706,1,0.001176,0.000281,0.998542
1707,1,0.000613,0.000359,0.999028
1708,0,0.000523,0.000395,0.999082
1709,0,0.004986,0.000253,0.994761
1710,0,0.016920,0.000469,0.982611
1711,1,0.934892,0.000681,0.064427
1712,0,0.295946,0.000733,0.703321
1713,1,0.986391,0.000599,0.013010
1714,0,0.009067,0.000271,0.990662
1715,1,0.004800,0.000237,0.994962
1716,1,0.000660,0.000335,0.999005
1717,0,0.001016,0.000281,0.998703
1718,0,0.000658,0.000365,0.998977
1719,1,0.152627,0.001809,0.845564
1720,0,0.001228,0.000308,0.998464
1721,1,0.020325,0.002169,0.977506
1722,1,0.027123,0.000330,0.972547
1723,0,0.000740,0.000324,0.998936
1724,1,0.642069,0.001048,0.356883
1725,1,0.995946,0.000633,0.003421
1726,0,0.000829,0.000322,0.998849
1727,1,0.990457,0.000546,0.008997
1728,0,0.985590,0.000565,0.013844
1729,1,0.976656,0.000570,0.022774
1730,0,0.000596,0.000353,0.999051
1731,1,0.947294,0.000595,0.052111
1732,0,0.001179,0.000316,0.998505
1733,0,0.991165,0.000517,0.008318
1734,1,0.568743,0.000911,0.430346
1735,0,0.001054,0.000282,0.998663
1736,0,0.071137,0.000486,0.928377
1737,0,0.000645,0.000342,0.999013
1738,0,0.010056,0.000299,0.989646
1739,1,0.000832,0.000329,0.998839
1740,1,0.950762,0.009232,0.040006
1741,0,0.001074,0.000429,0.998497
1742,1,0.001409,0.000283,0.998308
1743,0,0.894615,0.000612,0.104773
1744,0,0.013052,0.000341,0.986607
1745,0,0.889622,0.000798,0.109579
1746,1,0.001300,0.000298,0.998402
1747,1,0.133424,0.001461,0.865114
1748,1,0.739349,0.001098,0.259553
1749,0,0.029016,0.000505,0.970479
1750,1,0.001134,0.000300,0.998565
1751,1,0.988021,0.000616,0.011364
1752,0,0.000634,0.000357,0.999009
1753,0,0.000895,0.000298,0.998807
1754,0,0.003941,0.000405,0.995654
1755,1,0.900173,0.000635,0.099192
1756,1,0.192592,0.000822,0.806587
1757,0,0.131188,0.000523,0.868289
1758,1,0.822365,0.001005,0.176630
1759,1,0.004925,0.000494,0.994581
1760,1,0.006174,0.001148,0.992678
1761,0,0.010460,0.000316,0.989225
1762,0,0.023803,0.000438,0.975759
1763,0,0.192778,0.000863,0.806359
1764,1,0.001778,0.000269,0.997953
1765,1,0.995283,0.000704,0.004013
1766,1,0.000680,0.000339,0.998980
1767,0,0.000602,0.000498,0.998900
1768,0,0.000785,0.000338,0.998878
1769,0,0.000817,0.000348,0.998835
1770,1,0.000580,0.000370,0.999049
1771,1,0.001861,0.000352,0.997787
1772,0,0.002157,0.000251,0.997593
1773,1,0.025453,0.000363,0.974184
1774,1,0.536815,0.016110,0.447075
1775,0,0.007429,0.000308,0.992263
1776,0,0.000929,0.000303,0.998767
1777,0,0.000667,0.000340,0.998993
1778,1,0.016312,0.000551,0.983137
1779,0,0.002867,0.000443,0.996690
1780,1,0.050125,0.000949,0.948926
1781,1,0.498638,0.378372,0.122991
1782,1,0.003116,0.000387,0.996497
1783,0,0.000798,0.000336,0.998866
1784,1,0.897835,0.000827,0.101338
1785,1,0.997732,0.001026,0.001242
1786,1,0.037857,0.000361,0.961782
1787,1,0.020768,0.669626,0.309606
1788,1,0.993708,0.000579,0.005713
1789,1,0.947479,0.000671,0.051849
1790,0,0.000739,0.000322,0.998939
1791,0,0.000585,0.000380,0.999035
1792,1,0.002711,0.013812,0.983477
1793,1,0.000907,0.000289,0.998805
1794,1,0.993654,0.000597,0.005749
1795,1,0.995792,0.000883,0.003325
1796,0,0.001064,0.031181,0.967755
1797,1,0.004316,0.000632,0.995053
1798,1,0.266634,0.000830,0.732536
1799,0,0.000721,0.000332,0.998947
1800,1,0.004438,0.000338,0.995224
1801,1,0.348865,0.001125,0.650010
1802,0,0.000782,0.000323,0.998895
1803,1,0.552183,0.319628,0.128189
1804,1,0.007100,0.000317,0.992583
1805,0,0.000562,0.000381,0.999056
1806,0,0.000769,0.000313,0.998918
1807,1,0.973252,0.000513,0.026236
1808,0,0.000885,0.000430,0.998685
1809,0,0.682035,0.000888,0.317078
1810,1,0.520023,0.001272,0.478705
1811,1,0.997166,0.000714,0.002119
1812,0,0.000926,0.000302,0.998771
1813,1,0.962963,0.000694,0.036342
1814,0,0.995647,0.000644,0.003710
1815,0,0.000638,0.000360,0.999002
1816,0,0.001149,0.000287,0.998564
1817,1,0.001511,0.000307,0.998183
1818,1,0.065631,0.000481,0.933888
1819,0,0.586862,0.001036,0.412103
1820,0,0.731176,0.000861,0.267963
1821,1,0.988066,0.000554,0.011380
1822,0,0.910294,0.000712,0.088994
1823,0,0.013820,0.452668,0.533512
1824,0,0.057664,0.000583,0.941753
1825,0,0.000639,0.000351,0.999010
1826,0,0.000655,0.000334,0.999011
1827,0,0.000738,0.000329,0.998933
1828,0,0.002888,0.000549,0.996563
1829,0,0.000880,0.000313,0.998807
1830,1,0.007285,0.000288,0.992427
1831,0,0.134792,0.000776,0.864432
1832,0,0.001184,0.000307,0.998508
1833,0,0.000549,0.000377,0.999074
1834,1,0.799675,0.001168,0.199156
1835,0,0.122345,0.000501,0.877153
1836,0,0.016447,0.000344,0.983209
1837,0,0.000594,0.000355,0.999051
1838,1,0.930792,0.000634,0.068574
1839,1,0.995317,0.000937,0.003746
1840,1,0.997221,0.000972,0.001807
1841,0,0.001018,0.000284,0.998698
1842,0,0.000916,0.000302,0.998782
1843,1,0.995547,0.000665,0.003788
1844,1,0.988241,0.000535,0.011223
1845,0,0.147794,0.433364,0.418842
1846,0,0.000623,0.000353,0.999024
1847,0,0.001212,0.000581,0.998207
1848,0,0.001297,0.000275,0.998428
1849,0,0.001192,0.000282,0.998526
1850,1,0.855732,0.000888,0.143379
1851,1,0.031979,0.001269,0.966751
1852,0,0.001634,0.000262,0.998104
1853,0,0.000763,0.000355,0.998882
1854,1,0.972563,0.000546,0.026891
1855,1,0.001002,0.000285,0.998713
1856,0,0.000948,0.000304,0.998748
1857,0,0.960815,0.000620,0.038565
1858,0,0.001133,0.000270,0.998597
1859,0,0.000593,0.000362,0.999045
1860,0,0.000707,0.000323,0.998970
1861,1,0.014574,0.000376,0.985050
1862,0,0.006650,0.000269,0.993080
1863,1,0.000805,0.000338,0.998858
1864,0,0.000927,0.000289,0.998784
1865,1,0.942320,0.000568,0.057111
1866,0,0.001386,0.000285,0.998330
1867,1,0.004073,0.000277,0.995650
1868,1,0.003802,0.000298,0.995900
1869,1,0.995956,0.000676,0.003368
1870,1,0.982803,0.000702,0.016495
1871,1,0.006391,0.000534,0.993075
1872,0,0.000614,0.000347,0.999039
1873,1,0.708050,0.001054,0.290896
1874,0,0.000793,0.000319,0.998888
1875,1,0.091317,0.000548,0.908135
1876,1,0.021644,0.000845,0.977511
1877,1,0.995560,0.000710,0.003730
1878,1,0.988374,0.000559,0.011067
1879,0,0.991778,0.000578,0.007644
1880,0,0.078804,0.003486,0.917710
1881,1,0.997717,0.001186,0.001097
1882,0,0.000575,0.000384,0.999041
1883,0,0.002561,0.000328,0.997110
1884,0,0.000599,0.000361,0.999040
1885,1,0.000812,0.001114,0.998073
1886,1,0.004996,0.000293,0.994711
1887,1,0.992073,0.000573,0.007354
1888,1,0.993176,0.000787,0.006037
1889,0,0.004042,0.000246,0.995713
1890,1,0.995564,0.000700,0.003736
1891,1,0.003395,0.002808,0.993796
1892,1,0.910625,0.000795,0.088580
1893,1,0.970997,0.000570,0.028432
1894,1,0.942884,0.000625,0.056491
1895,0,0.000800,0.000310,0.998890
1896,0,0.697544,0.000841,0.301615
1897,1,0.975244,0.000543,0.024213
1898,1,0.001528,0.000268,0.998203
1899,1,0.353660,0.001107,0.645233
1900,1,0.961636,0.000927,0.037436
1901,1,0.017769,0.688503,0.293728
1902,1,0.031875,0.030819,0.937306
1903,1,0.006927,0.000289,0.992785
1904,1,0.995886,0.000638,0.003476
1905,1,0.010474,0.000336,0.989190
1906,1,0.994749,0.001681,0.003569
1907,0,0.960684,0.000588,0.038728
1908,0,0.000670,0.000692,0.998638
1909,0,0.004731,0.000268,0.995001
1910,0,0.111752,0.000663,0.887585
1911,0,0.065018,0.003469,0.931513
1912,0,0.885112,0.000828,0.114060
1913,0,0.005574,0.000256,0.994170
1914,0,0.005276,0.000288,0.994436
1915,1,0.001762,0.000267,0.997971
1916,1,0.977048,0.000516,0.022435
1917,0,0.000716,0.000332,0.998952
1918,1,0.005995,0.000294,0.993710
1919,0,0.076336,0.000465,0.923198
1920,0,0.045008,0.000368,0.954624
1921,0,0.000797,0.000323,0.998880
1922,0,0.000822,0.000332,0.998846
1923,0,0.001132,0.000317,0.998551
1924,0,0.458993,0.000736,0.540271
1925,0,0.000710,0.000332,0.998958
1926,0,0.086533,0.000706,0.912761
1927,0,0.002031,0.000245,0.997725
1928,1,0.980312,0.000538,0.019150
1929,1,0.970064,0.000585,0.029351
1930,1,0.000625,0.000355,0.999019
1931,1,0.009783,0.000316,0.989901
1932,1,0.994367,0.000575,0.005058
1933,0,0.359488,0.000739,0.639773
1934,0,0.118383,0.000521,0.881096
1935,0,0.000605,0.000378,0.999016
1936,0,0.067311,0.005959,0.926730
1937,0,0.635297,0.000913,0.363790
1938,1,0.004063,0.000254,0.995683
1939,1,0.010493,0.000316,0.989191
1940,0,0.000561,0.000391,0.999049
1941,0,0.001067,0.000292,0.998641
1942,0,0.000637,0.000331,0.999033
1943,1,0.000767,0.000365,0.998868
1944,1,0.310148,0.001724,0.688128
1945,0,0.000680,0.000325,0.998994
1946,1,0.005881,0.001736,0.992384
1947,1,0.001241,0.000664,0.998095
1948,1,0.073149,0.000455,0.926396
1949,1,0.000891,0.000326,0.998783
1950,0,0.000876,0.000301,0.998823
1951,0,0.082989,0.000475,0.916536
1952,1,0.013414,0.122959,0.863628
1953,0,0.001664,0.000350,0.997986
1954,0,0.111874,0.000576,0.887551
1955,1,0.996318,0.000778,0.002905
1956,1,0.989596,0.000591,0.009813
1957,0,0.000550,0.000372,0.999078
1958,1,0.720262,0.017693,0.262045
1959,0,0.000631,0.000348,0.999021
1960,0,0.008045,0.000325,0.991629
1961,1,0.865626,0.000707,0.133668
1962,1,0.752370,0.000786,0.246844
1963,1,0.621001,0.000739,0.378260
1964,0,0.001572,0.000282,0.998146
1965,0,0.039689,0.000392,0.959919
1966,0,0.583268,0.000881,0.415851
1967,0,0.000545,0.000369,0.999085
1968,1,0.655384,0.000857,0.343759
1969,0,0.961535,0.000621,0.037844
1970,1,0.000632,0.000370,0.998997
1971,1,0.942344,0.000697,0.056960
1972,0,0.004880,0.000509,0.994610
1973,1,0.969440,0.000576,0.029984
1974,0,0.013116,0.000340,0.986544
1975,0,0.994757,0.000593,0.004651
1976,0,0.001661,0.000280,0.998059
1977,0,0.001349,0.000310,0.998341
1978,1,0.000973,0.030922,0.968106
1979,0,0.047149,0.000482,0.952369
1980,0,0.013653,0.000295,0.986052
1981,1,0.025637,0.000380,0.973982
1982,0,0.128405,0.000582,0.871013
1983,1,0.817318,0.000801,0.181881
1984,0,0.000682,0.000334,0.998984
1985,0,0.000626,0.000363,0.999011
1986,0,0.000512,0.000414,0.999073
1987,0,0.001358,0.000326,0.998315
1988,0,0.981260,0.000637,0.018103
1989,0,0.014102,0.000321,0.985578
1990,1,0.016112,0.000353,0.983535
1991,1,0.502768,0.000939,0.496293
1992,1,0.898952,0.000682,0.100366
1993,0,0.696803,0.000918,0.302279
1994,0,0.000580,0.000354,0.999066
1995,0,0.000880,0.000350,0.998770
1996,0,0.037419,0.000494,0.962087
1997,0,0.000552,0.000370,0.999078
1998,0,0.001011,0.000361,0.998628
1999,0,0.054481,0.000490,0.945029
2000,0,0.000825,0.000337,0.998838
2001,0,0.001475,0.000345,0.998181
2002,0,0.000672,0.000380,0.998949
2003,1,0.089009,0.000689,0.910302
2004,0,0.048497,0.408581,0.542922
2005,0,0.001346,0.000261,0.998393
2006,1,0.995777,0.000786,0.003437
2007,0,0.422768,0.000769,0.576463
2008,0,0.002321,0.000426,0.997253
2009,1,0.000589,0.000365,0.999045
2010,1,0.000668,0.000353,0.998978
2011,1,0.948209,0.000929,0.050862
2012,1,0.063647,0.000463,0.935890
2013,1,0.044943,0.000359,0.954698
2014,0,0.479481,0.000813,0.519706
2015,1,0.992511,0.000533,0.006956
2016,0,0.000697,0.000326,0.998977
2017,0,0.006088,0.002689,0.991223
2018,1,0.002121,0.000309,0.997570
2019,1,0.937430,0.001041,0.061529
2020,0,0.487738,0.000819,0.511443
2021,1,0.991143,0.000739,0.008118
2022,0,0.000632,0.000448,0.998919
2023,0,0.858535,0.000782,0.140683
2024,1,0.950909,0.001557,0.047534
2025,0,0.027156,0.000422,0.972422
2026,0,0.238402,0.000655,0.760943
2027,0,0.007592,0.000255,0.992153
2028,1,0.252742,0.505723,0.241536
2029,1,0.800093,0.000943,0.198964
2030,0,0.874967,0.000691,0.124342
2031,1,0.019547,0.000357,0.980096
2032,1,0.989972,0.000515,0.009513
2033,1,0.058472,0.000453,0.941075
2034,0,0.001311,0.000337,0.998352
2035,0,0.000589,0.000357,0.999054
2036,0,0.000647,0.000353,0.999000
2037,0,0.000783,0.000321,0.998897
2038,1,0.995135,0.000598,0.004268
2039,1,0.000820,0.000350,0.998830
2040,1,0.897586,0.001368,0.101046
2041,0,0.000683,0.000375,0.998942
2042,0,0.000698,0.000353,0.998949
2043,0,0.936549,0.000786,0.062665
2044,0,0.000585,0.000372,0.999043
2045,0,0.005420,0.000308,0.994272
2046,1,0.000561,0.000392,0.999047
2047,1,0.001820,0.000294,0.997887
2048,0,0.005297,0.000367,0.994337
2049,0,0.000665,0.000397,0.998937
2050,0,0.000547,0.000383,0.999071
2051,1,0.000666,0.000442,0.998892
2052,0,0.004844,0.000256,0.994900
2053,0,0.000870,0.000291,0.998839
2054,0,0.000612,0.000359,0.999029
2055,0,0.000936,0.000306,0.998758
2056,1,0.000663,0.000354,0.998983
2057,0,0.004099,0.000250,0.995652
2058,0,0.000617,0.000344,0.999039
2059,0,0.001720,0.000290,0.997990
2060,0,0.000604,0.000360,0.999036
2061,0,0.000572,0.000372,0.999056
2062,1,0.997631,0.001033,0.001336
2063,0,0.000694,0.000363,0.998943
2064,1,0.001959,0.000341,0.997700
2065,1,0.056628,0.000415,0.942957
2066,0,0.994014,0.000568,0.005418
2067,1,0.001318,0.000290,0.998392
2068,1,0.000691,0.000333,0.998976
2069,1,0.995524,0.000923,0.003553
2070,0,0.004722,0.000363,0.994914
2071,0,0.000648,0.000466,0.998886
2072,0,0.137326,0.000543,0.862131
2073,0,0.000597,0.000355,0.999048
2074,1,0.034921,0.000565,0.964513
2075,1,0.000723,0.000366,0.998911
2076,0,0.009423,0.000285,0.990292
2077,0,0.001160,0.000287,0.998553
2078,0,0.001060,0.000278,0.998662
2079,0,0.911602,0.000653,0.087745
2080,1,0.987593,0.000551,0.011857
2081,1,0.851024,0.000993,0.147983
2082,1,0.984054,0.000608,0.015338
2083,0,0.001051,0.000332,0.998617
2084,0,0.919251,0.000810,0.079939
2085,1,0.003357,0.000388,0.996254
2086,0,0.122394,0.000573,0.877033
2087,0,0.000537,0.000382,0.999080
2088,1,0.993537,0.000560,0.005902
2089,0,0.000566,0.000364,0.999070
2090,0,0.000969,0.000302,0.998729
2091,1,0.995159,0.000617,0.004224
2092,1,0.929100,0.000633,0.070266
2093,1,0.003278,0.000265,0.996457
2094,0,0.622516,0.000971,0.376512
2095,0,0.000589,0.000344,0.999067
2096,1,0.029581,0.000349,0.970070
2097,1,0.008108,0.000315,0.991576
2098,0,0.000727,0.000330,0.998944
2099,1,0.322661,0.029947,0.647393
2100,0,0.823524,0.001074,0.175401
2101,1,0.003507,0.000490,0.996002
2102,1,0.042155,0.000563,0.957281
2103,0,0.001088,0.000277,0.998635
2104,0,0.013949,0.000298,0.985753
2105,1,0.000818,0.000315,0.998867
2106,0,0.340948,0.139653,0.519399
2107,0,0.000708,0.000373,0.998918
2108,1,0.782680,0.000921,0.216398
2109,0,0.000755,0.000355,0.998890
2110,0,0.994993,0.001074,0.003933
2111,0,0.515762,0.000790,0.483449
2112,0,0.000682,0.000320,0.998998
2113,0,0.008145,0.000351,0.991504
2114,0,0.006869,0.000287,0.992844
2115,0,0.001334,0.000273,0.998392
2116,0,0.003562,0.000278,0.996159
2117,0,0.002104,0.000267,0.997629
2118,1,0.990834,0.000540,0.008626
2119,1,0.000838,0.000296,0.998866
2120,1,0.001069,0.000302,0.998629
2121,1,0.330594,0.000916,0.668490
2122,0,0.000566,0.000362,0.999072
2123,0,0.000838,0.000310,0.998852
2124,0,0.000725,0.000339,0.998936
2125,0,0.729937,0.000723,0.269340
2126,0,0.000673,0.000340,0.998986
2127,1,0.989915,0.000561,0.009524
2128,0,0.000682,0.000377,0.998941
2129,0,0.024519,0.000393,0.975088
2130,0,0.000583,0.000359,0.999058
2131,0,0.003201,0.000722,0.996077
2132,1,0.976420,0.000589,0.022991
2133,0,0.000635,0.000345,0.999021
2134,1,0.009660,0.000303,0.990037
2135,1,0.978575,0.000716,0.020709
2136,0,0.001809,0.000256,0.997935
2137,1,0.001562,0.001623,0.996816
2138,0,0.000629,0.000374,0.998998
2139,0,0.112353,0.001910,0.885737
2140,0,0.000732,0.000367,0.998901
2141,0,0.571421,0.000756,0.427824
2142,1,0.973168,0.000572,0.026259
2143,1,0.972152,0.000562,0.027287
2144,1,0.033808,0.000899,0.965293
2145,0,0.000732,0.000325,0.998942
2146,1,0.187987,0.056701,0.755312
2147,0,0.000773,0.000318,0.998909
2148,0,0.000924,0.000351,0.998725
2149,0,0.000722,0.000342,0.998936
2150,0,0.003805,0.000325,0.995869
2151,0,0.001434,0.000266,0.998300
2152,1,0.437942,0.001024,0.561034
2153,0,0.002648,0.000253,0.997099
2154,0,0.006426,0.000467,0.993107
2155,1,0.986234,0.000519,0.013247
2156,1,0.941478,0.000955,0.057567
2157,1,0.942934,0.000617,0.056449
2158,1,0.001126,0.000886,0.997989
2159,0,0.001298,0.000294,0.998408
2160,0,0.004607,0.000348,0.995044
2161,0,0.006338,0.000265,0.993397
2162,0,0.000924,0.000400,0.998676
2163,1,0.874616,0.000692,0.124692
2164,1,0.172851,0.000665,0.826483
2165,1,0.003183,0.000380,0.996436
2166,1,0.107322,0.000561,0.892117
2167,0,0.000666,0.000340,0.998995
2168,0,0.000893,0.000294,0.998813
2169,0,0.001097,0.000317,0.998586
2170,1,0.995661,0.000615,0.003723
2171,0,0.003926,0.000290,0.995784
2172,0,0.000608,0.000402,0.998990
2173,0,0.954049,0.000573,0.045378
2174,0,0.000550,0.000385,0.999065
2175,0,0.016345,0.208873,0.774782
2176,0,0.064808,0.000505,0.934687
2177,1,0.002704,0.000268,0.997028
2178,1,0.872362,0.000988,0.126650
2179,1,0.997689,0.000896,0.001415
2180,0,0.000844,0.000328,0.998827
2181,0,0.000667,0.000340,0.998993
2182,0,0.526807,0.000737,0.472457
2183,0,0.000622,0.000409,0.998969
2184,0,0.090303,0.000463,0.909234
2185,0,0.750507,0.000849,0.248645
2186,0,0.008230,0.011152,0.980618
2187,1,0.489735,0.002441,0.507824
2188,1,0.602276,0.003153,0.394572
2189,1,0.001838,0.003567,0.994595
2190,1,0.996325,0.001613,0.002061
2191,1,0.994710,0.000641,0.004649
2192,0,0.008186,0.000290,0.991524
2193,1,0.995818,0.000635,0.003547
2194,1,0.069678,0.257735,0.672587
2195,1,0.973629,0.000540,0.025831
2196,1,0.231360,0.746358,0.022282
2197,0,0.006552,0.001764,0.991684
2198,1,0.140784,0.001190,0.858025
2199,0,0.000596,0.000377,0.999027
2200,1,0.729550,0.001104,0.269346
2201,1,0.993089,0.000653,0.006258
2202,0,0.000568,0.000386,0.999045
2203,1,0.064191,0.000478,0.935330
2204,0,0.001097,0.000572,0.998331
2205,1,0.992420,0.000656,0.006925
2206,1,0.997018,0.000802,0.002179
2207,0,0.000750,0.000339,0.998911
2208,1,0.002103,0.000282,0.997615
2209,0,0.000575,0.000370,0.999055
2210,0,0.000547,0.000385,0.999068
2211,0,0.000627,0.000351,0.999022
2212,1,0.061089,0.000543,0.938368
2213,0,0.000647,0.000487,0.998866
2214,1,0.000688,0.000323,0.998990
2215,1,0.032699,0.000502,0.966799
2216,1,0.789994,0.000903,0.209103
2217,0,0.002994,0.000307,0.996699
2218,1,0.053737,0.669850,0.276413
2219,1,0.001647,0.000318,0.998035
2220,1,0.996641,0.001355,0.002004
2221,1,0.005171,0.001884,0.992945
2222,1,0.080856,0.000509,0.918635
2223,1,0.000761,0.000304,0.998935
2224,1,0.000973,0.000294,0.998733
2225,1,0.001041,0.000276,0.998684
2226,0,0.000628,0.000356,0.999017
2227,0,0.508222,0.000842,0.490936
2228,0,0.006705,0.000323,0.992972
2229,1,0.000650,0.000350,0.999000
2230,1,0.123796,0.000522,0.875682
2231,1,0.992328,0.000565,0.007107
2232,0,0.049157,0.000407,0.950435
2233,1,0.018660,0.000391,0.980949
2234,0,0.000681,0.000344,0.998974
2235,1,0.132809,0.000621,0.866570
2236,1,0.000612,0.000368,0.999021
2237,1,0.138029,0.000687,0.861284
2238,1,0.022914,0.000375,0.976711
2239,0,0.812419,0.001135,0.186446
2240,0,0.001286,0.000381,0.998333
2241,1,0.002732,0.000293,0.996975
2242,0,0.001790,0.000246,0.997964
2243,1,0.062486,0.000492,0.937023
2244,1,0.997413,0.001610,0.000976
2245,0,0.032689,0.000345,0.966966
2246,0,0.000710,0.000349,0.998941
2247,1,0.922901,0.000654,0.076445
2248,1,0.831874,0.000781,0.167345
2249,1,0.935307,0.000651,0.064042
2250,0,0.002274,0.000360,0.997366
2251,0,0.019044,0.000303,0.980653
2252,0,0.990010,0.000506,0.009484
2253,0,0.001479,0.000259,0.998262
2254,0,0.004876,0.000302,0.994822
2255,1,0.418974,0.564004,0.017023
2256,1,0.002877,0.000328,0.996795
2257,0,0.000950,0.000324,0.998726
2258,1,0.392787,0.453011,0.154203
2259,1,0.992815,0.000572,0.006613
2260,0,0.001317,0.000290,0.998393
2261,1,0.976496,0.000526,0.022978
2262,0,0.000598,0.000362,0.999040
2263,0,0.007320,0.000302,0.992379
2264,0,0.000784,0.000321,0.998895
2265,1,0.984339,0.000571,0.015089
2266,0,0.002993,0.000264,0.996744
2267,1,0.000546,0.000437,0.999016
2268,1,0.023936,0.000416,0.975648
2269,1,0.343977,0.000863,0.655160
2270,1,0.912283,0.000691,0.087026
2271,1,0.005254,0.136483,0.858262
2272,0,0.000915,0.000353,0.998731
2273,0,0.936263,0.000641,0.063096
2274,1,0.995073,0.000699,0.004228
2275,1,0.994956,0.000765,0.004279
2276,1,0.996811,0.000972,0.002217
2277,1,0.579210,0.379767,0.041024
2278,1,0.014653,0.000416,0.984931
2279,1,0.996950,0.000756,0.002294
2280,1,0.904392,0.000711,0.094896
2281,1,0.050355,0.000445,0.949200
2282,1,0.994229,0.000552,0.005219
2283,0,0.783203,0.000775,0.216022
2284,1,0.001065,0.057890,0.941045
2285,1,0.001926,0.000328,0.997746
2286,1,0.996654,0.000650,0.002695
2287,1,0.985973,0.000619,0.013409
2288,1,0.997831,0.001147,0.001023
2289,1,0.001204,0.000262,0.998535
2290,0,0.000690,0.000350,0.998960
2291,1,0.375516,0.000843,0.623641
2292,1,0.000692,0.000332,0.998976
2293,1,0.554845,0.000904,0.444251
2294,1,0.985470,0.000524,0.014006
2295,0,0.000749,0.000322,0.998930
2296,0,0.000578,0.000378,0.999044
2297,1,0.031716,0.000464,0.967819
2298,1,0.002142,0.000291,0.997567
2299,0,0.138823,0.000641,0.860536
2300,0,0.000769,0.000372,0.998859
2301,0,0.992254,0.000586,0.007160
2302,0,0.001224,0.000269,0.998507
2303,1,0.000847,0.000340,0.998813
2304,1,0.917671,0.000763,0.081567
2305,1,0.000593,0.000350,0.999057
2306,1,0.965695,0.000599,0.033707
2307,1,0.012598,0.006775,0.980627
2308,0,0.000817,0.000319,0.998864
2309,0,0.000821,0.000311,0.998868
2310,1,0.967552,0.000637,0.031811
2311,1,0.362222,0.000803,0.636976
2312,0,0.000838,0.000376,0.998786
2313,1,0.060088,0.834040,0.105871
2314,1,0.001686,0.000855,0.997460
2315,1,0.993801,0.000690,0.005508
2316,1,0.941158,0.000685,0.058157
2317,0,0.001746,0.000262,0.997992
2318,1,0.003496,0.000269,0.996234
2319,1,0.001859,0.000292,0.997849
2320,1,0.001478,0.000260,0.998262
2321,1,0.613926,0.000967,0.385107
2322,1,0.064260,0.000562,0.935178
2323,1,0.121697,0.000793,0.877510
2324,1,0.026725,0.000430,0.972845
2325,1,0.003309,0.000329,0.996362
2326,1,0.000717,0.000324,0.998959
2327,0,0.002512,0.000258,0.997230
2328,0,0.000637,0.000357,0.999006
2329,1,0.002236,0.046163,0.951601
2330,1,0.514629,0.000953,0.484417
2331,1,0.000856,0.000331,0.998813
2332,1,0.001188,0.000274,0.998537
2333,0,0.003152,0.000288,0.996559
2334,0,0.096517,0.000554,0.902929
2335,0,0.002945,0.000399,0.996656
2336,0,0.003124,0.000329,0.996547
2337,1,0.102977,0.000510,0.896513
2338,0,0.000654,0.000331,0.999015
2339,1,0.021950,0.015768,0.962282
2340,1,0.990408,0.000868,0.008724
2341,1,0.034936,0.000384,0.964679
2342,1,0.977011,0.000691,0.022298
2343,0,0.000596,0.000360,0.999044
2344,1,0.978742,0.000580,0.020679
2345,1,0.989397,0.000576,0.010027
2346,0,0.000939,0.000322,0.998738
2347,1,0.000769,0.000373,0.998857
2348,1,0.015236,0.000342,0.984422
2349,1,0.396805,0.001052,0.602142
2350,1,0.006696,0.000293,0.993011
2351,0,0.002671,0.000287,0.997042
2352,0,0.000527,0.000389,0.999084
2353,1,0.071596,0.000517,0.927887
2354,1,0.003703,0.000263,0.996033
2355,1,0.003014,0.000284,0.996701
2356,1,0.997100,0.000777,0.002123
2357,1,0.190388,0.000678,0.808934
2358,1,0.934950,0.000650,0.064400
2359,1,0.986482,0.000556,0.012962
2360,0,0.995361,0.000572,0.004067
2361,1,0.831401,0.001115,0.167484
2362,1,0.993927,0.000563,0.005510
2363,1,0.997122,0.000976,0.001902
2364,1,0.996737,0.000696,0.002567
2365,1,0.723889,0.000869,0.275241
2366,1,0.996198,0.000658,0.003144
2367,1,0.000683,0.000334,0.998983
2368,0,0.994174,0.000538,0.005288
2369,1,0.001887,0.000254,0.997859
2370,1,0.107507,0.000524,0.891968
2371,0,0.001846,0.000252,0.997902
2372,0,0.969214,0.000645,0.030141
2373,0,0.763339,0.001005,0.235656
2374,1,0.996045,0.000653,0.003302
2375,0,0.000595,0.000369,0.999035
2376,1,0.994939,0.000816,0.004245
2377,0,0.104553,0.000614,0.894833
2378,1,0.009668,0.004082,0.986250
2379,0,0.001417,0.000261,0.998323
2380,1,0.154314,0.000601,0.845085
2381,1,0.997544,0.000991,0.001465
2382,1,0.474189,0.001014,0.524797
2383,0,0.012621,0.000309,0.987069
2384,1,0.996760,0.000676,0.002564
2385,1,0.995864,0.000670,0.003466
2386,1,0.002708,0.000865,0.996427
2387,1,0.997637,0.000875,0.001488
2388,0,0.638133,0.000971,0.360897
2389,1,0.979527,0.000524,0.019950
2390,0,0.052566,0.036973,0.910460
2391,0,0.099251,0.000469,0.900279
2392,1,0.903047,0.000681,0.096273
2393,1,0.996157,0.000625,0.003218
2394,1,0.996648,0.000686,0.002666
2395,0,0.000636,0.000330,0.999034
2396,0,0.002408,0.000489,0.997103
2397,1,0.990724,0.000523,0.008753
2398,1,0.997128,0.000658,0.002214
2399,0,0.008186,0.000459,0.991355
2400,0,0.000638,0.000366,0.998996
2401,0,0.000663,0.000362,0.998975
2402,0,0.000877,0.000389,0.998734
2403,0,0.000933,0.000304,0.998763
2404,1,0.727051,0.000935,0.272014
2405,1,0.413660,0.000985,0.585354
2406,0,0.062000,0.000441,0.937559
2407,1,0.945933,0.000676,0.053391
2408,0,0.000694,0.000384,0.998922
2409,0,0.000657,0.000329,0.999014
2410,0,0.000596,0.000381,0.999022
2411,0,0.004730,0.000271,0.994999
2412,1,0.297730,0.000854,0.701416
2413,1,0.826036,0.000803,0.173160
2414,0,0.928534,0.000801,0.070665
2415,0,0.000813,0.000343,0.998844
2416,1,0.731876,0.001293,0.266831
2417,0,0.003569,0.000271,0.996160
2418,1,0.001022,0.000276,0.998701
2419,1,0.000531,0.016408,0.983062
2420,1,0.124654,0.000753,0.874593
2421,1,0.057874,0.000462,0.941664
2422,0,0.001229,0.000310,0.998461
2423,1,0.971125,0.000536,0.028339
2424,0,0.000610,0.000348,0.999042
2425,0,0.000586,0.000354,0.999059
2426,0,0.013439,0.000330,0.986230
2427,1,0.000655,0.000360,0.998985
2428,0,0.001041,0.000283,0.998676
2429,1,0.000595,0.000364,0.999041
2430,0,0.005986,0.000381,0.993633
2431,1,0.992459,0.000552,0.006989
2432,1,0.995031,0.001215,0.003754
2433,1,0.997184,0.000831,0.001985
2434,0,0.964127,0.000648,0.035225
2435,0,0.988051,0.000649,0.011301
2436,1,0.118442,0.000663,0.880895
2437,1,0.885943,0.000741,0.113316
2438,0,0.109783,0.000571,0.889645
2439,0,0.000774,0.000316,0.998910
2440,0,0.000657,0.000418,0.998925
2441,0,0.678664,0.000804,0.320532
2442,0,0.000892,0.000300,0.998808
2443,0,0.000811,0.000311,0.998879
2444,1,0.000529,0.000429,0.999041
2445,0,0.001598,0.000270,0.998132
2446,1,0.016303,0.000364,0.983333
2447,1,0.000632,0.000343,0.999025
2448,1,0.993689,0.000551,0.005760
2449,1,0.067043,0.000533,0.932424
2450,1,0.395743,0.100610,0.503647
2451,0,0.001494,0.000322,0.998184
2452,1,0.002750,0.000269,0.996981
2453,0,0.276960,0.001141,0.721899
2454,1,0.733718,0.000811,0.265471
2455,1,0.021472,0.000729,0.977799
2456,1,0.001400,0.000303,0.998297
2457,1,0.996915,0.000718,0.002367
2458,0,0.000543,0.000709,0.998749
2459,1,0.014230,0.000323,0.985448
2460,1,0.004924,0.000311,0.994765
2461,0,0.001065,0.000333,0.998602
2462,0,0.000578,0.000381,0.999041
2463,1,0.705056,0.001809,0.293136
2464,1,0.001630,0.000290,0.998080
2465,0,0.441655,0.000847,0.557497
2466,0,0.390762,0.001215,0.608024
2467,1,0.847012,0.000788,0.152199
2468,0,0.001914,0.000350,0.997736
2469,0,0.000635,0.000345,0.999020
2470,0,0.020583,0.000330,0.979086
2471,1,0.001980,0.000268,0.997751
2472,1,0.003884,0.000502,0.995614
2473,0,0.000701,0.000325,0.998974
2474,0,0.000782,0.000310,0.998909
2475,0,0.000845,0.000380,0.998775
2476,0,0.003539,0.000288,0.996173
2477,0,0.000735,0.000315,0.998950
2478,1,0.002388,0.000353,0.997259
2479,0,0.000676,0.000342,0.998982
2480,0,0.919793,0.000985,0.079222
2481,0,0.000635,0.000334,0.999030
2482,0,0.877608,0.000785,0.121607
2483,0,0.000800,0.000429,0.998770
2484,0,0.011054,0.000291,0.988655
2485,1,0.022307,0.000843,0.976849
2486,0,0.009729,0.000280,0.989992
2487,0,0.000703,0.000328,0.998969
2488,1,0.596905,0.001036,0.402059
2489,0,0.001018,0.000393,0.998588
2490,1,0.547297,0.001059,0.451644
2491,0,0.000635,0.000340,0.999026
2492,1,0.971511,0.001524,0.026965
2493,0,0.000780,0.000332,0.998888
2494,0,0.000855,0.000326,0.998820
2495,0,0.333588,0.000901,0.665511
2496,1,0.991560,0.000655,0.007786
2497,0,0.000586,0.000374,0.999040
2498,1,0.878295,0.000748,0.120957
2499,0,0.000967,0.000313,0.998720
2500,0,0.000516,0.000388,0.999097
2501,1,0.000690,0.000386,0.998924
2502,0,0.000902,0.000363,0.998736
2503,1,0.948859,0.000773,0.050368
2504,1,0.989736,0.000550,0.009714
2505,0,0.881150,0.000744,0.118106
2506,1,0.996160,0.000720,0.003120
2507,0,0.000710,0.000331,0.998959
2508,1,0.912344,0.000683,0.086974
2509,1,0.964601,0.000582,0.034817
2510,1,0.920482,0.000915,0.078603
2511,0,0.006159,0.000328,0.993513
2512,0,0.046111,0.000436,0.953453
2513,1,0.594057,0.000969,0.404974
2514,1,0.000782,0.000302,0.998916
2515,1,0.927903,0.000910,0.071187
2516,1,0.776587,0.000756,0.222658
2517,1,0.014850,0.001142,0.984008
2518,1,0.000634,0.000334,0.999032
2519,1,0.995779,0.000719,0.003502
2520,1,0.049911,0.089875,0.860215
2521,1,0.000774,0.000314,0.998912
2522,1,0.996965,0.000816,0.002219
2523,1,0.001858,0.000259,0.997883
2524,1,0.899730,0.000630,0.099640
2525,1,0.994149,0.000583,0.005268
2526,0,0.004426,0.000293,0.995281
2527,1,0.000650,0.000358,0.998992
2528,1,0.982969,0.000601,0.016430
2529,1,0.202002,0.000619,0.797379
2530,0,0.000678,0.000337,0.998985
2531,0,0.000512,0.000408,0.999080
2532,1,0.995982,0.000650,0.003368
2533,0,0.000962,0.000313,0.998726
2534,1,0.500097,0.008509,0.491394
2535,1,0.006257,0.000332,0.993411
2536,0,0.001257,0.000298,0.998444
2537,1,0.335981,0.649373,0.014646
2538,1,0.970572,0.012226,0.017203
2539,1,0.005584,0.013724,0.980692
2540,0,0.002083,0.000308,0.997609
2541,0,0.005447,0.000313,0.994239
2542,1,0.125197,0.000622,0.874181
2543,0,0.552155,0.000864,0.446981
2544,0,0.000924,0.000290,0.998786
2545,0,0.014204,0.006170,0.979627
2546,0,0.005631,0.754444,0.239925
2547,0,0.000836,0.000346,0.998818
2548,0,0.713189,0.000744,0.286067
2549,1,0.002731,0.000347,0.996921
2550,1,0.917839,0.000912,0.081249
2551,0,0.577254,0.001092,0.421654
2552,0,0.004632,0.000611,0.994757
2553,0,0.001453,0.001010,0.997537
2554,1,0.997530,0.001072,0.001398
2555,0,0.002024,0.000319,0.997656
2556,1,0.846608,0.001561,0.151831
2557,0,0.002515,0.000411,0.997074
2558,1,0.950203,0.000949,0.048848
2559,1,0.973024,0.000599,0.026377
2560,1,0.387082,0.001235,0.611683
2561,1,0.041425,0.873033,0.085542
2562,1,0.000737,0.000334,0.998929
2563,1,0.123377,0.000845,0.875777
2564,0,0.001008,0.000327,0.998665
2565,1,0.005745,0.001103,0.993152
2566,1,0.948481,0.000761,0.050758
2567,1,0.979140,0.000694,0.020166
2568,1,0.969756,0.000815,0.029430
2569,0,0.966630,0.010535,0.022835
2570,1,0.963905,0.000838,0.035256
2571,0,0.000548,0.000382,0.999070
2572,0,0.000584,0.000405,0.999011
2573,1,0.064955,0.865395,0.069650
2574,0,0.000562,0.000378,0.999060
2575,1,0.040889,0.000548,0.958563
2576,1,0.621448,0.001031,0.377521
2577,1,0.792900,0.000846,0.206254
2578,1,0.955548,0.000990,0.043462
2579,1,0.117027,0.000610,0.882364
2580,1,0.981810,0.001865,0.016325
2581,1,0.088752,0.000548,0.910700
2582,1,0.429088,0.005843,0.565069
2583,0,0.001131,0.000481,0.998388
2584,1,0.984336,0.000584,0.015081
2585,1,0.861015,0.001873,0.137112
2586,1,0.986502,0.000600,0.012898
2587,0,0.000757,0.000390,0.998853
2588,0,0.000939,0.000292,0.998769
2589,0,0.000610,0.000371,0.999019
2590,0,0.001034,0.000276,0.998690
2591,0,0.000567,0.000378,0.999056
2592,0,0.001371,0.000355,0.998273
2593,1,0.173640,0.005888,0.820472
2594,0,0.002352,0.000313,0.997335
2595,1,0.488817,0.000849,0.510334
2596,1,0.031099,0.000414,0.968487
2597,1,0.000829,0.000296,0.998875
2598,1,0.000849,0.000365,0.998787
2599,0,0.039416,0.000562,0.960023
2600,0,0.122833,0.000716,0.876451
2601,1,0.673347,0.001208,0.325445
2602,1,0.996703,0.001766,0.001531
2603,1,0.604839,0.001039,0.394122
2604,0,0.003201,0.000254,0.996545
2605,1,0.000799,0.000338,0.998863
2606,1,0.198685,0.000799,0.800517
2607,1,0.997231,0.000735,0.002034
2608,1,0.983780,0.000625,0.015595
2609,1,0.981099,0.000755,0.018147
2610,1,0.993142,0.000666,0.006192
2611,0,0.052358,0.000406,0.947236
2612,1,0.996350,0.000694,0.002956
2613,1,0.004929,0.000269,0.994803
2614,0,0.598382,0.001227,0.400391
2615,1,0.109233,0.001678,0.889088
2616,1,0.368457,0.001000,0.630543
2617,1,0.000646,0.000368,0.998986
2618,1,0.041134,0.000574,0.958292
2619,1,0.741003,0.186681,0.072316
2620,1,0.003026,0.000563,0.996411
2621,0,0.996365,0.000678,0.002957
2622,1,0.001558,0.002452,0.995990
2623,1,0.996372,0.002008,0.001620
2624,1,0.799455,0.001072,0.199473
2625,0,0.000554,0.000386,0.999059
2626,0,0.000607,0.000370,0.999023
2627,0,0.001866,0.000345,0.997789
2628,0,0.001967,0.000320,0.997713
2629,0,0.032760,0.000349,0.966891
2630,1,0.793380,0.001509,0.205111
2631,0,0.078783,0.000587,0.920631
2632,0,0.002033,0.000249,0.997718
2633,1,0.000614,0.000363,0.999022
2634,1,0.046759,0.000400,0.952840
2635,0,0.064513,0.000829,0.934658
2636,0,0.000726,0.000387,0.998888
2637,1,0.036866,0.009906,0.953228
2638,1,0.592986,0.001299,0.405715
2639,0,0.001606,0.000300,0.998094
2640,1,0.014857,0.000297,0.984846
2641,0,0.000614,0.000367,0.999018
2642,1,0.002080,0.000310,0.997610
2643,1,0.007278,0.000306,0.992416
2644,0,0.002339,0.000286,0.997375
2645,1,0.508285,0.000774,0.490941
2646,0,0.000796,0.000340,0.998864
2647,0,0.000650,0.000330,0.999020
2648,1,0.002965,0.006643,0.990392
2649,0,0.000606,0.000374,0.999021
2650,0,0.478720,0.000836,0.520444
2651,1,0.096630,0.001050,0.902320
2652,1,0.987451,0.000542,0.012006
2653,0,0.001879,0.000315,0.997805
2654,0,0.000913,0.000300,0.998787
2655,0,0.000654,0.000359,0.998986
2656,0,0.000680,0.000451,0.998869
2657,0,0.003729,0.000275,0.995996
2658,1,0.006361,0.000333,0.993306
2659,1,0.001595,0.000292,0.998113
2660,0,0.001018,0.000290,0.998691
2661,0,0.997531,0.000913,0.001556
2662,0,0.990384,0.000547,0.009069
2663,1,0.000679,0.000329,0.998992
2664,1,0.978691,0.000630,0.020679
2665,0,0.251870,0.000683,0.747447
2666,1,0.996132,0.000760,0.003108
2667,1,0.995012,0.000779,0.004209
2668,1,0.002431,0.000321,0.997248
2669,1,0.013621,0.001886,0.984493
2670,0,0.000704,0.000363,0.998933
2671,0,0.003096,0.000319,0.996586
2672,1,0.264295,0.453680,0.282025
2673,1,0.000676,0.000348,0.998976
2674,1,0.150110,0.073068,0.776822
2675,1,0.028803,0.000479,0.970718
2676,1,0.942145,0.000568,0.057288
2677,1,0.639077,0.000810,0.360114
2678,1,0.951762,0.000724,0.047514
2679,1,0.223328,0.000583,0.776090
2680,1,0.973230,0.000696,0.026074
2681,0,0.003428,0.000393,0.996179
2682,0,0.322044,0.579450,0.098507
2683,1,0.585074,0.000732,0.414194
2684,0,0.994312,0.000589,0.005099
2685,1,0.446835,0.488758,0.064408
2686,0,0.000711,0.000342,0.998948
2687,0,0.000773,0.000378,0.998849
2688,0,0.727379,0.001179,0.271442
2689,0,0.504677,0.001457,0.493866
2690,0,0.002441,0.000318,0.997241
2691,1,0.997577,0.001223,0.001199
2692,0,0.000812,0.000360,0.998828
2693,1,0.019582,0.001477,0.978942
2694,0,0.023331,0.000363,0.976306
2695,1,0.385266,0.001038,0.613696
2696,1,0.380228,0.607330,0.012442
2697,0,0.933255,0.000639,0.066106
2698,0,0.002077,0.000292,0.997631
2699,0,0.000697,0.000348,0.998955
2700,0,0.040454,0.000539,0.959007
2701,0,0.029056,0.000336,0.970607
2702,1,0.992279,0.000589,0.007132
2703,1,0.004133,0.488975,0.506892
2704,0,0.996163,0.000686,0.003150
2705,0,0.000863,0.000295,0.998842
2706,0,0.000770,0.000414,0.998816
2707,1,0.989482,0.000750,0.009768
2708,1,0.323664,0.001065,0.675271
2709,1,0.003418,0.010035,0.986547
2710,0,0.020650,0.000403,0.978947
2711,0,0.007685,0.000282,0.992033
2712,1,0.000846,0.000318,0.998836
2713,0,0.001115,0.000299,0.998586
2714,0,0.992826,0.000544,0.006629
2715,0,0.001628,0.000320,0.998052
2716,0,0.001016,0.000343,0.998641
2717,0,0.967352,0.000656,0.031992
2718,1,0.949787,0.000652,0.049562
2719,1,0.052555,0.002181,0.945264
2720,1,0.010344,0.000296,0.989360
2721,1,0.497078,0.482852,0.020070
2722,0,0.910115,0.000901,0.088984
2723,1,0.698667,0.000748,0.300585
2724,1,0.994897,0.000561,0.004542
2725,1,0.002521,0.000282,0.997197
2726,1,0.004556,0.000264,0.995180
2727,0,0.962795,0.000663,0.036542
2728,0,0.000666,0.000341,0.998993
2729,1,0.997300,0.001032,0.001667
2730,1,0.808780,0.000816,0.190404
2731,1,0.034545,0.000548,0.964908
2732,1,0.995047,0.000664,0.004289
2733,0,0.172822,0.000906,0.826271
2734,1,0.010329,0.000641,0.989030
2735,1,0.996411,0.000776,0.002814
2736,1,0.202276,0.001059,0.796665
2737,0,0.016977,0.000387,0.982636
2738,1,0.022515,0.001506,0.975979
2739,1,0.001135,0.001600,0.997264
2740,1,0.027089,0.000496,0.972416
2741,0,0.313841,0.000840,0.685319
2742,0,0.001423,0.000330,0.998247
2743,0,0.003997,0.000292,0.995711
2744,1,0.087738,0.714771,0.197491
2745,1,0.001636,0.000292,0.998073
2746,0,0.003595,0.000295,0.996111
2747,0,0.007640,0.000398,0.991962
2748,0,0.000570,0.000362,0.999068
2749,1,0.001170,0.000295,0.998535
2750,1,0.385169,0.002845,0.611986
2751,1,0.861928,0.000706,0.137367
2752,1,0.000982,0.000310,0.998708
2753,1,0.003456,0.000280,0.996265
2754,1,0.589094,0.001044,0.409862
2755,1,0.997076,0.000821,0.002103
2756,0,0.933710,0.000674,0.065617
2757,0,0.000861,0.000318,0.998821
2758,0,0.005938,0.000280,0.993781
2759,1,0.044620,0.000449,0.954931
2760,1,0.414472,0.000776,0.584752
2761,1,0.000671,0.000374,0.998954
2762,1,0.951190,0.000637,0.048173
2763,1,0.862482,0.000750,0.136768
2764,0,0.008225,0.001416,0.990359
2765,0,0.000976,0.000295,0.998729
2766,0,0.001676,0.000266,0.998058
2767,0,0.970501,0.000560,0.028939
2768,0,0.156742,0.000910,0.842348
2769,0,0.013531,0.000356,0.986112
2770,0,0.000676,0.000368,0.998955
2771,0,0.000891,0.000378,0.998730
2772,0,0.000606,0.000353,0.999040
2773,0,0.932957,0.000732,0.066311
2774,1,0.987931,0.000516,0.011553
2775,1,0.590318,0.002135,0.407547
2776,0,0.001748,0.000289,0.997963
2777,0,0.007084,0.000318,0.992598
2778,0,0.000623,0.000356,0.999021
2779,1,0.967004,0.000583,0.032413
2780,0,0.000601,0.000357,0.999042
2781,0,0.955577,0.000658,0.043766
2782,1,0.001937,0.000270,0.997793
2783,0,0.923209,0.000864,0.075927
2784,0,0.073294,0.073397,0.853308
2785,1,0.979908,0.000708,0.019385
2786,1,0.011669,0.000334,0.987997
2787,0,0.000925,0.000293,0.998782
2788,1,0.993027,0.000667,0.006306
2789,1,0.034431,0.000366,0.965203
2790,0,0.049400,0.003186,0.947413
2791,1,0.996494,0.000682,0.002824
2792,0,0.004466,0.000298,0.995236
2793,1,0.024182,0.004186,0.971632
2794,1,0.001296,0.000384,0.998320
2795,0,0.000575,0.000374,0.999052
2796,0,0.981539,0.000506,0.017955
2797,1,0.991394,0.000681,0.007925
2798,0,0.001082,0.000276,0.998642
2799,0,0.741560,0.005455,0.252985
2800,1,0.342006,0.000844,0.657149
2801,0,0.001262,0.000305,0.998433
2802,0,0.028929,0.000324,0.970747
2803,1,0.895105,0.000645,0.104251
2804,0,0.001536,0.000370,0.998094
2805,0,0.000785,0.000527,0.998688
2806,0,0.041619,0.000576,0.957805
2807,1,0.996633,0.000865,0.002501
2808,1,0.581840,0.000784,0.417376
2809,1,0.004192,0.000332,0.995476
2810,1,0.806289,0.000840,0.192871
2811,1,0.120250,0.001959,0.877791
2812,1,0.997174,0.000785,0.002041
2813,1,0.997584,0.001112,0.001303
2814,1,0.996582,0.000790,0.002628
2815,1,0.008954,0.000734,0.990312
2816,1,0.475325,0.001221,0.523454
2817,1,0.785772,0.000911,0.213317
2818,0,0.000619,0.000351,0.999030
2819,1,0.008219,0.000368,0.991414
2820,1,0.744115,0.000940,0.254945
2821,0,0.001844,0.000262,0.997893
2822,0,0.980446,0.000598,0.018956
2823,1,0.000808,0.000333,0.998860
2824,1,0.992017,0.000743,0.007240
2825,0,0.004889,0.000347,0.994764
2826,0,0.001166,0.006361,0.992473
2827,1,0.008362,0.000348,0.991290
2828,0,0.000794,0.000321,0.998886
2829,0,0.000806,0.000326,0.998867
2830,1,0.996579,0.001020,0.002401
2831,0,0.181765,0.000663,0.817571
2832,0,0.000724,0.000328,0.998947
2833,1,0.707429,0.227388,0.065183
2834,1,0.467296,0.000870,0.531834
2835,1,0.036449,0.800484,0.163067
2836,1,0.001183,0.000299,0.998519
2837,1,0.995988,0.000655,0.003358
2838,1,0.993448,0.000611,0.005941
2839,0,0.000769,0.000332,0.998899
2840,0,0.000561,0.000366,0.999072
2841,1,0.000626,0.000356,0.999018
2842,1,0.268161,0.325321,0.406518
2843,1,0.997567,0.000903,0.001531
2844,1,0.994978,0.000778,0.004243
2845,1,0.031665,0.000354,0.967981
2846,1,0.996900,0.001854,0.001246
2847,1,0.997801,0.001032,0.001167
2848,1,0.934427,0.000830,0.064743
2849,1,0.994410,0.000774,0.004816
2850,1,0.017744,0.000375,0.981880
2851,1,0.997349,0.000705,0.001946
2852,1,0.888683,0.000775,0.110542
2853,0,0.000890,0.000420,0.998691
2854,1,0.000725,0.000322,0.998954
2855,0,0.217715,0.000664,0.781621
2856,1,0.986934,0.000542,0.012523
2857,1,0.995883,0.000653,0.003464
2858,1,0.000608,0.000418,0.998974
2859,1,0.707421,0.256962,0.035617
2860,1,0.018086,0.010281,0.971633
2861,1,0.001316,0.000400,0.998283
2862,0,0.001573,0.000422,0.998005
2863,1,0.002483,0.000286,0.997231
2864,1,0.020548,0.000484,0.978969
2865,1,0.993745,0.000626,0.005630
2866,1,0.994603,0.000819,0.004578
2867,1,0.001265,0.000260,0.998475
2868,0,0.984586,0.000586,0.014828
2869,1,0.990260,0.000619,0.009121
2870,1,0.850430,0.016286,0.133284
2871,0,0.030577,0.000391,0.969032
2872,1,0.868235,0.088168,0.043597
2873,0,0.001668,0.000256,0.998076
2874,0,0.796422,0.000834,0.202744
2875,0,0.000623,0.000345,0.999032
2876,0,0.105323,0.068860,0.825817
2877,0,0.003679,0.000264,0.996057
2878,0,0.000745,0.000308,0.998947
2879,0,0.001266,0.000339,0.998395
2880,1,0.006885,0.000323,0.992792
2881,0,0.002102,0.000253,0.997645
2882,1,0.995761,0.000709,0.003530
2883,0,0.000651,0.000329,0.999020
2884,1,0.000592,0.000360,0.999048
2885,0,0.001458,0.000286,0.998257
2886,0,0.959830,0.000821,0.039349
2887,0,0.000722,0.000327,0.998951
2888,1,0.004585,0.000391,0.995024
2889,0,0.001080,0.000369,0.998551
2890,0,0.035421,0.000367,0.964212
2891,0,0.000706,0.000350,0.998944
2892,1,0.125495,0.000661,0.873844
2893,0,0.931280,0.001384,0.067337
2894,1,0.030385,0.000420,0.969195
2895,1,0.222029,0.000954,0.777016
2896,1,0.105009,0.002053,0.892938
2897,0,0.310413,0.000844,0.688742
2898,0,0.001704,0.000302,0.997995
2899,0,0.000528,0.000383,0.999089
2900,0,0.000821,0.000393,0.998786
2901,0,0.283280,0.001063,0.715658
2902,1,0.001276,0.000282,0.998442
2903,0,0.000564,0.000376,0.999060
2904,0,0.955964,0.000671,0.043365
2905,0,0.000605,0.000382,0.999013
2906,0,0.002811,0.000342,0.996847
2907,1,0.265011,0.668672,0.066317
2908,1,0.020224,0.003155,0.976621
2909,0,0.970032,0.000742,0.029226
2910,1,0.990948,0.000525,0.008527
2911,1,0.000647,0.000333,0.999021
2912,1,0.992513,0.000533,0.006954
2913,1,0.069468,0.633406,0.297126
2914,1,0.997768,0.001010,0.001222
2915,1,0.995301,0.000582,0.004117
2916,1,0.995264,0.000638,0.004098
2917,1,0.995760,0.000577,0.003662
2918,1,0.034832,0.125475,0.839693
2919,0,0.004861,0.000310,0.994829
2920,0,0.019363,0.000297,0.980340
2921,1,0.001362,0.000311,0.998327
2922,0,0.019436,0.000358,0.980207
2923,0,0.085668,0.000616,0.913716
2924,1,0.020199,0.000393,0.979408
2925,1,0.000927,0.000287,0.998785
2926,1,0.499090,0.000796,0.500114
2927,1,0.009501,0.000313,0.990186
2928,1,0.181734,0.000657,0.817610
2929,0,0.000849,0.000363,0.998787
2930,0,0.934509,0.000758,0.064733
2931,1,0.031381,0.000380,0.968239
2932,0,0.000650,0.000363,0.998987
2933,0,0.002029,0.000266,0.997704
2934,1,0.962030,0.000716,0.037254
2935,1,0.000554,0.000364,0.999081
2936,0,0.000534,0.000419,0.999047
2937,1,0.002342,0.000308,0.997350
2938,1,0.002033,0.000363,0.997604
2939,1,0.002765,0.000286,0.996950
2940,0,0.000796,0.000309,0.998895
2941,1,0.993540,0.000625,0.005835
2942,1,0.006057,0.013029,0.980915
2943,0,0.052927,0.138561,0.808512
2944,0,0.000837,0.000336,0.998827
2945,0,0.000671,0.000359,0.998971
2946,0,0.003139,0.000259,0.996602
2947,1,0.997714,0.000975,0.001311
2948,0,0.895942,0.007229,0.096829
2949,1,0.935954,0.000804,0.063243
2950,1,0.017283,0.000408,0.982309
2951,0,0.000547,0.000376,0.999077
2952,1,0.926680,0.000755,0.072565
2953,0,0.001561,0.000282,0.998157
2954,0,0.004830,0.000303,0.994866
2955,0,0.009231,0.000292,0.990477
2956,1,0.997505,0.000852,0.001643
2957,1,0.751350,0.000870,0.247779
2958,0,0.075671,0.000499,0.923830
2959,0,0.000494,0.000429,0.999076
2960,0,0.002108,0.000829,0.997063
2961,0,0.392666,0.000983,0.606350
2962,0,0.000885,0.000332,0.998783
2963,0,0.001957,0.000308,0.997735
2964,0,0.003286,0.000251,0.996463
2965,0,0.987058,0.000529,0.012413
2966,1,0.549594,0.001268,0.449138
2967,0,0.000669,0.000353,0.998978
2968,0,0.022612,0.000417,0.976972
2969,0,0.408615,0.000762,0.590623
2970,0,0.000913,0.000284,0.998803
2971,0,0.967153,0.000780,0.032066
2972,0,0.000620,0.000383,0.998997
2973,0,0.022837,0.000424,0.976738
2974,1,0.981195,0.000775,0.018030
2975,0,0.027456,0.000319,0.972225
2976,1,0.175262,0.000801,0.823937
2977,1,0.831669,0.000689,0.167641
2978,1,0.001064,0.000303,0.998632
2979,0,0.002700,0.000277,0.997023
2980,0,0.737812,0.001119,0.261069
2981,1,0.114391,0.000648,0.884961
2982,0,0.000668,0.000351,0.998981
2983,0,0.000578,0.000361,0.999061
2984,1,0.953866,0.000591,0.045544
2985,0,0.533891,0.001587,0.464521
2986,1,0.954639,0.000602,0.044760
2987,1,0.013758,0.000294,0.985948
2988,1,0.000563,0.000366,0.999070
2989,0,0.000689,0.000319,0.998992
2990,0,0.000730,0.000322,0.998948
2991,0,0.067503,0.000483,0.932014
2992,1,0.001221,0.000362,0.998417
2993,1,0.021224,0.008087,0.970689
2994,1,0.496309,0.000928,0.502764
2995,0,0.617558,0.000891,0.381551
2996,1,0.003998,0.000433,0.995569
2997,0,0.002219,0.000424,0.997357
2998,0,0.000612,0.000399,0.998989
2999,0,0.000635,0.000397,0.998969
