row_id,gold,p_hate,p_offensive,p_normal
0,1,0.000333,0.000132,0.999535
1,1,0.004031,0.000098,0.995871
2,1,0.000342,0.000128,0.999530
3,1,0.542965,0.000886,0.456149
4,0,0.001298,0.000180,0.998523
5,0,0.022710,0.000175,0.977114
6,0,0.000761,0.000088,0.999150
7,0,0.001793,0.000073,0.998134
8,0,0.035519,0.000135,0.964347
9,0,0.076445,0.000224,0.923331
10,1,0.992710,0.005859,0.001430
11,0,0.981583,0.000379,0.018038
12,1,0.987969,0.000466,0.011565
13,0,0.000411,0.000112,0.999477
14,0,0.284857,0.000431,0.714712
15,0,0.001205,0.001002,0.997793
16,1,0.008433,0.000103,0.991465
17,1,0.000568,0.000107,0.999325
18,0,0.000399,0.000138,0.999463
19,1,0.499395,0.000558,0.500048
20,1,0.001864,0.000078,0.998058
21,0,0.279865,0.000463,0.719672
22,0,0.000403,0.000118,0.999479
23,0,0.419837,0.001433,0.578730
24,1,0.002179,0.000252,0.997569
25,0,0.000643,0.000085,0.999271
26,0,0.000437,0.000117,0.999446
27,1,0.000825,0.000276,0.998899
28,1,0.001137,0.000102,0.998761
29,1,0.000734,0.000101,0.999165
30,1,0.027154,0.910654,0.062192
31,1,0.087013,0.000247,0.912740
32,1,0.000524,0.000108,0.999368
33,0,0.036627,0.000375,0.962998
34,1,0.698030,0.000675,0.301295
35,0,0.000349,0.000381,0.999269
36,1,0.022980,0.000160,0.976860
37,1,0.302592,0.000387,0.697022
38,0,0.003660,0.000118,0.996223
39,1,0.990058,0.008951,0.000991
40,1,0.003970,0.000299,0.995732
41,0,0.000405,0.000166,0.999429
42,0,0.016498,0.000152,0.983350
43,0,0.000411,0.000884,0.998704
44,1,0.000493,0.000112,0.999395
45,0,0.008211,0.000112,0.991677
46,0,0.000958,0.000094,0.998948
47,0,0.313511,0.000829,0.685660
48,1,0.000433,0.000267,0.999300
49,0,0.004453,0.000138,0.995409
50,1,0.957172,0.000350,0.042478
51,0,0.000388,0.000193,0.999419
52,0,0.000367,0.000133,0.999500
53,0,0.000592,0.000110,0.999298
54,0,0.003040,0.000170,0.996789
55,1,0.000404,0.000123,0.999473
56,0,0.000368,0.000152,0.999479
57,1,0.998329,0.000718,0.000953
58,1,0.024621,0.000146,0.975233
59,0,0.000630,0.000083,0.999286
60,0,0.000472,0.000113,0.999415
61,1,0.990781,0.002333,0.006887
62,1,0.545216,0.000465,0.454320
63,0,0.008325,0.000172,0.991503
64,1,0.996914,0.000424,0.002662
65,1,0.968089,0.000509,0.031402
66,1,0.000545,0.000155,0.999300
67,1,0.000665,0.000171,0.999164
68,0,0.009761,0.002802,0.987437
69,1,0.990319,0.000364,0.009317
70,0,0.000334,0.000164,0.999502
71,1,0.009942,0.031651,0.958407
72,0,0.001229,0.000098,0.998674
73,0,0.019458,0.000161,0.980381
74,0,0.001469,0.001006,0.997525
75,0,0.821701,0.000397,0.177902
76,0,0.000415,0.000124,0.999462
77,1,0.673588,0.000892,0.325520
78,0,0.022234,0.001379,0.976387
79,0,0.000337,0.000143,0.999520
80,1,0.007581,0.000125,0.992295
81,0,0.001141,0.000076,0.998784
82,1,0.995147,0.000545,0.004308
83,0,0.001796,0.000078,0.998126
84,1,0.996097,0.000423,0.003480
85,1,0.001800,0.000216,0.997984
86,0,0.000816,0.000082,0.999102
87,0,0.003006,0.000100,0.996894
88,1,0.985453,0.000463,0.014084
89,0,0.000477,0.000105,0.999418
90,0,0.001121,0.000078,0.998801
91,1,0.095682,0.000401,0.903918
92,1,0.000359,0.000197,0.999444
93,1,0.016265,0.000133,0.983603
94,0,0.000404,0.000201,0.999396
95,1,0.021248,0.000206,0.978546
96,0,0.000370,0.000142,0.999488
97,1,0.985049,0.000416,0.014535
98,1,0.000587,0.000088,0.999325
99,1,0.306292,0.076353,0.617355
100,0,0.005198,0.002101,0.992701
101,0,0.001237,0.000070,0.998693
102,0,0.000418,0.000113,0.999470
103,1,0.001601,0.000113,0.998285
104,1,0.000977,0.000099,0.998924
105,1,0.259039,0.704265,0.036696
106,1,0.022980,0.000160,0.976860
107,1,0.947355,0.000539,0.052106
108,0,0.008534,0.000449,0.991017
109,0,0.080562,0.000281,0.919156
110,0,0.008959,0.000185,0.990856
111,1,0.001017,0.000111,0.998872
112,0,0.000936,0.000520,0.998544
113,0,0.000404,0.000120,0.999476
114,0,0.000397,0.000199,0.999404
115,1,0.993123,0.000419,0.006458
116,0,0.000461,0.000173,0.999366
117,0,0.000479,0.000106,0.999415
118,0,0.000430,0.000113,0.999457
119,1,0.917197,0.047790,0.035012
120,1,0.996933,0.000418,0.002649
121,0,0.000406,0.000126,0.999468
122,0,0.000404,0.000117,0.999480
123,1,0.219624,0.000815,0.779561
124,1,0.897945,0.087590,0.014466
125,0,0.016652,0.175875,0.807473
126,0,0.000389,0.000154,0.999458
127,1,0.976548,0.000974,0.022478
128,1,0.020914,0.000282,0.978804
129,1,0.997231,0.000521,0.002248
130,1,0.004565,0.000084,0.995351
131,1,0.000433,0.000117,0.999450
132,0,0.178032,0.000369,0.821598
133,0,0.000958,0.000096,0.998946
134,0,0.000521,0.000115,0.999364
135,1,0.008059,0.000110,0.991831
136,1,0.001285,0.000119,0.998596
137,0,0.000879,0.001786,0.997335
138,1,0.917455,0.000535,0.082010
139,0,0.000440,0.000102,0.999457
140,0,0.000306,0.000153,0.999542
141,0,0.070542,0.000227,0.929230
142,1,0.000255,0.001182,0.998563
143,0,0.000414,0.000119,0.999466
144,1,0.001534,0.000072,0.998394
145,0,0.000466,0.000112,0.999421
146,1,0.841374,0.000755,0.157871
147,0,0.000806,0.000112,0.999081
148,0,0.000568,0.000089,0.999343
149,0,0.138394,0.000214,0.861392
150,1,0.101499,0.000302,0.898199
151,0,0.003701,0.000117,0.996182
152,0,0.010142,0.000099,0.989758
153,0,0.009256,0.000126,0.990617
154,0,0.014833,0.000139,0.985028
155,1,0.000592,0.000135,0.999272
156,1,0.898198,0.000450,0.101352
157,1,0.000639,0.000304,0.999058
158,1,0.002601,0.000096,0.997302
159,0,0.010096,0.000149,0.989756
160,1,0.391842,0.000564,0.607595
161,0,0.000473,0.000131,0.999396
162,1,0.079243,0.000384,0.920373
163,1,0.000407,0.000136,0.999457
164,1,0.023956,0.000139,0.975905
165,0,0.297639,0.000391,0.701970
166,0,0.172712,0.000364,0.826923
167,0,0.000390,0.000120,0.999490
168,0,0.752062,0.001057,0.246881
169,1,0.906828,0.001486,0.091686
170,0,0.006604,0.000098,0.993298
171,0,0.000425,0.000115,0.999460
172,0,0.000310,0.000219,0.999471
173,0,0.003427,0.000072,0.996501
174,1,0.029028,0.000160,0.970812
175,0,0.000375,0.000124,0.999501
176,0,0.000773,0.000078,0.999149
177,0,0.155207,0.000861,0.843932
178,1,0.000319,0.000210,0.999471
179,0,0.000545,0.000103,0.999352
180,0,0.000394,0.000136,0.999470
181,1,0.983783,0.014584,0.001633
182,0,0.000709,0.000120,0.999171
183,0,0.000568,0.000098,0.999334
184,0,0.000405,0.000233,0.999361
185,0,0.000579,0.000186,0.999235
186,0,0.002564,0.000452,0.996984
187,1,0.002321,0.000075,0.997604
188,0,0.000445,0.000128,0.999427
189,0,0.004388,0.000090,0.995522
190,0,0.600919,0.041398,0.357683
191,0,0.000362,0.000119,0.999518
192,0,0.000406,0.000124,0.999470
193,0,0.000687,0.000093,0.999219
194,0,0.041966,0.888677,0.069357
195,0,0.007085,0.000191,0.992725
196,0,0.000415,0.000105,0.999480
197,1,0.035189,0.000162,0.964649
198,0,0.357349,0.000405,0.642245
199,0,0.001029,0.000108,0.998863
200,0,0.000802,0.000079,0.999118
201,0,0.000434,0.000146,0.999421
202,0,0.000487,0.000107,0.999406
203,0,0.000560,0.000092,0.999348
204,0,0.000412,0.000122,0.999466
205,0,0.000783,0.000176,0.999041
206,1,0.000480,0.000137,0.999384
207,1,0.291418,0.000868,0.707715
208,1,0.040203,0.059605,0.900192
209,1,0.000303,0.000157,0.999541
210,0,0.994797,0.000429,0.004774
211,1,0.018858,0.091791,0.889351
212,1,0.053216,0.019943,0.926841
213,1,0.717008,0.001038,0.281954
214,1,0.929626,0.065002,0.005373
215,1,0.760521,0.233747,0.005731
216,1,0.893926,0.000744,0.105331
217,1,0.000597,0.000277,0.999125
218,1,0.193319,0.000318,0.806363
219,1,0.000303,0.000157,0.999541
220,1,0.000480,0.000106,0.999414
221,1,0.002947,0.005517,0.991536
222,1,0.000303,0.000157,0.999541
223,1,0.005142,0.000757,0.994101
224,1,0.706795,0.000543,0.292662
225,1,0.000369,0.000203,0.999428
226,1,0.577578,0.000973,0.421448
227,1,0.000367,0.000452,0.999181
228,1,0.055624,0.101488,0.842889
229,1,0.001831,0.000175,0.997994
230,1,0.013793,0.000103,0.986104
231,1,0.000298,0.000314,0.999387
232,1,0.000303,0.000157,0.999541
233,1,0.000375,0.000125,0.999500
234,1,0.000382,0.000261,0.999357
235,1,0.000394,0.000151,0.999455
236,1,0.051509,0.001604,0.946887
237,1,0.961412,0.000531,0.038057
238,1,0.000303,0.000157,0.999541
239,1,0.996972,0.001072,0.001956
240,1,0.163322,0.170290,0.666388
241,1,0.005494,0.016907,0.977599
242,1,0.997697,0.000532,0.001771
243,1,0.976643,0.000441,0.022916
244,1,0.027810,0.875757,0.096434
245,1,0.112555,0.000417,0.887028
246,1,0.289439,0.297004,0.413557
247,1,0.893032,0.099539,0.007429
248,1,0.994609,0.004452,0.000939
249,1,0.000342,0.000141,0.999517
250,1,0.026708,0.000149,0.973143
251,1,0.000364,0.000140,0.999496
252,1,0.001084,0.000280,0.998636
253,1,0.025100,0.001853,0.973047
254,0,0.000872,0.000093,0.999036
255,1,0.207451,0.008784,0.783765
256,1,0.000408,0.000166,0.999426
257,1,0.000644,0.000145,0.999211
258,0,0.000514,0.000104,0.999382
259,1,0.002771,0.000251,0.996979
260,1,0.996932,0.000439,0.002629
261,0,0.000547,0.000106,0.999347
262,0,0.007879,0.894443,0.097677
263,1,0.000431,0.000108,0.999462
264,1,0.000817,0.000077,0.999106
265,1,0.002039,0.000128,0.997833
266,0,0.984829,0.000365,0.014806
267,1,0.334133,0.000842,0.665026
268,1,0.867819,0.113820,0.018361
269,1,0.006160,0.001514,0.992326
270,0,0.215256,0.000319,0.784424
271,1,0.007493,0.000158,0.992348
272,0,0.858010,0.001675,0.140315
273,0,0.029225,0.000186,0.970589
274,0,0.000512,0.000097,0.999391
275,0,0.000756,0.000080,0.999164
276,1,0.731196,0.005719,0.263086
277,0,0.000839,0.000240,0.998921
278,1,0.008656,0.810002,0.181342
279,1,0.997727,0.000450,0.001823
280,1,0.870777,0.000771,0.128452
281,0,0.011714,0.925933,0.062353
282,0,0.002398,0.000512,0.997090
283,1,0.000408,0.000113,0.999478
284,0,0.103297,0.000623,0.896080
285,1,0.000959,0.000085,0.998956
286,1,0.000422,0.000141,0.999437
287,0,0.216840,0.161057,0.622103
288,0,0.000407,0.000108,0.999485
289,1,0.781634,0.183966,0.034400
290,0,0.066632,0.000254,0.933114
291,0,0.036468,0.000246,0.963286
292,0,0.000422,0.000108,0.999470
293,0,0.000374,0.000249,0.999377
294,1,0.008470,0.000542,0.990987
295,0,0.000337,0.000224,0.999440
296,0,0.013075,0.000124,0.986801
297,0,0.080361,0.000245,0.919394
298,1,0.000392,0.000126,0.999481
299,0,0.001532,0.000109,0.998359
300,1,0.000373,0.000153,0.999474
301,1,0.813100,0.091267,0.095633
302,0,0.000366,0.000143,0.999491
303,1,0.994081,0.000454,0.005465
304,1,0.815900,0.001111,0.182990
305,1,0.075934,0.898284,0.025782
306,0,0.252154,0.000574,0.747272
307,0,0.015094,0.000141,0.984765
308,1,0.983757,0.000410,0.015834
309,0,0.000556,0.000148,0.999296
310,1,0.997062,0.002283,0.000655
311,0,0.995733,0.000575,0.003693
312,1,0.187781,0.678010,0.134208
313,1,0.096199,0.000458,0.903344
314,1,0.008376,0.000097,0.991527
315,0,0.000298,0.000204,0.999498
316,0,0.000628,0.000087,0.999285
317,0,0.000502,0.000115,0.999383
318,1,0.008137,0.000520,0.991343
319,0,0.000364,0.000131,0.999505
320,1,0.923292,0.000384,0.076324
321,0,0.000384,0.000120,0.999496
322,0,0.001581,0.000090,0.998329
323,1,0.425618,0.000698,0.573684
324,0,0.004109,0.000113,0.995778
325,0,0.088455,0.001813,0.909732
326,1,0.097064,0.843530,0.059406
327,1,0.029991,0.000152,0.969857
328,0,0.037421,0.000228,0.962350
329,1,0.998281,0.000673,0.001045
330,1,0.342039,0.195582,0.462379
331,1,0.998233,0.000913,0.000854
332,1,0.001712,0.000071,0.998217
333,0,0.000363,0.000135,0.999501
334,1,0.001413,0.000116,0.998470
335,0,0.000377,0.000205,0.999418
336,0,0.000457,0.000134,0.999409
337,1,0.003203,0.000162,0.996635
338,0,0.905483,0.000674,0.093842
339,0,0.070342,0.000423,0.929236
340,0,0.000365,0.000141,0.999493
341,1,0.967772,0.000406,0.031822
342,1,0.001274,0.000097,0.998629
343,0,0.000433,0.000149,0.999418
344,0,0.000456,0.000106,0.999438
345,0,0.238640,0.000566,0.760795
346,0,0.000437,0.000120,0.999442
347,1,0.000517,0.000099,0.999384
348,0,0.000539,0.000110,0.999351
349,0,0.989172,0.000481,0.010347
350,1,0.988762,0.000425,0.010812
351,0,0.000366,0.000157,0.999477
352,1,0.000359,0.000138,0.999502
353,0,0.000324,0.000180,0.999496
354,0,0.025044,0.271238,0.703718
355,1,0.001191,0.000444,0.998365
356,0,0.010204,0.000598,0.989198
357,0,0.000400,0.000131,0.999469
358,0,0.000403,0.000158,0.999439
359,0,0.000464,0.000100,0.999437
360,0,0.000555,0.000100,0.999345
361,0,0.000665,0.000156,0.999179
362,1,0.046938,0.000828,0.952234
363,0,0.000777,0.000124,0.999100
364,1,0.002598,0.000086,0.997316
365,1,0.001055,0.000085,0.998860
366,0,0.003425,0.000203,0.996373
367,1,0.008163,0.000593,0.991244
368,1,0.992882,0.000395,0.006723
369,1,0.025708,0.000170,0.974123
370,1,0.898461,0.000789,0.100750
371,1,0.981730,0.000467,0.017802
372,0,0.000276,0.000176,0.999547
373,1,0.914205,0.000718,0.085078
374,0,0.967949,0.000323,0.031728
375,1,0.000221,0.000271,0.999508
376,1,0.031904,0.925675,0.042421
377,0,0.000863,0.000261,0.998876
378,0,0.001026,0.000192,0.998782
379,0,0.000251,0.000265,0.999485
380,1,0.998267,0.000847,0.000885
381,0,0.000303,0.000182,0.999515
382,0,0.018635,0.047758,0.933607
383,1,0.454259,0.135076,0.410664
384,0,0.023281,0.000141,0.976579
385,0,0.041887,0.000285,0.957828
386,0,0.001035,0.000082,0.998883
387,0,0.000341,0.000127,0.999532
388,0,0.001556,0.000132,0.998312
389,0,0.000942,0.000100,0.998958
390,0,0.000466,0.000229,0.999305
391,0,0.000458,0.000119,0.999422
392,1,0.997920,0.000638,0.001442
393,1,0.736302,0.002213,0.261485
394,1,0.000398,0.000148,0.999454
395,1,0.938817,0.000485,0.060698
396,1,0.003985,0.010474,0.985540
397,1,0.994785,0.000406,0.004808
398,1,0.099917,0.871154,0.028929
399,1,0.996718,0.000486,0.002796
400,1,0.034866,0.913924,0.051211
401,1,0.002174,0.000083,0.997743
402,1,0.000591,0.000112,0.999297
403,0,0.063623,0.000951,0.935426
404,1,0.604483,0.004619,0.390898
405,1,0.000551,0.000232,0.999217
406,1,0.998312,0.000788,0.000900
407,1,0.998180,0.000555,0.001265
408,1,0.066274,0.002339,0.931387
409,1,0.000803,0.000091,0.999106
410,0,0.000362,0.000141,0.999498
411,1,0.175302,0.009452,0.815246
412,0,0.543678,0.002031,0.454291
413,0,0.000336,0.000135,0.999529
414,1,0.000371,0.000123,0.999506
415,0,0.000357,0.000121,0.999521
416,0,0.002012,0.048891,0.949097
417,1,0.982474,0.000378,0.017148
418,1,0.916045,0.076843,0.007111
419,0,0.000387,0.000129,0.999484
420,1,0.034139,0.823692,0.142169
421,0,0.753550,0.000508,0.245942
422,1,0.003252,0.000085,0.996664
423,1,0.205333,0.777592,0.017074
424,1,0.005544,0.000232,0.994225
425,1,0.976044,0.000459,0.023498
426,1,0.000363,0.000136,0.999500
427,0,0.000365,0.000135,0.999500
428,1,0.003760,0.000120,0.996120
429,1,0.697394,0.000698,0.301908
430,0,0.000369,0.000143,0.999488
431,0,0.000302,0.000385,0.999313
432,0,0.005925,0.000085,0.993990
433,0,0.000697,0.000109,0.999194
434,0,0.041573,0.000163,0.958264
435,0,0.974596,0.000492,0.024912
436,0,0.820584,0.000444,0.178972
437,0,0.000320,0.000144,0.999536
438,0,0.000374,0.000228,0.999398
439,1,0.039944,0.000161,0.959894
440,0,0.000635,0.000113,0.999252
441,0,0.000381,0.000185,0.999434
442,1,0.000911,0.000101,0.998988
443,0,0.057431,0.000259,0.942310
444,0,0.001339,0.000105,0.998556
445,0,0.839363,0.000406,0.160231
446,0,0.000498,0.000136,0.999366
447,1,0.997122,0.002148,0.000730
448,0,0.000337,0.000159,0.999504
449,1,0.049141,0.934295,0.016564
450,0,0.078316,0.458037,0.463647
451,0,0.000405,0.002715,0.996881
452,1,0.996787,0.002559,0.000653
453,0,0.000486,0.000101,0.999413
454,1,0.001317,0.001192,0.997491
455,0,0.000668,0.000302,0.999030
456,1,0.000356,0.000131,0.999513
457,0,0.000313,0.000176,0.999511
458,1,0.615999,0.000818,0.383183
459,0,0.000521,0.000099,0.999380
460,0,0.001656,0.000091,0.998253
461,0,0.000365,0.000118,0.999517
462,0,0.000354,0.000126,0.999520
463,1,0.993758,0.005308,0.000934
464,1,0.975499,0.017035,0.007466
465,1,0.017156,0.000185,0.982659
466,1,0.012773,0.902042,0.085185
467,0,0.000339,0.000143,0.999518
468,0,0.000344,0.000148,0.999508
469,1,0.962740,0.000601,0.036659
470,1,0.171429,0.000377,0.828194
471,1,0.024469,0.000140,0.975391
472,1,0.041946,0.000146,0.957908
473,0,0.015338,0.000175,0.984487
474,1,0.000742,0.000078,0.999180
475,0,0.000357,0.000139,0.999505
476,1,0.076567,0.900168,0.023265
477,0,0.020198,0.028160,0.951642
478,0,0.000482,0.000123,0.999395
479,1,0.013744,0.009846,0.976410
480,1,0.995959,0.000543,0.003498
481,0,0.000375,0.000125,0.999500
482,0,0.023425,0.000169,0.976406
483,0,0.000449,0.000137,0.999414
484,1,0.997709,0.001711,0.000580
485,0,0.496293,0.000453,0.503254
486,1,0.988937,0.000476,0.010587
487,1,0.000400,0.000178,0.999421
488,1,0.000400,0.000123,0.999477
489,0,0.000393,0.000128,0.999480
490,0,0.035402,0.000160,0.964437
491,0,0.001136,0.002066,0.996798
492,1,0.351330,0.573618,0.075053
493,0,0.006890,0.000554,0.992556
494,0,0.136960,0.000300,0.862740
495,0,0.000385,0.000149,0.999466
496,1,0.000985,0.000084,0.998930
497,0,0.000340,0.000147,0.999513
498,0,0.000360,0.000157,0.999483
499,0,0.006616,0.003141,0.990244
500,0,0.001186,0.000560,0.998254
501,0,0.007829,0.167994,0.824177
502,0,0.000374,0.000121,0.999505
503,0,0.035432,0.000188,0.964379
504,1,0.989407,0.000374,0.010219
505,0,0.061286,0.000203,0.938511
506,1,0.000337,0.000141,0.999522
507,1,0.000557,0.000239,0.999205
508,1,0.002072,0.000119,0.997810
509,1,0.809415,0.183541,0.007044
510,1,0.024214,0.000906,0.974881
511,0,0.033321,0.000343,0.966336
512,0,0.000523,0.000094,0.999382
513,0,0.994758,0.000376,0.004866
514,1,0.000356,0.000121,0.999524
515,1,0.991405,0.000552,0.008043
516,1,0.095437,0.000296,0.904267
517,0,0.000319,0.000566,0.999115
518,1,0.834664,0.160254,0.005082
519,1,0.995506,0.000453,0.004041
520,1,0.000478,0.002705,0.996816
521,1,0.992250,0.000406,0.007345
522,1,0.014367,0.000117,0.985517
523,0,0.993314,0.002412,0.004274
524,1,0.925895,0.008163,0.065942
525,0,0.016974,0.000145,0.982880
526,1,0.008776,0.000104,0.991120
527,1,0.085691,0.894203,0.020106
528,1,0.835057,0.001643,0.163301
529,1,0.514636,0.465532,0.019832
530,0,0.995065,0.000358,0.004577
531,0,0.000357,0.000138,0.999505
532,1,0.038705,0.005086,0.956208
533,1,0.310586,0.002036,0.687378
534,0,0.000501,0.000120,0.999379
535,1,0.006012,0.048107,0.945881
536,1,0.905430,0.000414,0.094156
537,0,0.000645,0.000196,0.999159
538,0,0.000932,0.000095,0.998973
539,0,0.879006,0.000776,0.120219
540,1,0.997806,0.000533,0.001660
541,1,0.000468,0.000153,0.999379
542,1,0.998357,0.000680,0.000963
543,1,0.035692,0.606410,0.357898
544,1,0.099717,0.324120,0.576163
545,0,0.000362,0.000130,0.999509
546,1,0.007354,0.000136,0.992510
547,0,0.000728,0.000131,0.999141
548,0,0.864909,0.000553,0.134538
549,0,0.040077,0.000232,0.959691
550,0,0.003706,0.001524,0.994770
551,0,0.511273,0.001437,0.487289
552,1,0.001403,0.000101,0.998496
553,1,0.997672,0.000487,0.001841
554,1,0.000393,0.000126,0.999481
555,0,0.000552,0.000092,0.999356
556,0,0.000930,0.000096,0.998974
557,0,0.000582,0.000148,0.999270
558,1,0.001142,0.000353,0.998505
559,0,0.000354,0.000151,0.999495
560,0,0.011089,0.000172,0.988738
561,0,0.006109,0.000088,0.993803
562,0,0.002246,0.000068,0.997687
563,1,0.079815,0.016784,0.903401
564,1,0.000532,0.000101,0.999367
565,1,0.992090,0.001003,0.006906
566,1,0.000440,0.000111,0.999449
567,1,0.000620,0.000085,0.999295
568,0,0.000712,0.000160,0.999128
569,1,0.003551,0.000119,0.996330
570,0,0.000408,0.000123,0.999469
571,1,0.000602,0.000083,0.999315
572,0,0.000364,0.000116,0.999519
573,1,0.000341,0.000179,0.999481
574,0,0.497285,0.000702,0.502013
575,1,0.961511,0.035064,0.003426
576,0,0.000383,0.000122,0.999496
577,0,0.017037,0.000634,0.982328
578,1,0.356253,0.023778,0.619969
579,0,0.003910,0.000087,0.996003
580,0,0.826060,0.000984,0.172956
581,1,0.220313,0.000365,0.779322
582,1,0.001088,0.000158,0.998755
583,1,0.781772,0.001205,0.217023
584,1,0.964184,0.001829,0.033987
585,1,0.919049,0.000497,0.080454
586,0,0.003242,0.000125,0.996633
587,1,0.008405,0.000116,0.991480
588,0,0.000404,0.000105,0.999491
589,0,0.000294,0.000205,0.999501
590,1,0.199322,0.760781,0.039897
591,1,0.002862,0.012391,0.984748
592,1,0.041716,0.000220,0.958064
593,0,0.959997,0.000444,0.039559
594,1,0.044055,0.933971,0.021974
595,1,0.554797,0.438349,0.006854
596,1,0.428897,0.001287,0.569815
597,0,0.001072,0.000077,0.998850
598,0,0.000360,0.000130,0.999510
599,0,0.000430,0.000120,0.999450
600,0,0.000500,0.000098,0.999403
601,0,0.814548,0.000738,0.184714
602,1,0.915145,0.000754,0.084101
603,0,0.000874,0.000164,0.998961
604,0,0.000354,0.000177,0.999470
605,1,0.001123,0.000092,0.998786
606,0,0.001277,0.000086,0.998637
607,1,0.097101,0.000312,0.902588
608,1,0.059778,0.000436,0.939785
609,0,0.987178,0.000495,0.012327
610,0,0.224032,0.000312,0.775656
611,1,0.000424,0.000231,0.999345
612,0,0.000523,0.000106,0.999371
613,1,0.000403,0.000124,0.999473
614,0,0.000967,0.000162,0.998871
615,0,0.000651,0.000103,0.999246
616,1,0.944140,0.001085,0.054775
617,0,0.000311,0.000142,0.999547
618,0,0.000331,0.000158,0.999511
619,0,0.000562,0.000112,0.999327
620,1,0.212440,0.000656,0.786905
621,1,0.000321,0.000147,0.999532
622,1,0.000375,0.000125,0.999501
623,1,0.997000,0.001398,0.001602
624,0,0.994481,0.000413,0.005106
625,1,0.000868,0.000078,0.999054
626,1,0.003899,0.000197,0.995904
627,0,0.000320,0.000463,0.999217
628,1,0.992602,0.000363,0.007035
629,1,0.012667,0.001671,0.985662
630,0,0.000447,0.000181,0.999373
631,0,0.006422,0.000170,0.993407
632,1,0.450322,0.000977,0.548701
633,1,0.000373,0.002698,0.996930
634,0,0.004673,0.002027,0.993301
635,0,0.000635,0.000100,0.999265
636,0,0.001374,0.000097,0.998529
637,0,0.001639,0.000085,0.998277
638,0,0.001832,0.000148,0.998020
639,1,0.931065,0.000560,0.068376
640,0,0.000219,0.000467,0.999314
641,1,0.890368,0.100849,0.008783
642,1,0.030018,0.405179,0.564803
643,1,0.007813,0.000075,0.992112
644,1,0.995247,0.000393,0.004360
645,1,0.001139,0.000132,0.998729
646,1,0.000558,0.000173,0.999268
647,1,0.997348,0.000519,0.002132
648,0,0.113710,0.000237,0.886053
649,0,0.930431,0.000624,0.068945
650,0,0.000418,0.000129,0.999453
651,0,0.716077,0.000474,0.283449
652,1,0.000442,0.000100,0.999458
653,1,0.996555,0.000906,0.002539
654,0,0.000446,0.000150,0.999403
655,0,0.001527,0.012749,0.985724
656,0,0.885525,0.000414,0.114061
657,1,0.001456,0.001169,0.997375
658,1,0.000491,0.000114,0.999395
659,1,0.000680,0.000111,0.999209
660,0,0.000325,0.000168,0.999507
661,0,0.000452,0.000174,0.999374
662,1,0.000460,0.000100,0.999440
663,1,0.001370,0.000689,0.997940
664,0,0.942750,0.000666,0.056584
665,1,0.997413,0.001117,0.001470
666,1,0.003011,0.001597,0.995392
667,0,0.000430,0.000129,0.999441
668,0,0.012423,0.006246,0.981331
669,0,0.847997,0.000526,0.151477
670,0,0.000507,0.000093,0.999399
671,1,0.002880,0.000163,0.996958
672,1,0.001561,0.000116,0.998323
673,0,0.001337,0.000081,0.998581
674,0,0.046173,0.000255,0.953573
675,0,0.683723,0.000516,0.315761
676,0,0.000397,0.000112,0.999491
677,1,0.322128,0.649499,0.028372
678,0,0.002476,0.000453,0.997071
679,0,0.858304,0.000633,0.141063
680,1,0.002320,0.000509,0.997171
681,1,0.980670,0.003007,0.016323
682,0,0.000306,0.000142,0.999553
683,0,0.001893,0.000094,0.998013
684,0,0.995305,0.000368,0.004326
685,1,0.009173,0.570667,0.420160
686,1,0.032816,0.000166,0.967018
687,0,0.000518,0.000093,0.999388
688,0,0.000462,0.000113,0.999424
689,0,0.001380,0.000080,0.998540
690,0,0.753461,0.000809,0.245730
691,0,0.248385,0.001312,0.750303
692,0,0.002262,0.000079,0.997659
693,1,0.000362,0.000132,0.999506
694,1,0.000378,0.000116,0.999506
695,0,0.033302,0.000703,0.965995
696,0,0.000292,0.000196,0.999511
697,0,0.003382,0.000109,0.996509
698,1,0.983188,0.000445,0.016367
699,1,0.137479,0.000477,0.862043
700,0,0.000314,0.000328,0.999358
701,1,0.000431,0.000177,0.999393
702,0,0.204773,0.000285,0.794942
703,0,0.000468,0.000104,0.999428
704,1,0.997122,0.000441,0.002437
705,0,0.090775,0.000273,0.908952
706,0,0.000682,0.000099,0.999219
707,0,0.097018,0.000291,0.902691
708,1,0.317336,0.001098,0.681566
709,1,0.997860,0.000574,0.001566
710,0,0.067945,0.000367,0.931687
711,0,0.000392,0.000115,0.999494
712,1,0.996352,0.002181,0.001466
713,1,0.027853,0.000238,0.971909
714,1,0.974869,0.000397,0.024734
715,0,0.000834,0.000086,0.999080
716,0,0.000333,0.000147,0.999520
717,0,0.988544,0.000482,0.010975
718,1,0.000737,0.000402,0.998862
719,1,0.937688,0.000580,0.061731
720,1,0.948101,0.000759,0.051140
721,0,0.893477,0.001313,0.105210
722,0,0.000451,0.000115,0.999434
723,1,0.002265,0.000072,0.997664
724,0,0.000353,0.000127,0.999520
725,1,0.998349,0.000685,0.000966
726,1,0.373263,0.000447,0.626290
727,1,0.988445,0.000355,0.011200
728,1,0.421983,0.000581,0.577435
729,1,0.953358,0.000465,0.046177
730,1,0.960549,0.000328,0.039122
731,1,0.975505,0.000395,0.024100
732,1,0.997242,0.000447,0.002311
733,1,0.951023,0.000498,0.048479
734,1,0.974860,0.000610,0.024529
735,1,0.000333,0.000140,0.999527
736,0,0.000480,0.000103,0.999417
737,0,0.530585,0.000395,0.469020
738,0,0.001443,0.000083,0.998474
739,1,0.013661,0.000118,0.986220
740,1,0.996661,0.000582,0.002756
741,1,0.000374,0.000313,0.999313
742,1,0.996551,0.002874,0.000575
743,1,0.588860,0.000458,0.410682
744,1,0.969833,0.000406,0.029761
745,0,0.750923,0.000513,0.248564
746,0,0.002504,0.000140,0.997356
747,1,0.535351,0.000760,0.463890
748,1,0.105442,0.868317,0.026241
749,0,0.631832,0.000683,0.367484
750,0,0.006612,0.000135,0.993253
751,0,0.705994,0.000603,0.293403
752,1,0.976035,0.000415,0.023550
753,0,0.007248,0.000117,0.992634
754,0,0.003625,0.000300,0.996075
755,0,0.000441,0.000108,0.999452
756,0,0.000604,0.000098,0.999298
757,0,0.000357,0.000129,0.999515
758,0,0.004967,0.000082,0.994951
759,0,0.000399,0.000142,0.999459
760,1,0.996107,0.000350,0.003543
761,1,0.000503,0.000097,0.999399
762,0,0.000376,0.000189,0.999434
763,0,0.855697,0.000594,0.143709
764,0,0.019806,0.000116,0.980078
765,0,0.144737,0.005204,0.850059
766,0,0.948340,0.000492,0.051168
767,1,0.997938,0.000473,0.001589
768,1,0.979771,0.000535,0.019695
769,0,0.002231,0.003339,0.994431
770,0,0.003225,0.000169,0.996606
771,1,0.000358,0.000160,0.999482
772,1,0.005399,0.218793,0.775808
773,0,0.000405,0.000113,0.999482
774,0,0.000313,0.000145,0.999542
775,0,0.063810,0.223724,0.712466
776,0,0.000340,0.000128,0.999532
777,0,0.000577,0.000225,0.999198
778,1,0.996732,0.000419,0.002848
779,0,0.000328,0.000164,0.999507
780,1,0.324047,0.000674,0.675278
781,0,0.000290,0.000567,0.999143
782,0,0.000346,0.000156,0.999498
783,0,0.000346,0.000131,0.999523
784,0,0.000806,0.000082,0.999113
785,0,0.122065,0.000463,0.877472
786,1,0.078585,0.000445,0.920970
787,0,0.983466,0.000286,0.016248
788,1,0.845807,0.000799,0.153394
789,1,0.208513,0.768600,0.022887
790,1,0.844185,0.150725,0.005090
791,1,0.009248,0.000102,0.990650
792,0,0.972556,0.000464,0.026979
793,1,0.133809,0.000272,0.865919
794,0,0.552418,0.000658,0.446924
795,1,0.937798,0.000645,0.061557
796,1,0.757656,0.000512,0.241832
797,0,0.000371,0.000120,0.999509
798,0,0.001818,0.000087,0.998095
799,1,0.016115,0.000235,0.983650
800,0,0.000724,0.000120,0.999156
801,1,0.420454,0.009008,0.570537
802,1,0.954960,0.003037,0.042003
803,1,0.003159,0.000113,0.996728
804,1,0.542739,0.218429,0.238832
805,1,0.035890,0.000398,0.963712
806,1,0.001310,0.000325,0.998365
807,1,0.777957,0.000482,0.221561
808,1,0.949897,0.000456,0.049647
809,1,0.997915,0.001042,0.001043
810,1,0.997382,0.000460,0.002159
811,1,0.000436,0.000127,0.999437
812,1,0.133112,0.000294,0.866594
813,1,0.005877,0.000095,0.994028
814,1,0.840908,0.000589,0.158503
815,1,0.973092,0.000440,0.026468
816,0,0.082374,0.000326,0.917300
817,0,0.003073,0.000087,0.996840
818,1,0.001107,0.000087,0.998806
819,1,0.143505,0.000392,0.856103
820,0,0.001765,0.000540,0.997695
821,1,0.941330,0.000532,0.058138
822,1,0.008124,0.000216,0.991660
823,1,0.000613,0.000092,0.999295
824,1,0.002581,0.000076,0.997344
825,1,0.000371,0.001620,0.998009
826,1,0.043483,0.000230,0.956287
827,0,0.000986,0.001998,0.997016
828,1,0.867551,0.000781,0.131668
829,0,0.002043,0.011021,0.986937
830,1,0.996526,0.000492,0.002982
831,0,0.000381,0.000150,0.999469
832,1,0.002209,0.000090,0.997702
833,1,0.002487,0.000084,0.997428
834,0,0.000371,0.000141,0.999488
835,1,0.994851,0.000482,0.004667
836,1,0.001366,0.000104,0.998530
837,1,0.939158,0.000589,0.060253
838,1,0.998325,0.000818,0.000856
839,1,0.000594,0.000103,0.999303
840,1,0.229211,0.000658,0.770131
841,1,0.239851,0.000572,0.759577
842,1,0.995871,0.000479,0.003650
843,0,0.043938,0.000183,0.955879
844,1,0.204358,0.000283,0.795359
845,1,0.992401,0.000447,0.007152
846,0,0.002569,0.000181,0.997250
847,0,0.354867,0.000505,0.644628
848,0,0.997417,0.000473,0.002110
849,0,0.632854,0.000765,0.366381
850,0,0.000966,0.000104,0.998929
851,1,0.000663,0.000087,0.999250
852,0,0.000803,0.000159,0.999038
853,0,0.000794,0.016528,0.982678
854,0,0.001719,0.000475,0.997806
855,0,0.000725,0.001501,0.997773
856,0,0.004021,0.000075,0.995905
857,0,0.974289,0.000531,0.025180
858,0,0.006117,0.000127,0.993755
859,1,0.983436,0.015525,0.001039
860,0,0.000451,0.000107,0.999442
861,1,0.000317,0.000157,0.999526
862,1,0.000602,0.000090,0.999307
863,0,0.000595,0.000296,0.999110
864,0,0.000299,0.000157,0.999543
865,1,0.927198,0.000477,0.072325
866,1,0.000322,0.000185,0.999493
867,0,0.000920,0.000102,0.998978
868,0,0.000383,0.000188,0.999428
869,0,0.000373,0.000114,0.999513
870,1,0.015880,0.000142,0.983978
871,1,0.000414,0.000147,0.999439
872,1,0.942753,0.053965,0.003282
873,1,0.000402,0.000257,0.999341
874,1,0.000337,0.000151,0.999512
875,0,0.000530,0.000097,0.999373
876,1,0.000529,0.000289,0.999182
877,1,0.989802,0.008758,0.001440
878,1,0.000375,0.000154,0.999471
879,0,0.000432,0.000115,0.999452
880,0,0.000637,0.000085,0.999278
881,0,0.000423,0.000125,0.999451
882,1,0.000831,0.000165,0.999004
883,0,0.000363,0.000121,0.999516
884,1,0.992102,0.000469,0.007429
885,0,0.000441,0.000128,0.999431
886,1,0.130648,0.000558,0.868794
887,0,0.000281,0.000183,0.999537
888,0,0.000299,0.000167,0.999534
889,0,0.997606,0.000517,0.001877
890,0,0.000728,0.000131,0.999141
891,0,0.000352,0.000129,0.999519
892,0,0.000359,0.000119,0.999522
893,1,0.994131,0.000558,0.005311
894,0,0.001340,0.000084,0.998576
895,0,0.000463,0.000104,0.999434
896,0,0.000366,0.000151,0.999483
897,0,0.000468,0.000101,0.999431
898,0,0.006110,0.000706,0.993184
899,0,0.000790,0.000119,0.999091
900,1,0.061730,0.000220,0.938050
901,0,0.088616,0.001971,0.909414
902,0,0.015677,0.000296,0.984028
903,0,0.994545,0.000454,0.005001
904,0,0.031721,0.000165,0.968114
905,0,0.000428,0.000101,0.999471
906,0,0.000368,0.000117,0.999516
907,0,0.997855,0.000546,0.001599
908,1,0.769462,0.000872,0.229666
909,0,0.000334,0.000148,0.999518
910,0,0.948078,0.000490,0.051432
911,0,0.002530,0.000094,0.997376
912,1,0.138499,0.001721,0.859780
913,0,0.674995,0.000497,0.324508
914,0,0.000318,0.000137,0.999546
915,1,0.048986,0.000162,0.950852
916,1,0.074082,0.894964,0.030954
917,1,0.695427,0.000377,0.304196
918,0,0.000352,0.000133,0.999516
919,1,0.530856,0.001338,0.467806
920,1,0.876046,0.001383,0.122571
921,0,0.000352,0.000138,0.999511
922,0,0.000340,0.000226,0.999434
923,0,0.001139,0.000073,0.998788
924,0,0.147763,0.000300,0.851937
925,1,0.443565,0.396736,0.159698
926,0,0.000374,0.000118,0.999508
927,1,0.997329,0.001785,0.000887
928,0,0.000382,0.000123,0.999495
929,0,0.000413,0.000134,0.999453
930,0,0.041385,0.670713,0.287902
931,1,0.871457,0.000674,0.127870
932,0,0.000433,0.000397,0.999170
933,0,0.000309,0.000133,0.999557
934,1,0.003774,0.000118,0.996108
935,1,0.019051,0.000263,0.980685
936,0,0.000433,0.000118,0.999448
937,0,0.000740,0.000085,0.999175
938,0,0.000552,0.000110,0.999338
939,0,0.001526,0.000081,0.998392
940,0,0.000436,0.000108,0.999457
941,0,0.255669,0.000757,0.743574
942,0,0.000362,0.000129,0.999509
943,1,0.213631,0.775706,0.010663
944,0,0.000443,0.000113,0.999444
945,1,0.990927,0.000360,0.008713
946,1,0.363861,0.561535,0.074604
947,1,0.000638,0.000094,0.999268
948,0,0.002359,0.000096,0.997545
949,0,0.000681,0.000108,0.999210
950,1,0.000598,0.000150,0.999252
951,1,0.947157,0.000657,0.052186
952,0,0.000300,0.000180,0.999519
953,1,0.001446,0.000080,0.998474
954,1,0.054323,0.719238,0.226439
955,0,0.000302,0.000177,0.999521
956,1,0.021369,0.013054,0.965578
957,0,0.012074,0.247611,0.740315
958,0,0.006743,0.000189,0.993068
959,0,0.000346,0.000247,0.999408
960,0,0.000454,0.000105,0.999440
961,0,0.001422,0.000098,0.998480
962,0,0.011766,0.000106,0.988129
963,0,0.009835,0.000094,0.990071
964,1,0.108433,0.000315,0.891252
965,0,0.003759,0.000107,0.996135
966,0,0.146879,0.000392,0.852728
967,0,0.000316,0.000229,0.999455
968,0,0.001461,0.000077,0.998461
969,0,0.000611,0.000133,0.999256
970,0,0.000442,0.000108,0.999450
971,0,0.000485,0.000123,0.999392
972,0,0.000497,0.000128,0.999375
973,1,0.998262,0.000896,0.000842
974,0,0.985553,0.000294,0.014153
975,0,0.000711,0.000087,0.999202
976,0,0.033916,0.000163,0.965921
977,1,0.992643,0.006569,0.000788
978,1,0.000587,0.000097,0.999316
979,1,0.000384,0.000124,0.999492
980,0,0.002953,0.000078,0.996969
981,1,0.413607,0.000592,0.585802
982,0,0.000481,0.000227,0.999293
983,1,0.611643,0.000639,0.387718
984,0,0.321063,0.000723,0.678214
985,1,0.982974,0.000658,0.016368
986,1,0.038912,0.789431,0.171657
987,1,0.000363,0.000131,0.999506
988,1,0.997721,0.000460,0.001819
989,0,0.000283,0.000170,0.999547
990,0,0.997186,0.001439,0.001374
991,0,0.000332,0.000143,0.999524
992,1,0.717034,0.000519,0.282448
993,1,0.000556,0.000094,0.999350
994,1,0.083940,0.898509,0.017551
995,1,0.995791,0.000469,0.003740
996,0,0.834549,0.000990,0.164462
997,0,0.030651,0.000222,0.969127
998,1,0.738529,0.000441,0.261029
999,1,0.012997,0.923148,0.063855
1000,1,0.879163,0.000448,0.120389
1001,1,0.865210,0.000634,0.134156
1002,1,0.040302,0.907254,0.052444
1003,0,0.125580,0.001196,0.873224
1004,1,0.868010,0.012164,0.119826
1005,0,0.892388,0.000347,0.107265
1006,1,0.887308,0.000509,0.112183
1007,1,0.707315,0.001333,0.291351
1008,0,0.000606,0.000095,0.999299
1009,0,0.101598,0.000203,0.898200
1010,1,0.000762,0.000082,0.999156
1011,0,0.001362,0.000071,0.998567
1012,0,0.020946,0.000187,0.978868
1013,0,0.005594,0.000100,0.994306
1014,1,0.985679,0.000324,0.013997
1015,1,0.925859,0.002052,0.072089
1016,1,0.005555,0.000885,0.993559
1017,1,0.423543,0.516023,0.060434
1018,1,0.983594,0.000643,0.015763
1019,0,0.005297,0.000098,0.994605
1020,0,0.929737,0.000308,0.069955
1021,1,0.006513,0.000127,0.993361
1022,0,0.000433,0.000156,0.999411
1023,1,0.925400,0.000369,0.074231
1024,1,0.437930,0.000408,0.561662
1025,1,0.995529,0.000452,0.004018
1026,1,0.988504,0.000420,0.011076
1027,1,0.005728,0.093100,0.901172
1028,1,0.961472,0.000459,0.038069
1029,1,0.998272,0.000721,0.001007
1030,0,0.508735,0.000806,0.490459
1031,1,0.934472,0.058598,0.006930
1032,1,0.000416,0.000108,0.999476
1033,0,0.081528,0.000288,0.918184
1034,1,0.002020,0.000302,0.997678
1035,0,0.000386,0.000148,0.999466
1036,1,0.892561,0.006532,0.100908
1037,0,0.001572,0.000103,0.998325
1038,1,0.667868,0.000691,0.331441
1039,1,0.994006,0.000480,0.005514
1040,1,0.998346,0.000943,0.000711
1041,1,0.181337,0.000555,0.818107
1042,1,0.963742,0.000417,0.035840
1043,0,0.014612,0.000126,0.985262
1044,1,0.832480,0.001038,0.166482
1045,1,0.869947,0.000645,0.129408
1046,1,0.270390,0.710601,0.019008
1047,1,0.003313,0.000120,0.996567
1048,0,0.001193,0.000080,0.998728
1049,0,0.961249,0.000513,0.038238
1050,0,0.000449,0.000104,0.999448
1051,0,0.000378,0.000155,0.999468
1052,0,0.008178,0.000086,0.991736
1053,1,0.001907,0.000073,0.998020
1054,0,0.002340,0.000078,0.997582
1055,0,0.001530,0.000071,0.998399
1056,1,0.997219,0.000740,0.002041
1057,0,0.000651,0.000088,0.999261
1058,0,0.000437,0.000138,0.999425
1059,0,0.000351,0.000139,0.999510
1060,0,0.000351,0.000141,0.999509
1061,0,0.984235,0.000449,0.015316
1062,1,0.992817,0.000418,0.006765
1063,0,0.508126,0.000745,0.491128
1064,0,0.014468,0.000136,0.985396
1065,0,0.000320,0.000188,0.999492
1066,0,0.657862,0.000815,0.341323
1067,0,0.000861,0.000122,0.999017
1068,0,0.000548,0.000110,0.999343
1069,1,0.636886,0.000325,0.362789
1070,1,0.001534,0.000080,0.998386
1071,1,0.002665,0.000076,0.997259
1072,0,0.001041,0.000079,0.998880
1073,0,0.938460,0.000525,0.061015
1074,0,0.002376,0.000097,0.997528
1075,1,0.006056,0.000127,0.993817
1076,1,0.044654,0.915977,0.039369
1077,0,0.076503,0.000327,0.923170
1078,0,0.000670,0.017720,0.981610
1079,0,0.000578,0.000119,0.999303
1080,0,0.018081,0.000124,0.981795
1081,0,0.000281,0.000185,0.999534
1082,0,0.000343,0.000149,0.999508
1083,0,0.993422,0.000420,0.006158
1084,1,0.996821,0.000467,0.002712
1085,0,0.000436,0.000107,0.999456
1086,0,0.000395,0.000143,0.999462
1087,1,0.010996,0.001442,0.987562
1088,1,0.030855,0.616834,0.352311
1089,1,0.141232,0.000345,0.858423
1090,0,0.563409,0.000840,0.435751
1091,0,0.006809,0.000103,0.993088
1092,0,0.000305,0.000149,0.999545
1093,0,0.079306,0.000326,0.920368
1094,0,0.000362,0.000129,0.999509
1095,0,0.002286,0.000114,0.997600
1096,0,0.000941,0.000140,0.998920
1097,1,0.380899,0.000624,0.618477
1098,0,0.002284,0.000133,0.997583
1099,0,0.995028,0.000401,0.004571
1100,1,0.997826,0.001554,0.000620
1101,1,0.000434,0.000165,0.999400
1102,1,0.998216,0.000747,0.001036
1103,1,0.007709,0.000243,0.992048
1104,1,0.997435,0.000908,0.001657
1105,0,0.000444,0.000107,0.999449
1106,1,0.243818,0.000311,0.755870
1107,1,0.053029,0.000643,0.946327
1108,1,0.232909,0.002108,0.764983
1109,1,0.014179,0.000178,0.985643
1110,0,0.000393,0.000128,0.999479
1111,0,0.053574,0.000190,0.946236
1112,1,0.009749,0.000092,0.990159
1113,1,0.163813,0.000403,0.835784
1114,1,0.000577,0.000163,0.999260
1115,0,0.015996,0.011223,0.972781
1116,1,0.000374,0.000168,0.999458
1117,1,0.912201,0.000529,0.087270
1118,0,0.996038,0.000376,0.003586
1119,0,0.002232,0.000076,0.997692
1120,1,0.918290,0.000497,0.081213
1121,0,0.000417,0.000142,0.999441
1122,1,0.968272,0.000282,0.031446
1123,1,0.997598,0.000493,0.001909
1124,1,0.929433,0.007719,0.062848
1125,1,0.329176,0.000937,0.669887
1126,1,0.000347,0.000140,0.999513
1127,1,0.369760,0.001239,0.629001
1128,1,0.931269,0.000614,0.068117
1129,1,0.000485,0.000105,0.999409
1130,1,0.000434,0.000128,0.999438
1131,1,0.162615,0.000825,0.836561
1132,1,0.904295,0.007787,0.087918
1133,0,0.001170,0.000078,0.998752
1134,1,0.968813,0.000849,0.030338
1135,1,0.995310,0.004041,0.000649
1136,1,0.847190,0.000554,0.152256
1137,1,0.802352,0.000433,0.197215
1138,1,0.011169,0.016200,0.972631
1139,1,0.000428,0.000114,0.999458
1140,0,0.000424,0.000121,0.999455
1141,0,0.000620,0.000087,0.999293
1142,0,0.001737,0.000077,0.998186
1143,0,0.016221,0.000109,0.983670
1144,0,0.005693,0.000350,0.993957
1145,0,0.003050,0.000103,0.996846
1146,1,0.767875,0.000570,0.231555
1147,0,0.391868,0.000385,0.607747
1148,0,0.000432,0.000103,0.999465
1149,0,0.193146,0.000280,0.806574
1150,0,0.000744,0.000082,0.999174
1151,0,0.052277,0.000196,0.947526
1152,0,0.000489,0.000124,0.999387
1153,0,0.000302,0.000153,0.999545
1154,0,0.000719,0.000115,0.999166
1155,1,0.219255,0.769562,0.011182
1156,0,0.000425,0.000118,0.999457
1157,0,0.297119,0.000348,0.702534
1158,0,0.000477,0.000115,0.999408
1159,1,0.053636,0.000228,0.946136
1160,1,0.919733,0.000657,0.079610
1161,1,0.000520,0.000195,0.999285
1162,0,0.398236,0.004438,0.597326
1163,1,0.000490,0.000111,0.999398
1164,1,0.000723,0.000284,0.998993
1165,1,0.000955,0.000121,0.998924
1166,1,0.777240,0.001597,0.221163
1167,1,0.741991,0.000628,0.257380
1168,1,0.887295,0.000601,0.112105
1169,1,0.959069,0.000287,0.040643
1170,0,0.053428,0.061688,0.884884
1171,1,0.997372,0.000553,0.002075
1172,1,0.995469,0.001582,0.002949
1173,1,0.989764,0.000345,0.009891
1174,0,0.058400,0.642180,0.299420
1175,0,0.000360,0.000136,0.999504
1176,0,0.014216,0.002568,0.983216
1177,0,0.000363,0.000136,0.999501
1178,0,0.000368,0.000131,0.999502
1179,1,0.954052,0.000389,0.045559
1180,1,0.048109,0.912301,0.039590
1181,1,0.761855,0.000630,0.237514
1182,0,0.000367,0.000131,0.999503
1183,1,0.006853,0.000101,0.993046
1184,1,0.133161,0.000470,0.866369
1185,0,0.095376,0.868384,0.036240
1186,0,0.000388,0.000146,0.999466
1187,0,0.000326,0.000148,0.999527
1188,0,0.004494,0.000125,0.995381
1189,0,0.000380,0.000121,0.999500
1190,1,0.000718,0.000114,0.999168
1191,1,0.979388,0.000333,0.020279
1192,0,0.000318,0.000162,0.999520
1193,0,0.013697,0.043189,0.943114
1194,1,0.898635,0.000492,0.100873
1195,1,0.010231,0.000122,0.989647
1196,1,0.508212,0.000648,0.491140
1197,0,0.000346,0.000193,0.999461
1198,0,0.000338,0.000152,0.999510
1199,1,0.914865,0.000626,0.084509
1200,0,0.000930,0.000215,0.998855
1201,0,0.000428,0.000130,0.999442
1202,1,0.997597,0.000533,0.001870
1203,1,0.000364,0.000137,0.999499
1204,1,0.356168,0.000603,0.643229
1205,0,0.997606,0.000580,0.001814
1206,1,0.000373,0.000124,0.999503
1207,1,0.000608,0.000093,0.999299
1208,1,0.053233,0.911203,0.035564
1209,1,0.914393,0.000636,0.084971
1210,1,0.759352,0.000824,0.239824
1211,1,0.945997,0.000388,0.053615
1212,1,0.000431,0.000103,0.999466
1213,1,0.040342,0.905243,0.054415
1214,1,0.005420,0.000076,0.994504
1215,0,0.937108,0.000881,0.062011
1216,0,0.000325,0.000144,0.999531
1217,1,0.154911,0.000391,0.844697
1218,0,0.000407,0.000122,0.999471
1219,0,0.000435,0.000116,0.999449
1220,0,0.000598,0.000170,0.999233
1221,1,0.972272,0.000470,0.027258
1222,0,0.000370,0.000129,0.999500
1223,0,0.000668,0.000100,0.999232
1224,0,0.011961,0.000318,0.987720
1225,1,0.994662,0.001140,0.004197
1226,0,0.818896,0.000407,0.180697
1227,1,0.056502,0.911309,0.032189
1228,0,0.000338,0.000156,0.999506
1229,1,0.004103,0.000412,0.995485
1230,1,0.760881,0.000510,0.238609
1231,0,0.000295,0.000175,0.999530
1232,0,0.000900,0.000079,0.999020
1233,1,0.996504,0.000379,0.003117
1234,0,0.011539,0.000105,0.988356
1235,0,0.000392,0.000131,0.999477
1236,0,0.001125,0.000133,0.998742
1237,0,0.028536,0.763359,0.208105
1238,0,0.005545,0.000262,0.994193
1239,0,0.000455,0.000164,0.999380
1240,1,0.936858,0.000320,0.062822
1241,0,0.000427,0.000157,0.999416
1242,0,0.016823,0.000130,0.983047
1243,0,0.000386,0.000117,0.999496
1244,0,0.000586,0.000118,0.999296
1245,0,0.511211,0.000651,0.488139
1246,1,0.013760,0.003635,0.982605
1247,0,0.000462,0.000108,0.999430
1248,0,0.001263,0.000075,0.998662
1249,0,0.000390,0.000118,0.999493
1250,0,0.985622,0.000609,0.013769
1251,0,0.000315,0.000163,0.999521
1252,0,0.413411,0.000350,0.586239
1253,0,0.287734,0.009548,0.702718
1254,0,0.000370,0.000118,0.999512
1255,0,0.001718,0.000081,0.998201
1256,0,0.001462,0.000194,0.998344
1257,0,0.000667,0.000096,0.999237
1258,1,0.762562,0.005739,0.231700
1259,0,0.000390,0.000140,0.999470
1260,0,0.000523,0.000136,0.999341
1261,0,0.993602,0.000361,0.006037
1262,0,0.010890,0.018120,0.970990
1263,0,0.000301,0.000140,0.999559
1264,0,0.000822,0.000082,0.999096
1265,0,0.001140,0.000143,0.998717
1266,0,0.979025,0.000440,0.020535
1267,1,0.186527,0.787161,0.026312
1268,0,0.000688,0.000085,0.999228
1269,0,0.085111,0.000299,0.914590
1270,0,0.008843,0.000120,0.991037
1271,1,0.924604,0.000660,0.074736
1272,0,0.000341,0.000144,0.999515
1273,0,0.000672,0.000095,0.999233
1274,0,0.001068,0.000100,0.998832
1275,0,0.000748,0.000114,0.999139
1276,0,0.000409,0.000139,0.999452
1277,0,0.000529,0.000126,0.999345
1278,0,0.000771,0.000212,0.999018
1279,0,0.001062,0.000383,0.998555
1280,0,0.000363,0.000149,0.999488
1281,0,0.000706,0.000088,0.999206
1282,0,0.002727,0.000106,0.997167
1283,0,0.000300,0.000165,0.999535
1284,0,0.000350,0.000145,0.999504
1285,0,0.002141,0.000452,0.997406
1286,0,0.010640,0.000377,0.988983
1287,0,0.000372,0.000145,0.999483
1288,1,0.031691,0.000185,0.968124
1289,1,0.000483,0.000105,0.999412
1290,1,0.004621,0.000088,0.995290
1291,0,0.000713,0.000086,0.999201
1292,0,0.000613,0.000125,0.999262
1293,1,0.000320,0.000149,0.999531
1294,0,0.004881,0.000389,0.994730
1295,0,0.004483,0.000116,0.995401
1296,1,0.833203,0.000372,0.166425
1297,1,0.515840,0.000997,0.483163
1298,1,0.000472,0.000115,0.999414
1299,1,0.006738,0.000098,0.993163
1300,0,0.000390,0.000133,0.999476
1301,0,0.000797,0.000099,0.999105
1302,1,0.000370,0.000192,0.999438
1303,0,0.985857,0.000399,0.013744
1304,0,0.000489,0.000225,0.999286
1305,1,0.004212,0.000077,0.995710
1306,1,0.238036,0.000484,0.761480
1307,1,0.006909,0.000098,0.992994
1308,1,0.147864,0.000512,0.851624
1309,0,0.003026,0.004620,0.992354
1310,1,0.955635,0.000430,0.043936
1311,0,0.000419,0.000403,0.999178
1312,1,0.029133,0.434639,0.536228
1313,1,0.001326,0.000139,0.998535
1314,1,0.000389,0.000116,0.999495
1315,0,0.003930,0.000253,0.995817
1316,1,0.000750,0.000092,0.999159
1317,0,0.000375,0.000123,0.999501
1318,0,0.001189,0.002878,0.995933
1319,1,0.997413,0.000456,0.002131
1320,0,0.000287,0.000156,0.999556
1321,0,0.000410,0.000108,0.999481
1322,1,0.996657,0.000425,0.002918
1323,1,0.000357,0.000140,0.999503
1324,0,0.997567,0.000526,0.001907
1325,0,0.067094,0.000261,0.932645
1326,1,0.536597,0.437683,0.025720
1327,1,0.000341,0.000136,0.999524
1328,1,0.996068,0.003255,0.000677
1329,1,0.928050,0.001480,0.070470
1330,0,0.000771,0.001043,0.998187
1331,0,0.006423,0.001436,0.992141
1332,0,0.000286,0.000176,0.999539
1333,1,0.000658,0.000127,0.999215
1334,1,0.987768,0.000372,0.011860
1335,0,0.000423,0.000121,0.999456
1336,0,0.036327,0.000159,0.963514
1337,1,0.000440,0.000105,0.999455
1338,0,0.000417,0.000108,0.999475
1339,0,0.000320,0.000162,0.999519
1340,0,0.000481,0.000100,0.999419
1341,1,0.061465,0.000297,0.938238
1342,0,0.007887,0.000143,0.991970
1343,1,0.818540,0.000780,0.180680
1344,0,0.000426,0.000109,0.999465
1345,0,0.000644,0.000096,0.999260
1346,0,0.000393,0.000107,0.999500
1347,0,0.000371,0.000318,0.999311
1348,1,0.160130,0.000384,0.839486
1349,0,0.096155,0.000392,0.903454
1350,0,0.000420,0.000118,0.999462
1351,0,0.000306,0.000168,0.999527
1352,1,0.985982,0.000526,0.013492
1353,1,0.013969,0.000157,0.985874
1354,0,0.000455,0.000266,0.999279
1355,1,0.001471,0.000108,0.998421
1356,1,0.050161,0.001229,0.948610
1357,1,0.001744,0.000081,0.998175
1358,0,0.000644,0.000090,0.999266
1359,0,0.001151,0.000104,0.998745
1360,1,0.922960,0.000564,0.076476
1361,1,0.000877,0.000190,0.998932
1362,0,0.000483,0.000105,0.999411
1363,0,0.001263,0.000199,0.998538
1364,0,0.000363,0.000149,0.999489
1365,1,0.007071,0.000101,0.992828
1366,1,0.000405,0.000138,0.999457
1367,0,0.000901,0.000133,0.998967
1368,0,0.000860,0.000080,0.999060
1369,0,0.000314,0.000151,0.999536
1370,0,0.000340,0.000155,0.999505
1371,1,0.000430,0.000128,0.999442
1372,1,0.967534,0.000431,0.032035
1373,1,0.008823,0.113190,0.877987
1374,1,0.019369,0.000150,0.980480
1375,0,0.000615,0.000114,0.999271
1376,0,0.000386,0.000135,0.999478
1377,1,0.001161,0.000095,0.998744
1378,1,0.731701,0.000597,0.267702
1379,1,0.094914,0.000470,0.904616
1380,1,0.000446,0.000161,0.999392
1381,1,0.998036,0.000518,0.001446
1382,1,0.026553,0.000256,0.973190
1383,1,0.000365,0.000133,0.999502
1384,0,0.694135,0.000740,0.305126
1385,0,0.913490,0.000466,0.086044
1386,0,0.000388,0.000127,0.999485
1387,1,0.066588,0.908521,0.024891
1388,0,0.000341,0.000178,0.999481
1389,0,0.035560,0.000147,0.964293
1390,1,0.140666,0.001178,0.858156
1391,1,0.992638,0.000336,0.007026
1392,0,0.094967,0.000274,0.904759
1393,1,0.997446,0.000481,0.002072
1394,1,0.014470,0.000264,0.985266
1395,0,0.005575,0.000254,0.994171
1396,1,0.001574,0.000119,0.998307
1397,0,0.000415,0.000122,0.999462
1398,1,0.079612,0.000263,0.920125
1399,1,0.986123,0.000320,0.013557
1400,1,0.011393,0.000121,0.988487
1401,0,0.002879,0.001390,0.995731
1402,0,0.028136,0.000217,0.971647
1403,0,0.006656,0.000110,0.993234
1404,1,0.038131,0.000174,0.961695
1405,0,0.000322,0.000168,0.999510
1406,1,0.002276,0.000084,0.997640
1407,0,0.000556,0.000971,0.998473
1408,1,0.386848,0.576740,0.036412
1409,1,0.955401,0.000383,0.044216
1410,1,0.997585,0.000420,0.001996
1411,0,0.667122,0.000651,0.332227
1412,0,0.000309,0.000156,0.999535
1413,1,0.013696,0.000131,0.986173
1414,0,0.000363,0.000128,0.999509
1415,1,0.002308,0.000117,0.997576
1416,1,0.996432,0.001570,0.001998
1417,1,0.000387,0.000138,0.999475
1418,1,0.861120,0.002617,0.136263
1419,1,0.011577,0.000229,0.988194
1420,1,0.987633,0.000448,0.011919
1421,1,0.998307,0.000877,0.000816
1422,0,0.864631,0.000683,0.134686
1423,0,0.000383,0.000127,0.999491
1424,1,0.022261,0.000520,0.977218
1425,0,0.037979,0.000173,0.961849
1426,0,0.000371,0.000155,0.999474
1427,1,0.002128,0.000079,0.997793
1428,0,0.000404,0.000122,0.999474
1429,1,0.969854,0.000507,0.029639
1430,1,0.997220,0.000538,0.002242
1431,1,0.496736,0.000748,0.502517
1432,1,0.996281,0.000447,0.003272
1433,0,0.000793,0.000219,0.998988
1434,0,0.521511,0.000897,0.477592
1435,1,0.997677,0.001001,0.001322
1436,1,0.000372,0.000253,0.999375
1437,1,0.996502,0.000407,0.003091
1438,0,0.000364,0.000150,0.999486
1439,0,0.204490,0.000768,0.794742
1440,1,0.019175,0.000123,0.980702
1441,1,0.658218,0.009816,0.331966
1442,0,0.014504,0.000168,0.985328
1443,0,0.000418,0.000141,0.999441
1444,1,0.993686,0.005309,0.001005
1445,1,0.756534,0.000592,0.242873
1446,1,0.048239,0.285332,0.666429
1447,1,0.981465,0.000535,0.018000
1448,1,0.000464,0.000096,0.999440
1449,0,0.000451,0.000142,0.999407
1450,1,0.861966,0.001452,0.136582
1451,0,0.010040,0.705509,0.284451
1452,1,0.933762,0.000661,0.065577
1453,1,0.974469,0.000463,0.025068
1454,1,0.182597,0.001557,0.815847
1455,1,0.012111,0.000099,0.987790
1456,0,0.000285,0.000314,0.999401
1457,0,0.000541,0.000092,0.999367
1458,0,0.000737,0.000082,0.999181
1459,1,0.985658,0.000350,0.013992
1460,1,0.001224,0.000076,0.998700
1461,0,0.001862,0.000088,0.998050
1462,1,0.990774,0.000418,0.008808
1463,0,0.026936,0.000393,0.972671
1464,1,0.968490,0.000451,0.031059
1465,1,0.031015,0.000130,0.968854
1466,1,0.524397,0.000617,0.474986
1467,0,0.002922,0.000118,0.996960
1468,1,0.959578,0.000891,0.039531
1469,1,0.003117,0.000122,0.996761
1470,0,0.272973,0.000561,0.726466
1471,0,0.000778,0.000083,0.999139
1472,1,0.996776,0.000416,0.002808
1473,1,0.832740,0.001047,0.166213
1474,0,0.000875,0.000079,0.999046
1475,0,0.000800,0.000196,0.999005
1476,1,0.794415,0.000777,0.204808
1477,0,0.000555,0.000098,0.999347
1478,0,0.000339,0.000138,0.999523
1479,0,0.000999,0.000079,0.998922
1480,0,0.000460,0.000108,0.999432
1481,0,0.000376,0.000163,0.999462
1482,0,0.000387,0.000141,0.999472
1483,1,0.995492,0.000381,0.004127
1484,0,0.069781,0.001353,0.928866
1485,0,0.000643,0.000122,0.999234
1486,1,0.000475,0.000263,0.999261
1487,0,0.068938,0.000169,0.930893
1488,0,0.956641,0.000848,0.042511
1489,0,0.000361,0.000158,0.999481
1490,1,0.063189,0.894492,0.042319
1491,0,0.056949,0.000205,0.942846
1492,1,0.001127,0.000073,0.998801
1493,0,0.000832,0.000116,0.999052
1494,1,0.028286,0.122706,0.849008
1495,1,0.101681,0.000270,0.898049
1496,0,0.000566,0.000178,0.999256
1497,0,0.008636,0.000123,0.991241
1498,0,0.002341,0.000073,0.997585
1499,1,0.000822,0.004293,0.994885
1500,1,0.932990,0.000599,0.066411
1501,0,0.001211,0.000139,0.998650
1502,0,0.993465,0.000829,0.005706
1503,1,0.000631,0.000213,0.999156
1504,1,0.904053,0.000544,0.095403
1505,0,0.004733,0.000150,0.995117
1506,0,0.731956,0.000856,0.267188
1507,0,0.000296,0.000183,0.999520
1508,0,0.630543,0.005979,0.363477
1509,1,0.055364,0.855431,0.089205
1510,1,0.428777,0.000449,0.570774
1511,0,0.993567,0.000417,0.006016
1512,1,0.003035,0.000086,0.996879
1513,0,0.000409,0.000131,0.999460
1514,0,0.000375,0.000125,0.999500
1515,0,0.000690,0.009264,0.990047
1516,0,0.006001,0.000171,0.993828
1517,0,0.000582,0.000101,0.999317
1518,0,0.013165,0.000258,0.986578
1519,1,0.062207,0.810359,0.127434
1520,1,0.002162,0.000161,0.997678
1521,0,0.024524,0.000230,0.975246
1522,0,0.000356,0.000130,0.999514
1523,0,0.000388,0.000159,0.999453
1524,0,0.000349,0.000127,0.999524
1525,0,0.000332,0.000156,0.999512
1526,0,0.000316,0.000162,0.999522
1527,0,0.000329,0.000198,0.999473
1528,0,0.000308,0.000177,0.999514
1529,0,0.000331,0.000214,0.999455
1530,0,0.000397,0.000140,0.999463
1531,0,0.000484,0.000144,0.999373
1532,0,0.270960,0.000530,0.728510
1533,1,0.002777,0.006550,0.990673
1534,0,0.000356,0.000125,0.999519
1535,1,0.975204,0.000552,0.024244
1536,1,0.993250,0.001129,0.005621
1537,1,0.726227,0.000886,0.272887
1538,1,0.980977,0.000381,0.018642
1539,1,0.858943,0.000601,0.140456
1540,1,0.000793,0.000096,0.999111
1541,0,0.060207,0.000239,0.939554
1542,0,0.000377,0.000146,0.999476
1543,0,0.016222,0.000132,0.983646
1544,0,0.043360,0.019054,0.937586
1545,0,0.085869,0.000570,0.913560
1546,0,0.000383,0.000137,0.999480
1547,0,0.004025,0.000341,0.995634
1548,1,0.045132,0.931126,0.023742
1549,1,0.978253,0.000440,0.021308
1550,0,0.991993,0.000391,0.007616
1551,0,0.000339,0.000156,0.999505
1552,0,0.019669,0.000570,0.979761
1553,1,0.947746,0.000549,0.051705
1554,1,0.006380,0.000101,0.993519
1555,0,0.000363,0.000130,0.999508
1556,0,0.251340,0.000603,0.748056
1557,1,0.037202,0.928273,0.034525
1558,0,0.000577,0.000091,0.999332
1559,0,0.000334,0.000249,0.999417
1560,0,0.911978,0.000659,0.087363
1561,0,0.000581,0.000112,0.999308
1562,0,0.000412,0.000124,0.999464
1563,1,0.994071,0.000373,0.005556
1564,0,0.092680,0.000266,0.907054
1565,0,0.000895,0.000091,0.999014
1566,1,0.991501,0.000320,0.008180
1567,1,0.188913,0.000346,0.810741
1568,0,0.000249,0.000268,0.999483
1569,1,0.008783,0.037701,0.953516
1570,1,0.333435,0.001849,0.664716
1571,1,0.942808,0.000572,0.056620
1572,0,0.001604,0.000092,0.998304
1573,0,0.000339,0.000157,0.999504
1574,1,0.000334,0.000145,0.999521
1575,0,0.000426,0.000118,0.999455
1576,0,0.011350,0.000459,0.988191
1577,1,0.000386,0.000113,0.999501
1578,0,0.001440,0.007921,0.990639
1579,0,0.000399,0.000133,0.999468
1580,0,0.627447,0.002471,0.370082
1581,0,0.965412,0.000552,0.034036
1582,1,0.000337,0.000146,0.999517
1583,1,0.996522,0.000449,0.003029
1584,0,0.000573,0.000093,0.999334
1585,0,0.000268,0.000356,0.999376
1586,0,0.097458,0.000253,0.902289
1587,0,0.410492,0.000487,0.589021
1588,0,0.000664,0.000097,0.999239
1589,1,0.813996,0.000606,0.185398
1590,0,0.000438,0.000479,0.999083
1591,1,0.998158,0.000958,0.000883
1592,0,0.993355,0.001386,0.005259
1593,1,0.050979,0.000376,0.948645
1594,0,0.000348,0.000131,0.999521
1595,1,0.004371,0.001397,0.994232
1596,1,0.000370,0.000183,0.999446
1597,0,0.604477,0.000579,0.394945
1598,0,0.000325,0.000145,0.999531
1599,0,0.013925,0.000120,0.985955
1600,1,0.164659,0.000488,0.834853
1601,0,0.000391,0.000138,0.999471
1602,1,0.000408,0.000109,0.999483
1603,1,0.009732,0.000109,0.990159
1604,1,0.465714,0.000487,0.533799
1605,1,0.000395,0.000116,0.999488
1606,1,0.997368,0.000699,0.001933
1607,1,0.888304,0.000634,0.111061
1608,0,0.002281,0.000115,0.997604
1609,1,0.656249,0.001062,0.342689
1610,0,0.002036,0.000077,0.997888
1611,1,0.963063,0.000521,0.036416
1612,1,0.054935,0.000372,0.944692
1613,1,0.997632,0.000517,0.001851
1614,0,0.898713,0.000441,0.100846
1615,1,0.010896,0.000107,0.988997
1616,0,0.000370,0.000117,0.999513
1617,0,0.001307,0.000129,0.998564
1618,1,0.466421,0.001711,0.531868
1619,1,0.044867,0.000271,0.954863
1620,1,0.998112,0.000554,0.001334
1621,1,0.000390,0.000113,0.999497
1622,1,0.758455,0.000611,0.240934
1623,1,0.001425,0.000086,0.998489
1624,1,0.875502,0.000722,0.123776
1625,0,0.989320,0.000452,0.010228
1626,1,0.004506,0.000094,0.995400
1627,1,0.997737,0.000480,0.001784
1628,1,0.997142,0.000467,0.002391
1629,1,0.004869,0.000087,0.995044
1630,1,0.000360,0.000147,0.999493
1631,1,0.002596,0.000087,0.997317
1632,1,0.004410,0.036889,0.958701
1633,0,0.002350,0.000102,0.997548
1634,0,0.000539,0.000091,0.999370
1635,1,0.027155,0.918695,0.054150
1636,1,0.000361,0.000156,0.999483
1637,0,0.000352,0.000154,0.999494
1638,1,0.033631,0.000194,0.966174
1639,0,0.000354,0.000191,0.999455
1640,0,0.000684,0.000162,0.999154
1641,0,0.000430,0.000175,0.999395
1642,0,0.000721,0.000213,0.999066
1643,0,0.003687,0.000520,0.995793
1644,1,0.001076,0.000104,0.998820
1645,1,0.841812,0.000518,0.157670
1646,1,0.000464,0.000101,0.999435
1647,1,0.110471,0.030550,0.858979
1648,0,0.000433,0.000122,0.999444
1649,1,0.996571,0.000500,0.002928
1650,1,0.997977,0.001353,0.000671
1651,1,0.357013,0.000638,0.642348
1652,1,0.058235,0.000201,0.941564
1653,0,0.044706,0.000257,0.955036
1654,1,0.060242,0.002831,0.936927
1655,1,0.000442,0.000116,0.999442
1656,1,0.034469,0.000256,0.965275
1657,0,0.038769,0.001085,0.960146
1658,1,0.991440,0.000397,0.008163
1659,1,0.993918,0.000396,0.005685
1660,0,0.001305,0.000882,0.997813
1661,0,0.000445,0.000111,0.999445
1662,0,0.004366,0.000099,0.995535
1663,0,0.000350,0.000159,0.999490
1664,0,0.998015,0.000602,0.001383
1665,1,0.097293,0.000373,0.902334
1666,1,0.997586,0.000473,0.001940
1667,1,0.985662,0.000601,0.013737
1668,1,0.011034,0.000085,0.988881
1669,1,0.000390,0.000122,0.999488
1670,0,0.000451,0.000113,0.999435
1671,0,0.000265,0.000205,0.999529
1672,1,0.003758,0.000107,0.996134
1673,0,0.993681,0.000490,0.005829
1674,0,0.000231,0.000583,0.999187
1675,0,0.007557,0.000109,0.992333
1676,0,0.006485,0.000102,0.993413
1677,0,0.000477,0.000113,0.999410
1678,0,0.000381,0.000120,0.999499
1679,1,0.851958,0.000533,0.147509
1680,1,0.968359,0.000344,0.031297
1681,1,0.978058,0.000442,0.021500
1682,1,0.037599,0.000133,0.962268
1683,0,0.088351,0.000190,0.911459
1684,0,0.000308,0.000222,0.999470
1685,0,0.000448,0.000114,0.999438
1686,0,0.011528,0.000361,0.988111
1687,1,0.656141,0.000519,0.343340
1688,1,0.996576,0.000340,0.003084
1689,1,0.997025,0.000408,0.002568
1690,1,0.929103,0.000414,0.070482
1691,0,0.000354,0.000629,0.999017
1692,1,0.994580,0.000386,0.005034
1693,0,0.000595,0.000110,0.999295
1694,0,0.002488,0.000132,0.997380
1695,1,0.001239,0.000135,0.998626
1696,0,0.000394,0.000125,0.999481
1697,0,0.000373,0.000224,0.999402
1698,1,0.000957,0.000465,0.998578
1699,1,0.000389,0.000127,0.999484
1700,1,0.038474,0.000788,0.960738
1701,1,0.997520,0.001027,0.001453
1702,0,0.000572,0.000113,0.999315
1703,1,0.967214,0.000580,0.032205
1704,0,0.000360,0.000125,0.999515
1705,1,0.202874,0.069343,0.727783
1706,1,0.000982,0.000093,0.998925
1707,1,0.000430,0.000139,0.999432
1708,0,0.000314,0.000160,0.999526
1709,0,0.000992,0.000082,0.998926
1710,0,0.000886,0.000221,0.998893
1711,1,0.480580,0.000954,0.518466
1712,0,0.958408,0.002145,0.039448
1713,1,0.971195,0.000485,0.028319
1714,0,0.002102,0.000569,0.997330
1715,1,0.001118,0.000088,0.998794
1716,1,0.000355,0.000124,0.999522
1717,0,0.040831,0.000122,0.959047
1718,0,0.000407,0.000102,0.999491
1719,1,0.040607,0.902209,0.057184
1720,0,0.001672,0.000087,0.998241
1721,1,0.026208,0.940097,0.033695
1722,1,0.096728,0.000374,0.902898
1723,0,0.000363,0.000147,0.999490
1724,1,0.991132,0.000374,0.008494
1725,1,0.994793,0.000367,0.004840
1726,0,0.000359,0.000136,0.999506
1727,1,0.288722,0.000442,0.710836
1728,0,0.973080,0.000596,0.026324
1729,1,0.980689,0.014832,0.004480
1730,0,0.000304,0.000260,0.999436
1731,1,0.997148,0.000540,0.002312
1732,0,0.000758,0.000126,0.999116
1733,0,0.995796,0.000474,0.003730
1734,1,0.976240,0.000548,0.023213
1735,0,0.001459,0.000077,0.998464
1736,0,0.104915,0.008193,0.886892
1737,0,0.000300,0.000380,0.999321
1738,0,0.000563,0.000094,0.999343
1739,1,0.000326,0.000397,0.999278
1740,1,0.995176,0.001162,0.003663
1741,0,0.001522,0.000088,0.998390
1742,1,0.000319,0.000139,0.999542
1743,0,0.020747,0.000156,0.979096
1744,0,0.000527,0.000089,0.999384
1745,0,0.649272,0.000659,0.350069
1746,1,0.004691,0.000083,0.995226
1747,1,0.200792,0.000538,0.798670
1748,1,0.998208,0.000933,0.000859
1749,0,0.079036,0.000265,0.920699
1750,1,0.047485,0.000183,0.952332
1751,1,0.100491,0.648070,0.251439
1752,0,0.000364,0.000125,0.999511
1753,0,0.000482,0.000109,0.999409
1754,0,0.000708,0.000090,0.999201
1755,1,0.995034,0.000379,0.004587
1756,1,0.109162,0.000627,0.890211
1757,0,0.004052,0.000107,0.995840
1758,1,0.839503,0.036707,0.123790
1759,1,0.001279,0.000118,0.998603
1760,1,0.006087,0.000157,0.993756
1761,0,0.045420,0.002779,0.951801
1762,0,0.001094,0.001322,0.997584
1763,0,0.382397,0.000436,0.617167
1764,1,0.024479,0.000129,0.975392
1765,1,0.992607,0.006712,0.000681
1766,1,0.000471,0.000140,0.999390
1767,0,0.000514,0.000152,0.999334
1768,0,0.000498,0.000096,0.999406
1769,0,0.000580,0.000089,0.999330
1770,1,0.000296,0.000142,0.999562
1771,1,0.000515,0.000117,0.999369
1772,0,0.000706,0.000079,0.999214
1773,1,0.002481,0.000088,0.997431
1774,1,0.072696,0.000731,0.926573
1775,0,0.022880,0.000195,0.976925
1776,0,0.000321,0.000153,0.999527
1777,0,0.000335,0.000138,0.999527
1778,1,0.847018,0.069922,0.083059
1779,0,0.000785,0.000097,0.999118
1780,1,0.000439,0.000133,0.999428
1781,1,0.841012,0.094473,0.064514
1782,1,0.036856,0.000118,0.963026
1783,0,0.000513,0.000199,0.999289
1784,1,0.994388,0.000380,0.005232
1785,1,0.997514,0.001643,0.000843
1786,1,0.982866,0.000485,0.016648
1787,1,0.056532,0.060224,0.883244
1788,1,0.991880,0.000385,0.007735
1789,1,0.994179,0.000331,0.005490
1790,0,0.000338,0.000136,0.999526
1791,0,0.000442,0.000099,0.999459
1792,1,0.039254,0.036651,0.924096
1793,1,0.002798,0.000112,0.997089
1794,1,0.598275,0.378660,0.023065
1795,1,0.962696,0.028769,0.008535
1796,0,0.002306,0.003732,0.993962
1797,1,0.000328,0.000387,0.999285
1798,1,0.146847,0.809437,0.043715
1799,0,0.000274,0.001839,0.997887
1800,1,0.020952,0.466872,0.512176
1801,1,0.992917,0.000613,0.006470
1802,0,0.000520,0.000116,0.999364
1803,1,0.991075,0.000452,0.008473
1804,1,0.154681,0.000246,0.845073
1805,0,0.000520,0.000329,0.999151
1806,0,0.050451,0.000304,0.949245
1807,1,0.995817,0.000396,0.003787
1808,0,0.000454,0.000117,0.999429
1809,0,0.828167,0.000767,0.171067
1810,1,0.069460,0.000176,0.930365
1811,1,0.997900,0.000499,0.001601
1812,0,0.000579,0.001033,0.998388
1813,1,0.497310,0.002087,0.500603
1814,0,0.995761,0.000359,0.003880
1815,0,0.000350,0.000144,0.999506
1816,0,0.000324,0.000155,0.999521
1817,1,0.000387,0.000120,0.999493
1818,1,0.546773,0.000605,0.452622
1819,0,0.085376,0.000537,0.914087
1820,0,0.564217,0.000620,0.435163
1821,1,0.280987,0.000353,0.718659
1822,0,0.465293,0.000421,0.534285
1823,0,0.004672,0.000579,0.994749
1824,0,0.191849,0.000528,0.807623
1825,0,0.000464,0.000105,0.999431
1826,0,0.000321,0.000983,0.998696
1827,0,0.000425,0.000159,0.999416
1828,0,0.001901,0.000450,0.997649
1829,0,0.000445,0.000162,0.999393
1830,1,0.001351,0.000116,0.998532
1831,0,0.004561,0.000087,0.995352
1832,0,0.000491,0.000104,0.999404
1833,0,0.000406,0.000136,0.999458
1834,1,0.327104,0.000395,0.672501
1835,0,0.008361,0.000097,0.991543
1836,0,0.005087,0.000146,0.994768
1837,0,0.000409,0.000120,0.999472
1838,1,0.001500,0.000078,0.998422
1839,1,0.995859,0.003206,0.000935
1840,1,0.998295,0.000724,0.000982
1841,0,0.003973,0.000073,0.995954
1842,0,0.000479,0.000103,0.999418
1843,1,0.997362,0.000547,0.002091
1844,1,0.775250,0.000331,0.224419
1845,0,0.022401,0.000216,0.977383
1846,0,0.000372,0.000123,0.999505
1847,0,0.000667,0.000122,0.999211
1848,0,0.002897,0.000103,0.997000
1849,0,0.652874,0.000379,0.346747
1850,1,0.157574,0.000532,0.841894
1851,1,0.438886,0.001723,0.559391
1852,0,0.002253,0.000687,0.997060
1853,0,0.000466,0.000104,0.999430
1854,1,0.918233,0.000502,0.081266
1855,1,0.000329,0.000202,0.999468
1856,0,0.000875,0.000086,0.999039
1857,0,0.595772,0.001514,0.402714
1858,0,0.006623,0.000282,0.993095
1859,0,0.000345,0.000130,0.999525
1860,0,0.000507,0.000094,0.999399
1861,1,0.005724,0.000085,0.994191
1862,0,0.000457,0.000128,0.999415
1863,1,0.000372,0.000159,0.999469
1864,0,0.000394,0.000160,0.999446
1865,1,0.795924,0.000722,0.203353
1866,0,0.000473,0.000098,0.999429
1867,1,0.015181,0.000167,0.984652
1868,1,0.000404,0.000120,0.999476
1869,1,0.997914,0.000580,0.001505
1870,1,0.995885,0.000502,0.003613
1871,1,0.270723,0.003346,0.725931
1872,0,0.000640,0.000090,0.999270
1873,1,0.135401,0.001544,0.863055
1874,0,0.000401,0.000128,0.999471
1875,1,0.020350,0.000164,0.979486
1876,1,0.716932,0.011888,0.271180
1877,1,0.998219,0.000629,0.001152
1878,1,0.993783,0.000337,0.005879
1879,0,0.957736,0.000650,0.041614
1880,0,0.339551,0.623176,0.037273
1881,1,0.997985,0.000723,0.001293
1882,0,0.000397,0.000139,0.999464
1883,0,0.000404,0.000149,0.999447
1884,0,0.000995,0.000178,0.998827
1885,1,0.012590,0.857647,0.129764
1886,1,0.000370,0.000162,0.999468
1887,1,0.979636,0.000383,0.019981
1888,1,0.992881,0.000480,0.006640
1889,0,0.932266,0.000495,0.067239
1890,1,0.991284,0.000419,0.008297
1891,1,0.018095,0.366257,0.615647
1892,1,0.618199,0.001044,0.380757
1893,1,0.071479,0.000219,0.928302
1894,1,0.996710,0.000430,0.002860
1895,0,0.001704,0.000078,0.998217
1896,0,0.919499,0.000663,0.079838
1897,1,0.998047,0.000528,0.001425
1898,1,0.525846,0.000692,0.473462
1899,1,0.984469,0.000437,0.015094
1900,1,0.978250,0.000774,0.020976
1901,1,0.042615,0.808860,0.148525
1902,1,0.023489,0.060926,0.915585
1903,1,0.004120,0.000091,0.995789
1904,1,0.983585,0.000546,0.015869
1905,1,0.001361,0.000129,0.998510
1906,1,0.998081,0.000852,0.001068
1907,0,0.987112,0.000394,0.012494
1908,0,0.000804,0.000100,0.999096
1909,0,0.005459,0.000183,0.994359
1910,0,0.005708,0.000464,0.993829
1911,0,0.161565,0.000489,0.837946
1912,0,0.992990,0.000358,0.006652
1913,0,0.013369,0.445215,0.541416
1914,0,0.000440,0.000147,0.999414
1915,1,0.000514,0.000150,0.999336
1916,1,0.985417,0.000429,0.014153
1917,0,0.000373,0.000110,0.999516
1918,1,0.285613,0.001600,0.712787
1919,0,0.005426,0.000140,0.994433
1920,0,0.003812,0.000077,0.996111
1921,0,0.000632,0.000105,0.999263
1922,0,0.000479,0.000111,0.999410
1923,0,0.000669,0.000087,0.999244
1924,0,0.000921,0.000086,0.998993
1925,0,0.000753,0.000849,0.998398
1926,0,0.001181,0.000094,0.998725
1927,0,0.000898,0.000077,0.999025
1928,1,0.604878,0.002638,0.392484
1929,1,0.975228,0.000528,0.024245
1930,1,0.000910,0.007126,0.991964
1931,1,0.007046,0.000211,0.992743
1932,1,0.991812,0.000347,0.007842
1933,0,0.002999,0.000081,0.996919
1934,0,0.000735,0.000120,0.999145
1935,0,0.000375,0.000118,0.999507
1936,0,0.001749,0.000567,0.997684
1937,0,0.676507,0.002868,0.320624
1938,1,0.040508,0.000245,0.959248
1939,1,0.019258,0.001029,0.979713
1940,0,0.000289,0.000207,0.999504
1941,0,0.000372,0.000122,0.999506
1942,0,0.000302,0.000152,0.999546
1943,1,0.000468,0.000106,0.999426
1944,1,0.057753,0.000238,0.942009
1945,0,0.000909,0.022035,0.977056
1946,1,0.003258,0.000209,0.996533
1947,1,0.001896,0.000085,0.998018
1948,1,0.001341,0.000116,0.998543
1949,1,0.000341,0.000134,0.999524
1950,0,0.000347,0.000138,0.999515
1951,0,0.024058,0.000160,0.975783
1952,1,0.024466,0.857997,0.117536
1953,0,0.000405,0.000149,0.999446
1954,0,0.002035,0.000149,0.997816
1955,1,0.262164,0.718208,0.019628
1956,1,0.996904,0.000449,0.002647
1957,0,0.000470,0.000099,0.999431
1958,1,0.454522,0.495278,0.050200
1959,0,0.000384,0.000157,0.999459
1960,0,0.293152,0.000408,0.706440
1961,1,0.984274,0.000408,0.015319
1962,1,0.144228,0.000508,0.855264
1963,1,0.001231,0.000072,0.998697
1964,0,0.000879,0.000081,0.999040
1965,0,0.043925,0.000137,0.955938
1966,0,0.037363,0.000169,0.962469
1967,0,0.000414,0.000115,0.999471
1968,1,0.550517,0.000472,0.449010
1969,0,0.389465,0.000413,0.610122
1970,1,0.000306,0.000181,0.999513
1971,1,0.888125,0.000705,0.111170
1972,0,0.027399,0.000147,0.972455
1973,1,0.997817,0.001320,0.000862
1974,0,0.009147,0.000143,0.990710
1975,0,0.984313,0.000372,0.015315
1976,0,0.000642,0.000089,0.999270
1977,0,0.000778,0.000165,0.999058
1978,1,0.966082,0.029927,0.003991
1979,0,0.014273,0.000508,0.985219
1980,0,0.000264,0.000225,0.999511
1981,1,0.990813,0.000489,0.008698
1982,0,0.019851,0.000306,0.979843
1983,1,0.779030,0.000691,0.220279
1984,0,0.000434,0.000102,0.999464
1985,0,0.000499,0.000126,0.999375
1986,0,0.000338,0.000140,0.999522
1987,0,0.000465,0.000102,0.999433
1988,0,0.016713,0.000135,0.983152
1989,0,0.001453,0.000077,0.998470
1990,1,0.000577,0.000103,0.999320
1991,1,0.752302,0.000833,0.246865
1992,1,0.967466,0.000542,0.031993
1993,0,0.045935,0.000172,0.953893
1994,0,0.000386,0.000166,0.999449
1995,0,0.002024,0.000085,0.997891
1996,0,0.000935,0.000183,0.998882
1997,0,0.000341,0.000151,0.999508
1998,0,0.000396,0.000160,0.999444
1999,0,0.002194,0.000154,0.997652
2000,0,0.000365,0.000134,0.999501
2001,0,0.000465,0.000101,0.999434
2002,0,0.000467,0.000194,0.999339
2003,1,0.000909,0.000110,0.998981
2004,0,0.000388,0.000196,0.999416
2005,0,0.001804,0.000075,0.998120
2006,1,0.932505,0.065446,0.002049
2007,0,0.004077,0.000078,0.995845
2008,0,0.000464,0.000250,0.999286
2009,1,0.000678,0.000116,0.999206
2010,1,0.000347,0.000181,0.999472
2011,1,0.868654,0.000560,0.130787
2012,1,0.001913,0.000072,0.998015
2013,1,0.113492,0.000280,0.886228
2014,0,0.962144,0.000295,0.037561
2015,1,0.996753,0.000475,0.002772
2016,0,0.000605,0.000111,0.999284
2017,0,0.000724,0.000306,0.998970
2018,1,0.000723,0.000091,0.999186
2019,1,0.687511,0.000492,0.311997
2020,0,0.316991,0.000473,0.682536
2021,1,0.990260,0.000476,0.009264
2022,0,0.001854,0.003859,0.994287
2023,0,0.995788,0.000386,0.003826
2024,1,0.995168,0.001583,0.003249
2025,0,0.000405,0.000121,0.999474
2026,0,0.013034,0.000096,0.986869
2027,0,0.000751,0.000092,0.999158
2028,1,0.754765,0.091656,0.153579
2029,1,0.289427,0.000533,0.710039
2030,0,0.002112,0.000169,0.997719
2031,1,0.049937,0.000244,0.949819
2032,1,0.906666,0.000437,0.092897
2033,1,0.001657,0.000775,0.997568
2034,0,0.000597,0.000093,0.999310
2035,0,0.000322,0.000153,0.999525
2036,0,0.000397,0.000136,0.999467
2037,0,0.000435,0.000125,0.999439
2038,1,0.994126,0.000351,0.005523
2039,1,0.000315,0.000218,0.999467
2040,1,0.962222,0.002339,0.035438
2041,0,0.000343,0.000151,0.999506
2042,0,0.000360,0.000136,0.999504
2043,0,0.228881,0.000421,0.770698
2044,0,0.000224,0.000586,0.999191
2045,0,0.020897,0.000150,0.978952
2046,1,0.000458,0.000119,0.999422
2047,1,0.012249,0.000108,0.987643
2048,0,0.000350,0.000119,0.999531
2049,0,0.000368,0.000170,0.999462
2050,0,0.000223,0.000756,0.999021
2051,1,0.000753,0.000120,0.999127
2052,0,0.031119,0.793365,0.175516
2053,0,0.022581,0.000121,0.977298
2054,0,0.000417,0.000114,0.999469
2055,0,0.023749,0.655577,0.320675
2056,1,0.000600,0.000488,0.998912
2057,0,0.006318,0.000192,0.993490
2058,0,0.000401,0.000122,0.999477
2059,0,0.001332,0.006491,0.992177
2060,0,0.000393,0.000151,0.999456
2061,0,0.000306,0.000162,0.999532
2062,1,0.997960,0.001348,0.000692
2063,0,0.000627,0.000094,0.999279
2064,1,0.006296,0.031410,0.962294
2065,1,0.669987,0.000652,0.329362
2066,0,0.937212,0.000518,0.062270
2067,1,0.000515,0.000138,0.999347
2068,1,0.000351,0.000145,0.999504
2069,1,0.995575,0.002097,0.002328
2070,0,0.014317,0.000210,0.985473
2071,0,0.000322,0.000738,0.998940
2072,0,0.000732,0.000087,0.999182
2073,0,0.000390,0.000123,0.999487
2074,1,0.001356,0.000116,0.998527
2075,1,0.000383,0.000155,0.999463
2076,0,0.007388,0.000121,0.992491
2077,0,0.000645,0.000100,0.999255
2078,0,0.000428,0.000101,0.999470
2079,0,0.603995,0.000675,0.395330
2080,1,0.969106,0.000422,0.030472
2081,1,0.542969,0.001512,0.455520
2082,1,0.987433,0.000545,0.012023
2083,0,0.000375,0.000125,0.999500
2084,0,0.184852,0.000273,0.814875
2085,1,0.000619,0.000107,0.999274
2086,0,0.001304,0.000342,0.998353
2087,0,0.000349,0.000137,0.999514
2088,1,0.997912,0.000573,0.001514
2089,0,0.000257,0.000264,0.999479
2090,0,0.000418,0.000110,0.999473
2091,1,0.998235,0.000694,0.001071
2092,1,0.839319,0.000643,0.160038
2093,1,0.003860,0.002130,0.994010
2094,0,0.149283,0.000294,0.850424
2095,0,0.000424,0.000126,0.999450
2096,1,0.028848,0.000181,0.970971
2097,1,0.002451,0.003286,0.994263
2098,0,0.000485,0.000097,0.999418
2099,1,0.025239,0.056812,0.917950
2100,0,0.989671,0.001426,0.008903
2101,1,0.000418,0.000388,0.999194
2102,1,0.005205,0.000125,0.994670
2103,0,0.000362,0.000160,0.999479
2104,0,0.002579,0.000105,0.997317
2105,1,0.011383,0.381362,0.607255
2106,0,0.019329,0.000299,0.980372
2107,0,0.000395,0.000141,0.999464
2108,1,0.992094,0.000556,0.007350
2109,0,0.001928,0.000096,0.997976
2110,0,0.988650,0.000300,0.011050
2111,0,0.975782,0.000466,0.023752
2112,0,0.000381,0.000136,0.999483
2113,0,0.061486,0.000244,0.938270
2114,0,0.001694,0.000075,0.998232
2115,0,0.035202,0.000190,0.964607
2116,0,0.140923,0.000405,0.858672
2117,0,0.766871,0.001017,0.232112
2118,1,0.998226,0.000866,0.000907
2119,1,0.003036,0.000080,0.996884
2120,1,0.088049,0.000372,0.911579
2121,1,0.712278,0.000719,0.287002
2122,0,0.000202,0.000771,0.999027
2123,0,0.000390,0.000136,0.999474
2124,0,0.000675,0.000084,0.999241
2125,0,0.878951,0.000631,0.120418
2126,0,0.000442,0.000109,0.999449
2127,1,0.986414,0.000430,0.013157
2128,0,0.000384,0.000115,0.999501
2129,0,0.022451,0.000347,0.977202
2130,0,0.000358,0.000130,0.999512
2131,0,0.000657,0.000400,0.998943
2132,1,0.148068,0.000418,0.851514
2133,0,0.000311,0.000147,0.999542
2134,1,0.759492,0.003772,0.236736
2135,1,0.994755,0.000483,0.004762
2136,0,0.000530,0.000197,0.999273
2137,1,0.022779,0.869468,0.107753
2138,0,0.000339,0.000157,0.999504
2139,0,0.309840,0.000353,0.689807
2140,0,0.000379,0.000151,0.999470
2141,0,0.062713,0.000312,0.936975
2142,1,0.992822,0.000377,0.006801
2143,1,0.994769,0.000401,0.004829
2144,1,0.040282,0.000383,0.959336
2145,0,0.000770,0.000080,0.999150
2146,1,0.058750,0.923351,0.017899
2147,0,0.000352,0.000141,0.999507
2148,0,0.000390,0.000119,0.999492
2149,0,0.000310,0.000140,0.999551
2150,0,0.023592,0.930172,0.046236
2151,0,0.000606,0.000181,0.999213
2152,1,0.965211,0.001554,0.033235
2153,0,0.001636,0.000082,0.998282
2154,0,0.003736,0.007119,0.989145
2155,1,0.555675,0.000508,0.443817
2156,1,0.105518,0.780014,0.114468
2157,1,0.194443,0.000469,0.805088
2158,1,0.000907,0.000940,0.998153
2159,0,0.061455,0.000169,0.938376
2160,0,0.001001,0.000093,0.998906
2161,0,0.000390,0.000122,0.999488
2162,0,0.000334,0.000148,0.999518
2163,1,0.065798,0.000170,0.934032
2164,1,0.549544,0.000327,0.450129
2165,1,0.001129,0.000104,0.998767
2166,1,0.000841,0.000132,0.999027
2167,0,0.000440,0.000099,0.999461
2168,0,0.000505,0.000109,0.999387
2169,0,0.000312,0.000239,0.999449
2170,1,0.997864,0.000537,0.001599
2171,0,0.001052,0.000084,0.998864
2172,0,0.000398,0.000109,0.999493
2173,0,0.258895,0.000247,0.740858
2174,0,0.000231,0.000473,0.999296
2175,0,0.001769,0.001301,0.996930
2176,0,0.306324,0.001744,0.691932
2177,1,0.001098,0.000118,0.998784
2178,1,0.968609,0.000540,0.030850
2179,1,0.998241,0.000631,0.001128
2180,0,0.000411,0.000144,0.999445
2181,0,0.000391,0.000135,0.999474
2182,0,0.107664,0.000228,0.892107
2183,0,0.000333,0.000258,0.999409
2184,0,0.003010,0.000078,0.996912
2185,0,0.033942,0.000195,0.965863
2186,0,0.000977,0.000089,0.998934
2187,1,0.000633,0.000180,0.999188
2188,1,0.397743,0.002216,0.600041
2189,1,0.106960,0.021846,0.871194
2190,1,0.996009,0.002486,0.001506
2191,1,0.505307,0.000503,0.494190
2192,0,0.000553,0.000098,0.999349
2193,1,0.997845,0.000524,0.001631
2194,1,0.894823,0.002230,0.102947
2195,1,0.967808,0.000376,0.031816
2196,1,0.087367,0.879760,0.032873
2197,0,0.000574,0.000112,0.999313
2198,1,0.000984,0.000143,0.998873
2199,0,0.000338,0.000159,0.999503
2200,1,0.110915,0.000340,0.888746
2201,1,0.997095,0.000609,0.002296
2202,0,0.000519,0.000094,0.999387
2203,1,0.029380,0.000136,0.970484
2204,0,0.001973,0.000188,0.997839
2205,1,0.989719,0.000798,0.009483
2206,1,0.919434,0.001012,0.079554
2207,0,0.000280,0.000222,0.999497
2208,1,0.000593,0.000114,0.999292
2209,0,0.000339,0.000128,0.999533
2210,0,0.000320,0.000191,0.999489
2211,0,0.000380,0.000133,0.999487
2212,1,0.045222,0.000236,0.954542
2213,0,0.001207,0.000176,0.998617
2214,1,0.000386,0.000153,0.999461
2215,1,0.072400,0.000265,0.927335
2216,1,0.023004,0.894395,0.082601
2217,0,0.037907,0.000259,0.961834
2218,1,0.041641,0.555112,0.403247
2219,1,0.002441,0.000078,0.997481
2220,1,0.998279,0.000706,0.001015
2221,1,0.000819,0.000207,0.998974
2222,1,0.065972,0.000309,0.933720
2223,1,0.060424,0.005257,0.934319
2224,1,0.000365,0.000140,0.999495
2225,1,0.001144,0.000082,0.998774
2226,0,0.000441,0.000123,0.999435
2227,0,0.307166,0.006334,0.686500
2228,0,0.009998,0.000135,0.989866
2229,1,0.000352,0.000144,0.999504
2230,1,0.016773,0.000116,0.983111
2231,1,0.288885,0.000291,0.710824
2232,0,0.002952,0.000099,0.996949
2233,1,0.003630,0.000084,0.996286
2234,0,0.000368,0.000114,0.999518
2235,1,0.037558,0.000215,0.962227
2236,1,0.000398,0.000127,0.999475
2237,1,0.151721,0.000454,0.847825
2238,1,0.001178,0.000082,0.998740
2239,0,0.861039,0.000572,0.138389
2240,0,0.003258,0.000129,0.996613
2241,1,0.001220,0.000068,0.998711
2242,0,0.001325,0.000073,0.998602
2243,1,0.303096,0.000390,0.696514
2244,1,0.998309,0.000790,0.000901
2245,0,0.000781,0.000082,0.999138
2246,0,0.000523,0.000110,0.999367
2247,1,0.665568,0.000850,0.333582
2248,1,0.613232,0.000779,0.385989
2249,1,0.049815,0.000260,0.949925
2250,0,0.011879,0.000150,0.987971
2251,0,0.757739,0.000492,0.241769
2252,0,0.933007,0.000349,0.066644
2253,0,0.000443,0.000108,0.999449
2254,0,0.000371,0.000181,0.999448
2255,1,0.549547,0.443259,0.007194
2256,1,0.002055,0.001685,0.996259
2257,0,0.001703,0.000134,0.998163
2258,1,0.562379,0.354532,0.083090
2259,1,0.895833,0.000703,0.103464
2260,0,0.000802,0.000918,0.998280
2261,1,0.986124,0.000374,0.013503
2262,0,0.000376,0.000168,0.999455
2263,0,0.000382,0.000111,0.999508
2264,0,0.000449,0.000101,0.999449
2265,1,0.078217,0.000363,0.921420
2266,0,0.014338,0.522162,0.463501
2267,1,0.000351,0.000131,0.999518
2268,1,0.007329,0.000098,0.992573
2269,1,0.296893,0.000410,0.702697
2270,1,0.136482,0.000315,0.863203
2271,1,0.010653,0.041637,0.947710
2272,0,0.055203,0.006207,0.938591
2273,0,0.989712,0.000381,0.009907
2274,1,0.997057,0.000507,0.002436
2275,1,0.997377,0.000630,0.001993
2276,1,0.996832,0.000418,0.002750
2277,1,0.950107,0.012798,0.037095
2278,1,0.183868,0.000476,0.815657
2279,1,0.986803,0.000419,0.012778
2280,1,0.416829,0.000642,0.582529
2281,1,0.001048,0.000120,0.998832
2282,1,0.997762,0.001219,0.001019
2283,0,0.351834,0.000536,0.647630
2284,1,0.000400,0.000736,0.998864
2285,1,0.002636,0.000150,0.997214
2286,1,0.998049,0.000587,0.001364
2287,1,0.867844,0.000676,0.131480
2288,1,0.995596,0.003738,0.000666
2289,1,0.000399,0.000182,0.999419
2290,0,0.000428,0.000112,0.999460
2291,1,0.416008,0.000516,0.583476
2292,1,0.000417,0.000111,0.999472
2293,1,0.936523,0.000490,0.062987
2294,1,0.320582,0.000466,0.678952
2295,0,0.000648,0.000111,0.999241
2296,0,0.000628,0.000148,0.999223
2297,1,0.000439,0.000112,0.999449
2298,1,0.000866,0.000091,0.999043
2299,0,0.106842,0.004627,0.888531
2300,0,0.000559,0.000141,0.999300
2301,0,0.157368,0.000236,0.842396
2302,0,0.000400,0.000181,0.999419
2303,1,0.000627,0.000151,0.999223
2304,1,0.962994,0.000301,0.036705
2305,1,0.000428,0.000133,0.999439
2306,1,0.996995,0.000638,0.002367
2307,1,0.003821,0.005025,0.991154
2308,0,0.010532,0.402716,0.586752
2309,0,0.003112,0.000130,0.996758
2310,1,0.479806,0.000645,0.519550
2311,1,0.021663,0.000253,0.978085
2312,0,0.000951,0.000097,0.998951
2313,1,0.150231,0.823410,0.026359
2314,1,0.000466,0.000134,0.999400
2315,1,0.998036,0.000677,0.001287
2316,1,0.958502,0.000432,0.041066
2317,0,0.004997,0.000083,0.994920
2318,1,0.000672,0.000105,0.999223
2319,1,0.035470,0.000193,0.964337
2320,1,0.000767,0.001584,0.997649
2321,1,0.302031,0.000442,0.697527
2322,1,0.211789,0.000667,0.787545
2323,1,0.004539,0.001405,0.994056
2324,1,0.300832,0.000459,0.698709
2325,1,0.001864,0.000104,0.998032
2326,1,0.000541,0.000094,0.999365
2327,0,0.000394,0.000116,0.999490
2328,0,0.000529,0.000111,0.999359
2329,1,0.000498,0.000284,0.999218
2330,1,0.556113,0.000363,0.443523
2331,1,0.000359,0.000148,0.999493
2332,1,0.000345,0.000156,0.999499
2333,0,0.181260,0.000271,0.818469
2334,0,0.683808,0.000524,0.315668
2335,0,0.000429,0.000142,0.999429
2336,0,0.002804,0.000337,0.996859
2337,1,0.017793,0.000118,0.982090
2338,0,0.000327,0.000140,0.999534
2339,1,0.078005,0.040079,0.881916
2340,1,0.985199,0.000485,0.014316
2341,1,0.015276,0.000469,0.984255
2342,1,0.643407,0.000364,0.356229
2343,0,0.000414,0.000154,0.999432
2344,1,0.194375,0.000446,0.805179
2345,1,0.998220,0.000997,0.000783
2346,0,0.000451,0.000117,0.999432
2347,1,0.000420,0.000104,0.999476
2348,1,0.980032,0.000638,0.019329
2349,1,0.233832,0.000410,0.765758
2350,1,0.789898,0.001848,0.208254
2351,0,0.000475,0.000122,0.999403
2352,0,0.000377,0.000129,0.999493
2353,1,0.939580,0.000587,0.059833
2354,1,0.001776,0.000086,0.998137
2355,1,0.000328,0.000211,0.999461
2356,1,0.997378,0.000415,0.002207
2357,1,0.215583,0.000269,0.784148
2358,1,0.975956,0.000404,0.023640
2359,1,0.985185,0.000265,0.014549
2360,0,0.996981,0.000415,0.002604
2361,1,0.750944,0.000595,0.248460
2362,1,0.992872,0.000394,0.006734
2363,1,0.997905,0.000525,0.001571
2364,1,0.998063,0.000533,0.001404
2365,1,0.205158,0.000377,0.794465
2366,1,0.997571,0.000456,0.001973
2367,1,0.000498,0.000135,0.999367
2368,0,0.994439,0.000468,0.005093
2369,1,0.946634,0.000599,0.052767
2370,1,0.286001,0.000637,0.713362
2371,0,0.000422,0.000107,0.999471
2372,0,0.054080,0.003036,0.942884
2373,0,0.106044,0.000339,0.893617
2374,1,0.998054,0.001180,0.000765
2375,0,0.000394,0.000110,0.999495
2376,1,0.996680,0.000403,0.002918
2377,0,0.027654,0.000122,0.972223
2378,1,0.005128,0.015981,0.978892
2379,0,0.002934,0.000080,0.996986
2380,1,0.000793,0.000082,0.999126
2381,1,0.998222,0.000882,0.000896
2382,1,0.836128,0.000594,0.163278
2383,0,0.218483,0.000335,0.781182
2384,1,0.989831,0.000388,0.009782
2385,1,0.993845,0.000460,0.005696
2386,1,0.000556,0.000101,0.999343
2387,1,0.998304,0.000912,0.000784
2388,0,0.007082,0.000149,0.992769
2389,1,0.996292,0.000378,0.003330
2390,0,0.142372,0.649904,0.207724
2391,0,0.351378,0.634395,0.014227
2392,1,0.681940,0.000506,0.317554
2393,1,0.951047,0.000494,0.048459
2394,1,0.998098,0.001246,0.000656
2395,0,0.000402,0.000142,0.999455
2396,0,0.018858,0.091791,0.889351
2397,1,0.996958,0.000421,0.002621
2398,1,0.997921,0.000550,0.001529
2399,0,0.006523,0.006288,0.987189
2400,0,0.000529,0.000093,0.999378
2401,0,0.000421,0.000122,0.999457
2402,0,0.000503,0.000111,0.999386
2403,0,0.000535,0.000087,0.999378
2404,1,0.004406,0.000071,0.995523
2405,1,0.047118,0.000223,0.952659
2406,0,0.164942,0.000265,0.834793
2407,1,0.880023,0.000754,0.119222
2408,0,0.000533,0.000264,0.999203
2409,0,0.001974,0.000099,0.997927
2410,0,0.000393,0.000182,0.999425
2411,0,0.004505,0.000074,0.995421
2412,1,0.002285,0.000126,0.997589
2413,1,0.873873,0.000685,0.125442
2414,0,0.416511,0.000923,0.582565
2415,0,0.000412,0.000129,0.999459
2416,1,0.801145,0.195892,0.002963
2417,0,0.001728,0.000087,0.998185
2418,1,0.000458,0.000109,0.999433
2419,1,0.014033,0.910610,0.075357
2420,1,0.067209,0.000185,0.932606
2421,1,0.009844,0.000129,0.990026
2422,0,0.000391,0.000110,0.999499
2423,1,0.314207,0.000790,0.685003
2424,0,0.000377,0.000118,0.999505
2425,0,0.000315,0.000139,0.999546
2426,0,0.000504,0.000112,0.999384
2427,1,0.000342,0.000145,0.999513
2428,0,0.000719,0.000087,0.999195
2429,1,0.000382,0.000170,0.999449
2430,0,0.000652,0.000118,0.999230
2431,1,0.996337,0.000526,0.003137
2432,1,0.438231,0.003976,0.557793
2433,1,0.997196,0.000455,0.002349
2434,0,0.966846,0.000610,0.032544
2435,0,0.987981,0.000487,0.011532
2436,1,0.003899,0.000152,0.995949
2437,1,0.890926,0.000579,0.108496
2438,0,0.000301,0.000236,0.999464
2439,0,0.000754,0.000092,0.999154
2440,0,0.000311,0.000166,0.999523
2441,0,0.411065,0.000511,0.588424
2442,0,0.000485,0.000101,0.999414
2443,0,0.000321,0.000147,0.999532
2444,1,0.000332,0.000154,0.999513
2445,0,0.006798,0.000204,0.992998
2446,1,0.000946,0.000152,0.998902
2447,1,0.000373,0.000116,0.999512
2448,1,0.997467,0.000455,0.002078
2449,1,0.006540,0.000090,0.993370
2450,1,0.172603,0.055213,0.772184
2451,0,0.000674,0.000098,0.999228
2452,1,0.000988,0.000084,0.998928
2453,0,0.139760,0.000341,0.859900
2454,1,0.002636,0.000097,0.997267
2455,1,0.000575,0.000102,0.999323
2456,1,0.008443,0.000189,0.991368
2457,1,0.997525,0.000839,0.001636
2458,0,0.000333,0.000149,0.999518
2459,1,0.135599,0.000338,0.864063
2460,1,0.000680,0.000092,0.999228
2461,0,0.000329,0.000142,0.999529
2462,0,0.000333,0.000137,0.999530
2463,1,0.038045,0.825109,0.136846
2464,1,0.000829,0.000078,0.999093
2465,0,0.186545,0.031499,0.781956
2466,0,0.013912,0.000106,0.985982
2467,1,0.579557,0.001913,0.418530
2468,0,0.001551,0.000281,0.998167
2469,0,0.003704,0.000081,0.996214
2470,0,0.001600,0.000074,0.998326
2471,1,0.007751,0.000127,0.992122
2472,1,0.063285,0.000673,0.936041
2473,0,0.000320,0.000137,0.999543
2474,0,0.000398,0.000118,0.999484
2475,0,0.000417,0.000111,0.999472
2476,0,0.003542,0.005053,0.991405
2477,0,0.000369,0.000125,0.999506
2478,1,0.006603,0.000151,0.993246
2479,0,0.000340,0.000179,0.999481
2480,0,0.000817,0.000084,0.999100
2481,0,0.000245,0.000332,0.999423
2482,0,0.581211,0.000359,0.418429
2483,0,0.000436,0.000163,0.999401
2484,0,0.004333,0.000075,0.995592
2485,1,0.004629,0.008960,0.986412
2486,0,0.002549,0.000072,0.997378
2487,0,0.000324,0.000157,0.999519
2488,1,0.590629,0.001360,0.408011
2489,0,0.000432,0.000199,0.999369
2490,1,0.401305,0.000684,0.598012
2491,0,0.000371,0.000133,0.999496
2492,1,0.952802,0.028648,0.018550
2493,0,0.000433,0.000112,0.999455
2494,0,0.000353,0.000136,0.999511
2495,0,0.005012,0.000089,0.994899
2496,1,0.938398,0.000698,0.060904
2497,0,0.000269,0.000318,0.999413
2498,1,0.995402,0.000394,0.004204
2499,0,0.001133,0.000076,0.998791
2500,0,0.000369,0.000152,0.999479
2501,1,0.000363,0.000131,0.999506
2502,0,0.005644,0.000104,0.994252
2503,1,0.944619,0.000550,0.054831
2504,1,0.996473,0.000439,0.003088
2505,0,0.835832,0.000620,0.163548
2506,1,0.991809,0.000297,0.007894
2507,0,0.007049,0.000101,0.992850
2508,1,0.005324,0.000108,0.994568
2509,1,0.964317,0.000541,0.035141
2510,1,0.835779,0.000770,0.163451
2511,0,0.000540,0.000099,0.999361
2512,0,0.006350,0.000279,0.993371
2513,1,0.003461,0.000078,0.996460
2514,1,0.000796,0.000204,0.999000
2515,1,0.263510,0.000555,0.735935
2516,1,0.942619,0.000391,0.056990
2517,1,0.941329,0.043539,0.015133
2518,1,0.000504,0.000090,0.999406
2519,1,0.997404,0.001907,0.000689
2520,1,0.001695,0.000859,0.997447
2521,1,0.276788,0.000711,0.722502
2522,1,0.998056,0.001318,0.000625
2523,1,0.000456,0.000278,0.999266
2524,1,0.996981,0.000465,0.002554
2525,1,0.997872,0.000847,0.001282
2526,0,0.008602,0.000113,0.991286
2527,1,0.318986,0.000554,0.680461
2528,1,0.896629,0.000621,0.102751
2529,1,0.030059,0.000128,0.969813
2530,0,0.000343,0.000137,0.999519
2531,0,0.000405,0.000128,0.999467
2532,1,0.992416,0.000323,0.007261
2533,0,0.000608,0.000093,0.999299
2534,1,0.008193,0.000478,0.991328
2535,1,0.000757,0.000102,0.999140
2536,0,0.004038,0.000288,0.995673
2537,1,0.344830,0.635263,0.019907
2538,1,0.992049,0.000541,0.007409
2539,1,0.006536,0.289689,0.703775
2540,0,0.000442,0.000287,0.999271
2541,0,0.000441,0.000103,0.999456
2542,1,0.016092,0.109785,0.874123
2543,0,0.000404,0.000128,0.999467
2544,0,0.002669,0.000067,0.997264
2545,0,0.003360,0.002090,0.994551
2546,0,0.033438,0.526905,0.439657
2547,0,0.011836,0.453096,0.535068
2548,0,0.017915,0.000110,0.981974
2549,1,0.073189,0.000333,0.926478
2550,1,0.054806,0.900606,0.044588
2551,0,0.194478,0.000436,0.805086
2552,0,0.026316,0.007374,0.966310
2553,0,0.001289,0.000675,0.998036
2554,1,0.991043,0.006767,0.002190
2555,0,0.000496,0.000182,0.999323
2556,1,0.262001,0.000368,0.737631
2557,0,0.002815,0.000083,0.997101
2558,1,0.012028,0.017178,0.970794
2559,1,0.995518,0.000375,0.004107
2560,1,0.991051,0.000433,0.008516
2561,1,0.131325,0.830557,0.038117
2562,1,0.000335,0.000171,0.999493
2563,1,0.002159,0.000338,0.997503
2564,0,0.000441,0.000109,0.999450
2565,1,0.001599,0.000307,0.998094
2566,1,0.039365,0.000546,0.960089
2567,1,0.960525,0.000427,0.039048
2568,1,0.058915,0.144354,0.796731
2569,0,0.942456,0.000869,0.056675
2570,1,0.835269,0.000847,0.163884
2571,0,0.000317,0.000167,0.999517
2572,0,0.000355,0.000142,0.999503
2573,1,0.028362,0.890356,0.081281
2574,0,0.000933,0.028595,0.970472
2575,1,0.001092,0.000142,0.998767
2576,1,0.006764,0.000169,0.993067
2577,1,0.915378,0.000618,0.084003
2578,1,0.020827,0.786687,0.192486
2579,1,0.004215,0.000716,0.995069
2580,1,0.052826,0.929320,0.017854
2581,1,0.001313,0.000116,0.998571
2582,1,0.045120,0.033144,0.921735
2583,0,0.000383,0.000183,0.999435
2584,1,0.115090,0.000268,0.884642
2585,1,0.337154,0.001440,0.661406
2586,1,0.043440,0.000184,0.956376
2587,0,0.000545,0.000101,0.999354
2588,0,0.003823,0.000088,0.996089
2589,0,0.000446,0.000098,0.999456
2590,0,0.888704,0.000546,0.110750
2591,0,0.000364,0.000141,0.999495
2592,0,0.008125,0.053341,0.938534
2593,1,0.017287,0.911288,0.071425
2594,0,0.001681,0.000827,0.997492
2595,1,0.835155,0.000347,0.164498
2596,1,0.002591,0.000071,0.997337
2597,1,0.000370,0.000137,0.999493
2598,1,0.000320,0.000164,0.999516
2599,0,0.000713,0.000126,0.999161
2600,0,0.002162,0.000212,0.997626
2601,1,0.005637,0.000129,0.994234
2602,1,0.044623,0.927257,0.028120
2603,1,0.711330,0.005121,0.283549
2604,0,0.000772,0.000324,0.998905
2605,1,0.000595,0.000140,0.999265
2606,1,0.000455,0.000175,0.999370
2607,1,0.981584,0.000431,0.017985
2608,1,0.782216,0.000905,0.216879
2609,1,0.715761,0.000604,0.283635
2610,1,0.993065,0.000421,0.006514
2611,0,0.002606,0.000076,0.997318
2612,1,0.985224,0.000295,0.014480
2613,1,0.097677,0.000263,0.902060
2614,0,0.013771,0.002711,0.983518
2615,1,0.000750,0.000194,0.999055
2616,1,0.203303,0.679928,0.116769
2617,1,0.920691,0.074206,0.005104
2618,1,0.238470,0.000693,0.760837
2619,1,0.979631,0.018167,0.002202
2620,1,0.007109,0.078457,0.914434
2621,0,0.798073,0.004536,0.197391
2622,1,0.000854,0.000781,0.998365
2623,1,0.370446,0.565020,0.064534
2624,1,0.066573,0.000255,0.933172
2625,0,0.000281,0.000157,0.999562
2626,0,0.001842,0.000076,0.998082
2627,0,0.001114,0.001364,0.997522
2628,0,0.000399,0.000124,0.999477
2629,0,0.000387,0.000118,0.999495
2630,1,0.995893,0.000905,0.003202
2631,0,0.791808,0.000851,0.207341
2632,0,0.000709,0.000122,0.999169
2633,1,0.000254,0.000233,0.999513
2634,1,0.312233,0.000349,0.687418
2635,0,0.110858,0.000262,0.888879
2636,0,0.000383,0.000131,0.999485
2637,1,0.153581,0.030484,0.815935
2638,1,0.009460,0.000196,0.990344
2639,0,0.117464,0.001228,0.881307
2640,1,0.025235,0.000120,0.974646
2641,0,0.000394,0.000123,0.999482
2642,1,0.009091,0.000171,0.990738
2643,1,0.000858,0.000079,0.999063
2644,0,0.000695,0.000097,0.999208
2645,1,0.001446,0.000074,0.998480
2646,0,0.000484,0.000170,0.999346
2647,0,0.000393,0.000124,0.999483
2648,1,0.001317,0.005308,0.993376
2649,0,0.000466,0.000112,0.999422
2650,0,0.958408,0.000499,0.041093
2651,1,0.000689,0.000459,0.998852
2652,1,0.992355,0.000428,0.007217
2653,0,0.000701,0.000096,0.999203
2654,0,0.000422,0.000113,0.999465
2655,0,0.001219,0.000144,0.998636
2656,0,0.000834,0.000716,0.998450
2657,0,0.005026,0.000104,0.994869
2658,1,0.000496,0.000140,0.999364
2659,1,0.000985,0.000835,0.998179
2660,0,0.013111,0.757579,0.229310
2661,0,0.961766,0.000651,0.037583
2662,0,0.970121,0.000505,0.029373
2663,1,0.000488,0.000121,0.999391
2664,1,0.914080,0.001092,0.084829
2665,0,0.059425,0.877907,0.062668
2666,1,0.997572,0.000554,0.001873
2667,1,0.956583,0.000452,0.042965
2668,1,0.000368,0.000195,0.999437
2669,1,0.000722,0.000159,0.999120
2670,0,0.000523,0.000104,0.999373
2671,0,0.000398,0.000117,0.999485
2672,1,0.103778,0.410295,0.485927
2673,1,0.000383,0.000216,0.999400
2674,1,0.059063,0.297597,0.643340
2675,1,0.338808,0.006683,0.654508
2676,1,0.997188,0.000420,0.002392
2677,1,0.522842,0.000694,0.476464
2678,1,0.871404,0.000679,0.127917
2679,1,0.000424,0.000196,0.999381
2680,1,0.276799,0.675174,0.048027
2681,0,0.000535,0.000196,0.999269
2682,0,0.001296,0.000382,0.998322
2683,1,0.899328,0.000580,0.100092
2684,0,0.996203,0.000375,0.003422
2685,1,0.979311,0.016088,0.004601
2686,0,0.000368,0.000134,0.999499
2687,0,0.000412,0.000116,0.999472
2688,0,0.607037,0.051141,0.341822
2689,0,0.006670,0.000253,0.993078
2690,0,0.000395,0.000138,0.999468
2691,1,0.998131,0.001092,0.000777
2692,0,0.000402,0.000240,0.999358
2693,1,0.997007,0.001445,0.001547
2694,0,0.045919,0.000184,0.953898
2695,1,0.905124,0.000550,0.094326
2696,1,0.251599,0.731793,0.016608
2697,0,0.941292,0.000614,0.058094
2698,0,0.000408,0.000211,0.999381
2699,0,0.000324,0.000167,0.999509
2700,0,0.127474,0.000434,0.872092
2701,0,0.001125,0.000095,0.998781
2702,1,0.997737,0.000484,0.001779
2703,1,0.009972,0.291968,0.698060
2704,0,0.929960,0.000736,0.069303
2705,0,0.095593,0.890412,0.013995
2706,0,0.002014,0.004840,0.993146
2707,1,0.874772,0.001328,0.123900
2708,1,0.091235,0.878833,0.029932
2709,1,0.016443,0.313949,0.669608
2710,0,0.011087,0.206118,0.782796
2711,0,0.000730,0.000100,0.999170
2712,1,0.000568,0.000093,0.999339
2713,0,0.000629,0.000092,0.999278
2714,0,0.997887,0.000553,0.001560
2715,0,0.000431,0.000106,0.999463
2716,0,0.000495,0.000113,0.999392
2717,0,0.986271,0.012233,0.001496
2718,1,0.053815,0.000302,0.945883
2719,1,0.036943,0.903800,0.059257
2720,1,0.037066,0.925487,0.037446
2721,1,0.996322,0.000951,0.002727
2722,0,0.715172,0.001469,0.283359
2723,1,0.947577,0.000404,0.052019
2724,1,0.991514,0.000334,0.008152
2725,1,0.000670,0.000094,0.999236
2726,1,0.004708,0.000102,0.995190
2727,0,0.983224,0.000479,0.016296
2728,0,0.000337,0.000151,0.999512
2729,1,0.997806,0.000576,0.001618
2730,1,0.356264,0.000304,0.643432
2731,1,0.003452,0.001272,0.995275
2732,1,0.994078,0.000474,0.005448
2733,0,0.101804,0.000344,0.897852
2734,1,0.032311,0.000383,0.967307
2735,1,0.997469,0.000442,0.002089
2736,1,0.000921,0.001298,0.997782
2737,0,0.000481,0.000122,0.999396
2738,1,0.000962,0.000760,0.998278
2739,1,0.000416,0.000406,0.999178
2740,1,0.003170,0.000304,0.996526
2741,0,0.081731,0.000433,0.917836
2742,0,0.000414,0.000169,0.999417
2743,0,0.001399,0.000218,0.998383
2744,1,0.102408,0.003746,0.893847
2745,1,0.000869,0.000084,0.999047
2746,0,0.000959,0.000098,0.998943
2747,0,0.002561,0.000086,0.997354
2748,0,0.003170,0.032840,0.963990
2749,1,0.002150,0.000095,0.997755
2750,1,0.986747,0.000587,0.012666
2751,1,0.997429,0.000544,0.002027
2752,1,0.000502,0.000097,0.999402
2753,1,0.000389,0.000128,0.999483
2754,1,0.795942,0.000604,0.203454
2755,1,0.998120,0.001059,0.000821
2756,0,0.051339,0.000259,0.948402
2757,0,0.000347,0.000448,0.999205
2758,0,0.003547,0.000107,0.996346
2759,1,0.115336,0.000817,0.883847
2760,1,0.001636,0.000086,0.998278
2761,1,0.000363,0.000154,0.999484
2762,1,0.812451,0.000855,0.186695
2763,1,0.985887,0.000356,0.013756
2764,0,0.154716,0.017109,0.828175
2765,0,0.000588,0.000106,0.999306
2766,0,0.002310,0.000072,0.997618
2767,0,0.556948,0.000589,0.442463
2768,0,0.631925,0.000848,0.367228
2769,0,0.041576,0.000239,0.958185
2770,0,0.000398,0.000112,0.999490
2771,0,0.000333,0.000149,0.999518
2772,0,0.000451,0.000097,0.999452
2773,0,0.407299,0.000435,0.592266
2774,1,0.994846,0.000389,0.004764
2775,1,0.171367,0.002847,0.825785
2776,0,0.000372,0.000179,0.999449
2777,0,0.001115,0.000078,0.998808
2778,0,0.000405,0.000135,0.999460
2779,1,0.980086,0.000398,0.019516
2780,0,0.000821,0.000214,0.998965
2781,0,0.996597,0.000517,0.002886
2782,1,0.000469,0.000288,0.999243
2783,0,0.002958,0.000154,0.996888
2784,0,0.114258,0.489210,0.396531
2785,1,0.715120,0.001093,0.283787
2786,1,0.002652,0.000085,0.997263
2787,0,0.009567,0.000139,0.990294
2788,1,0.975758,0.000640,0.023602
2789,1,0.972274,0.000479,0.027247
2790,0,0.174870,0.000950,0.824180
2791,1,0.997764,0.000443,0.001794
2792,0,0.001127,0.000079,0.998794
2793,1,0.000485,0.000134,0.999381
2794,1,0.000839,0.000453,0.998707
2795,0,0.000306,0.000164,0.999530
2796,0,0.907018,0.000418,0.092564
2797,1,0.989676,0.000624,0.009700
2798,0,0.001538,0.001206,0.997256
2799,0,0.025252,0.000123,0.974625
2800,1,0.001183,0.000127,0.998690
2801,0,0.004775,0.000086,0.995139
2802,0,0.032873,0.000144,0.966984
2803,1,0.972007,0.000357,0.027636
2804,0,0.000900,0.000095,0.999004
2805,0,0.000466,0.000127,0.999408
2806,0,0.182946,0.003641,0.813413
2807,1,0.997456,0.000470,0.002075
2808,1,0.992520,0.000372,0.007108
2809,1,0.001272,0.000081,0.998647
2810,1,0.055361,0.000230,0.944410
2811,1,0.000720,0.000104,0.999176
2812,1,0.737673,0.259636,0.002691
2813,1,0.998032,0.001055,0.000914
2814,1,0.706289,0.000500,0.293211
2815,1,0.915591,0.049974,0.034434
2816,1,0.919351,0.000443,0.080206
2817,1,0.993564,0.005099,0.001336
2818,0,0.000348,0.000168,0.999484
2819,1,0.966747,0.000534,0.032719
2820,1,0.805357,0.000483,0.194159
2821,0,0.002053,0.000155,0.997791
2822,0,0.639720,0.000731,0.359549
2823,1,0.004371,0.001397,0.994232
2824,1,0.927150,0.070478,0.002372
2825,0,0.002984,0.003259,0.993757
2826,0,0.001581,0.000086,0.998333
2827,1,0.000884,0.000082,0.999034
2828,0,0.000604,0.000088,0.999308
2829,0,0.000597,0.000088,0.999315
2830,1,0.997352,0.000634,0.002014
2831,0,0.023842,0.000216,0.975943
2832,0,0.000531,0.000099,0.999370
2833,1,0.820422,0.070388,0.109190
2834,1,0.625981,0.000806,0.373213
2835,1,0.042432,0.863346,0.094222
2836,1,0.005422,0.000079,0.994499
2837,1,0.995139,0.000359,0.004502
2838,1,0.231118,0.000429,0.768452
2839,0,0.000428,0.000111,0.999461
2840,0,0.000362,0.000129,0.999508
2841,1,0.000446,0.000122,0.999432
2842,1,0.451074,0.373420,0.175506
2843,1,0.998349,0.000721,0.000930
2844,1,0.728587,0.000611,0.270803
2845,1,0.071568,0.000270,0.928162
2846,1,0.993270,0.000415,0.006314
2847,1,0.998189,0.000565,0.001247
2848,1,0.902412,0.000774,0.096814
2849,1,0.998359,0.000758,0.000883
2850,1,0.991479,0.000451,0.008070
2851,1,0.997959,0.000572,0.001469
2852,1,0.998095,0.001029,0.000876
2853,0,0.000312,0.000404,0.999285
2854,1,0.000404,0.000113,0.999483
2855,0,0.998275,0.000753,0.000972
2856,1,0.997482,0.000594,0.001924
2857,1,0.973324,0.000435,0.026241
2858,1,0.000475,0.000174,0.999351
2859,1,0.957303,0.039413,0.003284
2860,1,0.187782,0.678010,0.134208
2861,1,0.000473,0.000100,0.999427
2862,0,0.001754,0.000155,0.998091
2863,1,0.001051,0.000078,0.998871
2864,1,0.629815,0.000649,0.369536
2865,1,0.997922,0.000546,0.001532
2866,1,0.825630,0.000904,0.173466
2867,1,0.001361,0.032742,0.965897
2868,0,0.992106,0.000329,0.007564
2869,1,0.997474,0.000492,0.002033
2870,1,0.996446,0.000819,0.002735
2871,0,0.003511,0.000079,0.996410
2872,1,0.967510,0.000310,0.032180
2873,0,0.000349,0.000334,0.999316
2874,0,0.005353,0.000189,0.994458
2875,0,0.000371,0.000124,0.999504
2876,0,0.124638,0.091216,0.784146
2877,0,0.003953,0.000107,0.995940
2878,0,0.000399,0.000136,0.999465
2879,0,0.000715,0.000084,0.999201
2880,1,0.310800,0.000484,0.688715
2881,0,0.004405,0.000082,0.995513
2882,1,0.996070,0.000575,0.003355
2883,0,0.000367,0.000136,0.999497
2884,1,0.000367,0.000119,0.999514
2885,0,0.001491,0.000080,0.998429
2886,0,0.038565,0.512931,0.448504
2887,0,0.009348,0.007983,0.982669
2888,1,0.012123,0.014186,0.973692
2889,0,0.000385,0.000231,0.999384
2890,0,0.005335,0.000158,0.994507
2891,0,0.001057,0.000078,0.998865
2892,1,0.128561,0.000343,0.871096
2893,0,0.370200,0.000565,0.629235
2894,1,0.040448,0.000644,0.958908
2895,1,0.050123,0.001807,0.948070
2896,1,0.001486,0.000188,0.998326
2897,0,0.281592,0.706002,0.012406
2898,0,0.000844,0.000087,0.999069
2899,0,0.000315,0.000156,0.999529
2900,0,0.004248,0.366559,0.629192
2901,0,0.587813,0.001130,0.411057
2902,1,0.000676,0.000190,0.999133
2903,0,0.000281,0.000170,0.999549
2904,0,0.990009,0.000371,0.009619
2905,0,0.000372,0.000165,0.999463
2906,0,0.000449,0.000105,0.999446
2907,1,0.166712,0.695536,0.137752
2908,1,0.000472,0.000254,0.999274
2909,0,0.978821,0.000644,0.020535
2910,1,0.986292,0.000418,0.013291
2911,1,0.068668,0.012917,0.918415
2912,1,0.964672,0.000567,0.034761
2913,1,0.269832,0.483351,0.246817
2914,1,0.992316,0.000606,0.007078
2915,1,0.998120,0.000577,0.001304
2916,1,0.998250,0.000824,0.000925
2917,1,0.998297,0.000902,0.000802
2918,1,0.000360,0.000202,0.999438
2919,0,0.000334,0.000173,0.999494
2920,0,0.001304,0.000089,0.998608
2921,1,0.000586,0.000454,0.998959
2922,0,0.116658,0.002781,0.880561
2923,0,0.002927,0.000102,0.996970
2924,1,0.008321,0.000139,0.991540
2925,1,0.001869,0.000101,0.998030
2926,1,0.136072,0.000690,0.863237
2927,1,0.001266,0.000079,0.998655
2928,1,0.000475,0.000118,0.999407
2929,0,0.000435,0.000136,0.999428
2930,0,0.028840,0.004895,0.966266
2931,1,0.058372,0.000341,0.941288
2932,0,0.000396,0.000135,0.999469
2933,0,0.001160,0.002374,0.996466
2934,1,0.663766,0.000817,0.335418
2935,1,0.000373,0.000136,0.999490
2936,0,0.000895,0.000081,0.999024
2937,1,0.000598,0.000085,0.999317
2938,1,0.003694,0.000154,0.996152
2939,1,0.000391,0.000121,0.999488
2940,0,0.000449,0.000111,0.999440
2941,1,0.982436,0.000551,0.017013
2942,1,0.000735,0.000480,0.998785
2943,0,0.006067,0.000094,0.993838
2944,0,0.000439,0.000180,0.999381
2945,0,0.000426,0.000142,0.999432
2946,0,0.309077,0.000315,0.690608
2947,1,0.998305,0.000831,0.000864
2948,0,0.013228,0.000160,0.986612
2949,1,0.616191,0.000582,0.383227
2950,1,0.000528,0.000176,0.999295
2951,0,0.000282,0.000179,0.999538
2952,1,0.847198,0.001330,0.151471
2953,0,0.002415,0.098536,0.899049
2954,0,0.003247,0.000128,0.996626
2955,0,0.515291,0.000899,0.483810
2956,1,0.998184,0.000828,0.000988
2957,1,0.001309,0.000127,0.998564
2958,0,0.001387,0.000116,0.998497
2959,0,0.000414,0.000109,0.999477
2960,0,0.002710,0.000113,0.997176
2961,0,0.006494,0.000330,0.993176
2962,0,0.009442,0.000144,0.990414
2963,0,0.003954,0.222304,0.773742
2964,0,0.000542,0.000112,0.999346
2965,0,0.976411,0.000364,0.023225
2966,1,0.996268,0.000565,0.003167
2967,0,0.000335,0.000159,0.999507
2968,0,0.008977,0.000151,0.990871
2969,0,0.933992,0.000388,0.065620
2970,0,0.002842,0.000073,0.997085
2971,0,0.005009,0.029415,0.965576
2972,0,0.000344,0.000129,0.999527
2973,0,0.001807,0.000237,0.997956
2974,1,0.961353,0.000554,0.038093
2975,0,0.119357,0.000704,0.879939
2976,1,0.001189,0.000107,0.998704
2977,1,0.973116,0.000589,0.026295
2978,1,0.009822,0.950264,0.039915
2979,0,0.000377,0.000130,0.999493
2980,0,0.902407,0.000690,0.096903
2981,1,0.155521,0.008203,0.836276
2982,0,0.000428,0.000124,0.999448
2983,0,0.000337,0.000125,0.999538
2984,1,0.658823,0.000476,0.340700
2985,0,0.014623,0.000197,0.985180
2986,1,0.994470,0.000354,0.005177
2987,1,0.010643,0.000120,0.989237
2988,1,0.000399,0.000152,0.999448
2989,0,0.006159,0.471867,0.521974
2990,0,0.000999,0.005048,0.993953
2991,0,0.269701,0.001585,0.728714
2992,1,0.034591,0.000251,0.965158
2993,1,0.001789,0.005200,0.993012
2994,1,0.725249,0.000655,0.274095
2995,0,0.004192,0.000082,0.995726
2996,1,0.000346,0.000145,0.999509
2997,0,0.002895,0.000089,0.997016
2998,0,0.000346,0.000196,0.999457
2999,0,0.005176,0.358129,0.636695
