row_id,gold,p_hate,p_offensive,p_normal
0,1,0.029977,0.181710,0.788314
1,0,0.578194,0.307191,0.114615
2,1,0.833331,0.002246,0.164423
3,1,0.382740,0.008301,0.608959
4,0,0.001902,0.000362,0.997736
5,1,0.593484,0.375686,0.030830
6,1,0.668829,0.052893,0.278278
7,1,0.792151,0.000947,0.206902
8,0,0.330933,0.636612,0.032455
9,1,0.990433,0.004889,0.004679
10,0,0.000535,0.000562,0.998904
11,1,0.993648,0.000677,0.005675
12,1,0.165355,0.000644,0.834001
13,0,0.912003,0.001093,0.086905
14,0,0.735825,0.013069,0.251106
15,0,0.319352,0.636455,0.044193
16,1,0.006978,0.000245,0.992777
17,1,0.598902,0.387837,0.013261
18,1,0.812309,0.150519,0.037173
19,0,0.233673,0.000685,0.765642
20,1,0.718765,0.000832,0.280402
21,1,0.115321,0.152104,0.732575
22,0,0.125585,0.018547,0.855868
23,1,0.505112,0.484290,0.010598
24,1,0.663562,0.186290,0.150149
25,1,0.996004,0.002180,0.001816
26,0,0.030238,0.710721,0.259042
27,1,0.463022,0.481672,0.055306
28,1,0.892709,0.052866,0.054425
29,0,0.997047,0.001547,0.001406
30,0,0.003346,0.004555,0.992099
31,0,0.033944,0.000526,0.965530
32,0,0.989470,0.000644,0.009886
33,1,0.992758,0.005252,0.001990
34,0,0.994633,0.003675,0.001692
35,1,0.995691,0.003115,0.001194
36,1,0.133469,0.000583,0.865947
37,1,0.009750,0.000285,0.989965
38,0,0.005388,0.000271,0.994342
39,0,0.001220,0.000310,0.998471
40,0,0.970683,0.001155,0.028162
41,0,0.027567,0.030925,0.941508
42,0,0.994575,0.000700,0.004725
43,0,0.000792,0.000374,0.998833
44,0,0.951205,0.043668,0.005127
45,1,0.006352,0.001099,0.992549
46,0,0.650408,0.001255,0.348337
47,1,0.002262,0.000353,0.997385
48,0,0.554796,0.000847,0.444357
49,1,0.474337,0.000952,0.524711
50,1,0.995829,0.002536,0.001635
51,0,0.002306,0.000482,0.997212
52,1,0.987658,0.000745,0.011598
53,1,0.939760,0.000608,0.059632
54,1,0.009770,0.001873,0.988357
55,1,0.010937,0.355137,0.633927
56,1,0.988200,0.000695,0.011105
57,0,0.001301,0.000295,0.998404
58,1,0.538288,0.447655,0.014057
59,1,0.996321,0.002558,0.001121
60,1,0.005644,0.000297,0.994059
61,1,0.982625,0.000997,0.016378
62,0,0.533599,0.000683,0.465718
63,1,0.594889,0.004301,0.400810
64,1,0.303320,0.636666,0.060014
65,0,0.007731,0.000407,0.991863
66,1,0.069901,0.000468,0.929631
67,1,0.046286,0.000544,0.953170
68,1,0.001938,0.000661,0.997401
69,1,0.313342,0.174900,0.511759
70,1,0.702593,0.004164,0.293244
71,1,0.823055,0.001673,0.175272
72,1,0.980374,0.000602,0.019024
73,1,0.452123,0.000673,0.547204
74,1,0.698151,0.000717,0.301131
75,1,0.036854,0.000358,0.962788
76,1,0.094424,0.000401,0.905175
77,1,0.865265,0.000725,0.134010
78,1,0.979505,0.000631,0.019864
79,1,0.610022,0.000698,0.389279
80,1,0.003034,0.000275,0.996691
81,1,0.304323,0.000715,0.694962
82,1,0.090907,0.000517,0.908577
83,1,0.972558,0.000810,0.026632
84,1,0.974890,0.023941,0.001170
85,1,0.985205,0.001151,0.013644
86,0,0.001136,0.000324,0.998540
87,1,0.629844,0.343222,0.026934
88,1,0.945318,0.001402,0.053280
89,1,0.633810,0.000835,0.365355
90,1,0.674615,0.301990,0.023395
91,1,0.992135,0.000802,0.007063
92,1,0.883979,0.000738,0.115283
93,1,0.003998,0.002607,0.993395
94,1,0.008662,0.000384,0.990953
95,1,0.626715,0.000766,0.372519
96,1,0.986273,0.000883,0.012844
97,1,0.981027,0.000790,0.018183
98,1,0.019089,0.000325,0.980586
99,1,0.024451,0.000574,0.974976
100,1,0.415325,0.000692,0.583983
101,0,0.005944,0.000281,0.993775
102,1,0.106858,0.000558,0.892585
103,1,0.060679,0.000398,0.938923
104,1,0.830620,0.001304,0.168076
105,1,0.692824,0.000981,0.306195
106,1,0.030836,0.167842,0.801322
107,1,0.590479,0.354496,0.055025
108,1,0.979376,0.000648,0.019975
109,1,0.995060,0.002647,0.002293
110,1,0.996217,0.001969,0.001814
111,1,0.941224,0.000759,0.058017
112,1,0.001788,0.000309,0.997903
113,1,0.019392,0.000301,0.980307
114,1,0.623052,0.000718,0.376230
115,0,0.000906,0.000322,0.998773
116,1,0.002690,0.000415,0.996895
117,1,0.011414,0.000375,0.988211
118,1,0.986541,0.000690,0.012769
119,1,0.994655,0.001145,0.004200
120,1,0.029774,0.001183,0.969043
121,1,0.866402,0.001309,0.132289
122,1,0.088005,0.490140,0.421855
123,1,0.967257,0.000737,0.032006
124,1,0.406300,0.564385,0.029315
125,1,0.058603,0.376950,0.564447
126,1,0.993508,0.000832,0.005660
127,1,0.996609,0.001318,0.002074
128,1,0.787316,0.000945,0.211739
129,1,0.966912,0.031742,0.001346
130,1,0.995063,0.004093,0.000844
131,1,0.779857,0.009193,0.210950
132,1,0.996920,0.001526,0.001553
133,1,0.982140,0.017028,0.000832
134,0,0.000748,0.000573,0.998679
135,0,0.074823,0.676840,0.248338
136,1,0.879805,0.118107,0.002088
137,0,0.054479,0.000405,0.945116
138,1,0.008531,0.000311,0.991159
139,0,0.491247,0.000754,0.507999
140,1,0.979299,0.000644,0.020057
141,1,0.986172,0.000826,0.013003
142,0,0.011070,0.000331,0.988599
143,0,0.001175,0.000292,0.998533
144,1,0.299189,0.616526,0.084285
145,1,0.955189,0.043165,0.001646
146,0,0.995422,0.000922,0.003656
147,1,0.431406,0.475286,0.093308
148,0,0.979767,0.000627,0.019606
149,1,0.644659,0.331669,0.023672
150,1,0.996721,0.001583,0.001696
151,1,0.991561,0.002002,0.006436
152,1,0.213539,0.641007,0.145454
153,1,0.989100,0.008293,0.002607
154,1,0.995004,0.004075,0.000922
155,1,0.996888,0.001912,0.001201
156,1,0.984893,0.013801,0.001306
157,1,0.915037,0.038505,0.046458
158,1,0.509654,0.078187,0.412159
159,1,0.570107,0.411370,0.018523
160,1,0.993390,0.005828,0.000782
161,1,0.996168,0.001958,0.001874
162,1,0.971601,0.000673,0.027725
163,1,0.991092,0.006914,0.001994
164,1,0.995664,0.000988,0.003348
165,1,0.695606,0.232146,0.072247
166,1,0.990001,0.000671,0.009328
167,1,0.992938,0.000768,0.006294
168,1,0.996930,0.001713,0.001357
169,1,0.996231,0.000874,0.002895
170,1,0.964078,0.000853,0.035069
171,1,0.885972,0.092768,0.021259
172,1,0.995585,0.002003,0.002413
173,1,0.794579,0.001055,0.204365
174,1,0.100544,0.000506,0.898951
175,1,0.812001,0.145403,0.042596
176,1,0.973075,0.009406,0.017520
177,1,0.138288,0.623023,0.238689
178,1,0.226528,0.650267,0.123204
179,1,0.156321,0.599905,0.243774
180,1,0.037749,0.600558,0.361693
181,1,0.061489,0.640128,0.298382
182,1,0.055435,0.564228,0.380337
183,1,0.491704,0.476968,0.031328
184,0,0.079167,0.273299,0.647534
185,0,0.091335,0.139327,0.769338
186,1,0.817711,0.157819,0.024470
187,1,0.360418,0.590701,0.048881
188,1,0.499032,0.000675,0.500293
189,1,0.042568,0.001488,0.955945
190,1,0.005017,0.008164,0.986819
191,1,0.157795,0.594446,0.247760
192,1,0.910186,0.000887,0.088926
193,1,0.531059,0.002147,0.466794
194,1,0.177220,0.118753,0.704027
195,1,0.348655,0.009397,0.641948
196,1,0.390238,0.016183,0.593579
197,1,0.448178,0.036651,0.515170
198,1,0.369640,0.002570,0.627790
199,1,0.450359,0.007770,0.541871
200,1,0.117645,0.003714,0.878641
201,1,0.029346,0.004868,0.965786
202,1,0.348917,0.188987,0.462096
203,1,0.432943,0.014851,0.552207
204,1,0.232447,0.010000,0.757553
205,1,0.438808,0.003024,0.558168
206,1,0.419763,0.003289,0.576949
207,1,0.213801,0.013780,0.772418
208,1,0.296228,0.001800,0.701972
209,1,0.607629,0.004817,0.387554
210,1,0.279293,0.003098,0.717610
211,1,0.022654,0.000373,0.976974
212,1,0.268020,0.001970,0.730010
213,0,0.002343,0.000508,0.997149
214,1,0.114249,0.293326,0.592425
215,1,0.177671,0.405503,0.416827
216,1,0.218119,0.403324,0.378557
217,1,0.215282,0.209544,0.575174
218,1,0.004481,0.000267,0.995252
219,1,0.931033,0.000683,0.068284
220,1,0.488844,0.396992,0.114164
221,1,0.129572,0.250200,0.620228
222,1,0.047610,0.203548,0.748842
223,1,0.023295,0.124278,0.852427
224,0,0.032695,0.112135,0.855171
225,1,0.991976,0.000716,0.007308
226,1,0.213185,0.506009,0.280806
227,1,0.147202,0.318422,0.534376
228,1,0.992530,0.006695,0.000775
229,1,0.594104,0.033042,0.372854
230,1,0.090718,0.464914,0.444367
231,1,0.014312,0.000343,0.985345
232,1,0.370645,0.237382,0.391973
233,1,0.582534,0.406099,0.011366
234,1,0.970714,0.000609,0.028677
235,1,0.981687,0.001079,0.017234
236,1,0.974249,0.007262,0.018490
237,1,0.626302,0.310418,0.063280
238,1,0.366261,0.612135,0.021604
239,1,0.615419,0.264548,0.120033
240,1,0.010953,0.003199,0.985848
241,1,0.000654,0.002052,0.997294
242,1,0.510502,0.451951,0.037546
243,1,0.045587,0.000495,0.953919
244,1,0.918218,0.000744,0.081038
245,1,0.948021,0.045465,0.006514
246,1,0.995302,0.002725,0.001972
247,1,0.836799,0.013011,0.150190
248,0,0.031362,0.000763,0.967874
249,1,0.866873,0.099679,0.033448
250,0,0.087669,0.008393,0.903938
251,1,0.284684,0.001897,0.713419
252,1,0.439900,0.523139,0.036961
253,1,0.634678,0.001848,0.363473
254,0,0.530195,0.000805,0.469000
255,0,0.594800,0.001086,0.404114
256,0,0.823581,0.000752,0.175667
257,1,0.782532,0.012929,0.204539
258,1,0.982867,0.004339,0.012794
259,1,0.991034,0.001619,0.007346
260,1,0.918614,0.079061,0.002325
261,1,0.980125,0.016808,0.003066
262,1,0.797837,0.000812,0.201351
263,1,0.248916,0.048099,0.702985
264,0,0.003120,0.000310,0.996570
265,0,0.000685,0.001028,0.998287
266,0,0.983628,0.000657,0.015715
267,1,0.127873,0.375031,0.497097
268,0,0.001189,0.002190,0.996621
269,0,0.941640,0.000936,0.057425
270,1,0.478590,0.498242,0.023167
271,1,0.483061,0.415430,0.101509
272,1,0.001148,0.000383,0.998468
273,0,0.153143,0.000610,0.846247
274,1,0.047236,0.000695,0.952069
275,0,0.030402,0.313474,0.656124
276,0,0.967392,0.000897,0.031712
277,0,0.985055,0.000641,0.014304
278,0,0.004079,0.000258,0.995663
279,0,0.016466,0.052633,0.930902
280,0,0.458936,0.399084,0.141980
281,0,0.887672,0.001274,0.111054
282,0,0.996593,0.001000,0.002407
283,0,0.996605,0.002391,0.001004
284,1,0.976420,0.022725,0.000855
285,0,0.992459,0.000692,0.006849
286,0,0.995797,0.003252,0.000951
287,0,0.994192,0.001516,0.004292
288,0,0.012874,0.001865,0.985261
289,0,0.848668,0.001528,0.149804
290,0,0.984944,0.001210,0.013846
291,0,0.972932,0.000806,0.026262
292,0,0.993012,0.000860,0.006129
293,0,0.912154,0.003238,0.084608
294,0,0.900187,0.000878,0.098935
295,1,0.995641,0.001125,0.003234
296,0,0.148438,0.702156,0.149406
297,0,0.996579,0.002432,0.000989
298,0,0.000815,0.001651,0.997534
299,0,0.992937,0.001150,0.005913
300,0,0.996059,0.001115,0.002826
301,0,0.108578,0.003373,0.888049
302,0,0.959843,0.000880,0.039277
303,1,0.961964,0.002524,0.035512
304,0,0.993672,0.001111,0.005217
305,0,0.960536,0.037705,0.001759
306,0,0.959734,0.038710,0.001556
307,0,0.991973,0.003767,0.004260
308,0,0.993732,0.001674,0.004594
309,1,0.690971,0.288447,0.020583
310,1,0.669323,0.291062,0.039615
311,1,0.994009,0.004185,0.001806
312,1,0.974633,0.000741,0.024626
313,1,0.240669,0.000739,0.758592
314,1,0.993539,0.003874,0.002587
315,0,0.089291,0.000680,0.910029
316,1,0.995915,0.002068,0.002017
317,1,0.687750,0.001047,0.311203
318,1,0.995965,0.001553,0.002482
319,0,0.956885,0.030950,0.012165
320,0,0.850701,0.000736,0.148563
321,0,0.029116,0.000355,0.970529
322,0,0.055769,0.000419,0.943812
323,0,0.001839,0.000295,0.997866
324,0,0.003485,0.000409,0.996106
325,0,0.842050,0.000789,0.157161
326,0,0.971327,0.000897,0.027775
327,1,0.991654,0.007172,0.001174
328,1,0.646102,0.332978,0.020919
329,1,0.994898,0.001162,0.003940
330,1,0.009680,0.000341,0.989979
331,1,0.316671,0.634308,0.049021
332,1,0.989932,0.000773,0.009295
333,1,0.654316,0.113175,0.232508
334,1,0.827974,0.000829,0.171197
335,1,0.185650,0.000544,0.813806
336,1,0.088128,0.000511,0.911360
337,1,0.301343,0.120371,0.578286
338,0,0.940718,0.000862,0.058420
339,0,0.979756,0.000812,0.019432
340,0,0.996639,0.002027,0.001334
341,0,0.127253,0.578139,0.294609
342,0,0.949465,0.001877,0.048658
343,0,0.996672,0.001198,0.002129
344,0,0.781211,0.002775,0.216014
345,0,0.801075,0.001156,0.197769
346,0,0.798431,0.000981,0.200588
347,0,0.393169,0.036955,0.569876
348,0,0.986453,0.000650,0.012897
349,0,0.939186,0.000706,0.060108
350,0,0.488498,0.002157,0.509345
351,0,0.996705,0.002193,0.001102
352,1,0.997269,0.001402,0.001328
353,0,0.928985,0.044407,0.026608
354,0,0.993034,0.004147,0.002819
355,0,0.987641,0.004866,0.007493
356,0,0.994652,0.004302,0.001046
357,0,0.946896,0.000621,0.052483
358,0,0.996271,0.002493,0.001236
359,0,0.990415,0.008685,0.000900
360,0,0.000695,0.000399,0.998906
361,0,0.497857,0.000837,0.501306
362,0,0.011986,0.000319,0.987695
363,0,0.002638,0.003391,0.993972
364,0,0.197167,0.000571,0.802262
365,0,0.906408,0.000756,0.092836
366,0,0.624340,0.000785,0.374876
367,0,0.635339,0.000801,0.363860
368,0,0.297556,0.001093,0.701351
369,0,0.001302,0.000305,0.998393
370,0,0.676027,0.019234,0.304739
371,0,0.000527,0.002438,0.997035
372,0,0.984215,0.000600,0.015185
373,0,0.988377,0.000738,0.010885
374,0,0.663269,0.000719,0.336012
375,0,0.979881,0.000668,0.019451
376,1,0.109420,0.000505,0.890075
377,1,0.001682,0.000334,0.997984
378,0,0.001641,0.000308,0.998051
379,1,0.974468,0.000603,0.024929
380,0,0.952598,0.000604,0.046798
381,0,0.377503,0.009906,0.612591
382,0,0.664620,0.000693,0.334687
383,1,0.310224,0.586302,0.103475
384,1,0.022078,0.000345,0.977577
385,1,0.968476,0.002370,0.029154
386,1,0.699748,0.000779,0.299473
387,1,0.012549,0.000677,0.986774
388,1,0.688375,0.289715,0.021911
389,0,0.996982,0.001128,0.001890
390,0,0.056796,0.060211,0.882993
391,0,0.977108,0.000956,0.021937
392,0,0.002251,0.000282,0.997467
393,1,0.976428,0.022156,0.001416
394,1,0.000892,0.008078,0.991030
395,1,0.974972,0.000778,0.024250
396,0,0.000486,0.000504,0.999010
397,1,0.036630,0.609731,0.353640
398,1,0.988411,0.000723,0.010866
399,1,0.655094,0.100153,0.244752
400,0,0.953712,0.000593,0.045694
401,0,0.033183,0.437822,0.528995
402,0,0.994490,0.002063,0.003447
403,0,0.834392,0.004223,0.161386
404,0,0.020740,0.000411,0.978848
405,0,0.994297,0.001046,0.004656
406,0,0.065284,0.419252,0.515464
407,0,0.002087,0.000265,0.997648
408,1,0.287497,0.602155,0.110348
409,0,0.004055,0.000325,0.995621
410,0,0.002245,0.000470,0.997285
411,0,0.000691,0.000397,0.998911
412,1,0.521593,0.000791,0.477616
413,1,0.994498,0.004224,0.001278
414,0,0.088696,0.184541,0.726763
415,0,0.372162,0.000964,0.626874
416,0,0.947752,0.000635,0.051613
417,0,0.996030,0.002296,0.001674
418,0,0.993132,0.000874,0.005994
419,1,0.003019,0.000381,0.996600
420,0,0.987748,0.007721,0.004531
421,0,0.996590,0.001503,0.001907
422,1,0.996716,0.001645,0.001639
423,0,0.040124,0.000624,0.959251
424,1,0.607235,0.001121,0.391645
425,0,0.411322,0.388353,0.200325
426,0,0.995797,0.001357,0.002846
427,0,0.995517,0.002286,0.002196
428,0,0.958657,0.007517,0.033826
429,0,0.001534,0.000277,0.998189
430,0,0.107940,0.009328,0.882732
431,0,0.016889,0.590125,0.392986
432,0,0.965023,0.000594,0.034383
433,0,0.991248,0.000637,0.008114
434,1,0.886939,0.000873,0.112188
435,0,0.126151,0.735244,0.138605
436,0,0.041062,0.000367,0.958570
437,1,0.003965,0.000294,0.995741
438,0,0.074127,0.068248,0.857625
439,1,0.932009,0.064998,0.002993
440,0,0.974969,0.000633,0.024398
441,0,0.985830,0.000731,0.013439
442,0,0.940069,0.001005,0.058926
443,0,0.690777,0.000786,0.308438
444,0,0.616525,0.000641,0.382834
445,0,0.985453,0.010669,0.003878
446,0,0.639794,0.000864,0.359342
447,0,0.002328,0.000268,0.997404
448,1,0.974863,0.023985,0.001153
449,1,0.990107,0.001095,0.008798
450,1,0.984029,0.000673,0.015298
451,0,0.988454,0.000960,0.010586
452,1,0.069404,0.000489,0.930107
453,1,0.733093,0.003661,0.263246
454,1,0.923684,0.074172,0.002145
455,1,0.853981,0.025882,0.120137
456,1,0.326781,0.000658,0.672561
457,1,0.016631,0.000360,0.983009
458,0,0.289141,0.001200,0.709659
459,1,0.973311,0.000777,0.025912
460,1,0.272079,0.338755,0.389165
461,0,0.003189,0.000263,0.996548
462,0,0.968443,0.001242,0.030315
463,0,0.434097,0.001682,0.564221
464,0,0.001295,0.000291,0.998414
465,0,0.001947,0.000333,0.997720
466,1,0.000596,0.000421,0.998983
467,0,0.002165,0.000287,0.997548
468,0,0.008417,0.000292,0.991291
469,0,0.039602,0.000419,0.959979
470,1,0.010791,0.000300,0.988909
471,1,0.975595,0.000606,0.023800
472,0,0.996628,0.001707,0.001665
473,1,0.003162,0.000290,0.996547
474,0,0.967508,0.000708,0.031783
475,0,0.531161,0.001070,0.467770
476,1,0.450638,0.008607,0.540754
477,0,0.284010,0.000669,0.715321
478,1,0.157160,0.758304,0.084536
479,0,0.989578,0.001687,0.008735
480,0,0.995272,0.001416,0.003312
481,1,0.094090,0.001093,0.904817
482,0,0.018858,0.517628,0.463514
483,0,0.993821,0.001343,0.004836
484,1,0.556232,0.000893,0.442876
485,0,0.002013,0.000296,0.997691
486,0,0.844645,0.000722,0.154633
487,0,0.100136,0.000574,0.899290
488,0,0.479604,0.000800,0.519596
489,1,0.996786,0.001510,0.001705
490,0,0.245123,0.000801,0.754076
491,0,0.032334,0.000691,0.966975
492,1,0.996150,0.002619,0.001232
493,1,0.143301,0.000535,0.856164
494,1,0.527821,0.461831,0.010347
495,1,0.990611,0.000747,0.008642
496,1,0.993602,0.001856,0.004542
497,0,0.984208,0.000736,0.015056
498,1,0.782217,0.000758,0.217025
499,0,0.014013,0.000345,0.985642
500,0,0.960649,0.001297,0.038054
501,1,0.038044,0.000597,0.961359
502,0,0.838433,0.000729,0.160838
503,0,0.000904,0.000355,0.998741
504,0,0.632309,0.262444,0.105247
505,1,0.988121,0.007164,0.004715
506,1,0.907690,0.000815,0.091495
507,1,0.952890,0.001436,0.045674
508,1,0.475711,0.058253,0.466036
509,1,0.029942,0.000465,0.969593
510,0,0.646294,0.018749,0.334957
511,0,0.019758,0.946858,0.033384
512,0,0.982230,0.001681,0.016089
513,0,0.025550,0.442538,0.531912
514,0,0.014974,0.000339,0.984687
515,0,0.911311,0.000691,0.087998
516,1,0.960337,0.003410,0.036253
517,0,0.989898,0.001005,0.009097
518,0,0.016739,0.198218,0.785042
519,0,0.049372,0.001008,0.949620
520,1,0.285683,0.000839,0.713477
521,1,0.001141,0.000347,0.998512
522,0,0.085453,0.096543,0.818004
523,1,0.996390,0.002210,0.001400
524,0,0.953047,0.046054,0.000899
525,0,0.657944,0.000809,0.341247
526,1,0.134459,0.617683,0.247858
527,0,0.993574,0.001000,0.005425
528,0,0.138988,0.619230,0.241782
529,1,0.722163,0.264791,0.013046
530,1,0.003311,0.000458,0.996231
531,1,0.179925,0.000789,0.819286
532,1,0.103537,0.000614,0.895849
533,1,0.020964,0.534259,0.444777
534,0,0.420408,0.000717,0.578875
535,0,0.006206,0.000315,0.993479
536,0,0.885243,0.000818,0.113939
537,1,0.079876,0.000671,0.919453
538,0,0.033924,0.000429,0.965646
539,0,0.000944,0.000316,0.998740
540,1,0.864811,0.000748,0.134440
541,0,0.166662,0.026485,0.806853
542,1,0.871517,0.001082,0.127401
543,1,0.896170,0.000706,0.103125
544,1,0.985220,0.002848,0.011932
545,1,0.016212,0.000333,0.983455
546,0,0.191831,0.000724,0.807445
547,1,0.996690,0.001515,0.001796
548,0,0.020739,0.000477,0.978784
549,1,0.810374,0.001382,0.188244
550,0,0.993339,0.000697,0.005963
551,1,0.972884,0.026031,0.001084
552,1,0.996513,0.002378,0.001110
553,0,0.178382,0.507297,0.314322
554,0,0.161797,0.234528,0.603674
555,0,0.081301,0.203055,0.715644
556,1,0.194005,0.000682,0.805313
557,0,0.139383,0.000728,0.859889
558,0,0.031601,0.628171,0.340228
559,1,0.678237,0.233548,0.088215
560,0,0.183750,0.000867,0.815383
561,1,0.994705,0.000825,0.004471
562,0,0.000549,0.001658,0.997793
563,0,0.994054,0.000758,0.005189
564,1,0.990609,0.000664,0.008727
565,0,0.995315,0.002899,0.001786
566,1,0.996877,0.001296,0.001827
567,1,0.794238,0.001530,0.204231
568,0,0.038378,0.000394,0.961228
569,1,0.614894,0.000974,0.384131
570,0,0.004791,0.762856,0.232353
571,0,0.670633,0.001542,0.327825
572,0,0.580531,0.000940,0.418529
573,1,0.041874,0.000401,0.957725
574,0,0.034218,0.000814,0.964968
575,1,0.942721,0.000826,0.056452
576,0,0.996973,0.001233,0.001794
577,1,0.345628,0.000968,0.653404
578,0,0.378974,0.000778,0.620248
579,1,0.996628,0.001842,0.001530
580,0,0.009715,0.000390,0.989895
581,1,0.995888,0.001062,0.003050
582,0,0.001031,0.000301,0.998668
583,0,0.959246,0.000661,0.040094
584,1,0.996669,0.001217,0.002114
585,1,0.091223,0.760565,0.148212
586,1,0.914940,0.001099,0.083961
587,0,0.994666,0.003587,0.001747
588,0,0.001167,0.000405,0.998428
589,0,0.996737,0.001429,0.001833
590,1,0.238494,0.001225,0.760280
591,0,0.001354,0.000291,0.998355
592,1,0.816538,0.002413,0.181048
593,1,0.096102,0.000507,0.903391
594,0,0.816729,0.000796,0.182475
595,0,0.001606,0.000316,0.998078
596,0,0.992100,0.001047,0.006853
597,0,0.184741,0.008744,0.806515
598,1,0.049314,0.000366,0.950320
599,1,0.028683,0.434937,0.536380
600,0,0.161151,0.000674,0.838175
601,0,0.471660,0.291866,0.236473
602,0,0.452444,0.000692,0.546863
603,0,0.030667,0.536560,0.432773
604,1,0.922169,0.000660,0.077171
605,0,0.700612,0.035306,0.264082
606,1,0.952284,0.001066,0.046650
607,0,0.336099,0.595256,0.068645
608,1,0.004793,0.000399,0.994808
609,0,0.081868,0.234311,0.683821
610,1,0.996281,0.002643,0.001076
611,0,0.038636,0.000588,0.960777
612,0,0.996053,0.003013,0.000934
613,0,0.795734,0.000934,0.203332
614,1,0.421067,0.530389,0.048545
615,1,0.994423,0.001283,0.004294
616,1,0.946670,0.049878,0.003452
617,0,0.003069,0.000303,0.996627
618,0,0.267913,0.000702,0.731385
619,0,0.021187,0.000354,0.978459
620,1,0.129057,0.596153,0.274790
621,0,0.987197,0.001527,0.011277
622,1,0.241593,0.000775,0.757632
623,0,0.992203,0.000787,0.007011
624,1,0.029145,0.287614,0.683242
625,0,0.996278,0.001632,0.002090
626,1,0.352180,0.574245,0.073575
627,1,0.121686,0.000793,0.877521
628,1,0.916400,0.000718,0.082883
629,1,0.627504,0.291077,0.081419
630,0,0.328866,0.521045,0.150089
631,1,0.691092,0.243377,0.065531
632,0,0.974644,0.024384,0.000971
633,0,0.002547,0.000359,0.997094
634,0,0.008102,0.358834,0.633063
635,0,0.917966,0.000913,0.081121
636,1,0.669925,0.000709,0.329366
637,0,0.385583,0.221556,0.392861
638,0,0.005142,0.000251,0.994606
639,0,0.001450,0.000311,0.998239
640,0,0.176654,0.766383,0.056962
641,0,0.001462,0.000274,0.998264
642,1,0.537607,0.004703,0.457691
643,0,0.008854,0.000272,0.990874
644,1,0.007252,0.029550,0.963198
645,0,0.001782,0.000313,0.997905
646,1,0.981012,0.000706,0.018283
647,0,0.160006,0.000606,0.839388
648,1,0.004547,0.042649,0.952804
649,0,0.957905,0.000737,0.041358
650,0,0.737424,0.000885,0.261691
651,1,0.239931,0.649022,0.111047
652,0,0.993240,0.000859,0.005902
653,0,0.091827,0.000484,0.907689
654,1,0.989789,0.000720,0.009490
655,0,0.005590,0.000292,0.994117
656,0,0.002591,0.000262,0.997146
657,0,0.000707,0.000399,0.998895
658,0,0.014700,0.000338,0.984962
659,0,0.001824,0.000270,0.997905
660,0,0.912307,0.084165,0.003528
661,1,0.984802,0.000730,0.014468
662,0,0.616675,0.350435,0.032889
663,0,0.067344,0.000951,0.931705
664,1,0.002403,0.000593,0.997005
665,0,0.995648,0.003224,0.001128
666,1,0.988285,0.010273,0.001442
667,1,0.996040,0.002361,0.001598
668,1,0.101162,0.192696,0.706142
669,0,0.141499,0.737262,0.121239
670,1,0.994733,0.004075,0.001192
671,0,0.563447,0.366809,0.069744
672,1,0.000915,0.000336,0.998749
673,0,0.055969,0.004140,0.939890
674,1,0.845590,0.003061,0.151349
675,0,0.681374,0.292087,0.026539
676,1,0.984106,0.014740,0.001154
677,0,0.988878,0.000686,0.010436
678,1,0.004102,0.000427,0.995471
679,0,0.421827,0.000721,0.577452
680,1,0.010699,0.001269,0.988032
681,1,0.178466,0.000674,0.820859
682,0,0.791043,0.000939,0.208018
683,0,0.001211,0.000288,0.998502
684,0,0.003986,0.000317,0.995696
685,1,0.416581,0.000876,0.582543
686,1,0.017696,0.000309,0.981994
687,0,0.275298,0.000798,0.723903
688,0,0.253126,0.612991,0.133883
689,0,0.990409,0.000736,0.008855
690,1,0.996766,0.002314,0.000920
691,1,0.140917,0.291636,0.567447
692,0,0.834868,0.163010,0.002122
693,0,0.866691,0.000759,0.132550
694,1,0.969172,0.000675,0.030153
695,1,0.994693,0.003029,0.002277
696,0,0.871477,0.005886,0.122637
697,0,0.045579,0.220568,0.733853
698,1,0.993837,0.001978,0.004185
699,1,0.982369,0.016602,0.001028
700,0,0.004082,0.070171,0.925747
701,0,0.031268,0.010289,0.958443
702,0,0.004921,0.165088,0.829991
703,1,0.029512,0.000310,0.970178
704,1,0.007060,0.000405,0.992535
705,1,0.995052,0.001914,0.003034
706,1,0.022330,0.707394,0.270276
707,0,0.001005,0.000318,0.998677
708,0,0.004159,0.000273,0.995568
709,1,0.289497,0.568585,0.141918
710,0,0.991462,0.007627,0.000911
711,0,0.051564,0.555418,0.393018
712,1,0.000547,0.000611,0.998842
713,0,0.003689,0.000245,0.996065
714,0,0.996742,0.001776,0.001482
715,0,0.807742,0.000666,0.191592
716,1,0.992686,0.006009,0.001305
717,1,0.981909,0.015224,0.002867
718,1,0.085831,0.000488,0.913681
719,1,0.009959,0.000301,0.989740
720,0,0.155372,0.000550,0.844077
721,1,0.996296,0.001815,0.001889
722,1,0.995744,0.002915,0.001341
723,1,0.936269,0.000683,0.063048
724,0,0.002124,0.014617,0.983258
725,1,0.974500,0.002515,0.022985
726,1,0.002099,0.000263,0.997638
727,0,0.964962,0.000643,0.034395
728,1,0.991793,0.000809,0.007397
729,0,0.038745,0.000420,0.960835
730,0,0.001386,0.000431,0.998183
731,0,0.350511,0.000728,0.648761
732,0,0.001410,0.000286,0.998304
733,1,0.967072,0.000814,0.032113
734,0,0.003432,0.208443,0.788124
735,0,0.004247,0.000529,0.995224
736,0,0.019070,0.000311,0.980619
737,0,0.004032,0.000715,0.995253
738,1,0.038367,0.000357,0.961276
739,1,0.324527,0.602816,0.072656
740,0,0.001842,0.000327,0.997832
741,0,0.001308,0.003890,0.994802
742,1,0.669430,0.306131,0.024439
743,0,0.779847,0.144466,0.075687
744,0,0.993750,0.004418,0.001831
745,0,0.001039,0.000306,0.998655
746,0,0.627482,0.000772,0.371746
747,1,0.992786,0.000793,0.006421
748,1,0.851990,0.124495,0.023515
749,0,0.171493,0.000731,0.827776
750,0,0.794423,0.000798,0.204780
751,0,0.450605,0.001911,0.547484
752,1,0.742903,0.204423,0.052675
753,1,0.908348,0.000889,0.090763
754,0,0.973142,0.023000,0.003858
755,1,0.768584,0.194715,0.036702
756,1,0.216023,0.000815,0.783163
757,0,0.059565,0.000498,0.939938
758,0,0.971191,0.021252,0.007558
759,0,0.996516,0.001739,0.001745
760,1,0.996422,0.001131,0.002447
761,0,0.000787,0.000456,0.998758
762,0,0.003226,0.010998,0.985776
763,0,0.073614,0.009000,0.917386
764,0,0.000723,0.000416,0.998860
765,0,0.994476,0.004801,0.000723
766,1,0.725982,0.000758,0.273261
767,1,0.001230,0.000397,0.998372
768,0,0.066669,0.000842,0.932488
769,0,0.827430,0.001123,0.171446
770,1,0.378305,0.001065,0.620630
771,0,0.967326,0.000777,0.031896
772,1,0.493490,0.492639,0.013871
773,0,0.002550,0.039541,0.957909
774,0,0.001153,0.000343,0.998504
775,0,0.995594,0.001183,0.003223
776,0,0.996668,0.002023,0.001309
777,0,0.312751,0.662476,0.024773
778,1,0.726021,0.156630,0.117348
779,0,0.009790,0.000383,0.989827
780,1,0.995693,0.001324,0.002983
781,0,0.907352,0.000757,0.091891
782,1,0.139014,0.772625,0.088362
783,0,0.075831,0.050465,0.873704
784,1,0.152374,0.632392,0.215234
785,1,0.435667,0.534151,0.030182
786,0,0.001037,0.000310,0.998653
787,0,0.066306,0.666189,0.267505
788,1,0.735475,0.247545,0.016981
789,1,0.147706,0.269739,0.582555
790,1,0.026545,0.000323,0.973132
791,1,0.025534,0.000394,0.974072
792,1,0.960582,0.001115,0.038304
793,0,0.001762,0.000411,0.997828
794,1,0.308387,0.000676,0.690937
795,0,0.834269,0.001233,0.164498
796,1,0.000924,0.000480,0.998596
797,0,0.012224,0.424756,0.563019
798,0,0.019050,0.017014,0.963936
799,0,0.311996,0.000763,0.687241
800,0,0.006693,0.000283,0.993024
801,0,0.003651,0.000499,0.995850
802,0,0.017980,0.608678,0.373342
803,0,0.955798,0.008095,0.036107
804,0,0.535234,0.000791,0.463975
805,0,0.791695,0.000963,0.207342
806,0,0.000485,0.000635,0.998880
807,0,0.488932,0.000783,0.510285
808,0,0.037101,0.000455,0.962443
809,0,0.881536,0.000694,0.117770
810,0,0.995965,0.001186,0.002849
811,0,0.996732,0.001555,0.001712
812,0,0.005714,0.004180,0.990107
813,0,0.040180,0.000415,0.959405
814,0,0.970688,0.000785,0.028526
815,0,0.966865,0.000589,0.032547
816,0,0.988794,0.000651,0.010555
817,0,0.008820,0.000282,0.990898
818,0,0.995235,0.001093,0.003673
819,0,0.001559,0.000440,0.998001
820,0,0.126953,0.000587,0.872460
821,0,0.001866,0.000271,0.997863
822,0,0.000958,0.000319,0.998723
823,0,0.887313,0.000703,0.111984
824,0,0.001007,0.000313,0.998680
825,0,0.607050,0.000843,0.392107
826,0,0.300068,0.000787,0.699145
827,0,0.962221,0.000660,0.037119
828,0,0.982941,0.000674,0.016385
829,0,0.000933,0.000326,0.998741
830,0,0.996539,0.001842,0.001619
831,0,0.887705,0.001154,0.111141
832,0,0.716853,0.000918,0.282229
833,0,0.943641,0.000645,0.055714
834,1,0.995096,0.001353,0.003551
835,0,0.015505,0.000440,0.984055
836,1,0.992318,0.000805,0.006876
837,0,0.987860,0.000646,0.011494
838,0,0.001194,0.000302,0.998504
839,0,0.004052,0.000305,0.995643
840,1,0.991139,0.000752,0.008109
841,0,0.773283,0.001242,0.225474
842,0,0.010266,0.000315,0.989420
843,0,0.008775,0.000309,0.990916
844,1,0.922614,0.000791,0.076595
845,0,0.012183,0.000317,0.987499
846,0,0.016462,0.000324,0.983214
847,0,0.993220,0.000765,0.006015
848,0,0.038945,0.517496,0.443559
849,0,0.452998,0.000685,0.546316
850,0,0.279260,0.000724,0.720015
851,0,0.009767,0.000329,0.989904
852,0,0.560217,0.000871,0.438912
853,0,0.013268,0.000536,0.986196
854,0,0.001059,0.000315,0.998626
855,0,0.978769,0.000658,0.020573
856,1,0.994454,0.004503,0.001043
857,1,0.939739,0.000712,0.059549
858,0,0.385737,0.000677,0.613586
859,0,0.863410,0.000790,0.135800
860,0,0.001642,0.000786,0.997572
861,0,0.270504,0.000658,0.728838
862,0,0.026035,0.000333,0.973632
863,1,0.978209,0.010416,0.011375
864,0,0.067992,0.171187,0.760821
865,1,0.985296,0.000815,0.013889
866,0,0.007641,0.000426,0.991933
867,0,0.906556,0.000653,0.092791
868,0,0.014229,0.000326,0.985445
869,0,0.993918,0.000824,0.005258
870,0,0.868134,0.000717,0.131149
871,1,0.544256,0.000701,0.455043
872,0,0.992311,0.000817,0.006872
873,0,0.025311,0.000355,0.974334
874,0,0.636175,0.001034,0.362791
875,0,0.005952,0.000281,0.993768
876,0,0.033429,0.004985,0.961586
877,0,0.058846,0.000802,0.940352
878,0,0.053742,0.000439,0.945819
879,0,0.013590,0.000380,0.986030
880,1,0.996270,0.002281,0.001449
881,0,0.412420,0.000790,0.586790
882,0,0.130103,0.000603,0.869294
883,0,0.016002,0.000309,0.983689
884,0,0.980452,0.000587,0.018961
885,0,0.957624,0.000789,0.041587
886,0,0.021048,0.000332,0.978620
887,0,0.796792,0.001452,0.201755
888,0,0.004686,0.000262,0.995052
889,0,0.971723,0.000685,0.027592
890,0,0.099372,0.000453,0.900174
891,0,0.983838,0.000985,0.015177
892,0,0.010255,0.000337,0.989408
893,0,0.357741,0.000813,0.641446
894,0,0.062215,0.000517,0.937267
895,0,0.002839,0.000268,0.996893
896,0,0.006639,0.000260,0.993101
897,0,0.010174,0.000283,0.989543
898,0,0.485367,0.000750,0.513883
899,0,0.016038,0.255039,0.728923
900,1,0.831297,0.000789,0.167914
901,0,0.013161,0.000344,0.986495
902,0,0.003185,0.000292,0.996523
903,0,0.989978,0.001074,0.008947
904,0,0.858096,0.000852,0.141051
905,0,0.991367,0.000664,0.007970
906,0,0.025218,0.036724,0.938057
907,0,0.805459,0.000789,0.193752
908,0,0.562835,0.000724,0.436441
909,0,0.000732,0.000359,0.998909
910,0,0.018513,0.000848,0.980639
911,0,0.944782,0.000846,0.054371
912,0,0.442467,0.000892,0.556641
913,1,0.554127,0.000819,0.445054
914,0,0.139912,0.000502,0.859586
915,0,0.292875,0.684330,0.022795
916,0,0.367444,0.620522,0.012034
917,0,0.010283,0.000269,0.989448
918,0,0.291400,0.000692,0.707908
919,0,0.989012,0.000634,0.010354
920,0,0.968034,0.000764,0.031202
921,0,0.144071,0.003852,0.852077
922,1,0.996426,0.001057,0.002518
923,1,0.994342,0.004603,0.001055
924,0,0.005745,0.000246,0.994009
925,1,0.942453,0.000671,0.056876
926,1,0.996028,0.001681,0.002291
927,1,0.924173,0.000750,0.075077
928,1,0.996455,0.001337,0.002208
929,1,0.992538,0.001289,0.006173
930,1,0.984484,0.014283,0.001233
931,0,0.939179,0.000875,0.059945
932,0,0.004861,0.000407,0.994733
933,1,0.005027,0.000316,0.994657
934,0,0.025177,0.001047,0.973776
935,0,0.003311,0.000336,0.996353
936,1,0.983997,0.000639,0.015365
937,0,0.428049,0.000844,0.571108
938,0,0.002661,0.000258,0.997080
939,0,0.767456,0.000869,0.231674
940,0,0.005519,0.000278,0.994203
941,0,0.056083,0.000423,0.943494
942,0,0.001128,0.000296,0.998575
943,0,0.975988,0.000624,0.023388
944,0,0.014945,0.000383,0.984672
945,0,0.815367,0.000836,0.183797
946,0,0.131727,0.000827,0.867446
947,0,0.556509,0.001017,0.442474
948,0,0.981378,0.000689,0.017933
949,0,0.992886,0.000828,0.006287
950,0,0.020491,0.006265,0.973244
951,0,0.432254,0.000845,0.566901
952,1,0.965890,0.000728,0.033382
953,0,0.284173,0.000647,0.715180
954,0,0.093982,0.000651,0.905367
955,0,0.986891,0.000826,0.012283
956,1,0.927647,0.000658,0.071695
957,1,0.995647,0.003344,0.001009
958,1,0.794713,0.001177,0.204110
959,1,0.989741,0.000832,0.009426
960,1,0.954232,0.040965,0.004803
961,0,0.975019,0.000693,0.024288
962,0,0.000718,0.000362,0.998919
963,0,0.001782,0.000457,0.997761
964,0,0.962104,0.000863,0.037033
965,1,0.910614,0.003485,0.085901
966,0,0.025185,0.000394,0.974421
967,0,0.001122,0.000331,0.998547
968,1,0.629189,0.000819,0.369992
969,1,0.996305,0.002523,0.001172
970,1,0.379196,0.000727,0.620078
971,0,0.558837,0.000768,0.440395
972,0,0.053287,0.000517,0.946196
973,1,0.990586,0.005591,0.003823
974,1,0.797890,0.193214,0.008896
975,0,0.000856,0.000351,0.998793
976,1,0.995039,0.001112,0.003849
977,0,0.000683,0.000366,0.998951
978,0,0.590305,0.000710,0.408985
979,1,0.114528,0.000562,0.884910
980,0,0.905394,0.000894,0.093713
981,1,0.996585,0.001304,0.002111
982,0,0.333908,0.332462,0.333630
983,0,0.173856,0.000609,0.825534
984,0,0.000530,0.000676,0.998795
985,0,0.003927,0.000353,0.995721
986,0,0.478538,0.000774,0.520687
987,0,0.002916,0.000294,0.996790
988,0,0.000983,0.000395,0.998622
989,0,0.089427,0.000600,0.909973
990,1,0.988338,0.009996,0.001666
991,1,0.996070,0.001154,0.002776
992,1,0.012482,0.000330,0.987188
993,0,0.707768,0.001839,0.290393
994,0,0.002504,0.000297,0.997198
995,0,0.910616,0.000890,0.088494
996,1,0.781648,0.214325,0.004027
997,1,0.986533,0.011479,0.001988
998,0,0.250377,0.000812,0.748811
999,0,0.392274,0.000942,0.606785
1000,1,0.995770,0.002418,0.001812
1001,0,0.065017,0.000857,0.934126
1002,1,0.508119,0.482141,0.009740
1003,1,0.933573,0.064007,0.002419
1004,1,0.939919,0.001386,0.058695
1005,1,0.995206,0.003068,0.001727
1006,0,0.482678,0.001115,0.516208
1007,1,0.985826,0.000821,0.013353
1008,1,0.934108,0.000652,0.065239
1009,0,0.827423,0.000720,0.171857
1010,1,0.992690,0.003948,0.003363
1011,1,0.982976,0.000644,0.016380
1012,1,0.004444,0.001333,0.994223
1013,0,0.001172,0.000310,0.998518
1014,0,0.677464,0.208070,0.114466
1015,0,0.183836,0.000658,0.815507
1016,1,0.503781,0.032864,0.463354
1017,0,0.207613,0.001377,0.791010
1018,1,0.995848,0.001234,0.002918
1019,1,0.603366,0.379170,0.017464
1020,0,0.012392,0.000305,0.987302
1021,0,0.073884,0.000498,0.925618
1022,0,0.991633,0.000819,0.007548
1023,1,0.650067,0.000727,0.349207
1024,0,0.524035,0.000858,0.475107
1025,0,0.006739,0.000348,0.992913
1026,0,0.000908,0.000415,0.998676
1027,1,0.533058,0.000896,0.466046
1028,0,0.027873,0.000407,0.971720
1029,0,0.990764,0.000815,0.008421
1030,0,0.306017,0.000840,0.693143
1031,0,0.850524,0.000934,0.148543
1032,0,0.579662,0.414404,0.005934
1033,1,0.992861,0.001038,0.006101
1034,1,0.024597,0.000380,0.975023
1035,0,0.694389,0.000696,0.304915
1036,0,0.000618,0.000507,0.998875
1037,0,0.996051,0.001301,0.002648
1038,0,0.000854,0.000495,0.998650
1039,1,0.074173,0.000482,0.925344
1040,0,0.916968,0.000714,0.082319
1041,0,0.074595,0.000565,0.924840
1042,1,0.996053,0.001969,0.001977
1043,0,0.735747,0.000760,0.263494
1044,0,0.983200,0.000653,0.016147
1045,0,0.041823,0.000434,0.957743
1046,0,0.001041,0.000358,0.998602
1047,0,0.484574,0.001609,0.513817
1048,0,0.091703,0.000625,0.907672
1049,0,0.001323,0.000347,0.998330
1050,0,0.004152,0.000304,0.995544
1051,0,0.012042,0.318804,0.669155
1052,0,0.996568,0.001248,0.002184
1053,1,0.991545,0.001942,0.006513
1054,1,0.988292,0.001320,0.010388
1055,1,0.994998,0.003914,0.001088
1056,1,0.996269,0.001461,0.002269
1057,0,0.561574,0.000779,0.437647
1058,0,0.504421,0.001205,0.494374
1059,1,0.875166,0.121896,0.002938
1060,1,0.593744,0.000926,0.405329
1061,1,0.992487,0.005615,0.001898
1062,0,0.008179,0.000294,0.991527
1063,1,0.203891,0.000769,0.795339
1064,1,0.235592,0.000588,0.763821
1065,0,0.946259,0.000748,0.052993
1066,0,0.914866,0.000744,0.084390
1067,0,0.006751,0.000283,0.992966
1068,1,0.945010,0.000801,0.054189
1069,0,0.197529,0.000610,0.801861
1070,0,0.001087,0.000303,0.998610
1071,1,0.716528,0.276407,0.007064
1072,1,0.890078,0.080910,0.029012
1073,0,0.082851,0.000425,0.916725
1074,0,0.150470,0.000526,0.849003
1075,0,0.917977,0.001301,0.080722
1076,0,0.991236,0.003200,0.005563
1077,1,0.007206,0.000319,0.992475
1078,0,0.246591,0.000616,0.752793
1079,0,0.988961,0.000891,0.010148
1080,0,0.120551,0.000517,0.878932
1081,0,0.374186,0.555106,0.070708
1082,1,0.008345,0.000357,0.991298
1083,0,0.995268,0.000922,0.003811
1084,0,0.499419,0.000868,0.499713
1085,0,0.883330,0.000746,0.115924
1086,0,0.018988,0.000583,0.980429
1087,1,0.329477,0.005526,0.664998
1088,1,0.070616,0.000457,0.928927
1089,1,0.273923,0.000718,0.725359
1090,1,0.995391,0.001079,0.003530
1091,0,0.054697,0.434414,0.510888
1092,0,0.006424,0.000659,0.992917
1093,1,0.751526,0.001092,0.247382
1094,1,0.996725,0.001680,0.001596
1095,0,0.985589,0.000715,0.013696
1096,0,0.001088,0.014161,0.984751
1097,0,0.974553,0.000794,0.024652
1098,0,0.037617,0.000394,0.961989
1099,0,0.004181,0.000292,0.995527
1100,0,0.060711,0.000747,0.938542
1101,0,0.011220,0.000330,0.988450
1102,0,0.996194,0.001465,0.002341
1103,1,0.994975,0.001007,0.004018
1104,0,0.005628,0.006276,0.988096
1105,1,0.134804,0.000602,0.864594
1106,1,0.408248,0.000946,0.590807
1107,0,0.001558,0.000285,0.998156
1108,0,0.014750,0.000325,0.984925
1109,0,0.002175,0.000296,0.997529
1110,0,0.514513,0.000819,0.484669
1111,0,0.993770,0.000712,0.005518
1112,0,0.557062,0.001146,0.441792
1113,0,0.976315,0.000620,0.023065
1114,0,0.995685,0.000793,0.003523
1115,0,0.986096,0.000789,0.013115
1116,0,0.861449,0.000777,0.137773
1117,0,0.316932,0.000732,0.682336
1118,0,0.289329,0.000693,0.709977
1119,1,0.162799,0.429600,0.407601
1120,1,0.002043,0.000289,0.997667
1121,0,0.511109,0.337611,0.151279
1122,1,0.995405,0.000856,0.003740
1123,1,0.996525,0.001177,0.002298
1124,0,0.000855,0.002748,0.996397
1125,0,0.995366,0.002926,0.001708
1126,1,0.991859,0.007090,0.001052
1127,0,0.977401,0.006244,0.016355
1128,0,0.994345,0.000676,0.004979
1129,0,0.995413,0.000836,0.003751
1130,0,0.995334,0.003053,0.001613
1131,0,0.002128,0.000254,0.997618
1132,1,0.996614,0.001486,0.001900
1133,1,0.059355,0.363515,0.577130
1134,0,0.001591,0.000322,0.998087
1135,0,0.001818,0.000287,0.997895
1136,0,0.131687,0.286613,0.581701
1137,0,0.995920,0.002435,0.001646
1138,1,0.549754,0.409895,0.040352
1139,0,0.886350,0.000817,0.112834
1140,0,0.319893,0.000720,0.679386
1141,0,0.006276,0.000480,0.993244
1142,0,0.005440,0.000344,0.994216
1143,0,0.015178,0.000295,0.984527
1144,1,0.260215,0.000996,0.738789
1145,1,0.992873,0.001803,0.005324
1146,1,0.889549,0.000645,0.109806
1147,0,0.422180,0.531825,0.045995
1148,0,0.725685,0.000971,0.273343
1149,0,0.004592,0.000296,0.995112
1150,1,0.988682,0.000881,0.010437
1151,1,0.994095,0.004501,0.001404
1152,0,0.994367,0.001266,0.004366
1153,0,0.192080,0.000766,0.807154
1154,0,0.983496,0.000627,0.015876
1155,1,0.987119,0.011588,0.001293
1156,0,0.026889,0.000387,0.972724
1157,0,0.836336,0.000787,0.162876
1158,0,0.987163,0.000816,0.012021
1159,0,0.996067,0.002310,0.001623
1160,0,0.821907,0.000984,0.177109
1161,1,0.571970,0.393283,0.034747
1162,1,0.462764,0.000724,0.536512
1163,0,0.989231,0.000712,0.010057
1164,1,0.664919,0.000715,0.334366
1165,1,0.997305,0.001288,0.001407
1166,1,0.065037,0.717902,0.217061
1167,1,0.854619,0.000692,0.144689
1168,0,0.590103,0.001074,0.408823
1169,1,0.894208,0.000697,0.105095
1170,1,0.714327,0.003114,0.282560
1171,1,0.996120,0.002647,0.001233
1172,1,0.489704,0.441271,0.069025
1173,1,0.860729,0.001111,0.138160
1174,0,0.019537,0.000397,0.980066
1175,1,0.996517,0.001575,0.001909
1176,0,0.722478,0.000709,0.276813
1177,1,0.990271,0.000895,0.008834
1178,1,0.995360,0.001264,0.003375
1179,0,0.021522,0.000402,0.978077
1180,0,0.868506,0.000737,0.130757
1181,0,0.188229,0.000562,0.811209
1182,0,0.996360,0.001081,0.002560
1183,0,0.158606,0.000730,0.840664
1184,0,0.962707,0.000969,0.036324
1185,0,0.006438,0.000481,0.993080
1186,0,0.012108,0.000312,0.987580
1187,1,0.937207,0.005069,0.057724
1188,1,0.075580,0.000552,0.923869
1189,0,0.003314,0.000320,0.996366
1190,0,0.004093,0.000280,0.995628
1191,0,0.943005,0.000671,0.056324
1192,1,0.061141,0.000598,0.938261
1193,1,0.993415,0.005176,0.001408
1194,0,0.983786,0.000682,0.015532
1195,0,0.001802,0.000367,0.997831
1196,1,0.371928,0.000810,0.627261
1197,1,0.056783,0.000429,0.942789
1198,1,0.970603,0.000685,0.028711
1199,1,0.976893,0.019975,0.003132
1200,1,0.003237,0.000275,0.996487
1201,1,0.995648,0.003226,0.001126
1202,1,0.990711,0.003956,0.005334
1203,1,0.995534,0.000941,0.003526
1204,1,0.216146,0.689141,0.094712
1205,1,0.939016,0.000703,0.060281
1206,1,0.015249,0.000351,0.984400
1207,1,0.995188,0.003231,0.001581
1208,1,0.995914,0.001182,0.002904
1209,1,0.976004,0.002463,0.021533
1210,1,0.410607,0.000875,0.588519
1211,1,0.991449,0.002061,0.006490
1212,1,0.043712,0.000489,0.955799
1213,1,0.773321,0.001539,0.225141
1214,1,0.014351,0.000403,0.985246
1215,1,0.000520,0.000793,0.998686
1216,1,0.445072,0.426405,0.128523
1217,1,0.928221,0.000778,0.071001
1218,1,0.979185,0.020042,0.000773
1219,1,0.994065,0.005153,0.000782
1220,1,0.990908,0.000758,0.008334
1221,1,0.102161,0.003141,0.894698
1222,1,0.987394,0.000904,0.011702
1223,1,0.996668,0.001310,0.002021
1224,1,0.995578,0.001722,0.002700
1225,1,0.995885,0.001325,0.002790
1226,1,0.755088,0.000826,0.244085
1227,1,0.963279,0.000699,0.036021
1228,1,0.996916,0.001287,0.001796
1229,1,0.648351,0.000787,0.350861
1230,1,0.006757,0.000289,0.992954
1231,1,0.938544,0.000623,0.060833
1232,1,0.960863,0.000607,0.038530
1233,1,0.023329,0.000349,0.976322
1234,1,0.982000,0.016215,0.001785
1235,1,0.368977,0.596183,0.034840
1236,1,0.984906,0.002838,0.012256
1237,1,0.483584,0.060770,0.455646
1238,1,0.991531,0.000800,0.007668
1239,0,0.926339,0.000777,0.072884
1240,1,0.995319,0.001039,0.003642
1241,1,0.327839,0.317400,0.354761
1242,1,0.471133,0.000774,0.528093
1243,1,0.121140,0.000804,0.878055
1244,1,0.061162,0.304544,0.634294
1245,1,0.041060,0.000574,0.958366
1246,1,0.004165,0.000392,0.995443
1247,1,0.994815,0.000859,0.004326
1248,0,0.299279,0.297857,0.402864
1249,1,0.034648,0.001406,0.963946
1250,1,0.989295,0.008338,0.002366
1251,1,0.993446,0.000946,0.005608
1252,1,0.883726,0.112523,0.003752
1253,1,0.995590,0.003467,0.000943
1254,0,0.096057,0.002653,0.901290
1255,0,0.077834,0.155789,0.766377
1256,0,0.002786,0.000926,0.996287
1257,0,0.869907,0.056247,0.073846
1258,1,0.684914,0.000931,0.314155
1259,0,0.994240,0.000829,0.004931
1260,1,0.991066,0.004008,0.004926
1261,1,0.152032,0.000847,0.847121
1262,1,0.728635,0.067444,0.203920
1263,0,0.008680,0.000649,0.990671
1264,0,0.897102,0.001012,0.101886
1265,0,0.001001,0.000340,0.998659
1266,1,0.523763,0.001012,0.475226
1267,0,0.002042,0.000299,0.997658
1268,0,0.952736,0.000658,0.046606
1269,0,0.994385,0.000938,0.004677
1270,1,0.071080,0.353835,0.575085
1271,0,0.995987,0.001856,0.002156
1272,0,0.016690,0.000351,0.982959
1273,0,0.014869,0.133284,0.851848
1274,0,0.027221,0.000333,0.972447
1275,0,0.889160,0.000725,0.110115
1276,1,0.996193,0.001155,0.002651
1277,1,0.959092,0.000807,0.040101
1278,1,0.882492,0.001187,0.116320
1279,1,0.798052,0.001387,0.200561
1280,0,0.175320,0.000580,0.824100
1281,0,0.002206,0.000957,0.996837
1282,1,0.160292,0.000519,0.839189
1283,0,0.815009,0.001003,0.183987
1284,1,0.990744,0.000694,0.008562
1285,1,0.510200,0.001196,0.488603
1286,0,0.986989,0.000733,0.012279
1287,0,0.002290,0.000275,0.997435
1288,0,0.097488,0.000475,0.902037
1289,0,0.072456,0.012659,0.914886
1290,1,0.174098,0.000597,0.825305
1291,0,0.313965,0.477754,0.208281
1292,0,0.026092,0.000351,0.973557
1293,1,0.995399,0.000923,0.003677
1294,1,0.995536,0.001497,0.002967
1295,0,0.712740,0.282911,0.004349
1296,1,0.961043,0.000591,0.038366
1297,0,0.976750,0.000667,0.022583
1298,1,0.996463,0.001632,0.001905
1299,0,0.000784,0.000349,0.998868
1300,0,0.336202,0.000934,0.662864
1301,1,0.582378,0.153995,0.263627
1302,1,0.496175,0.001639,0.502186
1303,1,0.626689,0.000936,0.372375
1304,0,0.991401,0.000769,0.007830
1305,0,0.001171,0.000295,0.998535
1306,0,0.838266,0.000859,0.160874
1307,0,0.020669,0.000385,0.978946
1308,1,0.995144,0.003447,0.001409
1309,1,0.023163,0.296172,0.680664
1310,0,0.001953,0.000297,0.997750
1311,0,0.002067,0.007516,0.990417
1312,1,0.992073,0.001270,0.006657
1313,0,0.012091,0.000292,0.987618
1314,0,0.994917,0.000755,0.004328
1315,1,0.499108,0.000925,0.499967
1316,0,0.964806,0.003449,0.031744
1317,1,0.996073,0.001033,0.002894
1318,1,0.332773,0.000700,0.666527
1319,0,0.002760,0.029098,0.968142
1320,0,0.890092,0.000758,0.109149
1321,0,0.996152,0.001024,0.002824
1322,1,0.277051,0.002581,0.720368
1323,0,0.020051,0.000308,0.979641
1324,0,0.002533,0.000284,0.997183
1325,0,0.516438,0.000751,0.482811
1326,1,0.009798,0.000469,0.989734
1327,0,0.001336,0.000935,0.997730
1328,0,0.006046,0.000354,0.993600
1329,1,0.986638,0.012510,0.000852
1330,1,0.992854,0.000812,0.006334
1331,0,0.985712,0.000625,0.013664
1332,1,0.994668,0.003874,0.001458
1333,1,0.896855,0.000676,0.102469
1334,0,0.029533,0.000363,0.970104
1335,0,0.982310,0.000627,0.017064
1336,1,0.716435,0.002340,0.281225
1337,0,0.373520,0.000739,0.625742
1338,0,0.002872,0.000327,0.996801
1339,1,0.996419,0.001126,0.002456
1340,1,0.970801,0.000719,0.028480
1341,1,0.002138,0.000594,0.997268
1342,0,0.046030,0.000536,0.953433
1343,0,0.204474,0.000692,0.794834
1344,0,0.003655,0.009719,0.986627
1345,1,0.995393,0.001445,0.003162
1346,1,0.885568,0.000759,0.113673
1347,1,0.977751,0.000824,0.021426
1348,0,0.001742,0.000297,0.997961
1349,1,0.002680,0.000278,0.997042
1350,0,0.710608,0.000913,0.288479
1351,1,0.990847,0.008223,0.000930
1352,1,0.960880,0.000738,0.038382
1353,0,0.357103,0.409119,0.233778
1354,1,0.456765,0.000823,0.542412
1355,1,0.994404,0.000870,0.004726
1356,1,0.332017,0.001461,0.666522
1357,1,0.995191,0.001426,0.003383
1358,1,0.540476,0.417141,0.042383
1359,0,0.205489,0.142870,0.651641
1360,1,0.409865,0.515209,0.074926
1361,0,0.938870,0.000855,0.060275
1362,1,0.002077,0.001862,0.996062
1363,0,0.562228,0.000970,0.436802
1364,0,0.013964,0.000339,0.985697
1365,1,0.982835,0.000800,0.016364
1366,0,0.949593,0.000701,0.049706
1367,1,0.000661,0.000587,0.998752
1368,1,0.016402,0.000285,0.983313
1369,1,0.985501,0.013451,0.001048
1370,0,0.407582,0.028132,0.564286
1371,1,0.991284,0.000647,0.008069
1372,0,0.996674,0.001710,0.001617
1373,0,0.004486,0.000538,0.994977
1374,0,0.991892,0.000780,0.007328
1375,0,0.061243,0.000463,0.938294
1376,1,0.003991,0.000311,0.995698
1377,1,0.000584,0.000831,0.998586
1378,0,0.000859,0.000347,0.998795
1379,1,0.994089,0.001031,0.004880
1380,1,0.949317,0.000841,0.049842
1381,1,0.990178,0.000645,0.009177
1382,0,0.009193,0.885635,0.105172
1383,1,0.996681,0.002237,0.001082
1384,0,0.976796,0.000907,0.022297
1385,1,0.676128,0.064314,0.259558
1386,0,0.066669,0.000526,0.932805
1387,0,0.000501,0.000894,0.998605
1388,1,0.994377,0.000919,0.004705
1389,0,0.006902,0.000287,0.992811
1390,0,0.073271,0.009441,0.917288
1391,0,0.014893,0.000320,0.984787
1392,1,0.028586,0.003215,0.968200
1393,0,0.000934,0.000334,0.998732
1394,0,0.939988,0.000576,0.059436
1395,1,0.900854,0.001042,0.098104
1396,0,0.045732,0.000357,0.953911
1397,1,0.971354,0.000645,0.028001
1398,0,0.986340,0.000670,0.012990
1399,1,0.990011,0.000789,0.009200
1400,1,0.995138,0.001604,0.003258
1401,0,0.752465,0.000698,0.246837
1402,1,0.956596,0.000625,0.042779
1403,1,0.027476,0.000467,0.972057
1404,0,0.986026,0.001032,0.012942
1405,1,0.992730,0.005420,0.001850
1406,1,0.995125,0.003172,0.001703
1407,1,0.995210,0.003620,0.001170
1408,1,0.816434,0.001328,0.182237
1409,0,0.364571,0.000935,0.634494
1410,1,0.909159,0.001086,0.089755
1411,0,0.898046,0.000728,0.101225
1412,1,0.994805,0.002679,0.002516
1413,0,0.016278,0.000306,0.983415
1414,0,0.992918,0.006017,0.001066
1415,0,0.979076,0.017700,0.003224
1416,0,0.001721,0.000319,0.997959
1417,0,0.064026,0.000455,0.935520
1418,0,0.394343,0.000808,0.604849
1419,1,0.987575,0.000638,0.011787
1420,1,0.988616,0.000719,0.010665
1421,0,0.396179,0.000698,0.603123
1422,0,0.089977,0.000466,0.909557
1423,0,0.048212,0.000441,0.951346
1424,0,0.986060,0.000664,0.013275
1425,0,0.996750,0.001194,0.002056
1426,0,0.990736,0.000727,0.008537
1427,0,0.993655,0.000694,0.005651
1428,1,0.978055,0.000654,0.021291
1429,1,0.918330,0.000595,0.081075
1430,1,0.995214,0.003335,0.001452
1431,1,0.101283,0.000414,0.898304
1432,0,0.996205,0.001081,0.002715
1433,0,0.936300,0.000982,0.062718
1434,1,0.039207,0.582993,0.377800
1435,0,0.545548,0.000859,0.453592
1436,0,0.993510,0.000721,0.005768
1437,0,0.439765,0.464352,0.095883
1438,0,0.073820,0.000635,0.925545
1439,1,0.993392,0.001132,0.005476
1440,0,0.254260,0.000630,0.745110
1441,0,0.008885,0.067622,0.923493
1442,0,0.001419,0.000308,0.998273
1443,0,0.192581,0.004766,0.802652
1444,0,0.822004,0.001058,0.176939
1445,0,0.996566,0.000934,0.002499
1446,0,0.004266,0.021905,0.973829
1447,0,0.044068,0.000441,0.955491
1448,1,0.522063,0.452712,0.025225
1449,1,0.380874,0.000837,0.618289
1450,1,0.993981,0.001203,0.004815
1451,0,0.995828,0.001212,0.002961
1452,0,0.997197,0.001468,0.001335
1453,1,0.093064,0.001800,0.905136
1454,1,0.235987,0.368679,0.395334
1455,1,0.830104,0.097283,0.072614
1456,1,0.619652,0.001333,0.379015
1457,0,0.014466,0.128416,0.857118
1458,0,0.996909,0.001503,0.001588
1459,0,0.003064,0.000283,0.996653
1460,0,0.996174,0.001873,0.001952
1461,1,0.598254,0.006723,0.395023
1462,1,0.385313,0.459903,0.154783
1463,0,0.975799,0.003588,0.020613
1464,0,0.772976,0.010407,0.216616
1465,0,0.209999,0.015954,0.774047
1466,0,0.219894,0.000707,0.779398
1467,0,0.000941,0.000320,0.998739
1468,1,0.990254,0.005132,0.004614
1469,1,0.980009,0.000875,0.019117
1470,0,0.975640,0.000709,0.023652
1471,0,0.622194,0.000796,0.377010
1472,0,0.243568,0.164930,0.591502
1473,1,0.026841,0.000340,0.972819
1474,0,0.674014,0.321553,0.004433
1475,0,0.002536,0.000283,0.997181
1476,0,0.000533,0.000857,0.998610
1477,1,0.994504,0.003661,0.001835
1478,0,0.983134,0.000733,0.016134
1479,0,0.003663,0.000264,0.996073
1480,0,0.001693,0.000380,0.997927
1481,0,0.169151,0.000880,0.829969
1482,0,0.001253,0.000413,0.998335
1483,1,0.981228,0.016559,0.002213
1484,0,0.087336,0.000425,0.912238
1485,1,0.022865,0.161034,0.816101
1486,1,0.005563,0.000465,0.993972
1487,0,0.956254,0.001205,0.042541
1488,0,0.014442,0.001118,0.984440
1489,0,0.266248,0.000703,0.733050
1490,1,0.170211,0.000598,0.829191
1491,1,0.159917,0.000658,0.839426
1492,0,0.004344,0.000320,0.995336
1493,0,0.886662,0.000866,0.112471
1494,0,0.939268,0.000880,0.059852
1495,0,0.563661,0.000842,0.435497
1496,0,0.937909,0.001077,0.061014
1497,1,0.961845,0.001519,0.036636
1498,0,0.032887,0.000352,0.966760
1499,0,0.964208,0.000757,0.035036
1500,0,0.000830,0.000659,0.998510
1501,0,0.993566,0.003272,0.003162
1502,0,0.814550,0.000950,0.184500
1503,1,0.985234,0.001148,0.013618
1504,1,0.896205,0.000713,0.103082
1505,1,0.788848,0.209040,0.002112
1506,0,0.046073,0.000463,0.953464
1507,0,0.034671,0.000515,0.964814
1508,1,0.977117,0.000691,0.022192
1509,1,0.985653,0.001219,0.013128
1510,0,0.796863,0.003112,0.200025
1511,0,0.400992,0.549365,0.049643
1512,0,0.918751,0.000760,0.080489
1513,1,0.995389,0.003512,0.001099
1514,0,0.996023,0.000851,0.003126
1515,1,0.698566,0.000773,0.300661
1516,0,0.147030,0.000481,0.852489
1517,0,0.033847,0.568816,0.397337
1518,1,0.068781,0.000430,0.930789
1519,0,0.981848,0.000631,0.017521
1520,0,0.990317,0.000700,0.008984
1521,1,0.871491,0.001067,0.127442
1522,0,0.075659,0.000412,0.923929
1523,0,0.980034,0.000844,0.019122
1524,0,0.002851,0.000313,0.996836
1525,0,0.004202,0.000485,0.995313
1526,0,0.968600,0.000839,0.030560
1527,0,0.093185,0.000476,0.906338
1528,0,0.955539,0.000634,0.043828
1529,0,0.890420,0.000777,0.108803
1530,0,0.515156,0.001485,0.483359
1531,0,0.984574,0.000676,0.014750
1532,0,0.994499,0.001015,0.004486
1533,0,0.711137,0.000744,0.288119
1534,0,0.155152,0.000617,0.844231
1535,0,0.002352,0.000269,0.997378
1536,0,0.994661,0.001060,0.004279
1537,0,0.020580,0.000356,0.979064
1538,0,0.056046,0.000531,0.943423
1539,0,0.992723,0.000791,0.006486
1540,0,0.003130,0.000263,0.996607
1541,0,0.720812,0.001292,0.277896
1542,0,0.001182,0.000294,0.998524
1543,0,0.002662,0.000314,0.997024
1544,0,0.033031,0.000485,0.966484
1545,0,0.138828,0.000933,0.860239
1546,0,0.002198,0.000313,0.997488
1547,0,0.001434,0.000289,0.998278
1548,0,0.002866,0.000262,0.996872
1549,0,0.011698,0.000491,0.987811
1550,0,0.728506,0.268711,0.002783
1551,0,0.014860,0.000304,0.984835
1552,0,0.981215,0.000898,0.017887
1553,0,0.838323,0.000881,0.160796
1554,0,0.960984,0.000637,0.038379
1555,0,0.855506,0.000905,0.143590
1556,0,0.001415,0.000283,0.998302
1557,0,0.060567,0.000526,0.938907
1558,0,0.987066,0.000592,0.012342
1559,0,0.914968,0.000719,0.084314
1560,0,0.001438,0.000329,0.998233
1561,0,0.001081,0.000309,0.998610
1562,0,0.993759,0.000991,0.005250
1563,0,0.001940,0.000274,0.997786
1564,0,0.994677,0.000986,0.004337
1565,0,0.002510,0.000267,0.997223
1566,0,0.124437,0.000693,0.874869
1567,0,0.955975,0.001100,0.042925
1568,0,0.454546,0.002276,0.543178
1569,0,0.001634,0.000276,0.998090
1570,0,0.985253,0.000660,0.014087
1571,0,0.001228,0.000324,0.998448
1572,0,0.001785,0.000436,0.997779
1573,0,0.986725,0.000638,0.012638
1574,0,0.540724,0.000739,0.458538
1575,0,0.994991,0.000981,0.004027
1576,0,0.004528,0.000368,0.995104
1577,0,0.664739,0.000705,0.334555
1578,0,0.936707,0.000687,0.062606
1579,0,0.159786,0.001111,0.839103
1580,0,0.188507,0.001302,0.810191
1581,0,0.024124,0.060849,0.915027
1582,0,0.001331,0.000338,0.998331
1583,0,0.706965,0.000703,0.292331
1584,0,0.835540,0.000860,0.163600
1585,0,0.434297,0.000718,0.564985
1586,0,0.980098,0.000681,0.019220
1587,0,0.397903,0.000739,0.601358
1588,0,0.133612,0.000518,0.865870
1589,0,0.007578,0.000288,0.992134
1590,0,0.002016,0.000325,0.997658
1591,0,0.956150,0.042654,0.001196
1592,0,0.019008,0.000330,0.980662
1593,0,0.003511,0.000256,0.996233
1594,0,0.148463,0.000650,0.850887
1595,0,0.090817,0.000467,0.908716
1596,0,0.026861,0.000338,0.972801
1597,0,0.995345,0.000961,0.003694
1598,0,0.445763,0.000949,0.553288
1599,0,0.002420,0.000260,0.997320
1600,0,0.032615,0.000375,0.967010
1601,0,0.957013,0.000929,0.042057
1602,0,0.084675,0.000561,0.914764
1603,1,0.992179,0.000718,0.007103
1604,1,0.992886,0.000769,0.006345
1605,1,0.003522,0.000246,0.996232
1606,1,0.995670,0.002683,0.001647
1607,1,0.995686,0.001378,0.002936
1608,1,0.232261,0.307097,0.460642
1609,0,0.227663,0.000650,0.771686
1610,1,0.009521,0.000282,0.990196
1611,1,0.780372,0.213869,0.005759
1612,1,0.927940,0.000891,0.071168
1613,1,0.720556,0.273007,0.006437
1614,0,0.499440,0.001009,0.499551
1615,1,0.978774,0.001932,0.019294
1616,0,0.001112,0.000398,0.998490
1617,0,0.978124,0.000615,0.021262
1618,1,0.996166,0.001135,0.002698
1619,1,0.992174,0.006726,0.001100
1620,1,0.994785,0.003085,0.002130
1621,1,0.995772,0.001089,0.003139
1622,1,0.994148,0.004956,0.000896
1623,1,0.995184,0.004022,0.000795
1624,1,0.964338,0.000834,0.034828
1625,0,0.887843,0.000943,0.111214
1626,1,0.993974,0.001105,0.004921
1627,1,0.995638,0.000984,0.003378
1628,1,0.996455,0.001276,0.002269
1629,1,0.638238,0.322929,0.038833
1630,1,0.000569,0.002519,0.996912
1631,1,0.986852,0.012245,0.000903
1632,1,0.936586,0.061064,0.002350
1633,1,0.971970,0.000730,0.027300
1634,1,0.925679,0.000712,0.073609
1635,1,0.003643,0.000266,0.996091
1636,0,0.000971,0.000312,0.998717
1637,0,0.996454,0.002077,0.001469
1638,1,0.989240,0.009528,0.001232
1639,1,0.975383,0.020766,0.003851
1640,1,0.528356,0.001150,0.470494
1641,1,0.560308,0.002758,0.436933
1642,0,0.023957,0.000402,0.975641
1643,1,0.803926,0.000805,0.195269
1644,1,0.993292,0.003890,0.002818
1645,1,0.958031,0.040701,0.001269
1646,1,0.986707,0.001570,0.011723
1647,1,0.996686,0.001092,0.002222
1648,1,0.986795,0.000840,0.012365
1649,1,0.145253,0.000477,0.854271
1650,0,0.464427,0.000662,0.534911
1651,1,0.974420,0.023392,0.002188
1652,1,0.600255,0.367144,0.032601
1653,1,0.567708,0.203670,0.228622
1654,1,0.153224,0.000522,0.846253
1655,1,0.995931,0.002924,0.001145
1656,1,0.893358,0.000838,0.105804
1657,1,0.966602,0.032314,0.001084
1658,1,0.995354,0.003581,0.001065
1659,1,0.996845,0.001627,0.001528
1660,1,0.944465,0.053535,0.002000
1661,0,0.001110,0.000327,0.998563
1662,1,0.991800,0.000694,0.007506
1663,0,0.004509,0.000275,0.995216
1664,1,0.978430,0.000788,0.020783
1665,1,0.993712,0.005463,0.000825
1666,1,0.997101,0.001789,0.001110
1667,1,0.861741,0.134417,0.003842
1668,0,0.992972,0.004735,0.002292
1669,1,0.973014,0.025687,0.001299
1670,1,0.827260,0.169748,0.002992
1671,0,0.057196,0.000547,0.942258
1672,1,0.988467,0.002009,0.009525
1673,0,0.918783,0.000702,0.080514
1674,0,0.000748,0.000357,0.998895
1675,0,0.987730,0.001016,0.011253
1676,0,0.974301,0.000731,0.024969
1677,0,0.538182,0.000934,0.460883
1678,0,0.988338,0.000827,0.010834
1679,0,0.482910,0.001225,0.515865
1680,0,0.000782,0.000374,0.998844
1681,0,0.010699,0.008795,0.980506
1682,0,0.994933,0.000802,0.004265
1683,0,0.001138,0.000310,0.998552
1684,0,0.987787,0.000590,0.011623
1685,0,0.020669,0.000360,0.978971
1686,0,0.009502,0.000252,0.990246
1687,0,0.993624,0.001246,0.005131
1688,0,0.159848,0.000573,0.839578
1689,0,0.949010,0.001144,0.049846
1690,0,0.984031,0.000736,0.015232
1691,0,0.971764,0.001387,0.026849
1692,0,0.003289,0.000300,0.996410
1693,0,0.994452,0.000792,0.004756
1694,0,0.978450,0.000915,0.020636
1695,0,0.993262,0.000782,0.005956
1696,0,0.923506,0.000670,0.075824
1697,0,0.015259,0.006724,0.978018
1698,0,0.234288,0.008393,0.757320
1699,0,0.060958,0.000667,0.938375
1700,0,0.775235,0.000821,0.223945
1701,0,0.907088,0.000714,0.092198
1702,0,0.005740,0.765870,0.228390
1703,0,0.001748,0.000463,0.997789
1704,0,0.863581,0.000736,0.135682
1705,0,0.013466,0.000319,0.986215
1706,0,0.615715,0.000906,0.383380
1707,0,0.975448,0.001917,0.022635
1708,0,0.967090,0.000671,0.032238
1709,1,0.948170,0.003961,0.047869
1710,1,0.775993,0.000839,0.223168
1711,1,0.103498,0.002180,0.894322
1712,1,0.977833,0.000839,0.021328
1713,1,0.972046,0.000987,0.026967
1714,0,0.000704,0.000425,0.998871
1715,1,0.978642,0.001318,0.020040
1716,1,0.021387,0.016256,0.962356
1717,1,0.975266,0.000780,0.023954
1718,0,0.003492,0.000290,0.996218
1719,1,0.431686,0.000793,0.567521
1720,1,0.007554,0.000302,0.992144
1721,1,0.828143,0.000664,0.171193
1722,1,0.066745,0.000424,0.932831
1723,0,0.044217,0.000412,0.955371
1724,1,0.988880,0.000626,0.010494
1725,1,0.981084,0.000779,0.018137
1726,1,0.020119,0.000391,0.979490
1727,1,0.110322,0.000452,0.889225
1728,1,0.041493,0.000353,0.958155
1729,1,0.001608,0.000287,0.998105
1730,1,0.171160,0.000683,0.828157
1731,1,0.034923,0.000406,0.964671
1732,1,0.980237,0.000646,0.019118
1733,1,0.971637,0.000599,0.027764
1734,0,0.972440,0.001012,0.026548
1735,1,0.303480,0.596119,0.100402
1736,1,0.993417,0.003404,0.003179
1737,1,0.000991,0.000330,0.998679
1738,1,0.957664,0.000631,0.041705
1739,1,0.996547,0.001787,0.001666
1740,1,0.432851,0.474191,0.092958
1741,1,0.996733,0.001475,0.001792
1742,0,0.326500,0.000651,0.672848
1743,1,0.966716,0.001247,0.032038
1744,1,0.985566,0.000748,0.013686
1745,0,0.963424,0.000595,0.035980
1746,1,0.086444,0.000576,0.912979
1747,0,0.837861,0.000719,0.161420
1748,1,0.992245,0.000985,0.006770
1749,1,0.987057,0.000897,0.012045
1750,1,0.966858,0.030909,0.002232
1751,1,0.542534,0.000979,0.456487
1752,1,0.986790,0.000758,0.012452
1753,1,0.983590,0.000845,0.015565
1754,1,0.984436,0.013846,0.001718
1755,0,0.962906,0.000692,0.036402
1756,1,0.993237,0.000920,0.005843
1757,0,0.007115,0.000261,0.992624
1758,0,0.973875,0.000744,0.025380
1759,1,0.996890,0.001369,0.001741
1760,1,0.089016,0.000433,0.910551
1761,0,0.985505,0.000870,0.013625
1762,0,0.001936,0.032112,0.965952
1763,1,0.007879,0.000608,0.991512
1764,1,0.992434,0.006279,0.001286
1765,1,0.995336,0.001364,0.003300
1766,1,0.995836,0.002952,0.001212
1767,0,0.307998,0.000901,0.691101
1768,1,0.398202,0.000790,0.601008
1769,1,0.996248,0.002560,0.001192
1770,0,0.986662,0.000757,0.012582
1771,1,0.502569,0.469419,0.028013
1772,1,0.879343,0.116781,0.003876
1773,1,0.989359,0.000970,0.009671
1774,1,0.994469,0.001065,0.004466
1775,1,0.141704,0.090568,0.767728
1776,1,0.994817,0.003281,0.001903
1777,1,0.051260,0.000370,0.948370
1778,1,0.192878,0.000706,0.806416
1779,1,0.991164,0.005622,0.003214
1780,1,0.995524,0.000987,0.003489
1781,1,0.911703,0.000893,0.087404
1782,1,0.782368,0.000686,0.216946
1783,1,0.109797,0.000482,0.889720
1784,1,0.671098,0.000814,0.328087
1785,1,0.722060,0.000700,0.277240
1786,1,0.096894,0.000523,0.902583
1787,1,0.993423,0.000904,0.005673
1788,1,0.994942,0.002347,0.002711
1789,0,0.684182,0.000746,0.315072
1790,1,0.949248,0.000839,0.049913
1791,1,0.985325,0.000883,0.013791
1792,1,0.989540,0.002060,0.008400
1793,1,0.012664,0.000331,0.987005
1794,1,0.894721,0.000676,0.104603
1795,1,0.660235,0.001048,0.338717
1796,1,0.995831,0.001800,0.002370
1797,1,0.772951,0.206484,0.020565
1798,0,0.004920,0.000287,0.994793
1799,1,0.479988,0.000881,0.519131
1800,1,0.994685,0.001050,0.004265
1801,1,0.012428,0.000349,0.987223
1802,1,0.046981,0.000405,0.952614
1803,1,0.481111,0.000924,0.517965
1804,0,0.154933,0.000556,0.844511
1805,1,0.315893,0.000795,0.683312
1806,1,0.989894,0.008605,0.001501
1807,1,0.017029,0.000318,0.982653
1808,1,0.013547,0.000358,0.986095
1809,1,0.972583,0.000641,0.026776
1810,0,0.767137,0.000795,0.232068
1811,0,0.214593,0.000828,0.784579
1812,0,0.963282,0.000627,0.036090
1813,0,0.061891,0.000547,0.937562
1814,0,0.824975,0.000992,0.174034
1815,0,0.753288,0.000741,0.245972
1816,0,0.102932,0.000698,0.896370
1817,0,0.005830,0.000295,0.993874
1818,0,0.797753,0.001086,0.201161
1819,0,0.175595,0.000606,0.823800
1820,0,0.003308,0.000294,0.996398
1821,1,0.994925,0.001115,0.003960
1822,1,0.024546,0.000399,0.975055
1823,1,0.003961,0.000303,0.995736
1824,1,0.993323,0.000718,0.005958
1825,1,0.014410,0.000388,0.985202
1826,1,0.976151,0.002817,0.021033
1827,1,0.981810,0.000645,0.017545
1828,0,0.022154,0.000362,0.977484
1829,0,0.991059,0.000795,0.008146
1830,1,0.737070,0.000956,0.261974
1831,1,0.900211,0.000817,0.098972
1832,1,0.147307,0.741818,0.110875
1833,1,0.991392,0.002009,0.006599
1834,1,0.106476,0.000496,0.893027
1835,0,0.911628,0.000777,0.087595
1836,0,0.001891,0.000434,0.997675
1837,1,0.979054,0.000640,0.020306
1838,1,0.722061,0.000728,0.277211
1839,1,0.007230,0.000321,0.992449
1840,1,0.773095,0.000871,0.226034
1841,1,0.993738,0.004422,0.001840
1842,1,0.994747,0.000902,0.004352
1843,1,0.370833,0.000696,0.628470
1844,1,0.930630,0.000776,0.068595
1845,1,0.994455,0.000794,0.004751
1846,0,0.002290,0.000270,0.997439
1847,1,0.349505,0.000771,0.649724
1848,1,0.016379,0.000360,0.983262
1849,1,0.773038,0.000733,0.226228
1850,1,0.817725,0.011809,0.170466
1851,1,0.884037,0.000634,0.115329
1852,1,0.987633,0.000676,0.011691
1853,1,0.891130,0.001242,0.107628
1854,1,0.944114,0.000865,0.055021
1855,1,0.993293,0.005760,0.000947
1856,1,0.870386,0.063425,0.066188
1857,1,0.868758,0.127990,0.003252
1858,1,0.995232,0.003735,0.001032
1859,1,0.952961,0.045610,0.001429
1860,1,0.984940,0.001000,0.014059
1861,1,0.174351,0.723591,0.102058
1862,1,0.224027,0.733161,0.042812
1863,1,0.266910,0.672099,0.060991
1864,0,0.002732,0.000288,0.996980
1865,1,0.536193,0.453452,0.010355
1866,1,0.602384,0.393687,0.003929
1867,1,0.241802,0.735977,0.022221
1868,1,0.451286,0.000739,0.547975
1869,1,0.005019,0.000248,0.994733
1870,1,0.396677,0.000789,0.602534
1871,1,0.995011,0.001510,0.003479
1872,1,0.009574,0.108023,0.882403
1873,1,0.731423,0.028719,0.239858
1874,0,0.213371,0.000610,0.786020
1875,0,0.618331,0.000760,0.380908
1876,0,0.359423,0.000978,0.639599
1877,0,0.995174,0.000762,0.004065
1878,0,0.956248,0.000599,0.043153
1879,0,0.003007,0.000270,0.996723
1880,0,0.341948,0.000679,0.657373
1881,0,0.009326,0.000280,0.990395
1882,0,0.923695,0.000630,0.075676
1883,0,0.970362,0.000653,0.028986
1884,0,0.003925,0.000259,0.995817
1885,0,0.003766,0.000259,0.995975
1886,0,0.002822,0.000272,0.996906
1887,0,0.153257,0.000513,0.846231
1888,0,0.113530,0.000487,0.885983
1889,0,0.011782,0.000307,0.987911
1890,0,0.970109,0.000599,0.029292
1891,0,0.749416,0.000779,0.249805
1892,0,0.715605,0.000697,0.283698
1893,0,0.958503,0.000603,0.040894
1894,0,0.060339,0.000359,0.939303
1895,0,0.003028,0.000284,0.996688
1896,0,0.004476,0.000264,0.995260
1897,0,0.003314,0.000246,0.996440
1898,0,0.003273,0.000660,0.996067
1899,0,0.009695,0.000315,0.989990
1900,0,0.004473,0.000281,0.995246
1901,0,0.029615,0.000370,0.970015
1902,0,0.212202,0.011317,0.776481
1903,0,0.580059,0.000893,0.419048
1904,0,0.003751,0.000260,0.995990
1905,0,0.132911,0.000530,0.866559
1906,0,0.006904,0.001164,0.991932
1907,0,0.952922,0.002239,0.044839
1908,0,0.091385,0.001027,0.907588
1909,0,0.705525,0.000963,0.293512
1910,0,0.327636,0.000858,0.671505
1911,0,0.843436,0.000769,0.155794
1912,0,0.031158,0.005538,0.963304
1913,0,0.170632,0.168287,0.661082
1914,0,0.965105,0.000955,0.033940
1915,0,0.922777,0.000738,0.076486
1916,0,0.001920,0.000271,0.997810
1917,0,0.010896,0.000511,0.988593
1918,0,0.603266,0.001372,0.395362
1919,0,0.442649,0.001175,0.556176
1920,0,0.178413,0.000575,0.821012
1921,0,0.476674,0.001442,0.521884
1922,0,0.015896,0.000287,0.983817
1923,0,0.003974,0.001508,0.994517
1924,0,0.661255,0.000823,0.337923
1925,0,0.594254,0.000739,0.405006
1926,0,0.043075,0.000424,0.956501
1927,0,0.994776,0.000725,0.004499
1928,0,0.002738,0.000282,0.996980
1929,0,0.993565,0.000649,0.005786
1930,0,0.002360,0.000294,0.997345
1931,0,0.227936,0.053819,0.718245
1932,0,0.000754,0.000426,0.998820
1933,0,0.010097,0.000308,0.989595
1934,0,0.018197,0.000415,0.981388
1935,0,0.945427,0.000785,0.053788
1936,0,0.002302,0.000389,0.997309
1937,0,0.994368,0.002884,0.002747
1938,0,0.992713,0.000963,0.006323
1939,0,0.995610,0.002681,0.001708
1940,0,0.028647,0.000346,0.971007
1941,0,0.000664,0.000495,0.998841
1942,0,0.886686,0.000682,0.112633
1943,0,0.001078,0.000309,0.998613
1944,0,0.001594,0.000268,0.998138
1945,0,0.000602,0.000646,0.998752
1946,0,0.563963,0.000889,0.435148
1947,0,0.001690,0.000401,0.997909
1948,0,0.008810,0.000285,0.990905
1949,0,0.996091,0.000885,0.003024
1950,0,0.095409,0.474945,0.429646
1951,0,0.940777,0.000902,0.058320
1952,0,0.819910,0.000756,0.179334
1953,0,0.996653,0.001742,0.001605
1954,0,0.019739,0.000421,0.979840
1955,0,0.990668,0.001572,0.007759
1956,0,0.893899,0.000642,0.105459
1957,0,0.883377,0.000981,0.115642
1958,0,0.952342,0.000732,0.046926
1959,0,0.013904,0.000466,0.985630
1960,0,0.141727,0.000670,0.857604
1961,0,0.303448,0.000794,0.695758
1962,1,0.268174,0.010890,0.720936
1963,0,0.028268,0.000406,0.971327
1964,1,0.782589,0.206642,0.010769
1965,0,0.060741,0.000400,0.938858
1966,1,0.002705,0.000314,0.996981
1967,1,0.995341,0.003373,0.001285
1968,1,0.798819,0.000754,0.200427
1969,0,0.016789,0.000569,0.982642
1970,0,0.004263,0.000343,0.995394
1971,0,0.483712,0.000714,0.515574
1972,1,0.193595,0.001459,0.804946
1973,0,0.145016,0.724034,0.130950
1974,1,0.963560,0.000622,0.035818
1975,0,0.731055,0.001095,0.267850
1976,1,0.937692,0.000604,0.061704
1977,1,0.994302,0.001327,0.004371
1978,1,0.990409,0.000914,0.008677
1979,0,0.802276,0.001250,0.196474
1980,0,0.334927,0.000778,0.664295
1981,0,0.054573,0.000399,0.945028
1982,1,0.653821,0.329929,0.016250
1983,0,0.006506,0.000328,0.993165
1984,0,0.002503,0.000276,0.997221
1985,0,0.986019,0.000698,0.013283
1986,0,0.914333,0.000804,0.084863
1987,0,0.039551,0.000382,0.960067
1988,0,0.996408,0.001345,0.002247
1989,0,0.009923,0.000327,0.989750
1990,0,0.037225,0.000437,0.962338
1991,0,0.945616,0.000626,0.053758
1992,1,0.995410,0.001208,0.003382
1993,0,0.034701,0.910336,0.054963
1994,1,0.206797,0.000672,0.792531
1995,0,0.511195,0.000765,0.488040
1996,0,0.647078,0.000925,0.351997
1997,0,0.001160,0.000357,0.998483
1998,0,0.412369,0.000758,0.586873
1999,0,0.845467,0.000848,0.153685
2000,0,0.195875,0.000527,0.803597
2001,0,0.002784,0.000336,0.996880
2002,1,0.076040,0.000436,0.923524
2003,0,0.003660,0.000610,0.995730
2004,1,0.607782,0.375041,0.017178
2005,1,0.995335,0.000988,0.003677
2006,1,0.000894,0.000396,0.998710
2007,1,0.995838,0.001731,0.002431
2008,0,0.002386,0.000304,0.997310
2009,0,0.130127,0.000564,0.869309
2010,1,0.995740,0.002044,0.002216
2011,0,0.028674,0.000337,0.970988
2012,1,0.990986,0.000811,0.008203
2013,0,0.029196,0.094811,0.875994
2014,1,0.987659,0.000921,0.011420
2015,1,0.097063,0.000496,0.902441
2016,0,0.023762,0.000333,0.975905
2017,0,0.006316,0.000278,0.993406
2018,1,0.924646,0.000612,0.074742
2019,1,0.992708,0.000727,0.006565
2020,1,0.994071,0.000920,0.005009
2021,0,0.887756,0.000684,0.111559
2022,0,0.912280,0.000810,0.086909
2023,0,0.875479,0.000681,0.123840
2024,0,0.669720,0.000735,0.329545
2025,1,0.842365,0.000746,0.156889
2026,1,0.857116,0.000821,0.142064
2027,0,0.268194,0.000878,0.730928
2028,0,0.157617,0.523167,0.319216
2029,0,0.032321,0.000471,0.967208
2030,0,0.994831,0.000817,0.004352
2031,0,0.983270,0.000865,0.015865
2032,1,0.180217,0.003426,0.816357
2033,1,0.202341,0.000557,0.797102
2034,1,0.995729,0.001088,0.003183
2035,0,0.109455,0.000575,0.889970
2036,0,0.821716,0.001796,0.176488
2037,1,0.929084,0.000897,0.070019
2038,0,0.823814,0.000918,0.175268
2039,1,0.055722,0.000396,0.943882
2040,1,0.996604,0.001053,0.002343
2041,1,0.068188,0.000450,0.931361
2042,1,0.277187,0.001378,0.721436
2043,1,0.080762,0.735127,0.184112
2044,0,0.817400,0.000952,0.181648
2045,0,0.132150,0.000831,0.867019
2046,0,0.048763,0.161179,0.790058
2047,1,0.041079,0.000376,0.958545
2048,0,0.020564,0.000589,0.978847
2049,0,0.066793,0.000635,0.932571
2050,0,0.065111,0.000425,0.934464
2051,0,0.983961,0.000747,0.015292
2052,0,0.010056,0.000399,0.989545
2053,0,0.996312,0.000985,0.002703
2054,0,0.004170,0.000263,0.995567
2055,1,0.354113,0.000857,0.645030
2056,1,0.996511,0.001884,0.001605
2057,0,0.001277,0.000442,0.998281
2058,0,0.000707,0.000361,0.998932
2059,0,0.990032,0.000720,0.009248
2060,0,0.081712,0.003098,0.915190
2061,1,0.859426,0.000949,0.139625
2062,1,0.902125,0.000705,0.097171
2063,1,0.993401,0.001941,0.004659
2064,0,0.961049,0.000632,0.038319
2065,0,0.005432,0.000293,0.994275
2066,0,0.893721,0.000668,0.105611
2067,0,0.001710,0.000275,0.998016
2068,0,0.840924,0.000918,0.158157
2069,0,0.995283,0.000825,0.003891
2070,1,0.994451,0.000887,0.004662
2071,0,0.070167,0.000542,0.929292
2072,0,0.418057,0.000643,0.581299
2073,1,0.972967,0.000948,0.026086
2074,0,0.081053,0.505347,0.413600
2075,1,0.005443,0.000440,0.994117
2076,0,0.020430,0.135178,0.844392
2077,1,0.107507,0.662823,0.229670
2078,1,0.992509,0.000774,0.006717
2079,1,0.859032,0.136970,0.003998
2080,1,0.953092,0.000616,0.046292
2081,0,0.020075,0.000388,0.979537
2082,0,0.388715,0.000637,0.610647
2083,0,0.000958,0.000422,0.998620
2084,0,0.104123,0.000671,0.895205
2085,0,0.000941,0.000430,0.998629
2086,1,0.995846,0.001211,0.002943
2087,0,0.993522,0.000920,0.005558
2088,1,0.797522,0.000897,0.201581
2089,1,0.884742,0.000850,0.114409
2090,1,0.988022,0.000691,0.011287
2091,0,0.003293,0.000278,0.996428
2092,0,0.003030,0.000269,0.996700
2093,0,0.010225,0.000300,0.989475
2094,1,0.033030,0.235883,0.731087
2095,1,0.994776,0.000834,0.004389
2096,0,0.332579,0.000784,0.666637
2097,0,0.378670,0.000647,0.620683
2098,1,0.499136,0.000944,0.499921
2099,1,0.366804,0.229430,0.403765
2100,1,0.996160,0.000908,0.002932
2101,0,0.008481,0.000282,0.991237
2102,0,0.972092,0.000671,0.027237
2103,0,0.001182,0.000466,0.998352
2104,0,0.596334,0.392709,0.010957
2105,0,0.649430,0.000739,0.349831
2106,0,0.005817,0.000358,0.993824
2107,1,0.996440,0.001914,0.001647
2108,0,0.728943,0.000967,0.270090
2109,0,0.392465,0.001003,0.606532
2110,1,0.773995,0.001594,0.224412
2111,1,0.989051,0.000659,0.010290
2112,1,0.147077,0.000811,0.852112
2113,1,0.996085,0.000981,0.002934
2114,1,0.989919,0.008018,0.002063
2115,1,0.922853,0.001117,0.076031
2116,0,0.161795,0.000593,0.837611
2117,0,0.992185,0.000801,0.007014
2118,1,0.768955,0.000769,0.230276
2119,1,0.004891,0.000301,0.994808
2120,0,0.024045,0.000458,0.975497
2121,0,0.400696,0.001019,0.598285
2122,1,0.947364,0.000711,0.051925
2123,0,0.011007,0.489239,0.499754
2124,1,0.991185,0.000787,0.008027
2125,1,0.014150,0.000309,0.985541
2126,0,0.767663,0.000759,0.231577
2127,0,0.008701,0.000308,0.990991
2128,0,0.867258,0.000733,0.132009
2129,0,0.910933,0.000776,0.088292
2130,1,0.967366,0.001424,0.031210
2131,0,0.119001,0.000586,0.880413
2132,1,0.352098,0.610295,0.037607
2133,1,0.155243,0.000812,0.843945
2134,1,0.568377,0.000861,0.430762
2135,1,0.088782,0.000519,0.910699
2136,0,0.078328,0.001045,0.920628
2137,0,0.995850,0.001475,0.002676
2138,1,0.973755,0.000667,0.025578
2139,0,0.725825,0.000817,0.273358
2140,0,0.002041,0.007722,0.990237
2141,1,0.996158,0.001306,0.002536
2142,0,0.014432,0.000288,0.985281
2143,1,0.996541,0.001009,0.002450
2144,1,0.002555,0.000349,0.997095
2145,0,0.425095,0.499075,0.075830
2146,0,0.996908,0.002004,0.001088
2147,0,0.031773,0.000967,0.967259
2148,1,0.959305,0.000619,0.040076
2149,1,0.996763,0.001298,0.001940
2150,0,0.048807,0.310860,0.640333
2151,0,0.895696,0.000652,0.103652
2152,1,0.994996,0.001002,0.004002
2153,1,0.788314,0.001148,0.210538
2154,1,0.994925,0.000837,0.004238
2155,0,0.299490,0.001375,0.699135
2156,1,0.185251,0.000623,0.814125
2157,0,0.001708,0.000296,0.997996
2158,0,0.956919,0.008583,0.034497
2159,1,0.110007,0.000512,0.889481
2160,1,0.995855,0.001090,0.003055
2161,0,0.001697,0.000327,0.997976
2162,0,0.001244,0.000334,0.998422
2163,0,0.017786,0.023736,0.958478
2164,0,0.650901,0.001049,0.348050
2165,1,0.029097,0.000421,0.970482
2166,0,0.980420,0.000552,0.019028
2167,1,0.955538,0.000851,0.043611
2168,0,0.001131,0.000351,0.998518
2169,1,0.989472,0.004428,0.006099
2170,0,0.343262,0.000864,0.655874
2171,1,0.416190,0.000641,0.583170
2172,0,0.988443,0.000684,0.010873
2173,0,0.004928,0.000359,0.994713
2174,0,0.454356,0.000852,0.544792
2175,1,0.995217,0.003599,0.001184
2176,0,0.986444,0.000720,0.012836
2177,1,0.974212,0.001115,0.024673
2178,1,0.655304,0.000962,0.343734
2179,0,0.663718,0.000866,0.335416
2180,1,0.991974,0.003755,0.004271
2181,0,0.229303,0.002222,0.768475
2182,0,0.816996,0.000996,0.182008
2183,0,0.002517,0.000313,0.997171
2184,0,0.996540,0.001598,0.001862
2185,1,0.996859,0.002147,0.000993
2186,1,0.987021,0.000667,0.012311
2187,1,0.034409,0.000400,0.965191
2188,1,0.757258,0.230867,0.011875
2189,0,0.045217,0.550469,0.404314
2190,0,0.992941,0.000742,0.006317
2191,0,0.025303,0.000569,0.974128
2192,0,0.006339,0.000629,0.993032
2193,0,0.099995,0.000524,0.899481
2194,0,0.979241,0.000854,0.019905
2195,0,0.722922,0.000983,0.276095
2196,0,0.996956,0.001507,0.001537
2197,0,0.000786,0.000379,0.998835
2198,0,0.004145,0.000446,0.995409
2199,1,0.012675,0.000382,0.986943
2200,0,0.646498,0.001161,0.352341
2201,0,0.170267,0.000647,0.829086
2202,0,0.984775,0.000715,0.014510
2203,0,0.396073,0.000970,0.602957
2204,1,0.945342,0.000708,0.053950
2205,1,0.098986,0.000645,0.900368
2206,0,0.222960,0.000583,0.776457
2207,1,0.995364,0.001264,0.003372
2208,0,0.034736,0.000418,0.964846
2209,1,0.989311,0.000725,0.009964
2210,1,0.996481,0.000984,0.002534
2211,1,0.232201,0.287055,0.480744
2212,1,0.036901,0.006134,0.956964
2213,1,0.992983,0.000747,0.006270
2214,1,0.018512,0.000341,0.981146
2215,1,0.990347,0.000653,0.009000
2216,1,0.994883,0.000905,0.004212
2217,0,0.002128,0.000273,0.997599
2218,1,0.972486,0.000593,0.026921
2219,1,0.995106,0.001241,0.003653
2220,0,0.012870,0.000311,0.986819
2221,0,0.009783,0.000483,0.989733
2222,0,0.003308,0.000270,0.996422
2223,0,0.398937,0.000656,0.600407
2224,0,0.357111,0.000719,0.642171
2225,1,0.991153,0.007188,0.001659
2226,0,0.130765,0.000625,0.868610
2227,1,0.382790,0.000640,0.616570
2228,0,0.001986,0.000301,0.997713
2229,0,0.618137,0.000758,0.381104
2230,0,0.007542,0.001598,0.990861
2231,1,0.102793,0.000771,0.896436
2232,0,0.995905,0.001046,0.003049
2233,0,0.003767,0.000356,0.995876
2234,1,0.770332,0.105490,0.124179
2235,0,0.042813,0.622426,0.334761
2236,0,0.691036,0.001437,0.307527
2237,0,0.996434,0.001092,0.002474
2238,0,0.993566,0.000794,0.005639
2239,0,0.960223,0.000663,0.039114
2240,1,0.353915,0.460388,0.185696
2241,0,0.993831,0.001372,0.004798
2242,0,0.950240,0.047824,0.001936
2243,0,0.033409,0.000781,0.965810
2244,0,0.736054,0.000742,0.263204
2245,1,0.320171,0.000624,0.679206
2246,0,0.063759,0.000437,0.935804
2247,0,0.183998,0.000580,0.815422
2248,0,0.182654,0.000862,0.816485
2249,1,0.026438,0.000322,0.973240
2250,1,0.946181,0.000700,0.053119
2251,0,0.908754,0.001261,0.089985
2252,0,0.050142,0.756780,0.193078
2253,1,0.004695,0.000270,0.995036
2254,0,0.001491,0.001796,0.996712
2255,1,0.006391,0.000281,0.993328
2256,0,0.002765,0.013167,0.984068
2257,0,0.042255,0.336913,0.620832
2258,0,0.081551,0.748265,0.170184
2259,0,0.193959,0.428715,0.377326
2260,0,0.001027,0.000508,0.998465
2261,0,0.001248,0.000422,0.998331
2262,1,0.941958,0.047494,0.010548
2263,1,0.618649,0.372049,0.009302
2264,1,0.567024,0.217059,0.215917
2265,1,0.707095,0.279116,0.013788
2266,1,0.637486,0.349571,0.012942
2267,1,0.022415,0.000323,0.977262
2268,1,0.893157,0.001955,0.104888
2269,1,0.008619,0.013891,0.977490
2270,1,0.801099,0.107387,0.091514
2271,1,0.924427,0.005947,0.069626
2272,1,0.750504,0.000978,0.248518
2273,1,0.847801,0.047856,0.104343
2274,1,0.087975,0.622765,0.289260
2275,1,0.079435,0.496054,0.424511
2276,1,0.844154,0.053082,0.102764
2277,1,0.843335,0.076617,0.080048
2278,1,0.149662,0.115471,0.734867
2279,1,0.041925,0.494384,0.463692
2280,1,0.076273,0.561482,0.362245
2281,1,0.031769,0.007344,0.960886
2282,1,0.976482,0.001565,0.021953
2283,1,0.001826,0.000306,0.997868
2284,0,0.000472,0.000744,0.998785
2285,0,0.000408,0.000861,0.998731
2286,0,0.008256,0.000330,0.991414
2287,1,0.689760,0.228834,0.081407
2288,1,0.000601,0.003322,0.996077
2289,1,0.315071,0.149060,0.535869
2290,1,0.451104,0.030019,0.518877
2291,1,0.695060,0.152860,0.152081
2292,1,0.099425,0.735444,0.165131
2293,1,0.708495,0.011799,0.279706
2294,1,0.586219,0.400263,0.013518
2295,1,0.939460,0.027958,0.032582
2296,1,0.269304,0.000855,0.729841
2297,1,0.898419,0.001333,0.100249
2298,1,0.902201,0.018534,0.079264
2299,1,0.970433,0.000644,0.028923
2300,1,0.993199,0.004850,0.001951
2301,1,0.996449,0.001138,0.002413
2302,1,0.942625,0.000868,0.056508
2303,1,0.989674,0.000693,0.009633
2304,1,0.995736,0.001222,0.003043
2305,1,0.995449,0.000784,0.003767
2306,1,0.987429,0.000873,0.011698
2307,1,0.989787,0.001510,0.008703
2308,1,0.151118,0.000571,0.848311
2309,1,0.988989,0.000778,0.010233
2310,1,0.932723,0.000760,0.066517
2311,1,0.991808,0.000850,0.007341
2312,1,0.987019,0.000677,0.012304
2313,1,0.887665,0.000766,0.111569
2314,1,0.992640,0.001218,0.006142
2315,1,0.953014,0.000762,0.046224
2316,1,0.992944,0.003499,0.003557
2317,1,0.934817,0.018193,0.046990
2318,1,0.010168,0.000359,0.989472
2319,1,0.002027,0.001039,0.996933
2320,1,0.827128,0.000681,0.172191
2321,1,0.906397,0.087792,0.005811
2322,1,0.558068,0.427810,0.014122
2323,1,0.930844,0.035599,0.033557
2324,1,0.962458,0.006897,0.030645
2325,1,0.946981,0.048536,0.004483
2326,1,0.671590,0.308289,0.020121
2327,1,0.969713,0.026221,0.004066
2328,1,0.861584,0.127310,0.011106
2329,1,0.986625,0.000678,0.012697
2330,1,0.917733,0.012792,0.069474
2331,1,0.975944,0.016889,0.007167
2332,1,0.954185,0.000954,0.044861
2333,1,0.887569,0.091812,0.020620
2334,1,0.045686,0.560342,0.393972
2335,1,0.065482,0.001268,0.933250
2336,1,0.090789,0.005901,0.903309
2337,1,0.814572,0.059698,0.125730
2338,1,0.087599,0.651038,0.261363
2339,1,0.004939,0.003471,0.991591
2340,1,0.000951,0.001021,0.998028
2341,1,0.012232,0.006900,0.980868
2342,1,0.425929,0.221491,0.352580
2343,1,0.446870,0.276804,0.276326
2344,1,0.930721,0.000678,0.068601
2345,1,0.188517,0.209845,0.601638
2346,1,0.003330,0.020220,0.976450
2347,1,0.667276,0.213281,0.119443
2348,1,0.082991,0.511400,0.405610
2349,1,0.201491,0.492093,0.306415
2350,1,0.413779,0.524698,0.061522
2351,1,0.317375,0.598948,0.083677
2352,1,0.339357,0.004535,0.656108
2353,1,0.036762,0.001238,0.962000
2354,1,0.411227,0.008798,0.579975
2355,1,0.836782,0.084322,0.078896
2356,1,0.804900,0.147985,0.047115
2357,1,0.823297,0.000746,0.175958
2358,1,0.746381,0.148355,0.105264
2359,1,0.006639,0.004111,0.989250
2360,1,0.881293,0.056944,0.061763
2361,1,0.090822,0.000519,0.908659
2362,1,0.027188,0.000902,0.971909
2363,1,0.724930,0.000675,0.274395
2364,1,0.006788,0.008653,0.984560
2365,1,0.146006,0.061214,0.792780
2366,1,0.323393,0.189203,0.487404
2367,1,0.123848,0.122739,0.753412
2368,1,0.097217,0.396852,0.505931
2369,1,0.105718,0.578041,0.316240
2370,0,0.426831,0.003508,0.569661
2371,0,0.895714,0.006588,0.097697
2372,0,0.898188,0.013174,0.088638
2373,0,0.879187,0.031784,0.089030
2374,0,0.884814,0.010745,0.104441
2375,0,0.725091,0.029510,0.245399
2376,0,0.880600,0.031887,0.087513
2377,0,0.346656,0.374430,0.278914
2378,0,0.374350,0.338319,0.287331
2379,0,0.395821,0.432096,0.172082
2380,0,0.015589,0.001818,0.982593
2381,0,0.000670,0.002616,0.996714
2382,0,0.002604,0.000346,0.997050
2383,0,0.004346,0.398309,0.597345
2384,0,0.002789,0.023679,0.973532
2385,0,0.008204,0.001010,0.990786
2386,1,0.001551,0.000655,0.997794
2387,1,0.865804,0.030245,0.103951
2388,1,0.786539,0.001317,0.212144
2389,1,0.881981,0.001338,0.116681
2390,1,0.140520,0.000942,0.858538
2391,1,0.220783,0.000560,0.778657
2392,1,0.118516,0.029076,0.852409
2393,1,0.092660,0.132670,0.774670
2394,1,0.238606,0.002467,0.758928
2395,1,0.323704,0.002161,0.674135
2396,1,0.123462,0.000910,0.875628
2397,1,0.090969,0.006461,0.902570
2398,1,0.089442,0.003667,0.906891
2399,1,0.289157,0.048423,0.662420
2400,0,0.099707,0.000489,0.899804
2401,0,0.049504,0.000599,0.949896
2402,0,0.090502,0.000445,0.909053
2403,1,0.018114,0.001271,0.980615
2404,1,0.040416,0.001949,0.957635
2405,1,0.305021,0.000996,0.693982
2406,1,0.031860,0.000349,0.967792
2407,1,0.013222,0.000311,0.986467
2408,1,0.283495,0.000618,0.715887
2409,1,0.991653,0.001837,0.006510
2410,1,0.950044,0.042587,0.007369
2411,1,0.981362,0.015595,0.003043
2412,1,0.993785,0.002275,0.003941
2413,1,0.991190,0.001958,0.006852
2414,1,0.994042,0.002109,0.003849
2415,1,0.991637,0.000965,0.007398
2416,1,0.991930,0.003923,0.004147
2417,0,0.097249,0.000484,0.902268
2418,0,0.088823,0.000547,0.910630
2419,0,0.019779,0.000345,0.979875
2420,1,0.781381,0.174261,0.044358
2421,1,0.001424,0.000510,0.998066
2422,1,0.110681,0.011807,0.877512
2423,1,0.781381,0.174261,0.044358
2424,1,0.004211,0.001463,0.994325
2425,1,0.458502,0.005227,0.536271
2426,1,0.167630,0.010877,0.821493
2427,1,0.792408,0.028201,0.179391
2428,1,0.954461,0.005620,0.039919
2429,1,0.831201,0.001102,0.167697
2430,1,0.719885,0.000968,0.279148
2431,1,0.822047,0.097737,0.080216
2432,1,0.634227,0.102771,0.263002
2433,1,0.726680,0.054295,0.219025
2434,0,0.004546,0.000255,0.995199
2435,0,0.001383,0.000274,0.998343
2436,0,0.004575,0.000272,0.995153
2437,0,0.303185,0.032789,0.664026
2438,0,0.238665,0.072354,0.688981
2439,1,0.033998,0.000622,0.965380
2440,1,0.000802,0.000416,0.998782
2441,1,0.067903,0.000582,0.931515
2442,1,0.213954,0.000741,0.785306
2443,1,0.066927,0.000513,0.932560
2444,1,0.034585,0.001999,0.963416
2445,1,0.169175,0.006088,0.824737
2446,1,0.059228,0.000488,0.940284
2447,1,0.003383,0.000371,0.996247
2448,1,0.101881,0.005072,0.893047
2449,1,0.018525,0.001031,0.980444
2450,1,0.016885,0.028069,0.955046
2451,1,0.884843,0.059012,0.056144
2452,1,0.679924,0.294753,0.025322
2453,1,0.926902,0.013153,0.059945
2454,1,0.981788,0.000938,0.017274
2455,0,0.043847,0.000493,0.955660
2456,1,0.271856,0.448805,0.279338
2457,1,0.176755,0.357404,0.465841
2458,1,0.725776,0.049327,0.224897
2459,1,0.060117,0.050343,0.889540
2460,1,0.632718,0.245213,0.122069
2461,1,0.207432,0.001062,0.791506
2462,1,0.024212,0.016131,0.959657
2463,1,0.484767,0.475065,0.040169
2464,1,0.001448,0.000344,0.998208
2465,1,0.005414,0.000326,0.994260
2466,1,0.030306,0.000562,0.969131
2467,1,0.972687,0.020139,0.007174
2468,1,0.001408,0.000383,0.998209
2469,0,0.019412,0.146898,0.833690
2470,0,0.029360,0.037139,0.933501
2471,1,0.988269,0.001237,0.010494
2472,0,0.009796,0.038886,0.951318
2473,1,0.983301,0.001060,0.015638
2474,1,0.950640,0.029073,0.020287
2475,1,0.977383,0.004329,0.018288
2476,1,0.862940,0.007444,0.129616
2477,1,0.977285,0.003000,0.019714
2478,1,0.941338,0.003753,0.054909
2479,1,0.954650,0.003115,0.042235
2480,0,0.050608,0.572817,0.376575
2481,1,0.059817,0.000594,0.939589
2482,1,0.960898,0.001504,0.037598
2483,1,0.812882,0.000854,0.186263
2484,0,0.141607,0.659316,0.199077
2485,0,0.016806,0.002991,0.980203
2486,0,0.301282,0.348243,0.350476
2487,0,0.746370,0.114787,0.138843
2488,0,0.231659,0.585491,0.182850
2489,1,0.001104,0.001835,0.997060
2490,1,0.014356,0.381436,0.604209
2491,1,0.000760,0.001184,0.998056
2492,1,0.000604,0.000672,0.998723
2493,1,0.018512,0.000380,0.981108
2494,1,0.104588,0.000546,0.894866
2495,1,0.043506,0.000456,0.956038
2496,1,0.041091,0.000903,0.958006
2497,1,0.003014,0.000326,0.996660
2498,1,0.046838,0.001757,0.951405
2499,0,0.032404,0.420274,0.547322
2500,1,0.006499,0.000351,0.993150
2501,1,0.069594,0.003049,0.927357
2502,0,0.001044,0.002040,0.996915
2503,0,0.001515,0.000369,0.998116
2504,0,0.343661,0.323002,0.333337
2505,0,0.264422,0.347485,0.388093
2506,0,0.504855,0.268675,0.226471
2507,0,0.436540,0.001902,0.561558
2508,0,0.260242,0.000683,0.739074
2509,1,0.151053,0.000764,0.848184
2510,1,0.899621,0.009846,0.090533
2511,1,0.688141,0.222464,0.089395
2512,1,0.977144,0.002989,0.019867
2513,1,0.034555,0.000688,0.964757
2514,1,0.163002,0.000725,0.836273
2515,1,0.128666,0.000531,0.870803
2516,1,0.138475,0.000506,0.861019
2517,1,0.296668,0.000626,0.702707
2518,1,0.450096,0.000788,0.549116
2519,1,0.258649,0.000675,0.740676
2520,1,0.443770,0.001027,0.555203
2521,1,0.201037,0.000523,0.798440
2522,1,0.835698,0.000780,0.163523
2523,1,0.875045,0.000786,0.124169
2524,1,0.288496,0.000733,0.710772
2525,1,0.281153,0.000683,0.718164
2526,1,0.975060,0.000647,0.024293
2527,1,0.978202,0.000630,0.021168
2528,1,0.964436,0.000604,0.034960
2529,0,0.498109,0.000695,0.501196
2530,0,0.565201,0.000670,0.434130
2531,0,0.183444,0.000495,0.816061
2532,0,0.563876,0.000657,0.435467
2533,0,0.500444,0.000651,0.498905
2534,0,0.968572,0.000666,0.030762
2535,0,0.967596,0.000713,0.031691
2536,0,0.932411,0.000752,0.066837
2537,0,0.993234,0.000900,0.005867
2538,0,0.776181,0.000844,0.222976
2539,0,0.779441,0.000790,0.219768
2540,0,0.005255,0.000304,0.994441
2541,0,0.016922,0.469228,0.513851
2542,0,0.000454,0.000605,0.998940
2543,0,0.124287,0.784224,0.091489
2544,0,0.096150,0.805827,0.098023
2545,0,0.028566,0.661119,0.310316
2546,0,0.008443,0.535731,0.455826
2547,0,0.085589,0.646301,0.268110
2548,0,0.976984,0.017082,0.005934
2549,0,0.090098,0.106883,0.803020
2550,0,0.751221,0.002594,0.246185
2551,0,0.562682,0.379350,0.057968
2552,0,0.021829,0.005880,0.972291
2553,0,0.011740,0.000281,0.987978
2554,0,0.600656,0.000781,0.398564
2555,0,0.053068,0.000401,0.946531
2556,1,0.896349,0.000677,0.102974
2557,1,0.000479,0.000769,0.998752
2558,1,0.011202,0.063617,0.925180
2559,1,0.018943,0.216006,0.765051
2560,1,0.002688,0.016504,0.980808
2561,1,0.002033,0.002870,0.995097
2562,1,0.000665,0.002299,0.997036
2563,0,0.543122,0.027759,0.429119
2564,0,0.405283,0.523131,0.071586
2565,0,0.395249,0.527249,0.077502
2566,0,0.089762,0.139234,0.771004
2567,0,0.017810,0.086014,0.896176
2568,0,0.660372,0.291544,0.048084
2569,0,0.653733,0.258964,0.087303
2570,0,0.528185,0.419209,0.052606
2571,0,0.038793,0.582317,0.378890
2572,0,0.612570,0.004272,0.383158
2573,0,0.214669,0.292610,0.492721
2574,0,0.379469,0.522824,0.097707
2575,0,0.300258,0.251202,0.448540
2576,0,0.384224,0.558811,0.056965
2577,0,0.554490,0.296495,0.149015
2578,0,0.000839,0.000389,0.998771
2579,0,0.001307,0.017321,0.981372
2580,1,0.577188,0.020953,0.401858
2581,1,0.445845,0.001136,0.553019
2582,1,0.027080,0.259430,0.713491
2583,1,0.015695,0.052016,0.932290
2584,1,0.777363,0.000997,0.221639
2585,1,0.529444,0.001246,0.469310
2586,1,0.001051,0.010210,0.988739
2587,1,0.004954,0.035502,0.959544
2588,1,0.017948,0.128575,0.853477
2589,1,0.002845,0.000282,0.996873
2590,1,0.002484,0.000260,0.997255
2591,1,0.008370,0.047245,0.944385
2592,1,0.042600,0.000503,0.956897
2593,1,0.013239,0.000392,0.986369
2594,1,0.346281,0.001107,0.652612
2595,1,0.866591,0.004723,0.128686
2596,1,0.012443,0.000310,0.987247
2597,1,0.057164,0.060237,0.882599
2598,1,0.007278,0.000399,0.992323
2599,1,0.002163,0.000272,0.997565
2600,1,0.033147,0.628090,0.338763
2601,1,0.030808,0.000352,0.968840
2602,1,0.924409,0.000670,0.074921
2603,1,0.093932,0.000621,0.905447
2604,1,0.470224,0.385675,0.144101
2605,1,0.677304,0.085124,0.237573
2606,1,0.422609,0.001700,0.575690
2607,1,0.040929,0.122759,0.836312
2608,1,0.130060,0.015995,0.853945
2609,1,0.055034,0.000408,0.944558
2610,1,0.783537,0.148782,0.067681
2611,1,0.638589,0.277850,0.083561
2612,1,0.506995,0.460948,0.032056
2613,1,0.800579,0.183100,0.016321
2614,1,0.969746,0.021903,0.008352
2615,1,0.926318,0.057502,0.016180
2616,1,0.988422,0.000609,0.010969
2617,1,0.922426,0.056235,0.021339
2618,1,0.936799,0.053467,0.009734
2619,1,0.672755,0.242323,0.084922
2620,1,0.975929,0.005642,0.018430
2621,1,0.710185,0.274007,0.015808
2622,1,0.806759,0.168763,0.024479
2623,1,0.977234,0.013475,0.009291
2624,1,0.967420,0.025913,0.006666
2625,1,0.607158,0.370280,0.022562
2626,1,0.134297,0.000609,0.865093
2627,1,0.990927,0.000789,0.008284
2628,1,0.993728,0.001052,0.005220
2629,1,0.124780,0.000658,0.874562
2630,1,0.978518,0.018542,0.002940
2631,1,0.985455,0.000782,0.013763
2632,1,0.911005,0.000725,0.088270
2633,1,0.984637,0.000797,0.014567
2634,1,0.439943,0.353112,0.206945
2635,1,0.612372,0.302233,0.085396
2636,1,0.397647,0.002235,0.600118
2637,1,0.504732,0.012152,0.483115
2638,1,0.743286,0.249212,0.007503
2639,1,0.276770,0.127055,0.596175
2640,1,0.894053,0.015002,0.090945
2641,1,0.943426,0.011957,0.044617
2642,1,0.538783,0.393030,0.068187
2643,1,0.997182,0.001172,0.001646
2644,1,0.996538,0.002561,0.000902
2645,1,0.472130,0.000799,0.527071
2646,1,0.997281,0.001158,0.001562
2647,0,0.006412,0.001303,0.992285
2648,0,0.411510,0.385767,0.202723
2649,0,0.003914,0.000927,0.995159
2650,0,0.126594,0.000574,0.872832
2651,0,0.004504,0.000838,0.994658
2652,0,0.033002,0.036229,0.930769
2653,0,0.021680,0.000754,0.977567
2654,0,0.010745,0.000443,0.988812
2655,0,0.013291,0.039446,0.947263
2656,0,0.006176,0.000410,0.993415
2657,0,0.013463,0.409155,0.577382
2658,0,0.001382,0.000349,0.998269
2659,0,0.034835,0.000765,0.964400
2660,0,0.036684,0.001115,0.962202
2661,0,0.014795,0.001619,0.983586
2662,0,0.045683,0.002071,0.952246
2663,0,0.015154,0.354095,0.630751
2664,0,0.003828,0.000570,0.995602
2665,0,0.004628,0.000572,0.994800
2666,0,0.000541,0.000553,0.998906
2667,0,0.002782,0.000270,0.996948
2668,0,0.003690,0.000266,0.996044
2669,0,0.000486,0.000534,0.998980
2670,0,0.000494,0.000557,0.998949
2671,0,0.000479,0.000605,0.998916
2672,0,0.000554,0.000609,0.998837
2673,0,0.025117,0.000358,0.974525
2674,0,0.353402,0.000779,0.645818
2675,0,0.041594,0.369857,0.588549
2676,0,0.320001,0.566855,0.113143
2677,0,0.070128,0.774522,0.155350
2678,0,0.000624,0.000427,0.998949
2679,0,0.019142,0.704372,0.276486
2680,0,0.133847,0.790616,0.075536
2681,0,0.902744,0.005596,0.091660
2682,0,0.627625,0.002071,0.370305
2683,0,0.309914,0.001491,0.688596
2684,0,0.642429,0.001906,0.355664
2685,0,0.731338,0.219218,0.049444
2686,0,0.003573,0.000296,0.996130
2687,0,0.439590,0.517898,0.042512
2688,0,0.051595,0.283793,0.664612
2689,0,0.000834,0.000578,0.998588
2690,0,0.069561,0.536222,0.394217
2691,0,0.000649,0.000405,0.998945
2692,0,0.000955,0.000419,0.998627
2693,0,0.009186,0.127916,0.862898
2694,1,0.611337,0.000699,0.387964
2695,1,0.815739,0.010644,0.173617
2696,1,0.868956,0.010192,0.120852
2697,1,0.933913,0.009300,0.056787
2698,1,0.658626,0.001444,0.339931
2699,1,0.682565,0.281233,0.036203
2700,1,0.908798,0.010773,0.080429
2701,1,0.471390,0.417496,0.111115
2702,1,0.892981,0.004976,0.102043
2703,0,0.087721,0.001227,0.911053
2704,1,0.857476,0.119418,0.023107
2705,1,0.947614,0.007623,0.044763
2706,0,0.085479,0.461448,0.453073
2707,0,0.010093,0.430194,0.559713
2708,0,0.054093,0.000431,0.945476
2709,0,0.018315,0.000339,0.981346
2710,1,0.912460,0.047784,0.039756
2711,1,0.883626,0.045710,0.070664
2712,1,0.906181,0.026134,0.067685
2713,1,0.851029,0.095716,0.053254
2714,1,0.651638,0.266411,0.081951
2715,1,0.299140,0.017591,0.683269
2716,1,0.732977,0.189809,0.077214
2717,1,0.095217,0.000964,0.903820
2718,1,0.836982,0.083321,0.079697
2719,1,0.924395,0.068821,0.006784
2720,0,0.054815,0.117367,0.827818
2721,0,0.468545,0.491798,0.039657
2722,0,0.593398,0.008537,0.398065
2723,1,0.890002,0.036421,0.073577
2724,1,0.776605,0.138692,0.084703
2725,1,0.923667,0.004763,0.071570
2726,1,0.111869,0.295388,0.592743
2727,0,0.191107,0.000671,0.808221
2728,0,0.080053,0.003859,0.916087
2729,0,0.250624,0.004204,0.745173
2730,0,0.006336,0.000441,0.993223
2731,1,0.907098,0.000787,0.092114
2732,1,0.001900,0.000375,0.997725
2733,1,0.139047,0.001085,0.859869
2734,0,0.975811,0.019534,0.004655
2735,0,0.318580,0.666271,0.015149
2736,1,0.103314,0.039043,0.857643
2737,1,0.927054,0.021960,0.050986
2738,1,0.177055,0.419940,0.403005
2739,0,0.137378,0.528203,0.334419
2740,1,0.674249,0.003277,0.322474
2741,0,0.758840,0.011111,0.230049
2742,1,0.605093,0.386128,0.008780
2743,0,0.391419,0.231780,0.376801
2744,0,0.000499,0.000763,0.998738
2745,0,0.002027,0.002199,0.995774
2746,1,0.008255,0.092008,0.899736
2747,1,0.043867,0.000394,0.955739
2748,1,0.109317,0.000493,0.890190
2749,0,0.000436,0.003336,0.996229
2750,0,0.006434,0.000541,0.993026
2751,0,0.802320,0.039951,0.157729
2752,0,0.157255,0.333084,0.509661
2753,1,0.005966,0.000368,0.993666
2754,0,0.963435,0.001416,0.035149
2755,0,0.656497,0.001304,0.342199
2756,1,0.988467,0.001548,0.009985
2757,1,0.972040,0.000961,0.026999
2758,1,0.989955,0.002816,0.007229
2759,1,0.989864,0.001024,0.009112
2760,1,0.979049,0.000874,0.020077
2761,1,0.988695,0.001518,0.009787
2762,0,0.745015,0.072464,0.182521
2763,0,0.672259,0.005832,0.321910
2764,1,0.946599,0.000645,0.052756
2765,1,0.336792,0.313351,0.349857
2766,0,0.022145,0.436338,0.541517
2767,0,0.047112,0.000470,0.952419
2768,1,0.509806,0.002129,0.488065
2769,1,0.992263,0.000682,0.007055
2770,0,0.416512,0.506141,0.077347
2771,1,0.954534,0.001384,0.044082
2772,1,0.457177,0.476128,0.066695
2773,1,0.290538,0.348630,0.360832
2774,1,0.050233,0.000418,0.949348
2775,1,0.995581,0.001106,0.003313
2776,1,0.890706,0.085776,0.023518
2777,1,0.996734,0.000984,0.002282
2778,1,0.996499,0.001104,0.002397
2779,0,0.004800,0.000594,0.994606
2780,0,0.078607,0.264249,0.657144
2781,1,0.555877,0.337713,0.106410
2782,1,0.976911,0.000614,0.022474
2783,1,0.967948,0.026852,0.005200
2784,1,0.995332,0.000887,0.003781
2785,1,0.790290,0.000977,0.208733
2786,0,0.306111,0.630746,0.063143
2787,1,0.003323,0.000327,0.996350
2788,0,0.140749,0.010361,0.848891
2789,1,0.132518,0.000572,0.866910
2790,0,0.463996,0.000738,0.535266
2791,1,0.995896,0.001091,0.003014
2792,1,0.077220,0.047028,0.875751
2793,1,0.626625,0.284959,0.088417
2794,1,0.992391,0.000722,0.006887
2795,1,0.757981,0.000908,0.241111
2796,0,0.123374,0.362080,0.514546
2797,1,0.026970,0.000324,0.972706
2798,1,0.905365,0.038665,0.055970
2799,1,0.000554,0.000451,0.998995
2800,1,0.009294,0.000485,0.990222
2801,1,0.935308,0.003168,0.061524
2802,1,0.142382,0.096168,0.761449
2803,1,0.616013,0.221198,0.162789
2804,1,0.622297,0.000789,0.376914
2805,1,0.450988,0.002451,0.546561
2806,1,0.548885,0.152831,0.298284
2807,1,0.037075,0.012448,0.950477
2808,0,0.451150,0.396423,0.152428
2809,0,0.117630,0.798138,0.084232
2810,1,0.456539,0.001001,0.542460
2811,1,0.532364,0.155293,0.312343
2812,1,0.721776,0.000772,0.277452
2813,0,0.992876,0.000730,0.006394
2814,1,0.537725,0.432708,0.029567
2815,1,0.389182,0.373279,0.237539
2816,1,0.958572,0.000927,0.040501
2817,1,0.818446,0.000767,0.180787
2818,1,0.235718,0.082391,0.681891
2819,0,0.000392,0.000885,0.998723
2820,0,0.375145,0.559898,0.064958
2821,1,0.996468,0.002230,0.001302
2822,1,0.960166,0.016564,0.023270
2823,1,0.980193,0.000760,0.019048
2824,1,0.000635,0.000382,0.998983
2825,1,0.705342,0.016489,0.278169
2826,0,0.052654,0.199290,0.748057
2827,1,0.009603,0.006923,0.983474
2828,0,0.782896,0.065713,0.151390
2829,0,0.001921,0.000367,0.997712
2830,1,0.018797,0.133611,0.847592
2831,1,0.995982,0.001170,0.002847
2832,0,0.431431,0.147818,0.420751
2833,1,0.996639,0.001967,0.001394
2834,0,0.996559,0.001731,0.001709
2835,1,0.081303,0.185846,0.732851
2836,1,0.002813,0.000388,0.996798
2837,1,0.996748,0.001037,0.002215
2838,0,0.012875,0.220670,0.766455
2839,1,0.929344,0.001969,0.068688
2840,0,0.042936,0.268708,0.688355
2841,1,0.781497,0.146651,0.071852
2842,0,0.009028,0.000819,0.990152
2843,1,0.580004,0.404081,0.015914
2844,1,0.900015,0.090989,0.008996
2845,0,0.989106,0.007935,0.002959
2846,1,0.011461,0.141404,0.847135
2847,1,0.607832,0.372750,0.019417
2848,1,0.588033,0.010324,0.401643
2849,0,0.790989,0.176856,0.032155
2850,0,0.017539,0.003802,0.978660
2851,0,0.064167,0.644772,0.291061
2852,0,0.082230,0.608244,0.309526
2853,1,0.982807,0.012301,0.004892
2854,0,0.071690,0.686608,0.241702
2855,0,0.006075,0.000255,0.993670
2856,1,0.664839,0.327690,0.007470
2857,1,0.467401,0.479754,0.052845
2858,1,0.988488,0.002789,0.008723
2859,1,0.164853,0.670342,0.164805
2860,1,0.979698,0.000663,0.019638
2861,1,0.783305,0.193061,0.023634
2862,0,0.172507,0.719993,0.107500
2863,1,0.995177,0.001649,0.003174
2864,1,0.394999,0.375320,0.229681
2865,0,0.003317,0.000370,0.996313
2866,1,0.107108,0.081254,0.811638
2867,0,0.364586,0.344957,0.290457
2868,1,0.979920,0.009543,0.010537
2869,1,0.847832,0.002413,0.149754
2870,1,0.010594,0.138599,0.850807
2871,1,0.492342,0.450027,0.057631
2872,0,0.920331,0.000699,0.078970
2873,1,0.951508,0.000888,0.047604
2874,1,0.992267,0.004455,0.003278
2875,1,0.846914,0.001317,0.151769
2876,1,0.000921,0.001504,0.997574
2877,0,0.005999,0.000315,0.993686
2878,1,0.996829,0.001261,0.001910
2879,1,0.007848,0.023862,0.968289
2880,0,0.792870,0.000947,0.206183
2881,1,0.965775,0.019450,0.014775
2882,0,0.003154,0.000288,0.996557
2883,0,0.008373,0.000538,0.991090
2884,1,0.393397,0.578984,0.027620
2885,1,0.014622,0.049987,0.935392
2886,1,0.016907,0.000654,0.982439
2887,0,0.001377,0.000352,0.998271
2888,0,0.994592,0.002337,0.003071
2889,0,0.663370,0.315307,0.021323
2890,0,0.276955,0.515478,0.207566
2891,1,0.482611,0.328994,0.188396
2892,0,0.778018,0.016806,0.205176
2893,1,0.828830,0.149622,0.021548
2894,0,0.001044,0.000904,0.998052
2895,0,0.101664,0.208519,0.689816
2896,1,0.906739,0.013845,0.079416
2897,0,0.016205,0.522629,0.461165
2898,0,0.001506,0.000590,0.997905
2899,0,0.209465,0.000545,0.789990
2900,0,0.000979,0.000370,0.998651
2901,0,0.109928,0.295710,0.594361
2902,1,0.695071,0.026505,0.278425
2903,0,0.377920,0.554979,0.067101
2904,1,0.862331,0.013798,0.123871
2905,1,0.264315,0.001152,0.734533
2906,0,0.075565,0.509255,0.415180
2907,1,0.141594,0.501644,0.356762
2908,1,0.976884,0.000974,0.022142
2909,1,0.005638,0.000322,0.994040
2910,1,0.488443,0.108311,0.403246
2911,1,0.979997,0.005199,0.014804
2912,1,0.994827,0.000741,0.004432
2913,1,0.695522,0.002110,0.302368
2914,0,0.009906,0.260683,0.729411
2915,0,0.003251,0.000270,0.996478
2916,1,0.512273,0.001123,0.486603
2917,0,0.227161,0.000704,0.772135
2918,1,0.095632,0.733129,0.171238
2919,1,0.937120,0.058595,0.004285
2920,0,0.114418,0.005935,0.879647
2921,1,0.424286,0.535249,0.040465
2922,0,0.003132,0.000836,0.996031
2923,0,0.000555,0.000512,0.998932
2924,1,0.112945,0.403417,0.483638
2925,0,0.117791,0.082525,0.799684
2926,1,0.494630,0.001819,0.503551
2927,1,0.979963,0.000700,0.019336
2928,1,0.819396,0.000779,0.179825
2929,0,0.292771,0.314540,0.392689
2930,1,0.110265,0.180210,0.709525
2931,1,0.996593,0.001613,0.001794
2932,0,0.706105,0.265208,0.028687
2933,0,0.068811,0.537452,0.393736
2934,1,0.326692,0.584910,0.088398
2935,0,0.000761,0.001154,0.998085
2936,0,0.003231,0.000323,0.996446
2937,1,0.989373,0.000996,0.009631
2938,0,0.684332,0.148489,0.167178
2939,1,0.996281,0.001222,0.002497
2940,1,0.995893,0.002590,0.001517
2941,0,0.036909,0.473245,0.489847
2942,0,0.349405,0.615134,0.035460
2943,1,0.457149,0.503754,0.039097
2944,0,0.117104,0.016392,0.866503
2945,0,0.823231,0.021434,0.155335
2946,0,0.041807,0.525397,0.432796
2947,0,0.060479,0.019079,0.920442
2948,1,0.956554,0.036197,0.007248
2949,0,0.572235,0.406937,0.020828
2950,0,0.041658,0.291669,0.666673
2951,0,0.314044,0.391792,0.294164
2952,0,0.008440,0.046167,0.945393
2953,1,0.002790,0.000279,0.996931
2954,1,0.622862,0.333408,0.043730
2955,1,0.830750,0.084977,0.084274
2956,0,0.247523,0.692965,0.059512
2957,0,0.103940,0.183010,0.713050
2958,1,0.279241,0.000780,0.719979
2959,0,0.233148,0.089118,0.677734
2960,1,0.728189,0.224070,0.047741
2961,1,0.887439,0.092910,0.019651
2962,1,0.578857,0.343652,0.077491
2963,1,0.989013,0.006211,0.004776
2964,1,0.036671,0.618384,0.344945
2965,1,0.355131,0.572182,0.072687
2966,0,0.989533,0.000756,0.009710
2967,1,0.040688,0.100288,0.859024
2968,1,0.505553,0.482980,0.011466
2969,1,0.411508,0.520692,0.067800
2970,1,0.052601,0.000897,0.946501
2971,1,0.589892,0.354546,0.055562
2972,0,0.455656,0.512158,0.032186
2973,1,0.036749,0.000366,0.962885
2974,0,0.003978,0.000362,0.995660
2975,0,0.016693,0.496686,0.486621
2976,0,0.757285,0.007277,0.235438
2977,1,0.512212,0.474766,0.013022
2978,1,0.464651,0.358876,0.176473
2979,0,0.190727,0.000758,0.808514
2980,0,0.038056,0.000518,0.961426
2981,1,0.098523,0.006360,0.895117
2982,0,0.798733,0.033827,0.167440
2983,1,0.110862,0.001137,0.888001
2984,0,0.010456,0.000291,0.989253
2985,1,0.496754,0.492543,0.010703
2986,1,0.043485,0.000401,0.956115
2987,1,0.640513,0.318663,0.040824
2988,0,0.004564,0.136924,0.858512
2989,1,0.631629,0.354402,0.013968
2990,0,0.054779,0.001308,0.943912
2991,0,0.513526,0.386961,0.099513
2992,1,0.168325,0.478029,0.353646
2993,1,0.715185,0.275263,0.009553
2994,0,0.069093,0.007134,0.923773
2995,1,0.996957,0.001201,0.001842
2996,0,0.617491,0.249269,0.133240
2997,0,0.012938,0.542717,0.444345
2998,0,0.052476,0.664503,0.283021
2999,1,0.002460,0.000540,0.997000
