row_id,gold,p_hate,p_offensive,p_normal
0,1,0.477362,0.347146,0.175492
1,0,0.963451,0.002233,0.034316
2,1,0.588768,0.002748,0.408484
3,1,0.008987,0.000211,0.990802
4,0,0.000836,0.000279,0.998885
5,1,0.996204,0.002643,0.001153
6,1,0.867045,0.011386,0.121568
7,1,0.033373,0.000797,0.965830
8,0,0.043809,0.605759,0.350432
9,1,0.995341,0.001771,0.002888
10,0,0.001272,0.000460,0.998268
11,1,0.984180,0.000499,0.015321
12,1,0.631820,0.000818,0.367362
13,0,0.866145,0.000593,0.133262
14,0,0.048213,0.000358,0.951428
15,0,0.206140,0.745815,0.048045
16,1,0.002470,0.000237,0.997293
17,1,0.938005,0.058336,0.003659
18,1,0.992789,0.000675,0.006536
19,0,0.288142,0.000791,0.711066
20,1,0.353985,0.001287,0.644728
21,1,0.908249,0.008886,0.082864
22,0,0.001470,0.000210,0.998319
23,1,0.501628,0.473821,0.024551
24,1,0.671345,0.171396,0.157259
25,1,0.998380,0.000616,0.001004
26,0,0.002517,0.329881,0.667602
27,1,0.830585,0.148053,0.021363
28,1,0.992266,0.000685,0.007049
29,0,0.997909,0.000655,0.001436
30,0,0.001139,0.000203,0.998657
31,0,0.416874,0.000698,0.582428
32,0,0.249204,0.001024,0.749772
33,1,0.981856,0.000509,0.017635
34,0,0.914004,0.001018,0.084978
35,1,0.988864,0.000700,0.010437
36,1,0.321862,0.000823,0.677315
37,1,0.410914,0.001267,0.587819
38,0,0.068329,0.000613,0.931058
39,0,0.002363,0.000372,0.997265
40,0,0.761011,0.001806,0.237183
41,0,0.013800,0.000345,0.985855
42,0,0.600170,0.001320,0.398510
43,0,0.002240,0.000254,0.997506
44,0,0.981530,0.004621,0.013848
45,1,0.192002,0.001292,0.806707
46,0,0.096325,0.000511,0.903164
47,1,0.149687,0.003621,0.846692
48,0,0.020590,0.000492,0.978918
49,1,0.751457,0.001647,0.246896
50,1,0.982803,0.001084,0.016113
51,0,0.001065,0.000190,0.998745
52,1,0.849798,0.001021,0.149181
53,1,0.033434,0.000564,0.966002
54,1,0.075714,0.001194,0.923092
55,1,0.004631,0.416081,0.579288
56,1,0.660371,0.002583,0.337046
57,0,0.000524,0.000214,0.999261
58,1,0.881211,0.045561,0.073227
59,1,0.948529,0.000632,0.050839
60,1,0.000411,0.000215,0.999373
61,1,0.832510,0.001604,0.165886
62,0,0.016272,0.000410,0.983318
63,1,0.021258,0.000303,0.978439
64,1,0.424165,0.520480,0.055355
65,0,0.649844,0.002912,0.347245
66,1,0.927942,0.000541,0.071517
67,1,0.016388,0.000300,0.983312
68,1,0.203989,0.000632,0.795379
69,1,0.007423,0.013033,0.979544
70,1,0.947488,0.002817,0.049695
71,1,0.923669,0.001989,0.074342
72,1,0.149612,0.000979,0.849409
73,1,0.399821,0.000822,0.599356
74,1,0.742350,0.000719,0.256931
75,1,0.001362,0.000192,0.998446
76,1,0.344317,0.000779,0.654904
77,1,0.768073,0.000795,0.231132
78,1,0.942405,0.002817,0.054778
79,1,0.057429,0.001244,0.941327
80,1,0.002770,0.000192,0.997037
81,1,0.391798,0.000800,0.607402
82,1,0.003208,0.000243,0.996549
83,1,0.995587,0.000624,0.003788
84,1,0.993315,0.001181,0.005504
85,1,0.995711,0.001115,0.003175
86,0,0.000581,0.000254,0.999166
87,1,0.863667,0.126794,0.009539
88,1,0.965700,0.001348,0.032952
89,1,0.913468,0.001023,0.085508
90,1,0.993829,0.004360,0.001811
91,1,0.986336,0.000411,0.013253
92,1,0.074780,0.000694,0.924526
93,1,0.192795,0.004750,0.802455
94,1,0.586193,0.000854,0.412953
95,1,0.919166,0.000852,0.079981
96,1,0.894999,0.000777,0.104225
97,1,0.996843,0.000448,0.002709
98,1,0.000759,0.000174,0.999068
99,1,0.000590,0.000202,0.999208
100,1,0.006844,0.000229,0.992927
101,0,0.000398,0.000214,0.999388
102,1,0.000431,0.000206,0.999363
103,1,0.001997,0.000254,0.997749
104,1,0.994127,0.000464,0.005409
105,1,0.874167,0.000977,0.124855
106,1,0.125317,0.003603,0.871080
107,1,0.624879,0.347924,0.027197
108,1,0.998060,0.000614,0.001326
109,1,0.997942,0.000573,0.001485
110,1,0.992241,0.000690,0.007069
111,1,0.997518,0.000570,0.001913
112,1,0.268026,0.001134,0.730840
113,1,0.002451,0.000230,0.997318
114,1,0.233782,0.000780,0.765438
115,0,0.000377,0.000291,0.999331
116,1,0.000835,0.000219,0.998946
117,1,0.001660,0.000186,0.998154
118,1,0.403432,0.001871,0.594697
119,1,0.524327,0.001358,0.474316
120,1,0.996214,0.000602,0.003184
121,1,0.995579,0.000575,0.003846
122,1,0.254947,0.393359,0.351694
123,1,0.989955,0.000465,0.009580
124,1,0.638648,0.275326,0.086026
125,1,0.139254,0.001514,0.859232
126,1,0.202036,0.000446,0.797518
127,1,0.996119,0.000443,0.003438
128,1,0.123830,0.000685,0.875484
129,1,0.980495,0.000785,0.018720
130,1,0.998116,0.000678,0.001206
131,1,0.992457,0.002925,0.004618
132,1,0.998123,0.000700,0.001176
133,1,0.997708,0.001455,0.000837
134,0,0.000650,0.000261,0.999089
135,0,0.984876,0.000928,0.014197
136,1,0.998221,0.001007,0.000772
137,0,0.002072,0.000210,0.997717
138,1,0.057261,0.000740,0.942000
139,0,0.732995,0.001136,0.265868
140,1,0.158356,0.000773,0.840871
141,1,0.919097,0.000707,0.080196
142,0,0.049688,0.001430,0.948882
143,0,0.000414,0.000230,0.999355
144,1,0.255868,0.664713,0.079419
145,1,0.992407,0.000602,0.006991
146,0,0.969437,0.001362,0.029201
147,1,0.820179,0.113446,0.066375
148,0,0.661710,0.001013,0.337278
149,1,0.820756,0.157284,0.021960
150,1,0.998064,0.000497,0.001440
151,1,0.996325,0.000507,0.003168
152,1,0.667944,0.217101,0.114955
153,1,0.994812,0.000647,0.004541
154,1,0.998470,0.000712,0.000818
155,1,0.994713,0.000527,0.004760
156,1,0.994788,0.001711,0.003501
157,1,0.987765,0.001141,0.011095
158,1,0.886354,0.000821,0.112825
159,1,0.687416,0.308930,0.003654
160,1,0.998520,0.000680,0.000800
161,1,0.998223,0.000563,0.001215
162,1,0.988144,0.000520,0.011336
163,1,0.993086,0.000399,0.006515
164,1,0.997078,0.000568,0.002354
165,1,0.660961,0.001114,0.337925
166,1,0.977189,0.000487,0.022324
167,1,0.995705,0.000525,0.003769
168,1,0.998211,0.000568,0.001220
169,1,0.997365,0.000777,0.001858
170,1,0.997365,0.000522,0.002113
171,1,0.997659,0.001144,0.001197
172,1,0.997392,0.000472,0.002136
173,1,0.644733,0.001084,0.354184
174,1,0.017298,0.000390,0.982312
175,1,0.994009,0.002794,0.003197
176,1,0.789992,0.041769,0.168238
177,1,0.925236,0.002258,0.072507
178,1,0.884253,0.014478,0.101269
179,1,0.227549,0.636761,0.135690
180,1,0.346180,0.062584,0.591235
181,1,0.357156,0.343850,0.298994
182,1,0.185689,0.053899,0.760412
183,1,0.980971,0.015205,0.003824
184,0,0.161440,0.268827,0.569732
185,0,0.145523,0.058993,0.795485
186,1,0.873798,0.001223,0.124979
187,1,0.466149,0.519837,0.014014
188,1,0.681300,0.000885,0.317815
189,1,0.059149,0.002345,0.938506
190,1,0.379407,0.050168,0.570425
191,1,0.247649,0.593027,0.159323
192,1,0.691241,0.001452,0.307307
193,1,0.957500,0.000853,0.041648
194,1,0.779689,0.001171,0.219140
195,1,0.982452,0.000612,0.016936
196,1,0.971784,0.000994,0.027222
197,1,0.985669,0.000888,0.013443
198,1,0.987763,0.000652,0.011585
199,1,0.977975,0.000732,0.021293
200,1,0.598638,0.001023,0.400339
201,1,0.088772,0.002215,0.909013
202,1,0.975390,0.002190,0.022421
203,1,0.877300,0.001211,0.121489
204,1,0.079046,0.001063,0.919891
205,1,0.986131,0.000892,0.012977
206,1,0.992745,0.001057,0.006197
207,1,0.891056,0.007948,0.100995
208,1,0.585933,0.012683,0.401384
209,1,0.519445,0.084099,0.396456
210,1,0.843678,0.018847,0.137474
211,1,0.341059,0.000981,0.657959
212,1,0.946636,0.002640,0.050724
213,0,0.136010,0.014204,0.849786
214,1,0.380209,0.051756,0.568035
215,1,0.947388,0.008532,0.044081
216,1,0.887510,0.055261,0.057229
217,1,0.800968,0.001621,0.197411
218,1,0.074033,0.001039,0.924928
219,1,0.975377,0.000620,0.024003
220,1,0.888746,0.100048,0.011207
221,1,0.888755,0.011269,0.099977
222,1,0.040493,0.467095,0.492413
223,1,0.005901,0.023000,0.971099
224,0,0.067115,0.186630,0.746254
225,1,0.977475,0.009517,0.013009
226,1,0.575107,0.388090,0.036802
227,1,0.053702,0.010340,0.935958
228,1,0.997802,0.000544,0.001654
229,1,0.989731,0.001039,0.009230
230,1,0.228160,0.001597,0.770243
231,1,0.257362,0.001004,0.741633
232,1,0.152714,0.001101,0.846185
233,1,0.668082,0.328656,0.003262
234,1,0.708799,0.000689,0.290512
235,1,0.976523,0.000893,0.022585
236,1,0.996715,0.000878,0.002407
237,1,0.722870,0.268388,0.008742
238,1,0.380694,0.606647,0.012659
239,1,0.552519,0.392553,0.054928
240,1,0.005914,0.000292,0.993794
241,1,0.000574,0.000220,0.999205
242,1,0.000852,0.000235,0.998913
243,1,0.002100,0.000226,0.997674
244,1,0.979873,0.000439,0.019688
245,1,0.997205,0.000730,0.002065
246,1,0.993895,0.001275,0.004830
247,1,0.195394,0.014792,0.789815
248,0,0.009653,0.000245,0.990102
249,1,0.917281,0.010641,0.072078
250,0,0.051880,0.004818,0.943302
251,1,0.296942,0.000799,0.702259
252,1,0.328510,0.595806,0.075684
253,1,0.569031,0.006298,0.424671
254,0,0.390187,0.002589,0.607224
255,0,0.906966,0.000803,0.092231
256,0,0.064315,0.000792,0.934893
257,1,0.244448,0.000709,0.754843
258,1,0.125840,0.001168,0.872992
259,1,0.945121,0.000430,0.054449
260,1,0.997448,0.000601,0.001951
261,1,0.998267,0.000660,0.001073
262,1,0.467871,0.000630,0.531498
263,1,0.977179,0.000703,0.022119
264,0,0.021893,0.000541,0.977566
265,0,0.000424,0.000253,0.999323
266,0,0.594915,0.001160,0.403925
267,1,0.987509,0.001802,0.010689
268,0,0.585281,0.002253,0.412465
269,0,0.989819,0.000718,0.009463
270,1,0.328774,0.582977,0.088248
271,1,0.549276,0.152271,0.298454
272,1,0.000809,0.000242,0.998949
273,0,0.042785,0.000454,0.956761
274,1,0.670237,0.001496,0.328267
275,0,0.867197,0.001418,0.131386
276,0,0.956816,0.000432,0.042752
277,0,0.994537,0.000574,0.004888
278,0,0.103087,0.000407,0.896506
279,0,0.328782,0.003500,0.667718
280,0,0.323714,0.639195,0.037092
281,0,0.949266,0.002997,0.047736
282,0,0.993197,0.002198,0.004604
283,0,0.994990,0.002123,0.002888
284,1,0.997965,0.001246,0.000789
285,0,0.992567,0.000610,0.006823
286,0,0.997640,0.001274,0.001086
287,0,0.993207,0.001880,0.004913
288,0,0.395307,0.010433,0.594260
289,0,0.320597,0.011089,0.668315
290,0,0.991816,0.002439,0.005745
291,0,0.762973,0.002646,0.234381
292,0,0.989315,0.001130,0.009555
293,0,0.915150,0.003745,0.081106
294,0,0.915156,0.001884,0.082960
295,1,0.995803,0.000765,0.003432
296,0,0.544601,0.413815,0.041584
297,0,0.996225,0.000872,0.002903
298,0,0.082996,0.006584,0.910419
299,0,0.997727,0.001042,0.001231
300,0,0.994690,0.000814,0.004496
301,0,0.470307,0.009687,0.520005
302,0,0.945246,0.001439,0.053315
303,1,0.938767,0.000999,0.060234
304,0,0.555399,0.003234,0.441367
305,0,0.971338,0.002942,0.025720
306,0,0.974815,0.003058,0.022126
307,0,0.998196,0.000564,0.001240
308,0,0.997951,0.000486,0.001563
309,1,0.817156,0.169629,0.013215
310,1,0.755127,0.000864,0.244009
311,1,0.977936,0.003215,0.018849
312,1,0.989406,0.000485,0.010109
313,1,0.777864,0.002639,0.219497
314,1,0.995276,0.000805,0.003919
315,0,0.032505,0.000931,0.966565
316,1,0.998035,0.000638,0.001326
317,1,0.414801,0.002607,0.582592
318,1,0.996516,0.000750,0.002734
319,0,0.756087,0.002225,0.241688
320,0,0.979118,0.000374,0.020507
321,0,0.118729,0.000821,0.880450
322,0,0.245192,0.001247,0.753561
323,0,0.002848,0.000225,0.996927
324,0,0.241276,0.001070,0.757654
325,0,0.451493,0.002348,0.546159
326,0,0.360318,0.001744,0.637939
327,1,0.974984,0.000907,0.024109
328,1,0.726844,0.256588,0.016568
329,1,0.951793,0.001159,0.047048
330,1,0.015922,0.000298,0.983780
331,1,0.064430,0.003038,0.932532
332,1,0.994400,0.000354,0.005246
333,1,0.000953,0.000213,0.998834
334,1,0.983859,0.000627,0.015514
335,1,0.653004,0.001174,0.345822
336,1,0.013890,0.000299,0.985811
337,1,0.088165,0.060109,0.851727
338,0,0.120948,0.001878,0.877174
339,0,0.952413,0.001818,0.045769
340,0,0.994231,0.000753,0.005016
341,0,0.104718,0.732032,0.163249
342,0,0.507509,0.002549,0.489941
343,0,0.989024,0.001761,0.009214
344,0,0.984310,0.003946,0.011744
345,0,0.016520,0.003009,0.980472
346,0,0.981883,0.000530,0.017587
347,0,0.898454,0.008601,0.092945
348,0,0.974276,0.000714,0.025010
349,0,0.877940,0.000529,0.121531
350,0,0.993374,0.000576,0.006050
351,0,0.994566,0.000522,0.004912
352,1,0.985776,0.000701,0.013524
353,0,0.960644,0.000715,0.038641
354,0,0.719173,0.007813,0.273014
355,0,0.586286,0.004581,0.409133
356,0,0.992699,0.001603,0.005698
357,0,0.968191,0.000810,0.030998
358,0,0.997490,0.000472,0.002038
359,0,0.995862,0.001030,0.003108
360,0,0.000499,0.000234,0.999267
361,0,0.638498,0.003098,0.358403
362,0,0.015829,0.000543,0.983628
363,0,0.000814,0.000230,0.998955
364,0,0.030302,0.001479,0.968219
365,0,0.084430,0.001350,0.914220
366,0,0.005049,0.000465,0.994486
367,0,0.275389,0.001581,0.723029
368,0,0.641882,0.001000,0.357118
369,0,0.000534,0.000261,0.999205
370,0,0.583842,0.001870,0.414288
371,0,0.000934,0.000566,0.998500
372,0,0.127829,0.002059,0.870112
373,0,0.941109,0.000732,0.058159
374,0,0.139629,0.001224,0.859147
375,0,0.542867,0.002816,0.454317
376,1,0.023864,0.000443,0.975693
377,1,0.001772,0.000179,0.998049
378,0,0.064416,0.000412,0.935173
379,1,0.929147,0.000541,0.070312
380,0,0.943049,0.000591,0.056360
381,0,0.007757,0.000553,0.991690
382,0,0.887216,0.001506,0.111278
383,1,0.935063,0.000855,0.064081
384,1,0.006241,0.000311,0.993448
385,1,0.326266,0.003349,0.670385
386,1,0.784180,0.001795,0.214025
387,1,0.436591,0.004011,0.559398
388,1,0.765697,0.216329,0.017975
389,0,0.917170,0.001214,0.081615
390,0,0.032386,0.618014,0.349601
391,0,0.969522,0.000987,0.029491
392,0,0.001771,0.000447,0.997782
393,1,0.625076,0.001277,0.373648
394,1,0.048964,0.007915,0.943121
395,1,0.912457,0.001848,0.085696
396,0,0.000333,0.000253,0.999414
397,1,0.196223,0.668668,0.135109
398,1,0.997486,0.000664,0.001850
399,1,0.826038,0.138153,0.035808
400,0,0.959883,0.001102,0.039016
401,0,0.126496,0.020365,0.853140
402,0,0.412050,0.001773,0.586177
403,0,0.041447,0.000297,0.958257
404,0,0.196571,0.001211,0.802217
405,0,0.979533,0.000834,0.019633
406,0,0.029548,0.508370,0.462082
407,0,0.000997,0.000276,0.998727
408,1,0.515629,0.410646,0.073725
409,0,0.000733,0.000292,0.998975
410,0,0.000871,0.000281,0.998848
411,0,0.000546,0.000334,0.999120
412,1,0.150738,0.000720,0.848543
413,1,0.964704,0.000493,0.034803
414,0,0.264013,0.000976,0.735011
415,0,0.987150,0.000724,0.012126
416,0,0.988560,0.000368,0.011072
417,0,0.991386,0.000410,0.008204
418,0,0.966562,0.000573,0.032865
419,1,0.031349,0.000446,0.968205
420,0,0.996856,0.000426,0.002719
421,0,0.997398,0.000501,0.002101
422,1,0.997823,0.000503,0.001674
423,0,0.002058,0.000173,0.997769
424,1,0.302071,0.003263,0.694666
425,0,0.263902,0.106858,0.629240
426,0,0.992092,0.000368,0.007540
427,0,0.985127,0.000417,0.014456
428,0,0.914268,0.001451,0.084281
429,0,0.004196,0.000319,0.995484
430,0,0.308559,0.014935,0.676507
431,0,0.003023,0.410652,0.586325
432,0,0.166595,0.001178,0.832228
433,0,0.950171,0.000928,0.048901
434,1,0.025774,0.000265,0.973961
435,0,0.028582,0.000376,0.971042
436,0,0.023103,0.000220,0.976676
437,1,0.000785,0.000205,0.999011
438,0,0.596695,0.012655,0.390649
439,1,0.971053,0.000910,0.028037
440,0,0.914522,0.000900,0.084578
441,0,0.997819,0.000499,0.001683
442,0,0.115531,0.000774,0.883695
443,0,0.426390,0.001106,0.572504
444,0,0.174829,0.000768,0.824404
445,0,0.976358,0.001830,0.021812
446,0,0.308268,0.001411,0.690322
447,0,0.003225,0.000185,0.996590
448,1,0.552310,0.006947,0.440743
449,1,0.814004,0.000896,0.185100
450,1,0.996842,0.000587,0.002571
451,0,0.985541,0.000495,0.013964
452,1,0.075836,0.000662,0.923502
453,1,0.334879,0.001276,0.663845
454,1,0.998229,0.000875,0.000897
455,1,0.993764,0.000424,0.005812
456,1,0.989542,0.000915,0.009543
457,1,0.083766,0.000369,0.915864
458,0,0.048420,0.000330,0.951250
459,1,0.828966,0.001268,0.169767
460,1,0.032062,0.633124,0.334814
461,0,0.005275,0.000420,0.994305
462,0,0.962665,0.000759,0.036577
463,0,0.531094,0.000793,0.468112
464,0,0.000355,0.000260,0.999385
465,0,0.000493,0.000265,0.999242
466,1,0.610411,0.142377,0.247213
467,0,0.003175,0.000171,0.996653
468,0,0.373902,0.002288,0.623810
469,0,0.007380,0.000232,0.992388
470,1,0.008035,0.000259,0.991706
471,1,0.887894,0.000850,0.111256
472,0,0.994802,0.000392,0.004806
473,1,0.001376,0.000194,0.998430
474,0,0.679831,0.002128,0.318040
475,0,0.980744,0.000663,0.018593
476,1,0.396606,0.000803,0.602591
477,0,0.179136,0.000841,0.820023
478,1,0.143383,0.665242,0.191376
479,0,0.674919,0.000913,0.324168
480,0,0.996906,0.000487,0.002607
481,1,0.943635,0.000752,0.055613
482,0,0.009313,0.055969,0.934718
483,0,0.990148,0.001028,0.008824
484,1,0.980888,0.000466,0.018646
485,0,0.000829,0.000192,0.998980
486,0,0.015395,0.000367,0.984238
487,0,0.187906,0.001264,0.810830
488,0,0.410364,0.001078,0.588557
489,1,0.991962,0.001145,0.006894
490,0,0.019508,0.000596,0.979896
491,0,0.027325,0.000931,0.971744
492,1,0.998044,0.000492,0.001463
493,1,0.867912,0.000831,0.131257
494,1,0.328496,0.638391,0.033113
495,1,0.844568,0.001187,0.154245
496,1,0.991227,0.000921,0.007851
497,0,0.939941,0.000872,0.059187
498,1,0.096309,0.000522,0.903169
499,0,0.005869,0.000262,0.993869
500,0,0.797355,0.006917,0.195728
501,1,0.444679,0.001862,0.553459
502,0,0.025462,0.000469,0.974069
503,0,0.001693,0.000230,0.998077
504,0,0.481870,0.173044,0.345086
505,1,0.994739,0.000852,0.004408
506,1,0.851313,0.000863,0.147825
507,1,0.988717,0.000587,0.010696
508,1,0.758660,0.001006,0.240334
509,1,0.784586,0.003109,0.212305
510,0,0.111571,0.021762,0.866667
511,0,0.267240,0.028727,0.704032
512,0,0.901226,0.008218,0.090556
513,0,0.050731,0.002097,0.947173
514,0,0.007184,0.000209,0.992607
515,0,0.964383,0.000842,0.034776
516,1,0.956089,0.000511,0.043400
517,0,0.060549,0.001292,0.938159
518,0,0.008712,0.002404,0.988884
519,0,0.152260,0.001426,0.846314
520,1,0.479496,0.001498,0.519006
521,1,0.002627,0.000201,0.997172
522,0,0.194935,0.014129,0.790936
523,1,0.995283,0.000630,0.004087
524,0,0.992343,0.003959,0.003698
525,0,0.423951,0.001305,0.574745
526,1,0.167025,0.484811,0.348164
527,0,0.997028,0.000550,0.002421
528,0,0.011866,0.004390,0.983744
529,1,0.998472,0.000783,0.000745
530,1,0.018531,0.000297,0.981172
531,1,0.202444,0.001451,0.796105
532,1,0.944142,0.000884,0.054974
533,1,0.000861,0.000271,0.998868
534,0,0.772761,0.000670,0.226569
535,0,0.005198,0.000265,0.994538
536,0,0.540753,0.001039,0.458207
537,1,0.756988,0.000587,0.242425
538,0,0.001940,0.000185,0.997875
539,0,0.000381,0.000232,0.999387
540,1,0.891587,0.000647,0.107766
541,0,0.003336,0.000247,0.996416
542,1,0.969074,0.000743,0.030183
543,1,0.292299,0.001353,0.706348
544,1,0.723823,0.005463,0.270714
545,1,0.027372,0.000456,0.972172
546,0,0.094158,0.000990,0.904852
547,1,0.995686,0.000401,0.003913
548,0,0.251290,0.000615,0.748095
549,1,0.990430,0.000791,0.008778
550,0,0.994645,0.001125,0.004230
551,1,0.995958,0.000961,0.003082
552,1,0.997094,0.000996,0.001910
553,0,0.137030,0.029438,0.833532
554,0,0.883568,0.000601,0.115831
555,0,0.269628,0.068953,0.661420
556,1,0.678595,0.001443,0.319962
557,0,0.045804,0.001058,0.953138
558,0,0.004623,0.701785,0.293593
559,1,0.664290,0.006041,0.329669
560,0,0.022766,0.000545,0.976689
561,1,0.969159,0.000451,0.030390
562,0,0.001298,0.000616,0.998087
563,0,0.582246,0.002525,0.415229
564,1,0.974266,0.000559,0.025175
565,0,0.024267,0.000272,0.975461
566,1,0.996700,0.000512,0.002788
567,1,0.989033,0.000856,0.010112
568,0,0.002179,0.000186,0.997635
569,1,0.832628,0.002502,0.164870
570,0,0.003546,0.002356,0.994098
571,0,0.047006,0.000988,0.952006
572,0,0.290574,0.001219,0.708208
573,1,0.173968,0.000869,0.825163
574,0,0.428691,0.002112,0.569197
575,1,0.936978,0.001195,0.061828
576,0,0.993080,0.000535,0.006385
577,1,0.715889,0.001912,0.282198
578,0,0.209597,0.001012,0.789391
579,1,0.979163,0.000642,0.020195
580,0,0.000780,0.000300,0.998920
581,1,0.993927,0.000448,0.005625
582,0,0.000464,0.000211,0.999325
583,0,0.395734,0.001397,0.602869
584,1,0.997514,0.000462,0.002024
585,1,0.486817,0.466442,0.046741
586,1,0.970291,0.000571,0.029138
587,0,0.973894,0.003124,0.022981
588,0,0.003944,0.000229,0.995827
589,0,0.920371,0.000820,0.078808
590,1,0.831243,0.001973,0.166784
591,0,0.000377,0.000249,0.999375
592,1,0.604033,0.004897,0.391069
593,1,0.021775,0.000341,0.977884
594,0,0.970096,0.000585,0.029319
595,0,0.004600,0.000572,0.994828
596,0,0.926445,0.000623,0.072932
597,0,0.289981,0.165974,0.544045
598,1,0.133041,0.000649,0.866310
599,1,0.308006,0.658919,0.033075
600,0,0.059996,0.000455,0.939550
601,0,0.222904,0.001276,0.775820
602,0,0.878441,0.000900,0.120658
603,0,0.028000,0.016077,0.955922
604,1,0.094608,0.000509,0.904883
605,0,0.654253,0.001039,0.344708
606,1,0.963675,0.032561,0.003764
607,0,0.101395,0.655492,0.243113
608,1,0.001337,0.000461,0.998202
609,0,0.135323,0.001044,0.863633
610,1,0.994983,0.000953,0.004063
611,0,0.011764,0.000924,0.987312
612,0,0.996440,0.000550,0.003010
613,0,0.388331,0.001894,0.609774
614,1,0.989181,0.005306,0.005513
615,1,0.796914,0.000914,0.202172
616,1,0.036686,0.002787,0.960527
617,0,0.002358,0.000876,0.996767
618,0,0.184296,0.001978,0.813726
619,0,0.255366,0.000584,0.744050
620,1,0.175811,0.122960,0.701229
621,0,0.947589,0.001504,0.050907
622,1,0.983533,0.000447,0.016020
623,0,0.995456,0.000571,0.003973
624,1,0.000603,0.000210,0.999188
625,0,0.556985,0.001654,0.441361
626,1,0.467788,0.510185,0.022028
627,1,0.163467,0.000769,0.835764
628,1,0.639152,0.001022,0.359826
629,1,0.997930,0.000733,0.001337
630,0,0.974143,0.000847,0.025010
631,1,0.770908,0.158876,0.070216
632,0,0.995224,0.001220,0.003555
633,0,0.001524,0.000200,0.998275
634,0,0.007686,0.686406,0.305907
635,0,0.799798,0.017340,0.182863
636,1,0.212635,0.000800,0.786565
637,0,0.107943,0.261104,0.630953
638,0,0.001476,0.000264,0.998260
639,0,0.001293,0.000174,0.998533
640,0,0.996171,0.000983,0.002847
641,0,0.000888,0.000241,0.998870
642,1,0.869442,0.001897,0.128662
643,0,0.013210,0.000307,0.986483
644,1,0.034204,0.004028,0.961768
645,0,0.901396,0.005270,0.093334
646,1,0.752940,0.000988,0.246073
647,0,0.042488,0.000370,0.957141
648,1,0.263861,0.001963,0.734176
649,0,0.010348,0.000849,0.988803
650,0,0.662722,0.007961,0.329317
651,1,0.174237,0.575015,0.250748
652,0,0.995755,0.000469,0.003776
653,0,0.179620,0.001256,0.819124
654,1,0.995231,0.000643,0.004126
655,0,0.046380,0.000480,0.953141
656,0,0.002452,0.000220,0.997328
657,0,0.000661,0.000235,0.999104
658,0,0.000751,0.000204,0.999045
659,0,0.009970,0.000237,0.989794
660,0,0.995970,0.000591,0.003439
661,1,0.988057,0.000750,0.011192
662,0,0.665091,0.236112,0.098797
663,0,0.802619,0.000884,0.196497
664,1,0.006786,0.000802,0.992413
665,0,0.995685,0.000521,0.003795
666,1,0.997468,0.000765,0.001767
667,1,0.996980,0.000643,0.002377
668,1,0.462885,0.013973,0.523142
669,0,0.013699,0.622262,0.364040
670,1,0.889594,0.001213,0.109193
671,0,0.997239,0.001351,0.001410
672,1,0.000759,0.000215,0.999026
673,0,0.001100,0.000182,0.998719
674,1,0.935903,0.002760,0.061337
675,0,0.124663,0.016643,0.858694
676,1,0.997939,0.001120,0.000941
677,0,0.731969,0.001931,0.266100
678,1,0.110004,0.000533,0.889463
679,0,0.000846,0.000278,0.998876
680,1,0.912590,0.000821,0.086589
681,1,0.342093,0.002389,0.655518
682,0,0.933379,0.001061,0.065560
683,0,0.000585,0.000196,0.999219
684,0,0.417707,0.001150,0.581143
685,1,0.909441,0.001140,0.089420
686,1,0.271405,0.000789,0.727806
687,0,0.981787,0.000493,0.017720
688,0,0.291613,0.005574,0.702813
689,0,0.990391,0.000699,0.008910
690,1,0.998172,0.000985,0.000842
691,1,0.088583,0.001174,0.910243
692,0,0.993760,0.001465,0.004775
693,0,0.419626,0.001903,0.578471
694,1,0.964592,0.000648,0.034761
695,1,0.989835,0.001052,0.009112
696,0,0.235932,0.001154,0.762914
697,0,0.056801,0.001661,0.941538
698,1,0.962529,0.000538,0.036933
699,1,0.997109,0.000792,0.002099
700,0,0.001441,0.000206,0.998352
701,0,0.013720,0.000346,0.985934
702,0,0.000393,0.000346,0.999261
703,1,0.024339,0.000716,0.974945
704,1,0.425869,0.000949,0.573182
705,1,0.451713,0.007068,0.541219
706,1,0.002648,0.779030,0.218322
707,0,0.000556,0.000221,0.999223
708,0,0.001041,0.000207,0.998752
709,1,0.158804,0.244349,0.596847
710,0,0.997990,0.001151,0.000858
711,0,0.471237,0.007018,0.521745
712,1,0.001090,0.000240,0.998670
713,0,0.001526,0.000328,0.998146
714,0,0.987981,0.000848,0.011172
715,0,0.661355,0.000677,0.337967
716,1,0.996706,0.000714,0.002580
717,1,0.994151,0.000432,0.005416
718,1,0.004277,0.000310,0.995413
719,1,0.021618,0.000228,0.978155
720,0,0.075772,0.000783,0.923444
721,1,0.993423,0.000567,0.006010
722,1,0.998044,0.000983,0.000973
723,1,0.976791,0.000467,0.022742
724,0,0.002482,0.000412,0.997106
725,1,0.995349,0.000743,0.003908
726,1,0.000865,0.000183,0.998953
727,0,0.819501,0.000774,0.179724
728,1,0.958380,0.001062,0.040558
729,0,0.001793,0.000245,0.997962
730,0,0.003011,0.000169,0.996820
731,0,0.432305,0.001853,0.565842
732,0,0.000535,0.000202,0.999263
733,1,0.882318,0.000783,0.116899
734,0,0.001920,0.574735,0.423345
735,0,0.390257,0.000839,0.608903
736,0,0.001592,0.000168,0.998241
737,0,0.005657,0.000213,0.994130
738,1,0.815032,0.000550,0.184418
739,1,0.415832,0.511867,0.072301
740,0,0.002041,0.000314,0.997645
741,0,0.007308,0.000210,0.992482
742,1,0.995060,0.004138,0.000801
743,0,0.604958,0.036187,0.358855
744,0,0.978886,0.000731,0.020383
745,0,0.000523,0.000198,0.999279
746,0,0.314902,0.003042,0.682056
747,1,0.994444,0.000520,0.005036
748,1,0.954957,0.001256,0.043787
749,0,0.414886,0.004517,0.580596
750,0,0.604688,0.001832,0.393480
751,0,0.832418,0.002201,0.165380
752,1,0.991030,0.005692,0.003278
753,1,0.995209,0.000540,0.004252
754,0,0.473771,0.006641,0.519588
755,1,0.965590,0.013430,0.020980
756,1,0.014656,0.000269,0.985076
757,0,0.840026,0.001223,0.158751
758,0,0.791663,0.007330,0.201007
759,0,0.996114,0.000624,0.003262
760,1,0.995332,0.000434,0.004234
761,0,0.000445,0.000463,0.999093
762,0,0.048487,0.000717,0.950795
763,0,0.211685,0.033858,0.754457
764,0,0.000542,0.000329,0.999129
765,0,0.993226,0.000802,0.005971
766,1,0.958472,0.000495,0.041033
767,1,0.000739,0.000215,0.999046
768,0,0.771206,0.006717,0.222077
769,0,0.948529,0.001173,0.050298
770,1,0.598856,0.000759,0.400385
771,0,0.858662,0.001103,0.140235
772,1,0.990510,0.008230,0.001260
773,0,0.000379,0.003117,0.996504
774,0,0.003826,0.000518,0.995656
775,0,0.554800,0.003497,0.441703
776,0,0.997056,0.000748,0.002196
777,0,0.054298,0.499653,0.446050
778,1,0.689466,0.087869,0.222665
779,0,0.087610,0.000903,0.911488
780,1,0.994913,0.000746,0.004341
781,0,0.583301,0.001933,0.414766
782,1,0.016491,0.818831,0.164678
783,0,0.040031,0.001457,0.958512
784,1,0.399239,0.216047,0.384714
785,1,0.647325,0.336204,0.016472
786,0,0.002022,0.000238,0.997740
787,0,0.966669,0.005120,0.028211
788,1,0.997141,0.001356,0.001503
789,1,0.011048,0.000235,0.988716
790,1,0.021579,0.000398,0.978023
791,1,0.003858,0.000240,0.995902
792,1,0.985983,0.000857,0.013160
793,0,0.007384,0.001020,0.991597
794,1,0.994013,0.000389,0.005598
795,0,0.364624,0.005833,0.629543
796,1,0.000356,0.000327,0.999317
797,0,0.001558,0.000448,0.997995
798,0,0.000828,0.000288,0.998884
799,0,0.478458,0.001658,0.519885
800,0,0.036111,0.000798,0.963090
801,0,0.007544,0.000604,0.991852
802,0,0.007923,0.267548,0.724529
803,0,0.915366,0.004147,0.080487
804,0,0.224745,0.001163,0.774092
805,0,0.842095,0.001228,0.156676
806,0,0.000338,0.000247,0.999416
807,0,0.095519,0.000626,0.903855
808,0,0.015971,0.000334,0.983695
809,0,0.702565,0.001453,0.295982
810,0,0.992155,0.000665,0.007180
811,0,0.995542,0.000668,0.003790
812,0,0.015325,0.000833,0.983842
813,0,0.854104,0.001326,0.144569
814,0,0.286691,0.003904,0.709405
815,0,0.509921,0.001043,0.489037
816,0,0.745233,0.002020,0.252747
817,0,0.008182,0.000206,0.991612
818,0,0.989260,0.000599,0.010141
819,0,0.000546,0.000291,0.999164
820,0,0.723736,0.001192,0.275072
821,0,0.000557,0.000218,0.999224
822,0,0.002375,0.000216,0.997409
823,0,0.652145,0.002467,0.345388
824,0,0.000438,0.000239,0.999323
825,0,0.313099,0.002387,0.684515
826,0,0.389195,0.000871,0.609934
827,0,0.981935,0.001110,0.016955
828,0,0.974937,0.001079,0.023983
829,0,0.000506,0.000249,0.999244
830,0,0.996592,0.000444,0.002964
831,0,0.260403,0.003503,0.736095
832,0,0.950399,0.000786,0.048815
833,0,0.697236,0.001405,0.301359
834,1,0.994746,0.000530,0.004723
835,0,0.013285,0.000359,0.986356
836,1,0.962166,0.000682,0.037152
837,0,0.983124,0.000529,0.016347
838,0,0.002558,0.000255,0.997187
839,0,0.006514,0.000188,0.993298
840,1,0.982614,0.000684,0.016702
841,0,0.915702,0.002369,0.081928
842,0,0.000699,0.000231,0.999070
843,0,0.487045,0.000795,0.512160
844,1,0.965478,0.000792,0.033730
845,0,0.013234,0.000378,0.986388
846,0,0.197680,0.001360,0.800960
847,0,0.990050,0.000455,0.009495
848,0,0.481283,0.344670,0.174048
849,0,0.007252,0.000269,0.992479
850,0,0.564821,0.000842,0.434337
851,0,0.078609,0.000573,0.920818
852,0,0.192451,0.001334,0.806215
853,0,0.012984,0.000723,0.986293
854,0,0.000931,0.000222,0.998847
855,0,0.992658,0.000658,0.006684
856,1,0.997350,0.000589,0.002061
857,1,0.981286,0.000523,0.018191
858,0,0.842287,0.000677,0.157035
859,0,0.997787,0.000522,0.001691
860,0,0.008340,0.013809,0.977851
861,0,0.137027,0.000654,0.862319
862,0,0.751309,0.001049,0.247642
863,1,0.997315,0.000575,0.002110
864,0,0.032326,0.253909,0.713765
865,1,0.946378,0.001392,0.052230
866,0,0.225763,0.001238,0.772999
867,0,0.902371,0.000787,0.096842
868,0,0.004413,0.000360,0.995227
869,0,0.781405,0.000795,0.217801
870,0,0.872279,0.001314,0.126406
871,1,0.772910,0.000645,0.226445
872,0,0.707921,0.001475,0.290605
873,0,0.026883,0.000263,0.972854
874,0,0.164042,0.000643,0.835315
875,0,0.000765,0.000222,0.999012
876,0,0.010772,0.000786,0.988442
877,0,0.989016,0.000870,0.010114
878,0,0.238274,0.001388,0.760338
879,0,0.631638,0.001163,0.367198
880,1,0.998010,0.000571,0.001419
881,0,0.316315,0.001919,0.681766
882,0,0.025943,0.000753,0.973304
883,0,0.001318,0.000189,0.998493
884,0,0.753299,0.001170,0.245531
885,0,0.111363,0.000897,0.887740
886,0,0.017039,0.000349,0.982612
887,0,0.969968,0.002136,0.027896
888,0,0.012967,0.000258,0.986775
889,0,0.976075,0.000996,0.022929
890,0,0.044027,0.000462,0.955511
891,0,0.750152,0.003462,0.246386
892,0,0.014405,0.000301,0.985294
893,0,0.945243,0.000905,0.053852
894,0,0.014130,0.000501,0.985369
895,0,0.184363,0.000680,0.814957
896,0,0.027544,0.000389,0.972067
897,0,0.005319,0.000194,0.994487
898,0,0.284035,0.000847,0.715118
899,0,0.013814,0.000905,0.985280
900,1,0.837683,0.000964,0.161353
901,0,0.222731,0.000858,0.776411
902,0,0.000421,0.000298,0.999281
903,0,0.905934,0.000934,0.093132
904,0,0.163138,0.000831,0.836031
905,0,0.266909,0.000966,0.732126
906,0,0.123773,0.007068,0.869159
907,0,0.969745,0.000644,0.029610
908,0,0.102968,0.000942,0.896090
909,0,0.000403,0.000249,0.999348
910,0,0.459691,0.004273,0.536036
911,0,0.698307,0.001580,0.300113
912,0,0.010981,0.000491,0.988528
913,1,0.874089,0.001380,0.124531
914,0,0.916998,0.001023,0.081978
915,0,0.997158,0.001471,0.001371
916,0,0.298483,0.687492,0.014026
917,0,0.001123,0.000211,0.998666
918,0,0.359249,0.002144,0.638608
919,0,0.991082,0.000481,0.008437
920,0,0.523862,0.001793,0.474345
921,0,0.014573,0.003128,0.982299
922,1,0.798241,0.001986,0.199773
923,1,0.997414,0.000595,0.001991
924,0,0.043834,0.000416,0.955750
925,1,0.970928,0.001538,0.027533
926,1,0.987990,0.000417,0.011592
927,1,0.768516,0.001114,0.230370
928,1,0.960698,0.000662,0.038640
929,1,0.888898,0.001962,0.109140
930,1,0.957081,0.000953,0.041965
931,0,0.909065,0.001578,0.089357
932,0,0.042101,0.000574,0.957325
933,1,0.105064,0.000591,0.894345
934,0,0.001747,0.000286,0.997967
935,0,0.000465,0.000224,0.999310
936,1,0.988299,0.000489,0.011212
937,0,0.739770,0.001312,0.258918
938,0,0.001226,0.000225,0.998549
939,0,0.665106,0.001257,0.333637
940,0,0.150869,0.000872,0.848259
941,0,0.047540,0.000501,0.951959
942,0,0.000958,0.000219,0.998822
943,0,0.828953,0.000721,0.170327
944,0,0.000954,0.000189,0.998857
945,0,0.993219,0.000639,0.006141
946,0,0.707345,0.002378,0.290277
947,0,0.209082,0.002582,0.788337
948,0,0.997254,0.000735,0.002011
949,0,0.930389,0.000986,0.068625
950,0,0.076874,0.016237,0.906889
951,0,0.333804,0.002169,0.664027
952,1,0.919751,0.000896,0.079353
953,0,0.037552,0.000843,0.961605
954,0,0.004417,0.000654,0.994929
955,0,0.976762,0.000636,0.022602
956,1,0.860251,0.000632,0.139118
957,1,0.997746,0.000588,0.001667
958,1,0.722475,0.001547,0.275978
959,1,0.809660,0.000858,0.189482
960,1,0.981245,0.000386,0.018370
961,0,0.756524,0.001492,0.241984
962,0,0.000351,0.000254,0.999395
963,0,0.065114,0.000764,0.934121
964,0,0.995990,0.000462,0.003547
965,1,0.936485,0.010657,0.052857
966,0,0.036483,0.000603,0.962913
967,0,0.000636,0.000301,0.999062
968,1,0.962299,0.000606,0.037095
969,1,0.994200,0.000509,0.005290
970,1,0.234543,0.000565,0.764892
971,0,0.883482,0.001723,0.114795
972,0,0.002640,0.000200,0.997159
973,1,0.891334,0.004463,0.104202
974,1,0.993843,0.000388,0.005769
975,0,0.015179,0.000503,0.984317
976,1,0.995346,0.000543,0.004111
977,0,0.000298,0.000289,0.999413
978,0,0.877851,0.000869,0.121281
979,1,0.250379,0.001928,0.747693
980,0,0.967042,0.000479,0.032480
981,1,0.993269,0.000590,0.006141
982,0,0.179498,0.061447,0.759054
983,0,0.644916,0.001046,0.354038
984,0,0.000697,0.000416,0.998887
985,0,0.004509,0.000378,0.995113
986,0,0.329201,0.001378,0.669421
987,0,0.010808,0.000369,0.988823
988,0,0.000389,0.000231,0.999379
989,0,0.464690,0.001177,0.534133
990,1,0.997626,0.000696,0.001678
991,1,0.987580,0.001332,0.011089
992,1,0.077267,0.000583,0.922150
993,0,0.286199,0.001282,0.712519
994,0,0.222006,0.001691,0.776303
995,0,0.226625,0.003517,0.769858
996,1,0.988823,0.001054,0.010124
997,1,0.995070,0.000797,0.004133
998,0,0.768344,0.001387,0.230269
999,0,0.638940,0.001054,0.360006
1000,1,0.998168,0.000625,0.001207
1001,0,0.015900,0.000349,0.983752
1002,1,0.996565,0.002362,0.001073
1003,1,0.984745,0.000975,0.014279
1004,1,0.956983,0.002312,0.040704
1005,1,0.960648,0.001681,0.037671
1006,0,0.567536,0.005743,0.426722
1007,1,0.995188,0.000487,0.004325
1008,1,0.754889,0.001859,0.243252
1009,0,0.368139,0.000831,0.631031
1010,1,0.906169,0.000779,0.093052
1011,1,0.163820,0.000947,0.835234
1012,1,0.435910,0.005861,0.558229
1013,0,0.000529,0.000301,0.999169
1014,0,0.365454,0.103318,0.531228
1015,0,0.849082,0.001425,0.149492
1016,1,0.584732,0.012368,0.402900
1017,0,0.003975,0.000391,0.995634
1018,1,0.991242,0.000361,0.008397
1019,1,0.670616,0.296575,0.032810
1020,0,0.944047,0.000662,0.055292
1021,0,0.056761,0.000564,0.942675
1022,0,0.971959,0.000931,0.027110
1023,1,0.988279,0.000488,0.011234
1024,0,0.421047,0.000974,0.577979
1025,0,0.003102,0.000620,0.996279
1026,0,0.002714,0.000198,0.997088
1027,1,0.945851,0.001536,0.052613
1028,0,0.365863,0.001120,0.633017
1029,0,0.891112,0.001028,0.107860
1030,0,0.749782,0.001683,0.248535
1031,0,0.667790,0.001875,0.330335
1032,0,0.593362,0.010861,0.395777
1033,1,0.990667,0.000489,0.008843
1034,1,0.307144,0.001291,0.691565
1035,0,0.988447,0.000479,0.011074
1036,0,0.000417,0.000321,0.999262
1037,0,0.994987,0.000495,0.004518
1038,0,0.000890,0.000408,0.998702
1039,1,0.038618,0.000539,0.960843
1040,0,0.805795,0.001556,0.192649
1041,0,0.040454,0.000639,0.958906
1042,1,0.980416,0.000666,0.018917
1043,0,0.938993,0.000497,0.060510
1044,0,0.835442,0.000873,0.163685
1045,0,0.002833,0.000207,0.996960
1046,0,0.000902,0.002140,0.996957
1047,0,0.732265,0.001255,0.266480
1048,0,0.001316,0.000265,0.998419
1049,0,0.019101,0.000710,0.980190
1050,0,0.000778,0.000217,0.999005
1051,0,0.001498,0.000325,0.998177
1052,0,0.990083,0.001049,0.008868
1053,1,0.928795,0.001274,0.069932
1054,1,0.968438,0.003018,0.028544
1055,1,0.463468,0.013561,0.522970
1056,1,0.997167,0.000602,0.002231
1057,0,0.074121,0.000928,0.924951
1058,0,0.269769,0.002813,0.727419
1059,1,0.985166,0.001917,0.012917
1060,1,0.837235,0.000569,0.162196
1061,1,0.996209,0.000635,0.003156
1062,0,0.263065,0.001088,0.735847
1063,1,0.078852,0.000891,0.920257
1064,1,0.608879,0.001110,0.390011
1065,0,0.992104,0.000465,0.007430
1066,0,0.811836,0.001386,0.186778
1067,0,0.000702,0.000213,0.999084
1068,1,0.823041,0.001059,0.175901
1069,0,0.034792,0.000475,0.964732
1070,0,0.000326,0.000259,0.999414
1071,1,0.997218,0.002305,0.000477
1072,1,0.773679,0.155290,0.071031
1073,0,0.210048,0.000945,0.789007
1074,0,0.005279,0.000182,0.994539
1075,0,0.987873,0.000539,0.011589
1076,0,0.997678,0.000532,0.001790
1077,1,0.016183,0.000745,0.983072
1078,0,0.024013,0.000272,0.975715
1079,0,0.651390,0.000833,0.347777
1080,0,0.006855,0.000714,0.992431
1081,0,0.689753,0.164281,0.145966
1082,1,0.001575,0.000290,0.998135
1083,0,0.971840,0.001323,0.026837
1084,0,0.004212,0.000304,0.995484
1085,0,0.809646,0.001312,0.189042
1086,0,0.101005,0.001903,0.897092
1087,1,0.946791,0.001230,0.051979
1088,1,0.343056,0.000706,0.656238
1089,1,0.970950,0.000791,0.028259
1090,1,0.989305,0.000796,0.009899
1091,0,0.001396,0.000371,0.998233
1092,0,0.012674,0.000367,0.986959
1093,1,0.035517,0.000631,0.963852
1094,1,0.991828,0.000708,0.007464
1095,0,0.948987,0.000972,0.050041
1096,0,0.071788,0.007816,0.920396
1097,0,0.727922,0.002242,0.269836
1098,0,0.918672,0.001156,0.080172
1099,0,0.019656,0.000328,0.980016
1100,0,0.131668,0.001916,0.866416
1101,0,0.005710,0.000996,0.993294
1102,0,0.863615,0.002212,0.134173
1103,1,0.988459,0.000522,0.011019
1104,0,0.002157,0.000226,0.997618
1105,1,0.377597,0.000885,0.621518
1106,1,0.174279,0.001902,0.823820
1107,0,0.000834,0.000266,0.998900
1108,0,0.094815,0.000482,0.904704
1109,0,0.112795,0.001506,0.885699
1110,0,0.952070,0.000926,0.047004
1111,0,0.966510,0.000886,0.032604
1112,0,0.032600,0.000407,0.966993
1113,0,0.964029,0.000517,0.035454
1114,0,0.993438,0.000624,0.005938
1115,0,0.965579,0.001304,0.033116
1116,0,0.965665,0.000609,0.033726
1117,0,0.488149,0.001743,0.510108
1118,0,0.089692,0.001272,0.909036
1119,1,0.271016,0.158666,0.570319
1120,1,0.000573,0.000253,0.999174
1121,0,0.006096,0.000453,0.993451
1122,1,0.963443,0.001221,0.035336
1123,1,0.981614,0.000801,0.017586
1124,0,0.001025,0.000464,0.998512
1125,0,0.941974,0.001310,0.056717
1126,1,0.964918,0.001087,0.033996
1127,0,0.800356,0.005473,0.194171
1128,0,0.996000,0.000703,0.003297
1129,0,0.986495,0.001020,0.012485
1130,0,0.976849,0.000770,0.022381
1131,0,0.000868,0.000231,0.998901
1132,1,0.855629,0.002852,0.141519
1133,1,0.288564,0.000752,0.710684
1134,0,0.033925,0.002090,0.963985
1135,0,0.001469,0.000244,0.998286
1136,0,0.379751,0.233969,0.386281
1137,0,0.997732,0.000528,0.001740
1138,1,0.924182,0.013590,0.062227
1139,0,0.897805,0.001468,0.100727
1140,0,0.345825,0.001018,0.653158
1141,0,0.853873,0.003548,0.142578
1142,0,0.051364,0.000939,0.947696
1143,0,0.001669,0.000252,0.998079
1144,1,0.609165,0.006909,0.383927
1145,1,0.836586,0.001775,0.161639
1146,1,0.909872,0.001049,0.089079
1147,0,0.437127,0.515959,0.046914
1148,0,0.795631,0.001938,0.202431
1149,0,0.001576,0.000252,0.998172
1150,1,0.837715,0.001902,0.160383
1151,1,0.989686,0.000883,0.009431
1152,0,0.870726,0.002519,0.126755
1153,0,0.234737,0.001746,0.763517
1154,0,0.939609,0.000458,0.059933
1155,1,0.997368,0.000651,0.001981
1156,0,0.425227,0.001212,0.573560
1157,0,0.141088,0.000711,0.858200
1158,0,0.969469,0.000550,0.029981
1159,0,0.988027,0.001248,0.010725
1160,0,0.661625,0.000943,0.337432
1161,1,0.625623,0.357221,0.017155
1162,1,0.848703,0.000749,0.150547
1163,0,0.978244,0.000616,0.021140
1164,1,0.468463,0.001563,0.529975
1165,1,0.938267,0.002338,0.059395
1166,1,0.089762,0.864170,0.046069
1167,1,0.357068,0.000781,0.642151
1168,0,0.002419,0.001263,0.996318
1169,1,0.937271,0.000465,0.062264
1170,1,0.974694,0.000651,0.024655
1171,1,0.995661,0.000818,0.003521
1172,1,0.535810,0.296955,0.167234
1173,1,0.780574,0.003209,0.216217
1174,0,0.033826,0.000574,0.965600
1175,1,0.996819,0.000538,0.002643
1176,0,0.982531,0.000492,0.016977
1177,1,0.640650,0.002029,0.357322
1178,1,0.997630,0.000641,0.001729
1179,0,0.241698,0.000989,0.757313
1180,0,0.773285,0.002503,0.224213
1181,0,0.104730,0.000609,0.894661
1182,0,0.973579,0.001651,0.024770
1183,0,0.119448,0.000631,0.879921
1184,0,0.224159,0.004910,0.770931
1185,0,0.003744,0.000208,0.996048
1186,0,0.438135,0.001507,0.560357
1187,1,0.519185,0.001791,0.479025
1188,1,0.149074,0.001144,0.849782
1189,0,0.055212,0.000886,0.943902
1190,0,0.105178,0.000780,0.894043
1191,0,0.884749,0.000543,0.114707
1192,1,0.007572,0.000226,0.992201
1193,1,0.993193,0.000675,0.006132
1194,0,0.424171,0.001913,0.573917
1195,0,0.081118,0.007941,0.910942
1196,1,0.021196,0.000333,0.978471
1197,1,0.114438,0.000880,0.884681
1198,1,0.968230,0.000543,0.031227
1199,1,0.144514,0.005235,0.850251
1200,1,0.001803,0.000246,0.997951
1201,1,0.997290,0.000536,0.002173
1202,1,0.984184,0.006065,0.009751
1203,1,0.986484,0.001753,0.011763
1204,1,0.619668,0.313927,0.066405
1205,1,0.973123,0.000554,0.026323
1206,1,0.155621,0.000832,0.843547
1207,1,0.997457,0.000503,0.002041
1208,1,0.990710,0.000441,0.008849
1209,1,0.981699,0.010459,0.007842
1210,1,0.034591,0.000473,0.964936
1211,1,0.946477,0.000502,0.053020
1212,1,0.469988,0.001239,0.528773
1213,1,0.979134,0.000413,0.020453
1214,1,0.010514,0.000395,0.989091
1215,1,0.000948,0.000462,0.998590
1216,1,0.009882,0.000349,0.989769
1217,1,0.985470,0.001306,0.013224
1218,1,0.995375,0.001626,0.002999
1219,1,0.996404,0.001948,0.001649
1220,1,0.975023,0.000507,0.024470
1221,1,0.240131,0.001127,0.758742
1222,1,0.994655,0.000475,0.004870
1223,1,0.992530,0.000578,0.006892
1224,1,0.992928,0.000446,0.006626
1225,1,0.995652,0.000502,0.003846
1226,1,0.178299,0.000764,0.820938
1227,1,0.954467,0.000427,0.045105
1228,1,0.986075,0.000625,0.013300
1229,1,0.007993,0.000227,0.991780
1230,1,0.006182,0.000226,0.993592
1231,1,0.976858,0.000698,0.022444
1232,1,0.272789,0.000969,0.726242
1233,1,0.915524,0.000912,0.083564
1234,1,0.977602,0.000684,0.021714
1235,1,0.188487,0.001932,0.809581
1236,1,0.733829,0.074790,0.191381
1237,1,0.652148,0.019366,0.328486
1238,1,0.993180,0.000470,0.006350
1239,0,0.980195,0.000696,0.019109
1240,1,0.995966,0.001056,0.002978
1241,1,0.286252,0.533537,0.180211
1242,1,0.321750,0.000693,0.677557
1243,1,0.014625,0.000904,0.984470
1244,1,0.485772,0.215291,0.298937
1245,1,0.228019,0.001669,0.770312
1246,1,0.000544,0.000210,0.999246
1247,1,0.990461,0.000712,0.008827
1248,0,0.048793,0.229096,0.722111
1249,1,0.237384,0.000569,0.762047
1250,1,0.993518,0.000621,0.005862
1251,1,0.988033,0.000756,0.011211
1252,1,0.961764,0.000517,0.037719
1253,1,0.996674,0.000422,0.002904
1254,0,0.027143,0.000482,0.972375
1255,0,0.233970,0.008802,0.757228
1256,0,0.008578,0.000378,0.991044
1257,0,0.996764,0.000915,0.002322
1258,1,0.251074,0.001159,0.747767
1259,0,0.986824,0.000550,0.012626
1260,1,0.922209,0.000854,0.076937
1261,1,0.080293,0.001626,0.918081
1262,1,0.994391,0.001101,0.004508
1263,0,0.589922,0.015168,0.394910
1264,0,0.788349,0.001960,0.209691
1265,0,0.037680,0.002683,0.959638
1266,1,0.294861,0.000662,0.704478
1267,0,0.003992,0.000352,0.995655
1268,0,0.882596,0.000612,0.116792
1269,0,0.960139,0.001531,0.038331
1270,1,0.032069,0.317275,0.650656
1271,0,0.251800,0.000804,0.747396
1272,0,0.009219,0.000452,0.990329
1273,0,0.116383,0.241038,0.642580
1274,0,0.015185,0.000286,0.984529
1275,0,0.945245,0.000535,0.054220
1276,1,0.987318,0.000699,0.011983
1277,1,0.947699,0.000805,0.051496
1278,1,0.951561,0.001076,0.047363
1279,1,0.001846,0.000325,0.997829
1280,0,0.236203,0.000943,0.762853
1281,0,0.053056,0.001736,0.945208
1282,1,0.090017,0.000808,0.909175
1283,0,0.069580,0.000667,0.929753
1284,1,0.892190,0.000954,0.106856
1285,1,0.946484,0.000895,0.052621
1286,0,0.966534,0.001293,0.032172
1287,0,0.000333,0.000336,0.999331
1288,0,0.410602,0.001147,0.588252
1289,0,0.024223,0.000452,0.975325
1290,1,0.075951,0.001009,0.923041
1291,0,0.142400,0.026485,0.831114
1292,0,0.103824,0.000594,0.895582
1293,1,0.880550,0.002404,0.117047
1294,1,0.979621,0.000780,0.019598
1295,0,0.982181,0.001201,0.016617
1296,1,0.506226,0.001113,0.492660
1297,0,0.115193,0.000897,0.883910
1298,1,0.998340,0.000967,0.000692
1299,0,0.001055,0.000211,0.998734
1300,0,0.154834,0.000959,0.844207
1301,1,0.984500,0.001387,0.014112
1302,1,0.119754,0.001158,0.879088
1303,1,0.326231,0.001636,0.672133
1304,0,0.984661,0.001129,0.014209
1305,0,0.000442,0.000212,0.999345
1306,0,0.976913,0.000722,0.022365
1307,0,0.977439,0.000717,0.021844
1308,1,0.984491,0.000735,0.014775
1309,1,0.094797,0.032080,0.873123
1310,0,0.000471,0.000224,0.999305
1311,0,0.000448,0.000258,0.999294
1312,1,0.996864,0.000944,0.002193
1313,0,0.057223,0.000598,0.942179
1314,0,0.984098,0.000866,0.015036
1315,1,0.170689,0.000754,0.828557
1316,0,0.984130,0.000533,0.015338
1317,1,0.829742,0.000935,0.169323
1318,1,0.180963,0.000473,0.818564
1319,0,0.036364,0.008455,0.955180
1320,0,0.528526,0.002787,0.468687
1321,0,0.994917,0.000512,0.004570
1322,1,0.074953,0.000445,0.924603
1323,0,0.542654,0.000936,0.456410
1324,0,0.002645,0.000459,0.996896
1325,0,0.993645,0.000860,0.005495
1326,1,0.474942,0.003582,0.521476
1327,0,0.001585,0.000873,0.997542
1328,0,0.032052,0.001324,0.966624
1329,1,0.998524,0.000759,0.000717
1330,1,0.892282,0.000750,0.106968
1331,0,0.916192,0.000820,0.082988
1332,1,0.996657,0.000516,0.002827
1333,1,0.971538,0.000561,0.027902
1334,0,0.000520,0.000239,0.999241
1335,0,0.982985,0.000783,0.016232
1336,1,0.652480,0.015833,0.331686
1337,0,0.862268,0.000697,0.137035
1338,0,0.011416,0.000294,0.988291
1339,1,0.997120,0.000467,0.002412
1340,1,0.979715,0.000796,0.019489
1341,1,0.001590,0.000436,0.997974
1342,0,0.002174,0.000270,0.997555
1343,0,0.021548,0.000551,0.977902
1344,0,0.001209,0.000391,0.998400
1345,1,0.997063,0.000887,0.002050
1346,1,0.957185,0.000544,0.042270
1347,1,0.886535,0.002145,0.111320
1348,0,0.000699,0.000197,0.999104
1349,1,0.321395,0.001386,0.677218
1350,0,0.166129,0.000857,0.833014
1351,1,0.998327,0.001098,0.000574
1352,1,0.933033,0.000879,0.066088
1353,0,0.114817,0.356110,0.529073
1354,1,0.123373,0.000823,0.875804
1355,1,0.916189,0.001286,0.082525
1356,1,0.003823,0.000211,0.995966
1357,1,0.937777,0.000790,0.061433
1358,1,0.714490,0.196244,0.089266
1359,0,0.073119,0.003654,0.923227
1360,1,0.364851,0.439128,0.196021
1361,0,0.805943,0.001251,0.192805
1362,1,0.000764,0.000375,0.998861
1363,0,0.269421,0.001021,0.729558
1364,0,0.005317,0.000219,0.994464
1365,1,0.851292,0.000894,0.147815
1366,0,0.304548,0.001550,0.693902
1367,1,0.964286,0.003251,0.032463
1368,1,0.001299,0.000194,0.998507
1369,1,0.998217,0.000874,0.000908
1370,0,0.781559,0.002823,0.215618
1371,1,0.997159,0.000417,0.002424
1372,0,0.992248,0.000634,0.007119
1373,0,0.027165,0.007604,0.965231
1374,0,0.946785,0.000728,0.052487
1375,0,0.007730,0.000398,0.991871
1376,1,0.002252,0.000331,0.997417
1377,1,0.000616,0.000205,0.999179
1378,0,0.001093,0.000254,0.998654
1379,1,0.990758,0.000369,0.008873
1380,1,0.292846,0.001340,0.705814
1381,1,0.986562,0.000606,0.012832
1382,0,0.147382,0.481645,0.370973
1383,1,0.983301,0.001034,0.015665
1384,0,0.964862,0.001711,0.033427
1385,1,0.957821,0.000469,0.041710
1386,0,0.091113,0.000607,0.908281
1387,0,0.000324,0.000325,0.999351
1388,1,0.976806,0.001317,0.021877
1389,0,0.009852,0.000314,0.989835
1390,0,0.119889,0.003450,0.876660
1391,0,0.618147,0.001410,0.380443
1392,1,0.277491,0.001568,0.720941
1393,0,0.000550,0.000256,0.999195
1394,0,0.734249,0.000790,0.264961
1395,1,0.001060,0.000217,0.998724
1396,0,0.146168,0.000513,0.853320
1397,1,0.983693,0.000516,0.015791
1398,0,0.986726,0.000924,0.012350
1399,1,0.967074,0.001271,0.031655
1400,1,0.995838,0.000470,0.003692
1401,0,0.967185,0.000749,0.032066
1402,1,0.790026,0.001641,0.208333
1403,1,0.928570,0.001137,0.070293
1404,0,0.787545,0.001915,0.210540
1405,1,0.625964,0.002032,0.372004
1406,1,0.997936,0.000806,0.001258
1407,1,0.986558,0.000831,0.012611
1408,1,0.184009,0.002129,0.813862
1409,0,0.244248,0.002505,0.753247
1410,1,0.952821,0.001224,0.045954
1411,0,0.989728,0.000486,0.009785
1412,1,0.997261,0.000646,0.002093
1413,0,0.006217,0.000326,0.993457
1414,0,0.992722,0.000523,0.006755
1415,0,0.067200,0.000693,0.932107
1416,0,0.000621,0.000281,0.999098
1417,0,0.237785,0.001611,0.760604
1418,0,0.071500,0.000676,0.927825
1419,1,0.995381,0.000532,0.004087
1420,1,0.993995,0.000572,0.005433
1421,0,0.209176,0.001268,0.789556
1422,0,0.027927,0.000285,0.971787
1423,0,0.014505,0.000355,0.985139
1424,0,0.931388,0.000849,0.067764
1425,0,0.965360,0.001200,0.033440
1426,0,0.986079,0.002068,0.011853
1427,0,0.947898,0.000894,0.051208
1428,1,0.944978,0.000959,0.054063
1429,1,0.986485,0.000364,0.013150
1430,1,0.986249,0.000867,0.012884
1431,1,0.848949,0.000516,0.150535
1432,0,0.991145,0.000532,0.008323
1433,0,0.867062,0.002111,0.130827
1434,1,0.073849,0.597552,0.328598
1435,0,0.153131,0.001237,0.845632
1436,0,0.994031,0.000422,0.005548
1437,0,0.560103,0.000901,0.438996
1438,0,0.697461,0.003285,0.299254
1439,1,0.791952,0.001864,0.206185
1440,0,0.063598,0.000639,0.935763
1441,0,0.004212,0.000837,0.994951
1442,0,0.001067,0.000197,0.998736
1443,0,0.706231,0.017618,0.276151
1444,0,0.269536,0.001195,0.729269
1445,0,0.736493,0.002429,0.261078
1446,0,0.018015,0.180855,0.801130
1447,0,0.397678,0.000845,0.601477
1448,1,0.645326,0.324807,0.029867
1449,1,0.224910,0.000735,0.774355
1450,1,0.996855,0.000609,0.002535
1451,0,0.996491,0.000933,0.002576
1452,0,0.995739,0.000787,0.003474
1453,1,0.502527,0.001952,0.495521
1454,1,0.026192,0.253489,0.720319
1455,1,0.232115,0.003309,0.764576
1456,1,0.975152,0.000474,0.024374
1457,0,0.291070,0.006718,0.702212
1458,0,0.976514,0.000787,0.022699
1459,0,0.001215,0.000275,0.998510
1460,0,0.997934,0.000525,0.001541
1461,1,0.506348,0.002659,0.490993
1462,1,0.369374,0.410377,0.220249
1463,0,0.124505,0.001093,0.874402
1464,0,0.951416,0.001990,0.046594
1465,0,0.105399,0.000831,0.893769
1466,0,0.092410,0.000499,0.907091
1467,0,0.000400,0.000239,0.999361
1468,1,0.885972,0.001065,0.112962
1469,1,0.871545,0.002023,0.126432
1470,0,0.922780,0.001093,0.076126
1471,0,0.232786,0.000900,0.766315
1472,0,0.052570,0.000569,0.946862
1473,1,0.024887,0.000401,0.974712
1474,0,0.260715,0.007393,0.731892
1475,0,0.000635,0.000247,0.999118
1476,0,0.000394,0.000242,0.999363
1477,1,0.996654,0.000506,0.002840
1478,0,0.963473,0.001541,0.034986
1479,0,0.000765,0.000265,0.998970
1480,0,0.362169,0.015564,0.622267
1481,0,0.439581,0.003300,0.557119
1482,0,0.011267,0.000920,0.987813
1483,1,0.998322,0.001016,0.000662
1484,0,0.223332,0.000929,0.775739
1485,1,0.004254,0.000278,0.995468
1486,1,0.253354,0.005532,0.741113
1487,0,0.736159,0.006480,0.257361
1488,0,0.020184,0.003178,0.976638
1489,0,0.807646,0.000880,0.191473
1490,1,0.015121,0.000544,0.984335
1491,1,0.970099,0.000550,0.029351
1492,0,0.074568,0.000723,0.924709
1493,0,0.907278,0.002004,0.090717
1494,0,0.134020,0.001266,0.864714
1495,0,0.602400,0.001320,0.396280
1496,0,0.862100,0.001021,0.136879
1497,1,0.942550,0.001274,0.056176
1498,0,0.229165,0.000765,0.770070
1499,0,0.985608,0.000382,0.014010
1500,0,0.003911,0.002733,0.993356
1501,0,0.965103,0.001024,0.033873
1502,0,0.018023,0.000651,0.981326
1503,1,0.997113,0.000538,0.002348
1504,1,0.823414,0.001241,0.175345
1505,1,0.994037,0.001718,0.004245
1506,0,0.075520,0.000756,0.923725
1507,0,0.141658,0.000941,0.857401
1508,1,0.913346,0.001542,0.085113
1509,1,0.391556,0.001388,0.607057
1510,0,0.710760,0.002160,0.287080
1511,0,0.427733,0.535177,0.037090
1512,0,0.589667,0.002912,0.407421
1513,1,0.994924,0.001167,0.003909
1514,0,0.964579,0.000768,0.034653
1515,1,0.575131,0.001417,0.423452
1516,0,0.186972,0.000924,0.812104
1517,0,0.012433,0.032257,0.955311
1518,1,0.361656,0.001193,0.637151
1519,0,0.722888,0.001070,0.276041
1520,0,0.954512,0.000836,0.044652
1521,1,0.970256,0.001938,0.027806
1522,0,0.032771,0.000347,0.966883
1523,0,0.799391,0.002017,0.198592
1524,0,0.003787,0.000254,0.995959
1525,0,0.029842,0.000381,0.969777
1526,0,0.843018,0.001453,0.155529
1527,0,0.802492,0.000894,0.196614
1528,0,0.986839,0.000558,0.012603
1529,0,0.830830,0.001593,0.167577
1530,0,0.636670,0.004433,0.358896
1531,0,0.951349,0.001393,0.047258
1532,0,0.986949,0.000495,0.012556
1533,0,0.201471,0.000891,0.797638
1534,0,0.008588,0.000245,0.991167
1535,0,0.000473,0.000206,0.999321
1536,0,0.997912,0.000640,0.001448
1537,0,0.240095,0.001089,0.758816
1538,0,0.495092,0.002700,0.502209
1539,0,0.871464,0.000924,0.127612
1540,0,0.092784,0.000681,0.906535
1541,0,0.379285,0.003323,0.617392
1542,0,0.000534,0.000220,0.999246
1543,0,0.001581,0.000227,0.998192
1544,0,0.649210,0.005181,0.345609
1545,0,0.952092,0.001375,0.046533
1546,0,0.004173,0.000418,0.995410
1547,0,0.002264,0.000267,0.997469
1548,0,0.016211,0.000357,0.983432
1549,0,0.006852,0.000316,0.992832
1550,0,0.851706,0.011274,0.137019
1551,0,0.158648,0.001727,0.839626
1552,0,0.988031,0.000576,0.011392
1553,0,0.398696,0.001166,0.600138
1554,0,0.978173,0.000733,0.021095
1555,0,0.326227,0.001909,0.671865
1556,0,0.000577,0.000268,0.999155
1557,0,0.007673,0.000546,0.991781
1558,0,0.994231,0.000654,0.005115
1559,0,0.797123,0.002029,0.200848
1560,0,0.001486,0.000276,0.998238
1561,0,0.000615,0.000234,0.999152
1562,0,0.990711,0.000655,0.008634
1563,0,0.659859,0.001129,0.339012
1564,0,0.773234,0.001615,0.225151
1565,0,0.001138,0.000171,0.998691
1566,0,0.015842,0.000408,0.983751
1567,0,0.952888,0.001363,0.045749
1568,0,0.106643,0.002079,0.891278
1569,0,0.000655,0.000198,0.999147
1570,0,0.992465,0.000395,0.007140
1571,0,0.000745,0.000292,0.998963
1572,0,0.000530,0.000240,0.999230
1573,0,0.352702,0.001879,0.645419
1574,0,0.919322,0.001752,0.078926
1575,0,0.995037,0.001097,0.003866
1576,0,0.018694,0.000403,0.980903
1577,0,0.054260,0.000544,0.945196
1578,0,0.989896,0.000669,0.009435
1579,0,0.141357,0.001703,0.856940
1580,0,0.005230,0.000354,0.994416
1581,0,0.026308,0.003444,0.970248
1582,0,0.000580,0.000291,0.999129
1583,0,0.180032,0.001115,0.818854
1584,0,0.080832,0.000820,0.918349
1585,0,0.548260,0.001022,0.450718
1586,0,0.908376,0.001036,0.090588
1587,0,0.061742,0.000883,0.937375
1588,0,0.062834,0.000957,0.936209
1589,0,0.237417,0.006475,0.756108
1590,0,0.003458,0.000859,0.995684
1591,0,0.996838,0.001476,0.001686
1592,0,0.001784,0.000221,0.997995
1593,0,0.000954,0.000202,0.998844
1594,0,0.227073,0.001251,0.771676
1595,0,0.979143,0.000623,0.020234
1596,0,0.345834,0.001258,0.652907
1597,0,0.989923,0.000957,0.009121
1598,0,0.743345,0.001515,0.255140
1599,0,0.002637,0.000216,0.997147
1600,0,0.024666,0.000409,0.974925
1601,0,0.939926,0.000803,0.059271
1602,0,0.023305,0.000410,0.976285
1603,1,0.981165,0.000724,0.018111
1604,1,0.991501,0.000406,0.008093
1605,1,0.000871,0.000192,0.998937
1606,1,0.992533,0.000687,0.006780
1607,1,0.994645,0.000582,0.004773
1608,1,0.343004,0.611031,0.045964
1609,0,0.112913,0.001150,0.885937
1610,1,0.937150,0.001546,0.061304
1611,1,0.998341,0.000843,0.000816
1612,1,0.869701,0.000938,0.129361
1613,1,0.998152,0.000812,0.001036
1614,0,0.119904,0.000883,0.879214
1615,1,0.936850,0.001412,0.061738
1616,0,0.000541,0.000370,0.999089
1617,0,0.959696,0.000484,0.039820
1618,1,0.996469,0.000606,0.002925
1619,1,0.996789,0.000678,0.002533
1620,1,0.995791,0.000444,0.003766
1621,1,0.997994,0.000609,0.001397
1622,1,0.998259,0.000806,0.000936
1623,1,0.997324,0.000863,0.001813
1624,1,0.993121,0.000765,0.006114
1625,0,0.885840,0.001408,0.112751
1626,1,0.920365,0.001379,0.078256
1627,1,0.996907,0.000507,0.002586
1628,1,0.997516,0.000643,0.001841
1629,1,0.982256,0.000459,0.017285
1630,1,0.098512,0.005940,0.895548
1631,1,0.970494,0.001960,0.027546
1632,1,0.998425,0.000690,0.000885
1633,1,0.961074,0.001059,0.037867
1634,1,0.969719,0.000585,0.029697
1635,1,0.000994,0.000253,0.998753
1636,0,0.000366,0.000275,0.999359
1637,0,0.990748,0.000887,0.008364
1638,1,0.998430,0.000956,0.000614
1639,1,0.986589,0.000670,0.012741
1640,1,0.954631,0.000937,0.044431
1641,1,0.875663,0.002637,0.121700
1642,0,0.032301,0.001434,0.966265
1643,1,0.919659,0.000970,0.079372
1644,1,0.907336,0.004442,0.088222
1645,1,0.997554,0.001414,0.001032
1646,1,0.797994,0.002963,0.199043
1647,1,0.998191,0.000745,0.001064
1648,1,0.987518,0.000664,0.011818
1649,1,0.347074,0.000754,0.652172
1650,0,0.663437,0.001228,0.335335
1651,1,0.998063,0.001194,0.000743
1652,1,0.212970,0.008950,0.778080
1653,1,0.676527,0.243434,0.080039
1654,1,0.082618,0.000350,0.917032
1655,1,0.997090,0.000507,0.002403
1656,1,0.837500,0.000724,0.161776
1657,1,0.998452,0.000817,0.000731
1658,1,0.998201,0.000630,0.001169
1659,1,0.942137,0.015295,0.042568
1660,1,0.997806,0.001694,0.000500
1661,0,0.000436,0.000231,0.999333
1662,1,0.995883,0.000597,0.003520
1663,0,0.001645,0.000232,0.998123
1664,1,0.985219,0.000432,0.014349
1665,1,0.998070,0.001036,0.000894
1666,1,0.998022,0.000742,0.001236
1667,1,0.998344,0.001000,0.000657
1668,0,0.971887,0.000399,0.027714
1669,1,0.997792,0.000806,0.001402
1670,1,0.996802,0.002836,0.000362
1671,0,0.597094,0.002520,0.400386
1672,1,0.984392,0.000499,0.015109
1673,0,0.741551,0.001810,0.256640
1674,0,0.000316,0.000278,0.999406
1675,0,0.041310,0.001708,0.956982
1676,0,0.740582,0.002808,0.256610
1677,0,0.619630,0.002327,0.378043
1678,0,0.825940,0.001914,0.172146
1679,0,0.473500,0.002040,0.524460
1680,0,0.000477,0.000245,0.999279
1681,0,0.157389,0.001185,0.841425
1682,0,0.876113,0.002176,0.121712
1683,0,0.002079,0.000202,0.997720
1684,0,0.989213,0.000798,0.009989
1685,0,0.975828,0.000762,0.023410
1686,0,0.043434,0.000334,0.956232
1687,0,0.836856,0.001926,0.161217
1688,0,0.051789,0.001081,0.947130
1689,0,0.562712,0.002442,0.434846
1690,0,0.764092,0.002058,0.233849
1691,0,0.976638,0.000616,0.022746
1692,0,0.003547,0.000311,0.996142
1693,0,0.555170,0.002628,0.442201
1694,0,0.941409,0.001640,0.056952
1695,0,0.977502,0.000435,0.022063
1696,0,0.769789,0.001405,0.228806
1697,0,0.205862,0.002351,0.791786
1698,0,0.218729,0.370478,0.410793
1699,0,0.960891,0.000997,0.038112
1700,0,0.577746,0.001103,0.421151
1701,0,0.778699,0.001034,0.220266
1702,0,0.715988,0.239315,0.044697
1703,0,0.000568,0.000434,0.998998
1704,0,0.103599,0.001186,0.895215
1705,0,0.006219,0.000306,0.993474
1706,0,0.592293,0.001254,0.406453
1707,0,0.961810,0.001697,0.036493
1708,0,0.201808,0.001988,0.796204
1709,1,0.944091,0.003308,0.052602
1710,1,0.915035,0.001084,0.083880
1711,1,0.643559,0.000922,0.355519
1712,1,0.980502,0.001240,0.018258
1713,1,0.980008,0.002163,0.017828
1714,0,0.000699,0.000292,0.999009
1715,1,0.968160,0.000754,0.031087
1716,1,0.002284,0.000292,0.997423
1717,1,0.578595,0.001379,0.420026
1718,0,0.001685,0.000634,0.997681
1719,1,0.148028,0.001003,0.850968
1720,1,0.462671,0.001578,0.535751
1721,1,0.772810,0.000829,0.226362
1722,1,0.002101,0.000263,0.997636
1723,0,0.009565,0.000293,0.990142
1724,1,0.935330,0.000514,0.064155
1725,1,0.956208,0.000618,0.043175
1726,1,0.045935,0.000411,0.953654
1727,1,0.715633,0.000842,0.283526
1728,1,0.000748,0.000229,0.999023
1729,1,0.000473,0.000213,0.999314
1730,1,0.623299,0.002680,0.374021
1731,1,0.006247,0.000265,0.993488
1732,1,0.890345,0.000968,0.108687
1733,1,0.834073,0.001093,0.164834
1734,0,0.824222,0.002139,0.173639
1735,1,0.978544,0.010570,0.010887
1736,1,0.985081,0.001089,0.013830
1737,1,0.000572,0.000318,0.999111
1738,1,0.390610,0.001022,0.608368
1739,1,0.996538,0.000573,0.002889
1740,1,0.989067,0.001612,0.009321
1741,1,0.996721,0.000484,0.002795
1742,0,0.026157,0.000514,0.973328
1743,1,0.699854,0.000991,0.299155
1744,1,0.954466,0.000502,0.045032
1745,0,0.941165,0.000682,0.058153
1746,1,0.060222,0.000445,0.939332
1747,0,0.989760,0.000428,0.009812
1748,1,0.962803,0.000852,0.036346
1749,1,0.964481,0.000631,0.034888
1750,1,0.987598,0.000392,0.012011
1751,1,0.248296,0.000692,0.751012
1752,1,0.992988,0.000526,0.006486
1753,1,0.525959,0.001426,0.472616
1754,1,0.997572,0.000752,0.001675
1755,0,0.777109,0.001383,0.221508
1756,1,0.961106,0.000571,0.038323
1757,0,0.000702,0.000211,0.999087
1758,0,0.917557,0.000615,0.081828
1759,1,0.996683,0.000450,0.002867
1760,1,0.003558,0.000251,0.996192
1761,0,0.930817,0.000764,0.068420
1762,0,0.000240,0.000522,0.999237
1763,1,0.004768,0.000298,0.994934
1764,1,0.995307,0.000544,0.004149
1765,1,0.944056,0.000799,0.055145
1766,1,0.995236,0.000885,0.003878
1767,0,0.740834,0.002426,0.256740
1768,1,0.927198,0.000653,0.072149
1769,1,0.996298,0.000621,0.003082
1770,0,0.874448,0.000760,0.124792
1771,1,0.506261,0.479636,0.014103
1772,1,0.997892,0.001337,0.000771
1773,1,0.962084,0.000824,0.037093
1774,1,0.880308,0.001019,0.118672
1775,1,0.011374,0.000257,0.988368
1776,1,0.993262,0.000782,0.005955
1777,1,0.778401,0.001524,0.220075
1778,1,0.005498,0.000321,0.994181
1779,1,0.993304,0.000429,0.006267
1780,1,0.640758,0.001400,0.357842
1781,1,0.041847,0.001650,0.956504
1782,1,0.933074,0.000762,0.066165
1783,1,0.439947,0.000908,0.559146
1784,1,0.057279,0.000687,0.942034
1785,1,0.729573,0.000925,0.269502
1786,1,0.341092,0.001999,0.656910
1787,1,0.825743,0.001256,0.173001
1788,1,0.979552,0.000825,0.019623
1789,0,0.704174,0.000582,0.295243
1790,1,0.955142,0.000627,0.044232
1791,1,0.965635,0.001770,0.032595
1792,1,0.981555,0.000674,0.017771
1793,1,0.061099,0.000474,0.938428
1794,1,0.031076,0.000596,0.968328
1795,1,0.380426,0.002086,0.617488
1796,1,0.983274,0.000929,0.015797
1797,1,0.807998,0.001969,0.190033
1798,0,0.027804,0.001643,0.970553
1799,1,0.794498,0.001117,0.204385
1800,1,0.950073,0.000775,0.049153
1801,1,0.134211,0.000523,0.865266
1802,1,0.042181,0.000429,0.957390
1803,1,0.296726,0.001755,0.701519
1804,0,0.867122,0.000897,0.131981
1805,1,0.010701,0.000348,0.988951
1806,1,0.996397,0.000772,0.002831
1807,1,0.001231,0.000238,0.998531
1808,1,0.055243,0.001010,0.943747
1809,1,0.615815,0.000826,0.383359
1810,0,0.970994,0.000537,0.028469
1811,0,0.290492,0.001087,0.708421
1812,0,0.934077,0.000523,0.065399
1813,0,0.192013,0.000672,0.807315
1814,0,0.776176,0.000816,0.223008
1815,0,0.761936,0.000863,0.237202
1816,0,0.071864,0.000636,0.927500
1817,0,0.236125,0.000977,0.762898
1818,0,0.920201,0.001415,0.078384
1819,0,0.821030,0.000918,0.178052
1820,0,0.001452,0.000207,0.998340
1821,1,0.818860,0.002399,0.178741
1822,1,0.071189,0.000453,0.928358
1823,1,0.002532,0.000218,0.997250
1824,1,0.981109,0.000565,0.018326
1825,1,0.001802,0.000194,0.998003
1826,1,0.989338,0.001489,0.009173
1827,1,0.954197,0.000558,0.045245
1828,0,0.032614,0.000699,0.966687
1829,0,0.994128,0.000541,0.005332
1830,1,0.049687,0.000508,0.949805
1831,1,0.940133,0.000842,0.059025
1832,1,0.921347,0.025928,0.052725
1833,1,0.516229,0.004507,0.479264
1834,1,0.272394,0.000823,0.726783
1835,0,0.756472,0.001389,0.242140
1836,0,0.000429,0.000268,0.999304
1837,1,0.204070,0.001133,0.794797
1838,1,0.762746,0.001099,0.236154
1839,1,0.610582,0.001464,0.387954
1840,1,0.717970,0.000976,0.281053
1841,1,0.992271,0.000500,0.007229
1842,1,0.995288,0.000648,0.004064
1843,1,0.963066,0.000713,0.036222
1844,1,0.925622,0.001438,0.072940
1845,1,0.994763,0.000626,0.004611
1846,0,0.010750,0.000413,0.988837
1847,1,0.974589,0.000606,0.024805
1848,1,0.049889,0.000485,0.949626
1849,1,0.773045,0.001568,0.225387
1850,1,0.982219,0.000481,0.017300
1851,1,0.247748,0.001930,0.750322
1852,1,0.954446,0.001010,0.044543
1853,1,0.780345,0.004309,0.215347
1854,1,0.876829,0.001250,0.121921
1855,1,0.998187,0.000909,0.000904
1856,1,0.030612,0.000505,0.968883
1857,1,0.993913,0.000760,0.005327
1858,1,0.989221,0.000586,0.010193
1859,1,0.995639,0.001148,0.003213
1860,1,0.876742,0.002735,0.120523
1861,1,0.032927,0.806719,0.160354
1862,1,0.992415,0.002243,0.005342
1863,1,0.109785,0.801355,0.088861
1864,0,0.022319,0.000808,0.976873
1865,1,0.631604,0.348586,0.019811
1866,1,0.995915,0.002538,0.001547
1867,1,0.857110,0.136883,0.006007
1868,1,0.518468,0.000967,0.480564
1869,1,0.269687,0.002017,0.728296
1870,1,0.140397,0.000901,0.858703
1871,1,0.962694,0.000855,0.036451
1872,1,0.000563,0.000206,0.999232
1873,1,0.184527,0.002718,0.812755
1874,0,0.256778,0.001620,0.741602
1875,0,0.410344,0.000828,0.588829
1876,0,0.409554,0.001601,0.588845
1877,0,0.952351,0.001160,0.046490
1878,0,0.069922,0.000566,0.929513
1879,0,0.022295,0.000273,0.977432
1880,0,0.009927,0.000306,0.989766
1881,0,0.178007,0.000990,0.821003
1882,0,0.083350,0.000501,0.916149
1883,0,0.356448,0.001482,0.642069
1884,0,0.025108,0.000297,0.974595
1885,0,0.001211,0.000260,0.998528
1886,0,0.000681,0.000218,0.999101
1887,0,0.120428,0.000825,0.878748
1888,0,0.069458,0.000551,0.929992
1889,0,0.001195,0.000198,0.998607
1890,0,0.936126,0.000872,0.063001
1891,0,0.084451,0.000724,0.914825
1892,0,0.612690,0.000947,0.386363
1893,0,0.888884,0.000610,0.110506
1894,0,0.631358,0.000733,0.367909
1895,0,0.005838,0.000215,0.993947
1896,0,0.035140,0.000491,0.964369
1897,0,0.005454,0.000203,0.994344
1898,0,0.009732,0.006921,0.983347
1899,0,0.410342,0.000776,0.588881
1900,0,0.001448,0.000254,0.998298
1901,0,0.310140,0.001408,0.688452
1902,0,0.015446,0.000378,0.984176
1903,0,0.733516,0.001276,0.265208
1904,0,0.000807,0.000197,0.998997
1905,0,0.654371,0.003619,0.342010
1906,0,0.006421,0.001079,0.992500
1907,0,0.852081,0.004359,0.143561
1908,0,0.147363,0.000684,0.851953
1909,0,0.970571,0.000555,0.028873
1910,0,0.909211,0.001227,0.089562
1911,0,0.941611,0.000583,0.057806
1912,0,0.074951,0.242880,0.682169
1913,0,0.125573,0.008146,0.866280
1914,0,0.700661,0.003780,0.295559
1915,0,0.188620,0.002689,0.808691
1916,0,0.000761,0.000201,0.999038
1917,0,0.287675,0.000983,0.711342
1918,0,0.115683,0.001106,0.883211
1919,0,0.993293,0.000482,0.006225
1920,0,0.789200,0.000531,0.210269
1921,0,0.313972,0.003105,0.682922
1922,0,0.001483,0.000214,0.998303
1923,0,0.111070,0.029831,0.859098
1924,0,0.590452,0.000966,0.408581
1925,0,0.304173,0.001414,0.694413
1926,0,0.015660,0.000982,0.983359
1927,0,0.868847,0.001477,0.129676
1928,0,0.001652,0.000275,0.998073
1929,0,0.987362,0.000661,0.011977
1930,0,0.009316,0.000448,0.990235
1931,0,0.128623,0.002754,0.868623
1932,0,0.001030,0.000188,0.998781
1933,0,0.001009,0.000212,0.998779
1934,0,0.001046,0.000219,0.998735
1935,0,0.893784,0.002260,0.103956
1936,0,0.025652,0.001149,0.973199
1937,0,0.954854,0.004644,0.040503
1938,0,0.985969,0.001001,0.013031
1939,0,0.974785,0.000817,0.024398
1940,0,0.705108,0.001097,0.293796
1941,0,0.040493,0.004874,0.954633
1942,0,0.942041,0.000719,0.057240
1943,0,0.000453,0.000227,0.999320
1944,0,0.003456,0.000247,0.996298
1945,0,0.000558,0.000268,0.999174
1946,0,0.351928,0.001136,0.646935
1947,0,0.000480,0.000231,0.999289
1948,0,0.004500,0.000257,0.995243
1949,0,0.941940,0.000563,0.057497
1950,0,0.094363,0.578816,0.326821
1951,0,0.198361,0.001817,0.799821
1952,0,0.971312,0.000671,0.028017
1953,0,0.993997,0.000489,0.005514
1954,0,0.002049,0.000507,0.997444
1955,0,0.822529,0.003663,0.173808
1956,0,0.606649,0.001227,0.392124
1957,0,0.303550,0.001422,0.695028
1958,0,0.044047,0.000651,0.955302
1959,0,0.098391,0.001125,0.900484
1960,0,0.417706,0.001100,0.581194
1961,0,0.121817,0.000534,0.877649
1962,1,0.568082,0.006422,0.425496
1963,0,0.005568,0.000211,0.994221
1964,1,0.991601,0.006190,0.002209
1965,0,0.003977,0.000197,0.995826
1966,1,0.031974,0.000392,0.967635
1967,1,0.995123,0.000358,0.004518
1968,1,0.135475,0.000549,0.863977
1969,0,0.000599,0.000417,0.998984
1970,0,0.011858,0.000238,0.987904
1971,0,0.697247,0.000940,0.301813
1972,1,0.866705,0.002808,0.130487
1973,0,0.602216,0.000999,0.396784
1974,1,0.932458,0.000506,0.067036
1975,0,0.646724,0.001079,0.352197
1976,1,0.696993,0.000805,0.302202
1977,1,0.993769,0.000767,0.005464
1978,1,0.788262,0.003697,0.208041
1979,0,0.930991,0.001831,0.067177
1980,0,0.205668,0.001607,0.792725
1981,0,0.029588,0.000322,0.970090
1982,1,0.992274,0.001714,0.006011
1983,0,0.003758,0.000373,0.995869
1984,0,0.018076,0.000404,0.981520
1985,0,0.897677,0.000786,0.101537
1986,0,0.880892,0.000575,0.118533
1987,0,0.001043,0.000234,0.998723
1988,0,0.990083,0.000501,0.009416
1989,0,0.003655,0.000268,0.996076
1990,0,0.008622,0.000237,0.991141
1991,0,0.042968,0.001229,0.955803
1992,1,0.994009,0.000470,0.005522
1993,0,0.985154,0.002090,0.012756
1994,1,0.250748,0.000782,0.748471
1995,0,0.623703,0.000769,0.375529
1996,0,0.159351,0.001675,0.838974
1997,0,0.001732,0.000425,0.997843
1998,0,0.218237,0.000719,0.781043
1999,0,0.332157,0.003532,0.664310
2000,0,0.087700,0.000446,0.911855
2001,0,0.000372,0.000317,0.999311
2002,1,0.299465,0.001240,0.699295
2003,0,0.040729,0.000413,0.958858
2004,1,0.561426,0.420130,0.018444
2005,1,0.998149,0.001146,0.000706
2006,1,0.007041,0.001578,0.991381
2007,1,0.860691,0.002888,0.136421
2008,0,0.000953,0.000218,0.998830
2009,0,0.452373,0.001020,0.546608
2010,1,0.997023,0.000856,0.002121
2011,0,0.607526,0.001082,0.391392
2012,1,0.993752,0.000556,0.005692
2013,0,0.001016,0.000198,0.998786
2014,1,0.985130,0.000855,0.014016
2015,1,0.686454,0.001102,0.312444
2016,0,0.015252,0.000747,0.984001
2017,0,0.002286,0.000231,0.997483
2018,1,0.980350,0.000442,0.019209
2019,1,0.983224,0.000570,0.016206
2020,1,0.975315,0.000917,0.023769
2021,0,0.997295,0.000616,0.002089
2022,0,0.768707,0.001631,0.229662
2023,0,0.978374,0.000547,0.021079
2024,0,0.896689,0.000665,0.102645
2025,1,0.901053,0.001501,0.097446
2026,1,0.905175,0.000701,0.094124
2027,0,0.012097,0.000471,0.987432
2028,0,0.017847,0.037374,0.944779
2029,0,0.044029,0.000573,0.955398
2030,0,0.981391,0.000781,0.017828
2031,0,0.991302,0.000434,0.008264
2032,1,0.513536,0.003326,0.483138
2033,1,0.796777,0.000724,0.202499
2034,1,0.935829,0.001794,0.062378
2035,0,0.697142,0.006737,0.296121
2036,0,0.679064,0.001083,0.319852
2037,1,0.662960,0.001363,0.335677
2038,0,0.397024,0.001080,0.601896
2039,1,0.029466,0.000339,0.970195
2040,1,0.997359,0.000478,0.002164
2041,1,0.646922,0.001913,0.351166
2042,1,0.192152,0.000797,0.807051
2043,1,0.132623,0.672538,0.194838
2044,0,0.791485,0.001183,0.207332
2045,0,0.306797,0.001800,0.691403
2046,0,0.003823,0.000237,0.995940
2047,1,0.480585,0.001107,0.518308
2048,0,0.682699,0.002140,0.315161
2049,0,0.076678,0.000482,0.922840
2050,0,0.062489,0.000628,0.936883
2051,0,0.970536,0.000590,0.028874
2052,0,0.023151,0.000338,0.976511
2053,0,0.534594,0.001055,0.464351
2054,0,0.000630,0.000260,0.999111
2055,1,0.399913,0.001868,0.598219
2056,1,0.996402,0.000589,0.003009
2057,0,0.009733,0.000900,0.989368
2058,0,0.000360,0.000262,0.999378
2059,0,0.741560,0.001698,0.256742
2060,0,0.167149,0.006850,0.826001
2061,1,0.904198,0.000757,0.095045
2062,1,0.664025,0.001441,0.334535
2063,1,0.812662,0.001203,0.186136
2064,0,0.961806,0.000557,0.037637
2065,0,0.007080,0.000294,0.992626
2066,0,0.871919,0.000567,0.127514
2067,0,0.000435,0.000223,0.999342
2068,0,0.839382,0.000788,0.159829
2069,0,0.934399,0.001679,0.063922
2070,1,0.987148,0.001253,0.011599
2071,0,0.035271,0.000823,0.963906
2072,0,0.083692,0.001993,0.914315
2073,1,0.984266,0.000804,0.014930
2074,0,0.105100,0.002695,0.892205
2075,1,0.095105,0.000780,0.904115
2076,0,0.000623,0.000212,0.999166
2077,1,0.978066,0.000833,0.021101
2078,1,0.939915,0.000843,0.059242
2079,1,0.978623,0.000760,0.020617
2080,1,0.027107,0.000401,0.972492
2081,0,0.001759,0.000279,0.997962
2082,0,0.899880,0.000751,0.099368
2083,0,0.000808,0.000280,0.998911
2084,0,0.044965,0.001304,0.953730
2085,0,0.000656,0.000420,0.998924
2086,1,0.996815,0.000501,0.002684
2087,0,0.709288,0.001481,0.289231
2088,1,0.308623,0.000917,0.690459
2089,1,0.923108,0.000833,0.076060
2090,1,0.988641,0.000772,0.010587
2091,0,0.017136,0.000288,0.982576
2092,0,0.004121,0.000263,0.995616
2093,0,0.008082,0.000243,0.991675
2094,1,0.008009,0.389550,0.602441
2095,1,0.984074,0.001227,0.014698
2096,0,0.214495,0.001035,0.784470
2097,0,0.252055,0.000904,0.747041
2098,1,0.253371,0.001622,0.745007
2099,1,0.341629,0.173249,0.485122
2100,1,0.983488,0.000711,0.015801
2101,0,0.921264,0.001770,0.076967
2102,0,0.933633,0.001647,0.064720
2103,0,0.000663,0.000192,0.999144
2104,0,0.995727,0.000522,0.003751
2105,0,0.757717,0.001764,0.240520
2106,0,0.078193,0.000661,0.921146
2107,1,0.981472,0.000634,0.017894
2108,0,0.288049,0.006434,0.705516
2109,0,0.067356,0.001657,0.930987
2110,1,0.005580,0.000432,0.993989
2111,1,0.042521,0.000658,0.956821
2112,1,0.033630,0.000529,0.965840
2113,1,0.959284,0.001539,0.039177
2114,1,0.987238,0.000762,0.011999
2115,1,0.005123,0.000246,0.994631
2116,0,0.684535,0.001070,0.314395
2117,0,0.964434,0.000846,0.034720
2118,1,0.278869,0.000852,0.720279
2119,1,0.050410,0.000395,0.949195
2120,0,0.004985,0.000561,0.994454
2121,0,0.087884,0.000596,0.911520
2122,1,0.850620,0.001240,0.148140
2123,0,0.001997,0.110247,0.887756
2124,1,0.918841,0.000708,0.080451
2125,1,0.012608,0.000292,0.987100
2126,0,0.143076,0.000514,0.856411
2127,0,0.996592,0.000455,0.002953
2128,0,0.848718,0.001448,0.149834
2129,0,0.954668,0.000679,0.044653
2130,1,0.779887,0.007424,0.212689
2131,0,0.598241,0.002179,0.399580
2132,1,0.260449,0.629421,0.110129
2133,1,0.299220,0.001281,0.699500
2134,1,0.064608,0.000651,0.934741
2135,1,0.025226,0.000415,0.974359
2136,0,0.045429,0.002701,0.951870
2137,0,0.991659,0.000670,0.007671
2138,1,0.991722,0.000599,0.007678
2139,0,0.050480,0.001065,0.948455
2140,0,0.058341,0.001086,0.940574
2141,1,0.944956,0.001034,0.054010
2142,0,0.000850,0.000204,0.998946
2143,1,0.995426,0.000749,0.003825
2144,1,0.000563,0.000230,0.999208
2145,0,0.486406,0.454624,0.058970
2146,0,0.996798,0.000790,0.002413
2147,0,0.001302,0.000200,0.998497
2148,1,0.228933,0.005578,0.765489
2149,1,0.986063,0.001313,0.012625
2150,0,0.003059,0.218011,0.778930
2151,0,0.894885,0.001425,0.103689
2152,1,0.986552,0.001067,0.012381
2153,1,0.777871,0.001217,0.220912
2154,1,0.995037,0.000680,0.004282
2155,0,0.922180,0.001330,0.076490
2156,1,0.971609,0.000985,0.027406
2157,0,0.099115,0.000570,0.900314
2158,0,0.979443,0.001429,0.019128
2159,1,0.026845,0.000405,0.972750
2160,1,0.990100,0.000483,0.009417
2161,0,0.002153,0.000245,0.997602
2162,0,0.001048,0.000198,0.998754
2163,0,0.001304,0.001189,0.997506
2164,0,0.410430,0.001037,0.588533
2165,1,0.074464,0.000536,0.925000
2166,0,0.973052,0.000861,0.026087
2167,1,0.987330,0.000885,0.011785
2168,0,0.001142,0.000296,0.998562
2169,1,0.995408,0.000564,0.004028
2170,0,0.035553,0.000982,0.963464
2171,1,0.418467,0.000965,0.580568
2172,0,0.395156,0.002244,0.602600
2173,0,0.070306,0.000918,0.928776
2174,0,0.931948,0.000571,0.067482
2175,1,0.998057,0.000515,0.001428
2176,0,0.533956,0.001587,0.464457
2177,1,0.883676,0.000710,0.115615
2178,1,0.603429,0.001139,0.395433
2179,0,0.274710,0.000795,0.724496
2180,1,0.995990,0.000459,0.003550
2181,0,0.886349,0.000870,0.112782
2182,0,0.528575,0.001035,0.470390
2183,0,0.000767,0.000266,0.998966
2184,0,0.990324,0.000691,0.008984
2185,1,0.993286,0.000680,0.006034
2186,1,0.940948,0.000862,0.058190
2187,1,0.061071,0.000810,0.938119
2188,1,0.998083,0.001103,0.000814
2189,0,0.032015,0.199619,0.768366
2190,0,0.902000,0.002016,0.095984
2191,0,0.028008,0.000772,0.971220
2192,0,0.174005,0.000952,0.825043
2193,0,0.376860,0.001336,0.621803
2194,0,0.995923,0.000420,0.003657
2195,0,0.304414,0.003801,0.691785
2196,0,0.996681,0.000416,0.002902
2197,0,0.000269,0.000341,0.999390
2198,0,0.000577,0.000318,0.999105
2199,1,0.001557,0.000189,0.998254
2200,0,0.910264,0.000951,0.088784
2201,0,0.748625,0.002072,0.249303
2202,0,0.577371,0.001195,0.421434
2203,0,0.007703,0.000530,0.991767
2204,1,0.981720,0.001123,0.017157
2205,1,0.770992,0.002041,0.226967
2206,0,0.777383,0.000733,0.221884
2207,1,0.992940,0.000571,0.006489
2208,0,0.002203,0.000176,0.997621
2209,1,0.991514,0.000671,0.007814
2210,1,0.981817,0.000795,0.017389
2211,1,0.425623,0.052354,0.522024
2212,1,0.020258,0.127638,0.852104
2213,1,0.995376,0.000603,0.004021
2214,1,0.575842,0.000954,0.423204
2215,1,0.940619,0.000547,0.058834
2216,1,0.837753,0.001696,0.160551
2217,0,0.000782,0.000210,0.999008
2218,1,0.924357,0.000558,0.075085
2219,1,0.988161,0.000410,0.011429
2220,0,0.034608,0.001036,0.964357
2221,0,0.036459,0.001570,0.961971
2222,0,0.001917,0.000262,0.997822
2223,0,0.263474,0.001102,0.735424
2224,0,0.047278,0.000788,0.951934
2225,1,0.996349,0.000677,0.002974
2226,0,0.202081,0.001121,0.796799
2227,1,0.401455,0.000736,0.597809
2228,0,0.002457,0.000190,0.997353
2229,0,0.429174,0.000871,0.569955
2230,0,0.196181,0.001213,0.802605
2231,1,0.433849,0.001318,0.564833
2232,0,0.997851,0.000611,0.001538
2233,0,0.003786,0.000226,0.995988
2234,1,0.878784,0.001096,0.120120
2235,0,0.210512,0.595147,0.194341
2236,0,0.948193,0.000594,0.051213
2237,0,0.980305,0.000998,0.018697
2238,0,0.997545,0.000759,0.001696
2239,0,0.321048,0.000745,0.678208
2240,1,0.075287,0.701419,0.223294
2241,0,0.393457,0.004962,0.601582
2242,0,0.996541,0.000604,0.002855
2243,0,0.263339,0.003062,0.733599
2244,0,0.959921,0.001181,0.038897
2245,1,0.197427,0.000742,0.801831
2246,0,0.337352,0.001107,0.661541
2247,0,0.006666,0.000285,0.993049
2248,0,0.042900,0.001164,0.955936
2249,1,0.738660,0.000896,0.260444
2250,1,0.899913,0.000630,0.099457
2251,0,0.724609,0.002727,0.272664
2252,0,0.056590,0.521007,0.422403
2253,1,0.074055,0.000550,0.925396
2254,0,0.104239,0.001869,0.893892
2255,1,0.768440,0.000800,0.230760
2256,0,0.006334,0.000479,0.993187
2257,0,0.896101,0.001187,0.102712
2258,0,0.057480,0.077363,0.865157
2259,0,0.041547,0.083663,0.874790
2260,0,0.006971,0.000418,0.992610
2261,0,0.166545,0.006412,0.827043
2262,1,0.995846,0.002619,0.001535
2263,1,0.869483,0.125155,0.005362
2264,1,0.295629,0.000720,0.703651
2265,1,0.947230,0.045625,0.007144
2266,1,0.750320,0.126103,0.123577
2267,1,0.889680,0.001014,0.109307
2268,1,0.936396,0.001507,0.062097
2269,1,0.002734,0.000265,0.997001
2270,1,0.974542,0.001948,0.023510
2271,1,0.964528,0.000735,0.034736
2272,1,0.723446,0.000715,0.275838
2273,1,0.768342,0.001370,0.230288
2274,1,0.472337,0.357512,0.170151
2275,1,0.580328,0.259823,0.159849
2276,1,0.826900,0.001661,0.171440
2277,1,0.827956,0.001822,0.170222
2278,1,0.124478,0.003391,0.872132
2279,1,0.151772,0.356973,0.491256
2280,1,0.268742,0.480729,0.250529
2281,1,0.509333,0.003015,0.487652
2282,1,0.434750,0.446850,0.118400
2283,1,0.067011,0.000419,0.932570
2284,0,0.000385,0.000235,0.999380
2285,0,0.000449,0.000266,0.999285
2286,0,0.000616,0.000184,0.999200
2287,1,0.554135,0.209077,0.236788
2288,1,0.000501,0.000236,0.999263
2289,1,0.001556,0.000314,0.998130
2290,1,0.173711,0.254959,0.571329
2291,1,0.474977,0.287002,0.238021
2292,1,0.042510,0.659383,0.298107
2293,1,0.989535,0.006331,0.004134
2294,1,0.934666,0.057456,0.007878
2295,1,0.930169,0.000464,0.069367
2296,1,0.316877,0.000696,0.682427
2297,1,0.577850,0.000638,0.421513
2298,1,0.927135,0.001066,0.071799
2299,1,0.937031,0.000501,0.062469
2300,1,0.995480,0.000551,0.003969
2301,1,0.997753,0.000583,0.001664
2302,1,0.982313,0.000754,0.016933
2303,1,0.992774,0.000596,0.006630
2304,1,0.992269,0.000584,0.007147
2305,1,0.991983,0.000578,0.007439
2306,1,0.987120,0.000586,0.012293
2307,1,0.996952,0.000588,0.002460
2308,1,0.794069,0.001372,0.204559
2309,1,0.995999,0.000553,0.003448
2310,1,0.922594,0.001247,0.076160
2311,1,0.997247,0.000541,0.002212
2312,1,0.995998,0.000509,0.003494
2313,1,0.860625,0.001484,0.137891
2314,1,0.995023,0.000596,0.004382
2315,1,0.917412,0.001286,0.081303
2316,1,0.995089,0.000553,0.004358
2317,1,0.885484,0.001248,0.113267
2318,1,0.015561,0.000401,0.984038
2319,1,0.003777,0.000341,0.995882
2320,1,0.257575,0.001015,0.741410
2321,1,0.997438,0.000897,0.001665
2322,1,0.997153,0.001489,0.001358
2323,1,0.991394,0.000614,0.007993
2324,1,0.989637,0.000832,0.009531
2325,1,0.997016,0.000678,0.002306
2326,1,0.888273,0.001373,0.110355
2327,1,0.997378,0.000781,0.001841
2328,1,0.996969,0.001357,0.001674
2329,1,0.981095,0.000675,0.018229
2330,1,0.961280,0.001156,0.037565
2331,1,0.991704,0.000660,0.007636
2332,1,0.871724,0.001533,0.126742
2333,1,0.990439,0.000576,0.008984
2334,1,0.981167,0.005649,0.013184
2335,1,0.975958,0.000510,0.023532
2336,1,0.957101,0.000554,0.042345
2337,1,0.735116,0.000656,0.264229
2338,1,0.990682,0.006515,0.002803
2339,1,0.972619,0.000467,0.026914
2340,1,0.031199,0.000362,0.968440
2341,1,0.452529,0.000727,0.546744
2342,1,0.994641,0.000601,0.004757
2343,1,0.994828,0.000673,0.004499
2344,1,0.989590,0.000506,0.009904
2345,1,0.996292,0.001306,0.002401
2346,1,0.946753,0.001355,0.051892
2347,1,0.995739,0.000577,0.003684
2348,1,0.976014,0.001929,0.022057
2349,1,0.991854,0.000692,0.007454
2350,1,0.996711,0.000793,0.002496
2351,1,0.995215,0.002998,0.001786
2352,1,0.937524,0.000539,0.061937
2353,1,0.914406,0.000580,0.085014
2354,1,0.862176,0.000650,0.137174
2355,1,0.995147,0.001018,0.003836
2356,1,0.996103,0.000857,0.003039
2357,1,0.940179,0.000543,0.059278
2358,1,0.996562,0.001524,0.001914
2359,1,0.996791,0.000721,0.002488
2360,1,0.997068,0.000550,0.002382
2361,1,0.471723,0.000933,0.527344
2362,1,0.352747,0.000858,0.646395
2363,1,0.256327,0.000703,0.742970
2364,1,0.011634,0.003090,0.985276
2365,1,0.121881,0.001927,0.876192
2366,1,0.168145,0.001385,0.830469
2367,1,0.967515,0.001057,0.031427
2368,1,0.669212,0.014322,0.316466
2369,1,0.289699,0.070767,0.639534
2370,0,0.207512,0.000590,0.791898
2371,0,0.131952,0.000467,0.867581
2372,0,0.454323,0.000685,0.544992
2373,0,0.536857,0.000667,0.462476
2374,0,0.613482,0.000744,0.385773
2375,0,0.065755,0.000384,0.933860
2376,0,0.056204,0.000393,0.943403
2377,0,0.230727,0.227849,0.541423
2378,0,0.144114,0.025589,0.830297
2379,0,0.316325,0.094775,0.588900
2380,0,0.000424,0.000240,0.999336
2381,0,0.000243,0.000437,0.999319
2382,0,0.000875,0.000226,0.998900
2383,0,0.002085,0.004689,0.993226
2384,0,0.000358,0.000246,0.999396
2385,0,0.873755,0.003702,0.122543
2386,1,0.001153,0.000292,0.998555
2387,1,0.000865,0.000242,0.998892
2388,1,0.783928,0.000758,0.215314
2389,1,0.321612,0.000873,0.677515
2390,1,0.008344,0.000321,0.991334
2391,1,0.006468,0.000315,0.993217
2392,1,0.218767,0.000655,0.780578
2393,1,0.616400,0.000833,0.382767
2394,1,0.909422,0.000749,0.089829
2395,1,0.610430,0.000761,0.388809
2396,1,0.914037,0.000624,0.085339
2397,1,0.463108,0.000830,0.536062
2398,1,0.067432,0.000484,0.932083
2399,1,0.524990,0.000888,0.474122
2400,0,0.001340,0.000189,0.998471
2401,0,0.001453,0.000205,0.998343
2402,0,0.008333,0.000257,0.991410
2403,1,0.006579,0.000274,0.993146
2404,1,0.032888,0.000397,0.966715
2405,1,0.031457,0.000363,0.968179
2406,1,0.011213,0.000298,0.988489
2407,1,0.004621,0.000314,0.995065
2408,1,0.103746,0.000582,0.895672
2409,1,0.997947,0.001078,0.000975
2410,1,0.997215,0.001838,0.000948
2411,1,0.996216,0.000580,0.003203
2412,1,0.989287,0.000666,0.010047
2413,1,0.994957,0.000574,0.004469
2414,1,0.997613,0.000729,0.001658
2415,1,0.997975,0.000702,0.001322
2416,1,0.991803,0.000571,0.007626
2417,0,0.359041,0.001225,0.639734
2418,0,0.462920,0.001283,0.535797
2419,0,0.367006,0.001372,0.631622
2420,1,0.972567,0.000737,0.026695
2421,1,0.016721,0.000700,0.982579
2422,1,0.924918,0.000832,0.074250
2423,1,0.972567,0.000737,0.026695
2424,1,0.259212,0.001990,0.738799
2425,1,0.993894,0.000568,0.005538
2426,1,0.001159,0.000201,0.998641
2427,1,0.982658,0.000731,0.016611
2428,1,0.993875,0.000667,0.005458
2429,1,0.970051,0.000890,0.029059
2430,1,0.973738,0.000883,0.025379
2431,1,0.981817,0.000719,0.017464
2432,1,0.860971,0.001234,0.137795
2433,1,0.997002,0.001655,0.001343
2434,0,0.001412,0.000222,0.998366
2435,0,0.000702,0.000265,0.999034
2436,0,0.002532,0.000222,0.997246
2437,0,0.073440,0.000586,0.925974
2438,0,0.070248,0.000568,0.929184
2439,1,0.731483,0.001116,0.267401
2440,1,0.001500,0.000251,0.998249
2441,1,0.508611,0.000963,0.490426
2442,1,0.912721,0.000780,0.086499
2443,1,0.954116,0.000673,0.045211
2444,1,0.950016,0.000936,0.049047
2445,1,0.974396,0.000591,0.025013
2446,1,0.977184,0.000700,0.022116
2447,1,0.508018,0.002171,0.489810
2448,1,0.797211,0.001097,0.201692
2449,1,0.008899,0.000331,0.990770
2450,1,0.343340,0.063890,0.592770
2451,1,0.996366,0.000870,0.002764
2452,1,0.980299,0.014864,0.004836
2453,1,0.951762,0.042610,0.005628
2454,1,0.994794,0.000431,0.004775
2455,0,0.657153,0.001733,0.341114
2456,1,0.015736,0.004667,0.979597
2457,1,0.044468,0.152236,0.803296
2458,1,0.844857,0.014855,0.140288
2459,1,0.987315,0.001220,0.011465
2460,1,0.442672,0.053753,0.503575
2461,1,0.987910,0.000789,0.011301
2462,1,0.883174,0.015035,0.101791
2463,1,0.986559,0.010730,0.002711
2464,1,0.002765,0.000345,0.996890
2465,1,0.892159,0.000955,0.106886
2466,1,0.983748,0.000664,0.015588
2467,1,0.997463,0.000532,0.002006
2468,1,0.001679,0.000252,0.998069
2469,0,0.104353,0.000903,0.894744
2470,0,0.001572,0.000210,0.998218
2471,1,0.996714,0.000533,0.002753
2472,0,0.001706,0.001707,0.996587
2473,1,0.972622,0.000535,0.026843
2474,1,0.870799,0.027826,0.101375
2475,1,0.988257,0.000672,0.011070
2476,1,0.038278,0.029673,0.932049
2477,1,0.927899,0.010530,0.061571
2478,1,0.643021,0.003308,0.353670
2479,1,0.028567,0.000418,0.971015
2480,0,0.001800,0.050269,0.947932
2481,1,0.000702,0.000339,0.998959
2482,1,0.010750,0.000297,0.988953
2483,1,0.882921,0.009752,0.107327
2484,0,0.015134,0.304608,0.680259
2485,0,0.365837,0.002511,0.631653
2486,0,0.007601,0.001835,0.990564
2487,0,0.631792,0.000636,0.367572
2488,0,0.112608,0.043120,0.844271
2489,1,0.000740,0.001733,0.997527
2490,1,0.004525,0.001199,0.994275
2491,1,0.000943,0.000416,0.998640
2492,1,0.000511,0.000693,0.998797
2493,1,0.006643,0.001113,0.992244
2494,1,0.034588,0.000866,0.964546
2495,1,0.002787,0.000825,0.996388
2496,1,0.002458,0.000580,0.996962
2497,1,0.000657,0.000556,0.998787
2498,1,0.003511,0.000714,0.995774
2499,0,0.000597,0.000363,0.999040
2500,1,0.002595,0.000337,0.997068
2501,1,0.002747,0.001339,0.995914
2502,0,0.000323,0.000272,0.999405
2503,0,0.000587,0.000196,0.999218
2504,0,0.111482,0.033063,0.855455
2505,0,0.002933,0.000644,0.996423
2506,0,0.270348,0.303758,0.425893
2507,0,0.405325,0.001181,0.593494
2508,0,0.890172,0.000883,0.108945
2509,1,0.991899,0.000581,0.007520
2510,1,0.959601,0.000849,0.039550
2511,1,0.989695,0.000606,0.009699
2512,1,0.991445,0.000637,0.007918
2513,1,0.285349,0.001030,0.713622
2514,1,0.612987,0.001042,0.385970
2515,1,0.166007,0.000868,0.833125
2516,1,0.278833,0.001138,0.720028
2517,1,0.428920,0.001111,0.569969
2518,1,0.115390,0.000728,0.883883
2519,1,0.067378,0.000531,0.932091
2520,1,0.014729,0.000319,0.984952
2521,1,0.078524,0.000337,0.921139
2522,1,0.729433,0.000891,0.269677
2523,1,0.226565,0.000954,0.772480
2524,1,0.293200,0.000890,0.705910
2525,1,0.127147,0.000809,0.872044
2526,1,0.511679,0.001121,0.487200
2527,1,0.819638,0.000698,0.179664
2528,1,0.695561,0.000782,0.303656
2529,0,0.423623,0.001393,0.574984
2530,0,0.752370,0.000870,0.246760
2531,0,0.368922,0.000902,0.630176
2532,0,0.764960,0.000894,0.234146
2533,0,0.636117,0.000857,0.363026
2534,0,0.988204,0.000534,0.011262
2535,0,0.987157,0.000543,0.012300
2536,0,0.985038,0.000567,0.014395
2537,0,0.965610,0.000532,0.033857
2538,0,0.879604,0.000774,0.119622
2539,0,0.966068,0.000666,0.033267
2540,0,0.013220,0.000282,0.986498
2541,0,0.001996,0.000323,0.997681
2542,0,0.000415,0.000691,0.998895
2543,0,0.072697,0.867910,0.059393
2544,0,0.028548,0.861701,0.109751
2545,0,0.009177,0.769274,0.221549
2546,0,0.000799,0.004354,0.994847
2547,0,0.007553,0.000252,0.992195
2548,0,0.991112,0.001490,0.007398
2549,0,0.014721,0.001224,0.984056
2550,0,0.729799,0.002557,0.267644
2551,0,0.980206,0.001411,0.018383
2552,0,0.953673,0.012556,0.033771
2553,0,0.013154,0.000243,0.986603
2554,0,0.627050,0.000549,0.372401
2555,0,0.276597,0.000947,0.722457
2556,1,0.994711,0.000467,0.004822
2557,1,0.000524,0.000235,0.999242
2558,1,0.001016,0.000187,0.998797
2559,1,0.001409,0.000301,0.998290
2560,1,0.000588,0.000209,0.999202
2561,1,0.000727,0.000206,0.999067
2562,1,0.001048,0.000179,0.998773
2563,0,0.389268,0.001098,0.609634
2564,0,0.878609,0.001805,0.119586
2565,0,0.832970,0.003672,0.163358
2566,0,0.005874,0.000297,0.993830
2567,0,0.085798,0.001014,0.913188
2568,0,0.815383,0.010396,0.174221
2569,0,0.922046,0.001223,0.076731
2570,0,0.863590,0.001830,0.134580
2571,0,0.067554,0.024275,0.908171
2572,0,0.053337,0.000715,0.945948
2573,0,0.243545,0.001273,0.755182
2574,0,0.732061,0.001929,0.266010
2575,0,0.444387,0.001090,0.554523
2576,0,0.715744,0.001152,0.283105
2577,0,0.901726,0.004829,0.093444
2578,0,0.000542,0.000216,0.999242
2579,0,0.001142,0.000257,0.998602
2580,1,0.153355,0.001179,0.845466
2581,1,0.002159,0.000230,0.997611
2582,1,0.001516,0.000212,0.998271
2583,1,0.002116,0.000210,0.997674
2584,1,0.964330,0.000949,0.034721
2585,1,0.001205,0.000267,0.998528
2586,1,0.000695,0.000232,0.999073
2587,1,0.008110,0.000224,0.991666
2588,1,0.000928,0.000227,0.998845
2589,1,0.077674,0.000718,0.921607
2590,1,0.323608,0.001843,0.674549
2591,1,0.002056,0.000236,0.997708
2592,1,0.001770,0.000220,0.998010
2593,1,0.003005,0.000354,0.996641
2594,1,0.005678,0.000239,0.994083
2595,1,0.037632,0.000292,0.962076
2596,1,0.014664,0.000454,0.984882
2597,1,0.036048,0.000470,0.963481
2598,1,0.014447,0.000215,0.985338
2599,1,0.001574,0.000168,0.998259
2600,1,0.013365,0.584178,0.402457
2601,1,0.002862,0.000224,0.996914
2602,1,0.760303,0.001382,0.238315
2603,1,0.014534,0.000333,0.985133
2604,1,0.959043,0.003669,0.037288
2605,1,0.000737,0.000195,0.999069
2606,1,0.837481,0.001221,0.161298
2607,1,0.989962,0.004408,0.005630
2608,1,0.000657,0.000216,0.999127
2609,1,0.017760,0.000369,0.981871
2610,1,0.772691,0.061165,0.166144
2611,1,0.987260,0.006833,0.005907
2612,1,0.571108,0.366064,0.062827
2613,1,0.990095,0.000414,0.009491
2614,1,0.996227,0.000943,0.002830
2615,1,0.994237,0.001517,0.004246
2616,1,0.996151,0.000475,0.003374
2617,1,0.978766,0.018276,0.002958
2618,1,0.993322,0.000564,0.006114
2619,1,0.996984,0.000866,0.002150
2620,1,0.962015,0.000445,0.037541
2621,1,0.990428,0.000547,0.009025
2622,1,0.987549,0.001333,0.011119
2623,1,0.992226,0.000389,0.007385
2624,1,0.934290,0.013391,0.052319
2625,1,0.910426,0.012688,0.076887
2626,1,0.829006,0.000879,0.170115
2627,1,0.992342,0.000661,0.006997
2628,1,0.961635,0.000749,0.037616
2629,1,0.859909,0.000901,0.139191
2630,1,0.997526,0.001727,0.000746
2631,1,0.993634,0.000681,0.005685
2632,1,0.994529,0.000647,0.004824
2633,1,0.991753,0.000657,0.007591
2634,1,0.735619,0.155700,0.108681
2635,1,0.948584,0.019952,0.031464
2636,1,0.952040,0.000794,0.047166
2637,1,0.985477,0.007360,0.007163
2638,1,0.014917,0.000642,0.984441
2639,1,0.009001,0.000347,0.990651
2640,1,0.992200,0.000490,0.007309
2641,1,0.997118,0.001070,0.001812
2642,1,0.923028,0.069768,0.007204
2643,1,0.997837,0.000738,0.001425
2644,1,0.997945,0.001059,0.000995
2645,1,0.992223,0.001042,0.006735
2646,1,0.997685,0.000697,0.001617
2647,0,0.001790,0.000225,0.997985
2648,0,0.740161,0.082189,0.177650
2649,0,0.001969,0.000160,0.997871
2650,0,0.001314,0.000237,0.998449
2651,0,0.004675,0.000605,0.994720
2652,0,0.001354,0.000631,0.998015
2653,0,0.188938,0.202560,0.608502
2654,0,0.052158,0.036546,0.911296
2655,0,0.080713,0.032053,0.887234
2656,0,0.061038,0.043814,0.895148
2657,0,0.100467,0.517219,0.382314
2658,0,0.002950,0.000732,0.996318
2659,0,0.322615,0.083721,0.593665
2660,0,0.227526,0.116060,0.656414
2661,0,0.061397,0.041965,0.896638
2662,0,0.231700,0.045733,0.722567
2663,0,0.089154,0.357726,0.553120
2664,0,0.000738,0.000566,0.998696
2665,0,0.007491,0.001202,0.991307
2666,0,0.000286,0.000677,0.999038
2667,0,0.000760,0.000184,0.999056
2668,0,0.000559,0.000215,0.999225
2669,0,0.000330,0.000250,0.999420
2670,0,0.000310,0.000261,0.999429
2671,0,0.000265,0.000304,0.999431
2672,0,0.000849,0.000222,0.998929
2673,0,0.001724,0.000219,0.998057
2674,0,0.016843,0.000425,0.982732
2675,0,0.000324,0.000335,0.999342
2676,0,0.183277,0.024446,0.792277
2677,0,0.028140,0.865897,0.105963
2678,0,0.000326,0.000249,0.999425
2679,0,0.008275,0.735797,0.255928
2680,0,0.299681,0.625259,0.075060
2681,0,0.788222,0.001470,0.210309
2682,0,0.524955,0.001363,0.473682
2683,0,0.130267,0.000926,0.868807
2684,0,0.353619,0.001343,0.645039
2685,0,0.991768,0.005052,0.003180
2686,0,0.002434,0.000380,0.997186
2687,0,0.201641,0.374386,0.423973
2688,0,0.002194,0.007175,0.990631
2689,0,0.000343,0.000240,0.999417
2690,0,0.008407,0.000394,0.991199
2691,0,0.000377,0.000230,0.999393
2692,0,0.000363,0.000296,0.999341
2693,0,0.000555,0.000229,0.999215
2694,1,0.563171,0.000681,0.436148
2695,1,0.493047,0.001549,0.505403
2696,1,0.739411,0.003184,0.257405
2697,1,0.988058,0.001312,0.010630
2698,1,0.587029,0.013085,0.399886
2699,1,0.981834,0.000525,0.017641
2700,1,0.973532,0.000463,0.026005
2701,1,0.966398,0.000612,0.032990
2702,1,0.984387,0.000568,0.015045
2703,0,0.002018,0.000259,0.997723
2704,1,0.996890,0.000985,0.002125
2705,1,0.997472,0.001037,0.001491
2706,0,0.037996,0.302467,0.659537
2707,0,0.001682,0.358243,0.640076
2708,0,0.019046,0.000510,0.980444
2709,0,0.002869,0.000314,0.996816
2710,1,0.938480,0.030643,0.030877
2711,1,0.982295,0.001171,0.016535
2712,1,0.949121,0.001328,0.049551
2713,1,0.965466,0.004266,0.030268
2714,1,0.982029,0.001613,0.016358
2715,1,0.407523,0.001858,0.590619
2716,1,0.691821,0.001622,0.306556
2717,1,0.479427,0.000858,0.519714
2718,1,0.633684,0.001380,0.364936
2719,1,0.996557,0.000754,0.002690
2720,0,0.033013,0.001456,0.965530
2721,0,0.483794,0.420498,0.095708
2722,0,0.802843,0.001269,0.195888
2723,1,0.874065,0.000932,0.125004
2724,1,0.795740,0.017909,0.186351
2725,1,0.995342,0.000500,0.004158
2726,1,0.864227,0.056343,0.079430
2727,0,0.110821,0.000778,0.888401
2728,0,0.002393,0.000204,0.997402
2729,0,0.044309,0.000383,0.955308
2730,0,0.013607,0.000256,0.986138
2731,1,0.979706,0.000478,0.019816
2732,1,0.002031,0.000190,0.997779
2733,1,0.413471,0.000911,0.585618
2734,0,0.571273,0.003943,0.424784
2735,0,0.385027,0.560255,0.054718
2736,1,0.996878,0.001749,0.001373
2737,1,0.994754,0.000656,0.004590
2738,1,0.859042,0.097475,0.043482
2739,0,0.144927,0.167804,0.687269
2740,1,0.989694,0.000706,0.009600
2741,0,0.311823,0.000797,0.687380
2742,1,0.654073,0.340235,0.005692
2743,0,0.038542,0.000808,0.960650
2744,0,0.000259,0.000876,0.998865
2745,0,0.000533,0.000223,0.999245
2746,1,0.677170,0.001391,0.321439
2747,1,0.081743,0.000452,0.917805
2748,1,0.007757,0.000231,0.992011
2749,0,0.002785,0.000778,0.996437
2750,0,0.080884,0.000607,0.918509
2751,0,0.519606,0.000713,0.479681
2752,0,0.068654,0.000620,0.930726
2753,1,0.000463,0.000222,0.999315
2754,0,0.737178,0.000782,0.262040
2755,0,0.860670,0.001228,0.138102
2756,1,0.996155,0.001153,0.002692
2757,1,0.997465,0.000796,0.001739
2758,1,0.997403,0.000774,0.001822
2759,1,0.997270,0.000696,0.002034
2760,1,0.997083,0.000591,0.002325
2761,1,0.997414,0.000654,0.001932
2762,0,0.971554,0.002006,0.026440
2763,0,0.955783,0.000669,0.043548
2764,1,0.988091,0.000436,0.011473
2765,1,0.871277,0.001216,0.127507
2766,0,0.000302,0.000341,0.999356
2767,0,0.971853,0.000744,0.027404
2768,1,0.531991,0.001912,0.466097
2769,1,0.979917,0.000469,0.019614
2770,0,0.568220,0.265156,0.166623
2771,1,0.988644,0.000642,0.010713
2772,1,0.975857,0.002646,0.021497
2773,1,0.499538,0.205809,0.294653
2774,1,0.318857,0.001467,0.679675
2775,1,0.079738,0.000753,0.919509
2776,1,0.968825,0.025886,0.005289
2777,1,0.994910,0.000811,0.004279
2778,1,0.399241,0.002489,0.598270
2779,0,0.001617,0.000175,0.998208
2780,0,0.234392,0.337308,0.428300
2781,1,0.760440,0.022542,0.217018
2782,1,0.014221,0.000525,0.985254
2783,1,0.997421,0.000802,0.001777
2784,1,0.996692,0.000541,0.002767
2785,1,0.928381,0.001450,0.070169
2786,0,0.066128,0.827776,0.106097
2787,1,0.003777,0.000238,0.995985
2788,0,0.251370,0.001000,0.747629
2789,1,0.017226,0.000495,0.982279
2790,0,0.619537,0.001338,0.379124
2791,1,0.934304,0.000984,0.064712
2792,1,0.970927,0.000610,0.028463
2793,1,0.995242,0.002720,0.002038
2794,1,0.995295,0.000591,0.004114
2795,1,0.629552,0.002147,0.368301
2796,0,0.386486,0.261113,0.352401
2797,1,0.011619,0.000254,0.988127
2798,1,0.997170,0.000691,0.002139
2799,1,0.000548,0.000242,0.999210
2800,1,0.757851,0.000714,0.241435
2801,1,0.259985,0.001306,0.738708
2802,1,0.000653,0.000216,0.999131
2803,1,0.975470,0.000622,0.023908
2804,1,0.002676,0.000224,0.997100
2805,1,0.987686,0.000781,0.011533
2806,1,0.953925,0.034328,0.011747
2807,1,0.949654,0.006357,0.043989
2808,0,0.641954,0.173255,0.184790
2809,0,0.023923,0.467118,0.508958
2810,1,0.017585,0.000824,0.981591
2811,1,0.103300,0.000622,0.896078
2812,1,0.991767,0.000514,0.007718
2813,0,0.996165,0.000493,0.003342
2814,1,0.926555,0.033623,0.039822
2815,1,0.746559,0.116326,0.137115
2816,1,0.984106,0.000609,0.015285
2817,1,0.811627,0.000772,0.187601
2818,1,0.986491,0.000499,0.013010
2819,0,0.000268,0.001313,0.998419
2820,0,0.496737,0.456170,0.047093
2821,1,0.997130,0.000553,0.002316
2822,1,0.982534,0.000915,0.016551
2823,1,0.965839,0.001063,0.033098
2824,1,0.000467,0.001217,0.998315
2825,1,0.777319,0.005198,0.217483
2826,0,0.007351,0.000707,0.991942
2827,1,0.817088,0.005443,0.177469
2828,0,0.681651,0.290053,0.028296
2829,0,0.006638,0.000455,0.992908
2830,1,0.000914,0.002391,0.996695
2831,1,0.987644,0.000586,0.011771
2832,0,0.985683,0.005065,0.009252
2833,1,0.996424,0.000483,0.003092
2834,0,0.978627,0.000615,0.020759
2835,1,0.475081,0.001030,0.523889
2836,1,0.428229,0.000749,0.571022
2837,1,0.995121,0.000536,0.004343
2838,0,0.002695,0.079509,0.917796
2839,1,0.945443,0.000783,0.053773
2840,0,0.001843,0.000191,0.997966
2841,1,0.958685,0.000581,0.040734
2842,0,0.006094,0.000204,0.993702
2843,1,0.918019,0.046393,0.035588
2844,1,0.971148,0.024628,0.004224
2845,0,0.356908,0.001156,0.641936
2846,1,0.003833,0.072315,0.923851
2847,1,0.475142,0.506699,0.018159
2848,1,0.908207,0.000571,0.091222
2849,0,0.714959,0.239171,0.045871
2850,0,0.001709,0.000189,0.998102
2851,0,0.008589,0.556558,0.434853
2852,0,0.993511,0.000573,0.005915
2853,1,0.993539,0.004973,0.001488
2854,0,0.040880,0.072051,0.887069
2855,0,0.070749,0.000320,0.928932
2856,1,0.994343,0.004006,0.001651
2857,1,0.530869,0.049367,0.419765
2858,1,0.994584,0.000578,0.004838
2859,1,0.936677,0.000855,0.062467
2860,1,0.968553,0.000545,0.030903
2861,1,0.996697,0.002319,0.000983
2862,0,0.620275,0.020802,0.358923
2863,1,0.250299,0.001824,0.747877
2864,1,0.976957,0.008158,0.014885
2865,0,0.180114,0.000584,0.819302
2866,1,0.135933,0.000918,0.863149
2867,0,0.299612,0.247380,0.453007
2868,1,0.850832,0.001424,0.147744
2869,1,0.948738,0.000545,0.050717
2870,1,0.117713,0.000732,0.881554
2871,1,0.806191,0.172421,0.021389
2872,0,0.958136,0.000514,0.041349
2873,1,0.907899,0.001447,0.090654
2874,1,0.998068,0.001017,0.000915
2875,1,0.575991,0.000796,0.423213
2876,1,0.001172,0.000205,0.998624
2877,0,0.180978,0.000553,0.818469
2878,1,0.976728,0.000694,0.022579
2879,1,0.910087,0.001033,0.088880
2880,0,0.011689,0.000447,0.987865
2881,1,0.996497,0.000594,0.002909
2882,0,0.069201,0.000527,0.930272
2883,0,0.003512,0.058724,0.937764
2884,1,0.662812,0.331607,0.005581
2885,1,0.130846,0.619184,0.249971
2886,1,0.231595,0.000548,0.767857
2887,0,0.347242,0.001885,0.650873
2888,0,0.123584,0.002061,0.874355
2889,0,0.975188,0.000567,0.024245
2890,0,0.945496,0.000980,0.053524
2891,1,0.039310,0.031078,0.929612
2892,0,0.588953,0.000609,0.410437
2893,1,0.838690,0.151081,0.010229
2894,0,0.289611,0.047673,0.662716
2895,0,0.055157,0.019311,0.925533
2896,1,0.884326,0.104161,0.011513
2897,0,0.000314,0.000536,0.999149
2898,0,0.000527,0.000221,0.999252
2899,0,0.551643,0.000580,0.447777
2900,0,0.000561,0.000240,0.999199
2901,0,0.043059,0.002092,0.954848
2902,1,0.984597,0.001764,0.013639
2903,0,0.020586,0.001046,0.978368
2904,1,0.369554,0.470522,0.159924
2905,1,0.047701,0.000738,0.951561
2906,0,0.000533,0.000506,0.998961
2907,1,0.264473,0.356286,0.379241
2908,1,0.991837,0.001123,0.007041
2909,1,0.338040,0.001068,0.660892
2910,1,0.834895,0.001308,0.163797
2911,1,0.741511,0.005911,0.252578
2912,1,0.978986,0.000574,0.020440
2913,1,0.993135,0.000679,0.006186
2914,0,0.007244,0.585783,0.406973
2915,0,0.000941,0.000204,0.998855
2916,1,0.746832,0.002826,0.250341
2917,0,0.797130,0.001312,0.201557
2918,1,0.872471,0.080278,0.047251
2919,1,0.997700,0.001364,0.000936
2920,0,0.107227,0.000955,0.891818
2921,1,0.993841,0.004644,0.001515
2922,0,0.014219,0.386410,0.599371
2923,0,0.000349,0.000503,0.999148
2924,1,0.692914,0.001306,0.305780
2925,0,0.002269,0.000198,0.997534
2926,1,0.406918,0.000772,0.592309
2927,1,0.884810,0.001501,0.113689
2928,1,0.985519,0.000576,0.013905
2929,0,0.212312,0.205716,0.581972
2930,1,0.120380,0.533871,0.345748
2931,1,0.992940,0.000509,0.006552
2932,0,0.019798,0.000311,0.979892
2933,0,0.335763,0.641570,0.022667
2934,1,0.969980,0.020592,0.009428
2935,0,0.002672,0.006548,0.990780
2936,0,0.029061,0.000621,0.970318
2937,1,0.978417,0.000636,0.020947
2938,0,0.971146,0.000487,0.028367
2939,1,0.948345,0.000886,0.050768
2940,1,0.994476,0.000447,0.005076
2941,0,0.001418,0.001309,0.997273
2942,0,0.278664,0.668570,0.052765
2943,1,0.873382,0.101061,0.025557
2944,0,0.111474,0.000760,0.887766
2945,0,0.073596,0.001608,0.924796
2946,0,0.294325,0.471026,0.234649
2947,0,0.333251,0.020534,0.646215
2948,1,0.973129,0.001101,0.025770
2949,0,0.997072,0.000718,0.002211
2950,0,0.003058,0.001058,0.995884
2951,0,0.026923,0.057800,0.915277
2952,0,0.000951,0.025754,0.973295
2953,1,0.006489,0.000224,0.993287
2954,1,0.833561,0.009835,0.156604
2955,1,0.990134,0.000841,0.009025
2956,0,0.693618,0.035489,0.270893
2957,0,0.245959,0.004453,0.749588
2958,1,0.582556,0.000881,0.416563
2959,0,0.053811,0.000694,0.945494
2960,1,0.700219,0.001094,0.298686
2961,1,0.963331,0.000901,0.035769
2962,1,0.952129,0.005595,0.042276
2963,1,0.996212,0.000640,0.003148
2964,1,0.001041,0.000255,0.998704
2965,1,0.994676,0.000716,0.004608
2966,0,0.862324,0.001054,0.136622
2967,1,0.074971,0.001101,0.923928
2968,1,0.994318,0.002030,0.003652
2969,1,0.803552,0.184507,0.011941
2970,1,0.561191,0.000749,0.438060
2971,1,0.855377,0.131241,0.013383
2972,0,0.323144,0.612011,0.064845
2973,1,0.062210,0.000823,0.936967
2974,0,0.012562,0.000497,0.986941
2975,0,0.000292,0.000439,0.999269
2976,0,0.952850,0.042097,0.005053
2977,1,0.968740,0.029678,0.001581
2978,1,0.973885,0.000697,0.025418
2979,0,0.046128,0.000354,0.953518
2980,0,0.009998,0.000318,0.989684
2981,1,0.029567,0.000532,0.969901
2982,0,0.723224,0.000767,0.276009
2983,1,0.064602,0.000732,0.934666
2984,0,0.001379,0.000206,0.998415
2985,1,0.522666,0.472835,0.004500
2986,1,0.997782,0.000640,0.001578
2987,1,0.602594,0.392580,0.004826
2988,0,0.000336,0.000413,0.999252
2989,1,0.997253,0.001880,0.000867
2990,0,0.451353,0.001884,0.546763
2991,0,0.081883,0.020742,0.897375
2992,1,0.064715,0.000468,0.934817
2993,1,0.996712,0.002289,0.001000
2994,0,0.002857,0.000651,0.996492
2995,1,0.996751,0.000921,0.002327
2996,0,0.024315,0.004090,0.971596
2997,0,0.001518,0.380847,0.617635
2998,0,0.067765,0.006108,0.926126
2999,1,0.211694,0.001398,0.786909
