row_id,gold,p_hate,p_offensive,p_normal
0,1,0.012952,0.000303,0.986745
1,0,0.293032,0.000788,0.706180
2,1,0.986770,0.000755,0.012475
3,1,0.000754,0.000231,0.999014
4,0,0.000509,0.000245,0.999246
5,1,0.997030,0.001476,0.001493
6,1,0.938365,0.004035,0.057600
7,1,0.193721,0.000996,0.805284
8,0,0.304876,0.687906,0.007217
9,1,0.996999,0.000507,0.002494
10,0,0.000491,0.000260,0.999248
11,1,0.977271,0.000585,0.022144
12,1,0.005290,0.000258,0.994451
13,0,0.984407,0.000520,0.015072
14,0,0.003356,0.000171,0.996473
15,0,0.104167,0.848157,0.047676
16,1,0.000780,0.000197,0.999023
17,1,0.990175,0.007327,0.002498
18,1,0.977399,0.000516,0.022085
19,0,0.005138,0.000225,0.994637
20,1,0.927291,0.000859,0.071850
21,1,0.011167,0.002472,0.986362
22,0,0.011755,0.008112,0.980134
23,1,0.471536,0.524402,0.004063
24,1,0.415429,0.146389,0.438182
25,1,0.998519,0.000528,0.000953
26,0,0.001610,0.590307,0.408083
27,1,0.626843,0.365880,0.007277
28,1,0.957398,0.000681,0.041921
29,0,0.998644,0.000801,0.000555
30,0,0.000489,0.000781,0.998729
31,0,0.000578,0.000221,0.999201
32,0,0.002782,0.000203,0.997015
33,1,0.998111,0.001617,0.000273
34,0,0.996974,0.000534,0.002492
35,1,0.998633,0.000886,0.000480
36,1,0.010712,0.000262,0.989027
37,1,0.004075,0.000206,0.995719
38,0,0.002784,0.000216,0.996999
39,0,0.007600,0.000227,0.992173
40,0,0.913919,0.000973,0.085108
41,0,0.136161,0.005947,0.857893
42,0,0.997308,0.000648,0.002044
43,0,0.000668,0.000213,0.999119
44,0,0.995245,0.000418,0.004338
45,1,0.098580,0.000585,0.900835
46,0,0.986245,0.000472,0.013283
47,1,0.001813,0.000201,0.997986
48,0,0.997470,0.000493,0.002038
49,1,0.267644,0.000756,0.731599
50,1,0.998320,0.000652,0.001028
51,0,0.000536,0.000248,0.999217
52,1,0.994351,0.000560,0.005089
53,1,0.985273,0.000627,0.014100
54,1,0.433297,0.000717,0.565986
55,1,0.008020,0.364487,0.627493
56,1,0.979761,0.000734,0.019506
57,0,0.000595,0.000215,0.999190
58,1,0.950961,0.024099,0.024940
59,1,0.998261,0.000584,0.001154
60,1,0.000536,0.000241,0.999223
61,1,0.998640,0.000708,0.000652
62,0,0.537516,0.001026,0.461459
63,1,0.739543,0.003168,0.257290
64,1,0.218519,0.698570,0.082910
65,0,0.003755,0.000249,0.995996
66,1,0.001907,0.000191,0.997902
67,1,0.000981,0.000184,0.998835
68,1,0.000922,0.000371,0.998707
69,1,0.009077,0.000457,0.990466
70,1,0.978787,0.000745,0.020468
71,1,0.855032,0.001284,0.143684
72,1,0.377329,0.001078,0.621593
73,1,0.753713,0.001221,0.245066
74,1,0.001277,0.000183,0.998540
75,1,0.001096,0.000191,0.998712
76,1,0.000819,0.000199,0.998981
77,1,0.898924,0.000649,0.100427
78,1,0.994757,0.000682,0.004561
79,1,0.003977,0.000283,0.995740
80,1,0.000717,0.000205,0.999078
81,1,0.968180,0.000555,0.031265
82,1,0.969918,0.000667,0.029415
83,1,0.998222,0.000580,0.001197
84,1,0.998305,0.001276,0.000418
85,1,0.997277,0.002488,0.000235
86,0,0.000612,0.000221,0.999168
87,1,0.974053,0.024849,0.001098
88,1,0.998303,0.001167,0.000531
89,1,0.987211,0.000633,0.012156
90,1,0.998079,0.001143,0.000778
91,1,0.996783,0.000577,0.002640
92,1,0.990869,0.000501,0.008631
93,1,0.003134,0.000222,0.996644
94,1,0.020181,0.000432,0.979387
95,1,0.011394,0.000282,0.988325
96,1,0.997041,0.000449,0.002509
97,1,0.998565,0.000607,0.000827
98,1,0.001755,0.000180,0.998065
99,1,0.003745,0.000182,0.996073
100,1,0.000794,0.000204,0.999003
101,0,0.000555,0.000239,0.999206
102,1,0.001780,0.000255,0.997965
103,1,0.001035,0.000188,0.998776
104,1,0.998349,0.000556,0.001094
105,1,0.013205,0.000274,0.986521
106,1,0.001071,0.000203,0.998726
107,1,0.943284,0.029821,0.026895
108,1,0.998624,0.001000,0.000376
109,1,0.997950,0.001715,0.000335
110,1,0.998660,0.000643,0.000696
111,1,0.998420,0.001285,0.000296
112,1,0.002004,0.000202,0.997793
113,1,0.001114,0.000194,0.998692
114,1,0.178588,0.000691,0.820721
115,0,0.000473,0.000256,0.999272
116,1,0.002793,0.000886,0.996321
117,1,0.009296,0.000203,0.990501
118,1,0.467927,0.001732,0.530342
119,1,0.605448,0.001806,0.392746
120,1,0.998489,0.001158,0.000353
121,1,0.998655,0.000871,0.000474
122,1,0.017543,0.013295,0.969162
123,1,0.998612,0.000774,0.000614
124,1,0.481927,0.508690,0.009383
125,1,0.787746,0.000987,0.211267
126,1,0.992883,0.000632,0.006486
127,1,0.997513,0.002203,0.000284
128,1,0.995355,0.000526,0.004119
129,1,0.998428,0.001031,0.000541
130,1,0.998593,0.000894,0.000513
131,1,0.841179,0.145537,0.013284
132,1,0.998203,0.001521,0.000276
133,1,0.998579,0.000955,0.000466
134,0,0.000600,0.000228,0.999171
135,0,0.986993,0.002534,0.010473
136,1,0.995026,0.004736,0.000238
137,0,0.008020,0.000390,0.991590
138,1,0.003909,0.000211,0.995879
139,0,0.012707,0.000358,0.986935
140,1,0.427050,0.000925,0.572025
141,1,0.998485,0.000612,0.000903
142,0,0.577427,0.001372,0.421201
143,0,0.000587,0.000230,0.999183
144,1,0.104701,0.614892,0.280407
145,1,0.998572,0.001060,0.000368
146,0,0.998352,0.000691,0.000957
147,1,0.830044,0.047956,0.122000
148,0,0.578191,0.001832,0.419977
149,1,0.770868,0.217466,0.011666
150,1,0.998460,0.001204,0.000336
151,1,0.998519,0.000678,0.000803
152,1,0.000924,0.002188,0.996888
153,1,0.998404,0.001249,0.000348
154,1,0.998656,0.000955,0.000389
155,1,0.998275,0.000533,0.001193
156,1,0.998237,0.001367,0.000396
157,1,0.965091,0.004293,0.030616
158,1,0.990736,0.006255,0.003009
159,1,0.678148,0.311844,0.010008
160,1,0.997641,0.002115,0.000244
161,1,0.998693,0.000698,0.000609
162,1,0.829097,0.001029,0.169875
163,1,0.998537,0.000574,0.000889
164,1,0.998555,0.001102,0.000343
165,1,0.980653,0.003662,0.015685
166,1,0.994138,0.000566,0.005297
167,1,0.998504,0.001168,0.000329
168,1,0.997921,0.001806,0.000272
169,1,0.998576,0.001039,0.000385
170,1,0.998662,0.000811,0.000528
171,1,0.998515,0.001089,0.000397
172,1,0.998722,0.000847,0.000431
173,1,0.998109,0.000548,0.001343
174,1,0.224715,0.000974,0.774311
175,1,0.989006,0.009599,0.001395
176,1,0.896695,0.099699,0.003606
177,1,0.090343,0.019215,0.890442
178,1,0.205784,0.578187,0.216029
179,1,0.110730,0.641424,0.247846
180,1,0.670605,0.002366,0.327029
181,1,0.595261,0.119271,0.285468
182,1,0.183688,0.009001,0.807312
183,1,0.823680,0.167630,0.008690
184,0,0.177151,0.175448,0.647401
185,0,0.071286,0.531880,0.396834
186,1,0.765392,0.000775,0.233832
187,1,0.410191,0.565554,0.024255
188,1,0.002168,0.000196,0.997636
189,1,0.007686,0.004057,0.988257
190,1,0.000502,0.000377,0.999121
191,1,0.181273,0.383046,0.435681
192,1,0.426859,0.001037,0.572104
193,1,0.001452,0.000172,0.998376
194,1,0.103477,0.000438,0.896085
195,1,0.085835,0.000420,0.913745
196,1,0.110021,0.000504,0.889475
197,1,0.005452,0.000200,0.994348
198,1,0.010313,0.000260,0.989427
199,1,0.109517,0.000490,0.889993
200,1,0.003420,0.000186,0.996393
201,1,0.008588,0.000218,0.991194
202,1,0.033372,0.000327,0.966301
203,1,0.009624,0.000239,0.990137
204,1,0.010625,0.000231,0.989144
205,1,0.115455,0.000478,0.884067
206,1,0.010219,0.000248,0.989533
207,1,0.121585,0.000638,0.877777
208,1,0.288447,0.000754,0.710799
209,1,0.361923,0.000717,0.637360
210,1,0.337554,0.000729,0.661718
211,1,0.022547,0.000461,0.976991
212,1,0.289567,0.000774,0.709658
213,0,0.379641,0.000907,0.619451
214,1,0.626195,0.003588,0.370217
215,1,0.510623,0.012475,0.476902
216,1,0.685891,0.020645,0.293464
217,1,0.190930,0.000729,0.808341
218,1,0.001648,0.000181,0.998171
219,1,0.998637,0.000672,0.000690
220,1,0.530203,0.460802,0.008995
221,1,0.093202,0.338260,0.568537
222,1,0.023645,0.131622,0.844734
223,1,0.033583,0.204726,0.761692
224,0,0.019942,0.278583,0.701475
225,1,0.966847,0.000609,0.032544
226,1,0.585141,0.036126,0.378733
227,1,0.128334,0.000703,0.870963
228,1,0.998688,0.000724,0.000587
229,1,0.709883,0.038025,0.252091
230,1,0.744125,0.016933,0.238942
231,1,0.003648,0.000189,0.996163
232,1,0.914984,0.001911,0.083106
233,1,0.808235,0.169976,0.021789
234,1,0.938734,0.000677,0.060589
235,1,0.982282,0.017072,0.000647
236,1,0.992552,0.002259,0.005189
237,1,0.905520,0.061094,0.033387
238,1,0.301140,0.660754,0.038107
239,1,0.388584,0.483094,0.128322
240,1,0.002001,0.000468,0.997532
241,1,0.000543,0.000756,0.998701
242,1,0.045184,0.311818,0.642999
243,1,0.040847,0.000425,0.958727
244,1,0.996059,0.000504,0.003437
245,1,0.969910,0.027390,0.002700
246,1,0.998494,0.001016,0.000489
247,1,0.001108,0.000224,0.998668
248,0,0.002455,0.001524,0.996021
249,1,0.986000,0.005371,0.008629
250,0,0.005534,0.017117,0.977349
251,1,0.967112,0.000467,0.032421
252,1,0.457706,0.430228,0.112067
253,1,0.998516,0.001094,0.000389
254,0,0.159508,0.001257,0.839235
255,0,0.742592,0.001725,0.255684
256,0,0.000577,0.000227,0.999196
257,1,0.232272,0.000613,0.767115
258,1,0.011519,0.000237,0.988244
259,1,0.993551,0.000494,0.005956
260,1,0.996328,0.003410,0.000262
261,1,0.998028,0.001618,0.000354
262,1,0.983201,0.000651,0.016148
263,1,0.522779,0.000793,0.476428
264,0,0.000770,0.000205,0.999025
265,0,0.000445,0.000298,0.999258
266,0,0.979445,0.000730,0.019825
267,1,0.130221,0.001109,0.868670
268,0,0.001539,0.000180,0.998281
269,0,0.998258,0.000619,0.001124
270,1,0.780080,0.217060,0.002860
271,1,0.528017,0.431929,0.040054
272,1,0.000723,0.000211,0.999066
273,0,0.605869,0.001268,0.392863
274,1,0.425161,0.000959,0.573880
275,0,0.570499,0.000865,0.428636
276,0,0.993475,0.000448,0.006077
277,0,0.998576,0.000617,0.000807
278,0,0.001322,0.000179,0.998499
279,0,0.000605,0.000225,0.999170
280,0,0.126453,0.367969,0.505578
281,0,0.998069,0.000593,0.001339
282,0,0.994969,0.000685,0.004345
283,0,0.998606,0.000834,0.000560
284,1,0.998519,0.001092,0.000390
285,0,0.998710,0.000686,0.000604
286,0,0.998448,0.001203,0.000349
287,0,0.998368,0.001134,0.000499
288,0,0.194955,0.001177,0.803868
289,0,0.846048,0.001678,0.152273
290,0,0.998277,0.000848,0.000874
291,0,0.980912,0.000659,0.018430
292,0,0.994086,0.000739,0.005175
293,0,0.997589,0.000720,0.001690
294,0,0.883811,0.001159,0.115030
295,1,0.998573,0.001020,0.000407
296,0,0.477990,0.006957,0.515052
297,0,0.998428,0.000662,0.000910
298,0,0.000635,0.000214,0.999151
299,0,0.995914,0.000485,0.003600
300,0,0.998132,0.000563,0.001305
301,0,0.028942,0.000278,0.970780
302,0,0.982204,0.000822,0.016974
303,1,0.751462,0.001178,0.247360
304,0,0.989999,0.000925,0.009076
305,0,0.998398,0.001115,0.000486
306,0,0.998384,0.001082,0.000534
307,0,0.998401,0.001241,0.000358
308,0,0.996513,0.000667,0.002820
309,1,0.996966,0.000422,0.002612
310,1,0.573187,0.001220,0.425593
311,1,0.998132,0.000630,0.001238
312,1,0.996124,0.000530,0.003346
313,1,0.994916,0.000546,0.004539
314,1,0.998067,0.001671,0.000262
315,0,0.013001,0.000520,0.986479
316,1,0.998016,0.001707,0.000277
317,1,0.996709,0.000573,0.002718
318,1,0.998269,0.001414,0.000317
319,0,0.998019,0.001434,0.000547
320,0,0.833306,0.000744,0.165950
321,0,0.004546,0.000314,0.995140
322,0,0.000877,0.000193,0.998929
323,0,0.001099,0.000200,0.998701
324,0,0.142744,0.000652,0.856604
325,0,0.968131,0.000919,0.030950
326,0,0.578701,0.001172,0.420127
327,1,0.998581,0.000990,0.000429
328,1,0.677920,0.310358,0.011722
329,1,0.700403,0.001293,0.298304
330,1,0.002407,0.000242,0.997352
331,1,0.090025,0.333320,0.576655
332,1,0.998418,0.001000,0.000582
333,1,0.015630,0.000579,0.983791
334,1,0.998597,0.000794,0.000609
335,1,0.974151,0.000723,0.025126
336,1,0.282598,0.001345,0.716057
337,1,0.184328,0.034365,0.781308
338,0,0.002338,0.000219,0.997443
339,0,0.961716,0.001028,0.037256
340,0,0.998580,0.001042,0.000378
341,0,0.953375,0.004101,0.042524
342,0,0.319429,0.001601,0.678970
343,0,0.998508,0.001115,0.000377
344,0,0.974422,0.001043,0.024535
345,0,0.005164,0.000361,0.994475
346,0,0.993833,0.000598,0.005570
347,0,0.149420,0.005130,0.845451
348,0,0.983815,0.000574,0.015611
349,0,0.825318,0.001354,0.173327
350,0,0.317051,0.000565,0.682384
351,0,0.998454,0.001180,0.000366
352,1,0.998587,0.000807,0.000606
353,0,0.981943,0.000471,0.017585
354,0,0.990881,0.000716,0.008403
355,0,0.044555,0.000616,0.954829
356,0,0.998442,0.000836,0.000722
357,0,0.998680,0.000714,0.000606
358,0,0.998589,0.000975,0.000436
359,0,0.998465,0.001129,0.000405
360,0,0.000522,0.000240,0.999238
361,0,0.926983,0.001149,0.071868
362,0,0.000553,0.000239,0.999208
363,0,0.024771,0.000751,0.974478
364,0,0.001260,0.000199,0.998541
365,0,0.992086,0.000604,0.007310
366,0,0.001475,0.000219,0.998306
367,0,0.442995,0.001304,0.555700
368,0,0.940170,0.000762,0.059069
369,0,0.001143,0.000203,0.998654
370,0,0.010302,0.000325,0.989373
371,0,0.000676,0.000213,0.999112
372,0,0.910194,0.001587,0.088220
373,0,0.618552,0.001578,0.379870
374,0,0.989837,0.000533,0.009630
375,0,0.998654,0.000886,0.000461
376,1,0.081973,0.000746,0.917281
377,1,0.001076,0.000194,0.998730
378,0,0.059269,0.000434,0.940297
379,1,0.997468,0.000508,0.002024
380,0,0.996513,0.000745,0.002742
381,0,0.001689,0.000328,0.997983
382,0,0.993676,0.000452,0.005872
383,1,0.996290,0.000528,0.003182
384,1,0.027834,0.000273,0.971893
385,1,0.997323,0.000729,0.001949
386,1,0.918319,0.001039,0.080642
387,1,0.102246,0.000860,0.896894
388,1,0.661046,0.327427,0.011527
389,0,0.997823,0.000539,0.001639
390,0,0.018598,0.007307,0.974095
391,0,0.993284,0.000504,0.006212
392,0,0.000656,0.000214,0.999130
393,1,0.988461,0.000580,0.010959
394,1,0.000742,0.000207,0.999051
395,1,0.998323,0.000742,0.000935
396,0,0.000428,0.000316,0.999256
397,1,0.400552,0.583195,0.016253
398,1,0.998684,0.000892,0.000424
399,1,0.950307,0.028114,0.021579
400,0,0.983438,0.000554,0.016008
401,0,0.004152,0.001188,0.994660
402,0,0.972910,0.000657,0.026432
403,0,0.107162,0.000994,0.891845
404,0,0.185477,0.000834,0.813688
405,0,0.991333,0.000486,0.008181
406,0,0.001421,0.000179,0.998401
407,0,0.000639,0.000214,0.999147
408,1,0.445153,0.078689,0.476157
409,0,0.000608,0.000223,0.999169
410,0,0.000762,0.000211,0.999027
411,0,0.000550,0.000231,0.999219
412,1,0.093425,0.000777,0.905798
413,1,0.997800,0.001676,0.000524
414,0,0.043430,0.000362,0.956208
415,0,0.997901,0.000629,0.001471
416,0,0.998017,0.000508,0.001474
417,0,0.998651,0.000934,0.000416
418,0,0.992996,0.000553,0.006452
419,1,0.773840,0.000757,0.225403
420,0,0.995968,0.003772,0.000260
421,0,0.995236,0.004483,0.000281
422,1,0.996219,0.003515,0.000266
423,0,0.014908,0.000264,0.984828
424,1,0.998397,0.000967,0.000636
425,0,0.428106,0.352537,0.219357
426,0,0.998416,0.001189,0.000395
427,0,0.997843,0.001777,0.000380
428,0,0.997900,0.001736,0.000364
429,0,0.000569,0.000228,0.999202
430,0,0.343288,0.059834,0.596878
431,0,0.002535,0.560976,0.436489
432,0,0.830183,0.000844,0.168973
433,0,0.997957,0.000630,0.001414
434,1,0.817737,0.000845,0.181418
435,0,0.136224,0.473572,0.390204
436,0,0.087497,0.000452,0.912050
437,1,0.000665,0.000215,0.999121
438,0,0.007673,0.000943,0.991384
439,1,0.997317,0.002393,0.000289
440,0,0.913529,0.001351,0.085121
441,0,0.998030,0.001708,0.000261
442,0,0.968590,0.000768,0.030642
443,0,0.456975,0.001173,0.541852
444,0,0.092683,0.000730,0.906586
445,0,0.997692,0.000541,0.001767
446,0,0.006754,0.000298,0.992948
447,0,0.288107,0.000778,0.711115
448,1,0.626788,0.001520,0.371692
449,1,0.007556,0.000223,0.992221
450,1,0.998687,0.000784,0.000529
451,0,0.976380,0.000693,0.022927
452,1,0.142573,0.000526,0.856902
453,1,0.005531,0.000221,0.994248
454,1,0.998017,0.001684,0.000299
455,1,0.994659,0.000503,0.004838
456,1,0.026271,0.000389,0.973341
457,1,0.000909,0.000194,0.998896
458,0,0.001298,0.000184,0.998518
459,1,0.996889,0.000666,0.002445
460,1,0.018692,0.638810,0.342498
461,0,0.002586,0.000226,0.997188
462,0,0.005592,0.000265,0.994143
463,0,0.053733,0.000289,0.945978
464,0,0.000498,0.000244,0.999258
465,0,0.000464,0.000263,0.999274
466,1,0.002031,0.000321,0.997648
467,0,0.000638,0.000222,0.999140
468,0,0.436273,0.006472,0.557255
469,0,0.009489,0.000284,0.990227
470,1,0.005227,0.000224,0.994550
471,1,0.997677,0.000508,0.001815
472,0,0.998731,0.000728,0.000541
473,1,0.000900,0.000190,0.998910
474,0,0.004704,0.000240,0.995056
475,0,0.994551,0.000503,0.004946
476,1,0.261989,0.000667,0.737344
477,0,0.008589,0.000303,0.991108
478,1,0.091541,0.792000,0.116460
479,0,0.383938,0.000849,0.615213
480,0,0.998723,0.000792,0.000484
481,1,0.939385,0.000719,0.059896
482,0,0.002749,0.328114,0.669137
483,0,0.998150,0.000989,0.000862
484,1,0.347992,0.001209,0.650799
485,0,0.000667,0.000212,0.999121
486,0,0.178973,0.000773,0.820254
487,0,0.001845,0.000204,0.997951
488,0,0.000865,0.000193,0.998942
489,1,0.998545,0.000726,0.000730
490,0,0.002067,0.000226,0.997707
491,0,0.044342,0.000667,0.954991
492,1,0.998017,0.001726,0.000256
493,1,0.043706,0.000443,0.955851
494,1,0.438865,0.556586,0.004549
495,1,0.984030,0.000675,0.015295
496,1,0.998437,0.001204,0.000358
497,0,0.994403,0.000501,0.005097
498,1,0.296477,0.000647,0.702876
499,0,0.004224,0.000231,0.995545
500,0,0.865236,0.001496,0.133268
501,1,0.090405,0.000481,0.909113
502,0,0.998001,0.000788,0.001211
503,0,0.000563,0.000228,0.999208
504,0,0.569842,0.159472,0.270686
505,1,0.998271,0.001445,0.000284
506,1,0.980605,0.000659,0.018736
507,1,0.990656,0.000626,0.008718
508,1,0.957251,0.000519,0.042230
509,1,0.001259,0.000199,0.998541
510,0,0.076016,0.000804,0.923180
511,0,0.004098,0.000376,0.995526
512,0,0.654475,0.003503,0.342022
513,0,0.023711,0.030878,0.945410
514,0,0.147577,0.000970,0.851454
515,0,0.947293,0.000750,0.051957
516,1,0.983994,0.000676,0.015329
517,0,0.405215,0.001217,0.593568
518,0,0.008589,0.213624,0.777787
519,0,0.988188,0.000881,0.010931
520,1,0.995507,0.000606,0.003887
521,1,0.000401,0.000330,0.999270
522,0,0.496487,0.001621,0.501892
523,1,0.998001,0.000590,0.001409
524,0,0.997577,0.002177,0.000246
525,0,0.362312,0.001023,0.636665
526,1,0.158945,0.787289,0.053766
527,0,0.998701,0.000673,0.000626
528,0,0.005706,0.417969,0.576326
529,1,0.997285,0.002420,0.000295
530,1,0.128042,0.000911,0.871047
531,1,0.994216,0.000540,0.005244
532,1,0.760801,0.001622,0.237577
533,1,0.001534,0.009009,0.989457
534,0,0.608314,0.000892,0.390794
535,0,0.000975,0.000347,0.998679
536,0,0.536032,0.001095,0.462872
537,1,0.762997,0.000754,0.236249
538,0,0.291914,0.000932,0.707154
539,0,0.000499,0.000251,0.999250
540,1,0.996075,0.000532,0.003393
541,0,0.023978,0.012220,0.963802
542,1,0.996087,0.001925,0.001988
543,1,0.485540,0.000948,0.513512
544,1,0.998439,0.000740,0.000821
545,1,0.005629,0.000221,0.994150
546,0,0.415492,0.001005,0.583503
547,1,0.997945,0.001702,0.000353
548,0,0.005059,0.000199,0.994742
549,1,0.998528,0.001083,0.000389
550,0,0.997595,0.000624,0.001781
551,1,0.997744,0.001915,0.000342
552,1,0.997139,0.000543,0.002318
553,0,0.016931,0.499408,0.483661
554,0,0.997902,0.000782,0.001316
555,0,0.141622,0.164586,0.693792
556,1,0.767539,0.000885,0.231576
557,0,0.314457,0.000575,0.684967
558,0,0.003633,0.530019,0.466349
559,1,0.968594,0.002039,0.029367
560,0,0.001487,0.000205,0.998308
561,1,0.998533,0.000933,0.000534
562,0,0.000805,0.000202,0.998994
563,0,0.549017,0.002075,0.448908
564,1,0.998526,0.000583,0.000892
565,0,0.996478,0.000675,0.002847
566,1,0.930761,0.000756,0.068483
567,1,0.997802,0.000467,0.001732
568,0,0.379700,0.000791,0.619509
569,1,0.965805,0.001016,0.033180
570,0,0.000638,0.000218,0.999144
571,0,0.476336,0.000711,0.522954
572,0,0.027626,0.000349,0.972025
573,1,0.002227,0.000243,0.997530
574,0,0.001059,0.000205,0.998737
575,1,0.860882,0.001583,0.137535
576,0,0.998596,0.000839,0.000565
577,1,0.991877,0.000510,0.007613
578,0,0.975355,0.000776,0.023869
579,1,0.998644,0.000690,0.000666
580,0,0.000562,0.000235,0.999203
581,1,0.998459,0.000540,0.001000
582,0,0.000534,0.000237,0.999229
583,0,0.845661,0.001459,0.152880
584,1,0.998533,0.000606,0.000861
585,1,0.001552,0.249635,0.748813
586,1,0.997728,0.000487,0.001785
587,0,0.998264,0.001438,0.000298
588,0,0.007162,0.000330,0.992508
589,0,0.997317,0.000548,0.002135
590,1,0.280254,0.001426,0.718320
591,0,0.000520,0.000241,0.999239
592,1,0.969847,0.000804,0.029349
593,1,0.082376,0.000471,0.917153
594,0,0.500182,0.000931,0.498887
595,0,0.001826,0.000218,0.997956
596,0,0.917814,0.000577,0.081609
597,0,0.932258,0.001405,0.066337
598,1,0.004101,0.000219,0.995680
599,1,0.029431,0.684944,0.285625
600,0,0.001032,0.000181,0.998787
601,0,0.000966,0.000233,0.998801
602,0,0.814105,0.000696,0.185199
603,0,0.001624,0.080193,0.918183
604,1,0.994497,0.000546,0.004957
605,0,0.006255,0.000194,0.993551
606,1,0.992692,0.000537,0.006771
607,0,0.061175,0.625990,0.312835
608,1,0.000554,0.000233,0.999213
609,0,0.001581,0.085485,0.912934
610,1,0.998508,0.001110,0.000382
611,0,0.000686,0.000205,0.999109
612,0,0.962941,0.001444,0.035615
613,0,0.003023,0.000244,0.996733
614,1,0.003425,0.007482,0.989094
615,1,0.996973,0.000475,0.002551
616,1,0.997981,0.000847,0.001171
617,0,0.000486,0.000258,0.999256
618,0,0.020800,0.000375,0.978825
619,0,0.071204,0.000351,0.928445
620,1,0.117208,0.113233,0.769559
621,0,0.998579,0.000960,0.000461
622,1,0.974171,0.000656,0.025173
623,0,0.998589,0.000922,0.000489
624,1,0.075600,0.043314,0.881087
625,0,0.997018,0.000580,0.002402
626,1,0.941943,0.052498,0.005559
627,1,0.403262,0.017163,0.579575
628,1,0.828685,0.000806,0.170509
629,1,0.998679,0.000743,0.000578
630,0,0.125521,0.001919,0.872559
631,1,0.678345,0.254459,0.067196
632,0,0.998054,0.001680,0.000266
633,0,0.007086,0.002079,0.990836
634,0,0.002179,0.538788,0.459032
635,0,0.997192,0.000903,0.001905
636,1,0.006793,0.000278,0.992929
637,0,0.317372,0.334655,0.347972
638,0,0.000657,0.000219,0.999124
639,0,0.000660,0.000211,0.999129
640,0,0.996208,0.000564,0.003227
641,0,0.000618,0.000222,0.999160
642,1,0.869265,0.000870,0.129865
643,0,0.000582,0.000229,0.999189
644,1,0.003205,0.001025,0.995770
645,0,0.307077,0.001359,0.691564
646,1,0.905092,0.000906,0.094002
647,0,0.000983,0.000190,0.998827
648,1,0.003147,0.000222,0.996631
649,0,0.500487,0.001501,0.498011
650,0,0.997470,0.000635,0.001896
651,1,0.080712,0.699442,0.219846
652,0,0.994975,0.000528,0.004497
653,0,0.006224,0.000273,0.993503
654,1,0.998409,0.001204,0.000388
655,0,0.018568,0.000384,0.981048
656,0,0.000468,0.000259,0.999273
657,0,0.001751,0.000194,0.998055
658,0,0.001013,0.000186,0.998800
659,0,0.237747,0.000585,0.761668
660,0,0.998718,0.000817,0.000466
661,1,0.998700,0.000820,0.000480
662,0,0.730267,0.213589,0.056143
663,0,0.068562,0.000651,0.930787
664,1,0.003118,0.000205,0.996677
665,0,0.998513,0.001143,0.000344
666,1,0.998072,0.001668,0.000261
667,1,0.998412,0.001256,0.000332
668,1,0.961259,0.000470,0.038271
669,0,0.058655,0.748185,0.193160
670,1,0.980251,0.000758,0.018991
671,0,0.893748,0.043684,0.062568
672,1,0.002652,0.000192,0.997156
673,0,0.000842,0.000196,0.998962
674,1,0.051066,0.000637,0.948296
675,0,0.370335,0.002399,0.627265
676,1,0.997521,0.002242,0.000237
677,0,0.993560,0.000457,0.005983
678,1,0.212823,0.000509,0.786669
679,0,0.000910,0.000219,0.998872
680,1,0.192595,0.000911,0.806494
681,1,0.819755,0.001339,0.178906
682,0,0.027761,0.000516,0.971724
683,0,0.000520,0.000248,0.999232
684,0,0.313545,0.000616,0.685839
685,1,0.997481,0.000511,0.002009
686,1,0.979147,0.000523,0.020331
687,0,0.001191,0.000196,0.998612
688,0,0.016167,0.000976,0.982857
689,0,0.995668,0.000663,0.003669
690,1,0.997659,0.002101,0.000240
691,1,0.800331,0.025492,0.174177
692,0,0.997821,0.001873,0.000305
693,0,0.997338,0.000607,0.002055
694,1,0.998327,0.000550,0.001123
695,1,0.785364,0.001275,0.213361
696,0,0.682492,0.000739,0.316769
697,0,0.037925,0.064932,0.897144
698,1,0.992773,0.000536,0.006691
699,1,0.997690,0.002058,0.000252
700,0,0.025567,0.131797,0.842636
701,0,0.002529,0.000260,0.997212
702,0,0.000828,0.000209,0.998963
703,1,0.005560,0.000229,0.994211
704,1,0.034542,0.000421,0.965037
705,1,0.987126,0.000770,0.012104
706,1,0.001458,0.595026,0.403516
707,0,0.000566,0.000227,0.999207
708,0,0.001250,0.000183,0.998567
709,1,0.249815,0.015150,0.735035
710,0,0.998206,0.001447,0.000346
711,0,0.011541,0.000390,0.988069
712,1,0.000671,0.000383,0.998946
713,0,0.002510,0.000211,0.997278
714,0,0.997058,0.001041,0.001901
715,0,0.005039,0.000285,0.994676
716,1,0.998493,0.001167,0.000340
717,1,0.998515,0.000588,0.000897
718,1,0.401726,0.001708,0.596566
719,1,0.005447,0.000217,0.994336
720,0,0.046636,0.000581,0.952783
721,1,0.995686,0.000614,0.003701
722,1,0.998632,0.000679,0.000689
723,1,0.972042,0.000580,0.027377
724,0,0.000424,0.000629,0.998946
725,1,0.989952,0.000663,0.009384
726,1,0.000492,0.000249,0.999259
727,0,0.767440,0.001043,0.231517
728,1,0.997244,0.000475,0.002281
729,0,0.008929,0.000247,0.990824
730,0,0.000557,0.000224,0.999219
731,0,0.984928,0.000641,0.014430
732,0,0.000575,0.000227,0.999198
733,1,0.993063,0.000447,0.006490
734,0,0.000477,0.000281,0.999241
735,0,0.203245,0.000750,0.796005
736,0,0.003204,0.000228,0.996568
737,0,0.000896,0.000210,0.998894
738,1,0.003180,0.000221,0.996599
739,1,0.509267,0.469518,0.021215
740,0,0.000574,0.000229,0.999197
741,0,0.008252,0.007063,0.984686
742,1,0.971133,0.027868,0.000999
743,0,0.429023,0.061995,0.508982
744,0,0.998259,0.000643,0.001098
745,0,0.000750,0.000208,0.999043
746,0,0.001983,0.000203,0.997813
747,1,0.996509,0.000547,0.002944
748,1,0.997285,0.000580,0.002135
749,0,0.424299,0.000692,0.575009
750,0,0.982303,0.000496,0.017201
751,0,0.992887,0.000703,0.006410
752,1,0.996970,0.002645,0.000385
753,1,0.998169,0.000539,0.001292
754,0,0.945305,0.001351,0.053344
755,1,0.998041,0.001305,0.000653
756,1,0.993861,0.000434,0.005705
757,0,0.000611,0.000219,0.999169
758,0,0.363800,0.002577,0.633623
759,0,0.998333,0.001366,0.000301
760,1,0.998730,0.000750,0.000520
761,0,0.000543,0.000234,0.999222
762,0,0.007052,0.000657,0.992290
763,0,0.001677,0.001280,0.997043
764,0,0.000582,0.000218,0.999200
765,0,0.998233,0.001483,0.000284
766,1,0.575757,0.001109,0.423134
767,1,0.000720,0.000207,0.999073
768,0,0.458947,0.001252,0.539801
769,0,0.870414,0.000841,0.128745
770,1,0.112033,0.000481,0.887486
771,0,0.673344,0.001316,0.325340
772,1,0.616395,0.380117,0.003488
773,0,0.019491,0.000394,0.980115
774,0,0.000511,0.000234,0.999254
775,0,0.032536,0.000793,0.966671
776,0,0.998542,0.000743,0.000716
777,0,0.291536,0.679641,0.028823
778,1,0.702581,0.263236,0.034182
779,0,0.000578,0.000224,0.999198
780,1,0.998193,0.001530,0.000277
781,0,0.998245,0.000634,0.001121
782,1,0.117669,0.833115,0.049216
783,0,0.150879,0.000574,0.848546
784,1,0.001841,0.320079,0.678080
785,1,0.676071,0.319767,0.004162
786,0,0.000519,0.000244,0.999237
787,0,0.001524,0.000198,0.998278
788,1,0.994932,0.002718,0.002351
789,1,0.001541,0.000862,0.997597
790,1,0.020345,0.000405,0.979251
791,1,0.019252,0.000312,0.980437
792,1,0.979832,0.000643,0.019526
793,0,0.000698,0.000215,0.999086
794,1,0.998064,0.000507,0.001429
795,0,0.089834,0.001076,0.909090
796,1,0.000541,0.000234,0.999225
797,0,0.002097,0.000213,0.997690
798,0,0.180039,0.000694,0.819267
799,0,0.986745,0.000734,0.012521
800,0,0.010811,0.000353,0.988836
801,0,0.000750,0.000202,0.999048
802,0,0.004250,0.646477,0.349273
803,0,0.520108,0.001223,0.478669
804,0,0.974457,0.000665,0.024878
805,0,0.995736,0.000532,0.003731
806,0,0.000695,0.014328,0.984977
807,0,0.232327,0.001013,0.766660
808,0,0.004029,0.000226,0.995745
809,0,0.040591,0.000408,0.959000
810,0,0.998436,0.000648,0.000915
811,0,0.998564,0.001054,0.000382
812,0,0.156021,0.001372,0.842607
813,0,0.868160,0.001610,0.130230
814,0,0.964753,0.001092,0.034155
815,0,0.985485,0.000579,0.013935
816,0,0.997401,0.000577,0.002023
817,0,0.000997,0.000188,0.998815
818,0,0.998216,0.000580,0.001204
819,0,0.000550,0.000222,0.999228
820,0,0.003843,0.000281,0.995875
821,0,0.000593,0.000229,0.999178
822,0,0.000575,0.000226,0.999199
823,0,0.323494,0.000924,0.675582
824,0,0.000521,0.000242,0.999237
825,0,0.179622,0.000994,0.819385
826,0,0.000734,0.000200,0.999066
827,0,0.989541,0.000612,0.009847
828,0,0.997775,0.000499,0.001726
829,0,0.000596,0.000218,0.999186
830,0,0.998608,0.000943,0.000449
831,0,0.918736,0.001480,0.079784
832,0,0.996692,0.000446,0.002862
833,0,0.990923,0.000485,0.008592
834,1,0.865017,0.000917,0.134066
835,0,0.001214,0.000187,0.998598
836,1,0.919829,0.000742,0.079429
837,0,0.992133,0.000473,0.007394
838,0,0.003137,0.000193,0.996670
839,0,0.001041,0.000190,0.998770
840,1,0.998267,0.000665,0.001068
841,0,0.218432,0.000551,0.781017
842,0,0.000829,0.000195,0.998976
843,0,0.007406,0.000230,0.992365
844,1,0.998112,0.000523,0.001365
845,0,0.001737,0.000191,0.998072
846,0,0.001375,0.000209,0.998416
847,0,0.998645,0.000939,0.000416
848,0,0.084190,0.164228,0.751582
849,0,0.038298,0.000428,0.961274
850,0,0.043204,0.000522,0.956274
851,0,0.009183,0.000229,0.990587
852,0,0.791215,0.001241,0.207543
853,0,0.000576,0.000232,0.999192
854,0,0.000892,0.000189,0.998919
855,0,0.998667,0.000790,0.000543
856,1,0.997838,0.001894,0.000267
857,1,0.998188,0.000654,0.001158
858,0,0.950380,0.000893,0.048726
859,0,0.941173,0.000927,0.057900
860,0,0.001135,0.000183,0.998681
861,0,0.980616,0.000637,0.018747
862,0,0.173377,0.001255,0.825368
863,1,0.997269,0.000496,0.002235
864,0,0.016410,0.410570,0.573020
865,1,0.975872,0.000705,0.023423
866,0,0.001175,0.000189,0.998636
867,0,0.997793,0.000539,0.001668
868,0,0.029044,0.000460,0.970496
869,0,0.952681,0.000659,0.046659
870,0,0.907893,0.000685,0.091423
871,1,0.851339,0.000862,0.147799
872,0,0.908177,0.000919,0.090904
873,0,0.079442,0.000363,0.920195
874,0,0.873770,0.000702,0.125528
875,0,0.002597,0.000191,0.997212
876,0,0.118372,0.000516,0.881112
877,0,0.988632,0.004888,0.006481
878,0,0.766888,0.001543,0.231569
879,0,0.988787,0.000498,0.010715
880,1,0.998178,0.001513,0.000309
881,0,0.001855,0.000178,0.997967
882,0,0.225269,0.000963,0.773768
883,0,0.001367,0.000203,0.998430
884,0,0.996606,0.000476,0.002918
885,0,0.210272,0.000883,0.788845
886,0,0.394159,0.001236,0.604605
887,0,0.958597,0.000670,0.040732
888,0,0.044962,0.000568,0.954470
889,0,0.998130,0.000540,0.001330
890,0,0.001586,0.000194,0.998220
891,0,0.997520,0.000548,0.001933
892,0,0.013404,0.000286,0.986310
893,0,0.205660,0.001034,0.793306
894,0,0.001229,0.000200,0.998571
895,0,0.001218,0.000195,0.998587
896,0,0.449039,0.001325,0.549636
897,0,0.005899,0.000226,0.993876
898,0,0.300458,0.001127,0.698416
899,0,0.000610,0.000320,0.999070
900,1,0.646467,0.001109,0.352424
901,0,0.069669,0.000565,0.929766
902,0,0.001004,0.000189,0.998808
903,0,0.030604,0.000425,0.968971
904,0,0.154189,0.000679,0.845131
905,0,0.254004,0.001550,0.744446
906,0,0.054963,0.110928,0.834109
907,0,0.701898,0.001613,0.296490
908,0,0.072322,0.000606,0.927072
909,0,0.000529,0.000236,0.999236
910,0,0.008478,0.000310,0.991211
911,0,0.997916,0.000543,0.001542
912,0,0.001404,0.000182,0.998414
913,1,0.052948,0.000542,0.946510
914,0,0.010423,0.000291,0.989286
915,0,0.816759,0.144997,0.038244
916,0,0.477136,0.519930,0.002934
917,0,0.000719,0.000254,0.999027
918,0,0.002324,0.000181,0.997495
919,0,0.952741,0.000593,0.046666
920,0,0.988793,0.000665,0.010542
921,0,0.000584,0.000218,0.999198
922,1,0.998530,0.000782,0.000689
923,1,0.997706,0.002020,0.000274
924,0,0.000885,0.000203,0.998911
925,1,0.926543,0.000631,0.072826
926,1,0.998613,0.000945,0.000443
927,1,0.995653,0.000482,0.003865
928,1,0.997967,0.000516,0.001517
929,1,0.998650,0.000663,0.000688
930,1,0.998326,0.000600,0.001073
931,0,0.986978,0.000639,0.012383
932,0,0.003228,0.000230,0.996542
933,1,0.004782,0.000190,0.995028
934,0,0.267538,0.000664,0.731798
935,0,0.001024,0.000182,0.998794
936,1,0.984909,0.000556,0.014535
937,0,0.059645,0.000545,0.939810
938,0,0.000704,0.000205,0.999091
939,0,0.002003,0.000209,0.997787
940,0,0.044363,0.000592,0.955045
941,0,0.168220,0.000698,0.831082
942,0,0.000838,0.000196,0.998966
943,0,0.987189,0.000503,0.012307
944,0,0.000740,0.000207,0.999053
945,0,0.162964,0.000920,0.836116
946,0,0.000748,0.000191,0.999061
947,0,0.726337,0.001588,0.272075
948,0,0.090926,0.000623,0.908451
949,0,0.998457,0.000702,0.000841
950,0,0.004592,0.003062,0.992346
951,0,0.003943,0.000261,0.995796
952,1,0.998586,0.000642,0.000772
953,0,0.067352,0.000583,0.932065
954,0,0.009879,0.000310,0.989811
955,0,0.997935,0.000508,0.001557
956,1,0.997927,0.000516,0.001556
957,1,0.997201,0.002518,0.000281
958,1,0.485581,0.000889,0.513530
959,1,0.307361,0.000660,0.691978
960,1,0.997197,0.002395,0.000408
961,0,0.989556,0.000674,0.009770
962,0,0.000524,0.000250,0.999226
963,0,0.126223,0.000828,0.872949
964,0,0.997949,0.000529,0.001522
965,1,0.203729,0.001378,0.794893
966,0,0.008429,0.000306,0.991264
967,0,0.000525,0.000238,0.999236
968,1,0.947364,0.000876,0.051760
969,1,0.998345,0.001344,0.000311
970,1,0.949904,0.000716,0.049380
971,0,0.002967,0.000235,0.996798
972,0,0.003349,0.000201,0.996450
973,1,0.996231,0.000492,0.003276
974,1,0.996684,0.002664,0.000652
975,0,0.000529,0.000239,0.999232
976,1,0.997577,0.002169,0.000253
977,0,0.000478,0.000256,0.999265
978,0,0.226482,0.000875,0.772643
979,1,0.200633,0.000707,0.798661
980,0,0.711142,0.001236,0.287622
981,1,0.997861,0.000475,0.001664
982,0,0.194291,0.427290,0.378419
983,0,0.941321,0.000949,0.057730
984,0,0.000612,0.000228,0.999159
985,0,0.000917,0.000189,0.998894
986,0,0.956380,0.000787,0.042833
987,0,0.002193,0.000169,0.997638
988,0,0.000787,0.000195,0.999018
989,0,0.813084,0.001057,0.185859
990,1,0.997628,0.002057,0.000315
991,1,0.996940,0.000693,0.002367
992,1,0.992913,0.000479,0.006608
993,0,0.040594,0.000564,0.958842
994,0,0.000945,0.000185,0.998870
995,0,0.442514,0.001897,0.555589
996,1,0.997604,0.000608,0.001788
997,1,0.998486,0.001111,0.000403
998,0,0.152133,0.000844,0.847023
999,0,0.926329,0.000787,0.072885
1000,1,0.998345,0.000598,0.001057
1001,0,0.144339,0.000548,0.855114
1002,1,0.996615,0.003057,0.000327
1003,1,0.998388,0.001220,0.000392
1004,1,0.242786,0.001593,0.755621
1005,1,0.998097,0.000578,0.001325
1006,0,0.105597,0.000620,0.893783
1007,1,0.998085,0.000865,0.001050
1008,1,0.985092,0.000677,0.014232
1009,0,0.899889,0.000673,0.099438
1010,1,0.998109,0.001458,0.000433
1011,1,0.998270,0.000592,0.001138
1012,1,0.246677,0.001015,0.752308
1013,0,0.000832,0.000210,0.998958
1014,0,0.682871,0.014742,0.302387
1015,0,0.526537,0.001034,0.472428
1016,1,0.111425,0.000834,0.887742
1017,0,0.000777,0.000383,0.998840
1018,1,0.998370,0.000843,0.000788
1019,1,0.860418,0.136016,0.003566
1020,0,0.019848,0.000322,0.979829
1021,0,0.002826,0.000195,0.996978
1022,0,0.998512,0.001014,0.000473
1023,1,0.821109,0.001162,0.177728
1024,0,0.276212,0.001039,0.722749
1025,0,0.000744,0.000200,0.999057
1026,0,0.000885,0.000193,0.998922
1027,1,0.998085,0.000540,0.001376
1028,0,0.011918,0.000311,0.987771
1029,0,0.998378,0.000535,0.001087
1030,0,0.475866,0.001491,0.522643
1031,0,0.662728,0.001238,0.336034
1032,0,0.941426,0.001981,0.056593
1033,1,0.998685,0.000774,0.000542
1034,1,0.010627,0.000307,0.989066
1035,0,0.997067,0.000514,0.002419
1036,0,0.000547,0.000232,0.999221
1037,0,0.998572,0.001050,0.000379
1038,0,0.000566,0.000226,0.999207
1039,1,0.949408,0.000536,0.050056
1040,0,0.966672,0.000643,0.032684
1041,0,0.006761,0.000268,0.992972
1042,1,0.995839,0.000520,0.003641
1043,0,0.473639,0.001335,0.525026
1044,0,0.995457,0.000477,0.004066
1045,0,0.000674,0.000217,0.999109
1046,0,0.000672,0.000209,0.999120
1047,0,0.850491,0.000801,0.148708
1048,0,0.001691,0.000177,0.998132
1049,0,0.000603,0.000219,0.999178
1050,0,0.000953,0.000191,0.998856
1051,0,0.004791,0.600842,0.394368
1052,0,0.998643,0.000919,0.000438
1053,1,0.857561,0.000756,0.141684
1054,1,0.966365,0.001137,0.032498
1055,1,0.685358,0.001256,0.313387
1056,1,0.998374,0.001325,0.000301
1057,0,0.034399,0.000495,0.965106
1058,0,0.218144,0.001537,0.780319
1059,1,0.998113,0.001532,0.000355
1060,1,0.038772,0.000460,0.960768
1061,1,0.998504,0.001104,0.000392
1062,0,0.011345,0.000342,0.988313
1063,1,0.833270,0.001126,0.165604
1064,1,0.070986,0.000504,0.928510
1065,0,0.998524,0.000551,0.000925
1066,0,0.972414,0.000583,0.027003
1067,0,0.000480,0.000241,0.999278
1068,1,0.894216,0.001062,0.104722
1069,0,0.098992,0.000618,0.900390
1070,0,0.001132,0.000204,0.998663
1071,1,0.995108,0.004673,0.000219
1072,1,0.862328,0.070609,0.067063
1073,0,0.225187,0.000836,0.773977
1074,0,0.001586,0.000169,0.998245
1075,0,0.998691,0.000717,0.000592
1076,0,0.939989,0.000550,0.059461
1077,1,0.043973,0.000740,0.955287
1078,0,0.507261,0.001455,0.491284
1079,0,0.998156,0.000593,0.001251
1080,0,0.039029,0.000665,0.960305
1081,0,0.162739,0.800370,0.036891
1082,1,0.001039,0.000197,0.998763
1083,0,0.998587,0.000788,0.000625
1084,0,0.396469,0.001183,0.602348
1085,0,0.988956,0.000919,0.010125
1086,0,0.000586,0.000240,0.999174
1087,1,0.029842,0.000347,0.969811
1088,1,0.831023,0.001562,0.167415
1089,1,0.936675,0.001007,0.062317
1090,1,0.998466,0.000806,0.000728
1091,0,0.000716,0.000207,0.999076
1092,0,0.008416,0.000237,0.991347
1093,1,0.652643,0.001192,0.346165
1094,1,0.995557,0.000567,0.003876
1095,0,0.994764,0.000476,0.004760
1096,0,0.000537,0.000243,0.999220
1097,0,0.985839,0.000640,0.013521
1098,0,0.157469,0.000936,0.841595
1099,0,0.001507,0.000198,0.998295
1100,0,0.039225,0.000669,0.960106
1101,0,0.003964,0.000192,0.995843
1102,0,0.997891,0.000546,0.001563
1103,1,0.996377,0.000573,0.003050
1104,0,0.008313,0.000279,0.991408
1105,1,0.958825,0.000636,0.040539
1106,1,0.037183,0.000826,0.961990
1107,0,0.000552,0.000231,0.999217
1108,0,0.003480,0.000226,0.996294
1109,0,0.001211,0.000180,0.998609
1110,0,0.622837,0.001269,0.375894
1111,0,0.998080,0.000520,0.001400
1112,0,0.076335,0.000881,0.922784
1113,0,0.997135,0.000470,0.002396
1114,0,0.998542,0.001110,0.000348
1115,0,0.998591,0.000697,0.000713
1116,0,0.915022,0.000878,0.084100
1117,0,0.867884,0.000827,0.131289
1118,0,0.002823,0.000233,0.996943
1119,1,0.120804,0.546077,0.333119
1120,1,0.002087,0.000179,0.997734
1121,0,0.579741,0.299612,0.120647
1122,1,0.977864,0.000548,0.021587
1123,1,0.996657,0.000502,0.002841
1124,0,0.000751,0.002178,0.997071
1125,0,0.995183,0.000471,0.004346
1126,1,0.998177,0.001538,0.000285
1127,0,0.997998,0.001017,0.000985
1128,0,0.998394,0.001007,0.000599
1129,0,0.995378,0.000998,0.003624
1130,0,0.998589,0.000763,0.000648
1131,0,0.000520,0.000243,0.999237
1132,1,0.315555,0.001041,0.683405
1133,1,0.550700,0.000874,0.448426
1134,0,0.000647,0.000211,0.999142
1135,0,0.000621,0.000226,0.999153
1136,0,0.015957,0.022492,0.961551
1137,0,0.998090,0.001632,0.000278
1138,1,0.975643,0.022336,0.002021
1139,0,0.823165,0.001439,0.175397
1140,0,0.687920,0.001499,0.310581
1141,0,0.346006,0.001418,0.652577
1142,0,0.002558,0.000199,0.997243
1143,0,0.001512,0.000200,0.998288
1144,1,0.827008,0.002194,0.170798
1145,1,0.995578,0.000554,0.003868
1146,1,0.823120,0.000752,0.176128
1147,0,0.554602,0.417695,0.027703
1148,0,0.998381,0.000691,0.000927
1149,0,0.002149,0.000186,0.997665
1150,1,0.998423,0.001154,0.000423
1151,1,0.998518,0.001036,0.000447
1152,0,0.998494,0.000745,0.000761
1153,0,0.100252,0.000944,0.898804
1154,0,0.998535,0.001059,0.000406
1155,1,0.997856,0.001873,0.000271
1156,0,0.008994,0.000270,0.990735
1157,0,0.013202,0.000325,0.986473
1158,0,0.997735,0.000470,0.001796
1159,0,0.998619,0.000910,0.000471
1160,0,0.995805,0.000514,0.003681
1161,1,0.529894,0.466398,0.003709
1162,1,0.977884,0.000629,0.021486
1163,0,0.998046,0.000608,0.001347
1164,1,0.944700,0.000885,0.054415
1165,1,0.998455,0.000763,0.000783
1166,1,0.079491,0.849806,0.070703
1167,1,0.929790,0.000675,0.069535
1168,0,0.560143,0.001644,0.438213
1169,1,0.975580,0.000540,0.023880
1170,1,0.955473,0.000707,0.043820
1171,1,0.998464,0.001166,0.000369
1172,1,0.290425,0.554373,0.155201
1173,1,0.062082,0.000477,0.937441
1174,0,0.002749,0.000198,0.997052
1175,1,0.998582,0.000846,0.000572
1176,0,0.991359,0.000482,0.008159
1177,1,0.998561,0.000921,0.000517
1178,1,0.998715,0.000776,0.000509
1179,0,0.006257,0.000261,0.993482
1180,0,0.840991,0.000975,0.158035
1181,0,0.402108,0.001597,0.596295
1182,0,0.998359,0.000573,0.001068
1183,0,0.426451,0.001280,0.572269
1184,0,0.992633,0.000626,0.006741
1185,0,0.002726,0.000177,0.997097
1186,0,0.944719,0.000912,0.054369
1187,1,0.993057,0.000551,0.006392
1188,1,0.000766,0.000198,0.999036
1189,0,0.039221,0.000576,0.960203
1190,0,0.052664,0.000474,0.946862
1191,0,0.797428,0.001154,0.201417
1192,1,0.001317,0.000187,0.998496
1193,1,0.998692,0.000851,0.000456
1194,0,0.994536,0.000469,0.004995
1195,0,0.001055,0.000189,0.998756
1196,1,0.000836,0.000261,0.998903
1197,1,0.049530,0.000359,0.950111
1198,1,0.971025,0.000561,0.028413
1199,1,0.250396,0.001164,0.748439
1200,1,0.001454,0.000181,0.998365
1201,1,0.998573,0.001079,0.000348
1202,1,0.998248,0.001381,0.000371
1203,1,0.998298,0.001374,0.000329
1204,1,0.478616,0.510169,0.011215
1205,1,0.996928,0.000536,0.002536
1206,1,0.002713,0.000230,0.997058
1207,1,0.998734,0.000791,0.000475
1208,1,0.998627,0.000922,0.000451
1209,1,0.993456,0.000651,0.005893
1210,1,0.660844,0.001022,0.338135
1211,1,0.967909,0.000656,0.031435
1212,1,0.114790,0.000490,0.884720
1213,1,0.998434,0.000816,0.000750
1214,1,0.436980,0.000882,0.562138
1215,1,0.000808,0.000202,0.998990
1216,1,0.618034,0.173516,0.208450
1217,1,0.994051,0.000595,0.005354
1218,1,0.996509,0.003251,0.000241
1219,1,0.998187,0.001513,0.000300
1220,1,0.997778,0.000561,0.001661
1221,1,0.001821,0.000186,0.997993
1222,1,0.998639,0.000609,0.000753
1223,1,0.998677,0.000895,0.000428
1224,1,0.996828,0.002816,0.000355
1225,1,0.996178,0.000486,0.003337
1226,1,0.998352,0.000591,0.001057
1227,1,0.987315,0.000544,0.012141
1228,1,0.998123,0.000611,0.001265
1229,1,0.434811,0.001421,0.563768
1230,1,0.011839,0.000297,0.987864
1231,1,0.994705,0.000554,0.004741
1232,1,0.934580,0.000816,0.064604
1233,1,0.707212,0.001207,0.291582
1234,1,0.998545,0.000780,0.000675
1235,1,0.023264,0.000420,0.976316
1236,1,0.848048,0.114651,0.037301
1237,1,0.991542,0.000542,0.007917
1238,1,0.996663,0.000505,0.002832
1239,0,0.524992,0.001626,0.473381
1240,1,0.998235,0.001473,0.000292
1241,1,0.495361,0.028603,0.476037
1242,1,0.961369,0.000636,0.037995
1243,1,0.016785,0.000290,0.982924
1244,1,0.064065,0.000530,0.935405
1245,1,0.012122,0.000280,0.987598
1246,1,0.001950,0.000181,0.997869
1247,1,0.998537,0.000912,0.000551
1248,0,0.260991,0.369553,0.369456
1249,1,0.003989,0.000185,0.995826
1250,1,0.998472,0.001159,0.000369
1251,1,0.997750,0.000625,0.001625
1252,1,0.998384,0.001076,0.000540
1253,1,0.998683,0.000857,0.000461
1254,0,0.005851,0.000259,0.993890
1255,0,0.427679,0.036414,0.535908
1256,0,0.005401,0.000210,0.994389
1257,0,0.987192,0.000569,0.012239
1258,1,0.697270,0.001209,0.301521
1259,0,0.998698,0.000711,0.000591
1260,1,0.691826,0.001020,0.307154
1261,1,0.002429,0.000239,0.997332
1262,1,0.000636,0.000232,0.999132
1263,0,0.000760,0.000221,0.999018
1264,0,0.005210,0.000262,0.994528
1265,0,0.001493,0.000211,0.998295
1266,1,0.786293,0.001155,0.212552
1267,0,0.000744,0.000204,0.999052
1268,0,0.998563,0.000648,0.000789
1269,0,0.997750,0.000575,0.001675
1270,1,0.012067,0.513615,0.474318
1271,0,0.997979,0.000768,0.001253
1272,0,0.404719,0.001214,0.594067
1273,0,0.126841,0.064044,0.809115
1274,0,0.086521,0.000482,0.912998
1275,0,0.708592,0.001153,0.290255
1276,1,0.965761,0.000830,0.033409
1277,1,0.990572,0.000445,0.008983
1278,1,0.986998,0.000820,0.012182
1279,1,0.051474,0.000362,0.948164
1280,0,0.721945,0.001034,0.277021
1281,0,0.004194,0.000316,0.995490
1282,1,0.002262,0.000212,0.997526
1283,0,0.200471,0.001370,0.798160
1284,1,0.994871,0.000496,0.004633
1285,1,0.733929,0.001248,0.264823
1286,0,0.998476,0.000604,0.000921
1287,0,0.000657,0.000217,0.999126
1288,0,0.833993,0.001063,0.164944
1289,0,0.002536,0.000194,0.997270
1290,1,0.032320,0.000428,0.967252
1291,0,0.008689,0.001056,0.990255
1292,0,0.001186,0.000190,0.998624
1293,1,0.980910,0.000827,0.018262
1294,1,0.998669,0.000842,0.000489
1295,0,0.995164,0.000567,0.004269
1296,1,0.297749,0.001275,0.700976
1297,0,0.987010,0.000960,0.012031
1298,1,0.998681,0.000725,0.000594
1299,0,0.000565,0.000233,0.999202
1300,0,0.014570,0.000308,0.985122
1301,1,0.978601,0.018435,0.002964
1302,1,0.523601,0.000689,0.475710
1303,1,0.376694,0.001141,0.622164
1304,0,0.998254,0.000565,0.001181
1305,0,0.000513,0.000240,0.999247
1306,0,0.996989,0.000488,0.002522
1307,0,0.986562,0.000585,0.012853
1308,1,0.998272,0.000765,0.000962
1309,1,0.545796,0.139832,0.314372
1310,0,0.000793,0.000221,0.998986
1311,0,0.011617,0.000237,0.988146
1312,1,0.998198,0.000784,0.001019
1313,0,0.023953,0.000378,0.975670
1314,0,0.998514,0.001074,0.000412
1315,1,0.723958,0.000858,0.275185
1316,0,0.998248,0.000567,0.001186
1317,1,0.993442,0.000505,0.006053
1318,1,0.990626,0.000569,0.008805
1319,0,0.013801,0.412323,0.573875
1320,0,0.901301,0.000967,0.097732
1321,0,0.998305,0.001405,0.000290
1322,1,0.000608,0.000235,0.999158
1323,0,0.002641,0.000215,0.997144
1324,0,0.000558,0.000230,0.999212
1325,0,0.001861,0.000186,0.997953
1326,1,0.001605,0.000194,0.998201
1327,0,0.000510,0.000245,0.999246
1328,0,0.064133,0.000480,0.935387
1329,1,0.997831,0.001919,0.000251
1330,1,0.998384,0.001222,0.000394
1331,0,0.993827,0.000506,0.005667
1332,1,0.998061,0.001659,0.000279
1333,1,0.998729,0.000695,0.000576
1334,0,0.001583,0.000192,0.998225
1335,0,0.997482,0.000526,0.001992
1336,1,0.277207,0.001445,0.721348
1337,0,0.642115,0.001713,0.356172
1338,0,0.004126,0.000200,0.995674
1339,1,0.998544,0.000663,0.000793
1340,1,0.998413,0.000909,0.000678
1341,1,0.000701,0.000210,0.999089
1342,0,0.000602,0.000212,0.999186
1343,0,0.272045,0.001374,0.726581
1344,0,0.001183,0.000886,0.997931
1345,1,0.998637,0.000748,0.000615
1346,1,0.184655,0.000854,0.814491
1347,1,0.438367,0.001394,0.560239
1348,0,0.000472,0.000250,0.999278
1349,1,0.001939,0.000209,0.997853
1350,0,0.990306,0.000593,0.009101
1351,1,0.998260,0.001451,0.000289
1352,1,0.937103,0.000803,0.062094
1353,0,0.229574,0.391456,0.378971
1354,1,0.719844,0.001021,0.279135
1355,1,0.995930,0.000484,0.003586
1356,1,0.662298,0.001178,0.336524
1357,1,0.997141,0.000483,0.002376
1358,1,0.477614,0.479623,0.042763
1359,0,0.547739,0.110319,0.341942
1360,1,0.388069,0.575766,0.036165
1361,0,0.975599,0.000613,0.023788
1362,1,0.000630,0.000214,0.999155
1363,0,0.958291,0.000902,0.040808
1364,0,0.128423,0.000643,0.870934
1365,1,0.940329,0.000788,0.058883
1366,0,0.468529,0.001469,0.530002
1367,1,0.137572,0.000480,0.861948
1368,1,0.000613,0.000218,0.999169
1369,1,0.997249,0.002485,0.000266
1370,0,0.042031,0.000606,0.957364
1371,1,0.997593,0.000543,0.001864
1372,0,0.998500,0.001145,0.000355
1373,0,0.000613,0.000222,0.999164
1374,0,0.988032,0.000648,0.011320
1375,0,0.511949,0.001447,0.486604
1376,1,0.000762,0.000190,0.999048
1377,1,0.000456,0.000270,0.999273
1378,0,0.000571,0.000221,0.999208
1379,1,0.998409,0.000850,0.000740
1380,1,0.891068,0.001443,0.107490
1381,1,0.998531,0.000628,0.000841
1382,0,0.000641,0.000217,0.999142
1383,1,0.998338,0.001309,0.000353
1384,0,0.958688,0.000812,0.040500
1385,1,0.998540,0.000735,0.000725
1386,0,0.685148,0.000700,0.314152
1387,0,0.000467,0.000470,0.999063
1388,1,0.998620,0.000736,0.000644
1389,0,0.008653,0.000299,0.991048
1390,0,0.001908,0.000201,0.997890
1391,0,0.756527,0.001030,0.242443
1392,1,0.506038,0.001143,0.492820
1393,0,0.000563,0.000228,0.999209
1394,0,0.730278,0.000929,0.268794
1395,1,0.001160,0.000189,0.998651
1396,0,0.417865,0.001292,0.580843
1397,1,0.027496,0.000431,0.972074
1398,0,0.998533,0.001016,0.000451
1399,1,0.985665,0.000575,0.013760
1400,1,0.998538,0.001112,0.000350
1401,0,0.998359,0.000639,0.001002
1402,1,0.944237,0.000814,0.054949
1403,1,0.047343,0.000443,0.952214
1404,0,0.854155,0.001090,0.144755
1405,1,0.456975,0.000816,0.542209
1406,1,0.998317,0.001374,0.000309
1407,1,0.998403,0.000609,0.000988
1408,1,0.973659,0.000576,0.025764
1409,0,0.007589,0.000352,0.992058
1410,1,0.984651,0.000779,0.014570
1411,0,0.997456,0.000627,0.001917
1412,1,0.997755,0.001856,0.000389
1413,0,0.006955,0.000206,0.992839
1414,0,0.996811,0.000469,0.002720
1415,0,0.015029,0.000279,0.984692
1416,0,0.000586,0.000221,0.999193
1417,0,0.450327,0.001532,0.548141
1418,0,0.069687,0.000616,0.929697
1419,1,0.998602,0.000741,0.000657
1420,1,0.990401,0.000507,0.009092
1421,0,0.002071,0.000178,0.997751
1422,0,0.002152,0.000201,0.997647
1423,0,0.053468,0.000573,0.945959
1424,0,0.998529,0.000600,0.000871
1425,0,0.998333,0.001234,0.000433
1426,0,0.998647,0.000746,0.000607
1427,0,0.998579,0.000765,0.000655
1428,1,0.991654,0.000645,0.007701
1429,1,0.998453,0.000560,0.000987
1430,1,0.998518,0.000945,0.000537
1431,1,0.986650,0.000577,0.012773
1432,0,0.997619,0.000493,0.001888
1433,0,0.355680,0.001231,0.643089
1434,1,0.014656,0.495386,0.489959
1435,0,0.744201,0.001271,0.254528
1436,0,0.996610,0.000479,0.002911
1437,0,0.010742,0.010152,0.979106
1438,0,0.837910,0.001904,0.160186
1439,1,0.989731,0.000538,0.009731
1440,0,0.015847,0.000267,0.983887
1441,0,0.001106,0.000191,0.998703
1442,0,0.015054,0.000341,0.984605
1443,0,0.048018,0.000853,0.951129
1444,0,0.997431,0.000532,0.002037
1445,0,0.990409,0.000730,0.008861
1446,0,0.100920,0.392651,0.506429
1447,0,0.510629,0.001046,0.488325
1448,1,0.504038,0.480265,0.015696
1449,1,0.526181,0.001231,0.472588
1450,1,0.944996,0.000978,0.054025
1451,0,0.939491,0.000659,0.059850
1452,0,0.998207,0.001481,0.000313
1453,1,0.936381,0.000861,0.062757
1454,1,0.216181,0.266270,0.517549
1455,1,0.239019,0.005140,0.755840
1456,1,0.082484,0.000517,0.916999
1457,0,0.003744,0.000647,0.995609
1458,0,0.997000,0.000545,0.002455
1459,0,0.009016,0.000240,0.990744
1460,0,0.998456,0.001219,0.000325
1461,1,0.967250,0.000720,0.032030
1462,1,0.331997,0.504740,0.163263
1463,0,0.998357,0.001035,0.000608
1464,0,0.906285,0.000915,0.092800
1465,0,0.041763,0.117526,0.840711
1466,0,0.990733,0.000500,0.008766
1467,0,0.000527,0.000241,0.999233
1468,1,0.989329,0.000537,0.010133
1469,1,0.994714,0.000509,0.004778
1470,0,0.921314,0.001225,0.077461
1471,0,0.306402,0.001235,0.692363
1472,0,0.001496,0.000172,0.998332
1473,1,0.000911,0.000190,0.998898
1474,0,0.960989,0.001066,0.037945
1475,0,0.001432,0.000215,0.998354
1476,0,0.000539,0.000272,0.999189
1477,1,0.997946,0.001738,0.000315
1478,0,0.984915,0.000666,0.014420
1479,0,0.000644,0.000215,0.999142
1480,0,0.312007,0.002614,0.685379
1481,0,0.804781,0.000695,0.194523
1482,0,0.000519,0.000231,0.999250
1483,1,0.993373,0.006338,0.000290
1484,0,0.002954,0.000216,0.996830
1485,1,0.006454,0.004952,0.988594
1486,1,0.859090,0.001567,0.139343
1487,0,0.008998,0.000378,0.990624
1488,0,0.002333,0.000230,0.997437
1489,0,0.346033,0.000994,0.652972
1490,1,0.971422,0.000548,0.028030
1491,1,0.907923,0.000890,0.091187
1492,0,0.002283,0.000185,0.997532
1493,0,0.998583,0.000626,0.000792
1494,0,0.005467,0.000282,0.994251
1495,0,0.961510,0.000686,0.037804
1496,0,0.998475,0.000608,0.000917
1497,1,0.963915,0.000727,0.035357
1498,0,0.105119,0.000725,0.894157
1499,0,0.988168,0.000555,0.011277
1500,0,0.000502,0.003591,0.995906
1501,0,0.997148,0.000529,0.002323
1502,0,0.018111,0.000701,0.981188
1503,1,0.995820,0.000502,0.003678
1504,1,0.998701,0.000774,0.000525
1505,1,0.997745,0.001988,0.000267
1506,0,0.373918,0.000935,0.625147
1507,0,0.143748,0.000615,0.855637
1508,1,0.995407,0.000486,0.004107
1509,1,0.987363,0.000508,0.012129
1510,0,0.228878,0.001350,0.769771
1511,0,0.408012,0.551999,0.039989
1512,0,0.856915,0.001342,0.141743
1513,1,0.978570,0.000814,0.020616
1514,0,0.998143,0.000511,0.001346
1515,1,0.991915,0.000549,0.007537
1516,0,0.993349,0.000533,0.006119
1517,0,0.005095,0.221314,0.773591
1518,1,0.018695,0.000238,0.981067
1519,0,0.992902,0.000529,0.006569
1520,0,0.998426,0.000714,0.000860
1521,1,0.983315,0.000743,0.015942
1522,0,0.347552,0.000774,0.651674
1523,0,0.107527,0.000813,0.891661
1524,0,0.001083,0.000222,0.998695
1525,0,0.000791,0.000203,0.999006
1526,0,0.989803,0.000555,0.009642
1527,0,0.016699,0.000279,0.983022
1528,0,0.987899,0.000482,0.011619
1529,0,0.956253,0.000915,0.042832
1530,0,0.137355,0.001203,0.861442
1531,0,0.928781,0.001650,0.069569
1532,0,0.998035,0.000528,0.001437
1533,0,0.407206,0.001181,0.591613
1534,0,0.001646,0.000204,0.998150
1535,0,0.001160,0.000196,0.998644
1536,0,0.988306,0.000581,0.011113
1537,0,0.529590,0.001044,0.469365
1538,0,0.052952,0.000466,0.946582
1539,0,0.994249,0.000471,0.005281
1540,0,0.001032,0.000189,0.998779
1541,0,0.225424,0.002273,0.772302
1542,0,0.001372,0.000181,0.998447
1543,0,0.000624,0.000209,0.999167
1544,0,0.024912,0.000393,0.974696
1545,0,0.998052,0.000563,0.001385
1546,0,0.000536,0.000249,0.999215
1547,0,0.000579,0.000226,0.999194
1548,0,0.033593,0.000464,0.965942
1549,0,0.003241,0.000266,0.996493
1550,0,0.992495,0.000814,0.006691
1551,0,0.005918,0.000273,0.993808
1552,0,0.821169,0.001070,0.177760
1553,0,0.026405,0.000375,0.973220
1554,0,0.997894,0.000573,0.001533
1555,0,0.374626,0.001157,0.624218
1556,0,0.000564,0.000234,0.999202
1557,0,0.000812,0.000227,0.998961
1558,0,0.998654,0.000740,0.000606
1559,0,0.892713,0.000681,0.106605
1560,0,0.000709,0.000209,0.999082
1561,0,0.000627,0.000220,0.999153
1562,0,0.997953,0.000511,0.001536
1563,0,0.019801,0.000236,0.979964
1564,0,0.923913,0.002409,0.073678
1565,0,0.002686,0.000203,0.997111
1566,0,0.003720,0.000223,0.996057
1567,0,0.068755,0.000744,0.930501
1568,0,0.005231,0.000260,0.994509
1569,0,0.001335,0.000175,0.998489
1570,0,0.973537,0.000683,0.025780
1571,0,0.000977,0.000204,0.998819
1572,0,0.000525,0.000255,0.999220
1573,0,0.044928,0.000540,0.954532
1574,0,0.397579,0.001231,0.601190
1575,0,0.995308,0.000656,0.004036
1576,0,0.001809,0.000213,0.997978
1577,0,0.001692,0.000186,0.998121
1578,0,0.904483,0.001052,0.094465
1579,0,0.076086,0.001059,0.922855
1580,0,0.012503,0.000272,0.987225
1581,0,0.003037,0.032954,0.964009
1582,0,0.000533,0.000246,0.999221
1583,0,0.017686,0.000429,0.981885
1584,0,0.036411,0.000728,0.962860
1585,0,0.883374,0.000846,0.115779
1586,0,0.914135,0.001063,0.084802
1587,0,0.442514,0.000815,0.556671
1588,0,0.104588,0.000488,0.894924
1589,0,0.020043,0.000433,0.979524
1590,0,0.000600,0.000218,0.999182
1591,0,0.998038,0.001683,0.000279
1592,0,0.001398,0.000199,0.998403
1593,0,0.001341,0.000187,0.998472
1594,0,0.010999,0.000274,0.988727
1595,0,0.947927,0.000709,0.051364
1596,0,0.814524,0.001345,0.184132
1597,0,0.998086,0.000544,0.001370
1598,0,0.007971,0.000286,0.991743
1599,0,0.000747,0.000206,0.999047
1600,0,0.000740,0.000202,0.999057
1601,0,0.977687,0.000645,0.021668
1602,0,0.012841,0.000338,0.986821
1603,1,0.998462,0.000599,0.000940
1604,1,0.998621,0.000829,0.000549
1605,1,0.002915,0.000186,0.996899
1606,1,0.998473,0.000637,0.000890
1607,1,0.998626,0.000951,0.000423
1608,1,0.149535,0.548433,0.302032
1609,0,0.021304,0.000421,0.978275
1610,1,0.046967,0.000492,0.952541
1611,1,0.992617,0.007113,0.000270
1612,1,0.962205,0.000694,0.037101
1613,1,0.997704,0.002005,0.000291
1614,0,0.994879,0.000549,0.004572
1615,1,0.349588,0.001102,0.649310
1616,0,0.001173,0.000199,0.998629
1617,0,0.998202,0.000948,0.000850
1618,1,0.998560,0.001001,0.000440
1619,1,0.998171,0.000648,0.001181
1620,1,0.996603,0.000793,0.002604
1621,1,0.998296,0.001406,0.000298
1622,1,0.997696,0.002056,0.000248
1623,1,0.997736,0.001960,0.000304
1624,1,0.998615,0.000771,0.000615
1625,0,0.998664,0.000854,0.000482
1626,1,0.970917,0.000877,0.028206
1627,1,0.998539,0.001066,0.000395
1628,1,0.998400,0.001297,0.000304
1629,1,0.574995,0.409891,0.015113
1630,1,0.000507,0.000238,0.999255
1631,1,0.998278,0.001388,0.000334
1632,1,0.997713,0.002049,0.000238
1633,1,0.987371,0.000614,0.012015
1634,1,0.998298,0.000601,0.001100
1635,1,0.001547,0.000207,0.998246
1636,0,0.000536,0.000238,0.999226
1637,0,0.998173,0.001516,0.000312
1638,1,0.998216,0.001505,0.000279
1639,1,0.998383,0.000813,0.000804
1640,1,0.001749,0.000176,0.998075
1641,1,0.181974,0.000898,0.817129
1642,0,0.000873,0.000200,0.998927
1643,1,0.924447,0.000750,0.074803
1644,1,0.415716,0.001446,0.582838
1645,1,0.997452,0.002245,0.000302
1646,1,0.990803,0.000773,0.008424
1647,1,0.998542,0.001076,0.000382
1648,1,0.994637,0.000538,0.004825
1649,1,0.983920,0.000537,0.015544
1650,0,0.997015,0.000520,0.002465
1651,1,0.996820,0.002783,0.000397
1652,1,0.242649,0.002135,0.755216
1653,1,0.608262,0.159839,0.231899
1654,1,0.225128,0.000832,0.774040
1655,1,0.998429,0.001251,0.000320
1656,1,0.997952,0.000542,0.001507
1657,1,0.997114,0.002647,0.000240
1658,1,0.998199,0.001477,0.000324
1659,1,0.996410,0.000660,0.002930
1660,1,0.995217,0.004557,0.000226
1661,0,0.000477,0.000248,0.999275
1662,1,0.969058,0.000659,0.030283
1663,0,0.005378,0.000268,0.994354
1664,1,0.048456,0.000358,0.951187
1665,1,0.995715,0.003888,0.000397
1666,1,0.998085,0.001593,0.000323
1667,1,0.996501,0.003267,0.000232
1668,0,0.996653,0.000530,0.002817
1669,1,0.998401,0.001293,0.000307
1670,1,0.994086,0.005678,0.000235
1671,0,0.986102,0.000562,0.013336
1672,1,0.997502,0.001790,0.000708
1673,0,0.997421,0.000584,0.001995
1674,0,0.000582,0.000231,0.999187
1675,0,0.325931,0.001579,0.672490
1676,0,0.997445,0.000654,0.001901
1677,0,0.979533,0.000609,0.019859
1678,0,0.114953,0.000643,0.884404
1679,0,0.694288,0.001650,0.304063
1680,0,0.000653,0.000220,0.999127
1681,0,0.008135,0.000255,0.991611
1682,0,0.998459,0.000772,0.000769
1683,0,0.000832,0.000204,0.998964
1684,0,0.996971,0.000678,0.002350
1685,0,0.959915,0.001116,0.038969
1686,0,0.039575,0.000435,0.959990
1687,0,0.998038,0.000538,0.001424
1688,0,0.096931,0.000663,0.902406
1689,0,0.328093,0.001732,0.670175
1690,0,0.998656,0.000639,0.000705
1691,0,0.998446,0.001067,0.000486
1692,0,0.001179,0.000191,0.998630
1693,0,0.987862,0.000534,0.011604
1694,0,0.998601,0.001005,0.000395
1695,0,0.998605,0.000652,0.000743
1696,0,0.625060,0.001339,0.373601
1697,0,0.001938,0.000283,0.997779
1698,0,0.000734,0.000534,0.998732
1699,0,0.977970,0.000780,0.021250
1700,0,0.991792,0.000542,0.007666
1701,0,0.996893,0.000501,0.002605
1702,0,0.052810,0.000576,0.946614
1703,0,0.007677,0.001287,0.991036
1704,0,0.047720,0.001109,0.951171
1705,0,0.110667,0.000544,0.888789
1706,0,0.935940,0.000817,0.063243
1707,0,0.652892,0.001406,0.345701
1708,0,0.012560,0.000378,0.987063
1709,1,0.006327,0.000285,0.993387
1710,1,0.923000,0.001015,0.075984
1711,1,0.014059,0.000283,0.985658
1712,1,0.998280,0.001272,0.000447
1713,1,0.998534,0.000663,0.000803
1714,0,0.000437,0.000276,0.999287
1715,1,0.998327,0.001088,0.000585
1716,1,0.007447,0.167946,0.824607
1717,1,0.988776,0.000543,0.010681
1718,0,0.000742,0.000196,0.999062
1719,1,0.621323,0.001231,0.377446
1720,1,0.022121,0.000283,0.977596
1721,1,0.764548,0.001375,0.234077
1722,1,0.576037,0.001460,0.422503
1723,0,0.981551,0.000689,0.017760
1724,1,0.142404,0.000814,0.856782
1725,1,0.485363,0.001325,0.513313
1726,1,0.088998,0.000603,0.910399
1727,1,0.024066,0.000360,0.975574
1728,1,0.008719,0.000243,0.991037
1729,1,0.000631,0.000219,0.999150
1730,1,0.013743,0.000352,0.985905
1731,1,0.003896,0.000214,0.995889
1732,1,0.970281,0.000667,0.029052
1733,1,0.988879,0.000623,0.010498
1734,0,0.621176,0.001438,0.377386
1735,1,0.995112,0.000593,0.004295
1736,1,0.995806,0.000547,0.003648
1737,1,0.000762,0.000198,0.999041
1738,1,0.982719,0.000592,0.016688
1739,1,0.998415,0.001217,0.000367
1740,1,0.995769,0.003448,0.000782
1741,1,0.998289,0.001374,0.000337
1742,0,0.476394,0.001067,0.522540
1743,1,0.981544,0.000594,0.017861
1744,1,0.989642,0.000517,0.009841
1745,0,0.979885,0.000787,0.019328
1746,1,0.055952,0.000517,0.943531
1747,0,0.998484,0.000540,0.000975
1748,1,0.993622,0.000569,0.005810
1749,1,0.998018,0.000542,0.001440
1750,1,0.986978,0.001054,0.011968
1751,1,0.075908,0.000509,0.923583
1752,1,0.998263,0.000560,0.001177
1753,1,0.987622,0.000666,0.011712
1754,1,0.997740,0.001910,0.000350
1755,0,0.996093,0.000496,0.003411
1756,1,0.998140,0.000547,0.001314
1757,0,0.001005,0.000217,0.998778
1758,0,0.663262,0.001057,0.335681
1759,1,0.998183,0.000506,0.001311
1760,1,0.029333,0.000382,0.970285
1761,0,0.993647,0.000610,0.005743
1762,0,0.000445,0.000755,0.998801
1763,1,0.030955,0.000468,0.968577
1764,1,0.996937,0.002757,0.000306
1765,1,0.998480,0.000980,0.000540
1766,1,0.998543,0.000992,0.000465
1767,0,0.242281,0.001370,0.756350
1768,1,0.213865,0.001001,0.785134
1769,1,0.998689,0.000818,0.000493
1770,0,0.998454,0.000550,0.000996
1771,1,0.469747,0.524288,0.005964
1772,1,0.992833,0.006773,0.000394
1773,1,0.997456,0.000493,0.002051
1774,1,0.300320,0.000815,0.698865
1775,1,0.345026,0.426119,0.228855
1776,1,0.998565,0.000701,0.000734
1777,1,0.231011,0.001183,0.767806
1778,1,0.178362,0.000520,0.821118
1779,1,0.998634,0.000731,0.000634
1780,1,0.386325,0.000966,0.612709
1781,1,0.154916,0.000872,0.844212
1782,1,0.986523,0.000619,0.012858
1783,1,0.012750,0.000310,0.986940
1784,1,0.006601,0.000246,0.993152
1785,1,0.834032,0.001015,0.164953
1786,1,0.009133,0.000265,0.990601
1787,1,0.996590,0.000531,0.002880
1788,1,0.998450,0.001161,0.000389
1789,0,0.373884,0.000990,0.625126
1790,1,0.998559,0.000563,0.000879
1791,1,0.998551,0.000603,0.000846
1792,1,0.980639,0.000638,0.018723
1793,1,0.003918,0.000181,0.995901
1794,1,0.026296,0.000388,0.973317
1795,1,0.854544,0.001256,0.144199
1796,1,0.998565,0.000612,0.000824
1797,1,0.585963,0.001288,0.412749
1798,0,0.001106,0.000224,0.998670
1799,1,0.954970,0.000769,0.044262
1800,1,0.998406,0.000649,0.000946
1801,1,0.946534,0.000617,0.052849
1802,1,0.093876,0.000495,0.905629
1803,1,0.021237,0.000365,0.978398
1804,0,0.538745,0.001330,0.459925
1805,1,0.627843,0.001011,0.371146
1806,1,0.998644,0.000758,0.000598
1807,1,0.001456,0.000190,0.998353
1808,1,0.005982,0.000300,0.993718
1809,1,0.909149,0.000658,0.090192
1810,0,0.997293,0.000516,0.002191
1811,0,0.041640,0.000484,0.957876
1812,0,0.409862,0.001183,0.588955
1813,0,0.259542,0.001158,0.739301
1814,0,0.992777,0.000529,0.006694
1815,0,0.010617,0.000257,0.989126
1816,0,0.044960,0.000552,0.954487
1817,0,0.001932,0.000183,0.997885
1818,0,0.998498,0.000582,0.000919
1819,0,0.885651,0.001159,0.113190
1820,0,0.002852,0.000226,0.996921
1821,1,0.915643,0.000675,0.083682
1822,1,0.108198,0.000623,0.891179
1823,1,0.007989,0.000216,0.991795
1824,1,0.996285,0.000469,0.003246
1825,1,0.165687,0.000620,0.833692
1826,1,0.998110,0.001606,0.000284
1827,1,0.998135,0.000578,0.001287
1828,0,0.206278,0.001875,0.791846
1829,0,0.704868,0.001239,0.293893
1830,1,0.026688,0.000403,0.972909
1831,1,0.998444,0.000695,0.000861
1832,1,0.998109,0.001514,0.000377
1833,1,0.981716,0.000623,0.017661
1834,1,0.749158,0.000993,0.249849
1835,0,0.990993,0.000672,0.008335
1836,0,0.002038,0.000212,0.997750
1837,1,0.685803,0.001155,0.313041
1838,1,0.994589,0.000552,0.004859
1839,1,0.002218,0.000227,0.997554
1840,1,0.989856,0.000483,0.009661
1841,1,0.998576,0.000824,0.000601
1842,1,0.997736,0.000511,0.001753
1843,1,0.995557,0.000469,0.003974
1844,1,0.641853,0.001546,0.356601
1845,1,0.998615,0.000710,0.000675
1846,0,0.000904,0.000213,0.998883
1847,1,0.997195,0.000474,0.002331
1848,1,0.000832,0.000191,0.998978
1849,1,0.994942,0.000503,0.004556
1850,1,0.998371,0.000825,0.000804
1851,1,0.135954,0.000817,0.863230
1852,1,0.996766,0.000487,0.002747
1853,1,0.979672,0.001020,0.019308
1854,1,0.997786,0.000683,0.001531
1855,1,0.997716,0.002020,0.000264
1856,1,0.102379,0.000563,0.897058
1857,1,0.997808,0.001871,0.000320
1858,1,0.997745,0.001872,0.000383
1859,1,0.998142,0.001398,0.000460
1860,1,0.997664,0.000537,0.001799
1861,1,0.097469,0.844403,0.058128
1862,1,0.963286,0.000665,0.036049
1863,1,0.166227,0.813895,0.019878
1864,0,0.028380,0.000649,0.970972
1865,1,0.615055,0.378363,0.006583
1866,1,0.996411,0.003251,0.000338
1867,1,0.967486,0.000756,0.031759
1868,1,0.306827,0.001766,0.691407
1869,1,0.020339,0.000423,0.979238
1870,1,0.272469,0.001978,0.725553
1871,1,0.319021,0.001149,0.679830
1872,1,0.003575,0.015408,0.981017
1873,1,0.151914,0.017111,0.830975
1874,0,0.001648,0.000226,0.998127
1875,0,0.762164,0.001254,0.236582
1876,0,0.744156,0.001443,0.254402
1877,0,0.997744,0.000551,0.001706
1878,0,0.485967,0.001263,0.512770
1879,0,0.002008,0.000208,0.997784
1880,0,0.441233,0.001237,0.557530
1881,0,0.002473,0.000179,0.997349
1882,0,0.733477,0.001389,0.265134
1883,0,0.039652,0.000402,0.959945
1884,0,0.016125,0.000323,0.983551
1885,0,0.000820,0.000203,0.998977
1886,0,0.000582,0.000236,0.999182
1887,0,0.007338,0.000261,0.992401
1888,0,0.161565,0.001088,0.837347
1889,0,0.000772,0.000201,0.999027
1890,0,0.543196,0.001839,0.454965
1891,0,0.032570,0.000626,0.966803
1892,0,0.998214,0.001370,0.000416
1893,0,0.996149,0.000571,0.003281
1894,0,0.027036,0.000361,0.972604
1895,0,0.000882,0.000196,0.998921
1896,0,0.001305,0.000208,0.998487
1897,0,0.001278,0.000186,0.998536
1898,0,0.013431,0.016836,0.969734
1899,0,0.003217,0.000238,0.996545
1900,0,0.000607,0.000221,0.999172
1901,0,0.001572,0.000204,0.998224
1902,0,0.034097,0.000700,0.965203
1903,0,0.017755,0.000509,0.981736
1904,0,0.000563,0.000224,0.999213
1905,0,0.000950,0.000206,0.998844
1906,0,0.000789,0.000285,0.998926
1907,0,0.994501,0.000589,0.004910
1908,0,0.153127,0.000542,0.846331
1909,0,0.983136,0.000712,0.016151
1910,0,0.001690,0.000222,0.998088
1911,0,0.176871,0.000715,0.822414
1912,0,0.207588,0.000640,0.791772
1913,0,0.001524,0.000219,0.998257
1914,0,0.943733,0.001562,0.054705
1915,0,0.031034,0.000470,0.968496
1916,0,0.000695,0.000208,0.999098
1917,0,0.071769,0.000397,0.927835
1918,0,0.009907,0.000194,0.989899
1919,0,0.993670,0.000560,0.005771
1920,0,0.003664,0.000205,0.996131
1921,0,0.056562,0.000845,0.942592
1922,0,0.001414,0.000194,0.998393
1923,0,0.548988,0.088268,0.362744
1924,0,0.086491,0.000890,0.912619
1925,0,0.144438,0.000923,0.854639
1926,0,0.030789,0.000430,0.968780
1927,0,0.815920,0.001476,0.182604
1928,0,0.000770,0.000209,0.999021
1929,0,0.984330,0.000693,0.014976
1930,0,0.007646,0.000302,0.992052
1931,0,0.064223,0.000922,0.934854
1932,0,0.000688,0.000229,0.999083
1933,0,0.001207,0.000194,0.998599
1934,0,0.001246,0.000198,0.998556
1935,0,0.995935,0.000530,0.003535
1936,0,0.000794,0.000213,0.998993
1937,0,0.997299,0.002379,0.000322
1938,0,0.997926,0.001762,0.000312
1939,0,0.895383,0.000824,0.103793
1940,0,0.616193,0.001262,0.382545
1941,0,0.000675,0.000222,0.999103
1942,0,0.996582,0.000466,0.002952
1943,0,0.000595,0.000225,0.999181
1944,0,0.001802,0.000187,0.998011
1945,0,0.000895,0.000246,0.998859
1946,0,0.489100,0.001192,0.509708
1947,0,0.000694,0.000214,0.999093
1948,0,0.001537,0.000198,0.998264
1949,0,0.997959,0.000500,0.001541
1950,0,0.810618,0.004750,0.184632
1951,0,0.527242,0.002046,0.470712
1952,0,0.964569,0.000812,0.034619
1953,0,0.991083,0.000540,0.008378
1954,0,0.001376,0.000207,0.998416
1955,0,0.998053,0.000558,0.001389
1956,0,0.987303,0.000527,0.012170
1957,0,0.782894,0.001262,0.215844
1958,0,0.049066,0.000514,0.950420
1959,0,0.018197,0.000278,0.981526
1960,0,0.072067,0.000712,0.927220
1961,0,0.007957,0.000221,0.991823
1962,1,0.008017,0.000273,0.991710
1963,0,0.201561,0.000581,0.797858
1964,1,0.677790,0.316147,0.006062
1965,0,0.137549,0.000573,0.861878
1966,1,0.001089,0.000184,0.998727
1967,1,0.997935,0.001738,0.000327
1968,1,0.799739,0.000942,0.199319
1969,0,0.000642,0.000210,0.999148
1970,0,0.003779,0.000214,0.996008
1971,0,0.781291,0.001023,0.217686
1972,1,0.347474,0.000915,0.651610
1973,0,0.990473,0.000525,0.009002
1974,1,0.997656,0.000608,0.001736
1975,0,0.849944,0.001202,0.148854
1976,1,0.067936,0.000586,0.931479
1977,1,0.997122,0.002632,0.000247
1978,1,0.998237,0.000561,0.001202
1979,0,0.990462,0.000504,0.009034
1980,0,0.946208,0.000782,0.053010
1981,0,0.010600,0.000277,0.989122
1982,1,0.967887,0.002974,0.029139
1983,0,0.000577,0.000220,0.999204
1984,0,0.000958,0.000185,0.998857
1985,0,0.982368,0.000641,0.016992
1986,0,0.952009,0.000619,0.047372
1987,0,0.007170,0.000206,0.992624
1988,0,0.998584,0.000648,0.000768
1989,0,0.000660,0.000215,0.999125
1990,0,0.036825,0.000385,0.962790
1991,0,0.966844,0.001214,0.031942
1992,1,0.998613,0.000965,0.000422
1993,0,0.997437,0.000758,0.001805
1994,1,0.322604,0.001261,0.676135
1995,0,0.057030,0.000388,0.942582
1996,0,0.772349,0.001090,0.226561
1997,0,0.000540,0.000238,0.999223
1998,0,0.539276,0.001359,0.459365
1999,0,0.968710,0.000834,0.030455
2000,0,0.071442,0.000492,0.928066
2001,0,0.000622,0.000218,0.999160
2002,1,0.045423,0.000569,0.954008
2003,0,0.006954,0.000229,0.992817
2004,1,0.551540,0.442207,0.006253
2005,1,0.998603,0.000982,0.000415
2006,1,0.000472,0.000262,0.999266
2007,1,0.936163,0.000745,0.063092
2008,0,0.002292,0.000205,0.997503
2009,0,0.042162,0.000533,0.957305
2010,1,0.998045,0.001675,0.000280
2011,0,0.008320,0.000235,0.991444
2012,1,0.998437,0.000667,0.000896
2013,0,0.001248,0.001951,0.996800
2014,1,0.996202,0.000549,0.003249
2015,1,0.857508,0.000978,0.141514
2016,0,0.000831,0.000190,0.998979
2017,0,0.003405,0.000266,0.996329
2018,1,0.997986,0.000503,0.001511
2019,1,0.965453,0.000696,0.033851
2020,1,0.998564,0.000849,0.000587
2021,0,0.998647,0.000831,0.000522
2022,0,0.029494,0.000400,0.970107
2023,0,0.990556,0.000484,0.008960
2024,0,0.981843,0.000485,0.017672
2025,1,0.972963,0.000616,0.026421
2026,1,0.182192,0.000608,0.817200
2027,0,0.983724,0.000799,0.015476
2028,0,0.003005,0.002700,0.994295
2029,0,0.002528,0.000239,0.997233
2030,0,0.995945,0.000542,0.003513
2031,0,0.997946,0.000501,0.001553
2032,1,0.963754,0.000746,0.035500
2033,1,0.077107,0.000458,0.922435
2034,1,0.998453,0.000613,0.000934
2035,0,0.994391,0.000750,0.004859
2036,0,0.994873,0.000544,0.004583
2037,1,0.909391,0.000787,0.089822
2038,0,0.274889,0.000988,0.724123
2039,1,0.010231,0.000270,0.989499
2040,1,0.998662,0.000930,0.000408
2041,1,0.703791,0.001190,0.295019
2042,1,0.000919,0.000214,0.998867
2043,1,0.263691,0.716711,0.019597
2044,0,0.996520,0.000519,0.002961
2045,0,0.007499,0.000301,0.992200
2046,0,0.033188,0.132488,0.834324
2047,1,0.001266,0.000185,0.998549
2048,0,0.049591,0.000467,0.949942
2049,0,0.002729,0.000226,0.997045
2050,0,0.457679,0.001066,0.541255
2051,0,0.998074,0.000560,0.001366
2052,0,0.001406,0.000198,0.998396
2053,0,0.994699,0.000574,0.004726
2054,0,0.000582,0.000227,0.999191
2055,1,0.011396,0.000284,0.988320
2056,1,0.997850,0.001858,0.000291
2057,0,0.000519,0.000227,0.999254
2058,0,0.000533,0.000238,0.999229
2059,0,0.997866,0.000568,0.001566
2060,0,0.001474,0.000181,0.998345
2061,1,0.922526,0.000990,0.076483
2062,1,0.991071,0.000513,0.008416
2063,1,0.857770,0.000902,0.141328
2064,0,0.712229,0.001466,0.286305
2065,0,0.346493,0.001156,0.652350
2066,0,0.120110,0.000859,0.879031
2067,0,0.000554,0.000233,0.999213
2068,0,0.764851,0.000895,0.234254
2069,0,0.998611,0.000647,0.000742
2070,1,0.992503,0.000595,0.006902
2071,0,0.496222,0.000891,0.502887
2072,0,0.475013,0.001518,0.523468
2073,1,0.998634,0.000759,0.000607
2074,0,0.611816,0.001392,0.386792
2075,1,0.388222,0.001405,0.610372
2076,0,0.000983,0.004310,0.994707
2077,1,0.958721,0.000867,0.040411
2078,1,0.985041,0.000553,0.014406
2079,1,0.996126,0.003601,0.000273
2080,1,0.992322,0.000569,0.007109
2081,0,0.002364,0.000215,0.997421
2082,0,0.980049,0.000718,0.019233
2083,0,0.000727,0.000212,0.999062
2084,0,0.288123,0.001263,0.710614
2085,0,0.000607,0.000223,0.999171
2086,1,0.998450,0.001160,0.000389
2087,0,0.985940,0.000639,0.013421
2088,1,0.338937,0.001054,0.660009
2089,1,0.901108,0.000833,0.098058
2090,1,0.998172,0.000597,0.001232
2091,0,0.001399,0.000200,0.998401
2092,0,0.001047,0.000195,0.998758
2093,0,0.005046,0.000276,0.994678
2094,1,0.016712,0.089401,0.893886
2095,1,0.998613,0.000754,0.000632
2096,0,0.938324,0.000836,0.060840
2097,0,0.005438,0.000241,0.994320
2098,1,0.996139,0.000510,0.003352
2099,1,0.116930,0.275758,0.607312
2100,1,0.998461,0.000656,0.000883
2101,0,0.986186,0.000835,0.012979
2102,0,0.962740,0.000633,0.036627
2103,0,0.000484,0.000265,0.999251
2104,0,0.974854,0.000447,0.024699
2105,0,0.613887,0.001371,0.384742
2106,0,0.004441,0.000255,0.995304
2107,1,0.998543,0.000725,0.000732
2108,0,0.078994,0.000756,0.920250
2109,0,0.003701,0.000258,0.996041
2110,1,0.089061,0.001096,0.909844
2111,1,0.835490,0.000719,0.163790
2112,1,0.985484,0.000544,0.013972
2113,1,0.998499,0.001149,0.000352
2114,1,0.994417,0.001978,0.003604
2115,1,0.588486,0.002513,0.409000
2116,0,0.941989,0.000871,0.057141
2117,0,0.997997,0.000521,0.001482
2118,1,0.772771,0.001192,0.226037
2119,1,0.014657,0.000352,0.984991
2120,0,0.002200,0.000197,0.997602
2121,0,0.213483,0.000881,0.785635
2122,1,0.975023,0.000646,0.024331
2123,0,0.000686,0.035129,0.964185
2124,1,0.998672,0.000731,0.000596
2125,1,0.947902,0.000615,0.051482
2126,0,0.992924,0.000560,0.006515
2127,0,0.130566,0.000443,0.868991
2128,0,0.107371,0.001214,0.891415
2129,0,0.996749,0.000513,0.002738
2130,1,0.997990,0.000586,0.001424
2131,0,0.412196,0.001088,0.586717
2132,1,0.385323,0.597387,0.017290
2133,1,0.010170,0.000263,0.989567
2134,1,0.016709,0.000273,0.983018
2135,1,0.833175,0.000696,0.166129
2136,0,0.001494,0.000184,0.998323
2137,0,0.998329,0.000750,0.000921
2138,1,0.993191,0.000492,0.006317
2139,0,0.044668,0.000571,0.954761
2140,0,0.001602,0.000249,0.998149
2141,1,0.998106,0.000514,0.001381
2142,0,0.004716,0.000220,0.995064
2143,1,0.998017,0.000607,0.001376
2144,1,0.001520,0.000189,0.998291
2145,0,0.939687,0.037886,0.022427
2146,0,0.998531,0.000921,0.000549
2147,0,0.002260,0.000195,0.997545
2148,1,0.004369,0.000230,0.995401
2149,1,0.998666,0.000774,0.000560
2150,0,0.026574,0.022299,0.951127
2151,0,0.798064,0.001624,0.200312
2152,1,0.998482,0.000790,0.000728
2153,1,0.997936,0.000557,0.001507
2154,1,0.998524,0.001065,0.000412
2155,0,0.998217,0.000587,0.001196
2156,1,0.998575,0.001058,0.000367
2157,0,0.000973,0.000185,0.998843
2158,0,0.998430,0.001237,0.000332
2159,1,0.007232,0.000267,0.992501
2160,1,0.998650,0.000875,0.000475
2161,0,0.001115,0.000193,0.998693
2162,0,0.000527,0.000226,0.999247
2163,0,0.003783,0.000323,0.995894
2164,0,0.028895,0.000490,0.970615
2165,1,0.242049,0.001029,0.756923
2166,0,0.995875,0.000458,0.003666
2167,1,0.998113,0.000524,0.001362
2168,0,0.000522,0.000252,0.999226
2169,1,0.997896,0.001854,0.000249
2170,0,0.004015,0.000242,0.995742
2171,1,0.823640,0.001127,0.175234
2172,0,0.963073,0.000788,0.036138
2173,0,0.661812,0.001408,0.336780
2174,0,0.009550,0.000225,0.990225
2175,1,0.998335,0.001383,0.000282
2176,0,0.992480,0.000616,0.006904
2177,1,0.992856,0.000569,0.006575
2178,1,0.856059,0.000873,0.143068
2179,0,0.086091,0.000716,0.913193
2180,1,0.998311,0.000847,0.000842
2181,0,0.974812,0.000678,0.024510
2182,0,0.920959,0.000827,0.078215
2183,0,0.000486,0.000275,0.999239
2184,0,0.998617,0.000758,0.000625
2185,1,0.997715,0.002022,0.000262
2186,1,0.720236,0.001310,0.278454
2187,1,0.001667,0.000178,0.998156
2188,1,0.980197,0.018702,0.001101
2189,0,0.037167,0.175756,0.787076
2190,0,0.915595,0.001203,0.083202
2191,0,0.002238,0.000280,0.997482
2192,0,0.063559,0.000424,0.936017
2193,0,0.994166,0.000591,0.005243
2194,0,0.972705,0.000535,0.026760
2195,0,0.586258,0.001070,0.412672
2196,0,0.967774,0.000603,0.031623
2197,0,0.000486,0.000263,0.999251
2198,0,0.000831,0.000198,0.998971
2199,1,0.004326,0.000206,0.995468
2200,0,0.841638,0.001153,0.157209
2201,0,0.545684,0.001700,0.452617
2202,0,0.994469,0.000515,0.005016
2203,0,0.009574,0.000271,0.990155
2204,1,0.998665,0.000806,0.000529
2205,1,0.003798,0.000227,0.995974
2206,0,0.862566,0.000811,0.136623
2207,1,0.998517,0.001064,0.000419
2208,0,0.000552,0.000245,0.999203
2209,1,0.997092,0.000516,0.002392
2210,1,0.998693,0.000740,0.000567
2211,1,0.384825,0.277469,0.337707
2212,1,0.419883,0.044957,0.535160
2213,1,0.998513,0.001022,0.000465
2214,1,0.847390,0.001070,0.151540
2215,1,0.983020,0.000579,0.016402
2216,1,0.998693,0.000705,0.000602
2217,0,0.000504,0.000252,0.999245
2218,1,0.990096,0.000538,0.009366
2219,1,0.997604,0.000492,0.001904
2220,0,0.807431,0.000864,0.191705
2221,0,0.006443,0.000288,0.993269
2222,0,0.000656,0.000215,0.999130
2223,0,0.127352,0.000940,0.871709
2224,0,0.156419,0.001304,0.842278
2225,1,0.998660,0.000939,0.000400
2226,0,0.198461,0.000829,0.800710
2227,1,0.038261,0.000444,0.961296
2228,0,0.000567,0.000218,0.999215
2229,0,0.940609,0.000836,0.058555
2230,0,0.820186,0.001074,0.178740
2231,1,0.987040,0.000566,0.012394
2232,0,0.998638,0.000642,0.000719
2233,0,0.004106,0.000196,0.995698
2234,1,0.093129,0.002747,0.904124
2235,0,0.061460,0.507383,0.431157
2236,0,0.004254,0.000211,0.995534
2237,0,0.998591,0.000677,0.000733
2238,0,0.998190,0.001516,0.000294
2239,0,0.996537,0.000562,0.002901
2240,1,0.390738,0.516242,0.093020
2241,0,0.949012,0.002391,0.048597
2242,0,0.997704,0.002021,0.000275
2243,0,0.002669,0.000219,0.997112
2244,0,0.392682,0.001274,0.606044
2245,1,0.408800,0.001425,0.589775
2246,0,0.893037,0.000810,0.106153
2247,0,0.000815,0.000203,0.998982
2248,0,0.001475,0.000209,0.998316
2249,1,0.196464,0.001154,0.802382
2250,1,0.998080,0.000630,0.001290
2251,0,0.929787,0.000634,0.069579
2252,0,0.002672,0.582237,0.415091
2253,1,0.000875,0.000200,0.998925
2254,0,0.001266,0.000239,0.998495
2255,1,0.001141,0.000203,0.998656
2256,0,0.000331,0.001330,0.998339
2257,0,0.645760,0.003681,0.350559
2258,0,0.080299,0.559542,0.360159
2259,0,0.130363,0.392789,0.476848
2260,0,0.000845,0.000277,0.998878
2261,0,0.000603,0.000285,0.999112
2262,1,0.998046,0.001564,0.000390
2263,1,0.936624,0.061099,0.002277
2264,1,0.008654,0.000200,0.991146
2265,1,0.996122,0.000988,0.002890
2266,1,0.868453,0.118995,0.012552
2267,1,0.490166,0.000758,0.509075
2268,1,0.998135,0.000874,0.000991
2269,1,0.002717,0.000179,0.997105
2270,1,0.958326,0.033399,0.008275
2271,1,0.993809,0.000386,0.005805
2272,1,0.963450,0.000502,0.036048
2273,1,0.961957,0.000488,0.037556
2274,1,0.711454,0.117268,0.171278
2275,1,0.515802,0.007463,0.476735
2276,1,0.945227,0.007868,0.046905
2277,1,0.976227,0.004716,0.019058
2278,1,0.000826,0.000616,0.998558
2279,1,0.220803,0.000604,0.778594
2280,1,0.818420,0.000720,0.180859
2281,1,0.848156,0.019250,0.132594
2282,1,0.966335,0.000493,0.033171
2283,1,0.000658,0.000207,0.999134
2284,0,0.000379,0.000513,0.999108
2285,0,0.000643,0.043446,0.955912
2286,0,0.000785,0.000198,0.999017
2287,1,0.549708,0.045177,0.405115
2288,1,0.000437,0.000267,0.999296
2289,1,0.006743,0.000180,0.993078
2290,1,0.068449,0.010668,0.920884
2291,1,0.650849,0.002592,0.346559
2292,1,0.003369,0.627482,0.369149
2293,1,0.989585,0.000472,0.009943
2294,1,0.931944,0.064589,0.003467
2295,1,0.998333,0.000488,0.001179
2296,1,0.531817,0.000572,0.467611
2297,1,0.998130,0.000533,0.001337
2298,1,0.941127,0.000625,0.058248
2299,1,0.998600,0.000653,0.000747
2300,1,0.998292,0.000673,0.001035
2301,1,0.998520,0.001041,0.000439
2302,1,0.998555,0.000944,0.000501
2303,1,0.998410,0.000675,0.000915
2304,1,0.998471,0.000633,0.000896
2305,1,0.998447,0.000647,0.000906
2306,1,0.996499,0.000536,0.002965
2307,1,0.998535,0.000752,0.000712
2308,1,0.006373,0.000273,0.993355
2309,1,0.998573,0.000840,0.000586
2310,1,0.996479,0.000579,0.002942
2311,1,0.998657,0.000869,0.000475
2312,1,0.998348,0.000600,0.001052
2313,1,0.985618,0.000654,0.013728
2314,1,0.998613,0.000901,0.000486
2315,1,0.991246,0.000474,0.008280
2316,1,0.998643,0.000866,0.000491
2317,1,0.910996,0.003141,0.085863
2318,1,0.005704,0.000202,0.994094
2319,1,0.001161,0.000178,0.998661
2320,1,0.079195,0.000614,0.920190
2321,1,0.998018,0.001454,0.000528
2322,1,0.996870,0.002516,0.000614
2323,1,0.980228,0.000580,0.019191
2324,1,0.995959,0.000501,0.003541
2325,1,0.997984,0.001509,0.000507
2326,1,0.998442,0.000908,0.000651
2327,1,0.997505,0.001740,0.000756
2328,1,0.995804,0.003247,0.000948
2329,1,0.019323,0.000334,0.980343
2330,1,0.903040,0.000904,0.096055
2331,1,0.997867,0.000525,0.001607
2332,1,0.995780,0.000493,0.003727
2333,1,0.998017,0.000525,0.001457
2334,1,0.784784,0.190137,0.025078
2335,1,0.997773,0.000495,0.001731
2336,1,0.994612,0.003668,0.001720
2337,1,0.992593,0.004851,0.002555
2338,1,0.987356,0.010745,0.001900
2339,1,0.021936,0.000266,0.977798
2340,1,0.002960,0.000182,0.996858
2341,1,0.990077,0.000553,0.009370
2342,1,0.997012,0.001732,0.001255
2343,1,0.997993,0.001200,0.000807
2344,1,0.992254,0.000480,0.007266
2345,1,0.998151,0.000838,0.001011
2346,1,0.957699,0.001051,0.041250
2347,1,0.994234,0.000853,0.004913
2348,1,0.433395,0.431041,0.135564
2349,1,0.777594,0.160345,0.062061
2350,1,0.526386,0.394231,0.079383
2351,1,0.863459,0.095530,0.041011
2352,1,0.008881,0.000207,0.990912
2353,1,0.000937,0.000205,0.998858
2354,1,0.923074,0.001434,0.075492
2355,1,0.983310,0.010475,0.006215
2356,1,0.993715,0.003903,0.002382
2357,1,0.849530,0.000776,0.149694
2358,1,0.995468,0.000482,0.004050
2359,1,0.347790,0.004017,0.648193
2360,1,0.944549,0.013685,0.041766
2361,1,0.200305,0.000701,0.798994
2362,1,0.211981,0.000690,0.787329
2363,1,0.221607,0.000992,0.777401
2364,1,0.038629,0.001403,0.959969
2365,1,0.816976,0.000794,0.182230
2366,1,0.927240,0.000578,0.072182
2367,1,0.853027,0.001056,0.145917
2368,1,0.003449,0.041711,0.954839
2369,1,0.357134,0.480985,0.161881
2370,0,0.002861,0.000192,0.996947
2371,0,0.713795,0.000844,0.285361
2372,0,0.648728,0.001032,0.350240
2373,0,0.983660,0.000410,0.015930
2374,0,0.986745,0.000986,0.012269
2375,0,0.002040,0.000179,0.997781
2376,0,0.652671,0.000620,0.346709
2377,0,0.277294,0.232065,0.490641
2378,0,0.273967,0.229165,0.496868
2379,0,0.076738,0.001912,0.921350
2380,0,0.001165,0.014849,0.983986
2381,0,0.000383,0.000685,0.998932
2382,0,0.000512,0.000240,0.999248
2383,0,0.000883,0.000203,0.998914
2384,0,0.000408,0.000283,0.999309
2385,0,0.000976,0.000199,0.998825
2386,1,0.000563,0.000226,0.999211
2387,1,0.001699,0.000172,0.998129
2388,1,0.140160,0.000863,0.858976
2389,1,0.020102,0.000307,0.979591
2390,1,0.001883,0.000184,0.997933
2391,1,0.000661,0.000217,0.999123
2392,1,0.085486,0.002248,0.912266
2393,1,0.531818,0.001796,0.466386
2394,1,0.793817,0.000677,0.205506
2395,1,0.342207,0.000666,0.657127
2396,1,0.725247,0.000782,0.273971
2397,1,0.363039,0.000758,0.636203
2398,1,0.271471,0.000855,0.727674
2399,1,0.693630,0.000651,0.305719
2400,0,0.001268,0.000187,0.998544
2401,0,0.000951,0.000197,0.998852
2402,0,0.001251,0.000185,0.998564
2403,1,0.001507,0.000183,0.998311
2404,1,0.001842,0.000180,0.997978
2405,1,0.040328,0.000375,0.959297
2406,1,0.004369,0.000224,0.995407
2407,1,0.002478,0.000193,0.997330
2408,1,0.003216,0.000221,0.996563
2409,1,0.998455,0.000715,0.000830
2410,1,0.998346,0.001096,0.000557
2411,1,0.998552,0.000588,0.000860
2412,1,0.997617,0.000578,0.001805
2413,1,0.997766,0.000540,0.001694
2414,1,0.782351,0.000991,0.216658
2415,1,0.981357,0.000562,0.018080
2416,1,0.997733,0.000473,0.001793
2417,0,0.001213,0.000191,0.998596
2418,0,0.212215,0.000908,0.786876
2419,0,0.155773,0.000840,0.843388
2420,1,0.001405,0.000179,0.998416
2421,1,0.000826,0.000210,0.998963
2422,1,0.000744,0.000277,0.998979
2423,1,0.001405,0.000179,0.998416
2424,1,0.000580,0.000223,0.999197
2425,1,0.000896,0.000203,0.998901
2426,1,0.000653,0.000213,0.999133
2427,1,0.003326,0.000232,0.996442
2428,1,0.997393,0.000623,0.001985
2429,1,0.810257,0.001806,0.187937
2430,1,0.131264,0.001215,0.867521
2431,1,0.006193,0.000236,0.993572
2432,1,0.000549,0.000243,0.999208
2433,1,0.998587,0.000692,0.000721
2434,0,0.000638,0.000215,0.999147
2435,0,0.000584,0.000227,0.999189
2436,0,0.000688,0.000211,0.999101
2437,0,0.874490,0.000587,0.124923
2438,0,0.470138,0.000806,0.529056
2439,1,0.001627,0.000243,0.998130
2440,1,0.000827,0.000216,0.998957
2441,1,0.001355,0.000235,0.998410
2442,1,0.001568,0.000240,0.998191
2443,1,0.002679,0.000298,0.997023
2444,1,0.002455,0.000265,0.997280
2445,1,0.002815,0.000237,0.996948
2446,1,0.002567,0.000303,0.997130
2447,1,0.001186,0.000229,0.998585
2448,1,0.000834,0.000225,0.998941
2449,1,0.000861,0.000222,0.998917
2450,1,0.000913,0.000209,0.998878
2451,1,0.997929,0.001262,0.000808
2452,1,0.993391,0.003140,0.003470
2453,1,0.997426,0.001819,0.000756
2454,1,0.998646,0.000819,0.000535
2455,0,0.805562,0.000938,0.193501
2456,1,0.081288,0.000502,0.918210
2457,1,0.123041,0.000520,0.876439
2458,1,0.357383,0.000755,0.641862
2459,1,0.004767,0.000193,0.995040
2460,1,0.448462,0.067113,0.484425
2461,1,0.003501,0.000219,0.996281
2462,1,0.000722,0.000395,0.998883
2463,1,0.983601,0.014876,0.001523
2464,1,0.000651,0.000219,0.999130
2465,1,0.000956,0.000223,0.998821
2466,1,0.001361,0.000193,0.998446
2467,1,0.998647,0.000583,0.000770
2468,1,0.000770,0.000210,0.999020
2469,0,0.002363,0.000222,0.997415
2470,0,0.000763,0.000201,0.999036
2471,1,0.980175,0.000408,0.019418
2472,0,0.000579,0.000223,0.999199
2473,1,0.989372,0.000430,0.010197
2474,1,0.050527,0.000382,0.949090
2475,1,0.997191,0.002187,0.000622
2476,1,0.000471,0.000271,0.999258
2477,1,0.000875,0.000197,0.998928
2478,1,0.002831,0.000176,0.996993
2479,1,0.001046,0.000247,0.998707
2480,0,0.008599,0.260225,0.731176
2481,1,0.000570,0.000221,0.999209
2482,1,0.047815,0.000429,0.951756
2483,1,0.001026,0.000188,0.998787
2484,0,0.003864,0.555598,0.440538
2485,0,0.004095,0.000208,0.995697
2486,0,0.303013,0.237242,0.459746
2487,0,0.276311,0.000499,0.723189
2488,0,0.002634,0.000228,0.997138
2489,1,0.000558,0.000232,0.999210
2490,1,0.084011,0.000573,0.915416
2491,1,0.001189,0.000200,0.998611
2492,1,0.000545,0.000231,0.999223
2493,1,0.012065,0.000229,0.987706
2494,1,0.177803,0.001047,0.821150
2495,1,0.022044,0.000356,0.977600
2496,1,0.041137,0.000398,0.958465
2497,1,0.001179,0.000194,0.998627
2498,1,0.647131,0.001010,0.351859
2499,0,0.001749,0.192263,0.805988
2500,1,0.004329,0.000195,0.995476
2501,1,0.023085,0.000394,0.976521
2502,0,0.000559,0.000230,0.999211
2503,0,0.000535,0.000385,0.999081
2504,0,0.264151,0.383113,0.352736
2505,0,0.156315,0.276371,0.567314
2506,0,0.459363,0.202462,0.338175
2507,0,0.037684,0.000295,0.962021
2508,0,0.139503,0.000893,0.859604
2509,1,0.852849,0.000821,0.146330
2510,1,0.993555,0.000412,0.006033
2511,1,0.984238,0.000425,0.015337
2512,1,0.998328,0.000591,0.001081
2513,1,0.020819,0.000307,0.978873
2514,1,0.470271,0.000999,0.528731
2515,1,0.034333,0.000449,0.965218
2516,1,0.396796,0.001082,0.602122
2517,1,0.658858,0.000886,0.340256
2518,1,0.131515,0.000706,0.867778
2519,1,0.058124,0.000532,0.941344
2520,1,0.048844,0.000410,0.950747
2521,1,0.121810,0.000460,0.877730
2522,1,0.947774,0.000637,0.051589
2523,1,0.982072,0.000472,0.017456
2524,1,0.169167,0.000721,0.830112
2525,1,0.112211,0.000806,0.886983
2526,1,0.677250,0.000845,0.321905
2527,1,0.736725,0.000876,0.262399
2528,1,0.861607,0.000727,0.137666
2529,0,0.956793,0.000704,0.042503
2530,0,0.995892,0.000501,0.003607
2531,0,0.957100,0.000875,0.042025
2532,0,0.972219,0.000692,0.027089
2533,0,0.979679,0.000625,0.019696
2534,0,0.984704,0.000502,0.014794
2535,0,0.924797,0.000671,0.074532
2536,0,0.871029,0.000781,0.128190
2537,0,0.998561,0.000689,0.000750
2538,0,0.842838,0.000987,0.156175
2539,0,0.980148,0.000570,0.019282
2540,0,0.002443,0.000175,0.997382
2541,0,0.000417,0.000351,0.999232
2542,0,0.000511,0.000629,0.998861
2543,0,0.038678,0.893390,0.067932
2544,0,0.004202,0.711834,0.283964
2545,0,0.053339,0.853254,0.093406
2546,0,0.005300,0.709159,0.285541
2547,0,0.021571,0.461558,0.516871
2548,0,0.998058,0.001001,0.000941
2549,0,0.024435,0.000291,0.975274
2550,0,0.962553,0.000558,0.036889
2551,0,0.528187,0.002969,0.468844
2552,0,0.004690,0.000258,0.995052
2553,0,0.213859,0.001172,0.784969
2554,0,0.877561,0.000799,0.121640
2555,0,0.270118,0.001111,0.728771
2556,1,0.101830,0.001001,0.897170
2557,1,0.000428,0.000284,0.999288
2558,1,0.000480,0.000295,0.999224
2559,1,0.000518,0.000253,0.999229
2560,1,0.000423,0.000285,0.999292
2561,1,0.000466,0.000277,0.999257
2562,1,0.000525,0.000240,0.999235
2563,0,0.615189,0.000919,0.383892
2564,0,0.980572,0.014321,0.005106
2565,0,0.810814,0.099562,0.089624
2566,0,0.598188,0.001031,0.400781
2567,0,0.349253,0.000630,0.650118
2568,0,0.993163,0.005021,0.001816
2569,0,0.992634,0.000848,0.006518
2570,0,0.986603,0.000909,0.012488
2571,0,0.044214,0.003100,0.952687
2572,0,0.033270,0.000391,0.966339
2573,0,0.003870,0.000348,0.995783
2574,0,0.966588,0.025259,0.008153
2575,0,0.352674,0.000884,0.646442
2576,0,0.465256,0.001985,0.532759
2577,0,0.891133,0.032315,0.076551
2578,0,0.000400,0.000315,0.999285
2579,0,0.000441,0.000387,0.999171
2580,1,0.013690,0.000755,0.985555
2581,1,0.059456,0.020970,0.919574
2582,1,0.049197,0.113941,0.836862
2583,1,0.020931,0.038132,0.940938
2584,1,0.067514,0.000595,0.931891
2585,1,0.001049,0.000201,0.998749
2586,1,0.000924,0.003425,0.995651
2587,1,0.002998,0.005102,0.991900
2588,1,0.000900,0.001570,0.997530
2589,1,0.002470,0.000227,0.997303
2590,1,0.001030,0.000246,0.998723
2591,1,0.001927,0.004052,0.994022
2592,1,0.000488,0.000232,0.999280
2593,1,0.006091,0.000436,0.993473
2594,1,0.001249,0.000257,0.998494
2595,1,0.007455,0.000189,0.992356
2596,1,0.001628,0.000184,0.998188
2597,1,0.032117,0.000335,0.967548
2598,1,0.001226,0.000453,0.998322
2599,1,0.003194,0.000249,0.996557
2600,1,0.001918,0.481181,0.516900
2601,1,0.037469,0.000325,0.962205
2602,1,0.780216,0.001152,0.218632
2603,1,0.125747,0.000704,0.873549
2604,1,0.034924,0.000485,0.964591
2605,1,0.000485,0.000256,0.999259
2606,1,0.000880,0.000202,0.998918
2607,1,0.760249,0.229237,0.010514
2608,1,0.000480,0.000261,0.999260
2609,1,0.000609,0.000221,0.999170
2610,1,0.000664,0.000220,0.999115
2611,1,0.991070,0.000476,0.008454
2612,1,0.841481,0.127374,0.031145
2613,1,0.993730,0.000423,0.005847
2614,1,0.996950,0.000453,0.002597
2615,1,0.998171,0.001077,0.000752
2616,1,0.997085,0.000593,0.002322
2617,1,0.991542,0.004332,0.004126
2618,1,0.997852,0.000491,0.001657
2619,1,0.995937,0.000410,0.003654
2620,1,0.770208,0.000904,0.228888
2621,1,0.561481,0.000812,0.437707
2622,1,0.997398,0.001021,0.001581
2623,1,0.939954,0.000721,0.059325
2624,1,0.136329,0.000605,0.863066
2625,1,0.002716,0.000230,0.997054
2626,1,0.942337,0.000657,0.057006
2627,1,0.995684,0.000501,0.003815
2628,1,0.966287,0.000634,0.033078
2629,1,0.966924,0.000748,0.032327
2630,1,0.996351,0.000546,0.003103
2631,1,0.047839,0.000723,0.951438
2632,1,0.041004,0.000570,0.958425
2633,1,0.010059,0.000349,0.989592
2634,1,0.895096,0.021151,0.083752
2635,1,0.993816,0.000488,0.005695
2636,1,0.008033,0.000227,0.991740
2637,1,0.845440,0.000636,0.153924
2638,1,0.000462,0.000372,0.999166
2639,1,0.010198,0.000364,0.989438
2640,1,0.998410,0.000584,0.001006
2641,1,0.998547,0.001003,0.000451
2642,1,0.616914,0.378002,0.005084
2643,1,0.998623,0.000840,0.000537
2644,1,0.998330,0.001362,0.000308
2645,1,0.010114,0.000279,0.989607
2646,1,0.998633,0.000874,0.000492
2647,0,0.000384,0.000473,0.999143
2648,0,0.003808,0.196638,0.799554
2649,0,0.000465,0.000298,0.999237
2650,0,0.043981,0.000346,0.955673
2651,0,0.001012,0.000187,0.998801
2652,0,0.000922,0.002847,0.996231
2653,0,0.029198,0.000285,0.970518
2654,0,0.003633,0.000213,0.996155
2655,0,0.018692,0.000272,0.981037
2656,0,0.003481,0.000207,0.996312
2657,0,0.065169,0.039024,0.895807
2658,0,0.003246,0.000194,0.996560
2659,0,0.072440,0.000373,0.927187
2660,0,0.055210,0.000325,0.944464
2661,0,0.010397,0.000205,0.989398
2662,0,0.021062,0.000243,0.978695
2663,0,0.071763,0.002830,0.925406
2664,0,0.001114,0.000196,0.998690
2665,0,0.002712,0.000196,0.997092
2666,0,0.000507,0.000808,0.998684
2667,0,0.000485,0.000268,0.999247
2668,0,0.001029,0.000192,0.998779
2669,0,0.000869,0.091052,0.908079
2670,0,0.000523,0.016370,0.983108
2671,0,0.000424,0.000446,0.999131
2672,0,0.000458,0.000269,0.999273
2673,0,0.001238,0.000210,0.998551
2674,0,0.002902,0.000245,0.996853
2675,0,0.000745,0.006934,0.992322
2676,0,0.002638,0.004024,0.993338
2677,0,0.006928,0.781414,0.211658
2678,0,0.000508,0.000258,0.999234
2679,0,0.000735,0.001522,0.997743
2680,0,0.956033,0.041740,0.002226
2681,0,0.979865,0.000521,0.019614
2682,0,0.909100,0.000632,0.090268
2683,0,0.374059,0.000923,0.625018
2684,0,0.847747,0.000828,0.151425
2685,0,0.450923,0.511427,0.037649
2686,0,0.000480,0.000251,0.999268
2687,0,0.821286,0.159474,0.019240
2688,0,0.002850,0.294230,0.702920
2689,0,0.000421,0.000293,0.999285
2690,0,0.000841,0.000425,0.998734
2691,0,0.000439,0.001176,0.998386
2692,0,0.000964,0.075899,0.923137
2693,0,0.001146,0.104804,0.894051
2694,1,0.971615,0.000515,0.027870
2695,1,0.969815,0.015667,0.014518
2696,1,0.997441,0.000461,0.002098
2697,1,0.997846,0.000457,0.001696
2698,1,0.670708,0.000685,0.328607
2699,1,0.988001,0.000455,0.011544
2700,1,0.910587,0.000645,0.088768
2701,1,0.956976,0.000607,0.042417
2702,1,0.629195,0.000956,0.369849
2703,0,0.000504,0.000235,0.999262
2704,1,0.998192,0.001329,0.000479
2705,1,0.994760,0.000645,0.004595
2706,0,0.253059,0.566332,0.180609
2707,0,0.001302,0.483973,0.514726
2708,0,0.000663,0.000209,0.999129
2709,0,0.000584,0.000218,0.999198
2710,1,0.854732,0.000642,0.144626
2711,1,0.998656,0.000615,0.000730
2712,1,0.996877,0.001129,0.001994
2713,1,0.995380,0.003473,0.001146
2714,1,0.997852,0.000478,0.001671
2715,1,0.000555,0.000232,0.999213
2716,1,0.990382,0.003465,0.006153
2717,1,0.519187,0.027032,0.453780
2718,1,0.870310,0.001039,0.128651
2719,1,0.996019,0.003292,0.000689
2720,0,0.281172,0.210586,0.508242
2721,0,0.542173,0.429467,0.028360
2722,0,0.375938,0.054345,0.569716
2723,1,0.995697,0.000422,0.003881
2724,1,0.947665,0.035122,0.017214
2725,1,0.993528,0.005617,0.000855
2726,1,0.194734,0.000625,0.804641
2727,0,0.027098,0.000406,0.972496
2728,0,0.000602,0.000220,0.999178
2729,0,0.017187,0.000270,0.982543
2730,0,0.002015,0.000176,0.997809
2731,1,0.995264,0.000534,0.004203
2732,1,0.215098,0.181161,0.603741
2733,1,0.998498,0.000595,0.000907
2734,0,0.307908,0.001031,0.691061
2735,0,0.325823,0.618736,0.055441
2736,1,0.035318,0.000296,0.964386
2737,1,0.992066,0.002669,0.005265
2738,1,0.373879,0.002643,0.623477
2739,0,0.001940,0.000180,0.997880
2740,1,0.938094,0.000858,0.061048
2741,0,0.539650,0.003041,0.457309
2742,1,0.971180,0.027603,0.001217
2743,0,0.765182,0.086132,0.148686
2744,0,0.000479,0.002516,0.997005
2745,0,0.000526,0.000251,0.999223
2746,1,0.000606,0.001036,0.998358
2747,1,0.019676,0.000254,0.980071
2748,1,0.001573,0.000201,0.998227
2749,0,0.000640,0.000222,0.999138
2750,0,0.058482,0.000389,0.941130
2751,0,0.010473,0.000199,0.989328
2752,0,0.004732,0.232759,0.762509
2753,1,0.001180,0.000193,0.998627
2754,0,0.948981,0.000559,0.050460
2755,0,0.003200,0.000194,0.996606
2756,1,0.998684,0.000744,0.000572
2757,1,0.998211,0.000524,0.001265
2758,1,0.998638,0.000905,0.000457
2759,1,0.998650,0.000824,0.000526
2760,1,0.998625,0.000650,0.000725
2761,1,0.998682,0.000804,0.000513
2762,0,0.996501,0.000776,0.002722
2763,0,0.995407,0.000429,0.004165
2764,1,0.893695,0.000665,0.105641
2765,1,0.971228,0.000541,0.028231
2766,0,0.000375,0.000619,0.999007
2767,0,0.008009,0.000207,0.991784
2768,1,0.010191,0.000387,0.989422
2769,1,0.987986,0.000483,0.011531
2770,0,0.597935,0.285140,0.116925
2771,1,0.219691,0.000620,0.779690
2772,1,0.701219,0.293318,0.005463
2773,1,0.782311,0.014508,0.203182
2774,1,0.002506,0.000183,0.997311
2775,1,0.002712,0.000219,0.997068
2776,1,0.919682,0.067811,0.012507
2777,1,0.998426,0.000798,0.000776
2778,1,0.127747,0.001356,0.870897
2779,0,0.001633,0.000196,0.998170
2780,0,0.232584,0.352142,0.415274
2781,1,0.655670,0.002907,0.341423
2782,1,0.699657,0.001875,0.298468
2783,1,0.995816,0.001866,0.002319
2784,1,0.998707,0.000783,0.000510
2785,1,0.979265,0.004503,0.016232
2786,0,0.240668,0.626490,0.132842
2787,1,0.000770,0.000226,0.999003
2788,0,0.030227,0.005091,0.964682
2789,1,0.022466,0.000405,0.977130
2790,0,0.001594,0.000198,0.998208
2791,1,0.980941,0.000625,0.018434
2792,1,0.013214,0.000658,0.986127
2793,1,0.997722,0.001601,0.000677
2794,1,0.995996,0.000592,0.003413
2795,1,0.000871,0.000217,0.998912
2796,0,0.103320,0.417103,0.479576
2797,1,0.001496,0.000174,0.998330
2798,1,0.489142,0.000845,0.510013
2799,1,0.000412,0.000291,0.999297
2800,1,0.701418,0.000708,0.297874
2801,1,0.978594,0.000618,0.020788
2802,1,0.996403,0.000902,0.002695
2803,1,0.624779,0.000808,0.374413
2804,1,0.034544,0.000342,0.965114
2805,1,0.959820,0.000588,0.039592
2806,1,0.545838,0.002384,0.451778
2807,1,0.856795,0.020345,0.122861
2808,0,0.567724,0.401138,0.031137
2809,0,0.005247,0.733842,0.260911
2810,1,0.039839,0.000616,0.959545
2811,1,0.021524,0.000740,0.977735
2812,1,0.902081,0.000806,0.097113
2813,0,0.998590,0.001032,0.000378
2814,1,0.699780,0.272998,0.027222
2815,1,0.493826,0.322108,0.184066
2816,1,0.987443,0.000401,0.012156
2817,1,0.202349,0.000539,0.797112
2818,1,0.995887,0.000451,0.003662
2819,0,0.000342,0.000953,0.998705
2820,0,0.516176,0.294774,0.189050
2821,1,0.998590,0.000629,0.000781
2822,1,0.998604,0.000636,0.000760
2823,1,0.998687,0.000834,0.000479
2824,1,0.000708,0.000209,0.999083
2825,1,0.047518,0.000362,0.952120
2826,0,0.059536,0.066657,0.873807
2827,1,0.016476,0.000349,0.983175
2828,0,0.912310,0.077583,0.010106
2829,0,0.000573,0.000238,0.999189
2830,1,0.001976,0.000316,0.997708
2831,1,0.998282,0.001286,0.000432
2832,0,0.997582,0.001062,0.001355
2833,1,0.996636,0.000480,0.002884
2834,0,0.997937,0.001790,0.000272
2835,1,0.048607,0.000322,0.951071
2836,1,0.165917,0.000513,0.833570
2837,1,0.998208,0.000526,0.001266
2838,0,0.004817,0.294759,0.700424
2839,1,0.012568,0.000228,0.987205
2840,0,0.055505,0.405142,0.539353
2841,1,0.812939,0.000674,0.186387
2842,0,0.011353,0.000208,0.988439
2843,1,0.971139,0.021222,0.007639
2844,1,0.903586,0.086591,0.009822
2845,0,0.496087,0.001350,0.502563
2846,1,0.016040,0.150024,0.833935
2847,1,0.427843,0.564987,0.007170
2848,1,0.000982,0.000291,0.998727
2849,0,0.928178,0.006596,0.065226
2850,0,0.002629,0.000359,0.997012
2851,0,0.227101,0.749336,0.023563
2852,0,0.464707,0.000796,0.534497
2853,1,0.998601,0.000610,0.000790
2854,0,0.004789,0.000288,0.994922
2855,0,0.008168,0.000207,0.991625
2856,1,0.929147,0.068658,0.002196
2857,1,0.224309,0.001159,0.774531
2858,1,0.998090,0.000485,0.001425
2859,1,0.002559,0.000201,0.997239
2860,1,0.998633,0.000666,0.000701
2861,1,0.997041,0.002313,0.000646
2862,0,0.021464,0.000398,0.978138
2863,1,0.864176,0.000749,0.135075
2864,1,0.998453,0.000773,0.000774
2865,0,0.001984,0.000186,0.997829
2866,1,0.001740,0.000176,0.998085
2867,0,0.302556,0.401391,0.296053
2868,1,0.993382,0.000427,0.006191
2869,1,0.607472,0.000711,0.391817
2870,1,0.151798,0.000699,0.847503
2871,1,0.631871,0.358712,0.009417
2872,0,0.813522,0.000896,0.185583
2873,1,0.830534,0.000982,0.168483
2874,1,0.998385,0.000597,0.001018
2875,1,0.749788,0.000862,0.249350
2876,1,0.000554,0.000384,0.999062
2877,0,0.010468,0.000271,0.989261
2878,1,0.998703,0.000836,0.000461
2879,1,0.113493,0.002020,0.884487
2880,0,0.001530,0.000195,0.998275
2881,1,0.998143,0.000669,0.001188
2882,0,0.001241,0.000199,0.998560
2883,0,0.007847,0.000241,0.991912
2884,1,0.469882,0.516169,0.013948
2885,1,0.505730,0.001345,0.492925
2886,1,0.944817,0.000642,0.054541
2887,0,0.000535,0.000244,0.999221
2888,0,0.377294,0.001238,0.621468
2889,0,0.940586,0.030080,0.029333
2890,0,0.002891,0.000196,0.996913
2891,1,0.181330,0.135843,0.682827
2892,0,0.079072,0.000371,0.920557
2893,1,0.833890,0.010431,0.155679
2894,0,0.000951,0.013406,0.985643
2895,0,0.007211,0.021051,0.971737
2896,1,0.884875,0.036065,0.079060
2897,0,0.000629,0.006251,0.993120
2898,0,0.007512,0.000191,0.992297
2899,0,0.960275,0.001251,0.038473
2900,0,0.000871,0.000200,0.998929
2901,0,0.660360,0.031731,0.307910
2902,1,0.958916,0.000705,0.040380
2903,0,0.518480,0.476578,0.004941
2904,1,0.996629,0.000921,0.002450
2905,1,0.012091,0.000357,0.987551
2906,0,0.004065,0.097159,0.898776
2907,1,0.026689,0.318694,0.654617
2908,1,0.998486,0.000651,0.000863
2909,1,0.136380,0.000865,0.862755
2910,1,0.961631,0.000704,0.037665
2911,1,0.739960,0.000841,0.259199
2912,1,0.862223,0.001087,0.136690
2913,1,0.899117,0.000578,0.100305
2914,0,0.013642,0.077763,0.908595
2915,0,0.000728,0.000205,0.999067
2916,1,0.928564,0.000854,0.070582
2917,0,0.015247,0.000348,0.984405
2918,1,0.613205,0.359829,0.026966
2919,1,0.896193,0.095770,0.008037
2920,0,0.005652,0.000215,0.994133
2921,1,0.993973,0.004100,0.001927
2922,0,0.120099,0.009163,0.870738
2923,0,0.000640,0.000229,0.999131
2924,1,0.481287,0.000923,0.517790
2925,0,0.009127,0.000377,0.990495
2926,1,0.995159,0.000577,0.004264
2927,1,0.264962,0.002484,0.732555
2928,1,0.998069,0.000502,0.001429
2929,0,0.145940,0.229165,0.624895
2930,1,0.000832,0.010632,0.988537
2931,1,0.960641,0.000692,0.038667
2932,0,0.142372,0.000521,0.857107
2933,0,0.212201,0.466829,0.320970
2934,1,0.822385,0.152165,0.025450
2935,0,0.004910,0.126146,0.868944
2936,0,0.001052,0.000212,0.998737
2937,1,0.931746,0.000853,0.067401
2938,0,0.957937,0.000593,0.041470
2939,1,0.998673,0.000800,0.000527
2940,1,0.997646,0.000469,0.001885
2941,0,0.005353,0.189154,0.805493
2942,0,0.143830,0.796601,0.059570
2943,1,0.980362,0.007513,0.012126
2944,0,0.074976,0.000462,0.924563
2945,0,0.190766,0.001237,0.807998
2946,0,0.023349,0.418404,0.558247
2947,0,0.006443,0.018110,0.975447
2948,1,0.997147,0.001586,0.001268
2949,0,0.998636,0.000732,0.000632
2950,0,0.004496,0.205614,0.789889
2951,0,0.088669,0.469144,0.442187
2952,0,0.010535,0.364124,0.625341
2953,1,0.435672,0.001204,0.563124
2954,1,0.874064,0.081652,0.044285
2955,1,0.990449,0.001485,0.008067
2956,0,0.344160,0.001065,0.654776
2957,0,0.377085,0.001149,0.621767
2958,1,0.899999,0.000672,0.099328
2959,0,0.403479,0.000620,0.595901
2960,1,0.887336,0.082830,0.029834
2961,1,0.990025,0.000663,0.009312
2962,1,0.449697,0.000671,0.549631
2963,1,0.998680,0.000702,0.000618
2964,1,0.003997,0.000257,0.995746
2965,1,0.970837,0.000595,0.028568
2966,0,0.998575,0.000639,0.000786
2967,1,0.006283,0.000252,0.993465
2968,1,0.979716,0.019087,0.001197
2969,1,0.541552,0.451686,0.006763
2970,1,0.000762,0.000272,0.998966
2971,1,0.591657,0.394067,0.014276
2972,0,0.370394,0.607334,0.022272
2973,1,0.012335,0.000464,0.987202
2974,0,0.000706,0.000211,0.999082
2975,0,0.000504,0.003495,0.996001
2976,0,0.970469,0.000530,0.029001
2977,1,0.701382,0.293577,0.005042
2978,1,0.377101,0.001156,0.621742
2979,0,0.000876,0.000202,0.998922
2980,0,0.009686,0.000295,0.990019
2981,1,0.000969,0.000185,0.998846
2982,0,0.951849,0.043068,0.005083
2983,1,0.004954,0.000196,0.994850
2984,0,0.005656,0.000209,0.994135
2985,1,0.543588,0.452494,0.003919
2986,1,0.993523,0.000588,0.005889
2987,1,0.989061,0.009520,0.001419
2988,0,0.012216,0.430814,0.556970
2989,1,0.990862,0.008191,0.000947
2990,0,0.119825,0.061156,0.819020
2991,0,0.045518,0.377485,0.576997
2992,1,0.001460,0.000485,0.998056
2993,1,0.887996,0.109267,0.002737
2994,0,0.004190,0.000190,0.995620
2995,1,0.998639,0.000778,0.000583
2996,0,0.965041,0.002766,0.032193
2997,0,0.002694,0.581044,0.416262
2998,0,0.119328,0.006856,0.873816
2999,1,0.035441,0.027315,0.937244
