row_id,gold,p_hate,p_offensive,p_normal
0,1,0.062836,0.001824,0.935340
1,0,0.615880,0.002159,0.381962
2,1,0.994574,0.000505,0.004922
3,1,0.067200,0.000469,0.932331
4,0,0.000665,0.000249,0.999086
5,1,0.967704,0.030367,0.001929
6,1,0.576842,0.109398,0.313760
7,1,0.446373,0.000405,0.553222
8,0,0.119636,0.826203,0.054161
9,1,0.995752,0.001993,0.002254
10,0,0.000286,0.000332,0.999382
11,1,0.995814,0.000522,0.003664
12,1,0.887957,0.001693,0.110350
13,0,0.647835,0.000373,0.351792
14,0,0.257872,0.003873,0.738255
15,0,0.047842,0.916149,0.036009
16,1,0.000506,0.000141,0.999353
17,1,0.989366,0.009351,0.001283
18,1,0.908441,0.001852,0.089708
19,0,0.227403,0.000430,0.772167
20,1,0.615758,0.004413,0.379829
21,1,0.759243,0.014093,0.226664
22,0,0.000638,0.000465,0.998896
23,1,0.892548,0.103392,0.004060
24,1,0.205095,0.009699,0.785206
25,1,0.997718,0.000894,0.001388
26,0,0.002799,0.030180,0.967021
27,1,0.991171,0.007370,0.001459
28,1,0.970046,0.005925,0.024028
29,0,0.997207,0.001250,0.001543
30,0,0.000313,0.000297,0.999390
31,0,0.000321,0.000354,0.999325
32,0,0.993327,0.000770,0.005903
33,1,0.996846,0.002332,0.000822
34,0,0.961386,0.000394,0.038220
35,1,0.997226,0.001643,0.001131
36,1,0.130803,0.000529,0.868669
37,1,0.001581,0.000092,0.998326
38,0,0.066661,0.000228,0.933110
39,0,0.001749,0.000096,0.998155
40,0,0.994163,0.000815,0.005022
41,0,0.190040,0.248510,0.561451
42,0,0.988723,0.000744,0.010533
43,0,0.000455,0.000186,0.999359
44,0,0.011119,0.000295,0.988587
45,1,0.005211,0.000961,0.993828
46,0,0.124655,0.001039,0.874306
47,1,0.003339,0.000537,0.996124
48,0,0.982692,0.000416,0.016892
49,1,0.304269,0.000470,0.695260
50,1,0.996546,0.001101,0.002354
51,0,0.001502,0.000268,0.998230
52,1,0.618987,0.000520,0.380494
53,1,0.306026,0.000425,0.693549
54,1,0.010584,0.176891,0.812524
55,1,0.004258,0.017934,0.977808
56,1,0.996637,0.000938,0.002425
57,0,0.000791,0.000154,0.999055
58,1,0.914535,0.055918,0.029548
59,1,0.909330,0.000756,0.089913
60,1,0.000676,0.000317,0.999007
61,1,0.989451,0.000352,0.010197
62,0,0.044400,0.000321,0.955279
63,1,0.550803,0.116865,0.332332
64,1,0.235116,0.752509,0.012376
65,0,0.977159,0.012486,0.010356
66,1,0.445657,0.000290,0.554053
67,1,0.001314,0.000139,0.998547
68,1,0.647583,0.029949,0.322468
69,1,0.073793,0.122999,0.803208
70,1,0.991479,0.000380,0.008142
71,1,0.987259,0.000344,0.012397
72,1,0.996557,0.000887,0.002556
73,1,0.994652,0.000463,0.004885
74,1,0.449742,0.000310,0.549947
75,1,0.001107,0.000117,0.998776
76,1,0.023613,0.000130,0.976258
77,1,0.713062,0.000296,0.286642
78,1,0.996805,0.000804,0.002391
79,1,0.617078,0.000490,0.382432
80,1,0.295633,0.001228,0.703138
81,1,0.954486,0.003792,0.041722
82,1,0.996164,0.000619,0.003217
83,1,0.995486,0.000788,0.003727
84,1,0.995815,0.002617,0.001568
85,1,0.991522,0.001340,0.007137
86,0,0.000341,0.000233,0.999426
87,1,0.992515,0.003761,0.003724
88,1,0.925021,0.006140,0.068839
89,1,0.900589,0.001085,0.098326
90,1,0.936142,0.061856,0.002002
91,1,0.779688,0.001025,0.219287
92,1,0.556584,0.000938,0.442478
93,1,0.000929,0.000433,0.998638
94,1,0.482979,0.000420,0.516600
95,1,0.569697,0.000393,0.429910
96,1,0.990513,0.000346,0.009141
97,1,0.992222,0.000426,0.007352
98,1,0.000521,0.000128,0.999351
99,1,0.000828,0.000152,0.999019
100,1,0.075922,0.000168,0.923910
101,0,0.000268,0.000256,0.999476
102,1,0.000249,0.000265,0.999487
103,1,0.074331,0.000230,0.925439
104,1,0.996702,0.000933,0.002364
105,1,0.935452,0.000516,0.064033
106,1,0.009228,0.007940,0.982832
107,1,0.929338,0.066601,0.004061
108,1,0.996954,0.001702,0.001344
109,1,0.997426,0.001058,0.001516
110,1,0.993172,0.000378,0.006450
111,1,0.995201,0.000418,0.004381
112,1,0.099608,0.000378,0.900014
113,1,0.001052,0.000117,0.998831
114,1,0.492717,0.000297,0.506986
115,0,0.000314,0.000185,0.999501
116,1,0.000566,0.000147,0.999287
117,1,0.000361,0.000347,0.999292
118,1,0.784342,0.000384,0.215274
119,1,0.975429,0.000360,0.024210
120,1,0.994861,0.002780,0.002359
121,1,0.997134,0.001486,0.001380
122,1,0.044442,0.028652,0.926906
123,1,0.788577,0.001419,0.210004
124,1,0.457600,0.436706,0.105694
125,1,0.303924,0.390848,0.305228
126,1,0.593805,0.000414,0.405780
127,1,0.997501,0.001001,0.001498
128,1,0.916027,0.000470,0.083503
129,1,0.997281,0.001272,0.001447
130,1,0.996324,0.002475,0.001202
131,1,0.995112,0.003113,0.001775
132,1,0.997107,0.001365,0.001528
133,1,0.996290,0.002736,0.000974
134,0,0.000387,0.000892,0.998722
135,0,0.022317,0.015063,0.962620
136,1,0.996892,0.002253,0.000856
137,0,0.114483,0.000252,0.885265
138,1,0.000601,0.000146,0.999253
139,0,0.007273,0.000136,0.992591
140,1,0.953578,0.000335,0.046087
141,1,0.995564,0.000589,0.003848
142,0,0.276291,0.622430,0.101279
143,0,0.000314,0.000197,0.999488
144,1,0.361307,0.627350,0.011343
145,1,0.997193,0.001315,0.001492
146,0,0.827158,0.000892,0.171951
147,1,0.941729,0.024977,0.033294
148,0,0.996754,0.000682,0.002564
149,1,0.959847,0.038432,0.001721
150,1,0.997105,0.000716,0.002179
151,1,0.996867,0.000742,0.002392
152,1,0.207551,0.503568,0.288881
153,1,0.996607,0.000839,0.002554
154,1,0.997483,0.001574,0.000943
155,1,0.997618,0.000829,0.001553
156,1,0.995230,0.002006,0.002765
157,1,0.994951,0.002104,0.002944
158,1,0.987607,0.000677,0.011715
159,1,0.680739,0.302901,0.016360
160,1,0.997471,0.001225,0.001304
161,1,0.997567,0.000996,0.001437
162,1,0.990410,0.001899,0.007690
163,1,0.997435,0.001012,0.001554
164,1,0.997430,0.001331,0.001238
165,1,0.926993,0.057674,0.015334
166,1,0.988750,0.000318,0.010932
167,1,0.997139,0.000669,0.002192
168,1,0.997416,0.001560,0.001024
169,1,0.997559,0.000744,0.001697
170,1,0.997598,0.000915,0.001487
171,1,0.993527,0.002228,0.004244
172,1,0.997586,0.000974,0.001440
173,1,0.213056,0.000677,0.786267
174,1,0.569734,0.000408,0.429859
175,1,0.994444,0.003106,0.002449
176,1,0.948308,0.049866,0.001826
177,1,0.509523,0.331304,0.159173
178,1,0.345740,0.619875,0.034385
179,1,0.128824,0.837943,0.033233
180,1,0.347067,0.312979,0.339955
181,1,0.088763,0.836093,0.075144
182,1,0.032262,0.061787,0.905951
183,1,0.918022,0.074304,0.007674
184,0,0.039563,0.173704,0.786732
185,0,0.021362,0.025095,0.953543
186,1,0.985375,0.007756,0.006869
187,1,0.824889,0.171531,0.003580
188,1,0.989402,0.000393,0.010205
189,1,0.000528,0.000747,0.998725
190,1,0.000279,0.000330,0.999391
191,1,0.980716,0.013255,0.006029
192,1,0.230268,0.000693,0.769039
193,1,0.074151,0.001790,0.924059
194,1,0.676563,0.001665,0.321772
195,1,0.418337,0.002020,0.579643
196,1,0.124143,0.000718,0.875140
197,1,0.777316,0.001987,0.220697
198,1,0.947043,0.001055,0.051902
199,1,0.179109,0.004912,0.815979
200,1,0.316074,0.004520,0.679406
201,1,0.002788,0.000299,0.996913
202,1,0.254034,0.023859,0.722107
203,1,0.422083,0.001256,0.576662
204,1,0.146495,0.002096,0.851408
205,1,0.773299,0.001428,0.225273
206,1,0.983346,0.001834,0.014820
207,1,0.246219,0.002498,0.751284
208,1,0.680150,0.004339,0.315511
209,1,0.681398,0.010598,0.308004
210,1,0.328501,0.006209,0.665291
211,1,0.323732,0.000366,0.675902
212,1,0.203056,0.002087,0.794857
213,0,0.132300,0.000601,0.867099
214,1,0.164090,0.010362,0.825548
215,1,0.214233,0.013464,0.772303
216,1,0.756138,0.114869,0.128993
217,1,0.303410,0.017780,0.678810
218,1,0.006698,0.000407,0.992896
219,1,0.988695,0.000351,0.010954
220,1,0.960337,0.035478,0.004185
221,1,0.175176,0.012851,0.811972
222,1,0.069476,0.006412,0.924111
223,1,0.071624,0.003773,0.924603
224,0,0.162305,0.026583,0.811113
225,1,0.944687,0.047921,0.007391
226,1,0.496947,0.100801,0.402252
227,1,0.659949,0.084234,0.255817
228,1,0.997247,0.001367,0.001386
229,1,0.944825,0.045579,0.009596
230,1,0.585701,0.362745,0.051554
231,1,0.119720,0.000189,0.880091
232,1,0.710945,0.243060,0.045995
233,1,0.888880,0.107857,0.003263
234,1,0.943359,0.000999,0.055642
235,1,0.870865,0.123349,0.005786
236,1,0.970414,0.003196,0.026390
237,1,0.877711,0.116249,0.006041
238,1,0.767790,0.225119,0.007092
239,1,0.881578,0.113283,0.005139
240,1,0.000860,0.000138,0.999002
241,1,0.000572,0.000202,0.999226
242,1,0.574491,0.190425,0.235084
243,1,0.077706,0.000224,0.922070
244,1,0.996411,0.000584,0.003004
245,1,0.995550,0.002195,0.002256
246,1,0.996808,0.001314,0.001878
247,1,0.020465,0.108807,0.870728
248,0,0.006261,0.000166,0.993573
249,1,0.995536,0.002333,0.002131
250,0,0.008142,0.000192,0.991666
251,1,0.139278,0.003939,0.856782
252,1,0.619361,0.376854,0.003785
253,1,0.076606,0.007435,0.915959
254,0,0.784207,0.003125,0.212668
255,0,0.919355,0.001809,0.078837
256,0,0.019344,0.000155,0.980501
257,1,0.249117,0.003261,0.747622
258,1,0.035656,0.635219,0.329125
259,1,0.995362,0.000714,0.003925
260,1,0.996563,0.000803,0.002634
261,1,0.996695,0.001347,0.001957
262,1,0.505732,0.000292,0.493976
263,1,0.991895,0.002120,0.005984
264,0,0.004905,0.000167,0.994928
265,0,0.000328,0.000247,0.999425
266,0,0.964413,0.000345,0.035242
267,1,0.227393,0.047035,0.725573
268,0,0.063191,0.218384,0.718426
269,0,0.994539,0.000556,0.004905
270,1,0.382306,0.543350,0.074344
271,1,0.606683,0.158297,0.235020
272,1,0.000971,0.000152,0.998877
273,0,0.001809,0.000087,0.998105
274,1,0.995295,0.000666,0.004038
275,0,0.232922,0.002050,0.765028
276,0,0.823106,0.000319,0.176575
277,0,0.936659,0.000293,0.063047
278,0,0.287836,0.000437,0.711726
279,0,0.000488,0.000384,0.999128
280,0,0.875742,0.006368,0.117890
281,0,0.715681,0.002286,0.282033
282,0,0.985146,0.000640,0.014214
283,0,0.995842,0.000968,0.003190
284,1,0.996334,0.002614,0.001052
285,0,0.997352,0.000874,0.001774
286,0,0.993883,0.000646,0.005472
287,0,0.996885,0.001357,0.001757
288,0,0.986086,0.000925,0.012989
289,0,0.659835,0.001390,0.338775
290,0,0.945625,0.002422,0.051953
291,0,0.980695,0.000597,0.018708
292,0,0.989253,0.000437,0.010310
293,0,0.994607,0.000726,0.004666
294,0,0.919508,0.001050,0.079442
295,1,0.997204,0.001043,0.001753
296,0,0.851557,0.023806,0.124637
297,0,0.973075,0.000577,0.026348
298,0,0.003003,0.000895,0.996102
299,0,0.997596,0.000817,0.001587
300,0,0.991640,0.000627,0.007733
301,0,0.201757,0.004155,0.794087
302,0,0.661476,0.001364,0.337160
303,1,0.742185,0.000737,0.257078
304,0,0.489879,0.000553,0.509567
305,0,0.970485,0.000901,0.028614
306,0,0.984459,0.000912,0.014629
307,0,0.996668,0.000881,0.002450
308,0,0.996383,0.000594,0.003023
309,1,0.022888,0.002103,0.975009
310,1,0.041636,0.000871,0.957494
311,1,0.995782,0.000901,0.003318
312,1,0.976442,0.000890,0.022668
313,1,0.295709,0.001324,0.702967
314,1,0.997337,0.001400,0.001263
315,0,0.032558,0.000440,0.967002
316,1,0.995568,0.000470,0.003961
317,1,0.967672,0.001019,0.031309
318,1,0.997592,0.001166,0.001242
319,0,0.879398,0.002727,0.117875
320,0,0.942550,0.000543,0.056907
321,0,0.041222,0.001153,0.957625
322,0,0.001202,0.000203,0.998595
323,0,0.001114,0.000207,0.998679
324,0,0.165514,0.000728,0.833758
325,0,0.925928,0.003064,0.071008
326,0,0.021264,0.000228,0.978508
327,1,0.996462,0.000800,0.002738
328,1,0.958434,0.039302,0.002264
329,1,0.973406,0.000347,0.026247
330,1,0.070452,0.047637,0.881911
331,1,0.038398,0.009440,0.952162
332,1,0.996862,0.001357,0.001781
333,1,0.001543,0.000996,0.997462
334,1,0.970494,0.000379,0.029127
335,1,0.992704,0.000684,0.006612
336,1,0.061733,0.000218,0.938050
337,1,0.096328,0.017736,0.885936
338,0,0.982082,0.000517,0.017400
339,0,0.982399,0.000423,0.017178
340,0,0.996777,0.000909,0.002314
341,0,0.032344,0.001282,0.966375
342,0,0.951543,0.000745,0.047711
343,0,0.986001,0.000628,0.013371
344,0,0.992456,0.000803,0.006741
345,0,0.469718,0.003586,0.526696
346,0,0.175130,0.000308,0.824562
347,0,0.144871,0.038048,0.817081
348,0,0.995499,0.000606,0.003895
349,0,0.911031,0.000340,0.088628
350,0,0.041080,0.000339,0.958581
351,0,0.995782,0.000751,0.003467
352,1,0.996875,0.000749,0.002376
353,0,0.831054,0.002228,0.166717
354,0,0.986781,0.001528,0.011692
355,0,0.941925,0.021771,0.036304
356,0,0.993000,0.000525,0.006475
357,0,0.977083,0.000373,0.022544
358,0,0.995565,0.000677,0.003758
359,0,0.996045,0.001369,0.002587
360,0,0.000324,0.000218,0.999458
361,0,0.395773,0.000494,0.603733
362,0,0.001366,0.000126,0.998507
363,0,0.006128,0.000355,0.993517
364,0,0.002257,0.000301,0.997442
365,0,0.837280,0.000472,0.162248
366,0,0.015207,0.000173,0.984620
367,0,0.986885,0.000625,0.012490
368,0,0.869723,0.000654,0.129623
369,0,0.000561,0.000227,0.999212
370,0,0.964393,0.001561,0.034046
371,0,0.000652,0.004660,0.994688
372,0,0.209771,0.002579,0.787650
373,0,0.942816,0.000463,0.056720
374,0,0.688067,0.000798,0.311135
375,0,0.306707,0.000709,0.692584
376,1,0.328775,0.000403,0.670822
377,1,0.000249,0.000408,0.999343
378,0,0.000928,0.000116,0.998956
379,1,0.985333,0.000380,0.014288
380,0,0.584034,0.000558,0.415408
381,0,0.001219,0.000681,0.998099
382,0,0.777437,0.000705,0.221859
383,1,0.845718,0.001695,0.152587
384,1,0.002369,0.000229,0.997402
385,1,0.001000,0.001723,0.997277
386,1,0.986778,0.000304,0.012918
387,1,0.460400,0.002009,0.537592
388,1,0.934675,0.056860,0.008465
389,0,0.739031,0.000761,0.260207
390,0,0.421071,0.165240,0.413689
391,0,0.508360,0.002724,0.488916
392,0,0.001644,0.000202,0.998154
393,1,0.297258,0.005243,0.697498
394,1,0.009837,0.318662,0.671501
395,1,0.846263,0.001511,0.152226
396,0,0.000255,0.000322,0.999423
397,1,0.005797,0.412167,0.582035
398,1,0.997400,0.000731,0.001869
399,1,0.992962,0.005109,0.001929
400,0,0.543126,0.000566,0.456309
401,0,0.093575,0.145524,0.760901
402,0,0.022982,0.000142,0.976876
403,0,0.981342,0.001064,0.017594
404,0,0.011950,0.000179,0.987871
405,0,0.981982,0.002303,0.015715
406,0,0.923371,0.000702,0.075927
407,0,0.001773,0.000262,0.997965
408,1,0.791571,0.176700,0.031729
409,0,0.000669,0.000168,0.999163
410,0,0.157800,0.000279,0.841921
411,0,0.000706,0.000510,0.998784
412,1,0.092966,0.000306,0.906728
413,1,0.995928,0.001162,0.002910
414,0,0.864465,0.003723,0.131812
415,0,0.996160,0.000844,0.002995
416,0,0.933824,0.000240,0.065937
417,0,0.993316,0.000364,0.006320
418,0,0.816067,0.000371,0.183561
419,1,0.514914,0.000857,0.484229
420,0,0.995037,0.001983,0.002979
421,0,0.996064,0.002296,0.001640
422,1,0.995758,0.000923,0.003319
423,0,0.003422,0.000160,0.996418
424,1,0.240183,0.000660,0.759157
425,0,0.139152,0.317127,0.543721
426,0,0.996842,0.001342,0.001816
427,0,0.995625,0.001410,0.002965
428,0,0.994869,0.001447,0.003684
429,0,0.002153,0.000310,0.997537
430,0,0.052790,0.003814,0.943396
431,0,0.030218,0.198693,0.771089
432,0,0.773851,0.000433,0.225716
433,0,0.996175,0.000988,0.002837
434,1,0.067745,0.000179,0.932076
435,0,0.149898,0.495495,0.354606
436,0,0.004438,0.000132,0.995430
437,1,0.005186,0.000107,0.994706
438,0,0.003996,0.001605,0.994400
439,1,0.996535,0.000994,0.002471
440,0,0.959993,0.000421,0.039585
441,0,0.996319,0.000617,0.003065
442,0,0.059491,0.000506,0.940003
443,0,0.734140,0.000354,0.265506
444,0,0.063048,0.000178,0.936775
445,0,0.925909,0.015781,0.058310
446,0,0.098600,0.000302,0.901098
447,0,0.000481,0.000243,0.999276
448,1,0.997098,0.001399,0.001503
449,1,0.993383,0.000425,0.006192
450,1,0.997010,0.001878,0.001113
451,0,0.996534,0.001201,0.002265
452,1,0.018246,0.000201,0.981553
453,1,0.516513,0.000590,0.482897
454,1,0.996859,0.002179,0.000962
455,1,0.983656,0.000534,0.015810
456,1,0.984198,0.014458,0.001343
457,1,0.000291,0.000291,0.999417
458,0,0.425493,0.000572,0.573934
459,1,0.987444,0.001254,0.011302
460,1,0.165762,0.398684,0.435554
461,0,0.014085,0.000148,0.985766
462,0,0.081532,0.000898,0.917570
463,0,0.003243,0.000217,0.996540
464,0,0.000277,0.000216,0.999507
465,0,0.000260,0.000575,0.999165
466,1,0.000500,0.000233,0.999267
467,0,0.000682,0.000130,0.999188
468,0,0.115954,0.022670,0.861376
469,0,0.458234,0.000332,0.541434
470,1,0.009194,0.000131,0.990675
471,1,0.992931,0.000425,0.006644
472,0,0.996712,0.000519,0.002769
473,1,0.002122,0.000107,0.997772
474,0,0.795754,0.000611,0.203635
475,0,0.521430,0.000351,0.478219
476,1,0.959552,0.021722,0.018726
477,0,0.015654,0.000198,0.984148
478,1,0.083582,0.864219,0.052199
479,0,0.669371,0.000597,0.330032
480,0,0.996060,0.003075,0.000865
481,1,0.902643,0.001814,0.095543
482,0,0.012220,0.086305,0.901475
483,0,0.993756,0.000511,0.005733
484,1,0.483138,0.000353,0.516509
485,0,0.003851,0.000132,0.996016
486,0,0.056857,0.000162,0.942981
487,0,0.110704,0.000275,0.889022
488,0,0.246823,0.002101,0.751076
489,1,0.997045,0.001250,0.001705
490,0,0.001867,0.000202,0.997930
491,0,0.037646,0.000428,0.961926
492,1,0.997300,0.001752,0.000948
493,1,0.912255,0.000351,0.087393
494,1,0.055940,0.904393,0.039667
495,1,0.996930,0.001018,0.002052
496,1,0.995707,0.000589,0.003704
497,0,0.991521,0.000400,0.008080
498,1,0.940222,0.000328,0.059450
499,0,0.002646,0.000137,0.997217
500,0,0.767604,0.000403,0.231992
501,1,0.363051,0.000690,0.636258
502,0,0.029787,0.000137,0.970076
503,0,0.000469,0.000148,0.999384
504,0,0.255424,0.273680,0.470896
505,1,0.997162,0.001295,0.001543
506,1,0.976674,0.018430,0.004895
507,1,0.993028,0.000366,0.006606
508,1,0.088559,0.001519,0.909922
509,1,0.942072,0.003374,0.054554
510,0,0.015028,0.000859,0.984113
511,0,0.985600,0.008103,0.006297
512,0,0.980494,0.001628,0.017878
513,0,0.000587,0.001952,0.997461
514,0,0.075330,0.000523,0.924147
515,0,0.977790,0.000323,0.021887
516,1,0.303974,0.000571,0.695455
517,0,0.005255,0.000437,0.994307
518,0,0.002091,0.032491,0.965418
519,0,0.014068,0.000652,0.985280
520,1,0.919844,0.000365,0.079791
521,1,0.000656,0.000186,0.999158
522,0,0.067740,0.001993,0.930268
523,1,0.996796,0.001985,0.001219
524,0,0.989407,0.003966,0.006628
525,0,0.987945,0.000478,0.011577
526,1,0.038228,0.748446,0.213326
527,0,0.995135,0.000412,0.004453
528,0,0.045127,0.011754,0.943120
529,1,0.997072,0.001389,0.001539
530,1,0.041758,0.004063,0.954179
531,1,0.988087,0.000360,0.011553
532,1,0.724337,0.000451,0.275212
533,1,0.137574,0.003088,0.859338
534,0,0.878828,0.001792,0.119379
535,0,0.042961,0.000255,0.956784
536,0,0.975536,0.000362,0.024101
537,1,0.978562,0.003863,0.017575
538,0,0.049185,0.000319,0.950495
539,0,0.000286,0.000211,0.999503
540,1,0.995125,0.000479,0.004396
541,0,0.002018,0.000439,0.997543
542,1,0.996079,0.001964,0.001958
543,1,0.064199,0.000317,0.935484
544,1,0.944170,0.010612,0.045218
545,1,0.074109,0.000411,0.925479
546,0,0.493384,0.000400,0.506216
547,1,0.993846,0.000676,0.005478
548,0,0.297066,0.013619,0.689314
549,1,0.994914,0.001348,0.003738
550,0,0.996089,0.000758,0.003153
551,1,0.995369,0.002126,0.002505
552,1,0.992419,0.002783,0.004798
553,0,0.170169,0.227804,0.602027
554,0,0.978580,0.004244,0.017175
555,0,0.058777,0.261667,0.679556
556,1,0.725172,0.000869,0.273959
557,0,0.083892,0.000372,0.915736
558,0,0.042564,0.571755,0.385681
559,1,0.758306,0.101832,0.139862
560,0,0.008348,0.000363,0.991289
561,1,0.996450,0.000889,0.002661
562,0,0.000392,0.000398,0.999210
563,0,0.811414,0.000522,0.188065
564,1,0.991618,0.000323,0.008059
565,0,0.476675,0.002937,0.520388
566,1,0.997476,0.001244,0.001280
567,1,0.995667,0.002914,0.001419
568,0,0.026724,0.000197,0.973079
569,1,0.907245,0.001213,0.091541
570,0,0.001806,0.001501,0.996693
571,0,0.074135,0.000429,0.925436
572,0,0.068732,0.000274,0.930994
573,1,0.918895,0.000360,0.080745
574,0,0.001171,0.000377,0.998452
575,1,0.033804,0.000252,0.965944
576,0,0.990326,0.000813,0.008861
577,1,0.979915,0.000446,0.019639
578,0,0.000841,0.000228,0.998930
579,1,0.993214,0.000469,0.006316
580,0,0.000603,0.000168,0.999229
581,1,0.997793,0.001000,0.001208
582,0,0.000255,0.000244,0.999501
583,0,0.895393,0.000917,0.103690
584,1,0.997314,0.000959,0.001727
585,1,0.029432,0.590440,0.380127
586,1,0.995850,0.000693,0.003456
587,0,0.972691,0.003220,0.024088
588,0,0.001658,0.000663,0.997679
589,0,0.963672,0.000292,0.036036
590,1,0.643421,0.000639,0.355940
591,0,0.000416,0.000147,0.999437
592,1,0.976342,0.005268,0.018390
593,1,0.000624,0.000193,0.999183
594,0,0.990407,0.000915,0.008678
595,0,0.020670,0.000501,0.978829
596,0,0.842310,0.000785,0.156905
597,0,0.628335,0.037747,0.333918
598,1,0.063656,0.000211,0.936134
599,1,0.406402,0.461948,0.131649
600,0,0.934971,0.000752,0.064277
601,0,0.859401,0.002986,0.137612
602,0,0.994897,0.000548,0.004554
603,0,0.169940,0.483823,0.346237
604,1,0.910522,0.000279,0.089199
605,0,0.026893,0.001859,0.971247
606,1,0.992905,0.002406,0.004689
607,0,0.040911,0.757509,0.201580
608,1,0.001340,0.000224,0.998436
609,0,0.008817,0.000822,0.990361
610,1,0.997542,0.000832,0.001626
611,0,0.015642,0.000286,0.984072
612,0,0.948725,0.000623,0.050652
613,0,0.015687,0.000166,0.984147
614,1,0.945268,0.001741,0.052991
615,1,0.798150,0.001078,0.200771
616,1,0.992633,0.000979,0.006388
617,0,0.000418,0.000222,0.999360
618,0,0.981459,0.000958,0.017582
619,0,0.011131,0.000182,0.988687
620,1,0.235068,0.014968,0.749964
621,0,0.983426,0.000886,0.015688
622,1,0.659778,0.000554,0.339668
623,0,0.996872,0.001092,0.002036
624,1,0.049023,0.765458,0.185519
625,0,0.915496,0.000365,0.084140
626,1,0.625647,0.353248,0.021105
627,1,0.351327,0.000639,0.648034
628,1,0.981865,0.000422,0.017713
629,1,0.972951,0.025943,0.001106
630,0,0.741687,0.006456,0.251857
631,1,0.939905,0.053058,0.007037
632,0,0.996972,0.000809,0.002219
633,0,0.001031,0.000668,0.998301
634,0,0.013520,0.839334,0.147146
635,0,0.931283,0.008817,0.059899
636,1,0.691007,0.000332,0.308662
637,0,0.246412,0.393598,0.359990
638,0,0.000525,0.000140,0.999335
639,0,0.000347,0.000212,0.999440
640,0,0.034559,0.881547,0.083894
641,0,0.000508,0.000123,0.999369
642,1,0.964049,0.000403,0.035548
643,0,0.026484,0.000144,0.973372
644,1,0.001535,0.000544,0.997922
645,0,0.936958,0.031702,0.031340
646,1,0.063799,0.000256,0.935945
647,0,0.002502,0.000150,0.997348
648,1,0.054769,0.238455,0.706776
649,0,0.854146,0.000313,0.145541
650,0,0.989998,0.004112,0.005890
651,1,0.134106,0.829629,0.036266
652,0,0.996589,0.000989,0.002422
653,0,0.011205,0.000463,0.988332
654,1,0.996582,0.000487,0.002931
655,0,0.030624,0.000203,0.969173
656,0,0.000560,0.000151,0.999289
657,0,0.000396,0.000185,0.999419
658,0,0.001382,0.000401,0.998218
659,0,0.008293,0.000435,0.991272
660,0,0.989243,0.007806,0.002951
661,1,0.996836,0.000828,0.002335
662,0,0.915196,0.076617,0.008187
663,0,0.400575,0.005071,0.594354
664,1,0.000869,0.014677,0.984455
665,0,0.997575,0.001198,0.001226
666,1,0.996863,0.000744,0.002392
667,1,0.997442,0.001664,0.000895
668,1,0.689618,0.008111,0.302271
669,0,0.124083,0.386190,0.489727
670,1,0.989707,0.001760,0.008533
671,0,0.982269,0.002889,0.014843
672,1,0.000344,0.001387,0.998269
673,0,0.012685,0.000389,0.986926
674,1,0.844013,0.008279,0.147708
675,0,0.367832,0.005297,0.626871
676,1,0.997240,0.001811,0.000948
677,0,0.410659,0.000420,0.588921
678,1,0.018609,0.000310,0.981080
679,0,0.082005,0.000199,0.917795
680,1,0.523599,0.000806,0.475595
681,1,0.166562,0.000404,0.833034
682,0,0.009484,0.000231,0.990284
683,0,0.000408,0.000153,0.999438
684,0,0.867439,0.001888,0.130672
685,1,0.988355,0.000396,0.011249
686,1,0.089835,0.000253,0.909912
687,0,0.989173,0.000371,0.010456
688,0,0.021582,0.165897,0.812520
689,0,0.995422,0.000463,0.004115
690,1,0.997355,0.001594,0.001051
691,1,0.013541,0.122804,0.863654
692,0,0.995717,0.001194,0.003090
693,0,0.860371,0.000749,0.138879
694,1,0.980176,0.000448,0.019375
695,1,0.835387,0.019110,0.145503
696,0,0.046760,0.000313,0.952926
697,0,0.011983,0.003076,0.984941
698,1,0.994548,0.000831,0.004621
699,1,0.996914,0.001219,0.001867
700,0,0.000659,0.000173,0.999168
701,0,0.001314,0.000381,0.998305
702,0,0.034674,0.224170,0.741156
703,1,0.050733,0.000296,0.948972
704,1,0.007948,0.000111,0.991941
705,1,0.963027,0.004892,0.032080
706,1,0.010625,0.873730,0.115645
707,0,0.000289,0.000230,0.999481
708,0,0.008101,0.000330,0.991569
709,1,0.642347,0.351267,0.006387
710,0,0.995804,0.001427,0.002769
711,0,0.013783,0.840044,0.146173
712,1,0.000301,0.000271,0.999429
713,0,0.003888,0.000146,0.995966
714,0,0.964717,0.000604,0.034679
715,0,0.992223,0.000402,0.007375
716,1,0.997656,0.001198,0.001146
717,1,0.987081,0.000355,0.012563
718,1,0.036295,0.000240,0.963464
719,1,0.953026,0.000534,0.046441
720,0,0.001937,0.000272,0.997791
721,1,0.997198,0.000835,0.001967
722,1,0.994697,0.000531,0.004772
723,1,0.995776,0.000446,0.003778
724,0,0.001218,0.004948,0.993833
725,1,0.880934,0.013056,0.106010
726,1,0.000316,0.000218,0.999466
727,0,0.905722,0.000454,0.093824
728,1,0.997560,0.001190,0.001250
729,0,0.042817,0.000199,0.956984
730,0,0.002025,0.000573,0.997401
731,0,0.839320,0.000466,0.160214
732,0,0.000301,0.000199,0.999500
733,1,0.928456,0.000253,0.071291
734,0,0.001483,0.047830,0.950687
735,0,0.158298,0.000699,0.841003
736,0,0.002508,0.000098,0.997394
737,0,0.004588,0.000333,0.995080
738,1,0.316646,0.000290,0.683064
739,1,0.990742,0.007788,0.001470
740,0,0.014772,0.000173,0.985056
741,0,0.002240,0.000261,0.997499
742,1,0.930076,0.068005,0.001918
743,0,0.349273,0.010271,0.640455
744,0,0.985701,0.000319,0.013980
745,0,0.000883,0.000139,0.998978
746,0,0.255325,0.000573,0.744101
747,1,0.997622,0.001002,0.001375
748,1,0.917235,0.004694,0.078071
749,0,0.773854,0.000609,0.225537
750,0,0.929397,0.000315,0.070288
751,0,0.310498,0.001118,0.688384
752,1,0.993052,0.005645,0.001303
753,1,0.994086,0.000589,0.005326
754,0,0.905747,0.026103,0.068150
755,1,0.993660,0.003287,0.003053
756,1,0.526149,0.003824,0.470028
757,0,0.031894,0.000186,0.967920
758,0,0.987213,0.002083,0.010703
759,0,0.997704,0.000941,0.001355
760,1,0.997012,0.000852,0.002135
761,0,0.000217,0.000403,0.999380
762,0,0.001848,0.000350,0.997802
763,0,0.341030,0.001839,0.657131
764,0,0.000602,0.000215,0.999183
765,0,0.992210,0.006589,0.001200
766,1,0.179643,0.000349,0.820008
767,1,0.083738,0.073472,0.842790
768,0,0.975290,0.000724,0.023985
769,0,0.027223,0.000692,0.972085
770,1,0.249090,0.000359,0.750551
771,0,0.995047,0.000559,0.004394
772,1,0.986423,0.010475,0.003102
773,0,0.000579,0.000176,0.999245
774,0,0.024162,0.013337,0.962501
775,0,0.138190,0.001175,0.860635
776,0,0.996020,0.000884,0.003097
777,0,0.071686,0.871805,0.056509
778,1,0.924075,0.060219,0.015706
779,0,0.004536,0.000278,0.995186
780,1,0.997570,0.001167,0.001263
781,0,0.745102,0.000672,0.254226
782,1,0.028642,0.939075,0.032282
783,0,0.006630,0.000617,0.992753
784,1,0.278670,0.002272,0.719058
785,1,0.521425,0.474329,0.004246
786,0,0.000325,0.000180,0.999495
787,0,0.803237,0.003511,0.193253
788,1,0.993094,0.001932,0.004974
789,1,0.191818,0.516730,0.291452
790,1,0.987474,0.000389,0.012137
791,1,0.002614,0.000105,0.997281
792,1,0.973638,0.001122,0.025241
793,0,0.002665,0.001210,0.996125
794,1,0.997156,0.001459,0.001386
795,0,0.401952,0.000765,0.597283
796,1,0.000253,0.000973,0.998774
797,0,0.011922,0.058239,0.929839
798,0,0.002254,0.000195,0.997551
799,0,0.984952,0.000392,0.014656
800,0,0.002660,0.000181,0.997158
801,0,0.013813,0.004924,0.981263
802,0,0.000443,0.003350,0.996207
803,0,0.399066,0.054430,0.546503
804,0,0.996060,0.000591,0.003349
805,0,0.905294,0.000586,0.094120
806,0,0.000262,0.000647,0.999091
807,0,0.671109,0.000350,0.328541
808,0,0.240968,0.000365,0.758667
809,0,0.251047,0.000303,0.748650
810,0,0.995885,0.000532,0.003583
811,0,0.972847,0.000533,0.026620
812,0,0.095655,0.002161,0.902184
813,0,0.993253,0.000478,0.006269
814,0,0.603855,0.001424,0.394721
815,0,0.795786,0.000348,0.203866
816,0,0.827670,0.000885,0.171446
817,0,0.009692,0.000122,0.990186
818,0,0.396808,0.000326,0.602866
819,0,0.000405,0.000251,0.999344
820,0,0.980646,0.000603,0.018751
821,0,0.004895,0.000161,0.994944
822,0,0.000862,0.000170,0.998968
823,0,0.523715,0.000504,0.475781
824,0,0.000252,0.000250,0.999498
825,0,0.107647,0.000442,0.891911
826,0,0.105572,0.000330,0.894098
827,0,0.994640,0.000486,0.004874
828,0,0.996644,0.000558,0.002798
829,0,0.000351,0.000187,0.999461
830,0,0.996858,0.000797,0.002345
831,0,0.428651,0.002209,0.569139
832,0,0.957541,0.000346,0.042112
833,0,0.941125,0.000241,0.058634
834,1,0.997528,0.001399,0.001073
835,0,0.006237,0.000183,0.993580
836,1,0.984286,0.000323,0.015391
837,0,0.980487,0.000271,0.019242
838,0,0.000413,0.000195,0.999392
839,0,0.002796,0.000113,0.997091
840,1,0.997616,0.000970,0.001414
841,0,0.001491,0.002459,0.996051
842,0,0.007513,0.000119,0.992368
843,0,0.098668,0.000259,0.901074
844,1,0.935361,0.000296,0.064343
845,0,0.002052,0.000120,0.997828
846,0,0.000564,0.000151,0.999285
847,0,0.997552,0.001121,0.001327
848,0,0.147436,0.000832,0.851732
849,0,0.948666,0.000285,0.051049
850,0,0.147857,0.000266,0.851877
851,0,0.335015,0.000430,0.664555
852,0,0.004553,0.000181,0.995266
853,0,0.000857,0.000229,0.998913
854,0,0.000394,0.000277,0.999329
855,0,0.984793,0.000445,0.014762
856,1,0.997307,0.001793,0.000900
857,1,0.993220,0.000435,0.006346
858,0,0.808446,0.000359,0.191195
859,0,0.879420,0.000458,0.120122
860,0,0.092393,0.000625,0.906981
861,0,0.746474,0.000424,0.253102
862,0,0.042655,0.000168,0.957177
863,1,0.995716,0.000886,0.003398
864,0,0.006944,0.001046,0.992009
865,1,0.995631,0.001203,0.003165
866,0,0.055649,0.000314,0.944036
867,0,0.822864,0.000285,0.176851
868,0,0.563773,0.000459,0.435768
869,0,0.994592,0.000384,0.005024
870,0,0.969106,0.000359,0.030535
871,1,0.021142,0.000128,0.978729
872,0,0.936639,0.000354,0.063007
873,0,0.002027,0.000252,0.997722
874,0,0.925335,0.000397,0.074268
875,0,0.000658,0.000127,0.999215
876,0,0.117878,0.008737,0.873385
877,0,0.996501,0.002348,0.001151
878,0,0.698403,0.000670,0.300927
879,0,0.640681,0.000823,0.358497
880,1,0.997502,0.000979,0.001519
881,0,0.970900,0.000813,0.028287
882,0,0.074845,0.000827,0.924328
883,0,0.009619,0.000175,0.990206
884,0,0.942500,0.000259,0.057241
885,0,0.977786,0.000310,0.021904
886,0,0.044149,0.000187,0.955664
887,0,0.116149,0.000553,0.883298
888,0,0.004712,0.000093,0.995195
889,0,0.994517,0.000404,0.005080
890,0,0.016986,0.000135,0.982879
891,0,0.992029,0.000604,0.007366
892,0,0.001665,0.000093,0.998242
893,0,0.994912,0.000454,0.004635
894,0,0.002300,0.000164,0.997537
895,0,0.011407,0.000348,0.988245
896,0,0.151925,0.000284,0.847792
897,0,0.003386,0.000122,0.996492
898,0,0.547302,0.000424,0.452274
899,0,0.001394,0.000995,0.997610
900,1,0.984642,0.000443,0.014914
901,0,0.038647,0.000273,0.961080
902,0,0.003736,0.000111,0.996153
903,0,0.945746,0.000541,0.053713
904,0,0.745155,0.000559,0.254286
905,0,0.682110,0.000270,0.317620
906,0,0.008111,0.000541,0.991348
907,0,0.956288,0.000366,0.043346
908,0,0.918665,0.000357,0.080977
909,0,0.000266,0.000223,0.999510
910,0,0.008677,0.001166,0.990157
911,0,0.254584,0.000455,0.744961
912,0,0.848415,0.000342,0.151244
913,1,0.964361,0.000616,0.035023
914,0,0.992627,0.000915,0.006458
915,0,0.951111,0.042317,0.006571
916,0,0.233414,0.749792,0.016795
917,0,0.001020,0.000107,0.998873
918,0,0.048905,0.000196,0.950899
919,0,0.994017,0.000718,0.005265
920,0,0.635931,0.000444,0.363624
921,0,0.824606,0.011123,0.164271
922,1,0.996521,0.000769,0.002710
923,1,0.997326,0.001221,0.001453
924,0,0.000655,0.000137,0.999208
925,1,0.993757,0.000587,0.005656
926,1,0.997158,0.001693,0.001149
927,1,0.990694,0.000338,0.008968
928,1,0.992716,0.000342,0.006942
929,1,0.994114,0.000603,0.005282
930,1,0.954391,0.000705,0.044903
931,0,0.835948,0.001041,0.163011
932,0,0.223190,0.000317,0.776493
933,1,0.128454,0.000406,0.871140
934,0,0.160192,0.055147,0.784661
935,0,0.003411,0.000161,0.996429
936,1,0.974771,0.000363,0.024866
937,0,0.018908,0.000632,0.980460
938,0,0.000434,0.000145,0.999421
939,0,0.895224,0.000369,0.104406
940,0,0.000857,0.000147,0.998995
941,0,0.000906,0.000135,0.998958
942,0,0.000330,0.000206,0.999463
943,0,0.884110,0.000336,0.115554
944,0,0.001019,0.000103,0.998877
945,0,0.986657,0.000284,0.013060
946,0,0.143017,0.000303,0.856680
947,0,0.989210,0.000385,0.010405
948,0,0.843204,0.001609,0.155187
949,0,0.982547,0.000461,0.016992
950,0,0.000602,0.000120,0.999278
951,0,0.088870,0.000394,0.910736
952,1,0.957199,0.000266,0.042535
953,0,0.991822,0.001281,0.006897
954,0,0.709472,0.003666,0.286862
955,0,0.993073,0.000391,0.006535
956,1,0.993781,0.000776,0.005443
957,1,0.997501,0.000801,0.001698
958,1,0.347202,0.003984,0.648814
959,1,0.014697,0.000306,0.984997
960,1,0.997006,0.001013,0.001981
961,0,0.942151,0.000365,0.057484
962,0,0.000478,0.000221,0.999302
963,0,0.835217,0.000373,0.164410
964,0,0.917879,0.000305,0.081816
965,1,0.988181,0.001697,0.010122
966,0,0.017161,0.000161,0.982677
967,0,0.000349,0.000186,0.999466
968,1,0.939772,0.000390,0.059838
969,1,0.997355,0.001380,0.001264
970,1,0.827828,0.000354,0.171819
971,0,0.629889,0.000413,0.369697
972,0,0.020467,0.000145,0.979388
973,1,0.988148,0.000706,0.011147
974,1,0.995538,0.001184,0.003278
975,0,0.000549,0.000202,0.999249
976,1,0.997254,0.001276,0.001470
977,0,0.000318,0.000178,0.999504
978,0,0.937334,0.000287,0.062379
979,1,0.049531,0.000303,0.950166
980,0,0.643230,0.000375,0.356395
981,1,0.995078,0.000459,0.004462
982,0,0.656941,0.120305,0.222754
983,0,0.072051,0.000225,0.927723
984,0,0.000627,0.001372,0.998002
985,0,0.000706,0.000137,0.999157
986,0,0.853924,0.000311,0.145765
987,0,0.003515,0.000131,0.996354
988,0,0.000332,0.000188,0.999479
989,0,0.027441,0.000279,0.972280
990,1,0.996084,0.002876,0.001040
991,1,0.140792,0.004538,0.854670
992,1,0.038798,0.000160,0.961042
993,0,0.038577,0.006174,0.955249
994,0,0.026084,0.000336,0.973580
995,0,0.674260,0.001142,0.324598
996,1,0.997168,0.000885,0.001947
997,1,0.996803,0.001764,0.001434
998,0,0.182370,0.008536,0.809094
999,0,0.229693,0.000410,0.769897
1000,1,0.995795,0.000658,0.003548
1001,0,0.010517,0.000201,0.989282
1002,1,0.863990,0.134115,0.001895
1003,1,0.996690,0.001251,0.002059
1004,1,0.404861,0.004708,0.590430
1005,1,0.995975,0.001023,0.003001
1006,0,0.216847,0.001285,0.781868
1007,1,0.981590,0.000368,0.018042
1008,1,0.488558,0.000387,0.511055
1009,0,0.838818,0.000329,0.160853
1010,1,0.996953,0.001096,0.001951
1011,1,0.790022,0.000294,0.209684
1012,1,0.936986,0.001133,0.061881
1013,0,0.000608,0.000243,0.999148
1014,0,0.438677,0.060277,0.501046
1015,0,0.954672,0.000329,0.044999
1016,1,0.126932,0.053096,0.819972
1017,0,0.009184,0.000237,0.990579
1018,1,0.992592,0.000454,0.006955
1019,1,0.991617,0.003690,0.004692
1020,0,0.004616,0.000091,0.995294
1021,0,0.001719,0.000121,0.998159
1022,0,0.983370,0.000350,0.016280
1023,1,0.949439,0.000316,0.050244
1024,0,0.719287,0.000605,0.280108
1025,0,0.002561,0.000698,0.996741
1026,0,0.000367,0.000175,0.999458
1027,1,0.971111,0.000275,0.028614
1028,0,0.256878,0.000389,0.742733
1029,0,0.771326,0.001044,0.227629
1030,0,0.994217,0.000639,0.005144
1031,0,0.026392,0.000301,0.973307
1032,0,0.023103,0.958520,0.018376
1033,1,0.997652,0.001017,0.001332
1034,1,0.003806,0.000116,0.996078
1035,0,0.989576,0.000275,0.010148
1036,0,0.000291,0.000695,0.999015
1037,0,0.994462,0.000602,0.004937
1038,0,0.000261,0.000391,0.999348
1039,1,0.019465,0.000140,0.980395
1040,0,0.983782,0.000443,0.015775
1041,0,0.028593,0.000164,0.971243
1042,1,0.994301,0.000615,0.005084
1043,0,0.973777,0.000325,0.025898
1044,0,0.850645,0.000258,0.149097
1045,0,0.001657,0.000106,0.998237
1046,0,0.000731,0.001111,0.998158
1047,0,0.139628,0.000804,0.859568
1048,0,0.002250,0.000280,0.997470
1049,0,0.001619,0.000144,0.998237
1050,0,0.000766,0.000177,0.999058
1051,0,0.000735,0.003907,0.995358
1052,0,0.997647,0.001044,0.001309
1053,1,0.989459,0.003654,0.006887
1054,1,0.959158,0.003202,0.037640
1055,1,0.993963,0.002599,0.003438
1056,1,0.997217,0.001473,0.001310
1057,0,0.995487,0.000555,0.003958
1058,0,0.978739,0.001552,0.019709
1059,1,0.980761,0.010705,0.008534
1060,1,0.934749,0.000413,0.064838
1061,1,0.997425,0.001030,0.001544
1062,0,0.072887,0.000250,0.926864
1063,1,0.002901,0.000525,0.996575
1064,1,0.122782,0.000284,0.876934
1065,0,0.994792,0.000426,0.004782
1066,0,0.872497,0.000312,0.127191
1067,0,0.000240,0.000394,0.999365
1068,1,0.142276,0.000310,0.857414
1069,0,0.027483,0.000224,0.972294
1070,0,0.000386,0.000159,0.999455
1071,1,0.996585,0.002328,0.001088
1072,1,0.956186,0.027737,0.016077
1073,0,0.042447,0.000149,0.957404
1074,0,0.084550,0.000297,0.915153
1075,0,0.992025,0.000354,0.007621
1076,0,0.996700,0.002089,0.001211
1077,1,0.003983,0.000452,0.995566
1078,0,0.368102,0.000296,0.631602
1079,0,0.994553,0.000623,0.004824
1080,0,0.014339,0.000236,0.985425
1081,0,0.236153,0.135181,0.628666
1082,1,0.004111,0.000116,0.995773
1083,0,0.987014,0.001274,0.011712
1084,0,0.012076,0.000179,0.987744
1085,0,0.977922,0.000764,0.021313
1086,0,0.739085,0.004161,0.256754
1087,1,0.001917,0.002793,0.995290
1088,1,0.037902,0.000545,0.961553
1089,1,0.730196,0.000912,0.268892
1090,1,0.987664,0.001109,0.011227
1091,0,0.005268,0.000725,0.994007
1092,0,0.013328,0.000139,0.986533
1093,1,0.050613,0.000841,0.948546
1094,1,0.995934,0.000718,0.003348
1095,0,0.379125,0.000350,0.620525
1096,0,0.098481,0.039011,0.862508
1097,0,0.838966,0.000400,0.160634
1098,0,0.047876,0.000204,0.951920
1099,0,0.149562,0.000249,0.850189
1100,0,0.886803,0.002051,0.111146
1101,0,0.263304,0.000483,0.736213
1102,0,0.968540,0.000595,0.030865
1103,1,0.987204,0.000697,0.012099
1104,0,0.005657,0.000142,0.994202
1105,1,0.093107,0.000210,0.906682
1106,1,0.001421,0.001394,0.997185
1107,0,0.000859,0.000141,0.999000
1108,0,0.000945,0.000114,0.998941
1109,0,0.003434,0.000249,0.996317
1110,0,0.907383,0.000393,0.092224
1111,0,0.993006,0.000360,0.006634
1112,0,0.109520,0.001266,0.889214
1113,0,0.944464,0.000456,0.055080
1114,0,0.997229,0.001298,0.001473
1115,0,0.827931,0.000585,0.171483
1116,0,0.302851,0.000367,0.696783
1117,0,0.427900,0.000531,0.571569
1118,0,0.003639,0.000128,0.996233
1119,1,0.155207,0.699183,0.145609
1120,1,0.251869,0.000435,0.747696
1121,0,0.145847,0.032869,0.821284
1122,1,0.995251,0.000699,0.004050
1123,1,0.996131,0.000582,0.003287
1124,0,0.001786,0.052519,0.945695
1125,0,0.995338,0.001814,0.002848
1126,1,0.997622,0.001004,0.001373
1127,0,0.452727,0.507142,0.040131
1128,0,0.984633,0.000499,0.014869
1129,0,0.968991,0.001216,0.029793
1130,0,0.994583,0.000660,0.004758
1131,0,0.000345,0.000191,0.999464
1132,1,0.992095,0.001299,0.006606
1133,1,0.086020,0.077955,0.836025
1134,0,0.000651,0.000261,0.999088
1135,0,0.003743,0.000716,0.995542
1136,0,0.032542,0.000652,0.966807
1137,0,0.997541,0.001454,0.001005
1138,1,0.240885,0.165178,0.593937
1139,0,0.995862,0.000511,0.003627
1140,0,0.776378,0.000397,0.223225
1141,0,0.399239,0.017252,0.583509
1142,0,0.079824,0.000348,0.919828
1143,0,0.027139,0.000274,0.972587
1144,1,0.015820,0.000502,0.983678
1145,1,0.882492,0.000799,0.116709
1146,1,0.940556,0.000308,0.059136
1147,0,0.976079,0.022748,0.001173
1148,0,0.986484,0.000364,0.013152
1149,0,0.056904,0.000622,0.942474
1150,1,0.996114,0.001316,0.002569
1151,1,0.996058,0.001089,0.002853
1152,0,0.991595,0.001094,0.007311
1153,0,0.044095,0.000221,0.955683
1154,0,0.916002,0.000280,0.083719
1155,1,0.997639,0.001218,0.001143
1156,0,0.334001,0.000337,0.665662
1157,0,0.939122,0.000263,0.060615
1158,0,0.995443,0.000484,0.004074
1159,0,0.996365,0.000885,0.002751
1160,0,0.368362,0.000459,0.631179
1161,1,0.420388,0.571580,0.008031
1162,1,0.869464,0.000327,0.130209
1163,0,0.995527,0.000793,0.003681
1164,1,0.359202,0.000513,0.640285
1165,1,0.995145,0.000883,0.003972
1166,1,0.055569,0.920775,0.023656
1167,1,0.733794,0.000332,0.265875
1168,0,0.167630,0.000796,0.831574
1169,1,0.973372,0.000415,0.026213
1170,1,0.994608,0.001205,0.004187
1171,1,0.996586,0.002181,0.001232
1172,1,0.348191,0.560513,0.091296
1173,1,0.115001,0.001132,0.883866
1174,0,0.070390,0.000288,0.929322
1175,1,0.997271,0.000988,0.001741
1176,0,0.995026,0.000492,0.004482
1177,1,0.832989,0.000516,0.166495
1178,1,0.994371,0.000586,0.005042
1179,0,0.184622,0.000433,0.814945
1180,0,0.995740,0.000990,0.003270
1181,0,0.010408,0.000125,0.989467
1182,0,0.994843,0.000908,0.004249
1183,0,0.471428,0.000461,0.528111
1184,0,0.051070,0.000389,0.948541
1185,0,0.018983,0.001949,0.979068
1186,0,0.628312,0.000489,0.371200
1187,1,0.348819,0.000565,0.650616
1188,1,0.011908,0.000146,0.987946
1189,0,0.156966,0.004876,0.838158
1190,0,0.003818,0.000194,0.995988
1191,0,0.860007,0.000274,0.139719
1192,1,0.000390,0.000181,0.999429
1193,1,0.996980,0.000735,0.002285
1194,0,0.982383,0.000340,0.017277
1195,0,0.000665,0.000808,0.998527
1196,1,0.034483,0.000163,0.965354
1197,1,0.266222,0.000921,0.732857
1198,1,0.981713,0.001826,0.016461
1199,1,0.903050,0.011363,0.085587
1200,1,0.001848,0.000116,0.998035
1201,1,0.997567,0.001175,0.001258
1202,1,0.480548,0.512013,0.007439
1203,1,0.938677,0.010328,0.050995
1204,1,0.192464,0.768846,0.038691
1205,1,0.836297,0.130181,0.033521
1206,1,0.014731,0.000269,0.985000
1207,1,0.997596,0.001349,0.001055
1208,1,0.990872,0.000404,0.008724
1209,1,0.994814,0.001749,0.003437
1210,1,0.139078,0.000523,0.860400
1211,1,0.992658,0.001156,0.006186
1212,1,0.092313,0.001254,0.906434
1213,1,0.983039,0.000539,0.016422
1214,1,0.333075,0.000573,0.666351
1215,1,0.012130,0.032130,0.955741
1216,1,0.005984,0.021901,0.972115
1217,1,0.993989,0.001502,0.004509
1218,1,0.003781,0.008473,0.987746
1219,1,0.990451,0.006832,0.002717
1220,1,0.898922,0.000319,0.100759
1221,1,0.002491,0.008406,0.989104
1222,1,0.995756,0.000444,0.003800
1223,1,0.997530,0.000875,0.001595
1224,1,0.995768,0.000600,0.003633
1225,1,0.997726,0.000798,0.001476
1226,1,0.698276,0.000429,0.301296
1227,1,0.988273,0.000799,0.010929
1228,1,0.997471,0.001080,0.001449
1229,1,0.954119,0.001165,0.044716
1230,1,0.001128,0.000153,0.998719
1231,1,0.885318,0.000403,0.114279
1232,1,0.409126,0.000557,0.590317
1233,1,0.979711,0.000318,0.019971
1234,1,0.964458,0.031494,0.004048
1235,1,0.304527,0.119660,0.575812
1236,1,0.753800,0.202840,0.043360
1237,1,0.558310,0.006834,0.434855
1238,1,0.990267,0.003710,0.006023
1239,0,0.583973,0.000542,0.415485
1240,1,0.987761,0.000465,0.011774
1241,1,0.311538,0.116182,0.572280
1242,1,0.935776,0.000268,0.063955
1243,1,0.062340,0.000412,0.937248
1244,1,0.734973,0.190780,0.074246
1245,1,0.036881,0.000446,0.962672
1246,1,0.005914,0.000146,0.993940
1247,1,0.974929,0.000503,0.024568
1248,0,0.015584,0.006594,0.977822
1249,1,0.060275,0.000898,0.938827
1250,1,0.997164,0.001690,0.001147
1251,1,0.997527,0.001436,0.001037
1252,1,0.996572,0.001949,0.001479
1253,1,0.997648,0.001250,0.001102
1254,0,0.238721,0.000329,0.760951
1255,0,0.014923,0.001822,0.983254
1256,0,0.009212,0.184457,0.806331
1257,0,0.964779,0.033694,0.001527
1258,1,0.376280,0.000403,0.623318
1259,0,0.996878,0.000555,0.002567
1260,1,0.991023,0.001126,0.007850
1261,1,0.012776,0.082481,0.904743
1262,1,0.955356,0.040579,0.004065
1263,0,0.120614,0.256349,0.623037
1264,0,0.292939,0.000479,0.706582
1265,0,0.011423,0.009318,0.979259
1266,1,0.750863,0.000428,0.248709
1267,0,0.112479,0.003713,0.883808
1268,0,0.976369,0.000306,0.023325
1269,0,0.865480,0.000811,0.133708
1270,1,0.038995,0.017647,0.943358
1271,0,0.225649,0.000718,0.773633
1272,0,0.070748,0.000511,0.928741
1273,0,0.009924,0.074756,0.915320
1274,0,0.072229,0.000213,0.927558
1275,0,0.667040,0.000408,0.332553
1276,1,0.992683,0.000360,0.006957
1277,1,0.501990,0.000318,0.497692
1278,1,0.733409,0.000965,0.265626
1279,1,0.102221,0.001222,0.896556
1280,0,0.181130,0.000242,0.818628
1281,0,0.834858,0.001988,0.163154
1282,1,0.815608,0.000312,0.184080
1283,0,0.934378,0.000372,0.065250
1284,1,0.979552,0.000342,0.020106
1285,1,0.976390,0.000367,0.023243
1286,0,0.698891,0.000478,0.300631
1287,0,0.000543,0.000153,0.999303
1288,0,0.004648,0.000230,0.995122
1289,0,0.868138,0.006356,0.125506
1290,1,0.898151,0.000809,0.101040
1291,0,0.088554,0.549589,0.361857
1292,0,0.001816,0.000157,0.998027
1293,1,0.947647,0.000387,0.051966
1294,1,0.997764,0.000945,0.001292
1295,0,0.996364,0.000711,0.002925
1296,1,0.991732,0.000338,0.007930
1297,0,0.981766,0.000585,0.017648
1298,1,0.996935,0.002167,0.000898
1299,0,0.000453,0.000193,0.999354
1300,0,0.072373,0.000546,0.927082
1301,1,0.971094,0.014062,0.014844
1302,1,0.046902,0.000530,0.952568
1303,1,0.981363,0.000298,0.018339
1304,0,0.992961,0.000436,0.006603
1305,0,0.000301,0.000227,0.999472
1306,0,0.881246,0.000531,0.118223
1307,0,0.974886,0.000360,0.024753
1308,1,0.990688,0.005170,0.004141
1309,1,0.002573,0.043806,0.953621
1310,0,0.000386,0.000209,0.999406
1311,0,0.000853,0.001062,0.998085
1312,1,0.069504,0.228185,0.702312
1313,0,0.259367,0.000283,0.740350
1314,0,0.993948,0.000555,0.005496
1315,1,0.031374,0.000191,0.968434
1316,0,0.961998,0.000327,0.037675
1317,1,0.996473,0.000597,0.002930
1318,1,0.945932,0.000279,0.053789
1319,0,0.001563,0.069830,0.928608
1320,0,0.185533,0.000463,0.814004
1321,0,0.994964,0.003763,0.001273
1322,1,0.541887,0.001296,0.456817
1323,0,0.073163,0.000181,0.926656
1324,0,0.002316,0.000133,0.997551
1325,0,0.992231,0.003123,0.004646
1326,1,0.283245,0.000703,0.716052
1327,0,0.228797,0.173318,0.597886
1328,0,0.002764,0.000506,0.996730
1329,1,0.996559,0.002685,0.000756
1330,1,0.973684,0.000493,0.025823
1331,0,0.945565,0.000318,0.054116
1332,1,0.997475,0.001575,0.000950
1333,1,0.993018,0.000340,0.006642
1334,0,0.019359,0.000136,0.980505
1335,0,0.945717,0.000488,0.053795
1336,1,0.599288,0.003264,0.397448
1337,0,0.725900,0.000619,0.273482
1338,0,0.005276,0.000123,0.994601
1339,1,0.997255,0.000830,0.001915
1340,1,0.995787,0.001364,0.002848
1341,1,0.000578,0.000325,0.999097
1342,0,0.000556,0.000190,0.999254
1343,0,0.457436,0.000412,0.542152
1344,0,0.000822,0.000510,0.998668
1345,1,0.997478,0.001493,0.001029
1346,1,0.995974,0.000427,0.003599
1347,1,0.950025,0.000511,0.049464
1348,0,0.000238,0.000569,0.999193
1349,1,0.014252,0.000138,0.985610
1350,0,0.992689,0.000458,0.006854
1351,1,0.997027,0.000882,0.002091
1352,1,0.522047,0.000402,0.477551
1353,0,0.368026,0.201988,0.429986
1354,1,0.048561,0.000197,0.951242
1355,1,0.646095,0.000386,0.353518
1356,1,0.029030,0.000613,0.970357
1357,1,0.984697,0.000488,0.014815
1358,1,0.453027,0.502120,0.044853
1359,0,0.025305,0.030952,0.943743
1360,1,0.117628,0.586403,0.295969
1361,0,0.958234,0.000733,0.041033
1362,1,0.045482,0.001788,0.952729
1363,0,0.221392,0.000446,0.778162
1364,0,0.162873,0.000346,0.836781
1365,1,0.890634,0.000319,0.109046
1366,0,0.680508,0.000560,0.318932
1367,1,0.987893,0.005185,0.006922
1368,1,0.000389,0.000160,0.999450
1369,1,0.994265,0.005006,0.000729
1370,0,0.415933,0.000555,0.583512
1371,1,0.997378,0.001344,0.001278
1372,0,0.996723,0.000735,0.002542
1373,0,0.007554,0.440081,0.552364
1374,0,0.943932,0.000317,0.055750
1375,0,0.023714,0.000129,0.976157
1376,1,0.000804,0.000249,0.998947
1377,1,0.000486,0.000445,0.999068
1378,0,0.000264,0.000535,0.999201
1379,1,0.991449,0.001931,0.006620
1380,1,0.581001,0.000325,0.418673
1381,1,0.993051,0.000375,0.006574
1382,0,0.015962,0.764757,0.219281
1383,1,0.997261,0.000917,0.001822
1384,0,0.169780,0.026148,0.804072
1385,1,0.966818,0.025453,0.007729
1386,0,0.001337,0.000243,0.998420
1387,0,0.000242,0.000265,0.999492
1388,1,0.997130,0.000694,0.002176
1389,0,0.774137,0.000313,0.225550
1390,0,0.287225,0.001124,0.711651
1391,0,0.995428,0.001511,0.003060
1392,1,0.024195,0.002906,0.972900
1393,0,0.000315,0.000215,0.999470
1394,0,0.885921,0.000345,0.113734
1395,1,0.143205,0.000830,0.855965
1396,0,0.897094,0.000275,0.102631
1397,1,0.965008,0.000431,0.034560
1398,0,0.956029,0.001490,0.042481
1399,1,0.986319,0.000734,0.012947
1400,1,0.997611,0.000852,0.001537
1401,0,0.995413,0.000479,0.004108
1402,1,0.982409,0.000335,0.017256
1403,1,0.914037,0.000353,0.085610
1404,0,0.667590,0.000659,0.331751
1405,1,0.551327,0.001080,0.447593
1406,1,0.997260,0.000936,0.001805
1407,1,0.979543,0.015134,0.005323
1408,1,0.725903,0.001116,0.272980
1409,0,0.184726,0.000459,0.814815
1410,1,0.875982,0.000427,0.123591
1411,0,0.935455,0.000490,0.064054
1412,1,0.996247,0.001665,0.002088
1413,0,0.002123,0.000126,0.997751
1414,0,0.990530,0.000341,0.009129
1415,0,0.968542,0.001016,0.030443
1416,0,0.000258,0.000422,0.999321
1417,0,0.020051,0.000519,0.979431
1418,0,0.444942,0.000342,0.554716
1419,1,0.997133,0.000644,0.002222
1420,1,0.997421,0.000717,0.001862
1421,0,0.883700,0.000354,0.115946
1422,0,0.001746,0.000116,0.998138
1423,0,0.026470,0.000490,0.973040
1424,0,0.992500,0.000589,0.006911
1425,0,0.988184,0.000479,0.011337
1426,0,0.989634,0.000471,0.009895
1427,0,0.988300,0.000462,0.011238
1428,1,0.891932,0.000404,0.107665
1429,1,0.990229,0.000329,0.009442
1430,1,0.993959,0.000620,0.005421
1431,1,0.912766,0.000255,0.086980
1432,0,0.977062,0.000254,0.022684
1433,0,0.422114,0.000566,0.577320
1434,1,0.000897,0.001343,0.997759
1435,0,0.356048,0.000548,0.643404
1436,0,0.992852,0.000361,0.006787
1437,0,0.960179,0.001109,0.038712
1438,0,0.436667,0.022846,0.540488
1439,1,0.974797,0.000552,0.024650
1440,0,0.974351,0.000396,0.025253
1441,0,0.370863,0.002979,0.626158
1442,0,0.001067,0.000141,0.998793
1443,0,0.357486,0.082761,0.559753
1444,0,0.362623,0.000750,0.636626
1445,0,0.989570,0.000591,0.009839
1446,0,0.007351,0.017857,0.974792
1447,0,0.236341,0.000323,0.763336
1448,1,0.848253,0.139304,0.012442
1449,1,0.773724,0.000370,0.225906
1450,1,0.995623,0.000755,0.003623
1451,0,0.976876,0.000368,0.022757
1452,0,0.996436,0.000795,0.002768
1453,1,0.988366,0.000964,0.010669
1454,1,0.144733,0.159304,0.695962
1455,1,0.786807,0.033643,0.179549
1456,1,0.929160,0.047458,0.023382
1457,0,0.007304,0.004520,0.988176
1458,0,0.996653,0.001025,0.002322
1459,0,0.001346,0.000123,0.998531
1460,0,0.997554,0.000799,0.001647
1461,1,0.902837,0.000814,0.096348
1462,1,0.339679,0.039155,0.621165
1463,0,0.994104,0.001003,0.004892
1464,0,0.953519,0.001006,0.045475
1465,0,0.006437,0.001243,0.992321
1466,0,0.909864,0.000293,0.089843
1467,0,0.000298,0.000209,0.999493
1468,1,0.962569,0.000676,0.036755
1469,1,0.996945,0.000571,0.002484
1470,0,0.994027,0.000544,0.005428
1471,0,0.989618,0.000375,0.010007
1472,0,0.003423,0.000542,0.996035
1473,1,0.589623,0.000374,0.410002
1474,0,0.994518,0.004067,0.001415
1475,0,0.000420,0.000361,0.999219
1476,0,0.000283,0.000485,0.999232
1477,1,0.996423,0.000799,0.002778
1478,0,0.988652,0.002433,0.008915
1479,0,0.000958,0.000218,0.998824
1480,0,0.155183,0.124729,0.720088
1481,0,0.405592,0.001403,0.593004
1482,0,0.000641,0.000386,0.998973
1483,1,0.994497,0.004500,0.001003
1484,0,0.083014,0.000228,0.916759
1485,1,0.001133,0.000164,0.998703
1486,1,0.023997,0.001887,0.974116
1487,0,0.937200,0.008296,0.054504
1488,0,0.867846,0.005046,0.127107
1489,0,0.568269,0.000721,0.431010
1490,1,0.513020,0.000501,0.486479
1491,1,0.676931,0.000417,0.322652
1492,0,0.004500,0.000201,0.995299
1493,0,0.950379,0.000792,0.048829
1494,0,0.352340,0.001240,0.646420
1495,0,0.015662,0.000163,0.984175
1496,0,0.966558,0.000503,0.032938
1497,1,0.813987,0.003693,0.182321
1498,0,0.017495,0.000155,0.982350
1499,0,0.700744,0.000506,0.298750
1500,0,0.142779,0.063666,0.793555
1501,0,0.991942,0.000607,0.007451
1502,0,0.424402,0.000942,0.574656
1503,1,0.997514,0.001052,0.001434
1504,1,0.959071,0.000429,0.040500
1505,1,0.988972,0.006236,0.004793
1506,0,0.202394,0.000365,0.797241
1507,0,0.357744,0.004328,0.637927
1508,1,0.873885,0.000594,0.125521
1509,1,0.906827,0.001272,0.091901
1510,0,0.615543,0.001222,0.383234
1511,0,0.192646,0.768896,0.038457
1512,0,0.982040,0.001002,0.016958
1513,1,0.997263,0.001464,0.001273
1514,0,0.993236,0.000436,0.006327
1515,1,0.985496,0.000621,0.013883
1516,0,0.716407,0.000335,0.283259
1517,0,0.002945,0.054037,0.943018
1518,1,0.896742,0.000703,0.102555
1519,0,0.382834,0.000347,0.616820
1520,0,0.996471,0.002501,0.001028
1521,1,0.983520,0.000435,0.016045
1522,0,0.108268,0.000226,0.891506
1523,0,0.875239,0.001841,0.122920
1524,0,0.000610,0.000190,0.999199
1525,0,0.058641,0.000188,0.941170
1526,0,0.901622,0.000358,0.098020
1527,0,0.889753,0.000544,0.109702
1528,0,0.992988,0.000344,0.006668
1529,0,0.979124,0.000348,0.020528
1530,0,0.124116,0.001005,0.874879
1531,0,0.974004,0.000566,0.025430
1532,0,0.997229,0.001097,0.001674
1533,0,0.240066,0.000383,0.759551
1534,0,0.005840,0.000313,0.993847
1535,0,0.000746,0.000183,0.999071
1536,0,0.997157,0.001910,0.000932
1537,0,0.608155,0.000447,0.391398
1538,0,0.008539,0.001085,0.990377
1539,0,0.984691,0.000302,0.015007
1540,0,0.022188,0.000132,0.977680
1541,0,0.030382,0.000324,0.969293
1542,0,0.001546,0.000144,0.998310
1543,0,0.000372,0.000360,0.999268
1544,0,0.820724,0.018234,0.161041
1545,0,0.978811,0.002064,0.019125
1546,0,0.001452,0.000316,0.998232
1547,0,0.000954,0.000365,0.998681
1548,0,0.448455,0.000307,0.551238
1549,0,0.001318,0.000517,0.998165
1550,0,0.799328,0.178136,0.022536
1551,0,0.704966,0.000342,0.294692
1552,0,0.969628,0.003506,0.026866
1553,0,0.226234,0.000303,0.773463
1554,0,0.987928,0.000367,0.011705
1555,0,0.854699,0.000405,0.144896
1556,0,0.000294,0.000192,0.999514
1557,0,0.007005,0.000123,0.992872
1558,0,0.986580,0.000548,0.012872
1559,0,0.181266,0.000432,0.818302
1560,0,0.001033,0.000179,0.998788
1561,0,0.000844,0.000113,0.999043
1562,0,0.996808,0.000586,0.002606
1563,0,0.000728,0.000226,0.999047
1564,0,0.991753,0.000869,0.007378
1565,0,0.006610,0.000105,0.993285
1566,0,0.009080,0.000132,0.990787
1567,0,0.630763,0.010985,0.358253
1568,0,0.430220,0.001034,0.568746
1569,0,0.000419,0.000145,0.999436
1570,0,0.995982,0.000466,0.003552
1571,0,0.000422,0.000169,0.999408
1572,0,0.000639,0.010515,0.988846
1573,0,0.722099,0.000588,0.277314
1574,0,0.106258,0.000322,0.893420
1575,0,0.997349,0.001143,0.001508
1576,0,0.698400,0.001070,0.300530
1577,0,0.354042,0.000261,0.645698
1578,0,0.996952,0.000610,0.002439
1579,0,0.642664,0.000683,0.356654
1580,0,0.006403,0.000483,0.993113
1581,0,0.024530,0.020945,0.954525
1582,0,0.000305,0.000256,0.999439
1583,0,0.558076,0.000568,0.441356
1584,0,0.148460,0.000262,0.851278
1585,0,0.906129,0.000306,0.093566
1586,0,0.815793,0.000877,0.183329
1587,0,0.001073,0.000182,0.998745
1588,0,0.594965,0.000700,0.404335
1589,0,0.938874,0.000867,0.060260
1590,0,0.010561,0.000162,0.989277
1591,0,0.903122,0.094497,0.002382
1592,0,0.042345,0.000225,0.957429
1593,0,0.000664,0.000166,0.999169
1594,0,0.036076,0.000282,0.963642
1595,0,0.982739,0.000284,0.016977
1596,0,0.002499,0.000134,0.997367
1597,0,0.993008,0.000524,0.006467
1598,0,0.997503,0.000828,0.001670
1599,0,0.000804,0.000176,0.999020
1600,0,0.094131,0.000208,0.905661
1601,0,0.968948,0.000297,0.030755
1602,0,0.023750,0.000254,0.975996
1603,1,0.988328,0.000356,0.011316
1604,1,0.995470,0.000480,0.004050
1605,1,0.006384,0.000157,0.993459
1606,1,0.995224,0.000525,0.004251
1607,1,0.996802,0.000538,0.002660
1608,1,0.873153,0.057951,0.068896
1609,0,0.049747,0.000234,0.950020
1610,1,0.509969,0.000559,0.489472
1611,1,0.995952,0.002223,0.001825
1612,1,0.991694,0.000406,0.007901
1613,1,0.994952,0.004117,0.000931
1614,0,0.997306,0.000706,0.001988
1615,1,0.646521,0.000920,0.352558
1616,0,0.000720,0.000175,0.999105
1617,0,0.546701,0.000306,0.452993
1618,1,0.997371,0.001581,0.001049
1619,1,0.990985,0.000839,0.008176
1620,1,0.995817,0.002379,0.001804
1621,1,0.997788,0.001172,0.001039
1622,1,0.997079,0.001944,0.000977
1623,1,0.996211,0.002973,0.000816
1624,1,0.997429,0.001043,0.001527
1625,0,0.996841,0.000682,0.002477
1626,1,0.966385,0.000406,0.033209
1627,1,0.985700,0.000379,0.013921
1628,1,0.997698,0.000950,0.001352
1629,1,0.822402,0.146450,0.031148
1630,1,0.023620,0.034845,0.941536
1631,1,0.996034,0.001454,0.002512
1632,1,0.997473,0.001609,0.000918
1633,1,0.971550,0.000296,0.028154
1634,1,0.967634,0.000276,0.032090
1635,1,0.001181,0.000094,0.998725
1636,0,0.000314,0.000189,0.999497
1637,0,0.992522,0.006203,0.001275
1638,1,0.996417,0.002774,0.000809
1639,1,0.993437,0.004334,0.002229
1640,1,0.963504,0.000394,0.036102
1641,1,0.904653,0.001545,0.093802
1642,0,0.009291,0.000205,0.990504
1643,1,0.993514,0.000496,0.005990
1644,1,0.958816,0.019141,0.022044
1645,1,0.996237,0.002521,0.001242
1646,1,0.616398,0.001408,0.382195
1647,1,0.994958,0.004301,0.000741
1648,1,0.997252,0.000720,0.002028
1649,1,0.851796,0.000485,0.147720
1650,0,0.965376,0.000482,0.034143
1651,1,0.996831,0.001708,0.001461
1652,1,0.446049,0.182851,0.371100
1653,1,0.735100,0.218700,0.046200
1654,1,0.051562,0.000170,0.948267
1655,1,0.997251,0.001643,0.001107
1656,1,0.978295,0.000290,0.021415
1657,1,0.993228,0.005983,0.000789
1658,1,0.996382,0.002040,0.001578
1659,1,0.994639,0.001754,0.003607
1660,1,0.995508,0.003446,0.001046
1661,0,0.000416,0.000178,0.999406
1662,1,0.994288,0.000905,0.004806
1663,0,0.866619,0.000322,0.133059
1664,1,0.997066,0.000722,0.002212
1665,1,0.995844,0.000868,0.003288
1666,1,0.995682,0.003453,0.000865
1667,1,0.996831,0.001822,0.001347
1668,0,0.995153,0.000481,0.004365
1669,1,0.997322,0.000688,0.001990
1670,1,0.993190,0.005965,0.000844
1671,0,0.044101,0.000473,0.955426
1672,1,0.995114,0.002138,0.002748
1673,0,0.444701,0.000850,0.554449
1674,0,0.000296,0.000210,0.999493
1675,0,0.127662,0.000336,0.872002
1676,0,0.996450,0.001083,0.002467
1677,0,0.370407,0.000505,0.629088
1678,0,0.784360,0.000563,0.215077
1679,0,0.582331,0.002373,0.415296
1680,0,0.000509,0.000166,0.999325
1681,0,0.959500,0.000920,0.039580
1682,0,0.995418,0.002036,0.002547
1683,0,0.002331,0.000235,0.997435
1684,0,0.995646,0.000798,0.003555
1685,0,0.001232,0.000192,0.998576
1686,0,0.004032,0.000127,0.995841
1687,0,0.799922,0.010061,0.190017
1688,0,0.003619,0.000204,0.996177
1689,0,0.068457,0.000403,0.931139
1690,0,0.987539,0.000902,0.011559
1691,0,0.957430,0.001115,0.041455
1692,0,0.000594,0.000340,0.999066
1693,0,0.901493,0.000423,0.098084
1694,0,0.976727,0.000827,0.022446
1695,0,0.994955,0.000568,0.004477
1696,0,0.977497,0.000313,0.022190
1697,0,0.216666,0.011530,0.771804
1698,0,0.090300,0.229448,0.680252
1699,0,0.694975,0.000418,0.304607
1700,0,0.740022,0.000277,0.259701
1701,0,0.822869,0.000363,0.176769
1702,0,0.300180,0.692563,0.007257
1703,0,0.001939,0.000182,0.997880
1704,0,0.977586,0.000917,0.021498
1705,0,0.002143,0.000135,0.997722
1706,0,0.037740,0.000209,0.962050
1707,0,0.996301,0.001086,0.002612
1708,0,0.858352,0.002491,0.139157
1709,1,0.994421,0.002054,0.003526
1710,1,0.931811,0.000380,0.067809
1711,1,0.224505,0.000384,0.775111
1712,1,0.992656,0.000439,0.006905
1713,1,0.996971,0.001841,0.001188
1714,0,0.000299,0.000279,0.999422
1715,1,0.994293,0.000595,0.005112
1716,1,0.010218,0.014998,0.974785
1717,1,0.182722,0.001089,0.816189
1718,0,0.006253,0.001478,0.992269
1719,1,0.302207,0.000293,0.697500
1720,1,0.329366,0.000565,0.670068
1721,1,0.958762,0.000291,0.040947
1722,1,0.154509,0.000231,0.845260
1723,0,0.452387,0.000352,0.547261
1724,1,0.550679,0.000315,0.449005
1725,1,0.855013,0.000312,0.144675
1726,1,0.041887,0.000171,0.957942
1727,1,0.934430,0.000368,0.065202
1728,1,0.076128,0.000178,0.923694
1729,1,0.000402,0.000169,0.999429
1730,1,0.133839,0.001286,0.864875
1731,1,0.000409,0.000229,0.999363
1732,1,0.990519,0.000410,0.009071
1733,1,0.989175,0.000294,0.010530
1734,0,0.977013,0.000997,0.021990
1735,1,0.623968,0.305460,0.070573
1736,1,0.996653,0.001766,0.001581
1737,1,0.000786,0.000147,0.999067
1738,1,0.537571,0.000413,0.462016
1739,1,0.997096,0.002048,0.000856
1740,1,0.560418,0.006541,0.433041
1741,1,0.997551,0.000927,0.001523
1742,0,0.071921,0.000192,0.927887
1743,1,0.558427,0.000620,0.440953
1744,1,0.983668,0.000343,0.015989
1745,0,0.704832,0.000548,0.294620
1746,1,0.027702,0.000125,0.972173
1747,0,0.936508,0.000296,0.063196
1748,1,0.991843,0.000663,0.007494
1749,1,0.604135,0.000465,0.395400
1750,1,0.997043,0.001668,0.001289
1751,1,0.044309,0.000203,0.955489
1752,1,0.997135,0.001062,0.001802
1753,1,0.871263,0.000389,0.128348
1754,1,0.995977,0.002739,0.001284
1755,0,0.992036,0.000407,0.007557
1756,1,0.990042,0.000363,0.009595
1757,0,0.000932,0.000113,0.998954
1758,0,0.874333,0.000462,0.125205
1759,1,0.995506,0.000520,0.003974
1760,1,0.907183,0.000283,0.092533
1761,0,0.931984,0.000820,0.067196
1762,0,0.000760,0.001234,0.998007
1763,1,0.730989,0.002555,0.266456
1764,1,0.997579,0.001064,0.001356
1765,1,0.915749,0.000690,0.083561
1766,1,0.995549,0.001864,0.002587
1767,0,0.204018,0.000380,0.795602
1768,1,0.991856,0.000401,0.007742
1769,1,0.997467,0.000883,0.001650
1770,0,0.995906,0.000619,0.003475
1771,1,0.857436,0.138391,0.004173
1772,1,0.992653,0.005431,0.001915
1773,1,0.995543,0.000648,0.003809
1774,1,0.817283,0.000434,0.182283
1775,1,0.586146,0.307340,0.106513
1776,1,0.943001,0.001229,0.055771
1777,1,0.080674,0.000243,0.919083
1778,1,0.371153,0.000618,0.628229
1779,1,0.997313,0.000712,0.001975
1780,1,0.963172,0.000577,0.036251
1781,1,0.692788,0.001570,0.305642
1782,1,0.776731,0.000311,0.222958
1783,1,0.077331,0.000204,0.922465
1784,1,0.933401,0.000336,0.066263
1785,1,0.946334,0.000751,0.052914
1786,1,0.011181,0.000219,0.988600
1787,1,0.860151,0.000371,0.139478
1788,1,0.989276,0.001668,0.009055
1789,0,0.654671,0.000343,0.344986
1790,1,0.989214,0.000488,0.010298
1791,1,0.979106,0.000343,0.020551
1792,1,0.996460,0.001301,0.002240
1793,1,0.003663,0.000136,0.996201
1794,1,0.323117,0.000448,0.676435
1795,1,0.030211,0.001095,0.968694
1796,1,0.978685,0.000339,0.020976
1797,1,0.622748,0.059478,0.317774
1798,0,0.000595,0.000164,0.999241
1799,1,0.067190,0.000770,0.932040
1800,1,0.995767,0.000515,0.003718
1801,1,0.223880,0.000661,0.775459
1802,1,0.022889,0.000195,0.976915
1803,1,0.956196,0.000399,0.043406
1804,0,0.029428,0.000154,0.970418
1805,1,0.928170,0.000365,0.071465
1806,1,0.996826,0.001227,0.001946
1807,1,0.011378,0.000120,0.988502
1808,1,0.272920,0.001005,0.726074
1809,1,0.764502,0.000334,0.235164
1810,0,0.923332,0.000465,0.076204
1811,0,0.077927,0.000188,0.921885
1812,0,0.927669,0.000247,0.072083
1813,0,0.233773,0.000432,0.765795
1814,0,0.398043,0.000511,0.601446
1815,0,0.997064,0.000705,0.002231
1816,0,0.069867,0.000192,0.929940
1817,0,0.050786,0.000142,0.949072
1818,0,0.992289,0.000885,0.006827
1819,0,0.899896,0.000347,0.099757
1820,0,0.160273,0.000231,0.839496
1821,1,0.994137,0.000601,0.005262
1822,1,0.012138,0.000169,0.987692
1823,1,0.001440,0.000178,0.998382
1824,1,0.899355,0.000357,0.100288
1825,1,0.011759,0.000159,0.988082
1826,1,0.996348,0.002457,0.001194
1827,1,0.663406,0.000525,0.336068
1828,0,0.000637,0.000275,0.999088
1829,0,0.910828,0.000318,0.088854
1830,1,0.074390,0.000372,0.925238
1831,1,0.916245,0.000441,0.083314
1832,1,0.095682,0.781493,0.122826
1833,1,0.294159,0.036031,0.669810
1834,1,0.169120,0.000263,0.830617
1835,0,0.244614,0.000579,0.754807
1836,0,0.000846,0.000116,0.999038
1837,1,0.977764,0.000471,0.021765
1838,1,0.627998,0.000309,0.371693
1839,1,0.046784,0.000278,0.952938
1840,1,0.816924,0.000249,0.182827
1841,1,0.996717,0.000625,0.002658
1842,1,0.991845,0.000357,0.007798
1843,1,0.866954,0.000288,0.132757
1844,1,0.861790,0.000394,0.137816
1845,1,0.997534,0.000881,0.001585
1846,0,0.000481,0.000287,0.999232
1847,1,0.995978,0.000477,0.003546
1848,1,0.128206,0.000284,0.871509
1849,1,0.932592,0.000387,0.067020
1850,1,0.970755,0.000625,0.028620
1851,1,0.951777,0.000410,0.047812
1852,1,0.986151,0.000401,0.013448
1853,1,0.890134,0.006292,0.103574
1854,1,0.996863,0.001091,0.002046
1855,1,0.995829,0.003412,0.000759
1856,1,0.002305,0.001837,0.995858
1857,1,0.996430,0.002189,0.001381
1858,1,0.993545,0.000549,0.005906
1859,1,0.984221,0.011800,0.003980
1860,1,0.993876,0.004993,0.001131
1861,1,0.024380,0.949830,0.025791
1862,1,0.218032,0.775060,0.006909
1863,1,0.058364,0.915810,0.025826
1864,0,0.001223,0.000145,0.998632
1865,1,0.195215,0.791578,0.013207
1866,1,0.964595,0.033812,0.001593
1867,1,0.048867,0.946490,0.004644
1868,1,0.030497,0.000143,0.969360
1869,1,0.010704,0.000166,0.989130
1870,1,0.885318,0.000495,0.114188
1871,1,0.996348,0.001072,0.002580
1872,1,0.010914,0.112713,0.876374
1873,1,0.004454,0.002214,0.993331
1874,0,0.002500,0.000111,0.997389
1875,0,0.070259,0.000222,0.929519
1876,0,0.130009,0.002231,0.867760
1877,0,0.985116,0.000568,0.014316
1878,0,0.390671,0.000277,0.609051
1879,0,0.518351,0.000741,0.480908
1880,0,0.777529,0.000333,0.222138
1881,0,0.004761,0.000179,0.995060
1882,0,0.971551,0.000424,0.028025
1883,0,0.937675,0.000503,0.061822
1884,0,0.004919,0.000105,0.994976
1885,0,0.001122,0.000105,0.998773
1886,0,0.000835,0.000111,0.999054
1887,0,0.961399,0.000474,0.038127
1888,0,0.035418,0.000237,0.964345
1889,0,0.000625,0.000171,0.999204
1890,0,0.974503,0.000365,0.025132
1891,0,0.189779,0.000320,0.809901
1892,0,0.109259,0.000321,0.890420
1893,0,0.679130,0.000364,0.320506
1894,0,0.002364,0.000110,0.997525
1895,0,0.000316,0.000249,0.999434
1896,0,0.002658,0.000126,0.997217
1897,0,0.002178,0.000166,0.997657
1898,0,0.000647,0.000398,0.998955
1899,0,0.010479,0.000143,0.989378
1900,0,0.000557,0.000140,0.999303
1901,0,0.003393,0.000119,0.996489
1902,0,0.000637,0.000585,0.998778
1903,0,0.195165,0.000514,0.804321
1904,0,0.001450,0.000175,0.998374
1905,0,0.001796,0.000926,0.997278
1906,0,0.001246,0.001458,0.997297
1907,0,0.983410,0.001817,0.014773
1908,0,0.000664,0.000571,0.998765
1909,0,0.286316,0.015919,0.697765
1910,0,0.216485,0.012002,0.771513
1911,0,0.707843,0.004387,0.287770
1912,0,0.006308,0.005966,0.987726
1913,0,0.036451,0.344595,0.618954
1914,0,0.298094,0.000830,0.701076
1915,0,0.001128,0.000188,0.998684
1916,0,0.000364,0.000204,0.999431
1917,0,0.004785,0.000359,0.994856
1918,0,0.000983,0.000617,0.998400
1919,0,0.273656,0.000398,0.725947
1920,0,0.011245,0.000147,0.988608
1921,0,0.960316,0.001104,0.038580
1922,0,0.000621,0.000129,0.999250
1923,0,0.004243,0.005137,0.990620
1924,0,0.009280,0.000137,0.990583
1925,0,0.070604,0.000236,0.929160
1926,0,0.435975,0.025145,0.538881
1927,0,0.943950,0.000363,0.055687
1928,0,0.002933,0.000118,0.996950
1929,0,0.997376,0.000830,0.001794
1930,0,0.124878,0.000307,0.874816
1931,0,0.009920,0.010463,0.979617
1932,0,0.001451,0.000745,0.997803
1933,0,0.000698,0.000180,0.999121
1934,0,0.016898,0.000334,0.982768
1935,0,0.658118,0.001368,0.340514
1936,0,0.001325,0.001360,0.997316
1937,0,0.984073,0.003739,0.012188
1938,0,0.992325,0.005157,0.002518
1939,0,0.772109,0.000347,0.227545
1940,0,0.978026,0.000296,0.021677
1941,0,0.916079,0.006497,0.077425
1942,0,0.704135,0.000645,0.295220
1943,0,0.000485,0.000155,0.999360
1944,0,0.002488,0.000112,0.997400
1945,0,0.002206,0.000487,0.997307
1946,0,0.416777,0.000420,0.582803
1947,0,0.001066,0.000347,0.998587
1948,0,0.000533,0.000207,0.999260
1949,0,0.969102,0.000519,0.030379
1950,0,0.005046,0.001279,0.993675
1951,0,0.032761,0.000596,0.966643
1952,0,0.996827,0.000700,0.002474
1953,0,0.997735,0.000760,0.001505
1954,0,0.001489,0.000106,0.998405
1955,0,0.892240,0.005739,0.102021
1956,0,0.930853,0.000389,0.068758
1957,0,0.908216,0.000442,0.091342
1958,0,0.114234,0.000342,0.885424
1959,0,0.990179,0.001710,0.008111
1960,0,0.642099,0.000321,0.357580
1961,0,0.116399,0.000303,0.883298
1962,1,0.083317,0.007628,0.909055
1963,0,0.019393,0.000144,0.980462
1964,1,0.959777,0.038968,0.001256
1965,0,0.000825,0.000120,0.999055
1966,1,0.001318,0.000161,0.998522
1967,1,0.996575,0.000876,0.002549
1968,1,0.911606,0.000349,0.088046
1969,0,0.000901,0.000336,0.998763
1970,0,0.019115,0.000123,0.980762
1971,0,0.189191,0.000481,0.810328
1972,1,0.542742,0.003038,0.454221
1973,0,0.896621,0.001037,0.102342
1974,1,0.977155,0.000322,0.022522
1975,0,0.431733,0.000762,0.567505
1976,1,0.964251,0.000296,0.035453
1977,1,0.996867,0.001426,0.001707
1978,1,0.995502,0.000580,0.003917
1979,0,0.563671,0.001772,0.434557
1980,0,0.972655,0.000993,0.026352
1981,0,0.029547,0.000149,0.970304
1982,1,0.478662,0.352800,0.168538
1983,0,0.001786,0.000160,0.998053
1984,0,0.020095,0.000268,0.979637
1985,0,0.994127,0.000474,0.005399
1986,0,0.996434,0.000660,0.002906
1987,0,0.002639,0.000137,0.997223
1988,0,0.983635,0.000296,0.016069
1989,0,0.006156,0.000174,0.993670
1990,0,0.280400,0.000286,0.719314
1991,0,0.074705,0.001095,0.924201
1992,1,0.997457,0.000948,0.001594
1993,0,0.805772,0.018615,0.175613
1994,1,0.391983,0.000364,0.607653
1995,0,0.020782,0.000206,0.979012
1996,0,0.721897,0.000423,0.277679
1997,0,0.000332,0.000415,0.999252
1998,0,0.994732,0.000563,0.004706
1999,0,0.974953,0.000380,0.024667
2000,0,0.229124,0.000291,0.770585
2001,0,0.017401,0.007380,0.975219
2002,1,0.047708,0.000215,0.952077
2003,0,0.000697,0.000139,0.999164
2004,1,0.886221,0.107799,0.005980
2005,1,0.996915,0.002146,0.000939
2006,1,0.004038,0.020426,0.975536
2007,1,0.996039,0.001916,0.002044
2008,0,0.001546,0.000105,0.998349
2009,0,0.055815,0.000167,0.944018
2010,1,0.997095,0.001968,0.000937
2011,0,0.941894,0.000453,0.057653
2012,1,0.992439,0.000558,0.007003
2013,0,0.000733,0.003794,0.995474
2014,1,0.995827,0.000833,0.003340
2015,1,0.944209,0.000263,0.055528
2016,0,0.000638,0.000127,0.999235
2017,0,0.004076,0.000193,0.995731
2018,1,0.983562,0.000371,0.016067
2019,1,0.989518,0.001021,0.009461
2020,1,0.997449,0.001197,0.001354
2021,0,0.936942,0.000293,0.062765
2022,0,0.287661,0.000293,0.712046
2023,0,0.996974,0.000649,0.002378
2024,0,0.801834,0.000304,0.197861
2025,1,0.353297,0.000344,0.646359
2026,1,0.948999,0.000637,0.050364
2027,0,0.092748,0.000425,0.906828
2028,0,0.317170,0.352545,0.330285
2029,0,0.004214,0.000119,0.995667
2030,0,0.990166,0.000359,0.009475
2031,0,0.990989,0.000382,0.008629
2032,1,0.113024,0.001426,0.885551
2033,1,0.192740,0.000224,0.807036
2034,1,0.949513,0.001031,0.049456
2035,0,0.985527,0.000671,0.013802
2036,0,0.977376,0.000563,0.022061
2037,1,0.891707,0.000386,0.107906
2038,0,0.838358,0.000330,0.161312
2039,1,0.131194,0.000229,0.868577
2040,1,0.997655,0.001028,0.001317
2041,1,0.250248,0.000793,0.748959
2042,1,0.116965,0.000482,0.882553
2043,1,0.116073,0.787032,0.096894
2044,0,0.470781,0.000579,0.528639
2045,0,0.871794,0.000320,0.127886
2046,0,0.006539,0.000371,0.993090
2047,1,0.990033,0.000341,0.009626
2048,0,0.000435,0.000224,0.999341
2049,0,0.010035,0.000248,0.989717
2050,0,0.834852,0.000364,0.164783
2051,0,0.902155,0.000527,0.097318
2052,0,0.006241,0.000172,0.993587
2053,0,0.995286,0.001198,0.003516
2054,0,0.000435,0.000184,0.999381
2055,1,0.036984,0.000335,0.962681
2056,1,0.997146,0.001844,0.001010
2057,0,0.000506,0.001803,0.997691
2058,0,0.000315,0.000187,0.999498
2059,0,0.803236,0.000501,0.196263
2060,0,0.987119,0.003071,0.009810
2061,1,0.907904,0.000338,0.091758
2062,1,0.920487,0.000367,0.079147
2063,1,0.477834,0.001093,0.521073
2064,0,0.991388,0.000552,0.008060
2065,0,0.018534,0.000143,0.981323
2066,0,0.936063,0.000290,0.063647
2067,0,0.000380,0.000164,0.999456
2068,0,0.705382,0.000396,0.294222
2069,0,0.997355,0.001186,0.001459
2070,1,0.907807,0.001778,0.090415
2071,0,0.099930,0.000295,0.899776
2072,0,0.213880,0.000581,0.785539
2073,1,0.996964,0.000681,0.002355
2074,0,0.079938,0.002024,0.918039
2075,1,0.000641,0.000122,0.999237
2076,0,0.000229,0.000370,0.999401
2077,1,0.329413,0.460759,0.209828
2078,1,0.987038,0.000496,0.012466
2079,1,0.994615,0.002143,0.003242
2080,1,0.129234,0.000355,0.870411
2081,0,0.018816,0.000254,0.980930
2082,0,0.916434,0.000375,0.083191
2083,0,0.000563,0.000219,0.999218
2084,0,0.293261,0.147081,0.559658
2085,0,0.001997,0.001507,0.996496
2086,1,0.996774,0.000958,0.002268
2087,0,0.969713,0.000305,0.029982
2088,1,0.091435,0.000428,0.908137
2089,1,0.887193,0.000314,0.112493
2090,1,0.993651,0.000644,0.005705
2091,0,0.000417,0.000142,0.999441
2092,0,0.001033,0.000174,0.998793
2093,0,0.001235,0.000116,0.998648
2094,1,0.025629,0.018034,0.956337
2095,1,0.988122,0.000650,0.011229
2096,0,0.024931,0.000327,0.974742
2097,0,0.838955,0.000332,0.160713
2098,1,0.959122,0.000474,0.040403
2099,1,0.548793,0.171986,0.279220
2100,1,0.987040,0.000451,0.012509
2101,0,0.300342,0.006728,0.692931
2102,0,0.939248,0.001596,0.059155
2103,0,0.001017,0.000191,0.998791
2104,0,0.753641,0.001610,0.244750
2105,0,0.824301,0.000294,0.175405
2106,0,0.035241,0.000248,0.964511
2107,1,0.958379,0.000332,0.041289
2108,0,0.017028,0.000263,0.982709
2109,0,0.009455,0.000693,0.989852
2110,1,0.027753,0.000852,0.971395
2111,1,0.007003,0.000154,0.992843
2112,1,0.003956,0.001647,0.994397
2113,1,0.994186,0.000686,0.005129
2114,1,0.443233,0.001423,0.555344
2115,1,0.043940,0.000238,0.955823
2116,0,0.725468,0.000356,0.274176
2117,0,0.976922,0.002746,0.020332
2118,1,0.180173,0.000430,0.819397
2119,1,0.233086,0.000371,0.766543
2120,0,0.131064,0.063071,0.805865
2121,0,0.416120,0.000408,0.583471
2122,1,0.527102,0.000479,0.472419
2123,0,0.001222,0.010977,0.987801
2124,1,0.993004,0.000397,0.006599
2125,1,0.008178,0.000104,0.991718
2126,0,0.895005,0.000401,0.104594
2127,0,0.030510,0.000178,0.969312
2128,0,0.879158,0.000644,0.120198
2129,0,0.718421,0.000560,0.281018
2130,1,0.840402,0.040448,0.119151
2131,0,0.040037,0.000249,0.959714
2132,1,0.250517,0.667963,0.081520
2133,1,0.036481,0.000748,0.962771
2134,1,0.008350,0.000126,0.991524
2135,1,0.527161,0.000362,0.472477
2136,0,0.041606,0.001743,0.956651
2137,0,0.992888,0.000777,0.006335
2138,1,0.997402,0.001415,0.001183
2139,0,0.383735,0.000932,0.615333
2140,0,0.045031,0.004350,0.950619
2141,1,0.914656,0.001138,0.084206
2142,0,0.001491,0.000103,0.998406
2143,1,0.997266,0.000743,0.001990
2144,1,0.000282,0.000256,0.999462
2145,0,0.957454,0.001727,0.040819
2146,0,0.996963,0.001408,0.001629
2147,0,0.005683,0.000217,0.994100
2148,1,0.024234,0.000491,0.975276
2149,1,0.997408,0.001401,0.001191
2150,0,0.057536,0.134876,0.807587
2151,0,0.544096,0.000324,0.455579
2152,1,0.994995,0.004174,0.000832
2153,1,0.745832,0.000810,0.253358
2154,1,0.997595,0.000904,0.001501
2155,0,0.982600,0.000621,0.016780
2156,1,0.989264,0.000635,0.010100
2157,0,0.003990,0.000649,0.995361
2158,0,0.997266,0.001683,0.001051
2159,1,0.555462,0.000572,0.443966
2160,1,0.992842,0.000408,0.006749
2161,0,0.000414,0.000302,0.999283
2162,0,0.001021,0.000504,0.998474
2163,0,0.598293,0.005520,0.396186
2164,0,0.620157,0.000379,0.379464
2165,1,0.013645,0.000147,0.986208
2166,0,0.952837,0.000261,0.046902
2167,1,0.945364,0.000458,0.054178
2168,0,0.002745,0.000217,0.997039
2169,1,0.996820,0.002178,0.001002
2170,0,0.031049,0.000199,0.968752
2171,1,0.399037,0.000319,0.600644
2172,0,0.028506,0.000231,0.971264
2173,0,0.062182,0.000247,0.937571
2174,0,0.983500,0.000833,0.015667
2175,1,0.997280,0.001827,0.000893
2176,0,0.944221,0.000504,0.055274
2177,1,0.519947,0.000572,0.479481
2178,1,0.807560,0.000406,0.192034
2179,0,0.138267,0.000283,0.861450
2180,1,0.993392,0.000438,0.006170
2181,0,0.844197,0.008833,0.146970
2182,0,0.802341,0.000490,0.197169
2183,0,0.000709,0.000146,0.999146
2184,0,0.997059,0.000809,0.002132
2185,1,0.997283,0.001202,0.001516
2186,1,0.119643,0.000254,0.880103
2187,1,0.002773,0.000127,0.997100
2188,1,0.992090,0.006881,0.001029
2189,0,0.160920,0.680314,0.158766
2190,0,0.954388,0.000579,0.045033
2191,0,0.000888,0.000235,0.998876
2192,0,0.187801,0.000509,0.811690
2193,0,0.402304,0.000365,0.597331
2194,0,0.880645,0.000377,0.118977
2195,0,0.005160,0.000250,0.994591
2196,0,0.976495,0.000345,0.023160
2197,0,0.000279,0.000658,0.999063
2198,0,0.010985,0.000143,0.988872
2199,1,0.080098,0.000260,0.919641
2200,0,0.341120,0.000804,0.658076
2201,0,0.170923,0.000265,0.828812
2202,0,0.725496,0.000381,0.274122
2203,0,0.545372,0.001562,0.453066
2204,1,0.987937,0.000479,0.011585
2205,1,0.983856,0.001021,0.015123
2206,0,0.411643,0.000318,0.588039
2207,1,0.991369,0.000414,0.008217
2208,0,0.002628,0.001566,0.995806
2209,1,0.996117,0.000674,0.003209
2210,1,0.993609,0.000352,0.006039
2211,1,0.715234,0.039564,0.245202
2212,1,0.015531,0.007953,0.976516
2213,1,0.996549,0.000576,0.002875
2214,1,0.981970,0.000363,0.017667
2215,1,0.978821,0.000379,0.020799
2216,1,0.995190,0.000506,0.004304
2217,0,0.000601,0.000187,0.999212
2218,1,0.965099,0.000292,0.034610
2219,1,0.994356,0.000450,0.005194
2220,0,0.849835,0.000994,0.149171
2221,0,0.126477,0.000370,0.873153
2222,0,0.002103,0.000121,0.997776
2223,0,0.198514,0.000306,0.801179
2224,0,0.174438,0.001631,0.823931
2225,1,0.997012,0.000888,0.002099
2226,0,0.002923,0.000719,0.996358
2227,1,0.006335,0.000115,0.993549
2228,0,0.000494,0.000130,0.999375
2229,0,0.052537,0.000279,0.947184
2230,0,0.438382,0.001117,0.560502
2231,1,0.906073,0.005285,0.088642
2232,0,0.996813,0.001388,0.001799
2233,0,0.007333,0.000209,0.992458
2234,1,0.206704,0.000401,0.792895
2235,0,0.046532,0.257861,0.695607
2236,0,0.674022,0.000623,0.325355
2237,0,0.995256,0.000542,0.004203
2238,0,0.996875,0.002124,0.001001
2239,0,0.145586,0.000545,0.853869
2240,1,0.045917,0.529114,0.424969
2241,0,0.822132,0.000625,0.177244
2242,0,0.995351,0.003861,0.000788
2243,0,0.004065,0.006753,0.989182
2244,0,0.994312,0.000583,0.005105
2245,1,0.410285,0.000273,0.589441
2246,0,0.820997,0.000472,0.178532
2247,0,0.000527,0.000181,0.999292
2248,0,0.001228,0.007624,0.991148
2249,1,0.782693,0.000327,0.216980
2250,1,0.976605,0.000537,0.022858
2251,0,0.546993,0.000471,0.452536
2252,0,0.030490,0.757167,0.212343
2253,1,0.284052,0.001281,0.714667
2254,0,0.176713,0.000768,0.822519
2255,1,0.525677,0.001729,0.472595
2256,0,0.002521,0.000900,0.996579
2257,0,0.008194,0.055563,0.936243
2258,0,0.004988,0.000650,0.994362
2259,0,0.097597,0.098261,0.804142
2260,0,0.001976,0.001395,0.996629
2261,0,0.003919,0.003223,0.992859
2262,1,0.982116,0.016077,0.001808
2263,1,0.954838,0.043493,0.001668
2264,1,0.313592,0.005303,0.681105
2265,1,0.937263,0.060563,0.002174
2266,1,0.989594,0.008271,0.002135
2267,1,0.290013,0.001048,0.708939
2268,1,0.995464,0.001711,0.002824
2269,1,0.071288,0.080944,0.847768
2270,1,0.995322,0.002959,0.001718
2271,1,0.995268,0.002718,0.002015
2272,1,0.989684,0.008059,0.002257
2273,1,0.994691,0.003063,0.002246
2274,1,0.494580,0.379482,0.125938
2275,1,0.328719,0.028397,0.642884
2276,1,0.993546,0.004623,0.001831
2277,1,0.992862,0.005546,0.001592
2278,1,0.162702,0.032373,0.804926
2279,1,0.447778,0.022637,0.529585
2280,1,0.315239,0.492627,0.192134
2281,1,0.059279,0.089309,0.851413
2282,1,0.685299,0.232423,0.082277
2283,1,0.023119,0.001467,0.975414
2284,0,0.000300,0.000657,0.999044
2285,0,0.000381,0.001416,0.998204
2286,0,0.014383,0.000369,0.985248
2287,1,0.828588,0.151663,0.019749
2288,1,0.000412,0.000629,0.998959
2289,1,0.242875,0.054774,0.702351
2290,1,0.939107,0.011650,0.049244
2291,1,0.971447,0.014795,0.013758
2292,1,0.485656,0.470922,0.043422
2293,1,0.986556,0.008524,0.004920
2294,1,0.983939,0.012213,0.003848
2295,1,0.993873,0.004328,0.001800
2296,1,0.017772,0.000197,0.982031
2297,1,0.995628,0.002138,0.002234
2298,1,0.982498,0.015444,0.002058
2299,1,0.982773,0.000376,0.016850
2300,1,0.987419,0.000373,0.012208
2301,1,0.996325,0.000505,0.003170
2302,1,0.950299,0.000315,0.049386
2303,1,0.982560,0.000322,0.017118
2304,1,0.982475,0.000398,0.017127
2305,1,0.992793,0.000436,0.006772
2306,1,0.979405,0.000380,0.020215
2307,1,0.992574,0.000336,0.007090
2308,1,0.159217,0.000301,0.840482
2309,1,0.984911,0.000284,0.014805
2310,1,0.924699,0.000348,0.074953
2311,1,0.984908,0.000266,0.014826
2312,1,0.989209,0.000312,0.010479
2313,1,0.814313,0.000376,0.185311
2314,1,0.981681,0.000293,0.018026
2315,1,0.681000,0.000448,0.318552
2316,1,0.990749,0.000347,0.008904
2317,1,0.744942,0.187377,0.067681
2318,1,0.013957,0.001164,0.984879
2319,1,0.015476,0.001136,0.983388
2320,1,0.460304,0.002642,0.537054
2321,1,0.991392,0.007060,0.001548
2322,1,0.989228,0.008073,0.002699
2323,1,0.906653,0.000784,0.092563
2324,1,0.966976,0.001051,0.031974
2325,1,0.991397,0.005837,0.002767
2326,1,0.950881,0.044235,0.004884
2327,1,0.994589,0.003420,0.001991
2328,1,0.993490,0.004261,0.002249
2329,1,0.992585,0.001610,0.005805
2330,1,0.963930,0.000920,0.035150
2331,1,0.991927,0.001107,0.006966
2332,1,0.653337,0.001236,0.345427
2333,1,0.046363,0.000658,0.952979
2334,1,0.989025,0.009322,0.001653
2335,1,0.993090,0.005134,0.001776
2336,1,0.985798,0.012464,0.001738
2337,1,0.981436,0.015769,0.002795
2338,1,0.984583,0.013720,0.001696
2339,1,0.987939,0.002962,0.009099
2340,1,0.979830,0.003489,0.016682
2341,1,0.985457,0.004011,0.010532
2342,1,0.992349,0.006055,0.001596
2343,1,0.988769,0.009271,0.001960
2344,1,0.993707,0.001700,0.004593
2345,1,0.986873,0.011704,0.001423
2346,1,0.983108,0.012590,0.004303
2347,1,0.987297,0.010920,0.001783
2348,1,0.965598,0.001361,0.033041
2349,1,0.996404,0.001795,0.001801
2350,1,0.800453,0.184179,0.015368
2351,1,0.985962,0.012288,0.001750
2352,1,0.902351,0.003087,0.094562
2353,1,0.420679,0.001281,0.578040
2354,1,0.672722,0.000829,0.326449
2355,1,0.996025,0.001907,0.002068
2356,1,0.995357,0.002169,0.002474
2357,1,0.980196,0.000444,0.019361
2358,1,0.991043,0.007411,0.001547
2359,1,0.908921,0.003604,0.087475
2360,1,0.991796,0.006486,0.001718
2361,1,0.392334,0.007036,0.600630
2362,1,0.475394,0.047409,0.477197
2363,1,0.590750,0.009844,0.399406
2364,1,0.009063,0.004943,0.985994
2365,1,0.893054,0.042487,0.064459
2366,1,0.918015,0.025474,0.056511
2367,1,0.917491,0.039110,0.043399
2368,1,0.094572,0.054313,0.851115
2369,1,0.123743,0.354127,0.522129
2370,0,0.782469,0.002139,0.215393
2371,0,0.955576,0.001477,0.042947
2372,0,0.856473,0.001449,0.142078
2373,0,0.976169,0.001420,0.022410
2374,0,0.943491,0.001312,0.055197
2375,0,0.906624,0.003500,0.089876
2376,0,0.970044,0.001586,0.028370
2377,0,0.009525,0.004901,0.985573
2378,0,0.489505,0.078422,0.432074
2379,0,0.257571,0.129478,0.612951
2380,0,0.000518,0.004965,0.994516
2381,0,0.002168,0.048404,0.949428
2382,0,0.000414,0.000275,0.999311
2383,0,0.010378,0.252320,0.737302
2384,0,0.000325,0.001065,0.998610
2385,0,0.952637,0.001000,0.046363
2386,1,0.001095,0.000249,0.998656
2387,1,0.058990,0.002804,0.938205
2388,1,0.490282,0.002746,0.506972
2389,1,0.639403,0.005275,0.355321
2390,1,0.004938,0.000343,0.994719
2391,1,0.006096,0.000200,0.993704
2392,1,0.041857,0.012062,0.946080
2393,1,0.250843,0.023374,0.725783
2394,1,0.315120,0.010555,0.674325
2395,1,0.177179,0.007718,0.815103
2396,1,0.247923,0.004469,0.747608
2397,1,0.263609,0.022734,0.713657
2398,1,0.005134,0.000647,0.994220
2399,1,0.440223,0.086244,0.473533
2400,0,0.001080,0.000112,0.998808
2401,0,0.006291,0.000166,0.993543
2402,0,0.004973,0.000111,0.994916
2403,1,0.055489,0.000816,0.943695
2404,1,0.038782,0.000602,0.960616
2405,1,0.365848,0.000830,0.633322
2406,1,0.051724,0.000254,0.948023
2407,1,0.038512,0.000234,0.961254
2408,1,0.151974,0.000371,0.847655
2409,1,0.993102,0.002232,0.004665
2410,1,0.986406,0.000972,0.012622
2411,1,0.993764,0.001022,0.005214
2412,1,0.799014,0.000650,0.200336
2413,1,0.817642,0.000689,0.181670
2414,1,0.587079,0.000604,0.412317
2415,1,0.953299,0.000651,0.046050
2416,1,0.987080,0.000835,0.012085
2417,0,0.050215,0.000799,0.948986
2418,0,0.027441,0.000631,0.971928
2419,0,0.627996,0.000680,0.371323
2420,1,0.012979,0.000773,0.986249
2421,1,0.001110,0.000164,0.998726
2422,1,0.122664,0.001704,0.875632
2423,1,0.012979,0.000773,0.986249
2424,1,0.002894,0.000263,0.996843
2425,1,0.500397,0.002150,0.497453
2426,1,0.121614,0.006995,0.871391
2427,1,0.863683,0.000719,0.135598
2428,1,0.888253,0.001103,0.110644
2429,1,0.591720,0.001459,0.406821
2430,1,0.000434,0.000252,0.999313
2431,1,0.925827,0.001133,0.073040
2432,1,0.637692,0.001003,0.361304
2433,1,0.945832,0.045811,0.008356
2434,0,0.000817,0.000147,0.999036
2435,0,0.000302,0.000205,0.999493
2436,0,0.002495,0.000120,0.997385
2437,0,0.009480,0.000220,0.990300
2438,0,0.090254,0.000351,0.909395
2439,1,0.516423,0.003744,0.479833
2440,1,0.004680,0.000166,0.995153
2441,1,0.624434,0.001730,0.373836
2442,1,0.806821,0.000754,0.192425
2443,1,0.710318,0.001832,0.287850
2444,1,0.832832,0.107674,0.059494
2445,1,0.929326,0.061954,0.008720
2446,1,0.828169,0.000769,0.171062
2447,1,0.091997,0.000607,0.907396
2448,1,0.400531,0.004248,0.595221
2449,1,0.284974,0.000871,0.714155
2450,1,0.402951,0.019058,0.577991
2451,1,0.993816,0.001005,0.005179
2452,1,0.984354,0.013285,0.002361
2453,1,0.991679,0.002342,0.005979
2454,1,0.995241,0.003291,0.001468
2455,0,0.365827,0.001608,0.632565
2456,1,0.966862,0.004907,0.028231
2457,1,0.752927,0.027364,0.219709
2458,1,0.910038,0.015504,0.074458
2459,1,0.399946,0.005990,0.594064
2460,1,0.002838,0.010215,0.986947
2461,1,0.104083,0.000890,0.895027
2462,1,0.001389,0.000611,0.998000
2463,1,0.985095,0.012738,0.002166
2464,1,0.000429,0.000404,0.999168
2465,1,0.011608,0.000296,0.988096
2466,1,0.842161,0.001391,0.156448
2467,1,0.995591,0.002661,0.001747
2468,1,0.000768,0.000281,0.998951
2469,0,0.004109,0.014920,0.980971
2470,0,0.009464,0.010750,0.979786
2471,1,0.996130,0.001697,0.002172
2472,0,0.001278,0.000240,0.998482
2473,1,0.995561,0.001333,0.003106
2474,1,0.975830,0.018843,0.005327
2475,1,0.995562,0.002785,0.001653
2476,1,0.983899,0.001960,0.014142
2477,1,0.994803,0.001240,0.003957
2478,1,0.968507,0.000839,0.030655
2479,1,0.304998,0.000832,0.694170
2480,0,0.060751,0.873286,0.065962
2481,1,0.000686,0.000302,0.999012
2482,1,0.923921,0.000739,0.075340
2483,1,0.943897,0.000654,0.055449
2484,0,0.031571,0.724974,0.243455
2485,0,0.113234,0.000528,0.886238
2486,0,0.034919,0.003289,0.961792
2487,0,0.378220,0.002079,0.619701
2488,0,0.002899,0.020580,0.976521
2489,1,0.000486,0.000931,0.998583
2490,1,0.015654,0.151892,0.832454
2491,1,0.000365,0.000477,0.999159
2492,1,0.000326,0.000390,0.999283
2493,1,0.017322,0.001500,0.981178
2494,1,0.052251,0.000560,0.947189
2495,1,0.006116,0.000313,0.993571
2496,1,0.001772,0.000327,0.997901
2497,1,0.000455,0.000456,0.999088
2498,1,0.008989,0.000508,0.990503
2499,0,0.000654,0.002396,0.996950
2500,1,0.002431,0.000332,0.997237
2501,1,0.007270,0.001390,0.991340
2502,0,0.000441,0.000181,0.999378
2503,0,0.000400,0.000263,0.999337
2504,0,0.085940,0.007746,0.906313
2505,0,0.024258,0.000967,0.974775
2506,0,0.533174,0.008819,0.458007
2507,0,0.040808,0.000430,0.958761
2508,0,0.994564,0.001101,0.004335
2509,1,0.987839,0.001152,0.011009
2510,1,0.992070,0.002587,0.005343
2511,1,0.970008,0.027780,0.002212
2512,1,0.994629,0.001691,0.003681
2513,1,0.273361,0.000487,0.726153
2514,1,0.512383,0.000343,0.487274
2515,1,0.598035,0.000325,0.401641
2516,1,0.564026,0.000313,0.435661
2517,1,0.631408,0.000304,0.368288
2518,1,0.142990,0.000295,0.856715
2519,1,0.060977,0.000255,0.938768
2520,1,0.130972,0.000344,0.868683
2521,1,0.937579,0.000402,0.062018
2522,1,0.754121,0.000317,0.245562
2523,1,0.473637,0.000429,0.525934
2524,1,0.355985,0.000358,0.643657
2525,1,0.054501,0.000200,0.945300
2526,1,0.991442,0.000477,0.008081
2527,1,0.983964,0.000327,0.015709
2528,1,0.667052,0.000359,0.332589
2529,0,0.486649,0.000321,0.513031
2530,0,0.352806,0.000305,0.646889
2531,0,0.261576,0.000300,0.738124
2532,0,0.259308,0.000295,0.740397
2533,0,0.428164,0.000312,0.571524
2534,0,0.978425,0.000324,0.021250
2535,0,0.904308,0.000467,0.095225
2536,0,0.825894,0.000618,0.173488
2537,0,0.988333,0.000942,0.010725
2538,0,0.577906,0.000490,0.421605
2539,0,0.360944,0.000421,0.638635
2540,0,0.000994,0.000183,0.998823
2541,0,0.001142,0.001123,0.997735
2542,0,0.000412,0.005217,0.994371
2543,0,0.023397,0.917416,0.059186
2544,0,0.045439,0.943664,0.010897
2545,0,0.007775,0.096404,0.895820
2546,0,0.000635,0.004286,0.995079
2547,0,0.011463,0.000760,0.987776
2548,0,0.588286,0.005136,0.406579
2549,0,0.140398,0.040316,0.819285
2550,0,0.904407,0.001588,0.094005
2551,0,0.298232,0.005542,0.696226
2552,0,0.024066,0.927268,0.048666
2553,0,0.004162,0.000133,0.995705
2554,0,0.694203,0.000923,0.304874
2555,0,0.291771,0.000326,0.707903
2556,1,0.992607,0.002370,0.005023
2557,1,0.000264,0.000676,0.999060
2558,1,0.000894,0.001048,0.998059
2559,1,0.009900,0.017633,0.972468
2560,1,0.000257,0.000708,0.999035
2561,1,0.001268,0.000250,0.998482
2562,1,0.000328,0.000505,0.999168
2563,0,0.044151,0.000200,0.955648
2564,0,0.629009,0.085758,0.285233
2565,0,0.319749,0.233555,0.446696
2566,0,0.003634,0.000654,0.995712
2567,0,0.003805,0.003557,0.992638
2568,0,0.887122,0.022794,0.090084
2569,0,0.831983,0.011975,0.156042
2570,0,0.828490,0.054091,0.117419
2571,0,0.004433,0.039158,0.956409
2572,0,0.000410,0.000395,0.999196
2573,0,0.500599,0.008362,0.491039
2574,0,0.534949,0.074254,0.390798
2575,0,0.019045,0.003177,0.977778
2576,0,0.924229,0.050311,0.025459
2577,0,0.319916,0.242065,0.438019
2578,0,0.000286,0.000254,0.999460
2579,0,0.001390,0.000264,0.998347
2580,1,0.237413,0.243535,0.519052
2581,1,0.134233,0.029804,0.835963
2582,1,0.001110,0.000981,0.997909
2583,1,0.000287,0.000499,0.999214
2584,1,0.810492,0.012648,0.176860
2585,1,0.004655,0.000127,0.995218
2586,1,0.000379,0.000473,0.999148
2587,1,0.000436,0.000199,0.999365
2588,1,0.000574,0.000490,0.998936
2589,1,0.986093,0.002412,0.011495
2590,1,0.130805,0.000538,0.868657
2591,1,0.008805,0.002255,0.988939
2592,1,0.000826,0.000142,0.999032
2593,1,0.006693,0.000165,0.993142
2594,1,0.006030,0.000163,0.993807
2595,1,0.791573,0.000551,0.207875
2596,1,0.157983,0.000299,0.841718
2597,1,0.003876,0.007662,0.988462
2598,1,0.000620,0.000183,0.999197
2599,1,0.000861,0.000149,0.998990
2600,1,0.088332,0.384524,0.527145
2601,1,0.008127,0.000147,0.991726
2602,1,0.865144,0.000331,0.134524
2603,1,0.929058,0.000444,0.070498
2604,1,0.940211,0.006265,0.053524
2605,1,0.000426,0.000167,0.999407
2606,1,0.001438,0.000715,0.997847
2607,1,0.033556,0.185881,0.780562
2608,1,0.000347,0.000246,0.999406
2609,1,0.000841,0.000135,0.999023
2610,1,0.023734,0.002559,0.973707
2611,1,0.520799,0.010738,0.468463
2612,1,0.672349,0.321661,0.005990
2613,1,0.974454,0.023878,0.001668
2614,1,0.994522,0.003934,0.001544
2615,1,0.994648,0.003826,0.001526
2616,1,0.993312,0.005504,0.001185
2617,1,0.982483,0.015681,0.001836
2618,1,0.995494,0.002063,0.002443
2619,1,0.946113,0.002662,0.051225
2620,1,0.814919,0.000707,0.184374
2621,1,0.990446,0.005555,0.003999
2622,1,0.993849,0.001985,0.004166
2623,1,0.992048,0.001091,0.006861
2624,1,0.400280,0.002591,0.597130
2625,1,0.936243,0.061326,0.002430
2626,1,0.119778,0.000358,0.879864
2627,1,0.986681,0.000655,0.012664
2628,1,0.993078,0.000511,0.006411
2629,1,0.162320,0.000289,0.837391
2630,1,0.956916,0.002623,0.040461
2631,1,0.994755,0.003587,0.001658
2632,1,0.995477,0.002359,0.002164
2633,1,0.993423,0.004668,0.001909
2634,1,0.347703,0.070609,0.581688
2635,1,0.615218,0.016661,0.368121
2636,1,0.757478,0.008578,0.233944
2637,1,0.962843,0.007615,0.029542
2638,1,0.129505,0.109668,0.760827
2639,1,0.115034,0.156875,0.728091
2640,1,0.970128,0.027419,0.002452
2641,1,0.988702,0.009245,0.002053
2642,1,0.988859,0.009543,0.001599
2643,1,0.997030,0.001022,0.001947
2644,1,0.997252,0.001056,0.001692
2645,1,0.995931,0.000785,0.003284
2646,1,0.994512,0.000623,0.004865
2647,0,0.000317,0.000271,0.999412
2648,0,0.739878,0.082654,0.177468
2649,0,0.033067,0.004360,0.962573
2650,0,0.003503,0.000148,0.996348
2651,0,0.000469,0.000219,0.999311
2652,0,0.001230,0.000375,0.998395
2653,0,0.161907,0.006997,0.831096
2654,0,0.039305,0.001576,0.959119
2655,0,0.006715,0.001754,0.991531
2656,0,0.017305,0.000846,0.981849
2657,0,0.067340,0.145226,0.787433
2658,0,0.015953,0.000566,0.983480
2659,0,0.236941,0.005439,0.757620
2660,0,0.208828,0.012753,0.778418
2661,0,0.114062,0.005963,0.879975
2662,0,0.065858,0.012878,0.921265
2663,0,0.048453,0.091389,0.860158
2664,0,0.005857,0.000488,0.993656
2665,0,0.019325,0.001339,0.979337
2666,0,0.000266,0.001140,0.998594
2667,0,0.000732,0.000158,0.999110
2668,0,0.000452,0.000151,0.999397
2669,0,0.000209,0.000372,0.999419
2670,0,0.000204,0.000481,0.999315
2671,0,0.000208,0.000510,0.999282
2672,0,0.000306,0.000532,0.999162
2673,0,0.003872,0.000197,0.995931
2674,0,0.008700,0.000382,0.990918
2675,0,0.002903,0.035480,0.961617
2676,0,0.003256,0.018248,0.978497
2677,0,0.017822,0.911684,0.070494
2678,0,0.000266,0.000269,0.999465
2679,0,0.034070,0.937207,0.028723
2680,0,0.152260,0.833387,0.014353
2681,0,0.701068,0.001319,0.297613
2682,0,0.184324,0.000651,0.815025
2683,0,0.006139,0.000326,0.993535
2684,0,0.080489,0.000507,0.919003
2685,0,0.396055,0.458523,0.145422
2686,0,0.000667,0.000186,0.999147
2687,0,0.448461,0.266460,0.285079
2688,0,0.001153,0.005184,0.993662
2689,0,0.000238,0.000326,0.999436
2690,0,0.012250,0.017848,0.969902
2691,0,0.000245,0.000769,0.998986
2692,0,0.000516,0.000760,0.998725
2693,0,0.000230,0.000612,0.999158
2694,1,0.738854,0.000323,0.260823
2695,1,0.993119,0.001823,0.005058
2696,1,0.992851,0.002836,0.004314
2697,1,0.994618,0.003340,0.002042
2698,1,0.965426,0.001839,0.032735
2699,1,0.923679,0.010577,0.065744
2700,1,0.807232,0.002476,0.190292
2701,1,0.167951,0.160953,0.671095
2702,1,0.613872,0.004071,0.382057
2703,0,0.087205,0.003245,0.909550
2704,1,0.909279,0.088159,0.002562
2705,1,0.843605,0.152922,0.003473
2706,0,0.021583,0.014011,0.964406
2707,0,0.020173,0.310903,0.668925
2708,0,0.004918,0.000136,0.994947
2709,0,0.001378,0.000159,0.998463
2710,1,0.993070,0.002044,0.004887
2711,1,0.995248,0.001865,0.002887
2712,1,0.993253,0.001505,0.005242
2713,1,0.994542,0.001893,0.003564
2714,1,0.992536,0.002579,0.004885
2715,1,0.029968,0.003309,0.966722
2716,1,0.994255,0.003520,0.002226
2717,1,0.718533,0.003954,0.277513
2718,1,0.993813,0.003542,0.002645
2719,1,0.995747,0.001999,0.002254
2720,0,0.281652,0.028670,0.689678
2721,0,0.292175,0.053162,0.654663
2722,0,0.302461,0.007905,0.689635
2723,1,0.993914,0.004086,0.002000
2724,1,0.993029,0.005043,0.001928
2725,1,0.985287,0.004012,0.010701
2726,1,0.175085,0.308165,0.516749
2727,0,0.006123,0.000157,0.993720
2728,0,0.001741,0.000245,0.998014
2729,0,0.017295,0.000331,0.982374
2730,0,0.000991,0.000259,0.998749
2731,1,0.993886,0.000420,0.005694
2732,1,0.000286,0.000310,0.999404
2733,1,0.985599,0.000414,0.013987
2734,0,0.367304,0.008496,0.624200
2735,0,0.226290,0.768251,0.005459
2736,1,0.008339,0.000768,0.990893
2737,1,0.986189,0.000793,0.013018
2738,1,0.805142,0.146983,0.047875
2739,0,0.130240,0.237609,0.632151
2740,1,0.990226,0.000924,0.008851
2741,0,0.947175,0.005690,0.047135
2742,1,0.938523,0.059324,0.002153
2743,0,0.180639,0.140979,0.678383
2744,0,0.000572,0.004796,0.994631
2745,0,0.000225,0.000475,0.999300
2746,1,0.509973,0.108391,0.381637
2747,1,0.073052,0.000205,0.926743
2748,1,0.052380,0.000319,0.947301
2749,0,0.003756,0.279804,0.716440
2750,0,0.004619,0.007181,0.988200
2751,0,0.051975,0.000717,0.947308
2752,0,0.003462,0.001050,0.995487
2753,1,0.004274,0.000147,0.995579
2754,0,0.005339,0.000300,0.994361
2755,0,0.876586,0.001349,0.122065
2756,1,0.994544,0.004022,0.001434
2757,1,0.995193,0.003187,0.001620
2758,1,0.994573,0.003732,0.001695
2759,1,0.995107,0.003211,0.001682
2760,1,0.995974,0.001729,0.002297
2761,1,0.995270,0.002949,0.001782
2762,0,0.988181,0.006968,0.004851
2763,0,0.993716,0.003856,0.002429
2764,1,0.994421,0.000486,0.005093
2765,1,0.294901,0.459945,0.245154
2766,0,0.001855,0.021522,0.976623
2767,0,0.326316,0.014196,0.659487
2768,1,0.000832,0.001009,0.998158
2769,1,0.995288,0.000431,0.004281
2770,0,0.253267,0.624475,0.122258
2771,1,0.837343,0.001346,0.161311
2772,1,0.913880,0.052533,0.033587
2773,1,0.347975,0.004134,0.647891
2774,1,0.509683,0.000785,0.489532
2775,1,0.514799,0.002142,0.483060
2776,1,0.962396,0.035665,0.001940
2777,1,0.990391,0.000384,0.009225
2778,1,0.438028,0.000323,0.561649
2779,0,0.000949,0.000182,0.998869
2780,0,0.010535,0.221447,0.768017
2781,1,0.187663,0.688576,0.123760
2782,1,0.929687,0.000347,0.069967
2783,1,0.996123,0.002247,0.001630
2784,1,0.997068,0.001343,0.001589
2785,1,0.949720,0.007304,0.042976
2786,0,0.134905,0.802447,0.062647
2787,1,0.011335,0.000540,0.988124
2788,0,0.004945,0.000887,0.994168
2789,1,0.017754,0.000188,0.982058
2790,0,0.004186,0.000301,0.995512
2791,1,0.976316,0.000891,0.022793
2792,1,0.002630,0.000637,0.996733
2793,1,0.989052,0.002330,0.008619
2794,1,0.996917,0.001345,0.001737
2795,1,0.174491,0.000264,0.825244
2796,0,0.005826,0.067332,0.926843
2797,1,0.299293,0.000499,0.700208
2798,1,0.658582,0.000736,0.340681
2799,1,0.000258,0.000324,0.999417
2800,1,0.003035,0.000479,0.996486
2801,1,0.938009,0.002020,0.059971
2802,1,0.842422,0.000850,0.156727
2803,1,0.943542,0.000717,0.055741
2804,1,0.217102,0.000556,0.782342
2805,1,0.963778,0.029056,0.007166
2806,1,0.983375,0.001758,0.014867
2807,1,0.007732,0.000655,0.991614
2808,0,0.942499,0.030421,0.027080
2809,0,0.047720,0.911606,0.040673
2810,1,0.086970,0.000286,0.912744
2811,1,0.732440,0.081602,0.185958
2812,1,0.993804,0.000442,0.005754
2813,0,0.996667,0.001334,0.001999
2814,1,0.726797,0.018522,0.254681
2815,1,0.565213,0.284306,0.150481
2816,1,0.993740,0.004524,0.001736
2817,1,0.055610,0.000482,0.943907
2818,1,0.967044,0.031138,0.001817
2819,0,0.001603,0.098478,0.899919
2820,0,0.720847,0.243675,0.035478
2821,1,0.997371,0.001529,0.001101
2822,1,0.985385,0.000930,0.013686
2823,1,0.997598,0.001125,0.001278
2824,1,0.001102,0.000298,0.998601
2825,1,0.663103,0.005009,0.331889
2826,0,0.047026,0.052574,0.900400
2827,1,0.746784,0.013478,0.239738
2828,0,0.905688,0.035792,0.058521
2829,0,0.000630,0.000143,0.999227
2830,1,0.268518,0.346995,0.384487
2831,1,0.995690,0.002861,0.001449
2832,0,0.970554,0.012654,0.016792
2833,1,0.996777,0.000921,0.002301
2834,0,0.988041,0.000633,0.011326
2835,1,0.082287,0.001322,0.916390
2836,1,0.039254,0.000506,0.960241
2837,1,0.997033,0.001074,0.001892
2838,0,0.001095,0.008128,0.990776
2839,1,0.939201,0.001418,0.059381
2840,0,0.008358,0.063922,0.927720
2841,1,0.995060,0.002027,0.002913
2842,0,0.505545,0.116327,0.378128
2843,1,0.832191,0.024857,0.142952
2844,1,0.992164,0.006480,0.001355
2845,0,0.077636,0.000487,0.921876
2846,1,0.014395,0.070063,0.915542
2847,1,0.841088,0.150308,0.008603
2848,1,0.039316,0.001512,0.959172
2849,0,0.946450,0.008105,0.045446
2850,0,0.000510,0.000211,0.999279
2851,0,0.136558,0.689176,0.174265
2852,0,0.251971,0.677510,0.070520
2853,1,0.995588,0.002889,0.001523
2854,0,0.003686,0.004840,0.991474
2855,0,0.003495,0.000114,0.996390
2856,1,0.980616,0.016890,0.002495
2857,1,0.195357,0.036943,0.767700
2858,1,0.995428,0.001649,0.002923
2859,1,0.018184,0.060507,0.921309
2860,1,0.809574,0.000351,0.190075
2861,1,0.989617,0.008859,0.001524
2862,0,0.005495,0.000517,0.993988
2863,1,0.616027,0.000375,0.383598
2864,1,0.968443,0.029089,0.002468
2865,0,0.006590,0.000359,0.993051
2866,1,0.106532,0.006787,0.886681
2867,0,0.481390,0.149822,0.368788
2868,1,0.922944,0.000464,0.076592
2869,1,0.992151,0.002223,0.005626
2870,1,0.032996,0.008438,0.958566
2871,1,0.985529,0.012869,0.001602
2872,0,0.922834,0.000290,0.076876
2873,1,0.894065,0.000466,0.105469
2874,1,0.995460,0.002999,0.001541
2875,1,0.432259,0.000446,0.567295
2876,1,0.000528,0.000292,0.999181
2877,0,0.016130,0.000163,0.983707
2878,1,0.994331,0.000370,0.005299
2879,1,0.992839,0.003583,0.003579
2880,0,0.148741,0.000372,0.850887
2881,1,0.994612,0.003592,0.001796
2882,0,0.064778,0.000334,0.934888
2883,0,0.062062,0.001739,0.936199
2884,1,0.378045,0.579325,0.042630
2885,1,0.988164,0.002585,0.009251
2886,1,0.983353,0.000976,0.015670
2887,0,0.031327,0.000197,0.968476
2888,0,0.169064,0.003335,0.827601
2889,0,0.992034,0.003118,0.004847
2890,0,0.058184,0.001026,0.940790
2891,1,0.918704,0.012912,0.068385
2892,0,0.343059,0.001311,0.655629
2893,1,0.950840,0.046119,0.003041
2894,0,0.000458,0.000213,0.999329
2895,0,0.001890,0.000989,0.997122
2896,1,0.993373,0.004918,0.001709
2897,0,0.000536,0.001964,0.997500
2898,0,0.007174,0.000394,0.992432
2899,0,0.225936,0.000482,0.773582
2900,0,0.000798,0.000125,0.999078
2901,0,0.307022,0.003627,0.689351
2902,1,0.811207,0.181164,0.007629
2903,0,0.084166,0.020654,0.895179
2904,1,0.935994,0.034871,0.029135
2905,1,0.145026,0.000368,0.854606
2906,0,0.001499,0.003931,0.994570
2907,1,0.097214,0.523576,0.379210
2908,1,0.992399,0.000872,0.006730
2909,1,0.940099,0.000309,0.059592
2910,1,0.991381,0.005129,0.003490
2911,1,0.929959,0.053335,0.016706
2912,1,0.989334,0.000355,0.010311
2913,1,0.990275,0.006010,0.003715
2914,0,0.013307,0.487862,0.498831
2915,0,0.000516,0.000129,0.999355
2916,1,0.881782,0.000853,0.117365
2917,0,0.053554,0.000185,0.946261
2918,1,0.174778,0.782484,0.042737
2919,1,0.995204,0.003551,0.001246
2920,0,0.136149,0.004401,0.859450
2921,1,0.984555,0.004164,0.011281
2922,0,0.050737,0.018067,0.931195
2923,0,0.000304,0.000222,0.999474
2924,1,0.041017,0.104839,0.854144
2925,0,0.134515,0.013474,0.852012
2926,1,0.540983,0.001569,0.457448
2927,1,0.977050,0.000282,0.022668
2928,1,0.262143,0.000265,0.737593
2929,0,0.010902,0.001609,0.987489
2930,1,0.405544,0.142686,0.451770
2931,1,0.995950,0.000501,0.003548
2932,0,0.725344,0.000899,0.273757
2933,0,0.980068,0.010390,0.009542
2934,1,0.890423,0.070727,0.038850
2935,0,0.022824,0.481908,0.495269
2936,0,0.001227,0.000180,0.998593
2937,1,0.995678,0.001628,0.002694
2938,0,0.699308,0.004449,0.296242
2939,1,0.996980,0.000816,0.002204
2940,1,0.997665,0.000958,0.001378
2941,0,0.017463,0.059692,0.922845
2942,0,0.056597,0.931358,0.012044
2943,1,0.994766,0.003863,0.001371
2944,0,0.005028,0.000366,0.994606
2945,0,0.016276,0.011619,0.972104
2946,0,0.012793,0.260078,0.727129
2947,0,0.026639,0.024673,0.948688
2948,1,0.995660,0.002768,0.001572
2949,0,0.995052,0.001717,0.003231
2950,0,0.073073,0.083752,0.843175
2951,0,0.014931,0.052830,0.932238
2952,0,0.002558,0.010650,0.986791
2953,1,0.029953,0.000180,0.969867
2954,1,0.623480,0.024887,0.351633
2955,1,0.979659,0.008392,0.011948
2956,0,0.239158,0.535972,0.224870
2957,0,0.064790,0.083936,0.851274
2958,1,0.990494,0.001407,0.008099
2959,0,0.008968,0.000567,0.990465
2960,1,0.967748,0.008758,0.023494
2961,1,0.725444,0.264684,0.009872
2962,1,0.105943,0.024598,0.869459
2963,1,0.996377,0.002014,0.001609
2964,1,0.066614,0.139764,0.793622
2965,1,0.589599,0.001219,0.409183
2966,0,0.962687,0.000519,0.036794
2967,1,0.012748,0.014704,0.972548
2968,1,0.966398,0.031967,0.001634
2969,1,0.987531,0.010946,0.001523
2970,1,0.002834,0.000392,0.996774
2971,1,0.976354,0.000682,0.022963
2972,0,0.138336,0.788722,0.072942
2973,1,0.321945,0.000384,0.677672
2974,0,0.004785,0.000805,0.994410
2975,0,0.000543,0.002728,0.996729
2976,0,0.979988,0.016672,0.003340
2977,1,0.962742,0.034736,0.002522
2978,1,0.518972,0.000602,0.480426
2979,0,0.000714,0.000168,0.999118
2980,0,0.015787,0.000432,0.983781
2981,1,0.407812,0.018438,0.573750
2982,0,0.783244,0.000834,0.215922
2983,1,0.003334,0.000383,0.996284
2984,0,0.123810,0.000284,0.875906
2985,1,0.881555,0.115955,0.002490
2986,1,0.991794,0.004769,0.003437
2987,1,0.980531,0.013181,0.006289
2988,0,0.077109,0.142437,0.780454
2989,1,0.978381,0.020266,0.001354
2990,0,0.898925,0.094173,0.006902
2991,0,0.049823,0.234807,0.715369
2992,1,0.281242,0.067925,0.650833
2993,1,0.993713,0.005170,0.001117
2994,0,0.002337,0.001195,0.996468
2995,1,0.994147,0.000480,0.005373
2996,0,0.909856,0.036662,0.053482
2997,0,0.006820,0.221002,0.772179
2998,0,0.025210,0.035466,0.939324
2999,1,0.010810,0.000560,0.988630
