row_id,gold,logit_hate,logit_offensive,logit_normal,p_hate,p_offensive,p_normal
0,0,-1.927864,-2.802990,4.646175,0.001393,0.000581,0.998026
1,0,-1.372704,-2.567463,3.981482,0.004699,0.001423,0.993878
2,0,-0.938103,-2.789896,3.726656,0.009320,0.001463,0.989217
3,0,-2.024234,-2.821194,4.599594,0.001326,0.000598,0.998077
4,0,0.283080,-2.921774,2.236530,0.123555,0.005012,0.871433
5,0,-1.608731,-2.984657,4.361058,0.002547,0.000643,0.996810
6,0,-2.953926,-0.549599,4.512712,0.000568,0.006288,0.993145
7,0,-0.454837,-3.010518,3.262091,0.023688,0.001839,0.974473
8,0,-2.193913,-1.738018,4.144395,0.001759,0.002775,0.995465
9,0,-2.380122,-2.511503,4.970010,0.000642,0.000563,0.998796
10,0,-0.583355,-3.379411,3.630257,0.014564,0.000889,0.984547
11,0,-2.234890,-0.556556,3.382027,0.003554,0.019036,0.977410
12,0,-2.004492,-2.833750,4.628359,0.001314,0.000573,0.998113
13,0,-1.997104,-2.326537,4.473859,0.001544,0.001110,0.997346
14,0,1.703547,-3.468471,1.403823,0.572509,0.003248,0.424243
15,0,-2.070292,-2.593839,4.592060,0.001276,0.000756,0.997969
16,0,-0.834969,1.085259,0.216513,0.093594,0.638549,0.267857
17,0,-1.688931,-2.991807,4.509309,0.002028,0.000551,0.997421
18,0,-2.279752,-2.772076,5.196741,0.000566,0.000346,0.999089
19,0,-1.367176,-2.592535,4.124692,0.004098,0.001203,0.994698
20,0,-1.940485,-2.950787,4.761216,0.001227,0.000447,0.998327
21,0,-2.469259,-2.250790,4.851870,0.000660,0.000822,0.998518
22,0,-2.024234,-2.821194,4.599594,0.001326,0.000598,0.998077
23,0,-2.126513,-2.196393,4.135625,0.001900,0.001772,0.996328
24,0,-1.704313,-2.640074,4.383112,0.002264,0.000888,0.996848
25,0,-1.214765,-1.608758,2.572310,0.021833,0.014724,0.963443
26,0,-2.088155,-2.178552,4.522393,0.001343,0.001227,0.997431
27,0,-2.432082,-2.451650,4.841846,0.000692,0.000679,0.998629
28,0,-2.042897,-2.723256,4.704230,0.001172,0.000594,0.998234
29,0,-0.562824,-2.718500,3.159022,0.023554,0.002728,0.973718
30,0,0.330686,-1.965600,1.638368,0.208410,0.020973,0.770617
31,0,-2.274572,-1.114230,3.856313,0.002155,0.006877,0.990968
32,0,0.761893,-3.658643,2.636777,0.132765,0.001597,0.865638
33,0,-2.024234,-2.821194,4.599594,0.001326,0.000598,0.998077
34,0,-0.656636,-3.270913,3.640592,0.013410,0.000982,0.985608
35,0,-2.863995,-1.702141,4.770200,0.000483,0.001542,0.997975
36,0,1.053307,-3.523253,2.062083,0.266487,0.002742,0.730771
37,0,-2.414235,-2.403095,4.658672,0.000846,0.000856,0.998298
38,0,0.930413,-3.406289,2.141600,0.228804,0.002993,0.768203
39,0,-2.116885,-2.293684,4.353785,0.001544,0.001294,0.997163
40,0,-2.151572,-2.785373,4.893580,0.000870,0.000462,0.998668
41,0,-1.651682,-2.112777,3.702366,0.004693,0.002959,0.992348
42,0,-2.473686,-0.477245,3.821928,0.001816,0.013374,0.984810
43,0,-2.468610,-1.134593,4.543636,0.000897,0.003405,0.995698
44,0,-0.278070,-3.535105,3.487585,0.022609,0.000870,0.976521
45,0,-2.044410,0.542899,2.806768,0.007033,0.093498,0.899469
46,0,0.111954,-2.856936,2.541726,0.080595,0.004139,0.915265
47,0,-2.299657,-2.089792,4.747219,0.000868,0.001071,0.998060
48,0,0.128344,-2.087999,1.310162,0.228869,0.024948,0.746182
49,0,-1.807374,1.696676,1.047565,0.019371,0.644087,0.336542
50,0,-1.834837,-1.509167,3.540491,0.004579,0.006342,0.989080
51,0,-2.171019,0.071156,2.855721,0.006141,0.057807,0.936053
52,0,-0.529915,-2.879305,3.450248,0.018308,0.001747,0.979945
53,0,-2.579456,-1.375098,4.340439,0.000984,0.003280,0.995736
54,0,-2.335712,-2.553796,4.998660,0.000652,0.000524,0.998824
55,0,-1.906151,-2.671606,4.343560,0.001926,0.000896,0.997179
56,0,-1.716008,0.692056,1.947180,0.019570,0.217473,0.762956
57,0,-1.014300,-3.270768,4.024642,0.006435,0.000674,0.992892
58,0,-2.658431,-0.588170,3.997792,0.001271,0.010078,0.988650
59,0,-1.259500,-2.816926,3.739179,0.006692,0.001410,0.991898
60,0,-1.701028,-3.010145,4.629492,0.001777,0.000480,0.997743
61,0,-2.110362,-2.608407,4.660311,0.001145,0.000696,0.998159
62,0,-2.136670,-2.291776,4.581817,0.001206,0.001032,0.997762
63,0,-1.916157,-2.800920,4.465929,0.001688,0.000697,0.997616
64,0,-2.100376,-2.188917,4.776046,0.001030,0.000943,0.998028
65,0,-1.981189,-2.648889,4.733230,0.001211,0.000621,0.998168
66,0,-2.137254,-2.385946,4.674704,0.001098,0.000857,0.998045
67,0,-1.813614,-2.080207,3.790507,0.003659,0.002803,0.993539
68,0,-2.639917,-2.327101,5.131585,0.000421,0.000576,0.999003
69,0,-2.342092,-2.510524,4.978102,0.000661,0.000559,0.998780
70,0,-1.606636,-2.837420,4.172138,0.003080,0.000900,0.996020
71,0,1.028451,-3.922663,2.408854,0.200659,0.001420,0.797921
72,0,-2.513258,-2.268544,4.763204,0.000691,0.000882,0.998428
73,0,-2.768407,-1.514963,4.698790,0.000570,0.001997,0.997433
74,0,0.168237,1.084815,-0.069066,0.233129,0.582990,0.183881
75,0,-2.261471,-2.512038,4.618604,0.001026,0.000799,0.998175
76,0,-2.024234,-2.821194,4.599594,0.001326,0.000598,0.998077
77,0,-2.667236,1.304735,2.604610,0.004018,0.213325,0.782656
78,0,-2.393495,-2.222387,4.489678,0.001023,0.001213,0.997764
79,0,-0.518220,-3.190166,3.392606,0.019604,0.001355,0.979041
80,0,-2.697820,-1.214415,4.590071,0.000681,0.003003,0.996316
81,0,0.518194,-3.885621,3.009297,0.076413,0.000935,0.922653
82,0,-1.333091,-2.970756,4.171282,0.004049,0.000787,0.995163
83,0,-2.481692,-2.383281,5.157156,0.000481,0.000531,0.998988
84,0,-1.907980,0.741137,2.017982,0.015188,0.214776,0.770037
85,0,-0.248635,-3.658284,3.421761,0.024814,0.000820,0.974366
86,0,-0.776967,-3.165008,3.801361,0.010158,0.000933,0.988909
87,0,-2.456745,-2.127076,4.720350,0.000762,0.001060,0.998177
88,0,-2.365500,-0.593008,3.810724,0.002049,0.012059,0.985892
89,0,-1.547564,-2.793966,4.285421,0.002918,0.000839,0.996243
90,0,-1.305063,-2.996850,4.083114,0.004546,0.000837,0.994617
91,0,-2.597366,-2.424983,5.201220,0.000410,0.000487,0.999103
92,0,-2.429993,-1.936040,4.875427,0.000671,0.001099,0.998230
93,0,-1.618209,-2.679616,4.386888,0.002458,0.000850,0.996692
94,0,-2.541101,-1.002649,4.447263,0.000918,0.004274,0.994808
95,0,-1.150303,-3.349061,4.229400,0.004586,0.000509,0.994906
96,0,0.334348,-3.340741,2.703501,0.085370,0.002164,0.912466
97,0,-1.984968,-2.078129,3.924724,0.002699,0.002459,0.994842
98,0,-0.992404,-2.710907,3.465595,0.011429,0.002050,0.986521
99,0,-1.844825,-2.696126,4.353683,0.002027,0.000865,0.997108
100,0,0.410084,-2.790347,2.447838,0.114757,0.004676,0.880568
101,0,0.330470,-3.599415,3.005858,0.064360,0.001264,0.934376
102,0,-2.285341,0.147647,2.990389,0.004809,0.054793,0.940398
103,0,-2.100739,-2.667712,4.899654,0.000910,0.000516,0.998573
104,0,-1.777658,-2.410198,4.191867,0.002545,0.001352,0.996102
105,0,-2.477594,-1.774108,4.780079,0.000703,0.001421,0.997876
106,0,-1.928794,-1.173695,3.548535,0.004127,0.008781,0.987093
107,0,-2.553425,-2.179335,4.985963,0.000531,0.000772,0.998697
108,0,-2.558064,-1.284754,4.455482,0.000896,0.003201,0.995903
109,0,-2.857528,1.203312,2.985472,0.002476,0.143680,0.853844
110,0,-1.436862,-3.064012,4.290942,0.003242,0.000637,0.996121
111,0,-2.024234,-2.821194,4.599594,0.001326,0.000598,0.998077
112,0,-2.913387,-1.879030,5.146118,0.000316,0.000888,0.998796
113,0,-2.028399,1.686919,1.262091,0.014508,0.595866,0.389626
114,0,-2.024234,-2.821194,4.599594,0.001326,0.000598,0.998077
115,0,-1.130711,-3.203171,4.182036,0.004901,0.000617,0.994482
116,0,-1.888482,-2.464573,4.411386,0.001831,0.001029,0.997139
117,0,-2.467729,0.091512,3.480885,0.002518,0.032547,0.964935
118,0,-0.678995,-3.387061,3.773171,0.011510,0.000767,0.987722
119,0,-1.902068,-1.984052,3.661354,0.003808,0.003508,0.992685
120,0,-1.260211,-3.150493,4.221068,0.004144,0.000626,0.995230
121,0,-1.209489,-2.745373,3.917317,0.005893,0.001269,0.992838
122,0,-2.637213,-2.031236,5.067966,0.000450,0.000825,0.998725
123,0,0.640584,-3.663136,2.849545,0.098817,0.001336,0.899848
124,0,-1.825548,-2.787923,4.489273,0.001805,0.000689,0.997506
125,0,-2.922142,-1.574336,5.147152,0.000313,0.001203,0.998485
126,0,-2.033954,-2.642845,4.640754,0.001260,0.000685,0.998055
127,0,-2.046307,-1.582930,4.386131,0.001602,0.002546,0.995852
128,0,-1.722552,-2.903516,4.557447,0.001869,0.000574,0.997557
129,0,-0.874095,-3.299038,3.927588,0.008143,0.000721,0.991136
130,0,-1.784552,-2.834349,4.743990,0.001458,0.000510,0.998031
131,0,-0.399469,-3.292572,3.394811,0.021977,0.001218,0.976805
132,0,-2.179989,-2.212310,4.449106,0.001318,0.001276,0.997406
133,0,-0.837424,-3.281403,3.884793,0.008810,0.000765,0.990425
134,0,-2.428174,-1.891251,4.526659,0.000952,0.001628,0.997421
135,0,-0.841335,-2.752964,3.563839,0.012045,0.001781,0.986174
136,0,-2.278192,-2.659610,5.063976,0.000647,0.000442,0.998911
137,0,-0.793226,-2.742349,3.657924,0.011512,0.001639,0.986849
138,0,0.676051,-3.056001,2.226395,0.174306,0.004174,0.821520
139,0,-1.865185,-2.933100,4.668808,0.001450,0.000499,0.998051
140,0,-0.019420,-2.734783,2.391432,0.081902,0.005420,0.912677
141,0,-0.635615,-3.537747,3.966365,0.009927,0.000545,0.989528
142,0,-2.627372,-1.227584,4.241342,0.001034,0.004194,0.994772
143,0,-1.860922,-2.473685,4.668629,0.001456,0.000789,0.997755
144,0,-0.252612,-3.605360,3.486656,0.023201,0.000812,0.975988
145,0,-2.300915,-0.532752,3.485480,0.003006,0.017614,0.979380
146,0,-0.492251,-3.273518,3.577373,0.016779,0.001040,0.982181
147,0,-2.668595,-0.488438,4.453502,0.000801,0.007084,0.992115
148,0,-1.805947,-2.756723,4.560206,0.001715,0.000663,0.997623
149,0,-1.572221,-3.228408,4.409239,0.002518,0.000481,0.997002
150,0,-2.693272,-1.537724,4.425711,0.000807,0.002562,0.996631
151,0,-2.253525,-2.541842,4.712911,0.000941,0.000706,0.998353
152,0,-1.896095,-2.538585,4.428219,0.001787,0.000940,0.997273
153,0,-1.829231,0.547749,2.024997,0.016959,0.182692,0.800349
154,0,-0.848995,-3.246602,3.876209,0.008784,0.000799,0.990417
155,0,-2.356271,-2.306248,4.692237,0.000867,0.000912,0.998221
156,0,-1.161250,-2.364764,3.437753,0.009932,0.002981,0.987087
157,0,-2.455173,1.117717,2.480399,0.005689,0.202645,0.791666
158,0,-2.588612,-1.030891,4.494027,0.000836,0.003967,0.995197
159,0,0.423474,-3.518157,2.868357,0.079690,0.001547,0.918763
160,0,-0.744804,-1.374114,2.394410,0.040620,0.021649,0.937732
161,0,-1.991043,0.833456,1.948985,0.014436,0.243278,0.742286
162,0,-2.599178,-2.299300,5.112741,0.000447,0.000603,0.998950
163,0,-2.508810,-2.365792,5.015660,0.000539,0.000622,0.998839
164,0,-1.986607,-2.556215,4.414817,0.001655,0.000936,0.997409
165,0,-2.195422,-0.019198,3.027084,0.005123,0.045146,0.949732
166,0,0.573076,-2.661812,1.505709,0.279286,0.010994,0.709720
167,0,-1.808111,-2.974959,4.639483,0.001581,0.000492,0.997927
168,0,-0.873320,-3.054279,3.749649,0.009717,0.001097,0.989185
169,0,-2.291444,-2.589523,4.770965,0.000855,0.000635,0.998510
170,0,0.140080,-3.359185,2.866570,0.061314,0.001853,0.936833
171,0,-2.598376,-1.859397,4.635056,0.000720,0.001508,0.997771
172,0,-1.073655,-2.748892,3.851239,0.007201,0.001349,0.991450
173,0,-1.519125,-2.773985,4.181433,0.003330,0.000949,0.995721
174,0,0.929789,-3.125768,1.834677,0.286617,0.004966,0.708418
175,0,-1.683928,-2.548459,4.565298,0.001927,0.000812,0.997262
176,0,2.143605,-3.487375,0.823804,0.786922,0.002821,0.210257
177,0,-2.854073,0.062411,4.134905,0.000906,0.016734,0.982360
178,0,-2.489312,-1.642418,4.436011,0.000979,0.002284,0.996736
179,0,-3.197376,1.106954,3.517069,0.001112,0.082313,0.916575
180,0,-2.535613,0.476028,3.583219,0.002102,0.042722,0.955176
181,0,-2.085919,-2.517953,4.564434,0.001291,0.000838,0.997871
182,0,-0.699261,-3.205329,3.766135,0.011359,0.000927,0.987714
183,0,-0.272062,-3.484281,3.527453,0.021872,0.000881,0.977247
184,0,-1.636600,-2.271565,4.203966,0.002894,0.001534,0.995572
185,0,-1.046223,-3.380947,4.106341,0.005748,0.000557,0.993695
186,0,-2.542777,0.127235,3.259119,0.002887,0.041690,0.955423
187,0,-2.870750,-2.156077,5.305912,0.000281,0.000574,0.999145
188,0,-2.347197,-2.317028,4.981373,0.000656,0.000676,0.998669
189,0,-2.056412,-2.835979,4.767920,0.001085,0.000498,0.998417
190,0,-2.247339,-2.651694,4.982239,0.000724,0.000483,0.998793
191,0,-0.369515,-2.795969,2.772549,0.041254,0.003645,0.955101
192,0,-1.969790,-2.607528,4.502200,0.001543,0.000815,0.997642
193,0,0.439833,-3.642761,2.937170,0.075948,0.001281,0.922772
194,0,2.211815,-3.945421,0.908054,0.785159,0.001663,0.213178
195,0,-2.953725,-1.549904,4.971062,0.000361,0.001470,0.998169
196,0,-0.838880,-2.188225,3.125731,0.018533,0.004808,0.976660
197,0,-1.787870,-2.528325,4.059857,0.002874,0.001371,0.995755
198,0,-2.577474,-2.241466,4.793909,0.000628,0.000879,0.998493
199,0,-1.309952,-2.648596,3.926434,0.005284,0.001385,0.993331
200,0,-2.110362,-2.608407,4.660311,0.001145,0.000696,0.998159
201,0,-2.071370,-2.895593,5.085761,0.000778,0.000341,0.998880
202,0,-1.766991,-2.786664,4.217053,0.002510,0.000905,0.996585
203,0,-2.646943,-2.323472,4.924846,0.000514,0.000710,0.998775
204,0,-1.596800,0.598887,1.677656,0.027461,0.246771,0.725768
205,0,-0.157889,-2.997566,3.019795,0.039921,0.002333,0.957746
206,0,-2.593669,-2.254375,4.993276,0.000506,0.000711,0.998783
207,0,-2.591969,-2.398475,5.188572,0.000417,0.000507,0.999076
208,0,-1.042612,-0.568189,1.747564,0.052935,0.085072,0.861993
209,0,-0.854593,-3.060302,3.947155,0.008141,0.000897,0.990962
210,0,-2.793080,-0.112111,4.168048,0.000934,0.013639,0.985427
211,0,-2.340673,1.305736,2.187690,0.007579,0.290554,0.701867
212,0,-0.358203,-0.318824,0.984102,0.170415,0.177260,0.652325
213,0,-1.282108,-3.226617,4.309928,0.003712,0.000531,0.995757
214,0,-1.297000,-2.539360,3.668653,0.006911,0.001995,0.991093
215,0,-1.481220,-3.082582,4.263048,0.003189,0.000643,0.996168
216,0,1.961158,-3.410216,0.888866,0.742462,0.003451,0.254088
217,0,-2.093521,-2.562811,4.568485,0.001276,0.000798,0.997926
218,0,-2.140936,1.749380,1.759449,0.010066,0.492475,0.497459
219,0,-2.302046,-2.382420,4.943208,0.000713,0.000658,0.998630
220,0,-0.589239,0.072180,0.681427,0.153828,0.298048,0.548124
221,0,-2.072276,-2.604203,4.814641,0.001019,0.000599,0.998382
222,0,-1.916210,-2.151188,4.127245,0.002363,0.001868,0.995768
223,0,-1.232746,-2.980498,4.080122,0.004899,0.000853,0.994247
224,0,-1.634527,-1.443090,3.251861,0.007425,0.008991,0.983584
225,0,-1.199199,-1.748457,3.332722,0.010580,0.006109,0.983311
226,0,0.049470,-3.780273,3.378618,0.034559,0.000750,0.964691
227,0,-3.088620,-1.804073,5.222010,0.000246,0.000887,0.998867
228,0,-2.110362,-2.608407,4.660311,0.001145,0.000696,0.998159
229,0,-2.024234,-2.821194,4.599594,0.001326,0.000598,0.998077
230,0,-1.689464,-3.199959,4.681477,0.001707,0.000377,0.997916
231,0,-2.378456,-2.240290,5.029383,0.000606,0.000695,0.998699
232,0,-1.880098,-2.124969,4.414444,0.001840,0.001441,0.996719
233,0,-1.601546,-2.420426,4.011479,0.003631,0.001601,0.994768
234,0,0.455988,-3.639004,2.729501,0.093196,0.001552,0.905252
235,0,3.127434,-3.144866,-1.172971,0.984784,0.001859,0.013357
236,0,0.457126,-1.380155,0.742031,0.401786,0.063984,0.534229
237,0,-2.263186,-2.304008,4.495833,0.001158,0.001111,0.997731
238,0,-3.018815,-1.506721,5.056087,0.000311,0.001409,0.998280
239,0,-2.110362,-2.608407,4.660311,0.001145,0.000696,0.998159
240,0,-0.733443,-3.082065,3.682403,0.011926,0.001139,0.986935
241,0,-2.440692,-1.692400,4.320885,0.001153,0.002437,0.996409
242,0,-2.293909,-2.000395,4.829484,0.000805,0.001079,0.998117
243,0,-1.717026,-3.129073,4.777816,0.001508,0.000368,0.998124
244,0,-1.883965,-2.243472,4.016065,0.002727,0.001903,0.995370
245,0,-1.470905,-2.802520,4.462646,0.002640,0.000697,0.996663
246,0,-2.670808,-2.259169,5.081981,0.000429,0.000648,0.998923
247,0,-3.018561,-1.567441,5.115621,0.000293,0.001250,0.998457
248,0,-1.819859,-2.339800,4.155179,0.002531,0.001505,0.995964
249,0,-0.021702,0.639913,-0.565671,0.284223,0.550802,0.164975
250,0,-2.230994,-0.892051,3.578484,0.002956,0.011278,0.985765
251,0,0.007378,-3.660008,3.308364,0.035505,0.000907,0.963588
252,0,-0.323476,-3.010800,3.186121,0.028983,0.001973,0.969044
253,0,-1.138123,-3.233774,4.143237,0.005057,0.000622,0.994321
254,0,-2.684240,-1.318953,4.924947,0.000495,0.001938,0.997568
255,0,-1.232017,-2.953853,3.920494,0.005746,0.001027,0.993227
256,0,-0.830850,-3.166206,3.856394,0.009120,0.000883,0.989998
257,0,-2.537192,-1.238882,4.507454,0.000869,0.003182,0.995950
258,0,-0.730098,0.296473,0.623290,0.130514,0.364328,0.505158
259,0,-2.257838,-1.999369,4.143814,0.001653,0.002140,0.996208
260,0,-1.675157,-2.683797,4.332211,0.002452,0.000894,0.996653
261,0,-0.787875,-1.259177,1.695088,0.073525,0.045893,0.880582
262,0,-1.077227,-3.302862,4.029087,0.006018,0.000650,0.993332
263,0,1.600046,-3.730422,1.539873,0.513757,0.002488,0.483755
264,0,-0.050302,-0.541307,0.802111,0.252697,0.154653,0.592650
265,0,-2.385124,-2.327729,5.137809,0.000540,0.000572,0.998888
266,0,0.743908,-2.375916,1.641289,0.285932,0.012628,0.701440
267,0,-2.504146,-1.012901,4.250455,0.001158,0.005145,0.993697
268,0,-2.875427,-2.076226,5.111393,0.000340,0.000755,0.998905
269,0,-2.450727,-0.126710,3.419178,0.002736,0.027958,0.969306
270,0,-2.009051,1.113760,1.797753,0.014553,0.330490,0.654957
271,0,-0.956093,-2.454409,3.128494,0.016491,0.003686,0.979824
272,0,-1.339508,-3.324466,4.495337,0.002914,0.000400,0.996685
273,0,0.101548,-3.122076,2.785239,0.063780,0.002539,0.933681
274,0,-2.164915,-2.596107,4.791842,0.000951,0.000618,0.998432
275,0,-2.531335,1.963743,1.867649,0.005816,0.520958,0.473226
276,0,0.714700,-2.122869,0.950129,0.430289,0.025201,0.544510
277,0,-2.591247,-1.886194,4.953656,0.000528,0.001069,0.998403
278,0,-1.401806,-3.155479,4.242765,0.003522,0.000610,0.995868
279,0,-2.839096,-2.173231,5.244071,0.000308,0.000600,0.999091
280,0,-2.199203,0.904320,2.269230,0.009050,0.201602,0.789348
281,0,-1.771072,-3.044713,4.785687,0.001418,0.000397,0.998185
282,0,-1.850908,-2.727204,4.367911,0.001986,0.000827,0.997187
283,0,-2.510991,-2.608392,5.232167,0.000433,0.000393,0.999173
284,0,0.702731,-2.508207,1.824554,0.243264,0.009808,0.746928
285,0,-0.674984,-3.090171,3.546998,0.014439,0.001290,0.984271
286,0,-2.049602,-2.135181,4.666611,0.001208,0.001109,0.997682
287,0,-2.421655,-1.985704,4.804721,0.000726,0.001122,0.998152
288,0,-0.646237,-2.509153,3.425954,0.016711,0.002594,0.980695
289,0,-2.317746,-2.589576,5.163544,0.000563,0.000429,0.999008
290,0,-1.193666,1.688420,0.311520,0.042815,0.764306,0.192880
291,0,-1.191589,-1.786944,3.064931,0.013867,0.007646,0.978488
292,0,-2.498103,-2.368058,5.047648,0.000528,0.000601,0.998871
293,0,-1.703474,-2.540463,4.198684,0.002723,0.001179,0.996098
294,0,0.562880,-3.034995,2.292681,0.149994,0.004107,0.845899
295,0,-1.880793,-2.232221,4.107582,0.002497,0.001757,0.995746
296,0,-2.011180,0.628047,2.314610,0.011034,0.154504,0.834461
297,0,-1.600039,-2.553133,4.362024,0.002565,0.000989,0.996445
298,0,-2.085673,-2.563549,4.514828,0.001357,0.000841,0.997802
299,0,-0.609044,-3.204400,3.741798,0.012720,0.000949,0.986331
300,0,-2.789025,1.891188,2.415866,0.003437,0.370481,0.626082
301,0,-2.358127,-1.283271,4.049794,0.001638,0.004798,0.993564
302,0,-0.774628,-2.955514,3.404362,0.015057,0.001701,0.983242
303,0,-1.312943,-2.367478,4.065279,0.004587,0.001598,0.993814
304,0,-2.598866,-0.631479,4.117261,0.001199,0.008578,0.990223
305,0,-2.423455,-2.256646,5.011740,0.000589,0.000696,0.998714
306,0,-0.491978,-3.250207,3.572749,0.016860,0.001069,0.982071
307,0,-2.272994,1.053120,2.423799,0.007224,0.201047,0.791729
308,0,1.106162,-3.516564,2.143285,0.261034,0.002565,0.736401
309,0,-2.698593,-1.022221,4.574723,0.000691,0.003693,0.995616
310,0,-1.478423,-1.545663,3.776870,0.005168,0.004832,0.990001
311,0,-2.424400,-1.491688,3.794907,0.001977,0.005024,0.993000
312,0,-2.730257,0.364927,3.318569,0.002239,0.049454,0.948308
313,0,-2.839278,-1.681411,4.745746,0.000507,0.001614,0.997880
314,0,1.658869,-3.527058,1.430280,0.555170,0.003106,0.441724
315,0,0.162869,-3.588442,3.190497,0.046143,0.001084,0.952773
316,0,-2.922199,-1.632017,4.831540,0.000428,0.001556,0.998016
317,0,-1.741717,-2.530888,4.244613,0.002504,0.001137,0.996359
318,0,-1.735555,-0.554811,3.076514,0.007859,0.025595,0.966546
319,0,-2.170173,-1.299330,3.904504,0.002283,0.005453,0.992265
320,0,-2.068976,-2.707834,4.742256,0.001099,0.000580,0.998320
321,0,-0.555936,0.417888,0.508675,0.152724,0.404421,0.442855
322,0,-0.519602,-3.393582,3.551947,0.016749,0.000946,0.982305
323,0,-1.343145,-2.927657,4.200727,0.003893,0.000798,0.995309
324,0,-1.621165,-1.448726,3.431878,0.006302,0.007488,0.986211
325,0,-2.070588,0.763576,2.171582,0.011419,0.194304,0.794277
326,0,-1.346160,-2.845242,4.034781,0.004578,0.001022,0.994400
327,0,-2.188771,-2.199842,4.222660,0.001637,0.001619,0.996743
328,0,-0.692650,0.120760,0.713652,0.136306,0.307450,0.556243
329,0,-1.648129,0.395505,1.821236,0.024489,0.189020,0.786492
330,0,-1.721894,-3.040809,4.578714,0.001831,0.000490,0.997679
331,0,-1.212007,-0.884981,2.180547,0.031125,0.043165,0.925710
332,0,-1.777231,-2.806154,4.566532,0.001753,0.000627,0.997620
333,0,-0.407378,-2.283534,2.748795,0.040595,0.006218,0.953187
334,0,-2.786470,-1.130970,4.602025,0.000616,0.003225,0.996159
335,0,-1.182056,-1.602583,3.067876,0.013936,0.009152,0.976912
336,0,-1.732428,-2.652859,4.126049,0.002844,0.001133,0.996023
337,0,-1.257481,-2.939011,3.876616,0.005851,0.001089,0.993060
338,0,-2.367057,-0.992248,4.189723,0.001411,0.005578,0.993012
339,0,-1.991583,-2.858160,5.023636,0.000897,0.000377,0.998726
340,0,-2.739132,-2.088291,5.006231,0.000432,0.000829,0.998739
341,0,-2.425974,-1.075180,4.356991,0.001127,0.004350,0.994524
342,0,-1.718361,0.222787,2.155643,0.017825,0.124181,0.857994
343,0,-2.024234,-2.821194,4.599594,0.001326,0.000598,0.998077
344,0,-1.815711,-2.263767,3.976823,0.003035,0.001939,0.995026
345,0,-1.276515,-3.144542,4.289376,0.003809,0.000588,0.995602
346,0,-2.726198,-1.985350,4.972072,0.000453,0.000950,0.998597
347,0,-1.917884,-2.676704,4.626977,0.001434,0.000672,0.997894
348,0,-1.732129,-2.395589,4.345536,0.002286,0.001177,0.996537
349,0,-2.152102,-2.425107,4.444344,0.001362,0.001037,0.997602
350,0,-2.410006,-2.586469,5.205289,0.000492,0.000413,0.999095
351,0,-2.528633,-2.109000,4.673300,0.000744,0.001132,0.998125
352,0,-1.293107,-1.274707,2.530123,0.020933,0.021322,0.957744
353,0,-2.401474,-2.261048,4.476144,0.001028,0.001183,0.997788
354,0,-3.044247,-1.371085,4.916498,0.000348,0.001855,0.997797
355,0,-2.390009,1.854236,1.897586,0.006969,0.485755,0.507276
356,0,-3.015448,0.649132,3.539075,0.001347,0.052582,0.946071
357,0,-2.673303,0.605688,3.474593,0.002019,0.053604,0.944377
358,0,-2.865841,-1.911564,5.037401,0.000369,0.000958,0.998673
359,0,-0.927708,-2.943970,3.714930,0.009528,0.001269,0.989203
360,0,-2.556393,-2.280150,4.979801,0.000533,0.000702,0.998765
361,0,-2.243661,-2.214203,4.320324,0.001406,0.001448,0.997145
362,0,-1.399478,-3.324844,4.411691,0.002984,0.000435,0.996581
363,0,-2.794898,-1.555972,4.848267,0.000478,0.001651,0.997871
364,0,0.316727,-3.222067,2.707160,0.083701,0.002431,0.913867
365,0,0.430413,-0.683648,-0.204320,0.538126,0.176625,0.285248
366,0,-2.252629,-1.710943,4.135390,0.001674,0.002877,0.995449
367,0,-1.945740,-2.769782,4.621356,0.001403,0.000615,0.997981
368,0,1.185935,-3.324032,1.631078,0.388846,0.004277,0.606877
369,0,-2.965994,1.646299,2.796518,0.002382,0.239876,0.757742
370,0,-2.502098,-2.062474,4.810999,0.000666,0.001033,0.998301
371,0,-1.375973,-2.740899,3.957386,0.004799,0.001226,0.993976
372,0,-2.024234,-2.821194,4.599594,0.001326,0.000598,0.998077
373,0,-0.526129,-3.242653,3.628874,0.015428,0.001020,0.983552
374,0,-1.130759,-3.176836,4.044291,0.005620,0.000726,0.993654
375,0,-1.738185,-2.860437,4.439992,0.002069,0.000673,0.997258
376,0,-2.400649,-1.887517,4.298487,0.001228,0.002051,0.996721
377,0,0.550593,-3.267096,2.104053,0.173920,0.003823,0.822258
378,0,-2.100236,-2.407096,4.888577,0.000921,0.000677,0.998402
379,0,-2.740292,-1.377155,4.558916,0.000674,0.002634,0.996693
380,0,-2.458294,0.422449,3.139426,0.003465,0.061764,0.934771
381,0,-1.871110,0.063843,2.789151,0.008804,0.060955,0.930241
382,0,-2.637231,-2.000005,4.609953,0.000711,0.001344,0.997945
383,0,-2.257203,-2.389632,4.841473,0.000825,0.000723,0.998452
384,0,0.300438,-3.655109,2.927441,0.067334,0.001289,0.931377
385,0,-1.499412,-2.673995,3.965364,0.004210,0.001301,0.994489
386,0,-1.399041,-2.767412,3.840095,0.005270,0.001341,0.993389
387,0,-1.966363,-2.341106,4.439080,0.001648,0.001133,0.997219
388,0,0.568625,-3.574219,2.612903,0.114424,0.001817,0.883760
389,0,-2.315581,-2.352699,5.072271,0.000618,0.000595,0.998787
390,0,-2.160585,-1.658903,3.941775,0.002224,0.003674,0.994102
391,0,-1.314137,-2.432579,3.341655,0.009388,0.003068,0.987544
392,0,-0.772748,-2.932288,3.400655,0.015140,0.001747,0.983113
393,0,-2.618178,-2.387900,5.043873,0.000470,0.000592,0.998939
394,0,-2.343214,-2.557134,4.802184,0.000787,0.000636,0.998577
395,0,-0.792400,-3.208789,3.722703,0.010814,0.000965,0.988221
396,0,-1.803540,-2.604749,4.634104,0.001596,0.000716,0.997687
397,0,0.498178,-3.538348,2.706702,0.098815,0.001745,0.899440
398,0,-2.956006,1.261778,3.219354,0.001819,0.123505,0.874676
399,0,-2.899811,-1.181705,4.804802,0.000449,0.002505,0.997046
400,0,0.029482,-3.638087,3.288794,0.036959,0.000944,0.962097
401,0,-1.862793,-2.682010,4.539764,0.001653,0.000729,0.997618
402,0,-1.675945,-2.167874,3.554495,0.005305,0.003244,0.991451
403,0,-1.845309,-2.680142,4.360021,0.002013,0.000873,0.997114
404,0,-2.517867,1.511161,2.206297,0.005888,0.330931,0.663181
405,0,-2.060201,-2.292520,4.627325,0.001244,0.000986,0.997771
406,0,-1.437066,-2.340534,3.857372,0.004984,0.002019,0.992996
407,0,-2.397953,-2.586334,4.979601,0.000624,0.000517,0.998858
408,0,-3.006928,-1.009782,4.657591,0.000467,0.003443,0.996089
409,0,-1.415118,-3.205718,4.454947,0.002813,0.000469,0.996717
410,0,-2.446502,-1.682931,4.355206,0.001108,0.002378,0.996514
411,0,-0.029913,-1.339780,1.124905,0.225058,0.060733,0.714209
412,0,-1.076390,-1.752977,2.515757,0.026441,0.013441,0.960118
413,0,-1.641384,-3.060076,4.434058,0.002292,0.000555,0.997153
414,0,-2.145940,-2.522041,4.429986,0.001390,0.000954,0.997655
415,0,-1.398187,-2.980229,4.250573,0.003507,0.000721,0.995772
416,0,-1.824188,1.060368,1.623168,0.019876,0.355687,0.624438
417,0,0.148305,-3.441475,2.856232,0.062400,0.001723,0.935878
418,0,-2.365171,-2.628978,5.196173,0.000520,0.000399,0.999081
419,0,-2.750531,-1.897036,4.869749,0.000490,0.001150,0.998361
420,0,-1.812998,-2.564576,4.489532,0.001827,0.000862,0.997312
421,0,-1.504504,-2.922250,4.229290,0.003222,0.000781,0.995998
422,0,-1.097592,-0.955277,2.420774,0.027869,0.032131,0.940000
423,0,-2.601728,-0.758597,4.199075,0.001104,0.006972,0.991924
424,0,-1.964829,-2.266005,4.547286,0.001482,0.001096,0.997422
425,0,-1.865208,-2.787127,4.636664,0.001497,0.000596,0.997907
426,0,-1.638944,-2.593904,4.516128,0.002116,0.000814,0.997069
427,0,-0.976968,-3.075069,3.748859,0.008776,0.001077,0.990147
428,0,-2.076813,-0.690449,3.474288,0.003809,0.015238,0.980953
429,0,-1.222853,-2.765261,3.940972,0.005680,0.001215,0.993105
430,0,-0.912421,-1.071628,2.077051,0.046024,0.039250,0.914727
431,0,0.604249,-3.610365,2.719796,0.107424,0.001588,0.890988
432,0,-2.666242,-1.948883,4.877961,0.000528,0.001083,0.998389
433,0,-1.990207,-1.366179,3.759321,0.003155,0.005889,0.990955
434,0,-2.330699,-2.399889,4.627126,0.000949,0.000886,0.998165
435,0,-1.317340,0.936406,1.023354,0.047820,0.455406,0.496775
436,0,-1.923747,-0.948654,3.287971,0.005346,0.014174,0.980480
437,0,-1.282205,-2.329232,3.878291,0.005695,0.001999,0.992307
438,0,-2.653821,-1.262103,4.599254,0.000705,0.002837,0.996457
439,0,-2.675350,0.786535,3.001017,0.003079,0.098154,0.898766
440,0,-2.419157,-2.542181,4.934512,0.000639,0.000565,0.998795
441,0,-1.505189,0.497448,1.622511,0.032020,0.237226,0.730754
442,0,-2.507653,-1.658024,4.598645,0.000818,0.001912,0.997270
443,0,-2.205003,-2.582041,4.724402,0.000977,0.000670,0.998353
444,0,1.034724,-3.694616,2.217282,0.234108,0.002068,0.763825
445,0,-0.720660,-3.255487,3.607768,0.013003,0.001031,0.985966
446,0,1.470333,-2.861098,1.127030,0.580527,0.007633,0.411840
447,0,-0.685077,-0.304471,1.206089,0.110008,0.160960,0.729032
448,0,-0.802407,-2.625978,3.535195,0.012872,0.002078,0.985049
449,0,-2.209812,-1.717885,4.180526,0.001670,0.002732,0.995598
450,0,-2.884361,-1.344786,4.810802,0.000454,0.002116,0.997430
451,0,-2.134626,-2.628286,5.042325,0.000763,0.000466,0.998771
452,0,0.354029,-3.741389,3.103842,0.060037,0.001000,0.938963
453,0,-1.909129,-2.734167,4.495950,0.001649,0.000723,0.997628
454,0,-1.742243,-2.994834,4.583126,0.001786,0.000510,0.997703
455,0,-1.817268,-2.791434,4.587096,0.001651,0.000623,0.997726
456,0,-2.068177,-2.521504,4.638752,0.001220,0.000775,0.998005
457,0,-1.448956,-3.126547,4.270982,0.003267,0.000610,0.996122
458,0,-2.744946,-1.480438,4.858672,0.000498,0.001762,0.997741
459,0,-2.400043,-2.540824,4.941307,0.000647,0.000562,0.998790
460,0,0.389809,0.323601,-0.809212,0.446942,0.418309,0.134748
461,0,-1.684773,-2.963582,4.513134,0.002028,0.000565,0.997407
462,0,-2.661688,-2.486074,5.258885,0.000363,0.000433,0.999205
463,0,-1.742269,-2.914738,4.562610,0.001823,0.000564,0.997613
464,0,-1.047834,-2.840189,3.982475,0.006487,0.001081,0.992432
465,0,-2.125576,-2.097589,3.974460,0.002233,0.002296,0.995471
466,0,0.444854,-1.608223,0.792762,0.393014,0.050439,0.556547
467,0,-2.697273,-2.078790,5.074785,0.000421,0.000781,0.998798
468,0,-2.602745,-2.168985,4.807628,0.000604,0.000932,0.998464
469,0,-0.413373,-3.545847,3.501134,0.019543,0.000852,0.979604
470,0,-1.052114,-2.404806,3.423849,0.011219,0.002900,0.985881
471,0,-2.541270,1.519701,2.383944,0.005083,0.294947,0.699970
472,0,-0.733122,-2.800147,3.572179,0.013295,0.001683,0.985023
473,0,0.189694,-3.332941,2.729934,0.072928,0.002153,0.924920
474,0,-2.247871,-2.657853,4.693209,0.000966,0.000641,0.998393
475,0,-2.290113,0.695614,2.620866,0.006387,0.126464,0.867149
476,0,-2.005336,-1.126708,3.720030,0.003226,0.007768,0.989006
477,0,0.341142,-1.527478,0.610827,0.405862,0.062639,0.531498
478,0,-1.107509,-3.194706,4.156003,0.005147,0.000638,0.994214
479,0,-0.174625,-3.438249,3.344318,0.028746,0.001100,0.970154
480,0,0.445586,-3.492647,2.692349,0.095451,0.001860,0.902689
481,0,-2.239502,-2.396515,4.515926,0.001162,0.000993,0.997845
482,0,-2.409738,-1.833627,4.202271,0.001339,0.002382,0.996278
483,0,-0.946748,-3.026139,3.676822,0.009710,0.001214,0.989076
484,0,0.317693,-3.795341,3.098463,0.058317,0.000954,0.940729
485,0,-2.438684,-0.232725,3.512973,0.002535,0.023016,0.974449
486,0,-2.024234,-2.821194,4.599594,0.001326,0.000598,0.998077
487,0,-2.488590,-2.550784,5.004953,0.000556,0.000523,0.998921
488,0,-1.703662,-2.517112,4.449585,0.002120,0.000940,0.996940
489,0,-2.319444,-2.655704,4.860696,0.000761,0.000543,0.998696
490,0,1.657333,-3.214427,1.115576,0.629174,0.004819,0.366006
491,0,-2.356550,-1.435945,4.484136,0.001065,0.002675,0.996260
492,0,-2.739132,-2.088291,5.006231,0.000432,0.000829,0.998739
493,0,-2.329958,-2.731370,4.921515,0.000708,0.000474,0.998818
494,0,-1.939573,-2.699375,4.555374,0.001508,0.000705,0.997787
495,0,-1.384811,-2.571544,3.526331,0.007294,0.002226,0.990480
496,0,-1.820009,-2.523461,4.184355,0.002459,0.001217,0.996324
497,0,0.210110,-3.357871,2.964171,0.059757,0.001686,0.938557
498,0,-2.137325,-2.297556,4.428948,0.001403,0.001196,0.997401
499,0,2.042137,-3.032030,-0.051338,0.885336,0.005539,0.109125
500,0,-2.378011,-2.264211,4.620151,0.000912,0.001022,0.998066
501,0,-2.138138,-2.265004,4.391806,0.001455,0.001282,0.997263
502,0,-2.532210,-1.146065,4.534522,0.000849,0.003397,0.995754
503,0,-1.317879,-2.983097,4.174529,0.004098,0.000775,0.995127
504,0,-0.294640,-2.854156,2.963759,0.036921,0.002856,0.960224
505,0,-1.720715,-2.858549,4.305281,0.002407,0.000772,0.996821
506,0,-2.356956,-2.548406,4.858353,0.000734,0.000606,0.998659
507,0,-2.232412,-2.855550,5.103253,0.000651,0.000349,0.999000
508,0,-0.732622,-2.730435,3.464960,0.014780,0.002005,0.983216
509,0,-2.378401,-2.455013,5.023612,0.000609,0.000564,0.998826
510,0,-1.996737,-2.515434,4.824158,0.001089,0.000648,0.998263
511,0,-1.209064,-0.956479,2.547112,0.022187,0.028562,0.949251
512,0,1.903010,-3.036427,0.180477,0.843333,0.006037,0.150630
513,0,1.158754,-3.511485,1.979088,0.304820,0.002856,0.692324
514,0,-0.331893,-3.456289,3.396688,0.023439,0.001030,0.975531
515,0,-2.024234,-2.821194,4.599594,0.001326,0.000598,0.998077
516,0,-1.600565,-3.218265,4.608737,0.002006,0.000398,0.997596
517,0,-2.016543,-1.593081,3.907967,0.002655,0.004055,0.993290
518,0,-2.636663,-1.992449,5.069653,0.000449,0.000856,0.998695
519,0,0.005790,-3.233313,3.099136,0.043309,0.001698,0.954993
520,0,2.519259,-3.273490,-0.033814,0.925162,0.002821,0.072017
521,0,-1.915749,-2.833814,4.535457,0.001575,0.000629,0.997796
522,0,-1.150286,-2.613022,3.628439,0.008321,0.001927,0.989752
523,0,-2.264354,-2.604320,5.121165,0.000620,0.000441,0.998940
524,0,-1.688630,-1.203777,3.075152,0.008346,0.013554,0.978100
525,0,0.024404,0.543797,-0.279897,0.292514,0.491717,0.215769
526,0,-1.506585,-2.817140,4.320367,0.002936,0.000792,0.996272
527,0,-1.396922,-2.536866,4.014680,0.004438,0.001420,0.994142
528,0,0.691802,-3.716236,2.603302,0.128611,0.001566,0.869823
529,0,-2.209712,-2.076743,4.329734,0.001441,0.001646,0.996913
530,0,-0.935954,-3.198419,3.918936,0.007724,0.000804,0.991472
531,0,-0.211225,-1.116658,1.285260,0.170348,0.068883,0.760769
532,0,-2.666495,-2.241250,4.866576,0.000534,0.000818,0.998648
533,0,-2.345554,-0.670841,3.691644,0.002353,0.012557,0.985091
534,0,-0.998201,-1.201335,2.126050,0.040718,0.033233,0.926049
535,0,-0.198119,-2.918633,3.134105,0.034404,0.002265,0.963331
536,0,1.733598,-3.260602,1.011050,0.670111,0.004541,0.325348
537,0,-2.704443,1.425937,2.463150,0.004189,0.260592,0.735219
538,0,-2.639917,-2.327101,5.131585,0.000421,0.000576,0.999003
539,0,-2.090019,-1.250386,3.790740,0.002767,0.006407,0.990826
540,0,-1.916301,-2.742526,4.516478,0.001604,0.000702,0.997693
541,0,-2.919100,-2.038833,5.208514,0.000295,0.000711,0.998994
542,0,-0.759198,-2.912169,3.375613,0.015725,0.001826,0.982449
543,0,-2.440612,-2.406620,5.206004,0.000477,0.000494,0.999029
544,0,-2.480515,-1.439097,4.307188,0.001123,0.003181,0.995696
545,0,0.995542,-3.527447,2.135869,0.241625,0.002623,0.755752
546,0,-1.773905,-2.708053,4.530298,0.001824,0.000717,0.997459
547,0,-2.540949,-1.773466,4.727250,0.000696,0.001499,0.997805
548,0,-0.629628,-3.004388,3.443326,0.016716,0.001555,0.981729
549,0,-2.178669,-2.548407,5.044954,0.000728,0.000503,0.998769
550,0,-0.837941,-2.227448,2.947355,0.022076,0.005501,0.972423
551,0,-2.832080,-2.094011,4.996574,0.000398,0.000832,0.998770
552,0,-2.513257,-2.038278,4.683172,0.000748,0.001202,0.998050
553,0,-1.860696,-3.013081,4.670978,0.001454,0.000459,0.998087
554,0,-1.881814,-2.788388,4.648119,0.001456,0.000588,0.997956
555,0,-2.209862,-2.643477,5.081581,0.000681,0.000441,0.998878
556,0,-2.016464,-2.300357,4.220329,0.001949,0.001468,0.996583
557,0,-1.199637,-2.883268,3.980825,0.005588,0.001038,0.993374
558,0,-2.024234,-2.821194,4.599594,0.001326,0.000598,0.998077
559,0,-1.667746,-1.010688,2.971870,0.009396,0.018125,0.972479
560,0,-2.657352,-2.240650,5.027659,0.000459,0.000696,0.998844
561,0,-2.226963,1.655945,1.621988,0.010362,0.503220,0.486419
562,0,-2.848431,-0.924564,4.744211,0.000502,0.003438,0.996059
563,0,-2.400655,-1.399190,4.235479,0.001306,0.003554,0.995140
564,0,-1.594698,-2.656982,4.233531,0.002932,0.001013,0.996055
565,0,-2.105101,-2.946257,4.928916,0.000880,0.000380,0.998740
566,0,-2.377901,-0.237991,3.855186,0.001927,0.016381,0.981692
567,0,-2.446502,-1.682931,4.355206,0.001108,0.002378,0.996514
568,0,-1.194602,-0.135002,1.653323,0.047310,0.136500,0.816190
569,0,-0.780218,-3.205420,3.746036,0.010695,0.000946,0.988359
570,0,-0.020722,-0.444722,0.132383,0.354626,0.232076,0.413298
571,0,-0.515436,0.604512,0.144203,0.166700,0.510886,0.322414
572,0,-1.999058,-2.642555,4.659848,0.001280,0.000673,0.998047
573,0,0.282943,-2.762202,2.419574,0.105059,0.005000,0.889941
574,0,-2.062042,-2.134267,4.491114,0.001422,0.001323,0.997256
575,0,-0.053729,-2.461459,2.038995,0.108731,0.009788,0.881481
576,0,-2.024234,-2.821194,4.599594,0.001326,0.000598,0.998077
577,0,-3.118528,0.372705,4.166838,0.000670,0.021992,0.977338
578,0,-2.239534,-1.301618,3.702125,0.002603,0.006651,0.990746
579,0,-1.629732,-2.934377,4.544417,0.002077,0.000563,0.997359
580,0,-2.280040,-0.340498,3.285567,0.003714,0.025834,0.970452
581,0,-2.049614,-2.858575,4.993752,0.000872,0.000388,0.998740
582,0,-1.980835,-1.127663,3.452749,0.004304,0.010103,0.985593
583,0,0.415996,-1.293586,1.152963,0.305761,0.055325,0.638914
584,0,-2.175804,-2.762506,4.932534,0.000817,0.000455,0.998728
585,0,-1.155037,-3.433640,4.341777,0.004081,0.000418,0.995501
586,0,-0.763791,0.005494,0.914107,0.117474,0.253535,0.628991
587,0,1.217276,-3.749551,2.141790,0.283478,0.001974,0.714547
588,0,-1.596489,-3.084884,4.438967,0.002385,0.000538,0.997076
589,0,-2.464691,-2.012640,4.855925,0.000661,0.001038,0.998301
590,0,1.085505,0.837280,-2.243140,0.550653,0.429611,0.019736
591,0,-2.110297,-2.567418,4.921059,0.000882,0.000559,0.998559
592,0,-0.847041,-3.266067,3.870170,0.008854,0.000788,0.990358
593,0,-2.072351,-2.252314,4.235816,0.001815,0.001516,0.996668
594,0,-2.514505,-1.980495,5.036157,0.000525,0.000896,0.998579
595,0,-3.032363,-1.616202,5.072943,0.000301,0.001242,0.998456
596,0,-1.311452,0.523768,1.237741,0.049842,0.312337,0.637820
597,0,-1.860696,-3.013081,4.670978,0.001454,0.000459,0.998087
598,0,-1.312353,-2.473894,3.525785,0.007840,0.002454,0.989706
599,0,0.170292,-3.923735,3.279741,0.042689,0.000712,0.956600
600,0,-1.670285,-2.894096,4.358568,0.002401,0.000706,0.996893
601,0,-2.256331,-2.733943,4.808732,0.000853,0.000529,0.998618
602,0,-0.867293,-3.002938,3.594333,0.011396,0.001347,0.987257
603,0,-1.856755,1.060352,1.621237,0.019274,0.356340,0.624386
604,0,-2.744205,1.777318,2.231210,0.004205,0.386802,0.608992
605,0,1.675045,-2.429492,-0.067848,0.839270,0.013846,0.146884
606,0,-1.877476,-2.644003,4.401735,0.001870,0.000869,0.997262
607,0,-2.433172,-1.930536,4.738151,0.000767,0.001267,0.997966
608,0,-1.892914,-2.153209,4.288054,0.002061,0.001589,0.996351
609,0,-1.544050,-2.609390,4.192042,0.003213,0.001107,0.995679
610,0,-2.349084,-0.806644,3.687299,0.002358,0.011027,0.986615
611,0,1.177517,-3.891148,2.166472,0.270657,0.001703,0.727640
612,0,0.803616,-0.361084,-0.916328,0.670649,0.209253,0.120097
613,0,-2.864172,0.636409,3.709777,0.001333,0.044160,0.954507
614,0,-2.082889,-2.163896,4.104890,0.002046,0.001887,0.996067
615,0,-0.999457,-3.190509,4.143708,0.005802,0.000649,0.993550
616,0,-1.880412,0.181441,2.439124,0.011903,0.093562,0.894536
617,0,-2.155685,-2.334977,4.372715,0.001457,0.001218,0.997324
618,0,-0.051391,-3.658430,3.422385,0.030043,0.000815,0.969142
619,0,-0.796121,-3.237995,3.807368,0.009909,0.000862,0.989229
620,0,-1.164123,-3.212066,4.163119,0.004831,0.000623,0.994546
621,0,1.529197,-3.546132,1.637822,0.471477,0.002946,0.525576
622,0,-2.336573,-2.258062,4.985260,0.000660,0.000714,0.998626
623,0,0.239948,-3.333696,2.972811,0.060957,0.001710,0.937333
624,0,-1.405010,-3.012819,4.293797,0.003337,0.000668,0.995995
625,0,-1.439134,-3.027910,4.174133,0.003633,0.000742,0.995625
626,0,0.497219,-2.477368,1.471002,0.270342,0.013806,0.715852
627,0,-2.743581,-0.137035,4.187241,0.000963,0.013057,0.985979
628,0,-2.165347,-2.343364,4.359380,0.001463,0.001224,0.997313
629,0,-2.352369,-2.188901,4.638891,0.000918,0.001081,0.998001
630,0,-0.857367,-3.264093,3.760570,0.009768,0.000880,0.989352
631,0,-1.404093,-2.652002,4.134362,0.003913,0.001123,0.994964
632,0,-2.438269,-2.260754,4.735655,0.000765,0.000914,0.998321
633,0,-2.122406,-2.780082,4.854205,0.000932,0.000483,0.998585
634,0,-1.378426,-2.552332,4.112357,0.004102,0.001268,0.994629
635,0,-2.594728,-1.118146,4.321274,0.000987,0.004319,0.994695
636,0,-0.745030,0.191858,0.723595,0.126658,0.323234,0.550108
637,0,-1.213464,-3.321232,4.130930,0.004749,0.000577,0.994674
638,0,-2.058810,-2.653637,4.822161,0.001026,0.000566,0.998409
639,0,-2.192070,-1.608585,4.506777,0.001228,0.002201,0.996571
640,0,-0.297267,-3.181692,3.154053,0.030677,0.001714,0.967609
641,0,-2.118798,-2.234557,4.310747,0.001608,0.001432,0.996959
642,0,0.421490,-3.273254,2.564587,0.104705,0.002602,0.892693
643,0,0.354852,0.041950,-0.629520,0.475060,0.347422,0.177518
644,0,-1.079018,-2.877851,3.746874,0.007945,0.001315,0.990740
645,0,-2.417899,1.168150,2.336816,0.006526,0.235549,0.757925
646,0,-2.024234,-2.821194,4.599594,0.001326,0.000598,0.998077
647,0,-1.146500,-2.643470,3.353621,0.010959,0.002453,0.986589
648,0,-2.443166,-1.072883,4.126723,0.001392,0.005481,0.993127
649,0,-0.990360,-2.745362,3.784292,0.008358,0.001445,0.990196
650,0,-2.289350,-1.946602,4.004119,0.001840,0.002592,0.995567
651,0,-2.269500,-0.014015,3.005250,0.004857,0.046337,0.948806
652,0,-0.974284,-2.955769,3.726920,0.008991,0.001240,0.989769
653,0,-2.008905,-2.177393,4.160135,0.002085,0.001762,0.996153
654,0,-1.449770,-0.870161,2.623749,0.016247,0.029007,0.954746
655,0,-2.470470,-1.985892,4.974632,0.000583,0.000947,0.998469
656,0,0.549485,-2.831535,1.658987,0.245890,0.008363,0.745747
657,0,0.904969,-3.750743,2.387637,0.184700,0.001756,0.813544
658,0,-0.393386,-3.600593,3.704300,0.016329,0.000661,0.983010
659,0,-2.277681,-2.022153,4.529299,0.001103,0.001424,0.997472
660,0,-2.624266,-2.158131,4.831527,0.000577,0.000920,0.998503
661,0,-2.565920,-2.164060,4.971924,0.000532,0.000795,0.998673
662,0,-1.943234,-2.607356,4.564984,0.001488,0.000766,0.997746
663,0,-0.720590,-2.819918,3.405236,0.015863,0.001944,0.982194
664,0,-1.279255,-2.565092,3.721708,0.006674,0.001845,0.991481
665,0,-1.943678,-2.264116,4.163331,0.002219,0.001610,0.996171
666,0,-2.559685,-2.424425,5.097109,0.000472,0.000541,0.998987
667,0,-1.155303,-2.361932,3.665756,0.007975,0.002386,0.989639
668,0,-0.231027,-3.471683,3.428207,0.025081,0.000982,0.973937
669,0,-2.214542,-2.566004,4.947297,0.000775,0.000545,0.998680
670,0,-1.718360,-2.761909,4.248952,0.002552,0.000899,0.996549
671,0,-2.406601,-2.554538,5.048772,0.000578,0.000498,0.998924
672,0,-2.279971,-1.317316,4.167434,0.001576,0.004126,0.994299
673,0,-1.915433,-2.150224,4.321695,0.001949,0.001541,0.996510
674,0,-0.446991,-1.684082,2.292438,0.059636,0.017308,0.923056
675,0,-2.024234,-2.821194,4.599594,0.001326,0.000598,0.998077
676,0,-1.181512,-3.121099,4.123078,0.004941,0.000710,0.994349
677,0,-2.513320,-1.210692,4.297073,0.001097,0.004034,0.994869
678,0,-2.204571,-2.544536,4.676484,0.001025,0.000730,0.998245
679,0,-0.859803,-2.526683,3.272119,0.015751,0.002974,0.981274
680,0,-2.172736,-0.707635,3.693862,0.002790,0.012077,0.985133
681,0,-0.244969,-2.784190,3.108330,0.033697,0.002660,0.963643
682,0,-1.845688,-0.183856,2.833061,0.008779,0.046258,0.944963
683,0,-2.576072,-2.321800,4.872634,0.000581,0.000750,0.998669
684,0,-2.070912,0.808820,2.222451,0.010867,0.193536,0.795597
685,0,-1.695440,-2.789944,4.384042,0.002282,0.000764,0.996954
686,0,-1.510483,-0.874702,2.662537,0.014749,0.027854,0.957397
687,0,-2.024234,-2.821194,4.599594,0.001326,0.000598,0.998077
688,0,-2.485301,-2.492601,5.175913,0.000470,0.000467,0.999063
689,0,-1.625686,-2.966228,4.417180,0.002368,0.000620,0.997013
690,0,-1.429492,-0.499923,2.611485,0.016552,0.041933,0.941514
691,0,-1.582563,1.420463,1.184338,0.026986,0.543680,0.429334
692,0,-2.698262,0.991630,2.930029,0.003133,0.125430,0.871438
693,0,-0.149738,-3.007718,3.265126,0.031776,0.001823,0.966400
694,0,-2.151171,-2.265305,4.231740,0.001685,0.001503,0.996812
695,0,-2.284808,-1.688067,4.442613,0.001194,0.002168,0.996639
696,0,-2.291578,-2.235220,4.842644,0.000796,0.000842,0.998362
697,0,0.919653,-3.269324,2.130583,0.228740,0.003468,0.767791
698,0,-2.562071,0.536983,3.095125,0.003231,0.071649,0.925120
699,0,-2.195451,-1.544937,3.954386,0.002121,0.004064,0.993815
700,0,-2.684099,-1.441270,4.591099,0.000690,0.002392,0.996917
701,0,-1.208098,-3.023098,3.985051,0.005519,0.000899,0.993582
702,0,-2.003558,-2.068373,4.173047,0.002069,0.001939,0.995992
703,0,-2.141272,-2.238893,4.463091,0.001351,0.001225,0.997424
704,0,0.046477,-2.798688,2.480021,0.080274,0.004666,0.915060
705,0,-1.617014,-2.603886,4.308061,0.002662,0.000992,0.996346
706,0,-2.208014,-2.763376,4.859034,0.000852,0.000489,0.998660
707,0,-2.146270,-1.720198,4.344243,0.001512,0.002315,0.996173
708,0,-1.317755,-3.246264,4.329708,0.003512,0.000511,0.995977
709,0,-1.158156,-2.868121,3.715084,0.007580,0.001371,0.991049
710,0,-1.279606,-2.774871,3.874135,0.005737,0.001286,0.992977
711,0,-0.453636,-3.557783,3.591413,0.017194,0.000771,0.982034
712,0,-2.052197,-1.792288,3.958985,0.002437,0.003161,0.994402
713,0,-0.519419,-1.909547,2.095013,0.067076,0.016705,0.916219
714,0,-2.302216,-2.514772,5.081983,0.000620,0.000502,0.998878
715,0,-1.608946,1.059636,1.181723,0.031534,0.454710,0.513755
716,0,-2.847473,-1.465147,4.671142,0.000541,0.002157,0.997302
717,0,-2.213417,-2.814962,5.125566,0.000649,0.000356,0.998995
718,0,-2.651476,-0.332313,4.003752,0.001269,0.012902,0.985829
719,0,0.550377,-3.223199,2.684712,0.105548,0.002424,0.892028
720,0,-2.765898,-1.156678,4.562742,0.000654,0.003269,0.996077
721,0,-0.835816,-3.487600,4.035851,0.007598,0.000536,0.991866
722,0,-1.809841,-2.871363,4.639688,0.001578,0.000546,0.997876
723,0,-2.239775,-2.296903,4.601483,0.001067,0.001007,0.997926
724,0,-1.243840,-0.506510,2.103343,0.031733,0.066333,0.901934
725,0,-0.759111,-2.711162,3.274199,0.017364,0.002465,0.980170
726,0,-1.427977,-2.713247,4.453001,0.002782,0.000769,0.996448
727,0,-1.925276,-2.048808,4.544485,0.001545,0.001366,0.997089
728,0,-1.949108,-0.751731,3.614020,0.003774,0.012498,0.983727
729,0,0.687193,-3.405806,2.333912,0.161118,0.002689,0.836193
730,0,-1.717123,-1.187972,3.454742,0.005588,0.009486,0.984925
731,0,-1.950521,-2.660736,4.759377,0.001217,0.000598,0.998185
732,0,0.075196,-3.370488,3.122521,0.045268,0.001443,0.953289
733,0,-2.409738,-1.833627,4.202271,0.001339,0.002382,0.996278
734,0,-2.147649,0.952662,2.145135,0.010376,0.230401,0.759223
735,0,-1.321147,-2.708129,4.141655,0.004219,0.001054,0.994727
736,0,-2.063420,-2.909459,4.992762,0.000861,0.000369,0.998769
737,0,-2.346792,-2.553682,5.116258,0.000573,0.000466,0.998960
738,0,-2.280216,-1.629655,4.333721,0.001336,0.002561,0.996102
739,0,-2.106864,-0.967971,3.703651,0.002959,0.009243,0.987798
740,0,-1.464163,-2.218115,3.635916,0.006042,0.002843,0.991115
741,0,-2.449670,-0.848344,3.739619,0.002027,0.010051,0.987923
742,0,-2.379050,-2.245280,4.823853,0.000743,0.000850,0.998407
743,0,-2.315166,-2.660021,5.070867,0.000619,0.000439,0.998942
744,0,-2.344842,-2.249062,4.519992,0.001042,0.001146,0.997812
745,0,-1.508453,-2.498300,3.728875,0.005276,0.001961,0.992763
746,0,-2.514878,-2.470231,5.042179,0.000522,0.000546,0.998932
747,0,-2.031092,-2.375905,4.521554,0.001423,0.001008,0.997569
748,0,-2.521148,-2.386851,5.196282,0.000445,0.000508,0.999047
749,0,-2.448743,-2.346375,4.676662,0.000803,0.000890,0.998307
750,0,2.291239,-3.738244,0.721604,0.826086,0.001988,0.171926
751,0,-2.391365,0.259142,3.472960,0.002722,0.038544,0.958734
752,0,-1.085628,-2.529952,3.425589,0.010838,0.002557,0.986605
753,0,-2.365650,-2.599821,4.990431,0.000638,0.000505,0.998857
754,0,-1.906045,-2.379485,4.753000,0.001280,0.000797,0.997923
755,0,-2.693812,-0.845554,4.351287,0.000866,0.005499,0.993635
756,0,-1.594766,-1.977404,3.688198,0.005034,0.003434,0.991532
757,0,-2.048992,0.334192,2.816328,0.007065,0.076575,0.916360
758,0,1.424323,-3.086761,1.186443,0.555777,0.006106,0.438117
759,0,-2.006462,-2.612002,4.815861,0.001087,0.000593,0.998319
760,0,-0.675150,-2.951633,3.712956,0.012256,0.001258,0.986486
761,0,-2.139203,1.939704,1.227482,0.011228,0.663359,0.325413
762,0,-2.490524,-1.887249,4.584667,0.000844,0.001543,0.997614
763,0,-1.962251,-1.953694,4.105708,0.002305,0.002325,0.995370
764,0,0.104973,-3.391016,3.014791,0.051590,0.001564,0.946846
765,0,-1.945572,-2.798284,4.553087,0.001502,0.000640,0.997857
766,0,-1.835247,-1.984330,3.615969,0.004257,0.003667,0.992075
767,0,-2.421983,-2.584065,4.930826,0.000640,0.000544,0.998816
768,0,-1.222637,-2.736423,3.834960,0.006312,0.001389,0.992299
769,0,-2.442779,-1.472321,4.533926,0.000930,0.002455,0.996615
770,0,-1.749424,1.215188,1.448604,0.022286,0.432061,0.545653
771,0,-2.392658,-1.599836,4.222853,0.001334,0.002947,0.995719
772,0,-0.806286,-3.146527,3.836063,0.009534,0.000918,0.989547
773,0,-0.650094,-3.125216,3.682029,0.012955,0.001090,0.985955
774,0,-2.475467,-0.519585,3.764977,0.001919,0.013566,0.984515
775,0,-1.825688,-1.598506,3.410896,0.005255,0.006596,0.988149
776,0,-1.750922,-1.563174,3.271095,0.006497,0.007838,0.985665
777,0,-1.729961,-2.597580,4.157627,0.002763,0.001160,0.996077
778,0,-1.700543,-2.608448,4.317533,0.002426,0.000979,0.996595
779,0,-2.092621,-2.555410,4.584593,0.001257,0.000791,0.997952
780,0,-0.501359,-2.497050,3.089386,0.026740,0.003635,0.969625
781,0,-2.377182,-2.245093,4.974506,0.000641,0.000731,0.998628
782,0,-2.678828,-1.398911,4.634355,0.000665,0.002390,0.996945
783,0,-2.682180,-1.800977,4.759813,0.000585,0.001412,0.998003
784,0,-2.673797,-1.939931,4.801757,0.000566,0.001179,0.998256
785,0,-0.782429,-2.585689,3.239670,0.017549,0.002891,0.979559
786,0,-2.386477,-2.597634,5.155543,0.000530,0.000429,0.999041
787,0,-2.295902,1.258271,2.427546,0.006733,0.235390,0.757876
788,0,-1.251016,-3.192098,4.252158,0.004055,0.000582,0.995363
789,0,-1.701569,-3.017285,4.576183,0.001873,0.000503,0.997624
790,0,0.332373,-3.479201,3.025506,0.063291,0.001400,0.935309
791,0,-0.740988,-3.077233,3.780874,0.010741,0.001039,0.988221
792,0,2.558251,-3.588836,0.064688,0.921867,0.001973,0.076160
793,0,-1.491538,-2.734324,4.193452,0.003382,0.000976,0.995642
794,0,-0.107265,-3.051010,3.180665,0.035920,0.001892,0.962189
795,0,-1.725717,-2.298012,4.402685,0.002173,0.001226,0.996601
796,0,0.253571,-0.101150,-0.401759,0.450321,0.315841,0.233838
797,0,-1.618783,-3.038373,4.510798,0.002172,0.000525,0.997303
798,0,-2.024234,-2.821194,4.599594,0.001326,0.000598,0.998077
799,0,-0.242030,-3.344210,3.339621,0.027043,0.001216,0.971741
800,0,-1.459762,-2.751877,3.973380,0.004345,0.001194,0.994461
801,0,-2.830124,1.494451,2.801156,0.002813,0.212439,0.784748
802,0,-1.907589,-2.656079,4.483589,0.001672,0.000791,0.997537
803,0,-1.587245,-2.740714,4.416957,0.002460,0.000776,0.996763
804,0,-2.126308,-2.871454,4.764909,0.001015,0.000482,0.998503
805,0,-1.794856,-2.273582,4.489059,0.001860,0.001153,0.996987
806,0,-1.583547,-2.653228,4.271982,0.002853,0.000979,0.996168
807,0,0.755630,-3.705367,2.655148,0.129968,0.001501,0.868531
808,0,0.808069,-2.721819,2.012611,0.229119,0.006715,0.764166
809,0,-1.843075,-2.827250,4.520461,0.001719,0.000643,0.997638
810,0,-2.795699,-1.354768,4.814512,0.000494,0.002087,0.997419
811,0,-2.276774,-2.307345,4.896359,0.000766,0.000743,0.998492
812,0,1.154274,-2.294904,0.782399,0.580986,0.018459,0.400555
813,0,-2.994632,-1.334950,5.114092,0.000300,0.001579,0.998121
814,0,-1.490003,-2.529366,3.946801,0.004328,0.001531,0.994141
815,0,-1.706783,-3.019578,4.476200,0.002059,0.000554,0.997387
816,0,-0.470641,-2.880569,2.975234,0.030807,0.002767,0.966426
817,0,-1.899159,-2.965271,4.787430,0.001245,0.000429,0.998326
818,0,-2.674784,-0.000333,3.587017,0.001853,0.026877,0.971270
819,0,-1.703850,-2.248213,4.068285,0.003098,0.001797,0.995105
820,0,-2.554701,-2.032621,4.607516,0.000774,0.001304,0.997922
821,0,-2.208731,-2.681744,4.783595,0.000918,0.000572,0.998511
822,0,-1.242792,-1.718067,2.942570,0.014850,0.009233,0.975917
823,0,-1.380402,-2.548526,3.957979,0.004774,0.001484,0.993742
824,0,0.609003,-3.225084,2.483685,0.132619,0.002867,0.864513
825,0,-2.353562,-2.669566,4.842122,0.000749,0.000546,0.998705
826,0,-0.779273,-1.451645,2.128579,0.050434,0.025746,0.923820
827,0,-0.162644,-2.811694,2.575507,0.060499,0.004278,0.935222
828,0,-1.766691,-2.910641,4.492320,0.001908,0.000608,0.997484
829,0,-1.138384,-3.398725,4.262246,0.004491,0.000469,0.995040
830,0,-2.089655,-2.978681,5.013128,0.000822,0.000338,0.998840
831,0,-2.164561,-2.403628,4.882705,0.000868,0.000684,0.998448
832,0,1.572842,-4.004409,1.736820,0.458301,0.001734,0.539965
833,0,-2.635623,-1.068505,4.184261,0.001085,0.005200,0.993715
834,0,2.097103,-1.891569,-1.120325,0.944660,0.017499,0.037841
835,0,-1.492041,-3.070064,4.318910,0.002984,0.000616,0.996400
836,0,0.977829,-3.637911,2.125700,0.240305,0.002378,0.757317
837,0,-2.550489,-2.268754,4.790978,0.000647,0.000858,0.998495
838,0,-0.973176,-3.071016,3.903408,0.007558,0.000928,0.991514
839,0,-1.437943,-2.672999,4.164750,0.003670,0.001067,0.995262
840,0,-1.427230,-3.123285,4.377628,0.003002,0.000551,0.996447
841,0,-2.591802,-2.482894,5.331664,0.000362,0.000404,0.999235
842,0,-1.847664,-1.863256,3.767063,0.003618,0.003562,0.992821
843,0,-2.517653,-1.037344,4.335239,0.001050,0.004616,0.994334
844,0,-2.129991,-2.569619,4.532341,0.001275,0.000822,0.997903
845,0,-2.121762,-2.456721,4.895262,0.000895,0.000640,0.998465
846,0,-1.029692,-3.071684,3.986925,0.006578,0.000854,0.992569
847,0,-1.814656,-2.611489,4.391220,0.002012,0.000907,0.997082
848,0,-1.724041,-2.674553,4.414243,0.002152,0.000832,0.997016
849,0,-2.355535,-1.953845,4.288625,0.001297,0.001939,0.996764
850,0,-0.225907,-1.029367,1.139987,0.186324,0.083431,0.730245
851,0,-1.300570,-2.712894,3.724716,0.006516,0.001587,0.991896
852,0,-3.269040,-0.673933,4.651170,0.000361,0.004843,0.994796
853,0,-2.122572,-2.698711,5.107449,0.000724,0.000407,0.998869
854,0,-2.518484,-2.335126,4.980214,0.000553,0.000664,0.998782
855,0,-0.642003,-2.843194,3.080917,0.023532,0.002604,0.973864
856,0,-2.045037,0.544966,2.374444,0.010269,0.136880,0.852851
857,0,-0.990242,-3.399451,4.065853,0.006326,0.000569,0.993105
858,0,-1.867705,-1.233505,3.581821,0.004246,0.008005,0.987749
859,0,-2.645146,-1.339651,4.254032,0.001004,0.003704,0.995292
860,0,-2.110362,-2.608407,4.660311,0.001145,0.000696,0.998159
861,0,-1.344483,-3.296857,4.358969,0.003322,0.000471,0.996207
862,0,2.834071,-3.565975,-0.342031,0.958396,0.001592,0.040011
863,0,-2.431271,-2.011135,4.605633,0.000877,0.001335,0.997788
864,0,-2.424575,-2.025063,4.486584,0.000994,0.001482,0.997523
865,0,0.930391,-3.809017,2.365788,0.191936,0.001678,0.806385
866,0,-2.492817,-2.523743,5.261552,0.000429,0.000415,0.999156
867,0,-1.472319,-3.329394,4.353889,0.002939,0.000459,0.996602
868,0,-1.054190,-2.873352,3.672029,0.008770,0.001422,0.989808
869,0,-1.820009,-2.523461,4.184355,0.002459,0.001217,0.996324
870,0,-2.554843,-2.323018,4.894020,0.000581,0.000733,0.998686
871,0,-2.661942,-1.878618,4.659661,0.000660,0.001444,0.997896
872,0,-2.499477,-2.427429,4.878809,0.000624,0.000670,0.998706
873,0,-2.234328,-2.436562,4.797379,0.000882,0.000721,0.998397
874,0,0.584327,-3.526884,2.600559,0.117283,0.001922,0.880795
875,0,-1.820009,-2.523461,4.184355,0.002459,0.001217,0.996324
876,0,0.473966,-3.044971,2.638247,0.102691,0.003043,0.894266
877,0,-1.078696,-3.102812,3.905637,0.006792,0.000897,0.992311
878,0,-1.437957,-2.625152,3.969386,0.004457,0.001360,0.994183
879,0,-2.209037,-1.972269,4.284209,0.001508,0.001911,0.996580
880,0,0.548603,-3.772176,2.882802,0.088226,0.001172,0.910601
881,0,-1.942190,-2.708535,4.425431,0.001712,0.000796,0.997493
882,0,-1.669408,-2.813894,4.229678,0.002732,0.000870,0.996398
883,0,-2.341150,-2.095460,4.256761,0.001359,0.001737,0.996903
884,0,-1.680564,-0.741185,2.803537,0.010851,0.027762,0.961387
885,0,-1.022755,-3.009521,3.723347,0.008601,0.001179,0.990220
886,0,-2.409197,-2.336840,4.853917,0.000700,0.000752,0.998548
887,0,-2.368435,-2.223511,4.563237,0.000974,0.001126,0.997899
888,0,-0.228700,-3.168955,3.111027,0.034171,0.001806,0.964023
889,0,0.404426,-3.536743,3.054167,0.065920,0.001281,0.932799
890,0,-2.523232,-2.275334,4.993440,0.000543,0.000696,0.998761
891,0,0.383144,-2.014259,1.667068,0.212688,0.019345,0.767968
892,0,-2.102023,-2.822778,4.732610,0.001074,0.000522,0.998403
893,0,-1.662008,-2.749617,4.342298,0.002460,0.000829,0.996711
894,0,-2.849131,-0.299974,4.277671,0.000794,0.010166,0.989039
895,0,-1.696502,-2.717738,4.615499,0.001810,0.000652,0.997538
896,0,-1.942775,-2.631081,4.815846,0.001159,0.000582,0.998259
897,0,0.341894,0.510859,-0.923696,0.405490,0.480132,0.114378
898,0,-2.446502,-1.682931,4.355206,0.001108,0.002378,0.996514
899,0,-1.846504,-2.672292,4.806129,0.001288,0.000564,0.998148
900,0,-2.519783,-1.417577,4.526448,0.000868,0.002612,0.996520
901,0,-2.311616,-2.631361,5.034002,0.000645,0.000468,0.998887
902,0,-1.438786,-3.031466,4.280579,0.003269,0.000665,0.996066
903,0,2.170428,-3.743411,0.864621,0.785142,0.002121,0.212737
904,0,1.521584,-3.633309,1.608977,0.476850,0.002752,0.520398
905,0,-2.608994,-2.078907,4.919895,0.000537,0.000912,0.998552
906,0,-2.059135,-2.556859,4.625928,0.001247,0.000758,0.997995
907,0,-3.014731,-0.480496,4.329749,0.000641,0.008075,0.991285
908,0,0.577017,-1.748171,0.674375,0.454541,0.044438,0.501020
909,0,-2.502439,-2.194336,4.829161,0.000654,0.000889,0.998457
910,0,-0.366284,-3.373418,3.359589,0.023498,0.001162,0.975340
911,0,-0.632905,-3.467223,3.791638,0.011830,0.000695,0.987475
912,0,-1.921037,-2.158781,4.106107,0.002402,0.001894,0.995704
913,0,-2.164639,-2.286687,4.521432,0.001245,0.001102,0.997653
914,0,-2.458595,-2.578044,4.977726,0.000589,0.000523,0.998889
915,0,-2.645634,-2.022491,5.127265,0.000420,0.000784,0.998795
916,0,-1.782727,-2.981456,4.617625,0.001657,0.000500,0.997843
917,0,-1.114229,-3.006239,3.799468,0.007284,0.001098,0.991618
918,0,-1.598901,-3.013040,4.316501,0.002689,0.000654,0.996658
919,0,-2.383138,-2.428966,4.959887,0.000646,0.000617,0.998736
920,0,-2.082889,-2.163896,4.104890,0.002046,0.001887,0.996067
921,0,-0.295150,-2.734858,3.107576,0.032120,0.002800,0.965079
922,0,-2.480711,-2.331990,4.849440,0.000655,0.000760,0.998586
923,0,-0.317210,-3.628774,3.590364,0.019679,0.000717,0.979603
924,0,-1.218802,-2.879315,3.856532,0.006203,0.001179,0.992618
925,0,-1.924163,-2.991287,4.780508,0.001223,0.000421,0.998356
926,0,-2.701677,-1.578164,4.925950,0.000486,0.001494,0.998020
927,0,0.082221,-3.249958,3.146321,0.044542,0.001591,0.953868
928,0,-2.561988,-1.331439,4.559624,0.000805,0.002754,0.996441
929,0,0.194131,-3.119720,2.694620,0.075615,0.002751,0.921634
930,0,-0.769733,-3.396254,3.876215,0.009503,0.000687,0.989810
931,0,-1.656147,-2.682238,4.254698,0.002700,0.000968,0.996332
932,0,-1.673037,-3.117660,4.551660,0.001975,0.000466,0.997559
933,0,-2.062860,-2.291103,4.678789,0.001178,0.000938,0.997884
934,0,-2.907331,1.728701,2.459855,0.003141,0.323921,0.672938
935,0,-0.328777,-3.257815,3.474298,0.021790,0.001165,0.977045
936,0,-1.850543,-2.878516,4.548699,0.001659,0.000594,0.997747
937,0,-2.726602,-1.937660,4.931580,0.000471,0.001038,0.998491
938,0,-2.371346,-2.248213,4.733386,0.000820,0.000927,0.998253
939,0,-2.200104,-2.434448,4.732595,0.000974,0.000770,0.998256
940,0,-0.437350,-2.932201,3.253685,0.024290,0.002004,0.973706
941,0,-1.526712,-2.962947,4.414355,0.002621,0.000623,0.996756
942,0,1.714062,-3.922837,1.515925,0.548299,0.001954,0.449747
943,0,-1.589731,-1.799863,3.440995,0.006458,0.005234,0.988309
944,0,-1.389550,-2.178535,3.807572,0.005488,0.002493,0.992018
945,0,1.131723,-3.461642,2.071888,0.280071,0.002834,0.717095
946,0,2.425820,-2.959898,-0.426892,0.941381,0.004313,0.054306
947,0,-2.738086,-0.152666,4.223712,0.000935,0.012403,0.986662
948,0,-0.931709,-2.819256,3.693069,0.009696,0.001468,0.988835
949,0,-1.789029,-2.849113,4.664042,0.001572,0.000545,0.997883
950,0,-2.276122,-2.634521,4.830492,0.000819,0.000572,0.998609
951,0,-0.106955,-3.438272,3.140912,0.037354,0.001335,0.961311
952,0,-2.825789,-1.638515,4.876564,0.000451,0.001478,0.998071
953,0,-0.924456,0.572554,1.686867,0.052396,0.234122,0.713481
954,0,0.489870,-3.693021,2.911026,0.081472,0.001243,0.917285
955,0,0.236196,-3.142265,2.830364,0.069350,0.002365,0.928285
956,0,-2.283489,0.523976,2.729340,0.005956,0.098679,0.895365
957,0,-1.317627,-2.747624,3.899579,0.005386,0.001289,0.993325
958,0,-0.496024,-2.085799,2.586040,0.043464,0.008865,0.947670
959,0,-2.113644,-2.180660,4.244401,0.001727,0.001615,0.996658
960,0,-2.120493,-2.801862,4.947440,0.000851,0.000430,0.998719
961,0,-0.062893,-0.665317,0.565203,0.292268,0.160012,0.547721
962,0,-0.888871,-3.053970,3.554030,0.011610,0.001332,0.987058
963,0,1.263416,-1.214482,-0.907405,0.834722,0.070049,0.095228
964,0,-0.273352,0.130022,0.236208,0.240302,0.359700,0.399997
965,0,-2.216979,-2.318382,4.439906,0.001282,0.001158,0.997560
966,0,-1.596379,-1.892139,3.966824,0.003811,0.002835,0.993354
967,0,-2.397754,-2.187430,4.785685,0.000758,0.000935,0.998307
968,0,-0.917914,-1.875764,2.830121,0.022820,0.008756,0.968424
969,0,-1.737148,-2.743509,4.428912,0.002093,0.000765,0.997141
970,0,-0.543942,-3.368864,3.626877,0.015191,0.000901,0.983908
971,0,-1.316203,-3.065251,4.091141,0.004460,0.000776,0.994764
972,0,-2.239230,-2.581504,4.659198,0.001008,0.000716,0.998277
973,0,-2.255047,-1.125923,3.984297,0.001936,0.005987,0.992077
974,0,-1.281317,-2.065839,3.602662,0.007484,0.003415,0.989100
975,0,-2.513763,-1.470803,4.707418,0.000729,0.002068,0.997203
976,0,-2.511749,-2.419577,5.016288,0.000537,0.000589,0.998874
977,0,-2.315338,-2.446858,4.817649,0.000797,0.000699,0.998504
978,0,-0.399430,-2.515900,2.804634,0.038831,0.004677,0.956492
979,0,-2.740642,-2.079867,5.012426,0.000429,0.000830,0.998741
980,0,-1.616361,-1.721725,3.890481,0.004028,0.003625,0.992347
981,0,-1.097470,-3.222391,4.019342,0.005955,0.000711,0.993334
982,0,-2.589722,1.083051,2.899144,0.003542,0.139408,0.857050
983,0,-1.794903,-2.202588,4.243592,0.002376,0.001580,0.996044
984,0,-2.174329,-2.677952,4.860790,0.000879,0.000531,0.998589
985,0,-2.024234,-2.821194,4.599594,0.001326,0.000598,0.998077
986,0,-1.591013,-1.557407,3.640824,0.005286,0.005467,0.989247
987,0,-0.412465,-2.108901,2.055192,0.077053,0.014127,0.908821
988,0,-1.925588,-2.321887,4.370114,0.001839,0.001237,0.996924
989,0,-2.001130,-1.958002,3.922668,0.002660,0.002778,0.994562
990,0,2.715336,-3.395996,-0.423098,0.956418,0.002121,0.041461
991,0,0.933298,-3.312983,2.073234,0.241494,0.003458,0.755048
992,0,0.854432,-3.524771,2.372674,0.179317,0.002248,0.818436
993,0,-1.894520,-2.024769,3.886935,0.003066,0.002692,0.994242
994,0,-2.305312,1.072067,2.388268,0.007167,0.209936,0.782898
995,0,-2.575157,-2.078809,4.584712,0.000776,0.001274,0.997950
996,0,-1.926358,-2.536550,4.436701,0.001720,0.000934,0.997346
997,0,-1.871123,-2.005983,3.903829,0.003086,0.002697,0.994217
998,0,-1.617738,-3.200610,4.649091,0.001894,0.000389,0.997717
999,0,-1.987152,-2.510170,4.572320,0.001413,0.000838,0.997749
1000,0,-1.528197,-2.821047,4.143806,0.003426,0.000940,0.995634
1001,0,-0.987820,-3.192714,3.965123,0.007008,0.000773,0.992220
1002,0,-1.943750,-2.644672,4.495480,0.001594,0.000791,0.997615
1003,0,-0.539935,-2.962567,3.084737,0.025906,0.002298,0.971796
1004,0,-1.134239,-2.025179,3.301283,0.011654,0.004781,0.983564
1005,0,-2.605324,1.259246,2.554831,0.004487,0.213945,0.781568
1006,0,-0.154264,-1.270458,1.511843,0.151079,0.049482,0.799439
1007,0,-2.146464,-1.215443,4.012660,0.002098,0.005324,0.992578
1008,0,0.135345,-3.273758,3.006687,0.053494,0.001769,0.944737
1009,0,-2.152903,-0.612839,3.458273,0.003583,0.016712,0.979705
1010,0,-2.343687,-1.922879,4.209734,0.001420,0.002163,0.996417
1011,0,-2.024234,-2.821194,4.599594,0.001326,0.000598,0.998077
1012,0,0.126452,-3.164654,2.828525,0.062704,0.002333,0.934962
1013,0,-2.234899,-0.063280,3.686857,0.002612,0.022914,0.974474
1014,0,2.781796,-3.504222,-0.377854,0.957577,0.001783,0.040640
1015,0,-1.368363,-2.844883,4.164113,0.003937,0.000899,0.995164
1016,0,-2.439137,-2.018966,4.733826,0.000766,0.001165,0.998069
1017,0,-0.737164,-3.366844,3.695447,0.011734,0.000846,0.987420
1018,0,-1.196611,-2.949418,3.937009,0.005855,0.001015,0.993131
1019,0,-1.318271,-3.460603,4.407195,0.003250,0.000381,0.996369
1020,0,-1.551264,-2.616985,4.149443,0.003329,0.001147,0.995525
1021,0,-1.719596,-2.128180,3.555882,0.005072,0.003371,0.991557
1022,0,-1.555204,-2.260369,3.959842,0.004002,0.001977,0.994021
1023,0,-2.252771,-2.689459,4.908023,0.000775,0.000501,0.998723
1024,0,-2.390099,-2.321859,5.009290,0.000611,0.000654,0.998735
1025,0,-2.300415,-2.609610,5.006992,0.000670,0.000492,0.998839
1026,0,-2.553546,-2.406749,4.937119,0.000558,0.000646,0.998797
1027,0,-2.780766,1.105015,3.021945,0.002625,0.127868,0.869507
1028,0,-2.492762,1.413993,2.775308,0.004085,0.203193,0.792722
1029,0,-2.166343,-2.758098,4.884849,0.000865,0.000479,0.998656
1030,0,-1.412382,-2.723076,4.011144,0.004387,0.001183,0.994430
1031,0,0.627843,-3.693093,2.741524,0.107620,0.001430,0.890950
1032,0,-1.442105,-2.497965,3.919919,0.004662,0.001622,0.993716
1033,0,-1.971805,-1.715019,4.136807,0.002212,0.002860,0.994928
1034,0,-2.409738,-1.833627,4.202271,0.001339,0.002382,0.996278
1035,0,-2.445931,-2.311522,4.977599,0.000596,0.000682,0.998722
1036,0,-1.692399,-2.713667,4.328980,0.002418,0.000871,0.996711
1037,0,-2.494844,-2.397298,5.067219,0.000519,0.000572,0.998908
1038,0,-2.212495,-2.101035,4.218214,0.001606,0.001795,0.996599
1039,0,-1.239708,-2.370013,3.704164,0.007060,0.002280,0.990660
1040,0,-1.825936,-1.071413,3.338576,0.005615,0.011942,0.982443
1041,0,-1.186514,-3.038509,4.038407,0.005347,0.000839,0.993813
1042,0,-1.245147,-2.906641,3.991611,0.005284,0.001003,0.993713
1043,0,-0.384185,-3.011369,3.336626,0.023602,0.001706,0.974692
1044,0,-2.860462,-0.053174,4.321927,0.000750,0.012421,0.986829
1045,0,-1.386710,-2.348940,3.806521,0.005512,0.002106,0.992383
1046,0,-1.843120,1.930753,0.763749,0.017210,0.749478,0.233311
1047,0,-1.826180,-2.482423,4.341671,0.002089,0.001084,0.996827
1048,0,-0.904548,-3.164214,3.860648,0.008442,0.000881,0.990677
1049,0,-1.590681,-1.201401,3.118960,0.008811,0.013005,0.978183
1050,0,-2.366400,-2.473516,4.797379,0.000773,0.000694,0.998533
1051,0,-2.329166,-2.632483,4.862857,0.000752,0.000555,0.998694
1052,0,-0.131756,-3.040333,2.852290,0.048026,0.002620,0.949354
1053,0,-1.421483,-1.703104,2.868022,0.013390,0.010103,0.976507
1054,0,-2.143416,-1.242490,3.583185,0.003222,0.007932,0.988847
1055,0,-1.112417,-0.308511,1.654749,0.052226,0.116685,0.831090
1056,0,-2.491985,-0.186145,3.508244,0.002412,0.024201,0.973387
1057,0,-0.518655,-3.324661,3.578439,0.016333,0.000987,0.982680
1058,0,-2.214877,-1.333224,4.311630,0.001457,0.003518,0.995025
1059,0,-1.605527,-2.732505,4.177879,0.003066,0.000993,0.995941
1060,0,-2.758687,-0.519901,4.448096,0.000736,0.006904,0.992360
1061,0,-2.312245,-2.438702,4.962538,0.000692,0.000610,0.998698
1062,0,-0.231451,-3.301364,3.210461,0.030966,0.001438,0.967596
1063,0,-2.503759,-2.244187,4.878402,0.000621,0.000806,0.998573
1064,0,-1.833221,-2.996368,5.077406,0.000996,0.000311,0.998693
1065,0,-2.116035,-1.986317,4.812299,0.000978,0.001113,0.997909
1066,0,-2.967588,-1.652503,5.058191,0.000326,0.001216,0.998458
1067,0,-2.283821,-2.248871,4.973525,0.000704,0.000729,0.998567
1068,0,-1.958423,-2.676767,4.633967,0.001368,0.000667,0.997965
1069,0,-1.162053,-2.855140,3.933776,0.006078,0.001118,0.992804
1070,0,-2.224906,-2.563769,5.079751,0.000672,0.000479,0.998850
1071,0,-2.146605,-1.521945,4.418265,0.001403,0.002621,0.995976
1072,0,-2.052062,-1.725750,3.960701,0.002433,0.003372,0.994195
1073,0,-2.459709,0.517825,2.936138,0.004147,0.081448,0.914405
1074,0,-1.883517,-0.831736,3.451109,0.004734,0.013551,0.981716
1075,0,-2.658638,-0.844794,4.029723,0.001234,0.007572,0.991194
1076,0,-1.568287,-2.474395,4.083942,0.003492,0.001411,0.995096
1077,0,-0.156328,-3.356164,3.309079,0.030275,0.001234,0.968490
1078,0,-1.344809,-2.946346,4.353597,0.003338,0.000673,0.995989
1079,0,-2.794394,1.385740,2.683667,0.003271,0.213813,0.782917
1080,0,-1.303391,-2.409420,3.680020,0.006789,0.002246,0.990965
1081,0,-2.151049,-2.311430,4.545377,0.001233,0.001050,0.997718
1082,0,-1.781664,-2.995449,4.515771,0.001837,0.000546,0.997618
1083,0,0.837257,-3.598720,2.427820,0.168966,0.002001,0.829033
1084,0,-2.318897,-2.324507,4.876775,0.000749,0.000745,0.998507
1085,0,-1.220088,1.211933,0.607495,0.053761,0.611905,0.334333
1086,0,0.758096,-3.377918,2.348626,0.168852,0.002699,0.828448
1087,0,-2.424870,-0.997676,4.015751,0.001582,0.006594,0.991824
1088,0,-0.334395,-3.364612,3.424336,0.022757,0.001099,0.976144
1089,0,-2.564083,-2.225282,4.734015,0.000676,0.000948,0.998376
1090,0,2.341827,-3.725426,0.542471,0.856368,0.001985,0.141648
1091,0,-2.680062,-1.591350,4.390133,0.000847,0.002517,0.996636
1092,0,-2.570629,-2.397338,5.165316,0.000436,0.000519,0.999045
1093,0,-1.045708,-2.159126,3.312635,0.012586,0.004134,0.983281
1094,0,-2.252447,-1.342574,4.337062,0.001368,0.003399,0.995233
1095,0,1.453975,-3.702318,1.759763,0.423109,0.002438,0.574453
1096,0,-2.398016,-2.208661,4.434433,0.001076,0.001300,0.997624
1097,0,-1.982210,-2.165098,4.630974,0.001339,0.001115,0.997545
1098,0,1.525488,-3.007705,0.946078,0.636547,0.006841,0.356612
1099,0,-2.584752,-1.696587,4.834620,0.000598,0.001454,0.997948
1100,0,-2.095025,-1.969721,3.977039,0.002295,0.002601,0.995103
1101,0,-1.206506,-3.237635,4.184193,0.004535,0.000595,0.994870
1102,0,0.141322,-3.011295,2.732387,0.069509,0.002971,0.927521
1103,0,-0.922037,-3.151517,3.872253,0.008202,0.000882,0.990916
1104,0,-2.252723,-1.150423,3.914565,0.002079,0.006261,0.991659
1105,0,-0.125587,-2.327423,2.119418,0.094777,0.010482,0.894740
1106,0,-2.311746,-2.195685,4.425549,0.001183,0.001328,0.997489
1107,0,-2.337665,-2.343880,4.703784,0.000873,0.000868,0.998259
1108,0,-2.460311,1.729031,1.870406,0.006994,0.461465,0.531541
1109,0,1.082676,-3.603210,2.165671,0.252351,0.002328,0.745321
1110,0,-1.555584,-2.707973,3.931142,0.004119,0.001301,0.994580
1111,0,-2.221257,-2.011019,4.734387,0.000951,0.001174,0.997875
1112,0,-1.629386,-2.519076,4.190144,0.002957,0.001215,0.995829
1113,0,-1.518870,-3.283443,4.546726,0.002315,0.000396,0.997288
1114,0,-2.559685,-2.424425,5.097109,0.000472,0.000541,0.998987
1115,0,-1.825081,-1.795787,3.733897,0.003823,0.003936,0.992241
1116,0,-2.759984,-1.789737,4.951475,0.000447,0.001179,0.998374
1117,0,-2.392961,-2.022451,4.427203,0.001089,0.001577,0.997335
1118,0,-1.215298,-3.168254,4.182706,0.004502,0.000639,0.994859
1119,0,0.556753,-3.514680,2.479729,0.127253,0.002170,0.870577
1120,0,-1.710252,-2.418920,4.031283,0.003195,0.001573,0.995233
1121,0,-2.580190,0.841418,3.131650,0.002994,0.091660,0.905346
1122,0,-1.086664,-3.030784,3.879237,0.006917,0.000990,0.992094
1123,0,-1.260252,-3.181904,4.195341,0.004252,0.000622,0.995126
1124,0,-2.426794,-2.509135,4.995967,0.000597,0.000550,0.998854
1125,0,-0.963678,-3.261535,4.038495,0.006674,0.000671,0.992656
1126,0,-1.404817,-1.656090,3.484213,0.007429,0.005779,0.986792
1127,0,-1.598969,-3.116946,4.517264,0.002201,0.000482,0.997317
1128,0,-1.790966,-2.844489,4.605700,0.001663,0.000580,0.997757
1129,0,-1.863269,-2.735306,4.654143,0.001474,0.000616,0.997909
1130,0,-1.130036,-2.579815,3.946794,0.006192,0.001453,0.992355
1131,0,-1.645028,-2.177916,3.956314,0.003671,0.002155,0.994174
1132,0,-0.300479,-3.072078,2.934782,0.037771,0.002363,0.959866
1133,0,-2.553663,-1.628584,4.821771,0.000625,0.001576,0.997798
1134,0,-2.785354,-2.111734,5.156878,0.000355,0.000696,0.998949
1135,0,0.145569,-3.444777,3.124151,0.048338,0.001334,0.950328
1136,0,-2.500275,0.632836,3.061394,0.003519,0.080736,0.915746
1137,0,0.314491,-3.854710,3.179406,0.053871,0.000833,0.945296
1138,0,0.308228,-2.634276,2.384026,0.110820,0.005844,0.883336
1139,0,-2.404633,-2.354011,4.918897,0.000659,0.000693,0.998648
1140,0,-0.059895,-3.435565,3.170676,0.037982,0.001299,0.960719
1141,0,-2.445216,-2.305222,4.877083,0.000660,0.000759,0.998582
1142,0,-1.043139,-3.162449,4.115916,0.005710,0.000686,0.993604
1143,0,-2.271550,-2.743564,5.074230,0.000645,0.000402,0.998953
1144,0,0.265355,-0.730972,0.176705,0.437752,0.161632,0.400616
1145,0,0.685921,-3.914662,2.748486,0.112661,0.001132,0.886207
1146,0,-2.654184,-2.218460,5.136119,0.000413,0.000639,0.998948
1147,0,-1.932486,1.772853,1.020704,0.016439,0.668474,0.315087
1148,0,-2.490702,-0.195702,3.956147,0.001559,0.015467,0.982974
1149,0,-0.814409,-2.989925,3.474437,0.013514,0.001535,0.984951
1150,0,-2.699003,-2.366141,5.187368,0.000375,0.000524,0.999101
1151,0,-1.073090,-2.883946,3.931578,0.006655,0.001088,0.992257
1152,0,-0.636892,-3.383118,3.765778,0.012087,0.000776,0.987137
1153,0,1.927888,-3.365337,0.768860,0.758255,0.003811,0.237934
1154,0,-1.195135,-3.114131,4.137785,0.004803,0.000705,0.994492
1155,0,-2.063644,-1.179526,3.640578,0.003294,0.007975,0.988731
1156,0,-1.628086,-2.715158,4.199326,0.002934,0.000989,0.996076
1157,0,-2.670400,-1.983595,5.141596,0.000404,0.000804,0.998792
1158,0,-2.448418,-1.461483,4.280046,0.001191,0.003196,0.995613
1159,0,-1.078095,-3.299123,4.109155,0.005553,0.000602,0.993845
1160,0,-2.252771,-2.689459,4.908023,0.000775,0.000501,0.998723
1161,0,-1.981252,-2.049051,4.441843,0.001619,0.001512,0.996869
1162,0,-1.703546,-2.623638,4.269090,0.002538,0.001012,0.996450
1163,0,-1.679332,-1.744845,3.179961,0.007641,0.007157,0.985202
1164,0,0.461223,-1.695035,1.321419,0.287407,0.033270,0.679323
1165,0,-1.405198,-3.009784,4.330487,0.003216,0.000646,0.996137
1166,0,-1.000294,-1.722801,2.568865,0.027047,0.013132,0.959820
1167,0,-2.273758,-2.296655,4.477062,0.001167,0.001141,0.997692
1168,0,1.529039,-3.728895,1.574022,0.487516,0.002538,0.509946
1169,0,-2.149508,-2.390946,4.798928,0.000958,0.000753,0.998289
1170,0,-2.231430,-1.334748,4.384131,0.001333,0.003268,0.995399
1171,0,-1.274144,-0.516950,2.056538,0.032165,0.068585,0.899250
1172,0,-0.513760,-0.240976,0.762277,0.169606,0.222797,0.607598
1173,0,-1.799900,-1.709462,4.050638,0.002861,0.003132,0.994007
1174,0,-1.990564,-2.531448,4.934920,0.000981,0.000571,0.998448
1175,0,-1.635201,-2.194802,4.237644,0.002802,0.001601,0.995596
1176,0,-2.545732,-1.340752,4.226495,0.001139,0.003802,0.995058
1177,0,-2.005346,-0.007676,2.538981,0.009759,0.071942,0.918298
1178,0,-2.480343,-2.379113,5.051429,0.000535,0.000592,0.998873
1179,0,-0.435513,-3.168972,3.409192,0.020916,0.001359,0.977724
1180,0,-2.256076,-2.474929,4.753589,0.000902,0.000724,0.998374
1181,0,-2.030813,-1.162352,3.636092,0.003419,0.008147,0.988434
1182,0,-1.411469,-3.209192,4.436059,0.002877,0.000477,0.996646
1183,0,-1.698179,-3.277395,4.801389,0.001501,0.000309,0.998189
1184,0,-2.410154,-2.152866,4.985372,0.000613,0.000793,0.998594
1185,0,-1.975048,-0.065567,2.620137,0.009367,0.063224,0.927408
1186,0,-1.847124,-2.807101,4.617272,0.001555,0.000595,0.997850
1187,0,-2.087440,-1.443222,3.491206,0.003737,0.007116,0.989147
1188,0,-1.777415,-2.888688,4.546206,0.001789,0.000589,0.997622
1189,0,0.489904,-3.396922,2.618372,0.106129,0.002177,0.891694
1190,0,-0.588627,-2.973898,3.481552,0.016762,0.001543,0.981695
1191,0,-2.300309,0.177411,3.032746,0.004546,0.054159,0.941295
1192,0,-1.387100,-1.494379,2.880618,0.013651,0.012262,0.974087
1193,0,-1.512988,-3.014414,4.316532,0.002929,0.000653,0.996418
1194,0,-0.600652,-3.484728,3.796955,0.012149,0.000679,0.987172
1195,0,-0.152590,-1.652186,1.930503,0.108079,0.024125,0.867796
1196,0,-2.509294,-1.123195,4.054468,0.001401,0.005602,0.992998
1197,0,-1.771110,-2.641103,4.381591,0.002121,0.000889,0.996990
1198,0,-0.326704,-3.302876,3.422604,0.022966,0.001171,0.975863
1199,0,-2.930310,-1.362232,4.946189,0.000379,0.001817,0.997804
1200,0,-2.113573,-2.521160,4.585578,0.001229,0.000818,0.997953
1201,0,-2.731771,-1.620295,4.795372,0.000537,0.001632,0.997831
1202,0,-2.709716,-1.664518,4.856024,0.000517,0.001470,0.998013
1203,0,-2.042780,-2.594212,4.768696,0.001099,0.000633,0.998268
1204,0,-1.552674,-2.736132,4.272839,0.002940,0.000900,0.996160
1205,0,-0.864963,-2.515562,3.300533,0.015240,0.002925,0.981835
1206,0,-2.185926,-2.732307,4.649485,0.001073,0.000621,0.998305
1207,0,-1.337827,-2.958274,4.200091,0.003916,0.000775,0.995309
1208,0,-2.667830,-2.341188,5.093333,0.000426,0.000590,0.998985
1209,0,-2.757502,1.836916,2.278388,0.003941,0.389848,0.606211
1210,0,-1.617808,-2.884982,4.337615,0.002583,0.000727,0.996689
1211,0,-0.991670,-2.575438,3.632637,0.009696,0.001990,0.988315
1212,0,-0.128078,-0.677008,0.566407,0.279310,0.161321,0.559369
1213,0,-2.241545,-2.635166,4.862775,0.000820,0.000553,0.998626
1214,0,-1.239495,-2.444411,3.848093,0.006124,0.001835,0.992041
1215,0,-1.341160,-2.666309,3.739027,0.006170,0.001640,0.992190
1216,0,-2.188108,-1.644060,3.986480,0.002070,0.003566,0.994364
1217,0,-2.209347,-2.519665,4.937629,0.000786,0.000576,0.998637
1218,0,-1.676321,-2.083774,3.955474,0.003561,0.002369,0.994070
1219,0,-2.389255,0.562984,2.745189,0.005265,0.100826,0.893908
1220,0,-1.276428,0.989522,0.880668,0.051850,0.499852,0.448298
1221,0,0.935203,-3.032513,1.343344,0.396363,0.007498,0.596139
1222,0,-1.692790,-2.821783,4.426114,0.002194,0.000710,0.997096
1223,0,-0.259226,-1.591984,1.297479,0.166475,0.043908,0.789618
1224,0,-2.285619,0.820027,2.543882,0.006735,0.150356,0.842909
1225,0,-1.804666,-1.406166,3.840571,0.003503,0.005219,0.991278
1226,0,-2.366538,-2.187916,4.794137,0.000775,0.000927,0.998298
1227,0,-2.330291,-1.197047,3.967121,0.001827,0.005675,0.992498
1228,0,-2.037683,-2.295872,4.468791,0.001490,0.001151,0.997359
1229,0,-2.437078,-2.510503,4.954216,0.000616,0.000572,0.998812
1230,0,-2.407060,-1.353438,4.497988,0.000999,0.002865,0.996136
1231,0,0.359136,-3.405408,2.591408,0.096673,0.002241,0.901087
1232,0,-1.036823,0.730670,0.754386,0.077804,0.455631,0.466566
1233,0,-2.181239,-0.494314,3.395746,0.003694,0.019960,0.976345
1234,0,-2.664354,-0.610590,4.014256,0.001244,0.009698,0.989058
1235,0,0.181422,-1.567576,0.726088,0.345068,0.060024,0.594908
1236,0,0.144014,-3.111911,2.706548,0.071392,0.002752,0.925856
1237,0,-1.927697,-2.971848,5.023902,0.000956,0.000336,0.998708
1238,0,-2.388983,-2.391437,4.901689,0.000681,0.000679,0.998640
1239,0,-2.052049,-2.710391,4.605442,0.001282,0.000664,0.998055
1240,0,-2.254360,-1.941739,4.053242,0.001815,0.002481,0.995705
1241,0,-2.350175,-1.281687,4.322588,0.001259,0.003664,0.995077
1242,0,-1.389582,-2.349746,3.765719,0.005723,0.002191,0.992086
1243,0,-1.382566,-3.319589,4.331044,0.003288,0.000474,0.996238
1244,0,0.013387,-3.123679,2.951262,0.050203,0.002179,0.947618
1245,0,-1.021811,-2.011788,2.726541,0.022819,0.008479,0.968701
1246,0,-2.390556,-0.975159,3.967717,0.001717,0.007071,0.991211
1247,0,3.196486,-3.686448,-0.750803,0.980073,0.001005,0.018922
1248,0,-2.435116,-2.603591,5.128217,0.000519,0.000438,0.999043
1249,0,1.198964,-3.843030,1.989292,0.311470,0.002012,0.686518
1250,0,0.857014,-3.606122,2.388709,0.177382,0.002045,0.820573
1251,0,-1.256319,-3.267050,4.302007,0.003838,0.000514,0.995648
1252,0,-1.768566,-0.898060,3.100631,0.007485,0.017875,0.974641
1253,0,-1.651115,-2.169865,3.540091,0.005516,0.003284,0.991200
1254,0,1.636729,-3.643451,1.472628,0.539448,0.002747,0.457806
1255,0,-1.741463,-2.747931,4.356243,0.002241,0.000819,0.996940
1256,0,-2.173871,-2.814013,5.096063,0.000695,0.000367,0.998938
1257,0,-2.495438,-2.466194,4.987845,0.000562,0.000578,0.998860
1258,0,-1.897115,-2.143668,4.388186,0.001857,0.001451,0.996691
1259,0,-2.977434,-1.025008,4.859546,0.000394,0.002773,0.996833
1260,0,-2.559685,-2.424425,5.097109,0.000472,0.000541,0.998987
1261,0,-1.803131,-1.128255,3.115541,0.007154,0.014049,0.978797
1262,0,-0.865812,-2.229584,2.936817,0.021704,0.005550,0.972746
1263,0,1.054302,-3.713405,2.402328,0.205833,0.001750,0.792418
1264,0,-2.024234,-2.821194,4.599594,0.001326,0.000598,0.998077
1265,0,0.212877,-0.290477,-0.133125,0.432524,0.261461,0.306015
1266,0,0.050249,-2.954920,2.991299,0.050037,0.002478,0.947485
1267,0,-2.188412,-2.738826,5.065269,0.000707,0.000408,0.998886
1268,0,-2.936516,-1.383621,4.707896,0.000477,0.002256,0.997267
1269,0,-1.060753,-0.461617,2.081665,0.038491,0.070074,0.891436
1270,0,-1.548703,-3.060544,4.280446,0.002930,0.000646,0.996424
1271,0,-2.261870,-2.410968,4.925548,0.000755,0.000650,0.998595
1272,0,-1.461503,-2.816343,4.441582,0.002722,0.000702,0.996576
1273,0,-1.323686,-3.038363,4.110101,0.004344,0.000782,0.994874
1274,0,-1.953473,-2.123824,4.217822,0.002081,0.001755,0.996165
1275,0,-0.745309,-3.463290,3.919846,0.009324,0.000615,0.990060
1276,0,0.752445,-3.418097,2.312133,0.173227,0.002675,0.824098
1277,0,-2.730090,-1.776449,4.695746,0.000594,0.001543,0.997863
1278,0,-0.842594,-1.478546,2.246620,0.042573,0.022539,0.934888
1279,0,-1.400308,1.521024,0.557641,0.037522,0.696640,0.265838
1280,0,-1.083257,0.538438,0.882404,0.075750,0.383422,0.540828
1281,0,-2.702390,-1.939771,4.794549,0.000554,0.001187,0.998259
1282,0,-1.301085,-2.997565,3.985131,0.005031,0.000922,0.994047
1283,0,-2.379663,-2.095868,4.481222,0.001045,0.001389,0.997566
1284,0,-1.517748,-3.164128,4.449699,0.002553,0.000492,0.996955
1285,0,-0.937701,-2.987459,3.655066,0.010010,0.001289,0.988701
1286,0,-2.493177,-2.475050,4.934752,0.000594,0.000605,0.998802
1287,0,-0.944926,-3.206808,3.938171,0.007511,0.000782,0.991707
1288,0,-1.856874,-2.304267,4.468400,0.001785,0.001141,0.997073
1289,0,0.307390,-0.853013,0.096662,0.470953,0.147578,0.381469
1290,0,-0.103779,-0.808920,0.597206,0.284919,0.140761,0.574321
1291,0,-1.856763,-2.758325,4.462284,0.001797,0.000730,0.997473
1292,0,-1.906247,-1.291462,3.554622,0.004199,0.007765,0.988036
1293,0,-1.869035,-2.563219,4.363900,0.001958,0.000978,0.997064
1294,0,-2.152973,-2.659807,4.621956,0.001140,0.000687,0.998173
1295,0,-2.244954,-0.659136,3.788989,0.002363,0.011538,0.986099
1296,0,-1.308353,-2.757795,3.905633,0.005404,0.001268,0.993328
1297,0,0.153038,-3.543448,3.022600,0.053607,0.001330,0.945062
1298,0,-2.090991,-1.267846,3.622921,0.003264,0.007435,0.989300
1299,0,1.171260,-3.801763,2.115522,0.279499,0.001935,0.718567
1300,0,-1.961037,-1.911928,3.635621,0.003682,0.003868,0.992450
1301,0,-1.142109,-2.440869,3.234216,0.012373,0.003376,0.984250
1302,0,0.750283,0.607858,-1.620421,0.510030,0.442325,0.047644
1303,0,-0.061129,-3.567845,3.331756,0.032487,0.000974,0.966539
1304,0,0.492178,-2.725149,1.931771,0.190149,0.007618,0.802234
1305,0,-2.523048,-1.364864,4.230510,0.001161,0.003697,0.995142
1306,0,-2.549160,-1.875730,4.822746,0.000628,0.001230,0.998142
1307,0,-0.684065,-3.191451,3.829439,0.010832,0.000883,0.988286
1308,0,-0.763963,-1.211124,2.487648,0.036402,0.023277,0.940322
1309,0,-1.175445,-0.522202,1.839972,0.042883,0.082411,0.874707
1310,0,-1.242190,-3.197337,4.147633,0.004539,0.000642,0.994818
1311,0,1.329096,-2.604413,0.973585,0.581263,0.011378,0.407358
1312,0,-1.344486,-3.270059,4.308290,0.003494,0.000509,0.995997
1313,0,0.235747,-3.506536,2.970124,0.060887,0.001443,0.937670
1314,0,-2.484029,-2.175279,4.678723,0.000774,0.001053,0.998173
1315,0,-2.419812,-2.480422,4.678358,0.000825,0.000777,0.998398
1316,0,-2.067769,-2.567654,4.743840,0.001099,0.000667,0.998234
1317,0,-2.110362,-2.608407,4.660311,0.001145,0.000696,0.998159
1318,0,-1.759598,-2.634764,4.403803,0.002099,0.000875,0.997026
1319,0,-1.785728,-2.899234,4.748958,0.001449,0.000476,0.998075
1320,0,-2.024234,-2.821194,4.599594,0.001326,0.000598,0.998077
1321,0,-2.954891,-1.307516,4.934155,0.000374,0.001942,0.997684
1322,0,-2.619087,-1.952347,4.901672,0.000541,0.001054,0.998406
1323,0,0.321351,-3.398499,2.844961,0.074086,0.001796,0.924118
1324,0,-1.945565,-2.365411,4.366574,0.001809,0.001189,0.997003
1325,0,-0.136811,-2.275457,1.781262,0.126173,0.014865,0.858962
1326,0,-2.397793,-2.022553,4.390235,0.001124,0.001636,0.997240
1327,0,-0.939593,-2.647760,3.627469,0.010263,0.001860,0.987878
1328,0,-1.696589,-2.709177,4.284777,0.002517,0.000914,0.996569
1329,0,-2.249577,-2.216641,4.510226,0.001157,0.001195,0.997648
1330,0,-0.829463,-1.690331,2.884200,0.023570,0.009965,0.966464
1331,0,-1.987346,-0.648032,3.207488,0.005401,0.020612,0.973987
1332,0,-1.970635,-2.768801,4.625144,0.001363,0.000614,0.998023
1333,0,-1.436663,-3.108606,4.396011,0.002920,0.000549,0.996531
1334,0,-1.082112,-3.660142,4.323033,0.004472,0.000340,0.995189
1335,0,0.201085,-3.906947,3.262635,0.044689,0.000735,0.954577
1336,0,-1.581718,-1.801841,3.753626,0.004777,0.003833,0.991390
1337,0,-0.751468,-3.481076,3.957781,0.008926,0.000582,0.990492
1338,0,-0.736844,-2.211887,2.723405,0.030254,0.006921,0.962825
1339,0,-2.417971,-2.356321,4.634913,0.000863,0.000918,0.998218
1340,0,0.604167,-2.767924,1.679977,0.252100,0.008652,0.739249
1341,0,-2.083851,-2.719926,5.033923,0.000810,0.000429,0.998762
1342,0,-1.482102,-2.832670,4.050789,0.003935,0.001020,0.995046
1343,0,-0.781881,-2.932494,3.518048,0.013367,0.001556,0.985077
1344,0,-2.667608,-2.142869,5.130961,0.000410,0.000693,0.998897
1345,0,-2.269812,-2.546996,4.812631,0.000838,0.000635,0.998526
1346,0,-1.892188,0.173493,2.148237,0.015211,0.120026,0.864762
1347,0,-1.086148,-2.863815,3.701207,0.008254,0.001395,0.990351
1348,0,-2.205097,-1.715281,3.909346,0.002198,0.003587,0.994215
1349,0,-1.194622,0.714355,0.960841,0.061057,0.411903,0.527039
1350,0,-1.697175,-3.138414,4.618206,0.001804,0.000427,0.997769
1351,0,1.258752,-1.934321,0.386424,0.685390,0.028132,0.286478
1352,0,-2.232758,-2.292887,5.067686,0.000674,0.000635,0.998691
1353,0,-1.116383,-2.717152,3.628708,0.008604,0.001736,0.989660
1354,0,0.378081,-3.025840,2.602070,0.097301,0.003235,0.899464
1355,0,0.024431,-0.680488,0.459525,0.329028,0.162589,0.508384
1356,0,-2.850019,-1.622122,4.787288,0.000481,0.001642,0.997876
1357,0,-2.761083,-2.010821,5.029778,0.000413,0.000874,0.998713
1358,0,-1.576155,-0.053852,2.614815,0.013953,0.063943,0.922104
1359,0,0.139576,-3.533228,3.035547,0.052284,0.001328,0.946388
1360,0,-0.805539,-3.448848,3.891001,0.009038,0.000643,0.990319
1361,0,0.055338,-3.798394,3.303464,0.037365,0.000792,0.961843
1362,0,-2.167392,-2.655598,5.079005,0.000712,0.000437,0.998851
1363,0,-1.027855,-2.874489,3.743482,0.008387,0.001323,0.990290
1364,0,-1.656997,-1.742275,3.289470,0.007013,0.006440,0.986548
1365,0,-2.024234,-2.821194,4.599594,0.001326,0.000598,0.998077
1366,0,-2.409738,-1.833627,4.202271,0.001339,0.002382,0.996278
1367,0,-1.670828,-2.316563,3.959121,0.003569,0.001871,0.994559
1368,0,1.046542,-2.857543,1.566816,0.370008,0.007459,0.622533
1369,0,0.228481,-3.493927,2.872279,0.066266,0.001602,0.932132
1370,0,-2.330790,-2.673307,5.141088,0.000568,0.000403,0.999028
1371,0,-2.478514,-1.117748,4.416823,0.001007,0.003928,0.995064
1372,0,-1.778674,-2.515332,4.367336,0.002135,0.001022,0.996843
1373,0,-2.127983,-2.844134,4.851642,0.000929,0.000454,0.998616
1374,0,-2.333467,-2.298811,4.856911,0.000753,0.000779,0.998468
1375,0,-0.915670,-2.855730,3.647305,0.010308,0.001481,0.988211
1376,0,0.091594,0.580543,-0.653931,0.322052,0.525139,0.152809
1377,0,-1.506406,-2.532735,3.919904,0.004373,0.001567,0.994060
1378,0,-2.468094,-2.343944,4.820640,0.000682,0.000772,0.998545
1379,0,-2.138858,-1.819068,4.077673,0.001987,0.002735,0.995278
1380,0,-0.902884,-3.359204,4.004673,0.007332,0.000629,0.992040
1381,0,-1.063037,0.243267,1.149853,0.072283,0.266903,0.660814
1382,0,-1.803479,-2.465416,4.135434,0.002624,0.001354,0.996022
1383,0,-1.337531,1.214876,0.734088,0.045923,0.589557,0.364520
1384,0,-1.537545,-2.418069,4.084501,0.003599,0.001492,0.994909
1385,0,-2.110362,-2.608407,4.660311,0.001145,0.000696,0.998159
1386,0,0.763703,-3.314159,2.213196,0.189469,0.003210,0.807320
1387,0,-2.491435,0.729648,3.151005,0.003245,0.081294,0.915461
1388,0,-2.531648,-2.372407,5.054114,0.000507,0.000595,0.998898
1389,0,-2.403388,-2.099924,4.550340,0.000953,0.001291,0.997756
1390,0,0.129223,-1.594573,0.836910,0.311752,0.055613,0.632636
1391,0,-2.528964,-1.115517,4.337745,0.001036,0.004260,0.994704
1392,0,-1.812968,-2.570107,4.410080,0.001977,0.000927,0.997095
1393,0,-1.869176,-2.505057,4.616482,0.001522,0.000806,0.997673
1394,0,0.895001,-2.702395,1.439399,0.363509,0.009958,0.626533
1395,0,-2.902780,-0.854926,4.361656,0.000696,0.005393,0.993912
1396,0,-1.326489,-3.046064,4.160398,0.004121,0.000738,0.995141
1397,0,-0.238837,-3.653405,3.593362,0.021188,0.000697,0.978115
1398,0,-0.244369,-3.554641,3.600427,0.020927,0.000764,0.978309
1399,0,-1.931382,1.603621,1.374064,0.015986,0.548232,0.435782
1400,0,-2.888346,-1.765928,4.974507,0.000384,0.001180,0.998436
1401,0,-2.066737,-2.928973,4.932774,0.000911,0.000385,0.998704
1402,0,-2.575204,-1.076311,4.223696,0.001108,0.004961,0.993930
1403,0,-2.589999,-0.448517,4.018425,0.001332,0.011337,0.987331
1404,0,-2.585667,-2.433348,5.070773,0.000473,0.000550,0.998977
1405,0,-1.509183,-2.997202,4.259784,0.003111,0.000703,0.996186
1406,0,-1.927460,-2.721666,4.619212,0.001432,0.000647,0.997921
1407,0,2.076802,-3.723432,1.002578,0.743721,0.002251,0.254027
1408,0,-2.754168,-2.100033,5.181412,0.000357,0.000687,0.998955
1409,0,-1.330225,-2.818892,4.077323,0.004458,0.001006,0.994536
1410,0,-2.051209,-2.911987,4.988565,0.000875,0.000370,0.998755
1411,0,-2.166412,-2.741629,4.772605,0.000968,0.000544,0.998488
1412,0,-0.698528,-3.291598,3.653485,0.012705,0.000950,0.986345
1413,0,-1.926757,-2.388200,4.730148,0.001282,0.000808,0.997909
1414,0,-2.288594,-1.788707,4.581973,0.001035,0.001706,0.997259
1415,0,-0.806955,-2.276422,2.690955,0.029175,0.006712,0.964114
1416,0,-1.108009,-3.140036,4.129999,0.005279,0.000692,0.994029
1417,0,-2.542200,-2.233099,5.041444,0.000508,0.000692,0.998800
1418,0,-1.338412,-0.084377,1.710402,0.039071,0.136921,0.824009
1419,0,-1.795462,-2.595633,4.262115,0.002332,0.001048,0.996620
1420,0,-3.010413,-1.105615,4.891213,0.000369,0.002480,0.997151
1421,0,-2.358047,-0.735908,3.724371,0.002251,0.011401,0.986347
1422,0,-1.779320,-2.016126,4.361073,0.002146,0.001693,0.996161
1423,0,-1.012120,-3.399294,4.118450,0.005875,0.000540,0.993585
1424,0,-1.885972,-2.861883,4.602122,0.001518,0.000572,0.997910
1425,0,-0.147533,-3.098226,2.902635,0.045104,0.002359,0.952537
1426,0,-0.680838,-2.905420,3.372762,0.017032,0.001841,0.981126
1427,0,-2.049061,-2.546698,4.637007,0.001246,0.000757,0.997997
1428,0,-1.940979,1.155127,1.704865,0.016280,0.359968,0.623752
1429,0,-1.138324,-2.313002,3.413778,0.010401,0.003213,0.986385
1430,0,-2.458595,-2.578044,4.977726,0.000589,0.000523,0.998889
1431,0,-2.236659,-1.851259,4.556608,0.001118,0.001644,0.997238
1432,0,1.540442,-3.088875,0.632253,0.707706,0.006908,0.285385
1433,0,-1.844033,-2.889715,4.598961,0.001588,0.000558,0.997854
1434,0,-1.775887,-2.464149,4.359821,0.002157,0.001084,0.996759
1435,0,-0.043186,0.759390,-0.715709,0.267258,0.596328,0.136414
1436,0,-2.498489,-1.546255,4.691293,0.000752,0.001949,0.997298
1437,0,0.492106,0.497299,-1.225668,0.457735,0.460118,0.082147
1438,0,-1.470076,-3.024076,4.381123,0.002866,0.000606,0.996528
1439,0,-0.028632,-1.859124,1.563952,0.164561,0.026385,0.809054
1440,0,1.963630,-2.871669,0.444795,0.815055,0.006475,0.178470
1441,0,-0.325864,-2.118985,2.099239,0.080194,0.013347,0.906459
1442,0,-2.033504,-1.793446,4.255707,0.001848,0.002350,0.995802
1443,0,-2.306924,-2.385261,4.657612,0.000943,0.000872,0.998185
1444,0,-1.462984,-2.085541,3.732677,0.005494,0.002948,0.991558
1445,0,-1.500148,-2.967510,4.308712,0.002990,0.000689,0.996321
1446,0,1.137818,0.631155,-2.259771,0.611263,0.368288,0.020449
1447,0,-1.507898,-2.545609,4.325235,0.002917,0.001034,0.996049
1448,0,-1.521649,-2.904355,4.354232,0.002797,0.000702,0.996502
1449,0,-2.304411,-2.141820,4.425438,0.001192,0.001402,0.997406
1450,0,-1.395413,-2.689123,4.121585,0.003997,0.001096,0.994906
1451,0,-2.086604,-2.608352,4.838941,0.000981,0.000582,0.998437
1452,0,-2.128006,-1.708084,3.912132,0.002367,0.003602,0.994031
1453,0,-0.844834,-3.351274,4.064925,0.007316,0.000597,0.992087
1454,0,-1.367169,-0.530311,2.094180,0.028434,0.065657,0.905909
1455,0,-0.605696,-2.554752,3.110795,0.023662,0.003370,0.972969
1456,0,-1.244011,-2.770832,3.991353,0.005291,0.001149,0.993560
1457,0,-0.225048,0.747844,-0.377878,0.222032,0.587404,0.190564
1458,0,-1.403527,-3.082997,4.218199,0.003603,0.000672,0.995725
1459,0,-2.409576,-1.891957,4.769584,0.000761,0.001277,0.997963
1460,0,0.267905,-1.595520,0.833955,0.342884,0.053195,0.603921
1461,0,-1.889903,-2.891446,4.841574,0.001191,0.000437,0.998372
1462,0,-0.904119,-2.637241,3.332586,0.014213,0.002512,0.983275
1463,0,-2.309320,-2.288021,4.882519,0.000752,0.000768,0.998481
1464,0,-2.291444,-2.589523,4.770965,0.000855,0.000635,0.998510
1465,0,-2.710498,-2.280623,5.060423,0.000421,0.000648,0.998931
1466,0,-2.003651,-1.058026,3.525723,0.003913,0.010074,0.986013
1467,0,-1.211253,-2.888276,3.869790,0.006168,0.001153,0.992679
1468,0,-1.774071,-2.838758,4.535825,0.001814,0.000625,0.997561
1469,0,-2.726602,-1.937660,4.931580,0.000471,0.001038,0.998491
1470,0,-2.022475,-2.357472,4.201501,0.001975,0.001413,0.996613
1471,0,-2.391398,-2.097743,4.852584,0.000713,0.000957,0.998330
1472,0,-2.550494,-2.472935,5.070818,0.000489,0.000529,0.998982
1473,0,-1.955122,-2.806038,4.711151,0.001271,0.000543,0.998187
1474,0,-2.024234,-2.821194,4.599594,0.001326,0.000598,0.998077
1475,0,1.043687,-3.392303,1.700244,0.340138,0.004028,0.655834
1476,0,-1.366804,-2.337238,3.522475,0.007450,0.002823,0.989728
1477,0,0.299915,-0.162227,-0.389825,0.469122,0.295516,0.235362
1478,0,-2.411340,-2.207621,4.638840,0.000866,0.001061,0.998073
1479,0,0.000857,0.420220,-0.405936,0.313797,0.477283,0.208920
1480,0,-0.680635,-1.818647,2.220844,0.051226,0.016416,0.932359
1481,0,-2.941242,1.267639,3.045973,0.002143,0.144199,0.853657
1482,0,-2.154108,-1.044659,3.467753,0.003566,0.010814,0.985620
1483,0,-2.660421,0.535423,3.170628,0.002731,0.066724,0.930545
1484,0,-1.647259,-2.628069,4.175276,0.002948,0.001106,0.995946
1485,0,-0.389632,-3.625713,3.635639,0.017533,0.000689,0.981777
1486,0,-0.721577,-3.060274,3.649947,0.012459,0.001202,0.986339
1487,0,-2.086401,-2.830739,4.756369,0.001065,0.000506,0.998428
1488,0,-0.189580,-3.602652,3.459761,0.025328,0.000834,0.973838
1489,0,-2.109277,-1.769033,4.475619,0.001376,0.001934,0.996689
1490,0,-1.699329,-1.247888,3.708671,0.004430,0.006957,0.988613
1491,0,-1.601611,-1.900025,3.818372,0.004393,0.003260,0.992347
1492,0,-2.501678,-1.717061,4.435549,0.000968,0.002121,0.996911
1493,0,-2.864568,-1.250913,4.911841,0.000418,0.002101,0.997480
1494,0,-2.127472,-2.368528,4.955134,0.000838,0.000659,0.998503
1495,0,-1.818180,-2.904210,4.752007,0.001399,0.000472,0.998129
1496,0,-2.130803,-2.934361,5.152452,0.000686,0.000307,0.999006
1497,0,-0.465502,-2.391092,3.133824,0.026512,0.003865,0.969623
1498,0,-0.453759,-3.217159,3.645402,0.016299,0.001028,0.982673
1499,0,-1.543639,-2.872682,4.249455,0.003037,0.000804,0.996159
1500,1,-0.727624,-2.741935,3.297831,0.017501,0.002335,0.980164
1501,1,0.179536,-1.772398,1.459587,0.211023,0.029965,0.759012
1502,1,-0.656164,-3.144752,3.457542,0.016063,0.001334,0.982604
1503,1,-1.947933,1.321266,1.531518,0.016741,0.440136,0.543123
1504,1,1.661317,-3.192073,0.861277,0.686289,0.005354,0.308357
1505,1,-1.303781,0.499914,1.317065,0.048032,0.291653,0.660315
1506,1,2.155395,-3.544058,0.604157,0.822820,0.002755,0.174426
1507,1,-1.486506,0.188720,1.878080,0.028360,0.151440,0.820201
1508,1,-1.650711,-2.140755,3.811585,0.004215,0.002582,0.993203
1509,1,1.581276,-2.120534,-0.475584,0.867654,0.021413,0.110934
1510,1,-1.534594,-1.669064,3.928220,0.004208,0.003679,0.992113
1511,1,0.113238,-0.407807,-0.008239,0.403305,0.239523,0.357172
1512,1,-1.888340,-1.620655,3.851940,0.003190,0.004169,0.992640
1513,1,-1.473683,-1.893631,3.781843,0.005174,0.003400,0.991426
1514,1,1.533644,-2.093979,0.252950,0.766622,0.020376,0.213002
1515,1,-1.243747,1.220033,0.707567,0.050538,0.593779,0.355683
1516,1,-2.378756,-1.232838,4.433256,0.001095,0.003446,0.995459
1517,1,-2.641016,-2.054852,4.971098,0.000494,0.000887,0.998619
1518,1,1.357000,-3.611004,1.529771,0.455466,0.003169,0.541365
1519,1,-1.429736,-1.558554,3.585614,0.006554,0.005761,0.987685
1520,1,1.453090,-3.062511,1.415327,0.506617,0.005541,0.487842
1521,1,-1.263805,1.784725,0.174611,0.038025,0.801736,0.160239
1522,1,-2.057878,1.478802,1.646715,0.013160,0.452091,0.534749
1523,1,-2.333925,1.790253,1.626527,0.008673,0.536150,0.455177
1524,1,1.842503,-3.316976,0.730200,0.749319,0.004305,0.246377
1525,1,-0.004840,0.009182,-0.007220,0.332034,0.336722,0.331244
1526,1,-1.295769,-2.094298,3.288157,0.010066,0.004529,0.985405
1527,1,-1.516908,-2.463326,3.842180,0.004675,0.001814,0.993511
1528,1,-2.937006,-0.257501,4.498965,0.000584,0.008518,0.990898
1529,1,-2.165581,-2.107015,4.456621,0.001327,0.001407,0.997266
1530,1,-2.110039,-2.354518,4.519328,0.001318,0.001032,0.997650
1531,1,-0.912328,-3.101962,3.827501,0.008656,0.000969,0.990375
1532,1,0.439204,-0.992861,-0.030004,0.536391,0.128098,0.335511
1533,1,-0.902508,0.053970,1.158174,0.087307,0.227218,0.685475
1534,1,-2.715971,-2.105824,5.007681,0.000442,0.000813,0.998745
1535,1,-1.057460,-2.939917,3.874116,0.007156,0.001089,0.991755
1536,1,1.701695,-3.716111,1.472490,0.555678,0.002465,0.441856
1537,1,-1.785426,-1.539973,3.328384,0.005932,0.007582,0.986486
1538,1,0.844951,-3.109537,2.273416,0.192624,0.003692,0.803684
1539,1,0.616810,-3.874749,2.835615,0.097967,0.001098,0.900936
1540,1,-0.948997,0.386980,1.006528,0.084237,0.320411,0.595352
1541,1,-1.164360,0.705645,0.983683,0.062280,0.404096,0.533624
1542,1,-1.726769,0.833589,1.690584,0.022508,0.291261,0.686231
1543,1,-1.779040,1.858279,0.923649,0.018550,0.704695,0.276756
1544,1,-1.870998,-2.375603,4.535913,0.001646,0.000994,0.997361
1545,1,0.887630,-2.994980,1.783679,0.288143,0.005935,0.705922
1546,1,0.727413,-0.917571,-0.264965,0.639505,0.123434,0.237061
1547,1,3.153344,-1.313688,-2.883496,0.986319,0.011324,0.002356
1548,1,-1.615463,0.974330,1.398694,0.028819,0.384076,0.587105
1549,1,-1.365611,0.670155,1.260803,0.044480,0.340630,0.614890
1550,1,0.682160,-3.735183,2.594121,0.128561,0.001551,0.869888
1551,1,0.319767,-2.797824,2.239396,0.127183,0.005630,0.867188
1552,1,-0.519041,0.181711,0.339310,0.186063,0.374966,0.438971
1553,1,-1.123811,1.118731,0.625400,0.061853,0.582487,0.355660
1554,1,-1.982881,-2.469964,4.349214,0.001773,0.001089,0.997137
1555,1,2.435273,-4.078137,0.836223,0.830860,0.001233,0.167907
1556,1,0.015636,-3.876711,3.462970,0.030829,0.000629,0.968542
1557,1,-1.206938,-3.322523,4.337526,0.003892,0.000469,0.995639
1558,1,-1.768005,-2.327647,4.127988,0.002739,0.001565,0.995697
1559,1,1.688161,-3.660496,1.487316,0.548608,0.002608,0.448783
1560,1,-1.088064,-2.367670,3.331831,0.011853,0.003297,0.984850
1561,1,-0.194646,-3.450083,3.429941,0.025942,0.001000,0.973058
1562,1,1.043322,0.127079,-1.554241,0.678208,0.271296,0.050496
1563,1,-0.556488,-2.879535,3.303959,0.020583,0.002017,0.977401
1564,1,-1.260303,-3.073937,3.986228,0.005234,0.000853,0.993913
1565,1,-1.263805,1.784725,0.174611,0.038025,0.801736,0.160239
1566,1,0.533891,-1.498221,0.313699,0.517217,0.067786,0.414997
1567,1,-1.421212,-2.012370,3.263033,0.009109,0.005043,0.985848
1568,1,-1.519170,-0.873974,2.649719,0.014804,0.028222,0.956975
1569,1,2.578209,-3.950551,0.314363,0.904641,0.001322,0.094037
1570,1,-2.303871,1.578503,2.013961,0.008028,0.389670,0.602302
1571,1,-0.527181,0.219664,0.462929,0.172359,0.363734,0.463908
1572,1,-0.446678,-2.354766,2.347114,0.057171,0.008482,0.934346
1573,1,0.933246,-3.805217,2.388724,0.188847,0.001653,0.809500
1574,1,-2.813388,1.732725,2.369913,0.003656,0.344618,0.651726
1575,1,-0.191235,-3.139875,3.091733,0.036092,0.001892,0.962017
1576,1,-0.285973,-2.459806,2.849113,0.041486,0.004719,0.953795
1577,1,-1.452426,0.986931,1.163841,0.038241,0.438454,0.523305
1578,1,-2.770295,1.898161,2.200834,0.003973,0.423216,0.572811
1579,1,-1.636399,-2.002864,3.928627,0.003805,0.002637,0.993558
1580,1,-0.517798,-2.216281,2.840318,0.033425,0.006115,0.960460
1581,1,-1.852726,-1.597635,3.336147,0.005508,0.007108,0.987384
1582,1,-2.491760,1.633974,1.980547,0.006646,0.411461,0.581893
1583,1,0.133996,-0.832043,1.049696,0.257791,0.098112,0.644097
1584,1,-0.557433,-2.407956,2.644030,0.038872,0.006109,0.955019
1585,1,1.199897,-2.571440,1.144829,0.507758,0.011689,0.480553
1586,1,1.143775,-3.744491,2.203524,0.256859,0.001935,0.741205
1587,1,-1.202724,0.690302,1.104730,0.056535,0.375359,0.568107
1588,1,0.001773,1.459286,-1.235297,0.179035,0.769003,0.051962
1589,1,2.575191,-3.096437,-0.086346,0.931721,0.003207,0.065072
1590,1,-1.804978,-2.084188,4.037462,0.002887,0.002184,0.994929
1591,1,-1.663812,-2.874928,4.378113,0.002370,0.000706,0.996924
1592,1,-0.971108,-2.871915,3.664459,0.009594,0.001434,0.988973
1593,1,-0.563780,-2.311520,2.989789,0.027692,0.004823,0.967485
1594,1,-2.160977,0.448834,2.803645,0.006335,0.086135,0.907530
1595,1,-1.514302,0.558273,2.028918,0.022976,0.182552,0.794472
1596,1,-0.830517,-1.832537,2.485738,0.034573,0.012693,0.952734
1597,1,1.668015,-2.004701,-0.040445,0.828808,0.021058,0.150134
1598,1,-1.403224,-2.203407,3.645310,0.006360,0.002857,0.990783
1599,1,-2.024234,-2.821194,4.599594,0.001326,0.000598,0.998077
1600,1,-2.179900,-1.810468,4.014300,0.002031,0.002939,0.995030
1601,1,-1.994905,-2.174292,4.489690,0.001523,0.001272,0.997205
1602,1,0.047087,-1.082155,0.756621,0.297945,0.096319,0.605735
1603,1,-1.890886,-2.533659,4.370239,0.001904,0.001001,0.997095
1604,1,0.468114,-1.132627,-0.014135,0.549710,0.110902,0.339387
1605,1,-1.240679,0.833705,1.766802,0.034251,0.272628,0.693121
1606,1,-2.024234,-2.821194,4.599594,0.001326,0.000598,0.998077
1607,1,-1.900662,1.352333,1.442405,0.018125,0.468843,0.513032
1608,1,-0.843686,-3.459834,3.966238,0.008078,0.000590,0.991332
1609,1,-1.011182,1.271002,0.259070,0.069639,0.682325,0.248036
1610,1,0.903749,-2.328697,1.343579,0.385817,0.015225,0.598959
1611,1,-1.615588,1.452117,1.155404,0.025996,0.558726,0.415278
1612,1,-2.242989,-2.457569,4.576785,0.001090,0.000879,0.998031
1613,1,-2.181040,-2.320315,4.415255,0.001362,0.001185,0.997453
1614,1,-1.662355,1.842568,0.634657,0.022613,0.752519,0.224868
1615,1,-1.257191,-0.552008,1.991068,0.034759,0.070359,0.894882
1616,1,-1.101013,-3.342027,4.166702,0.005126,0.000545,0.994329
1617,1,-1.491756,-2.788300,4.329061,0.002954,0.000808,0.996238
1618,1,-1.521131,0.311286,1.931925,0.025743,0.160866,0.813391
1619,1,-1.263805,1.784725,0.174611,0.038025,0.801736,0.160239
1620,1,-1.313306,-1.189801,2.640901,0.018421,0.020843,0.960736
1621,1,-0.197498,0.329880,-0.079118,0.261770,0.443564,0.294666
1622,1,-2.241880,0.797215,2.408179,0.007907,0.165139,0.826955
1623,1,-0.449342,-2.187486,2.053350,0.074676,0.013132,0.912193
1624,1,-1.904286,-2.878503,4.618524,0.001467,0.000554,0.997980
1625,1,-1.618340,-1.163110,3.024230,0.009400,0.014819,0.975782
1626,1,0.280208,-3.683842,3.129814,0.054645,0.001037,0.944318
1627,1,2.156099,-3.929719,1.092070,0.742205,0.001688,0.256107
1628,1,0.518117,-3.098304,2.362092,0.136082,0.003658,0.860260
1629,1,1.145483,-4.035912,2.253707,0.247856,0.001393,0.750751
1630,1,0.116764,-3.009211,2.756486,0.066431,0.002916,0.930653
1631,1,1.499630,-3.629896,1.688882,0.451617,0.002673,0.545709
1632,1,-1.565567,0.608885,1.728225,0.027217,0.239435,0.733349
1633,1,0.660235,-1.928621,0.537471,0.510314,0.038328,0.451359
1634,1,-0.222220,-3.060322,3.159350,0.032813,0.001921,0.965266
1635,1,1.337402,-2.887899,1.348761,0.493573,0.007216,0.499211
1636,1,3.221733,-2.265915,-2.242803,0.991698,0.004103,0.004199
1637,1,-0.485250,-2.541737,3.031609,0.028730,0.003675,0.967595
1638,1,-0.859077,0.380415,1.504733,0.066290,0.228956,0.704754
1639,1,-0.425675,1.200159,-0.482975,0.142309,0.723307,0.134384
1640,1,-1.827444,-1.426447,3.246323,0.006163,0.009203,0.984635
1641,1,-1.097068,0.683409,1.008367,0.066036,0.391768,0.542196
1642,1,-2.162371,1.176144,2.000173,0.010705,0.301645,0.687650
1643,1,-0.192318,-1.943175,1.752440,0.122465,0.021263,0.856271
1644,1,-1.786742,0.957020,1.563896,0.022190,0.344944,0.632866
1645,1,-1.808438,-1.938839,4.321797,0.002167,0.001902,0.995930
1646,1,-2.284965,-2.512438,4.986759,0.000694,0.000553,0.998753
1647,1,-1.263805,1.784725,0.174611,0.038025,0.801736,0.160239
1648,1,-1.365129,-2.786656,3.884130,0.005217,0.001259,0.993523
1649,1,-2.710986,-2.018793,4.843044,0.000523,0.001045,0.998432
1650,1,-1.102856,-3.015744,3.844225,0.007047,0.001040,0.991913
1651,1,-1.043980,-2.793175,3.603576,0.009478,0.001648,0.988873
1652,1,-0.963327,-1.165013,2.610544,0.026687,0.021812,0.951501
1653,1,0.057501,-3.293431,2.922951,0.053787,0.001885,0.944328
1654,1,-2.005048,-2.799984,4.809197,0.001096,0.000495,0.998409
1655,1,0.895893,-3.030732,2.147634,0.221428,0.004364,0.774207
1656,1,-0.895314,-1.294351,2.270632,0.039398,0.026435,0.934168
1657,1,1.289303,-3.403939,1.427449,0.463542,0.004245,0.532213
1658,1,0.191960,1.324013,-1.390532,0.232154,0.720147,0.047699
1659,1,-1.127194,0.015449,1.564867,0.052918,0.165901,0.781181
1660,1,-1.122232,1.509630,0.172105,0.053914,0.749379,0.196708
1661,1,-1.428916,-2.637573,4.047007,0.004164,0.001243,0.994593
1662,1,-2.697622,1.376227,2.541143,0.004029,0.236817,0.759154
1663,1,3.069216,-3.402256,-0.916683,0.980274,0.001516,0.018209
1664,1,-1.061692,0.660480,0.906776,0.072694,0.406842,0.520464
1665,1,-2.093014,-2.481177,4.346061,0.001594,0.001081,0.997325
1666,1,-1.137727,-2.736001,3.616226,0.008529,0.001725,0.989746
1667,1,-1.315073,0.686637,1.263092,0.046351,0.343074,0.610575
1668,1,-0.917376,1.019032,0.628047,0.079216,0.549266,0.371518
1669,1,-1.078589,0.755570,0.774756,0.073308,0.458901,0.467791
1670,1,-1.207490,0.194243,1.344834,0.055869,0.226951,0.717180
1671,1,2.360628,-3.473902,0.491374,0.864182,0.002528,0.133290
1672,1,-0.403606,-2.921685,3.215243,0.026058,0.002101,0.971841
1673,1,0.405595,-3.600180,2.838000,0.080616,0.001468,0.917916
1674,1,-1.514423,-3.014788,4.325515,0.002899,0.000647,0.996455
1675,1,-1.095987,0.991266,0.839596,0.062536,0.504210,0.433254
1676,1,-1.543554,-3.077976,4.397171,0.002622,0.000565,0.996813
1677,1,-0.556340,0.991241,-0.075697,0.136664,0.642334,0.221002
1678,1,-2.034070,-1.541185,3.716919,0.003153,0.005162,0.991685
1679,1,-1.457593,0.935259,1.346636,0.035138,0.384576,0.580285
1680,1,-2.024234,-2.821194,4.599594,0.001326,0.000598,0.998077
1681,1,-2.864569,-1.850123,4.981483,0.000391,0.001078,0.998532
1682,1,2.786567,-3.862689,0.098912,0.935160,0.001211,0.063629
1683,1,0.276417,-2.878480,2.497052,0.097506,0.004158,0.898337
1684,1,-0.838738,0.889955,0.432075,0.098068,0.552444,0.349489
1685,1,-0.275446,-3.452628,3.417992,0.024257,0.001012,0.974731
1686,1,0.085635,-3.573715,3.285221,0.039142,0.001008,0.959850
1687,1,0.037808,-2.745548,2.829318,0.057579,0.003560,0.938861
1688,1,-1.975599,1.649635,2.032531,0.010686,0.401096,0.588218
1689,1,-2.051049,0.729452,2.476337,0.009120,0.147087,0.843793
1690,1,-1.113493,-1.853930,3.287025,0.012053,0.005748,0.982200
1691,1,-1.724032,-0.996352,3.105707,0.007797,0.016143,0.976060
1692,1,-1.965714,-2.067345,4.600200,0.001404,0.001268,0.997328
1693,1,-1.614578,-2.575048,4.343333,0.002576,0.000986,0.996438
1694,1,0.744127,0.545668,-1.486624,0.518822,0.425431,0.055746
1695,1,-2.206533,-2.703659,4.714477,0.000985,0.000599,0.998415
1696,1,-1.612886,-2.405946,4.026076,0.003538,0.001601,0.994861
1697,1,-1.404201,1.380374,0.717019,0.039163,0.634166,0.326671
1698,1,0.934850,-3.692023,2.281892,0.205939,0.002015,0.792046
1699,1,-0.887989,-3.476974,4.085078,0.006871,0.000516,0.992613
1700,1,-1.649214,1.123159,1.290737,0.027846,0.445444,0.526710
1701,1,-1.853591,1.521720,1.337117,0.018336,0.536009,0.445656
1702,1,-0.119376,1.613472,-1.196356,0.142911,0.808410,0.048679
1703,1,-0.003279,-3.818830,3.422543,0.031476,0.000693,0.967830
1704,1,0.993052,-3.747125,2.324327,0.208568,0.001822,0.789610
1705,1,-1.076268,1.369326,0.339465,0.060035,0.692650,0.247315
1706,1,-0.316886,0.106707,0.279130,0.230292,0.351757,0.417951
1707,1,2.720836,-3.051248,-0.599529,0.962230,0.002996,0.034775
1708,1,-0.328838,-1.802791,2.464105,0.056954,0.013044,0.930002
1709,1,1.502701,-3.413058,1.126801,0.590319,0.004327,0.405354
1710,1,0.044293,0.449886,-0.518849,0.325774,0.488724,0.185502
1711,1,-1.959470,-2.442520,4.466002,0.001616,0.000997,0.997388
1712,1,-1.464131,-2.679068,4.063584,0.003955,0.001173,0.994872
1713,1,-1.329356,-3.226246,4.317499,0.003514,0.000527,0.995958
1714,1,-0.666650,-3.130511,3.558120,0.014400,0.001226,0.984374
1715,1,-1.675584,1.459038,1.782822,0.017938,0.412224,0.569838
1716,1,-1.275586,0.945763,0.938331,0.051623,0.475951,0.472426
1717,1,-1.283525,-2.831882,4.035613,0.004868,0.001035,0.994097
1718,1,-0.250779,-0.008791,0.402176,0.238380,0.303643,0.457977
1719,1,1.739738,-3.157768,0.678793,0.738774,0.005515,0.255711
1720,1,0.898497,-4.008964,2.622584,0.151176,0.001117,0.847706
1721,1,-1.599079,-1.056083,2.746169,0.012526,0.021560,0.965914
1722,1,-0.911529,-2.800150,3.623965,0.010591,0.001602,0.987807
1723,1,-0.430720,-3.073708,2.993936,0.031463,0.002239,0.966298
1724,1,0.107371,-3.244853,2.911737,0.056975,0.001994,0.941031
1725,1,-2.503759,-2.244187,4.878402,0.000621,0.000806,0.998573
1726,1,0.659232,-2.821974,2.105948,0.189397,0.005828,0.804775
1727,1,0.568288,0.619078,-1.348977,0.454729,0.478422,0.066849
1728,1,-2.243310,-1.555057,3.916073,0.002100,0.004180,0.993720
1729,1,2.971654,-3.295997,-0.886172,0.977507,0.001854,0.020639
1730,1,-0.424420,-2.496002,2.775651,0.038971,0.004910,0.956119
1731,1,-2.254315,-2.188727,5.005861,0.000702,0.000750,0.998548
1732,1,-1.543164,0.695537,1.582982,0.030150,0.282845,0.687005
1733,1,-0.538307,1.446625,-0.595170,0.108421,0.789151,0.102428
1734,1,-0.845036,-3.053407,3.925852,0.008394,0.000922,0.990684
1735,1,-2.101619,-1.159095,3.634174,0.003192,0.008191,0.988617
1736,1,-1.411121,-3.026906,4.164719,0.003771,0.000749,0.995479
1737,1,-2.369829,0.005057,3.748362,0.002147,0.023078,0.974775
1738,1,-0.094899,-3.558551,3.304798,0.032272,0.001011,0.966717
1739,1,-0.984844,0.040730,1.279667,0.074543,0.207877,0.717580
1740,1,-2.427537,-2.374936,4.904316,0.000653,0.000689,0.998658
1741,1,-1.909012,-1.844907,4.215947,0.002178,0.002322,0.995500
1742,1,-0.461012,-2.827307,3.083676,0.027993,0.002627,0.969380
1743,1,-1.241342,1.611918,0.240890,0.043962,0.762485,0.193554
1744,1,-1.858524,1.730974,1.022655,0.018165,0.657859,0.323976
1745,1,-2.736767,0.645334,3.354524,0.002117,0.062301,0.935582
1746,1,2.010619,-2.944419,0.315911,0.839842,0.005919,0.154239
1747,1,0.506266,-3.556505,2.653804,0.104374,0.001795,0.893831
1748,1,-2.063586,1.647873,1.511843,0.012883,0.527076,0.460041
1749,1,-2.832963,1.410552,2.740878,0.002993,0.208480,0.788527
1750,1,-1.133451,-2.600422,3.816983,0.007019,0.001619,0.991362
1751,1,-2.796413,-0.007947,4.107543,0.000987,0.016040,0.982973
1752,1,-2.696729,-1.875726,4.718111,0.000601,0.001366,0.998033
1753,1,0.834204,-3.539521,2.401415,0.172240,0.002171,0.825589
1754,1,-0.486650,0.736095,0.089069,0.161946,0.550048,0.288006
1755,1,-1.309552,-2.782726,4.018139,0.004826,0.001106,0.994067
1756,1,-0.570601,1.058125,-0.158246,0.131445,0.670024,0.198531
1757,1,-1.640648,-2.172412,4.240760,0.002779,0.001633,0.995589
1758,1,-1.784856,1.189784,1.476548,0.021428,0.419608,0.558964
1759,1,-0.988643,1.178253,0.266282,0.075536,0.659516,0.264948
1760,1,2.525389,-3.004470,-0.315753,0.941331,0.003734,0.054935
1761,1,-2.290620,-1.891663,4.747776,0.000876,0.001305,0.997819
1762,1,-1.208236,-1.880680,3.307842,0.010754,0.005490,0.983756
1763,1,0.343158,-3.593459,3.000897,0.065430,0.001277,0.933293
1764,1,-0.872914,0.020769,1.118213,0.092869,0.226982,0.680150
1765,1,-0.584655,1.113245,-0.232655,0.126833,0.692822,0.180345
1766,1,-0.000167,-2.127904,1.870578,0.131367,0.015647,0.852986
1767,1,-1.959771,1.292173,1.704124,0.015185,0.392394,0.592421
1768,1,0.865402,-2.665659,1.599422,0.321263,0.009405,0.669332
1769,1,-0.529072,-1.730131,2.420581,0.049019,0.014749,0.936232
1770,1,0.519952,-2.755760,2.336447,0.139120,0.005257,0.855623
1771,1,0.946887,-3.349887,2.193424,0.222623,0.003030,0.774346
1772,1,-2.478368,1.551595,2.506902,0.004914,0.276454,0.718632
1773,1,-0.446108,0.890423,-0.153639,0.162719,0.619281,0.218000
1774,1,-0.959875,-3.079383,3.847851,0.008092,0.000972,0.990936
1775,1,0.693566,1.214306,-1.969359,0.363238,0.611428,0.025334
1776,1,-1.985641,1.196869,1.689866,0.015486,0.373316,0.611198
1777,1,0.529946,-2.830638,2.132828,0.166610,0.005784,0.827606
1778,1,-0.943450,-2.028448,2.905529,0.020711,0.006998,0.972290
1779,1,-0.520215,0.205352,0.522935,0.169375,0.349913,0.480712
1780,1,-0.886631,0.611688,0.599549,0.101068,0.452194,0.446738
1781,1,-0.128144,0.911476,-0.575533,0.223842,0.633057,0.143101
1782,1,2.249334,-3.159826,0.294031,0.872603,0.003905,0.123492
1783,1,-0.437562,-3.189075,3.461811,0.019827,0.001266,0.978907
1784,1,-0.249378,-0.452195,0.631156,0.236484,0.193072,0.570444
1785,1,2.573487,-3.125088,-0.392529,0.947994,0.003176,0.048829
1786,1,-1.713992,-0.315947,2.937878,0.009105,0.036851,0.954044
1787,1,0.289413,1.124501,-1.339493,0.285619,0.658358,0.056023
1788,1,1.598824,-3.598073,1.512230,0.520134,0.002878,0.476988
1789,1,-2.024234,-2.821194,4.599594,0.001326,0.000598,0.998077
1790,1,1.391601,-2.146539,0.213931,0.747908,0.021740,0.230352
1791,1,1.498838,-3.427191,1.458616,0.508174,0.003687,0.488139
1792,1,-1.777030,-0.778711,3.474105,0.005141,0.013953,0.980906
1793,1,-1.120521,-2.539662,4.021493,0.005804,0.001404,0.992792
1794,1,-2.898998,0.785089,3.399460,0.001711,0.068103,0.930187
1795,1,-2.526379,1.301289,2.342791,0.005644,0.259388,0.734968
1796,1,-1.798707,-2.568420,4.202081,0.002468,0.001143,0.996389
1797,1,-1.070307,-0.435586,1.802499,0.048607,0.091697,0.859695
1798,1,-1.329111,1.719684,0.259257,0.037057,0.781523,0.181420
1799,1,-2.285672,-2.560003,4.783983,0.000849,0.000646,0.998505
1800,1,-2.639076,-1.778980,4.793199,0.000591,0.001396,0.998013
1801,1,2.131781,-3.377542,0.318816,0.856738,0.003469,0.139794
1802,1,-1.084908,-0.288930,2.217061,0.032913,0.072956,0.894130
1803,1,-0.088152,-0.339874,0.289729,0.308961,0.240205,0.450833
1804,1,-1.040016,-2.928551,3.835557,0.007564,0.001144,0.991291
1805,1,-1.676529,-2.691612,4.353588,0.002397,0.000869,0.996734
1806,1,-1.263805,1.784725,0.174611,0.038025,0.801736,0.160239
1807,1,-0.564658,-2.443082,2.944474,0.028925,0.004421,0.966654
1808,1,-0.985672,0.879907,1.334659,0.056693,0.366221,0.577085
1809,1,-1.467664,-2.432529,3.929213,0.004503,0.001716,0.993782
1810,1,-2.024234,-2.821194,4.599594,0.001326,0.000598,0.998077
1811,1,-1.154917,1.011769,0.829304,0.058814,0.513408,0.427778
1812,1,-0.620522,-2.343586,2.835469,0.030425,0.005431,0.964144
1813,1,-0.700493,-2.488557,3.057630,0.022709,0.003799,0.973492
1814,1,-2.376298,1.284163,2.439550,0.006123,0.238040,0.755837
1815,1,-0.948899,-3.435744,4.069148,0.006570,0.000546,0.992883
1816,1,-2.846346,0.760458,3.586262,0.001516,0.055861,0.942623
1817,1,-0.198830,-1.209314,1.120416,0.195900,0.071316,0.732784
1818,1,-0.298349,0.918900,-0.463644,0.191368,0.646419,0.162212
1819,1,0.222089,-3.829288,3.226055,0.047208,0.000821,0.951970
1820,1,-1.943256,-2.318634,4.142411,0.002267,0.001557,0.996176
1821,1,-2.021252,-1.110318,3.972271,0.002473,0.006150,0.991376
1822,1,-0.395500,1.195204,-0.523199,0.147334,0.722995,0.129671
1823,1,-1.147990,-2.846424,3.883563,0.006479,0.001185,0.992336
1824,1,2.785458,-2.431674,-1.571839,0.982091,0.005326,0.012584
1825,1,-0.220520,-0.286048,0.478602,0.253257,0.237194,0.509549
1826,1,-0.480345,-3.074442,3.421847,0.019768,0.001477,0.978755
1827,1,-1.011882,-2.844141,3.579565,0.010020,0.001604,0.988376
1828,1,0.380821,-3.384587,2.866540,0.076729,0.001777,0.921494
1829,1,-1.736036,-2.384978,4.409768,0.002135,0.001116,0.996749
1830,1,-1.503882,-2.406896,3.652885,0.005714,0.002316,0.991970
1831,1,-0.246470,-0.287681,0.413226,0.256816,0.246448,0.496736
1832,1,-0.603369,1.315815,-0.339806,0.109686,0.747552,0.142763
1833,1,-1.139963,-3.080877,4.074332,0.005405,0.000776,0.993819
1834,1,-1.347174,-2.465170,3.684981,0.006469,0.002115,0.991416
1835,1,-1.142036,1.000217,0.706471,0.063016,0.536810,0.400174
1836,1,-1.092231,1.582991,0.115532,0.053018,0.769585,0.177397
1837,1,-1.493327,-2.129487,4.147977,0.003529,0.001868,0.994603
1838,1,1.884064,-3.700274,1.166088,0.670468,0.002518,0.327013
1839,1,2.136679,-3.899261,1.100323,0.736846,0.001762,0.261392
1840,1,-2.097402,-2.140723,4.129600,0.001968,0.001884,0.996148
1841,1,-0.829202,-2.975298,3.762871,0.010018,0.001172,0.988810
1842,1,-0.323244,0.776992,-0.221531,0.195620,0.587815,0.216565
1843,1,-0.428604,-3.042835,3.373516,0.021801,0.001596,0.976603
1844,1,-2.476284,1.760042,1.877574,0.006760,0.467469,0.525771
1845,1,-1.112635,1.639392,0.064364,0.050203,0.786906,0.162891
1846,1,-1.263805,1.784725,0.174611,0.038025,0.801736,0.160239
1847,1,-0.875217,-3.471013,4.114779,0.006756,0.000504,0.992740
1848,1,-2.103885,-1.826517,4.609339,0.001211,0.001599,0.997190
1849,1,-2.024234,-2.821194,4.599594,0.001326,0.000598,0.998077
1850,1,-0.377686,-3.403972,3.378972,0.022803,0.001106,0.976091
1851,1,2.918174,-2.786022,-1.050412,0.978251,0.003259,0.018489
1852,1,0.929916,-3.152704,2.224421,0.214314,0.003614,0.782072
1853,1,-1.159744,0.067211,2.274214,0.028241,0.096324,0.875435
1854,1,-2.376581,-0.620703,3.691685,0.002279,0.013194,0.984527
1855,1,-1.978149,1.170027,1.831609,0.014402,0.335482,0.650116
1856,1,-0.107794,-3.217178,3.029029,0.041537,0.001854,0.956610
1857,1,-2.542774,1.709770,2.093988,0.005731,0.402788,0.591481
1858,1,-1.866144,-0.938663,3.158941,0.006422,0.016236,0.977342
1859,1,2.309438,0.312126,-3.326124,0.877756,0.119111,0.003132
1860,1,0.264835,-0.221589,0.261057,0.382988,0.235469,0.381543
1861,1,-2.214702,-1.236794,3.944254,0.002098,0.005579,0.992323
1862,1,-0.879793,0.617576,0.683163,0.097629,0.436395,0.465976
1863,1,0.694201,-2.371462,1.111199,0.390012,0.018184,0.591804
1864,1,0.008724,-3.281219,2.853985,0.054815,0.002042,0.943143
1865,1,-2.461680,-0.810381,4.035819,0.001493,0.007785,0.990721
1866,1,-0.052819,-2.103665,1.526187,0.167259,0.021514,0.811227
1867,1,-0.118461,-1.344687,1.705660,0.133498,0.039168,0.827334
1868,1,-2.810349,0.667751,3.719284,0.001392,0.045089,0.953520
1869,1,1.667367,-3.507350,1.416804,0.560532,0.003171,0.436297
1870,1,0.802750,-2.570543,1.794123,0.268153,0.009191,0.722655
1871,1,-0.085629,-2.822419,3.021742,0.042686,0.002765,0.954549
1872,1,-1.312635,-1.853309,3.258398,0.010181,0.005929,0.983891
1873,1,-1.769669,-2.908343,4.667748,0.001597,0.000511,0.997891
1874,1,0.251797,-2.596928,1.920119,0.157203,0.009105,0.833692
1875,1,1.373307,-3.322023,1.596990,0.442515,0.004044,0.553442
1876,1,0.626374,-2.522176,1.355924,0.320815,0.013768,0.665417
1877,1,-2.627173,1.453305,2.390182,0.004735,0.280198,0.715066
1878,1,-1.224190,-2.735795,3.903497,0.005888,0.001299,0.992814
1879,1,1.114674,-2.479922,1.203967,0.471504,0.012953,0.515543
1880,1,0.089333,-3.292802,3.108858,0.046478,0.001579,0.951943
1881,1,-2.463220,-1.008146,4.160360,0.001319,0.005653,0.993027
1882,1,0.244287,1.408558,-1.523593,0.228609,0.732369,0.039022
1883,1,0.134038,-3.801610,3.343747,0.038773,0.000757,0.960470
1884,1,-1.204963,1.337535,0.471559,0.052471,0.666973,0.280556
1885,1,-0.391762,-2.014102,2.602955,0.047221,0.009323,0.943456
1886,1,-2.408401,-2.042458,4.453184,0.001045,0.001506,0.997449
1887,1,-0.388395,0.368057,0.156055,0.206000,0.438925,0.355074
1888,1,1.194416,-3.738418,2.042571,0.299174,0.002156,0.698670
1889,1,1.509306,0.475238,-2.370467,0.726632,0.258359,0.015009
1890,1,0.489665,-2.736749,2.063311,0.170535,0.006770,0.822695
1891,1,1.360585,-3.655812,1.790475,0.393125,0.002606,0.604269
1892,1,-1.203641,-2.387550,3.470214,0.009224,0.002823,0.987953
1893,1,-1.843105,-2.066546,3.934785,0.003078,0.002462,0.994460
1894,1,-1.242424,-2.906783,3.965506,0.005438,0.001029,0.993533
1895,1,0.422431,-2.566134,2.022583,0.166552,0.008387,0.825061
1896,1,-0.988015,1.343087,0.318754,0.066740,0.686707,0.246553
1897,1,-1.348692,-2.629601,4.007787,0.004689,0.001303,0.994008
1898,1,2.558872,-3.700700,0.200458,0.912008,0.001744,0.086249
1899,1,0.522517,-3.511063,2.679947,0.103449,0.001832,0.894719
1900,1,2.088640,-3.129664,0.331247,0.848961,0.004598,0.146441
1901,1,0.074117,-3.742562,3.267847,0.039368,0.000866,0.959766
1902,1,0.175155,-1.180300,0.611990,0.356426,0.091897,0.551677
1903,1,-1.770956,-2.797774,4.500979,0.001884,0.000675,0.997442
1904,1,-0.614735,0.402722,0.527636,0.144920,0.400872,0.454208
1905,1,-0.254298,-3.254547,3.172786,0.031410,0.001563,0.967026
1906,1,-1.713085,1.559478,1.092051,0.022775,0.600773,0.376452
1907,1,0.056770,-2.474014,2.593071,0.072926,0.005805,0.921269
1908,1,1.378399,-3.425284,1.613209,0.439973,0.003608,0.556420
1909,1,-1.868154,1.608639,1.327702,0.017305,0.559916,0.422779
1910,1,-1.637002,1.803249,0.648610,0.023795,0.742265,0.233941
1911,1,-0.616092,-3.406044,3.882302,0.010997,0.000675,0.988328
1912,1,-0.846206,-3.271781,3.899729,0.008606,0.000761,0.990633
1913,1,0.909310,0.832970,-2.010417,0.504936,0.467824,0.027240
1914,1,1.879894,-3.945614,1.371290,0.623330,0.001840,0.374830
1915,1,-2.886916,1.215652,2.927410,0.002522,0.152550,0.844928
1916,1,0.449126,0.737436,-1.107719,0.392932,0.524238,0.082830
1917,1,-1.648675,-2.787077,4.337740,0.002504,0.000802,0.996693
1918,1,0.993822,-3.532424,2.188610,0.231821,0.002509,0.765671
1919,1,-0.113279,-3.736684,3.634833,0.023006,0.000614,0.976380
1920,1,2.791689,-0.910399,-2.910092,0.972751,0.024000,0.003249
1921,1,-0.189767,0.888166,-0.205455,0.203127,0.596908,0.199965
1922,1,-2.508037,0.187457,3.312838,0.002832,0.041953,0.955215
1923,1,-2.095649,-1.114462,3.559101,0.003456,0.009221,0.987323
1924,1,-2.327239,-0.535129,3.861494,0.002023,0.012144,0.985832
1925,1,-1.255578,-2.512246,3.844536,0.006049,0.001721,0.992230
1926,1,-1.048248,1.478785,0.140562,0.059526,0.745041,0.195433
1927,1,-0.249153,-2.252283,2.375453,0.066961,0.009034,0.924005
1928,1,-1.502124,-1.792879,3.815437,0.004863,0.003636,0.991501
1929,1,0.165732,-1.492866,1.003967,0.285495,0.054360,0.660145
1930,1,-2.051481,-2.581330,4.623021,0.001260,0.000742,0.997998
1931,1,-1.720753,1.634647,1.015884,0.022177,0.635524,0.342299
1932,1,2.042140,-3.769818,0.940196,0.748942,0.002241,0.248817
1933,1,-1.388251,0.622678,1.423052,0.039838,0.297598,0.662564
1934,1,-1.501281,-2.713770,4.181649,0.003389,0.001008,0.995603
1935,1,-1.737569,1.248661,1.332816,0.023607,0.467667,0.508727
1936,1,2.715016,-3.501055,-0.275693,0.950345,0.001898,0.047757
1937,1,-1.263805,1.784725,0.174611,0.038025,0.801736,0.160239
1938,1,-2.574083,0.447556,3.444113,0.002313,0.047472,0.950216
1939,1,2.575435,-2.702440,-1.096140,0.970365,0.004952,0.024683
1940,1,0.132067,-3.315456,2.906225,0.058627,0.001866,0.939507
1941,1,1.552693,-3.366065,1.458615,0.521507,0.003811,0.474682
1942,1,0.404500,-2.603192,2.187959,0.142861,0.007058,0.850081
1943,1,1.806325,-2.331852,-0.288211,0.877902,0.014004,0.108094
1944,1,-0.074647,-0.729308,0.680964,0.274083,0.142419,0.583498
1945,1,-2.016591,-1.274150,3.553671,0.003765,0.007910,0.988325
1946,1,-2.750079,-2.201518,5.289374,0.000322,0.000558,0.999120
1947,1,-2.065933,0.497358,3.018792,0.005698,0.073945,0.920357
1948,1,-0.622797,-1.525616,1.676656,0.087919,0.035644,0.876437
1949,1,-1.304146,-2.633242,3.983874,0.005020,0.001329,0.993652
1950,1,-1.870053,-2.863209,4.463462,0.001771,0.000656,0.997572
1951,1,1.657576,-3.870145,1.583511,0.517441,0.002057,0.480502
1952,1,-1.851238,-2.641915,4.300985,0.002122,0.000962,0.996915
1953,1,-1.640519,1.946720,0.972856,0.019693,0.711594,0.268713
1954,1,-1.263805,1.784725,0.174611,0.038025,0.801736,0.160239
1955,1,-2.469359,-1.670151,4.258601,0.001192,0.002652,0.996156
1956,1,-1.657385,-3.088282,4.768879,0.001615,0.000386,0.997999
1957,1,-0.091274,-2.636966,2.607942,0.062710,0.004918,0.932373
1958,1,2.300985,-3.406274,0.445347,0.862311,0.002864,0.134825
1959,1,2.148335,-3.820384,0.822893,0.788492,0.002017,0.209491
1960,1,3.034059,-2.746353,-1.425754,0.985560,0.003043,0.011398
1961,1,-2.098904,1.727538,1.342207,0.012801,0.587540,0.399660
1962,1,-1.263805,1.784725,0.174611,0.038025,0.801736,0.160239
1963,1,1.992627,-3.902282,1.217809,0.683274,0.001881,0.314844
1964,1,-1.982397,-2.661258,4.529433,0.001482,0.000752,0.997766
1965,1,-1.532007,-1.723722,2.930647,0.011294,0.009324,0.979382
1966,1,-1.610647,-2.929642,4.451793,0.002322,0.000621,0.997057
1967,1,-0.229434,-0.740812,1.605488,0.127157,0.076252,0.796591
1968,1,-2.468904,0.408549,3.255481,0.003077,0.054671,0.942252
1969,1,-1.069987,-2.804960,3.813513,0.007504,0.001324,0.991173
1970,1,-1.289267,0.677816,1.208152,0.049259,0.352191,0.598550
1971,1,-0.865534,-3.025672,3.881389,0.008595,0.000991,0.990414
1972,1,-1.559877,0.150172,2.136918,0.021346,0.118027,0.860627
1973,1,1.666841,-3.350262,1.359902,0.573947,0.003802,0.422251
1974,1,0.285264,-3.528957,2.979676,0.063216,0.001394,0.935390
1975,1,-0.828183,-2.962466,3.377148,0.014671,0.001736,0.983593
1976,1,0.087841,-0.783019,0.327384,0.371850,0.155653,0.472497
1977,1,0.350911,-2.580423,2.511693,0.102762,0.005480,0.891758
1978,1,-1.227953,-2.609612,4.027182,0.005187,0.001303,0.993511
1979,1,-0.017464,-0.051365,-0.053153,0.341110,0.329740,0.329151
1980,1,-0.649821,1.252635,-0.193332,0.107749,0.722168,0.170084
1981,1,-0.990310,-2.260139,3.185091,0.015072,0.004234,0.980694
1982,1,0.119278,1.210333,-1.184711,0.235357,0.700756,0.063887
1983,1,-1.439644,-2.749441,4.087644,0.003957,0.001068,0.994975
1984,1,-1.687709,-2.849025,4.480679,0.002089,0.000654,0.997257
1985,1,2.246639,-3.710908,0.655852,0.828946,0.002144,0.168910
1986,1,-1.584293,-3.282603,4.664849,0.001928,0.000353,0.997719
1987,1,-1.514423,-3.014788,4.325515,0.002899,0.000647,0.996455
1988,1,1.059198,-2.850925,1.691836,0.344518,0.006903,0.648579
1989,1,0.822383,-2.530615,1.488123,0.335468,0.011734,0.652797
1990,1,-1.622107,0.828648,1.498058,0.028371,0.329022,0.642607
1991,1,-2.224578,0.789799,2.670514,0.006451,0.131453,0.862096
1992,1,-0.085792,-0.269608,0.385822,0.291149,0.242262,0.466589
1993,1,2.376657,-3.330089,0.212464,0.894322,0.002972,0.102706
1994,1,-0.799704,-0.048457,0.948736,0.112800,0.239095,0.648105
1995,1,-0.715467,1.473859,-0.368915,0.088157,0.787173,0.124670
1996,1,1.348038,-0.783645,-0.709595,0.802315,0.095185,0.102501
1997,1,-1.391263,-1.825900,3.363873,0.008487,0.005495,0.986018
1998,1,-2.501292,1.744917,2.089321,0.005903,0.412292,0.581805
1999,1,-1.993833,1.045604,2.116552,0.012068,0.252143,0.735789
2000,1,-1.039351,0.631757,0.861864,0.076852,0.408702,0.514447
2001,1,-0.529198,-3.495443,3.605738,0.015739,0.000810,0.983451
2002,1,-2.062923,-2.798671,4.659808,0.001201,0.000576,0.998223
2003,1,-0.079551,0.050161,0.808277,0.218897,0.249215,0.531888
2004,1,2.009282,-3.242696,0.537108,0.809937,0.004242,0.185821
2005,1,0.957903,-3.678741,2.270966,0.211540,0.002050,0.786410
2006,1,-2.703962,-1.787462,4.698752,0.000608,0.001521,0.997871
2007,1,-2.893650,0.795342,3.368235,0.001769,0.070778,0.927453
2008,1,-0.127257,-3.571696,3.405468,0.028370,0.000906,0.970725
2009,1,-1.101068,-2.743885,3.608349,0.008914,0.001724,0.989361
2010,1,-0.171708,1.128184,-0.556704,0.186938,0.685859,0.127203
2011,1,-1.601201,-2.879748,4.142788,0.003189,0.000888,0.995923
2012,1,0.362364,-3.419225,2.875327,0.074827,0.001705,0.923468
2013,1,-2.068423,-2.086198,3.983589,0.002342,0.002301,0.995357
2014,1,-1.999663,0.805444,2.342786,0.010590,0.175048,0.814361
2015,1,-2.412708,-2.269139,4.928324,0.000647,0.000747,0.998605
2016,1,-2.272569,0.665412,3.047045,0.004461,0.084207,0.911333
2017,1,-1.363476,0.248124,1.620379,0.038798,0.194409,0.766794
2018,1,-2.584608,-1.664638,4.638206,0.000728,0.001826,0.997446
2019,1,-2.151845,0.871347,2.265900,0.009572,0.196780,0.793647
2020,1,0.449126,0.737436,-1.107719,0.392932,0.524238,0.082830
2021,1,0.449126,0.737436,-1.107719,0.392932,0.524238,0.082830
2022,1,-2.477247,0.021390,3.631439,0.002160,0.026281,0.971559
2023,1,-2.643734,-0.784487,4.286180,0.000971,0.006233,0.992796
2024,1,2.545715,-3.208683,-0.064676,0.928786,0.002943,0.068271
2025,1,-1.244787,-2.562395,3.869002,0.005968,0.001598,0.992434
2026,1,0.196965,-3.766987,3.213005,0.046665,0.000886,0.952449
2027,1,-1.713089,-2.840102,4.580641,0.001843,0.000597,0.997559
2028,1,-1.175924,1.348089,1.159317,0.041998,0.524078,0.433924
2029,1,-2.823420,-0.218397,3.885021,0.001199,0.016228,0.982572
2030,1,-2.672580,-0.342219,4.077204,0.001156,0.011884,0.986960
2031,1,0.695510,-2.493252,1.950991,0.219744,0.009058,0.771198
2032,1,0.187188,0.589244,-0.888913,0.352632,0.527148,0.120220
2033,1,-0.917286,-2.534165,3.468048,0.012275,0.002437,0.985288
2034,1,2.335415,-3.947176,0.760616,0.827186,0.001546,0.171268
2035,1,0.532674,-0.706350,-0.201788,0.565154,0.163706,0.271140
2036,1,-1.062072,0.906651,0.668026,0.072449,0.518848,0.408702
2037,1,0.518178,-2.645180,2.107330,0.168297,0.007116,0.824587
2038,1,-1.164239,-2.527333,3.741017,0.007339,0.001878,0.990783
2039,1,0.625472,0.418001,-1.337926,0.512028,0.416093,0.071879
2040,1,1.469692,-3.239703,1.280017,0.544592,0.004907,0.450502
2041,1,-0.244724,-3.174427,3.151905,0.032345,0.001728,0.965927
2042,1,-2.538389,-2.331650,4.758978,0.000676,0.000832,0.998492
2043,1,-0.075742,-3.427338,3.259199,0.034350,0.001203,0.964446
2044,1,-1.274110,-2.837553,4.067553,0.004760,0.000997,0.994243
2045,1,-0.642899,-2.948056,3.394550,0.017307,0.001726,0.980967
2046,1,2.145680,-3.419203,0.536899,0.830591,0.003181,0.166227
2047,1,-1.861697,-1.733755,3.703559,0.003798,0.004316,0.991887
2048,1,-2.024234,-2.821194,4.599594,0.001326,0.000598,0.998077
2049,1,-0.212515,0.112941,0.251062,0.251610,0.348394,0.399996
2050,1,-1.263805,1.784725,0.174611,0.038025,0.801736,0.160239
2051,1,1.711091,-3.508988,1.363585,0.584162,0.003159,0.412680
2052,1,-1.304640,-0.354693,2.055143,0.030894,0.079879,0.889227
2053,1,-0.294834,-2.288026,2.761463,0.044673,0.006087,0.949240
2054,1,-0.799746,-2.775040,3.596106,0.012158,0.001687,0.986156
2055,1,0.570676,-1.081789,0.034447,0.562896,0.107838,0.329266
2056,1,0.017548,-2.759071,2.707768,0.063302,0.003940,0.932757
2057,1,0.283397,-3.574764,3.050246,0.059068,0.001247,0.939685
2058,1,-2.345711,-0.725320,3.658678,0.002432,0.012292,0.985277
2059,1,-1.891223,-1.849454,4.277825,0.002084,0.002173,0.995742
2060,1,-2.040973,-1.304440,3.543762,0.003712,0.007753,0.988536
2061,1,-0.736878,1.522096,-0.425718,0.083764,0.801897,0.114339
2062,1,0.966020,-2.847189,1.682911,0.325719,0.007191,0.667090
2063,1,-1.817541,1.586845,1.131454,0.019927,0.599726,0.380346
2064,1,0.099874,-2.650884,2.549127,0.079092,0.005052,0.915856
2065,1,1.369355,-3.669865,1.942088,0.359766,0.002331,0.637903
2066,1,1.351496,-2.230874,0.567563,0.673666,0.018734,0.307600
2067,1,1.918502,-3.311774,0.988312,0.714372,0.003823,0.281805
2068,1,-0.145808,-2.747498,2.860802,0.046964,0.003482,0.949554
2069,1,-1.151464,-2.290444,3.027967,0.015004,0.004803,0.980192
2070,1,-1.995677,-0.484102,3.618573,0.003573,0.016202,0.980225
2071,1,-1.263805,1.784725,0.174611,0.038025,0.801736,0.160239
2072,1,-0.145614,-2.496526,2.723972,0.053405,0.005089,0.941507
2073,1,0.713398,-1.857953,0.838744,0.452494,0.034585,0.512920
2074,1,-0.220266,-2.283258,2.232803,0.078425,0.009966,0.911609
2075,1,-1.581957,-2.591996,4.374727,0.002579,0.000939,0.996481
2076,1,1.495487,-3.553953,1.601752,0.472026,0.003027,0.524947
2077,1,-1.431666,1.753024,0.468518,0.031400,0.758623,0.209977
2078,1,-2.181040,-2.320315,4.415255,0.001362,0.001185,0.997453
2079,1,-1.575852,-2.637712,4.111188,0.003374,0.001167,0.995459
2080,1,-2.024234,-2.821194,4.599594,0.001326,0.000598,0.998077
2081,1,-1.180292,-2.565327,3.728531,0.007314,0.001831,0.990856
2082,1,1.341569,-1.566535,-0.208672,0.789406,0.043085,0.167509
2083,1,-0.215835,-2.466074,2.701315,0.051036,0.005378,0.943586
2084,1,2.208376,-3.898484,0.910982,0.784024,0.001746,0.214229
2085,1,-2.292170,-0.566999,3.873263,0.002072,0.011631,0.986297
2086,1,-1.850181,-2.351903,4.400957,0.001922,0.001164,0.996914
2087,1,1.584587,-3.333079,1.265936,0.576553,0.004218,0.419229
2088,1,-2.551976,1.369124,2.701995,0.004119,0.207825,0.788056
2089,1,-0.987960,-3.031853,3.911809,0.007386,0.000957,0.991657
2090,1,0.271838,-3.668447,2.979100,0.062470,0.001215,0.936315
2091,1,-0.085273,-3.539917,3.424691,0.029003,0.000916,0.970080
2092,1,0.110333,-1.453875,0.749938,0.322063,0.067393,0.610545
2093,1,-0.276513,-1.844415,1.980448,0.092915,0.019371,0.887714
2094,1,0.830055,1.206639,-2.033987,0.397719,0.579596,0.022685
2095,1,-2.195177,1.690946,2.147649,0.007896,0.384706,0.607398
2096,1,-1.146029,-1.831247,3.125135,0.013678,0.006894,0.979428
2097,1,-1.146396,1.531696,0.232882,0.051205,0.745407,0.203388
2098,1,0.759022,-2.391922,1.424885,0.334562,0.014323,0.651114
2099,1,-1.995639,1.045102,1.860180,0.014453,0.302375,0.683172
2100,1,-1.969790,1.327402,1.491119,0.016699,0.451494,0.531806
2101,1,-0.644910,-1.875434,2.792665,0.030861,0.009016,0.960124
2102,1,0.471532,-3.042526,2.531389,0.112681,0.003355,0.883964
2103,1,-1.447279,-2.489096,4.082882,0.003944,0.001392,0.994664
2104,1,-2.230188,-1.607744,3.975545,0.002006,0.003739,0.994255
2105,1,-1.963724,-0.923220,3.289982,0.005125,0.014508,0.980366
2106,1,0.519401,0.390914,-1.055287,0.479272,0.421484,0.099244
2107,1,-2.334116,-0.896898,4.215099,0.001421,0.005979,0.992600
2108,1,-0.254742,0.098894,0.245620,0.245486,0.349630,0.404884
2109,1,-0.093906,-2.934364,2.911794,0.047039,0.002747,0.950213
2110,1,0.315815,-1.278287,0.536042,0.408255,0.082913,0.508832
2111,1,-1.423066,-1.015121,2.921030,0.012574,0.018909,0.968517
2112,1,0.438360,-0.732007,0.280902,0.461987,0.143333,0.394681
2113,1,-0.549291,1.097500,-0.200871,0.131456,0.682294,0.186250
2114,1,0.224412,-3.518537,3.162840,0.050226,0.001190,0.948584
2115,1,-1.488247,-2.959795,4.352080,0.002898,0.000665,0.996437
2116,1,-1.851707,-1.997990,4.136178,0.002497,0.002157,0.995345
2117,1,-2.805343,0.102036,3.824132,0.001288,0.023582,0.975130
2118,1,0.669246,-3.247495,2.344770,0.157196,0.003129,0.839675
2119,1,-1.946245,-2.659829,4.727341,0.001261,0.000618,0.998120
2120,1,2.998076,-3.739753,-0.223200,0.960532,0.001138,0.038329
2121,1,-2.321290,-2.509576,4.950358,0.000694,0.000575,0.998731
2122,1,0.140266,0.646710,-0.840272,0.329545,0.546840,0.123615
2123,1,-2.230276,-1.426332,4.446739,0.001254,0.002803,0.995943
2124,1,-0.615699,-2.934817,3.484230,0.016278,0.001601,0.982121
2125,1,-0.160595,-0.354658,0.876760,0.215269,0.177297,0.607434
2126,1,-1.823077,-0.693794,3.267437,0.006004,0.018572,0.975425
2127,1,-1.495833,-2.553995,4.333428,0.002929,0.001017,0.996055
2128,1,-2.743439,-0.699762,4.305743,0.000862,0.006651,0.992488
2129,1,-0.507559,0.014625,1.296134,0.114185,0.192482,0.693333
2130,1,-1.620467,-2.379210,4.098411,0.003268,0.001530,0.995202
2131,1,-1.801294,1.560275,1.139716,0.020505,0.591240,0.388255
2132,1,-2.742235,0.383311,3.391521,0.002062,0.046959,0.950979
2133,1,-0.549523,-3.008632,3.297736,0.020855,0.001783,0.977362
2134,1,-1.991738,0.777332,2.000421,0.014062,0.224196,0.761742
2135,1,-2.431815,-2.303885,4.688684,0.000807,0.000917,0.998276
2136,1,-1.870068,-2.823730,4.724946,0.001365,0.000526,0.998110
2137,1,-2.546913,-2.157247,5.071371,0.000491,0.000725,0.998785
2138,1,-1.263805,1.784725,0.174611,0.038025,0.801736,0.160239
2139,1,-0.914029,-2.292388,3.232196,0.015517,0.003910,0.980573
2140,1,-2.406677,-2.194707,4.667349,0.000845,0.001045,0.998110
2141,1,-2.352767,-0.320186,3.463553,0.002904,0.022167,0.974929
2142,1,1.368358,-3.279190,1.404217,0.488736,0.004685,0.506579
2143,1,-2.542396,-2.024455,4.841657,0.000620,0.001041,0.998339
2144,1,-1.150417,1.412188,0.436696,0.053025,0.687706,0.259270
2145,1,-0.125827,-3.265203,3.058241,0.039701,0.001719,0.958579
2146,1,1.395602,-2.168267,0.670343,0.661145,0.018730,0.320126
2147,1,-1.581507,1.890754,0.464473,0.024422,0.786629,0.188949
2148,1,0.536404,-3.083254,2.462255,0.126778,0.003397,0.869825
2149,1,0.139340,-3.425975,3.174531,0.045802,0.001296,0.952903
2150,1,1.718261,-4.083022,1.598066,0.529165,0.001600,0.469235
2151,1,-1.795865,-2.250955,3.771301,0.003798,0.002409,0.993793
2152,1,-0.775267,1.541331,-0.328515,0.078713,0.798240,0.123047
2153,1,-0.617248,-0.261992,0.867599,0.146181,0.208534,0.645285
2154,1,-0.306339,0.505183,-0.052966,0.220279,0.495921,0.283800
2155,1,-1.278706,1.046737,0.833602,0.051286,0.524718,0.423996
2156,1,-2.638973,-0.734042,3.890428,0.001444,0.009700,0.988857
2157,1,0.402060,-2.217962,1.764777,0.200820,0.014620,0.784560
2158,1,-2.503759,-2.244187,4.878402,0.000621,0.000806,0.998573
2159,1,-1.642612,0.810920,1.555717,0.026939,0.313283,0.659778
2160,1,2.050945,-2.040262,-0.862126,0.933683,0.015610,0.050707
2161,1,0.396176,-3.031120,2.654113,0.094377,0.003065,0.902558
2162,1,0.180970,-2.997256,2.618604,0.080080,0.003336,0.916584
2163,1,-1.824266,-1.365134,3.827993,0.003478,0.005505,0.991017
2164,1,-0.398395,-2.935383,2.980107,0.032888,0.002602,0.964510
2165,1,0.449126,0.737436,-1.107719,0.392932,0.524238,0.082830
2166,1,-1.639685,-2.713922,4.299126,0.002626,0.000897,0.996477
2167,1,-0.279225,-2.883837,3.122616,0.032161,0.002378,0.965461
2168,1,-0.284930,0.149492,0.221686,0.237884,0.367309,0.394807
2169,1,2.330932,-3.323161,-0.143286,0.919344,0.003221,0.077435
2170,1,2.961958,-3.443065,-0.562568,0.969820,0.001603,0.028576
2171,1,1.030643,-2.463996,1.281182,0.431951,0.013114,0.554935
2172,1,-2.972609,1.191068,3.188371,0.001855,0.119265,0.878881
2173,1,-2.107893,0.176808,3.134297,0.005002,0.049137,0.945861
2174,1,-0.875127,-2.623128,3.203868,0.016595,0.002889,0.980516
2175,1,0.709731,0.705798,-1.535664,0.475746,0.473879,0.050375
2176,1,-0.109852,-3.344684,3.200840,0.035157,0.001384,0.963458
2177,1,-0.200527,0.137449,0.135813,0.263025,0.368789,0.368186
2178,1,-2.024234,-2.821194,4.599594,0.001326,0.000598,0.998077
2179,1,-1.409895,-2.828095,4.178828,0.003723,0.000901,0.995376
2180,1,-0.033914,-3.495626,3.347249,0.032855,0.001031,0.966114
2181,1,2.814050,-3.661051,-0.186896,0.951220,0.001466,0.047314
2182,1,-0.947891,0.431439,1.002460,0.083310,0.330926,0.585764
2183,1,-0.490140,1.268780,-0.372070,0.126080,0.732040,0.141880
2184,1,-1.666319,1.425437,0.957436,0.027172,0.598202,0.374626
2185,1,-2.060714,-1.842968,3.843735,0.002711,0.003370,0.993919
2186,1,-1.119419,0.698097,0.986864,0.065044,0.400447,0.534509
2187,1,-1.190082,-2.391793,3.631100,0.007974,0.002398,0.989629
2188,1,-1.664065,-2.402418,4.172239,0.002907,0.001389,0.995704
2189,1,0.120551,-2.670290,2.435990,0.089360,0.005484,0.905156
2190,1,-0.270562,0.104354,0.935060,0.172601,0.251112,0.576287
2191,1,1.616751,-3.557397,1.550319,0.515095,0.002916,0.481989
2192,1,-2.011348,-2.692259,4.888163,0.001007,0.000510,0.998484
2193,1,-2.302238,-2.229744,4.638812,0.000965,0.001038,0.997997
2194,1,-2.365046,-1.732317,4.736891,0.000822,0.001547,0.997632
2195,1,0.144973,-1.946960,1.477034,0.203571,0.025130,0.771298
2196,1,-1.756887,0.661663,2.516866,0.011902,0.133653,0.854445
2197,1,1.784167,-3.578020,1.197375,0.640697,0.003005,0.356297
2198,1,-2.059236,-2.579750,4.465821,0.001463,0.000869,0.997668
2199,1,0.201936,-2.998159,2.803212,0.068863,0.002807,0.928331
2200,1,-1.042437,-3.356562,4.156295,0.005490,0.000543,0.993967
2201,1,0.654725,-2.346081,1.617667,0.272544,0.013558,0.713898
2202,1,-1.558486,-2.045233,3.856716,0.004417,0.002715,0.992869
2203,1,-1.263805,1.784725,0.174611,0.038025,0.801736,0.160239
2204,1,1.814512,-3.689704,1.350683,0.612392,0.002492,0.385116
2205,1,0.790312,-3.554764,2.423243,0.163084,0.002115,0.834801
2206,1,-0.574633,0.344030,0.471526,0.157415,0.394472,0.448113
2207,1,-2.240292,0.580235,2.506361,0.007520,0.126224,0.866257
2208,1,0.283829,-1.910654,0.981367,0.320490,0.035708,0.643802
2209,1,-2.192256,-0.307222,3.292191,0.004024,0.026505,0.969471
2210,1,-0.990326,0.746366,0.855824,0.076841,0.436343,0.486816
2211,1,0.921496,0.632413,-1.839431,0.551821,0.413286,0.034893
2212,1,-0.459710,-3.026582,3.223592,0.024477,0.001879,0.973644
2213,1,-2.024234,-2.821194,4.599594,0.001326,0.000598,0.998077
2214,1,2.828035,-3.249813,-0.556315,0.965071,0.002213,0.032716
2215,1,0.692052,-2.570015,1.730440,0.258868,0.009917,0.731215
2216,1,-1.467224,1.759433,0.360543,0.030850,0.777266,0.191884
2217,1,-1.683160,-1.906770,3.736726,0.004393,0.003512,0.992095
2218,1,0.404942,-0.587244,0.585693,0.389275,0.144329,0.466396
2219,1,-0.872160,-3.158109,3.742682,0.009797,0.000996,0.989207
2220,1,0.449126,0.737436,-1.107719,0.392932,0.524238,0.082830
2221,1,2.632561,-2.791462,-0.794162,0.964411,0.004252,0.031337
2222,1,1.121076,-3.840446,2.149960,0.262816,0.001840,0.735344
2223,1,-0.126928,-2.783524,2.948425,0.043999,0.003088,0.952913
2224,1,1.561931,-3.200223,1.034482,0.625526,0.005346,0.369128
2225,1,-1.440531,0.142256,1.750631,0.033129,0.161288,0.805583
2226,1,0.462905,-1.202088,0.838552,0.378054,0.071525,0.550421
2227,1,-0.889524,-2.761147,3.613509,0.010936,0.001683,0.987382
2228,1,-2.307819,-2.430694,4.992974,0.000674,0.000596,0.998730
2229,1,-1.834077,-2.750170,4.332256,0.002093,0.000837,0.997070
2230,1,-0.450698,-2.385324,2.962789,0.031731,0.004584,0.963685
2231,1,-0.064645,0.792247,-0.590901,0.253380,0.596920,0.149700
2232,1,-1.784036,-1.429552,3.763582,0.003860,0.005503,0.990637
2233,1,-2.030636,1.832407,1.217640,0.013449,0.640299,0.346253
2234,1,-1.363063,-1.894607,3.597507,0.006932,0.004074,0.988994
2235,1,1.957765,-3.898091,1.205204,0.678416,0.001942,0.319641
2236,1,-1.101709,-1.987678,3.375913,0.011181,0.004610,0.984209
2237,1,-1.690241,-2.910134,4.558060,0.001929,0.000570,0.997502
2238,1,-1.890310,-2.431460,4.297523,0.002048,0.001192,0.996761
2239,1,1.036083,-2.970829,1.648669,0.349237,0.006352,0.644411
2240,1,-0.419827,1.364135,-0.581159,0.128133,0.762825,0.109042
2241,1,2.306789,-3.741149,0.785703,0.819110,0.001935,0.178955
2242,1,0.177190,-2.934846,2.535494,0.086077,0.003831,0.910092
2243,1,-1.143219,0.609350,1.065738,0.062990,0.363413,0.573598
2244,1,-2.396226,0.710261,2.881275,0.004562,0.101917,0.893522
2245,1,-1.554802,-1.782432,3.431041,0.006751,0.005377,0.987872
2246,1,-1.985781,1.876091,1.053792,0.014399,0.684721,0.300880
2247,1,2.791689,-0.910399,-2.910092,0.972751,0.024000,0.003249
2248,1,0.353828,-3.272485,2.739858,0.084056,0.002237,0.913707
2249,1,0.397765,-3.598673,2.885176,0.076637,0.001409,0.921954
2250,1,-0.752416,0.189310,0.784004,0.121768,0.312263,0.565969
2251,1,3.122539,-3.731814,-0.511509,0.973270,0.001027,0.025703
2252,1,-0.486970,-0.328462,1.745555,0.086993,0.101935,0.811071
2253,1,2.411805,-3.616348,0.320780,0.888123,0.002140,0.109737
2254,1,-1.513993,-2.691690,4.220571,0.003219,0.000991,0.995790
2255,1,-0.665242,-2.558534,3.346907,0.017725,0.002669,0.979606
2256,1,1.627539,-3.075207,0.846783,0.681603,0.006182,0.312215
2257,1,-1.615299,-2.211324,4.064596,0.003396,0.001871,0.994733
2258,1,-1.370907,0.008332,2.289858,0.022798,0.090552,0.886650
2259,1,0.379143,-3.529552,2.885771,0.075281,0.001511,0.923208
2260,1,0.271954,0.004749,-0.462815,0.445408,0.340967,0.213625
2261,1,0.322924,-2.383058,1.717280,0.196110,0.013101,0.790789
2262,1,-1.787538,-1.499203,3.438402,0.005309,0.007083,0.987608
2263,1,0.245234,-3.505106,2.863873,0.067840,0.001595,0.930565
2264,1,-1.844402,-0.244766,2.848858,0.008684,0.042994,0.948322
2265,1,-1.857981,1.642353,1.071369,0.018924,0.626898,0.354178
2266,1,-0.910589,0.330851,0.882126,0.095544,0.330641,0.573815
2267,1,-0.980972,0.776947,0.668704,0.083294,0.483135,0.433571
2268,1,-0.850400,-3.437050,4.013364,0.007658,0.000576,0.991766
2269,1,-2.389423,-2.507092,4.797735,0.000755,0.000671,0.998574
2270,1,-0.835215,-2.671128,3.631371,0.011336,0.001808,0.986857
2271,1,0.754639,-3.333399,2.226242,0.186116,0.003122,0.810762
2272,1,0.122045,-3.806607,3.342393,0.038378,0.000755,0.960867
2273,1,-1.589418,-0.697376,2.466516,0.016345,0.039885,0.943770
2274,1,-2.725457,-1.986272,4.737766,0.000573,0.001200,0.998228
2275,1,1.677932,-3.388035,1.245016,0.604258,0.003812,0.391931
2276,1,-1.346601,-2.830837,4.240494,0.003729,0.000845,0.995426
2277,1,-0.456163,-2.829650,3.098256,0.027731,0.002583,0.969686
2278,1,-2.279728,-2.570005,4.892917,0.000766,0.000573,0.998661
2279,1,-2.245824,0.721690,2.462661,0.007615,0.148054,0.844332
2280,1,-0.120479,0.103644,-0.032775,0.299142,0.374294,0.326563
2281,1,-2.368474,-1.768699,4.475610,0.001063,0.001936,0.997002
2282,1,-2.004908,-2.271118,4.301133,0.001819,0.001394,0.996786
2283,1,-0.897666,-2.480989,3.011683,0.019580,0.004020,0.976400
2284,1,0.343440,-3.541489,2.841818,0.075854,0.001559,0.922588
2285,1,-0.682755,0.315264,0.721654,0.128435,0.348432,0.523132
2286,1,-1.425560,-0.455397,2.081882,0.027026,0.071305,0.901669
2287,1,-2.046787,0.050701,2.638644,0.008510,0.069323,0.922166
2288,1,-2.024234,-2.821194,4.599594,0.001326,0.000598,0.998077
2289,1,-0.687654,-3.207128,3.902683,0.010039,0.000808,0.989152
2290,1,0.191529,-1.118009,0.792169,0.323287,0.087270,0.589444
2291,1,-0.623937,-2.613208,3.140006,0.022596,0.003091,0.974313
2292,1,-0.926011,-3.268947,3.946351,0.007592,0.000729,0.991679
2293,1,0.326693,-3.010693,2.437418,0.107645,0.003825,0.888530
2294,1,-2.133167,-2.393053,4.655553,0.001124,0.000867,0.998009
2295,1,1.519438,-2.739065,0.704839,0.686361,0.009708,0.303932
2296,1,0.505947,0.351361,-1.113825,0.486686,0.416978,0.096336
2297,1,-0.220179,-0.156951,0.409473,0.253664,0.270220,0.476116
2298,1,-1.630411,-2.997674,4.544626,0.002075,0.000529,0.997396
2299,1,0.971242,1.217330,-2.327212,0.431788,0.552262,0.015950
2300,1,0.299534,-3.124859,2.749708,0.079221,0.002580,0.918199
2301,1,-0.539829,-2.626567,3.137112,0.024601,0.003053,0.972347
2302,1,-1.263805,1.784725,0.174611,0.038025,0.801736,0.160239
2303,1,-0.548174,-3.341717,3.684559,0.014293,0.000875,0.984833
2304,1,-2.012009,1.260884,1.941224,0.012580,0.331956,0.655464
2305,1,-2.075376,-2.356683,4.594913,0.001265,0.000955,0.997780
2306,1,-1.263805,1.784725,0.174611,0.038025,0.801736,0.160239
2307,1,-0.513175,-3.283681,3.769625,0.013604,0.000852,0.985544
2308,1,2.902092,-3.409152,-0.764630,0.973354,0.001767,0.024879
2309,1,-1.530315,-2.973404,4.347145,0.002792,0.000660,0.996548
2310,1,1.877142,-3.743801,1.295885,0.639870,0.002317,0.357813
2311,1,-0.495934,1.159459,-0.329896,0.134848,0.705948,0.159204
2312,1,-1.539800,-0.602667,3.235933,0.008187,0.020898,0.970916
2313,1,-2.218776,0.723318,2.397718,0.008258,0.156535,0.835207
2314,1,0.559402,-2.124019,1.834184,0.215227,0.014706,0.770066
2315,1,-0.910592,0.702649,0.664049,0.092182,0.462668,0.445150
2316,1,-1.263805,1.784725,0.174611,0.038025,0.801736,0.160239
2317,1,-0.971657,1.030579,0.898194,0.067146,0.497256,0.435598
2318,1,0.609793,-3.198626,2.474486,0.133759,0.002967,0.863274
2319,1,-2.256634,-2.704940,4.856378,0.000813,0.000519,0.998667
2320,1,-2.738306,-1.093414,4.745573,0.000560,0.002902,0.996538
2321,1,-1.354973,-2.809664,3.886150,0.005260,0.001228,0.993512
2322,1,-1.787966,-2.951369,4.871913,0.001279,0.000400,0.998321
2323,1,-1.683166,-1.498093,3.877369,0.003814,0.004590,0.991596
2324,1,-0.605996,-2.788351,3.302894,0.019625,0.002213,0.978162
2325,1,-0.786425,0.655254,0.498762,0.113082,0.478087,0.408831
2326,1,-0.519830,-1.245918,1.867054,0.080884,0.039132,0.879984
2327,1,0.088084,0.162436,0.204862,0.312397,0.336509,0.351094
2328,1,-0.474057,-1.260517,1.337818,0.131972,0.060107,0.807921
2329,1,-1.702591,-1.722219,3.533769,0.005264,0.005162,0.989574
2330,1,0.185600,-3.516738,3.118518,0.050487,0.001245,0.948268
2331,1,-1.617939,-2.863541,4.277422,0.002742,0.000789,0.996468
2332,1,1.571551,-2.404283,-0.081480,0.826288,0.015504,0.158208
2333,1,-0.089035,-3.118490,3.069429,0.040679,0.001966,0.957355
2334,1,-0.721951,-3.114450,3.663832,0.012286,0.001123,0.986591
2335,1,-1.962731,-0.607649,3.671727,0.003511,0.013614,0.982875
2336,1,-0.795230,-3.415568,3.977694,0.008380,0.000610,0.991011
2337,1,0.175925,1.378443,-1.399688,0.220489,0.733896,0.045615
2338,1,2.242445,-2.226283,-1.078724,0.954588,0.010941,0.034471
2339,1,0.252006,0.151087,0.082838,0.363852,0.328924,0.307224
2340,1,0.168671,-0.560199,0.116960,0.411175,0.198373,0.390453
2341,1,0.105109,-3.335488,3.038439,0.050449,0.001617,0.947935
2342,1,1.936440,-3.543833,1.037543,0.708624,0.002954,0.288423
2343,1,-2.373975,-2.271745,4.668832,0.000872,0.000966,0.998162
2344,1,-0.843575,0.629270,0.562169,0.105930,0.462028,0.432042
2345,1,0.914210,-3.666857,2.344088,0.192736,0.001974,0.805289
2346,1,-0.362618,-2.169778,2.073317,0.079424,0.013035,0.907541
2347,1,0.787800,-3.145421,2.021511,0.224541,0.004397,0.771062
2348,1,-2.711457,1.155094,2.675848,0.003740,0.178680,0.817580
2349,1,-2.195832,-1.800211,4.017768,0.001992,0.002959,0.995049
2350,1,-0.026893,-3.460501,3.207674,0.037839,0.001221,0.960940
2351,1,-2.220713,-1.419318,4.195495,0.001626,0.003624,0.994749
2352,1,-2.393860,-2.466547,5.213989,0.000496,0.000461,0.999043
2353,1,-2.068720,0.353784,3.051279,0.005568,0.062770,0.931662
2354,1,-1.033461,1.709220,-0.116206,0.052546,0.815963,0.131491
2355,1,-2.024234,-2.821194,4.599594,0.001326,0.000598,0.998077
2356,1,-2.811975,-0.955094,4.499767,0.000664,0.004254,0.995081
2357,1,1.177584,-3.513859,2.111712,0.281360,0.002581,0.716059
2358,1,-1.532490,1.305244,0.900118,0.033938,0.579559,0.386503
2359,1,2.279030,-2.884569,-0.170865,0.915731,0.005239,0.079030
2360,1,-1.377130,-2.246073,3.929246,0.004925,0.002066,0.993009
2361,1,-2.440220,-2.413402,5.038155,0.000565,0.000580,0.998856
2362,1,0.987534,-3.828002,2.296933,0.212222,0.001720,0.786059
2363,1,-1.507275,1.421744,0.861278,0.032904,0.615615,0.351481
2364,1,-0.075803,-3.692171,3.506763,0.027032,0.000727,0.972241
2365,1,-1.597270,-2.971669,4.277868,0.002799,0.000708,0.996493
2366,1,-0.100766,0.933516,-0.632056,0.227225,0.639202,0.133573
2367,1,-1.712514,-2.765103,4.546500,0.001908,0.000666,0.997426
2368,1,-0.022246,-2.925994,2.945854,0.048757,0.002673,0.948570
2369,1,-0.803096,1.049455,0.176954,0.099595,0.635025,0.265380
2370,1,1.809606,-2.061602,-0.379930,0.882767,0.018391,0.098842
2371,1,-1.272025,1.367680,0.625896,0.046123,0.646143,0.307734
2372,1,-1.535216,-2.865054,4.231782,0.003117,0.000824,0.996059
2373,1,-2.083124,-1.416931,3.783679,0.002808,0.005468,0.991724
2374,1,1.623635,-2.179851,-0.203881,0.845233,0.018843,0.135924
2375,1,-1.536056,0.533891,1.644325,0.030321,0.240277,0.729402
2376,1,-0.725513,-3.520023,3.936075,0.009358,0.000572,0.990070
2377,1,2.638479,-3.873681,0.244942,0.915088,0.001359,0.083553
2378,1,0.307512,1.059451,-1.245509,0.300055,0.636451,0.063494
2379,1,-3.090502,-1.047237,4.698890,0.000413,0.003184,0.996404
2380,1,-0.261647,0.205962,0.071731,0.250511,0.399858,0.349631
2381,1,-2.709069,-1.905659,4.960153,0.000466,0.001041,0.998492
2382,1,-0.441007,1.269637,0.257487,0.117052,0.647591,0.235358
2383,1,3.289828,-3.134726,-1.426028,0.989537,0.001604,0.008859
2384,1,-0.378174,-3.582538,3.672524,0.017100,0.000694,0.982206
2385,1,-2.063276,1.007384,2.009131,0.012307,0.265292,0.722401
2386,1,-2.800915,-0.133816,4.282194,0.000828,0.011928,0.987243
2387,1,-0.167305,0.221806,0.050401,0.268897,0.396803,0.334299
2388,1,0.763753,-1.658711,0.273271,0.587878,0.052146,0.359976
2389,1,-1.263805,1.784725,0.174611,0.038025,0.801736,0.160239
2390,1,0.194016,-0.768159,0.161440,0.425530,0.162578,0.411891
2391,1,-0.989582,-2.486126,3.361976,0.012687,0.002841,0.984473
2392,1,-1.667647,0.766403,1.706070,0.024043,0.274212,0.701745
2393,1,-2.222749,-2.388568,4.767743,0.000919,0.000779,0.998302
2394,1,-1.984957,1.269492,1.609701,0.015796,0.409191,0.575013
2395,1,-1.449061,-2.940037,4.416085,0.002827,0.000636,0.996537
2396,1,-1.255241,-2.836851,4.003602,0.005169,0.001063,0.993768
2397,1,0.867080,-3.341254,2.093948,0.225968,0.003360,0.770671
2398,1,-0.912648,0.581618,0.742410,0.093550,0.416866,0.489584
2399,1,0.526898,-0.244200,-0.647323,0.564473,0.261071,0.174456
2400,1,-1.710875,-2.667911,4.366543,0.002287,0.000878,0.996835
2401,1,-1.187813,-2.848938,3.921400,0.005998,0.001139,0.992863
2402,1,-0.938958,-2.721650,3.552523,0.011059,0.001860,0.987081
2403,1,-1.263805,1.784725,0.174611,0.038025,0.801736,0.160239
2404,1,-2.058431,-2.334045,4.370835,0.001609,0.001221,0.997169
2405,1,-1.570682,0.155082,2.509757,0.015200,0.085377,0.899423
2406,1,-1.634655,-1.760486,3.892069,0.003949,0.003482,0.992568
2407,1,1.087091,-3.864247,2.365201,0.217537,0.001539,0.780924
2408,1,-2.161123,0.902814,2.214091,0.009817,0.210189,0.779994
2409,1,-1.006986,1.164792,0.367659,0.072846,0.639144,0.288010
2410,1,-0.122145,0.841217,-0.586477,0.235347,0.616725,0.147928
2411,1,-2.024234,-2.821194,4.599594,0.001326,0.000598,0.998077
2412,1,0.276591,-3.431143,2.802739,0.073911,0.001813,0.924276
2413,1,-1.160527,-2.216699,3.663018,0.007952,0.002766,0.989282
2414,1,1.466186,-2.506620,0.681765,0.677872,0.012758,0.309370
2415,1,-1.328530,0.101749,1.662863,0.039851,0.166573,0.793575
2416,1,-2.104406,-2.041304,4.658222,0.001153,0.001229,0.997618
2417,1,-0.785164,-2.985528,3.662638,0.011554,0.001280,0.987166
2418,1,-2.697622,1.376227,2.541143,0.004029,0.236817,0.759154
2419,1,0.824575,-3.022749,1.813260,0.269612,0.005753,0.724635
2420,1,-1.670746,-2.341201,4.412194,0.002274,0.001163,0.996563
2421,1,-2.306909,-2.416469,4.965096,0.000694,0.000622,0.998684
2422,1,-1.736303,0.271569,2.372984,0.014419,0.107388,0.878192
2423,1,0.921870,-2.964173,1.727495,0.306878,0.006299,0.686823
2424,1,-2.680887,-0.328399,3.895411,0.001371,0.014412,0.984217
2425,1,-1.870775,-1.436820,4.116381,0.002495,0.003850,0.993655
2426,1,-1.569083,0.929479,1.405067,0.030546,0.371586,0.597868
2427,1,1.524734,-3.860694,1.759728,0.440629,0.002019,0.557352
2428,1,-1.911960,-2.273567,4.153626,0.002312,0.001611,0.996077
2429,1,-0.423769,-0.955697,1.196273,0.150585,0.088464,0.760951
2430,1,-1.676532,-0.056689,2.249033,0.017626,0.089052,0.893322
2431,1,-2.111453,-2.552813,4.723777,0.001073,0.000690,0.998236
2432,1,-1.077235,-2.545952,3.559134,0.009579,0.002205,0.988216
2433,1,-1.263805,1.784725,0.174611,0.038025,0.801736,0.160239
2434,1,3.248542,-3.328575,-1.148243,0.986477,0.001373,0.012150
2435,1,-1.442311,0.169384,2.260792,0.021466,0.107575,0.870959
2436,1,-0.135153,1.183777,-0.838224,0.191041,0.714382,0.094577
2437,1,-1.841679,1.032724,1.689196,0.018915,0.335073,0.646012
2438,1,-2.002630,1.033525,1.900052,0.014013,0.291830,0.694157
2439,1,0.290641,-3.224215,2.737385,0.079489,0.002365,0.918146
2440,1,-0.828749,-1.102283,2.547916,0.032223,0.024512,0.943265
2441,1,-2.185489,0.595585,2.625225,0.007145,0.115296,0.877559
2442,1,0.460492,-3.125227,2.358042,0.129916,0.003601,0.866483
2443,1,3.373908,-3.037293,-1.538346,0.991081,0.001628,0.007290
2444,1,-1.991198,1.073678,2.233721,0.011013,0.236031,0.752956
2445,1,-2.560424,-2.117049,4.880668,0.000586,0.000913,0.998502
2446,1,1.085973,-3.593062,2.279877,0.232060,0.002155,0.765785
2447,1,1.629036,-3.490644,1.297780,0.580047,0.003467,0.416486
2448,1,-2.926207,1.448233,2.795086,0.002593,0.205850,0.791557
2449,1,-1.615404,-1.876850,3.731024,0.004725,0.003638,0.991636
2450,1,-0.822218,1.592496,-0.307018,0.072147,0.807080,0.120773
2451,1,0.545215,-3.827096,2.801403,0.094704,0.001195,0.904101
2452,1,-0.948899,-3.435744,4.069148,0.006570,0.000546,0.992883
2453,1,-1.445907,-2.507111,4.015936,0.004222,0.001461,0.994318
2454,1,0.468114,-1.132627,-0.014135,0.549710,0.110902,0.339387
2455,1,-0.206703,-3.344813,3.330487,0.028238,0.001225,0.970538
2456,1,-2.752190,0.526464,3.462972,0.001895,0.050283,0.947823
2457,1,-0.101874,-1.528486,1.274945,0.192219,0.046156,0.761625
2458,1,-0.593179,-2.698630,3.177203,0.022463,0.002736,0.974802
2459,1,-2.268584,1.690057,1.692749,0.009442,0.494613,0.495946
2460,1,-2.584845,-0.094328,3.541061,0.002125,0.025641,0.972234
2461,1,-2.084432,0.864904,2.161710,0.011120,0.212316,0.776564
2462,1,-0.324159,-1.449675,1.681187,0.114245,0.037071,0.848685
2463,1,-0.982721,-1.319396,2.780562,0.022320,0.015939,0.961741
2464,1,-2.253271,-0.881974,3.976604,0.001951,0.007687,0.990363
2465,1,-0.128144,0.911476,-0.575533,0.223842,0.633057,0.143101
2466,1,-0.981594,0.651075,0.868427,0.080144,0.410140,0.509715
2467,1,-2.536183,-2.241581,4.928435,0.000572,0.000768,0.998659
2468,1,-2.203391,-1.778347,4.162911,0.001711,0.002617,0.995672
2469,1,0.310767,-3.147793,2.499154,0.100479,0.003163,0.896358
2470,1,-1.689178,1.435686,1.049897,0.025491,0.580095,0.394414
2471,1,-0.813646,-2.866687,3.468474,0.013601,0.001746,0.984653
2472,1,-0.551699,-0.490736,1.211632,0.126667,0.134630,0.738703
2473,1,1.008213,-1.683061,-0.240613,0.738206,0.050046,0.211748
2474,1,1.803208,-4.071593,1.537634,0.565107,0.001588,0.433305
2475,1,-2.556836,-2.296393,4.916872,0.000567,0.000736,0.998697
2476,1,-2.648232,0.155133,3.875564,0.001431,0.023617,0.974952
2477,1,-0.044937,-2.514720,2.414403,0.078237,0.006619,0.915144
2478,1,-0.355518,1.559089,-0.835714,0.119006,0.807369,0.073625
2479,1,1.337262,-3.306361,1.411609,0.479202,0.004611,0.516187
2480,1,-0.201132,-2.903263,3.091197,0.035749,0.002397,0.961853
2481,1,0.020824,-2.982625,2.712977,0.063239,0.003138,0.933623
2482,1,-2.376468,-1.782811,4.627158,0.000906,0.001641,0.997453
2483,1,-0.206804,-1.301340,1.324552,0.167810,0.056165,0.776026
2484,1,-2.856098,-1.427892,4.251177,0.000816,0.003402,0.995782
2485,1,1.418940,-3.465435,1.569723,0.460764,0.003485,0.535751
2486,1,-1.355247,-2.825385,4.155917,0.004021,0.000924,0.995054
2487,1,-1.897718,-2.276854,4.309558,0.002008,0.001374,0.996618
2488,1,-1.915932,-2.416490,4.334499,0.001924,0.001166,0.996910
2489,1,-1.049706,-2.873290,3.854658,0.007351,0.001187,0.991462
2490,1,1.119339,-3.798714,2.210084,0.251016,0.001836,0.747148
2491,1,-1.101080,-3.070722,4.126629,0.005333,0.000744,0.993923
2492,1,-0.681660,1.216647,-0.042130,0.104491,0.697436,0.198073
2493,1,1.079302,-3.766395,2.346209,0.219408,0.001725,0.778867
2494,1,-1.229373,-3.004684,3.966168,0.005506,0.000933,0.993562
2495,1,-0.118588,-2.689045,2.661483,0.058151,0.004449,0.937401
2496,1,-0.793065,-2.536686,3.318025,0.016080,0.002812,0.981108
2497,1,-2.241704,-2.155641,4.548008,0.001123,0.001224,0.997654
2498,1,2.055592,-3.264663,0.847835,0.767013,0.003752,0.229235
2499,1,-0.948899,-3.435744,4.069148,0.006570,0.000546,0.992883
2500,1,-0.261134,-2.765528,2.581552,0.054814,0.004480,0.940706
2501,1,-0.152165,-3.318251,3.123766,0.036350,0.001533,0.962117
2502,1,-2.109433,-2.987528,5.069920,0.000761,0.000316,0.998922
2503,1,-1.797927,-2.334198,4.225418,0.002412,0.001411,0.996177
2504,1,-2.312545,-2.327893,4.894615,0.000740,0.000729,0.998531
2505,1,-1.378415,-2.755876,3.980947,0.004676,0.001179,0.994144
2506,1,-0.695676,-3.154499,3.605484,0.013356,0.001142,0.985501
2507,1,-2.284307,1.877210,1.491332,0.009192,0.589818,0.400990
2508,1,-1.126776,-1.814623,3.111840,0.014121,0.007098,0.978780
2509,1,-0.754026,-1.810751,2.630430,0.032415,0.011267,0.956317
2510,1,-2.024234,-2.821194,4.599594,0.001326,0.000598,0.998077
2511,1,-0.339475,-3.342088,3.537027,0.020282,0.001007,0.978711
2512,1,2.044684,-3.953812,1.051474,0.728402,0.001808,0.269790
2513,1,-0.837155,-2.727811,3.715932,0.010408,0.001571,0.988020
2514,1,-0.892535,0.360059,0.829973,0.099030,0.346546,0.554424
2515,1,-1.263805,1.784725,0.174611,0.038025,0.801736,0.160239
2516,1,0.086360,-0.532051,0.608292,0.310166,0.167117,0.522717
2517,1,2.758112,-3.609531,-0.301069,0.953614,0.001637,0.044749
2518,1,-2.553171,-1.939462,4.960856,0.000545,0.001006,0.998450
2519,1,-1.263805,1.784725,0.174611,0.038025,0.801736,0.160239
2520,1,0.197833,-1.698730,1.040432,0.287979,0.043221,0.668800
2521,1,-2.426012,2.167253,1.504386,0.006634,0.655527,0.337840
2522,1,-2.254212,-2.610816,5.089472,0.000646,0.000452,0.998902
2523,1,2.608975,-3.465738,-0.007334,0.929910,0.002139,0.067951
2524,1,-1.369274,-2.881757,4.187767,0.003842,0.000847,0.995311
2525,1,0.020824,-2.982625,2.712977,0.063239,0.003138,0.933623
2526,1,-2.181040,-2.320315,4.415255,0.001362,0.001185,0.997453
2527,1,-1.479349,-0.264714,2.089323,0.025101,0.084568,0.890331
2528,1,-1.070672,0.837683,0.761485,0.071483,0.481938,0.446579
2529,1,-1.548506,0.891236,1.697014,0.026216,0.300696,0.673089
2530,1,-0.303910,-3.302145,3.291623,0.026677,0.001331,0.971992
2531,1,-1.613217,0.850057,1.528859,0.027859,0.327153,0.644988
2532,1,0.283809,-3.439948,2.951321,0.064816,0.001565,0.933619
2533,1,-1.421963,0.803532,1.316198,0.038885,0.360003,0.601111
2534,1,-0.760829,0.480397,0.675600,0.115400,0.399267,0.485333
2535,1,-0.423578,-2.430380,2.967287,0.032440,0.004361,0.963199
2536,1,0.425616,-1.286696,0.463729,0.450593,0.081309,0.468098
2537,1,2.228830,-3.570207,0.576657,0.837056,0.002537,0.160408
2538,1,-1.517513,0.856597,1.342415,0.034245,0.367836,0.597919
2539,1,-1.592245,0.495274,1.724482,0.027296,0.220142,0.752561
2540,1,-0.132307,0.375205,0.197629,0.246790,0.409956,0.343255
2541,1,-0.406769,1.434514,-0.695180,0.124161,0.782786,0.093053
2542,1,-0.551957,-2.733891,2.873683,0.031392,0.003542,0.965066
2543,1,-1.141907,-3.042707,4.276217,0.004413,0.000660,0.994928
2544,1,1.031480,0.754427,-2.108075,0.555150,0.420811,0.024039
2545,1,2.183226,-3.732350,0.843454,0.790762,0.002133,0.207105
2546,1,1.593721,-3.040342,0.813055,0.681284,0.006619,0.312097
2547,1,-1.040540,-2.635029,3.676441,0.008847,0.001796,0.989357
2548,1,0.007543,-1.844405,1.283720,0.210977,0.033109,0.755914
2549,1,3.173620,-2.739419,-1.823712,0.990629,0.002679,0.006693
2550,1,-0.097690,-0.636393,0.606672,0.277311,0.161812,0.560877
2551,1,1.726152,-3.179094,0.841790,0.704034,0.005215,0.290750
2552,1,-0.499651,0.943068,-0.235272,0.153027,0.647638,0.199336
2553,1,-0.805884,0.294885,0.817338,0.110182,0.331260,0.558558
2554,1,1.286332,-3.728920,1.911435,0.347817,0.002308,0.649875
2555,1,-0.413301,-2.948768,3.353687,0.022559,0.001787,0.975654
2556,1,-0.911687,-3.209200,3.984277,0.007416,0.000745,0.991839
2557,1,-2.600283,-1.140156,4.496731,0.000824,0.003548,0.995628
2558,1,-0.316886,0.106707,0.279130,0.230292,0.351757,0.417951
2559,1,0.966688,-2.835977,1.339592,0.404162,0.009017,0.586821
2560,1,-0.291965,-2.567297,2.506350,0.057079,0.005866,0.937056
2561,1,1.305059,-3.667183,1.981595,0.336250,0.002329,0.661421
2562,1,0.029608,-3.106278,2.869372,0.055081,0.002394,0.942526
2563,1,0.576481,-3.416370,2.621272,0.114338,0.002109,0.883553
2564,1,-2.517143,-1.239615,4.465645,0.000924,0.003314,0.995762
2565,1,-2.463881,-1.414593,4.263544,0.001192,0.003404,0.995404
2566,1,-0.821099,-2.915813,3.561841,0.012316,0.001516,0.986168
2567,1,-2.177607,-2.655786,4.670314,0.001060,0.000657,0.998283
2568,1,-0.658398,0.965682,-0.054752,0.126542,0.642042,0.231417
2569,1,-1.783638,0.857462,1.757356,0.020190,0.283236,0.696574
2570,1,1.770563,-3.505862,1.287200,0.616593,0.003151,0.380256
2571,1,1.295767,-3.389715,1.833296,0.367512,0.003392,0.629097
2572,1,-0.105841,-3.205614,3.283389,0.032586,0.001468,0.965946
2573,1,0.305052,0.005393,-0.579847,0.464290,0.344072,0.191638
2574,1,2.944461,-3.181931,-0.729297,0.973174,0.002126,0.024700
2575,1,0.970623,-2.060357,0.945775,0.494138,0.023851,0.482011
2576,1,0.285691,1.473807,-0.730581,0.215386,0.706657,0.077957
2577,1,-1.567580,0.085300,2.016092,0.023681,0.123663,0.852655
2578,1,0.597845,0.670686,-1.446340,0.453506,0.487772,0.058722
2579,1,0.047999,-2.969117,2.876027,0.055676,0.002725,0.941599
2580,1,-1.023968,0.507802,0.918578,0.079347,0.367088,0.553564
2581,1,-1.850248,-1.229257,3.291429,0.005752,0.010703,0.983546
2582,1,1.599458,-3.478869,1.214799,0.592799,0.003693,0.403508
2583,1,-0.518489,-2.582838,3.246117,0.022587,0.002866,0.974547
2584,1,-1.000615,-3.027470,3.987533,0.006766,0.000891,0.992343
2585,1,-0.578692,-2.662232,3.265529,0.020900,0.002602,0.976498
2586,1,-0.438815,-3.228841,3.570354,0.017805,0.001094,0.981101
2587,1,1.998051,-2.852766,0.358904,0.831969,0.006508,0.161523
2588,1,-2.024234,-2.821194,4.599594,0.001326,0.000598,0.998077
2589,1,1.262371,-2.831371,1.137728,0.526458,0.008780,0.464763
2590,1,-0.741201,-2.658666,3.413247,0.015417,0.002266,0.982317
2591,1,-1.647444,-2.373590,4.163569,0.002981,0.001442,0.995577
2592,1,-1.774800,-2.343314,4.556122,0.001775,0.001006,0.997219
2593,1,-0.960798,1.096550,0.386429,0.078915,0.617521,0.303564
2594,1,-2.321247,-1.621531,4.242025,0.001405,0.002829,0.995766
2595,1,-0.880183,-1.461772,2.250499,0.040902,0.022865,0.936233
2596,1,-2.186281,-2.500399,4.903050,0.000833,0.000608,0.998559
2597,1,1.458834,-3.541938,1.655346,0.449664,0.003027,0.547309
2598,1,-1.825081,-1.795787,3.733897,0.003823,0.003936,0.992241
2599,1,-1.228903,-1.329840,2.915457,0.015389,0.013912,0.970699
2600,1,-0.907268,0.217974,1.064477,0.088777,0.273519,0.637704
2601,1,-2.175499,1.760856,1.371261,0.011503,0.589327,0.399170
2602,1,2.932145,-3.295665,-0.688419,0.972062,0.001919,0.026020
2603,1,-2.309534,-2.256400,4.765546,0.000844,0.000891,0.998265
2604,1,0.171459,-2.108928,1.877237,0.151334,0.015473,0.833193
2605,1,0.242569,-0.488778,-0.153775,0.464245,0.223423,0.312333
2606,1,-0.957845,-2.897289,4.180992,0.005825,0.000838,0.993337
2607,1,-2.615786,-1.015367,4.614882,0.000721,0.003572,0.995707
2608,1,0.973885,-2.220979,1.128592,0.452840,0.018554,0.528607
2609,1,-1.721922,-2.552218,4.197001,0.002678,0.001167,0.996155
2610,1,1.926226,-3.666451,1.292064,0.651846,0.002428,0.345726
2611,1,-2.297540,0.662631,2.753562,0.005666,0.109358,0.884976
2612,1,-2.054527,1.386518,1.616942,0.013980,0.436459,0.549560
2613,1,-0.711000,-3.425041,4.146174,0.007709,0.000511,0.991781
2614,1,-1.805634,-3.079249,4.815222,0.001330,0.000372,0.998298
2615,1,-2.503759,-2.244187,4.878402,0.000621,0.000806,0.998573
2616,1,-1.901345,1.299273,1.527691,0.017732,0.435285,0.546983
2617,1,-1.727276,0.942156,1.679737,0.021927,0.316439,0.661634
2618,1,-2.011305,-1.062625,3.912790,0.002649,0.006840,0.990511
2619,1,-0.152142,0.965857,-0.544310,0.211224,0.646076,0.142701
2620,1,-1.336251,-0.290486,1.806938,0.037005,0.105301,0.857694
2621,1,0.844940,-3.771114,2.442060,0.168105,0.001663,0.830233
2622,1,-0.976490,0.588886,0.801397,0.085457,0.408866,0.505677
2623,1,0.099213,-0.367110,0.542942,0.313892,0.196906,0.489203
2624,1,-1.263805,1.784725,0.174611,0.038025,0.801736,0.160239
2625,1,-0.016289,-3.361754,2.989440,0.047089,0.001660,0.951251
2626,1,-2.024234,-2.821194,4.599594,0.001326,0.000598,0.998077
2627,1,3.178442,-3.599534,-0.638058,0.977380,0.001113,0.021507
2628,1,-1.202065,-2.075022,3.228329,0.011712,0.004892,0.983396
2629,1,0.261146,-2.746240,2.430477,0.102022,0.005042,0.892936
2630,1,-1.999058,-2.176514,4.484848,0.001524,0.001276,0.997201
2631,1,1.170556,-0.954072,-0.834290,0.797348,0.095265,0.107388
2632,1,-2.423886,-0.962917,3.860618,0.001847,0.007959,0.990194
2633,1,-1.839190,1.563589,1.200079,0.019254,0.578532,0.402214
2634,1,0.383709,-2.503241,1.501909,0.243008,0.013547,0.743445
2635,1,1.614612,-3.578895,1.289086,0.578804,0.003214,0.417982
2636,1,-0.316886,0.106707,0.279130,0.230292,0.351757,0.417951
2637,1,-0.593859,-1.843738,2.621231,0.038180,0.010940,0.950881
2638,1,-2.585627,-1.744930,4.669734,0.000705,0.001634,0.997662
2639,1,-0.437281,-3.109369,3.450025,0.020061,0.001386,0.978553
2640,1,-1.705087,1.170834,1.293341,0.025776,0.457312,0.516912
2641,1,-2.243340,-2.451147,4.614079,0.001050,0.000853,0.998098
2642,1,2.382856,-3.804804,0.621427,0.851895,0.001750,0.146355
2643,1,-1.266958,-2.721556,3.565549,0.007889,0.001842,0.990269
2644,1,-0.671998,-2.444784,2.574718,0.037208,0.006320,0.956471
2645,1,-0.373667,-2.886393,3.178542,0.027800,0.002253,0.969947
2646,1,1.914977,-2.454694,-0.322398,0.893341,0.011306,0.095354
2647,1,-0.782537,0.114731,1.337150,0.084879,0.208200,0.706921
2648,1,0.031752,-3.363687,3.135171,0.042905,0.001438,0.955657
2649,1,-2.024234,-2.821194,4.599594,0.001326,0.000598,0.998077
2650,1,2.674912,-3.405218,-0.184353,0.943753,0.002159,0.054087
2651,1,0.168019,-0.282951,-0.125093,0.419648,0.267320,0.313032
2652,1,0.401960,-3.569476,2.902155,0.075736,0.001427,0.922836
2653,1,-1.235851,-1.693942,3.218570,0.011410,0.007217,0.981373
2654,1,0.433475,-2.583837,1.933321,0.180834,0.008849,0.810317
2655,1,-0.770318,-2.948853,3.707363,0.011218,0.001270,0.987512
2656,1,-1.187624,0.602314,1.050766,0.061097,0.365917,0.572985
2657,1,0.310346,-3.525904,3.029118,0.061792,0.001333,0.936875
2658,1,-2.187198,-2.154259,4.262384,0.001576,0.001629,0.996795
2659,1,-2.024234,-2.821194,4.599594,0.001326,0.000598,0.998077
2660,1,1.144696,-3.387892,1.684955,0.366676,0.003943,0.629381
2661,1,-1.756887,0.661663,2.516866,0.011902,0.133653,0.854445
2662,1,-2.241834,-2.277706,4.639982,0.001024,0.000988,0.997988
2663,1,-1.423671,-1.813139,3.620697,0.006377,0.004320,0.989304
2664,1,-1.353811,0.713649,1.278783,0.043832,0.346477,0.609691
2665,1,3.410792,-2.507284,-2.395658,0.994334,0.002675,0.002991
2666,1,-2.024234,-2.821194,4.599594,0.001326,0.000598,0.998077
2667,1,-2.458488,0.833913,2.664719,0.005108,0.137437,0.857455
2668,1,0.080911,-3.212228,2.859024,0.058392,0.002168,0.939440
2669,1,-1.691073,-1.827084,3.767920,0.004224,0.003687,0.992089
2670,1,-1.817330,1.181835,1.513182,0.020399,0.409388,0.570213
2671,1,0.781145,-3.501759,2.417551,0.162589,0.002244,0.835167
2672,1,-1.890370,-0.206609,2.849668,0.008276,0.044575,0.947148
2673,1,-1.263805,1.784725,0.174611,0.038025,0.801736,0.160239
2674,1,-2.254074,-0.155269,3.010283,0.004939,0.040283,0.954778
2675,1,-1.397611,-2.760160,4.454009,0.002865,0.000733,0.996402
2676,1,0.805843,-3.190842,2.116064,0.211624,0.003889,0.784487
2677,1,-2.170560,0.699060,2.573218,0.007491,0.132065,0.860445
2678,1,-1.087902,-1.066102,2.366916,0.029696,0.030350,0.939954
2679,1,-1.003458,1.465374,0.095540,0.063252,0.746919,0.189829
2680,1,-0.539174,-1.489842,2.236949,0.057329,0.022157,0.920514
2681,1,-0.770303,-1.706086,2.660254,0.030973,0.012150,0.956877
2682,1,-1.793351,-2.613503,4.222069,0.002432,0.001071,0.996497
2683,1,-1.186963,-1.365014,2.867601,0.016808,0.014066,0.969126
2684,1,0.388425,-2.690146,2.162533,0.144070,0.006631,0.849299
2685,1,-0.908087,-1.355837,2.224606,0.040692,0.026005,0.933303
2686,1,0.211900,-2.803210,2.760799,0.072244,0.003543,0.924213
2687,1,-2.640025,-0.127208,3.559647,0.001977,0.024390,0.973633
2688,1,-1.748305,-2.258895,4.108825,0.002846,0.001708,0.995445
2689,1,-2.217023,-1.634731,4.461381,0.001253,0.002244,0.996503
2690,1,-2.073211,-0.173664,2.949674,0.006268,0.041891,0.951841
2691,1,1.119612,-1.628152,0.412549,0.642194,0.041146,0.316660
2692,1,-1.612934,0.099073,2.136371,0.020395,0.112990,0.866615
2693,1,-1.621336,-2.701994,4.228768,0.002869,0.000974,0.996158
2694,1,-1.263805,1.784725,0.174611,0.038025,0.801736,0.160239
2695,1,1.910132,-3.678891,1.086701,0.693163,0.002592,0.304245
2696,1,-1.771912,1.677593,1.212723,0.019134,0.602417,0.378449
2697,1,1.975757,-3.468677,0.780382,0.765163,0.003306,0.231531
2698,1,0.542902,0.078410,-0.840115,0.532120,0.334413,0.133467
2699,1,-0.553626,-0.684102,1.618912,0.093824,0.082347,0.823828
2700,1,-2.689913,1.023592,3.120584,0.002661,0.109099,0.888240
2701,1,-0.569483,-0.329262,1.138420,0.128388,0.163249,0.708363
2702,1,0.242840,-3.509726,3.012464,0.058906,0.001382,0.939712
2703,1,0.701758,-3.498896,2.405836,0.153579,0.002302,0.844119
2704,1,-0.470343,1.332785,-0.516723,0.124637,0.756374,0.118989
2705,1,-2.104018,1.344652,1.926815,0.011266,0.354397,0.634337
2706,1,-0.248691,-1.774566,1.627847,0.129061,0.028062,0.842877
2707,1,-0.176379,0.519071,-0.063322,0.242465,0.486048,0.271487
2708,1,3.050282,-2.853493,-1.623041,0.988074,0.002697,0.009230
2709,1,-1.597736,-2.313610,4.011384,0.003644,0.001781,0.994574
2710,1,-2.196387,-0.833169,4.054594,0.001910,0.007468,0.990622
2711,1,-1.461284,-2.332284,3.882272,0.004747,0.001987,0.993267
2712,1,-0.603145,1.508694,-0.469672,0.096096,0.794086,0.109818
2713,1,0.657062,-3.721226,2.600940,0.125026,0.001569,0.873405
2714,1,2.830204,-3.159431,-0.614182,0.966717,0.002421,0.030862
2715,1,-0.479823,-3.205813,3.561941,0.017244,0.001129,0.981627
2716,1,-0.670134,-3.252013,3.668498,0.012874,0.000974,0.986153
2717,1,-0.033939,0.586575,-0.567228,0.290145,0.539635,0.170220
2718,1,-1.518855,-0.074039,2.342479,0.018950,0.080369,0.900680
2719,1,-0.351051,-3.216053,3.375258,0.023484,0.001338,0.975178
2720,1,-1.792299,1.589115,1.086679,0.020743,0.610108,0.369149
2721,1,-2.585865,-2.104872,4.815465,0.000609,0.000986,0.998405
2722,1,-1.583658,-2.931952,4.396137,0.002521,0.000655,0.996824
2723,1,1.610146,-3.244056,1.305139,0.573094,0.004468,0.422438
2724,1,-2.287190,1.186429,2.122803,0.008656,0.279195,0.712148
2725,1,-2.419623,0.339738,3.472076,0.002640,0.041683,0.955678
2726,1,-1.842529,-2.608030,4.421289,0.001899,0.000883,0.997218
2727,1,-2.586189,-0.455409,4.054521,0.001290,0.010866,0.987844
2728,1,-2.381672,-1.878164,4.378315,0.001156,0.001912,0.996932
2729,1,-0.008886,-3.581563,3.226343,0.037821,0.001062,0.961117
2730,1,-1.987812,0.391492,3.126829,0.005610,0.060578,0.933811
2731,1,1.480281,-4.033820,1.912580,0.392954,0.001583,0.605462
2732,1,0.848767,-3.619034,2.471269,0.164549,0.001888,0.833563
2733,1,-1.746685,-2.824383,4.614817,0.001723,0.000586,0.997691
2734,1,0.424088,-2.214823,1.954629,0.175682,0.012551,0.811768
2735,1,-0.888114,-1.813214,3.245927,0.015668,0.006212,0.978120
2736,1,-1.041619,0.734243,0.796757,0.075805,0.447658,0.476537
2737,1,-1.926168,1.260415,1.695776,0.015970,0.386573,0.597457
2738,1,-1.455153,-2.748560,4.321640,0.003086,0.000847,0.996067
2739,1,0.620508,-3.631746,2.756731,0.105467,0.001501,0.893032
2740,1,-1.958150,-2.080646,4.321589,0.001867,0.001652,0.996481
2741,1,-1.263805,1.784725,0.174611,0.038025,0.801736,0.160239
2742,1,2.715127,-1.959857,-2.074928,0.982668,0.009164,0.008168
2743,1,1.372702,-2.585576,0.430346,0.709822,0.013555,0.276624
2744,1,-0.906058,-0.648506,1.761816,0.059869,0.077456,0.862674
2745,1,-2.180695,1.447351,1.702678,0.011464,0.431508,0.557027
2746,1,-0.912313,-2.905918,3.687231,0.009943,0.001354,0.988703
2747,1,-0.990276,-0.402331,1.554033,0.064372,0.115888,0.819740
2748,1,-1.263805,1.784725,0.174611,0.038025,0.801736,0.160239
2749,1,0.136898,-3.005150,2.696276,0.071577,0.003092,0.925331
2750,1,2.739858,-3.825275,0.066833,0.934185,0.001316,0.064499
2751,1,0.249071,-2.990518,2.618567,0.085243,0.003340,0.911417
2752,1,2.259776,-3.808646,0.779190,0.813128,0.001882,0.184990
2753,1,3.023246,-2.418611,-1.632381,0.986350,0.004272,0.009378
2754,1,1.142929,-3.638128,2.059424,0.284990,0.002390,0.712620
2755,1,-1.107780,0.409672,1.865077,0.039828,0.181637,0.778536
2756,1,-1.294190,-2.024593,3.586511,0.007507,0.003616,0.988876
2757,1,-1.719432,-2.061393,3.886314,0.003654,0.002596,0.993751
2758,1,-0.901313,-1.350934,2.431684,0.033715,0.021506,0.944779
2759,1,-1.557078,-2.059454,3.704855,0.005142,0.003112,0.991746
2760,1,-1.892923,-0.784324,3.340753,0.005222,0.015822,0.978956
2761,1,-0.726144,0.016238,1.369749,0.089018,0.187022,0.723960
2762,1,1.423553,-3.777943,1.826985,0.399606,0.002201,0.598192
2763,1,-0.545334,-1.533544,1.909763,0.076806,0.028590,0.894603
2764,1,-2.199914,0.614212,2.506408,0.007793,0.129973,0.862234
2765,1,-0.709617,0.783997,0.422092,0.116903,0.520587,0.362510
2766,1,1.612132,-3.183655,1.146616,0.611219,0.005051,0.383730
2767,1,1.443207,-3.117179,1.524757,0.477230,0.004991,0.517779
2768,1,1.869465,-2.654270,0.549070,0.782547,0.008489,0.208963
2769,1,-0.245379,-3.401716,3.355473,0.026545,0.001130,0.972325
2770,1,-1.364922,0.621478,1.362808,0.042396,0.309032,0.648573
2771,1,-1.462090,1.202513,0.948811,0.037727,0.541844,0.420429
2772,1,-1.473536,-0.268460,2.176320,0.023361,0.077956,0.898682
2773,1,-0.255491,-3.215230,3.258998,0.028860,0.001496,0.969645
2774,1,-0.179488,-3.005096,3.028155,0.038790,0.002299,0.958911
2775,1,1.405907,-3.469617,1.649613,0.437905,0.003342,0.558753
2776,1,1.122558,-2.125976,0.849325,0.555634,0.021576,0.422790
2777,1,-1.414275,-2.831670,4.106882,0.003981,0.000965,0.995054
2778,1,2.421249,-3.475002,0.218594,0.898264,0.002470,0.099267
2779,1,0.957265,1.061314,-2.276618,0.465320,0.516345,0.018336
2780,1,-2.090612,-1.458281,3.840076,0.002636,0.004962,0.992402
2781,1,-0.819935,-3.020316,3.974942,0.008197,0.000908,0.990895
2782,1,-1.398284,-0.053444,1.858525,0.032463,0.124580,0.842957
2783,1,-0.316886,0.106707,0.279130,0.230292,0.351757,0.417951
2784,1,-1.026786,-1.735732,2.487967,0.028490,0.014022,0.957488
2785,1,2.161511,-3.692335,0.809592,0.792637,0.002274,0.205089
2786,1,0.385729,-2.738583,2.314994,0.126129,0.005546,0.868326
2787,1,-1.574853,-3.020697,4.505404,0.002281,0.000537,0.997182
2788,1,-2.421795,-2.484076,5.052074,0.000567,0.000533,0.998900
2789,1,-1.911349,-0.925128,3.532742,0.004254,0.011406,0.984340
2790,1,-1.335214,1.459847,0.515181,0.042148,0.689693,0.268159
2791,1,1.704732,-3.914101,1.663947,0.509252,0.001848,0.488900
2792,1,1.901080,-2.547330,-0.168600,0.878794,0.010279,0.110927
2793,1,-1.392488,-1.074580,3.046888,0.011482,0.015779,0.972740
2794,1,-2.103639,-2.711487,4.968280,0.000847,0.000461,0.998691
2795,1,-2.195570,-1.265231,3.971251,0.002082,0.005280,0.992638
2796,1,-2.217766,1.184015,2.415514,0.007470,0.224231,0.768299
2797,1,0.444476,0.791863,-1.302345,0.386146,0.546538,0.067316
2798,1,-1.126694,-2.756530,3.807072,0.007138,0.001399,0.991463
2799,1,-1.613070,-2.365850,3.858243,0.004180,0.001969,0.993851
2800,1,-0.597146,-0.289956,1.607836,0.087491,0.118953,0.793555
2801,1,-1.122181,-3.094799,4.109465,0.005312,0.000739,0.993949
2802,1,-0.549418,-0.101931,0.762752,0.159271,0.249160,0.591569
2803,1,0.516887,-2.387636,1.641549,0.241899,0.013250,0.744851
2804,1,-0.758907,-2.991708,3.725376,0.011146,0.001195,0.987659
2805,1,-2.099600,-1.778088,3.890715,0.002488,0.003432,0.994080
2806,1,0.106133,-0.501639,0.098959,0.394102,0.214613,0.391285
2807,1,-1.323826,0.051772,2.090283,0.028291,0.111959,0.859751
2808,1,-2.125961,-0.428830,3.299197,0.004283,0.023375,0.972342
2809,1,0.322134,-1.441857,1.239053,0.272262,0.046655,0.681083
2810,1,0.725143,0.133666,-1.079032,0.582032,0.322160,0.095808
2811,1,0.740663,-3.797176,2.654560,0.128367,0.001373,0.870260
2812,1,-1.263805,1.784725,0.174611,0.038025,0.801736,0.160239
2813,1,3.151031,-3.242589,-1.179047,0.985378,0.001648,0.012974
2814,1,0.792508,-3.348202,2.218632,0.193108,0.003073,0.803819
2815,1,-2.024234,-2.821194,4.599594,0.001326,0.000598,0.998077
2816,1,-2.024234,-2.821194,4.599594,0.001326,0.000598,0.998077
2817,1,0.560842,-3.276297,2.401338,0.136589,0.002944,0.860466
2818,1,0.015242,-3.240590,3.124070,0.042674,0.001645,0.955681
2819,1,-2.108466,-1.086510,3.719460,0.002912,0.008091,0.988997
2820,1,-1.895818,-0.110608,2.737913,0.009103,0.054259,0.936638
2821,1,-1.263805,1.784725,0.174611,0.038025,0.801736,0.160239
2822,1,-1.829536,-0.364433,2.855760,0.008797,0.038075,0.953128
2823,1,1.025068,-3.466607,2.231950,0.229661,0.002573,0.767766
2824,1,-1.505050,-2.950021,4.394412,0.002732,0.000644,0.996624
2825,1,0.520463,-2.758747,2.119028,0.167124,0.006294,0.826583
2826,1,-1.389078,0.981427,1.918869,0.025620,0.274207,0.700173
2827,1,2.744049,-3.184803,-0.371445,0.955093,0.002542,0.042365
2828,1,-2.396256,-2.385113,4.721189,0.000810,0.000819,0.998372
2829,1,-1.263805,1.784725,0.174611,0.038025,0.801736,0.160239
2830,1,0.149703,-0.304665,0.037737,0.395425,0.251035,0.353539
2831,1,-0.726465,-2.910419,3.542651,0.013780,0.001552,0.984669
2832,1,-0.408568,-3.382216,3.493973,0.019771,0.001011,0.979218
2833,1,-0.267034,-2.536475,2.911635,0.039812,0.004115,0.956073
