row_id,gold,logit_hate,logit_offensive,logit_normal,p_hate,p_offensive,p_normal
0,0,-2.908829,-3.192707,5.634088,0.000195,0.000147,0.999658
1,0,-3.353609,-2.728603,5.520323,0.000140,0.000261,0.999599
2,0,-2.555321,-3.377219,5.532267,0.000307,0.000135,0.999558
3,0,-2.561453,-1.449099,3.627059,0.002036,0.006192,0.991772
4,0,-0.947764,-3.145291,3.157779,0.016185,0.001798,0.982018
5,0,-2.946638,-3.265783,5.676957,0.000180,0.000131,0.999690
6,0,-3.378256,-2.057193,5.197757,0.000188,0.000706,0.999106
7,0,-3.068644,-3.126231,5.569259,0.000177,0.000167,0.999655
8,0,-2.711311,-0.498257,2.361302,0.005892,0.053870,0.940238
9,0,-3.177262,-3.052907,5.667814,0.000144,0.000163,0.999693
10,0,-1.280562,-3.451795,3.744142,0.006526,0.000744,0.992730
11,0,-3.539767,-0.915850,3.650795,0.000745,0.010278,0.988976
12,0,-3.273647,-2.461900,5.232342,0.000202,0.000455,0.999343
13,0,-3.005534,-3.163176,5.554245,0.000192,0.000164,0.999645
14,0,-2.455156,-3.468233,5.267137,0.000443,0.000161,0.999397
15,0,-3.318587,-2.646923,5.491787,0.000149,0.000292,0.999559
16,0,-1.856466,0.338410,0.999385,0.036539,0.328078,0.635383
17,0,-3.113949,-2.801980,5.451867,0.000190,0.000260,0.999549
18,0,-3.318368,-2.760924,5.623242,0.000131,0.000228,0.999641
19,0,-3.158870,-2.851721,5.560004,0.000163,0.000222,0.999614
20,0,-3.049759,-2.894341,5.458118,0.000202,0.000236,0.999562
21,0,-3.169797,-2.923245,5.571265,0.000160,0.000205,0.999636
22,0,-2.561453,-1.449099,3.627059,0.002036,0.006192,0.991772
23,0,-3.405294,-0.744283,3.523586,0.000965,0.013805,0.985231
24,0,-1.228296,-3.802549,4.568265,0.003028,0.000231,0.996741
25,0,-0.996498,-3.587106,3.659434,0.009409,0.000705,0.989886
26,0,-3.240662,-2.779694,5.541684,0.000153,0.000243,0.999603
27,0,-3.038196,-3.029061,5.538459,0.000188,0.000190,0.999622
28,0,-2.872199,-3.188242,5.434934,0.000247,0.000180,0.999574
29,0,-2.719082,-3.357531,5.598251,0.000244,0.000129,0.999627
30,0,-3.161279,-2.290585,5.044717,0.000273,0.000652,0.999076
31,0,-3.261646,-1.185604,3.707726,0.000932,0.007434,0.991634
32,0,-2.255108,-3.622503,5.492895,0.000431,0.000110,0.999459
33,0,-2.561453,-1.449099,3.627059,0.002036,0.006192,0.991772
34,0,-2.820126,-3.233193,5.482654,0.000248,0.000164,0.999588
35,0,-3.160943,-2.737210,5.473683,0.000178,0.000272,0.999551
36,0,-3.122347,-2.813915,5.397951,0.000199,0.000271,0.999529
37,0,-3.573107,-1.947932,5.057126,0.000178,0.000906,0.998915
38,0,-1.681022,-3.716134,4.593404,0.001880,0.000246,0.997874
39,0,-3.610969,-0.677672,3.682821,0.000671,0.012603,0.986727
40,0,-3.235597,-2.574512,5.509332,0.000159,0.000308,0.999532
41,0,-3.285870,0.063601,2.389938,0.003113,0.088688,0.908199
42,0,-3.209278,-2.409095,4.943175,0.000288,0.000641,0.999072
43,0,-3.509178,-2.098425,5.076323,0.000187,0.000765,0.999048
44,0,-3.237344,-2.805085,5.597206,0.000146,0.000224,0.999630
45,0,-3.540622,-2.238102,5.387850,0.000132,0.000487,0.999380
46,0,-1.323730,-3.694912,4.398663,0.003260,0.000304,0.996435
47,0,-3.237821,-2.190276,5.165836,0.000224,0.000638,0.999138
48,0,-1.394582,-1.192262,1.946408,0.032818,0.040177,0.927005
49,0,-3.907436,1.597090,1.768408,0.001857,0.456426,0.541717
50,0,-3.089715,-2.368062,4.550671,0.000480,0.000988,0.998532
51,0,-4.057141,0.228110,3.149566,0.000703,0.051067,0.948230
52,0,-2.902212,-3.156212,5.579563,0.000207,0.000161,0.999632
53,0,-3.228019,-2.882226,5.510006,0.000160,0.000227,0.999613
54,0,-3.380138,-2.390176,5.382896,0.000156,0.000421,0.999423
55,0,-2.854243,-2.956416,5.356206,0.000272,0.000245,0.999483
56,0,-3.227125,-2.732463,5.205147,0.000218,0.000357,0.999426
57,0,-2.716890,-3.253768,5.413034,0.000294,0.000172,0.999533
58,0,-3.316229,-1.107873,3.635023,0.000948,0.008630,0.990422
59,0,-2.322692,-0.577619,2.648038,0.006629,0.037958,0.955413
60,0,-3.111565,-2.993666,5.558822,0.000172,0.000193,0.999635
61,0,-2.910902,-2.559690,5.135016,0.000320,0.000455,0.999225
62,0,-3.454507,-2.546224,5.511538,0.000128,0.000316,0.999556
63,0,-3.150123,-2.299116,4.732717,0.000377,0.000882,0.998741
64,0,-3.156081,-2.709239,5.489457,0.000176,0.000275,0.999549
65,0,-3.270181,-2.872732,5.593904,0.000141,0.000210,0.999648
66,0,-3.245018,-2.297565,4.641314,0.000375,0.000968,0.998657
67,0,-2.306220,-2.589495,4.055640,0.001721,0.001296,0.996983
68,0,-3.040416,-2.860715,5.388971,0.000218,0.000261,0.999521
69,0,-3.104426,-2.811581,5.512995,0.000181,0.000242,0.999577
70,0,-3.088808,-3.088321,5.608171,0.000167,0.000167,0.999666
71,0,-2.381543,-3.445095,5.272503,0.000474,0.000164,0.999363
72,0,-3.249940,-2.837552,5.352485,0.000184,0.000277,0.999539
73,0,-3.347521,-1.307337,3.861209,0.000735,0.005656,0.993608
74,0,-1.444870,-3.348304,3.943292,0.004546,0.000678,0.994776
75,0,-3.719702,-1.692826,4.808062,0.000198,0.001500,0.998303
76,0,-2.561453,-1.449099,3.627059,0.002036,0.006192,0.991772
77,0,-3.353899,0.067001,2.697046,0.002192,0.067082,0.930725
78,0,-3.188500,-2.387305,4.780971,0.000345,0.000770,0.998885
79,0,-2.822719,-3.285709,5.660199,0.000207,0.000130,0.999663
80,0,-4.096675,0.450028,3.208407,0.000632,0.059577,0.939791
81,0,-2.675646,-3.379623,5.549663,0.000268,0.000132,0.999600
82,0,-2.961172,-3.110775,5.545995,0.000202,0.000174,0.999624
83,0,-2.723627,-3.333446,5.531868,0.000260,0.000141,0.999599
84,0,-2.789165,-0.453127,2.610500,0.004298,0.044441,0.951261
85,0,-1.780250,-4.059255,5.204793,0.000925,0.000095,0.998981
86,0,-2.706533,-3.289732,5.395027,0.000303,0.000169,0.999528
87,0,-2.768012,-2.967665,4.796567,0.000518,0.000424,0.999058
88,0,-3.084313,-0.991841,3.130151,0.001965,0.015922,0.982113
89,0,-2.699199,-3.427286,5.511561,0.000272,0.000131,0.999597
90,0,-1.523731,-2.865912,3.289615,0.008038,0.002100,0.989861
91,0,-3.183210,-2.881694,5.594709,0.000154,0.000208,0.999638
92,0,-3.491735,-2.091759,5.059216,0.000193,0.000783,0.999023
93,0,-2.656713,-3.283383,5.424380,0.000309,0.000165,0.999526
94,0,-3.261904,-2.462847,5.422482,0.000169,0.000376,0.999455
95,0,-3.031544,-2.962821,5.585781,0.000181,0.000194,0.999625
96,0,-2.081297,-3.744216,4.925891,0.000904,0.000171,0.998924
97,0,-3.093110,-1.297385,3.618745,0.001206,0.007265,0.991529
98,0,-3.570860,0.248480,2.453589,0.002174,0.099077,0.898749
99,0,-2.976014,-2.782483,5.190650,0.000284,0.000344,0.999372
100,0,-2.997426,-2.440777,4.658643,0.000473,0.000825,0.998703
101,0,-2.801885,-3.159267,5.504265,0.000247,0.000173,0.999580
102,0,-3.201538,-1.942527,4.336842,0.000531,0.001870,0.997599
103,0,-3.138164,-2.864028,5.546609,0.000169,0.000222,0.999609
104,0,-1.816732,-3.693687,4.352643,0.002088,0.000320,0.997593
105,0,-3.303602,-2.538340,5.282658,0.000187,0.000401,0.999413
106,0,-3.259629,-0.304032,2.782067,0.002269,0.043585,0.954146
107,0,-3.475161,-2.706139,5.556178,0.000120,0.000258,0.999622
108,0,-3.604109,-1.649923,4.439032,0.000320,0.002262,0.997418
109,0,-4.755168,1.197313,2.804442,0.000434,0.166915,0.832651
110,0,-2.820775,-3.217676,5.522978,0.000238,0.000160,0.999602
111,0,-2.561453,-1.449099,3.627059,0.002036,0.006192,0.991772
112,0,-3.110081,-2.950370,5.635991,0.000159,0.000187,0.999654
113,0,-3.326849,1.182930,1.754659,0.003954,0.359411,0.636635
114,0,-2.561453,-1.449099,3.627059,0.002036,0.006192,0.991772
115,0,-2.791051,-3.259957,5.430783,0.000269,0.000168,0.999563
116,0,-3.027827,-2.855754,5.523427,0.000193,0.000230,0.999577
117,0,-3.466356,-1.531624,4.242723,0.000447,0.003095,0.996458
118,0,-1.818008,-3.462876,5.020740,0.001070,0.000207,0.998723
119,0,-3.632840,-1.831954,5.077880,0.000165,0.000997,0.998839
120,0,-2.924812,-2.933643,5.522141,0.000214,0.000213,0.999573
121,0,-2.026990,-2.847733,3.765934,0.003036,0.001336,0.995628
122,0,-3.374532,-2.566524,5.460108,0.000146,0.000326,0.999528
123,0,-2.436985,-3.562683,5.481711,0.000364,0.000118,0.999518
124,0,-3.226629,-2.786692,5.503489,0.000162,0.000251,0.999588
125,0,-3.424125,-2.474075,5.318176,0.000160,0.000413,0.999428
126,0,-3.081634,-3.073071,5.632936,0.000164,0.000166,0.999670
127,0,-2.963781,-2.768979,5.374669,0.000239,0.000290,0.999471
128,0,-3.068294,-2.877545,5.505274,0.000189,0.000229,0.999582
129,0,-3.022422,-3.039461,5.608837,0.000178,0.000175,0.999646
130,0,-3.083378,-3.127676,5.659771,0.000160,0.000153,0.999688
131,0,-2.678710,-3.232327,5.051525,0.000439,0.000252,0.999309
132,0,-3.063940,-2.151048,4.534883,0.000500,0.001246,0.998254
133,0,-1.136662,-3.545848,3.684022,0.007991,0.000718,0.991291
134,0,-3.318542,-2.065682,4.877011,0.000276,0.000964,0.998760
135,0,-1.441982,-3.658518,3.962493,0.004474,0.000488,0.995038
136,0,-3.235986,-2.905416,5.676013,0.000135,0.000187,0.999678
137,0,-1.949987,-3.224449,4.379603,0.001779,0.000497,0.997724
138,0,-3.109353,-2.924308,5.331845,0.000216,0.000260,0.999525
139,0,-3.199548,-2.947140,5.638941,0.000145,0.000187,0.999668
140,0,-2.512921,-3.254344,5.360189,0.000381,0.000181,0.999438
141,0,-2.922385,-3.186617,5.644109,0.000190,0.000146,0.999664
142,0,-2.030272,-1.891275,3.078851,0.005964,0.006853,0.987183
143,0,-2.790469,-3.141098,5.107929,0.000371,0.000261,0.999368
144,0,-3.212003,-2.842669,5.603491,0.000148,0.000215,0.999637
145,0,-3.210053,-2.323992,4.770569,0.000342,0.000829,0.998830
146,0,-2.272669,-2.771721,4.054942,0.001781,0.001081,0.997137
147,0,-3.194305,-2.848410,5.466775,0.000173,0.000245,0.999582
148,0,-3.261125,-2.925980,5.665829,0.000133,0.000186,0.999682
149,0,-2.489834,-3.355837,5.362695,0.000389,0.000163,0.999448
150,0,-3.848451,-0.018844,3.215454,0.000822,0.037864,0.961314
151,0,-2.933239,-3.074826,5.485599,0.000221,0.000191,0.999588
152,0,-3.139766,-3.074507,5.644438,0.000153,0.000163,0.999683
153,0,-3.675038,1.113841,1.896812,0.002604,0.312863,0.684533
154,0,-2.661754,-3.395425,5.355997,0.000329,0.000158,0.999512
155,0,-3.607592,-2.077990,4.939138,0.000194,0.000895,0.998911
156,0,-2.094418,-3.083466,4.666371,0.001156,0.000430,0.998413
157,0,-3.876197,-1.304590,4.289979,0.000283,0.003703,0.996014
158,0,-3.175962,-2.783608,5.364961,0.000195,0.000289,0.999516
159,0,0.019208,-3.811530,2.714443,0.063168,0.001370,0.935461
160,0,1.506992,-3.896415,1.714250,0.447467,0.002014,0.550519
161,0,-4.162899,1.155911,2.480045,0.001028,0.209915,0.789056
162,0,-3.259337,-2.831831,5.502192,0.000157,0.000240,0.999603
163,0,-3.108837,-2.806595,5.426573,0.000196,0.000266,0.999538
164,0,-3.287011,-2.277257,5.274563,0.000191,0.000525,0.999284
165,0,-3.525084,0.256564,2.493161,0.002194,0.096300,0.901506
166,0,0.694992,-4.240480,2.666292,0.122142,0.000878,0.876980
167,0,-3.035194,-3.029273,5.574845,0.000182,0.000183,0.999635
168,0,-2.771841,-3.064658,5.427370,0.000275,0.000205,0.999520
169,0,-3.328629,-1.566545,4.492682,0.000400,0.002330,0.997270
170,0,-2.308098,-3.165481,4.466626,0.001140,0.000484,0.998376
171,0,-3.162857,-2.353855,5.121746,0.000252,0.000566,0.999182
172,0,-3.094538,-3.032594,5.644490,0.000160,0.000170,0.999669
173,0,0.395070,-3.597791,2.410821,0.117305,0.002164,0.880531
174,0,-1.714657,-3.308394,3.770289,0.004128,0.000839,0.995033
175,0,-3.219852,-2.512650,5.347301,0.000190,0.000386,0.999424
176,0,-0.175952,-4.238849,3.423782,0.026592,0.000457,0.972951
177,0,-4.437678,1.084511,2.984823,0.000520,0.130006,0.869475
178,0,-3.067535,-2.618292,4.619847,0.000458,0.000718,0.998824
179,0,-3.603076,-2.243424,5.167617,0.000155,0.000604,0.999241
180,0,-3.282301,-0.427459,2.847709,0.002093,0.036357,0.961550
181,0,-3.120417,-3.087199,5.635392,0.000157,0.000163,0.999680
182,0,-2.886027,-3.183960,5.620520,0.000202,0.000150,0.999648
183,0,-2.607119,-3.311860,5.340565,0.000353,0.000175,0.999472
184,0,-3.138702,-2.860324,5.606365,0.000159,0.000210,0.999631
185,0,-3.164901,-2.975120,5.628292,0.000152,0.000183,0.999665
186,0,-2.820344,-0.502018,2.595904,0.004234,0.043010,0.952756
187,0,-3.375746,-2.669667,5.497578,0.000140,0.000284,0.999576
188,0,-3.148199,-2.962286,5.586031,0.000161,0.000194,0.999645
189,0,-2.736365,-3.476728,5.591640,0.000242,0.000115,0.999643
190,0,-3.182670,-2.608829,5.481417,0.000173,0.000306,0.999521
191,0,-1.016590,-2.040739,2.077811,0.042675,0.015325,0.942001
192,0,-3.175112,-2.896698,5.569510,0.000159,0.000210,0.999630
193,0,-2.596015,-3.380025,5.264150,0.000386,0.000176,0.999438
194,0,-2.598788,-2.783180,4.542703,0.000790,0.000657,0.998552
195,0,-2.911440,-2.275608,4.436893,0.000642,0.001213,0.998144
196,0,-3.041074,-2.737998,5.375600,0.000221,0.000299,0.999480
197,0,-2.704916,-2.893686,4.974544,0.000462,0.000382,0.999156
198,0,-3.156473,-2.423711,4.867582,0.000327,0.000681,0.998992
199,0,-0.437609,-3.451628,3.370093,0.021694,0.001065,0.977241
200,0,-2.910902,-2.559690,5.135016,0.000320,0.000455,0.999225
201,0,-3.094612,-2.766725,5.474008,0.000190,0.000264,0.999546
202,0,-3.098344,-3.070343,5.510960,0.000182,0.000188,0.999630
203,0,-3.025754,-2.974836,5.472075,0.000204,0.000214,0.999582
204,0,-3.927903,0.862367,2.418852,0.001445,0.173900,0.824655
205,0,-2.931942,-3.175090,5.385490,0.000244,0.000191,0.999564
206,0,-2.713505,-3.157291,5.327945,0.000322,0.000206,0.999472
207,0,-3.339202,-2.405715,5.147674,0.000206,0.000524,0.999270
208,0,-1.389142,-2.267112,2.331108,0.023425,0.009736,0.966840
209,0,-3.018539,-2.739421,5.184010,0.000274,0.000362,0.999364
210,0,-3.915964,-0.303135,3.995989,0.000361,0.013394,0.986245
211,0,-3.970683,1.130985,2.321972,0.001417,0.232752,0.765831
212,0,-2.268328,-3.361423,4.960850,0.000724,0.000243,0.999033
213,0,-2.625645,-3.397488,5.504623,0.000294,0.000136,0.999570
214,0,-3.268076,-2.995429,5.638035,0.000136,0.000178,0.999686
215,0,-3.045444,-2.849609,5.291610,0.000239,0.000291,0.999470
216,0,-3.222564,-2.579261,5.330787,0.000193,0.000367,0.999440
217,0,-2.874592,-3.313184,5.613786,0.000206,0.000133,0.999662
218,0,-3.717302,-0.779751,3.828897,0.000523,0.009862,0.989616
219,0,-3.075768,-2.897873,5.474674,0.000193,0.000231,0.999576
220,0,-3.425274,-1.063863,3.677873,0.000815,0.008641,0.990544
221,0,-3.209833,-2.529097,5.356109,0.000190,0.000376,0.999434
222,0,-3.363390,-2.193001,5.186759,0.000193,0.000623,0.999183
223,0,-3.530684,-2.270942,5.114491,0.000176,0.000620,0.999204
224,0,-2.839307,-1.193368,3.082915,0.002636,0.013668,0.983697
225,0,-2.977966,-3.270894,5.574571,0.000193,0.000144,0.999663
226,0,-1.991616,-3.768069,5.094946,0.000835,0.000141,0.999023
227,0,-3.649306,-1.911748,4.977166,0.000179,0.001018,0.998803
228,0,-2.910902,-2.559690,5.135016,0.000320,0.000455,0.999225
229,0,-2.561453,-1.449099,3.627059,0.002036,0.006192,0.991772
230,0,-2.959077,-3.101350,5.582102,0.000195,0.000169,0.999635
231,0,-3.257717,-2.878829,5.600994,0.000142,0.000208,0.999650
232,0,-3.216681,-2.681201,5.522773,0.000160,0.000273,0.999566
233,0,-2.883290,-3.148762,5.214923,0.000304,0.000233,0.999463
234,0,-2.340788,-2.950043,4.237368,0.001387,0.000754,0.997858
235,0,0.808584,-4.302871,2.655589,0.136113,0.000820,0.863066
236,0,-1.789320,-3.049979,3.849648,0.003540,0.001004,0.995456
237,0,-2.771262,-1.579096,3.414015,0.002041,0.006725,0.991234
238,0,-3.365729,-2.871378,5.600039,0.000128,0.000209,0.999663
239,0,-2.910902,-2.559690,5.135016,0.000320,0.000455,0.999225
240,0,-2.761467,-3.260127,5.530304,0.000250,0.000152,0.999597
241,0,-2.888788,-2.037477,4.046696,0.000970,0.002271,0.996759
242,0,-3.245722,-2.922155,5.655953,0.000136,0.000188,0.999676
243,0,-2.891210,-3.182732,5.560066,0.000214,0.000160,0.999627
244,0,-2.588310,-2.493294,4.043705,0.001314,0.001445,0.997241
245,0,-0.278754,-4.218157,3.694583,0.018457,0.000359,0.981184
246,0,-3.119449,-2.921299,5.533818,0.000174,0.000213,0.999613
247,0,-3.260305,-2.845260,5.550845,0.000149,0.000226,0.999625
248,0,-2.859473,-3.129386,5.375813,0.000265,0.000202,0.999533
249,0,-2.024109,-0.206594,1.541255,0.023525,0.144830,0.831646
250,0,-3.228308,-0.060103,2.720338,0.002451,0.058247,0.939302
251,0,-2.237272,-3.685094,5.254802,0.000557,0.000131,0.999312
252,0,-0.034896,-3.517195,2.550349,0.069943,0.002150,0.927907
253,0,-3.117054,-2.902400,5.580613,0.000167,0.000207,0.999626
254,0,-3.266458,-1.060595,3.471822,0.001171,0.010628,0.988202
255,0,-1.881415,-3.664557,4.679123,0.001413,0.000238,0.998350
256,0,-2.118494,-2.985820,4.200692,0.001797,0.000755,0.997448
257,0,-3.350314,-2.569437,5.504153,0.000143,0.000312,0.999546
258,0,-3.009699,-0.837983,3.095952,0.002183,0.019149,0.978668
259,0,-3.885660,-0.837302,4.210773,0.000303,0.006379,0.993319
260,0,-3.342919,-2.512541,5.501042,0.000144,0.000331,0.999525
261,0,-2.942400,-2.278368,4.339144,0.000687,0.001334,0.997979
262,0,-2.792788,-3.357749,5.659273,0.000213,0.000121,0.999665
263,0,0.232482,-4.461495,3.452173,0.038418,0.000352,0.961231
264,0,-3.257021,-2.099044,4.818243,0.000311,0.000989,0.998700
265,0,-3.404154,-2.226254,5.372165,0.000154,0.000501,0.999345
266,0,-2.792812,-1.856176,3.969940,0.001151,0.002937,0.995911
267,0,-2.943717,-1.693061,3.814556,0.001155,0.004035,0.994810
268,0,-3.360248,-2.292524,5.211365,0.000189,0.000551,0.999260
269,0,-4.161205,1.709425,2.089927,0.001144,0.405541,0.593315
270,0,-1.614716,-2.817736,3.523679,0.005823,0.001748,0.992429
271,0,0.017089,-3.645705,2.609242,0.069521,0.001784,0.928695
272,0,-2.130601,-3.642776,4.846443,0.000932,0.000205,0.998863
273,0,-2.493167,-3.396999,5.316731,0.000405,0.000164,0.999430
274,0,-3.270542,-2.829091,5.604372,0.000140,0.000217,0.999643
275,0,-4.449271,1.911936,2.154812,0.000759,0.439244,0.559997
276,0,-0.621903,-1.686557,1.424453,0.110078,0.037960,0.851962
277,0,-3.502592,-1.862875,5.100529,0.000183,0.000945,0.998872
278,0,-3.282922,-2.594412,5.454123,0.000160,0.000319,0.999520
279,0,-3.600445,-2.282228,5.360616,0.000128,0.000479,0.999393
280,0,-4.275235,1.143309,2.697154,0.000773,0.174397,0.824830
281,0,-3.299253,-2.642376,5.543805,0.000144,0.000278,0.999577
282,0,-2.752962,-3.260651,5.471722,0.000268,0.000161,0.999571
283,0,-3.200561,-2.945741,5.652932,0.000143,0.000184,0.999673
284,0,-2.345102,-3.359860,5.061094,0.000607,0.000220,0.999173
285,0,-2.723726,-3.318329,5.408022,0.000294,0.000162,0.999544
286,0,-3.060976,-2.848202,5.469103,0.000197,0.000244,0.999559
287,0,-2.895686,-3.220161,5.616058,0.000201,0.000145,0.999654
288,0,-2.258981,-3.584589,5.156244,0.000602,0.000160,0.999239
289,0,-3.192232,-2.808922,5.600218,0.000152,0.000223,0.999625
290,0,-1.162725,-0.362572,0.655281,0.106548,0.237163,0.656289
291,0,-2.927983,-1.760186,3.917448,0.001060,0.003406,0.995534
292,0,-3.401252,-2.697550,5.544388,0.000130,0.000263,0.999607
293,0,-3.158886,-2.826205,5.550738,0.000165,0.000230,0.999605
294,0,-1.249644,-3.442050,3.645135,0.007424,0.000829,0.991747
295,0,-3.165116,-2.983131,5.524989,0.000168,0.000202,0.999630
296,0,-3.357368,-2.381795,5.193233,0.000193,0.000513,0.999294
297,0,-3.327056,-2.603924,5.483864,0.000149,0.000307,0.999544
298,0,-1.756257,-2.790151,3.510938,0.005122,0.001822,0.993056
299,0,-2.620060,-3.288552,5.284417,0.000369,0.000189,0.999442
300,0,-4.324057,1.041709,2.687857,0.000755,0.161508,0.837737
301,0,-3.841051,-1.352937,4.450387,0.000250,0.003008,0.996743
302,0,-3.095547,-2.370228,4.654371,0.000430,0.000889,0.998681
303,0,-2.596379,-2.284440,4.207811,0.001106,0.001511,0.997383
304,0,-4.043963,-0.811160,4.582255,0.000178,0.004525,0.995296
305,0,-3.497716,-2.451695,5.526717,0.000120,0.000343,0.999537
306,0,-2.549884,-3.534432,5.565283,0.000299,0.000112,0.999590
307,0,-3.728704,0.119890,2.968354,0.001166,0.054697,0.944138
308,0,1.658068,-4.179988,1.646992,0.502033,0.001463,0.496504
309,0,-3.432984,-2.282218,5.326160,0.000157,0.000496,0.999347
310,0,-1.863384,-3.470876,4.408411,0.001885,0.000378,0.997738
311,0,-3.281985,-1.772608,4.127208,0.000604,0.002731,0.996666
312,0,-3.672163,-1.430009,4.434094,0.000301,0.002831,0.996869
313,0,-4.119036,-0.967928,4.634375,0.000157,0.003675,0.996167
314,0,-0.993756,-3.745454,3.627188,0.009741,0.000622,0.989637
315,0,-3.139268,-3.053373,5.675930,0.000148,0.000162,0.999690
316,0,-3.590052,-2.351646,5.219246,0.000149,0.000515,0.999336
317,0,-2.187302,-3.233844,4.711287,0.001008,0.000354,0.998638
318,0,-2.617503,-1.934950,3.588344,0.002006,0.003969,0.994026
319,0,-2.251158,-1.960234,3.123136,0.004585,0.006133,0.989283
320,0,-3.233207,-2.712764,5.531455,0.000156,0.000263,0.999581
321,0,-2.260072,-1.089524,2.381289,0.009267,0.029875,0.960858
322,0,-2.452845,-3.541253,5.295119,0.000431,0.000145,0.999423
323,0,-2.763856,-3.016274,5.331804,0.000305,0.000237,0.999459
324,0,-3.237130,-2.128808,4.638009,0.000379,0.001150,0.998471
325,0,-2.086343,-1.010855,2.186972,0.013212,0.038729,0.948059
326,0,-2.979167,-2.642784,4.808421,0.000414,0.000580,0.999005
327,0,-2.577180,-3.153857,4.728460,0.000671,0.000377,0.998952
328,0,1.297999,1.445109,-1.855680,0.454303,0.526301,0.019396
329,0,-2.879155,-2.784214,4.726019,0.000497,0.000547,0.998956
330,0,-2.847407,-3.244723,5.519842,0.000232,0.000156,0.999612
331,0,-1.687482,-1.487811,2.256345,0.018575,0.022680,0.958746
332,0,-2.693611,-3.277202,5.469557,0.000285,0.000159,0.999556
333,0,-3.090082,-3.045434,5.613768,0.000166,0.000173,0.999661
334,0,-3.315508,-1.881603,4.442951,0.000426,0.001788,0.997786
335,0,-2.735122,-2.571994,4.215580,0.000956,0.001125,0.997919
336,0,-2.835894,-2.956348,5.329753,0.000284,0.000252,0.999464
337,0,-2.952817,-3.229009,5.640800,0.000185,0.000141,0.999674
338,0,-3.696674,-2.021258,4.873753,0.000189,0.001012,0.998799
339,0,-2.907050,-3.119669,5.596922,0.000203,0.000164,0.999634
340,0,-3.253336,-2.799551,5.515677,0.000155,0.000245,0.999600
341,0,-3.901690,0.925704,2.461959,0.001416,0.176830,0.821754
342,0,-3.486234,0.531102,2.285467,0.002648,0.147107,0.850245
343,0,-2.561453,-1.449099,3.627059,0.002036,0.006192,0.991772
344,0,-1.768360,-2.243394,3.063978,0.007866,0.004892,0.987242
345,0,-2.908880,-3.221874,5.617049,0.000198,0.000145,0.999657
346,0,-3.272162,-2.810553,5.620883,0.000137,0.000218,0.999645
347,0,-3.321259,-2.793120,5.625854,0.000130,0.000221,0.999649
348,0,-3.429788,-2.333017,5.383685,0.000149,0.000445,0.999406
349,0,-2.836065,-3.026041,5.077537,0.000365,0.000302,0.999332
350,0,-3.480662,-2.489534,5.509525,0.000125,0.000336,0.999540
351,0,-3.251453,-2.669794,5.295594,0.000194,0.000347,0.999459
352,0,-3.275850,-0.508541,3.211433,0.001484,0.023626,0.974889
353,0,-3.098364,-3.001564,5.291714,0.000227,0.000250,0.999523
354,0,-3.057827,-2.813711,5.000791,0.000316,0.000404,0.999280
355,0,-4.562896,1.613345,2.610646,0.000560,0.269321,0.730119
356,0,-3.939420,0.479985,2.885911,0.000995,0.082640,0.916365
357,0,-3.262980,-2.887503,5.537271,0.000151,0.000219,0.999630
358,0,-3.580894,-1.416865,4.383588,0.000346,0.003016,0.996638
359,0,-2.215024,-3.600833,5.087813,0.000673,0.000168,0.999159
360,0,-3.243985,-2.774492,5.450861,0.000167,0.000268,0.999565
361,0,-2.739097,-3.094331,5.215939,0.000351,0.000246,0.999403
362,0,-2.990253,-3.117849,5.593663,0.000187,0.000165,0.999648
363,0,-3.406949,-2.593932,5.296275,0.000166,0.000374,0.999460
364,0,-2.972186,-3.216899,5.628625,0.000184,0.000144,0.999672
365,0,0.042531,-2.707431,1.869124,0.137427,0.008786,0.853788
366,0,-2.398064,-2.861888,4.307544,0.001222,0.000768,0.998010
367,0,-2.271398,-2.835461,4.681247,0.000955,0.000543,0.998502
368,0,0.432842,-4.315855,3.103635,0.064683,0.000560,0.934757
369,0,-3.760326,-0.562052,3.612803,0.000618,0.015135,0.984247
370,0,-3.371374,-2.234457,5.291874,0.000173,0.000538,0.999289
371,0,-2.139250,-2.495214,3.627626,0.003113,0.002181,0.994706
372,0,-2.561453,-1.449099,3.627059,0.002036,0.006192,0.991772
373,0,-3.191233,-2.747042,5.426611,0.000181,0.000282,0.999537
374,0,-3.100803,-3.055818,5.662164,0.000156,0.000164,0.999680
375,0,-2.718753,-3.257551,5.445209,0.000285,0.000166,0.999549
376,0,-2.650032,-0.375585,2.191872,0.007276,0.070744,0.921980
377,0,-2.913827,-2.995700,5.409578,0.000243,0.000224,0.999534
378,0,-3.286195,-2.798602,5.604171,0.000138,0.000224,0.999638
379,0,-3.800231,-0.595062,3.841531,0.000474,0.011692,0.987834
380,0,-3.816813,-1.597787,4.582762,0.000224,0.002065,0.997711
381,0,-3.026164,-0.203563,2.485243,0.003769,0.063397,0.932834
382,0,-3.820138,-1.906292,5.012492,0.000146,0.000988,0.998866
383,0,-3.060011,-2.670682,5.228664,0.000251,0.000371,0.999378
384,0,-1.929969,-3.882296,5.230253,0.000776,0.000110,0.999114
385,0,0.113588,-3.564914,2.513749,0.082986,0.002096,0.914918
386,0,-2.656397,-2.973358,4.977388,0.000483,0.000352,0.999164
387,0,-2.848287,-2.912103,5.494389,0.000238,0.000223,0.999539
388,0,0.983967,-4.658100,2.992686,0.118241,0.000419,0.881340
389,0,-3.511347,-2.601414,5.566227,0.000114,0.000284,0.999602
390,0,-3.580940,-2.146636,5.042753,0.000180,0.000754,0.999067
391,0,-3.506880,-2.436058,5.266512,0.000155,0.000451,0.999394
392,0,-0.048278,-3.434301,2.590998,0.066503,0.002251,0.931246
393,0,-2.784280,-3.223021,5.625466,0.000223,0.000144,0.999634
394,0,-2.979857,-2.803323,5.377064,0.000235,0.000280,0.999485
395,0,-2.959769,-3.128859,5.663118,0.000180,0.000152,0.999668
396,0,-3.221796,-2.947460,5.427210,0.000175,0.000231,0.999594
397,0,-2.258809,-3.233721,4.891235,0.000784,0.000296,0.998920
398,0,-3.328665,-2.834300,5.539294,0.000141,0.000231,0.999628
399,0,-3.592532,-2.358451,5.465283,0.000116,0.000400,0.999484
400,0,-0.996852,-3.827307,3.901367,0.007401,0.000437,0.992162
401,0,-3.381803,-2.409499,5.362584,0.000159,0.000421,0.999420
402,0,-2.095598,-2.102636,3.254182,0.004705,0.004672,0.990624
403,0,-2.829003,-3.109883,5.325963,0.000287,0.000217,0.999496
404,0,-4.349010,2.301742,1.705632,0.000833,0.644229,0.354938
405,0,-3.267173,-2.303859,5.352296,0.000180,0.000473,0.999347
406,0,-3.685593,-2.122130,5.211539,0.000137,0.000653,0.999211
407,0,-3.266322,-2.736106,5.461128,0.000162,0.000275,0.999563
408,0,-3.007712,-2.965532,5.171673,0.000280,0.000292,0.999428
409,0,-2.868933,-2.933121,5.350776,0.000269,0.000252,0.999478
410,0,-3.602150,-1.755051,4.569975,0.000282,0.001787,0.997931
411,0,-2.183620,-1.008814,2.471597,0.009143,0.029602,0.961255
412,0,-3.004926,-0.960275,3.097142,0.002195,0.016962,0.980842
413,0,-2.717389,-3.313163,5.520780,0.000264,0.000146,0.999590
414,0,-3.000925,-3.090116,5.485720,0.000206,0.000189,0.999605
415,0,-2.627976,-3.198041,5.402577,0.000325,0.000184,0.999491
416,0,-2.428078,-1.367614,2.850869,0.004999,0.014435,0.980566
417,0,-2.227749,-3.755631,5.409147,0.000482,0.000105,0.999413
418,0,-3.090437,-2.759301,5.362302,0.000213,0.000297,0.999490
419,0,-3.176560,-0.771881,3.230695,0.001617,0.017912,0.980471
420,0,-3.210907,-2.746544,5.169639,0.000229,0.000365,0.999406
421,0,-3.050357,-3.110393,5.571282,0.000180,0.000170,0.999650
422,0,-2.874702,-3.000563,4.829190,0.000451,0.000397,0.999152
423,0,-3.988466,0.313457,3.056688,0.000818,0.060421,0.938761
424,0,-3.321396,-2.416463,5.326817,0.000175,0.000433,0.999391
425,0,-3.281911,-2.816663,5.632661,0.000134,0.000214,0.999652
426,0,-3.123658,-3.067064,5.634336,0.000157,0.000166,0.999677
427,0,-2.699848,-3.175624,4.999280,0.000453,0.000281,0.999266
428,0,-2.540569,-1.057671,2.888984,0.004284,0.018872,0.976845
429,0,-2.969434,-2.969126,5.518420,0.000206,0.000206,0.999588
430,0,-3.020527,-2.394258,4.568808,0.000505,0.000945,0.998550
431,0,-2.222972,-3.510244,5.294781,0.000543,0.000150,0.999307
432,0,-3.592345,-1.531177,4.439996,0.000324,0.002544,0.997132
433,0,-3.187806,-2.486570,5.286882,0.000209,0.000420,0.999371
434,0,-3.248098,-2.289788,4.778688,0.000326,0.000851,0.998823
435,0,-2.758089,-0.512555,2.443467,0.005208,0.049195,0.945597
436,0,-3.132316,-3.044580,5.536647,0.000172,0.000188,0.999641
437,0,-1.822403,-3.339098,4.321586,0.002141,0.000470,0.997389
438,0,-3.745172,0.169557,2.898835,0.001221,0.061193,0.937586
439,0,-3.967175,0.774992,2.379192,0.001458,0.167151,0.831391
440,0,-2.921032,-2.895821,5.393533,0.000245,0.000251,0.999504
441,0,-3.266150,0.519532,1.999761,0.004190,0.184616,0.811194
442,0,-3.195283,-2.789633,5.486249,0.000170,0.000254,0.999576
443,0,-2.393950,-1.961393,3.534283,0.002645,0.004077,0.993278
444,0,-2.483967,-3.515191,5.542696,0.000326,0.000116,0.999557
445,0,-2.894228,-3.176681,5.495275,0.000227,0.000171,0.999602
446,0,-2.067242,-3.447015,4.642890,0.001217,0.000306,0.998477
447,0,-1.685762,-1.029436,1.828981,0.027371,0.052763,0.919866
448,0,-2.966659,-3.168029,5.560449,0.000198,0.000162,0.999640
449,0,-3.502727,-2.025671,4.815411,0.000244,0.001068,0.998689
450,0,-3.508457,-2.474657,5.145573,0.000174,0.000490,0.999336
451,0,-3.330159,-2.817713,5.579416,0.000135,0.000225,0.999640
452,0,-2.687199,-3.257255,5.408562,0.000305,0.000172,0.999523
453,0,-3.180926,-2.843640,5.395506,0.000188,0.000264,0.999548
454,0,-1.893372,-3.600031,4.810539,0.001224,0.000222,0.998553
455,0,-3.229244,-2.777571,5.576845,0.000150,0.000235,0.999615
456,0,-3.356774,-2.803234,5.545645,0.000136,0.000237,0.999627
457,0,-2.439933,-3.307929,5.309610,0.000431,0.000181,0.999388
458,0,-4.072928,-0.246834,3.651378,0.000433,0.019866,0.979701
459,0,-3.293715,-2.597045,5.456940,0.000158,0.000318,0.999524
460,0,1.003290,-1.358727,0.051795,0.675496,0.063652,0.260852
461,0,-3.279847,-2.757064,5.583563,0.000141,0.000239,0.999620
462,0,-3.059900,-2.963391,5.513230,0.000189,0.000208,0.999603
463,0,-3.361462,-2.623800,5.572500,0.000132,0.000276,0.999593
464,0,-2.460071,-3.489861,5.481818,0.000355,0.000127,0.999518
465,0,-3.888097,-0.424228,3.801430,0.000451,0.014399,0.985151
466,0,-2.545501,-1.892886,3.446898,0.002480,0.004762,0.992758
467,0,-2.690343,-3.202211,5.267979,0.000350,0.000210,0.999441
468,0,-3.113471,-3.074820,5.627401,0.000160,0.000166,0.999674
469,0,-3.298046,-2.626639,5.455887,0.000158,0.000309,0.999534
470,0,-2.952143,-2.990267,5.378654,0.000241,0.000232,0.999527
471,0,-2.916646,-3.067437,5.388858,0.000247,0.000212,0.999541
472,0,-2.455502,-3.533535,5.378824,0.000396,0.000135,0.999470
473,0,-2.287505,-3.647463,5.451607,0.000435,0.000112,0.999453
474,0,-3.119240,-3.143945,5.662080,0.000154,0.000150,0.999697
475,0,-3.246670,-2.717920,5.397170,0.000176,0.000299,0.999525
476,0,-3.474281,-1.882408,4.741415,0.000270,0.001326,0.998404
477,0,-3.283264,0.372555,2.566385,0.002585,0.100047,0.897368
478,0,-2.948232,-2.948594,5.374393,0.000243,0.000243,0.999514
479,0,-0.842129,-4.147274,3.953490,0.008196,0.000301,0.991504
480,0,-2.417746,-3.515514,5.509693,0.000361,0.000120,0.999519
481,0,-3.060585,-1.788007,4.060943,0.000805,0.002872,0.996323
482,0,-3.018207,-1.177542,3.437535,0.001554,0.009789,0.988657
483,0,-2.768459,-3.180598,5.517639,0.000252,0.000167,0.999581
484,0,-1.703430,-3.923293,4.938429,0.001303,0.000142,0.998556
485,0,-3.650083,0.232346,2.866328,0.001378,0.066891,0.931731
486,0,-2.561453,-1.449099,3.627059,0.002036,0.006192,0.991772
487,0,-3.130336,-3.116010,5.671332,0.000150,0.000153,0.999697
488,0,-3.230372,-2.813848,5.587113,0.000148,0.000225,0.999627
489,0,-2.960602,-3.261894,5.545317,0.000202,0.000150,0.999648
490,0,-0.958718,-4.317728,4.773962,0.003228,0.000112,0.996660
491,0,-3.223278,-2.988040,5.627369,0.000143,0.000181,0.999676
492,0,-3.253336,-2.799551,5.515677,0.000155,0.000245,0.999600
493,0,-2.522045,-3.163841,4.863828,0.000619,0.000326,0.999055
494,0,-3.136196,-2.987476,5.624362,0.000157,0.000182,0.999661
495,0,0.057618,-4.132128,3.019963,0.049120,0.000744,0.950136
496,0,-2.824565,-3.129814,5.350605,0.000281,0.000207,0.999511
497,0,-3.309237,-2.496437,5.453176,0.000156,0.000353,0.999491
498,0,-2.873134,-2.851195,5.101892,0.000344,0.000351,0.999305
499,0,-1.787064,-3.563448,4.725592,0.001482,0.000251,0.998267
500,0,-3.065907,-2.995940,5.439434,0.000202,0.000217,0.999581
501,0,-2.555885,-1.818136,3.593495,0.002121,0.004435,0.993444
502,0,-2.063520,-0.692385,2.028177,0.015437,0.060817,0.923746
503,0,-2.799093,-3.295220,5.467115,0.000257,0.000156,0.999587
504,0,-2.553757,-3.093325,5.226836,0.000417,0.000243,0.999339
505,0,-3.455503,-2.255298,5.180005,0.000178,0.000590,0.999233
506,0,-3.113448,-2.718897,5.224074,0.000239,0.000355,0.999406
507,0,-3.326455,-2.769577,5.619089,0.000130,0.000227,0.999642
508,0,-2.083664,-3.178347,4.191423,0.001878,0.000628,0.997494
509,0,-3.101002,-2.735133,5.362706,0.000211,0.000304,0.999485
510,0,-3.059161,-2.944911,5.551406,0.000182,0.000204,0.999614
511,0,-3.018309,-0.939279,3.086360,0.002188,0.017501,0.980311
512,0,1.629741,-4.202136,1.609247,0.504376,0.001479,0.494144
513,0,0.108255,-4.437825,3.523913,0.031799,0.000337,0.967864
514,0,-1.613493,-3.870732,4.592021,0.002014,0.000211,0.997775
515,0,-2.561453,-1.449099,3.627059,0.002036,0.006192,0.991772
516,0,-2.894941,-3.163495,5.518770,0.000222,0.000170,0.999609
517,0,-3.578758,-2.164680,5.191731,0.000155,0.000638,0.999207
518,0,-3.146425,-3.023030,5.658651,0.000150,0.000170,0.999681
519,0,-2.495038,-3.431217,5.167595,0.000470,0.000184,0.999346
520,0,1.210313,-3.474139,1.372646,0.457563,0.004227,0.538210
521,0,-2.996129,-2.961063,5.424629,0.000220,0.000228,0.999552
522,0,-2.390552,-3.392674,5.386231,0.000419,0.000154,0.999427
523,0,-3.413364,-2.581398,5.478037,0.000138,0.000316,0.999546
524,0,-3.453877,-0.489130,3.292993,0.001147,0.022242,0.976611
525,0,1.978520,-2.212592,-0.227644,0.888690,0.013445,0.097865
526,0,-3.215839,-2.854861,5.572012,0.000153,0.000219,0.999629
527,0,-3.241016,-2.540843,5.196307,0.000216,0.000436,0.999348
528,0,-0.376996,-4.401410,3.930998,0.013279,0.000237,0.986484
529,0,-3.310222,-1.673131,4.341973,0.000474,0.002434,0.997092
530,0,-2.533074,-3.400982,5.177956,0.000448,0.000188,0.999365
531,0,-3.890352,2.229740,1.471630,0.001495,0.679926,0.318580
532,0,-3.143162,-2.893615,5.527378,0.000171,0.000220,0.999608
533,0,-3.408621,-1.825990,4.427507,0.000394,0.001919,0.997687
534,0,-2.879928,0.854939,1.681549,0.007215,0.302166,0.690619
535,0,-2.718874,-3.128403,4.998804,0.000445,0.000295,0.999260
536,0,1.076603,-4.559928,2.690269,0.165982,0.000592,0.833426
537,0,-0.209277,-1.568996,1.206603,0.185983,0.047748,0.766269
538,0,-3.040416,-2.860715,5.388971,0.000218,0.000261,0.999521
539,0,-3.429061,-0.275780,2.967235,0.001602,0.037518,0.960879
540,0,-2.938192,-3.093107,5.544095,0.000207,0.000177,0.999616
541,0,-3.537844,-2.326138,5.194098,0.000161,0.000542,0.999297
542,0,-2.630916,-2.399621,3.937388,0.001400,0.001764,0.996836
543,0,-3.438831,-2.565259,5.550946,0.000125,0.000299,0.999577
544,0,-3.537410,-0.232067,3.136719,0.001220,0.033245,0.965536
545,0,-2.670186,-3.308406,5.541897,0.000271,0.000143,0.999585
546,0,-3.132810,-2.724274,5.429064,0.000191,0.000288,0.999521
547,0,-3.141704,-2.795377,5.468956,0.000182,0.000257,0.999561
548,0,0.587497,-3.652535,1.995880,0.195934,0.002823,0.801243
549,0,-3.148662,-3.078970,5.671127,0.000148,0.000158,0.999694
550,0,-2.616692,-2.784966,4.442004,0.000859,0.000726,0.998416
551,0,-3.168899,-2.593578,5.439047,0.000183,0.000325,0.999493
552,0,-3.140444,-2.987124,5.608639,0.000159,0.000185,0.999657
553,0,-2.513432,-3.358500,5.531084,0.000321,0.000138,0.999542
554,0,-3.062311,-3.106475,5.646286,0.000165,0.000158,0.999677
555,0,-3.146945,-2.846905,5.558420,0.000166,0.000224,0.999611
556,0,-4.298323,1.739650,2.005831,0.001034,0.433396,0.565569
557,0,-3.264634,-2.863312,5.530780,0.000151,0.000226,0.999622
558,0,-2.561453,-1.449099,3.627059,0.002036,0.006192,0.991772
559,0,-3.336494,-0.413558,3.056595,0.001620,0.030125,0.968255
560,0,-3.166111,-2.957513,5.634338,0.000151,0.000186,0.999664
561,0,-2.567959,-0.721543,2.491069,0.006069,0.038459,0.955472
562,0,-3.285851,-2.783979,5.572487,0.000142,0.000235,0.999623
563,0,-2.419118,-1.618267,3.299384,0.003250,0.007240,0.989510
564,0,-3.234076,-2.777104,5.565086,0.000151,0.000238,0.999611
565,0,-3.257279,-2.614820,5.430564,0.000169,0.000320,0.999511
566,0,-3.055079,-2.302249,4.936831,0.000338,0.000717,0.998945
567,0,-3.602150,-1.755051,4.569975,0.000282,0.001787,0.997931
568,0,-3.358721,-0.482972,3.079762,0.001552,0.027536,0.970911
569,0,-2.586452,-3.392071,5.525112,0.000300,0.000134,0.999566
570,0,-1.584238,-2.146532,2.651386,0.014149,0.008064,0.977787
571,0,-0.041455,-0.864651,0.578607,0.303208,0.133116,0.563676
572,0,-2.999656,-3.173694,5.604518,0.000183,0.000154,0.999663
573,0,-3.281586,-2.805274,5.510453,0.000152,0.000245,0.999604
574,0,-3.195974,-2.474144,5.290402,0.000206,0.000424,0.999370
575,0,-0.815269,-2.582968,2.286626,0.042715,0.007293,0.949992
576,0,-2.561453,-1.449099,3.627059,0.002036,0.006192,0.991772
577,0,-3.822542,-1.655510,4.962335,0.000153,0.001334,0.998513
578,0,-3.382500,-2.437834,5.256928,0.000177,0.000455,0.999368
579,0,-2.214487,-3.059455,4.382069,0.001362,0.000585,0.998052
580,0,-4.030211,-0.210177,3.591149,0.000479,0.021842,0.977679
581,0,-3.426473,-2.501950,5.472507,0.000136,0.000344,0.999520
582,0,-2.497926,-1.143882,2.836957,0.004710,0.018241,0.977049
583,0,0.133649,-2.598641,1.884131,0.146575,0.009538,0.843887
584,0,-3.222035,-2.524690,5.419810,0.000176,0.000354,0.999469
585,0,-3.095839,-2.767576,5.474932,0.000189,0.000263,0.999547
586,0,-4.079895,0.576230,3.000671,0.000772,0.081265,0.917963
587,0,0.098625,-4.020333,3.097534,0.047439,0.000771,0.951790
588,0,-2.502543,-3.533504,5.267921,0.000422,0.000150,0.999428
589,0,-2.971675,-3.215470,5.637294,0.000182,0.000143,0.999675
590,0,-0.960477,0.887764,-0.155310,0.104322,0.662303,0.233376
591,0,-3.071598,-3.138652,5.677325,0.000159,0.000148,0.999693
592,0,-2.878076,-3.091152,5.517697,0.000226,0.000182,0.999592
593,0,-2.815192,-2.898393,4.911188,0.000441,0.000405,0.999154
594,0,-3.214143,-2.908859,5.613332,0.000147,0.000199,0.999654
595,0,-3.289366,-2.784457,5.611868,0.000136,0.000226,0.999638
596,0,-3.825435,1.396306,2.071354,0.001818,0.336754,0.661428
597,0,-2.513432,-3.358500,5.531084,0.000321,0.000138,0.999542
598,0,-2.971280,-2.927413,5.394127,0.000233,0.000243,0.999524
599,0,-0.903472,-4.120173,4.564791,0.004200,0.000168,0.995632
600,0,-3.213413,-2.797228,5.501335,0.000164,0.000249,0.999587
601,0,-3.104817,-3.034674,5.614450,0.000163,0.000175,0.999661
602,0,-2.808209,-3.353158,5.542099,0.000236,0.000137,0.999627
603,0,-3.868596,0.453354,2.590797,0.001399,0.105363,0.893239
604,0,-4.359040,-0.260056,3.758846,0.000293,0.017650,0.982057
605,0,-0.931253,0.614718,0.464532,0.102768,0.482241,0.414991
606,0,-3.081814,-3.160525,5.658682,0.000160,0.000148,0.999692
607,0,-2.594123,-3.413032,5.235058,0.000398,0.000175,0.999427
608,0,-2.720730,-2.200196,3.900514,0.001327,0.002233,0.996440
609,0,-2.482304,-3.519162,5.596512,0.000310,0.000110,0.999580
610,0,-3.396971,-0.204535,2.921930,0.001723,0.041956,0.956320
611,0,-2.545765,-3.186937,5.282028,0.000398,0.000210,0.999392
612,0,0.633917,-2.354024,0.972285,0.407656,0.020542,0.571801
613,0,-4.520143,1.784667,2.436617,0.000626,0.342336,0.657038
614,0,-3.268632,-1.449397,3.917446,0.000753,0.004644,0.994603
615,0,-2.969641,-3.176572,5.491450,0.000211,0.000172,0.999617
616,0,-2.715696,-0.551004,2.493042,0.005193,0.045239,0.949568
617,0,-4.208503,0.150053,3.659558,0.000372,0.029032,0.970596
618,0,-2.838514,-3.085525,5.531528,0.000232,0.000181,0.999587
619,0,-2.286675,-3.625110,5.313313,0.000500,0.000131,0.999369
620,0,-2.201849,-3.691736,5.399914,0.000499,0.000113,0.999388
621,0,0.096515,-4.124892,3.042955,0.049869,0.000732,0.949399
622,0,-3.035186,-2.849025,5.483232,0.000200,0.000241,0.999560
623,0,-0.963757,-4.210351,4.200124,0.005686,0.000221,0.994093
624,0,-3.392837,-2.610915,5.490666,0.000139,0.000303,0.999559
625,0,-2.556676,-3.081352,4.666916,0.000728,0.000431,0.998841
626,0,0.150508,-4.140890,2.870761,0.061737,0.000845,0.937419
627,0,-3.543595,-1.507628,4.254794,0.000409,0.003132,0.996459
628,0,-3.566116,-0.845998,3.846634,0.000598,0.009074,0.990328
629,0,-3.211105,-2.910292,5.597302,0.000149,0.000202,0.999649
630,0,-3.219035,-2.700619,5.554907,0.000155,0.000260,0.999586
631,0,-3.012062,-2.621336,5.246151,0.000259,0.000383,0.999358
632,0,-3.443599,-1.839515,4.708736,0.000288,0.001430,0.998282
633,0,-3.103207,-2.765318,5.401803,0.000202,0.000284,0.999514
634,0,-2.813525,-2.997075,5.381996,0.000276,0.000230,0.999495
635,0,-3.658516,0.156383,2.847772,0.001397,0.063395,0.935208
636,0,-2.757152,-2.189672,3.986682,0.001174,0.002071,0.996754
637,0,-2.980347,-2.962779,5.540221,0.000199,0.000203,0.999598
638,0,-3.183942,-2.918555,5.639169,0.000147,0.000192,0.999661
639,0,-3.285279,-2.105168,4.946918,0.000266,0.000865,0.998870
640,0,-3.120004,-3.014617,5.651996,0.000155,0.000172,0.999673
641,0,-3.119720,-2.646421,5.227657,0.000237,0.000380,0.999383
642,0,-2.730444,-3.097196,5.431222,0.000285,0.000198,0.999517
643,0,-0.527086,-0.420529,0.311053,0.226014,0.251428,0.522558
644,0,-3.108501,-3.174395,5.679691,0.000152,0.000143,0.999705
645,0,-3.261791,-0.675141,3.282485,0.001409,0.018724,0.979867
646,0,-2.561453,-1.449099,3.627059,0.002036,0.006192,0.991772
647,0,-2.845723,-2.978521,5.059648,0.000369,0.000323,0.999309
648,0,-3.241415,-1.151716,3.519133,0.001147,0.009267,0.989587
649,0,-3.251520,-2.425725,5.191342,0.000215,0.000492,0.999293
650,0,-2.872800,-3.049090,5.154790,0.000326,0.000273,0.999400
651,0,-2.963928,-1.909315,3.831741,0.001114,0.003198,0.995689
652,0,-0.855092,-3.126382,2.874865,0.023375,0.002412,0.974213
653,0,-2.974250,-2.920931,5.453887,0.000219,0.000230,0.999551
654,0,-0.481171,-0.848333,0.769906,0.192797,0.133550,0.673653
655,0,-3.362542,-2.540289,5.503765,0.000141,0.000321,0.999538
656,0,-2.637742,-3.143095,5.014357,0.000475,0.000286,0.999239
657,0,-1.448137,-4.123896,4.698206,0.002136,0.000147,0.997717
658,0,-2.847072,-3.042751,5.547792,0.000226,0.000186,0.999588
659,0,-2.977269,-3.133688,5.263908,0.000263,0.000225,0.999511
660,0,-3.100565,-2.898657,5.422826,0.000199,0.000243,0.999558
661,0,-3.013559,-3.003850,5.515897,0.000197,0.000199,0.999603
662,0,-3.583250,-2.291087,5.415271,0.000124,0.000450,0.999427
663,0,-2.590459,-2.863198,4.847235,0.000588,0.000448,0.998964
664,0,-0.536034,-3.622862,3.185752,0.023594,0.001077,0.975329
665,0,-3.805240,-1.744479,5.104139,0.000135,0.001060,0.998805
666,0,-3.040749,-2.926629,5.397994,0.000216,0.000242,0.999541
667,0,-2.421876,-3.107431,4.741667,0.000773,0.000390,0.998837
668,0,-2.678539,-3.377926,5.586920,0.000257,0.000128,0.999615
669,0,-3.057398,-2.946300,5.597186,0.000174,0.000195,0.999631
670,0,-3.193303,-2.936668,5.611725,0.000150,0.000194,0.999656
671,0,-3.530092,-2.551985,5.566420,0.000112,0.000298,0.999590
672,0,-2.584141,-0.827205,2.600954,0.005394,0.031257,0.963348
673,0,-2.635176,-3.345613,5.470289,0.000302,0.000148,0.999550
674,0,-2.745873,-2.787424,4.953377,0.000453,0.000434,0.999113
675,0,-2.561453,-1.449099,3.627059,0.002036,0.006192,0.991772
676,0,-3.028481,-3.092803,5.638452,0.000172,0.000161,0.999666
677,0,-3.077549,-2.172540,4.410202,0.000559,0.001381,0.998060
678,0,-3.094934,-2.956079,5.591070,0.000169,0.000194,0.999637
679,0,-2.658479,-1.743179,3.568514,0.001962,0.004900,0.993138
680,0,-4.198452,-0.238200,3.966495,0.000280,0.014702,0.985018
681,0,-2.113227,-3.550933,5.052485,0.000772,0.000183,0.999045
682,0,-2.064233,-2.730376,3.701348,0.003119,0.001602,0.995279
683,0,-3.599813,-1.962426,4.892633,0.000205,0.001053,0.998743
684,0,-3.837170,-0.746663,3.688411,0.000533,0.011709,0.987758
685,0,-3.093143,-3.048028,5.644280,0.000160,0.000168,0.999672
686,0,-1.509056,-1.849078,2.561964,0.016576,0.011798,0.971626
687,0,-2.561453,-1.449099,3.627059,0.002036,0.006192,0.991772
688,0,-3.186954,-2.655206,5.379652,0.000190,0.000324,0.999486
689,0,-2.546059,-3.116583,5.123977,0.000466,0.000264,0.999270
690,0,-2.834304,-0.277105,2.311718,0.005387,0.069485,0.925128
691,0,-1.767962,-2.123005,2.711864,0.011121,0.007797,0.981082
692,0,-4.049388,-1.002629,4.384789,0.000216,0.004552,0.995232
693,0,-2.520496,-2.887883,4.594227,0.000812,0.000562,0.998626
694,0,-3.517763,-2.139201,4.937723,0.000213,0.000843,0.998944
695,0,-3.418679,-2.553974,5.525261,0.000130,0.000310,0.999560
696,0,-3.215367,-2.667861,5.465727,0.000170,0.000293,0.999537
697,0,-0.417603,-2.656305,2.059757,0.076826,0.008189,0.914984
698,0,-2.980761,-0.748532,2.927830,0.002642,0.024625,0.972733
699,0,-3.110387,-2.916339,5.540266,0.000175,0.000212,0.999613
700,0,-3.366799,-1.205752,4.410296,0.000418,0.003624,0.995958
701,0,-3.113250,-2.560376,5.284231,0.000225,0.000392,0.999383
702,0,-2.885381,-2.152813,4.378143,0.000699,0.001454,0.997846
703,0,-2.634194,-2.912052,5.281399,0.000365,0.000276,0.999359
704,0,-1.535674,-3.185122,4.013366,0.003873,0.000744,0.995382
705,0,-3.115055,-3.071371,5.540829,0.000174,0.000182,0.999644
706,0,-3.060340,-3.088826,5.646610,0.000165,0.000161,0.999674
707,0,-2.901323,-3.094434,5.450196,0.000236,0.000195,0.999570
708,0,-2.937152,-3.183547,5.624813,0.000191,0.000149,0.999659
709,0,-2.435290,-2.836735,4.468644,0.001002,0.000671,0.998327
710,0,-2.431490,-3.608454,5.491549,0.000362,0.000112,0.999526
711,0,-3.060140,-3.060967,5.648456,0.000165,0.000165,0.999670
712,0,-2.884466,-2.114257,3.903149,0.001124,0.002427,0.996449
713,0,-1.840583,-1.366088,2.281895,0.015547,0.024988,0.959465
714,0,-3.196783,-2.396673,5.309564,0.000202,0.000450,0.999348
715,0,-3.723788,-0.915856,3.721000,0.000579,0.009590,0.989832
716,0,-3.977672,-1.075427,4.403163,0.000228,0.004157,0.995615
717,0,-3.142694,-3.005732,5.641977,0.000153,0.000175,0.999672
718,0,-3.287902,-2.589857,5.189307,0.000208,0.000418,0.999374
719,0,-1.701195,-3.573708,4.620192,0.001794,0.000276,0.997931
720,0,-3.424111,-2.637472,5.501190,0.000133,0.000292,0.999575
721,0,-2.703917,-3.421912,5.608253,0.000245,0.000120,0.999635
722,0,-2.635035,-3.498273,5.529413,0.000284,0.000120,0.999596
723,0,-2.923782,-2.868928,5.124316,0.000319,0.000338,0.999343
724,0,-2.882710,-0.877496,2.899330,0.003004,0.022316,0.974680
725,0,-0.299431,-3.934296,3.131950,0.031303,0.000826,0.967871
726,0,-2.825973,-2.781416,5.095482,0.000363,0.000379,0.999258
727,0,-3.145203,-3.027530,5.659286,0.000150,0.000169,0.999681
728,0,-2.933746,-0.740156,2.860151,0.002956,0.026510,0.970533
729,0,-3.391639,-2.299043,5.375472,0.000156,0.000464,0.999380
730,0,-2.409441,-2.046663,3.335856,0.003173,0.004561,0.992266
731,0,-3.080185,-2.928319,5.578976,0.000173,0.000202,0.999625
732,0,-2.913777,-3.271011,5.623083,0.000196,0.000137,0.999667
733,0,-3.018207,-1.177542,3.437535,0.001554,0.009789,0.988657
734,0,-4.195113,0.550698,3.028857,0.000672,0.077352,0.921976
735,0,-2.715173,-3.327658,5.478839,0.000276,0.000150,0.999574
736,0,-3.188366,-2.941189,5.634507,0.000147,0.000189,0.999664
737,0,-2.931049,-3.165040,5.636934,0.000190,0.000150,0.999660
738,0,-2.851472,-2.832301,5.301789,0.000288,0.000293,0.999419
739,0,-4.056847,-0.766324,4.334483,0.000225,0.006054,0.993721
740,0,-3.088871,-3.008438,5.669074,0.000157,0.000170,0.999673
741,0,-4.155291,0.399937,3.333051,0.000531,0.050514,0.948955
742,0,-3.165349,-2.728302,5.414221,0.000188,0.000291,0.999521
743,0,-3.192480,-3.021114,5.646808,0.000145,0.000172,0.999683
744,0,-3.086925,-2.763779,5.393919,0.000207,0.000286,0.999506
745,0,0.707922,-4.002815,2.316872,0.166485,0.001498,0.832017
746,0,-3.237611,-2.767686,5.520602,0.000157,0.000251,0.999592
747,0,-2.879701,-2.194256,4.186955,0.000851,0.001689,0.997460
748,0,-3.228625,-2.735268,5.514656,0.000159,0.000261,0.999579
749,0,-2.808830,-3.334110,5.629208,0.000216,0.000128,0.999656
750,0,-1.277423,-4.068728,4.589337,0.002824,0.000173,0.997003
751,0,-3.279709,0.401378,2.156520,0.003700,0.146854,0.849446
752,0,-3.098342,-2.928347,5.490623,0.000186,0.000221,0.999593
753,0,-3.152690,-2.712153,5.375503,0.000198,0.000307,0.999495
754,0,-3.240762,-2.316659,5.299862,0.000195,0.000492,0.999313
755,0,-3.580860,-2.124896,5.113529,0.000167,0.000718,0.999115
756,0,-2.727266,-1.369576,3.345993,0.002278,0.008855,0.988867
757,0,-3.914979,-1.634691,4.887041,0.000150,0.001469,0.998381
758,0,-0.724692,-3.260145,3.378769,0.016226,0.001286,0.982488
759,0,-3.125647,-2.745494,5.520779,0.000176,0.000257,0.999567
760,0,-2.909009,-3.188035,5.554790,0.000211,0.000160,0.999629
761,0,-4.027833,0.643000,2.611250,0.001147,0.122436,0.876417
762,0,-3.633871,-1.658663,4.937456,0.000189,0.001364,0.998447
763,0,-2.704809,-3.415457,5.533071,0.000264,0.000130,0.999606
764,0,1.171700,-4.563563,2.576207,0.196976,0.000636,0.802387
765,0,-3.103129,-3.027279,5.612390,0.000164,0.000177,0.999659
766,0,-2.868493,-0.984966,3.088682,0.002537,0.016688,0.980774
767,0,-3.139827,-3.058024,5.643198,0.000153,0.000166,0.999680
768,0,-3.021327,-3.061754,5.508849,0.000197,0.000190,0.999613
769,0,-3.565523,-2.245330,5.430741,0.000124,0.000464,0.999413
770,0,-2.346771,-0.527498,1.891405,0.013081,0.080673,0.906246
771,0,-3.240370,-2.501356,5.027567,0.000256,0.000537,0.999207
772,0,-2.750799,-3.333422,5.468565,0.000269,0.000150,0.999580
773,0,-2.966482,-2.830490,5.267208,0.000265,0.000304,0.999430
774,0,-3.897888,-0.926144,4.114749,0.000329,0.006424,0.993247
775,0,-1.786376,-3.212156,3.999862,0.003058,0.000735,0.996207
776,0,-2.597472,-1.796777,3.569929,0.002083,0.004638,0.993279
777,0,-2.449064,-2.630007,4.077888,0.001460,0.001218,0.997322
778,0,-3.172208,-3.004746,5.541570,0.000164,0.000194,0.999642
779,0,-3.335555,-1.722671,4.314482,0.000475,0.002382,0.997144
780,0,-2.357222,-3.590055,5.272230,0.000486,0.000142,0.999373
781,0,-3.466861,-2.574165,5.388912,0.000142,0.000348,0.999510
782,0,-3.162393,-2.733350,5.395661,0.000192,0.000295,0.999513
783,0,-2.416121,-3.304829,4.634784,0.000866,0.000356,0.998779
784,0,-3.336815,-1.562468,4.153269,0.000556,0.003281,0.996162
785,0,-1.784130,-2.273825,3.052210,0.007836,0.004802,0.987362
786,0,-2.949587,-2.762763,5.339204,0.000251,0.000303,0.999446
787,0,-2.769683,-2.812905,5.018648,0.000414,0.000397,0.999189
788,0,-3.191331,-2.863208,5.591805,0.000153,0.000213,0.999634
789,0,-3.071191,-2.732856,5.279443,0.000236,0.000331,0.999433
790,0,-1.723521,-3.650752,4.622942,0.001749,0.000255,0.997996
791,0,-2.365520,-3.654812,5.453851,0.000402,0.000111,0.999488
792,0,2.244525,-4.096425,1.899139,0.584895,0.001031,0.414074
793,0,-2.855908,-3.257490,5.480145,0.000240,0.000160,0.999600
794,0,-3.268510,-2.935288,5.589661,0.000142,0.000198,0.999659
795,0,-2.695627,-3.238132,5.452048,0.000289,0.000168,0.999543
796,0,-2.335169,-1.194286,2.727921,0.006165,0.019293,0.974542
797,0,-3.245988,-2.749823,5.468309,0.000164,0.000270,0.999566
798,0,-2.561453,-1.449099,3.627059,0.002036,0.006192,0.991772
799,0,-2.151425,-3.503580,4.727482,0.001028,0.000266,0.998706
800,0,-2.938634,-1.858227,4.019657,0.000947,0.002790,0.996263
801,0,-3.825739,0.836403,2.285912,0.001792,0.189736,0.808471
802,0,-1.471753,-3.675209,4.231330,0.003323,0.000367,0.996310
803,0,-2.929280,-3.079054,5.437043,0.000232,0.000200,0.999567
804,0,-3.029895,-3.129433,5.653529,0.000169,0.000153,0.999677
805,0,-3.405408,-2.433000,5.356112,0.000157,0.000414,0.999429
806,0,-2.454070,-3.424727,5.156070,0.000495,0.000188,0.999317
807,0,-2.625389,-3.511781,5.532141,0.000286,0.000118,0.999595
808,0,-2.931987,-3.092937,5.512197,0.000215,0.000183,0.999602
809,0,-1.741779,-3.398688,3.922094,0.003455,0.000659,0.995886
810,0,-3.363838,-2.833993,5.552191,0.000134,0.000228,0.999638
811,0,-3.232845,-0.086377,2.691072,0.002512,0.058408,0.939080
812,0,-4.227242,-0.265821,3.814590,0.000316,0.016614,0.983069
813,0,-3.420986,-2.604543,5.476005,0.000137,0.000309,0.999554
814,0,-3.218124,-2.536046,5.446836,0.000172,0.000341,0.999486
815,0,-3.066430,-2.987875,5.475670,0.000195,0.000211,0.999594
816,0,-1.615725,-2.587006,3.184775,0.008133,0.003079,0.988787
817,0,-2.879721,-3.302395,5.633087,0.000201,0.000132,0.999668
818,0,-3.433091,-1.144465,3.709894,0.000784,0.007728,0.991488
819,0,-3.328263,-2.586888,5.416296,0.000159,0.000334,0.999506
820,0,-3.271831,-2.238172,5.031760,0.000247,0.000696,0.999057
821,0,-2.465518,-3.571103,5.534982,0.000335,0.000111,0.999554
822,0,-1.866977,-3.240135,4.082337,0.002599,0.000658,0.996743
823,0,-3.349562,-2.615185,5.524940,0.000140,0.000291,0.999569
824,0,-1.891802,-3.456986,4.631200,0.001467,0.000307,0.998227
825,0,-3.060889,-3.079331,5.608103,0.000172,0.000169,0.999660
826,0,-1.477835,-3.139023,3.456107,0.007137,0.001355,0.991508
827,0,-2.551562,-3.281386,5.100744,0.000475,0.000229,0.999297
828,0,-3.130085,-2.898311,5.402359,0.000197,0.000248,0.999555
829,0,-2.752859,-3.031844,5.126810,0.000378,0.000286,0.999336
830,0,-3.161559,-3.041024,5.673826,0.000145,0.000164,0.999691
831,0,-3.500486,-2.434887,5.448088,0.000130,0.000377,0.999493
832,0,-1.615691,-3.820041,4.581806,0.002030,0.000224,0.997746
833,0,-3.515780,-1.671633,4.722175,0.000264,0.001669,0.998067
834,0,-1.658649,-2.704388,3.233267,0.007432,0.002612,0.989957
835,0,-2.850296,-2.982285,5.387976,0.000264,0.000232,0.999504
836,0,-1.329653,-3.890840,4.479731,0.002990,0.000231,0.996780
837,0,-3.299335,-2.775721,5.469329,0.000155,0.000262,0.999582
838,0,-2.937230,-3.075206,5.573575,0.000201,0.000175,0.999624
839,0,-2.695954,-3.162095,5.278369,0.000344,0.000216,0.999440
840,0,-3.106003,-2.738852,5.207649,0.000245,0.000354,0.999401
841,0,-3.201103,-2.775452,5.550567,0.000158,0.000242,0.999600
842,0,-2.567042,-0.873346,2.640623,0.005288,0.028764,0.965948
843,0,-3.249021,-2.596556,5.421229,0.000172,0.000329,0.999499
844,0,-3.070472,-2.476720,5.171505,0.000263,0.000477,0.999260
845,0,-3.253414,-2.925749,5.640648,0.000137,0.000190,0.999673
846,0,-2.514613,-3.456561,5.255121,0.000422,0.000165,0.999413
847,0,-1.710896,-3.327684,4.236749,0.002604,0.000517,0.996879
848,0,-3.084955,-2.916306,5.589284,0.000171,0.000202,0.999627
849,0,-3.255651,-2.062963,4.518003,0.000420,0.001384,0.998196
850,0,-0.667452,-1.965934,1.550202,0.095614,0.026097,0.878288
851,0,-2.203373,-2.726992,4.185556,0.001676,0.000993,0.997332
852,0,-2.300228,-3.061515,4.503365,0.001108,0.000517,0.998374
853,0,-3.250675,-2.913947,5.654002,0.000136,0.000190,0.999674
854,0,-3.232723,-2.888658,5.592665,0.000147,0.000207,0.999646
855,0,-2.820963,-2.895766,4.950098,0.000421,0.000391,0.999188
856,0,-2.783641,-1.034759,2.943853,0.003185,0.018309,0.978505
857,0,-2.904917,-2.965003,5.480310,0.000228,0.000215,0.999557
858,0,-2.639490,-1.594401,3.230122,0.002794,0.007944,0.989262
859,0,-3.198123,-0.157980,2.631784,0.002761,0.057720,0.939519
860,0,-2.910902,-2.559690,5.135016,0.000320,0.000455,0.999225
861,0,-2.787857,-3.209876,5.583776,0.000231,0.000152,0.999617
862,0,3.246075,-4.172553,0.509352,0.938630,0.000563,0.060807
863,0,-3.051761,-2.974543,5.451339,0.000203,0.000219,0.999578
864,0,-4.168628,-0.770879,4.250316,0.000219,0.006552,0.993229
865,0,-0.852844,-4.173570,4.098129,0.007025,0.000254,0.992721
866,0,-3.071090,-3.062438,5.604987,0.000171,0.000172,0.999657
867,0,-2.558102,-3.351863,5.448506,0.000333,0.000151,0.999516
868,0,-2.792609,-3.208810,5.624399,0.000221,0.000146,0.999633
869,0,-2.824565,-3.129814,5.350605,0.000281,0.000207,0.999511
870,0,-3.124148,-2.724627,5.430304,0.000193,0.000287,0.999520
871,0,-3.615681,-1.510487,4.486318,0.000302,0.002480,0.997218
872,0,-3.210713,-2.876320,5.552158,0.000156,0.000218,0.999625
873,0,-3.207095,-2.859845,5.507791,0.000164,0.000232,0.999604
874,0,-2.853118,-2.152581,4.094841,0.000958,0.001930,0.997112
875,0,-2.824565,-3.129814,5.350605,0.000281,0.000207,0.999511
876,0,-2.030948,-3.827603,5.206248,0.000719,0.000119,0.999162
877,0,-0.521777,-4.363702,4.087315,0.009861,0.000212,0.989928
878,0,-2.287268,-3.454904,4.792290,0.000841,0.000262,0.998897
879,0,-3.287859,-1.632995,4.102058,0.000615,0.003218,0.996167
880,0,-0.570350,-4.096489,3.823936,0.012193,0.000359,0.987449
881,0,-1.685448,-2.087376,3.500122,0.005545,0.003710,0.990745
882,0,-2.644724,-3.202162,5.250721,0.000372,0.000213,0.999415
883,0,-3.340773,-0.880023,3.451985,0.001106,0.012956,0.985938
884,0,-3.056638,-0.133516,2.558354,0.003400,0.063239,0.933361
885,0,-2.884262,-3.185397,5.551653,0.000217,0.000160,0.999623
886,0,-3.517184,-2.383230,5.248689,0.000156,0.000484,0.999360
887,0,-3.098367,-2.958421,5.483495,0.000187,0.000216,0.999597
888,0,-2.218897,-2.933286,4.619386,0.001070,0.000524,0.998406
889,0,-2.151766,-3.835419,5.229513,0.000622,0.000116,0.999262
890,0,-3.110930,-2.962802,5.420799,0.000197,0.000228,0.999574
891,0,-3.133266,-2.844356,5.452373,0.000187,0.000249,0.999564
892,0,-2.988960,-3.171847,5.618111,0.000183,0.000152,0.999665
893,0,-3.739355,-2.011892,5.290998,0.000120,0.000673,0.999207
894,0,-3.377092,-1.754568,4.275560,0.000473,0.002398,0.997128
895,0,-2.615537,-3.309576,5.277129,0.000373,0.000186,0.999440
896,0,-3.222753,-2.917492,5.592440,0.000148,0.000201,0.999650
897,0,-2.614640,0.490124,1.373112,0.012947,0.288771,0.698282
898,0,-3.602150,-1.755051,4.569975,0.000282,0.001787,0.997931
899,0,-3.289723,-2.412058,5.370985,0.000173,0.000416,0.999410
900,0,-3.076547,-1.390517,3.412947,0.001505,0.008122,0.990373
901,0,-3.178236,-2.923131,5.569188,0.000159,0.000205,0.999636
902,0,-3.175041,-2.881257,5.597497,0.000155,0.000208,0.999637
903,0,-0.686445,-3.910475,3.736702,0.011849,0.000472,0.987680
904,0,-2.958532,-3.062032,5.626068,0.000187,0.000169,0.999645
905,0,-3.131218,-1.724766,4.074752,0.000739,0.003018,0.996243
906,0,-2.802537,-3.252146,5.442775,0.000262,0.000167,0.999570
907,0,-4.429828,1.372138,2.628968,0.000669,0.221372,0.777959
908,0,0.554610,-3.250653,1.651477,0.248941,0.005540,0.745520
909,0,-3.084876,-3.059198,5.479581,0.000191,0.000196,0.999614
910,0,-2.782129,-3.450405,5.541984,0.000243,0.000124,0.999633
911,0,-3.351811,-2.414088,5.075000,0.000219,0.000559,0.999223
912,0,-3.215186,-2.982153,5.517943,0.000161,0.000203,0.999635
913,0,-2.999407,-2.153129,4.581489,0.000509,0.001187,0.998304
914,0,-3.110017,-2.992391,5.485189,0.000185,0.000208,0.999607
915,0,-3.315347,-2.562966,5.448004,0.000156,0.000332,0.999512
916,0,-3.671820,-1.638025,4.791588,0.000211,0.001610,0.998179
917,0,-2.359953,-3.387990,5.309955,0.000466,0.000167,0.999367
918,0,-2.641314,-3.107952,5.102195,0.000433,0.000272,0.999295
919,0,-2.966637,-2.726839,4.821747,0.000414,0.000526,0.999059
920,0,-3.268632,-1.449397,3.917446,0.000753,0.004644,0.994603
921,0,-2.875410,-3.233319,5.590165,0.000211,0.000147,0.999642
922,0,-3.629002,-1.501021,4.908135,0.000196,0.001643,0.998161
923,0,-2.422818,-3.628440,5.525507,0.000353,0.000106,0.999541
924,0,-3.346585,-2.319697,5.155994,0.000203,0.000566,0.999231
925,0,-2.902827,-3.224755,5.562743,0.000211,0.000153,0.999637
926,0,-3.097440,-3.102730,5.644658,0.000160,0.000159,0.999681
927,0,-1.745968,-3.813808,4.667489,0.001636,0.000207,0.998157
928,0,-3.334775,-2.756704,5.574033,0.000135,0.000241,0.999624
929,0,-2.412435,-2.913713,4.402715,0.001095,0.000663,0.998242
930,0,-2.975293,-3.123005,5.518531,0.000205,0.000177,0.999619
931,0,-2.790835,-3.263456,5.514590,0.000247,0.000154,0.999599
932,0,-3.090041,-2.937922,5.634469,0.000162,0.000189,0.999648
933,0,-3.219208,-2.794837,5.517531,0.000161,0.000245,0.999594
934,0,-3.554001,-2.430595,5.363754,0.000134,0.000412,0.999454
935,0,-2.941649,-3.253156,5.676374,0.000181,0.000132,0.999687
936,0,-3.438526,-2.688354,5.523723,0.000128,0.000271,0.999601
937,0,-3.081212,-2.981716,5.390807,0.000209,0.000231,0.999560
938,0,-3.338341,-2.462079,5.067623,0.000223,0.000536,0.999240
939,0,-3.192513,-2.933531,5.591947,0.000153,0.000198,0.999649
940,0,-3.185255,-2.415548,4.644482,0.000397,0.000858,0.998745
941,0,-3.271131,-2.732145,5.409770,0.000170,0.000291,0.999539
942,0,-0.778111,-4.019847,4.119030,0.007410,0.000290,0.992300
943,0,-3.130091,-2.635937,5.039030,0.000283,0.000464,0.999253
944,0,-3.155399,-0.464194,2.791526,0.002511,0.037029,0.960461
945,0,-1.543162,-3.815388,4.526311,0.002307,0.000238,0.997456
946,0,3.792229,-4.051105,0.077758,0.975838,0.000383,0.023780
947,0,-4.034986,-1.085933,4.198794,0.000264,0.005042,0.994694
948,0,-2.731400,-3.158697,5.227619,0.000349,0.000228,0.999423
949,0,-3.534482,-2.232208,5.271051,0.000150,0.000551,0.999299
950,0,-3.176368,-2.724906,5.491426,0.000172,0.000270,0.999558
951,0,-1.970686,-3.813084,5.226417,0.000748,0.000119,0.999133
952,0,-3.502933,-2.258023,5.221182,0.000162,0.000564,0.999273
953,0,-3.232774,-2.224026,4.936704,0.000283,0.000776,0.998941
954,0,-3.023370,-3.080204,5.608459,0.000178,0.000168,0.999653
955,0,-2.974970,-1.256347,3.717673,0.001230,0.006859,0.991911
956,0,-2.917989,-1.326886,3.301739,0.001967,0.009655,0.988379
957,0,-2.991056,-2.934349,5.554847,0.000194,0.000206,0.999600
958,0,-2.023057,-3.031178,4.502551,0.001463,0.000534,0.998004
959,0,-2.959895,-3.150024,5.359845,0.000244,0.000201,0.999555
960,0,-3.208875,-2.955990,5.658370,0.000141,0.000181,0.999678
961,0,-2.726948,0.180807,1.798990,0.008953,0.163974,0.827073
962,0,-0.545651,-3.973877,3.343030,0.020049,0.000650,0.979301
963,0,1.971747,-0.961155,-1.068805,0.908223,0.048356,0.043421
964,0,0.204031,-3.339989,1.904480,0.153721,0.004442,0.841837
965,0,-3.124651,-1.618747,3.842295,0.000938,0.004227,0.994835
966,0,-3.055082,-2.824859,5.286922,0.000238,0.000300,0.999462
967,0,-3.496284,-2.576013,5.522406,0.000121,0.000304,0.999575
968,0,-1.823343,-2.442785,3.064735,0.007450,0.004010,0.988541
969,0,-2.847962,-3.148315,5.469736,0.000244,0.000181,0.999575
970,0,-2.587986,-3.416518,5.296306,0.000376,0.000164,0.999459
971,0,-3.141267,-2.715699,5.253264,0.000226,0.000346,0.999428
972,0,-3.032189,-2.663817,4.849627,0.000377,0.000545,0.999078
973,0,-3.368631,-2.749473,5.447597,0.000148,0.000275,0.999576
974,0,-3.218707,-2.428680,5.204655,0.000220,0.000484,0.999297
975,0,-2.754415,-3.225315,5.170311,0.000361,0.000226,0.999413
976,0,-3.550835,-2.436826,5.412543,0.000128,0.000390,0.999482
977,0,-2.986610,-2.832098,5.359614,0.000237,0.000277,0.999486
978,0,-1.941925,-3.045094,3.711853,0.003488,0.001157,0.995355
979,0,-3.883238,-0.033430,3.278593,0.000748,0.035135,0.964118
980,0,-2.617289,-3.064915,5.326115,0.000355,0.000227,0.999418
981,0,-3.079598,-2.955935,5.477736,0.000192,0.000217,0.999591
982,0,-3.883296,1.476046,2.014335,0.001731,0.367948,0.630322
983,0,-2.885223,-2.909719,5.330281,0.000270,0.000264,0.999466
984,0,-3.245502,-2.900420,5.671063,0.000134,0.000189,0.999677
985,0,-2.561453,-1.449099,3.627059,0.002036,0.006192,0.991772
986,0,-3.951589,-1.374063,4.837471,0.000152,0.002002,0.997846
987,0,-1.543264,0.007659,1.226328,0.046151,0.217640,0.736208
988,0,-3.675118,-0.985178,3.745800,0.000593,0.008736,0.990671
989,0,-3.836619,0.655736,2.744709,0.001232,0.110038,0.888731
990,0,2.220653,-4.712772,1.743833,0.616626,0.000601,0.382773
991,0,2.438113,-4.276613,1.468573,0.724391,0.000879,0.274731
992,0,-1.549278,-3.668707,4.343596,0.002751,0.000330,0.996919
993,0,-2.518886,-3.383288,4.984015,0.000551,0.000232,0.999217
994,0,-4.411317,0.915217,3.018318,0.000529,0.108738,0.890733
995,0,-3.494542,-1.832384,4.520761,0.000330,0.001738,0.997933
996,0,-3.222237,-2.594906,5.495352,0.000164,0.000306,0.999530
997,0,-3.989645,-1.025690,4.245745,0.000264,0.005109,0.994628
998,0,-3.400925,-2.428005,5.348659,0.000158,0.000419,0.999422
999,0,-3.076253,-3.012687,5.568413,0.000176,0.000188,0.999636
1000,0,-2.836150,-1.174109,3.300637,0.002133,0.011241,0.986626
1001,0,-1.521536,-4.074157,4.731023,0.001922,0.000150,0.997929
1002,0,-2.923242,-3.021058,5.531707,0.000213,0.000193,0.999594
1003,0,-1.779426,-1.280721,2.535504,0.012911,0.021259,0.965831
1004,0,-3.109212,-2.906753,5.410484,0.000199,0.000244,0.999556
1005,0,-3.154133,-2.336749,4.421528,0.000512,0.001159,0.998329
1006,0,-1.315964,-3.577342,4.293270,0.003649,0.000380,0.995971
1007,0,-3.568344,-2.183278,5.328459,0.000137,0.000546,0.999317
1008,0,-2.421688,-3.554442,5.276562,0.000453,0.000146,0.999401
1009,0,-2.509575,-1.780648,3.352916,0.002820,0.005844,0.991336
1010,0,-3.359941,-2.185787,4.629822,0.000338,0.001095,0.998567
1011,0,-2.561453,-1.449099,3.627059,0.002036,0.006192,0.991772
1012,0,-0.588921,-4.002321,3.697918,0.013556,0.000446,0.985998
1013,0,-4.684950,1.498906,2.967030,0.000386,0.187156,0.812458
1014,0,3.827420,-3.234672,-0.942067,0.990745,0.000849,0.008406
1015,0,-2.376230,-3.612704,5.139892,0.000544,0.000158,0.999298
1016,0,-2.972552,-2.437692,4.384486,0.000637,0.001087,0.998276
1017,0,-2.554152,-3.464673,5.497441,0.000318,0.000128,0.999553
1018,0,-2.796727,-3.239463,5.431037,0.000267,0.000171,0.999561
1019,0,-2.847233,-3.204968,5.558076,0.000224,0.000156,0.999620
1020,0,-3.124347,-2.849030,5.568257,0.000168,0.000221,0.999611
1021,0,-2.178056,-2.846237,4.246678,0.001617,0.000829,0.997554
1022,0,-2.996861,-3.000546,5.388702,0.000228,0.000227,0.999545
1023,0,-3.156755,-1.900767,4.349483,0.000548,0.001925,0.997526
1024,0,-3.112592,-3.135525,5.682987,0.000151,0.000148,0.999701
1025,0,-3.226738,-2.864209,5.640751,0.000141,0.000202,0.999657
1026,0,-3.164403,-2.937594,5.551753,0.000164,0.000206,0.999631
1027,0,-4.095395,-0.948977,4.598361,0.000167,0.003882,0.995951
1028,0,-3.092369,0.135658,2.241495,0.004283,0.108066,0.887651
1029,0,-3.199328,-2.789423,5.494390,0.000168,0.000252,0.999580
1030,0,-3.004182,-2.011955,4.156466,0.000774,0.002089,0.997137
1031,0,-1.423340,-3.701516,4.472782,0.002742,0.000281,0.996977
1032,0,-1.676963,-3.780690,4.737553,0.001635,0.000199,0.998166
1033,0,-3.310819,-2.196773,5.039875,0.000236,0.000719,0.999045
1034,0,-3.018207,-1.177542,3.437535,0.001554,0.009789,0.988657
1035,0,-3.081580,-3.116612,5.621547,0.000166,0.000160,0.999674
1036,0,-3.266949,-2.672534,5.527868,0.000151,0.000274,0.999574
1037,0,-3.193290,-2.902982,5.600686,0.000152,0.000203,0.999646
1038,0,-3.612540,-1.182724,4.166866,0.000416,0.004726,0.994858
1039,0,-2.683872,-2.655948,4.952798,0.000482,0.000496,0.999022
1040,0,-2.843352,-0.718452,2.823268,0.003351,0.028054,0.968595
1041,0,-2.847206,-3.266610,5.656679,0.000203,0.000133,0.999664
1042,0,-1.702968,-3.636199,4.538898,0.001942,0.000281,0.997777
1043,0,-3.130444,-2.927961,5.530271,0.000173,0.000212,0.999615
1044,0,-3.585737,-1.952226,4.814629,0.000224,0.001150,0.998626
1045,0,-3.502702,-2.482773,5.256403,0.000157,0.000435,0.999408
1046,0,-4.515228,1.729137,2.424080,0.000646,0.332719,0.666635
1047,0,-3.253219,-2.912243,5.651678,0.000136,0.000191,0.999673
1048,0,-1.762251,-3.875389,5.267068,0.000885,0.000107,0.999008
1049,0,-3.198379,-2.497370,5.336547,0.000196,0.000396,0.999408
1050,0,-3.591549,-2.077564,5.231479,0.000147,0.000669,0.999184
1051,0,-3.085681,-2.300414,4.517562,0.000498,0.001092,0.998410
1052,0,-1.999611,-2.301338,3.551847,0.003856,0.002851,0.993293
1053,0,-2.678904,-0.488046,2.430014,0.005700,0.050976,0.943324
1054,0,-3.623690,-2.153381,5.264450,0.000138,0.000600,0.999262
1055,0,-0.193728,-3.853521,2.909029,0.042946,0.001105,0.955949
1056,0,-2.049047,-2.270142,3.270125,0.004854,0.003891,0.991255
1057,0,-2.704141,-3.441143,5.584023,0.000251,0.000120,0.999628
1058,0,-3.140152,-2.402263,5.136867,0.000254,0.000531,0.999214
1059,0,-2.737487,-3.259700,5.595508,0.000240,0.000143,0.999617
1060,0,-4.029050,0.486814,2.984468,0.000831,0.075960,0.923210
1061,0,-3.660997,-1.616050,5.012699,0.000171,0.001320,0.998509
1062,0,-1.687795,-3.351209,3.787232,0.004169,0.000790,0.995041
1063,0,-2.590246,-3.048394,5.204535,0.000412,0.000260,0.999328
1064,0,-3.036209,-2.832954,5.444818,0.000207,0.000254,0.999539
1065,0,-3.783805,-1.636281,5.088803,0.000140,0.001199,0.998661
1066,0,-3.243443,-2.844764,5.558804,0.000150,0.000224,0.999626
1067,0,-3.397066,-2.493513,5.467718,0.000141,0.000349,0.999510
1068,0,-1.980564,-3.288756,4.122182,0.002230,0.000603,0.997167
1069,0,-3.263852,-2.944958,5.632731,0.000137,0.000188,0.999675
1070,0,-3.296324,-2.852061,5.259359,0.000192,0.000300,0.999508
1071,0,-3.435004,-2.596414,5.504352,0.000131,0.000303,0.999566
1072,0,-3.264924,-1.252408,3.798215,0.000850,0.006359,0.992791
1073,0,-3.890208,0.641565,2.746445,0.001168,0.108497,0.890336
1074,0,-3.220567,-1.844580,4.180743,0.000609,0.002409,0.996982
1075,0,-3.301447,-1.599887,4.155496,0.000575,0.003154,0.996271
1076,0,-2.948364,-3.150353,5.342944,0.000251,0.000205,0.999545
1077,0,-2.898058,-2.792320,5.345501,0.000263,0.000292,0.999445
1078,0,-2.727076,-3.378669,5.583571,0.000246,0.000128,0.999626
1079,0,-3.524109,-2.156720,4.758864,0.000252,0.000991,0.998757
1080,0,-2.845617,-2.654655,5.077288,0.000362,0.000438,0.999200
1081,0,-1.176846,-3.840889,4.062996,0.005271,0.000367,0.994362
1082,0,-2.837059,-3.335044,5.671813,0.000202,0.000123,0.999676
1083,0,-1.453715,-3.747242,4.275072,0.003239,0.000327,0.996434
1084,0,-2.088547,-3.804968,5.342037,0.000592,0.000106,0.999301
1085,0,-1.093642,-2.706578,2.984641,0.016599,0.003308,0.980092
1086,0,-2.627058,-3.457624,5.594409,0.000269,0.000117,0.999614
1087,0,-2.955899,-1.614253,3.726045,0.001246,0.004766,0.993989
1088,0,-2.034100,-3.749866,5.165374,0.000746,0.000134,0.999119
1089,0,-3.895844,-0.901707,4.491449,0.000227,0.004526,0.995247
1090,0,2.466627,-4.435820,1.115523,0.793676,0.000798,0.205526
1091,0,-3.424783,-1.345879,3.944006,0.000627,0.005014,0.994359
1092,0,-3.419381,-2.671966,5.446546,0.000141,0.000298,0.999561
1093,0,-2.401279,-3.343500,4.869205,0.000695,0.000271,0.999034
1094,0,-3.592853,-2.170318,5.385293,0.000126,0.000523,0.999351
1095,0,-2.160293,-3.819594,5.229972,0.000617,0.000117,0.999266
1096,0,-2.918789,-3.051276,5.159688,0.000310,0.000272,0.999418
1097,0,-3.253209,-2.884168,5.595284,0.000144,0.000208,0.999649
1098,0,-1.544441,-3.796548,4.436375,0.002520,0.000265,0.997215
1099,0,-4.036205,-1.130790,4.829125,0.000141,0.002573,0.997286
1100,0,-3.354462,-1.304402,3.912668,0.000694,0.005390,0.993916
1101,0,-2.740849,-3.299846,5.523207,0.000258,0.000147,0.999595
1102,0,-2.885020,-3.065842,5.407297,0.000250,0.000209,0.999541
1103,0,-3.351841,-2.291972,5.357007,0.000165,0.000476,0.999359
1104,0,-3.460391,-2.488830,5.431288,0.000137,0.000363,0.999499
1105,0,-0.184447,-3.317238,2.437189,0.067559,0.002945,0.929495
1106,0,-3.840853,-1.344340,4.555069,0.000225,0.002733,0.997042
1107,0,-2.383778,-2.261818,3.507678,0.002747,0.003103,0.994150
1108,0,-4.232200,1.862801,1.948513,0.001078,0.478070,0.520853
1109,0,0.662713,-4.570204,3.176534,0.074865,0.000400,0.924735
1110,0,-2.683253,-2.094008,4.000477,0.001247,0.002247,0.996506
1111,0,-3.376000,-2.577045,5.511581,0.000138,0.000307,0.999555
1112,0,-2.799004,-3.278961,5.409104,0.000272,0.000169,0.999559
1113,0,-2.897528,-3.065717,5.513757,0.000222,0.000188,0.999590
1114,0,-3.040749,-2.926629,5.397994,0.000216,0.000242,0.999541
1115,0,-3.509726,-1.868883,4.367647,0.000378,0.001952,0.997670
1116,0,-3.512885,-1.968092,5.056494,0.000190,0.000889,0.998922
1117,0,-2.704360,-3.114865,5.228739,0.000358,0.000238,0.999404
1118,0,-2.354100,-3.646542,5.436750,0.000413,0.000113,0.999473
1119,0,-3.263830,-2.057180,4.982539,0.000262,0.000875,0.998863
1120,0,-3.751674,-1.177727,4.512632,0.000257,0.003366,0.996377
1121,0,-3.819441,-1.371319,4.648014,0.000210,0.002425,0.997366
1122,0,-0.029211,-3.753955,2.689621,0.061779,0.001490,0.936731
1123,0,-3.064168,-3.114470,5.631382,0.000167,0.000159,0.999674
1124,0,-3.084318,-2.878441,5.261039,0.000237,0.000292,0.999471
1125,0,-3.209275,-2.772743,5.502286,0.000165,0.000255,0.999581
1126,0,-3.388478,-2.512244,5.068417,0.000212,0.000510,0.999278
1127,0,-2.830302,-3.238792,5.343039,0.000282,0.000187,0.999531
1128,0,-3.308762,-2.568038,5.460466,0.000155,0.000326,0.999519
1129,0,-3.177794,-2.962880,5.623531,0.000150,0.000187,0.999663
1130,0,-2.775563,-3.159242,5.188037,0.000348,0.000237,0.999415
1131,0,-2.969297,-3.153583,5.556986,0.000198,0.000165,0.999637
1132,0,-0.878963,-2.143863,2.442809,0.034493,0.009736,0.955771
1133,0,-3.010759,-2.912287,5.556001,0.000190,0.000210,0.999600
1134,0,-3.241039,-2.820071,5.584621,0.000147,0.000224,0.999629
1135,0,-3.169840,-2.764475,5.479186,0.000175,0.000263,0.999562
1136,0,-3.319310,0.016300,2.773917,0.002119,0.059532,0.938350
1137,0,-1.546349,-3.962453,4.776652,0.001791,0.000160,0.998049
1138,0,-3.031105,-3.008535,5.367141,0.000225,0.000230,0.999545
1139,0,-3.165218,-3.035289,5.617395,0.000153,0.000175,0.999672
1140,0,-2.337253,-3.653688,5.220089,0.000522,0.000140,0.999338
1141,0,-3.375506,-2.674730,5.582138,0.000129,0.000259,0.999612
1142,0,-2.655625,-3.444001,5.541986,0.000275,0.000125,0.999600
1143,0,-3.143579,-3.054056,5.677792,0.000148,0.000161,0.999691
1144,0,-0.471991,-1.827934,1.499496,0.118497,0.030537,0.850966
1145,0,-1.434223,-4.120743,4.952120,0.001681,0.000115,0.998204
1146,0,-3.215968,-2.964444,5.554940,0.000155,0.000199,0.999645
1147,0,-4.274722,1.940220,1.849413,0.001044,0.522140,0.476816
1148,0,-3.914740,-1.360765,4.704771,0.000180,0.002316,0.997504
1149,0,-2.745045,-3.401869,5.605807,0.000236,0.000122,0.999641
1150,0,-3.198561,-2.906087,5.597645,0.000151,0.000203,0.999646
1151,0,-2.366213,-3.594961,5.186658,0.000524,0.000153,0.999322
1152,0,-2.655401,-3.422764,5.408735,0.000314,0.000146,0.999540
1153,0,-2.284114,-3.380473,4.736643,0.000892,0.000298,0.998810
1154,0,-3.751254,-0.749816,3.866798,0.000486,0.009785,0.989729
1155,0,-3.022511,-2.697697,5.126894,0.000289,0.000400,0.999312
1156,0,-2.695209,-2.889185,4.776408,0.000568,0.000468,0.998963
1157,0,-3.339179,-2.435696,5.428720,0.000156,0.000384,0.999461
1158,0,-2.937687,-3.159484,5.488362,0.000219,0.000175,0.999606
1159,0,-3.107800,-2.953492,5.601127,0.000165,0.000193,0.999642
1160,0,-3.156755,-1.900767,4.349483,0.000548,0.001925,0.997526
1161,0,-3.256782,-2.941359,5.676264,0.000132,0.000181,0.999687
1162,0,-3.141336,-3.071048,5.666218,0.000150,0.000160,0.999690
1163,0,-2.883030,-0.615848,2.893542,0.003000,0.028959,0.968041
1164,0,-2.764048,-3.263142,5.401569,0.000284,0.000172,0.999543
1165,0,-2.383668,-3.535477,5.564661,0.000353,0.000112,0.999535
1166,0,-1.876684,-1.263902,2.492893,0.012217,0.022546,0.965237
1167,0,-3.044269,-3.062075,5.623287,0.000172,0.000169,0.999659
1168,0,-0.947639,-4.200271,4.236871,0.005570,0.000215,0.994214
1169,0,-3.206570,-2.963763,5.667107,0.000140,0.000178,0.999682
1170,0,-3.126126,-1.219988,3.512655,0.001296,0.008715,0.989989
1171,0,-4.162588,1.204146,2.365988,0.001112,0.238068,0.760821
1172,0,-0.706877,-2.200919,1.919853,0.066432,0.014912,0.918656
1173,0,-3.176603,-3.058833,5.533487,0.000165,0.000185,0.999650
1174,0,-3.251836,-2.809176,5.601943,0.000143,0.000222,0.999635
1175,0,-3.377352,-2.529413,5.485187,0.000142,0.000330,0.999528
1176,0,-3.799058,-1.298644,4.394011,0.000276,0.003358,0.996366
1177,0,-3.665817,-0.748304,3.695327,0.000628,0.011609,0.987763
1178,0,-3.159081,-2.937990,5.602956,0.000157,0.000195,0.999648
1179,0,-3.127943,-2.682066,4.833128,0.000348,0.000544,0.999107
1180,0,-3.225410,-2.906683,5.513026,0.000160,0.000220,0.999619
1181,0,-3.393516,-1.114436,3.562968,0.000943,0.009209,0.989849
1182,0,-2.926195,-3.194173,5.676303,0.000184,0.000140,0.999676
1183,0,-2.852004,-3.215398,5.565594,0.000221,0.000154,0.999626
1184,0,-3.553555,-2.556641,5.560104,0.000110,0.000298,0.999592
1185,0,-1.953481,-2.686118,3.680691,0.003555,0.001709,0.994737
1186,0,-3.322163,-2.705510,5.551187,0.000140,0.000259,0.999601
1187,0,-3.063591,-3.016238,5.525054,0.000186,0.000195,0.999619
1188,0,-2.912522,-3.246220,5.579258,0.000205,0.000147,0.999648
1189,0,-0.386307,-4.109503,3.262924,0.025336,0.000612,0.974052
1190,0,-1.525554,-3.793484,4.318120,0.002889,0.000299,0.996812
1191,0,-3.187379,-0.427461,2.838578,0.002321,0.036670,0.961009
1192,0,-3.370115,-0.109756,2.693976,0.002187,0.056998,0.940815
1193,0,-2.758337,-3.338170,5.434835,0.000276,0.000155,0.999569
1194,0,-2.506461,-3.607626,5.499280,0.000333,0.000111,0.999556
1195,0,-1.770237,-2.176324,3.081680,0.007713,0.005139,0.987148
1196,0,-2.882187,-2.761834,4.827391,0.000448,0.000505,0.999047
1197,0,-3.088021,-2.912863,5.269855,0.000234,0.000279,0.999486
1198,0,-2.875318,-3.024733,5.345002,0.000269,0.000232,0.999499
1199,0,-4.022395,0.179574,3.347117,0.000604,0.040381,0.959015
1200,0,-3.298885,-2.950643,5.657908,0.000129,0.000182,0.999689
1201,0,-2.302862,-2.266070,3.595603,0.002728,0.002831,0.994441
1202,0,-3.151023,-2.672902,5.178612,0.000241,0.000389,0.999370
1203,0,-3.355349,-2.769915,5.572253,0.000133,0.000238,0.999629
1204,0,-3.089879,-2.777500,5.519652,0.000182,0.000249,0.999569
1205,0,-1.764436,-3.495524,4.357648,0.002188,0.000388,0.997424
1206,0,-3.439143,-2.402400,5.327359,0.000156,0.000439,0.999405
1207,0,-2.965694,-3.265268,5.582675,0.000194,0.000144,0.999663
1208,0,-3.316606,-2.660604,5.516957,0.000146,0.000281,0.999574
1209,0,-4.087386,0.600685,2.763218,0.000949,0.103068,0.895983
1210,0,-2.819845,-3.024389,5.498568,0.000244,0.000199,0.999557
1211,0,-3.009135,-3.059185,5.453939,0.000211,0.000201,0.999588
1212,0,-0.669657,-2.069729,1.699412,0.083794,0.020662,0.895544
1213,0,-2.885367,-2.988374,5.070535,0.000350,0.000316,0.999334
1214,0,-2.891482,-3.083595,5.424499,0.000244,0.000202,0.999554
1215,0,-2.453924,-1.527520,3.017409,0.004144,0.010466,0.985390
1216,0,-2.868045,-1.123662,3.176755,0.002333,0.013350,0.984317
1217,0,-3.304549,-2.911792,5.661470,0.000128,0.000189,0.999683
1218,0,-3.379086,-2.117169,5.211642,0.000186,0.000656,0.999159
1219,0,-3.167686,0.325912,2.176638,0.004110,0.135230,0.860661
1220,0,-3.512402,-0.128742,2.967058,0.001466,0.043217,0.955317
1221,0,0.483771,-3.340087,2.047962,0.172394,0.003766,0.823840
1222,0,-2.499782,-3.611175,5.474925,0.000344,0.000113,0.999543
1223,0,-1.469662,-1.455599,2.234087,0.023467,0.023799,0.952734
1224,0,-3.787766,-1.000203,3.947119,0.000434,0.007049,0.992517
1225,0,-3.014228,-3.241272,5.584548,0.000184,0.000147,0.999669
1226,0,-3.618697,-2.014233,5.178602,0.000151,0.000751,0.999098
1227,0,-3.437284,-1.584232,4.253056,0.000456,0.002907,0.996637
1228,0,-3.413159,-2.388647,5.410468,0.000147,0.000410,0.999443
1229,0,-3.355803,-2.572393,5.324105,0.000170,0.000372,0.999458
1230,0,-3.223431,-2.819121,5.570356,0.000152,0.000227,0.999621
1231,0,-3.224762,-2.756312,5.335973,0.000191,0.000306,0.999503
1232,0,-3.257280,-0.882114,2.994219,0.001885,0.020268,0.977848
1233,0,-3.185296,-0.290211,2.949216,0.002081,0.037630,0.960289
1234,0,-3.214186,-2.844064,5.580648,0.000151,0.000219,0.999629
1235,0,-2.601336,-1.263091,2.879370,0.004084,0.015572,0.980344
1236,0,-3.534158,-2.194054,5.018760,0.000193,0.000736,0.999071
1237,0,-3.178123,-2.957117,5.540433,0.000163,0.000204,0.999633
1238,0,-2.954120,-3.143783,5.658812,0.000182,0.000150,0.999668
1239,0,-3.453379,-2.211417,4.775041,0.000267,0.000923,0.998810
1240,0,-2.755632,-1.451745,3.395117,0.002111,0.007775,0.990114
1241,0,-2.767357,-3.004239,5.207222,0.000344,0.000271,0.999385
1242,0,-0.077602,-2.256987,1.700427,0.142221,0.016087,0.841692
1243,0,-2.917650,-3.040296,5.419844,0.000239,0.000212,0.999549
1244,0,-2.285413,-3.624127,5.180656,0.000572,0.000150,0.999278
1245,0,-0.367997,-2.514334,1.981874,0.086198,0.010078,0.903724
1246,0,-3.854738,-0.806767,4.135382,0.000336,0.007086,0.992577
1247,0,-0.667186,-4.202758,3.943354,0.009846,0.000287,0.989867
1248,0,-3.266788,-2.797825,5.598110,0.000141,0.000226,0.999633
1249,0,2.058765,-4.459056,2.183312,0.468579,0.000692,0.530729
1250,0,-3.031749,-2.775535,5.286458,0.000244,0.000315,0.999441
1251,0,-2.776676,-3.313270,5.645058,0.000220,0.000129,0.999651
1252,0,-2.688070,-0.926454,2.745466,0.004241,0.024692,0.971067
1253,0,-3.043311,-2.517067,4.693243,0.000436,0.000738,0.998826
1254,0,-1.731052,-3.635457,4.464373,0.002034,0.000303,0.997663
1255,0,-3.168200,-2.913851,5.537428,0.000166,0.000214,0.999621
1256,0,-3.095863,-3.115061,5.667520,0.000156,0.000153,0.999690
1257,0,-3.190474,-2.874198,5.587986,0.000154,0.000211,0.999635
1258,0,-2.960351,-2.325121,4.812784,0.000420,0.000793,0.998786
1259,0,-3.123451,-2.491993,4.699222,0.000400,0.000752,0.998848
1260,0,-3.040749,-2.926629,5.397994,0.000216,0.000242,0.999541
1261,0,-2.682071,-2.087859,3.911171,0.001364,0.002472,0.996164
1262,0,-2.950447,-1.742365,3.681199,0.001310,0.004386,0.994303
1263,0,-2.355256,-3.559789,5.102921,0.000576,0.000173,0.999251
1264,0,-2.561453,-1.449099,3.627059,0.002036,0.006192,0.991772
1265,0,-3.372526,0.887415,1.924242,0.003683,0.260799,0.735518
1266,0,-1.914104,-3.805414,4.910675,0.001085,0.000164,0.998751
1267,0,-3.249547,-2.879985,5.655958,0.000136,0.000196,0.999668
1268,0,-3.454329,-2.448235,5.373266,0.000147,0.000401,0.999453
1269,0,0.054825,-2.429082,1.704026,0.159078,0.013270,0.827653
1270,0,-3.041817,-3.058037,5.616945,0.000174,0.000171,0.999656
1271,0,-3.032494,-2.971432,5.519482,0.000193,0.000205,0.999602
1272,0,-2.797662,-3.278235,5.648074,0.000215,0.000133,0.999653
1273,0,-2.979953,-2.913316,5.395921,0.000230,0.000246,0.999524
1274,0,-3.460442,-1.509537,4.837752,0.000248,0.001748,0.998004
1275,0,-2.249856,-3.601587,5.245748,0.000555,0.000144,0.999301
1276,0,-2.212280,-3.531148,4.843821,0.000861,0.000230,0.998909
1277,0,-3.191291,-2.782248,5.339160,0.000197,0.000297,0.999506
1278,0,-0.833298,-1.804383,1.810460,0.064747,0.024518,0.910735
1279,0,-3.283512,1.914377,1.168372,0.003736,0.675774,0.320491
1280,0,-4.280540,1.599927,2.376875,0.000879,0.314701,0.684420
1281,0,-2.962536,-3.247071,5.593601,0.000192,0.000145,0.999663
1282,0,-2.706438,-1.429542,3.543509,0.001914,0.006861,0.991225
1283,0,-3.067481,-1.910893,4.287313,0.000638,0.002028,0.997335
1284,0,-2.884322,-3.019030,5.541132,0.000219,0.000192,0.999589
1285,0,-0.036013,-4.159780,3.268643,0.035392,0.000573,0.964036
1286,0,-3.106836,-3.051553,5.599489,0.000165,0.000175,0.999660
1287,0,-2.816173,-3.185985,5.558013,0.000231,0.000159,0.999610
1288,0,-2.799948,-3.160768,5.288896,0.000307,0.000214,0.999479
1289,0,-0.154068,-3.233983,2.020116,0.101616,0.004671,0.893713
1290,0,-3.449355,-1.636958,4.187195,0.000481,0.002945,0.996574
1291,0,-2.903458,-3.156698,5.585219,0.000206,0.000160,0.999635
1292,0,-3.403342,-0.944408,3.534704,0.000958,0.011206,0.987836
1293,0,-3.602278,-1.933138,5.041256,0.000176,0.000934,0.998890
1294,0,-2.964427,-3.007697,5.513130,0.000208,0.000199,0.999593
1295,0,-3.978940,-0.163815,3.415887,0.000597,0.027111,0.972291
1296,0,-3.828246,-1.547928,4.934302,0.000156,0.001528,0.998316
1297,0,-2.229143,-3.609729,5.197491,0.000595,0.000150,0.999256
1298,0,-2.681404,-2.350034,4.166125,0.001059,0.001476,0.997465
1299,0,1.334773,-4.676451,2.676147,0.207179,0.000508,0.792313
1300,0,-3.414604,-2.626145,5.412712,0.000147,0.000323,0.999531
1301,0,-2.103095,-2.612730,3.777189,0.002782,0.001671,0.995548
1302,0,0.948753,1.278551,-1.726574,0.406575,0.565419,0.028007
1303,0,-2.464887,-3.535549,5.274639,0.000435,0.000149,0.999416
1304,0,-0.211199,-3.535464,2.767242,0.048325,0.001740,0.949935
1305,0,-2.363440,-2.483428,3.836312,0.002022,0.001794,0.996184
1306,0,-3.341676,-2.497963,5.465597,0.000150,0.000348,0.999503
1307,0,-2.671407,-3.239157,5.124165,0.000411,0.000233,0.999356
1308,0,-2.498754,-3.022270,4.731379,0.000724,0.000429,0.998848
1309,0,-3.161092,-1.937624,4.150646,0.000666,0.002263,0.997072
1310,0,-3.122400,-2.681180,5.444715,0.000190,0.000296,0.999514
1311,0,-2.158004,-2.912101,4.450131,0.001347,0.000634,0.998020
1312,0,-2.641970,-3.417017,5.592120,0.000265,0.000122,0.999612
1313,0,-2.592129,-3.317153,5.339824,0.000359,0.000174,0.999467
1314,0,-3.207108,-2.637346,5.342213,0.000194,0.000342,0.999464
1315,0,-3.658678,-2.175417,5.184630,0.000144,0.000636,0.999220
1316,0,-3.446466,-2.317643,5.405121,0.000143,0.000442,0.999415
1317,0,-2.910902,-2.559690,5.135016,0.000320,0.000455,0.999225
1318,0,-2.148308,-3.486264,5.022232,0.000768,0.000202,0.999030
1319,0,-3.102350,-2.974487,5.603138,0.000166,0.000188,0.999646
1320,0,-2.561453,-1.449099,3.627059,0.002036,0.006192,0.991772
1321,0,-3.759058,0.101220,3.148647,0.000954,0.045285,0.953761
1322,0,-3.787162,-1.400815,4.588142,0.000230,0.002499,0.997271
1323,0,-2.053131,-3.726600,5.059512,0.000814,0.000153,0.999033
1324,0,-3.100765,-2.881251,5.523804,0.000180,0.000224,0.999597
1325,0,-0.687615,-1.304842,1.481552,0.097178,0.052421,0.850401
1326,0,-3.602332,-1.777980,4.691754,0.000250,0.001547,0.998204
1327,0,-2.518182,-3.370889,5.369657,0.000375,0.000160,0.999465
1328,0,-3.303176,-2.161870,4.999388,0.000248,0.000775,0.998977
1329,0,-2.674284,-1.801862,3.922940,0.001358,0.003249,0.995393
1330,0,-2.338279,-3.508567,5.155179,0.000556,0.000173,0.999271
1331,0,-2.579654,-1.701361,3.419442,0.002460,0.005921,0.991619
1332,0,-3.150736,-2.934750,5.605815,0.000157,0.000195,0.999647
1333,0,-3.193219,-2.798001,5.557162,0.000158,0.000235,0.999607
1334,0,-3.229243,-2.673642,5.433789,0.000173,0.000301,0.999526
1335,0,-2.972776,-3.030067,5.527186,0.000203,0.000192,0.999605
1336,0,-2.783624,-0.103313,2.076873,0.006912,0.100842,0.892246
1337,0,-3.172553,-2.949698,5.634048,0.000150,0.000187,0.999663
1338,0,-2.059249,-2.099814,3.177439,0.005263,0.005054,0.989683
1339,0,-3.400531,-1.235484,3.851973,0.000704,0.006132,0.993165
1340,0,-3.015101,-2.897551,5.332120,0.000237,0.000266,0.999497
1341,0,-3.205835,-2.739377,5.501565,0.000165,0.000264,0.999571
1342,0,-3.030693,-3.093821,5.602744,0.000178,0.000167,0.999655
1343,0,-2.527438,-2.527701,4.067507,0.001364,0.001363,0.997273
1344,0,-3.388227,-2.341466,5.114465,0.000203,0.000578,0.999220
1345,0,-2.890958,-3.229194,5.385459,0.000254,0.000181,0.999564
1346,0,-3.656861,-0.917552,3.935092,0.000500,0.007743,0.991756
1347,0,-2.700373,-3.269914,5.447900,0.000289,0.000164,0.999547
1348,0,-2.860634,-1.653469,3.679850,0.001435,0.004798,0.993767
1349,0,-2.041205,-3.254518,4.163831,0.002014,0.000599,0.997387
1350,0,-3.271595,-2.554011,5.471661,0.000159,0.000327,0.999514
1351,0,0.430685,-3.694690,2.132747,0.153813,0.002485,0.843702
1352,0,-2.950753,-2.993079,5.476046,0.000219,0.000210,0.999571
1353,0,-2.886157,-2.918321,5.245964,0.000294,0.000284,0.999422
1354,0,-2.151533,-3.626344,4.921398,0.000847,0.000194,0.998959
1355,0,-2.939798,0.633203,1.650693,0.007398,0.263552,0.729050
1356,0,-3.972391,-0.288896,3.692737,0.000460,0.018305,0.981235
1357,0,-3.090436,-2.959033,5.536609,0.000179,0.000204,0.999617
1358,0,-4.089900,-1.266434,4.656440,0.000159,0.002670,0.997171
1359,0,-1.815224,-3.645314,4.966690,0.001133,0.000182,0.998686
1360,0,-2.607170,-3.369335,5.312842,0.000363,0.000169,0.999467
1361,0,-2.795335,-3.190811,5.443293,0.000264,0.000178,0.999558
1362,0,-3.080956,-2.779207,5.445032,0.000198,0.000268,0.999534
1363,0,-2.519343,-3.464307,5.361705,0.000378,0.000147,0.999476
1364,0,-3.266568,0.159635,2.511780,0.002817,0.086651,0.910532
1365,0,-2.561453,-1.449099,3.627059,0.002036,0.006192,0.991772
1366,0,-3.018207,-1.177542,3.437535,0.001554,0.009789,0.988657
1367,0,-2.549126,-3.286357,5.278970,0.000398,0.000190,0.999411
1368,0,-2.456700,-3.436176,5.391653,0.000390,0.000147,0.999463
1369,0,-0.069255,-4.356146,3.754340,0.021376,0.000294,0.978331
1370,0,-3.322204,-2.740829,5.610323,0.000132,0.000236,0.999632
1371,0,-4.037398,-1.378325,4.896298,0.000132,0.001880,0.997989
1372,0,-3.082689,-2.908977,5.554631,0.000177,0.000211,0.999612
1373,0,-2.918246,-3.010765,5.416178,0.000240,0.000219,0.999541
1374,0,-1.883202,-3.390905,4.214996,0.002241,0.000496,0.997263
1375,0,-2.706602,-3.142889,5.000033,0.000449,0.000291,0.999260
1376,0,-1.933449,-0.395803,1.679515,0.023403,0.108909,0.867688
1377,0,-2.977472,-2.953657,5.303963,0.000253,0.000259,0.999488
1378,0,-2.977197,-2.966229,5.364801,0.000238,0.000241,0.999521
1379,0,-1.937893,-2.439242,3.324765,0.005139,0.003113,0.991749
1380,0,-2.475371,-3.367345,5.316305,0.000413,0.000169,0.999418
1381,0,-3.144611,0.329366,2.136994,0.004349,0.140312,0.855339
1382,0,-4.383348,-0.169376,4.188084,0.000187,0.012646,0.987166
1383,0,-2.910005,1.206290,1.487294,0.006966,0.427211,0.565823
1384,0,-2.581920,-2.975703,4.904840,0.000560,0.000378,0.999062
1385,0,-2.910902,-2.559690,5.135016,0.000320,0.000455,0.999225
1386,0,0.600690,-3.690926,2.022818,0.193813,0.002652,0.803535
1387,0,-3.521721,-1.403345,4.431578,0.000350,0.002914,0.996736
1388,0,-3.119499,-2.770333,5.097406,0.000270,0.000383,0.999348
1389,0,-2.894907,-2.543342,5.172976,0.000313,0.000445,0.999242
1390,0,1.342178,-4.059781,1.790665,0.389037,0.001754,0.609209
1391,0,-3.452436,-1.913851,5.100755,0.000193,0.000898,0.998910
1392,0,-3.461647,-2.571390,5.516667,0.000126,0.000307,0.999567
1393,0,-3.128344,-2.972914,5.571176,0.000167,0.000195,0.999639
1394,0,-2.860532,-2.760028,4.964849,0.000399,0.000441,0.999160
1395,0,-3.207726,-2.723812,5.279433,0.000206,0.000334,0.999460
1396,0,-3.249825,-2.637411,5.465075,0.000164,0.000303,0.999533
1397,0,-1.918360,-2.786094,4.293941,0.001999,0.000839,0.997162
1398,0,-1.098597,-4.122846,4.523407,0.003604,0.000175,0.996221
1399,0,-3.493162,-1.499556,4.006127,0.000551,0.004045,0.995404
1400,0,-3.820238,-1.763001,4.770175,0.000186,0.001452,0.998362
1401,0,-3.227005,-2.847133,5.606694,0.000146,0.000213,0.999641
1402,0,-2.560553,-2.305524,4.108916,0.001265,0.001633,0.997102
1403,0,-0.867738,-3.419453,3.313327,0.015035,0.001172,0.983794
1404,0,-3.109043,-2.840023,5.378705,0.000206,0.000269,0.999525
1405,0,-3.218993,-2.415674,5.347536,0.000190,0.000425,0.999385
1406,0,-3.185510,-2.718962,5.454808,0.000177,0.000282,0.999541
1407,0,2.229294,-4.655650,1.621408,0.647030,0.000662,0.352308
1408,0,-3.167075,-2.705193,5.349012,0.000200,0.000318,0.999482
1409,0,-2.825049,-3.417837,5.655216,0.000207,0.000115,0.999678
1410,0,-2.944746,-2.985970,5.399283,0.000238,0.000228,0.999534
1411,0,-3.007157,-3.034164,5.484418,0.000205,0.000200,0.999595
1412,0,-2.939806,-2.954623,5.434508,0.000231,0.000227,0.999542
1413,0,-3.397424,-2.207893,5.286590,0.000169,0.000556,0.999275
1414,0,-2.986818,-3.056368,5.536892,0.000199,0.000185,0.999616
1415,0,-0.626698,-2.993254,2.565201,0.039326,0.003689,0.956985
1416,0,-2.644518,-3.246094,5.591890,0.000265,0.000145,0.999590
1417,0,-3.216071,-2.823179,5.563159,0.000154,0.000228,0.999618
1418,0,-2.323076,-1.636730,3.312998,0.003529,0.007011,0.989460
1419,0,-2.518163,-3.339735,4.893894,0.000603,0.000265,0.999131
1420,0,-3.138619,-2.883995,5.568943,0.000165,0.000213,0.999622
1421,0,-3.251969,-1.127476,3.511735,0.001143,0.009562,0.989296
1422,0,-3.600965,-2.195756,5.327721,0.000132,0.000540,0.999328
1423,0,-1.771188,-3.874314,4.971452,0.001178,0.000144,0.998678
1424,0,-3.472491,-2.440529,5.230178,0.000166,0.000466,0.999368
1425,0,-2.741535,-3.218000,5.378801,0.000297,0.000185,0.999518
1426,0,-2.913260,-3.158301,5.625592,0.000196,0.000153,0.999651
1427,0,-3.518432,-2.376698,5.398572,0.000134,0.000420,0.999446
1428,0,-1.024391,-0.094042,0.709351,0.108729,0.275670,0.615601
1429,0,-2.999207,-2.918386,5.420158,0.000220,0.000239,0.999541
1430,0,-3.110017,-2.992391,5.485189,0.000185,0.000208,0.999607
1431,0,-3.133934,-2.503148,5.369801,0.000203,0.000381,0.999417
1432,0,2.327315,-4.165596,1.218578,0.751038,0.001137,0.247824
1433,0,-3.257326,-2.872699,5.625736,0.000139,0.000204,0.999658
1434,0,-3.323715,-2.133891,5.308066,0.000178,0.000586,0.999236
1435,0,-0.715654,0.143309,0.224548,0.168884,0.398687,0.432428
1436,0,-3.043042,-2.751239,4.926117,0.000346,0.000463,0.999191
1437,0,-0.048031,-1.624244,1.096847,0.229948,0.047543,0.722509
1438,0,-2.673311,-3.500602,5.642200,0.000245,0.000107,0.999648
1439,0,-2.966505,-3.246665,5.610688,0.000188,0.000142,0.999669
1440,0,0.898824,-4.233658,2.354280,0.188952,0.001115,0.809933
1441,0,-1.550384,-3.639066,4.235113,0.003061,0.000379,0.996560
1442,0,-3.056039,-2.867668,5.130219,0.000278,0.000336,0.999386
1443,0,-2.912496,-3.200111,5.478913,0.000227,0.000170,0.999603
1444,0,-2.983897,-3.006836,5.402364,0.000228,0.000223,0.999549
1445,0,-3.050237,-3.015110,5.573629,0.000180,0.000186,0.999634
1446,0,0.726091,1.920879,-1.646916,0.227477,0.751323,0.021201
1447,0,-3.341347,-2.572486,5.404027,0.000159,0.000343,0.999498
1448,0,-3.190442,-2.801214,5.494083,0.000169,0.000250,0.999581
1449,0,-2.842132,-2.210758,4.144181,0.000922,0.001734,0.997345
1450,0,-3.022266,-2.910374,5.525621,0.000194,0.000217,0.999589
1451,0,-3.053627,-3.154623,5.643412,0.000167,0.000151,0.999682
1452,0,-3.889640,-1.523048,4.502884,0.000226,0.002409,0.997365
1453,0,-3.014000,-3.000545,5.594999,0.000182,0.000185,0.999633
1454,0,-2.643600,0.050894,1.848269,0.009516,0.140818,0.849666
1455,0,0.155979,-4.252844,3.266232,0.042664,0.000519,0.956817
1456,0,-2.687232,-3.389364,5.316315,0.000334,0.000166,0.999500
1457,0,-2.432208,0.269230,1.372622,0.016442,0.245009,0.738549
1458,0,-3.047310,-3.123646,5.626609,0.000171,0.000158,0.999671
1459,0,-3.264552,-2.417654,5.365900,0.000178,0.000416,0.999405
1460,0,0.974598,-2.830636,1.208558,0.437474,0.009736,0.552790
1461,0,-3.124613,-2.917180,5.608253,0.000161,0.000198,0.999641
1462,0,-3.123702,-0.323781,2.751150,0.002678,0.044035,0.953287
1463,0,-2.809877,-3.229042,5.327974,0.000292,0.000192,0.999516
1464,0,-3.328629,-1.566545,4.492682,0.000400,0.002330,0.997270
1465,0,-3.045728,-2.911563,5.512157,0.000192,0.000220,0.999589
1466,0,-2.651951,-2.991546,4.936139,0.000506,0.000360,0.999134
1467,0,-2.850038,-3.153629,5.393929,0.000263,0.000194,0.999543
1468,0,-3.070231,-3.164747,5.673360,0.000159,0.000145,0.999696
1469,0,-3.081212,-2.981716,5.390807,0.000209,0.000231,0.999560
1470,0,-3.121727,-2.493714,4.793202,0.000365,0.000684,0.998951
1471,0,-2.902883,-3.082717,5.493160,0.000226,0.000189,0.999586
1472,0,-3.317883,-2.726912,5.562243,0.000139,0.000251,0.999610
1473,0,-3.088523,-3.130754,5.660104,0.000159,0.000152,0.999689
1474,0,-2.561453,-1.449099,3.627059,0.002036,0.006192,0.991772
1475,0,2.797771,-3.128435,-0.055897,0.943128,0.002517,0.054355
1476,0,-1.922131,-1.059306,2.272826,0.014343,0.033991,0.951666
1477,0,-1.066753,-2.206171,2.171239,0.037310,0.011939,0.950751
1478,0,-3.224770,-3.000886,5.644889,0.000141,0.000176,0.999684
1479,0,4.586418,-2.184307,-2.132037,0.997650,0.001144,0.001206
1480,0,-0.774913,-0.891615,1.136510,0.115573,0.102843,0.781585
1481,0,-2.616821,-0.539134,2.767962,0.004404,0.035173,0.960423
1482,0,-3.338514,-1.884258,4.797879,0.000292,0.001251,0.998457
1483,0,-4.346051,1.386160,2.465436,0.000821,0.253435,0.745744
1484,0,-2.961881,-3.052787,5.561667,0.000199,0.000181,0.999620
1485,0,-3.099594,-3.077925,5.633440,0.000161,0.000165,0.999674
1486,0,-1.797907,-3.365269,4.406478,0.002016,0.000420,0.997564
1487,0,-3.236079,-2.784933,5.468235,0.000166,0.000260,0.999574
1488,0,-2.971825,-3.157957,5.642098,0.000182,0.000151,0.999668
1489,0,-3.342078,-2.509083,5.451473,0.000152,0.000349,0.999500
1490,0,-3.359201,-1.302579,4.484208,0.000391,0.003057,0.996552
1491,0,-3.324700,-2.073854,5.230372,0.000192,0.000672,0.999136
1492,0,-1.067140,-2.532850,2.885263,0.018765,0.004333,0.976902
1493,0,-3.395675,-2.487648,5.415502,0.000149,0.000369,0.999482
1494,0,-3.416941,-2.502351,5.407177,0.000147,0.000367,0.999486
1495,0,-3.085109,-2.984002,5.622091,0.000165,0.000183,0.999652
1496,0,-3.242081,-2.796274,5.605641,0.000144,0.000224,0.999632
1497,0,-1.974983,-3.704385,4.919802,0.001012,0.000179,0.998809
1498,0,-3.006627,-2.883684,5.395976,0.000224,0.000254,0.999522
1499,0,-1.569110,-3.789825,4.732828,0.001829,0.000199,0.997972
1500,1,-2.438092,-3.381916,5.271914,0.000448,0.000174,0.999378
1501,1,-0.980756,-2.645967,2.709268,0.024251,0.004587,0.971162
1502,1,-2.989687,-2.968957,5.549443,0.000196,0.000200,0.999605
1503,1,-3.221878,0.997415,1.606729,0.005154,0.350400,0.644446
1504,1,1.528631,-3.832551,1.512690,0.502796,0.002361,0.494844
1505,1,-1.964465,0.271674,1.115991,0.031128,0.291268,0.677604
1506,1,-0.531336,-4.336576,4.260129,0.008230,0.000183,0.991586
1507,1,-2.126777,0.421013,1.076433,0.026048,0.332867,0.641085
1508,1,-3.555795,-2.181491,5.017720,0.000189,0.000746,0.999065
1509,1,2.135575,-3.873912,0.826161,0.785896,0.001930,0.212175
1510,1,-2.872687,-3.073228,5.554126,0.000219,0.000179,0.999602
1511,1,-2.278979,-0.052925,1.664921,0.016160,0.149690,0.834150
1512,1,-3.058770,-2.843920,5.350115,0.000223,0.000276,0.999501
1513,1,-2.811731,-3.148931,5.395333,0.000273,0.000195,0.999533
1514,1,-1.479886,-3.420236,4.023170,0.004055,0.000583,0.995362
1515,1,-1.010501,-0.933578,1.213309,0.088320,0.095382,0.816298
1516,1,-2.814686,-0.994966,2.911874,0.003184,0.019645,0.977171
1517,1,-2.992444,-2.788848,5.229181,0.000269,0.000329,0.999402
1518,1,-2.790394,-3.304464,5.537321,0.000242,0.000145,0.999614
1519,1,-0.231673,-3.768456,3.326373,0.027683,0.000806,0.971512
1520,1,0.876934,-4.043766,2.387176,0.180665,0.001318,0.818018
1521,1,-2.343746,1.938229,0.565820,0.010901,0.789072,0.200026
1522,1,-3.722137,-0.466200,3.359133,0.000822,0.021328,0.977850
1523,1,-4.455278,0.634687,3.367635,0.000376,0.061034,0.938590
1524,1,2.140089,-4.163296,1.276657,0.702473,0.001286,0.296241
1525,1,-0.000220,-1.482022,0.993954,0.254471,0.057823,0.687706
1526,1,-0.537761,-2.580244,2.173221,0.061829,0.008020,0.930152
1527,1,-3.150879,-0.384098,2.846966,0.002384,0.037923,0.959693
1528,1,-4.005621,-1.272472,4.571768,0.000188,0.002888,0.996925
1529,1,-3.163233,-2.643692,4.885911,0.000319,0.000536,0.999144
1530,1,-3.273707,-2.583326,5.165357,0.000216,0.000431,0.999353
1531,1,-2.616228,-3.208624,5.181886,0.000410,0.000227,0.999363
1532,1,0.774724,-2.467676,1.193056,0.390855,0.015271,0.593875
1533,1,-0.314973,-3.244880,2.635613,0.049577,0.002648,0.947775
1534,1,-3.494604,-1.765999,4.575315,0.000312,0.001758,0.997929
1535,1,-3.837171,-1.422350,4.942605,0.000154,0.001718,0.998129
1536,1,-2.933835,-3.064113,5.535078,0.000210,0.000184,0.999606
1537,1,-3.158745,0.223495,2.437391,0.003335,0.098181,0.898484
1538,1,-1.501204,-3.562175,4.191347,0.003358,0.000428,0.996214
1539,1,-2.810151,-3.354638,5.548116,0.000234,0.000136,0.999630
1540,1,-1.370133,-0.650018,1.487134,0.048855,0.100382,0.850763
1541,1,-1.082861,-0.811527,1.274172,0.077692,0.101910,0.820398
1542,1,-1.328648,-0.101702,0.984066,0.068906,0.235023,0.696071
1543,1,-3.272539,0.954740,1.899414,0.004069,0.278818,0.717113
1544,1,-3.457534,-2.511770,5.353528,0.000149,0.000384,0.999467
1545,1,0.036905,-4.461340,3.438250,0.032242,0.000359,0.967399
1546,1,1.120888,-2.955168,1.102927,0.500207,0.008491,0.491303
1547,1,4.245222,-2.709241,-1.596172,0.996156,0.000951,0.002894
1548,1,-2.900361,0.251937,2.015119,0.006220,0.145482,0.848298
1549,1,-1.339823,-1.772685,2.379018,0.023329,0.015132,0.961539
1550,1,1.653057,-4.553076,2.315270,0.340009,0.000686,0.659305
1551,1,-2.877872,-2.328375,3.902782,0.001132,0.001961,0.996907
1552,1,-0.599049,-1.132378,1.151082,0.136203,0.079903,0.783894
1553,1,-0.720245,-0.795171,1.116496,0.121894,0.113095,0.765012
1554,1,-1.437465,-3.409663,3.847223,0.005040,0.000701,0.994259
1555,1,1.384661,-4.496121,2.046408,0.340024,0.000950,0.659026
1556,1,-1.744676,-3.723659,4.573073,0.001800,0.000249,0.997951
1557,1,-3.045848,-2.923123,5.286408,0.000241,0.000272,0.999488
1558,1,-3.358644,-2.240224,5.316254,0.000171,0.000522,0.999307
1559,1,0.586302,-4.251150,2.839206,0.095028,0.000753,0.904219
1560,1,-2.139056,-2.940280,4.096522,0.001953,0.000876,0.997171
1561,1,-0.808613,-3.944443,3.872194,0.009183,0.000399,0.990418
1562,1,1.835132,0.821152,-2.560942,0.727221,0.263816,0.008963
1563,1,-2.616927,-1.875444,3.548281,0.002088,0.004382,0.993530
1564,1,-2.994570,-3.111755,5.623304,0.000181,0.000161,0.999658
1565,1,-2.343746,1.938229,0.565820,0.010901,0.789072,0.200026
1566,1,1.154611,-2.781411,0.896291,0.558075,0.010897,0.431028
1567,1,-3.171173,-3.015862,5.592138,0.000156,0.000183,0.999661
1568,1,-2.457314,-3.282421,5.035435,0.000557,0.000244,0.999199
1569,1,-1.638970,-4.040971,4.829184,0.001549,0.000140,0.998310
1570,1,-3.394689,0.383951,2.344651,0.002812,0.123044,0.874144
1571,1,-1.064678,-0.024009,0.689924,0.104034,0.294531,0.601435
1572,1,-1.093502,-2.492802,2.797634,0.019915,0.004914,0.975171
1573,1,-1.457118,-4.040922,4.612052,0.002307,0.000174,0.997519
1574,1,-3.316595,-0.522627,3.185692,0.001462,0.023897,0.974641
1575,1,-2.572086,-3.504996,5.446210,0.000329,0.000130,0.999541
1576,1,1.975968,-3.946660,1.247981,0.673147,0.001803,0.325050
1577,1,-1.610070,0.599030,0.777194,0.047639,0.433873,0.518488
1578,1,-4.477140,1.643087,2.368066,0.000717,0.326064,0.673220
1579,1,-3.278770,-2.673903,5.516103,0.000151,0.000277,0.999571
1580,1,-3.129677,-3.031557,5.530266,0.000173,0.000191,0.999635
1581,1,-3.333642,-2.583162,5.343173,0.000170,0.000361,0.999469
1582,1,-4.122369,0.268311,3.084629,0.000699,0.056409,0.942892
1583,1,-0.676650,-2.803685,2.645203,0.034685,0.004134,0.961181
1584,1,-1.349156,-1.966909,2.529999,0.020031,0.010800,0.969169
1585,1,-2.110507,-2.784902,3.862995,0.002536,0.001292,0.996173
1586,1,0.425131,-4.440636,3.250802,0.055929,0.000431,0.943640
1587,1,-1.729660,-0.017485,1.284800,0.037148,0.205839,0.757013
1588,1,-0.378585,0.925416,-0.849408,0.188377,0.693983,0.117639
1589,1,1.557705,-3.937873,1.677760,0.469117,0.001926,0.528957
1590,1,-1.951556,-2.289824,3.659399,0.003635,0.002592,0.993774
1591,1,-2.944827,-3.120681,5.579896,0.000198,0.000166,0.999635
1592,1,-3.176485,-2.705136,5.321736,0.000204,0.000326,0.999470
1593,1,-2.992523,-3.101326,5.553056,0.000194,0.000174,0.999631
1594,1,-3.932246,-0.755309,3.691064,0.000483,0.011580,0.987937
1595,1,-3.863411,1.131338,1.976337,0.002031,0.299873,0.698096
1596,1,-3.220278,0.921156,1.478570,0.005757,0.362050,0.632194
1597,1,1.867091,-3.037576,0.860336,0.728430,0.005399,0.266171
1598,1,-0.059058,-3.380371,2.199152,0.094321,0.003406,0.902273
1599,1,-2.561453,-1.449099,3.627059,0.002036,0.006192,0.991772
1600,1,-3.162316,-2.724520,5.397626,0.000192,0.000297,0.999512
1601,1,-2.933215,-3.152451,5.625843,0.000192,0.000154,0.999654
1602,1,-0.787083,-1.411378,1.419307,0.094175,0.050444,0.855381
1603,1,-2.879602,-2.965462,5.411243,0.000251,0.000230,0.999519
1604,1,-2.565727,-0.717478,2.489482,0.006091,0.038668,0.955242
1605,1,-4.579933,0.530441,3.518416,0.000289,0.047958,0.951752
1606,1,-2.561453,-1.449099,3.627059,0.002036,0.006192,0.991772
1607,1,-1.729696,0.144881,1.178915,0.038686,0.252155,0.709159
1608,1,-2.074406,-3.616229,5.083934,0.000778,0.000166,0.999056
1609,1,-3.012999,1.625719,1.308273,0.005565,0.575481,0.418954
1610,1,1.679120,-4.239089,1.659366,0.504253,0.001356,0.494390
1611,1,-3.145006,-2.726429,5.370199,0.000200,0.000304,0.999495
1612,1,-3.058242,-2.970905,5.594766,0.000175,0.000190,0.999635
1613,1,-3.261954,-1.463645,3.943632,0.000739,0.004461,0.994801
1614,1,-2.996763,1.966600,1.109823,0.004882,0.698560,0.296558
1615,1,-4.076670,0.870587,2.585237,0.001082,0.152396,0.846521
1616,1,-2.955772,-3.133998,5.610398,0.000190,0.000159,0.999650
1617,1,-3.321702,-2.357358,5.366359,0.000168,0.000442,0.999390
1618,1,-2.120184,-0.394448,1.885141,0.016258,0.091318,0.892423
1619,1,-2.343746,1.938229,0.565820,0.010901,0.789072,0.200026
1620,1,-2.544031,-2.382353,4.135450,0.001253,0.001473,0.997274
1621,1,-1.160351,0.515457,0.273974,0.094877,0.506940,0.398182
1622,1,-3.419526,-2.031646,4.671313,0.000306,0.001225,0.998469
1623,1,-2.200526,0.126841,1.601085,0.017849,0.182973,0.799177
1624,1,-2.730702,-3.275304,5.476056,0.000273,0.000158,0.999569
1625,1,-2.369485,-1.634433,2.990465,0.004634,0.009664,0.985702
1626,1,-2.796133,-3.294558,5.595445,0.000227,0.000138,0.999636
1627,1,-2.633574,-3.293886,5.270898,0.000369,0.000191,0.999440
1628,1,0.882326,-4.575006,2.868161,0.120636,0.000515,0.878849
1629,1,-0.918788,-4.002861,3.900261,0.008007,0.000366,0.991627
1630,1,-2.814933,-2.991048,5.372169,0.000278,0.000233,0.999489
1631,1,-2.545783,-3.089305,4.752371,0.000676,0.000393,0.998931
1632,1,-2.993845,0.577532,1.754729,0.006580,0.234007,0.759414
1633,1,-0.990462,-0.918367,1.081993,0.099810,0.107271,0.792919
1634,1,-1.754235,-3.454551,4.070265,0.002944,0.000538,0.996518
1635,1,-3.159459,-2.889964,5.596536,0.000157,0.000206,0.999636
1636,1,3.901021,-3.550193,-0.349221,0.985376,0.000572,0.014052
1637,1,-2.974758,-3.133407,5.503952,0.000208,0.000177,0.999615
1638,1,-2.772433,-1.770739,3.965274,0.001180,0.003213,0.995606
1639,1,-0.119313,0.750552,-0.775271,0.256047,0.611079,0.132874
1640,1,-3.287128,-0.297505,2.926567,0.001922,0.038196,0.959882
1641,1,-4.197945,1.250006,2.034567,0.001347,0.312916,0.685737
1642,1,-1.432045,-2.023290,2.666636,0.016177,0.008956,0.974866
1643,1,-2.175156,-3.117454,4.305922,0.001529,0.000596,0.997875
1644,1,-2.929815,-0.573847,2.819118,0.003073,0.032416,0.964511
1645,1,-2.279721,-3.171872,4.594850,0.001032,0.000423,0.998545
1646,1,-3.244993,-2.743950,5.587034,0.000146,0.000241,0.999613
1647,1,-2.343746,1.938229,0.565820,0.010901,0.789072,0.200026
1648,1,-3.168826,-2.550787,5.004157,0.000282,0.000523,0.999195
1649,1,-3.397607,-2.223601,5.169515,0.000190,0.000615,0.999195
1650,1,-2.891950,-3.112782,5.475256,0.000232,0.000186,0.999582
1651,1,0.261595,-3.599088,2.340145,0.110940,0.002336,0.886725
1652,1,-1.952743,-2.318674,3.332997,0.005020,0.003482,0.991498
1653,1,-1.795092,-3.614575,4.460895,0.001915,0.000310,0.997775
1654,1,-3.354171,-2.400003,5.399558,0.000158,0.000410,0.999433
1655,1,-0.855343,-3.973089,3.910764,0.008438,0.000373,0.991188
1656,1,-2.075489,-0.440623,1.755965,0.019136,0.098143,0.882722
1657,1,1.725689,-4.029943,1.508544,0.553104,0.001751,0.445145
1658,1,0.407828,1.739163,-1.382398,0.201897,0.764402,0.033701
1659,1,-2.234609,-0.640388,2.015356,0.013153,0.064772,0.922074
1660,1,-0.332815,1.611225,-0.735167,0.115531,0.807208,0.077261
1661,1,-1.873883,-3.702310,4.770259,0.001300,0.000209,0.998492
1662,1,-3.820145,-0.232257,3.539286,0.000622,0.022485,0.976893
1663,1,0.144247,-4.116621,2.935387,0.057758,0.000815,0.941427
1664,1,-3.234223,-0.749488,3.041593,0.001836,0.022032,0.976131
1665,1,-3.057595,-3.032632,5.417060,0.000209,0.000214,0.999577
1666,1,-2.807622,-3.263852,5.601089,0.000223,0.000141,0.999636
1667,1,-1.250238,0.067356,0.919155,0.074143,0.276883,0.648974
1668,1,-2.261814,-0.600768,1.898450,0.014214,0.074834,0.910952
1669,1,-2.436432,0.443682,1.476068,0.014526,0.258807,0.726667
1670,1,-2.969564,0.607434,1.918162,0.005903,0.211111,0.782986
1671,1,-0.368870,-4.317701,3.936007,0.013319,0.000257,0.986424
1672,1,-2.569357,-3.465808,5.460547,0.000325,0.000133,0.999542
1673,1,-0.407116,-4.245008,3.728412,0.015737,0.000339,0.983924
1674,1,-3.171172,-2.814895,5.579778,0.000158,0.000226,0.999616
1675,1,-0.770349,-2.041625,1.677016,0.077892,0.021847,0.900262
1676,1,-2.490714,-3.537014,5.408307,0.000371,0.000130,0.999499
1677,1,-2.458818,0.942172,1.467292,0.012239,0.367107,0.620654
1678,1,-3.479709,-1.620208,4.273565,0.000428,0.002748,0.996824
1679,1,-0.726377,-1.720625,1.641991,0.082988,0.030706,0.886306
1680,1,-2.561453,-1.449099,3.627059,0.002036,0.006192,0.991772
1681,1,-3.668893,-2.117362,5.300750,0.000127,0.000600,0.999273
1682,1,2.305020,-4.581123,1.703227,0.645640,0.000660,0.353700
1683,1,-2.077472,-2.912514,4.046223,0.002183,0.000947,0.996869
1684,1,-3.585328,-1.357213,4.057444,0.000477,0.004429,0.995094
1685,1,-2.914721,-3.165671,5.442269,0.000235,0.000183,0.999583
1686,1,-2.782765,-3.100918,5.529959,0.000245,0.000178,0.999576
1687,1,-3.252103,-2.597486,4.971387,0.000268,0.000516,0.999216
1688,1,-3.314119,-2.409727,5.211166,0.000198,0.000490,0.999312
1689,1,-1.288592,-0.263253,0.860034,0.080899,0.225549,0.693552
1690,1,-2.596446,-2.705555,4.398228,0.000915,0.000821,0.998264
1691,1,-2.520856,-0.736566,2.558345,0.005967,0.035533,0.958501
1692,1,-3.379834,-2.504912,5.417471,0.000151,0.000362,0.999487
1693,1,-3.011510,-2.855426,5.457477,0.000210,0.000245,0.999545
1694,1,1.640897,-0.798944,-0.659055,0.842149,0.073414,0.084437
1695,1,-2.569701,-2.947942,4.727171,0.000677,0.000464,0.998859
1696,1,-1.853229,-1.986517,2.877184,0.008679,0.007596,0.983725
1697,1,-0.624568,-0.247669,0.545140,0.176093,0.256701,0.567206
1698,1,-2.074699,-3.500576,4.857987,0.000974,0.000234,0.998792
1699,1,-0.292140,-4.320803,4.074047,0.012538,0.000223,0.987239
1700,1,-2.143029,0.452370,1.513336,0.018824,0.252285,0.728891
1701,1,-3.018014,0.601911,1.617921,0.007069,0.263926,0.729005
1702,1,-0.248643,1.967377,-1.455432,0.095512,0.875915,0.028573
1703,1,-2.100515,-3.743346,5.174917,0.000692,0.000134,0.999174
1704,1,-2.730628,-3.174472,5.593052,0.000243,0.000156,0.999602
1705,1,-3.713612,0.935235,2.111410,0.002252,0.235210,0.762539
1706,1,-0.853610,0.370984,0.404511,0.126237,0.429558,0.444204
1707,1,0.727922,-4.113522,2.459371,0.150224,0.001186,0.848590
1708,1,0.839116,-3.510754,1.624399,0.311921,0.004026,0.684052
1709,1,1.465125,-4.647404,2.428580,0.276018,0.000611,0.723371
1710,1,0.452210,-3.480679,2.068759,0.165146,0.003235,0.831620
1711,1,-3.543209,-2.361762,5.280086,0.000147,0.000480,0.999373
1712,1,-3.346078,-2.536851,5.409492,0.000158,0.000354,0.999489
1713,1,-3.006824,-2.956685,5.466936,0.000209,0.000220,0.999572
1714,1,-3.163552,-2.940481,5.568704,0.000161,0.000202,0.999637
1715,1,-3.348529,2.276821,1.294851,0.002616,0.725596,0.271788
1716,1,-3.531603,0.302309,2.429613,0.002297,0.106227,0.891476
1717,1,-2.473311,-3.342835,5.072892,0.000528,0.000221,0.999251
1718,1,-0.932554,-2.291397,2.193599,0.041592,0.010687,0.947721
1719,1,1.658617,-4.565326,1.800682,0.464116,0.000920,0.534964
1720,1,-2.111431,-3.783510,5.094147,0.000742,0.000139,0.999119
1721,1,-1.717194,-1.804195,2.842891,0.010256,0.009401,0.980343
1722,1,-1.981908,-3.760850,5.246547,0.000725,0.000122,0.999153
1723,1,-2.186612,-3.513043,5.107943,0.000679,0.000180,0.999141
1724,1,-1.786425,-3.430444,4.227183,0.002438,0.000471,0.997091
1725,1,-2.590246,-3.048394,5.204535,0.000412,0.000260,0.999328
1726,1,-1.681018,-2.959750,3.386777,0.006246,0.001739,0.992015
1727,1,-0.730076,0.531001,0.159567,0.143606,0.506818,0.349575
1728,1,-3.558358,-0.036755,2.971693,0.001388,0.046980,0.951631
1729,1,-2.373040,-3.629989,5.431913,0.000407,0.000116,0.999477
1730,1,1.408566,-3.096348,0.848992,0.631909,0.006985,0.361106
1731,1,-2.829176,-3.286809,5.518017,0.000237,0.000150,0.999613
1732,1,-2.248921,0.755613,0.973045,0.021620,0.436216,0.542164
1733,1,-3.579434,2.218242,1.212394,0.002217,0.730584,0.267199
1734,1,-0.811909,-3.020803,2.903529,0.023704,0.002603,0.973692
1735,1,-3.068832,0.152161,2.378658,0.003873,0.097019,0.899108
1736,1,-3.154143,-2.775535,5.543217,0.000167,0.000244,0.999589
1737,1,-3.711618,1.014051,2.185073,0.002094,0.236175,0.761732
1738,1,-2.748622,-3.142830,5.439320,0.000278,0.000187,0.999535
1739,1,-1.539940,-0.542621,1.438124,0.042807,0.116050,0.841144
1740,1,-3.457166,-2.501047,5.452617,0.000135,0.000351,0.999514
1741,1,-3.052343,-2.968626,5.512929,0.000191,0.000207,0.999602
1742,1,-3.879506,-1.595120,5.000667,0.000139,0.001364,0.998497
1743,1,-3.120950,2.215120,1.019315,0.003683,0.764950,0.231367
1744,1,-3.455183,1.364867,1.618278,0.003513,0.435449,0.561038
1745,1,-3.954782,0.085049,3.171688,0.000768,0.043628,0.955604
1746,1,1.627630,-3.594045,1.220251,0.598519,0.003231,0.398250
1747,1,-1.422175,-3.915025,4.508841,0.002648,0.000219,0.997133
1748,1,-3.858812,1.011692,2.295338,0.001661,0.216570,0.781769
1749,1,-1.638855,0.220277,1.041754,0.045429,0.291574,0.662997
1750,1,-2.430759,-3.025230,4.571816,0.000908,0.000501,0.998591
1751,1,-3.875149,-1.642487,4.954830,0.000146,0.001362,0.998492
1752,1,-3.530094,-0.298806,3.305034,0.001046,0.026470,0.972484
1753,1,-2.010627,-3.818259,4.975248,0.000924,0.000152,0.998925
1754,1,-2.144708,0.315129,1.359878,0.021753,0.254574,0.723673
1755,1,-2.983999,-3.000762,5.302619,0.000252,0.000248,0.999501
1756,1,-2.297053,1.440705,0.759193,0.015564,0.653740,0.330696
1757,1,-2.952813,-2.950734,5.534251,0.000206,0.000206,0.999587
1758,1,-3.737494,0.712071,2.422926,0.001785,0.152780,0.845435
1759,1,-2.071391,1.480297,0.286689,0.021532,0.750862,0.227606
1760,1,2.705694,-3.473520,0.059825,0.931953,0.001931,0.066116
1761,1,-2.983401,-3.156507,5.642178,0.000179,0.000151,0.999670
1762,1,-2.910667,-3.023596,5.061416,0.000345,0.000308,0.999347
1763,1,-2.302384,-3.405708,4.807882,0.000816,0.000271,0.998914
1764,1,-1.154091,-0.622866,1.210121,0.074981,0.127544,0.797475
1765,1,-0.328279,0.903130,-0.602562,0.192820,0.660614,0.146566
1766,1,-3.089959,-1.888425,3.914456,0.000904,0.003007,0.996089
1767,1,-4.040183,1.325700,2.147686,0.001425,0.304907,0.693668
1768,1,0.877084,-3.182765,1.384360,0.373411,0.006442,0.620147
1769,1,-4.263643,0.235058,3.452596,0.000428,0.038495,0.961077
1770,1,-0.081438,-4.333360,3.430913,0.028951,0.000412,0.970637
1771,1,-2.998235,-2.802767,5.280652,0.000254,0.000308,0.999438
1772,1,-3.525086,-0.924543,4.132128,0.000469,0.006323,0.993207
1773,1,-0.483211,-2.400574,1.936539,0.080710,0.011864,0.907426
1774,1,-3.247497,-2.543732,5.291410,0.000196,0.000395,0.999409
1775,1,-0.634435,1.847346,-0.652119,0.071710,0.857837,0.070453
1776,1,-2.988495,1.248605,1.361648,0.006771,0.468575,0.524654
1777,1,-1.923318,-3.838582,5.193497,0.000811,0.000119,0.999070
1778,1,-3.079705,-1.124324,3.313801,0.001650,0.011661,0.986689
1779,1,-0.810111,-0.292068,0.673179,0.141120,0.236904,0.621976
1780,1,-1.755297,0.388465,0.992236,0.039784,0.339418,0.620797
1781,1,0.648569,0.895494,-1.094923,0.407334,0.521420,0.071246
1782,1,-1.288383,-3.858614,4.048686,0.004785,0.000366,0.994849
1783,1,-0.314006,-4.252512,3.748667,0.016906,0.000329,0.982764
1784,1,-1.217363,-1.368833,1.981745,0.037922,0.032592,0.929487
1785,1,2.918309,-2.802728,-0.612501,0.968469,0.003173,0.028358
1786,1,-3.172416,-1.493944,3.970585,0.000786,0.004213,0.995000
1787,1,0.485989,-0.076708,-0.613275,0.525545,0.299388,0.175067
1788,1,-3.010266,-2.736479,4.917927,0.000360,0.000474,0.999166
1789,1,-2.561453,-1.449099,3.627059,0.002036,0.006192,0.991772
1790,1,2.403890,-1.508548,-0.770913,0.941802,0.018828,0.039370
1791,1,-0.371012,-3.578396,3.274064,0.025428,0.001029,0.973543
1792,1,-2.565746,-2.585792,4.455985,0.000891,0.000873,0.998236
1793,1,-3.705648,-2.082358,5.039974,0.000159,0.000806,0.999035
1794,1,-3.205242,-1.784630,4.073379,0.000688,0.002847,0.996465
1795,1,-3.209458,-2.481263,4.769740,0.000342,0.000709,0.998949
1796,1,-2.200228,-2.926981,4.049714,0.001925,0.000931,0.997144
1797,1,-1.069564,-1.408741,1.737681,0.054715,0.038976,0.906309
1798,1,-2.959998,2.102254,0.963070,0.004773,0.753914,0.241313
1799,1,-2.927635,-2.789918,4.933593,0.000385,0.000442,0.999173
1800,1,-3.585843,-1.326207,4.223737,0.000404,0.003871,0.995725
1801,1,1.847539,-4.475653,1.704710,0.535132,0.000960,0.463908
1802,1,-0.106622,-2.614208,1.981440,0.109281,0.008903,0.881817
1803,1,-2.880596,-3.204982,5.399051,0.000254,0.000183,0.999563
1804,1,-3.289465,-2.810570,5.519952,0.000149,0.000241,0.999610
1805,1,-3.382683,-2.479748,5.268360,0.000175,0.000431,0.999394
1806,1,-2.343746,1.938229,0.565820,0.010901,0.789072,0.200026
1807,1,-1.859992,-2.803042,3.624529,0.004127,0.001607,0.994266
1808,1,-1.935106,-2.434525,3.372749,0.004913,0.002982,0.992105
1809,1,-2.930001,-3.251455,5.634153,0.000191,0.000138,0.999671
1810,1,-2.561453,-1.449099,3.627059,0.002036,0.006192,0.991772
1811,1,-0.427036,-0.014329,0.052605,0.242342,0.366155,0.391502
1812,1,-0.967582,-1.617936,1.636508,0.066486,0.034696,0.898818
1813,1,-2.942490,-3.058102,5.382101,0.000242,0.000216,0.999542
1814,1,-3.174887,-2.615222,5.018847,0.000276,0.000483,0.999241
1815,1,-2.488391,-3.604271,5.461349,0.000353,0.000116,0.999532
1816,1,-4.406451,1.268434,2.713113,0.000654,0.190697,0.808649
1817,1,-1.720398,0.009294,1.091013,0.042970,0.242302,0.714729
1818,1,-2.159596,1.607483,0.356363,0.017658,0.763765,0.218577
1819,1,2.685124,-4.689732,1.425079,0.778654,0.000488,0.220858
1820,1,-1.189054,-2.031888,2.308963,0.029002,0.012485,0.958513
1821,1,-4.167659,-1.083989,4.606332,0.000154,0.003367,0.996479
1822,1,-1.033192,1.329831,-0.170425,0.071466,0.759181,0.169353
1823,1,-3.028292,-3.022452,5.549861,0.000188,0.000189,0.999623
1824,1,-1.369130,-3.415210,3.767540,0.005838,0.000755,0.993407
1825,1,0.316723,-2.324300,1.309753,0.265204,0.018906,0.715891
1826,1,-3.065970,-2.936218,5.434248,0.000203,0.000232,0.999565
1827,1,-3.145940,-2.604051,5.375011,0.000199,0.000342,0.999458
1828,1,1.089295,-3.742121,1.946143,0.297292,0.002371,0.700337
1829,1,-2.388324,-3.092018,4.598251,0.000923,0.000457,0.998620
1830,1,-2.284726,-1.550122,2.993220,0.005024,0.010473,0.984503
1831,1,-0.328841,-1.665543,1.256992,0.162706,0.042744,0.794550
1832,1,-1.229762,1.026374,-0.126440,0.073745,0.703977,0.222279
1833,1,-3.555659,-2.381114,5.388464,0.000130,0.000422,0.999447
1834,1,-2.861376,-3.084448,5.150502,0.000331,0.000265,0.999404
1835,1,-2.150016,-1.812412,3.014205,0.005640,0.007905,0.986455
1836,1,0.252201,0.669545,-0.919693,0.353644,0.536805,0.109552
1837,1,-3.606562,-2.344206,5.320130,0.000133,0.000469,0.999398
1838,1,3.002262,-3.685548,0.367722,0.931968,0.001161,0.066871
1839,1,-2.140632,-3.135316,4.661077,0.001110,0.000411,0.998479
1840,1,-2.900815,-1.176384,3.243636,0.002115,0.011866,0.986019
1841,1,-3.216900,-2.924389,5.550996,0.000156,0.000208,0.999636
1842,1,-0.583114,0.287879,0.109635,0.185581,0.443405,0.371014
1843,1,1.255286,-3.320476,1.386873,0.464914,0.004788,0.530298
1844,1,-3.286558,-0.830642,3.163757,0.001549,0.018057,0.980394
1845,1,-3.051390,1.971680,1.132590,0.004577,0.695078,0.300346
1846,1,-2.343746,1.938229,0.565820,0.010901,0.789072,0.200026
1847,1,-3.311035,-2.700184,5.476232,0.000153,0.000281,0.999566
1848,1,-3.594759,-1.761747,5.139235,0.000161,0.001006,0.998834
1849,1,-2.561453,-1.449099,3.627059,0.002036,0.006192,0.991772
1850,1,-2.833697,-3.290181,5.531287,0.000233,0.000147,0.999620
1851,1,3.668969,-2.274397,-1.685270,0.992702,0.002604,0.004694
1852,1,-1.324955,-3.392724,3.705422,0.006489,0.000821,0.992691
1853,1,-3.269374,-2.239666,4.869689,0.000292,0.000817,0.998892
1854,1,-3.173847,-2.146857,4.228611,0.000608,0.001699,0.997693
1855,1,-0.320278,0.055826,0.002899,0.260545,0.379510,0.359945
1856,1,-1.210981,-4.024155,4.543792,0.003157,0.000189,0.996653
1857,1,-2.336977,-0.057669,1.793849,0.013699,0.133836,0.852465
1858,1,-2.441786,0.216472,1.647997,0.013334,0.190290,0.796377
1859,1,4.530775,-1.853188,-2.597452,0.997516,0.001684,0.000800
1860,1,2.727881,-2.994713,-0.203882,0.946455,0.003096,0.050449
1861,1,0.522758,-2.105806,1.076570,0.355612,0.025669,0.618719
1862,1,-1.902173,0.243441,1.124525,0.033139,0.283245,0.683616
1863,1,1.246975,-3.113176,1.140111,0.523170,0.006684,0.470146
1864,1,-1.513689,-3.156572,3.883830,0.004503,0.000871,0.994626
1865,1,-3.615721,-1.349011,4.202851,0.000400,0.003864,0.995736
1866,1,-2.633284,-1.304640,2.999157,0.003520,0.013290,0.983190
1867,1,-2.083291,-3.115283,4.447892,0.001454,0.000518,0.998027
1868,1,-3.753023,-2.147804,5.121232,0.000140,0.000696,0.999164
1869,1,-2.675386,-3.200367,5.258375,0.000358,0.000212,0.999430
1870,1,-0.857478,-3.994403,3.737506,0.009997,0.000434,0.989569
1871,1,0.602023,-3.338228,1.594169,0.269073,0.005232,0.725695
1872,1,-3.765669,-1.539647,4.819358,0.000187,0.001728,0.998086
1873,1,-3.059945,-2.959191,5.580161,0.000177,0.000196,0.999628
1874,1,1.069839,-4.061004,2.187309,0.246122,0.001455,0.752423
1875,1,1.489949,-4.402709,2.183038,0.333040,0.000919,0.666041
1876,1,-0.838233,-3.564487,3.260466,0.016306,0.001067,0.982627
1877,1,-3.301429,-2.504807,4.819674,0.000297,0.000659,0.999044
1878,1,-2.748557,-3.252404,5.618262,0.000232,0.000140,0.999627
1879,1,-2.439111,-2.830518,4.234129,0.001262,0.000853,0.997885
1880,1,-0.205377,-4.196509,3.255471,0.030430,0.000562,0.969008
1881,1,-2.983407,-0.567079,2.782459,0.003017,0.033808,0.963175
1882,1,-0.148957,1.806579,-0.965299,0.117512,0.830542,0.051946
1883,1,-2.842028,-3.219443,5.601394,0.000215,0.000148,0.999637
1884,1,-0.047615,1.482162,-1.039055,0.166996,0.771042,0.061962
1885,1,-2.694539,-3.371973,5.416549,0.000300,0.000152,0.999548
1886,1,-3.182996,-2.721125,5.353276,0.000196,0.000311,0.999493
1887,1,-1.336158,0.521084,0.509412,0.072792,0.466310,0.460898
1888,1,0.483295,-4.116285,2.547816,0.112466,0.001131,0.886403
1889,1,2.870510,-0.151406,-2.339347,0.948613,0.046205,0.005182
1890,1,-1.359612,-2.001199,2.555725,0.019345,0.010184,0.970470
1891,1,-1.520875,-3.741210,4.397972,0.002680,0.000291,0.997029
1892,1,-3.064676,-2.946876,5.460363,0.000198,0.000223,0.999579
1893,1,-2.713798,-0.685529,2.812140,0.003850,0.029266,0.966884
1894,1,-2.911779,-3.169826,5.553201,0.000211,0.000163,0.999627
1895,1,0.660583,-3.626138,2.282522,0.164564,0.002263,0.833173
1896,1,-1.858185,-1.010050,1.982711,0.020039,0.046797,0.933164
1897,1,-2.104284,-3.651181,4.930324,0.000880,0.000187,0.998933
1898,1,-0.809914,-4.007640,3.973318,0.008297,0.000339,0.991364
1899,1,-2.715284,-2.351217,4.178012,0.001012,0.001457,0.997531
1900,1,0.552434,-4.276412,2.857293,0.090656,0.000725,0.908620
1901,1,-3.009638,-3.102755,5.619247,0.000179,0.000163,0.999658
1902,1,-0.831608,-0.697027,0.893005,0.128959,0.147536,0.723505
1903,1,-3.303862,-2.842655,5.610057,0.000134,0.000213,0.999652
1904,1,-1.843560,-0.218217,1.496907,0.029144,0.148056,0.822800
1905,1,-2.930987,-3.107356,5.329127,0.000259,0.000217,0.999525
1906,1,-3.598053,0.387448,2.575563,0.001870,0.100634,0.897496
1907,1,-2.425563,-2.030777,3.181390,0.003639,0.005401,0.990960
1908,1,-2.351579,-2.819316,4.353691,0.001222,0.000765,0.998012
1909,1,-4.283155,0.528823,3.208449,0.000522,0.064153,0.935326
1910,1,-3.694024,1.838702,1.437991,0.002363,0.597443,0.400194
1911,1,-1.913451,-3.547055,4.846956,0.001157,0.000226,0.998617
1912,1,-2.696061,-3.310353,5.547296,0.000263,0.000142,0.999595
1913,1,-2.354234,-0.060658,1.570338,0.016249,0.161034,0.822717
1914,1,1.800765,-4.344151,1.595337,0.550526,0.001181,0.448293
1915,1,-3.903231,-0.163808,3.392195,0.000659,0.027742,0.971599
1916,1,-0.450958,0.911921,-0.405492,0.167956,0.656276,0.175768
1917,1,-2.945308,-3.077183,5.555830,0.000203,0.000178,0.999619
1918,1,-3.038636,-2.935215,5.573386,0.000182,0.000202,0.999617
1919,1,-0.907413,-3.294426,3.335424,0.014145,0.001300,0.984555
1920,1,2.924300,-3.687523,0.262467,0.933563,0.001255,0.065182
1921,1,-1.508801,0.629505,0.157188,0.067678,0.574247,0.358075
1922,1,-3.127082,-2.978926,5.375936,0.000203,0.000235,0.999562
1923,1,-2.260096,-3.101257,4.378905,0.001306,0.000563,0.998131
1924,1,-3.900876,-1.872967,5.019672,0.000133,0.001014,0.998852
1925,1,-2.714952,-1.913815,3.856266,0.001394,0.003105,0.995501
1926,1,0.303891,1.979000,-1.688659,0.154423,0.824522,0.021055
1927,1,-1.252582,-3.274368,3.521881,0.008363,0.001107,0.990530
1928,1,-3.227609,-2.898502,5.628536,0.000142,0.000198,0.999660
1929,1,-1.660813,-0.897833,1.697308,0.031368,0.067273,0.901359
1930,1,-2.588590,-3.502887,5.587545,0.000281,0.000113,0.999606
1931,1,-4.768486,0.799366,3.372458,0.000271,0.070871,0.928858
1932,1,2.812184,-4.330498,1.016826,0.857002,0.000678,0.142321
1933,1,-3.580055,1.799794,1.324146,0.002834,0.614972,0.382194
1934,1,-3.502877,-2.335509,5.387185,0.000138,0.000442,0.999420
1935,1,-4.449387,1.157381,2.763995,0.000613,0.166957,0.832430
1936,1,-0.068634,-2.506144,1.778505,0.134607,0.011762,0.853631
1937,1,-2.343746,1.938229,0.565820,0.010901,0.789072,0.200026
1938,1,-3.555913,1.102682,1.830104,0.003079,0.324758,0.672164
1939,1,3.235817,-3.979984,0.474540,0.939897,0.000691,0.059412
1940,1,-1.996550,-3.796813,5.007859,0.000907,0.000150,0.998943
1941,1,-1.505223,-3.845874,4.562626,0.002310,0.000222,0.997467
1942,1,-0.981326,-3.460950,3.320794,0.013344,0.001118,0.985538
1943,1,2.555149,-1.714940,-0.994224,0.959027,0.013408,0.027565
1944,1,1.042415,-4.043874,1.993689,0.278150,0.001719,0.720131
1945,1,-3.432428,-0.131610,2.681124,0.002083,0.056522,0.941395
1946,1,-3.555371,-2.270211,5.328119,0.000139,0.000501,0.999361
1947,1,-3.090915,-3.122936,5.647810,0.000160,0.000155,0.999685
1948,1,-2.171132,-0.377462,2.015567,0.013733,0.082556,0.903711
1949,1,-3.452277,-2.632538,5.483001,0.000132,0.000299,0.999570
1950,1,-2.400516,-3.240938,5.098733,0.000553,0.000239,0.999208
1951,1,3.922962,-3.803122,-0.091422,0.981841,0.000433,0.017726
1952,1,-2.716568,-3.306048,5.313311,0.000325,0.000180,0.999494
1953,1,-4.109300,-0.751049,4.204450,0.000243,0.006994,0.992763
1954,1,-2.343746,1.938229,0.565820,0.010901,0.789072,0.200026
1955,1,-3.607309,0.088464,2.757124,0.001607,0.064744,0.933649
1956,1,-3.191796,-2.676873,5.462047,0.000174,0.000292,0.999534
1957,1,0.098825,-3.725848,2.859845,0.059390,0.001296,0.939314
1958,1,1.830970,-4.129837,1.788899,0.509845,0.001314,0.488841
1959,1,2.331481,-3.858466,1.353761,0.725575,0.001487,0.272938
1960,1,2.931025,-3.404835,0.057273,0.944949,0.001674,0.053377
1961,1,-3.926815,1.525742,2.099177,0.001542,0.359889,0.638569
1962,1,-2.343746,1.938229,0.565820,0.010901,0.789072,0.200026
1963,1,2.166705,-4.576212,1.455739,0.670085,0.000790,0.329125
1964,1,-3.343863,-2.719138,5.451854,0.000151,0.000283,0.999566
1965,1,-2.987277,-1.368670,3.443994,0.001595,0.008048,0.990357
1966,1,-3.152674,-2.958726,5.585609,0.000160,0.000195,0.999645
1967,1,-2.627928,-1.673526,3.919738,0.001426,0.003704,0.994870
1968,1,-3.297869,-1.123790,3.460779,0.001148,0.010093,0.988759
1969,1,-3.212604,-2.830256,5.591146,0.000150,0.000220,0.999630
1970,1,-0.111123,-1.925213,1.336871,0.184585,0.030085,0.785330
1971,1,-1.612281,-3.037798,3.757005,0.004631,0.001113,0.994256
1972,1,-1.137761,-2.742007,2.832654,0.018448,0.003709,0.977844
1973,1,-0.670828,-4.272547,4.140870,0.008067,0.000220,0.991713
1974,1,-2.517039,-3.519232,5.566847,0.000308,0.000113,0.999579
1975,1,-0.496527,-3.474487,3.170728,0.024879,0.001266,0.973855
1976,1,-0.846488,-2.287722,2.356435,0.038698,0.009157,0.952144
1977,1,-1.979068,-1.787811,2.529016,0.010757,0.013025,0.976218
1978,1,-3.144229,-2.908710,5.441676,0.000187,0.000236,0.999577
1979,1,0.299801,-2.053605,1.033521,0.314677,0.029908,0.655414
1980,1,-2.756963,1.374083,1.004844,0.009410,0.585711,0.404879
1981,1,-4.353956,-0.217675,4.113381,0.000207,0.012980,0.986812
1982,1,-0.171249,-0.066233,-0.398208,0.343916,0.381998,0.274086
1983,1,-3.092141,-3.079570,5.630763,0.000163,0.000165,0.999672
1984,1,-3.297455,-2.749630,5.573462,0.000140,0.000243,0.999617
1985,1,-1.499754,-3.732511,4.339152,0.002903,0.000311,0.996786
1986,1,-3.000104,-2.900906,5.480235,0.000207,0.000229,0.999564
1987,1,-3.171172,-2.814895,5.579778,0.000158,0.000226,0.999616
1988,1,-0.704606,-3.741667,3.195312,0.019823,0.000951,0.979226
1989,1,-1.743412,-1.199330,2.070733,0.020807,0.035851,0.943342
1990,1,-2.312961,-0.582083,2.065738,0.011577,0.065358,0.923065
1991,1,-3.013673,-1.081679,3.444970,0.001548,0.010685,0.987768
1992,1,-1.770966,0.065900,1.148461,0.038748,0.243218,0.718034
1993,1,1.579238,-4.103106,1.765201,0.452943,0.001543,0.545515
1994,1,-1.813589,-1.514732,2.354498,0.014939,0.020142,0.964919
1995,1,-0.878511,1.381359,-0.400704,0.082005,0.785759,0.132236
1996,1,0.301154,-3.706776,2.278999,0.121281,0.002204,0.876515
1997,1,-2.879041,-3.227014,5.440095,0.000244,0.000172,0.999584
1998,1,-4.056320,1.273574,2.431500,0.001157,0.238768,0.760076
1999,1,-2.989640,1.117619,1.502640,0.006618,0.402237,0.591145
2000,1,-2.223592,0.157917,1.571829,0.017756,0.192144,0.790099
2001,1,-1.856189,-3.996384,5.054401,0.000996,0.000117,0.998887
2002,1,-2.828315,-2.838861,5.133145,0.000348,0.000345,0.999307
2003,1,-1.530521,-1.846874,2.530135,0.016739,0.012199,0.971062
2004,1,1.465268,-3.491776,1.199855,0.563722,0.003965,0.432313
2005,1,-0.599660,-3.406647,3.182794,0.022230,0.001342,0.976428
2006,1,-3.387413,-0.944205,3.420571,0.001090,0.012544,0.986366
2007,1,-3.389393,-2.201744,4.863492,0.000260,0.000853,0.998886
2008,1,-2.464594,-3.427480,5.442501,0.000368,0.000140,0.999492
2009,1,-3.207483,-2.437982,5.325787,0.000197,0.000425,0.999379
2010,1,0.000094,0.787193,-0.897898,0.277439,0.609537,0.113025
2011,1,-2.487129,-3.011455,4.675688,0.000774,0.000458,0.998768
2012,1,-2.118767,-3.761581,5.182918,0.000674,0.000130,0.999196
2013,1,-1.838755,-1.404280,2.381766,0.014162,0.021868,0.963971
2014,1,-1.255938,-2.950717,3.094251,0.012710,0.002334,0.984956
2015,1,-3.123655,-3.063578,5.652650,0.000154,0.000164,0.999682
2016,1,0.942508,-2.720368,0.905030,0.502797,0.012901,0.484302
2017,1,-0.356187,-1.667463,1.329140,0.150067,0.040439,0.809493
2018,1,-3.744132,-1.773694,4.844706,0.000186,0.001334,0.998481
2019,1,-2.118944,1.296496,0.560678,0.021734,0.661386,0.316879
2020,1,-0.450958,0.911921,-0.405492,0.167956,0.656276,0.175768
2021,1,-0.450958,0.911921,-0.405492,0.167956,0.656276,0.175768
2022,1,-3.421480,-2.505501,5.291570,0.000164,0.000411,0.999425
2023,1,-3.862517,-1.870458,5.164994,0.000120,0.000879,0.999001
2024,1,0.014849,-4.232447,3.178574,0.040530,0.000580,0.958890
2025,1,-2.610855,-3.030583,4.991422,0.000499,0.000328,0.999173
2026,1,-2.723000,-3.149887,5.461535,0.000279,0.000182,0.999539
2027,1,-3.158758,-2.800514,5.449252,0.000183,0.000261,0.999556
2028,1,2.545120,-2.938247,0.091535,0.917313,0.003812,0.078875
2029,1,-2.927739,-0.620257,2.884335,0.002896,0.029097,0.968007
2030,1,-3.280699,-1.987414,4.477110,0.000427,0.001555,0.998019
2031,1,-1.793089,-2.565616,3.854647,0.003507,0.001620,0.994873
2032,1,0.641120,1.196511,-1.329819,0.346988,0.604668,0.048344
2033,1,-2.721813,-2.295572,4.121407,0.001064,0.001629,0.997307
2034,1,3.023777,-4.117950,0.977737,0.884927,0.000700,0.114373
2035,1,-0.212790,-3.300112,2.589523,0.057050,0.002603,0.940347
2036,1,1.034703,1.226153,-1.548622,0.437345,0.529626,0.033029
2037,1,-0.666956,-3.849910,3.259974,0.019308,0.000801,0.979892
2038,1,-3.372277,-2.458809,5.125827,0.000204,0.000508,0.999288
2039,1,0.252238,-2.347097,1.292489,0.256131,0.019036,0.724832
2040,1,-0.338306,-2.955698,3.032947,0.033126,0.002418,0.964456
2041,1,-2.963402,-3.013880,5.534097,0.000204,0.000194,0.999602
2042,1,-3.259432,-2.883713,5.561665,0.000148,0.000215,0.999638
2043,1,-1.364395,-3.942444,4.273811,0.003546,0.000269,0.996185
2044,1,-2.456175,-3.563019,5.358052,0.000404,0.000133,0.999463
2045,1,-0.737551,-3.798886,3.357152,0.016375,0.000767,0.982858
2046,1,-1.708600,-3.964605,5.225288,0.000973,0.000102,0.998925
2047,1,-3.914684,1.170818,2.239907,0.001578,0.255173,0.743249
2048,1,-2.561453,-1.449099,3.627059,0.002036,0.006192,0.991772
2049,1,-3.642712,-0.280097,3.188021,0.001046,0.030201,0.968752
2050,1,-2.343746,1.938229,0.565820,0.010901,0.789072,0.200026
2051,1,-1.009029,-3.873897,3.667711,0.009219,0.000525,0.990256
2052,1,-2.274725,-0.196686,1.683137,0.016304,0.130250,0.853445
2053,1,-0.456721,-3.406481,2.948215,0.032088,0.001680,0.966233
2054,1,-2.944320,-2.983029,5.556504,0.000203,0.000196,0.999601
2055,1,0.608020,-0.595242,-0.144954,0.564596,0.169499,0.265904
2056,1,-1.769450,-2.114472,2.949707,0.008789,0.006224,0.984987
2057,1,-3.161794,-2.809081,5.587667,0.000158,0.000226,0.999616
2058,1,-3.180633,-0.462551,2.860392,0.002291,0.034713,0.962996
2059,1,-2.983338,-3.059975,5.502957,0.000206,0.000191,0.999603
2060,1,-3.016290,-1.001433,3.144700,0.002073,0.015547,0.982380
2061,1,-3.954456,2.217599,1.250809,0.001510,0.723386,0.275105
2062,1,-1.770532,-3.458489,4.374576,0.002139,0.000395,0.997466
2063,1,-1.394032,0.808168,0.244743,0.065817,0.595303,0.338880
2064,1,-1.707053,-3.108053,3.994595,0.003327,0.000820,0.995854
2065,1,-1.290247,-3.531455,3.924412,0.005404,0.000575,0.994022
2066,1,-2.325486,-2.308985,3.674777,0.002466,0.002507,0.995027
2067,1,1.203490,-4.297734,2.106253,0.288144,0.001176,0.710680
2068,1,-1.756241,-3.629599,4.387767,0.002141,0.000329,0.997530
2069,1,-2.801023,-3.165376,5.345638,0.000290,0.000201,0.999509
2070,1,-3.607541,-2.332051,5.289844,0.000137,0.000489,0.999374
2071,1,-2.343746,1.938229,0.565820,0.010901,0.789072,0.200026
2072,1,0.002710,-3.491717,2.444144,0.079873,0.002425,0.917702
2073,1,0.522632,-3.387031,1.954847,0.192012,0.003849,0.804139
2074,1,-2.169398,-3.458384,4.874403,0.000872,0.000240,0.998888
2075,1,-2.953026,-3.096815,5.317882,0.000256,0.000221,0.999523
2076,1,-2.620068,-3.313193,5.345543,0.000347,0.000174,0.999479
2077,1,-2.244288,0.879710,1.009373,0.020152,0.458206,0.521642
2078,1,-3.261954,-1.463645,3.943632,0.000739,0.004461,0.994801
2079,1,-2.860365,-3.280972,5.637011,0.000204,0.000134,0.999662
2080,1,-2.561453,-1.449099,3.627059,0.002036,0.006192,0.991772
2081,1,-3.113671,-3.002212,5.484559,0.000184,0.000206,0.999610
2082,1,-0.692649,-2.716350,2.324935,0.046352,0.006126,0.947522
2083,1,-2.015250,-3.344250,4.833135,0.001060,0.000281,0.998660
2084,1,0.133403,-4.410354,3.298686,0.040476,0.000430,0.959094
2085,1,-3.056656,-3.030323,5.174803,0.000266,0.000273,0.999461
2086,1,-3.295874,-2.708261,5.480406,0.000154,0.000278,0.999568
2087,1,0.649087,-3.634751,1.890579,0.223485,0.003082,0.773433
2088,1,-4.059624,-0.966484,4.306401,0.000231,0.005101,0.994667
2089,1,-3.012991,-3.072618,5.598852,0.000182,0.000171,0.999647
2090,1,-0.936471,-4.207287,4.357089,0.004998,0.000190,0.994812
2091,1,-1.818771,-3.791957,4.843387,0.001277,0.000177,0.998546
2092,1,1.859408,-3.959954,1.182032,0.661849,0.001965,0.336185
2093,1,-0.937164,-1.003830,1.289989,0.089214,0.083461,0.827325
2094,1,1.272200,1.502040,-2.329615,0.437508,0.550559,0.011933
2095,1,-2.719832,0.891459,1.516522,0.009331,0.345378,0.645291
2096,1,-3.877405,-0.254980,3.343342,0.000711,0.026622,0.972667
2097,1,-3.278122,2.026617,0.689772,0.003919,0.788867,0.207214
2098,1,-2.550867,-1.014062,2.448760,0.006493,0.030191,0.963315
2099,1,-3.569089,-2.052267,4.975478,0.000194,0.000886,0.998920
2100,1,-0.900885,-1.697100,1.717262,0.065957,0.029749,0.904294
2101,1,-3.628282,-1.901422,5.046936,0.000171,0.000959,0.998870
2102,1,-3.387283,-2.602476,5.489571,0.000140,0.000306,0.999555
2103,1,-3.170098,-2.803514,5.467776,0.000177,0.000256,0.999567
2104,1,-3.370468,-1.622023,4.245098,0.000491,0.002822,0.996687
2105,1,-3.445782,-0.345411,3.199816,0.001262,0.028017,0.970721
2106,1,-0.786602,-0.243376,0.841050,0.127984,0.220332,0.651684
2107,1,-3.166970,-0.852868,3.004824,0.002040,0.020638,0.977322
2108,1,1.272022,-2.997657,1.070225,0.546076,0.007638,0.446287
2109,1,-0.374071,-4.277989,3.895783,0.013787,0.000278,0.985935
2110,1,0.162157,-1.357462,0.748129,0.331617,0.072556,0.595827
2111,1,-2.119433,-0.607604,2.241916,0.011919,0.054054,0.934027
2112,1,2.183691,-2.311974,-0.308947,0.914203,0.010200,0.075597
2113,1,-1.959739,-0.148425,1.509656,0.025487,0.155941,0.818572
2114,1,0.367821,-4.248745,3.102464,0.060923,0.000602,0.938475
2115,1,-2.917263,-3.058604,5.534346,0.000213,0.000185,0.999601
2116,1,-3.306996,-2.597832,5.361086,0.000172,0.000349,0.999479
2117,1,-3.648024,-2.240871,5.162961,0.000149,0.000608,0.999243
2118,1,-1.557329,-3.721310,4.215744,0.003099,0.000356,0.996545
2119,1,-3.106611,-3.017664,5.417957,0.000198,0.000217,0.999585
2120,1,0.653014,-4.505404,2.976710,0.089134,0.000513,0.910354
2121,1,-3.182054,-3.004889,5.587399,0.000155,0.000185,0.999659
2122,1,-0.734973,-0.408820,0.727879,0.149167,0.206690,0.644143
2123,1,-3.390840,-2.205697,5.232237,0.000180,0.000588,0.999232
2124,1,-1.844503,-3.850975,5.000403,0.001064,0.000143,0.998793
2125,1,-2.861768,-2.795978,5.093229,0.000351,0.000374,0.999275
2126,1,-2.254292,-2.798364,4.098850,0.001736,0.001008,0.997256
2127,1,-2.460400,-3.357441,5.199874,0.000471,0.000192,0.999337
2128,1,-3.610175,-2.052200,5.030009,0.000177,0.000839,0.998984
2129,1,-1.621158,-0.453642,1.485880,0.037638,0.120969,0.841393
2130,1,-3.360724,-1.982194,4.487031,0.000390,0.001547,0.998063
2131,1,-2.800008,-0.276347,2.360902,0.005325,0.066424,0.928251
2132,1,-4.016956,0.926808,2.586554,0.001138,0.159614,0.839248
2133,1,-0.885064,-3.774937,4.308576,0.005519,0.000307,0.994174
2134,1,-4.086196,1.048458,2.432012,0.001179,0.200202,0.798618
2135,1,-3.636145,-2.145052,4.919786,0.000192,0.000854,0.998954
2136,1,-2.998013,-2.895214,5.510487,0.000202,0.000223,0.999575
2137,1,-3.233002,-2.940299,5.664881,0.000137,0.000183,0.999680
2138,1,-2.343746,1.938229,0.565820,0.010901,0.789072,0.200026
2139,1,-2.787470,-3.080864,5.168468,0.000350,0.000261,0.999388
2140,1,-3.583105,-2.024479,5.081066,0.000172,0.000820,0.999008
2141,1,-3.231373,-1.213831,3.526903,0.001150,0.008647,0.990203
2142,1,1.282093,-3.291631,1.506918,0.442004,0.004561,0.553435
2143,1,-3.571127,-2.518513,5.420753,0.000124,0.000356,0.999519
2144,1,-3.585944,1.357864,1.739296,0.002884,0.404611,0.592505
2145,1,-1.914639,-3.663632,4.789714,0.001224,0.000213,0.998563
2146,1,0.440481,-3.063196,1.484919,0.258272,0.007771,0.733958
2147,1,-3.762001,2.024000,1.534406,0.001900,0.618833,0.379267
2148,1,-1.750352,-3.694520,4.497015,0.001931,0.000276,0.997792
2149,1,0.134009,-4.210089,3.534475,0.032267,0.000419,0.967314
2150,1,-1.309551,-3.911941,4.281295,0.003717,0.000275,0.996008
2151,1,0.482823,-3.867441,2.233983,0.147619,0.001905,0.850476
2152,1,0.582299,1.597824,-1.474174,0.257154,0.709955,0.032891
2153,1,-1.475551,-1.146058,1.927108,0.030832,0.042864,0.926304
2154,1,-2.824420,-0.344617,2.310124,0.005473,0.065338,0.929189
2155,1,-2.729677,1.179615,1.058404,0.010522,0.524686,0.464792
2156,1,-2.904391,-1.398254,3.811034,0.001204,0.005429,0.993367
2157,1,-3.008119,-3.046971,5.244000,0.000261,0.000251,0.999489
2158,1,-2.590246,-3.048394,5.204535,0.000412,0.000260,0.999328
2159,1,-1.775046,-1.019336,2.041132,0.020593,0.043846,0.935561
2160,1,2.985044,-2.867461,-0.456620,0.966292,0.002776,0.030932
2161,1,-3.069723,-2.759332,5.297501,0.000232,0.000317,0.999451
2162,1,-2.434742,-0.630433,2.179031,0.009264,0.056289,0.934447
2163,1,-2.644795,-3.248349,5.291880,0.000357,0.000195,0.999447
2164,1,-2.022598,-2.847335,4.031411,0.002341,0.001026,0.996633
2165,1,-0.450958,0.911921,-0.405492,0.167956,0.656276,0.175768
2166,1,-2.569770,-3.070388,5.038232,0.000496,0.000301,0.999203
2167,1,-2.198641,-3.568562,5.263505,0.000574,0.000146,0.999280
2168,1,-0.271311,-2.155370,1.676924,0.122425,0.018605,0.858970
2169,1,0.973422,-3.987622,2.273815,0.213778,0.001498,0.784724
2170,1,0.931579,-4.390813,2.653164,0.151555,0.000740,0.847705
2171,1,-3.478097,-0.078317,2.748303,0.001863,0.055798,0.942339
2172,1,-3.411933,0.075376,2.858528,0.001778,0.058138,0.940084
2173,1,-3.484035,-2.452751,5.304881,0.000152,0.000427,0.999421
2174,1,-1.748269,-1.105774,2.082719,0.020404,0.038793,0.940803
2175,1,1.265890,-1.162130,-0.256685,0.765485,0.067524,0.166990
2176,1,-2.051071,-3.744161,5.103577,0.000781,0.000144,0.999076
2177,1,-2.400075,0.063612,1.612343,0.014700,0.172693,0.812607
2178,1,-2.561453,-1.449099,3.627059,0.002036,0.006192,0.991772
2179,1,-2.477753,-2.185121,3.837810,0.001800,0.002412,0.995787
2180,1,-1.221934,-3.471944,4.029888,0.005208,0.000549,0.994243
2181,1,1.659349,-4.082457,2.077931,0.396351,0.001272,0.602377
2182,1,-1.537273,-0.275805,1.035202,0.056725,0.200275,0.743000
2183,1,0.740518,1.308465,-1.676280,0.350404,0.618337,0.031258
2184,1,-3.396535,0.809959,2.124304,0.003145,0.211095,0.785760
2185,1,-3.129752,-2.884139,5.523767,0.000174,0.000223,0.999603
2186,1,-2.163852,-0.439615,1.915137,0.015222,0.085369,0.899409
2187,1,-3.292392,-2.660191,5.274237,0.000190,0.000358,0.999452
2188,1,-2.766315,-2.850672,5.411318,0.000281,0.000258,0.999461
2189,1,-0.312794,-1.789550,1.165037,0.178196,0.040696,0.781108
2190,1,-2.559405,0.670142,0.978277,0.016487,0.416587,0.566926
2191,1,0.009219,-3.715139,2.690141,0.064010,0.001544,0.934446
2192,1,-3.032365,-3.115869,5.645449,0.000170,0.000157,0.999673
2193,1,-2.831977,-3.104854,5.417286,0.000261,0.000199,0.999540
2194,1,-3.377650,-2.177581,5.086862,0.000211,0.000699,0.999090
2195,1,-0.886839,-2.156078,2.098390,0.047456,0.013337,0.939207
2196,1,-3.307307,-2.174739,5.070043,0.000230,0.000713,0.999057
2197,1,-0.714036,-3.821630,3.435971,0.015509,0.000693,0.983798
2198,1,-1.842799,-3.055163,3.874237,0.003275,0.000974,0.995750
2199,1,-2.543444,-3.513366,5.372768,0.000365,0.000138,0.999497
2200,1,-1.478189,-3.601672,4.130446,0.003651,0.000437,0.995912
2201,1,2.308236,-3.829952,0.749014,0.824770,0.001781,0.173449
2202,1,-3.249968,-2.938668,5.514166,0.000156,0.000213,0.999631
2203,1,-2.343746,1.938229,0.565820,0.010901,0.789072,0.200026
2204,1,1.670628,-3.431154,0.990626,0.661069,0.004023,0.334908
2205,1,-2.180987,-3.564155,4.987312,0.000770,0.000193,0.999037
2206,1,-0.616575,-0.779426,0.870950,0.159341,0.135395,0.705264
2207,1,-1.103503,-1.886962,2.084509,0.038915,0.017777,0.943308
2208,1,0.259060,0.674653,-0.583371,0.339451,0.514360,0.146189
2209,1,-2.587482,-1.215690,2.836211,0.004317,0.017018,0.978665
2210,1,-0.169270,-3.810440,2.769111,0.050222,0.001317,0.948461
2211,1,0.390279,1.348471,-1.291078,0.263637,0.687295,0.049068
2212,1,-1.681980,-3.421326,4.371161,0.002344,0.000412,0.997244
2213,1,-2.561453,-1.449099,3.627059,0.002036,0.006192,0.991772
2214,1,3.379513,-2.798305,-0.859343,0.983769,0.002041,0.014190
2215,1,-2.341797,-2.290438,3.825114,0.002089,0.002199,0.995713
2216,1,-1.054662,1.549117,-0.187652,0.059191,0.799948,0.140862
2217,1,-3.123826,-2.732023,5.346006,0.000210,0.000310,0.999480
2218,1,-2.634373,-2.056695,3.848342,0.001523,0.002714,0.995763
2219,1,-0.742213,-2.651166,2.373654,0.042192,0.006254,0.951554
2220,1,-0.450958,0.911921,-0.405492,0.167956,0.656276,0.175768
2221,1,4.272752,-3.700873,-0.397879,0.990383,0.000341,0.009276
2222,1,-2.339981,-2.427045,3.597339,0.002626,0.002407,0.994967
2223,1,-1.615776,-3.770969,4.645836,0.001904,0.000221,0.997875
2224,1,0.103936,-2.375992,1.974261,0.132028,0.011057,0.856915
2225,1,-1.572389,-0.725219,1.504409,0.039965,0.093240,0.866795
2226,1,-1.075696,-2.432530,2.777916,0.020652,0.005317,0.974030
2227,1,-2.631391,-3.479346,5.380741,0.000331,0.000142,0.999527
2228,1,-4.252617,-0.605595,4.359763,0.000181,0.006926,0.992894
2229,1,-2.538422,-3.047535,4.878191,0.000601,0.000361,0.999038
2230,1,-2.606978,-3.222218,5.182673,0.000414,0.000224,0.999363
2231,1,-0.962874,0.538412,0.368243,0.107843,0.483941,0.408215
2232,1,-2.901516,-3.131436,5.572510,0.000209,0.000166,0.999625
2233,1,-3.458889,-1.265065,3.661343,0.000802,0.007195,0.992003
2234,1,-2.941643,-3.148936,5.597823,0.000196,0.000159,0.999646
2235,1,2.658809,-4.592212,1.231633,0.806000,0.000572,0.193428
2236,1,-2.268029,-2.397850,3.738095,0.002452,0.002154,0.995394
2237,1,-2.715551,-2.537310,4.390797,0.000818,0.000978,0.998204
2238,1,-3.217118,-2.614801,5.389525,0.000183,0.000334,0.999483
2239,1,1.306071,-4.430593,2.236470,0.282586,0.000911,0.716503
2240,1,-2.990830,1.348381,1.098136,0.007282,0.558143,0.434575
2241,1,-0.469227,-4.145200,3.640062,0.016148,0.000409,0.983443
2242,1,-3.270012,-2.677289,5.473228,0.000159,0.000288,0.999552
2243,1,-1.568134,-0.316581,1.306703,0.045008,0.157337,0.797655
2244,1,-2.044919,-0.629628,2.108455,0.014542,0.059880,0.925578
2245,1,-3.196665,-0.283940,2.551326,0.003003,0.055281,0.941715
2246,1,-3.562476,0.673837,2.119386,0.002750,0.190163,0.807087
2247,1,2.924300,-3.687523,0.262467,0.933563,0.001255,0.065182
2248,1,-1.659267,-3.376242,3.739723,0.004497,0.000808,0.994695
2249,1,-2.423962,-2.586282,4.122098,0.001432,0.001217,0.997351
2250,1,0.495300,-1.652938,0.720145,0.422151,0.049261,0.528588
2251,1,0.660098,-3.902031,2.119258,0.188225,0.001965,0.809810
2252,1,-1.344243,-2.116493,2.416036,0.022511,0.010400,0.967089
2253,1,2.142830,-4.398690,1.489627,0.657109,0.000948,0.341944
2254,1,-2.663661,-3.147483,5.228744,0.000373,0.000230,0.999397
2255,1,-3.041546,-2.904203,5.117706,0.000286,0.000328,0.999386
2256,1,-3.526217,-0.831624,3.525599,0.000854,0.012641,0.986505
2257,1,-2.137378,-1.989041,3.269156,0.004444,0.005155,0.990401
2258,1,-2.868114,-3.067133,5.133599,0.000335,0.000274,0.999391
2259,1,-0.309605,-3.801304,3.277925,0.026900,0.000819,0.972281
2260,1,0.212009,-1.421767,0.790027,0.335830,0.065551,0.598618
2261,1,-0.511907,-2.294282,1.967857,0.076297,0.012836,0.910867
2262,1,-3.162344,0.231318,2.571585,0.002942,0.087584,0.909474
2263,1,-1.351190,-3.724344,4.084360,0.004338,0.000404,0.995258
2264,1,-3.134135,-1.129450,3.382125,0.001461,0.010846,0.987693
2265,1,-3.762158,1.740229,1.726319,0.002048,0.502446,0.495506
2266,1,-0.271630,-1.383433,1.098702,0.189911,0.062474,0.747615
2267,1,0.003704,-1.154932,0.812131,0.281034,0.088221,0.630745
2268,1,-1.718257,-3.933612,4.833589,0.001425,0.000156,0.998419
2269,1,-3.296650,-2.644553,5.443425,0.000160,0.000307,0.999533
2270,1,-2.671956,-3.110313,4.933127,0.000498,0.000321,0.999182
2271,1,-0.551277,-3.886541,3.575097,0.015876,0.000565,0.983559
2272,1,-2.335159,-3.690906,5.509268,0.000392,0.000101,0.999507
2273,1,-0.662280,-1.120698,0.921553,0.153707,0.097186,0.749107
2274,1,-3.035529,-1.746291,3.917564,0.000951,0.003454,0.995595
2275,1,-0.287452,-4.301726,3.640566,0.019296,0.000348,0.980356
2276,1,-3.252928,-2.912218,5.613236,0.000141,0.000198,0.999661
2277,1,-2.901086,-1.790555,3.695856,0.001357,0.004120,0.994523
2278,1,-3.004603,-3.190059,5.661742,0.000172,0.000143,0.999685
2279,1,-4.180605,1.589902,2.194667,0.001100,0.352866,0.646034
2280,1,-0.420447,0.152301,0.076297,0.226424,0.401480,0.372097
2281,1,-3.214061,-2.771857,5.452250,0.000172,0.000268,0.999560
2282,1,-2.606199,-3.155711,5.351254,0.000350,0.000202,0.999448
2283,1,-1.633499,-2.735069,3.398377,0.006470,0.002150,0.991379
2284,1,-0.529802,-4.261950,3.811744,0.012845,0.000308,0.986847
2285,1,-2.152813,-0.308557,1.748365,0.017611,0.111359,0.871031
2286,1,-1.173851,-1.309257,1.717851,0.050258,0.043893,0.905849
2287,1,-3.860817,1.017652,2.348602,0.001588,0.208670,0.789742
2288,1,-2.561453,-1.449099,3.627059,0.002036,0.006192,0.991772
2289,1,-2.485912,-3.497187,5.266489,0.000429,0.000156,0.999414
2290,1,-0.270828,-1.578708,1.210017,0.176459,0.047713,0.775828
2291,1,-3.058824,-2.754764,5.015269,0.000311,0.000422,0.999267
2292,1,-2.012564,-3.646379,4.836130,0.001059,0.000207,0.998734
2293,1,-1.151768,-3.934540,4.042677,0.005515,0.000341,0.994144
2294,1,-2.105994,-3.403756,4.723095,0.001080,0.000295,0.998625
2295,1,-0.199279,-3.654160,2.644543,0.054906,0.001735,0.943359
2296,1,0.853470,-2.604468,1.136463,0.423982,0.013353,0.562665
2297,1,0.658032,-2.041178,0.941103,0.417631,0.028089,0.554280
2298,1,-3.461070,-2.460298,5.243177,0.000166,0.000451,0.999383
2299,1,1.116982,1.523433,-2.095425,0.393431,0.590729,0.015839
2300,1,-2.167997,-3.525835,4.875552,0.000872,0.000224,0.998904
2301,1,-2.694154,-2.740885,4.886736,0.000510,0.000486,0.999004
2302,1,-2.343746,1.938229,0.565820,0.010901,0.789072,0.200026
2303,1,-2.464254,-2.989707,4.607315,0.000848,0.000501,0.998651
2304,1,-3.686216,0.567754,2.507408,0.001783,0.125462,0.872756
2305,1,-3.175043,-2.877004,5.586915,0.000157,0.000211,0.999633
2306,1,-2.343746,1.938229,0.565820,0.010901,0.789072,0.200026
2307,1,-2.560257,-3.463914,5.544848,0.000302,0.000122,0.999576
2308,1,3.628911,-3.962095,0.200810,0.968098,0.000489,0.031413
2309,1,-2.928088,-3.171222,5.566974,0.000204,0.000160,0.999635
2310,1,2.441009,-4.196027,1.387682,0.740693,0.000971,0.258336
2311,1,-0.062923,0.118672,-0.179710,0.323739,0.388205,0.288055
2312,1,-2.591328,-2.862829,4.597867,0.000754,0.000574,0.998672
2313,1,-2.386370,-2.469899,3.860770,0.001929,0.001774,0.996297
2314,1,0.150943,-2.561257,1.756817,0.165327,0.010976,0.823696
2315,1,-1.930401,0.408816,0.956684,0.034113,0.353862,0.612025
2316,1,-2.343746,1.938229,0.565820,0.010901,0.789072,0.200026
2317,1,-3.087600,0.032623,2.271435,0.004234,0.095911,0.899855
2318,1,-1.908390,-3.676918,4.666205,0.001393,0.000238,0.998369
2319,1,-3.063417,-2.836162,5.416361,0.000208,0.000260,0.999532
2320,1,-4.135471,-0.566525,4.193810,0.000239,0.008488,0.991273
2321,1,-2.100908,-2.386264,3.604944,0.003307,0.002486,0.994207
2322,1,-3.376611,-2.360322,5.420003,0.000151,0.000418,0.999431
2323,1,-3.638684,-1.602507,5.004694,0.000176,0.001349,0.998475
2324,1,0.522783,-4.539343,3.493600,0.048747,0.000309,0.950945
2325,1,-0.714550,-0.403861,0.563788,0.167925,0.229111,0.602964
2326,1,-1.837927,-2.039331,3.091041,0.007140,0.005838,0.987022
2327,1,-4.028641,-0.254278,3.366431,0.000598,0.026050,0.973352
2328,1,-2.366588,-1.688863,3.102647,0.004162,0.008197,0.987640
2329,1,-2.560377,-0.608531,2.459853,0.006270,0.044152,0.949578
2330,1,-2.945066,-3.278036,5.675378,0.000180,0.000129,0.999690
2331,1,-3.206680,-2.812682,5.444686,0.000175,0.000259,0.999566
2332,1,1.895441,-1.597372,-0.296196,0.875543,0.026630,0.097828
2333,1,-2.622978,-3.279388,5.113950,0.000436,0.000226,0.999338
2334,1,-2.882789,-3.240056,5.669134,0.000193,0.000135,0.999672
2335,1,-3.501473,-2.248921,5.195368,0.000167,0.000584,0.999249
2336,1,-2.166276,-2.813299,4.197579,0.001718,0.000900,0.997382
2337,1,-1.455161,1.877285,-0.041902,0.030197,0.845715,0.124089
2338,1,-1.583481,-2.583644,3.004156,0.010037,0.003692,0.986271
2339,1,1.025736,-2.960688,0.935344,0.517561,0.009609,0.472830
2340,1,-0.486403,-0.097267,0.168547,0.227234,0.335330,0.437436
2341,1,-2.467335,-3.611544,5.446677,0.000365,0.000116,0.999518
2342,1,-2.217055,-3.790982,5.398366,0.000493,0.000102,0.999405
2343,1,-3.498884,-0.958033,3.646717,0.000780,0.009897,0.989323
2344,1,-4.189806,1.690233,2.108599,0.001108,0.396468,0.602424
2345,1,-0.222924,-4.568550,4.025085,0.014089,0.000183,0.985729
2346,1,-1.945195,-2.762691,3.629349,0.003773,0.001666,0.994562
2347,1,-3.188930,-2.804198,5.190212,0.000229,0.000337,0.999433
2348,1,-1.798856,0.318139,1.019201,0.038387,0.318849,0.642764
2349,1,-3.407609,-0.432080,3.214040,0.001296,0.025396,0.973309
2350,1,-2.968092,-3.126678,5.579372,0.000194,0.000166,0.999640
2351,1,-0.666057,-3.773300,3.364844,0.017435,0.000780,0.981785
2352,1,-3.175328,-3.057061,5.647366,0.000147,0.000166,0.999687
2353,1,-3.644370,-1.833258,5.178345,0.000147,0.000900,0.998952
2354,1,-2.831751,1.740151,0.655484,0.007667,0.741646,0.250687
2355,1,-2.561453,-1.449099,3.627059,0.002036,0.006192,0.991772
2356,1,-3.543968,-2.377338,5.309634,0.000143,0.000458,0.999399
2357,1,-2.272569,-3.288689,4.714634,0.000922,0.000334,0.998744
2358,1,-3.222165,1.194370,1.368779,0.005483,0.454005,0.540512
2359,1,1.446635,-4.055814,1.765810,0.420156,0.001713,0.578131
2360,1,-2.699159,-2.947023,5.003057,0.000451,0.000352,0.999196
2361,1,-3.224525,-3.014872,5.693048,0.000134,0.000165,0.999701
2362,1,-2.073831,-3.623346,4.707676,0.001133,0.000241,0.998626
2363,1,-3.923934,1.778794,1.856974,0.001601,0.479696,0.518703
2364,1,-0.826838,-3.637174,3.690840,0.010789,0.000649,0.988561
2365,1,-3.024884,-3.033169,5.517375,0.000195,0.000193,0.999612
2366,1,-0.816941,1.585541,-0.599550,0.075225,0.831282,0.093492
2367,1,-2.546390,-3.306308,5.129717,0.000463,0.000217,0.999320
2368,1,-2.481293,-3.211270,4.994955,0.000566,0.000273,0.999161
2369,1,-3.782815,1.244646,2.105021,0.001945,0.296683,0.701372
2370,1,3.271372,-4.195070,0.392534,0.946278,0.000541,0.053181
2371,1,-3.794610,-0.016895,3.114170,0.000956,0.041804,0.957240
2372,1,-3.063952,-2.927476,5.556211,0.000180,0.000207,0.999613
2373,1,-3.108078,-2.276734,4.682882,0.000413,0.000948,0.998639
2374,1,1.423346,-1.795623,-0.122101,0.797949,0.031915,0.170136
2375,1,-2.189718,-0.375233,1.937073,0.014468,0.088805,0.896726
2376,1,-2.726117,-3.259093,5.506332,0.000266,0.000156,0.999578
2377,1,4.065626,-3.861910,-0.213346,0.985982,0.000356,0.013663
2378,1,0.359040,-0.788625,-0.060224,0.506353,0.160705,0.332943
2379,1,-2.993226,-1.853049,3.891850,0.001019,0.003186,0.995796
2380,1,-0.923716,1.350869,-0.539972,0.082023,0.797585,0.120391
2381,1,-3.152071,-2.612441,5.428097,0.000188,0.000322,0.999490
2382,1,-2.367748,-3.142643,4.542398,0.000996,0.000459,0.998545
2383,1,3.364711,-4.121737,0.252541,0.956878,0.000536,0.042585
2384,1,-1.829031,-3.075392,4.497481,0.001784,0.000513,0.997703
2385,1,-3.782001,0.735314,2.447309,0.001667,0.152650,0.845683
2386,1,-4.051244,-0.446373,3.904307,0.000346,0.012729,0.986924
2387,1,-1.539634,-1.047427,1.743745,0.034128,0.055830,0.910042
2388,1,0.173875,-3.278703,1.740501,0.171759,0.005439,0.822803
2389,1,-2.343746,1.938229,0.565820,0.010901,0.789072,0.200026
2390,1,-1.182153,-0.716887,1.350506,0.065879,0.104908,0.829213
2391,1,-2.364861,-3.337984,5.007141,0.000628,0.000237,0.999135
2392,1,-2.438260,0.461536,1.475069,0.014443,0.262443,0.723114
2393,1,-3.257458,-2.477461,5.385844,0.000176,0.000384,0.999439
2394,1,-4.271750,0.906618,2.619134,0.000861,0.152706,0.846433
2395,1,-2.952862,-3.217750,5.660922,0.000182,0.000139,0.999679
2396,1,-2.226730,-2.866415,4.069293,0.001838,0.000970,0.997192
2397,1,-1.163455,-3.526216,3.304143,0.011333,0.001067,0.987600
2398,1,-0.262713,-1.091009,0.865872,0.220845,0.096463,0.682692
2399,1,1.675365,-2.941054,0.852891,0.690021,0.006823,0.303156
2400,1,-3.310421,-2.552316,5.289021,0.000184,0.000393,0.999423
2401,1,-3.273476,-2.502422,4.934469,0.000272,0.000589,0.999139
2402,1,-2.675195,-3.135482,4.983066,0.000472,0.000298,0.999231
2403,1,-2.343746,1.938229,0.565820,0.010901,0.789072,0.200026
2404,1,-2.417431,-3.441198,5.120362,0.000532,0.000191,0.999277
2405,1,-2.813596,-2.569611,4.776793,0.000505,0.000644,0.998851
2406,1,-3.370112,-2.660905,5.432139,0.000150,0.000306,0.999544
2407,1,-1.294056,-3.532979,3.818492,0.005981,0.000637,0.993382
2408,1,-1.687660,-0.869603,1.913121,0.025067,0.056804,0.918129
2409,1,-2.137090,-1.274991,2.600666,0.008507,0.020146,0.971346
2410,1,0.982084,0.880290,-1.849340,0.509647,0.460320,0.030033
2411,1,-2.561453,-1.449099,3.627059,0.002036,0.006192,0.991772
2412,1,-2.720937,-3.241696,5.580606,0.000248,0.000147,0.999605
2413,1,-3.220922,-2.314561,5.146183,0.000232,0.000575,0.999193
2414,1,-0.467804,-3.916892,3.426708,0.019935,0.000633,0.979432
2415,1,-2.492875,-0.881140,2.600672,0.005918,0.029658,0.964424
2416,1,-3.363263,-2.744524,5.549870,0.000135,0.000250,0.999616
2417,1,-1.691867,-3.567364,4.410485,0.002232,0.000342,0.997426
2418,1,-3.820145,-0.232257,3.539286,0.000622,0.022485,0.976893
2419,1,0.540439,-3.019522,2.136966,0.167664,0.004768,0.827567
2420,1,-3.187685,-2.877484,5.621216,0.000149,0.000204,0.999647
2421,1,-3.445807,-2.641232,5.434100,0.000139,0.000311,0.999550
2422,1,-3.104216,0.094953,2.295532,0.004051,0.099295,0.896654
2423,1,-1.216620,-1.512712,1.613483,0.053502,0.039790,0.906708
2424,1,-1.837694,-1.659002,2.542661,0.012186,0.014570,0.973244
2425,1,-3.028162,-2.953366,5.534290,0.000191,0.000206,0.999603
2426,1,-3.120929,0.331379,2.236041,0.004087,0.129052,0.866860
2427,1,-2.410822,-3.517629,5.503295,0.000365,0.000121,0.999514
2428,1,-3.180534,-2.862707,5.308378,0.000206,0.000283,0.999512
2429,1,-2.043061,-1.115150,2.254276,0.012981,0.032833,0.954186
2430,1,-1.783980,-0.999119,1.971604,0.021762,0.047705,0.930533
2431,1,-2.276601,-2.910327,4.252430,0.001457,0.000773,0.997770
2432,1,-2.864922,-3.126715,5.084420,0.000353,0.000271,0.999376
2433,1,-2.343746,1.938229,0.565820,0.010901,0.789072,0.200026
2434,1,2.187824,-4.010993,0.985438,0.767750,0.001560,0.230691
2435,1,-3.608229,-1.778885,4.650280,0.000259,0.001611,0.998131
2436,1,-0.761945,0.873246,-0.017113,0.121410,0.622889,0.255701
2437,1,-3.045545,1.083116,1.461090,0.006506,0.403970,0.589524
2438,1,-3.923283,1.147892,2.143494,0.001690,0.269351,0.728959
2439,1,-2.810405,-3.012833,5.287045,0.000304,0.000248,0.999447
2440,1,0.770961,-3.528498,1.588117,0.305099,0.004142,0.690759
2441,1,-4.343216,1.563223,2.323486,0.000866,0.318313,0.680821
2442,1,-2.874099,-3.259399,5.460692,0.000240,0.000163,0.999597
2443,1,4.421114,-3.718961,-0.607405,0.993206,0.000290,0.006504
2444,1,-3.081123,-2.391764,4.472047,0.000524,0.001043,0.998433
2445,1,-3.037187,-3.047473,5.576068,0.000182,0.000180,0.999639
2446,1,0.173365,-4.190928,3.073572,0.052109,0.000663,0.947228
2447,1,0.855807,-4.014453,2.065315,0.229384,0.001760,0.768856
2448,1,-3.395855,-1.460698,4.016088,0.000601,0.004163,0.995236
2449,1,-2.886109,-3.101400,5.372091,0.000259,0.000209,0.999532
2450,1,-1.261187,1.712169,-0.023455,0.041658,0.814716,0.143626
2451,1,-1.828837,-3.887870,4.962055,0.001123,0.000143,0.998734
2452,1,-2.488391,-3.604271,5.461349,0.000353,0.000116,0.999532
2453,1,-3.077475,-2.715462,5.331512,0.000223,0.000320,0.999457
2454,1,-2.565727,-0.717478,2.489482,0.006091,0.038668,0.955242
2455,1,-2.053378,-3.671136,5.144373,0.000748,0.000148,0.999104
2456,1,-3.937321,-0.498736,3.931547,0.000378,0.011766,0.987856
2457,1,-1.863770,-0.454528,1.628608,0.026346,0.107829,0.865825
2458,1,-1.238028,-3.870178,4.156712,0.004518,0.000325,0.995157
2459,1,-4.214772,1.387768,2.295120,0.001059,0.287237,0.711703
2460,1,-3.482937,-0.052411,2.932591,0.001555,0.048033,0.950412
2461,1,-3.034183,0.065175,2.313253,0.004287,0.095106,0.900607
2462,1,-1.934709,-1.308973,2.706659,0.009385,0.017546,0.973069
2463,1,-0.748407,-3.138538,2.910139,0.025065,0.002296,0.972639
2464,1,-4.113838,-0.065880,3.413966,0.000522,0.029876,0.969603
2465,1,0.648569,0.895494,-1.094923,0.407334,0.521420,0.071246
2466,1,-0.718518,-0.714107,0.845378,0.147453,0.148105,0.704442
2467,1,-3.134806,-2.789910,5.489313,0.000180,0.000254,0.999567
2468,1,-3.073476,-1.208775,3.538769,0.001330,0.008587,0.990083
2469,1,-3.220946,-2.926896,5.652985,0.000140,0.000188,0.999672
2470,1,-3.378011,0.927577,1.793041,0.003981,0.295020,0.700999
2471,1,-2.558167,-3.483395,5.541677,0.000303,0.000120,0.999576
2472,1,-3.667365,0.693843,2.308609,0.002113,0.165577,0.832309
2473,1,1.111941,-3.434634,1.327508,0.444214,0.004710,0.551076
2474,1,-1.280744,-4.082781,4.550260,0.002926,0.000178,0.996896
2475,1,-3.013227,-2.427497,4.608394,0.000489,0.000879,0.998632
2476,1,-3.668271,-0.524279,3.431346,0.000809,0.018772,0.980419
2477,1,-1.112611,-2.808718,2.621872,0.023229,0.004260,0.972511
2478,1,-1.020152,0.155845,0.505766,0.113113,0.366641,0.520247
2479,1,-1.341605,-3.982903,4.811445,0.002122,0.000151,0.997727
2480,1,-2.887463,-2.449292,4.829653,0.000445,0.000689,0.998866
2481,1,0.269291,-4.443215,3.316189,0.045333,0.000407,0.954260
2482,1,-3.278144,-2.742466,5.497227,0.000154,0.000264,0.999582
2483,1,-1.243550,-2.605053,2.827578,0.016700,0.004280,0.979020
2484,1,-3.361141,-2.369435,4.917669,0.000254,0.000684,0.999063
2485,1,-2.187497,-2.788105,3.961889,0.002128,0.001167,0.996705
2486,1,-3.065094,-3.061568,5.413991,0.000208,0.000208,0.999584
2487,1,-3.248127,-2.807207,5.510637,0.000157,0.000244,0.999599
2488,1,-2.453789,-3.245336,4.714550,0.000770,0.000349,0.998881
2489,1,-3.183147,-2.777805,5.167957,0.000236,0.000354,0.999410
2490,1,-2.631320,-3.259403,5.385007,0.000330,0.000176,0.999494
2491,1,-2.676245,-3.195760,5.338230,0.000330,0.000197,0.999473
2492,1,-0.241422,-0.435345,0.560229,0.246734,0.203240,0.550025
2493,1,-1.900895,-3.811230,4.949067,0.001058,0.000157,0.998785
2494,1,-2.473604,-3.510014,5.235324,0.000449,0.000159,0.999392
2495,1,-1.108345,-1.795370,2.291692,0.031778,0.015987,0.952235
2496,1,-2.844178,-3.311125,5.671366,0.000200,0.000126,0.999674
2497,1,-2.856010,-2.734351,5.071965,0.000360,0.000407,0.999233
2498,1,1.719691,-3.337714,1.006281,0.668301,0.004252,0.327448
2499,1,-2.488391,-3.604271,5.461349,0.000353,0.000116,0.999532
2500,1,-0.453378,-2.937449,2.579898,0.045770,0.003817,0.950413
2501,1,-2.691968,-2.697628,5.064952,0.000427,0.000425,0.999148
2502,1,-3.331061,-2.692867,5.524493,0.000143,0.000270,0.999588
2503,1,-3.029411,-2.668043,5.199864,0.000267,0.000383,0.999351
2504,1,-3.557655,-2.156785,4.925393,0.000207,0.000839,0.998954
2505,1,-3.112792,-2.728963,5.495778,0.000182,0.000268,0.999550
2506,1,-2.845918,-3.187488,5.579164,0.000219,0.000156,0.999625
2507,1,-4.673796,1.797911,2.373373,0.000556,0.359777,0.639666
2508,1,-0.931552,-3.732854,3.752973,0.009147,0.000556,0.990297
2509,1,-2.446003,-1.922313,3.492541,0.002617,0.004419,0.992964
2510,1,-2.561453,-1.449099,3.627059,0.002036,0.006192,0.991772
2511,1,-2.894339,-2.826868,4.999269,0.000373,0.000399,0.999228
2512,1,-0.983653,-3.629027,3.981762,0.006923,0.000491,0.992585
2513,1,-3.018776,-3.053907,5.471666,0.000205,0.000198,0.999596
2514,1,-3.449724,1.059096,1.915856,0.003271,0.297042,0.699687
2515,1,-2.343746,1.938229,0.565820,0.010901,0.789072,0.200026
2516,1,-0.915006,-3.587531,3.408618,0.013067,0.000903,0.986031
2517,1,2.590743,-4.287494,1.123275,0.811992,0.000836,0.187171
2518,1,-3.150865,-3.009382,5.659052,0.000149,0.000172,0.999679
2519,1,-2.343746,1.938229,0.565820,0.010901,0.789072,0.200026
2520,1,-0.269994,-0.267561,0.426165,0.249472,0.250080,0.500449
2521,1,-1.246602,1.411540,-0.310578,0.056118,0.800791,0.143091
2522,1,-3.253026,-2.470544,5.418372,0.000171,0.000375,0.999454
2523,1,1.067385,-4.337672,2.173876,0.248248,0.001116,0.750636
2524,1,-0.103511,-4.154086,3.397774,0.029261,0.000509,0.970230
2525,1,0.269291,-4.443215,3.316189,0.045333,0.000407,0.954260
2526,1,-3.261954,-1.463645,3.943632,0.000739,0.004461,0.994801
2527,1,-1.907779,-0.119586,1.340695,0.030553,0.182667,0.786779
2528,1,-0.861787,-2.898111,2.552795,0.031711,0.004139,0.964150
2529,1,-3.745143,-1.956625,4.982602,0.000162,0.000968,0.998870
2530,1,-2.042109,-3.640685,4.991246,0.000881,0.000178,0.998941
2531,1,-1.651421,0.765537,0.552404,0.047012,0.527081,0.425907
2532,1,-3.905628,-1.476033,4.857113,0.000156,0.001773,0.998071
2533,1,-0.471037,-1.558008,1.293549,0.139346,0.046993,0.813662
2534,1,-0.118225,-1.470410,1.035009,0.225882,0.058430,0.715689
2535,1,1.319593,-4.282691,2.237585,0.285067,0.001052,0.713881
2536,1,3.994561,-2.998721,-0.546504,0.988552,0.000908,0.010540
2537,1,-1.500327,-3.626282,4.326066,0.002939,0.000351,0.996710
2538,1,-4.134393,1.749572,2.147909,0.001117,0.401263,0.597620
2539,1,-2.553882,-0.228363,2.067645,0.008859,0.090644,0.900497
2540,1,-2.590431,-1.357084,3.147483,0.003176,0.010903,0.985921
2541,1,-1.402694,1.464247,-0.126824,0.045116,0.793286,0.161598
2542,1,-2.310930,-0.928609,2.367139,0.008885,0.035400,0.955715
2543,1,-2.478256,-3.313180,4.931698,0.000605,0.000262,0.999133
2544,1,1.130696,0.143713,-1.080365,0.674635,0.251436,0.073929
2545,1,-0.155238,-3.915447,3.025481,0.039861,0.000928,0.959211
2546,1,-0.414481,-3.383001,2.788840,0.038963,0.002002,0.959035
2547,1,-2.845924,-3.207090,5.492511,0.000239,0.000167,0.999594
2548,1,0.440854,-2.853545,1.485078,0.257846,0.009564,0.732590
2549,1,4.380908,-3.500031,-0.981638,0.994959,0.000376,0.004665
2550,1,-1.646578,-1.086126,2.092390,0.022318,0.039090,0.938592
2551,1,-1.463080,-3.783472,4.351532,0.002974,0.000292,0.996734
2552,1,-0.125427,1.200764,-0.650507,0.186631,0.702976,0.110394
2553,1,-2.995533,1.513344,1.327799,0.005979,0.542988,0.451033
2554,1,2.047517,-4.515391,1.619811,0.604809,0.000854,0.394337
2555,1,-2.173202,-3.415157,4.889641,0.000855,0.000247,0.998898
2556,1,-1.962734,-3.575542,4.600806,0.001408,0.000281,0.998311
2557,1,-3.320587,-2.619749,5.427124,0.000159,0.000320,0.999521
2558,1,-0.853610,0.370984,0.404511,0.126237,0.429558,0.444204
2559,1,-0.258274,-3.061552,2.396247,0.065450,0.003967,0.930583
2560,1,-2.886898,-3.104521,5.127289,0.000331,0.000266,0.999404
2561,1,-0.832730,-3.958558,4.093347,0.007200,0.000316,0.992484
2562,1,-2.415913,-3.284131,5.123759,0.000531,0.000223,0.999246
2563,1,-1.040847,-1.412295,1.713557,0.057467,0.039637,0.902897
2564,1,-3.649302,-1.484131,4.466722,0.000298,0.002596,0.997106
2565,1,-2.893028,-0.675337,2.757739,0.003393,0.031171,0.965435
2566,1,-1.253770,-4.099101,4.617556,0.002811,0.000163,0.997026
2567,1,-3.362309,-2.190943,4.892779,0.000260,0.000838,0.998903
2568,1,-3.238132,0.612035,1.948376,0.004408,0.207195,0.788397
2569,1,-3.564869,0.846890,2.326218,0.002246,0.185112,0.812642
2570,1,1.291774,-4.105833,2.132685,0.300932,0.001362,0.697705
2571,1,-1.686376,-3.666862,4.281421,0.002552,0.000352,0.997095
2572,1,2.081917,-4.665653,1.996588,0.521001,0.000612,0.478388
2573,1,-1.130214,-0.459362,0.973088,0.089694,0.175432,0.734875
2574,1,-1.387205,-3.118399,3.301491,0.009100,0.001611,0.989288
2575,1,2.170541,-1.591948,-0.719670,0.926964,0.021530,0.051506
2576,1,0.358141,-0.797327,-0.077806,0.509798,0.160540,0.329662
2577,1,-3.581518,0.776376,2.274971,0.002333,0.182209,0.815458
2578,1,0.770194,-1.509395,0.351350,0.568139,0.058136,0.373726
2579,1,1.981682,-4.274653,1.523081,0.611963,0.001174,0.386863
2580,1,-2.192640,-0.081812,1.748746,0.016462,0.135897,0.847641
2581,1,-1.664650,-3.271134,3.985238,0.003503,0.000703,0.995794
2582,1,-0.081046,-3.931937,3.002658,0.043744,0.000930,0.955326
2583,1,-2.966072,-3.127616,5.574528,0.000195,0.000166,0.999639
2584,1,-1.442289,-3.758512,4.420079,0.002836,0.000280,0.996885
2585,1,-2.341333,-3.455503,5.272491,0.000493,0.000162,0.999345
2586,1,-2.104872,-2.455156,3.609046,0.003281,0.002312,0.994407
2587,1,1.432503,-4.132976,1.719130,0.428127,0.001639,0.570234
2588,1,-2.561453,-1.449099,3.627059,0.002036,0.006192,0.991772
2589,1,3.268392,-4.188134,0.513530,0.939677,0.000543,0.059780
2590,1,-2.760810,-3.053166,5.354607,0.000299,0.000223,0.999478
2591,1,-2.696923,-3.323096,5.281393,0.000343,0.000183,0.999474
2592,1,-2.893824,-2.815175,5.395366,0.000251,0.000272,0.999477
2593,1,-1.982499,0.946690,0.855880,0.027174,0.508484,0.464343
2594,1,-3.238714,-2.262576,5.280151,0.000200,0.000530,0.999271
2595,1,-1.215546,-2.695911,2.886669,0.016207,0.003688,0.980105
2596,1,-2.815831,-3.281543,5.467634,0.000253,0.000159,0.999589
2597,1,-1.265660,-3.974091,4.206588,0.004183,0.000279,0.995538
2598,1,-3.509726,-1.868883,4.367647,0.000378,0.001952,0.997670
2599,1,-3.055106,-2.743509,5.412287,0.000210,0.000287,0.999503
2600,1,-1.873711,-0.392025,1.815746,0.022015,0.096874,0.881111
2601,1,-1.604681,-2.030897,2.588595,0.014729,0.009618,0.975653
2602,1,3.625016,-3.413049,-0.597105,0.984693,0.000864,0.014443
2603,1,-3.086499,-3.029786,5.380237,0.000210,0.000223,0.999567
2604,1,1.901360,-1.241888,-0.754470,0.898164,0.038749,0.063087
2605,1,-0.597706,-1.507371,1.472996,0.107146,0.043143,0.849711
2606,1,-2.634775,-3.154244,5.281544,0.000365,0.000217,0.999419
2607,1,-4.270580,0.048597,3.679030,0.000344,0.025811,0.973845
2608,1,2.892424,-2.340175,-0.388224,0.958825,0.005120,0.036056
2609,1,-3.422558,-2.581297,5.559832,0.000126,0.000291,0.999583
2610,1,2.704154,-4.500309,1.344832,0.795179,0.000591,0.204230
2611,1,-3.541817,0.199641,2.560170,0.002041,0.086056,0.911902
2612,1,-4.387730,1.885828,2.095257,0.000844,0.447456,0.551701
2613,1,-2.961125,-2.954808,5.420870,0.000229,0.000230,0.999541
2614,1,-3.228120,-2.785924,5.535798,0.000156,0.000243,0.999601
2615,1,-2.590246,-3.048394,5.204535,0.000412,0.000260,0.999328
2616,1,-3.870413,0.526613,2.567242,0.001414,0.114840,0.883746
2617,1,-2.760233,0.410210,1.900259,0.007662,0.182505,0.809832
2618,1,-2.963833,-3.011083,5.496352,0.000212,0.000202,0.999587
2619,1,0.629941,-1.634429,0.436090,0.518759,0.053897,0.427344
2620,1,0.342166,-1.194745,0.298813,0.460274,0.098979,0.440746
2621,1,-0.707549,-2.391972,2.318804,0.045856,0.008509,0.945635
2622,1,-1.596293,-0.063333,1.171310,0.046399,0.214913,0.738688
2623,1,0.944414,-3.456911,1.722608,0.313500,0.003844,0.682657
2624,1,-2.343746,1.938229,0.565820,0.010901,0.789072,0.200026
2625,1,-2.407387,-3.638286,5.469250,0.000379,0.000111,0.999510
2626,1,-2.561453,-1.449099,3.627059,0.002036,0.006192,0.991772
2627,1,0.748835,-4.345513,2.576186,0.138437,0.000849,0.860715
2628,1,-2.806273,-2.770519,4.740016,0.000527,0.000547,0.998926
2629,1,-2.713045,-3.172909,4.943335,0.000473,0.000298,0.999229
2630,1,-3.235168,-2.767796,5.540830,0.000154,0.000246,0.999599
2631,1,-0.608409,-3.193854,2.568175,0.039936,0.003010,0.957054
2632,1,-3.406699,-2.364199,4.934838,0.000238,0.000676,0.999086
2633,1,-1.423245,0.944947,0.218971,0.059366,0.633914,0.306720
2634,1,-2.350827,-3.324990,4.650542,0.000909,0.000343,0.998747
2635,1,0.310123,-4.026949,3.048871,0.060677,0.000793,0.938530
2636,1,-0.853610,0.370984,0.404511,0.126237,0.429558,0.444204
2637,1,0.280721,-3.911036,2.757165,0.077435,0.001171,0.921394
2638,1,-2.096862,-2.784569,3.801131,0.002734,0.001374,0.995892
2639,1,-1.445126,-3.508362,4.008255,0.004261,0.000541,0.995197
2640,1,-3.326022,1.462109,1.412784,0.004249,0.510152,0.485599
2641,1,-2.904733,-3.190750,5.647467,0.000193,0.000145,0.999662
2642,1,2.020080,-4.450879,1.503886,0.625651,0.000968,0.373381
2643,1,1.661546,-3.761961,1.319500,0.583183,0.002573,0.414244
2644,1,-2.351122,-1.558113,3.108741,0.004197,0.009275,0.986528
2645,1,-2.625318,-3.215571,5.477573,0.000303,0.000168,0.999530
2646,1,0.062232,-3.954849,2.954746,0.052475,0.000945,0.946580
2647,1,-1.274394,-2.904896,2.794932,0.016747,0.003280,0.979974
2648,1,-1.799104,-3.480664,4.474098,0.001882,0.000350,0.997768
2649,1,-2.561453,-1.449099,3.627059,0.002036,0.006192,0.991772
2650,1,1.020965,-4.725581,2.757833,0.149640,0.000478,0.849882
2651,1,-1.885711,0.405601,1.063458,0.033358,0.329839,0.636803
2652,1,0.073004,-3.637021,2.939219,0.053778,0.001316,0.944905
2653,1,-2.665792,-2.692595,4.303285,0.000939,0.000914,0.998147
2654,1,-2.097409,-2.742876,4.240534,0.001763,0.000925,0.997312
2655,1,-2.366504,-2.991495,4.258838,0.001324,0.000708,0.997968
2656,1,-1.172328,0.643496,0.302137,0.086844,0.533758,0.379397
2657,1,-2.119802,-3.646503,5.272013,0.000616,0.000134,0.999250
2658,1,-3.868963,-1.332139,4.415517,0.000252,0.003179,0.996569
2659,1,-2.561453,-1.449099,3.627059,0.002036,0.006192,0.991772
2660,1,-0.865791,-3.896288,3.960386,0.007950,0.000384,0.991666
2661,1,-3.307307,-2.174739,5.070043,0.000230,0.000713,0.999057
2662,1,-3.233002,-2.529888,5.462418,0.000167,0.000338,0.999495
2663,1,-3.823187,-1.874812,5.061626,0.000138,0.000971,0.998891
2664,1,-2.507365,0.710069,1.354923,0.013598,0.339470,0.646931
2665,1,4.426126,-2.745891,-1.518892,0.996625,0.000765,0.002610
2666,1,-2.561453,-1.449099,3.627059,0.002036,0.006192,0.991772
2667,1,-3.581525,0.065571,2.862571,0.001496,0.057400,0.941103
2668,1,-2.019605,-3.354264,4.364944,0.001684,0.000443,0.997873
2669,1,-2.870093,-2.307671,4.184996,0.000861,0.001511,0.997628
2670,1,-2.806670,-0.591565,2.634222,0.004153,0.038048,0.957799
2671,1,-2.215686,-3.508400,5.215668,0.000592,0.000163,0.999246
2672,1,-3.310172,0.552881,2.029005,0.003892,0.185290,0.810819
2673,1,-2.343746,1.938229,0.565820,0.010901,0.789072,0.200026
2674,1,-3.758869,0.784093,2.320283,0.001881,0.176757,0.821362
2675,1,-2.936146,-3.224643,5.688330,0.000180,0.000135,0.999686
2676,1,0.402372,-4.627608,3.539682,0.041583,0.000272,0.958145
2677,1,-3.610593,-0.357667,3.054012,0.001233,0.031893,0.966874
2678,1,-2.026600,-2.183253,3.116683,0.005776,0.004938,0.989286
2679,1,-1.623347,0.050822,1.023622,0.048910,0.260906,0.690184
2680,1,-2.457958,-1.878203,3.531354,0.002488,0.004443,0.993069
2681,1,-3.304512,-2.607144,5.415868,0.000163,0.000328,0.999509
2682,1,-2.943542,-2.767171,4.994745,0.000357,0.000425,0.999218
2683,1,-2.354234,-0.705506,2.316824,0.008849,0.046016,0.945135
2684,1,-0.152590,-1.069290,0.638089,0.277413,0.110920,0.611667
2685,1,-2.064145,-3.212021,3.919058,0.002512,0.000797,0.996690
2686,1,0.429197,-4.234236,2.761896,0.088377,0.000834,0.910789
2687,1,-3.673045,-0.468845,3.372864,0.000852,0.020988,0.978160
2688,1,-2.299920,-2.790470,4.282292,0.001382,0.000846,0.997772
2689,1,-3.430858,-2.588450,5.506760,0.000131,0.000305,0.999564
2690,1,-3.007832,0.194728,2.205769,0.004777,0.117485,0.877739
2691,1,-1.102675,-3.977702,4.152933,0.005190,0.000293,0.994518
2692,1,-2.106195,-2.683695,3.659886,0.003117,0.001749,0.995134
2693,1,-3.195788,-2.905482,5.466532,0.000173,0.000231,0.999596
2694,1,-2.343746,1.938229,0.565820,0.010901,0.789072,0.200026
2695,1,-0.706593,-3.610362,3.357851,0.016867,0.000925,0.982208
2696,1,-3.730186,1.357131,2.181240,0.001879,0.304319,0.693802
2697,1,1.353796,-4.548887,2.191537,0.301762,0.000824,0.697414
2698,1,-1.326854,-0.516351,1.275187,0.059736,0.134349,0.805915
2699,1,-3.565979,-2.121285,4.894090,0.000212,0.000897,0.998892
2700,1,-2.676481,-1.602871,3.179508,0.002831,0.008283,0.988886
2701,1,-0.861188,-1.087341,1.324818,0.093482,0.074561,0.831956
2702,1,-0.984035,-3.598645,3.547833,0.010638,0.000779,0.988584
2703,1,-2.591441,-2.186264,4.036070,0.001319,0.001978,0.996703
2704,1,0.533942,1.522025,-1.533349,0.262288,0.704526,0.033187
2705,1,-2.540905,-1.111744,2.629430,0.005520,0.023048,0.971431
2706,1,-1.932924,-0.940965,2.055700,0.017338,0.046752,0.935910
2707,1,-0.419147,-1.369061,1.094585,0.168622,0.065219,0.766160
2708,1,3.828288,-1.471984,-2.039649,0.992242,0.004952,0.002807
2709,1,-3.122294,-2.403593,5.235024,0.000235,0.000481,0.999284
2710,1,-3.326065,-2.420135,5.259121,0.000187,0.000462,0.999351
2711,1,-3.612241,-2.103723,4.975655,0.000186,0.000841,0.998972
2712,1,-1.403170,1.080809,-0.068218,0.059564,0.714104,0.226332
2713,1,1.144009,-4.471892,2.771173,0.164121,0.000597,0.835281
2714,1,3.884916,-3.738618,-0.341582,0.985132,0.000482,0.014386
2715,1,-2.247520,-3.321352,4.822233,0.000849,0.000290,0.998860
2716,1,-3.180295,-2.818534,5.440493,0.000180,0.000259,0.999561
2717,1,-0.499477,-1.584746,1.325484,0.132620,0.044800,0.822580
2718,1,-1.168938,-1.642955,2.153921,0.034058,0.021201,0.944742
2719,1,0.711661,-3.599477,2.532742,0.139044,0.001866,0.859090
2720,1,-4.296229,2.011605,1.931458,0.000947,0.519534,0.479520
2721,1,-3.374859,-2.613529,5.427316,0.000150,0.000322,0.999528
2722,1,-2.602445,-3.273195,5.153326,0.000428,0.000219,0.999353
2723,1,2.893084,-3.811670,0.506194,0.914796,0.001121,0.084084
2724,1,-2.791087,0.975653,1.325841,0.009469,0.409423,0.581108
2725,1,-3.478446,-2.503146,5.442766,0.000133,0.000354,0.999513
2726,1,-2.340426,-3.267179,4.740166,0.000840,0.000333,0.998827
2727,1,-3.029897,-0.244528,2.597029,0.003390,0.054933,0.941678
2728,1,-3.034627,-3.070207,5.399258,0.000217,0.000210,0.999573
2729,1,-2.675831,-3.338785,5.580750,0.000259,0.000134,0.999607
2730,1,-3.419010,-2.462343,5.197471,0.000181,0.000471,0.999348
2731,1,0.570592,-4.393365,3.084427,0.074855,0.000523,0.924622
2732,1,-1.386321,-3.405898,3.880772,0.005129,0.000681,0.994191
2733,1,-3.042766,-3.197036,5.700974,0.000159,0.000137,0.999704
2734,1,-0.947438,-3.936788,4.277291,0.005352,0.000269,0.994379
2735,1,0.250008,-3.480092,2.809496,0.071668,0.001719,0.926612
2736,1,-0.979614,-0.123217,0.685246,0.115746,0.272543,0.611711
2737,1,-3.084176,-1.582419,3.793809,0.001024,0.004599,0.994376
2738,1,-3.131773,-2.965289,5.524703,0.000174,0.000205,0.999621
2739,1,-3.118751,-2.920864,5.588544,0.000165,0.000201,0.999633
2740,1,-3.313849,-2.553736,5.353348,0.000172,0.000368,0.999460
2741,1,-2.343746,1.938229,0.565820,0.010901,0.789072,0.200026
2742,1,4.838249,-2.697923,-1.910489,0.998297,0.000533,0.001170
2743,1,-1.711930,-3.172408,3.916880,0.003577,0.000830,0.995593
2744,1,-1.791361,-1.184231,2.067024,0.019911,0.036540,0.943550
2745,1,-3.858382,1.368246,2.032502,0.001822,0.339165,0.659013
2746,1,-0.975383,-4.176566,4.548983,0.003972,0.000162,0.995866
2747,1,-2.307707,0.246517,1.512180,0.016818,0.216301,0.766881
2748,1,-2.343746,1.938229,0.565820,0.010901,0.789072,0.200026
2749,1,-1.504027,-1.420992,2.099601,0.025761,0.027992,0.946247
2750,1,3.511437,-4.378133,0.412801,0.956494,0.000358,0.043148
2751,1,0.657530,-3.481330,2.048561,0.198612,0.003166,0.798222
2752,1,0.667206,-4.475587,2.955973,0.092008,0.000537,0.907454
2753,1,2.849131,-2.673365,-0.672900,0.967553,0.003866,0.028581
2754,1,-2.169445,-2.998487,4.324021,0.001510,0.000659,0.997831
2755,1,-2.435040,-3.130172,4.631690,0.000852,0.000425,0.998723
2756,1,-1.336710,-3.276437,3.683751,0.006552,0.000942,0.992506
2757,1,-2.993681,-3.189009,5.621357,0.000181,0.000149,0.999670
2758,1,-3.665517,-2.189755,5.101602,0.000156,0.000681,0.999164
2759,1,-1.150303,-2.753755,3.035392,0.014939,0.003006,0.982056
2760,1,-1.591380,-1.521367,2.209326,0.021365,0.022915,0.955720
2761,1,2.170334,-2.494800,-0.083812,0.897359,0.008451,0.094190
2762,1,0.675587,-4.485680,3.028972,0.086754,0.000497,0.912749
2763,1,2.585174,-2.530707,-0.249261,0.939186,0.005636,0.055179
2764,1,-3.181774,-2.292037,4.753714,0.000357,0.000870,0.998773
2765,1,-3.491564,1.424898,1.547557,0.003426,0.467765,0.528808
2766,1,-1.954918,-3.542097,4.789956,0.001175,0.000240,0.998585
2767,1,-0.648244,-3.585614,3.218076,0.020484,0.001086,0.978431
2768,1,-0.560773,-2.849828,2.485736,0.045161,0.004578,0.950262
2769,1,-0.710278,-4.099936,4.040864,0.008565,0.000289,0.991146
2770,1,-2.229942,-0.691119,2.144019,0.011762,0.054802,0.933435
2771,1,-2.685510,0.109570,1.797726,0.009444,0.154545,0.836011
2772,1,-1.535636,-1.987079,2.453063,0.017979,0.011447,0.970574
2773,1,-0.734259,-4.218525,4.147427,0.007525,0.000231,0.992244
2774,1,-0.824074,-3.044614,3.216066,0.017258,0.001873,0.980868
2775,1,-1.894714,-3.837227,5.037762,0.000974,0.000140,0.998886
2776,1,-1.114696,-3.776010,4.134132,0.005224,0.000365,0.994411
2777,1,-2.739214,-3.302938,5.661464,0.000225,0.000128,0.999647
2778,1,-0.410953,-3.709930,2.959428,0.033193,0.001226,0.965581
2779,1,0.222781,0.803456,-1.281670,0.332294,0.593891,0.073816
2780,1,-3.363337,-2.390190,5.367046,0.000162,0.000427,0.999411
2781,1,2.240698,-3.305199,0.475571,0.851014,0.003322,0.145664
2782,1,-3.599787,0.483586,2.323689,0.002304,0.136723,0.860973
2783,1,-0.853610,0.370984,0.404511,0.126237,0.429558,0.444204
2784,1,-3.583115,-2.113277,5.179183,0.000156,0.000680,0.999164
2785,1,0.900718,-4.499857,2.703971,0.141365,0.000638,0.857997
2786,1,-0.734104,-3.908180,3.644329,0.012383,0.000518,0.987099
2787,1,-3.056560,-2.993001,5.593458,0.000175,0.000187,0.999638
2788,1,-3.241923,-2.565228,5.473008,0.000164,0.000323,0.999513
2789,1,-3.276241,-0.272946,2.728758,0.002344,0.047238,0.950418
2790,1,-0.534726,0.990162,-0.334130,0.146697,0.674019,0.179283
2791,1,-0.516596,-3.874269,3.328701,0.020917,0.000728,0.978355
2792,1,1.621732,-3.939032,1.238474,0.593302,0.002282,0.404416
2793,1,-4.022241,-0.883977,4.528238,0.000193,0.004441,0.995366
2794,1,-2.988136,-3.148802,5.562666,0.000193,0.000165,0.999642
2795,1,-3.434586,-1.865428,4.368620,0.000407,0.001957,0.997636
2796,1,-3.367745,-0.549204,3.418067,0.001107,0.018553,0.980340
2797,1,-0.467147,0.444173,-0.301371,0.214229,0.532916,0.252856
2798,1,-3.182199,-2.588654,5.253045,0.000217,0.000393,0.999390
2799,1,-3.358084,-2.628960,5.478193,0.000145,0.000301,0.999553
2800,1,-2.603875,-2.840179,4.793578,0.000612,0.000483,0.998905
2801,1,-2.019923,-2.616331,3.580760,0.003674,0.002024,0.994302
2802,1,-2.895481,0.463820,1.631664,0.008179,0.235304,0.756516
2803,1,-2.412788,-2.752493,4.335921,0.001170,0.000833,0.997997
2804,1,-3.565187,-1.906910,4.917525,0.000207,0.001085,0.998708
2805,1,-3.115716,-0.835181,3.158343,0.001847,0.018068,0.980085
2806,1,-1.964664,0.630695,0.862876,0.031944,0.428088,0.539968
2807,1,-3.208706,-0.688504,3.372489,0.001361,0.016917,0.981722
2808,1,-2.941679,0.151615,2.052489,0.005862,0.129248,0.864891
2809,1,-1.558674,-1.980655,2.649392,0.014518,0.009520,0.975963
2810,1,-1.877679,1.639691,0.504022,0.021969,0.740256,0.237775
2811,1,-1.250928,-4.021148,4.482624,0.003224,0.000202,0.996574
2812,1,-2.343746,1.938229,0.565820,0.010901,0.789072,0.200026
2813,1,-1.009674,-2.224251,2.257195,0.036329,0.010784,0.952887
2814,1,1.304728,-4.302432,2.012797,0.329626,0.001210,0.669164
2815,1,-2.561453,-1.449099,3.627059,0.002036,0.006192,0.991772
2816,1,-2.561453,-1.449099,3.627059,0.002036,0.006192,0.991772
2817,1,0.424028,-4.521279,3.193327,0.058981,0.000420,0.940599
2818,1,-1.098866,-3.958499,4.489723,0.003726,0.000213,0.996061
2819,1,-3.180996,-1.279727,3.539854,0.001194,0.007996,0.990810
2820,1,-3.464044,1.125788,1.695661,0.003655,0.359946,0.636399
2821,1,-2.343746,1.938229,0.565820,0.010901,0.789072,0.200026
2822,1,-4.063277,-0.463142,3.723995,0.000409,0.014956,0.984635
2823,1,-1.477252,-3.897441,4.873912,0.001741,0.000155,0.998104
2824,1,-3.283971,-2.199749,5.254102,0.000196,0.000579,0.999225
2825,1,-2.718467,-3.089448,5.188602,0.000368,0.000254,0.999378
2826,1,-1.820073,-0.915455,1.960033,0.021145,0.052250,0.926605
2827,1,3.196270,-3.348950,-0.011692,0.959807,0.001379,0.038814
2828,1,-2.939228,-3.008678,5.485853,0.000219,0.000204,0.999576
2829,1,-2.343746,1.938229,0.565820,0.010901,0.789072,0.200026
2830,1,-1.186787,-0.463258,1.160098,0.073994,0.152553,0.773454
2831,1,-2.493273,-3.112193,4.685209,0.000762,0.000410,0.998828
2832,1,-1.087415,-3.759098,3.929230,0.006580,0.000455,0.992965
2833,1,-3.042990,-3.125407,5.406525,0.000214,0.000197,0.999589
