row_id,gold,logit_hate,logit_offensive,logit_normal,p_hate,p_offensive,p_normal
0,0,-1.545234,-3.706958,5.538513,0.000838,0.000096,0.999066
1,0,-1.719176,-3.263399,5.569388,0.000683,0.000146,0.999171
2,0,-1.188487,-3.775301,5.311617,0.001501,0.000113,0.998386
3,0,-2.438431,-2.505301,5.600806,0.000322,0.000302,0.999376
4,0,0.710899,-4.425726,3.535469,0.055992,0.000329,0.943678
5,0,-2.307161,-3.052294,5.853984,0.000285,0.000135,0.999579
6,0,-4.114723,-0.849891,5.556495,0.000063,0.001648,0.998289
7,0,-2.354562,-2.969817,5.728158,0.000309,0.000167,0.999524
8,0,-2.430803,-2.660510,5.539413,0.000345,0.000275,0.999380
9,0,-3.066154,-2.425662,6.020414,0.000113,0.000215,0.999672
10,0,-1.032209,-3.969856,5.040191,0.002300,0.000122,0.997578
11,0,-4.016346,0.598965,4.159013,0.000274,0.027644,0.972083
12,0,-3.471004,-1.808337,5.879825,0.000087,0.000458,0.999455
13,0,-2.638420,-2.616010,5.871738,0.000201,0.000206,0.999593
14,0,-0.134551,-4.174359,4.504534,0.009572,0.000168,0.990259
15,0,-2.449219,-2.812498,5.775115,0.000268,0.000186,0.999546
16,0,-1.102283,1.025516,0.244137,0.075529,0.634166,0.290305
17,0,-3.271428,-2.112961,5.992014,0.000095,0.000302,0.999603
18,0,-3.185409,-2.383791,6.086574,0.000094,0.000210,0.999696
19,0,-2.825497,-2.684983,6.075969,0.000136,0.000157,0.999707
20,0,-2.590105,-2.823341,5.861669,0.000213,0.000169,0.999617
21,0,-2.813208,-2.651978,6.007477,0.000148,0.000173,0.999679
22,0,-2.438431,-2.505301,5.600806,0.000322,0.000302,0.999376
23,0,-3.727439,-1.492419,5.893536,0.000066,0.000619,0.999314
24,0,-0.346773,-4.381785,4.831453,0.005606,0.000099,0.994295
25,0,-1.551386,-3.428219,5.301293,0.001055,0.000162,0.998783
26,0,-2.349151,-3.109837,5.913890,0.000258,0.000120,0.999622
27,0,-3.097546,-2.362854,5.981281,0.000114,0.000238,0.999648
28,0,-2.995325,-2.440972,6.065061,0.000116,0.000202,0.999682
29,0,-2.137913,-3.319031,5.885488,0.000328,0.000101,0.999572
30,0,2.310663,-4.429809,1.871621,0.607594,0.000718,0.391688
31,0,-4.005847,0.302227,4.294024,0.000244,0.018127,0.981629
32,0,0.073324,-4.685444,4.526804,0.011503,0.000099,0.988398
33,0,-2.438431,-2.505301,5.600806,0.000322,0.000302,0.999376
34,0,-0.927346,-3.793352,5.108419,0.002386,0.000136,0.997479
35,0,-2.392457,-2.881692,5.794106,0.000278,0.000171,0.999551
36,0,-1.749748,-3.511940,5.687457,0.000589,0.000101,0.999310
37,0,-2.752708,-2.408169,5.822356,0.000189,0.000266,0.999545
38,0,1.529920,-4.625486,2.800604,0.219038,0.000465,0.780497
39,0,-3.368658,-1.947955,5.955630,0.000089,0.000369,0.999542
40,0,-2.929904,-2.697407,6.106066,0.000119,0.000150,0.999731
41,0,-1.546865,0.455525,1.727721,0.028703,0.212599,0.758698
42,0,-3.550826,-0.102302,4.331480,0.000373,0.011726,0.987901
43,0,-2.929958,-2.242833,5.800207,0.000162,0.000321,0.999517
44,0,-2.386325,-3.041606,5.923707,0.000246,0.000128,0.999626
45,0,-3.002945,-2.308488,5.894481,0.000137,0.000274,0.999590
46,0,-2.140530,-3.047843,5.796250,0.000357,0.000144,0.999499
47,0,-3.089708,-2.468842,6.019766,0.000111,0.000206,0.999684
48,0,0.672991,-3.025481,2.723170,0.113713,0.002816,0.883471
49,0,-2.665987,0.916601,2.570490,0.004445,0.159870,0.835685
50,0,-3.454314,0.834830,3.115158,0.001271,0.092648,0.906082
51,0,-4.576365,1.202744,4.100898,0.000161,0.052236,0.947602
52,0,-2.013701,-3.075140,5.598238,0.000494,0.000171,0.999335
53,0,-3.240960,-2.198913,5.988566,0.000098,0.000278,0.999624
54,0,-2.700846,-2.760314,5.929349,0.000179,0.000168,0.999653
55,0,-2.716750,-2.737127,5.896503,0.000182,0.000178,0.999640
56,0,-1.089276,-0.226225,1.895077,0.043208,0.102418,0.854374
57,0,-2.144169,-3.132081,5.804043,0.000353,0.000131,0.999515
58,0,-4.705232,1.760801,3.725878,0.000191,0.122895,0.876914
59,0,-2.335944,-2.565928,5.562179,0.000371,0.000295,0.999334
60,0,-2.565928,-2.891626,5.940726,0.000202,0.000146,0.999652
61,0,-2.708890,-2.535924,5.769777,0.000208,0.000247,0.999545
62,0,-3.037235,-2.439440,5.996226,0.000119,0.000217,0.999664
63,0,-1.684777,-3.326931,5.365902,0.000866,0.000168,0.998966
64,0,-2.566906,-2.933203,6.039287,0.000183,0.000127,0.999690
65,0,-2.803933,-2.710048,6.052538,0.000142,0.000156,0.999701
66,0,-3.675987,-1.561018,5.907468,0.000069,0.000570,0.999361
67,0,-3.382614,-0.473427,4.491967,0.000378,0.006924,0.992698
68,0,-2.835280,-2.426434,5.909752,0.000159,0.000240,0.999601
69,0,-2.565160,-2.842168,5.943523,0.000202,0.000153,0.999645
70,0,-1.927238,-3.487359,5.765272,0.000456,0.000096,0.999448
71,0,2.913316,-4.645338,1.237265,0.842011,0.000439,0.157550
72,0,-2.147078,-2.522382,5.279644,0.000595,0.000408,0.998997
73,0,-4.270886,0.093261,4.917307,0.000101,0.007969,0.991929
74,0,3.023047,-3.559362,0.255529,0.939671,0.001301,0.059028
75,0,-3.170005,-2.381628,6.117021,0.000093,0.000204,0.999704
76,0,-2.438431,-2.505301,5.600806,0.000322,0.000302,0.999376
77,0,-3.973089,1.830469,2.966694,0.000733,0.242836,0.756431
78,0,-4.212235,-0.460547,5.249204,0.000078,0.003302,0.996620
79,0,-2.423939,-2.972760,5.887784,0.000246,0.000142,0.999613
80,0,-2.543411,-2.105715,5.206579,0.000430,0.000667,0.998903
81,0,-0.733320,-3.853584,4.923441,0.003481,0.000154,0.996365
82,0,-2.853271,-2.437367,5.909616,0.000156,0.000237,0.999607
83,0,-2.146659,-2.864577,5.654274,0.000409,0.000200,0.999391
84,0,-4.239880,1.926916,3.075400,0.000505,0.240644,0.758851
85,0,-0.832612,-4.352170,5.192037,0.002412,0.000071,0.997516
86,0,-1.485129,-3.526893,5.293170,0.001137,0.000148,0.998716
87,0,-4.593378,2.881458,2.389516,0.000352,0.620345,0.379303
88,0,-3.592119,-0.977289,4.999122,0.000185,0.002531,0.997284
89,0,-2.095956,-3.037409,5.697432,0.000412,0.000161,0.999427
90,0,-0.230662,-1.828411,2.606982,0.054711,0.011071,0.934218
91,0,-2.946975,-2.483158,5.990254,0.000131,0.000209,0.999660
92,0,-3.326182,-2.054219,5.956550,0.000093,0.000332,0.999575
93,0,-3.538021,-1.635663,5.680556,0.000099,0.000664,0.999237
94,0,-3.366603,-2.059052,5.975557,0.000088,0.000324,0.999588
95,0,1.530265,-4.503402,2.715568,0.233969,0.000561,0.765470
96,0,-1.515372,-3.517160,5.396460,0.000995,0.000134,0.998871
97,0,-3.334060,-1.819882,5.902979,0.000097,0.000442,0.999460
98,0,-2.930203,1.401262,2.328846,0.003713,0.282363,0.713925
99,0,-1.914947,-3.194370,5.542345,0.000577,0.000160,0.999263
100,0,-1.539489,-3.084217,5.132456,0.001264,0.000270,0.998466
101,0,-1.341237,-3.281220,5.131017,0.001543,0.000222,0.998235
102,0,-4.430659,0.613245,4.425642,0.000139,0.021614,0.978246
103,0,-2.627764,-2.950962,6.057316,0.000169,0.000122,0.999709
104,0,-1.909152,-2.697224,5.198941,0.000817,0.000372,0.998811
105,0,-3.203997,-2.069263,5.838594,0.000118,0.000368,0.999514
106,0,-3.766884,-0.569778,4.973269,0.000159,0.003899,0.995942
107,0,-3.353360,-1.891326,5.842532,0.000101,0.000438,0.999461
108,0,-3.406129,-2.001104,6.014694,0.000081,0.000330,0.999589
109,0,-4.333797,0.016116,4.944264,0.000093,0.007187,0.992720
110,0,-2.449275,-2.637399,5.652703,0.000303,0.000251,0.999446
111,0,-2.438431,-2.505301,5.600806,0.000322,0.000302,0.999376
112,0,-2.537275,-2.864896,5.932958,0.000210,0.000151,0.999639
113,0,-2.631026,1.871393,1.177834,0.007335,0.661868,0.330797
114,0,-2.438431,-2.505301,5.600806,0.000322,0.000302,0.999376
115,0,-1.497380,-3.786043,5.579849,0.000843,0.000086,0.999071
116,0,-2.803617,-2.751906,6.019211,0.000147,0.000155,0.999698
117,0,-4.354279,0.550314,4.291096,0.000172,0.023181,0.976647
118,0,-0.142801,-4.160157,4.436642,0.010155,0.000183,0.989663
119,0,-4.312586,0.796710,4.238389,0.000187,0.031012,0.968800
120,0,-2.610148,-3.004439,5.992644,0.000184,0.000124,0.999693
121,0,-1.552505,-3.163579,5.260877,0.001098,0.000219,0.998683
122,0,-2.737600,-2.656662,5.967662,0.000166,0.000180,0.999655
123,0,-1.277524,-3.840991,5.457508,0.001187,0.000091,0.998722
124,0,-2.581867,-2.845447,5.999671,0.000187,0.000144,0.999668
125,0,-3.768267,-1.406280,5.737708,0.000074,0.000789,0.999137
126,0,-2.672352,-2.782606,5.959773,0.000178,0.000160,0.999662
127,0,-3.120579,-2.254749,5.969723,0.000113,0.000268,0.999619
128,0,-2.397213,-3.054563,5.971521,0.000232,0.000120,0.999648
129,0,-1.569349,-3.863162,5.653062,0.000729,0.000074,0.999197
130,0,-2.745241,-2.558777,5.891431,0.000177,0.000214,0.999609
131,0,-2.381994,-2.647159,5.636834,0.000329,0.000252,0.999419
132,0,0.524489,-3.612269,3.196058,0.064605,0.001032,0.934363
133,0,-0.740183,-4.099257,4.960633,0.003332,0.000116,0.996552
134,0,-2.673332,-2.721673,5.943679,0.000181,0.000172,0.999647
135,0,0.292350,-3.380433,3.363201,0.044276,0.001125,0.954599
136,0,-3.115641,-2.284961,6.024413,0.000107,0.000246,0.999647
137,0,-1.364843,-3.661299,5.437413,0.001110,0.000112,0.998778
138,0,-2.571289,-2.101054,5.346132,0.000364,0.000583,0.999053
139,0,-3.167423,-2.269400,5.945788,0.000110,0.000270,0.999619
140,0,-1.324675,-3.360226,5.054111,0.001694,0.000221,0.998085
141,0,-1.032055,-4.373985,5.367567,0.001659,0.000059,0.998282
142,0,0.011758,-2.699159,3.241745,0.037957,0.002523,0.959520
143,0,-1.862615,-3.356753,5.729265,0.000504,0.000113,0.999383
144,0,-2.419795,-3.130414,5.967753,0.000228,0.000112,0.999661
145,0,-3.300803,-0.440355,4.462883,0.000422,0.007365,0.992214
146,0,-0.715169,-4.123427,4.952458,0.003444,0.000114,0.996442
147,0,-2.976185,-2.388401,5.960091,0.000131,0.000237,0.999632
148,0,-3.079525,-2.433923,6.064713,0.000107,0.000204,0.999690
149,0,-0.848000,-3.797087,4.794742,0.003530,0.000185,0.996285
150,0,-4.585139,0.603559,4.564600,0.000104,0.018685,0.981210
151,0,-2.051933,-3.120032,5.698144,0.000430,0.000148,0.999422
152,0,-2.559475,-3.001323,5.980259,0.000195,0.000126,0.999679
153,0,-0.293490,-1.065520,1.675847,0.115902,0.053555,0.830543
154,0,-3.023908,-2.496397,6.088100,0.000110,0.000187,0.999703
155,0,-3.848203,-0.123673,4.532382,0.000227,0.009412,0.990361
156,0,-1.908917,-3.180658,5.448661,0.000637,0.000179,0.999184
157,0,-4.684918,2.801325,2.606153,0.000308,0.548470,0.451222
158,0,-2.974581,-2.246495,5.879653,0.000143,0.000296,0.999562
159,0,2.222392,-3.273382,0.893992,0.788019,0.003234,0.208747
160,0,0.724608,-4.342359,3.431454,0.062546,0.000394,0.937060
161,0,-3.821355,2.294215,2.187659,0.001162,0.526002,0.472836
162,0,-2.491896,-2.840940,5.897849,0.000227,0.000160,0.999613
163,0,-2.404467,-2.960693,5.887375,0.000250,0.000144,0.999606
164,0,-2.400376,-2.891472,5.763835,0.000285,0.000174,0.999541
165,0,-4.239575,1.554054,3.427010,0.000406,0.133146,0.866448
166,0,2.011153,-3.649131,1.363916,0.654891,0.002280,0.342829
167,0,-3.195935,-2.331438,6.081513,0.000093,0.000222,0.999685
168,0,-1.972521,-3.004114,5.551023,0.000540,0.000192,0.999268
169,0,-1.816048,-2.421542,4.794409,0.001343,0.000733,0.997923
170,0,0.414234,-4.278393,3.894406,0.029874,0.000274,0.969853
171,0,-2.372650,-2.905986,5.738535,0.000300,0.000176,0.999524
172,0,-1.068184,-3.974834,5.135561,0.002018,0.000110,0.997872
173,0,-1.969096,-3.410276,5.727478,0.000454,0.000107,0.999438
174,0,4.079966,-4.174194,-0.276927,0.987091,0.000257,0.012653
175,0,-2.940526,-2.575371,6.108738,0.000117,0.000169,0.999713
176,0,1.880501,-4.968431,2.703443,0.305041,0.000324,0.694636
177,0,-2.872160,-2.608157,6.017467,0.000138,0.000179,0.999683
178,0,-3.555344,-0.398132,4.603570,0.000284,0.006680,0.993036
179,0,-4.047002,-1.069392,5.680582,0.000060,0.001169,0.998771
180,0,-2.492095,-2.161378,5.409643,0.000370,0.000515,0.999116
181,0,-3.275198,-2.133515,6.047502,0.000089,0.000280,0.999631
182,0,-2.106537,-3.334697,5.887345,0.000337,0.000099,0.999564
183,0,0.464277,-4.237343,3.933014,0.030207,0.000274,0.969519
184,0,-1.895073,-3.696501,5.860403,0.000428,0.000071,0.999501
185,0,-0.588881,-4.497957,5.048175,0.003550,0.000071,0.996378
186,0,-4.481968,1.070720,4.002915,0.000196,0.050575,0.949229
187,0,-3.432727,-1.989383,6.021413,0.000078,0.000332,0.999590
188,0,-2.703012,-2.732896,5.928990,0.000178,0.000173,0.999649
189,0,-3.185825,-2.295972,6.031122,0.000099,0.000242,0.999659
190,0,-3.577945,-1.632252,5.858439,0.000080,0.000558,0.999362
191,0,0.143004,-1.083340,1.030272,0.268684,0.078822,0.652494
192,0,-2.563884,-2.883014,6.019103,0.000187,0.000136,0.999677
193,0,-1.536100,-3.828668,5.676736,0.000736,0.000074,0.999189
194,0,1.031801,-4.814158,3.393044,0.086155,0.000249,0.913596
195,0,-1.953870,-2.389377,4.983240,0.000970,0.000627,0.998403
196,0,-2.411895,-2.775506,5.825475,0.000264,0.000184,0.999552
197,0,-2.700185,-2.561324,5.908558,0.000182,0.000210,0.999608
198,0,-3.373621,-1.958121,5.919058,0.000092,0.000379,0.999529
199,0,-0.609457,-4.009545,4.916124,0.003967,0.000132,0.995900
200,0,-2.708890,-2.535924,5.769777,0.000208,0.000247,0.999545
201,0,-2.764836,-2.824767,6.049136,0.000149,0.000140,0.999711
202,0,-1.417533,-3.546096,5.275261,0.001238,0.000147,0.998615
203,0,-2.597764,-2.807312,5.930782,0.000198,0.000160,0.999642
204,0,-4.400811,2.681554,2.478061,0.000462,0.550444,0.449094
205,0,-1.044344,-3.519652,4.973042,0.002430,0.000204,0.997366
206,0,-3.748315,-0.911125,5.172078,0.000133,0.002275,0.997591
207,0,-2.268838,-3.124074,5.848557,0.000298,0.000127,0.999575
208,0,-3.168422,1.792639,2.077096,0.002999,0.428074,0.568927
209,0,-2.220924,-3.284236,5.860057,0.000309,0.000107,0.999584
210,0,-3.977274,-1.097894,5.688425,0.000063,0.001128,0.998809
211,0,-4.424696,1.867628,3.271050,0.000365,0.197202,0.802433
212,0,-1.385587,-3.440994,5.329745,0.001211,0.000155,0.998634
213,0,-1.627651,-3.756513,5.610790,0.000718,0.000085,0.999197
214,0,-2.860216,-2.686675,6.037436,0.000137,0.000163,0.999701
215,0,-2.099522,-2.059472,4.834279,0.000972,0.001012,0.998016
216,0,1.971082,-5.252994,2.790673,0.305782,0.000223,0.693995
217,0,-2.654792,-2.770511,5.947409,0.000184,0.000164,0.999653
218,0,-3.914142,1.799867,2.738172,0.000927,0.280982,0.718091
219,0,-2.697319,-2.766747,5.975474,0.000171,0.000160,0.999669
220,0,-4.336764,0.656145,4.341890,0.000166,0.024461,0.975373
221,0,-2.546954,-2.648845,5.803948,0.000236,0.000213,0.999551
222,0,-1.955070,-3.418657,5.835062,0.000414,0.000096,0.999491
223,0,-1.662544,-3.072545,5.192451,0.001053,0.000257,0.998690
224,0,-3.649704,0.289407,3.880419,0.000522,0.026817,0.972661
225,0,-2.497990,-2.772067,5.883257,0.000229,0.000174,0.999597
226,0,-1.215358,-3.272401,5.009095,0.001976,0.000253,0.997772
227,0,-4.336965,-0.379074,5.372529,0.000061,0.003167,0.996772
228,0,-2.708890,-2.535924,5.769777,0.000208,0.000247,0.999545
229,0,-2.438431,-2.505301,5.600806,0.000322,0.000302,0.999376
230,0,-2.514940,-3.056355,5.979130,0.000205,0.000119,0.999676
231,0,-1.652624,-3.523335,5.608535,0.000702,0.000108,0.999190
232,0,-2.644264,-2.829618,6.008110,0.000175,0.000145,0.999680
233,0,-2.328088,-2.628989,5.525976,0.000388,0.000287,0.999325
234,0,-1.971726,-3.370384,5.732477,0.000451,0.000111,0.999438
235,0,0.234311,-5.133491,4.506224,0.013762,0.000064,0.986174
236,0,-2.870278,-2.401332,5.761038,0.000178,0.000285,0.999537
237,0,-1.582729,0.817941,1.052805,0.038489,0.424557,0.536953
238,0,-4.071486,-1.001689,5.649655,0.000060,0.001291,0.998650
239,0,-2.708890,-2.535924,5.769777,0.000208,0.000247,0.999545
240,0,-1.925136,-3.244596,5.527512,0.000579,0.000155,0.999266
241,0,-1.988358,-3.004117,5.513717,0.000552,0.000200,0.999249
242,0,-2.125416,-3.050497,5.762788,0.000375,0.000149,0.999476
243,0,-2.027617,-3.125299,5.623762,0.000475,0.000159,0.999366
244,0,-1.017928,-2.928920,4.328872,0.004737,0.000701,0.994562
245,0,-0.869812,-3.747266,4.825913,0.003348,0.000188,0.996463
246,0,-2.672650,-2.792115,5.980016,0.000175,0.000155,0.999671
247,0,-3.830401,-1.384100,5.784935,0.000067,0.000769,0.999164
248,0,-3.025864,-2.129173,5.612297,0.000177,0.000434,0.999389
249,0,-2.988295,1.633529,2.040931,0.003914,0.397971,0.598115
250,0,-0.337443,-0.558738,1.332041,0.140629,0.112711,0.746660
251,0,-2.636569,-2.878700,5.977677,0.000181,0.000142,0.999676
252,0,-2.483202,-2.720491,5.839296,0.000243,0.000192,0.999566
253,0,-2.803073,-2.654752,5.960869,0.000156,0.000181,0.999663
254,0,-4.288187,1.306652,3.681161,0.000316,0.085110,0.914573
255,0,-1.423669,-3.162364,4.991095,0.001634,0.000287,0.998079
256,0,-1.235461,-3.811449,5.245982,0.001529,0.000116,0.998355
257,0,-2.483575,-3.062349,5.967681,0.000214,0.000120,0.999667
258,0,-1.414975,-0.101067,1.962568,0.029395,0.109370,0.861235
259,0,-4.128928,-0.653646,5.344007,0.000077,0.002478,0.997445
260,0,-2.612550,-2.883884,6.012613,0.000179,0.000137,0.999684
261,0,-3.788588,-1.059653,5.526508,0.000090,0.001377,0.998533
262,0,-2.292828,-3.204501,5.901812,0.000276,0.000111,0.999613
263,0,2.500140,-5.114689,2.183608,0.578314,0.000285,0.421401
264,0,-1.078024,-3.383818,4.663802,0.003198,0.000319,0.996484
265,0,-3.222501,-2.175324,6.004375,0.000098,0.000280,0.999622
266,0,3.999731,-3.355623,-0.731236,0.990631,0.000633,0.008735
267,0,-4.351076,0.090997,4.837255,0.000101,0.008608,0.991290
268,0,-2.791056,-2.737748,6.031094,0.000147,0.000155,0.999697
269,0,-1.346489,0.620284,1.090582,0.051054,0.364913,0.584033
270,0,-1.164762,0.338285,1.047156,0.068359,0.307300,0.624340
271,0,0.651005,-4.140727,3.648559,0.047518,0.000394,0.952088
272,0,-3.065860,-2.024380,5.680226,0.000159,0.000450,0.999390
273,0,-1.593182,-3.507615,5.597839,0.000753,0.000111,0.999136
274,0,-2.787212,-2.743881,6.061640,0.000144,0.000150,0.999707
275,0,-4.758665,2.987887,2.535823,0.000264,0.610968,0.388767
276,0,1.889332,-2.100879,-0.205769,0.875999,0.016202,0.107799
277,0,-3.143012,-2.055657,5.932721,0.000114,0.000339,0.999546
278,0,-2.637089,-2.319584,5.634953,0.000255,0.000351,0.999394
279,0,-3.313530,-2.140741,6.058593,0.000085,0.000275,0.999640
280,0,-2.019453,-0.699123,3.244807,0.005049,0.018908,0.976043
281,0,-2.946909,-2.609966,6.097486,0.000118,0.000165,0.999717
282,0,-2.702050,-2.654848,5.942678,0.000176,0.000184,0.999640
283,0,-3.015840,-2.476416,6.042717,0.000116,0.000200,0.999684
284,0,-0.901581,-3.976742,5.124062,0.002410,0.000111,0.997479
285,0,-2.215944,-3.073153,5.795204,0.000332,0.000141,0.999528
286,0,-2.471627,-2.882318,5.883215,0.000235,0.000156,0.999609
287,0,-2.749340,-2.652376,5.996138,0.000159,0.000175,0.999665
288,0,-1.898996,-3.556026,5.807110,0.000450,0.000086,0.999464
289,0,-2.922378,-2.581641,6.057239,0.000126,0.000177,0.999697
290,0,-0.586858,-0.940921,2.069701,0.062700,0.044005,0.893296
291,0,-1.908311,-3.237944,5.401243,0.000669,0.000177,0.999155
292,0,-3.160694,-2.215719,5.997873,0.000105,0.000271,0.999624
293,0,-3.169127,-2.189848,5.966917,0.000108,0.000287,0.999606
294,0,0.503260,-4.584654,3.895969,0.032518,0.000201,0.967282
295,0,-3.965206,-0.177394,4.867331,0.000145,0.006401,0.993454
296,0,-3.127785,-0.334818,4.011761,0.000782,0.012775,0.986442
297,0,-2.181025,-2.890060,5.628050,0.000406,0.000200,0.999395
298,0,-3.970491,-0.867180,5.421353,0.000083,0.001854,0.998063
299,0,1.078398,-4.642834,3.481333,0.082927,0.000272,0.916802
300,0,-4.699382,2.986723,2.435395,0.000291,0.634259,0.365450
301,0,-4.570857,1.077973,4.065895,0.000169,0.047966,0.951865
302,0,-1.981642,-2.781738,5.290892,0.000694,0.000312,0.998995
303,0,-1.935435,-3.223068,5.676341,0.000494,0.000136,0.999369
304,0,-4.614570,0.799922,4.326405,0.000127,0.028564,0.971308
305,0,-2.878154,-2.594003,6.042398,0.000134,0.000177,0.999689
306,0,-0.793800,-3.650075,4.803785,0.003692,0.000212,0.996095
307,0,-3.458796,-0.272811,4.205991,0.000464,0.011214,0.988322
308,0,1.045308,-4.932348,3.575530,0.073753,0.000187,0.926060
309,0,-3.241687,-2.256578,6.042418,0.000093,0.000249,0.999658
310,0,-2.357785,-2.843318,5.684207,0.000322,0.000198,0.999481
311,0,-3.986877,-0.555166,5.115338,0.000111,0.003434,0.996455
312,0,-4.797146,1.820477,3.693314,0.000178,0.133190,0.866632
313,0,-4.565469,1.999400,3.286018,0.000305,0.216360,0.783335
314,0,2.336730,-5.092061,2.339744,0.499099,0.000296,0.500605
315,0,-2.038225,-3.316329,5.789949,0.000398,0.000111,0.999491
316,0,-4.666365,0.434186,4.864263,0.000072,0.011772,0.988156
317,0,-2.601089,-1.912862,5.032146,0.000483,0.000962,0.998555
318,0,-1.367955,-2.958200,4.755972,0.002184,0.000445,0.997371
319,0,-3.381661,-1.895687,5.748788,0.000108,0.000478,0.999413
320,0,-2.798071,-2.722313,6.104702,0.000136,0.000147,0.999717
321,0,-3.293797,0.503418,3.561871,0.001005,0.044809,0.954186
322,0,-3.103951,-2.251696,5.982945,0.000113,0.000265,0.999622
323,0,-1.413631,-3.336404,5.320160,0.001188,0.000174,0.998638
324,0,-3.288853,-2.188048,5.934959,0.000099,0.000297,0.999605
325,0,-3.684708,1.613527,2.821543,0.001149,0.229788,0.769063
326,0,-2.914102,-2.571847,6.058784,0.000127,0.000178,0.999695
327,0,-1.933344,-1.187155,3.777828,0.003275,0.006907,0.989818
328,0,0.651676,-0.416404,-0.711345,0.625174,0.214852,0.159974
329,0,-1.340887,0.754653,0.826980,0.055961,0.454957,0.489082
330,0,-1.766125,-3.423750,5.576590,0.000647,0.000123,0.999230
331,0,-2.962701,0.488118,3.128715,0.002107,0.066431,0.931462
332,0,-2.601670,-2.918302,5.962918,0.000191,0.000139,0.999670
333,0,-2.484277,-2.901611,5.865081,0.000236,0.000156,0.999608
334,0,-0.868643,-3.116785,4.402239,0.005110,0.000540,0.994350
335,0,-3.741057,1.735129,2.715660,0.001140,0.272475,0.726384
336,0,-2.391977,-3.174492,5.852936,0.000262,0.000120,0.999617
337,0,-3.554606,-1.569649,5.792769,0.000087,0.000634,0.999279
338,0,-2.976697,-2.533751,6.090918,0.000115,0.000180,0.999705
339,0,-3.037121,-2.501189,6.043455,0.000114,0.000195,0.999692
340,0,-2.749009,-2.771425,6.044166,0.000152,0.000148,0.999700
341,0,-4.067089,0.868083,3.707396,0.000397,0.055214,0.944389
342,0,-4.352523,1.208651,3.898880,0.000244,0.063537,0.936219
343,0,-2.438431,-2.505301,5.600806,0.000322,0.000302,0.999376
344,0,-2.453840,-0.163111,3.265058,0.003170,0.031327,0.965503
345,0,-2.919683,-2.612704,6.076967,0.000124,0.000168,0.999708
346,0,-2.756696,-2.694449,5.946943,0.000166,0.000177,0.999658
347,0,-2.804018,-2.783422,6.093761,0.000137,0.000139,0.999724
348,0,-2.950272,-2.353055,5.905366,0.000143,0.000259,0.999599
349,0,-2.069971,-2.814860,5.421693,0.000557,0.000265,0.999178
350,0,-3.018097,-2.432247,6.001635,0.000121,0.000217,0.999662
351,0,-2.432839,-2.881585,5.735162,0.000283,0.000181,0.999536
352,0,-0.602321,-1.688584,2.726921,0.034183,0.011536,0.954282
353,0,-3.715349,-1.574019,5.792458,0.000074,0.000632,0.999294
354,0,-2.607563,-2.657821,5.714559,0.000243,0.000231,0.999526
355,0,-4.204707,2.828763,1.985282,0.000616,0.698767,0.300617
356,0,-4.290586,1.458246,3.487939,0.000370,0.116078,0.883553
357,0,-2.516445,-2.849502,5.879299,0.000226,0.000162,0.999613
358,0,-2.836996,-1.592561,5.167753,0.000333,0.001157,0.998509
359,0,-0.705957,-3.317692,4.428147,0.005855,0.000430,0.993715
360,0,-3.104157,-2.342845,6.056463,0.000105,0.000225,0.999670
361,0,-2.232618,-2.777859,5.647763,0.000378,0.000219,0.999403
362,0,-2.552450,-2.908396,5.935603,0.000206,0.000144,0.999650
363,0,-4.005032,-1.018405,5.630724,0.000065,0.001293,0.998641
364,0,-1.675574,-3.629704,5.684555,0.000636,0.000090,0.999274
365,0,0.230690,-1.073961,1.128526,0.268416,0.072813,0.658771
366,0,-3.985313,-1.031158,5.707670,0.000062,0.001183,0.998756
367,0,-2.036266,-3.379174,5.827605,0.000384,0.000100,0.999516
368,0,0.606781,-4.655563,3.853398,0.037441,0.000194,0.962365
369,0,-4.017475,0.830072,3.923107,0.000340,0.043381,0.956279
370,0,-2.143595,-3.066648,5.749111,0.000373,0.000148,0.999479
371,0,-2.725396,-1.766519,4.797141,0.000540,0.001408,0.998052
372,0,-2.438431,-2.505301,5.600806,0.000322,0.000302,0.999376
373,0,-2.958857,-2.442461,5.998253,0.000129,0.000216,0.999655
374,0,-2.807793,-2.682704,6.006795,0.000149,0.000168,0.999683
375,0,-2.423569,-2.975907,5.903430,0.000242,0.000139,0.999619
376,0,-1.404988,-3.345521,5.110815,0.001477,0.000212,0.998310
377,0,-1.787058,-3.301580,5.412512,0.000746,0.000164,0.999090
378,0,-2.466137,-2.781146,5.784103,0.000261,0.000191,0.999548
379,0,-4.688359,0.690745,4.583900,0.000092,0.019972,0.979936
380,0,-4.443222,0.903323,4.083863,0.000190,0.039897,0.959913
381,0,-3.536186,-1.613121,5.681665,0.000099,0.000679,0.999222
382,0,-4.054738,-1.077940,5.758273,0.000055,0.001073,0.998872
383,0,-3.606391,-1.517534,5.627071,0.000098,0.000788,0.999114
384,0,-1.030083,-3.813670,5.243380,0.001882,0.000116,0.998002
385,0,-1.982303,-2.762663,5.201716,0.000758,0.000347,0.998895
386,0,-2.623163,-2.854548,5.994047,0.000181,0.000144,0.999676
387,0,-2.373743,-3.151981,5.995387,0.000232,0.000106,0.999662
388,0,-1.227772,-3.773534,5.358161,0.001378,0.000108,0.998514
389,0,-3.159177,-2.363129,6.096203,0.000096,0.000212,0.999693
390,0,-2.805052,-0.903643,4.304399,0.000812,0.005438,0.993750
391,0,-4.976763,2.056124,3.533777,0.000164,0.185752,0.814084
392,0,0.488767,-2.993606,2.732969,0.095569,0.002937,0.901493
393,0,-1.646324,-2.562622,4.764473,0.001640,0.000656,0.997704
394,0,-2.171020,-3.287251,5.941735,0.000300,0.000098,0.999602
395,0,-2.002765,-3.302100,5.777105,0.000418,0.000114,0.999468
396,0,-3.367839,-1.840678,5.853360,0.000099,0.000455,0.999446
397,0,-1.976837,-2.800196,5.251445,0.000725,0.000318,0.998957
398,0,-4.150448,-0.822126,5.486236,0.000065,0.001818,0.998117
399,0,-3.306529,-2.178875,6.071751,0.000085,0.000261,0.999655
400,0,-0.819481,-3.858382,4.812283,0.003569,0.000171,0.996260
401,0,-2.846243,-2.535571,5.899209,0.000159,0.000217,0.999624
402,0,-3.980793,2.089368,2.593803,0.000869,0.376172,0.622959
403,0,-1.984661,-2.883355,5.315475,0.000675,0.000275,0.999050
404,0,-4.660233,2.937215,2.534255,0.000301,0.599218,0.400481
405,0,-3.085963,-2.387682,6.084727,0.000104,0.000209,0.999687
406,0,-3.402529,-1.792010,5.845636,0.000096,0.000482,0.999422
407,0,-3.467668,-1.777525,5.886527,0.000087,0.000469,0.999444
408,0,-3.306772,-1.837204,5.603694,0.000135,0.000586,0.999279
409,0,-2.363370,-3.000738,5.833341,0.000275,0.000146,0.999579
410,0,-4.446276,0.114468,5.020308,0.000077,0.007348,0.992575
411,0,-2.547710,0.777354,2.405949,0.005865,0.163061,0.831074
412,0,-1.563987,-1.347501,3.523248,0.006091,0.007563,0.986346
413,0,-2.763764,-2.714753,5.934134,0.000167,0.000175,0.999658
414,0,-2.658414,-2.851505,6.001494,0.000173,0.000143,0.999684
415,0,-2.188632,-3.223812,5.809736,0.000336,0.000119,0.999545
416,0,-3.879623,1.217564,3.297263,0.000679,0.111010,0.888311
417,0,-1.272317,-3.438059,5.151657,0.001619,0.000186,0.998195
418,0,-3.169102,-2.301175,6.047126,0.000099,0.000237,0.999664
419,0,-3.765662,-1.313216,5.703470,0.000077,0.000896,0.999027
420,0,-2.981894,-2.415286,5.959701,0.000131,0.000230,0.999639
421,0,-2.828079,-2.677227,6.074735,0.000136,0.000158,0.999706
422,0,-4.623984,1.380543,3.864053,0.000190,0.077008,0.922802
423,0,-3.178043,-1.931479,5.738724,0.000134,0.000466,0.999400
424,0,-2.786198,-2.533595,5.983330,0.000155,0.000200,0.999645
425,0,-3.378707,-1.996527,5.983429,0.000086,0.000342,0.999572
426,0,-0.316102,-4.147324,4.633435,0.007036,0.000153,0.992812
427,0,-2.098028,-2.402399,5.245288,0.000646,0.000477,0.998877
428,0,0.047969,-1.623610,1.879891,0.134520,0.025283,0.840197
429,0,-1.563291,-3.585815,5.645592,0.000739,0.000098,0.999163
430,0,-2.620154,-2.059911,5.375770,0.000337,0.000589,0.999074
431,0,-2.461341,-2.947902,5.802244,0.000258,0.000158,0.999584
432,0,-4.242448,-0.332415,5.228220,0.000077,0.003831,0.996092
433,0,-2.361288,-3.020414,5.885736,0.000262,0.000135,0.999603
434,0,-1.902306,-3.157728,5.599764,0.000552,0.000157,0.999291
435,0,-2.406850,-2.079963,5.126036,0.000535,0.000741,0.998724
436,0,-3.372065,-1.773965,5.838331,0.000100,0.000494,0.999406
437,0,-1.783116,-3.230762,5.560317,0.000646,0.000152,0.999202
438,0,-3.434666,-0.239617,4.052082,0.000553,0.013490,0.985958
439,0,-4.242938,2.468700,2.479727,0.000605,0.496943,0.502453
440,0,-2.498331,-2.867123,5.901570,0.000225,0.000155,0.999620
441,0,-3.758013,1.913117,2.578348,0.001168,0.339169,0.659663
442,0,-3.085197,-2.246562,5.869759,0.000129,0.000298,0.999572
443,0,-2.571037,-2.920230,5.830334,0.000224,0.000158,0.999617
444,0,-1.913416,-3.498844,5.767524,0.000461,0.000094,0.999444
445,0,-2.259281,-3.152455,5.880250,0.000292,0.000119,0.999589
446,0,-1.917676,-3.285797,5.751008,0.000467,0.000119,0.999414
447,0,-3.116013,1.823361,1.877312,0.003471,0.484827,0.511702
448,0,-1.307982,-3.771285,5.380670,0.001243,0.000106,0.998651
449,0,-2.979859,-0.455085,4.081994,0.000847,0.010582,0.988570
450,0,-4.054708,-0.830704,5.487778,0.000072,0.001799,0.998129
451,0,-2.859964,-2.770319,6.129185,0.000125,0.000136,0.999739
452,0,-1.606846,-3.641999,5.596773,0.000743,0.000097,0.999160
453,0,-2.854460,-2.691467,6.066586,0.000134,0.000157,0.999709
454,0,-0.892415,-4.217547,5.283237,0.002075,0.000075,0.997850
455,0,-1.961633,-3.539874,5.907665,0.000382,0.000079,0.999539
456,0,-2.130267,-3.330445,5.921741,0.000318,0.000096,0.999586
457,0,-2.332964,-2.976680,5.851171,0.000279,0.000147,0.999574
458,0,-3.060549,-2.476147,6.058848,0.000109,0.000196,0.999694
459,0,-2.821093,-2.712188,6.068798,0.000138,0.000154,0.999709
460,0,2.371985,-2.942754,0.185463,0.895075,0.004402,0.100523
461,0,-2.792067,-2.828156,6.095543,0.000138,0.000133,0.999729
462,0,-2.746704,-2.630769,5.975691,0.000163,0.000183,0.999654
463,0,-2.283938,-3.297922,5.991347,0.000255,0.000092,0.999653
464,0,-3.193453,-2.213813,5.892090,0.000113,0.000302,0.999585
465,0,-4.202912,1.993968,2.933824,0.000572,0.280769,0.718660
466,0,-0.254519,-3.390658,3.971429,0.014392,0.000625,0.984983
467,0,-1.898210,-3.466601,5.692006,0.000505,0.000105,0.999390
468,0,-3.175732,-2.301552,5.966346,0.000107,0.000257,0.999636
469,0,-1.761580,-3.545528,5.786721,0.000527,0.000088,0.999385
470,0,-2.860031,-2.107205,5.484174,0.000238,0.000504,0.999258
471,0,-3.408202,-1.191660,5.157342,0.000190,0.001745,0.998065
472,0,-1.983875,-2.890154,5.536777,0.000541,0.000219,0.999240
473,0,-1.707817,-3.426720,5.696149,0.000608,0.000109,0.999283
474,0,-2.774269,-2.598369,5.903846,0.000170,0.000203,0.999627
475,0,-3.788621,1.512976,2.814517,0.001065,0.213678,0.785257
476,0,-4.287473,1.620336,3.361291,0.000405,0.149131,0.850463
477,0,0.922756,-2.615657,1.813426,0.288532,0.008385,0.703083
478,0,-1.476643,-3.150600,4.875473,0.001739,0.000326,0.997934
479,0,-0.199263,-4.425565,4.635723,0.007883,0.000115,0.992002
480,0,-0.168245,-4.311593,4.533187,0.008999,0.000143,0.990858
481,0,-3.205274,-2.316087,6.082978,0.000092,0.000225,0.999683
482,0,-3.596249,-1.649088,5.941937,0.000072,0.000505,0.999423
483,0,-2.939429,-2.639510,6.068591,0.000122,0.000165,0.999712
484,0,2.906797,-4.376239,1.101000,0.858347,0.000590,0.141064
485,0,-3.818899,1.493849,3.126815,0.000805,0.163293,0.835902
486,0,-2.438431,-2.505301,5.600806,0.000322,0.000302,0.999376
487,0,-2.617209,-2.683871,5.823650,0.000216,0.000202,0.999582
488,0,-2.751534,-2.727119,6.009011,0.000157,0.000161,0.999683
489,0,-2.857559,-2.576011,6.005605,0.000141,0.000187,0.999671
490,0,-1.079734,-4.197016,5.388572,0.001549,0.000069,0.998382
491,0,-2.953632,-2.574770,6.065228,0.000121,0.000177,0.999702
492,0,-2.749009,-2.771425,6.044166,0.000152,0.000148,0.999700
493,0,-3.116390,-2.363230,5.972895,0.000113,0.000240,0.999647
494,0,-2.064819,-3.516795,5.902290,0.000347,0.000081,0.999572
495,0,0.876602,-3.352793,2.582343,0.153374,0.002233,0.844393
496,0,-2.666164,-2.546295,5.686838,0.000236,0.000266,0.999499
497,0,0.189245,-4.082239,3.978292,0.022110,0.000309,0.977581
498,0,-1.256529,-3.526569,5.072535,0.001780,0.000184,0.998036
499,0,1.880059,-4.753236,2.439309,0.363547,0.000478,0.635975
500,0,-3.089811,-2.468544,6.023649,0.000110,0.000205,0.999685
501,0,-3.482091,-0.696231,4.988397,0.000209,0.003386,0.996406
502,0,-3.232378,-1.255182,5.076451,0.000246,0.001776,0.997979
503,0,-2.541194,-2.676628,5.837946,0.000230,0.000200,0.999570
504,0,-0.606792,-3.903677,4.834671,0.004314,0.000160,0.995527
505,0,-2.856919,-2.241200,5.668480,0.000198,0.000367,0.999435
506,0,-2.979102,-2.628179,6.101458,0.000114,0.000162,0.999724
507,0,-2.789765,-2.789936,6.086568,0.000140,0.000140,0.999721
508,0,-1.492002,-3.250249,5.101021,0.001368,0.000236,0.998397
509,0,-2.725258,-2.770328,5.995761,0.000163,0.000156,0.999681
510,0,-2.343743,-3.074635,5.972374,0.000244,0.000118,0.999638
511,0,0.096413,-1.742259,1.994770,0.127650,0.020300,0.852050
512,0,2.089138,-3.996469,1.834924,0.562493,0.001280,0.436227
513,0,-0.248634,-3.370607,3.989878,0.014215,0.000626,0.985159
514,0,-1.022616,-4.128336,5.096854,0.002195,0.000098,0.997707
515,0,-2.438431,-2.505301,5.600806,0.000322,0.000302,0.999376
516,0,-2.592119,-2.720020,5.902761,0.000204,0.000180,0.999616
517,0,-2.219027,-2.264600,4.961953,0.000760,0.000726,0.998514
518,0,-4.089638,-1.015613,5.599023,0.000062,0.001339,0.998599
519,0,-0.667927,-4.173916,4.905635,0.003782,0.000114,0.996104
520,0,4.166692,-2.616787,-1.976261,0.996730,0.001129,0.002142
521,0,-2.481904,-2.852345,5.913930,0.000226,0.000156,0.999618
522,0,-2.097202,-3.143504,5.599136,0.000454,0.000160,0.999386
523,0,-3.078629,-2.398856,6.050280,0.000108,0.000214,0.999678
524,0,-4.479889,0.676875,4.458250,0.000128,0.022281,0.977591
525,0,0.448319,-1.057335,0.449052,0.449922,0.099825,0.450253
526,0,-3.107137,-2.248575,5.994855,0.000111,0.000263,0.999626
527,0,-3.061879,-2.480180,6.024218,0.000113,0.000203,0.999684
528,0,-1.233411,-3.383316,4.855847,0.002261,0.000263,0.997475
529,0,-3.026378,-2.342143,5.930052,0.000129,0.000255,0.999616
530,0,-2.704006,-2.828753,6.064536,0.000156,0.000137,0.999707
531,0,-2.329787,1.998133,0.537768,0.010595,0.802989,0.186415
532,0,-2.609747,-2.853693,5.958191,0.000190,0.000149,0.999661
533,0,-3.929562,-0.664408,5.368015,0.000091,0.002394,0.997515
534,0,-2.419249,1.852687,0.945376,0.009844,0.705436,0.284720
535,0,-0.602893,-3.763696,4.552059,0.005736,0.000243,0.994021
536,0,1.775638,-4.609121,2.615164,0.301481,0.000509,0.698010
537,0,-3.954426,2.515441,2.074422,0.000942,0.607929,0.391129
538,0,-2.835280,-2.426434,5.909752,0.000159,0.000240,0.999601
539,0,-3.688362,0.525200,3.784357,0.000547,0.036979,0.962474
540,0,-2.482047,-2.935357,6.007938,0.000205,0.000131,0.999664
541,0,-4.061589,-1.116762,5.706246,0.000057,0.001087,0.998856
542,0,-1.424402,-0.525287,2.367295,0.020925,0.051422,0.927652
543,0,-2.522122,-3.007279,6.034533,0.000192,0.000118,0.999689
544,0,-3.113946,-2.138881,5.856247,0.000127,0.000337,0.999536
545,0,-1.251985,-3.939540,5.439956,0.001239,0.000084,0.998676
546,0,-2.558991,-2.764729,5.812360,0.000231,0.000188,0.999580
547,0,-2.922491,-2.599422,6.000422,0.000133,0.000184,0.999683
548,0,1.650646,-4.401772,2.596237,0.279588,0.000658,0.719754
549,0,-3.504235,-1.911627,6.013257,0.000074,0.000361,0.999565
550,0,-0.055262,-4.170066,4.153932,0.014637,0.000239,0.985124
551,0,-3.920799,-1.349267,5.870487,0.000056,0.000731,0.999213
552,0,-2.933479,-2.510596,5.989285,0.000133,0.000203,0.999663
553,0,-2.194632,-3.296689,5.713683,0.000367,0.000122,0.999510
554,0,-2.428549,-3.043428,5.949982,0.000230,0.000124,0.999646
555,0,-2.948271,-2.622666,6.067341,0.000121,0.000168,0.999710
556,0,-1.375725,-0.465931,2.216508,0.025126,0.062409,0.912465
557,0,-2.939828,-2.630282,6.072367,0.000122,0.000166,0.999712
558,0,-2.438431,-2.505301,5.600806,0.000322,0.000302,0.999376
559,0,-2.476731,-0.895884,4.053981,0.001446,0.007024,0.991530
560,0,-2.811297,-2.789557,6.075675,0.000138,0.000141,0.999721
561,0,-3.954900,1.622863,2.853258,0.000854,0.225919,0.773227
562,0,-3.699674,-1.481312,5.774003,0.000077,0.000706,0.999217
563,0,-3.837044,-0.072761,4.496308,0.000238,0.010259,0.989503
564,0,-2.673749,-2.783050,6.009718,0.000169,0.000152,0.999679
565,0,-3.009431,-2.577337,6.115639,0.000109,0.000168,0.999723
566,0,-0.403278,-3.888689,4.581975,0.006790,0.000208,0.993002
567,0,-4.446276,0.114468,5.020308,0.000077,0.007348,0.992575
568,0,-1.374192,-0.052576,2.072618,0.027663,0.103721,0.868616
569,0,-1.118613,-3.996016,5.340801,0.001563,0.000088,0.998349
570,0,1.087560,-1.485202,0.417691,0.629683,0.048060,0.322256
571,0,-0.350563,-0.088465,0.481206,0.217532,0.282716,0.499753
572,0,-2.650811,-2.594237,5.778091,0.000218,0.000231,0.999551
573,0,-1.903022,-3.292785,5.644918,0.000527,0.000131,0.999342
574,0,-2.687366,-2.658129,5.810944,0.000204,0.000210,0.999587
575,0,-2.739594,1.212027,2.310173,0.004785,0.248891,0.746325
576,0,-2.438431,-2.505301,5.600806,0.000322,0.000302,0.999376
577,0,-4.621965,0.556143,4.650582,0.000092,0.016390,0.983517
578,0,-3.227579,-1.567804,5.423264,0.000175,0.000919,0.998906
579,0,-0.551298,-2.663373,3.512444,0.016860,0.002040,0.981100
580,0,-3.329139,1.660257,2.120029,0.002629,0.386022,0.611349
581,0,-2.245747,-3.253433,5.969530,0.000270,0.000099,0.999631
582,0,-4.382446,0.524098,4.459270,0.000142,0.019165,0.980693
583,0,-0.639199,-4.155156,4.993990,0.003564,0.000106,0.996330
584,0,-2.583648,-2.966975,6.076636,0.000173,0.000118,0.999709
585,0,-3.188384,-2.369252,6.088320,0.000094,0.000212,0.999694
586,0,-0.718744,-0.048499,1.002843,0.116985,0.228672,0.654343
587,0,4.092297,-4.914451,0.445219,0.974479,0.000119,0.025402
588,0,-1.126051,-3.325342,4.910444,0.002384,0.000264,0.997352
589,0,-2.643258,-2.868811,6.020895,0.000173,0.000138,0.999690
590,0,1.249279,1.027187,-2.813537,0.550042,0.440497,0.009461
591,0,-1.849550,-3.576162,5.846245,0.000454,0.000081,0.999465
592,0,-1.746201,-3.677327,5.730659,0.000566,0.000082,0.999352
593,0,-2.034475,-3.358845,5.614938,0.000476,0.000127,0.999397
594,0,-3.110278,-2.281027,5.994786,0.000111,0.000255,0.999634
595,0,-3.827675,-1.389110,5.791974,0.000066,0.000760,0.999173
596,0,-3.663118,2.033968,2.375832,0.001392,0.414779,0.583830
597,0,-2.194632,-3.296689,5.713683,0.000367,0.000122,0.999510
598,0,-1.278077,-3.557699,5.141809,0.001626,0.000166,0.998208
599,0,-1.110326,-4.155237,5.431297,0.001440,0.000069,0.998492
600,0,-2.396729,-3.210195,5.984023,0.000229,0.000102,0.999669
601,0,-3.065116,-2.386940,5.961752,0.000120,0.000237,0.999643
602,0,-3.198293,-1.881648,5.748367,0.000130,0.000485,0.999385
603,0,-4.725568,2.779663,2.601119,0.000300,0.544355,0.455346
604,0,-4.102898,2.661870,2.134567,0.000725,0.628398,0.370877
605,0,-3.251221,0.665972,3.064166,0.001655,0.083173,0.915172
606,0,-2.632681,-2.954128,6.042188,0.000171,0.000124,0.999705
607,0,-3.077792,-2.292104,5.790852,0.000141,0.000309,0.999551
608,0,-1.344163,-3.065016,4.674453,0.002426,0.000434,0.997140
609,0,-0.574346,-3.889842,4.808115,0.004575,0.000166,0.995259
610,0,-4.425218,2.281236,2.911651,0.000425,0.347269,0.652306
611,0,0.156455,-4.537957,4.381246,0.014416,0.000132,0.985453
612,0,1.425767,-2.150120,0.377889,0.725336,0.020303,0.254362
613,0,-4.499477,1.994874,3.083723,0.000381,0.251739,0.747880
614,0,-3.662645,-1.567056,5.945504,0.000067,0.000546,0.999387
615,0,-1.880663,-3.323157,5.716961,0.000501,0.000118,0.999380
616,0,-2.787114,0.977068,2.544578,0.003985,0.171884,0.824131
617,0,-3.344991,-2.091242,5.947234,0.000092,0.000323,0.999585
618,0,-2.043585,-3.399130,5.836029,0.000378,0.000098,0.999524
619,0,-0.793314,-4.251769,5.234301,0.002405,0.000076,0.997519
620,0,-1.066447,-3.986236,4.942834,0.002450,0.000132,0.997418
621,0,0.786665,-4.563761,3.579343,0.057705,0.000274,0.942021
622,0,-2.740428,-2.768529,5.984862,0.000162,0.000158,0.999680
623,0,-0.681002,-4.087723,4.909612,0.003718,0.000123,0.996158
624,0,-3.033840,-2.515574,6.100477,0.000108,0.000181,0.999711
625,0,-2.513919,-2.773743,5.838188,0.000236,0.000182,0.999582
626,0,-0.518605,-2.773748,3.766683,0.013563,0.001422,0.985014
627,0,-3.951600,-0.794717,5.421673,0.000085,0.001992,0.997923
628,0,-2.830371,-2.521170,5.944242,0.000155,0.000211,0.999635
629,0,-2.793451,-2.771106,5.955521,0.000159,0.000162,0.999679
630,0,-2.502796,-2.795114,5.867986,0.000231,0.000173,0.999596
631,0,-1.032672,-3.940724,5.208151,0.001944,0.000106,0.997950
632,0,-2.687412,-2.489601,5.761012,0.000214,0.000261,0.999525
633,0,-2.844659,-2.566885,6.019735,0.000141,0.000187,0.999672
634,0,-2.287372,-3.038243,5.892207,0.000280,0.000132,0.999588
635,0,-3.866780,-1.228642,5.771428,0.000065,0.000911,0.999024
636,0,-3.358556,-1.603870,5.399442,0.000157,0.000908,0.998935
637,0,-2.240252,-2.984590,5.655666,0.000372,0.000177,0.999451
638,0,-3.028553,-2.552952,6.079994,0.000111,0.000178,0.999711
639,0,-2.576495,-2.858972,5.960092,0.000196,0.000148,0.999656
640,0,-0.708749,-4.191483,5.009685,0.003274,0.000101,0.996626
641,0,-2.657222,-2.744086,5.826670,0.000207,0.000189,0.999604
642,0,-1.901601,-3.276118,5.566130,0.000571,0.000144,0.999285
643,0,-0.853672,-0.782896,2.195690,0.043150,0.046314,0.910536
644,0,-1.683337,-3.567072,5.649722,0.000653,0.000099,0.999248
645,0,-0.921399,-0.221960,1.425941,0.074237,0.149412,0.776351
646,0,-2.438431,-2.505301,5.600806,0.000322,0.000302,0.999376
647,0,-1.744063,-2.788720,5.191490,0.000971,0.000342,0.998687
648,0,-3.730764,1.697738,2.835394,0.001064,0.242493,0.756443
649,0,-3.444598,-1.815696,5.900281,0.000087,0.000445,0.999467
650,0,-3.382694,-2.000175,6.020277,0.000082,0.000329,0.999589
651,0,-4.013704,-0.540234,5.264454,0.000093,0.003004,0.996903
652,0,-2.070283,-0.812604,3.816211,0.002742,0.009645,0.987612
653,0,-3.469303,-1.795943,5.778357,0.000096,0.000513,0.999390
654,0,-0.089477,-1.610228,2.504509,0.068486,0.014967,0.916547
655,0,-2.829129,-2.653101,6.038877,0.000141,0.000168,0.999691
656,0,0.344229,-4.355266,3.995423,0.025297,0.000230,0.974472
657,0,2.534646,-5.270867,2.071155,0.613689,0.000250,0.386061
658,0,-2.997708,-2.516240,6.037036,0.000119,0.000193,0.999688
659,0,-4.019870,-1.107429,5.725954,0.000058,0.001076,0.998866
660,0,-2.247223,-3.254056,5.859125,0.000301,0.000110,0.999588
661,0,-3.012112,-2.294009,5.836764,0.000143,0.000294,0.999562
662,0,-3.297434,-2.061841,5.968818,0.000095,0.000325,0.999580
663,0,-2.513445,-2.848176,5.877806,0.000227,0.000162,0.999611
664,0,-0.961939,-3.459253,4.774490,0.003215,0.000265,0.996520
665,0,-3.101587,-2.348373,5.981065,0.000114,0.000241,0.999645
666,0,-2.414901,-2.880050,5.932278,0.000237,0.000149,0.999614
667,0,-3.111815,-0.386464,3.909071,0.000880,0.013434,0.985686
668,0,-2.030437,-3.403753,5.797269,0.000398,0.000101,0.999501
669,0,-2.819322,-2.602312,6.046180,0.000141,0.000175,0.999683
670,0,-2.399775,-3.038538,5.874595,0.000255,0.000135,0.999611
671,0,-3.429527,-2.077025,6.079632,0.000074,0.000287,0.999639
672,0,-4.360694,0.092040,4.865036,0.000098,0.008383,0.991519
673,0,-2.092462,-3.297639,5.841623,0.000358,0.000107,0.999535
674,0,-2.709166,-2.014155,5.496977,0.000273,0.000547,0.999181
675,0,-2.438431,-2.505301,5.600806,0.000322,0.000302,0.999376
676,0,-2.440015,-3.050021,5.997069,0.000217,0.000118,0.999666
677,0,-4.109320,-0.618485,5.444075,0.000071,0.002323,0.997606
678,0,-2.744875,-2.594810,5.969848,0.000164,0.000191,0.999645
679,0,-3.159364,-1.974306,5.752794,0.000135,0.000440,0.999425
680,0,-2.316892,-3.198122,5.896350,0.000271,0.000112,0.999617
681,0,-1.653531,-3.327318,5.501731,0.000780,0.000146,0.999074
682,0,-3.078410,1.542826,2.202690,0.003342,0.339631,0.657027
683,0,-3.577245,-1.779431,5.949931,0.000073,0.000439,0.999488
684,0,-3.983555,2.763246,1.872828,0.000832,0.708387,0.290781
685,0,-2.722003,-2.844240,6.057170,0.000154,0.000136,0.999710
686,0,-1.723093,-2.981265,5.039221,0.001155,0.000328,0.998517
687,0,-2.438431,-2.505301,5.600806,0.000322,0.000302,0.999376
688,0,-3.202409,-2.355611,6.048202,0.000096,0.000224,0.999680
689,0,-2.007839,-2.354377,4.990087,0.000912,0.000645,0.998442
690,0,-3.898732,1.824899,2.726002,0.000943,0.288551,0.710506
691,0,-3.886355,2.977522,1.334824,0.000875,0.837169,0.161956
692,0,-3.899532,-0.381032,4.906843,0.000149,0.005026,0.994825
693,0,-1.223654,-3.645218,5.246453,0.001546,0.000137,0.998316
694,0,-2.758114,-1.434491,4.862524,0.000489,0.001838,0.997673
695,0,-2.791248,-2.693427,5.997512,0.000152,0.000168,0.999680
696,0,-2.336701,-3.139538,5.916691,0.000260,0.000117,0.999623
697,0,0.417665,-1.429225,0.960316,0.347429,0.054799,0.597773
698,0,-4.048138,2.068931,2.752471,0.000739,0.335224,0.664037
699,0,-2.459603,-2.954273,5.944237,0.000224,0.000137,0.999640
700,0,-3.025631,-2.296546,5.830046,0.000143,0.000295,0.999562
701,0,-0.259551,-4.200758,4.549551,0.008088,0.000157,0.991755
702,0,-1.809325,-0.879491,3.429849,0.005207,0.013195,0.981598
703,0,-2.808522,-2.590214,5.884488,0.000168,0.000209,0.999624
704,0,-0.658331,-3.793845,4.698000,0.004695,0.000204,0.995101
705,0,-2.619312,-2.843949,5.974078,0.000185,0.000148,0.999667
706,0,-2.899007,-2.584035,5.990424,0.000138,0.000189,0.999673
707,0,-2.160185,-3.177591,5.827759,0.000339,0.000123,0.999538
708,0,-2.507175,-3.117965,6.044623,0.000193,0.000105,0.999702
709,0,-0.836228,-0.082970,1.443835,0.077512,0.164629,0.757859
710,0,-0.685756,-3.968727,4.958209,0.003526,0.000132,0.996342
711,0,-2.552457,-3.015865,6.056164,0.000182,0.000115,0.999703
712,0,-1.179318,-0.934859,2.678346,0.020148,0.025728,0.954123
713,0,0.423912,-2.495328,2.485628,0.112190,0.006055,0.881754
714,0,-2.919518,-2.634926,6.099308,0.000121,0.000161,0.999718
715,0,-4.672107,1.821280,3.613370,0.000216,0.142786,0.856998
716,0,-3.486901,-0.884744,4.924652,0.000222,0.002990,0.996789
717,0,-3.019585,-2.316958,5.895761,0.000134,0.000271,0.999595
718,0,-4.528838,0.101356,5.006125,0.000072,0.007356,0.992572
719,0,0.464806,-4.930937,4.258807,0.022008,0.000100,0.977892
720,0,-3.485988,-1.826496,5.890208,0.000085,0.000445,0.999470
721,0,-1.492638,-3.020112,5.116183,0.001346,0.000292,0.998362
722,0,-2.876568,-2.605413,6.062754,0.000131,0.000172,0.999697
723,0,-3.548402,-1.472482,5.580090,0.000108,0.000864,0.999027
724,0,-3.204092,-2.243321,5.826865,0.000120,0.000313,0.999568
725,0,-0.170242,-4.322665,4.379263,0.010460,0.000164,0.989375
726,0,-2.281160,-3.041204,5.882622,0.000285,0.000133,0.999582
727,0,-2.579684,-2.838212,5.924824,0.000202,0.000156,0.999641
728,0,-3.229747,1.262822,2.758496,0.002045,0.182697,0.815258
729,0,0.375211,-3.795658,3.560654,0.039693,0.000613,0.959694
730,0,-3.215656,-1.230726,5.000551,0.000270,0.001963,0.997768
731,0,-2.410338,-2.987473,5.895571,0.000247,0.000139,0.999614
732,0,-1.589456,-3.320295,5.460515,0.000867,0.000153,0.998980
733,0,-3.596249,-1.649088,5.941937,0.000072,0.000505,0.999423
734,0,-2.949224,0.381368,3.155045,0.002098,0.058640,0.939262
735,0,-1.570087,-3.540602,5.634461,0.000743,0.000104,0.999154
736,0,-2.695439,-2.858515,6.066090,0.000157,0.000133,0.999710
737,0,-2.419886,-2.831574,5.794465,0.000271,0.000179,0.999550
738,0,-2.756492,-2.652960,5.928472,0.000169,0.000187,0.999643
739,0,-1.685332,-3.411564,5.564029,0.000710,0.000126,0.999164
740,0,-2.379470,-3.053217,5.962340,0.000238,0.000121,0.999640
741,0,-4.209711,0.284409,4.551097,0.000155,0.013832,0.986013
742,0,-2.866263,-2.593558,5.985598,0.000143,0.000188,0.999669
743,0,-2.913522,-2.580274,6.041285,0.000129,0.000180,0.999691
744,0,-3.197427,-1.096453,4.868131,0.000313,0.002561,0.997126
745,0,-3.509463,0.853116,3.354811,0.000964,0.075666,0.923369
746,0,-2.495746,-2.890090,5.942361,0.000216,0.000146,0.999638
747,0,-3.325287,-1.929139,5.694703,0.000121,0.000488,0.999391
748,0,-2.725029,-2.816643,6.014290,0.000160,0.000146,0.999694
749,0,-2.493958,-2.730752,5.729134,0.000268,0.000212,0.999520
750,0,0.022343,-4.675437,4.503040,0.011198,0.000102,0.988700
751,0,-3.821080,0.878169,3.391175,0.000682,0.074900,0.924418
752,0,-2.267380,-2.834622,5.736789,0.000334,0.000189,0.999477
753,0,-2.802754,-2.685938,6.002412,0.000150,0.000168,0.999682
754,0,-2.632209,-2.887700,6.028541,0.000173,0.000134,0.999693
755,0,-4.753256,2.915722,2.565234,0.000274,0.586575,0.413151
756,0,-2.118481,-1.798972,4.679303,0.001113,0.001532,0.997354
757,0,-4.467359,0.530586,4.625455,0.000111,0.016383,0.983506
758,0,0.212159,-1.773073,1.428769,0.221578,0.030434,0.747988
759,0,-2.667915,-2.883589,6.073239,0.000160,0.000129,0.999711
760,0,-2.364200,-3.131052,5.927015,0.000251,0.000116,0.999633
761,0,-3.881981,2.274601,2.397050,0.000994,0.468959,0.530047
762,0,-2.851709,-2.792935,6.087239,0.000131,0.000139,0.999730
763,0,-2.538664,-2.926117,6.022938,0.000191,0.000130,0.999679
764,0,-1.866909,-2.686523,5.038283,0.001001,0.000441,0.998558
765,0,-2.295048,-3.181275,5.919025,0.000271,0.000112,0.999618
766,0,-3.673635,-0.665920,5.006351,0.000169,0.003428,0.996403
767,0,-2.592829,-2.848874,5.958764,0.000193,0.000150,0.999657
768,0,-1.924864,-3.333510,5.773058,0.000454,0.000111,0.999436
769,0,-3.109573,-2.365290,6.036131,0.000107,0.000224,0.999669
770,0,-3.796537,2.461680,2.010229,0.001168,0.610270,0.388561
771,0,-3.860339,-1.071281,5.537782,0.000083,0.001346,0.998571
772,0,-2.129085,-3.372508,5.931821,0.000316,0.000091,0.999594
773,0,-2.042501,-3.202548,5.780186,0.000400,0.000125,0.999474
774,0,-4.135891,-0.436881,5.278704,0.000081,0.003283,0.996636
775,0,-1.731546,-3.512226,5.503059,0.000721,0.000121,0.999158
776,0,-4.064015,-0.048615,4.696601,0.000155,0.008617,0.991228
777,0,-0.211103,-3.865237,4.265574,0.011240,0.000291,0.988469
778,0,-2.708200,-2.782000,5.992638,0.000166,0.000155,0.999679
779,0,-3.002882,-1.941164,5.476838,0.000207,0.000600,0.999193
780,0,-0.275590,-4.407330,4.709517,0.006792,0.000109,0.993099
781,0,-2.315431,-3.002784,5.870440,0.000278,0.000140,0.999582
782,0,-2.550796,-2.761121,5.800187,0.000236,0.000191,0.999573
783,0,-2.865855,-2.391191,5.766037,0.000178,0.000287,0.999535
784,0,-3.275278,-2.187695,6.062139,0.000088,0.000261,0.999651
785,0,-0.859126,-3.605139,4.798417,0.003478,0.000223,0.996299
786,0,-3.130444,-2.509326,6.048278,0.000103,0.000192,0.999705
787,0,-3.026234,-1.432405,5.147791,0.000281,0.001385,0.998333
788,0,-2.293999,-3.257021,6.027745,0.000243,0.000093,0.999664
789,0,-3.005677,-2.483734,5.989730,0.000124,0.000209,0.999667
790,0,-1.659330,-3.309397,5.519383,0.000762,0.000146,0.999092
791,0,-1.557572,-3.755697,5.587343,0.000788,0.000087,0.999124
792,0,1.032587,-4.550651,3.302781,0.093589,0.000352,0.906059
793,0,-2.581095,-2.915228,6.046103,0.000179,0.000128,0.999693
794,0,-2.872976,-2.552619,5.983744,0.000142,0.000196,0.999661
795,0,-1.495857,-3.564793,5.465935,0.000946,0.000120,0.998934
796,0,0.701668,-1.343522,0.538554,0.505344,0.065369,0.429287
797,0,-2.696777,-2.840024,6.022421,0.000163,0.000142,0.999695
798,0,-2.438431,-2.505301,5.600806,0.000322,0.000302,0.999376
799,0,-0.399309,-4.699632,4.899345,0.004973,0.000067,0.994959
800,0,-2.935321,0.721777,2.894072,0.002632,0.101997,0.895371
801,0,-4.443244,2.977001,2.136937,0.000418,0.698187,0.301395
802,0,-2.534417,-2.971352,6.031211,0.000190,0.000123,0.999686
803,0,-1.173122,-3.354316,4.901446,0.002295,0.000259,0.997446
804,0,-2.776262,-2.626206,5.996378,0.000155,0.000180,0.999665
805,0,-1.834354,-3.287280,5.560773,0.000614,0.000144,0.999243
806,0,-2.053667,-3.018536,5.547199,0.000500,0.000190,0.999310
807,0,-0.866344,-4.076119,5.172633,0.002378,0.000096,0.997526
808,0,-1.585051,-3.665051,5.601828,0.000756,0.000094,0.999150
809,0,-0.371628,-3.578122,4.175425,0.010483,0.000425,0.989093
810,0,-3.137178,-2.396992,6.038914,0.000103,0.000217,0.999680
811,0,-3.060365,-1.877695,5.718773,0.000154,0.000502,0.999344
812,0,0.196787,-3.393626,3.247038,0.045150,0.001246,0.953604
813,0,-3.042349,-2.301082,5.948799,0.000124,0.000261,0.999614
814,0,-2.305462,-2.909526,5.815656,0.000297,0.000162,0.999541
815,0,-2.989530,-2.559833,6.068339,0.000116,0.000179,0.999705
816,0,-0.888824,-4.269998,5.097665,0.002506,0.000085,0.997409
817,0,-2.637559,-2.942083,6.021484,0.000173,0.000128,0.999699
818,0,-4.799704,1.671418,3.853163,0.000157,0.101386,0.898457
819,0,-2.438949,-2.894788,5.824999,0.000258,0.000163,0.999579
820,0,-3.009571,-2.434052,6.023385,0.000119,0.000212,0.999668
821,0,-1.569624,-3.625242,5.612802,0.000759,0.000097,0.999144
822,0,-2.260567,-2.483307,5.478139,0.000435,0.000348,0.999216
823,0,-2.613945,-2.194888,5.429588,0.000321,0.000488,0.999191
824,0,-0.007403,-3.779527,3.882131,0.020036,0.000461,0.979504
825,0,-3.129642,-2.329351,5.984398,0.000110,0.000245,0.999645
826,0,-3.662084,-0.097929,4.343750,0.000330,0.011635,0.988035
827,0,1.057303,-4.570604,3.030665,0.121975,0.000439,0.877587
828,0,-3.060770,-2.501076,6.109301,0.000104,0.000182,0.999714
829,0,-2.396926,-3.027493,5.933084,0.000241,0.000128,0.999631
830,0,-2.437902,-3.017643,5.931921,0.000232,0.000130,0.999639
831,0,-2.723938,-2.769482,6.075039,0.000151,0.000144,0.999705
832,0,2.325739,-5.156917,2.248489,0.519151,0.000292,0.480557
833,0,-2.887789,-2.196634,5.669343,0.000192,0.000383,0.999425
834,0,3.005868,-1.957296,-1.205994,0.978656,0.006842,0.014502
835,0,-1.848313,-3.279823,5.554309,0.000609,0.000146,0.999245
836,0,1.634920,-5.222423,3.177634,0.176108,0.000185,0.823706
837,0,-3.221550,-2.104034,5.853217,0.000114,0.000350,0.999536
838,0,-2.586099,-2.459513,5.712623,0.000249,0.000282,0.999469
839,0,-1.319129,-3.679684,5.303832,0.001328,0.000125,0.998547
840,0,-2.665691,-2.264877,5.403010,0.000313,0.000467,0.999220
841,0,-2.805328,-2.760725,6.024973,0.000146,0.000153,0.999701
842,0,-0.898951,0.423918,0.668775,0.104713,0.393111,0.502176
843,0,-3.800191,-1.242739,5.650449,0.000079,0.001014,0.998908
844,0,-2.560142,-2.917908,5.937221,0.000204,0.000143,0.999653
845,0,-2.748881,-2.739527,6.079323,0.000146,0.000148,0.999706
846,0,-0.941939,-3.643713,4.925134,0.002823,0.000189,0.996988
847,0,-0.712512,-3.170050,4.601454,0.004896,0.000419,0.994685
848,0,-2.607239,-2.681972,5.899321,0.000202,0.000188,0.999610
849,0,-3.220364,-2.384755,6.122170,0.000088,0.000202,0.999710
850,0,-1.298005,-3.182933,4.729808,0.002404,0.000365,0.997231
851,0,-2.695791,-1.779228,5.351959,0.000319,0.000799,0.998882
852,0,-3.729293,-1.168064,5.576187,0.000091,0.001176,0.998733
853,0,-2.337281,-3.122667,5.931985,0.000256,0.000117,0.999627
854,0,-2.762451,-2.758852,6.049911,0.000149,0.000149,0.999702
855,0,-0.120352,-2.023212,2.337187,0.077972,0.011629,0.910400
856,0,-2.034088,0.475549,2.286383,0.011296,0.138950,0.849754
857,0,0.752092,-4.328238,3.650152,0.052233,0.000325,0.947443
858,0,-3.114063,-1.147231,4.900592,0.000330,0.002357,0.997314
859,0,-4.314905,0.618320,4.411140,0.000159,0.022032,0.977809
860,0,-2.708890,-2.535924,5.769777,0.000208,0.000247,0.999545
861,0,-0.996761,-3.678577,4.966082,0.002566,0.000176,0.997259
862,0,4.631400,-3.657046,-1.462559,0.997498,0.000251,0.002251
863,0,-2.336026,-2.846606,5.657934,0.000337,0.000202,0.999460
864,0,-3.604420,0.724113,3.453154,0.000807,0.061232,0.937961
865,0,1.314420,-4.718648,3.143332,0.138322,0.000332,0.861346
866,0,-2.942856,-2.582310,6.040614,0.000125,0.000180,0.999695
867,0,-1.429229,-3.628347,5.311566,0.001180,0.000131,0.998689
868,0,-2.068668,-3.180044,5.781462,0.000389,0.000128,0.999482
869,0,-2.666164,-2.546295,5.686838,0.000236,0.000266,0.999499
870,0,-3.012457,-2.518738,5.925456,0.000131,0.000215,0.999654
871,0,-3.694932,-1.267445,5.670930,0.000086,0.000969,0.998946
872,0,-3.245231,-2.215077,6.021757,0.000094,0.000265,0.999641
873,0,-3.100777,-2.345044,5.917505,0.000121,0.000258,0.999621
874,0,-1.108483,-3.704642,4.933205,0.002371,0.000177,0.997452
875,0,-2.666164,-2.546295,5.686838,0.000236,0.000266,0.999499
876,0,-1.603607,-3.666307,5.584651,0.000755,0.000096,0.999149
877,0,2.981652,-4.982767,1.312048,0.841277,0.000292,0.158431
878,0,-2.736725,-2.604208,5.833967,0.000190,0.000216,0.999594
879,0,-0.956620,-2.889020,4.347754,0.004942,0.000716,0.994343
880,0,0.509708,-3.959130,3.597678,0.043584,0.000500,0.955916
881,0,-2.184555,-2.711562,5.344066,0.000537,0.000317,0.999146
882,0,-2.130845,-3.131223,5.812593,0.000355,0.000130,0.999515
883,0,-4.234883,-0.459161,5.288641,0.000073,0.003179,0.996748
884,0,-4.367153,1.524036,3.604501,0.000307,0.110976,0.888717
885,0,-2.038970,-3.112193,5.628841,0.000467,0.000160,0.999373
886,0,-3.052916,-2.051010,5.526479,0.000188,0.000511,0.999301
887,0,-3.094543,-2.418692,6.101180,0.000101,0.000199,0.999699
888,0,-2.170762,-3.062090,5.603357,0.000420,0.000172,0.999407
889,0,-1.988821,-3.456416,5.793139,0.000417,0.000096,0.999487
890,0,-3.626596,-1.548837,5.869638,0.000075,0.000600,0.999325
891,0,-0.157296,-4.172274,4.564690,0.008818,0.000159,0.991023
892,0,-2.758742,-2.627050,5.888162,0.000176,0.000200,0.999624
893,0,-3.789453,-1.321219,5.758142,0.000071,0.000842,0.999087
894,0,-4.136626,-0.997404,5.693663,0.000054,0.001240,0.998706
895,0,-2.739226,-2.441363,5.829057,0.000190,0.000256,0.999554
896,0,-2.836216,-2.666404,6.027178,0.000141,0.000168,0.999691
897,0,-2.208397,0.406009,2.285489,0.009604,0.131177,0.859220
898,0,-4.446276,0.114468,5.020308,0.000077,0.007348,0.992575
899,0,-3.152800,-2.128705,5.921071,0.000115,0.000319,0.999566
900,0,-3.538412,-0.548352,4.719112,0.000258,0.005129,0.994613
901,0,-2.570631,-2.939795,5.993263,0.000191,0.000132,0.999677
902,0,-0.916675,-4.269245,5.220473,0.002156,0.000075,0.997768
903,0,3.581858,-3.793736,-0.102480,0.974906,0.000611,0.024484
904,0,-2.936448,-2.433477,5.882969,0.000148,0.000244,0.999608
905,0,-2.416460,-2.978232,5.854384,0.000256,0.000146,0.999598
906,0,-2.944883,-2.494538,6.030455,0.000126,0.000198,0.999675
907,0,-4.843570,1.560764,3.941842,0.000140,0.084615,0.915245
908,0,0.901330,-3.855340,3.138236,0.096405,0.000829,0.902766
909,0,-2.981434,-2.214463,5.683970,0.000172,0.000371,0.999456
910,0,-2.344961,-3.090522,5.945039,0.000251,0.000119,0.999630
911,0,-1.620968,-3.599977,5.615453,0.000719,0.000099,0.999181
912,0,-2.226923,-2.722349,5.486537,0.000446,0.000272,0.999282
913,0,-2.315751,-3.000857,5.845438,0.000285,0.000144,0.999571
914,0,-2.101468,-3.293499,5.757463,0.000386,0.000117,0.999497
915,0,-2.968221,-2.437952,6.006178,0.000127,0.000215,0.999658
916,0,-3.086490,-2.540994,6.127941,0.000100,0.000172,0.999729
917,0,-2.191233,-2.963301,5.602493,0.000412,0.000190,0.999398
918,0,-1.959850,-3.304691,5.523078,0.000562,0.000147,0.999291
919,0,-3.439493,-1.325390,5.129434,0.000190,0.001570,0.998240
920,0,-3.662645,-1.567056,5.945504,0.000067,0.000546,0.999387
921,0,-2.136247,-3.162789,5.827864,0.000348,0.000125,0.999528
922,0,-4.475824,0.311779,4.775960,0.000095,0.011382,0.988523
923,0,0.281855,-4.685605,4.278938,0.018036,0.000126,0.981839
924,0,-3.347726,-1.992602,5.878378,0.000098,0.000381,0.999520
925,0,-2.565958,-2.794826,5.823012,0.000227,0.000181,0.999592
926,0,-2.344806,-3.102682,5.855545,0.000274,0.000129,0.999597
927,0,1.766515,-5.306033,3.073336,0.212981,0.000181,0.786839
928,0,-2.796052,-2.570388,5.957680,0.000158,0.000198,0.999644
929,0,0.930711,-3.667543,3.035513,0.108512,0.001093,0.890395
930,0,-3.250672,-1.994263,5.831680,0.000114,0.000399,0.999487
931,0,-1.640730,-3.620866,5.629498,0.000695,0.000096,0.999209
932,0,-3.142316,-2.372859,6.055449,0.000101,0.000219,0.999680
933,0,-2.708131,-2.703386,6.011912,0.000163,0.000164,0.999673
934,0,-4.837270,2.628760,2.927254,0.000244,0.425822,0.573935
935,0,-2.516207,-2.991199,5.997494,0.000201,0.000125,0.999675
936,0,-2.474975,-3.019005,6.033412,0.000202,0.000117,0.999681
937,0,-1.829131,-3.156512,5.451338,0.000688,0.000183,0.999129
938,0,-2.917817,-2.287476,5.794967,0.000164,0.000309,0.999527
939,0,-2.779307,-2.781281,6.093600,0.000140,0.000140,0.999720
940,0,-0.876008,-3.176315,4.555194,0.004357,0.000437,0.995206
941,0,-2.791163,-2.568476,5.946336,0.000160,0.000200,0.999639
942,0,3.080896,-5.259263,1.687863,0.800923,0.000191,0.198886
943,0,-3.304659,-0.903049,4.885550,0.000276,0.003052,0.996671
944,0,-3.206129,-2.036721,5.605865,0.000149,0.000479,0.999372
945,0,-2.098462,-3.370430,5.907825,0.000333,0.000093,0.999573
946,0,4.448355,-4.411062,-0.307555,0.991333,0.000141,0.008526
947,0,-4.321404,0.648117,4.380368,0.000162,0.023375,0.976462
948,0,-0.574098,-4.390636,5.065578,0.003541,0.000078,0.996381
949,0,-3.505429,-1.703933,5.850473,0.000086,0.000523,0.999390
950,0,-3.058214,-2.529173,6.091776,0.000106,0.000180,0.999714
951,0,-1.187028,-3.162860,4.922801,0.002215,0.000307,0.997477
952,0,-4.429923,0.877911,4.100132,0.000190,0.038331,0.961479
953,0,-2.376295,-3.076038,5.906669,0.000253,0.000126,0.999622
954,0,-2.534503,-1.784453,5.042622,0.000511,0.001082,0.998406
955,0,-1.445406,-3.963295,5.628729,0.000846,0.000068,0.999086
956,0,-3.162635,-1.372397,5.132898,0.000249,0.001493,0.998258
957,0,-2.307676,-3.175401,5.940863,0.000262,0.000110,0.999629
958,0,-0.680376,-3.478816,4.588733,0.005120,0.000312,0.994568
959,0,-2.081374,-3.321842,5.773627,0.000388,0.000112,0.999500
960,0,-2.259588,-3.345309,5.962669,0.000269,0.000091,0.999641
961,0,-2.591593,1.249789,1.888266,0.007363,0.343046,0.649591
962,0,-0.999689,-1.786141,3.467439,0.011292,0.005143,0.983566
963,0,4.931449,-3.324646,-1.953805,0.998719,0.000259,0.001021
964,0,2.259802,-4.581976,1.956406,0.574919,0.000614,0.424467
965,0,-3.941623,-1.151365,5.660638,0.000067,0.001099,0.998833
966,0,-2.097314,-3.337916,5.888144,0.000340,0.000098,0.999561
967,0,-3.249534,-2.148251,5.965835,0.000099,0.000299,0.999601
968,0,-2.937825,-1.146487,4.677633,0.000491,0.002945,0.996564
969,0,-4.100875,-0.037306,4.680853,0.000152,0.008851,0.990997
970,0,1.317981,-4.831230,3.282541,0.122942,0.000263,0.876795
971,0,-3.101623,-2.368799,5.987631,0.000113,0.000235,0.999652
972,0,-1.456284,-3.639262,5.322739,0.001136,0.000128,0.998736
973,0,-4.056169,-0.888993,5.580606,0.000065,0.001547,0.998387
974,0,-3.593121,-1.201618,5.462447,0.000117,0.001274,0.998609
975,0,-4.262999,0.186845,4.632915,0.000135,0.011587,0.988277
976,0,-2.891926,-2.623217,6.074579,0.000128,0.000167,0.999705
977,0,-2.711289,-2.545084,5.859742,0.000189,0.000224,0.999587
978,0,-0.256366,-3.426010,4.241079,0.011010,0.000463,0.988528
979,0,-2.762820,-0.394992,3.845321,0.001328,0.014180,0.984492
980,0,-1.134820,-3.544332,5.095956,0.001964,0.000176,0.997860
981,0,-2.761460,-2.904938,6.072945,0.000146,0.000126,0.999728
982,0,-4.129701,2.179537,2.693783,0.000680,0.373944,0.625376
983,0,-2.786124,-2.641780,5.981419,0.000156,0.000180,0.999665
984,0,-3.127459,-2.327807,5.988888,0.000110,0.000244,0.999646
985,0,-2.438431,-2.505301,5.600806,0.000322,0.000302,0.999376
986,0,-2.693003,-2.656431,5.988911,0.000170,0.000176,0.999655
987,0,0.192733,-1.928294,1.906439,0.149939,0.017979,0.832083
988,0,-4.158430,0.007575,4.680327,0.000144,0.009259,0.990598
989,0,-4.283464,-0.104116,4.944712,0.000098,0.006375,0.993527
990,0,4.221777,-4.786277,0.082063,0.984204,0.000120,0.015676
991,0,2.603940,-2.934355,0.301739,0.905820,0.003563,0.090617
992,0,0.933712,-5.010054,3.764399,0.055680,0.000146,0.944174
993,0,0.635475,-3.565113,3.217238,0.070247,0.001053,0.928700
994,0,-4.200171,2.539805,2.451653,0.000617,0.521702,0.477681
995,0,-4.345402,-0.206532,5.261399,0.000067,0.004202,0.995731
996,0,-2.403853,-2.964309,5.904972,0.000246,0.000141,0.999613
997,0,-3.889163,0.731544,3.747500,0.000460,0.046689,0.952852
998,0,-2.529812,-3.025475,5.971796,0.000203,0.000124,0.999673
999,0,-2.557849,-3.001555,6.051503,0.000182,0.000117,0.999701
1000,0,-3.445891,0.406329,3.678541,0.000775,0.036509,0.962716
1001,0,1.062519,-4.622738,3.468557,0.082690,0.000281,0.917029
1002,0,-2.570980,-3.028465,6.008934,0.000188,0.000119,0.999693
1003,0,-3.484012,0.767740,3.303461,0.001044,0.073315,0.925641
1004,0,-3.258571,-1.813408,5.802245,0.000116,0.000492,0.999392
1005,0,-3.922243,1.831268,2.694861,0.000940,0.296311,0.702750
1006,0,-1.015052,-3.061652,4.620491,0.003554,0.000459,0.995986
1007,0,-2.523963,-3.016935,5.962885,0.000206,0.000126,0.999668
1008,0,-0.527843,-4.201738,4.964349,0.004101,0.000104,0.995794
1009,0,-3.688370,1.395451,3.008762,0.001028,0.165959,0.833013
1010,0,-2.771395,-2.375603,5.759826,0.000197,0.000293,0.999510
1011,0,-2.438431,-2.505301,5.600806,0.000322,0.000302,0.999376
1012,0,-1.392195,-3.760705,5.533296,0.000981,0.000092,0.998927
1013,0,-3.416520,-1.629885,5.810022,0.000098,0.000587,0.999315
1014,0,4.392289,-1.794033,-2.960172,0.997309,0.002052,0.000639
1015,0,-2.652457,-2.822457,6.035286,0.000169,0.000142,0.999689
1016,0,-3.253114,-1.953684,5.752592,0.000123,0.000450,0.999428
1017,0,-2.093359,-3.119043,5.671445,0.000424,0.000152,0.999424
1018,0,-1.807063,-2.937252,5.266206,0.000847,0.000273,0.998880
1019,0,-1.905573,-3.468934,5.630274,0.000533,0.000112,0.999355
1020,0,-2.806942,-2.754466,6.069729,0.000140,0.000147,0.999713
1021,0,0.741091,-3.914618,3.235779,0.076176,0.000724,0.923100
1022,0,-2.383961,-2.868738,5.825368,0.000272,0.000167,0.999561
1023,0,-3.019779,-1.388692,5.163094,0.000279,0.001425,0.998296
1024,0,-2.942153,-2.464756,5.956691,0.000136,0.000220,0.999643
1025,0,-3.067805,-2.416408,6.045798,0.000110,0.000211,0.999679
1026,0,-2.823557,-2.684909,6.025223,0.000144,0.000165,0.999692
1027,0,-4.912810,3.030597,2.507081,0.000223,0.627830,0.371948
1028,0,-1.796721,-2.404035,4.500132,0.001837,0.001001,0.997162
1029,0,-2.928747,-2.613672,6.033178,0.000128,0.000176,0.999696
1030,0,-3.040393,-1.326022,5.070266,0.000300,0.001664,0.998036
1031,0,-0.274199,-4.019056,4.367420,0.009548,0.000226,0.990226
1032,0,-2.626815,-2.860527,6.008487,0.000178,0.000141,0.999682
1033,0,-2.643696,-2.558150,5.823472,0.000210,0.000229,0.999561
1034,0,-3.596249,-1.649088,5.941937,0.000072,0.000505,0.999423
1035,0,-3.208853,-1.843361,5.539191,0.000159,0.000622,0.999220
1036,0,-2.896361,-2.587014,6.071888,0.000127,0.000174,0.999699
1037,0,-2.605729,-2.893900,6.018667,0.000180,0.000135,0.999686
1038,0,-4.186182,0.302231,4.592407,0.000152,0.013515,0.986333
1039,0,-2.086992,-2.574985,5.401045,0.000559,0.000343,0.999097
1040,0,-4.179875,0.077022,4.666530,0.000142,0.010054,0.989803
1041,0,-0.372458,-4.339510,4.792689,0.005679,0.000108,0.994213
1042,0,-1.437744,-3.620457,5.408670,0.001062,0.000120,0.998818
1043,0,-1.652694,-3.475022,5.573520,0.000727,0.000117,0.999156
1044,0,-4.027845,-0.652840,5.321746,0.000087,0.002536,0.997377
1045,0,-2.639747,-2.584137,5.828717,0.000210,0.000222,0.999568
1046,0,-3.707716,1.941576,2.611198,0.001190,0.338178,0.660631
1047,0,-2.028150,-3.107627,5.665282,0.000456,0.000155,0.999390
1048,0,-0.062399,-3.868076,4.282363,0.012805,0.000285,0.986910
1049,0,-2.088595,-3.124165,5.751026,0.000394,0.000140,0.999467
1050,0,-2.749044,-2.569587,5.807388,0.000192,0.000230,0.999578
1051,0,-3.165561,-2.361762,6.053235,0.000099,0.000221,0.999679
1052,0,-2.469296,-2.201959,5.264879,0.000437,0.000571,0.998992
1053,0,-3.686694,1.311287,3.089622,0.000975,0.144368,0.854657
1054,0,-2.953313,-2.147387,5.790176,0.000159,0.000357,0.999484
1055,0,-0.223841,-2.594924,3.550416,0.022392,0.002091,0.975517
1056,0,-3.870663,-0.615767,5.057326,0.000132,0.003425,0.996443
1057,0,-2.123436,-3.213539,5.760042,0.000377,0.000127,0.999497
1058,0,-3.146610,-2.205914,6.010029,0.000105,0.000270,0.999624
1059,0,-2.391132,-3.204530,5.972795,0.000233,0.000103,0.999664
1060,0,-4.487268,1.825327,3.420939,0.000306,0.168544,0.831150
1061,0,-3.040612,-2.191796,5.894223,0.000132,0.000308,0.999561
1062,0,1.056597,-4.187850,3.044794,0.120371,0.000635,0.878994
1063,0,-2.237556,-2.907163,5.634478,0.000381,0.000195,0.999424
1064,0,-2.983061,-2.551978,5.987514,0.000127,0.000196,0.999677
1065,0,-2.996131,-2.386333,5.990702,0.000125,0.000230,0.999645
1066,0,-3.156415,-2.294065,6.006383,0.000105,0.000248,0.999647
1067,0,-2.833538,-2.668062,5.993578,0.000147,0.000173,0.999680
1068,0,-1.112480,-3.823719,4.941329,0.002343,0.000156,0.997501
1069,0,-3.210632,-2.251964,6.074486,0.000093,0.000242,0.999665
1070,0,-2.886860,-2.535339,5.995523,0.000139,0.000197,0.999664
1071,0,-3.145422,-2.287537,5.986821,0.000108,0.000255,0.999637
1072,0,-1.194666,-2.057033,3.910092,0.006016,0.002540,0.991444
1073,0,-4.091693,2.188675,2.679612,0.000711,0.379403,0.619886
1074,0,-2.776505,-2.319164,5.450428,0.000267,0.000422,0.999311
1075,0,-3.157975,-1.759891,5.580505,0.000160,0.000648,0.999192
1076,0,-2.227123,-2.991402,5.820033,0.000320,0.000149,0.999531
1077,0,-2.414911,-3.146426,6.006793,0.000220,0.000106,0.999674
1078,0,-2.013919,-3.259793,5.706124,0.000444,0.000128,0.999429
1079,0,-3.713375,-1.488521,5.799848,0.000074,0.000683,0.999243
1080,0,-1.488660,-3.781183,5.542695,0.000883,0.000089,0.999028
1081,0,0.301688,-4.219837,3.932919,0.025793,0.000280,0.973926
1082,0,-1.762564,-3.545831,5.705220,0.000571,0.000096,0.999333
1083,0,0.032650,-4.130612,4.244726,0.014596,0.000227,0.985177
1084,0,-2.788442,-2.298478,5.647621,0.000217,0.000354,0.999429
1085,0,-3.741452,2.421755,1.935592,0.001302,0.618396,0.380302
1086,0,-1.720427,-3.487582,5.640718,0.000635,0.000108,0.999257
1087,0,-4.493428,2.097167,3.205331,0.000341,0.248129,0.751531
1088,0,-0.674700,-3.585042,4.764409,0.004324,0.000235,0.995441
1089,0,-3.109487,-2.071595,5.803427,0.000135,0.000380,0.999485
1090,0,4.173245,-3.635437,-1.012815,0.994036,0.000404,0.005561
1091,0,-3.807407,-0.988893,5.535047,0.000087,0.001466,0.998447
1092,0,-3.188548,-2.214283,5.933079,0.000109,0.000289,0.999601
1093,0,-0.949152,-3.893007,5.081588,0.002398,0.000126,0.997476
1094,0,-2.901941,-2.700545,6.112917,0.000122,0.000149,0.999730
1095,0,0.566371,-4.628386,4.009223,0.030977,0.000172,0.968851
1096,0,-3.271506,-1.600704,5.586616,0.000142,0.000755,0.999102
1097,0,-1.800818,-3.516999,5.786261,0.000507,0.000091,0.999402
1098,0,2.029973,-2.790706,0.368574,0.834770,0.006729,0.158500
1099,0,-2.996744,-1.645216,5.240604,0.000264,0.001021,0.998715
1100,0,-3.723847,-1.199594,5.561581,0.000093,0.001156,0.998751
1101,0,-0.517407,-4.075780,4.879903,0.004508,0.000128,0.995364
1102,0,1.092916,-4.169508,3.110153,0.117334,0.000608,0.882058
1103,0,-2.357591,-3.097738,5.954296,0.000245,0.000117,0.999637
1104,0,-2.795253,-2.617433,5.992405,0.000153,0.000182,0.999665
1105,0,2.463455,-4.067795,1.081909,0.798309,0.001163,0.200527
1106,0,-2.698501,-2.297127,5.720695,0.000220,0.000329,0.999450
1107,0,-2.137164,-2.704461,5.440105,0.000512,0.000290,0.999198
1108,0,-4.288750,2.636764,2.402037,0.000548,0.558108,0.441344
1109,0,2.174554,-4.766125,2.187924,0.496419,0.000480,0.503101
1110,0,-3.055800,-2.256479,5.913786,0.000127,0.000283,0.999590
1111,0,-1.688035,-3.487741,5.634549,0.000660,0.000109,0.999231
1112,0,-2.286166,-3.071059,5.899090,0.000279,0.000127,0.999594
1113,0,-2.233342,-3.268051,5.843472,0.000311,0.000110,0.999579
1114,0,-2.414901,-2.880050,5.932278,0.000237,0.000149,0.999614
1115,0,-3.476728,-1.425969,5.510215,0.000125,0.000971,0.998904
1116,0,-3.938767,-0.916798,5.498904,0.000080,0.001633,0.998288
1117,0,-2.651451,-2.525453,5.628066,0.000254,0.000288,0.999459
1118,0,-1.435929,-3.699652,5.461567,0.001009,0.000105,0.998886
1119,0,-0.862625,-4.001475,5.122401,0.002510,0.000109,0.997382
1120,0,-2.288397,-3.012811,5.748699,0.000323,0.000157,0.999520
1121,0,-2.332231,-2.863773,5.703435,0.000324,0.000190,0.999486
1122,0,-0.441302,-3.836566,4.255486,0.009039,0.000303,0.990658
1123,0,-2.924563,-2.641096,6.084976,0.000122,0.000162,0.999716
1124,0,-2.483806,-2.801122,5.810625,0.000250,0.000182,0.999568
1125,0,-2.699702,-2.835946,6.029818,0.000162,0.000141,0.999697
1126,0,-1.706489,-3.429780,5.521017,0.000726,0.000130,0.999145
1127,0,-2.217996,-3.102976,5.851212,0.000313,0.000129,0.999558
1128,0,-3.063484,-2.407012,6.028517,0.000113,0.000217,0.999671
1129,0,-2.975091,-2.453521,5.987177,0.000128,0.000216,0.999656
1130,0,-1.467895,-3.950545,5.552391,0.000893,0.000075,0.999033
1131,0,-2.942147,-2.470942,5.935771,0.000139,0.000223,0.999637
1132,0,0.507766,-3.489193,3.435965,0.050730,0.000932,0.948338
1133,0,-3.028875,-2.392745,5.966867,0.000124,0.000234,0.999642
1134,0,-2.961421,-2.541417,5.995773,0.000129,0.000196,0.999675
1135,0,-2.561135,-2.727577,5.640279,0.000274,0.000232,0.999494
1136,0,-4.583930,2.296964,2.898833,0.000363,0.353788,0.645849
1137,0,-1.669462,-3.294543,5.469707,0.000793,0.000156,0.999051
1138,0,-2.402219,-2.787442,5.756550,0.000286,0.000195,0.999519
1139,0,-2.801636,-2.592542,5.899053,0.000166,0.000205,0.999628
1140,0,-0.181807,-4.632990,4.627504,0.008087,0.000094,0.991819
1141,0,-3.237127,-2.258844,6.016974,0.000096,0.000255,0.999650
1142,0,-1.287564,-3.749467,5.372375,0.001279,0.000109,0.998611
1143,0,-3.296788,-2.264765,6.040170,0.000088,0.000247,0.999665
1144,0,-0.496779,-0.664826,1.431355,0.114653,0.096918,0.788430
1145,0,-1.302065,-4.088947,5.472004,0.001142,0.000070,0.998788
1146,0,-3.365646,-1.940349,5.924982,0.000092,0.000384,0.999524
1147,0,-3.981017,3.135482,1.307657,0.000699,0.860901,0.138401
1148,0,-3.961730,0.194917,4.323109,0.000248,0.015853,0.983899
1149,0,-2.588007,-2.789534,5.981610,0.000190,0.000155,0.999655
1150,0,-2.858553,-2.799724,6.106745,0.000128,0.000135,0.999737
1151,0,-1.961320,-3.254576,5.697572,0.000472,0.000129,0.999399
1152,0,-1.117252,-3.522636,4.919003,0.002384,0.000215,0.997401
1153,0,-0.135375,-4.305532,4.577976,0.008894,0.000137,0.990969
1154,0,-2.821465,-2.303417,5.711040,0.000197,0.000330,0.999473
1155,0,-2.895525,-2.418125,5.828543,0.000163,0.000262,0.999575
1156,0,-0.324938,-3.676507,4.414375,0.008666,0.000304,0.991030
1157,0,-3.010849,-2.493853,6.014532,0.000120,0.000202,0.999678
1158,0,-3.995802,-1.140852,5.687845,0.000062,0.001081,0.998857
1159,0,-2.499858,-3.015182,5.945195,0.000215,0.000128,0.999657
1160,0,-3.019779,-1.388692,5.163094,0.000279,0.001425,0.998296
1161,0,-2.647441,-2.905266,6.035540,0.000169,0.000131,0.999700
1162,0,-2.709143,-2.391278,5.839827,0.000194,0.000266,0.999540
1163,0,-3.818539,0.924707,3.609084,0.000556,0.063866,0.935578
1164,0,-1.655570,-3.487566,5.508048,0.000774,0.000124,0.999103
1165,0,-2.528757,-2.856272,5.878307,0.000223,0.000161,0.999616
1166,0,-1.247737,0.206577,1.362552,0.052953,0.226722,0.720324
1167,0,-2.799554,-2.779366,6.096116,0.000137,0.000140,0.999723
1168,0,-1.376785,-3.805832,5.451152,0.001082,0.000095,0.998823
1169,0,-2.894042,-2.549369,5.989384,0.000139,0.000196,0.999666
1170,0,-3.563581,-0.931226,5.060305,0.000179,0.002493,0.997328
1171,0,-3.721539,1.885603,2.643146,0.001171,0.318806,0.680023
1172,0,1.994044,-2.974729,0.841504,0.755981,0.005255,0.238764
1173,0,-2.591379,-2.782891,5.935997,0.000198,0.000163,0.999639
1174,0,-2.953557,-2.524390,6.013719,0.000127,0.000196,0.999677
1175,0,-2.795035,-2.793895,6.083958,0.000139,0.000139,0.999721
1176,0,-4.700741,1.875672,3.565307,0.000217,0.155790,0.843993
1177,0,-3.984202,2.130512,2.614160,0.000842,0.381070,0.618088
1178,0,-2.387605,-3.140911,6.003691,0.000227,0.000107,0.999666
1179,0,-0.890923,-2.478727,3.918106,0.008076,0.001651,0.990273
1180,0,-3.317872,-2.053766,5.946862,0.000095,0.000335,0.999570
1181,0,-1.832801,-1.373963,3.958091,0.003031,0.004796,0.992172
1182,0,-2.704097,-2.822494,6.047113,0.000158,0.000141,0.999701
1183,0,-2.680981,-2.781913,5.868744,0.000194,0.000175,0.999632
1184,0,-4.265858,-0.564509,5.465189,0.000059,0.002400,0.997540
1185,0,-3.169403,-2.133891,5.805178,0.000127,0.000356,0.999517
1186,0,-2.518428,-2.856025,5.975039,0.000205,0.000146,0.999649
1187,0,-3.954943,-0.721148,5.398514,0.000086,0.002194,0.997719
1188,0,-0.951542,-4.062316,5.302793,0.001918,0.000085,0.997996
1189,0,-1.615369,-3.714919,5.601298,0.000734,0.000090,0.999176
1190,0,-2.393410,-2.028348,5.243320,0.000482,0.000694,0.998824
1191,0,-3.256933,0.732618,3.286021,0.001334,0.072102,0.926564
1192,0,-3.271555,0.060439,3.794620,0.000833,0.023316,0.975851
1193,0,-2.499855,-2.566319,5.703756,0.000274,0.000256,0.999471
1194,0,-1.584105,-3.739909,5.654831,0.000718,0.000083,0.999199
1195,0,0.977698,-4.467845,3.063049,0.110476,0.000477,0.889047
1196,0,-3.758941,-1.120560,5.569341,0.000089,0.001242,0.998670
1197,0,-1.846919,-3.451800,5.710783,0.000522,0.000105,0.999373
1198,0,-0.879555,-3.124664,4.327105,0.005447,0.000577,0.993976
1199,0,-2.321657,-3.087821,5.927795,0.000261,0.000121,0.999617
1200,0,-3.094955,-2.368808,6.015944,0.000110,0.000228,0.999661
1201,0,-2.374299,-2.318384,5.246259,0.000490,0.000518,0.998992
1202,0,-3.763518,-1.532032,5.806376,0.000070,0.000650,0.999281
1203,0,-3.086753,-2.309450,6.074095,0.000105,0.000229,0.999666
1204,0,-2.745437,-2.649813,5.986475,0.000161,0.000177,0.999661
1205,0,-0.417033,-3.766371,4.545910,0.006942,0.000244,0.992814
1206,0,-2.389323,-2.944540,5.907394,0.000249,0.000143,0.999608
1207,0,-2.873442,-2.671986,6.071081,0.000130,0.000160,0.999710
1208,0,-3.106370,-2.314786,5.955175,0.000116,0.000256,0.999628
1209,0,-4.691889,2.286533,3.189820,0.000269,0.288298,0.711434
1210,0,-3.197541,-2.203815,6.001048,0.000101,0.000273,0.999626
1211,0,-3.233914,-1.681593,5.629162,0.000141,0.000668,0.999191
1212,0,-0.323857,-2.050412,3.163194,0.029527,0.005253,0.965220
1213,0,-3.828582,-0.588223,4.925311,0.000157,0.004015,0.995828
1214,0,-1.915190,-3.121319,5.531322,0.000583,0.000175,0.999242
1215,0,-1.978773,-0.840231,4.006967,0.002489,0.007770,0.989742
1216,0,-3.996011,0.699277,3.915751,0.000352,0.038537,0.961111
1217,0,-2.811249,-2.668793,6.042609,0.000143,0.000165,0.999693
1218,0,-2.133072,-2.720804,5.572629,0.000450,0.000250,0.999300
1219,0,-3.315584,1.871047,2.152197,0.002399,0.429140,0.568461
1220,0,-1.662687,0.638590,1.525932,0.028375,0.283383,0.688242
1221,0,2.111919,-3.826121,1.466364,0.654875,0.001727,0.343398
1222,0,-3.095861,-2.399230,5.938787,0.000119,0.000239,0.999642
1223,0,0.524951,-0.865409,0.318601,0.484841,0.120718,0.394441
1224,0,-4.432867,0.768301,4.319790,0.000154,0.027878,0.971968
1225,0,-2.446143,-2.633848,5.707245,0.000288,0.000238,0.999474
1226,0,-3.320385,-1.832371,5.788495,0.000111,0.000490,0.999400
1227,0,-4.523167,0.417767,4.761117,0.000092,0.012825,0.987083
1228,0,-2.879023,-2.583338,6.015005,0.000137,0.000184,0.999678
1229,0,-2.473306,-2.588349,5.794013,0.000257,0.000229,0.999515
1230,0,-2.593717,-2.747167,5.934285,0.000198,0.000170,0.999633
1231,0,-0.776536,-4.024446,4.878424,0.003487,0.000136,0.996377
1232,0,-2.451652,0.765519,2.274158,0.007206,0.179835,0.812959
1233,0,-4.487411,1.610962,3.627890,0.000264,0.117406,0.882330
1234,0,-3.826330,-1.344921,5.817933,0.000065,0.000774,0.999161
1235,0,-2.001424,-1.687366,4.221335,0.001974,0.002703,0.995323
1236,0,-3.042405,-2.244523,5.908988,0.000130,0.000288,0.999583
1237,0,-2.650699,-2.831393,5.964147,0.000181,0.000151,0.999667
1238,0,-2.777326,-2.703244,6.067276,0.000144,0.000155,0.999701
1239,0,-0.819660,-4.042090,4.807067,0.003587,0.000143,0.996270
1240,0,-3.348091,-1.647349,5.674927,0.000121,0.000660,0.999219
1241,0,-3.805321,-0.170252,4.537816,0.000236,0.008939,0.990825
1242,0,-1.468617,-3.218544,5.191708,0.001279,0.000222,0.998499
1243,0,-2.228149,-3.202312,5.867039,0.000305,0.000115,0.999580
1244,0,2.184185,-4.623538,2.163896,0.504790,0.000558,0.494652
1245,0,-1.410122,-1.160982,3.324608,0.008612,0.011049,0.980339
1246,0,-3.163101,-1.209957,5.152557,0.000244,0.001722,0.998034
1247,0,4.377644,-4.348479,-0.530438,0.992508,0.000161,0.007331
1248,0,-3.269045,-2.256259,6.072133,0.000088,0.000241,0.999671
1249,0,3.471718,-5.165948,1.090505,0.915235,0.000162,0.084603
1250,0,-1.719658,-3.257151,5.531344,0.000709,0.000152,0.999139
1251,0,-0.266687,-4.555010,4.713057,0.006828,0.000094,0.993078
1252,0,-4.164928,1.727841,3.166059,0.000529,0.191720,0.807751
1253,0,-3.063003,-1.943113,5.628300,0.000168,0.000515,0.999318
1254,0,-1.063308,-3.490170,4.899693,0.002565,0.000227,0.997208
1255,0,-2.520424,-2.938948,5.919966,0.000216,0.000142,0.999642
1256,0,-2.671911,-2.864946,6.040885,0.000164,0.000136,0.999700
1257,0,-2.828615,-2.690532,6.033478,0.000142,0.000163,0.999696
1258,0,-2.896231,-2.379982,5.867014,0.000156,0.000262,0.999582
1259,0,-4.664976,1.306955,3.930972,0.000172,0.067597,0.932231
1260,0,-2.414901,-2.880050,5.932278,0.000237,0.000149,0.999614
1261,0,-4.001197,-0.305248,4.905779,0.000135,0.005426,0.994440
1262,0,-2.927043,-0.794176,4.240633,0.000766,0.006460,0.992774
1263,0,-0.110536,-4.736688,4.771126,0.007527,0.000074,0.992400
1264,0,-2.438431,-2.505301,5.600806,0.000322,0.000302,0.999376
1265,0,-3.293900,1.176869,2.856284,0.001795,0.156891,0.841314
1266,0,-1.135662,-3.748085,5.213521,0.001745,0.000128,0.998127
1267,0,-2.994869,-2.563540,6.032841,0.000120,0.000185,0.999695
1268,0,-3.113069,-2.363006,6.037093,0.000106,0.000225,0.999669
1269,0,-3.167421,1.034518,2.684036,0.002406,0.160786,0.836807
1270,0,-2.451954,-2.960357,5.924372,0.000230,0.000138,0.999631
1271,0,-2.524821,-2.775461,5.881886,0.000223,0.000174,0.999603
1272,0,-2.184206,-3.279630,5.914739,0.000304,0.000102,0.999595
1273,0,-2.431341,-3.057304,5.891544,0.000243,0.000130,0.999627
1274,0,-2.866167,-2.515578,5.908710,0.000155,0.000219,0.999626
1275,0,-2.674450,-2.794569,5.952948,0.000179,0.000159,0.999662
1276,0,-1.808661,-3.082841,5.531580,0.000648,0.000181,0.999170
1277,0,-3.900792,-1.056534,5.521521,0.000081,0.001389,0.998531
1278,0,0.538543,-3.916764,3.476614,0.050274,0.000584,0.949142
1279,0,-4.382493,3.000507,2.057287,0.000447,0.719428,0.280125
1280,0,-3.745330,1.358927,3.045642,0.000947,0.156060,0.842992
1281,0,-2.712109,-2.872760,6.054110,0.000156,0.000133,0.999711
1282,0,-3.088172,-1.703087,5.474369,0.000191,0.000763,0.999046
1283,0,-3.223189,-2.015272,5.870513,0.000112,0.000376,0.999512
1284,0,-2.555758,-2.879984,5.995460,0.000193,0.000140,0.999667
1285,0,-2.174213,-3.171625,5.797389,0.000345,0.000127,0.999528
1286,0,-3.038254,-2.451367,6.026490,0.000116,0.000208,0.999676
1287,0,-2.203329,-3.301433,5.904276,0.000301,0.000100,0.999598
1288,0,-0.913081,-3.529730,4.878345,0.003044,0.000222,0.996734
1289,0,-0.455878,-3.954894,4.484904,0.007097,0.000215,0.992689
1290,0,-2.775401,0.901076,2.713463,0.003540,0.139853,0.856607
1291,0,-1.742715,-3.564986,5.653021,0.000613,0.000099,0.999287
1292,0,-4.485620,1.159708,4.019305,0.000191,0.054177,0.945632
1293,0,-3.059805,-2.483278,6.024734,0.000113,0.000202,0.999685
1294,0,-2.477225,-2.944329,5.947552,0.000219,0.000137,0.999643
1295,0,-4.136111,0.513226,4.252759,0.000222,0.023208,0.976570
1296,0,-3.474267,-1.669899,5.867521,0.000088,0.000532,0.999380
1297,0,-2.166533,-3.126726,5.725345,0.000374,0.000143,0.999483
1298,0,-3.666389,-1.666126,5.964286,0.000066,0.000485,0.999449
1299,0,2.607158,-5.335297,2.170520,0.607327,0.000216,0.392458
1300,0,-3.402220,-1.017909,5.035592,0.000216,0.002344,0.997440
1301,0,0.429528,-2.519353,2.496357,0.111705,0.005853,0.882442
1302,0,1.349822,1.397543,-3.326542,0.485864,0.509611,0.004525
1303,0,-2.217211,-3.350172,5.964537,0.000280,0.000090,0.999630
1304,0,1.153093,-4.274742,3.140721,0.120444,0.000529,0.879027
1305,0,-3.725118,-0.766761,5.138973,0.000141,0.002716,0.997143
1306,0,-2.613609,-2.954440,6.036905,0.000175,0.000124,0.999701
1307,0,-0.853422,-3.998044,5.069821,0.002669,0.000115,0.997216
1308,0,-2.918254,-2.676665,6.033028,0.000130,0.000165,0.999705
1309,0,-4.107029,-0.610540,5.344322,0.000078,0.002586,0.997335
1310,0,-2.469453,-2.982398,5.968068,0.000217,0.000130,0.999654
1311,0,1.310950,-4.136028,2.870597,0.173567,0.000748,0.825685
1312,0,-2.549385,-2.783552,5.915276,0.000211,0.000167,0.999623
1313,0,-0.261814,-4.114753,4.561728,0.007973,0.000169,0.991858
1314,0,-2.667125,-2.814613,5.982890,0.000175,0.000151,0.999674
1315,0,-3.584734,-1.635107,5.847251,0.000080,0.000563,0.999357
1316,0,-2.748572,-2.741252,6.023064,0.000155,0.000156,0.999689
1317,0,-2.708890,-2.535924,5.769777,0.000208,0.000247,0.999545
1318,0,-0.288113,-4.369481,4.737173,0.006526,0.000110,0.993364
1319,0,-2.985678,-2.634924,6.096647,0.000114,0.000161,0.999725
1320,0,-2.438431,-2.505301,5.600806,0.000322,0.000302,0.999376
1321,0,-4.496675,0.539381,4.532598,0.000118,0.018104,0.981778
1322,0,-4.270430,-0.149523,5.125826,0.000083,0.005090,0.994828
1323,0,-0.877325,-3.879846,4.956473,0.002918,0.000145,0.996937
1324,0,-3.398522,-1.183411,5.013338,0.000222,0.002031,0.997747
1325,0,0.155642,-1.807353,1.918335,0.143502,0.020153,0.836345
1326,0,-4.488299,0.416053,4.627095,0.000108,0.014613,0.985279
1327,0,-1.276872,-3.762347,5.452161,0.001194,0.000099,0.998706
1328,0,-2.938101,-2.475056,5.988983,0.000133,0.000211,0.999656
1329,0,-2.173856,-3.041120,5.693623,0.000383,0.000161,0.999456
1330,0,-1.910325,-3.450550,5.759340,0.000467,0.000100,0.999433
1331,0,-3.652790,-0.241924,4.454983,0.000298,0.009038,0.990663
1332,0,-2.490229,-2.826034,5.909533,0.000225,0.000161,0.999614
1333,0,-2.263717,-3.311071,5.948652,0.000271,0.000095,0.999634
1334,0,-2.376367,-3.082140,5.962894,0.000239,0.000118,0.999643
1335,0,-3.510158,-1.747631,5.909947,0.000081,0.000472,0.999447
1336,0,-3.313701,0.142178,3.774883,0.000812,0.025742,0.973445
1337,0,-1.829190,-3.660425,5.747469,0.000512,0.000082,0.999406
1338,0,0.256582,-4.133473,3.953884,0.024183,0.000300,0.975517
1339,0,-3.858433,-1.284334,5.768174,0.000066,0.000864,0.999070
1340,0,1.024006,-4.671379,3.503953,0.077256,0.000260,0.922484
1341,0,-2.685096,-2.814039,6.022052,0.000165,0.000145,0.999689
1342,0,-1.902794,-3.527147,5.762660,0.000468,0.000092,0.999439
1343,0,-1.145730,-1.129963,3.212666,0.012477,0.012675,0.974848
1344,0,-3.389358,-1.989799,5.931794,0.000089,0.000363,0.999548
1345,0,-3.161912,-2.087879,5.808893,0.000127,0.000372,0.999501
1346,0,-3.927081,1.702236,3.086368,0.000719,0.200202,0.799079
1347,0,0.222858,-4.670263,4.248574,0.017535,0.000131,0.982333
1348,0,-4.105069,-0.765873,5.518497,0.000066,0.001862,0.998072
1349,0,-2.046365,-1.837469,4.330928,0.001693,0.002087,0.996220
1350,0,-2.830789,-2.699500,6.086483,0.000134,0.000153,0.999713
1351,0,1.357179,-4.432454,2.696344,0.207515,0.000635,0.791850
1352,0,-2.469848,-3.180533,6.003052,0.000209,0.000103,0.999688
1353,0,-1.845797,-3.020272,5.425368,0.000695,0.000215,0.999091
1354,0,-1.213375,-3.661672,5.006556,0.001985,0.000172,0.997843
1355,0,-1.546081,0.517186,1.470553,0.034137,0.268711,0.697152
1356,0,-4.418288,0.629018,4.409055,0.000143,0.022309,0.977547
1357,0,-2.638505,-2.812009,5.939160,0.000188,0.000158,0.999654
1358,0,-4.101093,1.124435,3.797497,0.000347,0.064559,0.935094
1359,0,-0.632948,-4.119063,4.933466,0.003809,0.000117,0.996074
1360,0,-2.621227,-2.112097,5.346018,0.000346,0.000576,0.999077
1361,0,-2.640606,-2.611456,5.743794,0.000228,0.000235,0.999537
1362,0,-3.146389,-2.410424,6.025019,0.000104,0.000217,0.999679
1363,0,-2.465066,-2.639292,5.659064,0.000296,0.000249,0.999455
1364,0,-2.631771,0.855213,2.527148,0.004815,0.157405,0.837780
1365,0,-2.438431,-2.505301,5.600806,0.000322,0.000302,0.999376
1366,0,-3.596249,-1.649088,5.941937,0.000072,0.000505,0.999423
1367,0,-2.897393,-2.273979,5.862285,0.000157,0.000293,0.999551
1368,0,-1.085438,-3.626117,5.232952,0.001799,0.000142,0.998059
1369,0,-0.416975,-3.826291,4.587507,0.006662,0.000220,0.993118
1370,0,-3.112230,-2.558370,6.126831,0.000097,0.000169,0.999734
1371,0,-3.788448,-1.539654,5.881766,0.000063,0.000598,0.999339
1372,0,-3.058802,-2.293894,5.893049,0.000129,0.000278,0.999592
1373,0,-2.960861,-2.526948,6.082798,0.000118,0.000182,0.999700
1374,0,-2.940117,-1.403871,5.027645,0.000346,0.001607,0.998047
1375,0,-2.152778,-2.292463,5.106294,0.000703,0.000611,0.998686
1376,0,0.412176,-2.719249,2.748623,0.087811,0.003833,0.908355
1377,0,-3.523266,-0.760239,4.915368,0.000216,0.003416,0.996368
1378,0,-2.960040,-2.350626,5.976387,0.000131,0.000242,0.999627
1379,0,-1.971653,-0.371071,3.156304,0.005726,0.028380,0.965894
1380,0,-0.130604,-3.539508,4.227832,0.012631,0.000418,0.986951
1381,0,-3.889577,1.279259,3.280524,0.000677,0.118990,0.880333
1382,0,-4.126389,-0.576534,5.371446,0.000075,0.002604,0.997321
1383,0,-2.005833,1.389865,1.136973,0.018517,0.552465,0.429018
1384,0,-1.818253,-2.572744,5.096860,0.000991,0.000466,0.998543
1385,0,-2.708890,-2.535924,5.769777,0.000208,0.000247,0.999545
1386,0,3.832708,-4.639966,0.343697,0.970177,0.000203,0.029621
1387,0,-1.141039,-3.552727,5.136327,0.001875,0.000168,0.997957
1388,0,-2.435393,-3.033623,5.890046,0.000242,0.000133,0.999625
1389,0,-2.533853,-2.817932,5.863751,0.000225,0.000170,0.999605
1390,0,1.824937,-3.821016,1.669466,0.537766,0.001899,0.460334
1391,0,-3.601333,-1.532750,5.613921,0.000099,0.000787,0.999114
1392,0,-2.752156,-2.557628,5.950869,0.000166,0.000202,0.999632
1393,0,-1.012814,-3.884779,5.262666,0.001878,0.000106,0.998016
1394,0,-1.708370,-3.286882,5.352712,0.000857,0.000177,0.998966
1395,0,-1.466274,-3.620886,5.512392,0.000931,0.000108,0.998962
1396,0,-3.163674,-2.440074,6.081975,0.000097,0.000199,0.999705
1397,0,0.467093,-4.528443,3.984850,0.028806,0.000195,0.970999
1398,0,-0.466162,-4.598666,4.977053,0.004307,0.000069,0.995624
1399,0,-1.752884,-0.357889,2.717169,0.010823,0.043670,0.945507
1400,0,-2.642111,-2.888547,6.002883,0.000176,0.000138,0.999687
1401,0,-2.931705,-2.559933,6.058951,0.000125,0.000181,0.999695
1402,0,-3.656668,0.192770,4.087867,0.000424,0.019927,0.979648
1403,0,-4.146806,0.655785,4.362209,0.000197,0.023972,0.975832
1404,0,-2.378874,-2.817364,5.739115,0.000298,0.000192,0.999510
1405,0,-3.897424,-0.984943,5.532648,0.000080,0.001475,0.998445
1406,0,-2.709705,-2.768753,6.008101,0.000164,0.000154,0.999682
1407,0,3.263178,-4.225954,0.589446,0.934970,0.000523,0.064508
1408,0,-3.523330,-1.860713,5.909853,0.000080,0.000422,0.999498
1409,0,-2.473149,-2.980683,5.908392,0.000229,0.000138,0.999633
1410,0,-1.192774,-3.701015,4.774915,0.002553,0.000208,0.997239
1411,0,-1.564867,-3.388300,5.405957,0.000938,0.000151,0.998911
1412,0,-2.020694,-3.072091,5.500844,0.000541,0.000189,0.999270
1413,0,-2.803035,-2.660872,6.066385,0.000141,0.000162,0.999697
1414,0,-3.364595,-1.932842,5.809072,0.000104,0.000434,0.999462
1415,0,-1.984745,-0.731135,3.386070,0.004555,0.015956,0.979489
1416,0,-3.066332,-2.403910,6.033613,0.000112,0.000217,0.999672
1417,0,-2.548982,-2.800930,5.957564,0.000202,0.000157,0.999641
1418,0,-2.262503,-2.956638,5.583771,0.000391,0.000195,0.999414
1419,0,-1.029196,-3.117772,4.477457,0.004041,0.000501,0.995458
1420,0,-3.306318,-2.188953,6.051328,0.000086,0.000264,0.999650
1421,0,-4.074579,2.185747,2.663119,0.000731,0.382593,0.616676
1422,0,-3.013105,-2.482239,6.062547,0.000114,0.000194,0.999691
1423,0,-0.176158,-3.688705,4.099184,0.013711,0.000409,0.985880
1424,0,-2.560246,-2.589939,5.719777,0.000253,0.000246,0.999501
1425,0,-2.425654,-2.579278,5.510909,0.000357,0.000306,0.999336
1426,0,-2.981261,-2.185712,5.748442,0.000162,0.000358,0.999480
1427,0,-3.204308,-2.069650,5.975712,0.000103,0.000320,0.999577
1428,0,-2.990011,1.375491,2.372284,0.003414,0.268652,0.727934
1429,0,-2.000139,-2.840052,5.464334,0.000573,0.000247,0.999180
1430,0,-2.101468,-3.293499,5.757463,0.000386,0.000117,0.999497
1431,0,-2.371145,-2.959690,5.875773,0.000262,0.000145,0.999593
1432,0,3.840945,-3.598787,-0.789028,0.989763,0.000581,0.009655
1433,0,-3.043313,-2.557621,6.108343,0.000106,0.000172,0.999722
1434,0,-3.047523,-2.552844,6.127705,0.000104,0.000170,0.999727
1435,0,-2.198424,1.810885,0.678602,0.013537,0.746022,0.240440
1436,0,-3.163294,-1.760655,5.621235,0.000153,0.000622,0.999225
1437,0,0.005556,1.928679,-2.358944,0.126004,0.862153,0.011844
1438,0,-0.698340,-4.340137,5.110007,0.002993,0.000078,0.996928
1439,0,-0.964903,-3.992960,5.247299,0.002001,0.000097,0.997903
1440,0,-0.460850,-3.342178,4.159030,0.009752,0.000547,0.989701
1441,0,-0.620534,-1.794817,2.716024,0.033978,0.010500,0.955522
1442,0,-0.515013,-4.194364,4.646091,0.005702,0.000144,0.994154
1443,0,-3.038882,-2.323318,5.913067,0.000129,0.000265,0.999606
1444,0,-1.730116,-2.908136,5.327729,0.000860,0.000265,0.998876
1445,0,-3.328440,-1.890428,5.919929,0.000096,0.000405,0.999498
1446,0,1.509761,1.484483,-3.444780,0.504518,0.491925,0.003558
1447,0,-2.938042,-2.565560,6.052903,0.000124,0.000181,0.999695
1448,0,-2.606989,-2.836184,5.972512,0.000188,0.000149,0.999663
1449,0,-2.997959,-2.373007,5.993443,0.000124,0.000232,0.999643
1450,0,-2.249328,-3.276344,5.947198,0.000276,0.000099,0.999626
1451,0,-2.438337,-2.997027,5.935865,0.000231,0.000132,0.999637
1452,0,-4.281621,2.227709,2.593582,0.000610,0.409289,0.590101
1453,0,-1.078533,-4.144813,5.421596,0.001501,0.000070,0.998429
1454,0,-1.744004,1.182904,0.866374,0.030053,0.561093,0.408854
1455,0,-2.476583,-2.217794,5.304617,0.000417,0.000540,0.999043
1456,0,-1.851956,-3.415929,5.581468,0.000591,0.000124,0.999286
1457,0,-2.778640,2.138111,1.147885,0.005311,0.725260,0.269429
1458,0,-2.004478,-3.259805,5.786519,0.000413,0.000118,0.999469
1459,0,-2.868988,-2.483392,5.923301,0.000152,0.000223,0.999625
1460,0,-0.641630,-2.030406,3.365303,0.017785,0.004435,0.977780
1461,0,-1.589419,-3.531503,5.529400,0.000809,0.000116,0.999075
1462,0,0.066110,-2.045121,2.437580,0.084501,0.010232,0.905267
1463,0,-2.425152,-3.021055,5.930603,0.000235,0.000129,0.999636
1464,0,-1.816048,-2.421542,4.794409,0.001343,0.000733,0.997923
1465,0,-3.404872,-1.982891,5.845379,0.000096,0.000398,0.999506
1466,0,-2.715463,-2.265913,5.603339,0.000244,0.000382,0.999374
1467,0,-1.984119,-3.178237,5.588114,0.000514,0.000156,0.999330
1468,0,-2.377490,-3.163892,5.983009,0.000234,0.000107,0.999660
1469,0,-1.829131,-3.156512,5.451338,0.000688,0.000183,0.999129
1470,0,-4.047247,-0.809414,5.496023,0.000072,0.001823,0.998106
1471,0,-4.059906,-0.057441,4.654043,0.000163,0.008910,0.990927
1472,0,-2.982831,-2.506532,6.044225,0.000120,0.000193,0.999687
1473,0,-2.630061,-2.871358,5.968960,0.000184,0.000145,0.999671
1474,0,-2.438431,-2.505301,5.600806,0.000322,0.000302,0.999376
1475,0,4.771101,-3.113401,-1.897797,0.998356,0.000376,0.001268
1476,0,-3.455006,0.281814,3.885400,0.000631,0.026488,0.972881
1477,0,0.954970,0.683195,-2.036086,0.551797,0.420484,0.027719
1478,0,-2.810339,-2.668109,5.976606,0.000153,0.000176,0.999671
1479,0,3.981375,-4.635665,0.244677,0.976550,0.000177,0.023274
1480,0,-0.029443,-1.694944,1.873578,0.126659,0.023951,0.849390
1481,0,-3.731632,0.900480,3.383154,0.000750,0.077024,0.922226
1482,0,-3.076739,-2.456204,5.974622,0.000117,0.000218,0.999665
1483,0,-4.850320,1.522982,3.956274,0.000138,0.080658,0.919204
1484,0,-2.466017,-2.658725,5.796812,0.000258,0.000213,0.999530
1485,0,-1.975430,-3.359780,5.774504,0.000431,0.000108,0.999462
1486,0,-1.086842,-4.001313,5.317877,0.001651,0.000090,0.998260
1487,0,-2.421221,-2.832500,5.711526,0.000294,0.000195,0.999512
1488,0,-2.192170,-3.452100,5.873967,0.000314,0.000089,0.999597
1489,0,-2.664640,-2.589262,5.843877,0.000202,0.000217,0.999581
1490,0,-2.960013,-2.610977,5.987147,0.000130,0.000184,0.999686
1491,0,-1.994823,-3.282700,5.807399,0.000409,0.000113,0.999479
1492,0,-2.979259,-1.235969,4.990523,0.000345,0.001972,0.997683
1493,0,-3.428236,-2.034645,6.054779,0.000076,0.000307,0.999617
1494,0,-2.803588,-2.544298,5.978471,0.000153,0.000199,0.999648
1495,0,-2.215559,-3.267887,5.949912,0.000284,0.000099,0.999617
1496,0,-2.761254,-2.779330,6.024929,0.000153,0.000150,0.999697
1497,0,-2.105310,-2.976890,5.621779,0.000440,0.000184,0.999375
1498,0,-2.156298,-2.835617,5.690626,0.000391,0.000198,0.999411
1499,0,-1.736091,-3.352373,5.599127,0.000652,0.000129,0.999219
1500,1,0.554515,-3.799374,3.583693,0.046098,0.000593,0.953310
1501,1,1.671913,-3.703853,1.758269,0.477367,0.002209,0.520424
1502,1,-0.950874,-3.930393,5.185212,0.002158,0.000110,0.997732
1503,1,-2.964104,1.831236,1.648202,0.004491,0.543181,0.452328
1504,1,0.257468,-4.388790,4.148946,0.020003,0.000192,0.979805
1505,1,-2.757139,1.017574,2.200076,0.005354,0.233346,0.761300
1506,1,0.454713,-4.403068,3.822961,0.033294,0.000259,0.966447
1507,1,-2.144213,1.225539,1.204837,0.017080,0.496547,0.486373
1508,1,-2.398153,-2.941595,5.617561,0.000330,0.000192,0.999478
1509,1,3.775634,-1.741529,-2.280190,0.993679,0.003992,0.002329
1510,1,-1.288449,-3.577246,5.316746,0.001351,0.000137,0.998512
1511,1,-0.583065,-0.404778,1.615840,0.089204,0.106613,0.804183
1512,1,-1.941771,-3.451635,5.777315,0.000444,0.000098,0.999458
1513,1,-2.111544,-2.826668,5.351297,0.000574,0.000281,0.999146
1514,1,-0.077596,-0.227246,0.070480,0.331059,0.285045,0.383896
1515,1,-0.780745,-1.411414,2.740085,0.028293,0.015058,0.956649
1516,1,-2.699720,1.491745,1.762753,0.006501,0.429847,0.563652
1517,1,-2.030608,-2.995766,5.388468,0.000599,0.000228,0.999173
1518,1,0.174085,-3.881834,3.834926,0.025056,0.000434,0.974510
1519,1,-0.287356,-3.490890,3.997904,0.013576,0.000551,0.985873
1520,1,2.449610,-4.750975,2.082564,0.590485,0.000441,0.409075
1521,1,-2.656397,2.248149,0.705239,0.006070,0.818886,0.175044
1522,1,-2.263369,1.686867,0.944366,0.012875,0.668819,0.318306
1523,1,-4.612131,1.412586,3.809803,0.000202,0.083368,0.916430
1524,1,3.710058,-0.812687,-3.304824,0.988379,0.010733,0.000888
1525,1,-2.529741,1.831985,1.143328,0.008420,0.660063,0.331517
1526,1,1.340098,-3.852404,2.599614,0.220786,0.001227,0.777987
1527,1,-3.517699,-1.342010,5.506144,0.000120,0.001060,0.998819
1528,1,-4.175524,0.484528,4.246471,0.000215,0.022706,0.977079
1529,1,-3.148770,-1.283308,4.972317,0.000297,0.001915,0.997788
1530,1,-2.527777,-2.504404,5.488823,0.000330,0.000338,0.999333
1531,1,-2.455922,-3.094094,6.019401,0.000208,0.000110,0.999681
1532,1,0.540535,-1.150628,0.573812,0.450828,0.083090,0.466082
1533,1,0.275367,-1.723978,1.548312,0.212459,0.028772,0.758768
1534,1,-3.822753,-0.844866,5.452861,0.000094,0.001837,0.998070
1535,1,-2.614866,-2.870066,6.035496,0.000175,0.000136,0.999689
1536,1,-1.455238,-3.864237,5.554628,0.000902,0.000081,0.999017
1537,1,-4.451181,1.734995,3.497529,0.000301,0.146429,0.853270
1538,1,-1.409832,-2.150234,4.360962,0.003103,0.001480,0.995417
1539,1,0.696987,-5.114008,3.965327,0.036669,0.000110,0.963221
1540,1,-0.502968,-0.874959,1.792904,0.086040,0.059313,0.854647
1541,1,-0.673722,-0.537156,1.618850,0.083010,0.095157,0.821833
1542,1,-2.466224,1.023884,1.923285,0.008742,0.286645,0.704613
1543,1,-2.087135,0.973948,1.747798,0.014569,0.311048,0.674383
1544,1,-3.629424,-1.103354,5.423113,0.000117,0.001462,0.998421
1545,1,0.414344,-4.310752,3.850727,0.031169,0.000276,0.968555
1546,1,0.949021,-1.823514,0.708035,0.541021,0.033816,0.425163
1547,1,4.899438,-2.069971,-3.232801,0.998767,0.000939,0.000294
1548,1,-3.358041,1.923706,2.041196,0.002387,0.469538,0.528075
1549,1,-2.649940,1.599869,1.568315,0.007194,0.504234,0.488572
1550,1,-1.042803,-4.064166,5.025383,0.002310,0.000113,0.997578
1551,1,1.140051,-3.743961,2.811371,0.158059,0.001196,0.840745
1552,1,-3.241613,1.822221,2.021904,0.002838,0.448967,0.548195
1553,1,-0.599001,-0.612456,1.584903,0.092017,0.090787,0.817196
1554,1,-1.683344,-2.493306,4.740645,0.001618,0.000720,0.997662
1555,1,2.828351,-4.701113,1.371167,0.810748,0.000435,0.188816
1556,1,-1.295623,-3.605540,5.290317,0.001378,0.000137,0.998486
1557,1,-2.525604,-2.875049,5.841449,0.000232,0.000164,0.999604
1558,1,-2.739255,-2.555568,5.984673,0.000163,0.000195,0.999642
1559,1,3.654183,-3.569703,-0.349560,0.981377,0.000715,0.017907
1560,1,-0.604869,-3.599113,4.597234,0.005473,0.000274,0.994253
1561,1,-2.301798,-2.497399,5.321159,0.000489,0.000402,0.999109
1562,1,1.580550,-1.166846,-0.707171,0.857933,0.054989,0.087078
1563,1,-1.849939,-2.978815,5.233644,0.000838,0.000271,0.998891
1564,1,-1.878282,-3.547435,5.797973,0.000463,0.000087,0.999449
1565,1,-2.656397,2.248149,0.705239,0.006070,0.818886,0.175044
1566,1,1.536934,-4.118217,2.547618,0.266597,0.000933,0.732470
1567,1,-2.680414,-2.761212,5.925139,0.000183,0.000169,0.999648
1568,1,-1.769293,-3.198655,5.355299,0.000804,0.000193,0.999003
1569,1,0.165314,-4.071432,4.126029,0.018688,0.000270,0.981041
1570,1,-4.362324,2.621904,2.531469,0.000484,0.522341,0.477176
1571,1,-2.282032,1.356188,1.221725,0.013838,0.526182,0.459980
1572,1,-3.079928,0.141727,3.698062,0.001106,0.027720,0.971174
1573,1,2.201741,-5.193466,2.400825,0.450268,0.000277,0.549455
1574,1,-3.670742,-0.292220,4.526237,0.000273,0.008012,0.991714
1575,1,-1.719347,-3.161264,5.360335,0.000841,0.000199,0.998960
1576,1,-1.023732,-3.759387,4.900165,0.002667,0.000173,0.997160
1577,1,-2.659701,1.488139,1.581807,0.007473,0.473038,0.519488
1578,1,-4.538808,2.810198,2.473219,0.000375,0.583237,0.416387
1579,1,-3.153154,-2.451658,6.109984,0.000095,0.000191,0.999714
1580,1,-3.386005,-1.968893,5.991816,0.000085,0.000349,0.999567
1581,1,-3.967958,-0.115020,4.581736,0.000192,0.009041,0.990768
1582,1,-2.553123,1.903490,1.146436,0.007835,0.675380,0.316784
1583,1,1.279853,-4.114831,2.747989,0.187067,0.000849,0.812084
1584,1,-0.443190,-2.128140,2.972629,0.031618,0.005864,0.962518
1585,1,-2.290381,-1.956069,4.751780,0.000872,0.001219,0.997909
1586,1,-1.958324,-3.101660,5.561828,0.000542,0.000173,0.999286
1587,1,-2.488700,0.696826,2.328072,0.006723,0.162560,0.830718
1588,1,-0.517231,2.563529,-2.211481,0.043557,0.948441,0.008003
1589,1,4.357637,-2.891797,-1.768691,0.997113,0.000709,0.002178
1590,1,-1.204640,-3.586225,5.185428,0.001675,0.000155,0.998170
1591,1,-1.936484,-3.238760,5.678918,0.000492,0.000134,0.999374
1592,1,-2.430516,-2.381537,5.507550,0.000357,0.000375,0.999269
1593,1,-0.171216,-4.008936,4.208272,0.012373,0.000267,0.987360
1594,1,-4.751683,2.600458,2.870739,0.000277,0.432718,0.567004
1595,1,-1.078934,-3.511708,4.899685,0.002525,0.000222,0.997253
1596,1,-0.805545,0.040762,1.086665,0.100351,0.233920,0.665729
1597,1,2.302192,-4.058107,1.640933,0.658792,0.001139,0.340069
1598,1,-1.442896,-1.917752,4.108646,0.003857,0.002399,0.993744
1599,1,-2.438431,-2.505301,5.600806,0.000322,0.000302,0.999376
1600,1,-2.533363,-2.915797,5.831537,0.000233,0.000159,0.999608
1601,1,-3.630963,-1.316691,5.577221,0.000100,0.001013,0.998887
1602,1,1.802147,-4.943425,2.729086,0.283451,0.000333,0.716215
1603,1,-0.093811,-4.206888,4.498851,0.010023,0.000164,0.989813
1604,1,0.199114,-0.993940,0.691603,0.340173,0.103172,0.556654
1605,1,-2.351010,2.353479,0.153807,0.008085,0.892942,0.098973
1606,1,-2.438431,-2.505301,5.600806,0.000322,0.000302,0.999376
1607,1,-4.128400,2.859422,1.955369,0.000657,0.711314,0.288029
1608,1,-0.899902,-3.367640,4.565702,0.004210,0.000357,0.995433
1609,1,-2.332356,2.000868,0.681872,0.010250,0.780927,0.208823
1610,1,-2.633361,-0.749860,3.971520,0.001340,0.008812,0.989847
1611,1,-1.013403,-3.750205,5.153944,0.002092,0.000136,0.997772
1612,1,-2.627634,-2.850551,5.938753,0.000190,0.000152,0.999657
1613,1,-3.580179,-1.743004,5.978776,0.000071,0.000443,0.999487
1614,1,-3.975779,2.666689,2.019537,0.000855,0.655807,0.343338
1615,1,-4.141635,1.171290,3.645980,0.000382,0.077622,0.921996
1616,1,-3.007486,-2.636472,6.116346,0.000109,0.000158,0.999733
1617,1,-2.719121,-2.807613,6.025152,0.000159,0.000146,0.999695
1618,1,-3.061744,1.473572,2.317210,0.003215,0.299802,0.696983
1619,1,-2.656397,2.248149,0.705239,0.006070,0.818886,0.175044
1620,1,-0.619862,-1.953167,3.012958,0.025587,0.006745,0.967669
1621,1,-2.398579,1.496263,1.264579,0.011219,0.551407,0.437374
1622,1,-3.920139,-0.974142,5.602937,0.000073,0.001390,0.998537
1623,1,-2.026764,-1.726844,4.234927,0.001900,0.002564,0.995537
1624,1,-1.864742,-3.302088,5.614236,0.000564,0.000134,0.999301
1625,1,-3.023447,-1.289330,4.813643,0.000394,0.002230,0.997376
1626,1,-1.138284,-3.807874,5.297668,0.001600,0.000111,0.998289
1627,1,0.704783,-4.348044,3.527732,0.056076,0.000358,0.943565
1628,1,-0.252790,-3.911444,4.392527,0.009513,0.000245,0.990242
1629,1,0.148033,-4.081208,4.043026,0.019932,0.000290,0.979778
1630,1,-2.192287,-3.056762,5.695330,0.000375,0.000158,0.999467
1631,1,1.244413,-4.482086,2.975170,0.150417,0.000490,0.849093
1632,1,-2.944884,1.392128,2.198743,0.004019,0.307372,0.688609
1633,1,2.232114,-3.292467,1.068217,0.759731,0.003029,0.237239
1634,1,-0.067427,-3.694002,3.964767,0.017418,0.000463,0.982118
1635,1,1.936048,-3.804441,1.786746,0.536330,0.001723,0.461946
1636,1,3.262284,-4.671818,0.877386,0.915368,0.000328,0.084304
1637,1,-2.473486,-2.920932,5.775702,0.000261,0.000167,0.999572
1638,1,1.036847,-3.527102,2.744189,0.153264,0.001597,0.845139
1639,1,-0.348595,0.651623,-0.280765,0.208809,0.567726,0.223464
1640,1,-3.805255,0.636162,3.782122,0.000486,0.041231,0.958284
1641,1,0.391021,-1.317487,1.208891,0.290124,0.052552,0.657324
1642,1,-2.810058,-2.438496,5.789215,0.000184,0.000267,0.999549
1643,1,-2.540513,-2.558288,5.486464,0.000326,0.000321,0.999353
1644,1,-4.072368,2.322667,2.478692,0.000769,0.460718,0.538513
1645,1,-2.989196,-1.802155,5.483677,0.000209,0.000685,0.999107
1646,1,-2.711180,-2.847742,6.042973,0.000158,0.000138,0.999705
1647,1,-2.656397,2.248149,0.705239,0.006070,0.818886,0.175044
1648,1,-2.876132,-2.499348,5.928624,0.000150,0.000219,0.999631
1649,1,-2.744437,-2.580550,5.957830,0.000166,0.000196,0.999638
1650,1,-2.353498,-3.008361,5.926640,0.000253,0.000132,0.999615
1651,1,-0.696766,-3.870134,4.806457,0.004056,0.000170,0.995774
1652,1,-2.050508,-3.006437,5.494514,0.000528,0.000203,0.999268
1653,1,-1.091286,-3.353729,4.879427,0.002545,0.000265,0.997190
1654,1,-3.051300,-2.443353,6.055156,0.000111,0.000204,0.999685
1655,1,-0.748929,-4.306350,5.198186,0.002606,0.000074,0.997319
1656,1,-3.920606,1.299558,3.144212,0.000737,0.136401,0.862861
1657,1,-0.869436,-0.553550,1.585114,0.071364,0.097874,0.830762
1658,1,-0.126908,1.531752,-1.772524,0.155155,0.814916,0.029928
1659,1,-1.890394,-1.460352,4.126873,0.002421,0.003722,0.993856
1660,1,-2.175440,2.089963,0.434419,0.011656,0.829852,0.158492
1661,1,-1.508067,-3.611268,5.461843,0.000939,0.000115,0.998947
1662,1,-3.965685,0.596981,4.023509,0.000328,0.031466,0.968205
1663,1,2.640498,-4.965357,1.973969,0.660508,0.000329,0.339163
1664,1,-2.040139,-1.538650,4.023548,0.002312,0.003817,0.993872
1665,1,-3.203918,-2.281062,5.967493,0.000104,0.000262,0.999635
1666,1,-2.954835,-2.607462,6.076473,0.000120,0.000169,0.999711
1667,1,-2.865529,1.485737,1.797378,0.005419,0.420423,0.574157
1668,1,-0.366411,-1.090750,1.790722,0.098707,0.047838,0.853455
1669,1,-4.264602,2.000076,2.928729,0.000538,0.283046,0.716416
1670,1,-2.966012,1.892058,1.710615,0.004216,0.542938,0.452846
1671,1,4.811415,-4.391325,-0.813705,0.996307,0.000100,0.003593
1672,1,-2.233896,-3.036989,5.773272,0.000333,0.000149,0.999518
1673,1,-0.114610,-4.245497,4.430018,0.010511,0.000169,0.989320
1674,1,-2.577654,-2.965261,6.044138,0.000180,0.000122,0.999698
1675,1,-0.378356,-0.720289,1.528655,0.118437,0.084137,0.797426
1676,1,-1.431458,-3.661376,5.471010,0.001004,0.000108,0.998888
1677,1,-1.024156,0.926169,0.373669,0.082800,0.582161,0.335039
1678,1,-3.397206,-2.003533,5.985302,0.000084,0.000339,0.999577
1679,1,0.845089,-3.780191,3.150566,0.090590,0.000888,0.908522
1680,1,-2.438431,-2.505301,5.600806,0.000322,0.000302,0.999376
1681,1,-3.886351,-1.139722,5.762439,0.000064,0.001005,0.998931
1682,1,4.881323,-4.014243,-1.183983,0.997547,0.000137,0.002316
1683,1,-1.605720,-3.588144,5.379932,0.000924,0.000127,0.998949
1684,1,-3.490833,-0.571586,4.564957,0.000315,0.005842,0.993843
1685,1,-2.105152,-3.001676,5.655343,0.000426,0.000174,0.999400
1686,1,2.555412,-5.431065,2.261225,0.572909,0.000195,0.426896
1687,1,-1.206957,-3.234103,4.818433,0.002410,0.000317,0.997273
1688,1,-2.745791,-2.637215,5.974675,0.000163,0.000182,0.999655
1689,1,-1.028871,1.039145,0.219020,0.080697,0.638238,0.281065
1690,1,-3.211042,-1.816355,5.641282,0.000143,0.000577,0.999281
1691,1,-3.336772,2.269108,1.617553,0.002411,0.655776,0.341813
1692,1,-2.867935,-2.692531,6.111938,0.000126,0.000150,0.999724
1693,1,-2.311615,-3.117920,5.927480,0.000264,0.000118,0.999618
1694,1,0.618952,0.515029,-1.475553,0.493967,0.445210,0.060823
1695,1,-1.484796,-3.148024,5.078116,0.001409,0.000267,0.998324
1696,1,-3.331401,-1.629284,5.630042,0.000128,0.000703,0.999169
1697,1,-1.252993,0.314978,1.170713,0.058532,0.280775,0.660693
1698,1,-1.943613,-3.184381,5.639770,0.000509,0.000147,0.999344
1699,1,-1.997806,-3.408585,5.753302,0.000430,0.000105,0.999465
1700,1,-3.508363,2.500483,1.606918,0.001740,0.708390,0.289869
1701,1,-2.244370,1.346211,1.492627,0.012622,0.457611,0.529767
1702,1,-2.741012,2.796897,0.065106,0.003681,0.935421,0.060898
1703,1,-1.340842,-3.067841,4.758790,0.002238,0.000398,0.997364
1704,1,-1.716491,-3.584249,5.621281,0.000650,0.000100,0.999250
1705,1,-3.664486,1.543197,2.727816,0.001281,0.233923,0.764797
1706,1,-1.669755,1.146122,0.738815,0.034691,0.579612,0.385697
1707,1,4.191714,-1.854992,-2.570232,0.996490,0.002357,0.001153
1708,1,0.679860,-4.503043,3.679035,0.047451,0.000266,0.952283
1709,1,0.122427,-3.967825,4.021785,0.019846,0.000332,0.979822
1710,1,-3.976845,3.146889,1.320355,0.000694,0.860751,0.138556
1711,1,-2.768113,-2.603653,5.933305,0.000166,0.000196,0.999638
1712,1,-2.826646,-2.532353,5.938621,0.000156,0.000209,0.999635
1713,1,-3.205138,-2.154076,6.042122,0.000096,0.000276,0.999628
1714,1,-2.786961,-2.666975,6.005809,0.000152,0.000171,0.999677
1715,1,-3.285456,2.752316,0.954483,0.002043,0.856132,0.141825
1716,1,-4.450285,2.049608,3.150259,0.000375,0.249524,0.750100
1717,1,1.697229,-3.988939,2.199898,0.376432,0.001277,0.622291
1718,1,0.239496,-1.171636,0.876550,0.319003,0.077794,0.603203
1719,1,3.676700,-4.533533,0.250105,0.968270,0.000263,0.031466
1720,1,-2.283006,-3.014589,5.821468,0.000302,0.000145,0.999553
1721,1,-0.856738,-2.928204,4.282343,0.005825,0.000734,0.993441
1722,1,-2.662296,-2.830298,5.986848,0.000175,0.000148,0.999677
1723,1,-1.573173,-3.506680,5.334987,0.000998,0.000144,0.998857
1724,1,-1.126216,-3.783919,5.332322,0.001564,0.000110,0.998326
1725,1,-2.237556,-2.907163,5.634478,0.000381,0.000195,0.999424
1726,1,-0.398248,-4.027580,4.555798,0.007004,0.000186,0.992810
1727,1,0.608938,1.822407,-2.827736,0.227412,0.765272,0.007316
1728,1,-3.712458,1.505598,2.998706,0.000993,0.183273,0.815734
1729,1,3.869442,-4.804390,0.387774,0.970001,0.000166,0.029833
1730,1,-2.040962,-3.431410,5.803496,0.000392,0.000098,0.999511
1731,1,-1.882842,-2.998028,5.549716,0.000591,0.000194,0.999215
1732,1,-1.452339,0.591341,1.288356,0.041294,0.318745,0.639961
1733,1,-3.478866,2.533952,1.574159,0.001766,0.721803,0.276430
1734,1,1.107197,-4.322030,3.012026,0.129489,0.000568,0.869943
1735,1,-3.995643,2.607772,2.090656,0.000849,0.625942,0.373210
1736,1,-1.506795,-3.509500,5.566126,0.000847,0.000114,0.999039
1737,1,-3.916734,0.680694,3.736884,0.000453,0.044931,0.954617
1738,1,-0.840814,-3.922833,5.098637,0.002626,0.000120,0.997253
1739,1,-1.788093,0.819066,1.338685,0.026766,0.362959,0.610275
1740,1,-2.615360,-2.804619,6.058651,0.000171,0.000141,0.999688
1741,1,-2.268309,-3.003824,5.858778,0.000295,0.000142,0.999563
1742,1,-1.046278,-3.260283,4.821368,0.002821,0.000308,0.996871
1743,1,-3.554438,2.566451,1.532155,0.001618,0.736554,0.261828
1744,1,-2.107297,1.584506,0.843571,0.016600,0.665958,0.317441
1745,1,-3.876878,1.934136,2.637341,0.000990,0.330774,0.668236
1746,1,-0.560414,-2.947374,3.726794,0.013540,0.001244,0.985215
1747,1,-2.750366,-2.754995,6.052394,0.000150,0.000150,0.999700
1748,1,-4.320416,2.690041,2.399039,0.000516,0.571946,0.427538
1749,1,-2.033638,1.537475,0.929719,0.017883,0.635851,0.346266
1750,1,-3.292109,-1.617880,5.528500,0.000148,0.000787,0.999066
1751,1,-3.560282,-1.776224,5.870541,0.000080,0.000477,0.999443
1752,1,-3.750266,-1.378794,5.804984,0.000071,0.000758,0.999171
1753,1,-0.511207,-3.798093,4.608098,0.005943,0.000222,0.993835
1754,1,-0.423478,0.153844,0.505859,0.188179,0.335196,0.476625
1755,1,-1.402740,-3.458472,5.316211,0.001206,0.000154,0.998639
1756,1,-4.056555,2.792058,1.899747,0.000752,0.708833,0.290415
1757,1,-2.465358,-2.950508,5.871122,0.000240,0.000147,0.999613
1758,1,-4.521870,2.818709,2.368793,0.000396,0.610377,0.389227
1759,1,-1.793914,1.218326,1.020124,0.026309,0.534935,0.438756
1760,1,3.484511,-4.081281,0.057604,0.968049,0.000501,0.031449
1761,1,-2.528118,-2.780272,5.853171,0.000229,0.000178,0.999593
1762,1,-0.990589,-3.149009,4.665876,0.003481,0.000402,0.996117
1763,1,0.035012,-4.622353,4.500563,0.011366,0.000108,0.988526
1764,1,-1.112326,1.357844,-0.300780,0.066331,0.784331,0.149337
1765,1,-0.426556,0.412001,-0.072758,0.211082,0.488238,0.300680
1766,1,-1.301270,1.711128,-0.119272,0.040655,0.826772,0.132572
1767,1,-3.473479,0.818868,3.279612,0.001074,0.078572,0.920354
1768,1,1.655347,-3.761591,2.171152,0.373214,0.001657,0.625129
1769,1,-3.047473,-1.019825,4.791836,0.000393,0.002982,0.996625
1770,1,0.193701,-4.088003,4.161469,0.018560,0.000256,0.981184
1771,1,0.379785,-4.472507,4.127294,0.023029,0.000180,0.976791
1772,1,-2.487958,-2.962430,5.965919,0.000213,0.000133,0.999654
1773,1,0.074119,-4.096993,3.936592,0.020577,0.000318,0.979106
1774,1,-2.873903,-2.616531,6.075702,0.000130,0.000168,0.999702
1775,1,0.204556,1.645410,-2.204336,0.188174,0.794906,0.016920
1776,1,-4.235546,2.756383,2.204410,0.000583,0.634223,0.365194
1777,1,-2.308563,-3.046220,5.819730,0.000295,0.000141,0.999564
1778,1,-2.325901,-0.975439,4.038800,0.001707,0.006588,0.991705
1779,1,-2.657571,1.325587,1.832523,0.006953,0.373298,0.619748
1780,1,-1.971030,0.939268,1.477101,0.019684,0.361435,0.618882
1781,1,-0.840997,1.207784,-0.433978,0.097459,0.756126,0.146415
1782,1,0.510056,-3.940221,3.444021,0.050470,0.000589,0.948941
1783,1,-0.795860,-3.778397,4.720115,0.004005,0.000203,0.995792
1784,1,-2.628783,0.893120,2.326766,0.005656,0.191442,0.802902
1785,1,0.571215,-4.536819,3.810234,0.037715,0.000228,0.962057
1786,1,-4.386751,1.282077,3.635666,0.000299,0.086755,0.912946
1787,1,0.513996,1.159886,-1.743970,0.331978,0.633309,0.034713
1788,1,0.686227,-4.912892,3.820173,0.041722,0.000154,0.958124
1789,1,-2.438431,-2.505301,5.600806,0.000322,0.000302,0.999376
1790,1,0.116915,-3.825835,4.022961,0.019716,0.000382,0.979902
1791,1,2.184253,-4.502132,2.153398,0.507392,0.000633,0.491975
1792,1,-2.438443,-1.954745,4.813844,0.000707,0.001147,0.998146
1793,1,-2.335598,-3.020174,5.799541,0.000293,0.000148,0.999559
1794,1,-2.345488,-1.277844,4.460709,0.001102,0.003206,0.995692
1795,1,-2.657523,0.323493,3.117050,0.002918,0.057505,0.939577
1796,1,-3.317215,-0.748679,4.621210,0.000355,0.004631,0.995014
1797,1,-0.703370,-1.067197,2.223225,0.049118,0.034138,0.916744
1798,1,-3.031690,2.641864,0.744879,0.002979,0.866960,0.130062
1799,1,-1.554338,-3.071823,5.165546,0.001205,0.000264,0.998531
1800,1,-3.724322,-0.580343,5.059284,0.000153,0.003541,0.996306
1801,1,2.973133,-4.210213,0.735824,0.902931,0.000685,0.096384
1802,1,0.074534,-3.617920,3.816758,0.023139,0.000576,0.976284
1803,1,-2.852637,-2.593344,5.924054,0.000154,0.000200,0.999646
1804,1,-1.487952,-3.419232,5.280450,0.001148,0.000166,0.998686
1805,1,-2.456321,-2.969347,5.874479,0.000241,0.000144,0.999615
1806,1,-2.656397,2.248149,0.705239,0.006070,0.818886,0.175044
1807,1,-0.730884,-2.966573,4.021497,0.008549,0.000914,0.990537
1808,1,-0.344240,-3.608202,4.365790,0.008921,0.000341,0.990738
1809,1,-2.587676,-2.901165,6.026704,0.000181,0.000133,0.999686
1810,1,-2.438431,-2.505301,5.600806,0.000322,0.000302,0.999376
1811,1,0.401309,-0.769305,0.241903,0.462358,0.143413,0.394229
1812,1,0.912220,-2.083513,1.294945,0.397413,0.019871,0.582716
1813,1,-2.005972,-3.150483,5.701649,0.000449,0.000143,0.999408
1814,1,-3.518337,-0.577894,4.713044,0.000265,0.005010,0.994725
1815,1,-1.037712,-4.076455,5.307563,0.001752,0.000084,0.998164
1816,1,-4.190321,-0.227897,5.124779,0.000090,0.004713,0.995198
1817,1,-0.179109,-1.238126,1.639386,0.133167,0.046182,0.820651
1818,1,-1.671616,1.683978,-0.009696,0.028627,0.820525,0.150848
1819,1,4.200243,-4.102141,-0.539757,0.991093,0.000246,0.008661
1820,1,-0.377437,-3.366173,4.175273,0.010423,0.000525,0.989052
1821,1,-2.825037,-2.150464,5.531073,0.000235,0.000461,0.999304
1822,1,0.043650,1.276209,-1.576056,0.216078,0.741148,0.042774
1823,1,-2.703012,-2.715483,6.059982,0.000156,0.000154,0.999689
1824,1,4.159826,-1.121213,-3.498041,0.994471,0.005059,0.000470
1825,1,-1.046681,0.381753,0.798024,0.086969,0.362847,0.550184
1826,1,-2.380578,-2.788629,5.834539,0.000270,0.000180,0.999550
1827,1,-2.620359,-2.562687,5.744787,0.000233,0.000247,0.999521
1828,1,-0.479501,-3.510282,4.244209,0.008800,0.000425,0.990775
1829,1,-2.559656,-2.430849,5.584610,0.000290,0.000330,0.999380
1830,1,-2.345453,-1.013462,4.008096,0.001726,0.006540,0.991734
1831,1,-0.704248,-0.333532,1.472356,0.088770,0.128607,0.782623
1832,1,-2.191752,1.691845,0.886907,0.014020,0.681342,0.304638
1833,1,-2.819062,-2.482009,5.993476,0.000149,0.000208,0.999643
1834,1,-2.303647,-2.647467,5.357816,0.000470,0.000333,0.999196
1835,1,-1.072621,0.518353,1.099249,0.068105,0.334295,0.597600
1836,1,-1.319038,0.357004,1.604517,0.040077,0.214189,0.745734
1837,1,-1.653241,-3.320503,5.365391,0.000894,0.000169,0.998937
1838,1,3.977707,-3.100987,-1.200168,0.993559,0.000837,0.005604
1839,1,-0.701628,-3.865281,4.723571,0.004384,0.000185,0.995431
1840,1,-2.937680,0.474541,3.074362,0.002275,0.068993,0.928733
1841,1,-2.319408,-3.060167,5.797344,0.000298,0.000142,0.999559
1842,1,-0.153978,-0.042112,0.003638,0.304036,0.340023,0.355941
1843,1,-1.040479,-3.392691,4.809826,0.002870,0.000273,0.996857
1844,1,-4.152509,0.979052,3.905097,0.000300,0.050866,0.948834
1845,1,-3.076812,2.317284,1.317755,0.003310,0.728547,0.268143
1846,1,-2.656397,2.248149,0.705239,0.006070,0.818886,0.175044
1847,1,-2.939696,-2.495325,6.058423,0.000124,0.000193,0.999684
1848,1,-2.792245,-2.626638,5.973412,0.000156,0.000184,0.999660
1849,1,-2.438431,-2.505301,5.600806,0.000322,0.000302,0.999376
1850,1,-2.623143,-2.913439,5.910542,0.000197,0.000147,0.999656
1851,1,3.642628,-1.739017,-2.223481,0.992621,0.004566,0.002813
1852,1,-1.027740,-4.043219,5.292505,0.001796,0.000088,0.998116
1853,1,-0.867475,-3.813237,5.011674,0.002789,0.000147,0.997064
1854,1,-3.121769,-2.099910,5.851288,0.000127,0.000352,0.999521
1855,1,-2.402457,1.223440,1.878759,0.009018,0.338710,0.652272
1856,1,-0.349129,-4.006688,4.610285,0.006967,0.000180,0.992853
1857,1,-3.478700,2.366926,1.884746,0.001785,0.617159,0.381056
1858,1,-4.604243,0.935657,4.232179,0.000140,0.035686,0.964174
1859,1,5.498765,-2.783076,-3.018575,0.999547,0.000253,0.000200
1860,1,1.159874,-3.431228,2.287342,0.244023,0.002475,0.753502
1861,1,0.859161,-2.877400,1.765362,0.285817,0.006813,0.707370
1862,1,-1.433710,0.786799,0.968789,0.047031,0.433246,0.519723
1863,1,2.392757,-3.723466,1.187718,0.768116,0.001695,0.230189
1864,1,-1.652792,-2.910932,5.111662,0.001152,0.000327,0.998520
1865,1,-3.516417,0.380112,3.617084,0.000767,0.037769,0.961464
1866,1,1.735360,-3.039876,1.081785,0.654185,0.005519,0.340296
1867,1,-0.852970,-3.853671,4.951586,0.003004,0.000149,0.996846
1868,1,-3.442296,-1.851520,5.813247,0.000096,0.000469,0.999436
1869,1,-2.679784,-2.405439,5.680742,0.000234,0.000308,0.999459
1870,1,-0.913520,-3.562506,4.794229,0.003308,0.000234,0.996458
1871,1,-2.262729,-2.841717,5.652555,0.000365,0.000205,0.999431
1872,1,-2.487929,-1.604511,4.764923,0.000706,0.001709,0.997585
1873,1,-1.478386,-3.628865,5.522470,0.000910,0.000106,0.998984
1874,1,1.480539,-4.632725,2.916253,0.192128,0.000425,0.807447
1875,1,0.822014,-4.148640,3.248828,0.081105,0.000563,0.918332
1876,1,3.264311,-5.087416,1.275222,0.879464,0.000208,0.120328
1877,1,-4.547159,0.471589,4.587323,0.000106,0.016050,0.983844
1878,1,-1.174670,-3.925371,5.420117,0.001365,0.000087,0.998547
1879,1,-2.088336,-2.317064,4.940607,0.000884,0.000704,0.998412
1880,1,-0.305434,-3.766559,4.382442,0.009120,0.000286,0.990594
1881,1,-2.402356,-0.856798,3.964806,0.001700,0.007976,0.990324
1882,1,-0.038015,2.168084,-2.462695,0.098341,0.892955,0.008704
1883,1,-0.458932,-4.629861,4.967153,0.004381,0.000068,0.995552
1884,1,-0.951356,1.602802,-0.803014,0.066576,0.856201,0.077222
1885,1,-0.423378,-3.515339,4.284662,0.008938,0.000406,0.990656
1886,1,-2.771975,-2.687696,5.969788,0.000160,0.000174,0.999667
1887,1,-0.321723,-0.241580,0.639675,0.212821,0.230579,0.556600
1888,1,-0.044288,-3.402763,3.565134,0.026330,0.000916,0.972754
1889,1,3.432128,-2.917017,-0.749749,0.983267,0.001719,0.015014
1890,1,-1.726283,-2.804540,5.099463,0.001084,0.000369,0.998547
1891,1,0.502623,-3.682024,3.544076,0.045556,0.000694,0.953750
1892,1,-0.974576,-3.546162,4.942852,0.002684,0.000205,0.997110
1893,1,-3.241479,-1.822049,5.616547,0.000142,0.000588,0.999270
1894,1,-1.056053,-3.917511,5.273039,0.001780,0.000102,0.998118
1895,1,1.961801,-4.954150,2.563935,0.353732,0.000351,0.645918
1896,1,-0.583199,-2.753741,3.630828,0.014547,0.001660,0.983793
1897,1,-2.088709,-3.321135,5.817742,0.000368,0.000107,0.999524
1898,1,2.045565,-4.623349,2.355834,0.422822,0.000537,0.576641
1899,1,0.579135,-3.151983,2.577884,0.118994,0.002852,0.878154
1900,1,2.130327,-4.220706,1.750776,0.593150,0.001035,0.405815
1901,1,-0.843184,-4.379779,5.198318,0.002372,0.000069,0.997559
1902,1,0.974651,-2.256542,1.261689,0.421588,0.016657,0.561755
1903,1,-2.026207,-3.362077,5.861569,0.000375,0.000099,0.999526
1904,1,-0.754757,0.495807,0.283820,0.136659,0.477254,0.386087
1905,1,-0.604101,-3.928021,4.698472,0.004953,0.000178,0.994868
1906,1,-4.162023,0.301928,4.535688,0.000165,0.014288,0.985547
1907,1,0.381266,-4.302170,4.018838,0.025635,0.000237,0.974128
1908,1,-0.174879,-4.136319,4.477843,0.009444,0.000180,0.990376
1909,1,-4.478574,2.662915,2.624650,0.000403,0.509359,0.490237
1910,1,-2.083285,1.774467,0.629205,0.015767,0.746683,0.237550
1911,1,-2.696934,-2.611947,5.839042,0.000196,0.000214,0.999590
1912,1,-1.770122,-3.318878,5.503316,0.000693,0.000147,0.999160
1913,1,0.333416,-0.046113,-0.395556,0.461555,0.315788,0.222656
1914,1,1.650107,-4.378107,2.538359,0.291266,0.000702,0.708032
1915,1,-4.525711,1.397498,3.925297,0.000198,0.073918,0.925885
1916,1,0.577794,0.716421,-1.632694,0.442802,0.508645,0.048552
1917,1,-3.992218,-0.058163,4.541298,0.000195,0.009955,0.989850
1918,1,-2.325684,-2.916571,5.793369,0.000298,0.000165,0.999537
1919,1,0.343965,-4.782578,4.084483,0.023188,0.000138,0.976674
1920,1,4.948761,-3.337957,-1.929251,0.998720,0.000252,0.001029
1921,1,1.502733,-1.134342,-0.589884,0.836866,0.059895,0.103239
1922,1,-4.142351,-0.469039,5.121428,0.000094,0.003719,0.996187
1923,1,-2.582834,-2.609104,5.726745,0.000246,0.000240,0.999514
1924,1,-3.598685,1.238472,3.362421,0.000846,0.106700,0.892453
1925,1,-0.671027,-1.505710,2.645644,0.034480,0.014965,0.950555
1926,1,-4.116608,3.116930,1.533334,0.000599,0.829216,0.170185
1927,1,-1.013676,-3.991670,5.213304,0.001971,0.000100,0.997928
1928,1,-2.029904,-3.276066,5.798221,0.000398,0.000115,0.999487
1929,1,1.116204,-3.337587,2.391738,0.217758,0.002533,0.779708
1930,1,-2.136792,-3.310028,5.827998,0.000347,0.000107,0.999545
1931,1,-2.190558,0.926324,1.632221,0.014429,0.325737,0.659834
1932,1,1.501161,-4.869570,2.867392,0.203159,0.000348,0.796494
1933,1,-4.063324,2.695498,2.050641,0.000761,0.655352,0.343888
1934,1,-2.804836,-2.172611,5.638110,0.000215,0.000405,0.999380
1935,1,-4.629585,2.190836,3.083884,0.000317,0.290389,0.709294
1936,1,2.746376,-4.105801,0.941592,0.857952,0.000907,0.141142
1937,1,-2.656397,2.248149,0.705239,0.006070,0.818886,0.175044
1938,1,-4.443294,1.890405,3.313264,0.000345,0.194147,0.805508
1939,1,3.263380,-4.891973,1.179021,0.889147,0.000255,0.110598
1940,1,-1.374707,-3.211144,5.075212,0.001578,0.000251,0.998171
1941,1,-0.736989,-3.441912,4.628987,0.004650,0.000311,0.995039
1942,1,1.083908,-4.281375,3.158756,0.111507,0.000521,0.887971
1943,1,3.046402,-3.232255,-0.275932,0.963443,0.001807,0.034750
1944,1,0.646582,-1.983798,1.451296,0.302287,0.021780,0.675932
1945,1,-4.090509,1.471668,3.192010,0.000583,0.151739,0.847679
1946,1,-2.769209,-2.722313,6.010049,0.000154,0.000161,0.999685
1947,1,-1.620927,-3.504311,5.537388,0.000778,0.000118,0.999104
1948,1,-3.096866,-0.449939,4.118297,0.000727,0.010262,0.989011
1949,1,-2.695186,-2.826584,6.067575,0.000156,0.000137,0.999706
1950,1,-1.984353,-2.405343,5.227249,0.000737,0.000484,0.998779
1951,1,1.294129,-4.708188,3.276700,0.121009,0.000299,0.878692
1952,1,-1.583321,-0.792263,2.986740,0.010024,0.022111,0.967864
1953,1,-1.648989,-3.196027,5.464087,0.000814,0.000173,0.999013
1954,1,-2.656397,2.248149,0.705239,0.006070,0.818886,0.175044
1955,1,-4.351250,0.851798,4.184938,0.000189,0.034445,0.965365
1956,1,-2.727779,-2.758517,6.012951,0.000160,0.000155,0.999685
1957,1,1.560059,-4.079903,2.350470,0.311735,0.001108,0.687158
1958,1,-0.506512,-3.985484,4.833457,0.004772,0.000147,0.995080
1959,1,3.595284,-3.244971,-0.602871,0.984162,0.001053,0.014785
1960,1,2.887445,-3.223833,0.013530,0.944559,0.002095,0.053346
1961,1,-4.035427,2.657028,1.912884,0.000840,0.677332,0.321828
1962,1,-2.656397,2.248149,0.705239,0.006070,0.818886,0.175044
1963,1,1.026462,-4.479007,3.359231,0.088413,0.000359,0.911227
1964,1,-3.124409,-2.365725,6.037690,0.000105,0.000224,0.999671
1965,1,-3.570654,-0.284986,4.488784,0.000313,0.008375,0.991312
1966,1,-2.475901,-3.003289,6.000936,0.000208,0.000123,0.999669
1967,1,0.408568,-4.057045,3.844697,0.031174,0.000358,0.968468
1968,1,-0.557263,-2.934234,3.960824,0.010781,0.001001,0.988218
1969,1,-1.296450,-3.678004,5.365092,0.001277,0.000118,0.998605
1970,1,-2.560585,1.519061,1.575414,0.008152,0.481955,0.509894
1971,1,-2.473010,-2.806856,5.852385,0.000242,0.000173,0.999584
1972,1,-2.952413,1.837436,1.696646,0.004429,0.532769,0.462802
1973,1,1.909041,-4.221125,2.212461,0.424330,0.000923,0.574747
1974,1,-1.270934,-4.034814,5.469800,0.001180,0.000074,0.998745
1975,1,2.058725,-3.610743,1.351496,0.668244,0.002305,0.329450
1976,1,0.550573,-1.203743,0.632702,0.442748,0.076607,0.480645
1977,1,1.828339,-4.148490,2.312793,0.380833,0.000966,0.618201
1978,1,-2.019784,-3.318714,5.776412,0.000411,0.000112,0.999477
1979,1,-1.295076,0.651121,0.952116,0.057263,0.400959,0.541777
1980,1,-2.304259,0.379292,2.655737,0.006320,0.092504,0.901176
1981,1,-0.167483,-3.745500,4.234510,0.012100,0.000338,0.987561
1982,1,0.513962,1.963650,-3.057621,0.189040,0.805646,0.005314
1983,1,-1.962824,-3.234228,5.668907,0.000485,0.000136,0.999380
1984,1,-2.653449,-2.840125,6.012145,0.000172,0.000143,0.999685
1985,1,-0.696323,-3.872946,4.846756,0.003899,0.000163,0.995939
1986,1,-2.646337,-2.840837,6.045756,0.000168,0.000138,0.999694
1987,1,-2.577654,-2.965261,6.044138,0.000180,0.000122,0.999698
1988,1,-0.253332,-3.505146,3.821085,0.016707,0.000647,0.982646
1989,1,0.445930,-4.370656,3.708383,0.036871,0.000298,0.962831
1990,1,-3.729686,1.855401,2.497839,0.001292,0.344250,0.654458
1991,1,-2.858931,-2.426808,5.934885,0.000152,0.000234,0.999615
1992,1,-1.140503,0.813506,0.429085,0.077751,0.548682,0.373567
1993,1,2.720023,-5.098729,1.807454,0.713321,0.000287,0.286392
1994,1,0.082323,-1.548040,1.730990,0.156350,0.030622,0.813027
1995,1,-1.320776,1.689046,-0.445104,0.042222,0.856424,0.101354
1996,1,-0.570219,-3.510499,4.535821,0.006022,0.000318,0.993660
1997,1,-2.509484,-2.703041,5.838146,0.000237,0.000195,0.999568
1998,1,-4.103709,0.881989,3.834327,0.000339,0.049609,0.950052
1999,1,-4.418043,2.523448,2.597004,0.000465,0.481395,0.518140
2000,1,-2.396141,1.122056,2.046196,0.008354,0.281741,0.709904
2001,1,-2.037152,-3.160550,5.732886,0.000422,0.000137,0.999441
2002,1,-2.177562,-2.968143,5.707560,0.000376,0.000171,0.999453
2003,1,-1.312858,-3.336358,5.179527,0.001512,0.000200,0.998288
2004,1,2.718018,-4.091283,0.823840,0.868398,0.000958,0.130644
2005,1,2.277591,-4.990190,2.211864,0.516240,0.000360,0.483400
2006,1,-4.684061,1.240464,4.073292,0.000149,0.055568,0.944284
2007,1,-3.199178,0.365304,3.596937,0.001074,0.037952,0.960974
2008,1,-2.521393,-2.495320,5.325739,0.000391,0.000401,0.999209
2009,1,-1.526453,-3.574354,5.490037,0.000896,0.000116,0.998988
2010,1,0.918058,0.678888,-2.014340,0.543316,0.427742,0.028942
2011,1,-2.586457,-2.737255,5.491439,0.000310,0.000267,0.999423
2012,1,-1.381522,-3.650951,5.460343,0.001067,0.000110,0.998823
2013,1,-0.426034,0.306818,0.175176,0.203860,0.424234,0.371906
2014,1,-2.399251,-2.482942,5.312040,0.000447,0.000411,0.999141
2015,1,-2.435920,-2.866293,5.858209,0.000250,0.000162,0.999588
2016,1,-1.349439,0.767127,0.298520,0.068971,0.572633,0.358396
2017,1,-3.247811,1.223651,2.698047,0.002125,0.185880,0.811996
2018,1,-4.711113,2.138380,3.376814,0.000238,0.224655,0.775107
2019,1,-3.487092,1.952064,2.122564,0.001983,0.456571,0.541446
2020,1,0.577794,0.716421,-1.632694,0.442802,0.508645,0.048552
2021,1,0.577794,0.716421,-1.632694,0.442802,0.508645,0.048552
2022,1,-2.253061,-1.585016,4.607904,0.001045,0.002038,0.996918
2023,1,-4.807154,0.469717,4.862660,0.000062,0.012213,0.987725
2024,1,3.198763,-4.770323,0.973561,0.902208,0.000312,0.097480
2025,1,-1.328330,-3.684123,5.356037,0.001249,0.000118,0.998633
2026,1,-2.649628,-2.384498,5.411010,0.000315,0.000411,0.999273
2027,1,-1.117324,-3.528962,5.179647,0.001838,0.000165,0.997997
2028,1,-0.927452,-3.230950,4.598598,0.003964,0.000396,0.995640
2029,1,-1.052525,0.722683,0.602381,0.082412,0.486357,0.431230
2030,1,-3.664295,-1.192916,5.387360,0.000117,0.001385,0.998498
2031,1,-1.052382,-3.685792,5.080343,0.002166,0.000156,0.997679
2032,1,0.166911,0.271842,-0.760296,0.398996,0.443139,0.157866
2033,1,-0.645771,-3.775897,4.697249,0.004758,0.000208,0.995034
2034,1,4.625692,-4.452125,-0.526417,0.994133,0.000114,0.005753
2035,1,-1.579033,-2.211729,4.160158,0.003202,0.001701,0.995098
2036,1,-0.231111,1.515998,-1.534343,0.142661,0.818585,0.038754
2037,1,-0.483772,-4.078866,4.825136,0.004922,0.000135,0.994942
2038,1,-3.205320,-1.881691,5.826478,0.000119,0.000449,0.999432
2039,1,1.389268,-1.698412,-0.157488,0.794568,0.036238,0.169194
2040,1,0.432048,-3.735180,3.521473,0.043516,0.000674,0.955810
2041,1,-2.864787,-2.678566,6.004062,0.000141,0.000169,0.999690
2042,1,-2.554799,-2.690009,5.772749,0.000242,0.000211,0.999547
2043,1,-0.950221,-3.941720,5.120637,0.002304,0.000116,0.997581
2044,1,-1.550519,-3.271255,5.280785,0.001078,0.000193,0.998729
2045,1,-0.374331,-3.488178,4.293811,0.009299,0.000413,0.990288
2046,1,0.229679,-4.627532,4.317172,0.016502,0.000128,0.983370
2047,1,-2.867653,1.172427,2.384598,0.004019,0.228396,0.767586
2048,1,-2.438431,-2.505301,5.600806,0.000322,0.000302,0.999376
2049,1,-2.037624,-1.389055,4.280704,0.001794,0.003431,0.994776
2050,1,-2.656397,2.248149,0.705239,0.006070,0.818886,0.175044
2051,1,-1.930226,-3.360268,5.613679,0.000529,0.000127,0.999344
2052,1,-3.535069,2.322947,1.829274,0.001771,0.619872,0.378357
2053,1,0.131549,-3.351788,3.362857,0.037960,0.001166,0.960874
2054,1,-2.245059,-3.244939,5.924632,0.000283,0.000104,0.999613
2055,1,0.752111,-1.804941,0.936048,0.438698,0.034014,0.527288
2056,1,1.885958,-5.157810,2.730991,0.300397,0.000262,0.699341
2057,1,-2.812415,-2.800883,6.070718,0.000139,0.000140,0.999721
2058,1,-4.769936,1.318084,4.157220,0.000125,0.055239,0.944636
2059,1,-3.117491,-2.288415,6.003143,0.000109,0.000251,0.999640
2060,1,-3.621821,0.002224,4.261625,0.000372,0.013929,0.985700
2061,1,-0.405951,1.768895,-1.533425,0.098769,0.869245,0.031986
2062,1,-0.835901,-3.937012,5.015175,0.002868,0.000129,0.997003
2063,1,-3.820328,1.383358,2.962729,0.000938,0.170724,0.828338
2064,1,0.174088,-3.739565,3.734013,0.027639,0.000552,0.971809
2065,1,1.754589,-5.264192,2.951803,0.231923,0.000208,0.767869
2066,1,-0.300767,-3.676750,4.199693,0.010978,0.000375,0.988647
2067,1,0.910001,-3.453560,2.677984,0.145523,0.001853,0.852624
2068,1,-1.196688,-3.841796,5.216705,0.001637,0.000116,0.998247
2069,1,-3.023837,-1.272286,4.899721,0.000361,0.002082,0.997557
2070,1,-1.606395,-3.685099,5.631346,0.000718,0.000090,0.999192
2071,1,-2.656397,2.248149,0.705239,0.006070,0.818886,0.175044
2072,1,0.753832,-3.647824,2.911427,0.103492,0.001269,0.895239
2073,1,-2.466326,-2.209247,5.317962,0.000416,0.000538,0.999046
2074,1,0.489280,-3.815864,3.462762,0.048606,0.000656,0.950737
2075,1,-2.247680,-3.038691,5.763659,0.000332,0.000150,0.999518
2076,1,3.224273,-4.583527,0.952828,0.906150,0.000368,0.093481
2077,1,0.150164,-3.202792,3.164930,0.046687,0.001633,0.951680
2078,1,-3.580179,-1.743004,5.978776,0.000071,0.000443,0.999487
2079,1,-2.802920,-2.549905,6.004012,0.000150,0.000193,0.999658
2080,1,-2.438431,-2.505301,5.600806,0.000322,0.000302,0.999376
2081,1,-1.613493,-2.948633,5.298892,0.000994,0.000262,0.998744
2082,1,-0.669406,-0.974700,1.936874,0.065422,0.048210,0.886369
2083,1,-1.504713,-3.012713,4.935884,0.001592,0.000352,0.998055
2084,1,3.452191,-4.913840,0.982373,0.921801,0.000214,0.077985
2085,1,-2.963097,-2.155563,5.736784,0.000167,0.000373,0.999460
2086,1,-2.700570,-2.902128,6.063240,0.000156,0.000128,0.999716
2087,1,-2.211197,-1.964309,4.620527,0.001076,0.001378,0.997546
2088,1,-2.374880,-2.833539,5.745707,0.000297,0.000188,0.999515
2089,1,-2.128771,-3.300673,5.876064,0.000334,0.000103,0.999563
2090,1,-2.208675,-3.179503,5.876593,0.000308,0.000117,0.999575
2091,1,-0.997591,-4.018520,5.300697,0.001836,0.000090,0.998075
2092,1,-2.366078,0.535947,2.460149,0.006947,0.126509,0.866544
2093,1,0.138161,-3.920808,4.053430,0.019539,0.000337,0.980124
2094,1,0.733252,0.774928,-1.758218,0.470512,0.490535,0.038953
2095,1,-1.912090,-2.999352,5.579550,0.000557,0.000188,0.999255
2096,1,-3.292912,-1.763348,5.648036,0.000131,0.000604,0.999265
2097,1,-3.585024,2.623824,1.556587,0.001495,0.742959,0.255546
2098,1,0.457309,-4.304353,3.893278,0.031182,0.000267,0.968552
2099,1,-2.874435,-1.054808,4.628265,0.000549,0.003390,0.996061
2100,1,-2.980785,-0.938835,4.635154,0.000490,0.003779,0.995730
2101,1,-0.475248,-2.356318,3.067251,0.028007,0.004269,0.967724
2102,1,-0.396463,-4.054922,4.572999,0.006898,0.000178,0.992924
2103,1,-3.266159,-1.850588,5.829524,0.000112,0.000462,0.999426
2104,1,-4.390143,1.187035,3.957074,0.000223,0.058952,0.940825
2105,1,-3.978099,0.004783,4.526894,0.000200,0.010747,0.989053
2106,1,0.225673,-1.038785,1.065096,0.277977,0.078498,0.643525
2107,1,-3.506513,0.012409,4.088289,0.000494,0.016686,0.982820
2108,1,-1.023204,0.515069,0.660318,0.090571,0.421749,0.487680
2109,1,-2.260444,-0.585426,3.510675,0.003056,0.016315,0.980629
2110,1,-0.084777,-0.377527,0.447472,0.289942,0.216357,0.493701
2111,1,-1.824744,-3.402011,5.618816,0.000585,0.000121,0.999294
2112,1,2.327316,-3.134705,0.639816,0.840883,0.003570,0.155548
2113,1,-2.350574,1.937830,0.742937,0.010427,0.759611,0.229962
2114,1,-2.577511,-2.401385,5.402905,0.000342,0.000408,0.999250
2115,1,-2.911134,-2.658991,6.079576,0.000125,0.000160,0.999715
2116,1,-1.678853,-3.433528,5.655974,0.000652,0.000113,0.999235
2117,1,-3.323911,-1.910542,5.842351,0.000104,0.000429,0.999466
2118,1,-2.558676,-2.179276,5.148695,0.000449,0.000656,0.998895
2119,1,-2.993146,-2.563402,6.106834,0.000112,0.000172,0.999717
2120,1,3.207307,-4.859567,1.103372,0.891036,0.000280,0.108685
2121,1,-3.459046,-1.895931,5.994497,0.000078,0.000374,0.999547
2122,1,-0.321053,1.221389,-1.099707,0.162999,0.762181,0.074820
2123,1,-2.509132,-2.685681,5.820888,0.000241,0.000202,0.999557
2124,1,0.861755,-4.089050,3.197082,0.088184,0.000624,0.911192
2125,1,-1.135953,-3.712695,5.254007,0.001675,0.000127,0.998197
2126,1,-1.660591,-2.882753,5.051232,0.001215,0.000358,0.998428
2127,1,-2.301942,-2.855359,5.768413,0.000313,0.000180,0.999508
2128,1,-3.465581,0.219970,3.999624,0.000560,0.022309,0.977132
2129,1,-2.029011,0.050413,2.623021,0.008788,0.070299,0.920913
2130,1,-2.328427,-2.671942,5.633194,0.000348,0.000247,0.999405
2131,1,-4.448612,1.810864,3.252446,0.000366,0.191230,0.808404
2132,1,-4.110065,0.815257,3.936466,0.000307,0.042228,0.957465
2133,1,-1.159239,-3.842567,5.358259,0.001475,0.000101,0.998424
2134,1,-4.017900,1.974866,2.810089,0.000755,0.302314,0.696932
2135,1,-3.218577,-2.079641,5.842018,0.000116,0.000363,0.999521
2136,1,-2.252353,-3.152994,5.905934,0.000286,0.000116,0.999597
2137,1,-3.046511,-2.489095,6.085300,0.000108,0.000189,0.999703
2138,1,-2.656397,2.248149,0.705239,0.006070,0.818886,0.175044
2139,1,-2.564514,-2.075317,5.183416,0.000431,0.000703,0.998866
2140,1,-3.149278,-2.002268,5.707852,0.000142,0.000448,0.999410
2141,1,-1.110091,-1.548918,3.409631,0.010700,0.006900,0.982400
2142,1,-1.915973,-3.041091,5.333586,0.000710,0.000230,0.999060
2143,1,-3.075602,-2.424889,6.064126,0.000107,0.000206,0.999687
2144,1,-2.690204,-0.884224,4.079610,0.001139,0.006930,0.991932
2145,1,1.001352,-4.805499,3.570264,0.071151,0.000214,0.928635
2146,1,1.234387,-1.725320,0.380407,0.676796,0.035081,0.288123
2147,1,-0.286658,1.877078,-1.951124,0.101083,0.879783,0.019134
2148,1,2.215354,-4.983411,2.290682,0.481004,0.000360,0.518636
2149,1,1.112162,-4.653764,3.435274,0.089202,0.000279,0.910519
2150,1,0.424342,-4.518529,4.138082,0.023802,0.000170,0.976029
2151,1,-2.782229,-1.180028,4.616542,0.000610,0.003027,0.996363
2152,1,-0.967760,1.597655,-0.843321,0.066056,0.859134,0.074810
2153,1,-2.889357,1.002428,2.605492,0.003408,0.166983,0.829609
2154,1,-3.199358,2.083365,1.856285,0.002818,0.554959,0.442223
2155,1,-2.558357,2.052748,1.007841,0.007300,0.734395,0.258305
2156,1,-2.301303,-0.957300,3.881830,0.002044,0.007836,0.990121
2157,1,-1.279100,-3.588474,5.280029,0.001415,0.000141,0.998445
2158,1,-2.237556,-2.907163,5.634478,0.000381,0.000195,0.999424
2159,1,-2.445926,1.080163,1.714581,0.010091,0.343013,0.646896
2160,1,5.252602,-3.808398,-1.902144,0.999103,0.000116,0.000780
2161,1,-1.122152,-3.795813,5.308440,0.001609,0.000111,0.998280
2162,1,0.023308,-1.519662,1.935838,0.125251,0.026772,0.847977
2163,1,-2.648753,-2.484666,5.741157,0.000227,0.000268,0.999505
2164,1,0.746922,-1.491498,0.672987,0.491314,0.052387,0.456299
2165,1,0.577794,0.716421,-1.632694,0.442802,0.508645,0.048552
2166,1,-2.476799,-2.853770,5.802385,0.000254,0.000174,0.999572
2167,1,1.885829,-3.726330,1.794778,0.521751,0.001906,0.476343
2168,1,-2.789431,1.108195,2.189859,0.005111,0.251897,0.742992
2169,1,2.974677,-4.418315,1.092581,0.867388,0.000534,0.132078
2170,1,2.819996,-4.610225,1.259337,0.826043,0.000490,0.173467
2171,1,2.112332,-4.360689,1.913688,0.549032,0.000848,0.450120
2172,1,-4.399216,0.582270,4.378686,0.000151,0.021955,0.977895
2173,1,-0.955229,-3.725093,5.060332,0.002434,0.000153,0.997413
2174,1,-2.750535,0.836607,2.538464,0.004250,0.153567,0.842182
2175,1,0.725604,-0.517311,-0.713371,0.655432,0.189119,0.155449
2176,1,-0.317318,-4.066136,4.660528,0.006841,0.000161,0.992998
2177,1,-1.923868,0.549390,2.136735,0.014110,0.167362,0.818527
2178,1,-2.438431,-2.505301,5.600806,0.000322,0.000302,0.999376
2179,1,-2.042937,-3.197469,5.639609,0.000461,0.000145,0.999394
2180,1,-1.861342,-3.510444,5.829111,0.000457,0.000088,0.999455
2181,1,4.514619,-2.883485,-2.008888,0.997923,0.000611,0.001465
2182,1,-2.957325,1.100284,2.503470,0.003400,0.196640,0.799960
2183,1,0.603254,0.840105,-1.964785,0.426632,0.540651,0.032717
2184,1,-4.408974,2.464843,2.681749,0.000461,0.445779,0.553759
2185,1,-3.241133,-2.075641,5.931016,0.000104,0.000333,0.999563
2186,1,-1.584571,-0.227401,2.464055,0.016076,0.062459,0.921465
2187,1,-0.953247,-3.353148,4.767711,0.003265,0.000296,0.996439
2188,1,-2.332759,-2.956340,5.904705,0.000264,0.000142,0.999594
2189,1,4.154263,-3.197489,-1.293303,0.995076,0.000638,0.004286
2190,1,0.327052,-2.870594,2.740576,0.081872,0.003345,0.914782
2191,1,2.829848,-3.917299,0.888963,0.873552,0.001026,0.125422
2192,1,-2.676122,-2.804704,6.008943,0.000169,0.000149,0.999682
2193,1,-2.295949,-2.821750,5.523621,0.000402,0.000237,0.999361
2194,1,-2.606962,-2.911027,6.012801,0.000180,0.000133,0.999686
2195,1,2.334738,-4.608407,1.925121,0.600648,0.000580,0.398773
2196,1,-2.042167,-3.032226,5.564893,0.000497,0.000185,0.999319
2197,1,2.621974,-4.328291,1.196556,0.805564,0.000772,0.193664
2198,1,0.111483,-3.430095,3.767763,0.025160,0.000729,0.974111
2199,1,0.220337,-4.802171,4.495565,0.013717,0.000090,0.986193
2200,1,-2.120129,-2.958307,5.623502,0.000433,0.000187,0.999379
2201,1,-1.590914,-3.706975,5.575043,0.000772,0.000093,0.999135
2202,1,-2.141825,-2.968594,5.728096,0.000382,0.000167,0.999451
2203,1,-2.656397,2.248149,0.705239,0.006070,0.818886,0.175044
2204,1,2.829183,-4.647127,1.279259,0.824517,0.000467,0.175015
2205,1,-2.193145,-2.548183,5.282085,0.000566,0.000397,0.999036
2206,1,-2.692873,0.843060,2.392118,0.005079,0.174333,0.820589
2207,1,-3.980035,1.594988,3.076239,0.000702,0.185109,0.814190
2208,1,0.468228,0.827201,-1.641275,0.391672,0.560819,0.047509
2209,1,-3.086298,-0.854751,4.402901,0.000556,0.005178,0.994266
2210,1,-0.124775,-3.675548,3.858956,0.018266,0.000524,0.981209
2211,1,0.697638,-0.766244,-0.274423,0.621257,0.143719,0.235023
2212,1,-2.735142,-2.341746,5.670171,0.000224,0.000331,0.999445
2213,1,-2.438431,-2.505301,5.600806,0.000322,0.000302,0.999376
2214,1,4.628049,-2.325942,-2.474379,0.998225,0.000953,0.000822
2215,1,0.228479,-3.046374,3.074952,0.054750,0.002071,0.943179
2216,1,-2.704400,2.190130,0.826588,0.005927,0.791615,0.202458
2217,1,-2.277219,-2.975976,5.833899,0.000300,0.000149,0.999551
2218,1,-1.750206,-3.370558,5.594262,0.000646,0.000128,0.999227
2219,1,-1.076879,-3.469561,4.923218,0.002472,0.000226,0.997302
2220,1,0.577794,0.716421,-1.632694,0.442802,0.508645,0.048552
2221,1,2.481653,-3.331887,0.645786,0.860243,0.002569,0.137187
2222,1,3.800837,-4.466657,0.064773,0.976463,0.000251,0.023286
2223,1,2.955904,-4.377253,1.111358,0.862999,0.000564,0.136438
2224,1,-0.444761,-3.633492,4.050529,0.011033,0.000455,0.988512
2225,1,-3.481707,1.897663,2.190018,0.001967,0.426587,0.571447
2226,1,-0.943515,-3.777482,5.184842,0.002175,0.000128,0.997697
2227,1,-0.949942,-3.982039,5.009690,0.002574,0.000124,0.997302
2228,1,-3.289832,-1.930022,5.944485,0.000098,0.000380,0.999522
2229,1,-1.909955,-2.914113,5.374057,0.000686,0.000251,0.999063
2230,1,-1.579009,-3.654397,5.655715,0.000721,0.000090,0.999189
2231,1,0.116897,0.801386,-1.130056,0.305798,0.606322,0.087880
2232,1,-1.883659,-3.322954,5.705191,0.000506,0.000120,0.999374
2233,1,-3.070168,1.943146,1.779700,0.003583,0.538833,0.457584
2234,1,-2.378639,-2.871956,5.822147,0.000274,0.000167,0.999558
2235,1,3.665010,-4.150599,-0.004315,0.974757,0.000393,0.024850
2236,1,1.035170,-3.537961,2.447085,0.195537,0.002019,0.802444
2237,1,-2.462502,-3.104546,5.944041,0.000223,0.000118,0.999659
2238,1,-3.076231,-2.462029,6.007180,0.000113,0.000210,0.999677
2239,1,0.119098,-3.840284,3.839994,0.023629,0.000451,0.975920
2240,1,-3.317534,2.442670,1.315860,0.002374,0.753457,0.244169
2241,1,1.994030,-4.413481,2.264904,0.432384,0.000713,0.566903
2242,1,-1.169566,-3.677417,5.235910,0.001650,0.000134,0.998216
2243,1,-2.160565,0.892107,1.735043,0.014014,0.296700,0.689286
2244,1,0.335311,-2.454389,2.551108,0.097750,0.006006,0.896244
2245,1,-4.236348,2.713452,2.002325,0.000643,0.670219,0.329138
2246,1,-4.210482,2.744704,2.151949,0.000614,0.643602,0.355784
2247,1,4.948761,-3.337957,-1.929251,0.998720,0.000252,0.001029
2248,1,0.633934,-3.970603,3.258599,0.067522,0.000676,0.931802
2249,1,-0.374052,-0.414132,0.993252,0.169910,0.163235,0.666855
2250,1,-0.990719,0.682581,0.399327,0.096667,0.515210,0.388123
2251,1,5.013122,-3.537565,-1.900465,0.998814,0.000193,0.000993
2252,1,1.578166,-4.020446,2.035321,0.387105,0.001433,0.611461
2253,1,1.977879,-4.520579,2.284445,0.423683,0.000638,0.575679
2254,1,-1.727561,-3.420889,5.584928,0.000667,0.000123,0.999211
2255,1,-1.792537,-3.259142,5.468866,0.000702,0.000162,0.999137
2256,1,-0.819315,-2.331645,3.542365,0.012561,0.002768,0.984670
2257,1,-2.636412,-2.830940,5.995327,0.000178,0.000147,0.999675
2258,1,0.362164,-4.020273,3.933392,0.027343,0.000342,0.972316
2259,1,-2.300922,-1.693495,4.685580,0.000922,0.001692,0.997386
2260,1,-0.132983,0.015487,0.100230,0.292166,0.338930,0.368904
2261,1,1.731060,-5.234757,3.014644,0.216896,0.000205,0.782899
2262,1,-3.705147,0.200333,4.117592,0.000393,0.019500,0.980108
2263,1,-0.878755,-3.675205,4.916513,0.003032,0.000185,0.996783
2264,1,-1.840315,-0.803411,3.431093,0.005038,0.014208,0.980754
2265,1,-3.084057,2.031256,1.599428,0.003627,0.604111,0.392262
2266,1,-1.756027,1.122028,0.818200,0.031347,0.557342,0.411311
2267,1,-2.177195,1.513795,0.914847,0.015846,0.635188,0.348965
2268,1,-2.664374,-2.697054,5.910880,0.000189,0.000183,0.999629
2269,1,-2.934766,-2.491609,5.964977,0.000136,0.000212,0.999651
2270,1,-0.782848,-3.714774,4.863377,0.003518,0.000187,0.996295
2271,1,-1.602912,-3.294367,5.342927,0.000962,0.000177,0.998861
2272,1,-0.880959,-4.147902,5.218528,0.002239,0.000085,0.997676
2273,1,-2.563921,2.054608,0.974095,0.007313,0.741131,0.251556
2274,1,-4.436485,0.750153,4.310946,0.000154,0.027627,0.972219
2275,1,3.934896,-4.262237,0.039433,0.979807,0.000270,0.019923
2276,1,-3.080515,-2.284698,5.982077,0.000116,0.000257,0.999627
2277,1,-0.428373,-3.344929,4.177725,0.009887,0.000535,0.989578
2278,1,-2.852489,-2.664601,6.022918,0.000140,0.000169,0.999692
2279,1,-4.187686,2.158476,2.854841,0.000583,0.332425,0.666992
2280,1,-1.427923,0.935795,0.649178,0.050990,0.542044,0.406966
2281,1,-2.756177,-2.746357,6.004135,0.000157,0.000158,0.999685
2282,1,-2.215337,-3.113870,5.849566,0.000314,0.000128,0.999558
2283,1,-0.270952,-3.108593,3.808640,0.016617,0.000973,0.982410
2284,1,-0.536060,-4.185017,4.938057,0.004176,0.000109,0.995715
2285,1,-3.380791,1.553757,2.456694,0.002071,0.287850,0.710079
2286,1,-3.126907,1.454394,2.298622,0.003070,0.299722,0.697208
2287,1,-4.306331,1.928754,3.152983,0.000445,0.227092,0.772463
2288,1,-2.438431,-2.505301,5.600806,0.000322,0.000302,0.999376
2289,1,-1.330688,-3.934638,5.490055,0.001090,0.000081,0.998830
2290,1,-1.083787,-3.720309,5.242102,0.001786,0.000128,0.998086
2291,1,-1.942658,-3.301487,5.739528,0.000461,0.000118,0.999421
2292,1,-1.809474,-2.914407,5.337975,0.000786,0.000260,0.998954
2293,1,0.180902,-3.084970,3.188206,0.047012,0.001794,0.951193
2294,1,-2.175242,-2.992722,5.684339,0.000386,0.000170,0.999444
2295,1,0.082579,-0.298517,0.139435,0.364748,0.249164,0.386087
2296,1,0.266573,-0.813293,0.204963,0.438618,0.148973,0.412410
2297,1,1.405417,-4.726736,3.089120,0.156552,0.000340,0.843108
2298,1,-3.461988,-1.756736,5.922080,0.000084,0.000462,0.999454
2299,1,0.881587,1.147553,-2.303802,0.426248,0.556122,0.017631
2300,1,-1.802892,-3.550364,5.600804,0.000609,0.000106,0.999285
2301,1,-2.249515,-2.918375,5.683757,0.000358,0.000184,0.999458
2302,1,-2.656397,2.248149,0.705239,0.006070,0.818886,0.175044
2303,1,-2.363784,-2.437920,5.319751,0.000460,0.000427,0.999113
2304,1,-1.641746,-0.786618,3.141525,0.008140,0.019143,0.972717
2305,1,-3.008366,-2.485225,6.029062,0.000119,0.000201,0.999681
2306,1,-2.656397,2.248149,0.705239,0.006070,0.818886,0.175044
2307,1,-2.278594,-3.134476,5.894059,0.000282,0.000120,0.999598
2308,1,4.384215,-4.781575,-0.145144,0.989225,0.000103,0.010671
2309,1,-3.363445,-2.174228,6.034459,0.000083,0.000272,0.999645
2310,1,2.602272,-4.119502,1.023810,0.828160,0.000997,0.170843
2311,1,0.072127,-1.306880,1.437851,0.193409,0.048706,0.757885
2312,1,-1.089944,-3.384502,4.953099,0.002368,0.000239,0.997393
2313,1,-3.865506,1.896008,2.750594,0.000938,0.298192,0.700870
2314,1,-0.504486,-4.067136,4.823939,0.004828,0.000137,0.995036
2315,1,-1.733380,1.079850,0.938445,0.031124,0.518632,0.450244
2316,1,-2.656397,2.248149,0.705239,0.006070,0.818886,0.175044
2317,1,-3.614541,-1.698433,5.937977,0.000071,0.000482,0.999447
2318,1,0.025670,-4.121408,4.280400,0.013995,0.000221,0.985784
2319,1,-2.729239,-2.745594,5.909137,0.000177,0.000174,0.999649
2320,1,-3.905459,0.249470,4.186540,0.000300,0.019126,0.980574
2321,1,0.196264,-1.902561,2.014607,0.137283,0.016831,0.845886
2322,1,-2.705654,-2.758369,6.010982,0.000164,0.000155,0.999681
2323,1,-3.403991,-0.646732,4.570248,0.000342,0.005393,0.994265
2324,1,-1.194319,-3.984450,5.387480,0.001383,0.000085,0.998532
2325,1,-1.150764,0.813004,0.377115,0.078527,0.559592,0.361882
2326,1,-2.819714,0.256005,2.769711,0.003445,0.074645,0.921910
2327,1,-4.665400,2.184499,2.890250,0.000350,0.330423,0.669227
2328,1,-3.588352,2.218776,2.122756,0.001573,0.523162,0.475265
2329,1,-3.806875,0.318843,4.138742,0.000346,0.021452,0.978202
2330,1,-1.833771,-3.360057,5.574435,0.000606,0.000132,0.999263
2331,1,-2.544321,-2.898171,6.006407,0.000193,0.000136,0.999671
2332,1,1.800181,-4.531189,2.368600,0.361369,0.000643,0.637988
2333,1,-3.277825,-2.217936,6.038288,0.000090,0.000260,0.999650
2334,1,-2.785625,-2.769927,6.029485,0.000148,0.000151,0.999701
2335,1,-3.280621,-1.974316,5.773643,0.000117,0.000431,0.999452
2336,1,-3.047112,-2.421574,5.816209,0.000141,0.000264,0.999594
2337,1,-1.786323,2.123094,-0.286625,0.018067,0.900988,0.080945
2338,1,1.939208,-4.017627,1.739868,0.548890,0.001421,0.449690
2339,1,1.066215,-4.719854,3.515053,0.079504,0.000244,0.920252
2340,1,-0.679334,0.646257,0.128336,0.142713,0.537229,0.320058
2341,1,0.144214,-4.609558,4.354790,0.014619,0.000126,0.985255
2342,1,-1.392339,-3.585436,5.360859,0.001166,0.000130,0.998704
2343,1,-3.849172,-1.281455,5.721773,0.000070,0.000908,0.999022
2344,1,-2.142380,1.292713,1.517416,0.014107,0.437795,0.548098
2345,1,-0.306340,-4.238219,4.580252,0.007489,0.000147,0.992364
2346,1,0.558390,-4.314077,3.801426,0.037567,0.000288,0.962145
2347,1,2.340726,-4.556169,1.765256,0.639611,0.000647,0.359743
2348,1,-3.782348,2.260406,2.176373,0.001236,0.520352,0.478412
2349,1,-3.402740,-1.360016,5.398876,0.000150,0.001159,0.998691
2350,1,-3.166397,-2.020333,5.880580,0.000118,0.000370,0.999512
2351,1,-1.066829,-3.840587,5.093539,0.002107,0.000132,0.997762
2352,1,-2.825501,-2.754467,6.073383,0.000137,0.000147,0.999717
2353,1,-3.435514,-1.798771,5.780032,0.000099,0.000511,0.999390
2354,1,-1.966054,2.243005,-0.045360,0.013312,0.895823,0.090865
2355,1,-2.438431,-2.505301,5.600806,0.000322,0.000302,0.999376
2356,1,-3.415383,-1.922187,5.830322,0.000096,0.000429,0.999474
2357,1,-0.074629,-4.567925,4.581154,0.009416,0.000105,0.990479
2358,1,-0.530513,0.200784,0.371668,0.180416,0.374864,0.444721
2359,1,2.530256,-4.196733,1.455479,0.744839,0.000892,0.254269
2360,1,-1.903006,-3.127908,5.555586,0.000576,0.000169,0.999255
2361,1,-3.027194,-2.446730,5.997155,0.000120,0.000215,0.999664
2362,1,0.998855,-4.402391,3.334039,0.088216,0.000398,0.911386
2363,1,-3.714044,2.287569,2.164822,0.001312,0.529952,0.468736
2364,1,-0.915785,-3.914860,5.089229,0.002460,0.000123,0.997417
2365,1,-1.340235,-3.859264,5.420361,0.001157,0.000093,0.998750
2366,1,-0.408685,1.497553,-1.172915,0.122049,0.821114,0.056837
2367,1,-2.312084,-3.060339,5.798696,0.000300,0.000142,0.999558
2368,1,-2.487684,-2.710497,5.753753,0.000263,0.000211,0.999526
2369,1,0.494212,-0.779581,0.093154,0.512984,0.143517,0.343500
2370,1,4.657694,-4.025954,-1.094705,0.996667,0.000169,0.003165
2371,1,-0.978107,0.604426,0.702507,0.088999,0.433180,0.477821
2372,1,-2.378154,-3.021413,5.912908,0.000251,0.000132,0.999618
2373,1,-2.837256,-2.675140,5.995258,0.000146,0.000172,0.999683
2374,1,2.292501,-2.738018,0.017822,0.901416,0.005891,0.092693
2375,1,-2.360659,1.175286,1.597625,0.011403,0.391442,0.597155
2376,1,-2.435630,-3.018059,5.891010,0.000242,0.000135,0.999623
2377,1,2.472983,-3.951659,1.299061,0.762908,0.001237,0.235855
2378,1,0.835162,1.788418,-3.080173,0.276696,0.717789,0.005516
2379,1,-3.356195,-1.800130,5.766259,0.000109,0.000517,0.999374
2380,1,0.709640,-0.552829,-0.428996,0.623749,0.176492,0.199759
2381,1,-2.837759,-2.791046,6.102472,0.000131,0.000137,0.999732
2382,1,-0.956719,-3.451848,4.872447,0.002931,0.000242,0.996827
2383,1,4.268554,-4.597490,-0.226654,0.988823,0.000140,0.011038
2384,1,0.189601,-4.591836,4.338652,0.015532,0.000130,0.984338
2385,1,-4.631326,2.575944,2.812002,0.000327,0.441114,0.558559
2386,1,-3.561339,-1.458994,5.663738,0.000098,0.000806,0.999096
2387,1,0.017234,0.006392,0.019357,0.334298,0.330693,0.335009
2388,1,1.936264,-3.570307,1.355702,0.639532,0.002597,0.357872
2389,1,-2.656397,2.248149,0.705239,0.006070,0.818886,0.175044
2390,1,0.693955,-0.944943,0.074536,0.577217,0.112092,0.310691
2391,1,0.510228,-4.442297,3.916832,0.032082,0.000227,0.967691
2392,1,-3.778113,1.867927,2.545501,0.001188,0.336403,0.662409
2393,1,-2.245921,-3.116739,5.939623,0.000279,0.000117,0.999605
2394,1,-2.329986,1.560843,1.118055,0.012286,0.601442,0.386272
2395,1,-1.454157,-3.721654,5.570524,0.000889,0.000092,0.999019
2396,1,-1.439353,-3.451216,5.316838,0.001162,0.000155,0.998682
2397,1,2.736802,-1.839319,-1.163086,0.970366,0.009990,0.019644
2398,1,-0.211992,-1.006693,1.320838,0.164393,0.074259,0.761348
2399,1,1.364873,1.164802,-3.217601,0.546776,0.447631,0.005593
2400,1,-2.723438,-2.709841,6.022648,0.000159,0.000161,0.999680
2401,1,-3.018560,-2.179145,5.833614,0.000143,0.000331,0.999526
2402,1,-2.171047,-2.669061,5.399119,0.000515,0.000313,0.999172
2403,1,-2.656397,2.248149,0.705239,0.006070,0.818886,0.175044
2404,1,-4.535340,1.960120,3.230647,0.000331,0.219094,0.780575
2405,1,-2.662307,-2.537719,5.828872,0.000205,0.000232,0.999562
2406,1,-3.073942,-2.137878,5.865946,0.000131,0.000334,0.999535
2407,1,-1.134052,-3.359158,4.920068,0.002342,0.000253,0.997405
2408,1,-3.472826,1.019643,3.037961,0.001311,0.117139,0.881550
2409,1,-3.788650,1.528926,2.969204,0.000938,0.191323,0.807739
2410,1,0.645967,0.574010,-1.328441,0.483229,0.449678,0.067093
2411,1,-2.438431,-2.505301,5.600806,0.000322,0.000302,0.999376
2412,1,-1.336451,-3.160309,5.025847,0.001722,0.000278,0.998000
2413,1,-1.619678,-3.526027,5.571998,0.000752,0.000112,0.999136
2414,1,1.183433,-4.208168,2.883874,0.154299,0.000703,0.844998
2415,1,-3.964324,2.061295,2.581487,0.000900,0.372472,0.626628
2416,1,-2.954710,-2.480052,6.025098,0.000126,0.000202,0.999672
2417,1,0.581218,-4.052945,3.551267,0.048774,0.000474,0.950752
2418,1,-3.965685,0.596981,4.023509,0.000328,0.031466,0.968205
2419,1,1.854365,-3.087116,0.996283,0.698754,0.004992,0.296254
2420,1,-1.750943,-3.553628,5.754970,0.000549,0.000091,0.999360
2421,1,-3.274451,-2.054782,5.927339,0.000101,0.000341,0.999558
2422,1,-3.775935,2.120544,2.346965,0.001218,0.443095,0.555687
2423,1,-1.209925,-1.735420,3.188116,0.012065,0.007134,0.980801
2424,1,-3.885182,-0.278907,4.633393,0.000198,0.007300,0.992501
2425,1,-2.119318,-3.136049,5.780000,0.000371,0.000134,0.999495
2426,1,-3.454165,0.873707,3.094071,0.001291,0.097810,0.900899
2427,1,-0.955272,-3.794216,5.005290,0.002571,0.000150,0.997278
2428,1,-1.570507,-3.393639,5.340392,0.000996,0.000161,0.998843
2429,1,-3.683589,1.546543,2.960332,0.001046,0.195432,0.803521
2430,1,-2.868732,1.195931,2.151387,0.004747,0.276470,0.718783
2431,1,-2.814497,-2.449312,5.733582,0.000194,0.000279,0.999527
2432,1,-2.302168,-2.573287,5.502809,0.000407,0.000311,0.999282
2433,1,-2.656397,2.248149,0.705239,0.006070,0.818886,0.175044
2434,1,4.761021,-4.446762,-0.653918,0.995471,0.000100,0.004429
2435,1,-1.457823,-2.167273,4.125577,0.003739,0.001839,0.994422
2436,1,-0.726412,1.654182,-1.138272,0.080168,0.866727,0.053105
2437,1,-3.436886,0.844203,3.192463,0.001204,0.087099,0.911696
2438,1,-2.534126,1.034487,2.225750,0.006527,0.231512,0.761960
2439,1,-2.109417,-3.110981,5.671725,0.000417,0.000153,0.999429
2440,1,1.398893,-3.445490,2.054602,0.340787,0.002683,0.656530
2441,1,-4.224185,0.259489,4.566227,0.000150,0.013296,0.986554
2442,1,-0.465577,-3.849809,4.642382,0.006011,0.000204,0.993785
2443,1,4.509245,-2.163651,-2.795871,0.998067,0.001262,0.000671
2444,1,-1.803129,-2.695056,5.075156,0.001028,0.000422,0.998550
2445,1,-4.384975,-0.201380,5.190666,0.000069,0.004532,0.995399
2446,1,0.144307,-4.187950,4.157619,0.017748,0.000233,0.982018
2447,1,2.790468,-3.650450,0.459359,0.910098,0.001452,0.088451
2448,1,-3.181953,-2.054401,5.881224,0.000116,0.000358,0.999527
2449,1,-2.965957,-2.252132,5.854500,0.000148,0.000301,0.999551
2450,1,-2.146567,2.092998,0.352691,0.012114,0.840421,0.147466
2451,1,0.994672,-4.808282,3.589198,0.069477,0.000210,0.930313
2452,1,-1.037712,-4.076455,5.307563,0.001752,0.000084,0.998164
2453,1,-2.569496,-2.836163,5.960217,0.000197,0.000151,0.999651
2454,1,0.199114,-0.993940,0.691603,0.340173,0.103172,0.556654
2455,1,-1.239737,-3.728890,5.123557,0.001720,0.000143,0.998137
2456,1,-4.116931,1.369399,3.330634,0.000511,0.123270,0.876219
2457,1,-0.725275,0.378975,0.509009,0.134176,0.404805,0.461019
2458,1,0.497393,-4.384749,3.918941,0.031621,0.000240,0.968139
2459,1,-4.035101,2.400449,2.333252,0.000828,0.516365,0.482807
2460,1,-4.158804,2.143846,2.830950,0.000613,0.334473,0.664915
2461,1,0.773903,-3.054059,2.301565,0.177647,0.003865,0.818489
2462,1,-2.216712,0.159284,2.608026,0.007336,0.078947,0.913717
2463,1,0.635112,-4.452498,3.617318,0.048222,0.000298,0.951481
2464,1,-2.037372,-1.571214,4.113542,0.002120,0.003379,0.994501
2465,1,-0.840997,1.207784,-0.433978,0.097459,0.756126,0.146415
2466,1,-0.790754,-0.161634,1.537974,0.076099,0.142758,0.781143
2467,1,-3.071902,-2.503469,6.052835,0.000109,0.000192,0.999699
2468,1,-4.114776,-0.257417,4.921798,0.000118,0.005600,0.994282
2469,1,-2.636005,-2.760754,5.949970,0.000187,0.000165,0.999649
2470,1,-3.943476,2.626011,1.993160,0.000915,0.652538,0.346547
2471,1,-2.105919,-3.287763,5.872699,0.000343,0.000105,0.999552
2472,1,-0.635301,-1.791927,2.920799,0.027517,0.008655,0.963827
2473,1,1.749218,-1.825485,-0.489052,0.881316,0.024698,0.093986
2474,1,2.068213,-4.075889,1.860744,0.551030,0.001183,0.447788
2475,1,-3.877664,1.688834,2.854881,0.000908,0.237355,0.761738
2476,1,-4.712075,0.559256,4.716500,0.000079,0.015408,0.984513
2477,1,1.196183,-3.236103,2.150542,0.277093,0.003294,0.719613
2478,1,-0.035395,0.403155,-0.485231,0.313658,0.486313,0.200030
2479,1,0.145531,-4.501926,4.324418,0.015082,0.000145,0.984773
2480,1,0.768390,-4.826121,3.966906,0.039216,0.000146,0.960638
2481,1,-0.626062,-4.262304,4.993833,0.003612,0.000095,0.996293
2482,1,-1.481524,-3.288133,5.142375,0.001326,0.000218,0.998456
2483,1,0.325624,-2.234243,1.943921,0.163350,0.012629,0.824020
2484,1,-1.568188,-3.068281,5.117128,0.001247,0.000278,0.998475
2485,1,0.850972,-4.791142,3.750165,0.052184,0.000185,0.947631
2486,1,-2.819164,-2.069986,5.614281,0.000217,0.000460,0.999323
2487,1,-2.278094,-3.038813,5.749081,0.000326,0.000152,0.999521
2488,1,-1.635041,-2.545314,4.709764,0.001752,0.000705,0.997544
2489,1,-1.041773,-3.784817,5.146264,0.002049,0.000132,0.997819
2490,1,-2.599706,-2.538915,5.470884,0.000312,0.000332,0.999356
2491,1,-2.743019,-2.717889,6.070840,0.000149,0.000152,0.999699
2492,1,-1.116688,0.721505,0.657515,0.075868,0.476845,0.447287
2493,1,-1.855793,-3.408035,5.567594,0.000597,0.000126,0.999277
2494,1,-2.133482,-2.936990,5.617478,0.000430,0.000193,0.999377
2495,1,-0.009824,-3.788221,3.991987,0.017947,0.000410,0.981643
2496,1,-2.593142,-2.846714,5.993530,0.000187,0.000145,0.999669
2497,1,-1.323095,-3.452679,5.021838,0.001752,0.000208,0.998040
2498,1,2.007740,-4.823019,2.508245,0.377268,0.000407,0.622324
2499,1,-1.037712,-4.076455,5.307563,0.001752,0.000084,0.998164
2500,1,-0.626399,-3.044187,3.975729,0.009922,0.000884,0.989194
2501,1,-2.662413,-2.728247,5.852141,0.000200,0.000188,0.999612
2502,1,-3.029275,-2.574242,6.089699,0.000110,0.000173,0.999718
2503,1,-1.989023,-3.287306,5.809296,0.000410,0.000112,0.999478
2504,1,-3.591622,-1.712703,5.910526,0.000075,0.000489,0.999437
2505,1,-2.121137,-3.299984,5.876519,0.000336,0.000103,0.999561
2506,1,-2.458466,-2.724580,5.727303,0.000278,0.000213,0.999508
2507,1,-3.399735,2.230682,1.926950,0.002060,0.574170,0.423771
2508,1,-1.895276,-3.061601,5.517313,0.000603,0.000188,0.999209
2509,1,-1.749514,-3.226603,5.514267,0.000700,0.000160,0.999140
2510,1,-2.438431,-2.505301,5.600806,0.000322,0.000302,0.999376
2511,1,-1.813619,-3.435113,5.675003,0.000559,0.000110,0.999331
2512,1,2.094847,-4.534017,2.084500,0.502253,0.000664,0.497083
2513,1,-2.178025,-3.398880,5.935658,0.000299,0.000088,0.999612
2514,1,-3.815601,2.505933,1.946352,0.001142,0.635629,0.363229
2515,1,-2.656397,2.248149,0.705239,0.006070,0.818886,0.175044
2516,1,3.485498,-4.290752,0.255462,0.961561,0.000403,0.038036
2517,1,4.187951,-3.726165,-0.911884,0.993578,0.000363,0.006059
2518,1,-2.795449,-2.722696,5.989169,0.000153,0.000165,0.999682
2519,1,-2.656397,2.248149,0.705239,0.006070,0.818886,0.175044
2520,1,1.148917,-2.128867,0.953016,0.537691,0.020277,0.442032
2521,1,-2.919133,2.662275,0.394205,0.003402,0.903115,0.093483
2522,1,-3.195479,-2.139621,5.990434,0.000102,0.000294,0.999603
2523,1,2.634598,-5.093012,1.787409,0.699762,0.000308,0.299930
2524,1,-0.905468,-3.812075,4.942784,0.002876,0.000157,0.996967
2525,1,-0.626062,-4.262304,4.993833,0.003612,0.000095,0.996293
2526,1,-3.580179,-1.743004,5.978776,0.000071,0.000443,0.999487
2527,1,-2.637702,0.944889,2.317247,0.005592,0.201108,0.793300
2528,1,-0.232033,-3.618390,3.904645,0.015716,0.000532,0.983752
2529,1,-3.696006,0.772245,3.691474,0.000587,0.051181,0.948232
2530,1,0.913439,-4.536517,3.282035,0.085568,0.000368,0.914065
2531,1,-3.796448,2.568543,1.716994,0.001205,0.700048,0.298748
2532,1,0.848455,-4.504927,3.453709,0.068779,0.000325,0.930896
2533,1,-3.215723,1.764924,2.117090,0.002828,0.411690,0.585482
2534,1,-3.109527,0.889638,2.822071,0.002313,0.126189,0.871498
2535,1,-1.113038,-3.561658,5.177468,0.001850,0.000160,0.997990
2536,1,-2.510890,-3.099988,5.980685,0.000205,0.000114,0.999681
2537,1,-0.135863,-3.824576,4.150343,0.013566,0.000339,0.986095
2538,1,-2.148218,1.165801,1.621882,0.013912,0.382519,0.603569
2539,1,-0.634815,0.096238,0.852045,0.133325,0.276952,0.589723
2540,1,-1.980218,-3.360820,5.794373,0.000420,0.000106,0.999474
2541,1,-1.395898,1.909025,-0.652536,0.032950,0.897758,0.069293
2542,1,-4.044054,1.123682,3.516509,0.000477,0.083681,0.915842
2543,1,-1.965362,-3.221681,5.707044,0.000465,0.000132,0.999402
2544,1,0.807282,0.449352,-1.686657,0.561260,0.392389,0.046351
2545,1,1.338255,-4.611331,3.053954,0.152365,0.000397,0.847237
2546,1,-1.208673,-3.241865,4.823958,0.002393,0.000313,0.997294
2547,1,-1.796944,-3.344647,5.625988,0.000597,0.000127,0.999276
2548,1,1.000737,-2.996421,2.024842,0.262952,0.004830,0.732218
2549,1,4.550985,-4.152019,-0.942181,0.995737,0.000165,0.004097
2550,1,-0.686767,-4.151448,5.093104,0.003079,0.000096,0.996824
2551,1,-0.374691,-3.704761,4.441438,0.008031,0.000287,0.991682
2552,1,-0.306131,1.899655,-1.921393,0.097312,0.883339,0.019349
2553,1,-2.739251,1.955458,1.173792,0.006234,0.681762,0.312004
2554,1,3.716316,-3.807646,-0.262701,0.981119,0.000530,0.018351
2555,1,-1.123880,-3.359264,5.097147,0.001983,0.000212,0.997805
2556,1,-1.445590,-3.702714,5.547322,0.000917,0.000096,0.998987
2557,1,-3.282343,-1.945717,5.795942,0.000114,0.000434,0.999452
2558,1,-1.669755,1.146122,0.738815,0.034691,0.579612,0.385697
2559,1,1.113214,-2.377487,0.906544,0.542368,0.016531,0.441101
2560,1,-2.185203,-2.966995,5.713686,0.000371,0.000170,0.999459
2561,1,2.358387,-3.790067,1.148859,0.768950,0.001643,0.229407
2562,1,-0.795209,-3.893488,5.036624,0.002924,0.000132,0.996944
2563,1,0.127721,-3.265335,3.376421,0.037327,0.001254,0.961419
2564,1,-2.511372,-1.350425,4.444628,0.000949,0.003030,0.996020
2565,1,-2.781276,-1.582805,4.932731,0.000446,0.001477,0.998077
2566,1,-2.848350,-2.384140,5.716436,0.000191,0.000303,0.999506
2567,1,-2.940809,-2.321326,5.932926,0.000140,0.000260,0.999600
2568,1,0.094472,1.666889,-1.955702,0.168152,0.810205,0.021643
2569,1,-2.738333,1.636100,1.592129,0.006395,0.507723,0.485882
2570,1,0.779772,-3.157440,2.407748,0.163584,0.003190,0.833225
2571,1,-0.503545,-4.213804,4.892303,0.004514,0.000110,0.995375
2572,1,-2.751613,-2.585482,5.813710,0.000191,0.000225,0.999584
2573,1,-1.131796,0.331727,0.977765,0.073715,0.318534,0.607752
2574,1,3.517283,-3.827596,-0.001018,0.970595,0.000627,0.028778
2575,1,2.311283,-4.708023,2.094311,0.553757,0.000495,0.445748
2576,1,1.687246,-3.480644,1.812376,0.467510,0.002663,0.529827
2577,1,-3.663489,2.623818,1.654717,0.001346,0.723964,0.274689
2578,1,-3.792007,2.771690,1.218831,0.001163,0.824367,0.174471
2579,1,2.813530,-4.373689,1.159125,0.838953,0.000634,0.160413
2580,1,-3.199118,1.466446,2.346610,0.002752,0.292337,0.704911
2581,1,0.169321,-4.398711,4.369346,0.014771,0.000153,0.985075
2582,1,3.305039,-3.982846,0.323890,0.951096,0.000650,0.048253
2583,1,-2.355055,-3.037346,5.759824,0.000299,0.000151,0.999550
2584,1,-2.267431,-2.892342,5.691605,0.000349,0.000187,0.999464
2585,1,-0.898291,-3.991965,5.172266,0.002304,0.000104,0.997591
2586,1,-2.199634,-2.685764,5.408647,0.000496,0.000305,0.999199
2587,1,0.884430,-1.512141,0.453591,0.574385,0.052286,0.373329
2588,1,-2.438431,-2.505301,5.600806,0.000322,0.000302,0.999376
2589,1,2.099061,-4.120815,1.725966,0.591510,0.001177,0.407314
2590,1,-2.642650,-2.730041,5.930853,0.000189,0.000173,0.999638
2591,1,-2.459586,-2.590000,5.715109,0.000282,0.000247,0.999471
2592,1,-2.690306,-2.781886,5.961095,0.000175,0.000160,0.999666
2593,1,-1.814977,0.584029,1.933195,0.018364,0.202224,0.779413
2594,1,-1.967709,-3.154487,5.623970,0.000504,0.000154,0.999342
2595,1,-3.453883,-0.420854,4.484655,0.000354,0.007349,0.992297
2596,1,-3.266585,-2.208830,5.979959,0.000096,0.000278,0.999626
2597,1,-1.063630,-3.946349,5.193440,0.001913,0.000107,0.997980
2598,1,-3.476728,-1.425969,5.510215,0.000125,0.000971,0.998904
2599,1,-4.291844,1.091232,3.832269,0.000278,0.060578,0.939144
2600,1,-3.001633,1.283646,2.350803,0.003512,0.255045,0.741443
2601,1,-1.791201,1.419727,0.562395,0.027529,0.682775,0.289696
2602,1,3.344435,-4.407160,0.545037,0.942261,0.000405,0.057333
2603,1,-3.113162,-2.395703,6.047262,0.000105,0.000215,0.999680
2604,1,0.104289,-0.489795,0.464038,0.335004,0.184945,0.480051
2605,1,-1.207222,0.625322,0.941581,0.063194,0.394946,0.541860
2606,1,-1.066252,-3.680597,5.066548,0.002165,0.000159,0.997676
2607,1,-4.726011,1.094035,4.221507,0.000125,0.041983,0.957892
2608,1,3.019447,-2.915733,-0.385500,0.965388,0.002553,0.032059
2609,1,-2.996932,-2.557828,6.061945,0.000116,0.000180,0.999703
2610,1,0.933185,-4.253776,3.318240,0.084280,0.000471,0.915249
2611,1,-2.596824,-2.168636,5.341061,0.000357,0.000547,0.999096
2612,1,-4.682375,2.492837,2.914524,0.000303,0.395993,0.603704
2613,1,-1.932706,-3.186172,5.679488,0.000494,0.000141,0.999365
2614,1,-2.729945,-2.948401,6.074026,0.000150,0.000121,0.999729
2615,1,-2.237556,-2.907163,5.634478,0.000381,0.000195,0.999424
2616,1,-2.130598,-2.735065,5.299212,0.000593,0.000324,0.999083
2617,1,-3.286270,2.489110,1.351861,0.002344,0.755399,0.242257
2618,1,-0.750541,-3.475495,4.722689,0.004179,0.000274,0.995547
2619,1,-0.543064,1.493391,-1.272925,0.109345,0.837953,0.052702
2620,1,1.701474,-4.417974,2.656039,0.277798,0.000611,0.721591
2621,1,0.042933,-3.340059,3.666923,0.025960,0.000881,0.973159
2622,1,-0.983139,0.164640,1.020828,0.086433,0.272368,0.641199
2623,1,3.328101,-2.466218,-1.224002,0.986592,0.003004,0.010404
2624,1,-2.656397,2.248149,0.705239,0.006070,0.818886,0.175044
2625,1,-0.521582,-3.567615,4.205404,0.008772,0.000417,0.990811
2626,1,-2.438431,-2.505301,5.600806,0.000322,0.000302,0.999376
2627,1,4.377263,-4.301424,-0.481915,0.992135,0.000169,0.007696
2628,1,-2.387738,-2.741249,5.667423,0.000317,0.000223,0.999460
2629,1,-1.610388,-2.993291,5.172255,0.001132,0.000284,0.998585
2630,1,-2.163761,-3.022197,5.745541,0.000367,0.000156,0.999477
2631,1,-0.817045,-3.202451,4.412558,0.005325,0.000490,0.994185
2632,1,-3.515645,1.448264,2.664220,0.001595,0.228284,0.770121
2633,1,-3.924428,2.632779,1.948059,0.000943,0.664164,0.334893
2634,1,-0.342253,-2.841607,3.332735,0.024673,0.002027,0.973301
2635,1,2.088367,-4.087729,1.725815,0.588936,0.001224,0.409840
2636,1,-1.669755,1.146122,0.738815,0.034691,0.579612,0.385697
2637,1,-1.043153,-3.758017,5.231820,0.001879,0.000124,0.997997
2638,1,-2.911929,-2.150434,5.703017,0.000181,0.000388,0.999430
2639,1,-2.680553,-2.435805,5.799352,0.000208,0.000265,0.999527
2640,1,-2.670267,1.579325,1.597662,0.007020,0.491938,0.501042
2641,1,-2.223752,-2.810375,5.570149,0.000412,0.000229,0.999359
2642,1,1.194607,-3.932740,2.742712,0.175178,0.001039,0.823783
2643,1,-2.581681,-2.471451,5.331849,0.000365,0.000408,0.999226
2644,1,-3.773261,-0.830769,4.958680,0.000161,0.003050,0.996789
2645,1,-0.384351,-3.265210,4.193940,0.010162,0.000570,0.989268
2646,1,-1.846865,-3.220782,5.480308,0.000657,0.000166,0.999177
2647,1,-0.346749,-3.242571,4.209175,0.010390,0.000574,0.989036
2648,1,0.089266,-4.110468,4.200661,0.016117,0.000242,0.983641
2649,1,-2.438431,-2.505301,5.600806,0.000322,0.000302,0.999376
2650,1,2.415638,-5.002763,2.181194,0.558157,0.000335,0.441508
2651,1,-0.924348,-0.105006,1.542922,0.066405,0.150672,0.782923
2652,1,1.178558,-4.462508,3.095810,0.128110,0.000455,0.871435
2653,1,-3.773906,-0.126937,4.388200,0.000282,0.010821,0.988897
2654,1,-0.169762,-4.019580,4.442345,0.009831,0.000209,0.989960
2655,1,-1.388458,-3.292608,5.120163,0.001488,0.000222,0.998290
2656,1,-0.209765,-0.022325,0.152934,0.274472,0.331056,0.394472
2657,1,-2.057989,-3.254984,5.801519,0.000386,0.000117,0.999498
2658,1,-4.511764,-0.143542,5.282593,0.000056,0.004381,0.995564
2659,1,-2.438431,-2.505301,5.600806,0.000322,0.000302,0.999376
2660,1,2.434079,-3.269601,0.639659,0.855024,0.002850,0.142125
2661,1,-2.042167,-3.032226,5.564893,0.000497,0.000185,0.999319
2662,1,-2.439649,-3.011738,5.996484,0.000217,0.000122,0.999661
2663,1,-1.754989,-3.377577,5.600945,0.000638,0.000126,0.999236
2664,1,-1.729362,0.456792,1.954184,0.020126,0.179136,0.800739
2665,1,5.252526,-3.099619,-2.641136,0.999391,0.000236,0.000373
2666,1,-2.438431,-2.505301,5.600806,0.000322,0.000302,0.999376
2667,1,-3.556097,-1.659886,5.844117,0.000083,0.000551,0.999367
2668,1,0.474013,-4.067021,3.587338,0.042542,0.000454,0.957005
2669,1,-3.000264,-2.357997,5.957806,0.000129,0.000245,0.999627
2670,1,-3.233007,-0.945439,4.583401,0.000401,0.003953,0.995645
2671,1,-1.129197,-3.549348,5.192669,0.001793,0.000159,0.998047
2672,1,-3.538056,-0.000849,4.184043,0.000436,0.014989,0.984575
2673,1,-2.656397,2.248149,0.705239,0.006070,0.818886,0.175044
2674,1,-2.400996,0.309810,2.671164,0.005696,0.085677,0.908627
2675,1,-0.677643,-3.958387,4.964791,0.003531,0.000133,0.996336
2676,1,0.580693,-4.458097,3.730311,0.041095,0.000266,0.958638
2677,1,-2.421134,0.717913,2.498463,0.006210,0.143339,0.850450
2678,1,-1.697116,-3.234654,5.336046,0.000881,0.000189,0.998929
2679,1,-2.641025,2.094586,0.979080,0.006567,0.748208,0.245225
2680,1,-1.806241,-2.681618,4.771273,0.001389,0.000579,0.998033
2681,1,-1.992484,-3.114388,5.594263,0.000507,0.000165,0.999328
2682,1,-3.303536,-1.992782,5.794176,0.000112,0.000415,0.999473
2683,1,-0.568407,-1.169106,2.440449,0.045845,0.025143,0.929012
2684,1,0.066479,-3.907347,4.148174,0.016593,0.000312,0.983095
2685,1,-0.248017,-1.604072,2.485190,0.060097,0.015485,0.924418
2686,1,1.109084,-3.878565,2.760152,0.160788,0.001097,0.838115
2687,1,-4.618429,1.709887,3.678895,0.000219,0.122469,0.877313
2688,1,-2.270257,-3.078314,5.846647,0.000298,0.000133,0.999569
2689,1,-2.708284,-2.722252,5.981034,0.000168,0.000166,0.999666
2690,1,-1.600452,0.020702,2.058991,0.022272,0.112674,0.865053
2691,1,-1.853785,-3.375503,5.700960,0.000523,0.000114,0.999363
2692,1,-1.118259,-3.236928,4.847442,0.002558,0.000307,0.997135
2693,1,-3.342923,-1.984083,5.995344,0.000088,0.000342,0.999570
2694,1,-2.656397,2.248149,0.705239,0.006070,0.818886,0.175044
2695,1,-1.255985,-3.005341,4.637391,0.002749,0.000478,0.996773
2696,1,-4.398576,2.334544,2.600379,0.000516,0.433706,0.565778
2697,1,4.182152,-4.267265,-0.343019,0.989074,0.000212,0.010715
2698,1,-1.648197,0.493060,1.636278,0.027620,0.235053,0.737326
2699,1,-2.946460,-1.141667,4.513933,0.000573,0.003484,0.995943
2700,1,-4.125412,0.364867,4.391160,0.000197,0.017524,0.982279
2701,1,-1.093257,-2.376695,3.984115,0.006187,0.001714,0.992099
2702,1,-2.138698,-2.919532,5.698629,0.000394,0.000181,0.999425
2703,1,-0.708786,-3.728964,4.726430,0.004340,0.000212,0.995448
2704,1,0.303150,-0.975448,0.994620,0.305336,0.085014,0.609649
2705,1,-1.637132,-0.161903,2.498580,0.014726,0.064384,0.920890
2706,1,-1.507956,0.144804,1.611063,0.034667,0.181011,0.784321
2707,1,1.019324,1.084313,-2.416038,0.476335,0.508320,0.015345
2708,1,4.929987,-3.775459,-1.674244,0.998482,0.000165,0.001353
2709,1,-3.169822,-2.122627,5.897233,0.000115,0.000329,0.999556
2710,1,-2.500587,-2.752256,5.789219,0.000251,0.000195,0.999554
2711,1,-2.324764,-3.123071,5.914268,0.000264,0.000119,0.999617
2712,1,-2.653056,2.156209,0.730462,0.006531,0.800972,0.192497
2713,1,3.013784,-4.132488,0.540608,0.921570,0.000726,0.077704
2714,1,3.246816,-4.211736,0.498941,0.939284,0.000541,0.060174
2715,1,0.514299,-4.530413,3.927810,0.031869,0.000205,0.967925
2716,1,-2.486565,-3.001972,5.972404,0.000212,0.000127,0.999662
2717,1,0.967518,-1.986996,1.009108,0.477425,0.024876,0.497699
2718,1,-1.067265,-0.262700,1.966705,0.041640,0.093096,0.865264
2719,1,1.642955,-4.149535,2.322689,0.335976,0.001025,0.662999
2720,1,-3.909969,2.450517,2.172653,0.000983,0.568463,0.430554
2721,1,-4.804856,2.909111,2.553320,0.000263,0.587867,0.411871
2722,1,-2.106709,-3.102189,5.660541,0.000423,0.000156,0.999421
2723,1,0.980259,-4.177660,3.222229,0.095991,0.000552,0.903456
2724,1,-3.481362,0.864198,3.208943,0.001133,0.087385,0.911482
2725,1,-2.587460,-2.739368,5.854542,0.000216,0.000185,0.999599
2726,1,-2.071850,-3.132429,5.784320,0.000387,0.000134,0.999479
2727,1,-1.548281,-2.649455,4.520434,0.002307,0.000767,0.996926
2728,1,-3.005359,-2.050588,5.707176,0.000164,0.000427,0.999408
2729,1,-0.310087,-4.023858,4.615993,0.007201,0.000176,0.992623
2730,1,-2.979546,-2.110320,5.750105,0.000162,0.000385,0.999453
2731,1,3.485253,-4.089187,0.238876,0.962067,0.000494,0.037439
2732,1,0.368900,-4.636816,4.089109,0.023652,0.000158,0.976190
2733,1,-3.105459,-2.286863,5.958727,0.000116,0.000262,0.999622
2734,1,0.412848,-4.241256,3.920854,0.029077,0.000277,0.970646
2735,1,1.467040,-3.053299,1.641622,0.454208,0.004944,0.540848
2736,1,-2.908622,1.945323,1.402531,0.004907,0.629358,0.365735
2737,1,-3.060190,-2.397615,6.010215,0.000115,0.000223,0.999662
2738,1,-1.779762,-2.970537,5.396542,0.000764,0.000232,0.999004
2739,1,-1.907111,-3.405346,5.758794,0.000468,0.000105,0.999427
2740,1,-1.210925,-2.843223,4.704165,0.002690,0.000526,0.996784
2741,1,-2.656397,2.248149,0.705239,0.006070,0.818886,0.175044
2742,1,5.181564,-3.199875,-2.171265,0.999131,0.000229,0.000640
2743,1,0.293304,-4.630536,4.268433,0.018428,0.000134,0.981438
2744,1,0.899665,-3.462003,2.806857,0.129084,0.001647,0.869270
2745,1,-4.209777,2.224928,2.725988,0.000605,0.377063,0.622332
2746,1,-0.706726,-3.726593,4.803386,0.004029,0.000197,0.995775
2747,1,-3.702768,1.380309,3.047587,0.000984,0.158631,0.840385
2748,1,-2.656397,2.248149,0.705239,0.006070,0.818886,0.175044
2749,1,-2.411773,-2.645810,5.570893,0.000341,0.000270,0.999389
2750,1,4.535792,-3.295443,-1.569571,0.997379,0.000396,0.002225
2751,1,-0.119412,-3.981381,4.255726,0.012427,0.000261,0.987312
2752,1,4.546224,-4.189191,-0.808813,0.995139,0.000160,0.004701
2753,1,4.180770,-2.276367,-2.163668,0.996685,0.001564,0.001751
2754,1,-0.969629,-4.153749,4.994711,0.002562,0.000106,0.997332
2755,1,-2.041579,-2.351279,4.710009,0.001167,0.000856,0.997977
2756,1,-1.983508,-3.032887,5.473389,0.000577,0.000202,0.999221
2757,1,-1.741754,-3.087850,5.508974,0.000709,0.000185,0.999106
2758,1,-3.450445,-1.161694,5.165699,0.000181,0.001783,0.998036
2759,1,-1.867578,-2.953496,5.441518,0.000669,0.000226,0.999105
2760,1,-2.639248,-0.969114,4.027059,0.001263,0.006710,0.992027
2761,1,3.043273,-4.597822,1.273879,0.854032,0.000410,0.145558
2762,1,2.917168,-4.825891,1.374054,0.823623,0.000357,0.176020
2763,1,0.489398,-1.131622,0.715444,0.407942,0.080649,0.511409
2764,1,-3.277746,-1.378978,5.180808,0.000212,0.001414,0.998374
2765,1,-2.850983,1.937262,1.389723,0.005248,0.630239,0.364513
2766,1,0.444444,-4.040356,3.677670,0.037918,0.000428,0.961654
2767,1,2.793391,-4.698945,1.553911,0.775138,0.000432,0.224430
2768,1,1.213640,-3.083351,2.021072,0.307149,0.004180,0.688671
2769,1,1.708652,-4.894348,2.810433,0.249322,0.000338,0.750340
2770,1,-2.474266,1.219043,1.835895,0.008648,0.347467,0.643885
2771,1,-3.861764,2.735243,1.739069,0.000995,0.729579,0.269426
2772,1,2.057169,-3.408795,1.123115,0.715725,0.003026,0.281249
2773,1,-0.432450,-2.216501,2.934853,0.033148,0.005567,0.961285
2774,1,0.380364,-4.332366,4.007648,0.025894,0.000233,0.973874
2775,1,3.514347,-5.131302,1.065345,0.920339,0.000162,0.079499
2776,1,-1.990516,-1.992547,4.207409,0.002025,0.002021,0.995953
2777,1,-1.592392,-3.391101,5.584040,0.000764,0.000126,0.999110
2778,1,2.132602,-4.436806,1.923857,0.551570,0.000774,0.447656
2779,1,0.088735,1.391902,-1.790269,0.206882,0.761519,0.031600
2780,1,-2.543925,-2.745286,5.913638,0.000212,0.000174,0.999614
2781,1,0.425545,-4.691587,4.003480,0.027170,0.000163,0.972667
2782,1,-3.052728,1.288488,2.385998,0.003247,0.249394,0.747358
2783,1,-1.669755,1.146122,0.738815,0.034691,0.579612,0.385697
2784,1,-2.953806,-2.502748,5.935190,0.000138,0.000216,0.999646
2785,1,0.304274,-3.928362,3.721348,0.031751,0.000461,0.967788
2786,1,2.758374,-4.635097,1.477163,0.782279,0.000481,0.217240
2787,1,-3.225927,-2.289514,6.061888,0.000093,0.000236,0.999671
2788,1,-3.441987,-1.978215,6.002837,0.000079,0.000342,0.999579
2789,1,-4.070887,0.927514,3.830292,0.000351,0.051998,0.947651
2790,1,-0.387190,1.025462,-0.690482,0.171080,0.702597,0.126323
2791,1,-0.543454,-4.272170,4.804700,0.004734,0.000114,0.995152
2792,1,3.028346,-4.483706,1.120048,0.870414,0.000476,0.129111
2793,1,-2.405965,-2.857045,5.860824,0.000257,0.000164,0.999580
2794,1,-2.854651,-2.594340,5.973993,0.000146,0.000190,0.999664
2795,1,-2.166572,-3.069778,5.502116,0.000467,0.000189,0.999344
2796,1,-2.239819,-2.928486,5.732822,0.000345,0.000173,0.999482
2797,1,0.544936,0.185309,-0.813835,0.511532,0.357017,0.131452
2798,1,-2.212790,-3.053388,5.696604,0.000367,0.000158,0.999475
2799,1,0.525024,-3.816312,3.300504,0.058619,0.000763,0.940618
2800,1,-0.518212,-3.078675,3.983398,0.010960,0.000847,0.988193
2801,1,-2.826141,-2.540234,5.961411,0.000153,0.000203,0.999644
2802,1,-1.452206,0.570659,1.226888,0.043230,0.326820,0.629949
2803,1,-2.877388,-1.370062,4.829727,0.000449,0.002025,0.997527
2804,1,-2.358875,-3.014678,5.852583,0.000271,0.000141,0.999588
2805,1,-4.277180,0.583584,4.277819,0.000188,0.024259,0.975554
2806,1,-2.574709,0.153819,3.078732,0.003316,0.050767,0.945917
2807,1,0.835878,-3.350113,2.477314,0.161870,0.002462,0.835668
2808,1,-4.194892,1.191818,3.743405,0.000331,0.072296,0.927373
2809,1,-1.375071,-3.068502,4.946526,0.001793,0.000330,0.997877
2810,1,-1.913640,1.429869,0.815925,0.022399,0.634307,0.343294
2811,1,-0.987717,-4.116122,5.260724,0.001930,0.000084,0.997986
2812,1,-2.656397,2.248149,0.705239,0.006070,0.818886,0.175044
2813,1,3.568388,-4.079035,0.062720,0.970399,0.000463,0.029138
2814,1,0.867497,-4.631589,3.655956,0.057937,0.000237,0.941826
2815,1,-2.438431,-2.505301,5.600806,0.000322,0.000302,0.999376
2816,1,-2.438431,-2.505301,5.600806,0.000322,0.000302,0.999376
2817,1,0.602237,-2.964787,2.416379,0.139586,0.003942,0.856472
2818,1,-0.621850,-4.236366,4.911199,0.003938,0.000106,0.995956
2819,1,-1.042541,-2.733109,4.360470,0.004479,0.000826,0.994695
2820,1,-2.653036,1.409525,1.715501,0.007244,0.421025,0.571731
2821,1,-2.656397,2.248149,0.705239,0.006070,0.818886,0.175044
2822,1,-4.613361,2.883260,2.382527,0.000345,0.622416,0.377238
2823,1,-0.886930,-3.079397,4.229062,0.005960,0.000665,0.993374
2824,1,-2.758821,-2.729287,5.998655,0.000157,0.000162,0.999681
2825,1,0.908966,-4.521991,3.598191,0.063594,0.000278,0.936127
2826,1,-2.047285,0.129459,2.288526,0.011600,0.102286,0.886113
2827,1,3.563450,-4.971230,0.854121,0.937402,0.000184,0.062414
2828,1,-2.892421,-2.522832,5.915077,0.000150,0.000216,0.999634
2829,1,-2.656397,2.248149,0.705239,0.006070,0.818886,0.175044
2830,1,0.309382,0.284809,-0.951733,0.442661,0.431916,0.125423
2831,1,2.023804,-2.918561,0.296936,0.843897,0.006023,0.150079
2832,1,-0.372247,-4.282743,4.768172,0.005820,0.000117,0.994063
2833,1,-0.016073,-4.409256,4.439203,0.011482,0.000142,0.988376
