row_id,gold,logit_hate,logit_offensive,logit_normal,p_hate,p_offensive,p_normal
0,0,-2.088048,-2.420757,4.858624,0.000960,0.000688,0.998351
1,0,-0.671563,-2.779172,2.539325,0.038576,0.004688,0.956736
2,0,-0.025689,-4.265503,3.483444,0.029041,0.000418,0.970540
3,0,-2.562074,-1.004259,4.383862,0.000957,0.004545,0.994497
4,0,-1.771454,-2.589288,4.355428,0.002177,0.000961,0.996863
5,0,-0.746756,-4.176920,4.390968,0.005836,0.000189,0.993975
6,0,-3.083385,-1.330118,5.160800,0.000262,0.001514,0.998223
7,0,-0.042120,-3.951630,3.544937,0.026920,0.000540,0.972541
8,0,-1.734029,-1.030506,3.159714,0.007327,0.014808,0.977865
9,0,-2.677248,-2.496958,5.120774,0.000410,0.000491,0.999099
10,0,-1.394200,-3.559855,4.839306,0.001958,0.000225,0.997817
11,0,-2.550447,0.183466,3.083508,0.003377,0.051975,0.944648
12,0,-2.423025,-1.950764,4.663602,0.000834,0.001338,0.997827
13,0,-1.780166,-1.668832,3.680082,0.004215,0.004711,0.991075
14,0,1.193786,-5.111342,2.649118,0.189117,0.000345,0.810538
15,0,-1.934091,-2.956673,5.069576,0.000907,0.000326,0.998766
16,0,-0.938303,1.104001,0.252006,0.083358,0.642553,0.274089
17,0,-0.262930,-4.051901,3.973700,0.014246,0.000322,0.985432
18,0,-2.313252,-2.935958,5.320096,0.000484,0.000259,0.999257
19,0,-0.081191,-4.089294,3.354262,0.031188,0.000567,0.968245
20,0,-1.849434,-3.382357,5.009685,0.001049,0.000226,0.998725
21,0,-2.814624,-1.873095,4.855562,0.000466,0.001194,0.998340
22,0,-2.562074,-1.004259,4.383862,0.000957,0.004545,0.994497
23,0,-2.863760,-0.684940,4.328038,0.000747,0.006602,0.992651
24,0,-1.787300,-2.768919,4.267664,0.002339,0.000876,0.996785
25,0,-1.476078,-0.117523,1.990222,0.027094,0.105411,0.867495
26,0,-1.932219,-3.271468,5.183821,0.000811,0.000213,0.998976
27,0,-2.417794,-2.476601,5.019486,0.000588,0.000555,0.998857
28,0,-1.794424,-2.932360,4.936599,0.001191,0.000382,0.998427
29,0,-1.967406,-1.347958,3.181867,0.005709,0.010607,0.983684
30,0,-0.579199,-2.688876,2.974779,0.027721,0.003362,0.968917
31,0,-2.644738,-1.282459,4.543602,0.000753,0.002939,0.996309
32,0,-0.692395,-3.601783,3.986915,0.009195,0.000501,0.990303
33,0,-2.562074,-1.004259,4.383862,0.000957,0.004545,0.994497
34,0,-1.496926,-3.664738,4.869411,0.001715,0.000196,0.998089
35,0,-2.823559,-1.869925,5.108498,0.000359,0.000931,0.998711
36,0,2.358064,-4.804317,1.061393,0.784796,0.000608,0.214595
37,0,-2.418572,-2.368103,5.109483,0.000537,0.000565,0.998898
38,0,0.119810,-3.066616,2.765074,0.066100,0.002731,0.931168
39,0,-2.351218,-2.305521,5.067424,0.000599,0.000627,0.998774
40,0,-1.879259,-3.321594,5.152798,0.000882,0.000209,0.998909
41,0,-1.669983,-1.772436,3.760832,0.004343,0.003920,0.991736
42,0,-1.878027,-1.493874,3.796956,0.003402,0.004995,0.991603
43,0,-1.929709,-2.503477,4.784458,0.001211,0.000682,0.998106
44,0,-1.021963,-4.105058,4.604471,0.003588,0.000164,0.996248
45,0,-2.442168,-1.453933,3.956319,0.001654,0.004443,0.993903
46,0,0.243373,-3.793903,3.225897,0.048181,0.000850,0.950969
47,0,-1.666339,-3.600477,4.995090,0.001277,0.000185,0.998538
48,0,-0.483478,-0.070588,0.660583,0.176970,0.267434,0.555596
49,0,-1.565279,0.919419,1.101098,0.036516,0.438101,0.525383
50,0,-1.998104,-0.454619,3.098084,0.005914,0.027685,0.966401
51,0,-2.198579,0.412540,2.355459,0.009122,0.124184,0.866694
52,0,-1.059662,-3.181116,3.986193,0.006390,0.000766,0.992844
53,0,-2.492153,-2.230533,5.016822,0.000547,0.000711,0.998741
54,0,-2.023874,-3.051234,4.967247,0.000919,0.000329,0.998752
55,0,-2.542371,-2.368814,4.916806,0.000575,0.000684,0.998740
56,0,-1.527379,-1.063726,2.941035,0.011135,0.017703,0.971162
57,0,-1.992338,-3.121360,4.991238,0.000926,0.000299,0.998775
58,0,-2.741372,-0.601858,3.933525,0.001247,0.010596,0.988157
59,0,-2.586986,-0.855506,4.286865,0.001027,0.005804,0.993169
60,0,-1.495476,-3.668479,4.853894,0.001744,0.000199,0.998057
61,0,-1.986217,-3.192459,5.219211,0.000742,0.000222,0.999036
62,0,-2.618604,-2.304819,4.887854,0.000549,0.000751,0.998700
63,0,-2.208984,-2.370620,5.008870,0.000732,0.000623,0.998645
64,0,-2.057486,-3.021728,4.871837,0.000977,0.000373,0.998650
65,0,-2.594942,-1.661966,4.522309,0.000809,0.002056,0.997136
66,0,-1.831795,-3.351567,5.180655,0.000900,0.000197,0.998904
67,0,-2.152430,-1.430653,4.207923,0.001720,0.003539,0.994741
68,0,-2.280472,-2.636590,5.185168,0.000572,0.000401,0.999028
69,0,-3.046487,-1.710204,5.217482,0.000257,0.000979,0.998764
70,0,-1.259756,-3.872272,4.839408,0.002239,0.000164,0.997596
71,0,1.192350,-4.508809,2.569556,0.201323,0.000673,0.798005
72,0,-2.759083,-0.663504,4.206961,0.000935,0.007604,0.991460
73,0,-2.263223,-0.369882,3.307047,0.003702,0.024585,0.971713
74,0,1.745307,-3.533573,0.747722,0.727872,0.003711,0.268417
75,0,-2.853378,-2.046033,5.386785,0.000264,0.000591,0.999145
76,0,-2.562074,-1.004259,4.383862,0.000957,0.004545,0.994497
77,0,-2.149071,0.835787,1.906766,0.012736,0.251967,0.735297
78,0,-2.234278,-1.045297,3.923223,0.002099,0.006891,0.991011
79,0,-1.462874,-3.666135,4.950574,0.001636,0.000181,0.998183
80,0,-2.625401,0.068561,3.258972,0.002665,0.039423,0.957912
81,0,0.372353,-4.530536,3.607722,0.037846,0.000281,0.961873
82,0,-1.510310,-3.362816,4.630915,0.002147,0.000337,0.997516
83,0,-2.103921,-2.508250,5.156084,0.000702,0.000469,0.998829
84,0,-2.139259,-1.227079,3.930756,0.002293,0.005708,0.991999
85,0,-0.911706,-3.948910,4.240569,0.005751,0.000276,0.993973
86,0,0.042741,-3.247815,3.043162,0.047323,0.001762,0.950915
87,0,-1.778636,-1.614452,3.784227,0.003806,0.004485,0.991709
88,0,-1.139648,-2.531951,3.838589,0.006827,0.001697,0.991476
89,0,-0.820669,-3.750257,4.110638,0.007163,0.000383,0.992455
90,0,-0.943867,-2.024219,3.374382,0.013090,0.004444,0.982467
91,0,-2.416492,-2.669713,5.112599,0.000537,0.000417,0.999047
92,0,-2.598582,-2.044822,4.875497,0.000567,0.000986,0.998447
93,0,-1.583863,-2.934453,4.670621,0.001917,0.000497,0.997586
94,0,-2.337791,-2.631548,5.068877,0.000607,0.000452,0.998941
95,0,-1.043638,-4.136917,4.835450,0.002789,0.000126,0.997084
96,0,0.197867,-3.988137,3.342391,0.041282,0.000628,0.958091
97,0,-2.434379,-2.136641,5.083766,0.000542,0.000731,0.998727
98,0,-0.302566,-0.742910,1.062107,0.179913,0.115830,0.704257
99,0,-1.873018,-2.914622,4.377471,0.001924,0.000679,0.997396
100,0,0.674106,-3.149556,2.130064,0.188308,0.004114,0.807577
101,0,-0.093383,-4.105519,3.962870,0.017014,0.000308,0.982678
102,0,-1.950552,-0.323106,2.824502,0.008025,0.040855,0.951120
103,0,-2.192799,-2.869633,4.901185,0.000829,0.000421,0.998750
104,0,-1.987933,-0.831524,3.348848,0.004717,0.014991,0.980292
105,0,-2.692511,-2.254989,5.281198,0.000344,0.000533,0.999123
106,0,-2.310636,-0.289744,3.275864,0.003632,0.027402,0.968966
107,0,-2.733221,-2.116656,5.250099,0.000341,0.000631,0.999028
108,0,-3.322179,-0.310053,4.448361,0.000418,0.008503,0.991079
109,0,-2.483751,-1.100983,4.096150,0.001378,0.005494,0.993127
110,0,-2.014364,-2.900487,5.006828,0.000892,0.000368,0.998741
111,0,-2.562074,-1.004259,4.383862,0.000957,0.004545,0.994497
112,0,-1.518365,-3.468343,4.751131,0.001889,0.000269,0.997842
113,0,-1.452080,1.261793,0.689318,0.040652,0.613344,0.346004
114,0,-2.562074,-1.004259,4.383862,0.000957,0.004545,0.994497
115,0,-0.061763,-4.128751,3.864013,0.019339,0.000331,0.980330
116,0,-1.326058,-3.838892,4.798663,0.002183,0.000177,0.997640
117,0,-2.155618,0.287359,2.491734,0.008560,0.098508,0.892932
118,0,-1.296902,-3.857483,4.782881,0.002283,0.000176,0.997541
119,0,-2.109494,0.156634,2.597734,0.008238,0.079432,0.912330
120,0,-2.022218,-3.311223,5.244273,0.000698,0.000192,0.999110
121,0,-2.040755,-2.586684,4.662647,0.001224,0.000709,0.998066
122,0,-2.720352,-2.210122,5.223504,0.000355,0.000590,0.999055
123,0,-0.250792,-4.289886,3.972607,0.014434,0.000254,0.985312
124,0,-2.052318,-3.144886,4.963153,0.000897,0.000301,0.998802
125,0,-2.620287,-1.386244,4.502845,0.000803,0.002760,0.996437
126,0,-2.134315,-3.040970,5.052416,0.000756,0.000305,0.998939
127,0,-1.790695,-3.000569,4.403538,0.002036,0.000607,0.997357
128,0,-2.203872,-3.017646,5.187967,0.000616,0.000273,0.999111
129,0,-1.649386,-3.626362,5.155992,0.001106,0.000153,0.998740
130,0,-0.709897,-3.493690,3.946196,0.009409,0.000581,0.990010
131,0,-1.887284,-2.627378,4.873960,0.001156,0.000551,0.998293
132,0,-2.410569,-0.885596,3.757891,0.002070,0.009513,0.988417
133,0,-1.151495,-2.446856,3.623134,0.008351,0.002287,0.989362
134,0,-1.354745,-3.132676,4.111351,0.004207,0.000711,0.995082
135,0,-1.387267,-1.510298,3.204864,0.009941,0.008791,0.981268
136,0,-2.104993,-3.111544,5.268152,0.000627,0.000229,0.999143
137,0,-0.288911,-4.178344,4.023824,0.013216,0.000270,0.986513
138,0,1.055095,-3.929815,2.348731,0.214922,0.001470,0.783608
139,0,-2.338762,-2.768064,5.018404,0.000637,0.000415,0.998948
140,0,-1.590207,-1.658278,3.655635,0.005216,0.004873,0.989911
141,0,1.057275,-4.969629,2.783801,0.150978,0.000364,0.848658
142,0,-1.891510,-0.079161,2.724244,0.009243,0.056612,0.934145
143,0,-2.213995,-2.745198,5.259973,0.000567,0.000333,0.999099
144,0,0.361136,-4.839864,3.380481,0.046548,0.000257,0.953196
145,0,-2.628810,-1.223698,4.372812,0.000906,0.003694,0.995400
146,0,-0.731459,-4.014559,4.330370,0.006293,0.000236,0.993471
147,0,-2.315702,-2.473778,5.259253,0.000513,0.000438,0.999050
148,0,-2.006945,-3.265301,5.145033,0.000783,0.000222,0.998995
149,0,-1.601789,-3.265928,4.919302,0.001469,0.000278,0.998252
150,0,-2.512672,-0.013475,3.186326,0.003208,0.039048,0.957745
151,0,-2.395568,-2.708084,5.323651,0.000444,0.000325,0.999231
152,0,-2.059502,-3.225503,5.139636,0.000746,0.000233,0.999021
153,0,-1.729993,-1.713493,3.678534,0.004438,0.004512,0.991050
154,0,-1.193152,-3.943291,4.915517,0.002218,0.000142,0.997640
155,0,-1.483711,-1.306726,3.120188,0.009798,0.011694,0.978508
156,0,-2.342127,-1.755865,4.054785,0.001659,0.002982,0.995359
157,0,-2.113909,-1.149056,3.774146,0.002745,0.007203,0.990052
158,0,-2.374782,-2.073885,4.455413,0.001078,0.001456,0.997466
159,0,0.921517,-4.027764,2.916958,0.119581,0.000848,0.879571
160,0,-1.188608,-2.022704,3.446671,0.009570,0.004156,0.986274
161,0,-1.230515,0.350259,1.164611,0.059424,0.288723,0.651853
162,0,-2.335387,-2.690095,5.138649,0.000567,0.000398,0.999035
163,0,-2.503523,-2.553912,5.308905,0.000404,0.000384,0.999211
164,0,-2.664897,-1.779574,4.751076,0.000600,0.001455,0.997945
165,0,-2.243141,-0.191515,2.927750,0.005410,0.042091,0.952500
166,0,1.279880,-4.075836,1.998388,0.327215,0.001545,0.671240
167,0,-2.101821,-3.163666,5.407365,0.000548,0.000189,0.999263
168,0,-1.431551,-3.502049,4.752417,0.002057,0.000259,0.997683
169,0,-2.059258,-2.817093,5.124635,0.000758,0.000355,0.998887
170,0,1.202650,-4.176736,2.281107,0.253501,0.001169,0.745330
171,0,-2.521957,-1.930066,4.976123,0.000553,0.001000,0.998447
172,0,-0.238815,-3.909877,3.434141,0.024756,0.000630,0.974614
173,0,-1.828748,-3.189399,4.677026,0.001492,0.000383,0.998125
174,0,0.705427,-3.790439,2.727779,0.116724,0.001302,0.881974
175,0,-1.086890,-3.666374,4.511998,0.003687,0.000280,0.996033
176,0,2.387444,-4.750368,1.049814,0.791602,0.000629,0.207769
177,0,-2.409228,1.105237,2.018134,0.008453,0.283987,0.707561
178,0,-2.048995,-0.868934,3.327344,0.004535,0.014761,0.980703
179,0,-2.556218,-0.684991,3.884889,0.001576,0.010237,0.988187
180,0,-1.994293,-0.754255,3.197483,0.005428,0.018756,0.975816
181,0,-2.477509,-2.051207,4.945864,0.000596,0.000913,0.998491
182,0,-1.565519,-3.246596,4.802875,0.001711,0.000319,0.997970
183,0,0.789842,-4.060905,2.987661,0.099868,0.000781,0.899350
184,0,-1.412314,-3.338942,4.260875,0.003423,0.000499,0.996078
185,0,-0.503303,-4.399830,4.163197,0.009316,0.000189,0.990495
186,0,-2.346304,-1.725104,4.532836,0.001026,0.001910,0.997064
187,0,-2.477536,-2.643435,5.235904,0.000446,0.000378,0.999175
188,0,-2.293980,-2.424814,4.779640,0.000846,0.000742,0.998412
189,0,-1.583600,-3.742995,5.111154,0.001236,0.000143,0.998622
190,0,-2.042582,-3.050907,5.156654,0.000746,0.000272,0.998981
191,0,-1.196339,-2.252578,3.916593,0.005970,0.002076,0.991954
192,0,-2.419297,-2.365554,4.928170,0.000643,0.000679,0.998678
193,0,0.229398,-3.794499,2.927667,0.063004,0.001127,0.935869
194,0,1.842947,-4.163966,1.122569,0.671578,0.001653,0.326769
195,0,-1.716395,-2.643652,4.755247,0.001543,0.000611,0.997846
196,0,-0.684821,-3.231294,3.745944,0.011754,0.000921,0.987324
197,0,-2.156934,-2.239460,4.779175,0.000970,0.000893,0.998136
198,0,-1.757518,-2.297542,4.562481,0.001795,0.001046,0.997159
199,0,-0.640669,-4.101733,4.053929,0.009059,0.000284,0.990656
200,0,-1.986217,-3.192459,5.219211,0.000742,0.000222,0.999036
201,0,-1.653523,-3.455003,4.864090,0.001475,0.000243,0.998282
202,0,-2.125700,-2.757834,5.096521,0.000729,0.000388,0.998883
203,0,-2.556068,-2.334211,5.048767,0.000497,0.000621,0.998882
204,0,-1.537825,-1.886576,3.900242,0.004316,0.003045,0.992639
205,0,-0.393309,-4.204565,3.790855,0.015001,0.000332,0.984667
206,0,-2.084481,-2.532718,4.920686,0.000906,0.000579,0.998516
207,0,-2.687370,-2.043970,4.913048,0.000500,0.000951,0.998550
208,0,-0.641227,-0.415447,1.104031,0.125303,0.157042,0.717656
209,0,-1.485024,-3.600215,4.781807,0.001894,0.000228,0.997877
210,0,-2.845133,-0.819248,4.363245,0.000736,0.005579,0.993686
211,0,-2.159886,0.461159,2.368057,0.009318,0.128125,0.862557
212,0,0.336778,-3.336474,2.269479,0.126047,0.003201,0.870752
213,0,-1.912214,-3.138978,5.114139,0.000887,0.000260,0.998853
214,0,-1.704761,-3.337697,4.862070,0.001404,0.000274,0.998322
215,0,-0.929539,-3.314863,4.329630,0.005170,0.000476,0.994354
216,0,0.426508,-3.376535,2.585894,0.103219,0.002302,0.894479
217,0,-2.042960,-3.157505,5.190388,0.000721,0.000237,0.999042
218,0,-2.331826,-0.763403,3.522894,0.002819,0.013531,0.983650
219,0,-1.816312,-2.990621,4.605361,0.001622,0.000501,0.997876
220,0,-2.043181,-0.596806,3.137820,0.005461,0.023198,0.971341
221,0,-1.540857,-3.539372,4.998312,0.001443,0.000196,0.998361
222,0,-1.526286,-3.231298,4.496542,0.002416,0.000439,0.997145
223,0,-1.303612,-2.830451,3.652655,0.006979,0.001516,0.991505
224,0,-1.831029,-1.316580,3.425873,0.005140,0.008597,0.986263
225,0,-1.374703,-3.217599,4.353920,0.003239,0.000513,0.996248
226,0,0.953699,-4.259706,2.958699,0.118602,0.000646,0.880752
227,0,-3.193622,-0.576172,4.530413,0.000439,0.006018,0.993543
228,0,-1.986217,-3.192459,5.219211,0.000742,0.000222,0.999036
229,0,-2.562074,-1.004259,4.383862,0.000957,0.004545,0.994497
230,0,-2.102007,-3.003763,5.286820,0.000618,0.000251,0.999132
231,0,-2.031711,-3.116652,4.967164,0.000912,0.000308,0.998780
232,0,-1.971176,-3.058083,4.985520,0.000951,0.000321,0.998728
233,0,-0.972901,-2.274162,3.373278,0.012746,0.003469,0.983785
234,0,-0.507811,-3.082753,3.527454,0.017351,0.001321,0.981328
235,0,1.496455,-5.018160,2.520223,0.264191,0.000391,0.735418
236,0,-1.103014,-2.720763,3.792385,0.007414,0.001471,0.991115
237,0,-1.964334,-1.631691,3.964261,0.002645,0.003689,0.993665
238,0,-2.919329,-2.076825,5.284485,0.000273,0.000635,0.999092
239,0,-1.986217,-3.192459,5.219211,0.000742,0.000222,0.999036
240,0,-1.263272,-2.264295,3.639466,0.007352,0.002702,0.989947
241,0,-2.091480,-0.115236,2.664922,0.008029,0.057937,0.934034
242,0,-2.118254,-2.923381,5.013398,0.000798,0.000357,0.998845
243,0,-2.134599,-2.793978,4.949806,0.000837,0.000433,0.998730
244,0,-1.758427,-1.160458,3.295937,0.006269,0.011399,0.982332
245,0,0.330292,-4.484706,3.602274,0.036534,0.000296,0.963170
246,0,-2.475410,-2.320504,4.926287,0.000609,0.000712,0.998679
247,0,-2.920403,-2.071275,5.050230,0.000345,0.000807,0.998848
248,0,-1.900493,-2.697968,4.743477,0.001299,0.000585,0.998115
249,0,-1.147836,0.851087,0.692446,0.068123,0.502820,0.429058
250,0,-2.440936,-0.267217,3.303277,0.003104,0.027287,0.969609
251,0,-1.153392,-3.794645,4.697204,0.002869,0.000205,0.996926
252,0,1.229868,-4.419226,2.270624,0.260765,0.000918,0.738317
253,0,-1.290111,-3.882155,4.772809,0.002322,0.000174,0.997504
254,0,-2.953369,-0.157402,3.753995,0.001196,0.019596,0.979207
255,0,-1.287100,-2.590671,4.258779,0.003884,0.001055,0.995061
256,0,-2.014448,-2.655629,4.638957,0.001287,0.000678,0.998035
257,0,-2.468786,-1.879546,4.294898,0.001151,0.002075,0.996774
258,0,-1.412016,-0.247100,2.140908,0.025562,0.081942,0.892496
259,0,-1.982335,0.124913,2.388089,0.011325,0.093152,0.895523
260,0,-1.044810,-3.750598,4.261596,0.004934,0.000330,0.994737
261,0,-1.860277,-0.506552,3.110433,0.006711,0.025985,0.967303
262,0,-1.364774,-3.603991,4.789259,0.002120,0.000226,0.997654
263,0,0.693878,-4.189092,2.539448,0.136253,0.001032,0.862715
264,0,-0.193797,-1.506658,1.484693,0.150909,0.040602,0.808489
265,0,-2.323786,-2.755201,5.212770,0.000533,0.000346,0.999121
266,0,1.141137,-4.243326,2.567683,0.193466,0.000887,0.805647
267,0,-2.818672,-1.041753,4.592690,0.000602,0.003558,0.995840
268,0,-2.790520,-1.015915,4.682124,0.000566,0.003339,0.996094
269,0,-1.544234,0.077967,1.988046,0.024835,0.125769,0.849396
270,0,-2.116644,-1.952189,4.373152,0.001514,0.001784,0.996702
271,0,-1.872696,-1.505981,3.852163,0.003238,0.004672,0.992090
272,0,-0.823337,-3.466686,4.282691,0.006021,0.000428,0.993551
273,0,1.197787,-4.301494,2.339952,0.241684,0.000988,0.757327
274,0,-1.810162,-3.444504,5.065599,0.001031,0.000201,0.998768
275,0,-1.925792,0.372033,2.184308,0.013907,0.138411,0.847681
276,0,1.616040,-2.932471,1.023558,0.639576,0.006769,0.353655
277,0,-1.708371,-1.948712,3.880430,0.003715,0.002921,0.993364
278,0,-1.659002,-2.958784,4.734615,0.001669,0.000455,0.997877
279,0,-2.062595,-3.060904,5.291635,0.000639,0.000236,0.999125
280,0,-1.856201,-1.002789,3.256718,0.005900,0.013850,0.980250
281,0,-1.958276,-3.417452,5.360964,0.000662,0.000154,0.999184
282,0,-1.952226,-2.180515,4.321122,0.001880,0.001496,0.996625
283,0,-2.320416,-2.607170,4.979645,0.000675,0.000506,0.998819
284,0,-0.490679,-3.145758,3.356043,0.020873,0.001467,0.977660
285,0,-0.206021,-4.442681,4.070491,0.013698,0.000198,0.986104
286,0,-1.992840,-3.264767,5.194617,0.000755,0.000212,0.999033
287,0,-1.298799,-3.263911,4.565649,0.002829,0.000397,0.996774
288,0,-1.877612,-2.782844,4.505866,0.001685,0.000682,0.997633
289,0,-1.946616,-3.350399,5.073278,0.000893,0.000219,0.998888
290,0,-1.123057,1.200023,0.162775,0.067455,0.688515,0.244030
291,0,-1.837484,-1.468992,3.565085,0.004456,0.006441,0.989103
292,0,-2.877695,-1.995562,5.374656,0.000260,0.000629,0.999110
293,0,-2.017864,-2.726973,4.721905,0.001181,0.000581,0.998238
294,0,0.842989,-3.335144,2.253010,0.195642,0.002999,0.801359
295,0,-2.250407,0.087038,2.808656,0.005924,0.061344,0.932732
296,0,-1.535960,-0.835247,2.737187,0.013376,0.026955,0.959670
297,0,-0.064718,-4.116519,3.759535,0.021360,0.000371,0.978268
298,0,-2.381650,-2.108302,4.795288,0.000763,0.001002,0.998235
299,0,0.241457,-4.273706,3.279100,0.045731,0.000500,0.953769
300,0,-1.971247,0.747780,1.796398,0.016823,0.255125,0.728052
301,0,-1.895796,0.382352,2.090573,0.015476,0.151021,0.833504
302,0,-1.272475,-2.395840,4.129054,0.004483,0.001458,0.994059
303,0,-0.367477,-2.500786,2.820924,0.039420,0.004669,0.955911
304,0,-2.469268,-1.846279,4.859749,0.000655,0.001221,0.998124
305,0,-2.747371,-2.063054,5.147342,0.000372,0.000738,0.998890
306,0,-0.546925,-3.353026,3.893885,0.011641,0.000704,0.987656
307,0,-1.673493,0.195378,2.150911,0.018766,0.121625,0.859608
308,0,-0.459077,-3.951159,3.695124,0.015448,0.000470,0.984081
309,0,-2.132935,-2.437035,4.305836,0.001594,0.001176,0.997230
310,0,-0.699043,-2.824908,3.636333,0.012908,0.001540,0.985552
311,0,-1.835855,-0.913510,3.085997,0.007104,0.017867,0.975029
312,0,-2.743659,0.303237,2.975288,0.003062,0.064445,0.932494
313,0,-2.451968,0.326088,2.866704,0.004521,0.072729,0.922750
314,0,1.470168,-3.833904,1.477554,0.496923,0.002470,0.500607
315,0,0.073001,-4.472007,3.654951,0.027061,0.000287,0.972652
316,0,-2.968850,-1.804752,5.249082,0.000269,0.000863,0.998867
317,0,-1.580696,-2.713839,4.457414,0.002379,0.000766,0.996855
318,0,-0.922377,-2.979814,4.060189,0.006804,0.000869,0.992327
319,0,-1.879022,-1.631365,3.854594,0.003212,0.004114,0.992674
320,0,-2.002211,-3.118226,5.340764,0.000647,0.000212,0.999142
321,0,-0.899977,0.229926,1.089045,0.087691,0.271433,0.640876
322,0,-0.265923,-4.186375,4.045568,0.013233,0.000262,0.986505
323,0,-0.777541,-3.655320,4.070502,0.007779,0.000438,0.991783
324,0,-2.291264,-2.036899,4.481820,0.001141,0.001472,0.997387
325,0,-1.531644,0.486119,1.600688,0.031798,0.239166,0.729037
326,0,-2.384490,-2.582199,5.304753,0.000457,0.000375,0.999167
327,0,-1.644458,-2.062678,4.138319,0.003064,0.002017,0.994918
328,0,-0.120403,-1.399972,1.405519,0.170139,0.047325,0.782535
329,0,-2.330414,-1.392522,4.167660,0.001498,0.003828,0.994674
330,0,-2.075475,-2.785136,5.138274,0.000736,0.000362,0.998903
331,0,-1.510963,-0.439225,2.289721,0.020554,0.060027,0.919419
332,0,-1.638544,-3.114055,4.672937,0.001811,0.000414,0.997775
333,0,0.598918,-4.539356,2.805988,0.099060,0.000581,0.900359
334,0,-2.002257,-0.391855,2.853331,0.007437,0.037221,0.955342
335,0,-1.975184,-1.249688,3.614841,0.003693,0.007628,0.988679
336,0,-2.053348,-1.882863,4.455431,0.001485,0.001762,0.996753
337,0,-1.118961,-3.857076,4.430969,0.003872,0.000250,0.995878
338,0,-2.256090,-2.052491,4.360403,0.001334,0.001635,0.997030
339,0,-1.467695,-3.685719,5.039296,0.001490,0.000162,0.998347
340,0,-3.008276,-1.811042,5.231375,0.000264,0.000873,0.998863
341,0,-2.471087,-1.722247,4.627747,0.000824,0.001742,0.997434
342,0,-2.189751,-0.923556,3.631573,0.002924,0.010373,0.986702
343,0,-2.562074,-1.004259,4.383862,0.000957,0.004545,0.994497
344,0,-1.217136,-0.778676,2.406293,0.024990,0.038742,0.936268
345,0,-2.139571,-2.814306,5.132715,0.000694,0.000353,0.998953
346,0,-3.476955,-0.842093,4.797283,0.000254,0.003542,0.996204
347,0,-1.300063,-3.568519,4.265521,0.003811,0.000394,0.995794
348,0,-1.916279,-3.221710,5.133646,0.000867,0.000235,0.998899
349,0,-2.107170,-2.646481,5.135625,0.000715,0.000417,0.998869
350,0,-2.331989,-2.542827,4.951790,0.000686,0.000555,0.998759
351,0,-2.909111,-1.931875,5.353790,0.000258,0.000685,0.999058
352,0,-1.973712,-0.966366,3.443882,0.004365,0.011954,0.983681
353,0,-2.021265,-2.913333,5.078134,0.000825,0.000338,0.998837
354,0,-2.433893,-0.979114,3.641625,0.002271,0.009727,0.988002
355,0,-1.976043,0.547442,1.930357,0.015825,0.197368,0.786807
356,0,-2.996443,0.340701,3.485932,0.001465,0.041219,0.957316
357,0,-2.369388,0.631022,2.126459,0.009030,0.181453,0.809516
358,0,-2.832098,-1.750635,5.110346,0.000355,0.001046,0.998599
359,0,-0.098883,-3.196860,3.302135,0.032217,0.001454,0.966329
360,0,-2.334795,-1.953643,4.562541,0.001008,0.001476,0.997516
361,0,-2.274759,-0.933143,3.935326,0.001990,0.007611,0.990399
362,0,-1.750311,-3.440059,4.970125,0.001204,0.000222,0.998573
363,0,-2.654544,-1.116131,4.297692,0.000951,0.004431,0.994618
364,0,-0.188442,-4.305633,3.844476,0.017409,0.000284,0.982307
365,0,-0.529109,-0.689287,1.581576,0.098952,0.084307,0.816741
366,0,-2.553320,-2.174174,5.010798,0.000518,0.000757,0.998725
367,0,-0.923140,-3.884233,4.254921,0.005606,0.000290,0.994104
368,0,1.950279,-3.260565,0.262683,0.840039,0.004584,0.155377
369,0,-2.268058,-0.360887,3.231255,0.003964,0.026695,0.969341
370,0,-2.773281,-1.367431,4.216156,0.000917,0.003742,0.995341
371,0,-1.852623,-1.943066,3.850475,0.003314,0.003028,0.993658
372,0,-2.562074,-1.004259,4.383862,0.000957,0.004545,0.994497
373,0,-1.078842,-3.557374,4.447796,0.003962,0.000332,0.995705
374,0,-2.199353,-2.917375,5.169691,0.000630,0.000307,0.999063
375,0,-1.185754,-3.578298,4.664967,0.002869,0.000262,0.996869
376,0,-1.036534,-1.372940,2.733514,0.022175,0.015840,0.961985
377,0,-0.804296,-3.515572,3.654597,0.011434,0.000760,0.987806
378,0,-1.946791,-3.195914,5.032467,0.000930,0.000267,0.998803
379,0,-2.816735,-0.163035,3.738843,0.001392,0.019776,0.978832
380,0,-2.833191,-0.690575,4.022428,0.001043,0.008889,0.990068
381,0,-1.403438,-0.248642,2.076884,0.027290,0.086601,0.886109
382,0,-3.260391,-0.582227,4.643297,0.000367,0.005347,0.994286
383,0,-2.734441,-1.994675,5.121709,0.000387,0.000811,0.998802
384,0,-0.644207,-3.531289,3.969177,0.009815,0.000547,0.989637
385,0,-1.173623,-2.887862,4.314048,0.004117,0.000742,0.995141
386,0,-2.275995,-1.222416,4.071233,0.001740,0.004990,0.993271
387,0,-1.145680,-3.538157,4.352605,0.004076,0.000373,0.995552
388,0,1.684315,-4.707355,1.932147,0.438035,0.000734,0.561231
389,0,-2.250054,-2.896982,5.009568,0.000703,0.000368,0.998929
390,0,-2.248857,-1.555487,4.264709,0.001477,0.002954,0.995570
391,0,-0.916078,-0.868186,1.996837,0.048877,0.051275,0.899848
392,0,-0.954456,-2.685361,3.444531,0.012115,0.002146,0.985740
393,0,-1.887268,-3.395591,5.259419,0.000787,0.000174,0.999039
394,0,-2.356720,-2.381421,5.041803,0.000611,0.000596,0.998792
395,0,-1.594178,-3.199584,4.829453,0.001620,0.000325,0.998055
396,0,-1.747370,-3.313100,5.065862,0.001098,0.000229,0.998673
397,0,-0.320121,-3.925939,3.728428,0.017140,0.000466,0.982394
398,0,-2.771345,0.053918,3.224767,0.002382,0.040182,0.957436
399,0,-2.448684,-1.389014,4.184234,0.001310,0.003779,0.994912
400,0,-1.328961,-3.240214,4.340623,0.003436,0.000508,0.996056
401,0,-1.809765,-3.067364,4.650929,0.001561,0.000444,0.997996
402,0,-2.273715,-1.399627,4.214313,0.001514,0.003628,0.994858
403,0,-1.986726,-2.552225,4.515778,0.001496,0.000850,0.997654
404,0,-2.116458,1.288887,1.426436,0.015223,0.458578,0.526199
405,0,-1.629721,-3.491778,4.890413,0.001471,0.000229,0.998300
406,0,-1.961554,-1.985662,4.081019,0.002364,0.002308,0.995328
407,0,-2.462219,-2.408554,5.378899,0.000393,0.000415,0.999193
408,0,-2.851876,-0.595989,3.983639,0.001063,0.010144,0.988793
409,0,-1.597803,-3.569971,5.005360,0.001354,0.000188,0.998458
410,0,-2.886999,-1.727190,5.069468,0.000350,0.001116,0.998534
411,0,-1.661546,-1.257645,3.590216,0.005171,0.007744,0.987086
412,0,-0.638571,-1.792084,2.485330,0.041579,0.013119,0.945301
413,0,-1.936235,-2.946331,5.117583,0.000863,0.000314,0.998823
414,0,-2.731756,-1.681460,5.020111,0.000429,0.001227,0.998344
415,0,-2.221035,-2.160588,4.811822,0.000881,0.000936,0.998183
416,0,-1.161169,0.479971,1.107793,0.063170,0.326021,0.610809
417,0,-0.622407,-3.849195,4.287627,0.007316,0.000290,0.992393
418,0,-2.417032,-2.544340,5.144295,0.000520,0.000458,0.999023
419,0,-2.316742,-0.144348,3.125165,0.004155,0.036480,0.959365
420,0,-1.755568,-3.102355,4.594346,0.001743,0.000453,0.997804
421,0,-2.149734,-2.966998,5.177413,0.000657,0.000290,0.999053
422,0,-1.786568,-1.497178,3.544261,0.004786,0.006392,0.988822
423,0,-2.414846,-0.647928,3.682554,0.002215,0.012961,0.984824
424,0,-1.581606,-3.015728,4.597495,0.002067,0.000493,0.997440
425,0,-1.920200,-2.930263,4.770993,0.001240,0.000451,0.998309
426,0,-0.375540,-4.142361,3.872797,0.014082,0.000326,0.985592
427,0,-1.956447,-2.476703,4.880066,0.001072,0.000637,0.998291
428,0,-1.769005,-1.364756,3.641098,0.004422,0.006625,0.988954
429,0,-0.718519,-3.738470,3.787557,0.010915,0.000533,0.988552
430,0,-1.376554,-0.427009,2.347046,0.022223,0.057437,0.920340
431,0,0.525345,-3.906793,3.156945,0.067079,0.000798,0.932124
432,0,-3.195606,-0.888788,4.868284,0.000314,0.003149,0.996537
433,0,-2.212876,-0.425149,3.235350,0.004178,0.024970,0.970852
434,0,-2.140774,-2.300824,4.945375,0.000835,0.000712,0.998453
435,0,-1.629396,-0.322704,2.542224,0.014386,0.053139,0.932475
436,0,-1.770376,-2.358824,3.954432,0.003247,0.001803,0.994950
437,0,-0.432590,-3.470234,3.504010,0.019123,0.000917,0.979960
438,0,-2.709642,-0.936281,4.063575,0.001135,0.006686,0.992179
439,0,-1.398120,-0.310471,1.888633,0.032549,0.096582,0.870870
440,0,-2.172527,-2.674819,4.996444,0.000769,0.000465,0.998765
441,0,-1.926356,0.473733,1.985379,0.016126,0.177781,0.806093
442,0,-2.563492,-1.903489,4.622232,0.000756,0.001462,0.997782
443,0,-2.081995,-0.871093,3.361437,0.004245,0.014247,0.981508
444,0,0.315763,-4.790883,3.529934,0.038627,0.000234,0.961139
445,0,-1.017243,-4.094602,4.798167,0.002972,0.000137,0.996891
446,0,-0.494549,-3.585178,3.669695,0.015293,0.000695,0.984012
447,0,-1.381046,0.017428,1.822547,0.033704,0.136469,0.829827
448,0,-2.098646,-3.143329,4.989982,0.000834,0.000293,0.998873
449,0,-2.042006,0.898709,1.784802,0.015187,0.287483,0.697329
450,0,-2.807620,-1.053848,4.470197,0.000687,0.003971,0.995341
451,0,-1.892906,-3.419330,5.123001,0.000897,0.000195,0.998909
452,0,-0.920086,-3.590376,4.289087,0.005434,0.000376,0.994189
453,0,-2.460512,-2.010192,4.894352,0.000638,0.001002,0.998360
454,0,-1.364727,-3.765601,4.867784,0.001960,0.000178,0.997862
455,0,-1.900139,-3.376797,5.130245,0.000884,0.000202,0.998915
456,0,-2.504420,-2.570226,5.223225,0.000440,0.000412,0.999148
457,0,-0.327589,-4.456837,4.265876,0.010015,0.000161,0.989824
458,0,-2.898209,-0.739555,4.380236,0.000686,0.005938,0.993377
459,0,-2.768872,-2.190349,5.270317,0.000322,0.000575,0.999103
460,0,0.884210,-1.778744,0.454449,0.581258,0.040538,0.378204
461,0,-2.256056,-2.903247,5.193506,0.000581,0.000304,0.999115
462,0,-2.536835,-2.299474,4.731938,0.000696,0.000882,0.998422
463,0,-2.284868,-1.912801,4.288188,0.001393,0.002021,0.996587
464,0,-0.712075,-3.680200,3.843770,0.010391,0.000534,0.989075
465,0,-1.702219,-2.065865,4.303996,0.002453,0.001705,0.995842
466,0,-0.391863,-1.845163,2.329887,0.060825,0.014221,0.924955
467,0,-2.402164,-2.747171,5.277164,0.000462,0.000327,0.999211
468,0,-2.863531,-2.058837,5.206658,0.000312,0.000699,0.998989
469,0,-0.227955,-4.550934,4.175202,0.012089,0.000160,0.987751
470,0,-1.048762,-1.903370,3.038686,0.016390,0.006973,0.976637
471,0,-2.004577,0.130587,2.383060,0.011122,0.094078,0.894799
472,0,-0.785193,-3.783403,3.943604,0.008756,0.000437,0.990807
473,0,-0.614352,-3.403410,3.669429,0.013591,0.000836,0.985573
474,0,-2.487696,-2.470036,5.172624,0.000471,0.000479,0.999050
475,0,-1.748225,-1.608441,3.469412,0.005358,0.006161,0.988481
476,0,-1.939543,-1.350810,3.781557,0.003246,0.005849,0.990905
477,0,-0.864585,-1.860778,2.784206,0.025127,0.009279,0.965594
478,0,-0.880616,-3.950074,4.451928,0.004807,0.000223,0.994969
479,0,-0.621267,-3.690125,4.091383,0.008897,0.000413,0.990689
480,0,-0.570210,-3.452037,3.619124,0.014918,0.000836,0.984246
481,0,-3.059120,-1.069728,4.822024,0.000377,0.002753,0.996870
482,0,-2.650417,-2.009506,5.126845,0.000419,0.000795,0.998787
483,0,-1.794269,-2.248526,4.466912,0.001903,0.001208,0.996889
484,0,-1.153446,-3.820457,4.674992,0.002933,0.000204,0.996863
485,0,-2.209872,-0.088524,2.965605,0.005370,0.044798,0.949832
486,0,-2.562074,-1.004259,4.383862,0.000957,0.004545,0.994497
487,0,-2.511390,-2.543451,5.304859,0.000403,0.000390,0.999207
488,0,0.007802,-4.496509,3.661106,0.025244,0.000279,0.974477
489,0,-2.582382,-2.469682,5.379911,0.000348,0.000390,0.999262
490,0,1.636583,-5.033928,2.162808,0.371223,0.000471,0.628306
491,0,-1.971541,-3.224265,5.067710,0.000876,0.000250,0.998874
492,0,-3.008276,-1.811042,5.231375,0.000264,0.000873,0.998863
493,0,-2.205637,-2.771364,5.197725,0.000609,0.000346,0.999046
494,0,-0.737773,-4.158864,4.258203,0.006718,0.000220,0.993062
495,0,-0.777975,-1.059299,2.031377,0.054484,0.041124,0.904392
496,0,-0.917986,-2.999980,4.129962,0.006376,0.000795,0.992829
497,0,0.604243,-3.532494,2.454403,0.135560,0.002166,0.862275
498,0,-2.436677,-2.326304,4.960787,0.000612,0.000683,0.998705
499,0,0.424956,-3.828702,3.262938,0.055262,0.000785,0.943952
500,0,-2.426834,-1.379933,4.386724,0.001094,0.003117,0.995789
501,0,-2.062802,0.398319,2.316293,0.010813,0.126703,0.862485
502,0,-1.891034,-0.450286,2.889091,0.008042,0.033969,0.957988
503,0,-1.455750,-3.164870,4.599001,0.002340,0.000424,0.997236
504,0,-1.355561,-3.122082,3.947048,0.004950,0.000846,0.994204
505,0,-2.205773,-2.753494,5.110960,0.000664,0.000384,0.998953
506,0,-3.061685,-1.480635,5.039673,0.000303,0.001471,0.998227
507,0,-1.842753,-3.548906,5.136606,0.000930,0.000169,0.998901
508,0,-0.738630,-1.878944,2.875612,0.026013,0.008317,0.965671
509,0,-1.922867,-3.361356,5.064075,0.000923,0.000219,0.998858
510,0,-2.075682,-3.159555,5.197582,0.000693,0.000234,0.999072
511,0,-1.943213,-1.376729,3.964467,0.002698,0.004754,0.992547
512,0,1.791679,-4.796241,1.839970,0.487602,0.000671,0.511726
513,0,0.645986,-4.277127,3.026517,0.084617,0.000616,0.914767
514,0,1.167414,-4.367773,2.401190,0.225321,0.000889,0.773790
515,0,-2.562074,-1.004259,4.383862,0.000957,0.004545,0.994497
516,0,-1.021589,-3.457080,4.426684,0.004284,0.000375,0.995341
517,0,-2.009441,-0.935181,3.494866,0.004005,0.011727,0.984268
518,0,-1.570997,-1.501846,3.183697,0.008460,0.009066,0.982474
519,0,-0.850515,-3.921796,4.284060,0.005853,0.000271,0.993875
520,0,2.252452,-3.744819,0.004892,0.902411,0.002243,0.095346
521,0,-1.760657,-3.511731,5.069494,0.001079,0.000187,0.998733
522,0,-1.412993,-1.414249,3.417652,0.007856,0.007846,0.984298
523,0,-2.502045,-2.666673,5.441883,0.000355,0.000301,0.999345
524,0,-2.282527,0.051085,2.798267,0.005807,0.059896,0.934297
525,0,-0.299455,-1.350314,1.458268,0.139883,0.048908,0.811209
526,0,-2.021991,-3.259430,5.067846,0.000833,0.000242,0.998926
527,0,-2.203441,-3.034659,5.168090,0.000628,0.000274,0.999098
528,0,0.575546,-4.662370,3.314577,0.060690,0.000322,0.938988
529,0,-2.656656,-0.939288,4.291519,0.000954,0.005316,0.993730
530,0,-1.440721,-3.334260,4.695927,0.002157,0.000325,0.997519
531,0,-0.638714,0.083273,0.634809,0.150785,0.310395,0.538820
532,0,-2.347519,-2.496880,4.970259,0.000663,0.000571,0.998766
533,0,-2.026028,-0.484521,3.118742,0.005643,0.026363,0.967994
534,0,-1.438423,-1.727719,3.740833,0.005577,0.004176,0.990247
535,0,-0.225661,-2.991871,3.059804,0.035992,0.002264,0.961745
536,0,1.249218,-3.874764,1.550456,0.424181,0.002525,0.573294
537,0,-2.266825,0.333978,2.598466,0.006936,0.093454,0.899610
538,0,-2.280472,-2.636590,5.185168,0.000572,0.000401,0.999028
539,0,-2.155743,-0.712404,3.325572,0.004075,0.017257,0.978668
540,0,-2.126217,-2.848942,5.018343,0.000788,0.000383,0.998829
541,0,-2.812422,-2.270956,5.337363,0.000289,0.000496,0.999215
542,0,-1.419490,-3.040272,4.519304,0.002627,0.000519,0.996854
543,0,-1.925189,-3.413367,4.896515,0.001088,0.000246,0.998666
544,0,-2.472598,-1.675034,4.611669,0.000836,0.001856,0.997308
545,0,-0.078628,-4.101754,3.490006,0.027408,0.000491,0.972102
546,0,-2.291808,-2.998950,5.178719,0.000569,0.000281,0.999150
547,0,-2.236247,-2.869308,5.028203,0.000699,0.000371,0.998929
548,0,-1.412304,-2.548760,3.861174,0.005091,0.001634,0.993275
549,0,-2.473012,-2.647512,5.132716,0.000497,0.000418,0.999085
550,0,-1.211025,-2.567001,3.901990,0.005973,0.001539,0.992488
551,0,-3.268304,0.314167,3.700295,0.000909,0.032702,0.966389
552,0,-2.745523,-2.115342,5.000544,0.000432,0.000811,0.998757
553,0,-1.488856,-3.815467,5.106960,0.001364,0.000133,0.998503
554,0,-0.939538,-3.947705,4.263621,0.005468,0.000270,0.994262
555,0,-2.422578,-2.517153,5.090524,0.000545,0.000496,0.998959
556,0,-1.630135,0.154399,1.772977,0.027017,0.160933,0.812051
557,0,-2.060755,-3.149638,5.075223,0.000795,0.000268,0.998937
558,0,-2.562074,-1.004259,4.383862,0.000957,0.004545,0.994497
559,0,-2.203277,-0.631386,3.427879,0.003511,0.016909,0.979580
560,0,-2.966063,-1.637525,5.085136,0.000318,0.001202,0.998480
561,0,-2.170786,-0.005550,2.654346,0.007445,0.064895,0.927660
562,0,-2.714811,-2.338542,5.300735,0.000330,0.000481,0.999189
563,0,-2.691216,-1.328246,4.639476,0.000653,0.002552,0.996795
564,0,-1.023577,-3.605237,4.177125,0.005480,0.000415,0.994105
565,0,-2.488934,-2.712837,5.323647,0.000404,0.000323,0.999273
566,0,-2.282567,-2.371168,4.452823,0.001185,0.001085,0.997730
567,0,-2.886999,-1.727190,5.069468,0.000350,0.001116,0.998534
568,0,-1.558777,-1.129844,3.137840,0.008920,0.013697,0.977383
569,0,-2.096698,-3.146001,5.131318,0.000725,0.000254,0.999021
570,0,-1.265614,-0.172462,1.781072,0.039953,0.119208,0.840839
571,0,-1.110281,0.330520,1.073398,0.070907,0.299517,0.629577
572,0,-1.298053,-3.807174,4.889251,0.002051,0.000167,0.997782
573,0,-2.237662,-1.527769,4.496856,0.001185,0.002410,0.996405
574,0,-2.383760,-1.704316,4.730546,0.000811,0.001601,0.997588
575,0,-0.865554,-2.073631,2.668654,0.028116,0.008400,0.963483
576,0,-2.562074,-1.004259,4.383862,0.000957,0.004545,0.994497
577,0,-2.946438,0.647237,3.113709,0.002147,0.078074,0.919779
578,0,-2.147755,-1.777023,4.254072,0.001652,0.002393,0.995955
579,0,-0.646693,-4.009974,4.210766,0.007708,0.000267,0.992025
580,0,-2.285401,-0.697000,3.694566,0.002492,0.012199,0.985309
581,0,-1.005611,-4.025542,4.276062,0.005057,0.000247,0.994696
582,0,-1.936224,-2.117270,4.270709,0.002008,0.001675,0.996317
583,0,0.864713,-3.203579,2.102187,0.224014,0.003832,0.772154
584,0,-2.541115,-2.609231,5.308548,0.000390,0.000364,0.999246
585,0,0.057376,-4.465425,3.840319,0.022244,0.000242,0.977515
586,0,-2.116124,0.493199,2.222536,0.010966,0.149020,0.840014
587,0,2.599501,-4.741677,0.708683,0.868360,0.000563,0.131077
588,0,-0.260792,-3.482542,3.737998,0.017995,0.000718,0.981288
589,0,-2.401264,-2.887730,5.256704,0.000472,0.000290,0.999238
590,0,-0.405169,0.499851,0.037499,0.198853,0.491561,0.309586
591,0,-1.715775,-3.436141,4.884887,0.001357,0.000243,0.998400
592,0,-1.718935,-3.559529,5.029874,0.001171,0.000186,0.998643
593,0,-1.827301,-2.125941,3.960989,0.003047,0.002260,0.994693
594,0,-2.803748,-1.719709,4.830458,0.000483,0.001427,0.998090
595,0,-2.962698,-1.924976,5.215648,0.000280,0.000791,0.998928
596,0,-0.390353,0.156095,0.404201,0.202406,0.349577,0.448017
597,0,-1.488856,-3.815467,5.106960,0.001364,0.000133,0.998503
598,0,-2.056310,-1.131278,3.569221,0.003559,0.008977,0.987464
599,0,0.160968,-4.604286,3.566541,0.032113,0.000274,0.967613
600,0,-2.794230,-2.051968,5.251416,0.000320,0.000673,0.999007
601,0,-2.189983,-2.774760,5.115276,0.000671,0.000374,0.998955
602,0,-0.589187,-3.054748,3.742687,0.012958,0.001101,0.985941
603,0,-1.892180,0.292942,2.061062,0.016130,0.143425,0.840445
604,0,-1.792257,-0.976182,3.268869,0.006210,0.014045,0.979745
605,0,1.683323,-3.931114,1.546333,0.533156,0.001943,0.464901
606,0,-1.513097,-3.646083,4.807598,0.001795,0.000213,0.997992
607,0,-2.383566,-2.723214,5.232083,0.000492,0.000351,0.999157
608,0,-1.820048,-1.544623,3.650590,0.004168,0.005490,0.990343
609,0,-1.733149,-3.131485,4.841383,0.001393,0.000344,0.998263
610,0,-2.650769,-1.175056,4.571893,0.000727,0.003180,0.996093
611,0,0.200648,-4.369403,3.264009,0.044623,0.000462,0.954914
612,0,0.417247,-1.179947,0.521291,0.432505,0.087567,0.479929
613,0,-2.667149,0.915226,2.586963,0.004380,0.157500,0.838120
614,0,-2.715367,-1.678568,4.933288,0.000476,0.001342,0.998182
615,0,-1.836897,-2.588653,4.054053,0.002753,0.001298,0.995949
616,0,-1.812562,0.242713,2.098241,0.017022,0.132923,0.850055
617,0,-2.578100,-1.169492,4.309580,0.001015,0.004152,0.994833
618,0,-0.428499,-4.069661,4.138419,0.010280,0.000270,0.989450
619,0,-1.225985,-3.686949,4.642400,0.002819,0.000241,0.996941
620,0,-0.740028,-4.245675,4.413455,0.005745,0.000173,0.994083
621,0,0.729644,-3.405369,1.676405,0.278292,0.004453,0.717255
622,0,-2.084328,-3.124620,5.093687,0.000762,0.000269,0.998968
623,0,0.738235,-4.545427,2.997899,0.094474,0.000479,0.905047
624,0,-1.328178,-3.420000,4.528732,0.002851,0.000352,0.996797
625,0,-1.710045,-3.049335,5.001086,0.001215,0.000318,0.998466
626,0,-0.561677,-2.939434,3.626124,0.014932,0.001385,0.983683
627,0,-2.674651,-1.490511,4.652122,0.000656,0.002143,0.997201
628,0,-2.424578,-2.133494,5.251453,0.000463,0.000620,0.998917
629,0,-2.584558,-2.402569,5.252537,0.000394,0.000473,0.999132
630,0,-1.319812,-3.305189,4.388399,0.003306,0.000454,0.996240
631,0,-2.371601,-1.570389,4.219286,0.001367,0.003045,0.995588
632,0,-1.817176,-2.206169,4.463598,0.001866,0.001265,0.996869
633,0,-1.577314,-3.466307,5.026553,0.001353,0.000205,0.998442
634,0,-0.914348,-4.077088,4.482996,0.004507,0.000191,0.995302
635,0,-2.780124,-0.650752,4.114854,0.001003,0.008437,0.990559
636,0,-1.447994,0.455308,1.459880,0.038423,0.257744,0.703832
637,0,-1.643287,-2.862750,4.509681,0.002121,0.000627,0.997252
638,0,-2.758310,-2.427123,5.206717,0.000347,0.000483,0.999169
639,0,-1.830441,-3.267822,4.902341,0.001189,0.000283,0.998528
640,0,-0.663628,-3.989174,4.131862,0.008197,0.000295,0.991509
641,0,-2.845290,-1.846453,4.932477,0.000418,0.001136,0.998446
642,0,0.705078,-4.476052,2.885661,0.101450,0.000570,0.897980
643,0,-0.119238,0.564487,-0.304510,0.262321,0.519722,0.217957
644,0,-0.230761,-4.417655,4.117241,0.012765,0.000194,0.987041
645,0,-2.159786,-0.182273,2.920099,0.005918,0.042755,0.951327
646,0,-2.562074,-1.004259,4.383862,0.000957,0.004545,0.994497
647,0,-1.757057,-2.076396,4.076088,0.002914,0.002117,0.994968
648,0,-2.023071,-0.363471,3.008761,0.006271,0.032967,0.960763
649,0,-0.928964,-2.535520,3.395849,0.013029,0.002613,0.984358
650,0,-2.771054,-1.211144,4.516611,0.000681,0.003242,0.996077
651,0,-1.920763,-1.041229,3.266113,0.005485,0.013217,0.981298
652,0,-0.990836,-0.696812,1.810641,0.053161,0.071332,0.875507
653,0,-2.233315,-1.744698,4.376091,0.001343,0.002189,0.996468
654,0,-1.366857,-0.020822,1.939086,0.031137,0.119632,0.849231
655,0,-2.550843,-2.595521,5.197118,0.000431,0.000412,0.999156
656,0,-1.544531,-0.673638,2.723812,0.013370,0.031942,0.954687
657,0,0.703270,-3.840991,2.247684,0.175566,0.001866,0.822568
658,0,-0.850236,-4.135233,4.757315,0.003656,0.000137,0.996207
659,0,-2.352640,-2.598052,5.122514,0.000566,0.000443,0.998990
660,0,-2.421547,-2.704890,5.335340,0.000427,0.000322,0.999250
661,0,-2.284099,-1.948330,4.467200,0.001166,0.001631,0.997203
662,0,-1.501167,-2.882439,4.364186,0.002826,0.000710,0.996464
663,0,-0.092294,-4.238142,3.842657,0.019166,0.000303,0.980531
664,0,-1.478187,-1.786906,3.688972,0.005645,0.004146,0.990209
665,0,-1.296471,-2.591790,3.778594,0.006201,0.001698,0.992101
666,0,-2.656335,-2.159958,5.291496,0.000353,0.000580,0.999067
667,0,-0.178747,-3.767420,3.552325,0.023391,0.000646,0.975963
668,0,-1.704683,-3.078274,4.769476,0.001540,0.000390,0.998070
669,0,-2.540299,-2.538133,5.395722,0.000357,0.000358,0.999285
670,0,-1.725884,-3.399153,4.921874,0.001295,0.000243,0.998462
671,0,-2.489100,-2.506936,5.174216,0.000469,0.000461,0.999070
672,0,-2.162229,-1.094118,3.571449,0.003195,0.009296,0.987509
673,0,-1.543930,-3.506657,4.649317,0.002038,0.000286,0.997675
674,0,-0.072657,-3.284493,3.032948,0.042803,0.001724,0.955473
675,0,-2.562074,-1.004259,4.383862,0.000957,0.004545,0.994497
676,0,-1.198847,-3.854179,4.727302,0.002661,0.000187,0.997152
677,0,-2.142418,-0.817869,3.443648,0.003684,0.013854,0.982462
678,0,-2.350779,-2.243617,5.050500,0.000610,0.000679,0.998712
679,0,-2.437510,-1.195582,4.032773,0.001538,0.005326,0.993136
680,0,-1.593522,-1.436887,3.611222,0.005426,0.006346,0.988228
681,0,-0.250600,-3.883324,3.411553,0.025018,0.000662,0.974321
682,0,-0.877998,-2.304550,2.966409,0.020846,0.005006,0.974148
683,0,-3.114044,-1.316154,5.118483,0.000265,0.001602,0.998133
684,0,-1.425298,-0.893984,2.736784,0.014946,0.025426,0.959628
685,0,-2.604313,-2.103188,4.982767,0.000506,0.000836,0.998658
686,0,-1.855953,-1.906167,4.340802,0.002028,0.001929,0.996043
687,0,-2.562074,-1.004259,4.383862,0.000957,0.004545,0.994497
688,0,-1.942174,-2.940017,4.738655,0.001253,0.000462,0.998286
689,0,-1.749170,-2.819088,4.805267,0.001421,0.000487,0.998091
690,0,-1.966058,-0.167510,2.695273,0.008864,0.053545,0.937591
691,0,-0.925995,-0.469957,1.717270,0.060108,0.094838,0.845054
692,0,-2.246094,0.975404,1.783470,0.012150,0.304557,0.683293
693,0,-0.520157,-3.574281,3.501705,0.017589,0.000830,0.981581
694,0,-2.003826,-1.310148,3.856643,0.002826,0.005654,0.991520
695,0,-2.353921,-2.611043,4.751794,0.000819,0.000633,0.998547
696,0,-2.939388,-1.430845,4.595262,0.000533,0.002408,0.997060
697,0,1.151696,-4.568397,2.740851,0.169409,0.000556,0.830036
698,0,-2.185662,-0.846880,3.554408,0.003166,0.012075,0.984760
699,0,-1.592496,-1.154949,3.102249,0.008935,0.013839,0.977226
700,0,-2.134048,-2.522790,4.752237,0.001020,0.000691,0.998289
701,0,-1.240498,-3.555558,4.707062,0.002605,0.000257,0.997138
702,0,-2.195675,-0.283074,3.212296,0.004330,0.029317,0.966353
703,0,-1.752730,-2.604928,4.315980,0.002307,0.000984,0.996710
704,0,-0.318969,-0.385472,0.838188,0.195445,0.182870,0.621686
705,0,-1.319170,-1.985315,3.256172,0.010145,0.005211,0.984644
706,0,-2.719984,-2.273685,5.405785,0.000296,0.000462,0.999243
707,0,-2.230770,-2.052772,4.137708,0.001708,0.002041,0.996251
708,0,-1.813107,-3.486658,5.161753,0.000934,0.000175,0.998891
709,0,-1.455020,-2.509124,4.383380,0.002902,0.001011,0.996086
710,0,0.034331,-4.432999,3.464028,0.031369,0.000360,0.968271
711,0,-0.270176,-4.143346,4.043751,0.013201,0.000274,0.986525
712,0,-2.092705,-0.145278,2.833296,0.006857,0.048071,0.945072
713,0,-1.138613,-0.410189,1.877497,0.042583,0.088224,0.869193
714,0,-2.500847,-2.414968,4.907854,0.000605,0.000659,0.998735
715,0,-2.693021,-0.813460,4.010574,0.001215,0.007961,0.990824
716,0,-1.698626,0.516782,1.477947,0.029300,0.268539,0.702161
717,0,-2.155227,-3.142923,5.263091,0.000600,0.000223,0.999177
718,0,-2.190526,-1.456377,4.331310,0.001464,0.003051,0.995484
719,0,-0.691479,-3.843332,4.158199,0.007767,0.000332,0.991900
720,0,-2.686698,-1.723589,4.808952,0.000554,0.001452,0.997993
721,0,-1.266993,-3.900131,4.979593,0.001933,0.000139,0.997928
722,0,-1.199052,-3.952191,4.621639,0.002956,0.000188,0.996855
723,0,-2.472461,-2.515563,5.277787,0.000430,0.000412,0.999158
724,0,-2.152884,-0.065494,2.749230,0.006962,0.056140,0.936898
725,0,-0.867581,-2.924024,3.971836,0.007842,0.001003,0.991155
726,0,-0.407696,-3.769219,3.507740,0.019529,0.000677,0.979793
727,0,-1.808837,-3.207839,4.802796,0.001342,0.000331,0.998326
728,0,-1.698133,0.391385,1.760137,0.024484,0.197856,0.777660
729,0,-1.510763,-3.534748,4.780637,0.001848,0.000244,0.997908
730,0,-1.979716,-0.351147,2.864845,0.007511,0.038279,0.954211
731,0,-1.849701,-3.235954,5.004711,0.001053,0.000263,0.998683
732,0,-0.699838,-3.669001,4.096996,0.008185,0.000420,0.991395
733,0,-2.650417,-2.009506,5.126845,0.000419,0.000795,0.998787
734,0,-1.690262,-1.218214,3.372693,0.006224,0.009979,0.983796
735,0,-0.490087,-3.858799,3.932929,0.011851,0.000408,0.987741
736,0,-1.824148,-3.479359,5.040572,0.001043,0.000199,0.998758
737,0,-1.473307,-3.521667,4.670333,0.002142,0.000276,0.997582
738,0,-2.875542,-0.649350,3.976613,0.001046,0.009689,0.989265
739,0,-1.621665,-1.525743,3.580153,0.005444,0.005992,0.988565
740,0,-2.530819,-0.913044,4.157141,0.001237,0.006234,0.992529
741,0,-2.753593,-0.656344,4.121402,0.001024,0.008336,0.990640
742,0,-2.406622,-2.777997,5.323844,0.000439,0.000303,0.999258
743,0,-2.266315,-2.838993,5.079689,0.000645,0.000364,0.998992
744,0,-2.780986,-1.199398,4.572517,0.000638,0.003102,0.996260
745,0,-1.751322,-0.765621,2.863547,0.009555,0.025605,0.964840
746,0,-2.116458,-2.944869,5.052076,0.000770,0.000336,0.998894
747,0,-1.646400,-1.462596,3.367737,0.006548,0.007869,0.985584
748,0,-2.160177,-2.901666,4.963089,0.000805,0.000384,0.998811
749,0,-2.483272,-2.596849,5.261710,0.000433,0.000386,0.999181
750,0,2.875385,-4.186652,-0.081248,0.949802,0.000814,0.049384
751,0,-2.165290,0.121253,2.659395,0.007386,0.072686,0.919928
752,0,-1.075325,-2.776217,3.916043,0.006742,0.001231,0.992027
753,0,-2.589702,-2.561813,5.298566,0.000375,0.000385,0.999240
754,0,-1.917701,-3.357043,4.924778,0.001066,0.000253,0.998681
755,0,-1.908694,-0.531966,2.974452,0.007299,0.028918,0.963784
756,0,-1.662828,-0.036451,2.117277,0.020038,0.101900,0.878062
757,0,-1.845958,-1.358460,3.518114,0.004625,0.007530,0.987845
758,0,1.239061,-4.571930,2.322874,0.252594,0.000756,0.746650
759,0,-2.285510,-2.882629,5.134706,0.000598,0.000329,0.999072
760,0,-2.156451,-2.599971,4.727480,0.001022,0.000656,0.998321
761,0,-1.787593,0.480821,1.884367,0.020003,0.193308,0.786689
762,0,-2.621614,-1.139945,4.278591,0.001002,0.004410,0.994588
763,0,-1.076483,-3.277193,4.275090,0.004716,0.000522,0.994762
764,0,-0.757294,-3.798272,4.475445,0.005309,0.000254,0.994437
765,0,-1.881717,-2.412008,4.369875,0.001921,0.001131,0.996948
766,0,-2.242771,-1.623193,4.301801,0.001432,0.002661,0.995907
767,0,-2.479811,-2.609298,5.282130,0.000425,0.000374,0.999201
768,0,-0.609116,-3.788915,4.127088,0.008692,0.000362,0.990946
769,0,-2.164565,-2.883923,4.751572,0.000990,0.000482,0.998528
770,0,-2.071983,0.595181,1.988173,0.013627,0.196220,0.790153
771,0,-1.744034,-1.617018,3.982708,0.003235,0.003673,0.993091
772,0,0.695981,-4.548497,2.967714,0.093445,0.000493,0.906062
773,0,0.283426,-4.178658,3.567100,0.036120,0.000417,0.963463
774,0,-1.865524,0.047267,2.420023,0.012436,0.084214,0.903351
775,0,-1.435882,-2.088701,3.894816,0.004805,0.002502,0.992693
776,0,-2.389684,-2.045170,4.906320,0.000677,0.000956,0.998367
777,0,-0.987403,-0.159013,1.209751,0.081374,0.186316,0.732311
778,0,-1.542736,-2.980291,4.080498,0.003597,0.000854,0.995549
779,0,-2.431161,-1.865473,4.842680,0.000692,0.001219,0.998089
780,0,-0.311655,-3.294480,3.252536,0.027502,0.001393,0.971105
781,0,-2.573454,-2.528330,5.310761,0.000376,0.000394,0.999230
782,0,-2.071304,-2.431859,4.861826,0.000973,0.000679,0.998348
783,0,-2.295581,-1.810269,4.521056,0.001092,0.001775,0.997133
784,0,-2.536782,-2.579441,5.326941,0.000384,0.000368,0.999248
785,0,-1.113123,-2.460380,3.767068,0.007524,0.001956,0.990521
786,0,-2.018679,-3.295680,5.303050,0.000660,0.000184,0.999155
787,0,-2.314204,-0.796580,3.562806,0.002760,0.012590,0.984650
788,0,-1.608019,-3.656412,5.065658,0.001262,0.000163,0.998575
789,0,-1.509854,-3.529277,4.913305,0.001621,0.000215,0.998164
790,0,1.407094,-4.557748,2.621931,0.228712,0.000587,0.770701
791,0,-1.271010,-3.600575,4.447497,0.003273,0.000319,0.996409
792,0,1.777481,-4.757284,1.782179,0.498464,0.000724,0.500812
793,0,-1.679082,-3.603302,5.026778,0.001222,0.000178,0.998600
794,0,-0.795921,-3.989118,4.275385,0.006234,0.000256,0.993511
795,0,-0.394049,-4.142274,4.100095,0.011048,0.000260,0.988692
796,0,-0.512784,0.125299,0.536459,0.173963,0.329286,0.496750
797,0,-0.217527,-4.503757,3.943295,0.015352,0.000211,0.984437
798,0,-2.562074,-1.004259,4.383862,0.000957,0.004545,0.994497
799,0,-0.695747,-4.237389,4.435165,0.005875,0.000170,0.993954
800,0,-2.141491,-1.715942,4.489681,0.001314,0.002011,0.996674
801,0,-1.625558,0.033985,2.170205,0.019697,0.103545,0.876758
802,0,-2.523327,-2.213648,5.189889,0.000446,0.000608,0.998945
803,0,-0.231349,-3.580250,3.592971,0.021351,0.000750,0.977899
804,0,-2.546567,-2.559567,5.462847,0.000332,0.000328,0.999340
805,0,-0.941807,-3.812234,4.566786,0.004035,0.000229,0.995737
806,0,-0.933026,-3.514097,4.330591,0.005148,0.000390,0.994462
807,0,1.522310,-5.051966,2.452527,0.282769,0.000395,0.716836
808,0,0.003325,-4.396957,3.554234,0.027888,0.000342,0.971769
809,0,-1.477691,-3.143497,4.744130,0.001981,0.000374,0.997645
810,0,-1.094551,-3.267748,3.840438,0.007133,0.000812,0.992055
811,0,-2.951289,-1.155141,4.656333,0.000495,0.002983,0.996523
812,0,-0.861293,-2.346625,2.601312,0.030187,0.006835,0.962977
813,0,-3.060784,-1.200001,4.956039,0.000329,0.002115,0.997555
814,0,-1.820072,-3.170270,4.802463,0.001328,0.000344,0.998328
815,0,-2.548334,-2.391617,5.173140,0.000443,0.000518,0.999039
816,0,-0.932711,-3.633101,3.990855,0.007217,0.000485,0.992298
817,0,-1.609864,-3.473653,4.959514,0.001400,0.000217,0.998382
818,0,-2.889874,-1.414078,4.770213,0.000470,0.002056,0.997474
819,0,-1.287320,-2.821648,4.112392,0.004493,0.000969,0.994538
820,0,-2.198781,-1.906664,4.536850,0.001185,0.001586,0.997229
821,0,-2.563889,-2.266342,5.281498,0.000391,0.000527,0.999082
822,0,-1.159204,-1.229024,2.646494,0.021327,0.019889,0.958785
823,0,-1.965759,-2.451402,4.677717,0.001300,0.000800,0.997900
824,0,0.233499,-4.038286,3.399670,0.040436,0.000564,0.959000
825,0,-2.443750,-2.576412,5.225626,0.000467,0.000409,0.999125
826,0,-1.196508,-1.741617,3.088870,0.013475,0.007813,0.978712
827,0,-0.336848,-3.541003,3.167645,0.029150,0.001183,0.969667
828,0,-2.445904,-2.722269,5.418176,0.000384,0.000291,0.999325
829,0,-1.963068,-3.143634,5.215362,0.000762,0.000234,0.999004
830,0,-2.156878,-2.997286,5.117608,0.000692,0.000299,0.999009
831,0,-2.054017,-2.681771,4.878959,0.000974,0.000520,0.998507
832,0,1.306978,-4.794388,2.752811,0.190562,0.000427,0.809011
833,0,-2.414921,-1.977723,4.747670,0.000774,0.001198,0.998029
834,0,1.937020,-4.525277,1.511666,0.604193,0.000943,0.394864
835,0,-2.130200,-2.732442,5.158303,0.000683,0.000374,0.998944
836,0,1.166627,-4.134803,2.491758,0.209746,0.001045,0.789208
837,0,-2.378218,-1.239652,4.266790,0.001294,0.004039,0.994668
838,0,-1.413181,-3.378029,4.838229,0.001924,0.000270,0.997807
839,0,-0.708950,-3.399227,4.024578,0.008714,0.000591,0.990695
840,0,-2.252797,-2.929102,5.401233,0.000474,0.000241,0.999285
841,0,-2.252230,-2.784048,5.043229,0.000678,0.000398,0.998924
842,0,-0.764229,-0.180716,1.137802,0.105354,0.188828,0.705818
843,0,-2.556013,-1.176694,4.027464,0.001374,0.005456,0.993170
844,0,-2.347060,-1.893708,4.543573,0.001015,0.001597,0.997389
845,0,-2.278240,-2.983041,5.287067,0.000518,0.000256,0.999226
846,0,-0.352858,-3.754725,4.024981,0.012392,0.000413,0.987195
847,0,-1.324531,-2.084065,4.037710,0.004658,0.002180,0.993162
848,0,-1.804733,-3.212493,4.997429,0.001110,0.000272,0.998619
849,0,-3.116015,-0.648346,4.520803,0.000479,0.005655,0.993866
850,0,0.243348,-2.380726,1.871546,0.162148,0.011757,0.826095
851,0,-2.127814,-1.925574,4.818964,0.000960,0.001175,0.997866
852,0,-2.274356,-2.380563,4.785784,0.000857,0.000771,0.998372
853,0,-1.522144,-3.771472,5.061153,0.001381,0.000146,0.998473
854,0,-2.012832,-3.241204,5.047642,0.000857,0.000251,0.998892
855,0,-1.218001,-2.441476,4.142184,0.004672,0.001374,0.993954
856,0,-1.409278,0.467498,1.332497,0.043390,0.283440,0.673170
857,0,-0.829004,-3.578023,4.465714,0.004991,0.000319,0.994689
858,0,-1.991616,-1.055097,3.519670,0.003984,0.010163,0.985853
859,0,-2.906375,-0.433757,4.094288,0.000901,0.010677,0.988423
860,0,-1.986217,-3.192459,5.219211,0.000742,0.000222,0.999036
861,0,-0.960254,-3.754190,4.537498,0.004078,0.000250,0.995672
862,0,2.788332,-4.293565,0.216993,0.928270,0.000780,0.070951
863,0,-2.895838,-0.984076,4.610935,0.000547,0.003701,0.995752
864,0,-2.811327,-1.365916,4.627164,0.000586,0.002488,0.996925
865,0,1.106016,-4.588766,2.929055,0.139005,0.000468,0.860528
866,0,-1.953219,-3.314213,5.141983,0.000828,0.000212,0.998959
867,0,-1.390497,-3.455605,4.741237,0.002168,0.000275,0.997558
868,0,-1.253267,-3.770382,4.720773,0.002537,0.000205,0.997258
869,0,-0.917986,-2.999980,4.129962,0.006376,0.000795,0.992829
870,0,-2.509160,-2.542364,5.374317,0.000377,0.000364,0.999259
871,0,-2.492158,0.245600,3.007409,0.003831,0.059196,0.936974
872,0,-2.602193,-2.406770,5.154150,0.000428,0.000520,0.999052
873,0,-2.205224,-2.897783,4.827637,0.000881,0.000441,0.998678
874,0,0.592691,-4.454951,2.978023,0.084252,0.000541,0.915206
875,0,-0.917986,-2.999980,4.129962,0.006376,0.000795,0.992829
876,0,-1.137724,-3.553131,4.547216,0.003384,0.000302,0.996314
877,0,0.207175,-3.911238,3.293814,0.043631,0.000710,0.955659
878,0,-0.999706,-2.924448,3.358554,0.012616,0.001841,0.985544
879,0,-2.165949,-2.114708,4.783052,0.000958,0.001008,0.998034
880,0,-0.192780,-3.804179,3.906405,0.016308,0.000441,0.983251
881,0,-1.573571,-2.643032,4.583307,0.002113,0.000725,0.997162
882,0,-2.393698,-2.497457,5.048650,0.000585,0.000528,0.998887
883,0,-2.447250,-2.693225,5.335361,0.000417,0.000326,0.999258
884,0,-1.534851,-0.267524,2.186020,0.021809,0.077453,0.900738
885,0,-2.222518,-2.184746,4.818694,0.000874,0.000907,0.998219
886,0,-2.566099,-2.302181,5.099766,0.000468,0.000609,0.998923
887,0,-2.218529,-1.685177,4.404858,0.001324,0.002257,0.996419
888,0,-1.636577,-3.143533,4.515974,0.002123,0.000470,0.997407
889,0,0.378037,-4.132239,3.321636,0.050012,0.000550,0.949438
890,0,-2.614005,-2.114635,4.947083,0.000520,0.000856,0.998624
891,0,-0.118720,-2.178141,2.253726,0.084380,0.010761,0.904859
892,0,-2.897764,-1.819273,5.224652,0.000296,0.000872,0.998832
893,0,-2.144955,-2.722763,5.005960,0.000783,0.000439,0.998777
894,0,-2.805016,-2.061762,5.197244,0.000334,0.000703,0.998963
895,0,-0.705881,-2.872772,3.525208,0.014305,0.001638,0.984057
896,0,-2.314592,-2.816887,4.944046,0.000703,0.000426,0.998871
897,0,-0.919038,0.410525,0.716672,0.100883,0.381276,0.517842
898,0,-2.886999,-1.727190,5.069468,0.000350,0.001116,0.998534
899,0,-1.789148,-3.239814,4.975284,0.001152,0.000270,0.998577
900,0,-1.610540,-0.518380,2.434319,0.016371,0.048797,0.934832
901,0,-1.479053,-3.687130,4.871326,0.001743,0.000192,0.998066
902,0,0.560254,-4.750304,3.317090,0.059684,0.000295,0.940021
903,0,2.657737,-4.739889,0.686769,0.877243,0.000537,0.122219
904,0,-0.269567,-3.942116,3.509428,0.022323,0.000567,0.977110
905,0,-2.829878,-0.177641,3.598592,0.001576,0.022360,0.976063
906,0,-2.077666,-2.925322,5.195299,0.000693,0.000297,0.999010
907,0,-2.170176,0.823317,2.191046,0.010070,0.200943,0.788987
908,0,-0.051601,-0.341027,0.326270,0.311734,0.233393,0.454874
909,0,-2.277966,-2.549527,4.924732,0.000744,0.000567,0.998690
910,0,-0.347979,-4.408678,4.032325,0.012364,0.000213,0.987423
911,0,-0.531440,-3.924490,3.648784,0.015057,0.000506,0.984437
912,0,-2.850661,-1.641475,5.038285,0.000374,0.001254,0.998372
913,0,-2.712104,-2.076699,5.038361,0.000430,0.000812,0.998758
914,0,-2.209333,-2.908788,5.332826,0.000530,0.000263,0.999207
915,0,-2.432045,-2.620195,5.142767,0.000513,0.000425,0.999062
916,0,-2.621231,-2.405781,5.321622,0.000355,0.000440,0.999205
917,0,-2.099938,-2.836251,5.008142,0.000817,0.000391,0.998791
918,0,-1.519641,-3.438942,4.899863,0.001626,0.000239,0.998135
919,0,-2.266258,-1.677185,4.281347,0.001428,0.002573,0.995999
920,0,-2.715367,-1.678568,4.933288,0.000476,0.001342,0.998182
921,0,-1.886378,-1.689866,3.876889,0.003119,0.003796,0.993084
922,0,-2.805604,-1.333019,4.817860,0.000488,0.002126,0.997386
923,0,-0.384111,-4.359628,4.159774,0.010518,0.000197,0.989284
924,0,-1.480702,-1.538098,3.323514,0.008067,0.007617,0.984317
925,0,-1.078585,-3.816532,4.710551,0.003051,0.000197,0.996752
926,0,-2.449159,-2.323549,4.665608,0.000812,0.000920,0.998268
927,0,0.686365,-4.223020,2.761831,0.111413,0.000822,0.887765
928,0,-2.246432,-2.672024,4.625398,0.001035,0.000676,0.998289
929,0,-0.944289,-3.278069,4.114491,0.006309,0.000612,0.993079
930,0,-1.606105,-3.399858,5.042067,0.001294,0.000215,0.998490
931,0,-0.976149,-3.905837,4.346643,0.004854,0.000259,0.994887
932,0,-2.158057,-3.106294,5.390599,0.000526,0.000204,0.999270
933,0,-2.356270,-2.764613,5.229986,0.000507,0.000337,0.999156
934,0,-2.322855,0.037256,2.940576,0.004884,0.051736,0.943380
935,0,-0.150178,-4.732304,4.018189,0.015239,0.000156,0.984605
936,0,-2.264504,-2.695107,5.118056,0.000621,0.000404,0.998975
937,0,-2.728607,-1.524659,4.683080,0.000603,0.002009,0.997389
938,0,-2.658433,-0.567542,3.938012,0.001348,0.010912,0.987740
939,0,-0.860692,-3.824515,4.116805,0.006842,0.000353,0.992805
940,0,-2.165197,-0.969855,3.573479,0.003175,0.010492,0.986332
941,0,-1.445317,-3.596324,4.887008,0.001774,0.000206,0.998019
942,0,0.907267,-4.429240,2.694346,0.143332,0.000690,0.855978
943,0,-2.427222,-2.155017,4.918280,0.000645,0.000846,0.998509
944,0,-1.299401,-0.719591,2.145629,0.029300,0.052321,0.918380
945,0,0.403398,-4.431182,3.104835,0.062857,0.000500,0.936643
946,0,2.420251,-4.662870,1.191197,0.773151,0.000649,0.226200
947,0,-2.109138,-0.598471,3.360384,0.004117,0.018650,0.977232
948,0,-2.166348,-1.170230,3.404612,0.003754,0.010164,0.986082
949,0,-1.093118,-3.919093,4.711583,0.003004,0.000178,0.996818
950,0,-2.085478,-3.051470,5.182406,0.000697,0.000265,0.999038
951,0,0.548043,-4.328530,3.230340,0.063995,0.000488,0.935517
952,0,-2.481647,-2.157341,4.786971,0.000696,0.000963,0.998342
953,0,-0.527488,-3.485106,3.365220,0.019962,0.001037,0.979001
954,0,-1.625086,-3.257758,4.979847,0.001351,0.000264,0.998384
955,0,-0.085193,-3.499652,3.108048,0.039370,0.001295,0.959335
956,0,-2.254876,-0.107045,3.075461,0.004628,0.039645,0.955727
957,0,-1.673061,-3.347600,4.920782,0.001367,0.000256,0.998377
958,0,-0.858084,-3.568676,4.051024,0.007321,0.000487,0.992192
959,0,-1.858799,-3.058744,4.826139,0.001248,0.000376,0.998377
960,0,-0.465425,-4.405489,4.222101,0.009124,0.000177,0.990699
961,0,-1.184263,0.486276,1.083917,0.062591,0.332671,0.604738
962,0,-1.640801,-2.672858,4.771257,0.001638,0.000584,0.997778
963,0,2.820873,-2.014335,-1.718663,0.981717,0.007800,0.010483
964,0,0.648219,-1.836735,1.306876,0.331617,0.027633,0.640749
965,0,-2.595185,-1.839825,4.770864,0.000631,0.001343,0.998026
966,0,-0.359324,-4.155871,3.899662,0.013935,0.000313,0.985752
967,0,-2.149298,-2.906449,5.087586,0.000719,0.000337,0.998944
968,0,-1.569948,-2.210294,4.011041,0.003747,0.001975,0.994278
969,0,-2.353818,-2.463611,5.041754,0.000613,0.000549,0.998837
970,0,-0.989740,-2.953073,4.034096,0.006530,0.000917,0.992553
971,0,-1.923027,-2.804965,4.837395,0.001157,0.000479,0.998364
972,0,-1.856140,-1.642440,3.700689,0.003828,0.004740,0.991432
973,0,-1.515831,-2.602580,4.129284,0.003518,0.001187,0.995295
974,0,-1.802566,-0.556713,2.570185,0.011942,0.041510,0.946548
975,0,-1.857732,-2.870301,4.637861,0.001507,0.000547,0.997946
976,0,-2.893768,-1.850188,5.336606,0.000266,0.000756,0.998978
977,0,-2.354770,-2.465431,5.240382,0.000502,0.000450,0.999048
978,0,-0.885689,-2.725071,3.565417,0.011510,0.001829,0.986661
979,0,-1.989590,-0.023070,2.637110,0.009064,0.064772,0.926164
980,0,-1.379684,-2.297150,3.909249,0.005012,0.002002,0.992986
981,0,-2.257390,-2.797478,4.996349,0.000707,0.000412,0.998881
982,0,-1.674952,0.886938,1.225099,0.031118,0.403303,0.565579
983,0,-1.862627,-3.216136,5.118503,0.000928,0.000240,0.998832
984,0,-2.349845,-2.857120,5.293686,0.000479,0.000288,0.999233
985,0,-2.562074,-1.004259,4.383862,0.000957,0.004545,0.994497
986,0,0.738978,-4.210783,2.333079,0.168606,0.001195,0.830199
987,0,-1.270211,-0.957357,2.722985,0.017669,0.024160,0.958171
988,0,-1.755560,-1.597838,3.755404,0.004007,0.004692,0.991301
989,0,-2.323547,0.080289,2.835138,0.005376,0.059492,0.935132
990,0,1.471851,-1.580332,-0.549173,0.847619,0.040055,0.112326
991,0,0.970113,-4.347457,2.660511,0.155605,0.000763,0.843632
992,0,0.909675,-5.062449,3.129186,0.097988,0.000250,0.901763
993,0,-0.152198,-2.638727,2.930787,0.043655,0.003632,0.952713
994,0,-2.528697,0.886751,2.335710,0.006210,0.188981,0.804809
995,0,-2.795989,-2.082376,5.214574,0.000332,0.000677,0.998991
996,0,-2.307172,-2.774950,4.914328,0.000730,0.000457,0.998813
997,0,-2.066707,-1.010794,3.561397,0.003546,0.010193,0.986261
998,0,-1.288481,-3.736238,4.815112,0.002229,0.000193,0.997578
999,0,-1.999654,-2.301704,4.500411,0.001499,0.001109,0.997392
1000,0,-1.974174,-2.341119,4.557590,0.001453,0.001007,0.997541
1001,0,-1.221285,-3.611473,4.528538,0.003172,0.000291,0.996537
1002,0,-2.690117,-2.226212,5.026768,0.000445,0.000707,0.998848
1003,0,-1.455536,-1.114026,3.099567,0.010254,0.014428,0.975318
1004,0,-1.570058,-1.522939,3.165175,0.008625,0.009041,0.982333
1005,0,-2.494712,-2.278135,4.793545,0.000682,0.000848,0.998470
1006,0,1.017471,-4.602099,2.526457,0.180970,0.000656,0.818374
1007,0,-2.452117,-2.197268,4.608150,0.000857,0.001106,0.998038
1008,0,-0.652485,-4.093553,4.360896,0.006603,0.000211,0.993185
1009,0,-1.701163,-0.825311,3.122817,0.007821,0.018778,0.973401
1010,0,-1.999938,-1.482196,3.996110,0.002472,0.004149,0.993379
1011,0,-2.562074,-1.004259,4.383862,0.000957,0.004545,0.994497
1012,0,-0.791823,-0.352817,1.520445,0.079061,0.122637,0.798302
1013,0,-2.656296,-0.555337,3.718471,0.001678,0.013714,0.984608
1014,0,2.107789,-2.551079,-0.618773,0.930301,0.008817,0.060882
1015,0,-0.458481,-3.396438,3.867762,0.013036,0.000691,0.986274
1016,0,-1.889594,-1.265407,3.377810,0.005082,0.009486,0.985432
1017,0,-2.226927,-2.942041,5.237626,0.000573,0.000280,0.999147
1018,0,-1.756557,-2.970151,4.792460,0.001429,0.000425,0.998147
1019,0,-1.450185,-3.469059,4.973733,0.001619,0.000215,0.998166
1020,0,-2.255847,-2.218991,4.348958,0.001350,0.001401,0.997249
1021,0,-1.759139,0.305579,2.023530,0.018934,0.149255,0.831812
1022,0,-2.005168,-2.264578,4.241098,0.001931,0.001490,0.996579
1023,0,-2.283808,-2.176937,5.057691,0.000647,0.000720,0.998633
1024,0,-2.433438,-2.687484,5.219476,0.000474,0.000368,0.999158
1025,0,-2.336940,-2.649539,5.098356,0.000589,0.000431,0.998979
1026,0,-2.082978,-2.941672,4.732645,0.001095,0.000464,0.998441
1027,0,-2.742290,-0.110560,3.541986,0.001815,0.025224,0.972961
1028,0,-2.215536,-1.990186,4.319930,0.001446,0.001812,0.996742
1029,0,-1.961913,-3.365995,5.179838,0.000791,0.000194,0.999015
1030,0,-0.962517,-1.926333,2.927736,0.019879,0.007582,0.972539
1031,0,0.868554,-4.325364,2.918630,0.113973,0.000633,0.885395
1032,0,-0.665684,-2.928157,3.899183,0.010293,0.001071,0.988636
1033,0,-1.728477,-2.862501,4.481028,0.002005,0.000645,0.997350
1034,0,-2.650417,-2.009506,5.126845,0.000419,0.000795,0.998787
1035,0,-3.007943,-0.552129,4.174030,0.000753,0.008776,0.990471
1036,0,-1.928997,-2.971201,4.822782,0.001167,0.000412,0.998422
1037,0,-2.562611,-2.306122,4.827592,0.000616,0.000797,0.998587
1038,0,-2.890267,-1.249716,4.817979,0.000448,0.002310,0.997242
1039,0,-0.940526,-2.989994,3.797705,0.008668,0.001117,0.990215
1040,0,-2.479743,-1.178218,4.315180,0.001114,0.004092,0.994794
1041,0,-1.572387,-3.491934,4.820372,0.001670,0.000245,0.998085
1042,0,-0.537413,-3.738859,4.085874,0.009721,0.000396,0.989883
1043,0,-0.042696,-4.017210,3.659473,0.024065,0.000452,0.975483
1044,0,-3.070771,-0.480776,4.472987,0.000525,0.007004,0.992471
1045,0,-1.916656,-2.382752,4.600167,0.001475,0.000925,0.997600
1046,0,-1.207823,1.075392,0.565260,0.059891,0.587416,0.352694
1047,0,-1.708969,-3.249120,4.791383,0.001500,0.000322,0.998178
1048,0,-0.900470,-3.877700,4.623152,0.003975,0.000202,0.995823
1049,0,-0.752822,-3.582633,3.832373,0.010093,0.000596,0.989312
1050,0,-2.608094,-2.339207,5.167382,0.000420,0.000549,0.999032
1051,0,-2.766097,-2.185413,5.164063,0.000359,0.000642,0.998998
1052,0,-1.658059,-0.818966,3.006201,0.009141,0.021154,0.969705
1053,0,-2.048378,-0.040248,2.548160,0.009295,0.069239,0.921467
1054,0,-2.079587,-0.302673,2.969450,0.006143,0.036316,0.957541
1055,0,-0.564969,-2.387231,3.220773,0.022109,0.003574,0.974317
1056,0,-2.738110,0.073145,3.313593,0.002260,0.037587,0.960153
1057,0,-1.522634,-3.683509,5.031427,0.001422,0.000164,0.998414
1058,0,-2.020689,-2.836280,4.860869,0.001025,0.000453,0.998522
1059,0,-1.447751,-2.805558,4.266304,0.003286,0.000845,0.995869
1060,0,-2.750973,-0.688203,4.123313,0.001025,0.008062,0.990914
1061,0,-1.744086,-3.191866,4.824074,0.001402,0.000330,0.998268
1062,0,-0.154956,-3.064971,2.858207,0.046716,0.002545,0.950740
1063,0,-2.359130,-2.402701,5.078268,0.000588,0.000563,0.998849
1064,0,-1.456215,-3.804088,5.139858,0.001364,0.000130,0.998506
1065,0,-1.674916,-1.957366,3.552065,0.005320,0.004011,0.990670
1066,0,-2.611486,-0.637188,3.532349,0.002110,0.015192,0.982699
1067,0,-2.267571,-2.859674,5.032526,0.000675,0.000373,0.998952
1068,0,-2.132884,-2.170202,4.503155,0.001309,0.001261,0.997430
1069,0,-2.812363,-2.176882,5.321120,0.000293,0.000554,0.999153
1070,0,-2.237722,-2.076452,4.208018,0.001582,0.001859,0.996560
1071,0,-2.150110,-2.961908,5.134038,0.000686,0.000304,0.999010
1072,0,-2.273114,-1.047796,3.953650,0.001959,0.006670,0.991371
1073,0,-2.254877,0.788202,2.100936,0.010010,0.209907,0.780083
1074,0,-2.280329,-1.929411,4.508013,0.001124,0.001596,0.997280
1075,0,-1.846201,-1.766655,3.959391,0.002992,0.003240,0.993768
1076,0,0.033336,-4.657262,3.907334,0.020349,0.000187,0.979465
1077,0,-0.997232,-3.997005,4.549006,0.003886,0.000194,0.995920
1078,0,-1.464696,-3.358120,4.639235,0.002228,0.000335,0.997436
1079,0,-1.977865,-3.157706,5.119929,0.000826,0.000254,0.998920
1080,0,-2.554145,-1.936828,4.509577,0.000854,0.001582,0.997564
1081,0,-0.432598,-2.620380,3.428599,0.020562,0.002306,0.977132
1082,0,-2.241927,-2.516588,5.001989,0.000714,0.000542,0.998744
1083,0,0.694325,-4.321973,3.174050,0.077252,0.000512,0.922236
1084,0,-2.095074,-2.950769,5.215762,0.000668,0.000284,0.999049
1085,0,-1.585627,0.370863,1.575983,0.031563,0.223288,0.745149
1086,0,-0.506705,-3.408971,3.726852,0.014282,0.000784,0.984934
1087,0,-2.714623,-0.343962,3.739637,0.001545,0.016542,0.981913
1088,0,0.056872,-3.329310,3.469057,0.031882,0.001079,0.967039
1089,0,-2.607771,-0.902776,4.389172,0.000909,0.005002,0.994089
1090,0,1.850375,-3.501190,0.480524,0.794353,0.003766,0.201881
1091,0,-2.095435,-0.628744,3.382501,0.004087,0.017716,0.978197
1092,0,-2.781050,-1.962390,5.082456,0.000384,0.000871,0.998745
1093,0,-1.027897,-2.943752,3.924895,0.007007,0.001032,0.991962
1094,0,-1.960431,-1.835103,3.740885,0.003318,0.003761,0.992921
1095,0,2.674075,-4.538857,0.833952,0.862415,0.000636,0.136950
1096,0,-2.730106,-1.233331,4.582789,0.000664,0.002968,0.996367
1097,0,-1.747068,-3.480507,5.119586,0.001041,0.000184,0.998775
1098,0,0.860345,-3.151171,2.221669,0.203274,0.003680,0.793045
1099,0,-2.368131,-2.709406,5.064069,0.000591,0.000420,0.998988
1100,0,-2.620909,-2.089398,5.169148,0.000413,0.000703,0.998883
1101,0,-1.451975,-3.187898,4.399627,0.002866,0.000505,0.996629
1102,0,0.366011,-3.888489,2.957811,0.069599,0.000988,0.929413
1103,0,0.162127,-4.180298,3.647423,0.029722,0.000387,0.969891
1104,0,-2.137258,-1.626007,3.629228,0.003105,0.005177,0.991718
1105,0,-0.681156,-0.664015,1.353279,0.103464,0.105253,0.791284
1106,0,-0.961758,-2.587413,4.137456,0.006057,0.001192,0.992751
1107,0,-1.418636,-2.422308,4.222066,0.003533,0.001295,0.995172
1108,0,-1.902200,0.847701,1.704034,0.018703,0.292531,0.688767
1109,0,0.203052,-3.142559,2.799814,0.069178,0.002438,0.928384
1110,0,-2.634320,-0.778628,4.211434,0.001056,0.006752,0.992192
1111,0,-1.840738,-3.141939,4.845113,0.001246,0.000339,0.998414
1112,0,-1.904629,-3.149017,4.995987,0.001006,0.000290,0.998704
1113,0,-1.855194,-3.177018,5.193801,0.000867,0.000231,0.998901
1114,0,-2.656335,-2.159958,5.291496,0.000353,0.000580,0.999067
1115,0,-1.007421,-2.939047,3.920827,0.007180,0.001040,0.991780
1116,0,-2.479262,-2.079612,5.042872,0.000540,0.000806,0.998654
1117,0,-2.425880,-2.663243,5.308965,0.000437,0.000345,0.999218
1118,0,-0.878387,-3.724102,4.240272,0.005946,0.000345,0.993708
1119,0,0.277761,-4.510291,3.465086,0.039632,0.000330,0.960038
1120,0,-2.344532,0.008978,3.038284,0.004364,0.045918,0.949718
1121,0,-1.937564,-0.658271,3.206666,0.005681,0.020417,0.973902
1122,0,-0.049727,-3.991636,3.398621,0.030800,0.000598,0.968602
1123,0,-1.834117,-3.398942,5.083079,0.000989,0.000207,0.998804
1124,0,-2.189920,-2.486267,5.120949,0.000667,0.000496,0.998836
1125,0,-1.351455,-3.650489,4.933043,0.001861,0.000187,0.997952
1126,0,-0.417081,-2.651486,2.800689,0.038344,0.004105,0.957551
1127,0,-0.409754,-4.369892,3.856035,0.013843,0.000264,0.985893
1128,0,-1.637556,-3.694961,5.211318,0.001059,0.000135,0.998805
1129,0,-2.082527,-3.118674,5.152194,0.000720,0.000256,0.999024
1130,0,0.057923,-3.814700,3.450014,0.032522,0.000677,0.966802
1131,0,-2.210467,-2.571622,5.007454,0.000732,0.000510,0.998757
1132,0,-0.870106,-1.895128,3.157773,0.017391,0.006240,0.976369
1133,0,-1.802557,-2.628001,4.537128,0.001760,0.000771,0.997468
1134,0,-2.614896,-2.254335,5.066730,0.000461,0.000661,0.998879
1135,0,-1.411295,-3.504004,4.556306,0.002553,0.000315,0.997132
1136,0,-0.777724,-2.128545,3.203067,0.018242,0.004725,0.977033
1137,0,0.577820,-3.825228,3.208554,0.067131,0.000822,0.932047
1138,0,0.199019,-3.984675,3.305852,0.042798,0.000652,0.956549
1139,0,-2.413435,-2.594658,5.257154,0.000466,0.000389,0.999145
1140,0,-0.574874,-3.886273,3.904070,0.011214,0.000409,0.988378
1141,0,-2.875374,-2.116663,5.251069,0.000295,0.000631,0.999074
1142,0,-2.169461,-3.094423,5.225968,0.000614,0.000243,0.999143
1143,0,-2.701298,-2.360324,5.316803,0.000329,0.000463,0.999208
1144,0,-0.686722,-0.692685,1.619326,0.083134,0.082640,0.834226
1145,0,1.067698,-4.854080,3.043708,0.121705,0.000326,0.877969
1146,0,-2.463540,-2.657147,5.344533,0.000406,0.000335,0.999259
1147,0,-1.903502,1.094927,1.354441,0.021254,0.426227,0.552519
1148,0,-2.759844,-1.126774,4.559031,0.000660,0.003380,0.995960
1149,0,-1.437547,-3.252438,4.416890,0.002858,0.000465,0.996677
1150,0,-2.884615,-2.048719,5.249681,0.000293,0.000676,0.999031
1151,0,-1.498129,-3.610908,4.850995,0.001745,0.000211,0.998044
1152,0,-1.175581,-3.480148,4.539417,0.003284,0.000328,0.996388
1153,0,1.465207,-4.322925,1.349813,0.527961,0.001618,0.470421
1154,0,-1.428643,-2.215598,3.952851,0.004570,0.002081,0.993349
1155,0,-2.331901,-1.838156,4.219406,0.001423,0.002331,0.996246
1156,0,-2.079628,-1.496890,4.127848,0.002003,0.003587,0.994410
1157,0,-2.786234,-2.194775,5.194185,0.000342,0.000617,0.999041
1158,0,-2.947403,-1.840993,4.999989,0.000353,0.001068,0.998579
1159,0,-0.493508,-4.506718,4.248207,0.008647,0.000156,0.991197
1160,0,-2.283808,-2.176937,5.057691,0.000647,0.000720,0.998633
1161,0,-1.389425,-3.625161,4.443986,0.002919,0.000312,0.996769
1162,0,-1.872642,-2.890504,4.853066,0.001198,0.000433,0.998370
1163,0,-2.263227,-0.188040,3.132228,0.004360,0.034730,0.960910
1164,0,1.172884,-3.142728,1.166491,0.498260,0.006656,0.495084
1165,0,-1.407975,-3.604558,4.904449,0.001810,0.000201,0.997989
1166,0,-1.507015,0.289157,1.669316,0.032273,0.194497,0.773230
1167,0,-2.672559,-1.020670,4.340238,0.000895,0.004671,0.994434
1168,0,0.605039,-4.630402,3.460682,0.054375,0.000290,0.945336
1169,0,-2.565231,-2.660964,5.220783,0.000415,0.000377,0.999208
1170,0,-2.521498,-1.628042,4.582520,0.000819,0.002002,0.997178
1171,0,-1.930462,0.277816,2.195798,0.013880,0.126309,0.859811
1172,0,-0.690695,-0.960474,1.817079,0.071219,0.054379,0.874401
1173,0,-0.010390,-3.026134,2.821311,0.055484,0.002719,0.941797
1174,0,-2.443785,-2.578898,5.056103,0.000553,0.000483,0.998965
1175,0,-1.372949,-3.009903,4.216682,0.003720,0.000724,0.995556
1176,0,-2.852305,-0.604597,4.137886,0.000912,0.008634,0.990454
1177,0,-2.614761,0.261115,3.144569,0.002977,0.052820,0.944203
1178,0,-2.224704,-2.779433,4.972807,0.000748,0.000429,0.998823
1179,0,-0.220292,-3.439922,3.738844,0.018708,0.000748,0.980544
1180,0,-2.703202,-1.574711,4.688478,0.000615,0.001900,0.997485
1181,0,-1.900626,-2.711279,4.519952,0.001624,0.000722,0.997654
1182,0,-1.784406,-3.529763,5.063139,0.001061,0.000185,0.998754
1183,0,-1.673378,-3.416847,5.125734,0.001113,0.000195,0.998692
1184,0,-2.497369,-2.536015,5.175399,0.000465,0.000447,0.999088
1185,0,-2.063080,-0.406151,3.120986,0.005416,0.028395,0.966189
1186,0,-2.072137,-3.202699,5.171674,0.000714,0.000230,0.999056
1187,0,-2.912401,-0.560078,4.188177,0.000817,0.008585,0.990598
1188,0,-0.350580,-4.252266,4.096522,0.011574,0.000234,0.988192
1189,0,1.201036,-2.668258,0.746558,0.603992,0.012607,0.383401
1190,0,-0.616372,-3.287113,3.987186,0.009910,0.000686,0.989404
1191,0,-1.859249,-0.295036,2.652026,0.010329,0.049360,0.940311
1192,0,-1.464210,-1.970291,3.653824,0.005931,0.003575,0.990494
1193,0,-0.947638,-3.303979,4.204175,0.005752,0.000545,0.993702
1194,0,-1.176691,-3.975410,4.682922,0.002844,0.000173,0.996983
1195,0,0.933747,-1.203280,-0.445787,0.730087,0.086154,0.183760
1196,0,-3.130668,-1.117260,4.880994,0.000331,0.002476,0.997193
1197,0,-1.344216,-3.679636,4.921565,0.001896,0.000184,0.997920
1198,0,0.429396,-4.338881,3.322176,0.052488,0.000446,0.947066
1199,0,-2.681000,0.158187,3.416619,0.002160,0.036945,0.960895
1200,0,-2.635695,-2.215945,4.998713,0.000483,0.000735,0.998782
1201,0,-2.412034,-0.336569,3.438862,0.002805,0.022350,0.974845
1202,0,-2.508246,-0.836331,3.998457,0.001479,0.007874,0.990647
1203,0,-1.896191,-3.492162,5.226736,0.000806,0.000163,0.999031
1204,0,-1.891255,-3.400827,5.163709,0.000862,0.000191,0.998947
1205,0,1.018170,-4.027268,2.217375,0.231272,0.001489,0.767239
1206,0,-2.705046,-1.267637,4.709105,0.000601,0.002529,0.996870
1207,0,-1.436571,-3.721525,4.981961,0.001628,0.000166,0.998206
1208,0,-2.280618,-2.887766,5.368644,0.000476,0.000259,0.999265
1209,0,-2.263936,0.393838,2.460123,0.007819,0.111538,0.880643
1210,0,-1.562837,-3.622698,4.996478,0.001415,0.000180,0.998405
1211,0,-1.092857,-3.014111,4.183339,0.005082,0.000744,0.994174
1212,0,-0.525879,-0.430033,1.076437,0.141541,0.155778,0.702681
1213,0,-2.068918,-0.340854,2.727061,0.007834,0.044102,0.948064
1214,0,-2.008035,-1.598001,3.926461,0.002629,0.003962,0.993409
1215,0,-2.069258,0.054372,2.667628,0.008101,0.067737,0.924162
1216,0,-2.572978,-1.622473,4.782303,0.000638,0.001650,0.997712
1217,0,-1.295374,-3.807111,4.631501,0.002659,0.000216,0.997125
1218,0,-1.894794,-3.023304,4.883988,0.001136,0.000367,0.998497
1219,0,-2.327350,0.050532,2.792880,0.005582,0.060182,0.934236
1220,0,-2.202605,0.781123,2.032066,0.011136,0.220059,0.768805
1221,0,0.059899,-1.914550,1.812809,0.144713,0.020092,0.835195
1222,0,-1.478779,-3.400814,4.727521,0.002012,0.000294,0.997694
1223,0,-1.627450,0.086924,2.185572,0.019290,0.107121,0.873589
1224,0,-2.178298,0.152363,2.586898,0.007774,0.079950,0.912276
1225,0,-0.508274,-3.330431,3.694803,0.014716,0.000875,0.984408
1226,0,-2.232288,-1.883317,4.367396,0.001356,0.001923,0.996721
1227,0,-3.058359,-0.956143,4.665507,0.000440,0.003604,0.995956
1228,0,-1.564104,-2.709446,4.208805,0.003098,0.000986,0.995917
1229,0,-2.298133,-2.480644,5.138310,0.000589,0.000491,0.998921
1230,0,-2.796527,-1.827067,4.893676,0.000457,0.001204,0.998340
1231,0,0.012995,-3.680083,3.472855,0.030453,0.000758,0.968789
1232,0,-0.959147,-0.473681,1.332858,0.079874,0.129790,0.790336
1233,0,-2.263828,-1.289030,4.121199,0.001676,0.004443,0.993880
1234,0,-2.430046,0.101993,3.046744,0.003958,0.049787,0.946255
1235,0,-0.229020,-1.757224,1.969212,0.097790,0.021213,0.880997
1236,0,-1.539374,-3.377627,4.575723,0.002204,0.000351,0.997446
1237,0,-2.000359,-3.337925,5.345214,0.000645,0.000169,0.999186
1238,0,-2.031718,-3.147483,5.242409,0.000693,0.000227,0.999080
1239,0,-2.161393,-2.579781,4.840618,0.000909,0.000598,0.998493
1240,0,-2.492973,-1.796567,4.822191,0.000664,0.001332,0.998004
1241,0,-2.035105,-2.203153,4.634570,0.001266,0.001070,0.997664
1242,0,-2.003234,-1.982119,3.972262,0.002527,0.002581,0.994892
1243,0,-2.016300,-2.988112,5.131634,0.000786,0.000297,0.998917
1244,0,0.247550,-4.307244,3.443958,0.039285,0.000413,0.960302
1245,0,-1.617206,-0.770709,2.751135,0.012159,0.028348,0.959493
1246,0,-1.981195,-1.061970,3.476789,0.004199,0.010529,0.985271
1247,0,1.805944,-4.844694,1.952231,0.463216,0.000599,0.536185
1248,0,-2.137555,-3.182749,5.241903,0.000623,0.000219,0.999157
1249,0,1.401397,-4.724279,2.389042,0.271217,0.000593,0.728191
1250,0,-0.155460,-4.233598,3.797570,0.018829,0.000319,0.980852
1251,0,0.543335,-4.254295,3.279074,0.060867,0.000502,0.938631
1252,0,-1.759573,-0.039767,2.408538,0.014050,0.078445,0.907506
1253,0,-1.766894,-2.095256,3.900769,0.003436,0.002474,0.994090
1254,0,-0.898460,-3.301011,4.375583,0.005094,0.000461,0.994445
1255,0,-2.450493,-2.524331,5.062562,0.000545,0.000507,0.998948
1256,0,-1.323620,-3.910124,4.942214,0.001896,0.000143,0.997961
1257,0,-2.519431,-2.542133,5.076182,0.000502,0.000491,0.999007
1258,0,-1.771321,-2.489476,4.144385,0.002686,0.001310,0.996004
1259,0,-1.744859,-1.229686,3.202898,0.006967,0.011662,0.981371
1260,0,-2.656335,-2.159958,5.291496,0.000353,0.000580,0.999067
1261,0,-2.539616,-0.534405,3.688236,0.001941,0.014420,0.983639
1262,0,-1.838002,-3.180217,5.127651,0.000943,0.000246,0.998811
1263,0,0.412773,-3.149011,2.045695,0.162676,0.004618,0.832706
1264,0,-2.562074,-1.004259,4.383862,0.000957,0.004545,0.994497
1265,0,-1.751412,0.147672,2.076239,0.018645,0.124543,0.856812
1266,0,0.804929,-4.469372,3.093504,0.092030,0.000471,0.907498
1267,0,-2.056931,-3.128182,5.107185,0.000773,0.000265,0.998962
1268,0,-2.911227,-0.903539,4.157681,0.000845,0.006293,0.992862
1269,0,-1.643968,-0.809212,2.781117,0.011518,0.026539,0.961943
1270,0,-2.372853,-2.476834,5.232339,0.000497,0.000448,0.999054
1271,0,-2.015090,-2.242226,4.482459,0.001503,0.001198,0.997299
1272,0,-1.121276,-4.156442,4.796968,0.002682,0.000129,0.997189
1273,0,-2.220452,-2.128478,4.739578,0.000947,0.001038,0.998014
1274,0,-0.637868,-3.579833,3.881124,0.010776,0.000569,0.988655
1275,0,-0.966033,-3.875188,4.655138,0.003607,0.000197,0.996197
1276,0,-0.783313,-3.913826,4.325729,0.006004,0.000262,0.993734
1277,0,-2.583018,-1.750234,4.675914,0.000702,0.001615,0.997683
1278,0,-0.507396,-2.016557,2.836560,0.033839,0.007482,0.958680
1279,0,-1.406916,1.329362,0.587336,0.042059,0.648946,0.308995
1280,0,-1.724471,0.723027,1.658797,0.023795,0.275051,0.701154
1281,0,-2.590665,-2.501126,5.182240,0.000421,0.000460,0.999119
1282,0,-1.775375,-2.788172,4.866107,0.001303,0.000473,0.998224
1283,0,-2.740820,-1.346653,4.740746,0.000562,0.002265,0.997173
1284,0,-1.382449,-3.725958,4.971141,0.001737,0.000167,0.998096
1285,0,0.059637,-3.204262,2.812053,0.059813,0.002287,0.937900
1286,0,-2.739158,-1.085858,4.188730,0.000974,0.005089,0.993937
1287,0,-1.487114,-3.338973,4.616060,0.002230,0.000350,0.997420
1288,0,-0.994098,-3.212065,3.893093,0.007480,0.000814,0.991706
1289,0,-0.227598,-0.866573,1.138559,0.183551,0.096884,0.719565
1290,0,-1.632327,-0.417867,2.524704,0.014652,0.049355,0.935993
1291,0,-1.068361,-3.643059,4.191380,0.005168,0.000394,0.994439
1292,0,-2.373799,-1.344279,4.163215,0.001441,0.004034,0.994525
1293,0,-2.486650,-0.326063,3.555605,0.002323,0.020153,0.977524
1294,0,-2.319043,-2.725095,5.197927,0.000543,0.000362,0.999095
1295,0,-2.131129,0.042524,2.653574,0.007725,0.067902,0.924373
1296,0,-1.025801,-2.605077,3.454584,0.011176,0.002304,0.986520
1297,0,-0.257425,-4.461195,3.951624,0.014640,0.000219,0.985142
1298,0,-2.653196,-1.867121,4.976224,0.000485,0.001065,0.998450
1299,0,2.508732,-5.133759,1.458014,0.740650,0.000355,0.258995
1300,0,-1.957849,-0.779823,3.400660,0.004616,0.014991,0.980393
1301,0,-2.029444,-2.424701,4.750727,0.001134,0.000764,0.998102
1302,0,0.723283,0.123240,-0.979344,0.577703,0.317037,0.105260
1303,0,-1.240238,-3.937173,4.866000,0.002224,0.000150,0.997626
1304,0,0.886665,-4.050686,2.137512,0.222199,0.001594,0.776207
1305,0,-2.617758,-1.646577,4.615040,0.000721,0.001903,0.997376
1306,0,-1.372620,-3.767762,4.725442,0.002242,0.000204,0.997554
1307,0,-0.823276,-3.821599,4.380057,0.005467,0.000273,0.994261
1308,0,-0.224200,-3.716159,3.568289,0.022028,0.000671,0.977302
1309,0,-2.191018,-0.060139,2.680916,0.007143,0.060161,0.932696
1310,0,-2.108976,-2.969005,5.184762,0.000679,0.000287,0.999034
1311,0,0.331301,-2.508020,1.799230,0.185230,0.010830,0.803941
1312,0,-1.536143,-3.587517,5.058794,0.001365,0.000176,0.998459
1313,0,-1.307781,-3.485434,4.817626,0.002181,0.000247,0.997572
1314,0,-2.286839,-2.640487,5.065096,0.000641,0.000450,0.998910
1315,0,-2.745815,-1.592475,4.978589,0.000441,0.001398,0.998161
1316,0,-2.091285,-3.158041,5.070881,0.000775,0.000267,0.998959
1317,0,-1.986217,-3.192459,5.219211,0.000742,0.000222,0.999036
1318,0,-1.575687,-3.421735,4.726108,0.001829,0.000289,0.997882
1319,0,-1.623574,-3.751089,5.143324,0.001150,0.000137,0.998713
1320,0,-2.562074,-1.004259,4.383862,0.000957,0.004545,0.994497
1321,0,-2.248198,0.086386,2.847456,0.005726,0.059124,0.935150
1322,0,-2.794547,-1.251042,4.951128,0.000432,0.002020,0.997548
1323,0,-0.379387,-2.176014,2.765988,0.040993,0.006799,0.952208
1324,0,-2.412522,-2.194670,4.927539,0.000648,0.000806,0.998546
1325,0,-1.063314,-0.425475,1.840772,0.047302,0.089513,0.863185
1326,0,-2.657052,-0.062768,3.427682,0.002205,0.029520,0.968275
1327,0,-0.324138,-2.720341,2.843847,0.040240,0.003664,0.956095
1328,0,-1.688583,-3.478915,5.082090,0.001145,0.000191,0.998663
1329,0,-2.621181,-0.982072,4.322161,0.000959,0.004941,0.994099
1330,0,-0.363241,-2.755698,2.739147,0.042840,0.003916,0.953244
1331,0,-2.181749,-0.664205,3.441165,0.003543,0.016159,0.980298
1332,0,-2.176678,-2.900979,5.083158,0.000702,0.000340,0.998957
1333,0,-1.154245,-2.946114,3.766838,0.007230,0.001205,0.991565
1334,0,-1.642221,-3.605805,5.204217,0.001062,0.000149,0.998789
1335,0,-0.987793,-3.926895,4.496536,0.004133,0.000219,0.995648
1336,0,-2.055978,-1.199775,3.761457,0.002946,0.006935,0.990119
1337,0,0.111143,-4.466063,3.771306,0.025077,0.000258,0.974666
1338,0,-1.632937,0.067832,2.148181,0.019864,0.108816,0.871320
1339,0,-2.515341,-2.308464,5.254288,0.000422,0.000519,0.999059
1340,0,-1.842217,-1.617114,3.196028,0.006392,0.008005,0.985603
1341,0,-1.143134,-3.964428,4.700474,0.002889,0.000172,0.996938
1342,0,-2.599485,-1.601661,4.716968,0.000663,0.001798,0.997539
1343,0,-1.264374,-1.755165,3.177754,0.011552,0.007071,0.981377
1344,0,-2.765802,-1.764486,5.073045,0.000394,0.001071,0.998535
1345,0,-2.193640,-2.878113,5.116667,0.000668,0.000337,0.998995
1346,0,-1.900339,0.254618,2.299462,0.013106,0.113073,0.873821
1347,0,-0.163464,-4.200964,3.653264,0.021518,0.000380,0.978103
1348,0,-2.740372,-2.179473,5.310133,0.000319,0.000558,0.999123
1349,0,-1.735208,-1.212499,3.268693,0.006593,0.011119,0.982288
1350,0,-1.727482,-3.551861,5.227370,0.000953,0.000154,0.998893
1351,0,0.604026,-0.574818,-0.442847,0.602893,0.185471,0.211636
1352,0,-1.663479,-3.654669,5.014652,0.001256,0.000172,0.998572
1353,0,-1.350726,-0.941291,2.946083,0.013163,0.019823,0.967014
1354,0,0.039972,-3.518388,2.942147,0.051969,0.001480,0.946550
1355,0,-1.028976,-0.401678,1.745008,0.052924,0.099103,0.847972
1356,0,-2.791399,-0.873948,4.431263,0.000726,0.004938,0.994337
1357,0,-2.446272,-2.463770,4.857881,0.000672,0.000660,0.998668
1358,0,-2.651229,0.172400,2.974276,0.003387,0.057029,0.939584
1359,0,-0.710459,-3.885276,4.281174,0.006747,0.000282,0.992971
1360,0,-1.207836,-3.711381,4.781539,0.002498,0.000204,0.997297
1361,0,-0.745346,-4.128578,4.422294,0.005665,0.000192,0.994143
1362,0,-2.165141,-3.140448,5.224795,0.000617,0.000233,0.999151
1363,0,-0.912377,-3.446791,4.187123,0.006060,0.000481,0.993459
1364,0,-2.151250,-0.314613,3.142113,0.004848,0.030421,0.964732
1365,0,-2.562074,-1.004259,4.383862,0.000957,0.004545,0.994497
1366,0,-2.650417,-2.009506,5.126845,0.000419,0.000795,0.998787
1367,0,-0.868909,-3.604421,4.210888,0.006180,0.000401,0.993419
1368,0,-0.343482,-3.893284,3.849983,0.014863,0.000427,0.984710
1369,0,1.446374,-4.197742,2.069367,0.348670,0.001234,0.650096
1370,0,-2.314961,-2.812358,5.190356,0.000550,0.000334,0.999116
1371,0,-0.767605,-3.000266,3.677121,0.011590,0.001243,0.987167
1372,0,-2.614291,-2.310688,4.798800,0.000602,0.000816,0.998581
1373,0,-1.350247,-3.447351,4.549979,0.002730,0.000335,0.996934
1374,0,-2.004730,-1.521587,4.017554,0.002409,0.003905,0.993686
1375,0,-1.676368,-2.906382,4.688926,0.001716,0.000502,0.997782
1376,0,-0.001615,-1.466575,1.507441,0.173806,0.040164,0.786030
1377,0,-0.947668,-3.113271,4.024182,0.006877,0.000789,0.992334
1378,0,-2.585868,-1.931940,4.939535,0.000538,0.001035,0.998426
1379,0,-1.428810,-1.316674,3.005289,0.011575,0.012948,0.975477
1380,0,-0.387674,-3.729506,4.126306,0.010832,0.000383,0.988785
1381,0,-1.658210,0.010690,2.120564,0.019973,0.105981,0.874046
1382,0,-2.928410,-0.162350,3.846032,0.001121,0.017819,0.981060
1383,0,-1.513540,1.116548,0.837812,0.039409,0.546803,0.413788
1384,0,-1.993606,-0.273336,2.574286,0.009716,0.054272,0.936012
1385,0,-1.986217,-3.192459,5.219211,0.000742,0.000222,0.999036
1386,0,1.393390,-4.402208,2.136771,0.321950,0.000979,0.677071
1387,0,-1.323060,-1.614522,2.552091,0.020025,0.014962,0.965013
1388,0,-2.753530,-2.042472,5.226954,0.000342,0.000696,0.998963
1389,0,-2.423587,-1.917352,4.714233,0.000793,0.001315,0.997892
1390,0,-0.802821,-0.848617,1.801553,0.064608,0.061716,0.873676
1391,0,-2.489353,-0.706913,3.767573,0.001892,0.011246,0.986862
1392,0,-1.821827,-3.326310,4.997747,0.001091,0.000242,0.998667
1393,0,-0.785606,-3.693773,3.658479,0.011604,0.000633,0.987763
1394,0,-2.078116,-0.523266,2.904814,0.006595,0.031222,0.962183
1395,0,-2.073584,-1.226390,3.831172,0.002702,0.006304,0.990994
1396,0,-2.548142,-2.488099,5.288804,0.000395,0.000419,0.999186
1397,0,0.308114,-4.407443,3.412009,0.042930,0.000384,0.956685
1398,0,-0.307442,-4.032499,4.056386,0.012566,0.000303,0.987131
1399,0,-1.419543,-1.457436,3.132111,0.010336,0.009951,0.979713
1400,0,-2.998184,-0.127561,3.751899,0.001146,0.020220,0.978634
1401,0,-1.438366,-3.632136,4.567756,0.002457,0.000274,0.997269
1402,0,-1.256225,-2.039366,3.746266,0.006656,0.003042,0.990302
1403,0,-1.440319,-2.353686,4.113255,0.003853,0.001546,0.994602
1404,0,-2.509004,-1.693411,4.758142,0.000697,0.001574,0.997729
1405,0,-1.109679,-3.423314,4.442248,0.003864,0.000382,0.995754
1406,0,-1.400607,-3.687679,4.936802,0.001765,0.000179,0.998055
1407,0,1.383953,-4.038773,1.507324,0.468226,0.002067,0.529706
1408,0,-2.512280,0.093170,3.312852,0.002831,0.038323,0.958846
1409,0,-2.305521,-2.549828,4.730362,0.000878,0.000688,0.998434
1410,0,-1.410029,-3.573528,4.749238,0.002109,0.000242,0.997649
1411,0,-2.545795,-2.457979,5.387555,0.000358,0.000391,0.999250
1412,0,-1.652549,-3.309487,5.051607,0.001224,0.000233,0.998543
1413,0,-2.174759,-2.830399,4.952883,0.000802,0.000416,0.998782
1414,0,-2.451731,-1.112689,3.861709,0.001796,0.006853,0.991351
1415,0,-1.364664,-2.544514,4.088234,0.004260,0.001309,0.994431
1416,0,-0.739294,-4.082273,4.288700,0.006508,0.000230,0.993262
1417,0,-2.574708,-2.460889,5.293945,0.000382,0.000428,0.999189
1418,0,-1.847760,-0.540214,2.824007,0.008962,0.033133,0.957905
1419,0,-1.815594,-2.172227,4.313549,0.002170,0.001519,0.996310
1420,0,-2.663855,-2.329907,5.370074,0.000324,0.000452,0.999223
1421,0,-2.384273,0.345029,2.729600,0.005475,0.083895,0.910630
1422,0,-1.205053,-2.223334,3.307792,0.010806,0.003903,0.985291
1423,0,-1.067557,-3.789564,4.470809,0.003917,0.000257,0.995826
1424,0,-1.845053,-2.917075,4.930644,0.001139,0.000390,0.998470
1425,0,-1.042381,-3.492832,4.434302,0.004164,0.000359,0.995477
1426,0,-1.445870,-2.544577,4.157644,0.003667,0.001222,0.995111
1427,0,-1.727254,-3.345121,4.930418,0.001282,0.000254,0.998464
1428,0,-1.329162,0.707814,1.032156,0.051888,0.397845,0.550267
1429,0,-0.503575,-3.515250,3.324814,0.021260,0.001046,0.977694
1430,0,-2.209333,-2.908788,5.332826,0.000530,0.000263,0.999207
1431,0,-2.568016,-1.763298,4.328589,0.001008,0.002254,0.996738
1432,0,1.065518,-4.204561,2.704577,0.162457,0.000836,0.836707
1433,0,-2.683410,-2.316901,5.230107,0.000365,0.000527,0.999107
1434,0,-1.664744,-3.202717,4.858565,0.001466,0.000315,0.998219
1435,0,0.104922,0.597721,-0.583520,0.318547,0.521428,0.160025
1436,0,-2.149444,-2.493938,5.059525,0.000739,0.000524,0.998737
1437,0,-0.235642,0.032452,0.225783,0.256818,0.335782,0.407399
1438,0,-1.075843,-3.682484,4.547486,0.003599,0.000266,0.996136
1439,0,-0.984519,-3.776615,4.358379,0.004758,0.000292,0.994951
1440,0,-0.036973,-2.644482,1.977294,0.116700,0.008603,0.874697
1441,0,-0.582532,-2.762048,3.342630,0.019315,0.002184,0.978501
1442,0,-2.567269,-0.712572,3.887587,0.001555,0.009935,0.988510
1443,0,-2.730494,-1.667208,4.671841,0.000608,0.001762,0.997630
1444,0,-0.717888,-3.201231,3.892832,0.009839,0.000821,0.989340
1445,0,-1.797127,-3.279943,5.078840,0.001031,0.000234,0.998735
1446,0,1.210508,0.402632,-1.804080,0.668954,0.298223,0.032823
1447,0,-0.842959,-3.350370,3.929690,0.008381,0.000683,0.990936
1448,0,-0.849179,-3.956496,4.421528,0.005113,0.000229,0.994659
1449,0,-2.700122,-2.140851,5.320923,0.000328,0.000574,0.999098
1450,0,-1.201694,-1.987407,3.233375,0.011653,0.005311,0.983035
1451,0,-1.332574,-3.776260,4.455542,0.003054,0.000265,0.996681
1452,0,-1.848287,-0.045463,2.373155,0.013298,0.080677,0.906025
1453,0,-1.549186,-3.692550,4.898126,0.001582,0.000186,0.998233
1454,0,-2.036075,0.002030,2.638813,0.008628,0.066232,0.925140
1455,0,-0.419935,-2.833377,3.564820,0.018228,0.001631,0.980141
1456,0,-1.097098,-4.026581,4.811295,0.002709,0.000145,0.997146
1457,0,-0.986846,0.771963,0.461099,0.090417,0.524917,0.384666
1458,0,-1.726132,-3.230377,4.740124,0.001552,0.000345,0.998103
1459,0,-2.195347,-2.985569,5.029835,0.000727,0.000330,0.998943
1460,0,-0.736301,-0.539538,1.633895,0.077418,0.094253,0.828330
1461,0,-1.954924,-3.355958,5.248974,0.000743,0.000183,0.999074
1462,0,-2.454482,-0.234836,3.341532,0.002948,0.027135,0.969916
1463,0,-1.845439,-2.519610,4.709314,0.001420,0.000724,0.997856
1464,0,-2.059258,-2.817093,5.124635,0.000758,0.000355,0.998887
1465,0,-2.214087,-2.857545,5.184772,0.000611,0.000321,0.999067
1466,0,-1.471895,-2.562277,3.946745,0.004407,0.001481,0.994112
1467,0,-1.839115,-2.580047,4.564739,0.001651,0.000787,0.997562
1468,0,-1.914115,-2.781957,4.516338,0.001608,0.000675,0.997717
1469,0,-2.728607,-1.524659,4.683080,0.000603,0.002009,0.997389
1470,0,-2.339591,-0.960695,3.828301,0.002074,0.008235,0.989691
1471,0,-2.212568,-2.594515,4.826794,0.000875,0.000597,0.998527
1472,0,-2.641520,-2.531490,5.326591,0.000346,0.000386,0.999268
1473,0,-2.226514,-2.889519,5.184210,0.000604,0.000311,0.999084
1474,0,-2.562074,-1.004259,4.383862,0.000957,0.004545,0.994497
1475,0,2.538909,-4.167566,0.497159,0.884154,0.001081,0.114764
1476,0,-1.154993,-0.708304,2.225121,0.031311,0.048944,0.919745
1477,0,0.336895,-0.094587,-0.337486,0.463174,0.300853,0.235974
1478,0,-1.780447,-2.592638,4.249662,0.002397,0.001064,0.996539
1479,0,1.773484,-1.505109,-1.113069,0.914537,0.034461,0.051002
1480,0,-0.994632,-1.065939,2.574013,0.026738,0.024898,0.948364
1481,0,-1.842511,0.235046,1.886456,0.019755,0.157740,0.822506
1482,0,-2.003028,-3.105995,4.819352,0.001088,0.000361,0.998552
1483,0,-2.187233,0.243107,2.627627,0.007370,0.083739,0.908891
1484,0,-2.210858,-2.429896,4.764892,0.000933,0.000749,0.998318
1485,0,0.207762,-4.753047,3.855709,0.025379,0.000178,0.974443
1486,0,-0.551881,-3.400762,3.422066,0.018433,0.001067,0.980500
1487,0,-1.711849,-3.012530,4.846033,0.001416,0.000386,0.998198
1488,0,0.433912,-4.616347,3.613504,0.039931,0.000256,0.959813
1489,0,-2.184872,-2.544724,4.446394,0.001316,0.000918,0.997766
1490,0,-1.225602,-3.697865,4.546547,0.003103,0.000262,0.996636
1491,0,-1.481138,-2.155777,3.604014,0.006131,0.003123,0.990747
1492,0,-2.485039,-0.092798,3.421571,0.002636,0.028830,0.968534
1493,0,-2.997695,-0.402131,4.285608,0.000680,0.009117,0.990203
1494,0,-1.592826,-3.555307,5.020847,0.001340,0.000188,0.998472
1495,0,-1.780042,-3.515224,4.942178,0.001202,0.000212,0.998586
1496,0,-2.115752,-3.041194,5.027545,0.000789,0.000313,0.998898
1497,0,-0.189170,-3.841524,3.432217,0.026031,0.000675,0.973294
1498,0,-0.698958,-3.603501,4.171946,0.007605,0.000417,0.991979
1499,0,-0.151309,-3.827198,3.459184,0.026309,0.000666,0.973025
1500,1,-1.121230,-2.076693,3.770840,0.007429,0.002857,0.989714
1501,1,0.429376,-2.886103,2.165799,0.148958,0.005410,0.845633
1502,1,-0.906797,-3.756343,4.252232,0.005713,0.000331,0.993957
1503,1,-1.460907,0.866285,1.156879,0.040073,0.410713,0.549214
1504,1,-0.511218,-3.237747,3.440825,0.018830,0.001232,0.979938
1505,1,-1.118081,0.480948,1.205399,0.061884,0.306214,0.631903
1506,1,0.794325,-1.714449,0.758484,0.488720,0.039766,0.471514
1507,1,-1.178103,0.415654,1.196772,0.059981,0.295240,0.644779
1508,1,-2.317085,-1.792587,4.191263,0.001485,0.002509,0.996006
1509,1,-0.044449,-1.223867,1.337961,0.188966,0.058099,0.752935
1510,1,0.783685,-4.135208,2.777299,0.119770,0.000875,0.879355
1511,1,-0.526013,-0.370542,1.005726,0.147180,0.171936,0.680884
1512,1,-1.681796,-1.711312,3.230053,0.007254,0.007043,0.985704
1513,1,-0.882272,-3.760701,4.134156,0.006582,0.000370,0.993048
1514,1,0.413366,-1.988214,0.908455,0.366137,0.033163,0.600700
1515,1,-1.503684,0.721056,1.276639,0.037914,0.350748,0.611338
1516,1,-1.790526,-0.633870,2.768795,0.010030,0.031889,0.958081
1517,1,-2.199202,-2.799886,5.067442,0.000698,0.000383,0.998920
1518,1,1.102976,-4.305374,1.932142,0.303409,0.001359,0.695232
1519,1,-0.776633,-2.170492,2.513009,0.035611,0.008836,0.955554
1520,1,0.390658,-4.389687,3.141369,0.060016,0.000504,0.939480
1521,1,-1.027386,1.400733,0.135288,0.064367,0.729759,0.205875
1522,1,-1.354396,-0.270704,1.953059,0.031978,0.094514,0.873507
1523,1,-2.654740,-2.019212,5.206210,0.000385,0.000727,0.998888
1524,1,1.601665,0.277686,-2.728206,0.781712,0.207994,0.010295
1525,1,-0.903263,0.450376,0.740720,0.099530,0.385329,0.515141
1526,1,-2.000246,-2.555658,4.950431,0.000957,0.000549,0.998495
1527,1,-2.318594,-1.270607,4.197140,0.001472,0.004197,0.994332
1528,1,-1.528948,-1.832505,3.599576,0.005865,0.004329,0.989806
1529,1,-0.564147,-3.379589,3.565817,0.015814,0.000947,0.983239
1530,1,-2.133005,-1.086743,3.790033,0.002650,0.007544,0.989806
1531,1,-0.790681,-2.443180,3.417509,0.014614,0.002800,0.982586
1532,1,-0.388290,-0.981426,1.586295,0.114205,0.063109,0.822687
1533,1,-0.758854,-0.167870,1.218366,0.099717,0.180065,0.720218
1534,1,-2.707086,-1.431580,4.724156,0.000591,0.002116,0.997294
1535,1,-2.177763,-2.479914,4.530037,0.001219,0.000901,0.997880
1536,1,0.567339,-4.535610,2.978010,0.082321,0.000500,0.917178
1537,1,-2.103754,-0.312131,3.103163,0.005276,0.031653,0.963071
1538,1,0.170632,-3.963887,3.335579,0.040480,0.000648,0.958872
1539,1,0.051733,-4.524166,3.691607,0.025577,0.000263,0.974159
1540,1,-1.263483,-0.127654,1.944427,0.034673,0.107962,0.857365
1541,1,-1.068095,0.007140,1.462108,0.060655,0.177760,0.761585
1542,1,-1.339928,0.475807,1.361676,0.045353,0.278722,0.675925
1543,1,-1.796590,0.985714,1.361159,0.024586,0.397214,0.578200
1544,1,-0.082875,-3.770343,3.512197,0.026707,0.000669,0.972624
1545,1,0.602012,-4.173870,2.902629,0.091002,0.000767,0.908231
1546,1,0.252814,-1.841583,1.389210,0.235923,0.029053,0.735024
1547,1,3.330805,-3.840380,-1.114209,0.987649,0.000759,0.011592
1548,1,-1.349114,0.774416,1.128437,0.047009,0.393021,0.559970
1549,1,-1.595806,-0.736610,2.832219,0.011477,0.027101,0.961421
1550,1,0.390074,-4.750927,3.680717,0.035886,0.000210,0.963904
1551,1,-0.916733,-1.492505,2.299678,0.037735,0.021217,0.941048
1552,1,-0.122145,0.201894,-0.082099,0.292094,0.403878,0.304028
1553,1,-1.022836,0.342638,1.045869,0.077929,0.305294,0.616777
1554,1,-2.296037,-0.937157,3.505204,0.002980,0.011597,0.985424
1555,1,1.848791,-4.649798,2.215944,0.408977,0.000616,0.590407
1556,1,0.912765,-4.935178,3.071259,0.103509,0.000299,0.896192
1557,1,-1.189503,-3.375998,4.602383,0.003042,0.000342,0.996617
1558,1,-1.926489,-1.419890,3.749805,0.003395,0.005635,0.990970
1559,1,2.987933,-4.593175,0.281879,0.936935,0.000478,0.062587
1560,1,-1.114587,-3.272157,4.323739,0.004326,0.000500,0.995174
1561,1,-0.063760,-3.662231,3.378478,0.030975,0.000848,0.968177
1562,1,1.189842,-1.293329,-0.834625,0.822678,0.068676,0.108646
1563,1,-0.954151,-0.719613,1.887124,0.051541,0.065165,0.883294
1564,1,-0.947409,-3.737113,4.022063,0.006896,0.000424,0.992680
1565,1,-1.027386,1.400733,0.135288,0.064367,0.729759,0.205875
1566,1,0.267117,-2.382501,1.996191,0.149118,0.010539,0.840343
1567,1,0.040670,-2.133018,1.894314,0.133390,0.015174,0.851436
1568,1,-2.159411,-1.236352,3.881912,0.002359,0.005937,0.991705
1569,1,0.082271,-4.400710,3.849493,0.022588,0.000255,0.977157
1570,1,-1.747246,0.312429,1.934512,0.020593,0.161522,0.817885
1571,1,-0.702699,0.476668,0.543331,0.129386,0.420803,0.449811
1572,1,-2.132808,-0.572276,3.405397,0.003846,0.018314,0.977839
1573,1,0.727456,-3.995393,2.941457,0.098414,0.000875,0.900711
1574,1,-2.658758,0.083390,3.406450,0.002236,0.034711,0.963053
1575,1,0.023867,-3.740273,3.147178,0.042115,0.000977,0.956909
1576,1,0.344607,-1.991006,1.558364,0.224072,0.021679,0.754249
1577,1,-1.013566,0.791329,0.625845,0.081756,0.497024,0.421220
1578,1,-1.807233,1.079507,1.239269,0.025015,0.448634,0.526351
1579,1,-1.376443,-3.262715,4.462574,0.002902,0.000440,0.996658
1580,1,-1.668020,-2.549939,4.397920,0.002313,0.000958,0.996729
1581,1,-1.448852,0.326178,1.431189,0.040460,0.238735,0.720804
1582,1,-1.824283,0.544776,1.802573,0.020291,0.216862,0.762847
1583,1,-0.525072,1.268131,-0.849508,0.129339,0.777157,0.093504
1584,1,-0.462248,-2.745758,3.312144,0.022385,0.002282,0.975333
1585,1,0.965288,-3.844374,1.954190,0.270531,0.002205,0.727264
1586,1,0.714489,-4.469086,3.128135,0.082100,0.000460,0.917439
1587,1,-1.148291,0.409807,1.101973,0.065617,0.311665,0.622718
1588,1,0.322456,1.207887,-1.613965,0.280250,0.679333,0.040417
1589,1,2.472749,-3.786221,-0.081120,0.926189,0.001772,0.072039
1590,1,-1.586993,-2.725340,3.935700,0.003974,0.001273,0.994753
1591,1,-1.391339,-3.673514,4.898265,0.001852,0.000189,0.997959
1592,1,-1.241229,-1.640474,3.152762,0.012102,0.008118,0.979780
1593,1,-0.352951,-3.187857,3.355917,0.023886,0.001403,0.974712
1594,1,-2.582678,-0.176133,3.328914,0.002622,0.029092,0.968286
1595,1,-1.971106,-0.772394,3.099973,0.006110,0.020260,0.973630
1596,1,0.159995,-3.263741,2.868200,0.062364,0.002032,0.935604
1597,1,1.473939,-3.878235,1.222953,0.560925,0.002658,0.436418
1598,1,-1.784392,-2.070064,4.455947,0.001943,0.001460,0.996598
1599,1,-2.562074,-1.004259,4.383862,0.000957,0.004545,0.994497
1600,1,-2.058108,-2.286772,4.626910,0.001247,0.000992,0.997761
1601,1,-1.669778,-3.252028,4.853061,0.001467,0.000301,0.998232
1602,1,0.172073,-3.089494,2.939642,0.058968,0.002260,0.938771
1603,1,-0.248401,-2.401335,2.290445,0.072563,0.008428,0.919010
1604,1,-0.566695,-0.527540,1.200393,0.126683,0.131742,0.741575
1605,1,-1.789020,0.587060,1.110912,0.033405,0.359527,0.607068
1606,1,-2.562074,-1.004259,4.383862,0.000957,0.004545,0.994497
1607,1,-1.702723,1.187501,1.025551,0.029151,0.524646,0.446203
1608,1,-0.631803,-4.083183,4.421375,0.006347,0.000201,0.993452
1609,1,-0.877265,1.249908,0.056027,0.083794,0.703128,0.213078
1610,1,-0.551672,0.002698,0.679097,0.162214,0.282389,0.555397
1611,1,-2.942356,0.291578,3.326271,0.001805,0.045800,0.952395
1612,1,-2.102402,-2.262471,4.122679,0.001972,0.001680,0.996348
1613,1,-2.647163,-2.082808,5.220134,0.000383,0.000673,0.998944
1614,1,-1.186097,1.286538,0.371708,0.056812,0.673425,0.269764
1615,1,-1.840819,-0.538196,2.835599,0.008923,0.032829,0.958248
1616,1,-2.072888,-3.166208,5.264966,0.000650,0.000218,0.999132
1617,1,-2.180964,-2.572806,4.399270,0.001384,0.000936,0.997680
1618,1,-1.904963,0.370373,2.085276,0.015432,0.150175,0.834393
1619,1,-1.027386,1.400733,0.135288,0.064367,0.729759,0.205875
1620,1,-1.676621,-0.111286,2.261759,0.017507,0.083759,0.898734
1621,1,-0.652447,0.508002,0.435141,0.139695,0.445817,0.414489
1622,1,-1.757677,0.204330,2.125418,0.017640,0.125487,0.856873
1623,1,-1.055028,-1.292216,2.234803,0.034932,0.027556,0.937512
1624,1,-2.483509,-1.550675,4.430984,0.000990,0.002516,0.996494
1625,1,-1.667827,0.246478,2.008756,0.021145,0.143407,0.835448
1626,1,0.986671,-4.640648,2.556187,0.172179,0.000620,0.827202
1627,1,0.430380,-4.073147,3.352084,0.051062,0.000565,0.948373
1628,1,1.462953,-3.919457,1.933992,0.383693,0.001764,0.614544
1629,1,1.459858,-5.052525,2.437819,0.273185,0.000406,0.726409
1630,1,-0.355909,-3.724685,3.694528,0.017107,0.000589,0.982304
1631,1,0.558480,-2.910004,1.994351,0.191041,0.005954,0.803005
1632,1,-1.151445,0.385005,1.256218,0.059680,0.277396,0.662924
1633,1,-0.373108,-1.116927,1.479908,0.127318,0.060514,0.812168
1634,1,0.446492,-4.178610,3.190974,0.060363,0.000592,0.939045
1635,1,-0.121326,-4.074773,3.357544,0.029902,0.000574,0.969524
1636,1,3.359555,-2.636339,-1.956303,0.992652,0.002471,0.004877
1637,1,-2.176210,-2.535325,4.614399,0.001122,0.000784,0.998094
1638,1,-0.147556,-2.248889,2.194805,0.086745,0.010608,0.902647
1639,1,-0.516549,1.435786,-0.655130,0.112162,0.790191,0.097647
1640,1,-1.643002,-0.694928,2.582722,0.013888,0.035841,0.950271
1641,1,-1.223552,0.865936,0.631603,0.064627,0.522235,0.413139
1642,1,-2.100146,0.526771,2.120328,0.012063,0.166847,0.821090
1643,1,-1.894732,-2.350523,4.368483,0.001899,0.001204,0.996897
1644,1,-1.427307,-0.011617,1.750849,0.034339,0.141452,0.824210
1645,1,-0.712581,-3.097630,3.916092,0.009665,0.000890,0.989445
1646,1,-2.508652,-2.707760,5.249779,0.000427,0.000350,0.999223
1647,1,-1.027386,1.400733,0.135288,0.064367,0.729759,0.205875
1648,1,-2.683208,-1.762015,4.837958,0.000540,0.001358,0.998102
1649,1,-2.136040,-2.809416,5.237779,0.000627,0.000320,0.999053
1650,1,-1.063038,-3.891738,4.546466,0.003649,0.000216,0.996136
1651,1,-0.323398,-3.677484,3.835927,0.015370,0.000537,0.984093
1652,1,-0.082635,-2.871954,2.837365,0.051013,0.003135,0.945851
1653,1,-0.808762,-3.732718,4.136408,0.007065,0.000380,0.992556
1654,1,-2.321636,-2.609246,5.116730,0.000588,0.000441,0.998972
1655,1,0.806537,-4.306067,2.636295,0.138152,0.000832,0.861016
1656,1,-0.705974,-0.932708,1.965822,0.061489,0.049015,0.889496
1657,1,0.077805,-1.493443,1.404319,0.200978,0.041760,0.757262
1658,1,-0.578564,1.534253,-0.595253,0.097514,0.806586,0.095900
1659,1,-1.257518,-0.275130,1.978758,0.034353,0.091751,0.873897
1660,1,-1.631062,0.776752,1.289811,0.032608,0.362266,0.605126
1661,1,-1.883043,-3.074932,4.948505,0.001078,0.000327,0.998595
1662,1,-2.706827,-0.437145,3.945507,0.001273,0.012322,0.986404
1663,1,1.460124,-1.618974,-0.525271,0.845075,0.038874,0.116051
1664,1,-1.433539,0.195879,1.716582,0.033968,0.173266,0.792767
1665,1,-1.971054,-3.160061,5.208032,0.000762,0.000232,0.999006
1666,1,-1.801393,-3.300219,5.102857,0.001002,0.000224,0.998774
1667,1,-1.038116,0.636450,0.893092,0.075561,0.403230,0.521208
1668,1,-1.212143,-0.075014,1.426330,0.055219,0.172163,0.772618
1669,1,-1.962957,0.066385,2.257145,0.013046,0.099271,0.887683
1670,1,-1.170476,0.736569,0.809434,0.066777,0.449619,0.483604
1671,1,2.429640,-4.375474,0.831483,0.830995,0.000921,0.168084
1672,1,-1.852953,-1.653368,3.593195,0.004272,0.005216,0.990512
1673,1,0.867252,-4.258122,2.849147,0.121030,0.000719,0.878251
1674,1,-2.168575,-3.142960,5.293576,0.000574,0.000217,0.999209
1675,1,-0.933277,0.391905,0.772939,0.097362,0.366361,0.536277
1676,1,-0.266346,-3.994419,3.928147,0.014849,0.000357,0.984794
1677,1,-1.838842,1.337425,0.964170,0.024125,0.577958,0.397918
1678,1,-2.773704,-1.549014,4.607333,0.000621,0.002114,0.997265
1679,1,-1.094075,0.141620,1.256831,0.066953,0.230370,0.702677
1680,1,-2.562074,-1.004259,4.383862,0.000957,0.004545,0.994497
1681,1,-2.358917,-1.398759,4.148162,0.001485,0.003879,0.994637
1682,1,2.100879,-4.311923,1.415940,0.664116,0.001089,0.334795
1683,1,-0.486323,-3.296736,3.645517,0.015785,0.000950,0.983265
1684,1,-0.995410,-0.752434,2.036923,0.043439,0.055387,0.901174
1685,1,-0.945256,-3.704058,4.471560,0.004420,0.000280,0.995299
1686,1,-0.552213,-4.003541,3.685942,0.014222,0.000451,0.985327
1687,1,0.057991,-3.350472,3.028145,0.048714,0.001612,0.949674
1688,1,-1.027699,-3.714094,4.434213,0.004226,0.000288,0.995486
1689,1,-0.497689,-2.996431,3.213007,0.023830,0.001959,0.974212
1690,1,-0.813332,-2.625829,3.631701,0.011579,0.001890,0.986531
1691,1,-1.602273,-0.008633,1.847007,0.026738,0.131597,0.841665
1692,1,-2.038529,-2.938569,5.196363,0.000720,0.000293,0.998987
1693,1,-0.665821,-3.261830,3.642913,0.013259,0.000989,0.985752
1694,1,-0.113802,1.128850,-0.913113,0.203483,0.705024,0.091494
1695,1,-2.303445,-2.677707,5.078147,0.000622,0.000428,0.998950
1696,1,-0.639103,-2.854553,3.389726,0.017451,0.001904,0.980645
1697,1,-1.011389,0.707712,0.742569,0.080926,0.451529,0.467545
1698,1,0.060599,-4.055421,3.533354,0.030083,0.000491,0.969427
1699,1,-1.255121,-3.817127,4.580716,0.002912,0.000225,0.996864
1700,1,-1.841119,0.814328,1.621615,0.021215,0.301924,0.676860
1701,1,-1.487586,-0.188526,1.984833,0.027115,0.099398,0.873487
1702,1,-0.240834,1.607503,-1.238968,0.129570,0.822674,0.047755
1703,1,0.300257,-4.086919,3.536695,0.037800,0.000470,0.961730
1704,1,-1.731380,-3.434361,4.868694,0.001358,0.000247,0.998395
1705,1,-1.425817,-0.501024,2.211050,0.024100,0.060764,0.915136
1706,1,-0.823525,0.698958,0.500736,0.107032,0.490591,0.402377
1707,1,2.834297,-2.735542,-1.480421,0.983109,0.003747,0.013144
1708,1,-0.991795,-2.663805,3.280426,0.013723,0.002578,0.983698
1709,1,0.250842,-3.594708,2.802736,0.072188,0.001543,0.926269
1710,1,-1.036980,0.539498,0.848359,0.080473,0.389321,0.530206
1711,1,-1.943688,-3.273990,5.074599,0.000894,0.000236,0.998869
1712,1,-0.030481,-4.469881,3.638963,0.024850,0.000293,0.974857
1713,1,-0.294765,-3.615879,3.702989,0.018014,0.000651,0.981335
1714,1,-0.232755,-4.026464,3.828531,0.016929,0.000381,0.982690
1715,1,-1.845299,-0.371931,2.292665,0.014697,0.064138,0.921164
1716,1,-1.158818,-0.333531,1.778551,0.045149,0.103055,0.851795
1717,1,1.763395,-4.550280,1.555009,0.551358,0.000999,0.447644
1718,1,-0.875607,-0.723233,1.718607,0.064306,0.074890,0.860804
1719,1,0.532701,-2.788629,1.246411,0.324923,0.011731,0.663346
1720,1,0.980421,-4.606695,3.123774,0.104913,0.000393,0.894694
1721,1,-1.104813,0.214797,1.334541,0.061699,0.230877,0.707423
1722,1,0.366115,-4.073813,2.915779,0.072387,0.000854,0.926759
1723,1,-1.632774,-3.215381,4.687050,0.001796,0.000369,0.997835
1724,1,-0.701332,-4.034501,4.314229,0.006589,0.000235,0.993176
1725,1,-2.359130,-2.402701,5.078268,0.000588,0.000563,0.998849
1726,1,0.742265,-3.239788,2.122148,0.200277,0.003735,0.795988
1727,1,-0.319949,0.926698,-0.282655,0.181269,0.630574,0.188157
1728,1,-2.098094,0.014695,2.677887,0.007819,0.064671,0.927510
1729,1,1.678231,-4.802781,1.838528,0.459687,0.000704,0.539608
1730,1,0.287928,-3.827039,2.677683,0.083842,0.001369,0.914789
1731,1,-1.693391,-3.415186,4.904361,0.001361,0.000243,0.998395
1732,1,-1.421939,0.815377,1.230546,0.040721,0.381480,0.577800
1733,1,-1.254303,1.549063,0.301006,0.044971,0.742023,0.213007
1734,1,0.421431,-4.466662,3.286378,0.053892,0.000406,0.945702
1735,1,-2.303499,0.139397,2.918424,0.005056,0.058173,0.936772
1736,1,-1.085048,-3.828973,4.507971,0.003709,0.000239,0.996052
1737,1,-2.190150,-1.171267,3.771528,0.002551,0.007066,0.990383
1738,1,1.278894,-4.503906,2.383322,0.248720,0.000766,0.750513
1739,1,-1.396936,0.414230,1.506470,0.039442,0.241289,0.719269
1740,1,-2.580215,-1.225179,4.434321,0.000895,0.003469,0.995636
1741,1,-0.120752,-4.111974,3.510190,0.025795,0.000477,0.973728
1742,1,0.145691,-3.827106,3.370985,0.038197,0.000719,0.961084
1743,1,-1.306864,1.040359,0.711596,0.052678,0.550828,0.396494
1744,1,-1.456441,0.949541,1.003608,0.042026,0.466042,0.491932
1745,1,-2.000244,-1.061182,3.592214,0.003677,0.009405,0.986918
1746,1,2.051050,-3.963268,0.984694,0.742554,0.001814,0.255632
1747,1,0.166882,-3.662519,3.075973,0.051648,0.001122,0.947230
1748,1,-1.862169,0.867580,1.591803,0.020853,0.319656,0.659491
1749,1,-2.330862,0.475225,2.586853,0.006484,0.107272,0.886245
1750,1,-1.644923,-1.222290,3.113510,0.008397,0.012814,0.978789
1751,1,-3.137049,-0.104469,4.146352,0.000677,0.014043,0.985280
1752,1,-3.026594,-0.550542,4.519637,0.000525,0.006239,0.993237
1753,1,1.037293,-4.320959,2.692561,0.160277,0.000755,0.838968
1754,1,-1.082650,1.029234,0.415277,0.072800,0.601607,0.325593
1755,1,-1.484550,-2.894297,4.190733,0.003415,0.000834,0.995751
1756,1,-1.375287,0.639250,1.053627,0.050394,0.377813,0.571793
1757,1,-1.089724,-3.834836,4.341785,0.004356,0.000280,0.995364
1758,1,-1.731337,1.146316,1.102874,0.027941,0.496585,0.475474
1759,1,-1.000726,1.024485,0.304963,0.081513,0.617684,0.300803
1760,1,2.461186,-2.426044,-1.374684,0.971699,0.007329,0.020972
1761,1,-1.966937,-2.755423,4.512125,0.001532,0.000696,0.997772
1762,1,-1.521136,-0.793110,2.313961,0.020256,0.041949,0.937795
1763,1,0.484552,-4.177637,3.452713,0.048863,0.000462,0.950676
1764,1,-0.737068,0.443266,0.671144,0.119845,0.390151,0.490004
1765,1,-0.790641,0.813748,0.285098,0.112272,0.558531,0.329198
1766,1,-0.421377,0.053600,0.600221,0.185680,0.298569,0.515751
1767,1,-1.973418,0.230043,2.277238,0.012468,0.112911,0.874622
1768,1,0.377297,-1.810416,1.364810,0.263385,0.029545,0.707070
1769,1,0.227001,-3.473000,2.820678,0.069427,0.001716,0.928856
1770,1,-1.205902,-2.535922,3.179209,0.012268,0.003245,0.984487
1771,1,1.192733,-4.582543,2.840241,0.161365,0.000501,0.838134
1772,1,-2.087128,-0.538763,2.486957,0.009742,0.045827,0.944431
1773,1,-0.892735,-3.230434,3.971467,0.007653,0.000739,0.991608
1774,1,-0.910108,-3.653937,4.437847,0.004734,0.000305,0.994962
1775,1,-0.579229,1.676407,-0.775469,0.088004,0.839674,0.072323
1776,1,-1.695405,1.008745,1.176825,0.029746,0.444453,0.525801
1777,1,1.598979,-4.904859,2.037307,0.391909,0.000587,0.607504
1778,1,-1.993063,-0.218568,2.711453,0.008522,0.050257,0.941221
1779,1,-0.855139,0.496353,0.860377,0.095944,0.370650,0.533406
1780,1,-1.108220,0.682695,0.791596,0.073102,0.438239,0.488659
1781,1,-0.901312,0.287838,0.922745,0.095409,0.313349,0.591242
1782,1,0.242824,-3.317406,2.664646,0.081335,0.002313,0.916352
1783,1,0.763629,-4.365463,2.642949,0.132363,0.000784,0.866853
1784,1,-0.787576,-0.547091,1.653181,0.072708,0.092475,0.834817
1785,1,2.845015,-3.430606,-1.062944,0.978509,0.001841,0.019650
1786,1,-1.659719,0.071745,2.086675,0.020401,0.115244,0.864355
1787,1,0.098652,0.826131,-0.811958,0.288007,0.596134,0.115859
1788,1,1.827277,-4.365738,1.407722,0.602634,0.001232,0.396135
1789,1,-2.562074,-1.004259,4.383862,0.000957,0.004545,0.994497
1790,1,-0.164309,-3.467736,2.568246,0.060943,0.002240,0.936817
1791,1,0.525483,-4.346538,2.860554,0.088200,0.000675,0.911124
1792,1,-0.552875,-3.461857,3.534203,0.016496,0.000900,0.982604
1793,1,-0.931947,-3.504997,4.319670,0.005210,0.000398,0.994393
1794,1,-2.124941,-0.419966,3.247300,0.004508,0.024798,0.970695
1795,1,-2.630604,-0.501884,3.735745,0.001691,0.014212,0.984097
1796,1,-0.943877,-2.139472,3.387741,0.012925,0.003910,0.983165
1797,1,-1.541147,-1.180726,2.733672,0.013459,0.019299,0.967242
1798,1,-1.061799,1.436985,0.193810,0.059960,0.729580,0.210460
1799,1,-1.901422,-2.901436,4.838012,0.001181,0.000435,0.998384
1800,1,-3.127038,-0.151298,3.942425,0.000836,0.016390,0.982774
1801,1,1.711265,-3.175625,0.817124,0.705963,0.005326,0.288710
1802,1,0.055466,-1.758774,1.612461,0.169276,0.027586,0.803138
1803,1,-0.178375,-0.400017,0.379625,0.281819,0.225794,0.492387
1804,1,0.382749,-4.602714,3.502660,0.042281,0.000289,0.957430
1805,1,-1.838885,-0.718124,2.802091,0.009284,0.028476,0.962240
1806,1,-1.027386,1.400733,0.135288,0.064367,0.729759,0.205875
1807,1,0.627166,-3.669931,2.495694,0.133469,0.001816,0.864714
1808,1,-0.842474,-0.872266,1.303480,0.095049,0.092259,0.812691
1809,1,-0.343509,-4.218116,4.157442,0.010974,0.000228,0.988798
1810,1,-2.562074,-1.004259,4.383862,0.000957,0.004545,0.994497
1811,1,-0.525796,0.191094,0.490442,0.172092,0.352454,0.475453
1812,1,-0.962123,-0.230581,1.474640,0.068898,0.143189,0.787913
1813,1,0.530941,-3.970166,2.660727,0.106110,0.001177,0.892712
1814,1,-2.049049,-1.486013,3.810594,0.002830,0.004969,0.992201
1815,1,-0.011961,-4.447886,3.917626,0.019269,0.000228,0.980503
1816,1,-2.656063,-0.478929,3.591319,0.001899,0.016755,0.981346
1817,1,-0.712176,-0.444990,1.563625,0.083043,0.108477,0.808480
1818,1,-0.532223,-0.070338,0.553885,0.180187,0.285968,0.533844
1819,1,0.873381,-4.256169,2.998344,0.106627,0.000631,0.892742
1820,1,-1.189198,-3.319973,4.332264,0.003982,0.000473,0.995545
1821,1,-2.547693,-0.174327,3.175945,0.003147,0.033780,0.963073
1822,1,-0.996406,1.024929,0.264762,0.082796,0.624974,0.292231
1823,1,-0.911576,-4.003320,4.234497,0.005787,0.000263,0.993950
1824,1,0.741490,0.054693,-1.051579,0.598934,0.301374,0.099692
1825,1,-0.728297,-0.028133,1.097554,0.108434,0.218396,0.673169
1826,1,-1.220014,-3.740855,4.790972,0.002445,0.000197,0.997358
1827,1,-1.033293,-2.801954,3.935048,0.006899,0.001177,0.991925
1828,1,0.750207,-3.681084,2.841965,0.109757,0.001306,0.888937
1829,1,-1.348014,-2.966928,3.979787,0.004827,0.000956,0.994217
1830,1,-2.161505,-2.085837,4.653872,0.001094,0.001180,0.997725
1831,1,-0.846269,-0.270024,1.315236,0.087233,0.155218,0.757549
1832,1,-0.895322,1.393548,-0.078217,0.076175,0.751371,0.172455
1833,1,-1.069382,-3.844186,4.697055,0.003121,0.000195,0.996685
1834,1,-1.582186,-1.300235,3.252887,0.007802,0.010343,0.981855
1835,1,-0.944827,-0.014279,1.352793,0.074149,0.188034,0.737817
1836,1,-0.646061,1.265538,-0.355291,0.109874,0.743175,0.146951
1837,1,-0.360549,-3.600768,3.307085,0.024877,0.000974,0.974149
1838,1,1.694907,-4.837797,1.993834,0.425556,0.000619,0.573824
1839,1,0.217524,-3.824170,3.282564,0.044538,0.000782,0.954680
1840,1,-1.972657,-1.373226,3.822844,0.003015,0.005491,0.991493
1841,1,-1.160411,-3.766347,4.546917,0.003310,0.000244,0.996446
1842,1,0.037856,0.889643,-0.715063,0.262136,0.614401,0.123463
1843,1,0.134966,-2.933777,2.975450,0.055034,0.002558,0.942408
1844,1,-2.451693,-0.579547,3.694901,0.002107,0.013700,0.984193
1845,1,-1.022106,1.102435,0.282773,0.076591,0.640998,0.282411
1846,1,-1.027386,1.400733,0.135288,0.064367,0.729759,0.205875
1847,1,-0.709298,-3.883671,4.326092,0.006460,0.000270,0.993270
1848,1,-2.180688,-2.588973,4.575713,0.001161,0.000772,0.998067
1849,1,-2.562074,-1.004259,4.383862,0.000957,0.004545,0.994497
1850,1,-0.264947,-4.188715,3.941975,0.014669,0.000290,0.985041
1851,1,2.753877,-2.242849,-1.685624,0.981776,0.006637,0.011587
1852,1,0.120237,-3.929935,3.213703,0.043345,0.000755,0.955900
1853,1,-2.228320,-0.799056,3.111111,0.004682,0.019552,0.975766
1854,1,-1.366883,-0.987684,2.360554,0.022710,0.033182,0.944108
1855,1,-0.898679,1.277604,0.060689,0.080492,0.709419,0.210089
1856,1,0.415601,-4.223947,2.971452,0.071984,0.000696,0.927320
1857,1,-1.731840,0.780566,1.609093,0.024050,0.296647,0.679303
1858,1,-1.998556,1.069316,1.385291,0.019238,0.413545,0.567217
1859,1,2.806360,-0.993295,-2.824382,0.974693,0.021812,0.003495
1860,1,0.830025,-0.922550,-0.883642,0.738808,0.128055,0.133136
1861,1,0.115295,-1.054690,0.884823,0.288258,0.089467,0.622275
1862,1,-0.862150,0.683631,0.507392,0.103894,0.487433,0.408673
1863,1,2.468874,-3.968296,0.411313,0.885452,0.001418,0.113130
1864,1,-0.562064,-2.458067,2.456379,0.046276,0.006949,0.946775
1865,1,-1.601013,-2.325433,4.341574,0.002615,0.001267,0.996118
1866,1,-2.250433,-0.513442,3.415447,0.003384,0.019221,0.977395
1867,1,-1.003914,-0.531935,1.743720,0.054918,0.088043,0.857038
1868,1,-2.998862,-1.494446,5.085523,0.000308,0.001386,0.998307
1869,1,1.515949,-4.271313,1.924994,0.398653,0.001222,0.600125
1870,1,0.371403,-1.425337,0.550286,0.423420,0.070219,0.506360
1871,1,-0.373400,-2.152716,2.518404,0.052098,0.008792,0.939110
1872,1,-2.145031,-1.112023,3.308675,0.004212,0.011833,0.983955
1873,1,-0.848422,-3.744049,4.349619,0.005495,0.000304,0.994201
1874,1,-0.032442,-2.247879,2.262028,0.090676,0.009893,0.899431
1875,1,1.596263,-4.097423,1.908437,0.421984,0.001421,0.576595
1876,1,0.935533,-2.776194,0.848830,0.515096,0.012587,0.472317
1877,1,-1.919343,-0.169121,2.589576,0.010248,0.058987,0.930765
1878,1,-1.957866,-2.835219,4.663313,0.001329,0.000553,0.998118
1879,1,0.443242,-3.726261,2.539477,0.109278,0.001689,0.889032
1880,1,0.765673,-3.714032,2.676123,0.128742,0.001460,0.869798
1881,1,-2.339337,0.793030,2.201107,0.008499,0.194867,0.796634
1882,1,-0.482579,2.108299,-1.438775,0.067908,0.905991,0.026101
1883,1,1.187773,-5.139512,2.908551,0.151730,0.000271,0.847999
1884,1,-1.388574,0.956974,0.917438,0.046569,0.486138,0.467293
1885,1,0.562057,-4.153852,3.104611,0.072881,0.000652,0.926467
1886,1,-2.764831,-1.744081,4.753575,0.000542,0.001504,0.997954
1887,1,-0.891256,0.617199,0.651627,0.098060,0.443208,0.458732
1888,1,0.487023,-3.753497,2.993109,0.075351,0.001085,0.923564
1889,1,2.486632,-0.152631,-3.538081,0.931244,0.066504,0.002252
1890,1,1.653065,-4.357378,1.766597,0.471102,0.001156,0.527742
1891,1,-0.944040,-3.454652,4.241743,0.005562,0.000452,0.993986
1892,1,-0.519056,-3.816955,3.811353,0.012985,0.000480,0.986535
1893,1,-2.533082,-1.318847,4.341079,0.001030,0.003467,0.995503
1894,1,-0.090066,-3.862635,3.374442,0.030318,0.000697,0.968985
1895,1,-1.101664,-2.502455,3.610597,0.008885,0.002189,0.988926
1896,1,-1.335521,0.980964,0.741093,0.052308,0.530406,0.417286
1897,1,-0.740577,-3.475793,4.113591,0.007732,0.000502,0.991767
1898,1,2.170511,-2.583607,-0.471336,0.926058,0.007979,0.065963
1899,1,-1.623212,-3.012625,4.744886,0.001712,0.000427,0.997862
1900,1,2.121499,-4.546059,1.140215,0.726691,0.000924,0.272385
1901,1,0.375699,-4.855177,3.654629,0.036294,0.000194,0.963512
1902,1,-0.429952,0.241061,0.341112,0.195378,0.382202,0.422420
1903,1,-2.050421,-3.280948,5.037912,0.000834,0.000244,0.998923
1904,1,-0.887439,0.165479,1.000052,0.095522,0.273766,0.630712
1905,1,-0.747104,-3.797332,4.061697,0.008089,0.000383,0.991529
1906,1,-1.631698,1.122382,0.924292,0.033794,0.530796,0.435410
1907,1,0.076692,-2.820537,2.152085,0.110830,0.006115,0.883055
1908,1,0.447878,-3.486579,2.559669,0.107729,0.002107,0.890165
1909,1,-1.504883,-0.601329,2.457475,0.017841,0.044039,0.938120
1910,1,-1.221550,1.308110,0.415440,0.053508,0.671480,0.275012
1911,1,-0.545398,-4.124744,4.071260,0.009786,0.000273,0.989941
1912,1,-0.289480,-4.388377,4.113429,0.012091,0.000201,0.987708
1913,1,-0.704583,0.859582,0.155083,0.122834,0.586986,0.290180
1914,1,2.173938,-4.852044,1.686868,0.619075,0.000550,0.380375
1915,1,-2.162989,-1.525396,4.251667,0.001630,0.003083,0.995287
1916,1,-1.159274,0.912651,0.594672,0.067947,0.539502,0.392551
1917,1,-1.275338,-2.837702,3.746734,0.006539,0.001371,0.992090
1918,1,-0.092738,-4.159309,3.567747,0.025064,0.000430,0.974506
1919,1,0.307268,-4.198651,3.294854,0.047964,0.000530,0.951506
1920,1,1.502852,-2.254568,-0.157802,0.824159,0.019239,0.156602
1921,1,0.877252,-1.445118,-0.316222,0.713670,0.069969,0.216361
1922,1,-1.321120,-1.972336,3.294815,0.009746,0.005082,0.985172
1923,1,-1.977079,-0.453008,2.893971,0.007350,0.033744,0.958905
1924,1,-1.857987,-1.139698,2.872423,0.008592,0.017621,0.973788
1925,1,-1.553432,-2.377383,3.981726,0.003923,0.001721,0.994356
1926,1,-2.090593,0.309669,2.289133,0.010888,0.120054,0.869057
1927,1,-0.678468,-1.634570,2.449959,0.041284,0.015869,0.942847
1928,1,-1.546463,-3.213285,4.303423,0.002870,0.000542,0.996588
1929,1,0.819513,-2.174110,0.776051,0.498113,0.024958,0.476928
1930,1,-2.712967,-2.283274,5.004035,0.000445,0.000683,0.998872
1931,1,-1.326511,0.497607,1.095356,0.054159,0.335640,0.610201
1932,1,0.837292,-3.856136,2.335135,0.182442,0.001670,0.815887
1933,1,-1.340194,1.304712,0.491748,0.046886,0.660261,0.292853
1934,1,-2.217534,-2.229905,4.616501,0.001074,0.001061,0.997865
1935,1,-1.352496,0.833129,0.953135,0.050184,0.446446,0.503370
1936,1,0.410036,-1.034612,0.071519,0.513174,0.121021,0.365804
1937,1,-1.027386,1.400733,0.135288,0.064367,0.729759,0.205875
1938,1,-2.477522,0.806073,2.371152,0.006442,0.171805,0.821753
1939,1,1.346726,-2.444732,0.409868,0.707004,0.015952,0.277044
1940,1,-0.463497,-3.383708,3.961586,0.011824,0.000638,0.987538
1941,1,0.574245,-3.590216,2.276737,0.153772,0.002389,0.843839
1942,1,0.899206,-4.337037,2.979295,0.110982,0.000590,0.888428
1943,1,1.593509,-3.335075,1.179608,0.599411,0.004338,0.396251
1944,1,0.743110,-2.475568,1.353790,0.347018,0.013883,0.639098
1945,1,-0.927930,-1.267097,2.441998,0.032479,0.023137,0.944384
1946,1,-1.406946,-3.235367,4.281703,0.003371,0.000542,0.996088
1947,1,-0.046498,-3.899516,3.038504,0.043690,0.000927,0.955383
1948,1,-0.772309,-0.573404,1.719128,0.069936,0.085327,0.844736
1949,1,-0.522783,-3.450478,3.682175,0.014690,0.000786,0.984523
1950,1,-1.684822,-2.885886,4.878268,0.001409,0.000424,0.998167
1951,1,1.877406,-4.405606,1.805016,0.517589,0.000967,0.481445
1952,1,-1.681266,-2.682683,4.493327,0.002076,0.000763,0.997162
1953,1,-0.111756,-3.094513,2.852907,0.048927,0.002478,0.948595
1954,1,-1.027386,1.400733,0.135288,0.064367,0.729759,0.205875
1955,1,-1.730879,0.394709,1.903364,0.021164,0.177305,0.801532
1956,1,-1.990374,-3.242351,4.995939,0.000923,0.000264,0.998813
1957,1,0.651308,-2.489045,1.330507,0.331613,0.014348,0.654039
1958,1,1.339719,-4.456395,1.948405,0.351982,0.001070,0.646948
1959,1,2.176810,-4.370119,0.915895,0.778314,0.001117,0.220570
1960,1,2.509636,-4.299582,0.519112,0.878945,0.000970,0.120085
1961,1,-1.757395,1.044124,1.252377,0.026488,0.436254,0.537258
1962,1,-1.027386,1.400733,0.135288,0.064367,0.729759,0.205875
1963,1,2.394422,-4.709299,1.180614,0.770484,0.000633,0.228883
1964,1,-1.256055,-3.413971,4.351311,0.003656,0.000422,0.995922
1965,1,-1.145406,-0.479468,2.025872,0.037335,0.072666,0.889998
1966,1,-0.898650,-4.018622,4.373151,0.005107,0.000226,0.994668
1967,1,0.618282,-1.389471,-0.104951,0.617486,0.082922,0.299592
1968,1,-1.353817,0.916800,0.690593,0.054318,0.526094,0.419588
1969,1,-1.233787,-3.774842,4.597154,0.002926,0.000231,0.996843
1970,1,-1.116269,0.729899,0.714653,0.073664,0.466699,0.459637
1971,1,-0.390032,-4.018988,3.644825,0.017373,0.000461,0.982166
1972,1,-1.150520,-1.403702,3.028511,0.014908,0.011573,0.973519
1973,1,0.936108,-4.233068,2.500156,0.172896,0.000984,0.826120
1974,1,-0.665308,-4.422131,4.621779,0.005030,0.000118,0.994852
1975,1,1.482916,-3.820428,1.242399,0.558286,0.002777,0.438937
1976,1,-1.655420,0.204912,1.863391,0.024289,0.156081,0.819630
1977,1,0.693185,-3.997385,2.662804,0.122292,0.001123,0.876585
1978,1,-1.525583,-3.706875,4.974720,0.001500,0.000169,0.998330
1979,1,-0.850589,-0.133619,1.351546,0.082696,0.169379,0.747925
1980,1,-0.184120,-1.174025,1.006489,0.214560,0.079733,0.705707
1981,1,-0.260071,-3.054661,2.774959,0.045740,0.002797,0.951464
1982,1,0.364308,0.493283,-1.146022,0.423998,0.482367,0.093635
1983,1,-1.374716,-1.807229,3.241109,0.009735,0.006317,0.983948
1984,1,-2.138730,-3.199330,5.337149,0.000566,0.000196,0.999238
1985,1,0.099892,-4.442862,3.856514,0.022824,0.000243,0.976933
1986,1,-1.913399,-3.321317,5.196736,0.000816,0.000200,0.998984
1987,1,-2.168575,-3.142960,5.293576,0.000574,0.000217,0.999209
1988,1,0.933520,-3.063025,1.430740,0.375584,0.006903,0.617514
1989,1,-0.827797,0.092742,0.785586,0.117228,0.294317,0.588455
1990,1,-1.948583,-0.214534,2.761511,0.008494,0.048108,0.943398
1991,1,-1.262748,-0.297073,1.976135,0.034327,0.090161,0.875512
1992,1,-1.295499,0.828892,0.921480,0.053916,0.451159,0.494925
1993,1,1.293292,-4.655545,2.087341,0.311047,0.000811,0.688141
1994,1,-0.188985,-1.383536,1.292305,0.175394,0.053116,0.771490
1995,1,-0.816192,1.751876,-0.432756,0.064483,0.840900,0.094617
1996,1,-0.033159,-1.735573,0.855645,0.276666,0.050421,0.672913
1997,1,-1.100327,-2.980951,3.759456,0.007684,0.001172,0.991145
1998,1,-1.955787,0.450789,2.113235,0.014165,0.157175,0.828659
1999,1,-0.818821,1.439715,-0.158208,0.079968,0.765217,0.154816
2000,1,-1.532695,0.756688,1.259420,0.036786,0.363034,0.600180
2001,1,0.143106,-4.208890,3.652580,0.029033,0.000374,0.970593
2002,1,-1.781790,-2.900835,5.077250,0.001048,0.000342,0.998609
2003,1,0.014002,-2.423206,1.804179,0.141285,0.012349,0.846367
2004,1,2.400910,-4.197905,0.406025,0.879205,0.001197,0.119598
2005,1,0.219362,-2.158048,2.116086,0.128919,0.011962,0.859119
2006,1,-2.730982,-1.470884,4.735695,0.000570,0.002011,0.997419
2007,1,-2.411821,0.485368,2.654614,0.005626,0.101969,0.892404
2008,1,-1.517964,-3.491729,4.821815,0.001761,0.000245,0.997994
2009,1,-1.915500,-2.985637,4.709262,0.001325,0.000454,0.998221
2010,1,-0.408996,0.055383,0.500174,0.197111,0.313608,0.489281
2011,1,-1.339184,-3.107112,4.329917,0.003437,0.000587,0.995976
2012,1,1.171987,-4.278181,1.970888,0.309848,0.001331,0.688821
2013,1,-1.036059,0.176016,1.260520,0.069927,0.234987,0.695085
2014,1,-2.321765,0.636620,1.905843,0.011259,0.216920,0.771821
2015,1,-2.261446,-2.496446,4.719749,0.000928,0.000733,0.998339
2016,1,-1.569241,-0.553283,2.536540,0.015515,0.042854,0.941631
2017,1,-1.418167,0.325042,1.562416,0.037857,0.216380,0.745763
2018,1,-3.122323,-1.663842,5.240638,0.000233,0.001002,0.998765
2019,1,-1.831898,0.698720,1.712792,0.020751,0.260660,0.718589
2020,1,-1.159274,0.912651,0.594672,0.067947,0.539502,0.392551
2021,1,-1.159274,0.912651,0.594672,0.067947,0.539502,0.392551
2022,1,-1.817222,-0.320531,2.574365,0.011596,0.051799,0.936605
2023,1,-2.436978,-0.825252,3.542366,0.002493,0.012491,0.985016
2024,1,1.934866,-4.046794,0.564046,0.795910,0.002009,0.202081
2025,1,-0.182547,-3.954548,3.823039,0.017880,0.000411,0.981708
2026,1,-0.368974,-4.120151,4.098419,0.011344,0.000266,0.988390
2027,1,-1.193305,-3.869449,4.744024,0.002632,0.000181,0.997187
2028,1,-0.128447,-1.221174,0.732027,0.270301,0.090632,0.639067
2029,1,-1.775282,-0.019386,2.375726,0.014227,0.082358,0.903415
2030,1,-2.465181,-1.779708,4.785413,0.000708,0.001406,0.997886
2031,1,-0.009315,-3.644526,3.015467,0.046262,0.001220,0.952517
2032,1,-0.358044,0.814941,-0.170630,0.183900,0.594294,0.221806
2033,1,-2.286597,-2.456432,4.928316,0.000735,0.000620,0.998646
2034,1,3.155415,-4.496277,-0.392545,0.971573,0.000462,0.027965
2035,1,0.502822,-0.601971,-0.311489,0.563627,0.186718,0.249655
2036,1,-0.837892,0.745822,0.500793,0.103231,0.503045,0.393724
2037,1,1.344012,-3.501090,1.495171,0.460607,0.003624,0.535770
2038,1,-0.731063,-3.941982,4.288141,0.006565,0.000265,0.993171
2039,1,-0.076839,-1.601114,1.523074,0.162065,0.035294,0.802641
2040,1,-0.010917,-2.226990,1.566982,0.167960,0.018314,0.813726
2041,1,-0.223008,-3.722435,3.417008,0.025561,0.000772,0.973667
2042,1,-2.617517,-1.543229,4.654121,0.000693,0.002029,0.997278
2043,1,0.666036,-3.734309,3.026829,0.086121,0.001057,0.912822
2044,1,-2.004375,-2.837379,4.669232,0.001262,0.000548,0.998190
2045,1,-0.480245,-2.552933,2.821844,0.035342,0.004448,0.960211
2046,1,1.805821,-4.831440,2.160625,0.411995,0.000540,0.587465
2047,1,-1.865986,-0.144415,2.531357,0.011386,0.063685,0.924929
2048,1,-2.562074,-1.004259,4.383862,0.000957,0.004545,0.994497
2049,1,-0.086618,-1.859220,1.988310,0.109483,0.018600,0.871917
2050,1,-1.027386,1.400733,0.135288,0.064367,0.729759,0.205875
2051,1,-0.069123,-2.607862,2.289074,0.085831,0.006778,0.907392
2052,1,-0.878569,0.264117,0.846563,0.102580,0.321608,0.575811
2053,1,-1.178927,-1.294254,2.707078,0.019760,0.017608,0.962632
2054,1,-1.097815,-3.587200,4.305290,0.004481,0.000372,0.995148
2055,1,-0.494392,-0.017377,0.731290,0.166175,0.267751,0.566074
2056,1,0.099751,-3.559690,3.015532,0.051311,0.001321,0.947368
2057,1,-0.641659,-3.141885,3.550938,0.014864,0.001220,0.983916
2058,1,-1.682539,0.667930,1.493348,0.028218,0.296019,0.675763
2059,1,-0.901153,-3.915451,4.542995,0.004302,0.000211,0.995487
2060,1,-2.077965,-0.086744,2.719739,0.007719,0.056535,0.935746
2061,1,-0.385134,1.711188,-1.048657,0.103614,0.843022,0.053365
2062,1,0.566262,-4.231127,2.717672,0.104110,0.000859,0.895031
2063,1,-1.791845,1.055449,1.291870,0.024950,0.430162,0.544889
2064,1,-0.944754,-0.403566,1.640937,0.062537,0.107442,0.830021
2065,1,1.754618,-4.270411,1.511579,0.559704,0.001353,0.438943
2066,1,0.596296,-3.519940,2.013931,0.194414,0.003170,0.802415
2067,1,1.711473,-4.028050,1.086727,0.649936,0.002090,0.347974
2068,1,-0.386907,-2.619205,2.783587,0.040118,0.004304,0.955578
2069,1,-1.969444,-1.922687,4.032612,0.002461,0.002579,0.994960
2070,1,-0.804707,-2.796977,3.388428,0.014844,0.002025,0.983131
2071,1,-1.027386,1.400733,0.135288,0.064367,0.729759,0.205875
2072,1,1.501102,-4.294817,1.575594,0.480682,0.001461,0.517857
2073,1,-0.959465,-2.279443,2.893088,0.020670,0.005522,0.973809
2074,1,-0.583629,-2.966788,3.210773,0.021957,0.002026,0.976017
2075,1,-1.018632,-3.251880,4.116434,0.005849,0.000627,0.993525
2076,1,0.890050,-4.064334,2.549744,0.159623,0.001126,0.839251
2077,1,-1.526161,1.465179,0.458608,0.035474,0.706369,0.258157
2078,1,-2.647163,-2.082808,5.220134,0.000383,0.000673,0.998944
2079,1,-1.550024,-3.437289,5.009600,0.001414,0.000214,0.998372
2080,1,-2.562074,-1.004259,4.383862,0.000957,0.004545,0.994497
2081,1,-1.647456,-3.341515,4.715974,0.001720,0.000316,0.997964
2082,1,-0.663278,-2.628903,3.043285,0.023893,0.003347,0.972761
2083,1,-0.039110,-3.544820,3.609326,0.025352,0.000761,0.973887
2084,1,0.804205,-4.258511,2.843981,0.115006,0.000728,0.884266
2085,1,-2.140260,-2.529387,4.838386,0.000930,0.000630,0.998440
2086,1,-1.670252,-2.510084,4.043524,0.003285,0.001418,0.995297
2087,1,-0.056715,-2.520236,2.771665,0.055546,0.004729,0.939725
2088,1,-1.925155,0.816508,1.582810,0.020043,0.310920,0.669037
2089,1,-1.136298,-3.888702,4.587061,0.003257,0.000208,0.996535
2090,1,1.070710,-4.345830,2.834234,0.146254,0.000650,0.853096
2091,1,-0.467086,-4.136973,4.102973,0.010248,0.000261,0.989490
2092,1,-0.720276,0.259296,0.602490,0.134824,0.359077,0.506099
2093,1,-0.470246,-1.045232,1.498368,0.114634,0.064506,0.820861
2094,1,1.645559,-1.415632,-0.915673,0.889647,0.041664,0.068689
2095,1,-1.367001,-1.782916,2.938251,0.013202,0.008710,0.978089
2096,1,-1.040627,-3.208726,3.723718,0.008448,0.000966,0.990585
2097,1,-1.195708,0.477343,0.903852,0.069008,0.367705,0.563287
2098,1,0.036238,-0.437448,-0.213587,0.416382,0.259282,0.324336
2099,1,-1.498111,0.187863,1.801237,0.029857,0.161161,0.808982
2100,1,-1.364249,0.627026,1.013050,0.052354,0.383488,0.564157
2101,1,-1.155597,-3.206552,4.019536,0.005620,0.000723,0.993658
2102,1,-0.510986,-2.938682,3.338661,0.020805,0.001836,0.977359
2103,1,-1.377218,-3.156968,4.378018,0.003154,0.000532,0.996313
2104,1,-2.988448,-0.217058,3.974331,0.000931,0.014886,0.984183
2105,1,-2.688359,-0.363647,3.783760,0.001520,0.015536,0.982945
2106,1,-0.858904,0.495375,0.725353,0.102568,0.397345,0.500087
2107,1,-1.910377,0.146622,2.304393,0.013072,0.102253,0.884675
2108,1,-0.858207,0.437295,0.747806,0.103780,0.379092,0.517128
2109,1,-0.605119,-1.418527,2.063764,0.063023,0.027941,0.909036
2110,1,-0.089460,-0.550742,0.638235,0.270213,0.170363,0.559424
2111,1,-1.109848,-1.454111,2.590952,0.023703,0.016799,0.959497
2112,1,0.357552,-1.111043,0.134896,0.492456,0.113387,0.394157
2113,1,-1.012146,-0.458498,1.535957,0.064423,0.112069,0.823508
2114,1,0.628762,-4.557630,3.009085,0.084645,0.000473,0.914881
2115,1,-2.057624,-2.681249,4.899730,0.000950,0.000509,0.998541
2116,1,-0.963817,-3.521769,3.859785,0.007969,0.000617,0.991414
2117,1,-2.253142,-0.460844,3.138671,0.004413,0.026492,0.969095
2118,1,-0.419417,-2.965277,2.852894,0.036429,0.002856,0.960715
2119,1,-0.855144,-4.209843,4.708833,0.003818,0.000133,0.996048
2120,1,1.543756,-4.392087,1.802648,0.435135,0.001150,0.563715
2121,1,-2.425231,-1.191558,4.059704,0.001516,0.005206,0.993278
2122,1,-0.750220,0.719282,0.401695,0.117491,0.510740,0.371769
2123,1,-0.954781,-3.389324,4.103902,0.006310,0.000553,0.993137
2124,1,-0.985238,-3.388499,4.147069,0.005865,0.000530,0.993604
2125,1,-0.784224,-1.486547,1.937259,0.059886,0.029670,0.910444
2126,1,-2.258895,-2.305789,4.718168,0.000931,0.000889,0.998180
2127,1,-0.824131,-3.863065,4.588931,0.004437,0.000212,0.995350
2128,1,-1.504982,-1.836895,3.466224,0.006853,0.004917,0.988229
2129,1,-1.440104,0.222676,1.569638,0.037656,0.198596,0.763747
2130,1,-2.058467,-3.038057,5.148710,0.000740,0.000278,0.998981
2131,1,-1.780073,0.130521,2.056947,0.018469,0.124798,0.856732
2132,1,-1.999621,0.284431,2.243846,0.012428,0.121995,0.865577
2133,1,1.790590,-4.103548,0.730569,0.741178,0.002042,0.256780
2134,1,-1.678004,0.891293,1.383831,0.028230,0.368589,0.603182
2135,1,-1.292268,-0.212247,2.011431,0.032095,0.094510,0.873395
2136,1,-1.733775,-3.019473,4.575277,0.001816,0.000502,0.997683
2137,1,-2.052688,-3.271353,5.260513,0.000666,0.000197,0.999137
2138,1,-1.027386,1.400733,0.135288,0.064367,0.729759,0.205875
2139,1,-1.185679,-1.781208,2.860257,0.017031,0.009389,0.973580
2140,1,-2.106362,-2.476976,4.981618,0.000834,0.000576,0.998590
2141,1,-1.890854,-0.164922,2.345488,0.013197,0.074140,0.912662
2142,1,2.397593,-4.278755,0.413052,0.878191,0.001107,0.120702
2143,1,-2.495879,-2.072950,5.110730,0.000497,0.000758,0.998746
2144,1,-0.950157,1.578460,-0.281150,0.064564,0.809387,0.126049
2145,1,-0.154886,-3.698843,3.273612,0.031388,0.000907,0.967705
2146,1,-0.499281,0.785600,-0.564306,0.180139,0.651064,0.168798
2147,1,-1.284796,1.609360,0.226405,0.042372,0.765590,0.192038
2148,1,1.175222,-4.065106,1.886387,0.328768,0.001742,0.669490
2149,1,-0.443805,-4.186481,4.352746,0.008189,0.000194,0.991617
2150,1,1.541264,-5.019208,2.430098,0.291231,0.000412,0.708357
2151,1,-2.489866,-0.891322,3.936044,0.001604,0.007931,0.990465
2152,1,-1.090919,1.777212,-0.089998,0.046894,0.825519,0.127587
2153,1,-1.357324,0.459446,1.427981,0.042814,0.263391,0.693795
2154,1,-0.822221,0.717459,0.373220,0.111506,0.519964,0.368530
2155,1,-0.719306,0.477646,0.528163,0.128344,0.424822,0.446834
2156,1,-1.967444,-0.460757,2.876192,0.007550,0.034066,0.958384
2157,1,0.688305,-3.505940,2.213374,0.178236,0.002688,0.819076
2158,1,-2.359130,-2.402701,5.078268,0.000588,0.000563,0.998849
2159,1,-1.666943,0.072891,2.215663,0.018101,0.103108,0.878792
2160,1,2.422245,-2.029122,-1.884164,0.975472,0.011377,0.013151
2161,1,-0.187665,-3.966282,3.422188,0.026327,0.000602,0.973071
2162,1,-1.405487,-0.284710,2.101593,0.026725,0.081972,0.891303
2163,1,-0.955056,-4.035951,4.444532,0.004497,0.000207,0.995296
2164,1,-1.570386,-1.808316,3.524683,0.006060,0.004777,0.989162
2165,1,-1.159274,0.912651,0.594672,0.067947,0.539502,0.392551
2166,1,-1.712724,-1.746856,3.654027,0.004627,0.004472,0.990902
2167,1,1.690977,-4.345076,1.654494,0.508501,0.001216,0.490283
2168,1,-0.638245,0.463533,0.401749,0.146226,0.440070,0.413704
2169,1,2.215345,-3.936311,0.289470,0.871173,0.001856,0.126972
2170,1,2.465071,-4.208973,0.558923,0.869629,0.001099,0.129272
2171,1,1.257000,-2.753353,0.227159,0.727172,0.013181,0.259647
2172,1,-1.682126,0.825730,1.450174,0.027620,0.339138,0.633241
2173,1,-2.081475,0.541442,1.880238,0.014854,0.204623,0.780523
2174,1,-2.012111,-1.419184,3.992014,0.002452,0.004436,0.993113
2175,1,0.269115,-0.321508,-0.339277,0.476597,0.264026,0.259376
2176,1,1.095908,-4.843055,2.699633,0.167388,0.000441,0.832171
2177,1,-1.125909,1.048366,0.480550,0.067655,0.595078,0.337268
2178,1,-2.562074,-1.004259,4.383862,0.000957,0.004545,0.994497
2179,1,-2.500645,-1.146981,4.026936,0.001452,0.005622,0.992926
2180,1,-0.779464,-4.129473,4.478025,0.005180,0.000182,0.994638
2181,1,2.844023,-3.830687,-0.581185,0.967301,0.001221,0.031478
2182,1,-1.230447,0.440343,1.373648,0.050415,0.268025,0.681560
2183,1,-0.489863,0.480589,0.018151,0.188639,0.497845,0.313516
2184,1,-2.318719,0.222571,2.728951,0.005905,0.074967,0.919128
2185,1,-2.250505,-1.488808,4.108123,0.001722,0.003689,0.994588
2186,1,-1.620883,0.486964,1.672160,0.027659,0.227644,0.744698
2187,1,-0.003660,-3.379439,3.037785,0.045517,0.001556,0.952926
2188,1,-1.259948,-3.656062,4.452361,0.003293,0.000300,0.996407
2189,1,-0.781002,-1.226942,2.318130,0.041983,0.026879,0.931138
2190,1,0.390563,-1.394386,-0.159326,0.573125,0.096174,0.330701
2191,1,1.783014,-4.532195,2.095655,0.422148,0.000763,0.577089
2192,1,-2.127661,-3.201966,5.415639,0.000529,0.000181,0.999290
2193,1,-2.444947,-2.291713,5.120970,0.000517,0.000603,0.998880
2194,1,-2.114962,-3.013505,4.919795,0.000880,0.000358,0.998762
2195,1,-1.249928,-0.567955,2.427032,0.023527,0.046532,0.929941
2196,1,-2.015203,-1.036466,2.970052,0.006671,0.017752,0.975577
2197,1,1.571934,-4.242841,1.996503,0.394958,0.001178,0.603864
2198,1,-2.038080,-2.193311,4.716459,0.001163,0.000996,0.997841
2199,1,-0.784552,-3.145376,3.835871,0.009744,0.000919,0.989337
2200,1,0.698198,-4.306939,3.130318,0.080712,0.000541,0.918747
2201,1,0.247208,-2.811999,2.141191,0.129993,0.006100,0.863907
2202,1,-0.440911,-3.420748,3.237159,0.024618,0.001251,0.974131
2203,1,-1.027386,1.400733,0.135288,0.064367,0.729759,0.205875
2204,1,0.468775,-2.707463,1.973816,0.180308,0.007526,0.812166
2205,1,-0.010130,-2.125118,2.072965,0.109291,0.013184,0.877525
2206,1,-1.008553,0.633201,0.859099,0.079131,0.408649,0.512220
2207,1,-2.487502,-0.825699,3.935406,0.001608,0.008470,0.989922
2208,1,1.629462,-2.289967,0.180279,0.797058,0.015824,0.187119
2209,1,-1.224650,-3.229193,4.507917,0.003227,0.000435,0.996338
2210,1,-1.242266,0.346347,1.051168,0.063268,0.309819,0.626913
2211,1,0.806254,-0.630607,-0.665522,0.681575,0.161992,0.156433
2212,1,-0.342969,-3.804601,3.621618,0.018612,0.000584,0.980804
2213,1,-2.562074,-1.004259,4.383862,0.000957,0.004545,0.994497
2214,1,1.924469,-2.134902,-1.321955,0.946815,0.016342,0.036843
2215,1,-1.278107,-1.514455,2.883592,0.015158,0.011968,0.972874
2216,1,-1.264740,1.510572,0.303112,0.045788,0.734600,0.219613
2217,1,-1.555665,-1.216358,3.060977,0.009656,0.013557,0.976786
2218,1,0.910310,-4.408569,2.802450,0.130917,0.000641,0.868442
2219,1,-0.763902,-2.362080,3.234813,0.017944,0.003629,0.978427
2220,1,-1.159274,0.912651,0.594672,0.067947,0.539502,0.392551
2221,1,3.243663,-2.825414,-1.513343,0.989213,0.002288,0.008499
2222,1,2.015355,-4.379068,0.996923,0.733766,0.001226,0.265008
2223,1,0.191233,-3.384312,3.124482,0.050463,0.001413,0.948124
2224,1,-1.255940,-2.427216,3.300929,0.010353,0.003209,0.986439
2225,1,-1.008103,0.548206,0.927313,0.078938,0.374267,0.546796
2226,1,1.047040,-2.996635,1.395143,0.410861,0.007204,0.581935
2227,1,-1.487414,-1.958771,3.347451,0.007846,0.004897,0.987256
2228,1,-3.017587,-1.494753,4.910830,0.000360,0.001649,0.997991
2229,1,-1.592389,-2.591404,4.424372,0.002429,0.000895,0.996676
2230,1,-0.765226,-1.920573,2.446834,0.038248,0.012046,0.949706
2231,1,-0.255776,0.637599,-0.248008,0.224661,0.548927,0.226413
2232,1,-0.582646,-3.660279,3.564818,0.015547,0.000716,0.983736
2233,1,-1.934510,0.808168,1.586365,0.019864,0.308457,0.671679
2234,1,0.946993,-4.554689,2.651250,0.153814,0.000628,0.845559
2235,1,2.362076,-4.076151,0.701136,0.839236,0.001342,0.159422
2236,1,-0.507469,-0.799941,0.994658,0.160317,0.119663,0.720020
2237,1,-1.765676,-3.393494,5.036890,0.001109,0.000218,0.998673
2238,1,-2.187668,-1.564793,3.754728,0.002606,0.004859,0.992535
2239,1,0.973037,-3.425954,1.347997,0.405314,0.004981,0.589705
2240,1,-0.921177,1.566896,-0.182769,0.066091,0.795607,0.138302
2241,1,1.924220,-3.462826,0.740999,0.762854,0.003490,0.233655
2242,1,0.776875,-4.542497,2.777504,0.119067,0.000583,0.880350
2243,1,-1.283464,0.747780,1.084888,0.051805,0.394935,0.553261
2244,1,-2.048987,0.548909,2.019822,0.013713,0.184242,0.802045
2245,1,-1.639082,0.455799,1.588427,0.029119,0.236581,0.734300
2246,1,-1.790882,0.576846,1.586570,0.024409,0.260516,0.715075
2247,1,1.502852,-2.254568,-0.157802,0.824159,0.019239,0.156602
2248,1,0.062996,-3.629919,3.094638,0.045964,0.001144,0.952892
2249,1,0.039771,-3.672552,3.065598,0.046220,0.001129,0.952651
2250,1,-1.049730,0.465551,1.093853,0.071020,0.323188,0.605792
2251,1,3.188056,-3.655861,-1.341953,0.988292,0.001053,0.010654
2252,1,0.032705,-3.496317,3.056652,0.046293,0.001358,0.952349
2253,1,1.635159,-3.785669,1.710192,0.480228,0.002124,0.517648
2254,1,-1.454449,-2.949409,4.442530,0.002739,0.000614,0.996647
2255,1,0.501363,-3.653632,2.843960,0.087536,0.001373,0.911091
2256,1,1.210288,-3.721768,2.124324,0.285585,0.002060,0.712355
2257,1,-0.243137,-4.139267,3.735431,0.018362,0.000373,0.981265
2258,1,-0.629017,-1.057311,1.390829,0.108828,0.070915,0.820257
2259,1,-0.024734,-2.343761,2.598816,0.067191,0.006610,0.926199
2260,1,-1.169279,0.386326,1.082282,0.065615,0.310879,0.623507
2261,1,-1.305612,0.063848,1.717107,0.039246,0.154363,0.806391
2262,1,-3.043080,-0.549132,4.331305,0.000622,0.007532,0.991846
2263,1,0.880699,-4.151635,2.640243,0.146707,0.000957,0.852336
2264,1,-1.625119,-1.312002,3.346180,0.006822,0.009330,0.983847
2265,1,-1.202272,1.313990,0.353576,0.055184,0.683296,0.261521
2266,1,-0.869821,0.517660,0.771751,0.098348,0.393857,0.507795
2267,1,-1.172126,0.548696,1.074701,0.062318,0.348301,0.589381
2268,1,-1.402568,-3.534152,4.852418,0.001917,0.000227,0.997856
2269,1,-2.212869,-1.708952,4.499947,0.001211,0.002005,0.996784
2270,1,-0.388002,-2.983945,3.202814,0.026782,0.001997,0.971220
2271,1,0.764104,-3.309487,1.949745,0.233111,0.003967,0.762922
2272,1,1.498245,-5.042283,2.697713,0.231492,0.000334,0.768173
2273,1,-0.918338,-0.887566,2.099148,0.044502,0.045892,0.909606
2274,1,-2.968867,-1.797268,5.239152,0.000272,0.000878,0.998850
2275,1,3.257449,-4.669353,0.027153,0.961625,0.000347,0.038028
2276,1,-0.573671,-4.086801,4.098273,0.009265,0.000276,0.990459
2277,1,-0.052350,-3.345614,3.074430,0.041951,0.001558,0.956492
2278,1,-0.636011,-4.076488,4.164528,0.008156,0.000261,0.991583
2279,1,-2.133108,0.458311,2.271490,0.010398,0.138796,0.850806
2280,1,-0.961653,0.579194,0.799494,0.087050,0.406397,0.506553
2281,1,-2.114051,-2.036839,4.207960,0.001790,0.001933,0.996277
2282,1,-2.628892,-1.381713,4.087392,0.001204,0.004192,0.994603
2283,1,-0.570322,-0.112892,0.804022,0.153081,0.241869,0.605050
2284,1,0.154076,-4.196451,3.516266,0.033484,0.000432,0.966084
2285,1,-1.044631,0.180581,1.206674,0.071917,0.244868,0.683216
2286,1,-1.212584,-0.078530,1.734455,0.043182,0.134220,0.822598
2287,1,-2.120354,0.309599,2.410184,0.009509,0.108003,0.882488
2288,1,-2.562074,-1.004259,4.383862,0.000957,0.004545,0.994497
2289,1,0.328761,-4.505203,3.477599,0.041124,0.000327,0.958549
2290,1,-0.220347,-0.643261,0.575220,0.258343,0.169249,0.572408
2291,1,-0.151876,-4.512151,4.059982,0.014600,0.000187,0.985214
2292,1,-0.961268,-3.882974,4.629140,0.003719,0.000200,0.996081
2293,1,1.239199,-3.724641,1.733590,0.377860,0.002640,0.619501
2294,1,-0.791733,-2.849448,3.641314,0.011721,0.001497,0.986781
2295,1,-0.005910,-0.144703,-0.124351,0.362488,0.315512,0.322000
2296,1,-1.139534,0.562480,0.817906,0.073713,0.404314,0.521973
2297,1,-1.072064,-0.315621,1.395031,0.067029,0.142818,0.790152
2298,1,-1.656389,-3.375435,4.858521,0.001479,0.000265,0.998256
2299,1,1.300721,0.268114,-1.793365,0.713575,0.254088,0.032337
2300,1,-0.751418,-2.252048,2.901176,0.025127,0.005603,0.969270
2301,1,-0.995446,-3.538170,4.028760,0.006530,0.000514,0.992956
2302,1,-1.027386,1.400733,0.135288,0.064367,0.729759,0.205875
2303,1,0.021110,-4.407648,3.832133,0.021641,0.000258,0.978101
2304,1,-2.911203,0.664609,3.005847,0.002451,0.087550,0.910000
2305,1,-2.590545,-2.192557,4.861842,0.000579,0.000862,0.998558
2306,1,-1.027386,1.400733,0.135288,0.064367,0.729759,0.205875
2307,1,0.234102,-4.630984,3.522453,0.035963,0.000277,0.963760
2308,1,2.867368,-4.590876,0.441739,0.918274,0.000530,0.081196
2309,1,-0.869650,-3.858347,4.412848,0.005053,0.000254,0.994693
2310,1,1.550339,-4.682379,2.302213,0.320211,0.000629,0.679160
2311,1,-0.135836,0.409519,-0.285591,0.278851,0.481080,0.240068
2312,1,0.325904,-3.713494,3.114950,0.057860,0.001019,0.941121
2313,1,-2.112588,0.653931,2.046903,0.012355,0.196476,0.791169
2314,1,-0.933357,-1.132373,2.087653,0.044780,0.036699,0.918522
2315,1,-1.147542,0.524817,1.100616,0.063311,0.337114,0.599575
2316,1,-1.027386,1.400733,0.135288,0.064367,0.729759,0.205875
2317,1,-1.599106,1.649049,0.195497,0.030525,0.785803,0.183672
2318,1,-0.808801,-3.204097,3.858427,0.009303,0.000848,0.989849
2319,1,-1.962384,-3.048840,5.085846,0.000868,0.000293,0.998839
2320,1,-2.365547,-0.355487,3.194512,0.003727,0.027819,0.968454
2321,1,-2.087967,-2.364034,4.831738,0.000986,0.000748,0.998265
2322,1,-1.892785,-3.424668,5.223361,0.000811,0.000175,0.999014
2323,1,-1.606474,-3.404577,4.754721,0.001724,0.000285,0.997991
2324,1,-0.132765,-4.021277,3.581526,0.023781,0.000487,0.975732
2325,1,-0.947104,1.049816,0.276878,0.084983,0.626014,0.289002
2326,1,-1.852049,-1.880607,3.970707,0.002942,0.002859,0.994198
2327,1,-0.441010,-1.195578,0.930540,0.184786,0.086889,0.728325
2328,1,-1.716833,-0.750727,2.889061,0.009643,0.025339,0.965018
2329,1,-2.267147,0.068557,2.843733,0.005645,0.058349,0.936006
2330,1,0.737358,-4.761091,3.104900,0.085652,0.000351,0.913998
2331,1,-2.103152,-2.970356,5.116634,0.000731,0.000307,0.998962
2332,1,0.289558,-3.213274,2.204381,0.127945,0.003853,0.868202
2333,1,-0.745195,-3.403734,4.054304,0.008162,0.000572,0.991266
2334,1,-0.911489,-4.024833,4.500277,0.004443,0.000198,0.995359
2335,1,-1.338667,-2.045855,3.274533,0.009775,0.004819,0.985405
2336,1,-0.437321,-3.696337,4.023594,0.011415,0.000439,0.988147
2337,1,-0.881896,1.438049,-0.072018,0.074500,0.758050,0.167449
2338,1,-0.290821,-0.461149,0.377490,0.263551,0.222276,0.514173
2339,1,-0.200538,-0.995947,0.935402,0.219034,0.098871,0.682094
2340,1,-0.381773,0.319972,0.334483,0.197471,0.398353,0.404175
2341,1,0.049350,-4.318720,3.767313,0.023701,0.000300,0.975999
2342,1,0.051635,-4.063668,3.212991,0.040619,0.000663,0.958718
2343,1,-1.987368,0.954501,1.567545,0.018203,0.344969,0.636828
2344,1,-1.588838,1.026060,1.073719,0.034484,0.471256,0.494260
2345,1,0.336000,-3.416742,2.491895,0.103530,0.002428,0.894042
2346,1,-0.974291,-0.268857,1.389976,0.073201,0.148212,0.778586
2347,1,2.156715,-4.101497,0.815741,0.791449,0.001515,0.207036
2348,1,-1.160475,0.800043,0.769408,0.066703,0.473796,0.459501
2349,1,-2.026610,-0.045859,2.620098,0.008890,0.064434,0.926676
2350,1,-0.755757,-3.728434,4.304044,0.006305,0.000323,0.993373
2351,1,-2.561383,-1.174982,4.154851,0.001204,0.004816,0.993981
2352,1,-2.306549,-2.599872,4.926185,0.000722,0.000538,0.998740
2353,1,-2.042738,-2.866074,4.675447,0.001207,0.000530,0.998264
2354,1,-0.287630,1.501014,-0.967729,0.133549,0.798800,0.067651
2355,1,-2.562074,-1.004259,4.383862,0.000957,0.004545,0.994497
2356,1,-2.780022,-2.131143,5.171718,0.000352,0.000673,0.998975
2357,1,1.072872,-3.696970,2.141520,0.255107,0.002164,0.742729
2358,1,-0.874646,0.879944,0.353582,0.098075,0.566981,0.334944
2359,1,0.908474,-2.837276,1.019852,0.466977,0.011029,0.521994
2360,1,-0.708026,-3.961431,4.051721,0.008492,0.000328,0.991180
2361,1,-2.237329,-2.937608,5.041102,0.000690,0.000342,0.998968
2362,1,1.095583,-4.137069,2.554194,0.188490,0.001006,0.810504
2363,1,-1.061326,1.220338,0.253039,0.068893,0.674662,0.256445
2364,1,-0.480944,-4.311509,4.247240,0.008763,0.000190,0.991046
2365,1,-1.176041,-3.259027,4.066648,0.005255,0.000655,0.994091
2366,1,-0.489936,0.767343,-0.046909,0.164656,0.578906,0.256438
2367,1,-1.592796,-3.229959,4.647630,0.001944,0.000378,0.997677
2368,1,-0.732246,-2.130946,2.873405,0.026279,0.006489,0.967232
2369,1,-1.076593,0.755668,0.626413,0.078503,0.490484,0.431013
2370,1,0.907683,-1.731584,-0.292826,0.728622,0.052033,0.219345
2371,1,-1.208253,0.724442,0.866384,0.063013,0.435300,0.501687
2372,1,-1.870154,-3.221723,4.922898,0.001120,0.000290,0.998590
2373,1,-2.401631,-0.219296,3.193069,0.003586,0.031797,0.964617
2374,1,-0.426277,-1.038223,1.526602,0.116398,0.063122,0.820481
2375,1,-1.508480,0.158610,1.881641,0.027804,0.147269,0.824927
2376,1,-0.151173,-4.335129,4.060531,0.014601,0.000222,0.985176
2377,1,2.531689,-3.985856,-0.009515,0.925713,0.001368,0.072920
2378,1,0.097837,0.860562,-0.797519,0.281486,0.603538,0.114976
2379,1,-2.184878,-1.609320,4.254555,0.001590,0.002828,0.995582
2380,1,-0.010962,-0.294657,0.307341,0.319715,0.240744,0.439541
2381,1,-2.153167,-2.487372,4.988670,0.000790,0.000566,0.998644
2382,1,-0.371520,-1.981646,2.309948,0.063266,0.012644,0.924090
2383,1,2.874711,-4.304248,0.237457,0.932557,0.000711,0.066731
2384,1,0.684301,-4.860149,3.398775,0.062110,0.000243,0.937648
2385,1,-1.786615,0.509374,1.784895,0.021503,0.213619,0.764877
2386,1,-2.390106,-0.659695,3.633570,0.002382,0.013444,0.984174
2387,1,-0.588207,0.819418,-0.050819,0.147107,0.601115,0.251778
2388,1,0.371467,-1.014146,0.395444,0.439669,0.109992,0.450339
2389,1,-1.027386,1.400733,0.135288,0.064367,0.729759,0.205875
2390,1,-0.044284,-0.126089,0.200437,0.312625,0.288069,0.399305
2391,1,-0.148467,-2.897201,2.521946,0.064475,0.004127,0.931398
2392,1,-1.110542,0.758074,0.783538,0.070793,0.458689,0.470519
2393,1,-2.636116,-1.711677,4.665716,0.000673,0.001696,0.997632
2394,1,-1.739618,0.849833,1.342815,0.027675,0.368697,0.603628
2395,1,-1.323767,-3.875469,4.740309,0.002319,0.000181,0.997500
2396,1,-1.002458,-3.386638,4.048748,0.006357,0.000586,0.993057
2397,1,0.697683,-4.122871,2.724442,0.116313,0.000938,0.882749
2398,1,-0.960650,0.698050,0.716453,0.086188,0.452702,0.461110
2399,1,-0.299548,-0.289099,0.616906,0.221685,0.224013,0.554302
2400,1,-1.372190,-3.738061,4.739085,0.002212,0.000208,0.997580
2401,1,-0.883085,-3.159642,3.998892,0.007519,0.000772,0.991709
2402,1,0.888193,-4.510824,2.874507,0.120582,0.000545,0.878873
2403,1,-1.027386,1.400733,0.135288,0.064367,0.729759,0.205875
2404,1,-1.804833,-1.683460,3.618453,0.004372,0.004936,0.990693
2405,1,-1.116244,-1.906695,3.029539,0.015475,0.007020,0.977505
2406,1,-1.066125,-3.330904,4.098511,0.005679,0.000590,0.993731
2407,1,0.891612,-3.895414,2.781940,0.131064,0.001093,0.867844
2408,1,-1.387929,0.533584,1.449677,0.040151,0.274281,0.685568
2409,1,-1.729256,-0.926541,3.160586,0.007344,0.016389,0.976267
2410,1,-0.239820,1.418960,-1.054865,0.149354,0.784540,0.066107
2411,1,-2.562074,-1.004259,4.383862,0.000957,0.004545,0.994497
2412,1,-0.111419,-3.799504,3.141669,0.037181,0.000930,0.961888
2413,1,-0.012799,-4.225685,3.426277,0.031082,0.000460,0.968458
2414,1,0.393524,-1.206119,-0.026119,0.537851,0.108629,0.353520
2415,1,-1.344262,0.733551,1.261210,0.044396,0.354589,0.601015
2416,1,-1.842655,-3.053383,4.938943,0.001133,0.000338,0.998530
2417,1,0.239546,-3.322934,2.568968,0.088493,0.002510,0.908997
2418,1,-2.706827,-0.437145,3.945507,0.001273,0.012322,0.986404
2419,1,0.804536,-3.834790,2.307221,0.181706,0.001756,0.816538
2420,1,-1.689063,-3.410068,4.885658,0.001393,0.000249,0.998358
2421,1,-2.104775,-3.203579,5.276199,0.000622,0.000207,0.999170
2422,1,-1.299088,0.570788,0.999492,0.057315,0.371829,0.570856
2423,1,-0.586335,-0.267643,1.015220,0.136313,0.187475,0.676212
2424,1,-2.077442,0.337376,2.424393,0.009768,0.109287,0.880945
2425,1,-0.497044,-4.060042,4.032482,0.010667,0.000302,0.989030
2426,1,-1.787458,0.991542,1.340778,0.025040,0.403212,0.571748
2427,1,1.361551,-4.822478,2.236834,0.293978,0.000606,0.705416
2428,1,-2.759393,-0.541470,3.847623,0.001333,0.012243,0.986424
2429,1,-1.485398,0.267201,1.580547,0.035430,0.204419,0.760151
2430,1,-1.311905,0.502404,1.365040,0.046131,0.283098,0.670771
2431,1,-2.642574,-1.788783,4.591387,0.000720,0.001691,0.997589
2432,1,1.536417,-4.842261,1.992450,0.387672,0.000658,0.611670
2433,1,-1.027386,1.400733,0.135288,0.064367,0.729759,0.205875
2434,1,2.932632,-4.571962,0.522594,0.917126,0.000505,0.082369
2435,1,-1.156238,-0.460712,1.746322,0.047113,0.094451,0.858436
2436,1,-1.054361,1.633241,-0.072589,0.054450,0.800214,0.145336
2437,1,-1.507912,0.346851,1.714721,0.030784,0.196716,0.772500
2438,1,-1.773583,0.663479,1.721384,0.022032,0.252032,0.725936
2439,1,-0.576013,-3.682040,3.830632,0.012043,0.000539,0.987418
2440,1,1.967304,-4.207905,0.935014,0.736230,0.001532,0.262238
2441,1,-2.091410,0.300388,2.379650,0.010062,0.110011,0.879927
2442,1,-1.158904,-3.287432,3.947217,0.006019,0.000716,0.993265
2443,1,2.803082,-1.881813,-2.322782,0.985052,0.009096,0.005852
2444,1,-0.489032,-1.903194,2.098058,0.068803,0.016728,0.914469
2445,1,-2.632229,-2.091297,4.884349,0.000543,0.000933,0.998524
2446,1,0.550476,-4.120929,2.806620,0.094737,0.000887,0.904377
2447,1,1.572772,-2.966111,0.731757,0.693502,0.007410,0.299088
2448,1,-2.998701,-1.424762,4.796038,0.000411,0.001983,0.997606
2449,1,-1.969102,-2.892367,4.818098,0.001126,0.000447,0.998426
2450,1,-0.503299,1.362975,-0.504391,0.118160,0.763808,0.118031
2451,1,1.126788,-4.463377,2.956400,0.138213,0.000516,0.861271
2452,1,-0.011961,-4.447886,3.917626,0.019269,0.000228,0.980503
2453,1,-1.519771,-3.027931,4.412125,0.002645,0.000585,0.996770
2454,1,-0.566695,-0.527540,1.200393,0.126683,0.131742,0.741575
2455,1,-2.076914,-2.622774,4.775555,0.001055,0.000611,0.998334
2456,1,-2.275637,-1.202670,3.927352,0.002007,0.005870,0.992123
2457,1,-0.977707,0.410353,0.796940,0.091699,0.367443,0.540858
2458,1,0.488169,-4.288970,2.767670,0.092762,0.000781,0.906457
2459,1,-1.523839,0.773190,1.215750,0.037843,0.376330,0.585828
2460,1,-2.156579,0.534611,2.294105,0.009859,0.145406,0.844736
2461,1,-0.546375,-0.157147,0.694452,0.168511,0.248696,0.582792
2462,1,-0.879146,-0.856256,2.186193,0.042617,0.043604,0.913780
2463,1,-0.386424,-0.800222,1.282085,0.143567,0.094917,0.761516
2464,1,-2.210599,0.255138,2.466272,0.008319,0.097934,0.893747
2465,1,-0.901312,0.287838,0.922745,0.095409,0.313349,0.591242
2466,1,-0.923382,0.385293,0.917731,0.090869,0.336332,0.572799
2467,1,-2.053146,-3.119767,5.056702,0.000816,0.000281,0.998903
2468,1,-2.600664,-1.454438,4.631177,0.000721,0.002269,0.997010
2469,1,-0.324004,-3.433144,3.455203,0.022309,0.000996,0.976696
2470,1,-1.446173,1.173885,0.698692,0.042960,0.590122,0.366918
2471,1,-0.017258,-4.341368,3.714412,0.023385,0.000310,0.976305
2472,1,-0.086487,-1.725991,1.243113,0.201061,0.039021,0.759918
2473,1,0.268472,-0.688282,0.214544,0.428883,0.164750,0.406367
2474,1,2.414045,-5.034387,1.427318,0.728132,0.000424,0.271444
2475,1,-2.749807,-1.649970,4.913750,0.000469,0.001408,0.998123
2476,1,-2.313305,-0.585363,3.450921,0.003074,0.017303,0.979623
2477,1,-0.588560,-1.696457,2.112628,0.061623,0.020351,0.918026
2478,1,-1.050354,0.999381,0.357751,0.077797,0.604156,0.318048
2479,1,2.217508,-4.703174,1.170860,0.739590,0.000730,0.259679
2480,1,0.563912,-3.802552,2.465644,0.129699,0.001647,0.868655
2481,1,0.643776,-4.352481,3.164268,0.074397,0.000503,0.925100
2482,1,-0.224874,-3.918978,3.481307,0.023968,0.000596,0.975436
2483,1,-0.403631,-1.440712,2.190408,0.067851,0.024052,0.908097
2484,1,-2.193967,-0.996133,3.896011,0.002244,0.007433,0.990324
2485,1,-0.046097,-3.013840,2.651866,0.062890,0.003234,0.933877
2486,1,0.110508,-4.282887,3.394361,0.036113,0.000446,0.963440
2487,1,-1.979179,-2.764649,4.843986,0.001087,0.000495,0.998418
2488,1,-1.020772,-3.098735,4.066013,0.006135,0.000768,0.993097
2489,1,-0.368809,-4.091739,4.164770,0.010625,0.000257,0.989118
2490,1,0.065181,-3.992415,3.338115,0.036488,0.000631,0.962881
2491,1,-0.908353,-3.683894,4.334004,0.005258,0.000328,0.994414
2492,1,-0.952983,1.213976,0.130280,0.078827,0.688294,0.232879
2493,1,0.340920,-4.630466,3.443092,0.043005,0.000298,0.956697
2494,1,-1.061370,-3.739797,4.653941,0.003284,0.000225,0.996491
2495,1,-0.439425,-1.590131,2.029961,0.076152,0.024096,0.899752
2496,1,-1.353865,-2.956141,4.024014,0.004592,0.000925,0.994483
2497,1,-2.215788,-2.191904,4.971427,0.000755,0.000773,0.998472
2498,1,0.207027,-4.378288,3.464608,0.037041,0.000378,0.962581
2499,1,-0.011961,-4.447886,3.917626,0.019269,0.000228,0.980503
2500,1,-1.082440,-1.509355,2.995848,0.016475,0.010750,0.972774
2501,1,-1.676513,-2.693333,4.020582,0.003340,0.001208,0.995451
2502,1,-1.506035,-3.790867,4.925652,0.001607,0.000164,0.998230
2503,1,-2.191001,-2.873955,4.939754,0.000799,0.000404,0.998797
2504,1,-2.620171,-2.380214,5.271174,0.000374,0.000475,0.999151
2505,1,-1.312884,-3.088169,3.893266,0.005448,0.000923,0.993629
2506,1,-0.681483,-4.063440,4.290855,0.006878,0.000234,0.992889
2507,1,-1.406728,0.501646,1.247315,0.045551,0.307109,0.647340
2508,1,-1.260405,-1.762346,2.858110,0.015855,0.009598,0.974548
2509,1,-0.983972,0.112253,1.249312,0.075056,0.224632,0.700311
2510,1,-2.562074,-1.004259,4.383862,0.000957,0.004545,0.994497
2511,1,-1.732765,-2.891791,4.601287,0.001771,0.000556,0.997674
2512,1,0.453975,-4.207749,3.201179,0.060210,0.000569,0.939221
2513,1,-0.915798,-3.893801,4.388422,0.004945,0.000252,0.994804
2514,1,-1.482865,1.147917,0.806463,0.040399,0.560929,0.398672
2515,1,-1.027386,1.400733,0.135288,0.064367,0.729759,0.205875
2516,1,1.523931,-3.989911,1.511614,0.502061,0.002024,0.495915
2517,1,-0.415786,-1.106540,1.487641,0.121802,0.061047,0.817151
2518,1,-2.221038,-2.600176,4.700228,0.000985,0.000674,0.998341
2519,1,-1.027386,1.400733,0.135288,0.064367,0.729759,0.205875
2520,1,-0.194724,-0.038922,0.190991,0.274781,0.321108,0.404111
2521,1,-1.589713,1.464613,0.613917,0.031985,0.678301,0.289714
2522,1,-2.572470,-2.384698,5.273521,0.000391,0.000472,0.999137
2523,1,1.704452,-3.360682,0.281883,0.801663,0.005061,0.193276
2524,1,0.054459,-4.385513,3.776175,0.023614,0.000279,0.976107
2525,1,0.643776,-4.352481,3.164268,0.074397,0.000503,0.925100
2526,1,-2.647163,-2.082808,5.220134,0.000383,0.000673,0.998944
2527,1,-1.276620,0.271495,1.525537,0.045080,0.211994,0.742926
2528,1,-0.247062,-0.675990,0.981609,0.197321,0.128497,0.674183
2529,1,-1.672080,-2.066238,3.799261,0.004176,0.002816,0.993008
2530,1,1.021267,-4.291953,2.402531,0.200608,0.000988,0.798404
2531,1,-1.059020,0.476369,1.027823,0.072979,0.338851,0.588170
2532,1,0.906081,-4.854191,2.906510,0.119113,0.000375,0.880512
2533,1,-1.163491,0.311231,1.167401,0.063869,0.279098,0.657032
2534,1,-1.342087,0.708434,0.981119,0.052686,0.409475,0.537839
2535,1,1.905859,-4.296327,1.353201,0.633937,0.001284,0.364779
2536,1,-0.423247,-2.863699,2.792158,0.038461,0.003351,0.958188
2537,1,1.282888,-4.284023,1.604000,0.419730,0.001604,0.578665
2538,1,-1.342573,0.581959,1.203045,0.048536,0.332569,0.618894
2539,1,-1.014857,0.678311,0.826955,0.078464,0.426585,0.494950
2540,1,-0.146614,-0.703131,0.350077,0.310899,0.178208,0.510893
2541,1,-0.817549,1.642266,-0.346864,0.069912,0.818153,0.111935
2542,1,-1.734895,-1.774827,3.776178,0.004010,0.003853,0.992137
2543,1,0.304727,-4.113029,3.076950,0.058802,0.000709,0.940489
2544,1,1.101342,-0.205824,-1.214588,0.730321,0.197615,0.072064
2545,1,1.881247,-4.649612,1.523054,0.588098,0.000857,0.411044
2546,1,-0.110961,-1.746803,1.331726,0.184269,0.035894,0.779837
2547,1,-0.902703,-2.429697,2.724828,0.025749,0.005592,0.968659
2548,1,-1.020713,-0.979466,2.206194,0.036706,0.038251,0.925043
2549,1,3.122425,-3.359261,-1.369933,0.987434,0.001512,0.011054
2550,1,-1.189022,0.364163,0.615476,0.084721,0.400435,0.514844
2551,1,1.461262,-4.971900,2.489641,0.263287,0.000423,0.736290
2552,1,-0.786644,1.556197,-0.348942,0.077161,0.803305,0.119533
2553,1,-0.998994,0.718504,0.700501,0.083044,0.462605,0.454351
2554,1,1.852825,-4.218175,1.277772,0.638984,0.001475,0.359541
2555,1,0.634134,-4.477928,2.821229,0.100854,0.000608,0.898538
2556,1,0.477588,-4.588266,3.481111,0.047253,0.000298,0.952449
2557,1,-2.831918,-1.751724,4.863644,0.000454,0.001337,0.998209
2558,1,-0.823525,0.698958,0.500736,0.107032,0.490591,0.402377
2559,1,2.427201,-3.153250,-0.139847,0.925469,0.003490,0.071041
2560,1,-0.458510,-1.790646,2.150387,0.067349,0.017774,0.914876
2561,1,1.480268,-4.587558,1.965497,0.380682,0.000882,0.618436
2562,1,0.415127,-4.422987,2.897892,0.077028,0.000610,0.922362
2563,1,0.323091,-3.119439,2.296811,0.121516,0.003887,0.874598
2564,1,-2.445610,-1.343239,4.306681,0.001163,0.003501,0.995336
2565,1,-2.156913,0.922581,1.861264,0.012764,0.277578,0.709659
2566,1,-1.551210,-3.020369,4.405540,0.002580,0.000594,0.996826
2567,1,-2.538498,-1.329948,4.614196,0.000780,0.002612,0.996608
2568,1,-1.373940,-0.238990,2.039977,0.028990,0.090187,0.880823
2569,1,-1.615794,0.713143,1.334252,0.032923,0.338022,0.629055
2570,1,3.002541,-4.506304,0.094656,0.947742,0.000520,0.051738
2571,1,0.737284,-3.122875,2.008574,0.218030,0.004593,0.777377
2572,1,0.666116,-4.376582,2.953912,0.092084,0.000595,0.907321
2573,1,-0.710326,0.277583,0.805147,0.121401,0.326035,0.552564
2574,1,2.186501,-1.453318,-1.920363,0.959034,0.025181,0.015785
2575,1,1.261874,-2.382266,0.431022,0.684078,0.017884,0.298038
2576,1,0.188890,-1.785115,0.952540,0.304415,0.042283,0.653302
2577,1,-1.739968,0.885079,1.376093,0.026765,0.369493,0.603742
2578,1,-2.366030,-0.042638,2.895124,0.004904,0.050071,0.945025
2579,1,1.391990,-4.103082,2.409329,0.265257,0.001089,0.733654
2580,1,-1.140178,0.706520,0.819220,0.069281,0.439164,0.491555
2581,1,-0.534274,-2.396934,2.821142,0.033543,0.005208,0.961250
2582,1,0.465901,-2.742634,2.220268,0.146623,0.005926,0.847451
2583,1,-0.534332,-1.825285,2.202062,0.059858,0.016461,0.923681
2584,1,-0.007872,-4.107130,3.684580,0.024296,0.000403,0.975302
2585,1,-1.858476,-2.725617,4.358383,0.001990,0.000836,0.997174
2586,1,-0.858752,-2.492738,3.737644,0.009968,0.001945,0.988087
2587,1,1.728010,-3.559395,0.823017,0.709421,0.003586,0.286993
2588,1,-2.562074,-1.004259,4.383862,0.000957,0.004545,0.994497
2589,1,0.447283,-1.724226,0.702784,0.415781,0.047401,0.536818
2590,1,-0.208371,-3.648104,3.654355,0.020565,0.000660,0.978776
2591,1,-1.775318,-2.768823,4.558946,0.001770,0.000655,0.997574
2592,1,-0.340663,-3.970402,3.994346,0.012928,0.000343,0.986729
2593,1,-0.849687,0.382154,0.720975,0.108256,0.371051,0.520693
2594,1,-1.979563,-2.261573,3.922135,0.002722,0.002053,0.995225
2595,1,-1.835836,-2.275816,4.433206,0.001888,0.001216,0.996896
2596,1,-2.016016,-3.205079,5.301761,0.000663,0.000202,0.999135
2597,1,1.373069,-4.444039,2.479677,0.248320,0.000739,0.750941
2598,1,-1.007421,-2.939047,3.920827,0.007180,0.001040,0.991780
2599,1,-1.563308,-1.726429,3.118403,0.009107,0.007736,0.983157
2600,1,-0.998208,0.374217,1.091700,0.076751,0.302777,0.620472
2601,1,-1.069925,1.228016,0.260921,0.067852,0.675378,0.256769
2602,1,1.870866,-4.426131,1.424660,0.609053,0.001122,0.389825
2603,1,-2.524184,-2.709922,5.331114,0.000387,0.000322,0.999291
2604,1,-0.224704,-1.931510,1.935110,0.101513,0.018419,0.880068
2605,1,-1.028021,0.326775,1.031638,0.078621,0.304732,0.616647
2606,1,0.547297,-4.501587,3.086937,0.073091,0.000469,0.926440
2607,1,-2.724231,-0.757780,4.175504,0.001000,0.007144,0.991856
2608,1,2.052415,-4.406265,0.857761,0.766650,0.001201,0.232148
2609,1,-2.322315,-2.548422,4.917672,0.000716,0.000571,0.998712
2610,1,1.194588,-4.540975,2.556654,0.203770,0.000658,0.795572
2611,1,-2.317940,-1.753708,4.542778,0.001045,0.001837,0.997117
2612,1,-2.258143,0.658959,2.251414,0.009060,0.167507,0.823432
2613,1,-0.983864,-3.914508,4.547191,0.003945,0.000211,0.995844
2614,1,-1.475366,-3.856503,5.104131,0.001386,0.000128,0.998485
2615,1,-2.359130,-2.402701,5.078268,0.000588,0.000563,0.998849
2616,1,-0.912919,-0.033407,1.202588,0.085444,0.205897,0.708658
2617,1,-1.385368,0.879576,0.973582,0.047147,0.454050,0.498804
2618,1,-0.445306,-3.989280,3.631085,0.016677,0.000482,0.982841
2619,1,-0.867749,0.657361,0.366314,0.110732,0.508886,0.380382
2620,1,-1.151142,-0.520781,2.168981,0.032742,0.061498,0.905760
2621,1,1.025505,-3.998227,2.560264,0.177092,0.001165,0.821743
2622,1,-1.055927,0.204939,1.181332,0.071963,0.253918,0.674119
2623,1,1.322669,-2.596594,0.528481,0.679438,0.013491,0.307071
2624,1,-1.027386,1.400733,0.135288,0.064367,0.729759,0.205875
2625,1,1.327379,-4.096539,1.523397,0.450256,0.001986,0.547758
2626,1,-2.562074,-1.004259,4.383862,0.000957,0.004545,0.994497
2627,1,3.457768,-3.357914,-1.718301,0.993299,0.001089,0.005612
2628,1,-1.407856,-2.576499,4.155139,0.003818,0.001187,0.994995
2629,1,0.899144,-3.498179,1.914495,0.265066,0.003263,0.731671
2630,1,-1.173727,-3.332079,3.994194,0.005660,0.000654,0.993686
2631,1,-1.103077,0.159953,1.108186,0.073188,0.258803,0.668008
2632,1,-1.930187,0.222453,2.155345,0.014476,0.124601,0.860924
2633,1,-1.680026,1.363553,0.758476,0.029908,0.627472,0.342620
2634,1,0.511579,-3.677932,2.224386,0.152447,0.002310,0.845243
2635,1,1.310719,-4.922830,2.644757,0.208407,0.000409,0.791184
2636,1,-0.823525,0.698958,0.500736,0.107032,0.490591,0.402377
2637,1,0.066640,-3.884334,3.310345,0.037527,0.000722,0.961751
2638,1,-1.687189,-0.682254,2.798793,0.010811,0.029534,0.959655
2639,1,-1.797966,-2.368040,4.375202,0.002078,0.001175,0.996747
2640,1,-1.883137,1.008177,1.523917,0.020328,0.366249,0.613423
2641,1,-2.864938,-1.847660,5.116920,0.000341,0.000944,0.998715
2642,1,1.096880,-3.768384,2.350131,0.221758,0.001710,0.776532
2643,1,-1.686223,-1.248094,3.365701,0.006294,0.009755,0.983951
2644,1,-1.930944,-1.749727,4.165094,0.002241,0.002686,0.995073
2645,1,-0.678135,-3.770185,4.091264,0.008411,0.000382,0.991207
2646,1,0.618360,-2.640485,1.205804,0.352384,0.013543,0.634073
2647,1,-0.969356,-1.290847,2.044483,0.045268,0.032823,0.921909
2648,1,-0.954013,-3.644701,4.055105,0.006630,0.000450,0.992921
2649,1,-2.562074,-1.004259,4.383862,0.000957,0.004545,0.994497
2650,1,0.911622,-3.230516,1.789580,0.292238,0.004643,0.703119
2651,1,-1.109735,0.446842,1.190485,0.063618,0.301710,0.634672
2652,1,0.834477,-4.186294,3.055941,0.097776,0.000645,0.901578
2653,1,-1.231803,-1.956473,3.277374,0.010831,0.005247,0.983922
2654,1,1.086116,-3.965658,1.490423,0.399255,0.002554,0.598190
2655,1,-0.951204,-3.498903,4.203249,0.005738,0.000449,0.993813
2656,1,-0.730801,0.421651,0.608757,0.125262,0.396571,0.478167
2657,1,1.613459,-4.238807,1.338423,0.567402,0.001630,0.430967
2658,1,-2.922142,-0.434287,3.911683,0.001062,0.012780,0.986159
2659,1,-2.562074,-1.004259,4.383862,0.000957,0.004545,0.994497
2660,1,1.733164,-4.767141,1.677103,0.513615,0.000772,0.485613
2661,1,-2.015203,-1.036466,2.970052,0.006671,0.017752,0.975577
2662,1,-2.435313,-2.359672,4.867268,0.000673,0.000726,0.998601
2663,1,-1.587498,-0.808045,2.725875,0.012842,0.027998,0.959160
2664,1,-1.287406,0.724393,1.123029,0.050980,0.381165,0.567855
2665,1,3.172726,-3.011651,-1.363108,0.987382,0.002035,0.010583
2666,1,-2.562074,-1.004259,4.383862,0.000957,0.004545,0.994497
2667,1,-2.123109,-2.219387,4.733323,0.001051,0.000954,0.997995
2668,1,0.220162,-3.665677,3.195937,0.048484,0.000995,0.950521
2669,1,-1.462880,-0.974530,2.581023,0.016757,0.027307,0.955937
2670,1,-0.715368,0.178365,0.552370,0.142917,0.349324,0.507758
2671,1,-0.174213,-4.039060,3.773841,0.018920,0.000397,0.980684
2672,1,-1.801679,0.110431,2.147148,0.016767,0.113466,0.869767
2673,1,-1.027386,1.400733,0.135288,0.064367,0.729759,0.205875
2674,1,-2.282691,-1.237755,3.945882,0.001957,0.005565,0.992477
2675,1,-1.029155,-3.885726,4.471378,0.004067,0.000234,0.995699
2676,1,0.489305,-3.456547,2.222508,0.149744,0.002895,0.847361
2677,1,-1.411946,-0.414388,1.915411,0.031669,0.085876,0.882454
2678,1,-1.360885,-0.940149,2.633270,0.017605,0.026813,0.955582
2679,1,-1.445900,1.300412,0.573387,0.041463,0.646200,0.312337
2680,1,-1.587620,-0.495096,2.509289,0.015592,0.046492,0.937916
2681,1,0.803247,-3.365932,1.456333,0.340492,0.005266,0.654242
2682,1,-2.147518,-1.488329,4.199522,0.001743,0.003370,0.994888
2683,1,-1.387006,0.316727,1.464357,0.042007,0.230802,0.727191
2684,1,0.244254,-3.035275,2.238329,0.119288,0.004491,0.876221
2685,1,-0.606202,-0.449868,1.045585,0.135400,0.158312,0.706287
2686,1,0.433094,-3.501629,2.989447,0.071900,0.001406,0.926695
2687,1,-2.634098,-0.056991,3.329074,0.002481,0.032653,0.964866
2688,1,-1.915593,-2.532444,4.387200,0.001826,0.000985,0.997189
2689,1,-0.642924,-4.058635,4.326534,0.006897,0.000227,0.992876
2690,1,-2.100686,0.543382,2.240521,0.010885,0.153154,0.835961
2691,1,0.434372,-3.786808,2.808113,0.085091,0.001249,0.913660
2692,1,-0.305864,-1.472716,1.889773,0.097115,0.030236,0.872649
2693,1,-2.029773,-1.954476,4.332254,0.001720,0.001854,0.996426
2694,1,-1.027386,1.400733,0.135288,0.064367,0.729759,0.205875
2695,1,-0.345138,-2.806715,3.366104,0.023815,0.002031,0.974153
2696,1,-1.454358,0.303462,1.565130,0.036656,0.212597,0.750746
2697,1,1.771562,-4.262888,1.639289,0.532341,0.001275,0.466384
2698,1,-1.204686,0.130100,1.458348,0.052250,0.198506,0.749245
2699,1,0.451067,-3.383694,2.055721,0.166729,0.003602,0.829668
2700,1,-2.170409,0.473268,2.256198,0.010130,0.142484,0.847386
2701,1,-1.078917,-0.437141,1.831021,0.047047,0.089382,0.863572
2702,1,1.028461,-4.325377,2.789666,0.146538,0.000693,0.852769
2703,1,0.348806,-4.677372,3.189487,0.055145,0.000362,0.944493
2704,1,-2.349334,-0.612263,3.006032,0.004578,0.026008,0.969414
2705,1,-1.254509,0.272960,1.378732,0.051216,0.235925,0.712860
2706,1,-1.716800,-1.383638,3.401273,0.005903,0.008237,0.985860
2707,1,1.037727,-3.106398,1.275080,0.437877,0.006944,0.555179
2708,1,2.174524,-2.020442,-0.982135,0.945502,0.014250,0.040248
2709,1,-1.710053,-2.657269,4.385888,0.002245,0.000871,0.996884
2710,1,-1.165935,-3.362375,4.318745,0.004131,0.000459,0.995410
2711,1,-0.995404,-3.045317,3.986393,0.006809,0.000877,0.992314
2712,1,-0.781928,0.529718,0.450955,0.122799,0.455865,0.421337
2713,1,2.030174,-4.707221,1.681395,0.585914,0.000695,0.413391
2714,1,1.808438,-2.665263,-0.573036,0.905945,0.010332,0.083722
2715,1,0.642239,-4.284329,3.095725,0.079139,0.000574,0.920288
2716,1,-0.207071,-4.134571,3.971534,0.015084,0.000297,0.984619
2717,1,0.024325,-0.360713,0.091557,0.363641,0.247430,0.388929
2718,1,-1.442299,0.376520,1.649054,0.034280,0.211322,0.754397
2719,1,-1.197408,-3.515069,4.308344,0.004045,0.000398,0.995556
2720,1,-1.558609,1.505603,0.632532,0.031885,0.682893,0.285222
2721,1,-2.865782,-1.184691,4.403521,0.000694,0.003725,0.995581
2722,1,-0.403490,-3.504837,3.798781,0.014731,0.000663,0.984606
2723,1,2.748126,-4.357930,0.453188,0.907780,0.000744,0.091475
2724,1,-0.132440,1.001200,-0.661785,0.212950,0.661624,0.125426
2725,1,-1.102576,-3.416072,3.899630,0.006674,0.000660,0.992666
2726,1,-1.296618,-2.783086,3.709856,0.006640,0.001502,0.991858
2727,1,-2.055908,0.166121,2.486000,0.009607,0.088630,0.901763
2728,1,-2.574662,-1.165091,4.188458,0.001149,0.004704,0.994148
2729,1,0.864327,-4.906102,3.209651,0.087414,0.000273,0.912313
2730,1,-0.410808,-2.591758,2.845223,0.036956,0.004174,0.958871
2731,1,1.637862,-4.719778,2.004324,0.409106,0.000709,0.590185
2732,1,0.720158,-4.284382,3.142724,0.081424,0.000546,0.918030
2733,1,-2.192509,-3.155694,5.312566,0.000550,0.000210,0.999240
2734,1,1.458457,-4.493105,2.060631,0.353521,0.000920,0.645559
2735,1,1.327364,-4.197676,1.766649,0.391300,0.001560,0.607140
2736,1,-1.104467,0.813957,0.722203,0.071310,0.485633,0.443057
2737,1,-1.377592,-0.153330,1.971393,0.030418,0.103471,0.866111
2738,1,-0.851975,-3.654626,4.303052,0.005735,0.000348,0.993917
2739,1,0.317287,-4.747494,3.651402,0.034412,0.000217,0.965371
2740,1,-1.817336,-0.498989,2.491126,0.012648,0.047269,0.940083
2741,1,-1.027386,1.400733,0.135288,0.064367,0.729759,0.205875
2742,1,2.827620,-0.858495,-3.039027,0.972856,0.024389,0.002755
2743,1,1.097282,-4.269487,1.870705,0.315274,0.001472,0.683254
2744,1,-1.058367,0.919689,0.421252,0.079240,0.572798,0.347963
2745,1,-2.367898,-0.184323,3.056849,0.004222,0.037486,0.958291
2746,1,0.584161,-4.718366,3.133024,0.072477,0.000361,0.927162
2747,1,-1.495498,0.249038,1.702415,0.032047,0.183410,0.784543
2748,1,-1.027386,1.400733,0.135288,0.064367,0.729759,0.205875
2749,1,-1.823072,-2.173456,4.105369,0.002651,0.001867,0.995482
2750,1,2.230648,-4.728877,1.270382,0.722679,0.000686,0.276635
2751,1,-0.398202,-3.416721,3.352181,0.022943,0.001121,0.975936
2752,1,2.454165,-4.545254,0.943491,0.818549,0.000747,0.180704
2753,1,3.170089,-4.120414,-0.672384,0.978356,0.000667,0.020976
2754,1,-1.503169,-2.662720,4.218751,0.003259,0.001022,0.995718
2755,1,-0.970506,-0.364478,0.639958,0.127579,0.233870,0.638551
2756,1,0.024418,-2.890114,2.840701,0.056278,0.003052,0.940670
2757,1,-0.746910,-2.384832,2.862001,0.026233,0.005099,0.968668
2758,1,-1.891017,-2.639178,4.035015,0.002659,0.001258,0.996083
2759,1,-0.995891,-3.253935,4.076838,0.006222,0.000651,0.993127
2760,1,-0.846263,0.253270,0.482399,0.128555,0.386021,0.485423
2761,1,-1.292589,0.462208,1.403836,0.046277,0.267588,0.686135
2762,1,1.434599,-4.503966,2.296664,0.296676,0.000782,0.702542
2763,1,-0.527371,-0.490514,1.244370,0.126285,0.131026,0.742690
2764,1,-2.139174,0.003948,2.641017,0.007773,0.066271,0.925956
2765,1,-1.264646,0.452163,1.236823,0.053285,0.296622,0.650094
2766,1,1.281892,-2.685894,1.165950,0.523713,0.009906,0.466381
2767,1,0.785080,-2.882230,1.760599,0.271880,0.006945,0.721174
2768,1,1.826027,-4.064528,1.148514,0.661969,0.001831,0.336200
2769,1,0.137264,-4.523691,3.682611,0.028042,0.000265,0.971693
2770,1,-1.325833,0.946225,0.723144,0.054173,0.525445,0.420382
2771,1,-1.313660,0.873454,0.755575,0.056091,0.499739,0.444170
2772,1,0.279099,-0.830195,0.365991,0.413126,0.136246,0.450629
2773,1,0.469652,-3.509428,2.828569,0.086220,0.001613,0.912167
2774,1,-0.568454,-3.304815,3.736648,0.013308,0.000862,0.985829
2775,1,0.386119,-4.468051,3.455518,0.044372,0.000346,0.955282
2776,1,1.217226,-4.148513,2.026274,0.307650,0.001438,0.690912
2777,1,-1.397222,-3.550738,4.687572,0.002271,0.000264,0.997465
2778,1,0.330097,-4.541762,3.268034,0.050290,0.000385,0.949324
2779,1,0.663010,0.104011,-0.857639,0.558550,0.319368,0.122082
2780,1,-2.045854,-1.638169,3.622719,0.003423,0.005146,0.991431
2781,1,-0.584272,-3.291505,3.585020,0.015212,0.001015,0.983773
2782,1,-2.219745,-0.995339,3.630032,0.002844,0.009677,0.987478
2783,1,-0.823525,0.698958,0.500736,0.107032,0.490591,0.402377
2784,1,-1.852287,-2.464142,4.588273,0.001592,0.000863,0.997545
2785,1,1.692057,-4.963861,2.118302,0.394823,0.000508,0.604669
2786,1,1.645303,-3.914944,1.302774,0.583492,0.002245,0.414263
2787,1,0.359499,-4.476444,3.548395,0.039573,0.000314,0.960113
2788,1,-2.740310,-2.362912,5.187916,0.000360,0.000525,0.999115
2789,1,-2.281236,-0.740500,3.626439,0.002677,0.012497,0.984825
2790,1,-0.740630,1.752565,-0.586620,0.070095,0.848139,0.081766
2791,1,1.374893,-4.851876,2.656941,0.217109,0.000429,0.782462
2792,1,3.274253,-3.358955,-1.131655,0.986659,0.001298,0.012042
2793,1,-1.043220,-3.755702,4.596205,0.003541,0.000235,0.996223
2794,1,-1.315842,-3.784931,4.734134,0.002352,0.000199,0.997449
2795,1,-1.259308,-3.031757,3.943360,0.005467,0.000929,0.993604
2796,1,-1.234776,-1.187346,2.027232,0.035523,0.037249,0.927228
2797,1,0.014279,-0.046374,0.106398,0.329202,0.309829,0.360969
2798,1,-1.233399,-3.639684,4.351315,0.003740,0.000337,0.995923
2799,1,0.969982,-3.164853,1.937935,0.274081,0.004387,0.721532
2800,1,-0.798678,-3.290718,3.474323,0.013733,0.001136,0.985131
2801,1,-1.345149,-3.710612,4.933101,0.001873,0.000176,0.997951
2802,1,-1.526382,0.522780,1.408369,0.036261,0.281432,0.682307
2803,1,-0.730327,-1.658267,2.179849,0.050619,0.020013,0.929368
2804,1,-1.692094,-3.433326,4.864565,0.001418,0.000249,0.998333
2805,1,-2.470410,-0.443858,3.567393,0.002339,0.017747,0.979914
2806,1,-1.241253,0.340472,1.434903,0.049038,0.238487,0.712475
2807,1,1.006200,-3.199693,1.207596,0.446824,0.006661,0.546515
2808,1,-1.413564,-0.239709,2.087812,0.026741,0.086493,0.886766
2809,1,-0.280228,-2.058202,2.032839,0.088697,0.014988,0.896315
2810,1,-1.234410,-0.241202,1.750008,0.042599,0.115012,0.842390
2811,1,-0.118346,-3.394345,3.252454,0.033179,0.001253,0.965568
2812,1,-1.027386,1.400733,0.135288,0.064367,0.729759,0.205875
2813,1,3.248094,-4.278351,-0.764248,0.981711,0.000529,0.017760
2814,1,1.153442,-3.385077,1.235093,0.477152,0.005100,0.517747
2815,1,-2.562074,-1.004259,4.383862,0.000957,0.004545,0.994497
2816,1,-2.562074,-1.004259,4.383862,0.000957,0.004545,0.994497
2817,1,0.951777,-4.832117,2.804734,0.135470,0.000417,0.864113
2818,1,3.211750,-3.752351,-1.108648,0.985960,0.000932,0.013108
2819,1,-1.175080,0.188976,1.129830,0.066955,0.261932,0.671113
2820,1,-1.652870,0.392581,1.656801,0.027694,0.214149,0.758157
2821,1,-1.027386,1.400733,0.135288,0.064367,0.729759,0.205875
2822,1,-2.093088,0.910027,1.648254,0.015797,0.318283,0.665920
2823,1,0.555223,-2.637306,1.707375,0.237752,0.009764,0.752484
2824,1,-1.706432,-3.143688,4.835183,0.001440,0.000342,0.998218
2825,1,0.560907,-4.276665,3.172741,0.068344,0.000542,0.931115
2826,1,-0.559311,-2.793135,2.836876,0.032303,0.003460,0.964237
2827,1,1.968140,-3.380590,0.608675,0.792674,0.003769,0.203557
2828,1,-2.681613,-2.256524,5.064332,0.000432,0.000661,0.998907
2829,1,-1.027386,1.400733,0.135288,0.064367,0.729759,0.205875
2830,1,-0.732443,-0.003349,0.861502,0.125057,0.259269,0.615674
2831,1,-0.575326,-2.881075,2.924173,0.029241,0.002915,0.967844
2832,1,-1.495977,-3.528163,4.874667,0.001708,0.000224,0.998069
2833,1,-1.107136,-0.604146,1.785007,0.048343,0.079943,0.871714
