row_id,gold,p_hate,p_offensive,p_normal
0,0,0.024420,0.002026,0.973555
1,0,0.015874,0.000206,0.983920
2,1,0.958227,0.001507,0.040266
3,1,0.997547,0.001891,0.000562
4,0,0.001954,0.001171,0.996875
5,1,0.034001,0.721356,0.244642
6,0,0.993373,0.003294,0.003333
7,0,0.024790,0.000106,0.975104
8,1,0.090414,0.001818,0.907768
9,0,0.000699,0.000131,0.999170
10,0,0.000661,0.000156,0.999183
11,1,0.987367,0.002275,0.010357
12,0,0.005704,0.000217,0.994079
13,0,0.000643,0.000151,0.999206
14,1,0.513136,0.474845,0.012020
15,1,0.992498,0.001315,0.006187
16,1,0.988348,0.010326,0.001326
17,1,0.777036,0.001604,0.221360
18,1,0.286714,0.002732,0.710554
19,1,0.997826,0.001032,0.001143
20,1,0.886708,0.002991,0.110301
21,1,0.006703,0.001717,0.991580
22,1,0.893209,0.103419,0.003372
23,1,0.042723,0.000211,0.957066
24,1,0.001423,0.000181,0.998396
25,1,0.993857,0.000146,0.005997
26,0,0.099324,0.000225,0.900451
27,1,0.826167,0.000286,0.173547
28,1,0.274567,0.000761,0.724672
29,0,0.001160,0.000224,0.998617
30,0,0.003473,0.000105,0.996422
31,0,0.026232,0.000548,0.973220
32,0,0.000679,0.000102,0.999219
33,0,0.039889,0.000311,0.959800
34,0,0.208200,0.000824,0.790976
35,1,0.020807,0.000226,0.978967
36,0,0.893720,0.002046,0.104234
37,1,0.235298,0.661341,0.103362
38,0,0.002093,0.000181,0.997727
39,1,0.849259,0.039263,0.111478
40,0,0.468937,0.000847,0.530216
41,1,0.694374,0.000456,0.305170
42,0,0.001089,0.000082,0.998829
43,1,0.502210,0.000859,0.496930
44,1,0.925706,0.000714,0.073579
45,1,0.242089,0.005689,0.752222
46,1,0.068231,0.001825,0.929944
47,1,0.013435,0.000137,0.986429
48,0,0.041467,0.000197,0.958337
49,0,0.000779,0.000352,0.998870
50,0,0.000368,0.000214,0.999418
51,0,0.008283,0.000262,0.991454
52,1,0.026234,0.065609,0.908157
53,0,0.017287,0.249964,0.732749
54,0,0.015272,0.001036,0.983692
55,0,0.028969,0.000424,0.970607
56,1,0.362750,0.010365,0.626885
57,0,0.936110,0.000358,0.063532
58,0,0.027201,0.000234,0.972565
59,1,0.957529,0.026648,0.015822
60,0,0.000987,0.000101,0.998912
61,0,0.002141,0.000127,0.997732
62,1,0.033077,0.000502,0.966421
63,0,0.409398,0.000647,0.589955
64,0,0.002541,0.000138,0.997321
65,0,0.001234,0.000126,0.998640
66,0,0.001621,0.000105,0.998274
67,0,0.005615,0.000103,0.994281
68,0,0.002088,0.000258,0.997654
69,0,0.000727,0.000202,0.999071
70,1,0.956705,0.012997,0.030298
71,0,0.002824,0.000195,0.996981
72,1,0.252393,0.000945,0.746662
73,0,0.002805,0.000113,0.997081
74,0,0.461057,0.000347,0.538596
75,1,0.594942,0.000550,0.404508
76,1,0.028274,0.000711,0.971015
77,1,0.053183,0.001080,0.945737
78,0,0.001508,0.000540,0.997952
79,0,0.002731,0.000275,0.996994
80,0,0.008493,0.000491,0.991016
81,1,0.706972,0.000743,0.292285
82,1,0.985742,0.000362,0.013897
83,1,0.910494,0.003288,0.086218
84,0,0.784995,0.000259,0.214747
85,0,0.014807,0.000555,0.984638
86,1,0.010285,0.742309,0.247406
87,1,0.849589,0.000473,0.149938
88,1,0.829433,0.013367,0.157201
89,1,0.025539,0.001530,0.972931
90,0,0.003873,0.000227,0.995900
91,0,0.677345,0.000604,0.322051
92,1,0.621826,0.000745,0.377429
93,0,0.142482,0.000244,0.857274
94,0,0.006554,0.000122,0.993324
95,1,0.971792,0.000182,0.028026
96,1,0.816940,0.000912,0.182148
97,0,0.002396,0.000112,0.997492
98,0,0.020674,0.001142,0.978184
99,1,0.793186,0.156003,0.050811
100,0,0.072766,0.000565,0.926669
101,1,0.863974,0.000233,0.135793
102,1,0.983437,0.000282,0.016280
103,0,0.009504,0.000202,0.990294
104,1,0.107344,0.000727,0.891929
105,1,0.989716,0.000450,0.009834
106,0,0.069696,0.000202,0.930102
107,1,0.971926,0.000165,0.027909
108,1,0.993174,0.000383,0.006444
109,1,0.998831,0.000605,0.000564
110,0,0.002595,0.000082,0.997323
111,1,0.536080,0.006198,0.457722
112,1,0.000904,0.000306,0.998789
113,1,0.003514,0.003232,0.993255
114,1,0.484086,0.045253,0.470662
115,1,0.249344,0.737851,0.012806
116,0,0.001013,0.000226,0.998761
117,0,0.002561,0.034221,0.963218
118,0,0.004294,0.000181,0.995526
119,1,0.010002,0.000123,0.989875
120,1,0.229278,0.002602,0.768120
121,0,0.001842,0.000085,0.998073
122,0,0.746171,0.000431,0.253397
123,0,0.000654,0.000067,0.999279
124,1,0.489145,0.100163,0.410692
125,1,0.984723,0.000645,0.014632
126,1,0.272910,0.666317,0.060773
127,1,0.027414,0.004298,0.968287
128,1,0.790831,0.001115,0.208054
129,0,0.255942,0.000385,0.743672
130,1,0.045067,0.153826,0.801107
131,0,0.000749,0.000167,0.999084
132,1,0.038281,0.000954,0.960764
133,0,0.001558,0.000140,0.998302
134,0,0.000478,0.000148,0.999374
135,1,0.048753,0.001217,0.950030
136,0,0.004198,0.000216,0.995587
137,0,0.000739,0.000169,0.999091
138,0,0.048354,0.000296,0.951350
139,1,0.210701,0.017942,0.771357
140,1,0.031754,0.094778,0.873468
141,0,0.001429,0.000179,0.998392
142,0,0.000547,0.000096,0.999358
143,0,0.007886,0.000090,0.992024
144,0,0.000385,0.000111,0.999504
145,1,0.223288,0.000241,0.776470
146,1,0.897497,0.002264,0.100239
147,0,0.048460,0.000259,0.951281
148,1,0.638869,0.002316,0.358815
149,1,0.595231,0.188422,0.216346
150,0,0.012188,0.000127,0.987685
151,0,0.126675,0.000531,0.872794
152,1,0.989435,0.000170,0.010396
153,1,0.064361,0.001107,0.934532
154,1,0.989996,0.001936,0.008069
155,0,0.084617,0.000254,0.915129
156,1,0.469036,0.000670,0.530294
157,1,0.006122,0.000349,0.993529
158,0,0.000803,0.000171,0.999027
159,1,0.636909,0.000794,0.362298
160,1,0.112440,0.002139,0.885421
161,1,0.046417,0.000575,0.953008
162,1,0.570362,0.001074,0.428564
163,1,0.994747,0.000643,0.004610
164,1,0.975287,0.000275,0.024437
165,1,0.938490,0.000255,0.061255
166,0,0.049683,0.000175,0.950142
167,0,0.000863,0.000072,0.999065
168,1,0.292603,0.002108,0.705289
169,0,0.000304,0.000130,0.999566
170,1,0.018563,0.018707,0.962731
171,0,0.003596,0.000079,0.996325
172,0,0.670363,0.000421,0.329216
173,0,0.000589,0.000196,0.999215
174,0,0.035892,0.000157,0.963951
175,0,0.004455,0.000104,0.995441
176,0,0.000935,0.000086,0.998980
177,1,0.068463,0.366457,0.565081
178,0,0.039991,0.000292,0.959717
179,1,0.972199,0.001837,0.025964
180,1,0.996233,0.003108,0.000659
181,0,0.000826,0.000076,0.999098
182,0,0.121923,0.000988,0.877089
183,0,0.022676,0.000187,0.977137
184,1,0.022188,0.000494,0.977318
185,0,0.001692,0.000180,0.998129
186,0,0.187199,0.001019,0.811782
187,0,0.997843,0.000971,0.001186
188,1,0.988011,0.000609,0.011380
189,1,0.966783,0.031961,0.001256
190,1,0.899452,0.000252,0.100296
191,0,0.023546,0.000298,0.976156
192,1,0.963786,0.000186,0.036028
193,0,0.014651,0.000096,0.985253
194,0,0.000400,0.000214,0.999386
195,0,0.001603,0.000253,0.998143
196,0,0.000326,0.000175,0.999499
197,0,0.033591,0.000099,0.966310
198,1,0.991113,0.001487,0.007400
199,1,0.961053,0.012909,0.026038
200,1,0.310712,0.012363,0.676925
201,0,0.802556,0.000612,0.196833
202,0,0.006048,0.000090,0.993861
203,1,0.032327,0.778185,0.189488
204,1,0.993061,0.000290,0.006649
205,0,0.000495,0.000168,0.999337
206,0,0.002294,0.000196,0.997510
207,0,0.000395,0.000157,0.999447
208,0,0.008798,0.000098,0.991105
209,0,0.012230,0.000088,0.987682
210,0,0.001505,0.000114,0.998381
211,0,0.036556,0.000108,0.963336
212,0,0.011856,0.000124,0.988020
213,1,0.670210,0.000899,0.328891
214,0,0.000543,0.000173,0.999284
215,0,0.000613,0.000187,0.999200
216,0,0.000464,0.000146,0.999391
217,0,0.047130,0.000473,0.952398
218,0,0.000657,0.000153,0.999190
219,1,0.001938,0.000704,0.997358
220,0,0.001410,0.000257,0.998333
221,0,0.001570,0.000210,0.998220
222,0,0.001491,0.000252,0.998256
223,1,0.998188,0.000411,0.001402
224,0,0.439393,0.000898,0.559709
225,0,0.001096,0.000510,0.998394
226,1,0.497660,0.011997,0.490343
227,1,0.994307,0.000195,0.005498
228,0,0.003931,0.000228,0.995840
229,0,0.000501,0.000097,0.999402
230,0,0.315416,0.000359,0.684225
231,0,0.000467,0.000124,0.999409
232,0,0.000505,0.000874,0.998621
233,0,0.000823,0.000170,0.999008
234,0,0.000714,0.000126,0.999160
235,1,0.001225,0.000166,0.998609
236,0,0.001439,0.000418,0.998144
237,0,0.039485,0.000115,0.960400
238,1,0.995908,0.000402,0.003690
239,0,0.009228,0.000178,0.990594
240,1,0.916990,0.026912,0.056098
241,0,0.438270,0.000288,0.561442
242,1,0.986851,0.004432,0.008717
243,0,0.005447,0.000099,0.994454
244,0,0.013784,0.000231,0.985985
245,1,0.986251,0.012665,0.001084
246,0,0.000865,0.000118,0.999017
247,0,0.002049,0.000135,0.997816
248,0,0.000822,0.000226,0.998952
249,1,0.019683,0.000780,0.979536
250,0,0.002940,0.000257,0.996803
251,1,0.000522,0.011137,0.988341
252,0,0.000990,0.000200,0.998810
253,1,0.997069,0.000100,0.002831
254,0,0.001268,0.000331,0.998401
255,0,0.007663,0.000474,0.991864
256,0,0.007125,0.000147,0.992728
257,0,0.026839,0.000114,0.973047
258,1,0.957053,0.000245,0.042701
259,0,0.027309,0.000315,0.972376
260,1,0.708741,0.001671,0.289588
261,0,0.004212,0.000124,0.995664
262,0,0.009700,0.000487,0.989813
263,1,0.344574,0.000543,0.654883
264,1,0.992790,0.000257,0.006953
265,0,0.026143,0.000204,0.973652
266,1,0.978296,0.000362,0.021342
267,0,0.001936,0.000163,0.997901
268,0,0.006453,0.000176,0.993371
269,0,0.001083,0.000080,0.998836
270,1,0.011801,0.000730,0.987470
271,0,0.001148,0.000127,0.998726
272,1,0.987647,0.000589,0.011765
273,0,0.000735,0.000115,0.999150
274,1,0.997456,0.000481,0.002063
275,0,0.002110,0.000090,0.997800
276,1,0.087547,0.000374,0.912079
277,1,0.995686,0.002832,0.001482
278,1,0.185003,0.000870,0.814127
279,1,0.977846,0.000700,0.021454
280,1,0.078143,0.000632,0.921225
281,1,0.011135,0.001769,0.987096
282,0,0.001549,0.000105,0.998346
283,1,0.008834,0.000412,0.990754
284,0,0.000901,0.000158,0.998941
285,0,0.002040,0.000233,0.997727
286,1,0.083899,0.000208,0.915893
287,0,0.011397,0.000317,0.988286
288,0,0.182882,0.000795,0.816323
289,1,0.001052,0.000392,0.998556
290,0,0.002264,0.000836,0.996901
291,0,0.094247,0.000264,0.905490
292,0,0.001424,0.000110,0.998467
293,0,0.001279,0.000130,0.998592
294,1,0.605205,0.000752,0.394043
295,1,0.993316,0.000366,0.006318
296,1,0.400772,0.019512,0.579716
297,0,0.000648,0.000142,0.999211
298,0,0.000581,0.000184,0.999235
299,0,0.054402,0.000269,0.945329
300,1,0.979729,0.000126,0.020145
301,1,0.184795,0.003333,0.811873
302,1,0.920000,0.019811,0.060189
303,1,0.300706,0.012970,0.686325
304,1,0.997282,0.002208,0.000511
305,0,0.000422,0.000188,0.999390
306,0,0.716811,0.001034,0.282156
307,0,0.000454,0.000198,0.999348
308,1,0.996220,0.000319,0.003461
309,1,0.974170,0.020839,0.004991
310,1,0.997903,0.001051,0.001046
311,0,0.000689,0.000260,0.999051
312,0,0.001441,0.000134,0.998425
313,1,0.996089,0.000789,0.003122
314,0,0.000664,0.000196,0.999141
315,0,0.002795,0.000253,0.996952
316,1,0.995339,0.002024,0.002637
317,0,0.001211,0.000108,0.998681
318,1,0.093136,0.722872,0.183992
319,0,0.279459,0.000362,0.720179
320,0,0.000758,0.000134,0.999108
321,1,0.069160,0.540363,0.390477
322,0,0.559418,0.000333,0.440249
323,1,0.038171,0.000296,0.961532
324,1,0.942369,0.011335,0.046296
325,1,0.868148,0.049620,0.082231
326,0,0.001494,0.000075,0.998431
327,0,0.000320,0.000269,0.999411
328,1,0.996332,0.003279,0.000389
329,0,0.004575,0.000069,0.995356
330,0,0.003355,0.000250,0.996394
331,1,0.721368,0.000411,0.278221
332,0,0.003216,0.000096,0.996688
333,0,0.011042,0.000152,0.988805
334,0,0.004495,0.000345,0.995160
335,0,0.000942,0.000076,0.998982
336,1,0.176056,0.001473,0.822471
337,1,0.026741,0.002097,0.971162
338,1,0.743533,0.000447,0.256020
339,1,0.016186,0.970744,0.013070
340,1,0.001623,0.000925,0.997452
341,1,0.092311,0.000412,0.907277
342,0,0.001235,0.000074,0.998692
343,0,0.167368,0.000196,0.832436
344,0,0.001521,0.000143,0.998336
345,0,0.865115,0.000709,0.134176
346,0,0.000954,0.000094,0.998951
347,1,0.982725,0.000252,0.017023
348,1,0.991642,0.001617,0.006742
349,0,0.001054,0.000156,0.998790
350,0,0.278645,0.000631,0.720724
351,0,0.000771,0.000138,0.999091
352,0,0.498782,0.000358,0.500860
353,1,0.990513,0.000254,0.009232
354,0,0.013360,0.000170,0.986470
355,0,0.001260,0.000669,0.998072
356,0,0.010505,0.000243,0.989252
357,0,0.009837,0.000447,0.989717
358,0,0.024957,0.000238,0.974805
359,0,0.967045,0.000278,0.032677
360,1,0.816716,0.002089,0.181195
361,0,0.007599,0.000165,0.992237
362,0,0.000922,0.000267,0.998811
363,0,0.020362,0.000164,0.979474
364,0,0.005111,0.000300,0.994589
365,1,0.780656,0.000464,0.218880
366,0,0.000598,0.000203,0.999198
367,1,0.746866,0.119530,0.133604
368,0,0.056677,0.000484,0.942839
369,0,0.078874,0.000094,0.921031
370,0,0.000366,0.000154,0.999480
371,0,0.004270,0.000164,0.995566
372,0,0.000606,0.000212,0.999182
373,1,0.358090,0.005528,0.636382
374,1,0.015030,0.009546,0.975425
375,0,0.001344,0.000080,0.998576
376,1,0.714064,0.000876,0.285061
377,0,0.002031,0.000096,0.997873
378,1,0.177983,0.661809,0.160207
379,1,0.724395,0.036576,0.239029
380,0,0.024139,0.000402,0.975459
381,1,0.050691,0.017642,0.931667
382,0,0.000450,0.000144,0.999406
383,1,0.035823,0.000412,0.963766
384,1,0.714222,0.000374,0.285404
385,1,0.506980,0.000498,0.492523
386,1,0.007812,0.001354,0.990834
387,1,0.038880,0.000362,0.960759
388,0,0.003145,0.000306,0.996549
389,0,0.027843,0.000337,0.971820
390,0,0.791149,0.000253,0.208598
391,0,0.002996,0.000087,0.996917
392,1,0.156225,0.389072,0.454704
393,0,0.440291,0.000554,0.559155
394,0,0.013888,0.000124,0.985988
395,0,0.001153,0.000102,0.998746
396,1,0.864228,0.097267,0.038505
397,0,0.008483,0.000091,0.991426
398,1,0.015736,0.019811,0.964454
399,1,0.002186,0.001215,0.996598
400,1,0.996093,0.000267,0.003640
401,0,0.296820,0.000188,0.702992
402,1,0.860383,0.000291,0.139326
403,1,0.715189,0.000600,0.284210
404,1,0.458234,0.000733,0.541033
405,1,0.514278,0.005438,0.480284
406,1,0.004486,0.000151,0.995363
407,1,0.010744,0.003150,0.986106
408,1,0.007029,0.000587,0.992383
409,0,0.000851,0.000108,0.999041
410,0,0.000986,0.000171,0.998843
411,0,0.010538,0.000115,0.989346
412,1,0.146601,0.000972,0.852427
413,0,0.397731,0.000524,0.601745
414,1,0.997075,0.000614,0.002311
415,0,0.308424,0.000422,0.691154
416,1,0.992628,0.000197,0.007175
417,0,0.000500,0.000249,0.999251
418,0,0.435943,0.537917,0.026140
419,0,0.000499,0.000149,0.999351
420,1,0.007990,0.000989,0.991021
421,1,0.934965,0.056015,0.009020
422,0,0.002780,0.000104,0.997117
423,1,0.068315,0.000637,0.931048
424,1,0.489117,0.000805,0.510078
425,1,0.905524,0.000413,0.094063
426,0,0.000582,0.000417,0.999001
427,1,0.970473,0.000129,0.029398
428,1,0.020829,0.000238,0.978934
429,0,0.002218,0.000077,0.997705
430,1,0.635987,0.009643,0.354370
431,1,0.260692,0.003012,0.736295
432,1,0.925139,0.007263,0.067598
433,0,0.000464,0.000097,0.999440
434,0,0.650762,0.000317,0.348921
435,1,0.998845,0.000599,0.000557
436,1,0.062687,0.000999,0.936314
437,1,0.746467,0.232956,0.020577
438,0,0.003795,0.000160,0.996045
439,0,0.001003,0.000112,0.998886
440,1,0.953671,0.004042,0.042287
441,0,0.805010,0.000329,0.194661
442,1,0.018546,0.000163,0.981291
443,1,0.001172,0.000134,0.998694
444,0,0.022133,0.000258,0.977609
445,1,0.834923,0.000696,0.164380
446,0,0.001702,0.000126,0.998173
447,1,0.994551,0.000428,0.005021
448,0,0.818174,0.001677,0.180149
449,0,0.003978,0.000218,0.995804
450,0,0.001287,0.000131,0.998582
451,0,0.001139,0.000774,0.998087
452,1,0.998866,0.000182,0.000953
453,0,0.616297,0.000767,0.382937
454,0,0.000549,0.000081,0.999370
455,1,0.698914,0.000308,0.300778
456,1,0.076159,0.000443,0.923398
457,1,0.501388,0.004407,0.494205
458,0,0.000877,0.000138,0.998985
459,0,0.091128,0.000161,0.908712
460,1,0.963886,0.000135,0.035979
461,1,0.185454,0.001510,0.813036
462,1,0.994601,0.000160,0.005239
463,1,0.146545,0.001165,0.852290
464,1,0.976358,0.000608,0.023034
465,1,0.963446,0.000257,0.036297
466,1,0.657689,0.000365,0.341947
467,1,0.117081,0.000164,0.882754
468,0,0.000621,0.000083,0.999296
469,0,0.048966,0.000324,0.950710
470,0,0.000844,0.000153,0.999003
471,0,0.000785,0.000136,0.999080
472,1,0.995741,0.002042,0.002217
473,0,0.002849,0.000462,0.996689
474,0,0.021371,0.000136,0.978494
475,0,0.756462,0.000454,0.243084
476,0,0.003110,0.000131,0.996759
477,1,0.001450,0.000481,0.998069
478,0,0.002162,0.000113,0.997725
479,0,0.000878,0.000101,0.999022
480,0,0.000965,0.000130,0.998905
481,0,0.007415,0.000246,0.992339
482,1,0.648704,0.043561,0.307735
483,1,0.995857,0.000794,0.003348
484,0,0.000611,0.000103,0.999286
485,1,0.976502,0.000136,0.023362
486,0,0.000618,0.000153,0.999229
487,0,0.290532,0.000363,0.709105
488,1,0.893853,0.102598,0.003549
489,0,0.003551,0.000341,0.996108
490,0,0.011661,0.000237,0.988103
491,0,0.002138,0.000129,0.997734
492,1,0.582882,0.410457,0.006662
493,0,0.059262,0.000245,0.940493
494,0,0.001091,0.000118,0.998791
495,1,0.025888,0.000544,0.973569
496,1,0.996806,0.000290,0.002904
497,1,0.928200,0.017327,0.054472
498,1,0.992534,0.000111,0.007354
499,0,0.000479,0.000131,0.999389
500,1,0.997025,0.001799,0.001177
501,1,0.947392,0.000258,0.052350
502,1,0.018259,0.000311,0.981431
503,1,0.895479,0.000494,0.104028
504,1,0.503976,0.001339,0.494685
505,1,0.968528,0.026670,0.004802
506,1,0.031273,0.000483,0.968244
507,0,0.011127,0.424199,0.564674
508,0,0.001225,0.000167,0.998608
509,0,0.000319,0.000259,0.999422
510,1,0.300392,0.028021,0.671587
511,1,0.001084,0.000394,0.998523
512,1,0.026074,0.000619,0.973307
513,0,0.028905,0.000363,0.970732
514,1,0.240558,0.168357,0.591086
515,0,0.002396,0.000147,0.997457
516,0,0.000945,0.000087,0.998968
517,1,0.006448,0.000158,0.993394
518,0,0.012855,0.000177,0.986969
519,0,0.001625,0.000157,0.998217
520,1,0.997130,0.000526,0.002344
521,1,0.996388,0.000286,0.003326
522,0,0.005533,0.000141,0.994326
523,1,0.067915,0.001783,0.930303
524,1,0.991155,0.007619,0.001226
525,1,0.056174,0.000757,0.943069
526,0,0.003706,0.000089,0.996205
527,1,0.995393,0.000121,0.004485
528,0,0.306592,0.000440,0.692968
529,1,0.040999,0.001091,0.957910
530,0,0.000669,0.000133,0.999198
531,0,0.000499,0.000158,0.999343
532,0,0.000914,0.000202,0.998884
533,1,0.507366,0.026304,0.466330
534,1,0.998099,0.000199,0.001701
535,1,0.996612,0.000238,0.003150
536,1,0.988652,0.000268,0.011080
537,0,0.000620,0.000094,0.999286
538,0,0.000581,0.000113,0.999306
539,1,0.964124,0.000301,0.035575
540,1,0.997320,0.000364,0.002315
541,1,0.997952,0.000282,0.001765
542,1,0.836803,0.000458,0.162739
543,0,0.037087,0.000223,0.962689
544,0,0.971439,0.000168,0.028394
545,0,0.001070,0.000149,0.998782
546,1,0.037351,0.000918,0.961731
547,1,0.374228,0.001749,0.624023
548,0,0.001001,0.000100,0.998899
549,0,0.000815,0.000335,0.998850
550,0,0.001558,0.000151,0.998291
551,1,0.998900,0.000542,0.000558
552,0,0.021755,0.000348,0.977897
553,0,0.004925,0.000190,0.994885
554,0,0.000418,0.001074,0.998508
555,0,0.918933,0.000284,0.080783
556,0,0.008288,0.000167,0.991545
557,1,0.635801,0.003024,0.361175
558,0,0.000436,0.000093,0.999471
559,0,0.690818,0.002385,0.306797
560,1,0.702536,0.059224,0.238240
561,1,0.984397,0.003805,0.011797
562,1,0.943163,0.001380,0.055457
563,1,0.003344,0.008199,0.988457
564,0,0.003581,0.000368,0.996050
565,1,0.175776,0.222634,0.601589
566,1,0.002806,0.000087,0.997106
567,1,0.042149,0.000392,0.957459
568,0,0.001109,0.000120,0.998771
569,1,0.221134,0.629802,0.149065
570,1,0.990760,0.000260,0.008981
571,1,0.008206,0.715583,0.276212
572,1,0.994328,0.000183,0.005489
573,1,0.998560,0.000196,0.001244
574,0,0.011772,0.000116,0.988112
575,0,0.008625,0.000583,0.990791
576,0,0.001361,0.000126,0.998513
577,1,0.905480,0.000771,0.093750
578,1,0.059438,0.001564,0.938997
579,1,0.967382,0.001417,0.031201
580,1,0.982722,0.000152,0.017127
581,1,0.997795,0.001644,0.000560
582,1,0.997003,0.001514,0.001483
583,0,0.000850,0.000134,0.999015
584,1,0.980243,0.000204,0.019553
585,0,0.000509,0.001197,0.998295
586,0,0.000387,0.000175,0.999439
587,0,0.000779,0.000122,0.999098
588,0,0.001180,0.000109,0.998711
589,0,0.004247,0.000118,0.995634
590,1,0.992745,0.000290,0.006965
591,0,0.708695,0.000200,0.291106
592,0,0.000734,0.000083,0.999183
593,0,0.015607,0.000241,0.984152
594,0,0.000852,0.000107,0.999041
595,1,0.070526,0.000268,0.929206
596,0,0.284015,0.000383,0.715602
597,0,0.000814,0.001115,0.998071
598,1,0.013640,0.004380,0.981980
599,0,0.770039,0.000196,0.229765
600,0,0.001709,0.000105,0.998186
601,0,0.002654,0.000151,0.997194
602,1,0.989422,0.000151,0.010427
603,0,0.003120,0.000243,0.996637
604,0,0.007869,0.001272,0.990858
605,1,0.904754,0.000240,0.095006
606,1,0.680427,0.000355,0.319219
607,1,0.821075,0.000395,0.178529
608,1,0.816831,0.002213,0.180956
609,0,0.009093,0.000113,0.990794
610,0,0.001014,0.000121,0.998864
611,0,0.005224,0.000081,0.994695
612,0,0.916072,0.000254,0.083674
613,0,0.002779,0.000363,0.996858
614,1,0.224242,0.011394,0.764365
615,1,0.016960,0.000202,0.982838
616,1,0.125530,0.006449,0.868022
617,0,0.007741,0.000264,0.991994
618,1,0.877342,0.088091,0.034568
619,0,0.013036,0.000183,0.986781
620,0,0.000471,0.000125,0.999404
621,1,0.998677,0.000526,0.000797
622,1,0.925316,0.000996,0.073688
623,0,0.003533,0.000070,0.996397
624,0,0.027129,0.000186,0.972686
625,1,0.993312,0.000286,0.006402
626,0,0.800106,0.000576,0.199319
627,1,0.634841,0.321336,0.043822
628,0,0.001694,0.000109,0.998197
629,0,0.914809,0.000698,0.084494
630,0,0.020408,0.000193,0.979399
631,1,0.998956,0.000177,0.000866
632,1,0.986336,0.008304,0.005360
633,1,0.068043,0.000354,0.931602
634,0,0.008981,0.000607,0.990411
635,0,0.000619,0.000135,0.999247
636,1,0.000604,0.000338,0.999057
637,0,0.000960,0.000083,0.998957
638,1,0.027971,0.000209,0.971820
639,1,0.012347,0.000360,0.987293
640,0,0.007942,0.000559,0.991499
641,1,0.002113,0.000424,0.997463
642,0,0.000867,0.000105,0.999028
643,0,0.001430,0.000123,0.998448
644,1,0.997199,0.001471,0.001330
645,1,0.848377,0.000473,0.151151
646,1,0.996610,0.000179,0.003211
647,0,0.005061,0.000172,0.994767
648,1,0.776719,0.051935,0.171346
649,0,0.001180,0.000880,0.997940
650,0,0.819980,0.000713,0.179307
651,1,0.031430,0.000449,0.968121
652,0,0.002471,0.000256,0.997274
653,1,0.999022,0.000295,0.000683
654,0,0.000494,0.000104,0.999401
655,1,0.023742,0.001652,0.974606
656,1,0.523309,0.336505,0.140187
657,0,0.761589,0.000399,0.238012
658,0,0.001987,0.000100,0.997912
659,1,0.459645,0.000464,0.539891
660,1,0.001446,0.000141,0.998413
661,1,0.864999,0.037639,0.097362
662,1,0.998215,0.000288,0.001497
663,1,0.786640,0.001831,0.211529
664,1,0.994156,0.000798,0.005045
665,0,0.056387,0.000338,0.943274
666,0,0.001456,0.000094,0.998450
667,0,0.001865,0.000060,0.998075
668,0,0.000411,0.000106,0.999483
669,0,0.001483,0.000164,0.998352
670,1,0.958469,0.026642,0.014889
671,0,0.042307,0.000107,0.957587
672,1,0.549469,0.000702,0.449828
673,1,0.957666,0.000278,0.042056
674,0,0.059210,0.000174,0.940616
675,1,0.994194,0.000174,0.005631
676,0,0.002325,0.000112,0.997563
677,1,0.001231,0.000088,0.998681
678,0,0.000690,0.000662,0.998648
679,1,0.965217,0.001267,0.033516
680,1,0.994500,0.003143,0.002357
681,1,0.108891,0.000278,0.890832
682,1,0.998639,0.000864,0.000497
683,1,0.999211,0.000370,0.000419
684,1,0.927851,0.058133,0.014016
685,0,0.004125,0.000094,0.995781
686,0,0.088056,0.000353,0.911591
687,0,0.000472,0.000182,0.999347
688,1,0.421265,0.445477,0.133258
689,0,0.001459,0.000136,0.998406
690,1,0.001137,0.000490,0.998373
691,1,0.727073,0.027039,0.245888
692,0,0.001018,0.000193,0.998789
693,1,0.019772,0.001952,0.978276
694,1,0.996781,0.000113,0.003106
695,1,0.981019,0.000176,0.018805
696,0,0.000592,0.000074,0.999333
697,1,0.946783,0.052587,0.000629
698,0,0.078972,0.000536,0.920493
699,0,0.001087,0.000139,0.998774
700,0,0.016156,0.000103,0.983742
701,0,0.001194,0.000100,0.998706
702,0,0.005380,0.000090,0.994529
703,0,0.003224,0.000190,0.996586
704,1,0.006367,0.621202,0.372432
705,1,0.997495,0.001638,0.000868
706,1,0.171894,0.783413,0.044693
707,1,0.001497,0.044338,0.954165
708,0,0.001266,0.000240,0.998493
709,1,0.083121,0.000672,0.916206
710,1,0.990923,0.000229,0.008849
711,0,0.002766,0.000158,0.997076
712,1,0.005807,0.000806,0.993387
713,1,0.888485,0.000410,0.111106
714,0,0.003041,0.000068,0.996891
715,1,0.575305,0.249692,0.175002
716,0,0.000391,0.000289,0.999320
717,1,0.996696,0.002178,0.001126
718,1,0.005122,0.176752,0.818126
719,1,0.037103,0.717594,0.245303
720,1,0.036075,0.713163,0.250762
721,0,0.996237,0.000132,0.003630
722,1,0.150640,0.563113,0.286247
723,0,0.621264,0.000513,0.378223
724,1,0.339904,0.599606,0.060490
725,1,0.838461,0.000480,0.161058
726,0,0.000724,0.000206,0.999069
727,1,0.593256,0.000992,0.405752
728,1,0.021022,0.000552,0.978427
729,1,0.986223,0.000429,0.013348
730,0,0.483301,0.001340,0.515360
731,1,0.676603,0.000435,0.322962
732,1,0.005106,0.000194,0.994700
733,1,0.561206,0.001766,0.437028
734,0,0.000566,0.000500,0.998934
735,0,0.000896,0.000166,0.998938
736,1,0.998369,0.000193,0.001438
737,0,0.001909,0.000298,0.997793
738,1,0.025458,0.588735,0.385807
739,1,0.958771,0.000883,0.040346
740,1,0.006468,0.000660,0.992873
741,0,0.001403,0.000613,0.997984
742,0,0.013794,0.000176,0.986029
743,0,0.000977,0.000126,0.998897
744,1,0.997107,0.000240,0.002653
745,0,0.014290,0.000147,0.985563
746,0,0.000557,0.000210,0.999234
747,0,0.012295,0.000163,0.987543
748,0,0.001529,0.000174,0.998297
749,0,0.024566,0.000329,0.975105
750,0,0.000985,0.000263,0.998753
751,1,0.748872,0.239568,0.011560
752,0,0.684335,0.001675,0.313989
753,1,0.969378,0.000187,0.030435
754,0,0.049710,0.000225,0.950066
755,0,0.002727,0.000125,0.997148
756,0,0.691208,0.003070,0.305722
757,0,0.485596,0.000245,0.514159
758,1,0.001757,0.000316,0.997927
759,1,0.998173,0.000347,0.001479
760,1,0.995016,0.004000,0.000984
761,0,0.113954,0.000595,0.885452
762,1,0.987883,0.007517,0.004600
763,1,0.997955,0.001131,0.000914
764,0,0.011776,0.080274,0.907950
765,1,0.971267,0.026955,0.001778
766,1,0.960873,0.025738,0.013388
767,1,0.171160,0.001886,0.826954
768,1,0.986032,0.012421,0.001547
769,0,0.000860,0.000105,0.999035
770,1,0.021624,0.000565,0.977810
771,0,0.000332,0.000300,0.999368
772,0,0.000792,0.000154,0.999054
773,1,0.095358,0.000320,0.904322
774,0,0.001225,0.000371,0.998404
775,1,0.205623,0.001651,0.792726
776,1,0.026210,0.000511,0.973279
777,1,0.039545,0.000428,0.960028
778,1,0.772848,0.002916,0.224236
779,1,0.040539,0.001199,0.958262
780,0,0.893348,0.000468,0.106184
781,1,0.037230,0.816212,0.146558
782,0,0.003308,0.000126,0.996566
783,1,0.998462,0.000491,0.001047
784,1,0.993024,0.001160,0.005817
785,0,0.000564,0.000150,0.999286
786,1,0.897234,0.036895,0.065871
787,0,0.070613,0.000216,0.929171
788,0,0.003481,0.000132,0.996386
789,0,0.004086,0.000172,0.995742
790,0,0.002069,0.000148,0.997783
791,1,0.024916,0.101132,0.873952
792,0,0.000968,0.000100,0.998931
793,1,0.231166,0.417017,0.351817
794,0,0.000624,0.000105,0.999271
795,0,0.009342,0.000093,0.990565
796,1,0.748655,0.001459,0.249885
797,0,0.069620,0.000190,0.930189
798,0,0.007283,0.000098,0.992619
799,0,0.000793,0.002259,0.996948
800,0,0.146907,0.000539,0.852554
801,0,0.000502,0.000247,0.999251
802,1,0.566636,0.000799,0.432566
803,1,0.001093,0.000510,0.998397
804,0,0.109588,0.000763,0.889649
805,1,0.798434,0.187094,0.014472
806,1,0.583351,0.000278,0.416371
807,0,0.002933,0.000235,0.996831
808,1,0.997965,0.000158,0.001876
809,0,0.000311,0.000130,0.999559
810,1,0.960974,0.000325,0.038702
811,0,0.008792,0.000143,0.991065
812,0,0.003513,0.000326,0.996161
813,0,0.211677,0.000927,0.787397
814,1,0.112513,0.740900,0.146587
815,0,0.042292,0.000245,0.957463
816,1,0.981418,0.016972,0.001610
817,1,0.027832,0.000575,0.971592
818,1,0.002014,0.000139,0.997847
819,0,0.028624,0.000152,0.971225
820,1,0.992868,0.000344,0.006789
821,0,0.000952,0.000184,0.998864
822,1,0.247581,0.725686,0.026733
823,1,0.937761,0.000178,0.062061
824,0,0.001430,0.000086,0.998485
825,0,0.372978,0.000421,0.626601
826,0,0.010276,0.003078,0.986646
827,1,0.886568,0.000319,0.113114
828,0,0.375174,0.000230,0.624596
829,1,0.994504,0.000189,0.005307
830,1,0.615322,0.000205,0.384473
831,1,0.001178,0.000276,0.998546
832,0,0.014740,0.000099,0.985161
833,0,0.005224,0.000159,0.994617
834,0,0.000404,0.000180,0.999416
835,1,0.236248,0.000498,0.763254
836,1,0.977248,0.000337,0.022415
837,0,0.007867,0.000122,0.992011
838,0,0.854527,0.000536,0.144937
839,1,0.006449,0.000547,0.993004
840,0,0.003221,0.000173,0.996606
841,0,0.031527,0.000227,0.968245
842,1,0.467515,0.000632,0.531853
843,1,0.831255,0.000470,0.168276
844,0,0.006427,0.000184,0.993389
845,1,0.987707,0.008451,0.003842
846,0,0.034512,0.000719,0.964769
847,1,0.993301,0.005055,0.001643
848,1,0.120517,0.002166,0.877316
849,0,0.003244,0.000191,0.996565
850,0,0.019036,0.000110,0.980854
851,1,0.997981,0.000277,0.001742
852,1,0.997611,0.000553,0.001836
853,0,0.302770,0.000395,0.696835
854,1,0.662035,0.000912,0.337054
855,0,0.997999,0.000365,0.001636
856,0,0.015190,0.000269,0.984541
857,1,0.418986,0.001975,0.579039
858,1,0.469252,0.000758,0.529990
859,0,0.017754,0.000122,0.982124
860,1,0.180025,0.274576,0.545399
861,1,0.880850,0.000825,0.118326
862,1,0.956863,0.001437,0.041700
863,0,0.000827,0.000353,0.998821
864,1,0.834620,0.002606,0.162774
865,1,0.990161,0.000268,0.009571
866,0,0.196837,0.000556,0.802607
867,0,0.000381,0.000169,0.999449
868,1,0.612962,0.001207,0.385830
869,1,0.007291,0.000206,0.992503
870,0,0.000807,0.000104,0.999089
871,1,0.831571,0.001109,0.167320
872,1,0.932186,0.010235,0.057579
873,0,0.004488,0.000166,0.995345
874,0,0.030651,0.000125,0.969224
875,0,0.025501,0.000172,0.974327
876,0,0.000746,0.000318,0.998936
877,0,0.000352,0.000574,0.999074
878,0,0.001394,0.000142,0.998465
879,1,0.006231,0.000638,0.993131
880,0,0.000798,0.000107,0.999094
881,1,0.990931,0.000258,0.008812
882,1,0.995571,0.001568,0.002861
883,0,0.000413,0.000159,0.999428
884,1,0.275957,0.041421,0.682622
885,1,0.293479,0.004190,0.702331
886,0,0.001149,0.000195,0.998656
887,1,0.963867,0.000343,0.035790
888,1,0.068511,0.002747,0.928743
889,0,0.003541,0.001860,0.994600
890,1,0.995539,0.003138,0.001323
891,1,0.986525,0.003434,0.010042
892,0,0.001862,0.000202,0.997936
893,1,0.085032,0.001268,0.913700
894,1,0.014629,0.000948,0.984423
895,1,0.997945,0.000520,0.001535
896,1,0.997837,0.000193,0.001970
897,0,0.262275,0.000839,0.736886
898,0,0.001024,0.000076,0.998900
899,0,0.002342,0.000230,0.997427
900,0,0.001335,0.000312,0.998353
901,0,0.002753,0.000064,0.997183
902,1,0.156553,0.000698,0.842749
903,1,0.037173,0.276637,0.686190
904,1,0.949969,0.001119,0.048912
905,1,0.619413,0.000565,0.380023
906,1,0.991198,0.000743,0.008059
907,0,0.027417,0.000180,0.972402
908,1,0.593484,0.002006,0.404510
909,0,0.036601,0.000459,0.962940
910,0,0.002711,0.000116,0.997173
911,1,0.993121,0.005613,0.001266
912,1,0.995599,0.001641,0.002760
913,0,0.973139,0.000304,0.026558
914,1,0.544693,0.000268,0.455039
915,1,0.669511,0.000513,0.329976
916,1,0.924840,0.000609,0.074551
917,0,0.000478,0.000125,0.999397
918,1,0.170358,0.001182,0.828460
919,0,0.786089,0.000326,0.213586
920,1,0.849431,0.000481,0.150088
921,0,0.428229,0.000565,0.571205
922,1,0.091337,0.499866,0.408797
923,0,0.000714,0.000139,0.999146
924,0,0.000973,0.000218,0.998809
925,0,0.001958,0.000162,0.997879
926,0,0.001771,0.000149,0.998079
927,1,0.974210,0.000737,0.025053
928,1,0.010917,0.716702,0.272381
929,0,0.002102,0.000115,0.997783
930,0,0.028607,0.000098,0.971295
931,1,0.988129,0.009860,0.002011
932,0,0.239031,0.000266,0.760703
933,1,0.977564,0.000143,0.022294
934,0,0.510750,0.000292,0.488958
935,1,0.505526,0.407054,0.087420
936,0,0.007723,0.000227,0.992050
937,0,0.080932,0.000209,0.918859
938,1,0.427711,0.017675,0.554614
939,1,0.010053,0.015766,0.974180
940,0,0.113666,0.000313,0.886021
941,0,0.001736,0.000105,0.998159
942,0,0.374494,0.000333,0.625173
943,1,0.772864,0.001097,0.226039
944,1,0.030061,0.004243,0.965696
945,0,0.459272,0.000990,0.539738
946,1,0.970365,0.006070,0.023565
947,1,0.037079,0.000135,0.962786
948,0,0.000831,0.000172,0.998997
949,0,0.012176,0.000123,0.987701
950,0,0.877011,0.000719,0.122270
951,1,0.934516,0.000594,0.064890
952,1,0.996551,0.002048,0.001401
953,0,0.000665,0.000090,0.999245
954,1,0.994997,0.000182,0.004822
955,1,0.000399,0.001514,0.998087
956,0,0.005767,0.000571,0.993663
957,0,0.007119,0.000222,0.992660
958,1,0.804067,0.058170,0.137763
959,0,0.000882,0.000172,0.998946
960,0,0.000951,0.000112,0.998936
961,1,0.010212,0.003723,0.986065
962,0,0.096096,0.000293,0.903612
963,0,0.054295,0.000302,0.945403
964,1,0.047861,0.066577,0.885561
965,0,0.000804,0.000097,0.999099
966,1,0.382953,0.000427,0.616620
967,1,0.009893,0.004544,0.985563
968,1,0.999211,0.000403,0.000386
969,1,0.036254,0.005295,0.958451
970,1,0.694743,0.001660,0.303597
971,1,0.018516,0.000215,0.981269
972,1,0.088459,0.000224,0.911317
973,0,0.000748,0.000090,0.999161
974,0,0.001662,0.000217,0.998120
975,0,0.000639,0.000140,0.999221
976,0,0.001619,0.000097,0.998284
977,1,0.204867,0.018188,0.776945
978,1,0.017236,0.007510,0.975254
979,0,0.000653,0.000151,0.999196
980,1,0.123629,0.331443,0.544928
981,1,0.988378,0.010920,0.000702
982,0,0.003391,0.000135,0.996474
983,0,0.001459,0.000098,0.998443
984,1,0.526857,0.001564,0.471578
985,1,0.995658,0.000305,0.004037
986,1,0.713776,0.001459,0.284765
987,1,0.001079,0.000400,0.998522
988,0,0.034436,0.000863,0.964701
989,1,0.001911,0.000155,0.997934
990,0,0.004446,0.000200,0.995354
991,1,0.966409,0.000220,0.033371
992,1,0.023902,0.002012,0.974087
993,1,0.698493,0.293745,0.007762
994,0,0.223231,0.000294,0.776475
995,0,0.328230,0.000232,0.671538
996,1,0.993714,0.001229,0.005057
997,0,0.160159,0.000244,0.839597
998,1,0.894181,0.000137,0.105682
999,1,0.869862,0.001064,0.129073
1000,1,0.178935,0.000961,0.820104
1001,0,0.011214,0.000146,0.988639
1002,0,0.001691,0.000137,0.998172
1003,0,0.000596,0.000172,0.999232
1004,1,0.064270,0.001493,0.934236
1005,1,0.016928,0.402021,0.581051
1006,1,0.997071,0.001173,0.001755
1007,0,0.002576,0.000090,0.997334
1008,1,0.756955,0.000374,0.242672
1009,1,0.996268,0.000115,0.003618
1010,0,0.000691,0.000115,0.999195
1011,1,0.996220,0.000694,0.003086
1012,0,0.002357,0.000197,0.997446
1013,1,0.998882,0.000411,0.000707
1014,1,0.985552,0.000283,0.014166
1015,0,0.002027,0.000192,0.997780
1016,0,0.002847,0.000155,0.996998
1017,0,0.048262,0.000269,0.951469
1018,1,0.997506,0.001890,0.000604
1019,1,0.860177,0.128950,0.010873
1020,1,0.005439,0.000542,0.994020
1021,0,0.130531,0.853608,0.015860
1022,1,0.324396,0.000345,0.675260
1023,0,0.003589,0.000157,0.996255
1024,1,0.111045,0.000542,0.888413
1025,1,0.995965,0.001006,0.003029
1026,1,0.548492,0.001499,0.450009
1027,0,0.002963,0.000200,0.996836
1028,0,0.001544,0.000259,0.998197
1029,1,0.726665,0.000828,0.272508
1030,1,0.690487,0.271474,0.038038
1031,1,0.996423,0.000143,0.003434
1032,1,0.877214,0.000310,0.122477
1033,1,0.598711,0.148327,0.252962
1034,0,0.010541,0.000614,0.988846
1035,1,0.990312,0.003037,0.006652
1036,0,0.169181,0.000848,0.829971
1037,0,0.008778,0.000293,0.990930
1038,1,0.861707,0.001193,0.137101
1039,1,0.004066,0.000410,0.995524
1040,0,0.003325,0.000245,0.996430
1041,1,0.000273,0.000219,0.999509
1042,0,0.006171,0.001051,0.992777
1043,0,0.003426,0.000305,0.996269
1044,0,0.000897,0.000284,0.998818
1045,0,0.029653,0.000111,0.970236
1046,1,0.914953,0.000279,0.084768
1047,0,0.002663,0.000091,0.997247
1048,0,0.006885,0.000493,0.992622
1049,0,0.012246,0.000377,0.987377
1050,0,0.466363,0.000661,0.532975
1051,1,0.998943,0.000395,0.000663
1052,1,0.121270,0.256091,0.622639
1053,0,0.914062,0.000264,0.085674
1054,1,0.855663,0.109925,0.034412
1055,1,0.014524,0.001378,0.984098
1056,1,0.998942,0.000532,0.000526
1057,0,0.003937,0.000131,0.995932
1058,0,0.813313,0.000631,0.186056
1059,0,0.057849,0.000194,0.941957
1060,1,0.449082,0.004835,0.546083
1061,1,0.993976,0.000181,0.005843
1062,1,0.996372,0.000242,0.003386
1063,1,0.058876,0.315711,0.625412
1064,1,0.977919,0.007042,0.015040
1065,1,0.942716,0.000248,0.057036
1066,0,0.005147,0.000114,0.994739
1067,1,0.291982,0.459825,0.248193
1068,0,0.022119,0.000181,0.977701
1069,1,0.880184,0.000648,0.119168
1070,1,0.980229,0.000281,0.019490
1071,1,0.741174,0.000691,0.258135
1072,0,0.015173,0.000726,0.984101
1073,0,0.012047,0.000097,0.987856
1074,0,0.000896,0.000083,0.999021
1075,0,0.019385,0.000358,0.980257
1076,0,0.000808,0.000204,0.998988
1077,1,0.411385,0.177190,0.411425
1078,1,0.004074,0.000341,0.995586
1079,0,0.002518,0.000192,0.997290
1080,0,0.967649,0.000704,0.031648
1081,1,0.797789,0.165255,0.036956
1082,0,0.000999,0.000114,0.998886
1083,1,0.336258,0.001788,0.661954
1084,0,0.000700,0.000377,0.998923
1085,1,0.014770,0.000246,0.984984
1086,1,0.484032,0.015666,0.500302
1087,1,0.872903,0.000558,0.126539
1088,1,0.993596,0.000567,0.005837
1089,1,0.281170,0.001462,0.717367
1090,1,0.959729,0.003503,0.036768
1091,0,0.001214,0.000257,0.998529
1092,0,0.001435,0.000190,0.998375
1093,0,0.000637,0.000145,0.999218
1094,1,0.998576,0.000248,0.001176
1095,0,0.000881,0.000214,0.998906
1096,0,0.004930,0.000108,0.994963
1097,1,0.011119,0.001433,0.987448
1098,1,0.976937,0.000540,0.022522
1099,0,0.293166,0.000969,0.705865
1100,1,0.909895,0.000176,0.089928
1101,0,0.001628,0.000133,0.998239
1102,1,0.997571,0.001695,0.000735
1103,0,0.019107,0.000466,0.980428
1104,1,0.764773,0.001559,0.233667
1105,0,0.001533,0.000142,0.998326
1106,0,0.183973,0.000334,0.815694
1107,0,0.000539,0.000103,0.999358
1108,0,0.006626,0.000230,0.993144
1109,1,0.242085,0.679656,0.078259
1110,1,0.985709,0.007234,0.007057
1111,1,0.638054,0.003003,0.358943
1112,1,0.620620,0.177236,0.202144
1113,1,0.980586,0.000512,0.018902
1114,0,0.550763,0.000270,0.448967
1115,1,0.091852,0.001267,0.906882
1116,0,0.029446,0.000140,0.970414
1117,0,0.002346,0.000113,0.997541
1118,0,0.000330,0.000148,0.999523
1119,1,0.188813,0.788341,0.022846
1120,1,0.039143,0.001784,0.959072
1121,0,0.000528,0.000125,0.999346
1122,0,0.011047,0.000396,0.988557
1123,1,0.005758,0.000901,0.993341
1124,1,0.887758,0.006733,0.105509
1125,1,0.995549,0.002064,0.002387
1126,0,0.001233,0.000086,0.998681
1127,0,0.002550,0.000094,0.997356
1128,0,0.000469,0.000142,0.999389
1129,0,0.040789,0.000394,0.958817
1130,0,0.004717,0.000113,0.995169
1131,0,0.001527,0.000085,0.998388
1132,0,0.000383,0.000151,0.999466
1133,1,0.108590,0.011768,0.879642
1134,0,0.006401,0.000687,0.992911
1135,0,0.030750,0.000291,0.968959
1136,0,0.134892,0.000390,0.864718
1137,0,0.000710,0.000120,0.999170
1138,0,0.043025,0.000148,0.956827
1139,1,0.995210,0.000153,0.004636
1140,1,0.232276,0.738785,0.028939
1141,0,0.002545,0.000152,0.997303
1142,1,0.689899,0.299034,0.011068
1143,0,0.024591,0.000761,0.974648
1144,0,0.057595,0.000385,0.942020
1145,1,0.679784,0.005528,0.314688
1146,1,0.499221,0.483150,0.017629
1147,0,0.000513,0.000097,0.999390
1148,0,0.000687,0.000094,0.999219
1149,1,0.992191,0.000167,0.007643
1150,1,0.966649,0.000793,0.032558
1151,0,0.873788,0.000266,0.125946
1152,1,0.030089,0.144462,0.825449
1153,0,0.002394,0.000079,0.997527
1154,1,0.997133,0.000146,0.002720
1155,0,0.023238,0.000222,0.976539
1156,1,0.016353,0.000254,0.983392
1157,0,0.001854,0.000194,0.997952
1158,1,0.027884,0.001054,0.971062
1159,0,0.022094,0.000226,0.977681
1160,1,0.990666,0.000096,0.009238
1161,1,0.019465,0.000814,0.979721
1162,1,0.093555,0.002439,0.904006
1163,1,0.056080,0.000297,0.943623
1164,1,0.995981,0.003541,0.000479
1165,0,0.001044,0.000297,0.998659
1166,0,0.000422,0.000121,0.999457
1167,1,0.002327,0.000608,0.997065
1168,0,0.000378,0.001477,0.998145
1169,0,0.000772,0.000287,0.998941
1170,1,0.795926,0.000367,0.203707
1171,0,0.000781,0.000142,0.999077
1172,1,0.014736,0.000255,0.985009
1173,1,0.990534,0.001128,0.008338
1174,1,0.718004,0.005763,0.276232
1175,1,0.558269,0.000231,0.441501
1176,0,0.018473,0.000135,0.981392
1177,1,0.159489,0.000198,0.840313
1178,0,0.152145,0.000147,0.847709
1179,0,0.003801,0.000161,0.996038
1180,1,0.472352,0.008421,0.519227
1181,1,0.832394,0.131958,0.035648
1182,1,0.771898,0.000495,0.227606
1183,0,0.000755,0.000128,0.999117
1184,1,0.908828,0.003564,0.087608
1185,0,0.000509,0.000118,0.999373
1186,0,0.111968,0.000438,0.887595
1187,0,0.002319,0.000613,0.997068
1188,0,0.008959,0.000156,0.990886
1189,1,0.986606,0.011832,0.001563
1190,1,0.934942,0.000988,0.064070
1191,1,0.945285,0.000715,0.054000
1192,0,0.083654,0.000190,0.916156
1193,1,0.983294,0.000769,0.015937
1194,0,0.000458,0.000105,0.999436
1195,0,0.003496,0.000107,0.996396
1196,1,0.806150,0.000396,0.193454
1197,1,0.985796,0.000419,0.013785
1198,1,0.993197,0.005660,0.001142
1199,1,0.355797,0.001348,0.642855
1200,0,0.001394,0.000131,0.998475
1201,1,0.088049,0.000329,0.911622
1202,0,0.001099,0.000131,0.998769
1203,0,0.000580,0.000128,0.999293
1204,0,0.001500,0.000153,0.998347
1205,1,0.072694,0.004732,0.922574
1206,0,0.018400,0.000082,0.981518
1207,0,0.027115,0.000331,0.972554
1208,0,0.011261,0.000185,0.988554
1209,0,0.112942,0.001267,0.885791
1210,1,0.050911,0.000438,0.948650
1211,1,0.995379,0.000131,0.004490
1212,1,0.027819,0.000205,0.971976
1213,1,0.408428,0.000644,0.590928
1214,1,0.493340,0.001654,0.505006
1215,1,0.995034,0.000206,0.004760
1216,1,0.963964,0.000314,0.035722
1217,1,0.997628,0.001881,0.000490
1218,1,0.208155,0.000724,0.791120
1219,1,0.025463,0.000161,0.974376
1220,1,0.991455,0.000578,0.007967
1221,0,0.004059,0.000095,0.995845
1222,0,0.003510,0.000165,0.996325
1223,1,0.900853,0.000728,0.098418
1224,1,0.037768,0.007186,0.955046
1225,1,0.003356,0.018330,0.978313
1226,1,0.442772,0.000266,0.556962
1227,1,0.002392,0.000292,0.997316
1228,0,0.004393,0.000166,0.995442
1229,0,0.002450,0.000146,0.997403
1230,1,0.987823,0.000533,0.011643
1231,1,0.710564,0.222910,0.066525
1232,0,0.001277,0.000131,0.998592
1233,1,0.831408,0.004321,0.164271
1234,0,0.021939,0.000134,0.977927
1235,0,0.151272,0.000324,0.848404
1236,0,0.029272,0.000210,0.970519
1237,0,0.004215,0.000315,0.995471
1238,0,0.003351,0.000058,0.996590
1239,0,0.000946,0.000380,0.998674
1240,0,0.003518,0.000173,0.996310
1241,0,0.000787,0.000202,0.999011
1242,1,0.991848,0.000144,0.008008
1243,0,0.848745,0.000348,0.150907
1244,1,0.982175,0.000170,0.017655
1245,0,0.002850,0.000207,0.996942
1246,0,0.000566,0.000097,0.999337
1247,0,0.313968,0.000329,0.685702
1248,1,0.270909,0.432929,0.296162
1249,0,0.006029,0.000135,0.993836
1250,0,0.000328,0.000233,0.999439
1251,1,0.981542,0.010337,0.008121
1252,0,0.018645,0.000299,0.981056
1253,1,0.978574,0.006293,0.015133
1254,1,0.993916,0.002418,0.003666
1255,1,0.004782,0.000225,0.994993
1256,1,0.000711,0.000134,0.999154
1257,0,0.004081,0.000123,0.995797
1258,0,0.020070,0.000187,0.979743
1259,0,0.008406,0.000165,0.991430
1260,1,0.998446,0.000599,0.000956
1261,1,0.173442,0.001167,0.825391
1262,0,0.004819,0.000069,0.995112
1263,1,0.491111,0.001455,0.507434
1264,1,0.038900,0.004042,0.957058
1265,0,0.002396,0.000151,0.997452
1266,0,0.011372,0.000112,0.988517
1267,1,0.026270,0.000976,0.972754
1268,1,0.001195,0.000233,0.998572
1269,1,0.548865,0.001175,0.449960
1270,0,0.508789,0.000360,0.490850
1271,0,0.000786,0.000298,0.998916
1272,0,0.005966,0.000343,0.993690
1273,1,0.942948,0.009429,0.047622
1274,1,0.623739,0.006507,0.369754
1275,0,0.000700,0.000181,0.999120
1276,0,0.001772,0.000175,0.998053
1277,1,0.964511,0.001422,0.034067
1278,1,0.357734,0.630226,0.012041
1279,1,0.292148,0.016226,0.691627
1280,0,0.024093,0.000886,0.975022
1281,0,0.006412,0.000115,0.993472
1282,1,0.026625,0.000454,0.972921
1283,1,0.853758,0.078453,0.067789
1284,0,0.000368,0.000126,0.999506
1285,0,0.001760,0.000210,0.998030
1286,1,0.012025,0.000118,0.987857
1287,0,0.001282,0.000120,0.998598
1288,1,0.077144,0.853810,0.069046
1289,0,0.001374,0.000083,0.998543
1290,0,0.001111,0.000154,0.998735
1291,1,0.993599,0.001344,0.005057
1292,1,0.677563,0.235401,0.087036
1293,1,0.636650,0.001560,0.361790
1294,0,0.000529,0.000247,0.999224
1295,1,0.994329,0.000186,0.005485
1296,1,0.139253,0.853515,0.007232
1297,1,0.458374,0.256054,0.285572
1298,1,0.988145,0.000266,0.011589
1299,1,0.996416,0.000426,0.003158
1300,1,0.886359,0.000551,0.113090
1301,0,0.000485,0.000159,0.999357
1302,1,0.988295,0.000337,0.011368
1303,1,0.985781,0.000334,0.013885
1304,1,0.979217,0.005354,0.015429
1305,0,0.001569,0.000126,0.998305
1306,1,0.999102,0.000455,0.000443
1307,1,0.989710,0.000361,0.009929
1308,1,0.998892,0.000412,0.000697
1309,1,0.996217,0.000277,0.003507
1310,0,0.106699,0.000285,0.893016
1311,1,0.559590,0.018322,0.422088
1312,1,0.001785,0.390665,0.607551
1313,1,0.757828,0.000660,0.241512
1314,1,0.829612,0.000786,0.169602
1315,1,0.950505,0.027466,0.022029
1316,1,0.391951,0.030419,0.577630
1317,1,0.198616,0.000750,0.800634
1318,0,0.003567,0.000170,0.996262
1319,0,0.001828,0.001048,0.997124
1320,1,0.203122,0.000317,0.796561
1321,0,0.000844,0.000137,0.999018
1322,0,0.005413,0.000149,0.994438
1323,1,0.200672,0.609729,0.189599
1324,0,0.018755,0.000084,0.981161
1325,0,0.005994,0.000082,0.993924
1326,0,0.014436,0.000340,0.985224
1327,0,0.013474,0.000237,0.986288
1328,1,0.996119,0.001139,0.002742
1329,1,0.005127,0.000836,0.994037
1330,1,0.002575,0.000158,0.997267
1331,0,0.015053,0.000193,0.984754
1332,1,0.013611,0.000188,0.986202
1333,0,0.019006,0.000203,0.980791
1334,0,0.004840,0.000341,0.994819
1335,0,0.000377,0.000176,0.999447
1336,1,0.695486,0.000894,0.303620
1337,1,0.086344,0.001763,0.911893
1338,0,0.034717,0.000557,0.964725
1339,0,0.001413,0.000096,0.998490
1340,1,0.997204,0.000536,0.002260
1341,0,0.630061,0.228731,0.141207
1342,1,0.017527,0.113930,0.868543
1343,0,0.004758,0.000205,0.995037
1344,1,0.123479,0.000212,0.876309
1345,1,0.936148,0.001059,0.062793
1346,1,0.394782,0.001004,0.604214
1347,1,0.020154,0.000135,0.979710
1348,1,0.998511,0.000296,0.001193
1349,1,0.924775,0.003150,0.072075
1350,1,0.020471,0.000258,0.979271
1351,0,0.019222,0.000177,0.980601
1352,0,0.000985,0.000113,0.998902
1353,1,0.794660,0.002837,0.202503
1354,1,0.921997,0.000426,0.077577
1355,1,0.006437,0.001495,0.992069
1356,1,0.850457,0.000990,0.148553
1357,1,0.053653,0.001196,0.945150
1358,0,0.003923,0.000102,0.995975
1359,0,0.001382,0.000191,0.998427
1360,1,0.998454,0.000157,0.001389
1361,1,0.974667,0.001308,0.024026
1362,1,0.014527,0.000384,0.985089
1363,1,0.995746,0.000181,0.004073
1364,1,0.004562,0.000378,0.995060
1365,0,0.001108,0.000147,0.998745
1366,1,0.972090,0.000396,0.027514
1367,1,0.214903,0.002120,0.782977
1368,1,0.503908,0.000406,0.495686
1369,0,0.015333,0.000609,0.984059
1370,1,0.184860,0.000330,0.814810
1371,0,0.002036,0.000264,0.997700
1372,1,0.991730,0.000158,0.008111
1373,1,0.185951,0.003728,0.810321
1374,0,0.024284,0.000297,0.975419
1375,1,0.822332,0.000879,0.176790
1376,1,0.969922,0.000520,0.029558
1377,0,0.005646,0.000229,0.994125
1378,1,0.997090,0.000150,0.002760
1379,1,0.997090,0.000150,0.002760
1380,0,0.001952,0.000184,0.997865
1381,1,0.973570,0.000304,0.026126
1382,0,0.000866,0.000150,0.998985
1383,1,0.546273,0.001956,0.451771
1384,1,0.017586,0.000719,0.981696
1385,0,0.015194,0.000283,0.984523
1386,0,0.004392,0.000171,0.995436
1387,1,0.918558,0.000210,0.081232
1388,0,0.015369,0.000164,0.984467
1389,1,0.926396,0.071767,0.001837
1390,0,0.000945,0.000153,0.998902
1391,1,0.987932,0.000163,0.011905
1392,1,0.874326,0.000624,0.125050
1393,0,0.001260,0.000089,0.998650
1394,1,0.996688,0.000116,0.003196
1395,0,0.001391,0.000164,0.998445
1396,1,0.998601,0.000881,0.000518
1397,1,0.403241,0.000510,0.596249
1398,0,0.006244,0.000202,0.993554
1399,1,0.289941,0.000347,0.709712
1400,0,0.007928,0.000186,0.991886
1401,1,0.260399,0.018136,0.721466
1402,0,0.000630,0.000366,0.999004
1403,1,0.015650,0.000259,0.984092
1404,1,0.998060,0.000608,0.001332
1405,0,0.000607,0.000143,0.999250
1406,1,0.053013,0.000905,0.946082
1407,0,0.225049,0.000548,0.774403
1408,1,0.000540,0.000572,0.998888
1409,1,0.497197,0.461097,0.041705
1410,0,0.001270,0.000203,0.998528
1411,0,0.001577,0.000161,0.998262
1412,0,0.000613,0.000100,0.999287
1413,0,0.000903,0.000145,0.998952
1414,0,0.026432,0.000116,0.973452
1415,1,0.270610,0.017263,0.712126
1416,1,0.992242,0.001803,0.005955
1417,1,0.998638,0.000310,0.001052
1418,0,0.000622,0.000374,0.999005
1419,0,0.001407,0.000174,0.998419
1420,0,0.002142,0.000408,0.997450
1421,0,0.002326,0.000195,0.997478
1422,1,0.832897,0.164115,0.002988
1423,1,0.364656,0.000391,0.634953
1424,0,0.116883,0.000175,0.882942
1425,0,0.006409,0.000289,0.993301
1426,1,0.997035,0.001189,0.001776
1427,1,0.012261,0.000764,0.986975
1428,0,0.005778,0.000138,0.994084
1429,1,0.177028,0.000236,0.822736
1430,1,0.748401,0.000881,0.250718
1431,1,0.816949,0.001259,0.181792
1432,1,0.035583,0.000562,0.963855
1433,0,0.002392,0.000138,0.997471
1434,0,0.001040,0.000174,0.998786
1435,0,0.001879,0.000072,0.998048
1436,1,0.509309,0.000418,0.490273
1437,0,0.330818,0.000232,0.668950
1438,0,0.569238,0.000376,0.430386
1439,0,0.002134,0.000189,0.997677
1440,0,0.000836,0.000119,0.999045
1441,0,0.002980,0.000223,0.996797
1442,0,0.000573,0.000121,0.999306
1443,0,0.003348,0.000176,0.996476
1444,1,0.122391,0.000890,0.876719
1445,1,0.990918,0.000111,0.008971
1446,1,0.993081,0.000363,0.006556
1447,1,0.889512,0.000246,0.110242
1448,1,0.872266,0.000353,0.127381
1449,0,0.978340,0.000721,0.020939
1450,1,0.994601,0.000124,0.005275
1451,0,0.004838,0.000070,0.995092
1452,1,0.996728,0.000494,0.002779
1453,1,0.994004,0.000681,0.005315
1454,1,0.969922,0.000447,0.029631
1455,1,0.997887,0.000416,0.001697
1456,1,0.460417,0.086579,0.453004
1457,1,0.964116,0.000331,0.035553
1458,1,0.997757,0.000232,0.002012
1459,1,0.493938,0.058285,0.447777
1460,1,0.992668,0.002611,0.004721
1461,1,0.153738,0.001061,0.845201
1462,1,0.994769,0.000252,0.004978
1463,0,0.002478,0.000320,0.997202
1464,0,0.669851,0.000900,0.329250
1465,0,0.002306,0.000167,0.997527
1466,1,0.030193,0.001206,0.968601
1467,0,0.000758,0.000192,0.999050
1468,1,0.997067,0.000115,0.002818
1469,0,0.270176,0.000210,0.729614
1470,1,0.633647,0.206141,0.160212
1471,1,0.997380,0.001282,0.001338
1472,0,0.003934,0.000176,0.995890
1473,1,0.996249,0.000205,0.003545
1474,1,0.997183,0.000416,0.002402
1475,0,0.015020,0.000381,0.984599
1476,1,0.740781,0.001488,0.257731
1477,1,0.235528,0.000564,0.763908
1478,1,0.002165,0.000338,0.997497
1479,0,0.002466,0.000123,0.997411
1480,1,0.008960,0.000113,0.990927
1481,0,0.000594,0.000163,0.999243
1482,1,0.485674,0.005773,0.508553
1483,1,0.220653,0.001973,0.777374
1484,0,0.001973,0.000117,0.997910
1485,1,0.992345,0.000316,0.007339
1486,0,0.101726,0.000713,0.897561
1487,1,0.920228,0.000788,0.078985
1488,0,0.035283,0.000303,0.964414
1489,1,0.731701,0.208702,0.059597
1490,1,0.371491,0.004353,0.624156
1491,1,0.009230,0.000576,0.990194
1492,0,0.028678,0.000170,0.971153
1493,1,0.020310,0.821456,0.158234
1494,1,0.994529,0.001189,0.004282
1495,1,0.904297,0.000388,0.095315
1496,1,0.889266,0.024089,0.086645
1497,1,0.961617,0.000302,0.038080
1498,0,0.000352,0.000157,0.999491
1499,1,0.247905,0.001298,0.750797
1500,0,0.039572,0.000283,0.960145
1501,1,0.995635,0.000411,0.003953
1502,1,0.102096,0.000182,0.897721
1503,0,0.258233,0.000636,0.741132
1504,1,0.259425,0.000515,0.740060
1505,1,0.966070,0.000279,0.033651
1506,1,0.095684,0.000312,0.904004
1507,0,0.011910,0.000093,0.987997
1508,1,0.998074,0.000921,0.001005
1509,1,0.881403,0.000342,0.118255
1510,1,0.994147,0.000286,0.005567
1511,0,0.002769,0.000280,0.996951
1512,0,0.001953,0.000122,0.997925
1513,0,0.000413,0.001158,0.998429
1514,1,0.954066,0.000787,0.045147
1515,1,0.043008,0.001933,0.955058
1516,0,0.010529,0.000222,0.989249
1517,1,0.577105,0.235234,0.187660
1518,1,0.980963,0.001118,0.017919
1519,0,0.025822,0.000110,0.974068
1520,1,0.997867,0.000212,0.001922
1521,0,0.010068,0.000260,0.989672
1522,1,0.808701,0.000934,0.190364
1523,1,0.044394,0.000410,0.955196
1524,0,0.011657,0.000214,0.988128
1525,0,0.000327,0.000134,0.999539
1526,0,0.002327,0.000168,0.997505
1527,1,0.009255,0.001509,0.989236
1528,0,0.011667,0.000285,0.988048
1529,0,0.000497,0.000152,0.999350
1530,0,0.000377,0.000164,0.999459
1531,1,0.997149,0.000307,0.002544
1532,1,0.996023,0.000203,0.003774
1533,0,0.202784,0.000363,0.796853
1534,1,0.566074,0.000668,0.433258
1535,1,0.127966,0.000958,0.871076
1536,1,0.018838,0.000552,0.980611
1537,0,0.007013,0.000298,0.992689
1538,0,0.001056,0.000144,0.998800
1539,0,0.000612,0.000151,0.999237
1540,1,0.998130,0.001323,0.000548
1541,1,0.998338,0.000633,0.001029
1542,0,0.009079,0.000091,0.990830
1543,0,0.011690,0.000082,0.988228
1544,1,0.099439,0.000200,0.900361
1545,1,0.000582,0.000321,0.999097
1546,0,0.001214,0.000126,0.998660
1547,0,0.009395,0.000162,0.990443
1548,0,0.779212,0.000266,0.220521
1549,1,0.098138,0.001450,0.900412
1550,1,0.991717,0.003309,0.004973
1551,1,0.972391,0.000262,0.027347
1552,0,0.007376,0.000437,0.992187
1553,1,0.643994,0.001017,0.354989
1554,1,0.989958,0.002914,0.007128
1555,1,0.988575,0.010823,0.000602
1556,1,0.192352,0.002528,0.805120
1557,0,0.000437,0.000131,0.999432
1558,1,0.063553,0.003174,0.933273
1559,0,0.000878,0.000274,0.998848
1560,1,0.882629,0.000541,0.116829
1561,1,0.571124,0.000509,0.428367
1562,0,0.723465,0.000252,0.276283
1563,0,0.001293,0.000247,0.998460
1564,0,0.071413,0.000303,0.928284
1565,0,0.046181,0.000154,0.953665
1566,0,0.000810,0.000077,0.999113
1567,0,0.037472,0.000373,0.962155
1568,1,0.988048,0.001405,0.010547
1569,1,0.722295,0.000267,0.277437
1570,0,0.362212,0.000789,0.636999
1571,0,0.158542,0.000752,0.840706
1572,0,0.025499,0.000156,0.974345
1573,0,0.063637,0.000293,0.936070
1574,0,0.002025,0.000111,0.997865
1575,0,0.001769,0.000161,0.998070
1576,1,0.002293,0.000410,0.997296
1577,1,0.519942,0.000522,0.479536
1578,0,0.641653,0.001366,0.356981
1579,1,0.985233,0.001039,0.013729
1580,1,0.998916,0.000467,0.000617
1581,0,0.141397,0.000307,0.858296
1582,1,0.029982,0.011909,0.958109
1583,1,0.007086,0.002318,0.990596
1584,0,0.325756,0.001147,0.673097
1585,0,0.054030,0.000598,0.945372
1586,0,0.488953,0.000813,0.510235
1587,0,0.067839,0.000217,0.931944
1588,0,0.220114,0.000256,0.779631
1589,0,0.573546,0.000170,0.426284
1590,1,0.481905,0.361602,0.156493
1591,1,0.000322,0.000258,0.999420
1592,1,0.993924,0.000460,0.005615
1593,0,0.002968,0.000099,0.996933
1594,0,0.993478,0.004250,0.002272
1595,0,0.000954,0.000124,0.998922
1596,0,0.001541,0.000106,0.998354
1597,1,0.004118,0.000755,0.995127
1598,1,0.995205,0.001494,0.003301
1599,0,0.002331,0.000329,0.997340
1600,0,0.335557,0.000215,0.664227
1601,1,0.863658,0.000195,0.136147
1602,0,0.000970,0.000075,0.998955
1603,1,0.922151,0.000358,0.077491
1604,0,0.003540,0.000152,0.996308
1605,1,0.001672,0.000511,0.997818
1606,0,0.010595,0.000094,0.989311
1607,0,0.001231,0.000188,0.998581
1608,1,0.771597,0.002636,0.225767
1609,1,0.004008,0.000433,0.995559
1610,1,0.998143,0.000207,0.001650
1611,1,0.998017,0.000124,0.001859
1612,1,0.100576,0.876606,0.022818
1613,0,0.003744,0.000112,0.996145
1614,1,0.990874,0.000464,0.008662
1615,1,0.077405,0.000740,0.921855
1616,1,0.039225,0.000177,0.960598
1617,0,0.337856,0.000468,0.661676
1618,1,0.006400,0.000194,0.993406
1619,1,0.995381,0.000209,0.004409
1620,1,0.998548,0.000715,0.000736
1621,0,0.001393,0.000206,0.998401
1622,0,0.007727,0.000357,0.991916
1623,1,0.066525,0.000227,0.933249
1624,1,0.004198,0.573965,0.421837
1625,0,0.002564,0.000080,0.997356
1626,0,0.809600,0.000597,0.189803
1627,0,0.000431,0.000157,0.999412
1628,1,0.979870,0.016832,0.003298
1629,0,0.002116,0.000227,0.997657
1630,0,0.001517,0.000107,0.998375
1631,0,0.001366,0.000140,0.998493
1632,0,0.434856,0.000328,0.564816
1633,1,0.993032,0.005272,0.001697
1634,1,0.268883,0.673718,0.057399
1635,1,0.172909,0.792911,0.034180
1636,1,0.016310,0.000218,0.983472
1637,1,0.912139,0.002655,0.085205
1638,1,0.997086,0.000248,0.002666
1639,0,0.017280,0.000395,0.982325
1640,0,0.000612,0.000103,0.999284
1641,1,0.986619,0.000484,0.012896
1642,1,0.989308,0.002637,0.008055
1643,0,0.000447,0.000101,0.999452
1644,1,0.988432,0.000573,0.010995
1645,1,0.006097,0.000272,0.993631
1646,0,0.000629,0.000174,0.999197
1647,1,0.023933,0.001940,0.974127
1648,1,0.889741,0.000418,0.109841
1649,1,0.995552,0.000154,0.004294
1650,0,0.001352,0.000114,0.998534
1651,1,0.983426,0.000325,0.016249
1652,0,0.001508,0.000234,0.998258
1653,0,0.209396,0.000236,0.790367
1654,0,0.009080,0.000400,0.990520
1655,1,0.457613,0.003626,0.538761
1656,1,0.041875,0.000607,0.957518
1657,1,0.343863,0.000994,0.655144
1658,1,0.934941,0.001822,0.063236
1659,1,0.995871,0.000268,0.003861
1660,1,0.987982,0.001865,0.010154
1661,0,0.347758,0.000312,0.651930
1662,0,0.923823,0.000677,0.075500
1663,1,0.037029,0.017723,0.945248
1664,1,0.024923,0.001184,0.973892
1665,0,0.495393,0.000687,0.503920
1666,0,0.975689,0.000234,0.024077
1667,0,0.000314,0.002231,0.997456
1668,0,0.970436,0.000172,0.029392
1669,0,0.000730,0.000195,0.999075
1670,1,0.935338,0.000213,0.064449
1671,0,0.219276,0.000153,0.780571
1672,1,0.627455,0.363291,0.009254
1673,1,0.941283,0.000304,0.058413
1674,0,0.986656,0.004452,0.008893
1675,1,0.001251,0.003244,0.995505
1676,0,0.083761,0.000150,0.916089
1677,1,0.010407,0.000190,0.989403
1678,0,0.003149,0.000384,0.996467
1679,0,0.573364,0.000405,0.426231
1680,0,0.001206,0.000129,0.998665
1681,0,0.131885,0.000234,0.867880
1682,1,0.020152,0.000128,0.979719
1683,0,0.003181,0.000252,0.996567
1684,1,0.158822,0.032582,0.808597
1685,1,0.826400,0.000638,0.172961
1686,1,0.709396,0.003112,0.287492
1687,0,0.001672,0.000159,0.998169
1688,0,0.298360,0.003819,0.697821
1689,1,0.985932,0.000800,0.013268
1690,1,0.085031,0.000399,0.914570
1691,1,0.771281,0.000419,0.228299
1692,1,0.687748,0.000754,0.311498
1693,0,0.001261,0.000256,0.998483
1694,1,0.001216,0.004336,0.994448
1695,1,0.968483,0.000129,0.031388
1696,1,0.855846,0.000486,0.143668
1697,0,0.897576,0.000199,0.102225
1698,0,0.000952,0.000151,0.998897
1699,1,0.959816,0.000348,0.039836
1700,0,0.000845,0.000698,0.998457
1701,1,0.651634,0.000422,0.347944
1702,0,0.001132,0.000144,0.998724
1703,0,0.008269,0.000171,0.991559
1704,1,0.984829,0.000167,0.015004
1705,1,0.146370,0.001480,0.852150
1706,0,0.032824,0.000193,0.966982
1707,0,0.074854,0.000091,0.925055
1708,0,0.000832,0.000086,0.999082
1709,0,0.007512,0.000135,0.992353
1710,0,0.160157,0.009734,0.830110
1711,1,0.000638,0.001957,0.997404
1712,1,0.007669,0.000211,0.992120
1713,1,0.046576,0.000158,0.953266
1714,0,0.001032,0.000123,0.998845
1715,0,0.001169,0.000346,0.998485
1716,1,0.993257,0.001633,0.005110
1717,1,0.010044,0.421165,0.568791
1718,1,0.631632,0.004685,0.363683
1719,0,0.000450,0.000107,0.999443
1720,0,0.000839,0.000114,0.999047
1721,1,0.012588,0.000674,0.986739
1722,1,0.997431,0.001790,0.000779
1723,1,0.202087,0.001429,0.796484
1724,0,0.071888,0.000418,0.927694
1725,0,0.000517,0.000141,0.999342
1726,1,0.329818,0.000303,0.669879
1727,0,0.007360,0.000192,0.992447
1728,1,0.998877,0.000449,0.000674
1729,1,0.996131,0.002934,0.000935
1730,0,0.929753,0.000133,0.070114
1731,0,0.000415,0.000085,0.999500
1732,1,0.890395,0.001145,0.108460
1733,1,0.991871,0.004118,0.004010
1734,0,0.000855,0.000138,0.999008
1735,1,0.997400,0.001100,0.001500
1736,1,0.013771,0.714446,0.271783
1737,0,0.035627,0.000118,0.964255
1738,1,0.537980,0.385885,0.076136
1739,1,0.976174,0.005897,0.017928
1740,0,0.012749,0.000123,0.987128
1741,1,0.028534,0.000853,0.970613
1742,1,0.993113,0.001030,0.005857
1743,0,0.022606,0.000139,0.977256
1744,0,0.002522,0.000177,0.997301
1745,0,0.002521,0.000214,0.997265
1746,0,0.722860,0.000273,0.276868
1747,0,0.903743,0.000417,0.095840
1748,0,0.000627,0.000158,0.999215
1749,0,0.129824,0.000164,0.870012
1750,1,0.970379,0.000312,0.029310
1751,1,0.996881,0.001299,0.001820
1752,1,0.585991,0.001978,0.412031
1753,1,0.120987,0.000252,0.878762
1754,0,0.003495,0.000107,0.996398
1755,1,0.116690,0.056523,0.826787
1756,1,0.000928,0.000214,0.998858
1757,1,0.061108,0.000440,0.938452
1758,1,0.000889,0.006156,0.992954
1759,1,0.006942,0.000117,0.992942
1760,1,0.920320,0.000189,0.079491
1761,0,0.005622,0.000125,0.994253
1762,0,0.000346,0.000161,0.999493
1763,0,0.019172,0.000120,0.980708
1764,1,0.973222,0.000231,0.026548
1765,1,0.586426,0.400357,0.013217
1766,1,0.001013,0.000296,0.998692
1767,0,0.850634,0.000344,0.149022
1768,1,0.988742,0.000228,0.011029
1769,1,0.308936,0.658341,0.032723
1770,0,0.000927,0.000150,0.998923
1771,0,0.182775,0.004219,0.813005
1772,1,0.320519,0.114939,0.564542
1773,0,0.144334,0.000300,0.855366
1774,0,0.002569,0.000083,0.997348
1775,1,0.692024,0.000351,0.307624
1776,1,0.984555,0.000179,0.015266
1777,1,0.970530,0.000197,0.029273
1778,1,0.979589,0.000175,0.020236
1779,0,0.067516,0.000400,0.932084
1780,0,0.000787,0.000194,0.999019
1781,1,0.455992,0.000449,0.543559
1782,0,0.003506,0.000080,0.996414
1783,1,0.422481,0.119722,0.457797
1784,1,0.998578,0.000110,0.001312
1785,1,0.997888,0.000236,0.001877
1786,1,0.004210,0.006248,0.989543
1787,0,0.848716,0.000435,0.150849
1788,1,0.508987,0.001713,0.489300
1789,0,0.002169,0.000202,0.997629
1790,0,0.056224,0.000217,0.943558
1791,1,0.935036,0.001075,0.063889
1792,1,0.467308,0.000292,0.532400
1793,1,0.978384,0.000351,0.021265
1794,1,0.068981,0.000286,0.930733
1795,1,0.580123,0.021867,0.398010
1796,1,0.199474,0.005302,0.795225
1797,1,0.231408,0.000648,0.767945
1798,0,0.011856,0.000178,0.987966
1799,1,0.184323,0.000804,0.814873
1800,1,0.998109,0.000607,0.001285
1801,0,0.007587,0.000478,0.991935
1802,0,0.000964,0.000341,0.998696
1803,0,0.116793,0.000356,0.882851
1804,0,0.002437,0.000103,0.997460
1805,1,0.993792,0.003271,0.002936
1806,0,0.000835,0.000269,0.998897
1807,0,0.036116,0.000234,0.963650
1808,0,0.000707,0.000226,0.999067
1809,1,0.145125,0.000799,0.854076
1810,1,0.691184,0.003069,0.305746
1811,0,0.010893,0.000350,0.988757
1812,0,0.746557,0.000347,0.253096
1813,0,0.015078,0.000106,0.984816
1814,0,0.000910,0.000255,0.998835
1815,1,0.058518,0.000338,0.941145
1816,0,0.024588,0.000268,0.975145
1817,0,0.456047,0.001043,0.542910
1818,0,0.002424,0.000197,0.997379
1819,1,0.012059,0.000361,0.987580
1820,0,0.006029,0.000194,0.993777
1821,1,0.105184,0.000628,0.894188
1822,1,0.001391,0.000127,0.998483
1823,0,0.000631,0.000106,0.999263
1824,0,0.000982,0.000166,0.998852
1825,1,0.510309,0.000882,0.488809
1826,1,0.994370,0.000964,0.004665
1827,0,0.007787,0.000179,0.992034
1828,1,0.835549,0.001600,0.162851
1829,0,0.009694,0.000104,0.990202
1830,1,0.002855,0.014421,0.982724
1831,1,0.724368,0.001809,0.273823
1832,1,0.000342,0.000247,0.999411
1833,1,0.034948,0.000917,0.964135
1834,1,0.237124,0.000363,0.762513
1835,1,0.746213,0.246031,0.007756
1836,1,0.993978,0.004192,0.001829
1837,0,0.021850,0.000150,0.978000
1838,0,0.444250,0.000329,0.555421
1839,0,0.033935,0.000713,0.965351
1840,0,0.000842,0.000097,0.999061
1841,1,0.694896,0.000607,0.304498
1842,0,0.001568,0.000148,0.998284
1843,1,0.849835,0.000621,0.149544
1844,1,0.106690,0.000882,0.892428
1845,1,0.914342,0.000382,0.085276
1846,0,0.008369,0.000091,0.991539
1847,1,0.980944,0.000311,0.018745
1848,0,0.003492,0.000117,0.996391
1849,0,0.001603,0.001178,0.997219
1850,0,0.002319,0.000178,0.997503
1851,0,0.001738,0.001582,0.996680
1852,0,0.079821,0.000428,0.919751
1853,0,0.004015,0.000265,0.995720
1854,0,0.686934,0.000397,0.312668
1855,1,0.041229,0.001562,0.957209
1856,1,0.011426,0.002610,0.985963
1857,1,0.533191,0.002264,0.464545
1858,1,0.996535,0.000333,0.003132
1859,1,0.908103,0.000200,0.091697
1860,0,0.000907,0.000185,0.998908
1861,1,0.000739,0.000260,0.999001
1862,0,0.002156,0.000177,0.997666
1863,1,0.954019,0.000236,0.045744
1864,0,0.001827,0.000119,0.998055
1865,1,0.996039,0.000999,0.002962
1866,0,0.003845,0.000476,0.995679
1867,1,0.789458,0.009665,0.200877
1868,0,0.001731,0.000106,0.998162
1869,1,0.586564,0.000684,0.412752
1870,1,0.108405,0.002049,0.889547
1871,1,0.996610,0.001048,0.002342
1872,0,0.023075,0.000119,0.976806
1873,1,0.993096,0.000227,0.006677
1874,0,0.002750,0.000151,0.997099
1875,0,0.103563,0.000171,0.896267
1876,1,0.995519,0.000263,0.004218
1877,0,0.003897,0.000221,0.995882
1878,0,0.000355,0.000143,0.999502
1879,1,0.964345,0.001243,0.034412
1880,1,0.994169,0.002600,0.003231
1881,0,0.001647,0.000158,0.998195
1882,1,0.997550,0.000158,0.002292
1883,0,0.000389,0.000138,0.999473
1884,0,0.231662,0.000262,0.768076
1885,1,0.070053,0.000758,0.929189
1886,1,0.892547,0.000456,0.106998
1887,1,0.461065,0.060826,0.478109
1888,1,0.997136,0.000405,0.002459
1889,1,0.999143,0.000287,0.000570
1890,0,0.001822,0.000098,0.998080
1891,1,0.998060,0.000814,0.001126
1892,0,0.960567,0.000298,0.039135
1893,0,0.001734,0.000104,0.998162
1894,1,0.997722,0.000203,0.002075
1895,0,0.004988,0.000088,0.994924
1896,0,0.047758,0.000119,0.952123
1897,1,0.140543,0.001051,0.858406
1898,0,0.001342,0.000099,0.998559
1899,1,0.939440,0.005672,0.054889
1900,1,0.992930,0.000612,0.006458
1901,0,0.029921,0.000148,0.969930
1902,0,0.090746,0.000149,0.909105
1903,1,0.052603,0.001395,0.946002
1904,1,0.994205,0.000499,0.005296
1905,0,0.008747,0.000262,0.990991
1906,1,0.831371,0.002635,0.165994
1907,0,0.000501,0.000161,0.999338
1908,0,0.074968,0.000171,0.924861
1909,0,0.000743,0.000114,0.999143
1910,0,0.009105,0.000097,0.990798
1911,0,0.006062,0.000137,0.993802
1912,1,0.147264,0.000551,0.852185
1913,0,0.002160,0.000443,0.997397
1914,1,0.000581,0.000250,0.999169
1915,1,0.088435,0.626131,0.285434
1916,1,0.003610,0.000363,0.996028
1917,0,0.422232,0.000244,0.577525
1918,0,0.025768,0.000218,0.974013
1919,0,0.001417,0.000209,0.998374
1920,0,0.216459,0.004390,0.779151
1921,0,0.524583,0.000355,0.475062
1922,1,0.141195,0.000571,0.858234
1923,1,0.065978,0.001076,0.932946
1924,1,0.049818,0.000474,0.949709
1925,0,0.008019,0.000375,0.991605
1926,0,0.000960,0.000157,0.998884
1927,0,0.014940,0.000116,0.984945
1928,1,0.998801,0.000325,0.000873
1929,1,0.998850,0.000186,0.000965
1930,1,0.005419,0.000328,0.994253
1931,0,0.003330,0.000335,0.996335
1932,0,0.000498,0.000191,0.999310
1933,0,0.030450,0.000180,0.969370
1934,0,0.132474,0.000655,0.866871
1935,1,0.007932,0.000298,0.991770
1936,1,0.161175,0.000375,0.838451
1937,0,0.034524,0.000093,0.965384
1938,0,0.007217,0.000115,0.992667
1939,1,0.041909,0.003989,0.954102
1940,0,0.002086,0.000137,0.997777
1941,1,0.997903,0.000272,0.001825
1942,0,0.000611,0.000226,0.999163
1943,0,0.004710,0.000117,0.995173
1944,0,0.004116,0.000135,0.995749
1945,1,0.899293,0.000456,0.100251
1946,1,0.016030,0.002019,0.981951
1947,1,0.330042,0.642260,0.027698
1948,1,0.993420,0.003956,0.002624
1949,0,0.000796,0.000120,0.999084
1950,0,0.001821,0.000123,0.998056
1951,1,0.588305,0.000622,0.411074
1952,0,0.012884,0.000224,0.986891
1953,1,0.003145,0.000393,0.996462
1954,1,0.133711,0.002267,0.864022
1955,1,0.010610,0.000374,0.989016
1956,1,0.015886,0.000282,0.983832
1957,1,0.509103,0.002400,0.488497
1958,1,0.984020,0.001302,0.014678
1959,1,0.976347,0.001671,0.021982
1960,0,0.029120,0.000381,0.970499
1961,1,0.881164,0.000315,0.118522
1962,1,0.988107,0.009033,0.002860
1963,1,0.995636,0.000129,0.004236
1964,0,0.037910,0.000160,0.961931
1965,1,0.471688,0.001065,0.527247
1966,1,0.041874,0.875941,0.082185
1967,0,0.394184,0.000983,0.604833
1968,1,0.738145,0.003363,0.258492
1969,0,0.047660,0.000300,0.952040
1970,0,0.000430,0.000223,0.999348
1971,0,0.000475,0.000139,0.999386
1972,0,0.001437,0.000111,0.998452
1973,0,0.003849,0.000207,0.995944
1974,0,0.002089,0.000989,0.996923
1975,1,0.024248,0.788856,0.186896
1976,1,0.739770,0.000403,0.259828
1977,1,0.999259,0.000234,0.000507
1978,0,0.001125,0.000105,0.998770
1979,0,0.002831,0.000255,0.996914
1980,1,0.990988,0.000160,0.008852
1981,1,0.936006,0.020683,0.043312
1982,1,0.024403,0.724069,0.251528
1983,1,0.002067,0.000116,0.997818
1984,0,0.001123,0.000344,0.998532
1985,0,0.035919,0.001394,0.962688
1986,1,0.027075,0.259713,0.713212
1987,1,0.086944,0.000564,0.912492
1988,0,0.001734,0.000207,0.998059
1989,0,0.003771,0.000426,0.995803
1990,1,0.078912,0.000550,0.920538
1991,0,0.009383,0.000090,0.990527
1992,0,0.000792,0.000172,0.999036
1993,1,0.202762,0.000469,0.796769
1994,0,0.006670,0.000192,0.993138
1995,1,0.958772,0.000216,0.041011
1996,1,0.828803,0.000538,0.170659
1997,1,0.995207,0.002670,0.002124
1998,0,0.001720,0.000363,0.997917
1999,1,0.505628,0.000850,0.493522
2000,0,0.009894,0.000203,0.989903
2001,0,0.051527,0.000109,0.948364
2002,0,0.024380,0.000209,0.975412
2003,0,0.000870,0.000276,0.998854
2004,1,0.949945,0.000933,0.049122
2005,0,0.011235,0.000216,0.988549
2006,0,0.255115,0.000199,0.744686
2007,1,0.925243,0.000639,0.074118
2008,1,0.001430,0.000800,0.997771
2009,1,0.000387,0.000175,0.999438
2010,1,0.953937,0.000652,0.045411
2011,0,0.073219,0.000133,0.926648
2012,1,0.983125,0.015236,0.001640
2013,1,0.166785,0.000128,0.833088
2014,0,0.000604,0.000323,0.999073
2015,0,0.002144,0.000074,0.997782
2016,1,0.008541,0.000081,0.991378
2017,1,0.861050,0.000455,0.138494
2018,0,0.996641,0.000105,0.003254
2019,0,0.001017,0.000075,0.998908
2020,0,0.000480,0.000210,0.999310
2021,1,0.975279,0.009314,0.015407
2022,1,0.004256,0.003491,0.992253
2023,1,0.961430,0.000289,0.038281
2024,0,0.126256,0.001210,0.872534
2025,0,0.969418,0.000340,0.030243
2026,0,0.770844,0.000525,0.228630
2027,1,0.998226,0.000895,0.000879
2028,0,0.001165,0.000106,0.998729
2029,1,0.012254,0.000369,0.987377
2030,0,0.007768,0.000281,0.991951
2031,0,0.003909,0.000222,0.995869
2032,0,0.005961,0.000152,0.993887
2033,1,0.617840,0.000485,0.381675
2034,1,0.044048,0.000909,0.955043
2035,0,0.596309,0.000394,0.403297
2036,0,0.006541,0.000168,0.993291
2037,1,0.274740,0.000751,0.724509
2038,1,0.894079,0.000459,0.105462
2039,0,0.001439,0.000156,0.998404
2040,1,0.991198,0.000267,0.008535
2041,1,0.933752,0.010541,0.055707
2042,0,0.000379,0.000106,0.999515
2043,0,0.002612,0.000128,0.997260
2044,0,0.002805,0.000066,0.997129
2045,0,0.007920,0.000160,0.991920
2046,1,0.993470,0.000125,0.006405
2047,1,0.995491,0.001146,0.003363
2048,1,0.042042,0.000298,0.957660
2049,0,0.002528,0.000571,0.996901
2050,0,0.009411,0.005363,0.985226
2051,1,0.228017,0.433682,0.338301
2052,0,0.000943,0.000117,0.998941
2053,0,0.004636,0.000185,0.995179
2054,1,0.998871,0.000354,0.000775
2055,1,0.962000,0.002972,0.035028
2056,1,0.046180,0.014682,0.939137
2057,1,0.044777,0.000402,0.954821
2058,1,0.004818,0.000166,0.995016
2059,0,0.002022,0.000187,0.997791
2060,1,0.985308,0.000178,0.014514
2061,1,0.066436,0.000679,0.932885
2062,0,0.003597,0.001052,0.995351
2063,0,0.003375,0.000250,0.996375
2064,0,0.096539,0.000132,0.903329
2065,1,0.989252,0.003042,0.007707
2066,1,0.013032,0.004461,0.982507
2067,1,0.984080,0.004301,0.011619
2068,1,0.237914,0.001045,0.761041
2069,1,0.539767,0.000847,0.459386
2070,1,0.014675,0.000345,0.984979
2071,0,0.000319,0.000305,0.999376
2072,1,0.998907,0.000419,0.000674
2073,1,0.243034,0.000641,0.756325
2074,0,0.002701,0.000133,0.997166
2075,1,0.031740,0.000144,0.968115
2076,1,0.215632,0.000498,0.783870
2077,1,0.014958,0.024222,0.960819
2078,1,0.701412,0.140341,0.158246
2079,0,0.001990,0.000269,0.997741
2080,0,0.000522,0.000107,0.999371
2081,1,0.667828,0.000605,0.331567
2082,1,0.255044,0.000390,0.744566
2083,1,0.737687,0.000475,0.261839
2084,0,0.002316,0.000152,0.997532
2085,0,0.003720,0.000238,0.996042
2086,0,0.122251,0.004342,0.873407
2087,0,0.003098,0.000351,0.996551
2088,1,0.663135,0.002834,0.334031
2089,1,0.203769,0.000603,0.795628
2090,0,0.004462,0.000148,0.995390
2091,1,0.995834,0.000198,0.003969
2092,1,0.979557,0.002458,0.017985
2093,0,0.002343,0.000157,0.997500
2094,1,0.995742,0.001544,0.002714
2095,0,0.001046,0.000254,0.998700
2096,0,0.000321,0.000132,0.999547
2097,0,0.000708,0.000286,0.999006
2098,0,0.042808,0.000261,0.956931
2099,0,0.000667,0.000178,0.999155
2100,1,0.009966,0.000600,0.989434
2101,1,0.984997,0.000207,0.014795
2102,0,0.003784,0.000247,0.995969
2103,0,0.000640,0.000170,0.999190
2104,0,0.001112,0.000097,0.998791
2105,0,0.000739,0.000182,0.999080
2106,0,0.022396,0.000195,0.977410
2107,0,0.004548,0.065549,0.929904
2108,1,0.556835,0.302898,0.140267
2109,0,0.001757,0.000153,0.998090
2110,1,0.596076,0.000571,0.403353
2111,1,0.507765,0.002485,0.489750
2112,0,0.001164,0.000131,0.998705
2113,1,0.003766,0.000941,0.995292
2114,0,0.223854,0.000188,0.775958
2115,0,0.001045,0.000191,0.998764
2116,1,0.135497,0.000510,0.863993
2117,1,0.249265,0.001008,0.749728
2118,1,0.013849,0.603047,0.383104
2119,1,0.015807,0.000305,0.983889
2120,0,0.015512,0.000075,0.984413
2121,1,0.998832,0.000530,0.000638
2122,1,0.307281,0.619550,0.073169
2123,0,0.015936,0.000353,0.983711
2124,0,0.000579,0.000301,0.999120
2125,0,0.000762,0.000253,0.998986
2126,1,0.948645,0.000184,0.051171
2127,1,0.011988,0.000113,0.987899
2128,0,0.000543,0.000261,0.999196
2129,0,0.000283,0.000136,0.999581
2130,1,0.205358,0.017775,0.776867
2131,1,0.000796,0.008535,0.990670
2132,1,0.880800,0.000152,0.119048
2133,1,0.943363,0.000563,0.056075
2134,0,0.000776,0.003009,0.996214
2135,0,0.881078,0.000676,0.118246
2136,0,0.086041,0.000116,0.913843
2137,0,0.000969,0.000213,0.998817
2138,1,0.797685,0.000302,0.202013
2139,1,0.018196,0.000118,0.981686
2140,0,0.003176,0.000287,0.996537
2141,0,0.003516,0.000171,0.996313
2142,0,0.027151,0.000112,0.972737
2143,1,0.989250,0.000283,0.010467
2144,0,0.007582,0.000134,0.992285
2145,0,0.008298,0.000088,0.991614
2146,1,0.132435,0.000272,0.867292
2147,0,0.001572,0.000466,0.997963
2148,0,0.002740,0.000119,0.997141
2149,0,0.000678,0.000307,0.999014
2150,1,0.489533,0.001975,0.508492
2151,0,0.134364,0.000715,0.864921
2152,1,0.996245,0.002149,0.001606
2153,0,0.000796,0.001170,0.998034
2154,0,0.000748,0.000085,0.999167
2155,0,0.129428,0.000309,0.870263
2156,1,0.026756,0.000981,0.972263
2157,1,0.199363,0.002074,0.798564
2158,1,0.997885,0.000373,0.001742
2159,1,0.029523,0.000222,0.970256
2160,0,0.889917,0.000306,0.109777
2161,0,0.003047,0.000166,0.996787
2162,1,0.001361,0.000364,0.998275
2163,1,0.001195,0.000280,0.998524
2164,0,0.016028,0.000169,0.983803
2165,0,0.001149,0.000182,0.998669
2166,1,0.968457,0.000416,0.031127
2167,1,0.923228,0.001007,0.075765
2168,0,0.000371,0.000164,0.999465
2169,0,0.029419,0.000117,0.970464
2170,0,0.000776,0.000171,0.999053
2171,0,0.233840,0.000412,0.765747
2172,1,0.839454,0.155506,0.005040
2173,1,0.001496,0.000367,0.998137
2174,0,0.016756,0.000217,0.983027
2175,0,0.000497,0.000341,0.999162
2176,0,0.047323,0.000171,0.952506
2177,0,0.005324,0.000088,0.994587
2178,0,0.016328,0.000287,0.983385
2179,0,0.001464,0.000117,0.998419
2180,1,0.995116,0.001138,0.003746
2181,0,0.042948,0.000157,0.956895
2182,1,0.326891,0.661960,0.011149
2183,0,0.015386,0.000323,0.984290
2184,0,0.005795,0.000126,0.994079
2185,0,0.001421,0.000227,0.998351
2186,0,0.001181,0.000613,0.998206
2187,0,0.000875,0.000094,0.999031
2188,0,0.001138,0.000117,0.998746
2189,1,0.989422,0.003472,0.007106
2190,1,0.222057,0.000332,0.777610
2191,1,0.118434,0.004516,0.877050
2192,0,0.000664,0.000272,0.999064
2193,0,0.001654,0.000594,0.997751
2194,0,0.001317,0.000303,0.998380
2195,1,0.016323,0.000284,0.983393
2196,0,0.011258,0.000100,0.988642
2197,0,0.053742,0.000376,0.945882
2198,0,0.001482,0.000139,0.998379
2199,0,0.000913,0.000319,0.998768
2200,0,0.436060,0.000293,0.563647
2201,1,0.996180,0.000137,0.003684
2202,1,0.008066,0.000248,0.991686
2203,1,0.905647,0.001078,0.093275
2204,0,0.112887,0.000276,0.886837
2205,0,0.000506,0.000115,0.999379
2206,0,0.000753,0.000090,0.999158
2207,0,0.000537,0.000285,0.999178
2208,0,0.938597,0.000638,0.060764
2209,1,0.993602,0.000480,0.005918
2210,0,0.018534,0.000439,0.981028
2211,0,0.000837,0.000313,0.998850
2212,0,0.007486,0.000127,0.992387
2213,0,0.001058,0.000080,0.998862
2214,1,0.988221,0.000793,0.010986
2215,1,0.008560,0.000352,0.991088
2216,1,0.342232,0.001446,0.656322
2217,1,0.005772,0.000857,0.993371
2218,0,0.002985,0.000134,0.996881
2219,1,0.959982,0.000133,0.039885
2220,0,0.003121,0.000338,0.996541
2221,1,0.993529,0.000192,0.006279
2222,1,0.483907,0.000602,0.515491
2223,1,0.978404,0.000960,0.020637
2224,1,0.768572,0.003015,0.228413
2225,0,0.785063,0.000268,0.214670
2226,0,0.008580,0.000088,0.991331
2227,0,0.001435,0.000109,0.998456
2228,0,0.000744,0.000551,0.998705
2229,0,0.013847,0.001764,0.984389
2230,0,0.396476,0.000404,0.603120
2231,1,0.907707,0.000326,0.091967
2232,1,0.939492,0.000280,0.060228
2233,1,0.995517,0.003947,0.000535
2234,0,0.002089,0.000215,0.997696
2235,0,0.000571,0.000160,0.999269
2236,0,0.263111,0.000347,0.736542
2237,1,0.412131,0.517971,0.069898
2238,0,0.740990,0.000294,0.258716
2239,0,0.009697,0.000140,0.990163
2240,0,0.006137,0.000280,0.993584
2241,1,0.437540,0.000245,0.562215
2242,1,0.997623,0.000482,0.001895
2243,0,0.002649,0.000158,0.997193
2244,0,0.002953,0.000188,0.996858
2245,0,0.072978,0.000214,0.926807
2246,1,0.862490,0.010514,0.126995
2247,1,0.326242,0.001831,0.671927
2248,1,0.982346,0.009203,0.008451
2249,0,0.004199,0.000130,0.995671
2250,0,0.954922,0.000240,0.044838
2251,0,0.013761,0.000214,0.986025
2252,1,0.869919,0.009352,0.120729
2253,1,0.186781,0.441900,0.371319
2254,1,0.310321,0.000645,0.689034
2255,1,0.202574,0.060925,0.736502
2256,1,0.001038,0.000173,0.998788
2257,0,0.001006,0.000425,0.998569
2258,0,0.004177,0.000178,0.995645
2259,1,0.718286,0.003994,0.277719
2260,0,0.000840,0.000189,0.998971
2261,1,0.011289,0.000170,0.988541
2262,0,0.003041,0.000151,0.996808
2263,0,0.884437,0.000195,0.115368
2264,0,0.756123,0.000343,0.243533
2265,0,0.068815,0.000287,0.930897
2266,1,0.640175,0.000511,0.359314
2267,1,0.588096,0.000675,0.411229
2268,0,0.001127,0.000195,0.998678
2269,1,0.607496,0.020191,0.372313
2270,0,0.000379,0.000129,0.999492
2271,1,0.943761,0.000246,0.055993
2272,1,0.210305,0.459013,0.330682
2273,1,0.069175,0.093329,0.837495
2274,1,0.998338,0.000779,0.000883
2275,1,0.081405,0.000415,0.918180
2276,1,0.455776,0.003640,0.540584
2277,1,0.013942,0.000244,0.985814
2278,0,0.091711,0.000255,0.908034
2279,0,0.236235,0.000344,0.763421
2280,1,0.889016,0.026317,0.084667
2281,0,0.003595,0.000074,0.996330
2282,0,0.221902,0.000174,0.777923
2283,0,0.002032,0.000128,0.997840
2284,1,0.957134,0.001034,0.041832
2285,1,0.025804,0.000241,0.973954
2286,1,0.339306,0.000879,0.659816
2287,0,0.006813,0.000170,0.993017
2288,1,0.057373,0.001682,0.940944
2289,0,0.009032,0.000251,0.990717
2290,0,0.000424,0.000118,0.999458
2291,1,0.184646,0.001445,0.813909
2292,0,0.409177,0.000201,0.590622
2293,0,0.000551,0.000128,0.999321
2294,0,0.000761,0.000217,0.999022
2295,0,0.016207,0.000086,0.983707
2296,0,0.000688,0.000144,0.999168
2297,1,0.003917,0.000995,0.995089
2298,1,0.005166,0.000304,0.994529
2299,0,0.001114,0.000251,0.998635
2300,1,0.130717,0.001033,0.868250
2301,1,0.585582,0.000308,0.414109
2302,0,0.012576,0.000133,0.987292
2303,1,0.998065,0.000161,0.001775
2304,0,0.002835,0.000320,0.996845
2305,1,0.947505,0.003046,0.049449
2306,1,0.035753,0.003223,0.961024
2307,0,0.006201,0.000128,0.993670
2308,1,0.000850,0.000118,0.999033
2309,1,0.993748,0.000210,0.006042
2310,1,0.006109,0.000632,0.993260
2311,0,0.002675,0.000196,0.997129
2312,0,0.041010,0.000341,0.958650
2313,1,0.106939,0.000337,0.892724
2314,1,0.385954,0.174602,0.439444
2315,1,0.996811,0.000182,0.003007
2316,1,0.999028,0.000464,0.000508
2317,1,0.997700,0.000341,0.001960
2318,0,0.002485,0.000267,0.997248
2319,1,0.351726,0.000634,0.647640
2320,0,0.001692,0.000218,0.998090
2321,0,0.003177,0.000122,0.996700
2322,1,0.549460,0.069785,0.380755
2323,1,0.985189,0.005119,0.009692
2324,1,0.995027,0.000319,0.004655
2325,0,0.017175,0.000679,0.982146
2326,1,0.980511,0.000574,0.018915
2327,0,0.716386,0.000177,0.283437
2328,0,0.006180,0.000184,0.993636
2329,1,0.538284,0.000405,0.461311
2330,1,0.913847,0.001019,0.085134
2331,0,0.000520,0.000657,0.998823
2332,1,0.001242,0.000710,0.998048
2333,0,0.003079,0.000175,0.996747
2334,1,0.946364,0.000231,0.053406
2335,0,0.000312,0.000274,0.999414
2336,1,0.993549,0.000385,0.006066
2337,0,0.006012,0.000200,0.993788
2338,1,0.980138,0.000145,0.019717
2339,0,0.091624,0.000319,0.908057
2340,1,0.995867,0.000953,0.003180
2341,1,0.717690,0.000508,0.281803
2342,0,0.011674,0.000376,0.987950
2343,1,0.275342,0.000622,0.724036
2344,1,0.010627,0.000363,0.989011
2345,1,0.585810,0.003993,0.410198
2346,1,0.976635,0.000146,0.023219
2347,0,0.024442,0.000175,0.975383
2348,1,0.096026,0.002714,0.901260
2349,0,0.000438,0.000102,0.999459
2350,0,0.110098,0.002974,0.886928
2351,0,0.001274,0.000227,0.998499
2352,1,0.002662,0.000779,0.996560
2353,0,0.000723,0.000175,0.999102
2354,0,0.104337,0.000249,0.895414
2355,0,0.147542,0.001450,0.851008
2356,0,0.002961,0.000095,0.996944
2357,1,0.997664,0.000243,0.002093
2358,0,0.000928,0.000184,0.998887
2359,1,0.117029,0.001046,0.881925
2360,0,0.001101,0.000283,0.998615
2361,0,0.001385,0.000169,0.998446
2362,0,0.015276,0.000112,0.984612
2363,1,0.144045,0.000230,0.855725
2364,0,0.009635,0.000291,0.990074
2365,0,0.003385,0.000108,0.996507
2366,1,0.230352,0.006321,0.763326
2367,0,0.000520,0.000162,0.999318
2368,0,0.001104,0.000164,0.998732
2369,0,0.000290,0.000382,0.999328
2370,0,0.011128,0.000099,0.988773
2371,0,0.887001,0.000396,0.112604
2372,1,0.980302,0.003943,0.015755
2373,0,0.001244,0.000174,0.998581
2374,0,0.635243,0.000582,0.364176
2375,1,0.657103,0.000499,0.342398
2376,1,0.998281,0.000484,0.001235
2377,1,0.995965,0.000570,0.003465
2378,1,0.106242,0.597243,0.296515
2379,1,0.004857,0.058803,0.936339
2380,0,0.001317,0.000202,0.998481
2381,1,0.994574,0.000376,0.005050
2382,0,0.009114,0.000122,0.990764
2383,1,0.009187,0.113791,0.877022
2384,0,0.217970,0.000193,0.781838
2385,0,0.872326,0.000207,0.127467
2386,1,0.067274,0.796649,0.136078
2387,1,0.987153,0.000218,0.012629
2388,1,0.946986,0.000308,0.052706
2389,1,0.120538,0.534324,0.345138
2390,1,0.003709,0.000986,0.995305
2391,0,0.001694,0.000248,0.998058
2392,0,0.002429,0.000201,0.997370
2393,0,0.020595,0.000161,0.979245
2394,1,0.145303,0.000348,0.854350
2395,1,0.124335,0.000564,0.875101
2396,0,0.001342,0.000155,0.998504
2397,1,0.981428,0.000144,0.018428
2398,0,0.074822,0.000230,0.924948
2399,0,0.002768,0.000095,0.997136
2400,0,0.000758,0.000198,0.999044
2401,0,0.000833,0.000175,0.998992
2402,0,0.006639,0.000097,0.993264
2403,1,0.086994,0.000183,0.912823
2404,1,0.994547,0.000342,0.005111
2405,0,0.000336,0.000284,0.999381
2406,1,0.010165,0.000160,0.989675
2407,0,0.083671,0.000126,0.916203
2408,0,0.012498,0.000133,0.987369
2409,0,0.832508,0.000242,0.167249
2410,0,0.972458,0.000373,0.027169
2411,1,0.991361,0.003970,0.004669
2412,1,0.916877,0.000404,0.082719
2413,0,0.000590,0.000175,0.999235
2414,0,0.000455,0.000102,0.999443
2415,1,0.041854,0.492591,0.465555
2416,1,0.000416,0.000455,0.999129
2417,0,0.015501,0.000116,0.984383
2418,1,0.427897,0.535837,0.036266
2419,0,0.000356,0.000105,0.999538
2420,1,0.910862,0.000404,0.088734
2421,0,0.000450,0.000134,0.999416
2422,1,0.996626,0.000170,0.003205
2423,0,0.000738,0.000166,0.999096
2424,1,0.486112,0.012363,0.501525
2425,1,0.165990,0.002966,0.831044
2426,1,0.054881,0.000674,0.944444
2427,0,0.002122,0.000301,0.997577
2428,0,0.000741,0.000190,0.999069
2429,0,0.023443,0.000921,0.975636
2430,0,0.998433,0.000140,0.001428
2431,1,0.189898,0.666286,0.143815
2432,0,0.736937,0.000357,0.262707
2433,0,0.000474,0.000241,0.999285
2434,0,0.000908,0.000225,0.998867
2435,1,0.972003,0.000204,0.027793
2436,0,0.001166,0.000110,0.998724
2437,0,0.528087,0.000307,0.471606
2438,0,0.226879,0.000498,0.772623
2439,1,0.249636,0.163272,0.587091
2440,1,0.066116,0.058067,0.875817
2441,1,0.007179,0.321651,0.671170
2442,1,0.188506,0.004354,0.807140
2443,0,0.002177,0.000130,0.997693
2444,0,0.001317,0.000167,0.998516
2445,0,0.000527,0.000110,0.999363
2446,1,0.783315,0.001128,0.215557
2447,0,0.002663,0.000255,0.997082
2448,0,0.004794,0.000233,0.994973
2449,1,0.294987,0.094548,0.610466
2450,1,0.991960,0.005109,0.002931
2451,0,0.685216,0.000200,0.314584
2452,0,0.001113,0.000069,0.998817
2453,1,0.965932,0.000590,0.033478
2454,0,0.000976,0.000065,0.998959
2455,0,0.000696,0.000095,0.999209
2456,1,0.321355,0.020555,0.658090
2457,1,0.253127,0.000492,0.746381
2458,0,0.018503,0.000140,0.981357
2459,0,0.004831,0.000127,0.995042
2460,0,0.002250,0.000301,0.997449
2461,1,0.798834,0.003373,0.197793
2462,1,0.950158,0.003348,0.046493
2463,0,0.830983,0.002486,0.166531
2464,0,0.008651,0.000135,0.991215
2465,1,0.279756,0.686067,0.034178
2466,1,0.025014,0.684575,0.290411
2467,0,0.747895,0.000972,0.251133
2468,0,0.000844,0.000207,0.998949
2469,1,0.003001,0.000123,0.996877
2470,0,0.023491,0.000135,0.976374
2471,1,0.998874,0.000195,0.000931
2472,1,0.003975,0.000398,0.995626
2473,1,0.976218,0.000227,0.023555
2474,0,0.016176,0.000407,0.983417
2475,0,0.003502,0.000193,0.996305
2476,1,0.966494,0.006576,0.026930
2477,1,0.676962,0.001023,0.322015
2478,0,0.001031,0.000135,0.998834
2479,1,0.001118,0.000316,0.998567
2480,1,0.556524,0.000891,0.442585
2481,1,0.382631,0.000790,0.616579
2482,1,0.942950,0.033242,0.023808
2483,1,0.998417,0.000326,0.001257
2484,0,0.000448,0.000109,0.999443
2485,0,0.000745,0.000107,0.999149
2486,0,0.005389,0.000230,0.994381
2487,1,0.766136,0.000768,0.233096
2488,0,0.002921,0.000517,0.996562
2489,0,0.000775,0.001821,0.997404
2490,0,0.876229,0.001479,0.122292
2491,1,0.889511,0.000260,0.110229
2492,0,0.277284,0.002167,0.720550
2493,0,0.000446,0.000161,0.999393
2494,1,0.997126,0.000160,0.002714
2495,1,0.069848,0.001376,0.928776
2496,1,0.289857,0.000217,0.709927
2497,0,0.001074,0.000220,0.998707
2498,0,0.006169,0.000219,0.993612
2499,0,0.136652,0.000337,0.863010
2500,0,0.000344,0.000141,0.999516
2501,1,0.096302,0.001074,0.902624
2502,1,0.982627,0.001232,0.016141
2503,0,0.000527,0.000155,0.999319
2504,1,0.068987,0.000450,0.930563
2505,1,0.153195,0.000917,0.845888
2506,1,0.249183,0.103733,0.647084
2507,0,0.000855,0.000405,0.998740
2508,1,0.994978,0.003897,0.001125
2509,1,0.982261,0.000321,0.017418
2510,0,0.001363,0.000395,0.998242
2511,1,0.679378,0.000699,0.319923
2512,1,0.055704,0.000210,0.944086
2513,1,0.035113,0.000194,0.964692
2514,1,0.010517,0.000215,0.989267
2515,0,0.006121,0.000354,0.993526
2516,0,0.103103,0.001000,0.895898
2517,1,0.022063,0.000387,0.977550
2518,0,0.025045,0.000205,0.974750
2519,1,0.993388,0.000153,0.006459
2520,1,0.936732,0.033432,0.029835
2521,1,0.997985,0.001004,0.001011
2522,1,0.998516,0.000152,0.001332
2523,1,0.705963,0.000730,0.293307
2524,1,0.931283,0.050909,0.017808
2525,1,0.028188,0.001417,0.970394
2526,0,0.061961,0.000152,0.937888
2527,0,0.001375,0.000078,0.998547
2528,1,0.047728,0.002525,0.949747
2529,1,0.423479,0.499759,0.076762
2530,1,0.998650,0.000595,0.000755
2531,0,0.001408,0.000084,0.998508
2532,0,0.022676,0.000125,0.977199
2533,1,0.053680,0.499818,0.446502
2534,0,0.001419,0.000144,0.998437
2535,0,0.002947,0.000395,0.996657
2536,0,0.000899,0.000149,0.998952
2537,1,0.871913,0.000188,0.127898
2538,1,0.995143,0.000157,0.004700
2539,0,0.000395,0.000238,0.999367
2540,1,0.986965,0.000366,0.012669
2541,0,0.010586,0.000281,0.989133
2542,0,0.903624,0.000412,0.095964
2543,0,0.000623,0.000086,0.999291
2544,1,0.926864,0.000176,0.072960
2545,1,0.943131,0.001651,0.055219
2546,1,0.544157,0.002399,0.453444
2547,0,0.003875,0.000083,0.996042
2548,0,0.021794,0.000486,0.977720
2549,0,0.004088,0.000140,0.995772
2550,1,0.429499,0.000655,0.569846
2551,1,0.269164,0.001272,0.729564
2552,1,0.994868,0.000265,0.004867
2553,0,0.004545,0.000252,0.995203
2554,1,0.436175,0.000395,0.563431
2555,0,0.046121,0.000177,0.953702
2556,0,0.986594,0.009719,0.003687
2557,1,0.996819,0.000175,0.003005
2558,0,0.003580,0.000201,0.996219
2559,0,0.001109,0.000223,0.998668
2560,0,0.018144,0.000206,0.981650
2561,0,0.099795,0.000268,0.899937
2562,1,0.003425,0.000927,0.995647
2563,0,0.001668,0.000133,0.998200
2564,0,0.003186,0.000146,0.996668
2565,0,0.000796,0.000189,0.999015
2566,0,0.054170,0.000405,0.945425
2567,1,0.818366,0.120164,0.061469
2568,0,0.001407,0.000140,0.998453
2569,1,0.004255,0.000544,0.995201
2570,0,0.306850,0.000567,0.692583
2571,0,0.022109,0.000193,0.977698
2572,0,0.504235,0.000567,0.495197
2573,1,0.938541,0.000663,0.060796
2574,1,0.992434,0.000154,0.007411
2575,1,0.985076,0.004932,0.009992
2576,1,0.089767,0.132485,0.777748
2577,0,0.987523,0.000120,0.012357
2578,0,0.455976,0.000648,0.543376
2579,1,0.064480,0.000443,0.935077
2580,0,0.001139,0.000232,0.998629
2581,0,0.048454,0.000304,0.951243
2582,1,0.013136,0.002357,0.984507
2583,1,0.347343,0.048107,0.604550
2584,0,0.001190,0.000113,0.998698
2585,1,0.909928,0.000432,0.089640
2586,0,0.018047,0.000106,0.981847
2587,1,0.174269,0.714742,0.110990
2588,1,0.199973,0.001237,0.798790
2589,1,0.742155,0.000297,0.257548
2590,0,0.641037,0.001547,0.357416
2591,0,0.719480,0.000233,0.280287
2592,1,0.269098,0.000520,0.730381
2593,0,0.007205,0.000098,0.992697
2594,1,0.048197,0.006602,0.945201
2595,1,0.994385,0.000314,0.005301
2596,0,0.070542,0.000257,0.929200
2597,0,0.000975,0.000174,0.998850
2598,0,0.003574,0.000104,0.996322
2599,1,0.546792,0.000971,0.452237
2600,1,0.137618,0.000293,0.862090
2601,0,0.009689,0.000610,0.989701
2602,1,0.997093,0.001636,0.001272
2603,1,0.265347,0.001640,0.733013
2604,0,0.030959,0.000276,0.968765
2605,1,0.990499,0.000149,0.009352
2606,0,0.014314,0.000334,0.985353
2607,0,0.899254,0.000454,0.100292
2608,1,0.425445,0.274288,0.300267
2609,0,0.003983,0.000131,0.995886
2610,0,0.003388,0.000453,0.996160
2611,0,0.000853,0.000162,0.998985
2612,0,0.004917,0.000144,0.994939
2613,0,0.940757,0.000233,0.059010
2614,0,0.768688,0.002549,0.228763
2615,0,0.019599,0.000387,0.980014
2616,0,0.000557,0.000185,0.999258
2617,0,0.010774,0.000353,0.988873
2618,0,0.822896,0.000293,0.176811
2619,0,0.002868,0.000430,0.996702
2620,1,0.857101,0.000995,0.141904
2621,1,0.000978,0.001494,0.997528
2622,1,0.365046,0.003152,0.631802
2623,1,0.502030,0.000353,0.497617
2624,1,0.989319,0.007037,0.003644
2625,0,0.000612,0.000115,0.999273
2626,1,0.001845,0.000350,0.997805
2627,0,0.001709,0.000181,0.998110
2628,1,0.011192,0.000238,0.988570
2629,1,0.661301,0.010072,0.328627
2630,0,0.002367,0.000091,0.997542
2631,1,0.994375,0.002784,0.002841
2632,1,0.117370,0.000495,0.882135
2633,0,0.033077,0.000200,0.966723
2634,1,0.193572,0.000582,0.805846
2635,0,0.000466,0.000142,0.999392
2636,1,0.981240,0.000262,0.018497
2637,0,0.887684,0.001462,0.110854
2638,1,0.765734,0.000838,0.233428
2639,0,0.002838,0.000235,0.996927
2640,1,0.982498,0.006062,0.011440
2641,0,0.046840,0.000115,0.953044
2642,0,0.379205,0.000312,0.620483
2643,1,0.391640,0.009304,0.599057
2644,1,0.994935,0.000161,0.004904
2645,0,0.046970,0.000315,0.952715
2646,0,0.001735,0.000328,0.997937
2647,1,0.008361,0.171210,0.820430
2648,1,0.966733,0.023133,0.010134
2649,1,0.453982,0.006561,0.539458
2650,1,0.002416,0.000710,0.996874
2651,0,0.035628,0.000274,0.964098
2652,0,0.000657,0.000189,0.999155
2653,0,0.006183,0.000111,0.993706
2654,0,0.002001,0.000226,0.997773
2655,0,0.001278,0.000205,0.998517
2656,1,0.445396,0.001479,0.553125
2657,0,0.003016,0.000207,0.996777
2658,1,0.375472,0.001254,0.623273
2659,0,0.003953,0.000651,0.995396
2660,0,0.000970,0.000260,0.998770
2661,1,0.904227,0.000903,0.094870
2662,1,0.924525,0.010468,0.065007
2663,0,0.000413,0.000113,0.999475
2664,0,0.002007,0.000096,0.997896
2665,0,0.022386,0.000245,0.977369
2666,0,0.724767,0.000271,0.274963
2667,1,0.998155,0.000179,0.001666
2668,0,0.005067,0.000124,0.994809
2669,0,0.005172,0.000219,0.994609
2670,0,0.009882,0.000276,0.989842
2671,0,0.000863,0.000074,0.999063
2672,0,0.004383,0.000163,0.995454
2673,1,0.872327,0.001932,0.125741
2674,0,0.045870,0.000306,0.953824
2675,0,0.041522,0.000345,0.958133
2676,0,0.003145,0.000112,0.996743
2677,0,0.137884,0.000269,0.861848
2678,1,0.026836,0.000212,0.972951
2679,1,0.040734,0.001030,0.958236
2680,1,0.311039,0.000481,0.688480
2681,1,0.257676,0.656200,0.086124
2682,1,0.112761,0.784487,0.102752
2683,1,0.997146,0.000330,0.002524
2684,0,0.415312,0.000742,0.583946
2685,1,0.703153,0.001496,0.295351
2686,0,0.653272,0.000224,0.346504
2687,0,0.039693,0.000200,0.960107
2688,0,0.000971,0.000152,0.998877
2689,0,0.006603,0.000635,0.992763
2690,0,0.607202,0.000647,0.392150
2691,0,0.000576,0.000110,0.999314
2692,0,0.955009,0.000252,0.044740
2693,0,0.000822,0.000090,0.999087
2694,0,0.000454,0.000664,0.998882
2695,0,0.010730,0.000379,0.988890
2696,1,0.035026,0.001123,0.963851
2697,1,0.958122,0.008484,0.033395
2698,1,0.103424,0.002483,0.894094
2699,1,0.967001,0.000331,0.032669
2700,0,0.004136,0.000736,0.995127
2701,0,0.104179,0.001422,0.894399
2702,0,0.000526,0.000200,0.999274
2703,1,0.312714,0.000180,0.687107
2704,0,0.000356,0.000197,0.999448
2705,0,0.003488,0.000669,0.995844
2706,0,0.000525,0.000165,0.999309
2707,1,0.964627,0.000551,0.034822
2708,1,0.228546,0.002896,0.768557
2709,0,0.005415,0.000124,0.994460
2710,1,0.997564,0.000156,0.002280
2711,0,0.005157,0.000088,0.994755
2712,1,0.871253,0.020392,0.108355
2713,1,0.988535,0.000484,0.010982
2714,1,0.007011,0.000553,0.992436
2715,0,0.001323,0.000287,0.998390
2716,1,0.311425,0.004478,0.684097
2717,0,0.000998,0.000112,0.998890
2718,1,0.013716,0.000740,0.985543
2719,1,0.271201,0.000350,0.728449
2720,1,0.221416,0.013672,0.764912
2721,1,0.008618,0.000753,0.990629
2722,0,0.983681,0.000772,0.015547
2723,1,0.041514,0.214110,0.744376
2724,0,0.000797,0.000154,0.999049
2725,1,0.377881,0.006277,0.615842
2726,1,0.880080,0.008224,0.111695
2727,1,0.019893,0.001109,0.978998
2728,1,0.997494,0.000544,0.001962
2729,0,0.005527,0.000391,0.994082
2730,0,0.012555,0.000213,0.987232
2731,0,0.969766,0.000335,0.029899
2732,0,0.004318,0.000167,0.995515
2733,1,0.998394,0.000824,0.000781
2734,0,0.001895,0.000239,0.997866
2735,0,0.004125,0.000198,0.995677
2736,0,0.013474,0.000126,0.986400
2737,0,0.003773,0.000142,0.996085
2738,1,0.195001,0.009992,0.795007
2739,1,0.013926,0.000259,0.985816
2740,1,0.948843,0.001518,0.049640
2741,0,0.002520,0.000316,0.997164
2742,0,0.002323,0.000145,0.997532
2743,0,0.001601,0.000098,0.998301
2744,1,0.647435,0.000791,0.351774
2745,1,0.994324,0.000999,0.004678
2746,0,0.008347,0.000315,0.991338
2747,1,0.234815,0.001008,0.764177
2748,0,0.000887,0.000172,0.998941
2749,1,0.295764,0.602727,0.101510
2750,0,0.004246,0.000310,0.995444
2751,1,0.996715,0.000130,0.003155
2752,0,0.036413,0.000097,0.963491
2753,1,0.983189,0.009984,0.006828
2754,0,0.511377,0.000682,0.487941
2755,1,0.009318,0.075076,0.915606
2756,1,0.396228,0.003332,0.600440
2757,0,0.143284,0.000352,0.856364
2758,1,0.000958,0.000125,0.998917
2759,0,0.001956,0.000152,0.997891
2760,0,0.011662,0.000292,0.988047
2761,0,0.000751,0.000270,0.998979
2762,0,0.002077,0.000235,0.997688
2763,0,0.001432,0.000143,0.998425
2764,1,0.140870,0.677653,0.181477
2765,1,0.022319,0.000685,0.976996
2766,1,0.993662,0.001589,0.004748
2767,0,0.001343,0.000171,0.998486
2768,1,0.807498,0.002362,0.190140
2769,0,0.992889,0.000211,0.006900
2770,0,0.001126,0.000077,0.998797
2771,0,0.003668,0.000210,0.996123
2772,1,0.148189,0.000245,0.851566
2773,1,0.995414,0.000122,0.004464
2774,1,0.989669,0.000384,0.009947
2775,1,0.762331,0.003086,0.234583
2776,0,0.003940,0.000158,0.995902
2777,0,0.814006,0.000385,0.185609
2778,0,0.005676,0.000118,0.994206
2779,1,0.002145,0.000156,0.997699
2780,0,0.001859,0.000561,0.997580
2781,1,0.985107,0.000265,0.014627
2782,1,0.070595,0.000528,0.928876
2783,1,0.002881,0.000476,0.996643
2784,0,0.257139,0.000363,0.742498
2785,1,0.933429,0.000238,0.066333
2786,0,0.001224,0.000145,0.998631
2787,0,0.001067,0.000076,0.998857
2788,1,0.998033,0.000104,0.001863
2789,0,0.001221,0.000126,0.998654
2790,1,0.585100,0.001593,0.413306
2791,0,0.001347,0.000168,0.998485
2792,0,0.001372,0.000215,0.998413
2793,1,0.928577,0.002734,0.068689
2794,1,0.177846,0.001101,0.821053
2795,0,0.000698,0.000104,0.999198
2796,0,0.680183,0.000333,0.319484
2797,1,0.064432,0.000214,0.935354
2798,1,0.970180,0.000277,0.029543
2799,1,0.768339,0.000604,0.231057
2800,0,0.015042,0.000164,0.984794
2801,0,0.001326,0.000200,0.998474
2802,1,0.505523,0.002221,0.492256
2803,0,0.039254,0.000489,0.960258
2804,0,0.000656,0.000253,0.999091
2805,0,0.001082,0.000138,0.998779
2806,1,0.173834,0.000992,0.825174
2807,0,0.001268,0.000085,0.998647
2808,1,0.990566,0.000109,0.009325
2809,0,0.000417,0.000124,0.999459
2810,0,0.007825,0.000139,0.992037
2811,0,0.000344,0.000204,0.999452
2812,0,0.002971,0.000140,0.996889
2813,0,0.992479,0.000099,0.007422
2814,1,0.179451,0.789389,0.031159
2815,0,0.034416,0.000343,0.965240
2816,1,0.818735,0.178814,0.002451
2817,0,0.001130,0.000145,0.998725
2818,0,0.000355,0.000199,0.999447
2819,1,0.986508,0.002865,0.010627
2820,0,0.004002,0.000545,0.995453
2821,0,0.000678,0.000194,0.999127
2822,0,0.002455,0.000338,0.997207
2823,0,0.879981,0.001386,0.118634
2824,0,0.001257,0.000182,0.998562
2825,1,0.141896,0.001643,0.856460
2826,0,0.003323,0.000061,0.996616
2827,0,0.000412,0.000116,0.999472
2828,1,0.005037,0.321043,0.673920
2829,0,0.325394,0.000612,0.673995
2830,1,0.372951,0.597479,0.029570
2831,0,0.000613,0.000136,0.999250
2832,1,0.995795,0.000624,0.003580
2833,0,0.006237,0.000191,0.993572
2834,0,0.003189,0.000215,0.996597
2835,0,0.001061,0.000373,0.998566
2836,0,0.029675,0.000285,0.970040
2837,0,0.004413,0.000113,0.995473
2838,1,0.591627,0.247451,0.160922
2839,1,0.077369,0.000511,0.922120
2840,1,0.006596,0.000156,0.993249
2841,0,0.002655,0.000224,0.997120
2842,0,0.002304,0.051991,0.945705
2843,1,0.542678,0.002408,0.454915
2844,0,0.000965,0.001155,0.997881
2845,1,0.976267,0.007847,0.015886
2846,1,0.943456,0.000226,0.056318
2847,1,0.950762,0.001109,0.048130
2848,0,0.001729,0.000094,0.998177
2849,1,0.062912,0.001303,0.935786
2850,1,0.051130,0.003395,0.945475
2851,0,0.028704,0.000197,0.971100
2852,0,0.015915,0.000471,0.983614
2853,1,0.814888,0.000328,0.184784
2854,0,0.020250,0.000278,0.979472
2855,1,0.538834,0.066683,0.394483
2856,0,0.029538,0.000240,0.970222
2857,0,0.031745,0.000196,0.968059
2858,1,0.381050,0.000694,0.618256
2859,1,0.998934,0.000235,0.000831
2860,1,0.996251,0.000199,0.003550
2861,1,0.990180,0.000423,0.009397
2862,0,0.003492,0.000525,0.995983
2863,1,0.008501,0.000724,0.990775
2864,0,0.967340,0.000340,0.032320
2865,0,0.000338,0.000148,0.999514
2866,1,0.112316,0.000139,0.887545
2867,1,0.002948,0.595398,0.401654
2868,0,0.002868,0.000094,0.997038
2869,0,0.192137,0.000406,0.807457
2870,0,0.267462,0.000628,0.731910
2871,0,0.000906,0.000112,0.998982
2872,0,0.100734,0.000136,0.899129
2873,0,0.193820,0.000328,0.805852
2874,1,0.001036,0.000177,0.998787
2875,0,0.000941,0.000246,0.998813
2876,0,0.000996,0.000081,0.998923
2877,1,0.013859,0.004309,0.981832
2878,0,0.004266,0.000133,0.995601
2879,0,0.650842,0.000511,0.348646
2880,1,0.824419,0.000726,0.174855
2881,1,0.012492,0.000257,0.987251
2882,0,0.000316,0.001763,0.997921
2883,0,0.002825,0.000287,0.996887
2884,0,0.001794,0.000149,0.998057
2885,1,0.978881,0.000865,0.020255
2886,1,0.010897,0.000466,0.988636
2887,0,0.002474,0.000152,0.997374
2888,0,0.000533,0.000151,0.999316
2889,1,0.000958,0.000709,0.998333
2890,0,0.212596,0.000194,0.787210
2891,0,0.005247,0.000124,0.994629
2892,0,0.002343,0.000192,0.997465
2893,1,0.017407,0.001556,0.981037
2894,0,0.001063,0.000105,0.998832
2895,0,0.004976,0.000136,0.994888
2896,0,0.014046,0.000169,0.985785
2897,0,0.000483,0.000108,0.999409
2898,0,0.001530,0.000438,0.998032
2899,1,0.873918,0.001498,0.124584
2900,0,0.000696,0.000094,0.999210
2901,1,0.002340,0.010219,0.987441
2902,1,0.781905,0.004250,0.213845
2903,1,0.985641,0.012986,0.001373
2904,1,0.977795,0.000435,0.021770
2905,0,0.081287,0.001098,0.917615
2906,0,0.531517,0.000835,0.467648
2907,1,0.996969,0.000316,0.002715
2908,1,0.003385,0.000288,0.996327
2909,1,0.024194,0.001044,0.974762
2910,0,0.000563,0.000115,0.999322
2911,1,0.814902,0.075673,0.109425
2912,0,0.035400,0.001386,0.963214
2913,1,0.330081,0.004842,0.665077
2914,1,0.695101,0.000196,0.304703
2915,1,0.439121,0.002121,0.558758
2916,0,0.217206,0.000224,0.782570
2917,0,0.002936,0.000682,0.996382
2918,0,0.001497,0.000407,0.998096
2919,1,0.115539,0.000334,0.884126
2920,1,0.889557,0.000159,0.110284
2921,1,0.979882,0.002148,0.017970
2922,1,0.994882,0.000452,0.004666
2923,0,0.008373,0.000127,0.991500
2924,0,0.036854,0.000601,0.962544
2925,0,0.001382,0.000088,0.998530
2926,0,0.000313,0.000173,0.999514
2927,0,0.002333,0.000164,0.997503
2928,0,0.002108,0.000172,0.997720
2929,1,0.992815,0.002196,0.004989
2930,1,0.005750,0.001344,0.992907
2931,1,0.980189,0.015349,0.004462
2932,0,0.003828,0.000247,0.995925
2933,1,0.179642,0.750881,0.069478
2934,0,0.001422,0.000076,0.998502
2935,0,0.001669,0.000173,0.998158
2936,0,0.078581,0.000278,0.921141
2937,1,0.997529,0.001197,0.001274
2938,0,0.004808,0.000460,0.994732
2939,1,0.987975,0.000126,0.011899
2940,0,0.000381,0.000166,0.999453
2941,1,0.018910,0.000189,0.980900
2942,1,0.902195,0.000384,0.097421
2943,1,0.920363,0.007553,0.072084
2944,1,0.953843,0.000320,0.045837
2945,1,0.992759,0.000126,0.007116
2946,1,0.011143,0.000142,0.988714
2947,0,0.010599,0.000168,0.989233
2948,0,0.002720,0.000237,0.997043
2949,1,0.657523,0.001155,0.341322
2950,0,0.009541,0.000221,0.990237
2951,0,0.024574,0.000254,0.975172
2952,1,0.139927,0.001448,0.858625
2953,1,0.998802,0.000610,0.000587
2954,1,0.015956,0.000694,0.983350
2955,0,0.006674,0.000118,0.993208
2956,0,0.004264,0.000103,0.995633
2957,1,0.325091,0.338010,0.336899
2958,0,0.001105,0.000126,0.998769
2959,1,0.789768,0.190573,0.019659
2960,1,0.348681,0.000511,0.650808
2961,0,0.004938,0.000173,0.994888
2962,0,0.001159,0.000118,0.998723
2963,0,0.002027,0.000153,0.997820
2964,0,0.000671,0.000085,0.999244
2965,0,0.305865,0.000438,0.693696
2966,0,0.132082,0.000345,0.867574
2967,1,0.782838,0.003327,0.213836
2968,0,0.001637,0.000297,0.998066
2969,0,0.001553,0.000079,0.998368
2970,0,0.006339,0.000135,0.993527
2971,0,0.001714,0.000184,0.998102
2972,1,0.993118,0.000401,0.006480
2973,0,0.001687,0.000306,0.998007
2974,0,0.493878,0.000453,0.505669
2975,1,0.022410,0.000328,0.977262
2976,1,0.969684,0.009464,0.020852
2977,1,0.133435,0.001085,0.865481
2978,1,0.414142,0.000301,0.585557
2979,1,0.094915,0.000353,0.904732
2980,0,0.001355,0.000137,0.998507
2981,1,0.998812,0.000481,0.000707
2982,0,0.000747,0.000131,0.999121
2983,1,0.002708,0.001080,0.996211
2984,1,0.998280,0.000158,0.001562
2985,1,0.999198,0.000454,0.000348
2986,0,0.002330,0.000309,0.997361
2987,0,0.001239,0.000111,0.998650
2988,0,0.025625,0.000216,0.974160
2989,1,0.965354,0.000655,0.033991
2990,0,0.000811,0.000090,0.999099
2991,0,0.024825,0.000211,0.974963
2992,1,0.990449,0.000289,0.009262
2993,0,0.004240,0.000232,0.995528
2994,1,0.833500,0.130691,0.035809
2995,1,0.965695,0.032766,0.001540
2996,0,0.496043,0.000711,0.503246
2997,1,0.070334,0.004702,0.924963
2998,0,0.004275,0.000215,0.995510
2999,0,0.002449,0.000196,0.997355
