row_id,gold,p_hate,p_offensive,p_normal
0,0,0.054821,0.000673,0.944506
1,0,0.186009,0.005668,0.808323
2,1,0.994324,0.000730,0.004946
3,1,0.985358,0.014365,0.000277
4,0,0.000402,0.001043,0.998555
5,1,0.040381,0.597369,0.362250
6,0,0.988794,0.004898,0.006308
7,0,0.001528,0.000050,0.998422
8,1,0.000568,0.000915,0.998517
9,0,0.000158,0.000060,0.999783
10,0,0.000166,0.000083,0.999751
11,1,0.999289,0.000278,0.000432
12,0,0.000366,0.000047,0.999587
13,0,0.000164,0.000063,0.999773
14,1,0.997037,0.000661,0.002302
15,1,0.878075,0.103358,0.018567
16,1,0.996903,0.001473,0.001625
17,1,0.037492,0.000196,0.962313
18,1,0.770626,0.011923,0.217451
19,1,0.999002,0.000372,0.000626
20,1,0.968791,0.000942,0.030267
21,1,0.000667,0.000080,0.999253
22,1,0.870776,0.123439,0.005785
23,1,0.337192,0.000789,0.662019
24,1,0.000456,0.000073,0.999471
25,1,0.998035,0.000328,0.001637
26,0,0.005025,0.000062,0.994912
27,1,0.685959,0.003654,0.310387
28,1,0.427708,0.000443,0.571850
29,0,0.000473,0.000077,0.999450
30,0,0.000339,0.000059,0.999602
31,0,0.086796,0.000232,0.912972
32,0,0.000143,0.000074,0.999783
33,0,0.001757,0.000105,0.998138
34,0,0.298463,0.003799,0.697737
35,1,0.000391,0.000100,0.999509
36,0,0.195327,0.000292,0.804381
37,1,0.440751,0.533752,0.025496
38,0,0.000662,0.000045,0.999293
39,1,0.789363,0.056291,0.154346
40,0,0.000449,0.000097,0.999454
41,1,0.012151,0.000117,0.987732
42,0,0.000162,0.000066,0.999772
43,1,0.011435,0.000125,0.988441
44,1,0.994754,0.000217,0.005029
45,1,0.626822,0.002114,0.371064
46,1,0.025035,0.000113,0.974852
47,1,0.064872,0.001274,0.933854
48,0,0.009677,0.000077,0.990246
49,0,0.000123,0.000275,0.999602
50,0,0.000173,0.000127,0.999700
51,0,0.201403,0.000344,0.798253
52,1,0.037759,0.000717,0.961524
53,0,0.058323,0.124736,0.816941
54,0,0.007380,0.000532,0.992088
55,0,0.001142,0.000060,0.998798
56,1,0.451803,0.001727,0.546470
57,0,0.808385,0.000384,0.191232
58,0,0.173254,0.000323,0.826423
59,1,0.982558,0.005528,0.011914
60,0,0.000584,0.000043,0.999373
61,0,0.000262,0.000078,0.999659
62,1,0.051730,0.000414,0.947856
63,0,0.006925,0.000139,0.992936
64,0,0.000128,0.000078,0.999794
65,0,0.000229,0.000055,0.999716
66,0,0.000673,0.000061,0.999266
67,0,0.001506,0.000060,0.998434
68,0,0.001802,0.000057,0.998141
69,0,0.000281,0.000104,0.999615
70,1,0.568360,0.322244,0.109396
71,0,0.000699,0.000054,0.999247
72,1,0.511664,0.000302,0.488034
73,0,0.000287,0.000058,0.999655
74,0,0.035785,0.000187,0.964028
75,1,0.606843,0.000493,0.392664
76,1,0.813129,0.000342,0.186528
77,1,0.552330,0.000383,0.447287
78,0,0.000222,0.000067,0.999711
79,0,0.000274,0.000056,0.999670
80,0,0.000573,0.000056,0.999370
81,1,0.716658,0.000843,0.282500
82,1,0.978043,0.000326,0.021631
83,1,0.085636,0.000684,0.913680
84,0,0.992526,0.000183,0.007291
85,0,0.000689,0.000056,0.999255
86,1,0.002769,0.669501,0.327731
87,1,0.083301,0.000580,0.916118
88,1,0.994913,0.000821,0.004267
89,1,0.114195,0.003057,0.882748
90,0,0.000209,0.000061,0.999730
91,0,0.587682,0.000486,0.411832
92,1,0.981495,0.000305,0.018200
93,0,0.073169,0.000135,0.926696
94,0,0.000585,0.000083,0.999333
95,1,0.997044,0.000166,0.002790
96,1,0.995111,0.000238,0.004651
97,0,0.000241,0.000096,0.999662
98,0,0.004680,0.000086,0.995234
99,1,0.997091,0.002238,0.000671
100,0,0.052154,0.000151,0.947695
101,1,0.197113,0.000249,0.802637
102,1,0.994884,0.000212,0.004904
103,0,0.001746,0.000127,0.998128
104,1,0.013308,0.000115,0.986577
105,1,0.989458,0.000238,0.010304
106,0,0.007143,0.000070,0.992787
107,1,0.998807,0.000229,0.000965
108,1,0.998179,0.000392,0.001430
109,1,0.995801,0.003047,0.001153
110,0,0.006096,0.000059,0.993844
111,1,0.991448,0.000298,0.008254
112,1,0.000369,0.000094,0.999537
113,1,0.003700,0.000133,0.996167
114,1,0.857132,0.022039,0.120829
115,1,0.227799,0.759634,0.012567
116,0,0.000910,0.000069,0.999020
117,0,0.000624,0.001570,0.997806
118,0,0.003073,0.000098,0.996829
119,1,0.002779,0.000112,0.997109
120,1,0.793174,0.000532,0.206294
121,0,0.000228,0.000329,0.999443
122,0,0.014844,0.000182,0.984974
123,0,0.000157,0.000089,0.999754
124,1,0.774275,0.139301,0.086424
125,1,0.998218,0.000380,0.001401
126,1,0.414969,0.339878,0.245153
127,1,0.023844,0.000242,0.975914
128,1,0.993226,0.000309,0.006465
129,0,0.004046,0.000134,0.995820
130,1,0.038191,0.259851,0.701959
131,0,0.000129,0.000091,0.999780
132,1,0.102545,0.001275,0.896181
133,0,0.000140,0.000095,0.999765
134,0,0.000129,0.000076,0.999795
135,1,0.001715,0.000166,0.998119
136,0,0.001932,0.000091,0.997977
137,0,0.000158,0.000057,0.999785
138,0,0.077920,0.000223,0.921857
139,1,0.904270,0.000415,0.095316
140,1,0.158205,0.102246,0.739549
141,0,0.000271,0.000097,0.999632
142,0,0.000141,0.000082,0.999777
143,0,0.000501,0.000179,0.999320
144,0,0.000090,0.000126,0.999783
145,1,0.005756,0.000159,0.994084
146,1,0.978145,0.000361,0.021494
147,0,0.782133,0.000337,0.217531
148,1,0.544919,0.000752,0.454329
149,1,0.975053,0.002943,0.022003
150,0,0.000614,0.000061,0.999325
151,0,0.071794,0.000203,0.928003
152,1,0.993764,0.000404,0.005832
153,1,0.078986,0.000598,0.920416
154,1,0.995627,0.000724,0.003649
155,0,0.007563,0.000160,0.992277
156,1,0.871218,0.000303,0.128479
157,1,0.001244,0.000074,0.998682
158,0,0.000130,0.000079,0.999791
159,1,0.966560,0.000766,0.032675
160,1,0.995841,0.000661,0.003498
161,1,0.936639,0.000258,0.063103
162,1,0.977229,0.000248,0.022523
163,1,0.998740,0.000318,0.000942
164,1,0.994399,0.000170,0.005431
165,1,0.982473,0.000161,0.017366
166,0,0.033255,0.000206,0.966539
167,0,0.000138,0.000067,0.999795
168,1,0.884637,0.000821,0.114542
169,0,0.000167,0.000077,0.999755
170,1,0.141598,0.001099,0.857303
171,0,0.000197,0.000098,0.999704
172,0,0.912217,0.000411,0.087372
173,0,0.000125,0.000093,0.999782
174,0,0.003518,0.000080,0.996402
175,0,0.000238,0.000059,0.999703
176,0,0.000211,0.000055,0.999734
177,1,0.014907,0.727632,0.257460
178,0,0.004867,0.000073,0.995061
179,1,0.998328,0.000203,0.001469
180,1,0.999162,0.000291,0.000547
181,0,0.000207,0.000073,0.999719
182,0,0.578206,0.000284,0.421509
183,0,0.002361,0.000081,0.997558
184,1,0.038329,0.000164,0.961507
185,0,0.000266,0.000086,0.999647
186,0,0.438828,0.000901,0.560271
187,0,0.998498,0.000341,0.001161
188,1,0.983195,0.000347,0.016458
189,1,0.902656,0.093917,0.003427
190,1,0.974016,0.000198,0.025786
191,0,0.006669,0.000160,0.993170
192,1,0.998303,0.000604,0.001093
193,0,0.002569,0.000072,0.997360
194,0,0.000159,0.000059,0.999782
195,0,0.000191,0.000099,0.999710
196,0,0.000161,0.000105,0.999734
197,0,0.000873,0.000334,0.998794
198,1,0.997991,0.001109,0.000900
199,1,0.967423,0.021057,0.011520
200,1,0.079540,0.001013,0.919448
201,0,0.345359,0.000396,0.654244
202,0,0.001412,0.000047,0.998541
203,1,0.035266,0.579284,0.385450
204,1,0.995491,0.000354,0.004154
205,0,0.000149,0.000080,0.999771
206,0,0.000207,0.000099,0.999694
207,0,0.000168,0.000238,0.999594
208,0,0.000312,0.000060,0.999628
209,0,0.012376,0.000108,0.987515
210,0,0.000138,0.000085,0.999776
211,0,0.001350,0.000046,0.998604
212,0,0.000373,0.000056,0.999571
213,1,0.920587,0.000502,0.078911
214,0,0.000222,0.000189,0.999589
215,0,0.000114,0.000097,0.999789
216,0,0.000114,0.000091,0.999795
217,0,0.017631,0.022912,0.959457
218,0,0.000274,0.000071,0.999655
219,1,0.152293,0.020268,0.827440
220,0,0.000323,0.000056,0.999621
221,0,0.000400,0.000078,0.999522
222,0,0.001114,0.000079,0.998807
223,1,0.997165,0.001006,0.001829
224,0,0.678484,0.000411,0.321105
225,0,0.000170,0.000308,0.999523
226,1,0.017260,0.000545,0.982196
227,1,0.996344,0.000174,0.003482
228,0,0.000155,0.000074,0.999771
229,0,0.000124,0.000107,0.999769
230,0,0.000511,0.000220,0.999269
231,0,0.000204,0.000048,0.999749
232,0,0.000186,0.000153,0.999661
233,0,0.000560,0.000093,0.999347
234,0,0.000196,0.000107,0.999697
235,1,0.000485,0.000096,0.999419
236,0,0.002583,0.000059,0.997359
237,0,0.008431,0.000113,0.991456
238,1,0.997954,0.001166,0.000881
239,0,0.040809,0.000125,0.959067
240,1,0.858762,0.030163,0.111074
241,0,0.005044,0.000100,0.994856
242,1,0.996139,0.000689,0.003173
243,0,0.000588,0.000060,0.999353
244,0,0.000949,0.000148,0.998902
245,1,0.996423,0.002812,0.000765
246,0,0.000219,0.000091,0.999691
247,0,0.000325,0.000069,0.999606
248,0,0.002291,0.000064,0.997644
249,1,0.000322,0.000095,0.999583
250,0,0.000906,0.000116,0.998978
251,1,0.000260,0.000593,0.999147
252,0,0.000132,0.000094,0.999774
253,1,0.998946,0.000197,0.000857
254,0,0.487181,0.000789,0.512030
255,0,0.000413,0.000133,0.999453
256,0,0.000469,0.000074,0.999457
257,0,0.000863,0.000871,0.998266
258,1,0.991191,0.000283,0.008525
259,0,0.003637,0.000201,0.996162
260,1,0.751276,0.000640,0.248083
261,0,0.001591,0.000096,0.998313
262,0,0.000299,0.000113,0.999588
263,1,0.397830,0.000534,0.601636
264,1,0.994778,0.000210,0.005012
265,0,0.001306,0.000062,0.998632
266,1,0.858367,0.001210,0.140423
267,0,0.000129,0.000075,0.999796
268,0,0.000350,0.000079,0.999571
269,0,0.000342,0.000056,0.999602
270,1,0.046543,0.006530,0.946927
271,0,0.000354,0.000070,0.999576
272,1,0.984321,0.001920,0.013758
273,0,0.000113,0.000084,0.999803
274,1,0.999142,0.000416,0.000442
275,0,0.000216,0.000070,0.999714
276,1,0.983056,0.000152,0.016792
277,1,0.983169,0.010637,0.006194
278,1,0.597815,0.000521,0.401664
279,1,0.607024,0.000428,0.392548
280,1,0.984172,0.000363,0.015465
281,1,0.169753,0.000502,0.829744
282,0,0.000769,0.000068,0.999163
283,1,0.005664,0.000102,0.994234
284,0,0.000160,0.000087,0.999753
285,0,0.000574,0.000072,0.999354
286,1,0.000937,0.001375,0.997688
287,0,0.006001,0.000070,0.993929
288,0,0.436634,0.000325,0.563040
289,1,0.000498,0.000075,0.999427
290,0,0.003029,0.008730,0.988241
291,0,0.403175,0.000616,0.596209
292,0,0.000224,0.000084,0.999692
293,0,0.000304,0.000068,0.999628
294,1,0.658019,0.000534,0.341447
295,1,0.986082,0.000258,0.013660
296,1,0.158408,0.001224,0.840368
297,0,0.000150,0.000136,0.999714
298,0,0.000197,0.000081,0.999722
299,0,0.005369,0.000113,0.994518
300,1,0.183385,0.000848,0.815767
301,1,0.543076,0.001202,0.455722
302,1,0.993231,0.001360,0.005409
303,1,0.000810,0.000243,0.998947
304,1,0.995702,0.003221,0.001077
305,0,0.000178,0.000074,0.999748
306,0,0.991192,0.000231,0.008577
307,0,0.000138,0.000074,0.999788
308,1,0.999406,0.000206,0.000389
309,1,0.999037,0.000366,0.000597
310,1,0.998917,0.000268,0.000815
311,0,0.000242,0.000067,0.999692
312,0,0.000744,0.000060,0.999197
313,1,0.998960,0.000637,0.000402
314,0,0.000199,0.000075,0.999726
315,0,0.000508,0.000089,0.999403
316,1,0.998631,0.000854,0.000515
317,0,0.000166,0.000087,0.999747
318,1,0.232581,0.631858,0.135561
319,0,0.988824,0.000167,0.011009
320,0,0.000276,0.000053,0.999672
321,1,0.023161,0.442242,0.534597
322,0,0.924713,0.000281,0.075006
323,1,0.004646,0.000148,0.995206
324,1,0.952013,0.006480,0.041506
325,1,0.873044,0.008326,0.118631
326,0,0.000362,0.000076,0.999562
327,0,0.000127,0.000081,0.999793
328,1,0.941203,0.057651,0.001146
329,0,0.000911,0.000038,0.999051
330,0,0.000541,0.000093,0.999365
331,1,0.824838,0.000522,0.174641
332,0,0.000386,0.000052,0.999561
333,0,0.019946,0.000146,0.979908
334,0,0.002465,0.000099,0.997436
335,0,0.000151,0.000074,0.999775
336,1,0.368576,0.370645,0.260779
337,1,0.034048,0.000216,0.965736
338,1,0.954433,0.000161,0.045406
339,1,0.344633,0.000742,0.654625
340,1,0.878004,0.000341,0.121655
341,1,0.996301,0.000490,0.003209
342,0,0.003621,0.000099,0.996281
343,0,0.010829,0.000087,0.989085
344,0,0.000194,0.000068,0.999738
345,0,0.054838,0.000282,0.944880
346,0,0.000251,0.000051,0.999699
347,1,0.998701,0.000247,0.001052
348,1,0.998484,0.000162,0.001354
349,0,0.000145,0.000096,0.999759
350,0,0.488135,0.001016,0.510849
351,0,0.000158,0.000056,0.999786
352,0,0.020390,0.000309,0.979300
353,1,0.863180,0.002226,0.134594
354,0,0.000447,0.000106,0.999447
355,0,0.001646,0.000083,0.998272
356,0,0.000848,0.000179,0.998972
357,0,0.004130,0.000206,0.995663
358,0,0.170789,0.000459,0.828752
359,0,0.911734,0.000446,0.087820
360,1,0.995297,0.000350,0.004353
361,0,0.000610,0.000044,0.999346
362,0,0.000272,0.000089,0.999639
363,0,0.248987,0.000311,0.750702
364,0,0.001575,0.000197,0.998228
365,1,0.980632,0.000180,0.019188
366,0,0.000207,0.000080,0.999713
367,1,0.262973,0.715537,0.021490
368,0,0.053550,0.000158,0.946291
369,0,0.012430,0.000076,0.987494
370,0,0.000188,0.000076,0.999735
371,0,0.007723,0.000351,0.991925
372,0,0.000372,0.000064,0.999563
373,1,0.312178,0.001555,0.686266
374,1,0.012558,0.000408,0.987034
375,0,0.000520,0.000079,0.999401
376,1,0.999054,0.000268,0.000678
377,0,0.000533,0.000046,0.999421
378,1,0.155652,0.668902,0.175446
379,1,0.690895,0.106413,0.202692
380,0,0.000521,0.000131,0.999349
381,1,0.954262,0.001590,0.044148
382,0,0.000146,0.000072,0.999782
383,1,0.013165,0.000679,0.986156
384,1,0.858487,0.000419,0.141094
385,1,0.476247,0.000505,0.523248
386,1,0.212502,0.000449,0.787049
387,1,0.003078,0.000082,0.996841
388,0,0.002046,0.000057,0.997897
389,0,0.924021,0.000246,0.075733
390,0,0.995742,0.000365,0.003893
391,0,0.000264,0.000062,0.999673
392,1,0.667652,0.048590,0.283758
393,0,0.519916,0.000376,0.479707
394,0,0.000440,0.000055,0.999504
395,0,0.000310,0.000058,0.999632
396,1,0.766907,0.190629,0.042464
397,0,0.444030,0.000387,0.555583
398,1,0.005611,0.000106,0.994283
399,1,0.000307,0.000066,0.999627
400,1,0.982346,0.000166,0.017488
401,0,0.167567,0.000196,0.832237
402,1,0.286889,0.000957,0.712154
403,1,0.880216,0.000565,0.119219
404,1,0.050630,0.000392,0.948979
405,1,0.992092,0.000140,0.007768
406,1,0.001737,0.000053,0.998210
407,1,0.000265,0.000086,0.999648
408,1,0.030316,0.000167,0.969516
409,0,0.000121,0.000079,0.999800
410,0,0.000387,0.000067,0.999546
411,0,0.000571,0.000048,0.999380
412,1,0.139483,0.000473,0.860043
413,0,0.000745,0.000072,0.999183
414,1,0.997810,0.000965,0.001225
415,0,0.900230,0.000312,0.099458
416,1,0.132111,0.000261,0.867629
417,0,0.000140,0.000070,0.999790
418,0,0.496169,0.489382,0.014449
419,0,0.000288,0.000074,0.999638
420,1,0.001241,0.000411,0.998348
421,1,0.390830,0.583833,0.025337
422,0,0.001071,0.000096,0.998833
423,1,0.149435,0.000237,0.850329
424,1,0.437470,0.000884,0.561646
425,1,0.972942,0.000476,0.026582
426,0,0.000253,0.000074,0.999673
427,1,0.996614,0.000164,0.003222
428,1,0.971437,0.000572,0.027990
429,0,0.000606,0.000091,0.999303
430,1,0.997005,0.000151,0.002843
431,1,0.439604,0.000608,0.559788
432,1,0.926139,0.000812,0.073049
433,0,0.000134,0.000073,0.999793
434,0,0.854527,0.000432,0.145041
435,1,0.995495,0.003350,0.001155
436,1,0.000426,0.000099,0.999474
437,1,0.801676,0.187040,0.011284
438,0,0.000460,0.000061,0.999480
439,0,0.003790,0.000099,0.996111
440,1,0.986898,0.004921,0.008181
441,0,0.617191,0.000472,0.382337
442,1,0.001618,0.000100,0.998282
443,1,0.000491,0.000070,0.999439
444,0,0.003023,0.000109,0.996868
445,1,0.146455,0.000318,0.853227
446,0,0.000129,0.000080,0.999792
447,1,0.997201,0.000244,0.002554
448,0,0.759434,0.001013,0.239553
449,0,0.001098,0.000084,0.998817
450,0,0.002752,0.000070,0.997178
451,0,0.000314,0.000109,0.999576
452,1,0.998997,0.000325,0.000678
453,0,0.004177,0.000088,0.995735
454,0,0.000297,0.000073,0.999630
455,1,0.036171,0.000170,0.963659
456,1,0.141122,0.000387,0.858491
457,1,0.450072,0.002653,0.547275
458,0,0.000161,0.000065,0.999774
459,0,0.168145,0.000394,0.831461
460,1,0.500336,0.000345,0.499319
461,1,0.995185,0.000364,0.004451
462,1,0.998995,0.000257,0.000749
463,1,0.950320,0.000509,0.049171
464,1,0.997899,0.000948,0.001153
465,1,0.923364,0.000484,0.076152
466,1,0.850539,0.000826,0.148635
467,1,0.005889,0.000198,0.993913
468,0,0.000584,0.000086,0.999331
469,0,0.003139,0.000059,0.996801
470,0,0.000278,0.000081,0.999641
471,0,0.000180,0.000056,0.999764
472,1,0.998509,0.000983,0.000508
473,0,0.000227,0.000056,0.999717
474,0,0.004227,0.000081,0.995691
475,0,0.896573,0.000488,0.102939
476,0,0.001014,0.000185,0.998801
477,1,0.993860,0.000323,0.005817
478,0,0.000316,0.000076,0.999608
479,0,0.000243,0.000071,0.999686
480,0,0.000244,0.000120,0.999635
481,0,0.000371,0.000045,0.999584
482,1,0.459669,0.008158,0.532173
483,1,0.996504,0.000330,0.003166
484,0,0.000379,0.000051,0.999571
485,1,0.986130,0.000272,0.013598
486,0,0.000289,0.000052,0.999659
487,0,0.059409,0.000292,0.940299
488,1,0.997321,0.001879,0.000800
489,0,0.000170,0.000129,0.999701
490,0,0.001377,0.000106,0.998517
491,0,0.000137,0.000095,0.999768
492,1,0.440652,0.552398,0.006950
493,0,0.001213,0.001134,0.997653
494,0,0.000124,0.000105,0.999771
495,1,0.000265,0.000085,0.999650
496,1,0.998502,0.000848,0.000650
497,1,0.997061,0.001325,0.001614
498,1,0.998658,0.000202,0.001140
499,0,0.000691,0.000040,0.999269
500,1,0.991421,0.005465,0.003114
501,1,0.715305,0.000381,0.284314
502,1,0.003728,0.000085,0.996187
503,1,0.015469,0.000239,0.984291
504,1,0.991607,0.000218,0.008175
505,1,0.998664,0.000167,0.001168
506,1,0.000530,0.000047,0.999423
507,0,0.008383,0.049090,0.942527
508,0,0.000180,0.000068,0.999752
509,0,0.000142,0.000075,0.999784
510,1,0.672360,0.010593,0.317047
511,1,0.000243,0.000200,0.999556
512,1,0.003619,0.000125,0.996256
513,0,0.000431,0.000076,0.999493
514,1,0.080397,0.545250,0.374353
515,0,0.000527,0.000062,0.999411
516,0,0.000196,0.000058,0.999746
517,1,0.000190,0.000070,0.999739
518,0,0.001387,0.000137,0.998476
519,0,0.000190,0.000101,0.999709
520,1,0.997602,0.001466,0.000931
521,1,0.987897,0.000552,0.011550
522,0,0.005417,0.000057,0.994526
523,1,0.020308,0.000286,0.979406
524,1,0.996613,0.001606,0.001781
525,1,0.035434,0.000297,0.964270
526,0,0.000159,0.000103,0.999737
527,1,0.984051,0.000214,0.015735
528,0,0.017794,0.000176,0.982031
529,1,0.966200,0.000363,0.033438
530,0,0.000122,0.000093,0.999785
531,0,0.001006,0.000108,0.998886
532,0,0.000263,0.000078,0.999659
533,1,0.337164,0.000832,0.662004
534,1,0.998058,0.001017,0.000925
535,1,0.998779,0.000265,0.000956
536,1,0.995425,0.000200,0.004375
537,0,0.000105,0.000109,0.999786
538,0,0.000145,0.000101,0.999754
539,1,0.975130,0.000251,0.024619
540,1,0.998439,0.001209,0.000352
541,1,0.998413,0.000347,0.001241
542,1,0.954957,0.000194,0.044849
543,0,0.003648,0.000204,0.996148
544,0,0.213290,0.000308,0.786402
545,0,0.000754,0.000052,0.999193
546,1,0.963830,0.000880,0.035290
547,1,0.003742,0.000195,0.996063
548,0,0.000148,0.000082,0.999770
549,0,0.000749,0.000216,0.999035
550,0,0.000283,0.000078,0.999639
551,1,0.998146,0.001299,0.000555
552,0,0.008595,0.000601,0.990804
553,0,0.000281,0.000052,0.999667
554,0,0.000153,0.000333,0.999514
555,0,0.997630,0.000188,0.002182
556,0,0.002195,0.000076,0.997729
557,1,0.915086,0.073818,0.011096
558,0,0.000132,0.000105,0.999762
559,0,0.713766,0.001355,0.284880
560,1,0.432173,0.055719,0.512108
561,1,0.987972,0.000929,0.011098
562,1,0.016080,0.000270,0.983651
563,1,0.000655,0.000367,0.998978
564,0,0.000223,0.000102,0.999674
565,1,0.038414,0.000920,0.960666
566,1,0.000696,0.000076,0.999228
567,1,0.003212,0.000114,0.996674
568,0,0.000166,0.000066,0.999768
569,1,0.069791,0.626491,0.303719
570,1,0.985832,0.000539,0.013629
571,1,0.038163,0.053722,0.908115
572,1,0.998898,0.000653,0.000449
573,1,0.997166,0.000181,0.002653
574,0,0.002730,0.000045,0.997225
575,0,0.020932,0.000161,0.978907
576,0,0.000414,0.000045,0.999541
577,1,0.988244,0.000305,0.011451
578,1,0.994456,0.000521,0.005022
579,1,0.917238,0.000957,0.081805
580,1,0.995661,0.000179,0.004160
581,1,0.997235,0.002353,0.000412
582,1,0.998129,0.000939,0.000931
583,0,0.000450,0.000054,0.999496
584,1,0.995911,0.000163,0.003927
585,0,0.000417,0.000622,0.998961
586,0,0.000294,0.000053,0.999653
587,0,0.000232,0.000068,0.999700
588,0,0.000205,0.000293,0.999502
589,0,0.001175,0.000071,0.998754
590,1,0.998784,0.000667,0.000548
591,0,0.000912,0.000088,0.999000
592,0,0.000148,0.000080,0.999772
593,0,0.002044,0.000065,0.997890
594,0,0.000184,0.000066,0.999750
595,1,0.770195,0.000491,0.229314
596,0,0.146508,0.001051,0.852442
597,0,0.001941,0.001130,0.996928
598,1,0.917214,0.000452,0.082334
599,0,0.332135,0.000384,0.667481
600,0,0.000445,0.000090,0.999466
601,0,0.000132,0.000085,0.999783
602,1,0.998249,0.001029,0.000721
603,0,0.000448,0.000065,0.999488
604,0,0.000765,0.000102,0.999133
605,1,0.995590,0.000198,0.004212
606,1,0.554909,0.000395,0.444696
607,1,0.986608,0.000256,0.013136
608,1,0.996337,0.000392,0.003271
609,0,0.022867,0.000110,0.977023
610,0,0.000214,0.000169,0.999618
611,0,0.000185,0.000068,0.999747
612,0,0.976835,0.000629,0.022537
613,0,0.001118,0.000066,0.998817
614,1,0.000577,0.000075,0.999348
615,1,0.818203,0.000667,0.181130
616,1,0.587123,0.003216,0.409661
617,0,0.000384,0.000076,0.999540
618,1,0.637982,0.298992,0.063026
619,0,0.001362,0.000045,0.998594
620,0,0.000119,0.000127,0.999754
621,1,0.997027,0.002523,0.000450
622,1,0.724908,0.001072,0.274020
623,0,0.000265,0.000085,0.999650
624,0,0.274127,0.000247,0.725627
625,1,0.974716,0.000232,0.025052
626,0,0.901920,0.000304,0.097776
627,1,0.687355,0.265864,0.046782
628,0,0.000765,0.000189,0.999046
629,0,0.405787,0.000878,0.593335
630,0,0.001993,0.000052,0.997955
631,1,0.998977,0.000547,0.000475
632,1,0.928496,0.038189,0.033315
633,1,0.051979,0.000177,0.947844
634,0,0.001846,0.000113,0.998041
635,0,0.000134,0.000070,0.999797
636,1,0.000631,0.000076,0.999292
637,0,0.000663,0.000043,0.999294
638,1,0.051157,0.000310,0.948532
639,1,0.002410,0.000091,0.997500
640,0,0.000722,0.000103,0.999175
641,1,0.005698,0.000108,0.994195
642,0,0.000141,0.000093,0.999766
643,0,0.000263,0.000091,0.999645
644,1,0.999065,0.000324,0.000611
645,1,0.126497,0.000345,0.873158
646,1,0.995277,0.000171,0.004553
647,0,0.001117,0.000069,0.998815
648,1,0.742943,0.097353,0.159704
649,0,0.000361,0.000237,0.999402
650,0,0.972426,0.000276,0.027298
651,1,0.932065,0.000452,0.067483
652,0,0.000213,0.000048,0.999739
653,1,0.997344,0.001018,0.001639
654,0,0.000211,0.000516,0.999272
655,1,0.002229,0.000299,0.997472
656,1,0.992434,0.001141,0.006425
657,0,0.820961,0.000279,0.178760
658,0,0.000337,0.000062,0.999601
659,1,0.501100,0.001017,0.497883
660,1,0.000270,0.000082,0.999648
661,1,0.630703,0.001699,0.367598
662,1,0.997518,0.000226,0.002256
663,1,0.992137,0.000364,0.007500
664,1,0.978074,0.000658,0.021267
665,0,0.075504,0.000423,0.924073
666,0,0.000483,0.000041,0.999476
667,0,0.000393,0.000083,0.999524
668,0,0.000213,0.000055,0.999732
669,0,0.000480,0.000074,0.999446
670,1,0.998033,0.001288,0.000679
671,0,0.051595,0.000277,0.948128
672,1,0.111146,0.000191,0.888663
673,1,0.974966,0.000300,0.024735
674,0,0.190157,0.000308,0.809535
675,1,0.940203,0.000249,0.059548
676,0,0.020027,0.000100,0.979873
677,1,0.000326,0.000076,0.999598
678,0,0.000124,0.000141,0.999736
679,1,0.928692,0.000290,0.071019
680,1,0.998568,0.000332,0.001100
681,1,0.070868,0.000170,0.928962
682,1,0.998258,0.000834,0.000908
683,1,0.998506,0.001084,0.000410
684,1,0.752855,0.238199,0.008946
685,0,0.006748,0.000070,0.993182
686,0,0.089813,0.000323,0.909864
687,0,0.000117,0.000130,0.999752
688,1,0.907057,0.024760,0.068183
689,0,0.001155,0.000081,0.998764
690,1,0.004224,0.000378,0.995399
691,1,0.913336,0.001527,0.085137
692,0,0.000150,0.000072,0.999778
693,1,0.988992,0.000338,0.010670
694,1,0.997745,0.000241,0.002014
695,1,0.988958,0.000234,0.010808
696,0,0.000256,0.000101,0.999642
697,1,0.997750,0.001965,0.000285
698,0,0.001851,0.000121,0.998028
699,0,0.000448,0.000057,0.999495
700,0,0.000890,0.000052,0.999058
701,0,0.000338,0.000081,0.999582
702,0,0.000214,0.000052,0.999734
703,0,0.000173,0.000099,0.999728
704,1,0.008154,0.749797,0.242050
705,1,0.998195,0.000818,0.000987
706,1,0.314325,0.650645,0.035030
707,1,0.142650,0.023272,0.834079
708,0,0.000102,0.000161,0.999736
709,1,0.990189,0.000196,0.009615
710,1,0.993487,0.000450,0.006064
711,0,0.000242,0.000046,0.999713
712,1,0.004692,0.000147,0.995161
713,1,0.860359,0.000400,0.139241
714,0,0.002775,0.000093,0.997133
715,1,0.741439,0.083875,0.174686
716,0,0.000145,0.000106,0.999749
717,1,0.919873,0.076035,0.004092
718,1,0.008319,0.104157,0.887524
719,1,0.036345,0.330295,0.633359
720,1,0.034583,0.367112,0.598305
721,0,0.997146,0.000222,0.002632
722,1,0.042096,0.824573,0.133330
723,0,0.062371,0.000178,0.937451
724,1,0.100861,0.854287,0.044853
725,1,0.834953,0.000646,0.164401
726,0,0.000343,0.000067,0.999590
727,1,0.791944,0.005601,0.202455
728,1,0.005316,0.000097,0.994587
729,1,0.992153,0.000293,0.007554
730,0,0.802518,0.000343,0.197140
731,1,0.956574,0.000339,0.043086
732,1,0.000361,0.000092,0.999547
733,1,0.563235,0.000707,0.436058
734,0,0.000188,0.003784,0.996027
735,0,0.000136,0.000099,0.999765
736,1,0.997073,0.001034,0.001892
737,0,0.000220,0.000070,0.999709
738,1,0.161388,0.651670,0.186942
739,1,0.920384,0.000611,0.079005
740,1,0.001269,0.000091,0.998641
741,0,0.000226,0.000095,0.999680
742,0,0.015441,0.000142,0.984417
743,0,0.000250,0.000055,0.999696
744,1,0.998057,0.000295,0.001648
745,0,0.001899,0.000055,0.998046
746,0,0.000186,0.000058,0.999756
747,0,0.000175,0.000074,0.999750
748,0,0.000159,0.000087,0.999755
749,0,0.001091,0.000087,0.998822
750,0,0.000281,0.000327,0.999392
751,1,0.223450,0.756238,0.020312
752,0,0.847991,0.000576,0.151432
753,1,0.994215,0.000760,0.005025
754,0,0.117696,0.000243,0.882061
755,0,0.000868,0.000055,0.999077
756,0,0.988530,0.000314,0.011156
757,0,0.093822,0.000296,0.905882
758,1,0.000187,0.000064,0.999749
759,1,0.998631,0.000333,0.001036
760,1,0.998679,0.000827,0.000494
761,0,0.021597,0.000255,0.978149
762,1,0.943296,0.030785,0.025919
763,1,0.999177,0.000399,0.000423
764,0,0.009835,0.001662,0.988504
765,1,0.999107,0.000467,0.000426
766,1,0.844313,0.137747,0.017940
767,1,0.003755,0.000109,0.996137
768,1,0.991941,0.005371,0.002689
769,0,0.000146,0.000062,0.999793
770,1,0.124393,0.001368,0.874239
771,0,0.000138,0.000088,0.999774
772,0,0.000143,0.000082,0.999775
773,1,0.912147,0.001093,0.086760
774,0,0.001196,0.000070,0.998734
775,1,0.126198,0.000482,0.873320
776,1,0.001443,0.000260,0.998297
777,1,0.061565,0.000201,0.938234
778,1,0.232206,0.000258,0.767536
779,1,0.069304,0.000274,0.930421
780,0,0.996705,0.000316,0.002979
781,1,0.046853,0.789311,0.163836
782,0,0.000152,0.000058,0.999790
783,1,0.998088,0.000380,0.001533
784,1,0.999106,0.000494,0.000399
785,0,0.000175,0.000076,0.999749
786,1,0.736933,0.003657,0.259410
787,0,0.475449,0.000500,0.524051
788,0,0.000780,0.000046,0.999174
789,0,0.000235,0.000054,0.999710
790,0,0.168423,0.000282,0.831295
791,1,0.134513,0.019015,0.846472
792,0,0.000192,0.000053,0.999756
793,1,0.285940,0.504557,0.209503
794,0,0.000150,0.000090,0.999760
795,0,0.022082,0.000125,0.977793
796,1,0.988160,0.000427,0.011413
797,0,0.023939,0.000132,0.975929
798,0,0.004144,0.000085,0.995771
799,0,0.005309,0.000158,0.994533
800,0,0.003014,0.000113,0.996873
801,0,0.000131,0.000216,0.999652
802,1,0.912056,0.000874,0.087070
803,1,0.000138,0.000137,0.999726
804,0,0.057278,0.000214,0.942508
805,1,0.525182,0.463270,0.011548
806,1,0.878677,0.000440,0.120883
807,0,0.002563,0.000061,0.997375
808,1,0.998845,0.000190,0.000965
809,0,0.000121,0.000084,0.999795
810,1,0.985189,0.000313,0.014498
811,0,0.003887,0.000147,0.995966
812,0,0.000243,0.000195,0.999562
813,0,0.251804,0.000321,0.747875
814,1,0.105085,0.781560,0.113354
815,0,0.000242,0.000066,0.999692
816,1,0.986260,0.000276,0.013464
817,1,0.309508,0.001577,0.688915
818,1,0.205838,0.002378,0.791784
819,0,0.124069,0.000259,0.875672
820,1,0.994946,0.003480,0.001574
821,0,0.000408,0.000075,0.999517
822,1,0.269985,0.717217,0.012798
823,1,0.977835,0.000322,0.021843
824,0,0.000143,0.000056,0.999801
825,0,0.004946,0.000104,0.994951
826,0,0.000142,0.000093,0.999765
827,1,0.974370,0.000392,0.025238
828,0,0.004753,0.000053,0.995193
829,1,0.992764,0.000369,0.006867
830,1,0.827507,0.000241,0.172252
831,1,0.004729,0.000084,0.995187
832,0,0.001284,0.000051,0.998665
833,0,0.000374,0.000078,0.999547
834,0,0.000297,0.000075,0.999628
835,1,0.009490,0.000117,0.990393
836,1,0.995755,0.000135,0.004110
837,0,0.071979,0.000193,0.927828
838,0,0.788215,0.000409,0.211377
839,1,0.000487,0.000075,0.999438
840,0,0.000362,0.000065,0.999573
841,0,0.299774,0.000373,0.699854
842,1,0.025613,0.000162,0.974225
843,1,0.986645,0.000177,0.013179
844,0,0.000882,0.000056,0.999062
845,1,0.994222,0.002433,0.003345
846,0,0.002119,0.000131,0.997750
847,1,0.974611,0.021624,0.003765
848,1,0.351275,0.000450,0.648275
849,0,0.007031,0.000087,0.992882
850,0,0.001403,0.000071,0.998526
851,1,0.997837,0.000159,0.002005
852,1,0.997988,0.000901,0.001111
853,0,0.844569,0.000360,0.155072
854,1,0.995752,0.000301,0.003947
855,0,0.912717,0.000436,0.086848
856,0,0.000320,0.000066,0.999613
857,1,0.012193,0.000282,0.987525
858,1,0.971414,0.000218,0.028368
859,0,0.008759,0.000068,0.991173
860,1,0.564020,0.252972,0.183008
861,1,0.011933,0.000464,0.987603
862,1,0.459341,0.001265,0.539395
863,0,0.000934,0.000062,0.999004
864,1,0.984601,0.004870,0.010529
865,1,0.995289,0.000144,0.004567
866,0,0.016114,0.000157,0.983730
867,0,0.000225,0.000081,0.999694
868,1,0.080964,0.004461,0.914575
869,1,0.867952,0.000533,0.131515
870,0,0.000145,0.000075,0.999780
871,1,0.985160,0.000276,0.014564
872,1,0.998845,0.000193,0.000962
873,0,0.000251,0.000049,0.999700
874,0,0.033601,0.000220,0.966178
875,0,0.009038,0.000187,0.990775
876,0,0.000188,0.000088,0.999724
877,0,0.000501,0.000107,0.999393
878,0,0.000173,0.000094,0.999732
879,1,0.005905,0.000141,0.993955
880,0,0.000140,0.000069,0.999791
881,1,0.998504,0.000912,0.000584
882,1,0.911500,0.009541,0.078958
883,0,0.000115,0.000134,0.999750
884,1,0.980102,0.000344,0.019553
885,1,0.523641,0.000321,0.476038
886,0,0.000159,0.000085,0.999756
887,1,0.977722,0.000181,0.022098
888,1,0.107659,0.000533,0.891809
889,0,0.000702,0.000173,0.999125
890,1,0.995730,0.001591,0.002679
891,1,0.847790,0.002208,0.150002
892,0,0.000222,0.000048,0.999731
893,1,0.006879,0.000109,0.993012
894,1,0.054157,0.002193,0.943650
895,1,0.985930,0.007452,0.006618
896,1,0.998157,0.000317,0.001526
897,0,0.016563,0.000093,0.983344
898,0,0.000234,0.000066,0.999699
899,0,0.001384,0.000049,0.998567
900,0,0.000223,0.000130,0.999646
901,0,0.000759,0.000079,0.999163
902,1,0.992250,0.000232,0.007518
903,1,0.009600,0.132788,0.857612
904,1,0.660072,0.105137,0.234791
905,1,0.078838,0.003676,0.917486
906,1,0.987850,0.000403,0.011746
907,0,0.021751,0.000171,0.978078
908,1,0.027890,0.000291,0.971819
909,0,0.002621,0.000065,0.997314
910,0,0.000364,0.000060,0.999577
911,1,0.982837,0.011319,0.005844
912,1,0.998414,0.000534,0.001052
913,0,0.972971,0.000225,0.026804
914,1,0.004170,0.001550,0.994280
915,1,0.982477,0.003902,0.013621
916,1,0.995680,0.000395,0.003925
917,0,0.000185,0.000069,0.999747
918,1,0.104221,0.000754,0.895025
919,0,0.005843,0.000075,0.994082
920,1,0.459192,0.000408,0.540400
921,0,0.000355,0.000101,0.999544
922,1,0.139343,0.112925,0.747732
923,0,0.000183,0.000276,0.999541
924,0,0.000260,0.000130,0.999610
925,0,0.000335,0.000064,0.999601
926,0,0.000342,0.000135,0.999523
927,1,0.825742,0.000865,0.173393
928,1,0.070661,0.866275,0.063065
929,0,0.000191,0.000075,0.999734
930,0,0.058443,0.000287,0.941270
931,1,0.997004,0.000395,0.002600
932,0,0.696756,0.000428,0.302817
933,1,0.991174,0.000302,0.008524
934,0,0.852987,0.000362,0.146651
935,1,0.293128,0.641950,0.064922
936,0,0.001199,0.000044,0.998757
937,0,0.010853,0.000080,0.989068
938,1,0.752994,0.029146,0.217860
939,1,0.033459,0.008946,0.957595
940,0,0.034946,0.000140,0.964914
941,0,0.000974,0.000101,0.998925
942,0,0.000540,0.000054,0.999406
943,1,0.735349,0.002068,0.262583
944,1,0.095220,0.356521,0.548258
945,0,0.983250,0.000724,0.016027
946,1,0.994870,0.000890,0.004240
947,1,0.991012,0.000309,0.008679
948,0,0.000199,0.000116,0.999685
949,0,0.005606,0.000048,0.994346
950,0,0.634312,0.000571,0.365116
951,1,0.348935,0.000344,0.650721
952,1,0.979186,0.018257,0.002557
953,0,0.000168,0.000058,0.999774
954,1,0.944982,0.006156,0.048862
955,1,0.002004,0.000355,0.997641
956,0,0.000812,0.000245,0.998944
957,0,0.006497,0.000113,0.993390
958,1,0.605359,0.018075,0.376566
959,0,0.000099,0.000096,0.999805
960,0,0.000340,0.000048,0.999612
961,1,0.034126,0.001127,0.964746
962,0,0.014168,0.000092,0.985740
963,0,0.150396,0.000248,0.849355
964,1,0.955447,0.000546,0.044008
965,0,0.000242,0.000062,0.999696
966,1,0.796426,0.000300,0.203274
967,1,0.000737,0.000073,0.999190
968,1,0.996915,0.002732,0.000353
969,1,0.443363,0.005982,0.550655
970,1,0.033080,0.000309,0.966610
971,1,0.748848,0.000853,0.250299
972,1,0.136762,0.000377,0.862861
973,0,0.000139,0.000069,0.999792
974,0,0.000244,0.000580,0.999176
975,0,0.000223,0.001175,0.998602
976,0,0.000314,0.000055,0.999631
977,1,0.547207,0.010950,0.441843
978,1,0.029065,0.013818,0.957117
979,0,0.000358,0.000052,0.999590
980,1,0.042674,0.107108,0.850218
981,1,0.998961,0.000486,0.000552
982,0,0.001759,0.000101,0.998140
983,0,0.000370,0.000080,0.999550
984,1,0.963674,0.000236,0.036089
985,1,0.998576,0.000456,0.000968
986,1,0.996054,0.000176,0.003770
987,1,0.000244,0.000239,0.999518
988,0,0.001537,0.000324,0.998140
989,1,0.042962,0.000345,0.956693
990,0,0.002112,0.000134,0.997754
991,1,0.988981,0.000233,0.010787
992,1,0.000752,0.000111,0.999136
993,1,0.682996,0.301911,0.015093
994,0,0.017600,0.000117,0.982282
995,0,0.949748,0.000391,0.049861
996,1,0.998938,0.000558,0.000504
997,0,0.148441,0.000293,0.851266
998,1,0.995582,0.000187,0.004231
999,1,0.002871,0.000078,0.997051
1000,1,0.002557,0.000093,0.997350
1001,0,0.000280,0.000149,0.999571
1002,0,0.001004,0.000065,0.998931
1003,0,0.000195,0.000100,0.999705
1004,1,0.026337,0.000653,0.973010
1005,1,0.011870,0.000308,0.987822
1006,1,0.999186,0.000364,0.000450
1007,0,0.000156,0.000087,0.999757
1008,1,0.958876,0.000993,0.040130
1009,1,0.999038,0.000381,0.000581
1010,0,0.000158,0.000056,0.999786
1011,1,0.882848,0.058057,0.059095
1012,0,0.002292,0.000107,0.997601
1013,1,0.998457,0.001259,0.000284
1014,1,0.998967,0.000613,0.000420
1015,0,0.000138,0.000069,0.999793
1016,0,0.003062,0.000053,0.996884
1017,0,0.108370,0.000200,0.891431
1018,1,0.999007,0.000511,0.000482
1019,1,0.779805,0.202826,0.017369
1020,1,0.008677,0.000075,0.991248
1021,0,0.979888,0.000356,0.019756
1022,1,0.521439,0.000522,0.478039
1023,0,0.000422,0.000072,0.999506
1024,1,0.016507,0.000103,0.983390
1025,1,0.998535,0.000830,0.000635
1026,1,0.996848,0.000186,0.002966
1027,0,0.000754,0.000073,0.999173
1028,0,0.000148,0.000091,0.999761
1029,1,0.742092,0.000564,0.257344
1030,1,0.568780,0.420520,0.010699
1031,1,0.996120,0.000216,0.003664
1032,1,0.995137,0.000202,0.004661
1033,1,0.989954,0.000707,0.009339
1034,0,0.001517,0.000271,0.998212
1035,1,0.998652,0.000866,0.000482
1036,0,0.063202,0.000255,0.936543
1037,0,0.000453,0.000059,0.999488
1038,1,0.341267,0.001682,0.657050
1039,1,0.154130,0.000466,0.845404
1040,0,0.000146,0.000099,0.999754
1041,1,0.000122,0.000086,0.999792
1042,0,0.001303,0.000580,0.998117
1043,0,0.006206,0.000191,0.993603
1044,0,0.000701,0.000065,0.999234
1045,0,0.521079,0.000537,0.478384
1046,1,0.969711,0.000165,0.030124
1047,0,0.000310,0.000085,0.999605
1048,0,0.010042,0.000135,0.989823
1049,0,0.000361,0.000080,0.999559
1050,0,0.509776,0.000453,0.489771
1051,1,0.996303,0.001947,0.001750
1052,1,0.615075,0.108257,0.276668
1053,0,0.986815,0.000175,0.013010
1054,1,0.992726,0.004356,0.002918
1055,1,0.015100,0.000179,0.984721
1056,1,0.998771,0.000780,0.000449
1057,0,0.010066,0.000081,0.989852
1058,0,0.875341,0.000258,0.124401
1059,0,0.029288,0.000131,0.970581
1060,1,0.117953,0.001911,0.880136
1061,1,0.997829,0.000208,0.001963
1062,1,0.998251,0.000236,0.001513
1063,1,0.104883,0.179243,0.715873
1064,1,0.998626,0.000437,0.000937
1065,1,0.994241,0.000539,0.005220
1066,0,0.000263,0.000061,0.999677
1067,1,0.072607,0.664798,0.262595
1068,0,0.001304,0.000050,0.998646
1069,1,0.998061,0.000198,0.001741
1070,1,0.998473,0.000404,0.001124
1071,1,0.067074,0.000198,0.932728
1072,0,0.003357,0.000488,0.996155
1073,0,0.156961,0.000165,0.842874
1074,0,0.000213,0.000060,0.999727
1075,0,0.000509,0.000124,0.999367
1076,0,0.000148,0.000107,0.999745
1077,1,0.470459,0.158768,0.370773
1078,1,0.000931,0.000062,0.999007
1079,0,0.000242,0.000081,0.999678
1080,0,0.147280,0.000282,0.852438
1081,1,0.661070,0.321749,0.017180
1082,0,0.000174,0.000083,0.999744
1083,1,0.983589,0.000351,0.016061
1084,0,0.000925,0.000182,0.998893
1085,1,0.030307,0.000216,0.969477
1086,1,0.690032,0.002236,0.307732
1087,1,0.987780,0.000473,0.011747
1088,1,0.990785,0.005272,0.003943
1089,1,0.115897,0.000395,0.883708
1090,1,0.861062,0.001199,0.137739
1091,0,0.000159,0.000060,0.999781
1092,0,0.000287,0.000054,0.999659
1093,0,0.000139,0.000090,0.999771
1094,1,0.997180,0.002317,0.000502
1095,0,0.000150,0.000108,0.999741
1096,0,0.002186,0.000040,0.997775
1097,1,0.270716,0.001124,0.728160
1098,1,0.242683,0.002708,0.754610
1099,0,0.705179,0.000266,0.294555
1100,1,0.989062,0.000304,0.010634
1101,0,0.006666,0.000132,0.993203
1102,1,0.998877,0.000599,0.000524
1103,0,0.007349,0.000612,0.992039
1104,1,0.986699,0.000145,0.013156
1105,0,0.000870,0.000052,0.999078
1106,0,0.004853,0.000096,0.995051
1107,0,0.000304,0.000046,0.999650
1108,0,0.001267,0.000052,0.998681
1109,1,0.323659,0.665319,0.011022
1110,1,0.997309,0.001066,0.001625
1111,1,0.940838,0.000395,0.058767
1112,1,0.482741,0.440962,0.076297
1113,1,0.997211,0.000167,0.002622
1114,0,0.937254,0.000198,0.062549
1115,1,0.966101,0.000367,0.033532
1116,0,0.001044,0.000066,0.998890
1117,0,0.000651,0.000055,0.999294
1118,0,0.000147,0.000068,0.999784
1119,1,0.062066,0.875693,0.062241
1120,1,0.002323,0.000213,0.997464
1121,0,0.000160,0.000078,0.999761
1122,0,0.000617,0.000098,0.999285
1123,1,0.000553,0.000213,0.999234
1124,1,0.484580,0.186245,0.329175
1125,1,0.996801,0.000231,0.002968
1126,0,0.000123,0.000085,0.999792
1127,0,0.000373,0.000076,0.999550
1128,0,0.000120,0.000101,0.999778
1129,0,0.002897,0.000061,0.997042
1130,0,0.000461,0.000048,0.999491
1131,0,0.000136,0.000083,0.999782
1132,0,0.000175,0.000069,0.999755
1133,1,0.312095,0.426176,0.261729
1134,0,0.002859,0.000148,0.996993
1135,0,0.120601,0.000285,0.879115
1136,0,0.171995,0.000605,0.827399
1137,0,0.000219,0.000050,0.999731
1138,0,0.000945,0.000049,0.999006
1139,1,0.994956,0.000337,0.004706
1140,1,0.236281,0.721263,0.042456
1141,0,0.000202,0.000056,0.999741
1142,1,0.515453,0.477988,0.006559
1143,0,0.001097,0.000292,0.998611
1144,0,0.011077,0.000155,0.988768
1145,1,0.148406,0.000644,0.850950
1146,1,0.974596,0.016635,0.008769
1147,0,0.000124,0.000087,0.999789
1148,0,0.000231,0.000056,0.999712
1149,1,0.998487,0.000221,0.001292
1150,1,0.684392,0.033718,0.281889
1151,0,0.679317,0.000644,0.320039
1152,1,0.998574,0.000565,0.000862
1153,0,0.002197,0.000079,0.997724
1154,1,0.998212,0.000241,0.001547
1155,0,0.056023,0.000378,0.943600
1156,1,0.143128,0.000279,0.856593
1157,0,0.000470,0.000046,0.999484
1158,1,0.073684,0.000172,0.926145
1159,0,0.000447,0.000102,0.999452
1160,1,0.989805,0.000276,0.009920
1161,1,0.009227,0.000092,0.990681
1162,1,0.002188,0.000066,0.997746
1163,1,0.688965,0.000465,0.310569
1164,1,0.999060,0.000545,0.000395
1165,0,0.000403,0.000055,0.999542
1166,0,0.000104,0.000081,0.999815
1167,1,0.005325,0.000143,0.994531
1168,0,0.000418,0.000301,0.999282
1169,0,0.000198,0.000064,0.999738
1170,1,0.891147,0.000274,0.108580
1171,0,0.000145,0.000121,0.999734
1172,1,0.516736,0.000373,0.482892
1173,1,0.992487,0.000955,0.006557
1174,1,0.728518,0.002034,0.269449
1175,1,0.334759,0.000615,0.664625
1176,0,0.446286,0.000414,0.553300
1177,1,0.583506,0.000441,0.416053
1178,0,0.009367,0.000203,0.990430
1179,0,0.000336,0.000083,0.999581
1180,1,0.988289,0.000855,0.010856
1181,1,0.993762,0.000711,0.005526
1182,1,0.998506,0.000163,0.001330
1183,0,0.000114,0.000107,0.999779
1184,1,0.702529,0.000847,0.296624
1185,0,0.000123,0.000074,0.999803
1186,0,0.000751,0.000199,0.999049
1187,0,0.001023,0.000143,0.998834
1188,0,0.000170,0.000126,0.999703
1189,1,0.998420,0.001275,0.000305
1190,1,0.993919,0.000902,0.005178
1191,1,0.983842,0.000324,0.015834
1192,0,0.008150,0.000092,0.991757
1193,1,0.998702,0.000177,0.001121
1194,0,0.000116,0.000081,0.999803
1195,0,0.008210,0.000081,0.991709
1196,1,0.989117,0.000204,0.010679
1197,1,0.994650,0.000266,0.005084
1198,1,0.998205,0.000330,0.001465
1199,1,0.506347,0.000470,0.493183
1200,0,0.000176,0.000075,0.999749
1201,1,0.222560,0.001108,0.776332
1202,0,0.000136,0.000069,0.999795
1203,0,0.000361,0.000089,0.999551
1204,0,0.000148,0.000080,0.999772
1205,1,0.126731,0.001656,0.871614
1206,0,0.014242,0.000166,0.985592
1207,0,0.057066,0.000235,0.942699
1208,0,0.008122,0.000069,0.991809
1209,0,0.018905,0.000111,0.980984
1210,1,0.026945,0.000329,0.972726
1211,1,0.993792,0.000181,0.006027
1212,1,0.002455,0.000088,0.997457
1213,1,0.528242,0.000962,0.470796
1214,1,0.095814,0.001585,0.902601
1215,1,0.988592,0.000280,0.011128
1216,1,0.998194,0.000181,0.001625
1217,1,0.998076,0.001335,0.000589
1218,1,0.029890,0.000322,0.969788
1219,1,0.882275,0.000276,0.117449
1220,1,0.982320,0.006922,0.010758
1221,0,0.003321,0.000081,0.996598
1222,0,0.000220,0.000068,0.999712
1223,1,0.963453,0.000681,0.035866
1224,1,0.084848,0.000540,0.914612
1225,1,0.000371,0.000094,0.999535
1226,1,0.004733,0.000112,0.995155
1227,1,0.000284,0.000058,0.999658
1228,0,0.023424,0.000162,0.976415
1229,0,0.000177,0.000086,0.999737
1230,1,0.996830,0.001391,0.001779
1231,1,0.657753,0.293711,0.048536
1232,0,0.000197,0.000389,0.999414
1233,1,0.780816,0.000720,0.218464
1234,0,0.009162,0.000078,0.990760
1235,0,0.001390,0.000056,0.998554
1236,0,0.000184,0.000141,0.999676
1237,0,0.001666,0.000083,0.998250
1238,0,0.000667,0.000049,0.999284
1239,0,0.000284,0.000117,0.999599
1240,0,0.010809,0.000143,0.989048
1241,0,0.000142,0.000068,0.999789
1242,1,0.996903,0.000227,0.002870
1243,0,0.974320,0.000243,0.025437
1244,1,0.996436,0.000218,0.003346
1245,0,0.006948,0.000063,0.992989
1246,0,0.000128,0.000089,0.999783
1247,0,0.094682,0.000185,0.905133
1248,1,0.963721,0.007823,0.028457
1249,0,0.000701,0.000041,0.999258
1250,0,0.000104,0.000145,0.999751
1251,1,0.993833,0.000221,0.005946
1252,0,0.002262,0.000103,0.997636
1253,1,0.779534,0.000363,0.220102
1254,1,0.997287,0.001650,0.001063
1255,1,0.019662,0.000446,0.979891
1256,1,0.000893,0.000150,0.998957
1257,0,0.029905,0.000254,0.969842
1258,0,0.000339,0.000047,0.999614
1259,0,0.002311,0.000161,0.997528
1260,1,0.995876,0.003520,0.000604
1261,1,0.047594,0.000819,0.951587
1262,0,0.000249,0.000127,0.999624
1263,1,0.928434,0.000530,0.071036
1264,1,0.020997,0.000130,0.978873
1265,0,0.002049,0.000061,0.997890
1266,0,0.001492,0.000134,0.998374
1267,1,0.269746,0.001093,0.729161
1268,1,0.000239,0.000080,0.999681
1269,1,0.082261,0.000255,0.917484
1270,0,0.001257,0.000074,0.998669
1271,0,0.000522,0.000104,0.999373
1272,0,0.000398,0.000048,0.999553
1273,1,0.996001,0.003150,0.000848
1274,1,0.970619,0.000848,0.028533
1275,0,0.000109,0.000128,0.999763
1276,0,0.000513,0.000161,0.999326
1277,1,0.991050,0.000600,0.008349
1278,1,0.511842,0.482668,0.005489
1279,1,0.777147,0.000576,0.222277
1280,0,0.178198,0.000728,0.821074
1281,0,0.001861,0.000053,0.998087
1282,1,0.128322,0.000213,0.871465
1283,1,0.294481,0.000850,0.704669
1284,0,0.000125,0.000084,0.999791
1285,0,0.000746,0.000100,0.999154
1286,1,0.002128,0.000114,0.997758
1287,0,0.000680,0.000636,0.998684
1288,1,0.112067,0.782042,0.105891
1289,0,0.000343,0.000083,0.999574
1290,0,0.000134,0.000209,0.999657
1291,1,0.988276,0.000599,0.011126
1292,1,0.487817,0.326258,0.185924
1293,1,0.050392,0.000922,0.948687
1294,0,0.000746,0.000068,0.999186
1295,1,0.998614,0.000234,0.001152
1296,1,0.994188,0.001893,0.003918
1297,1,0.519301,0.262197,0.218502
1298,1,0.997521,0.001133,0.001347
1299,1,0.993809,0.000517,0.005674
1300,1,0.773691,0.000274,0.226036
1301,0,0.000160,0.000096,0.999744
1302,1,0.989907,0.000328,0.009765
1303,1,0.926747,0.000249,0.073004
1304,1,0.840794,0.001758,0.157448
1305,0,0.000165,0.000076,0.999760
1306,1,0.994148,0.004505,0.001347
1307,1,0.980703,0.000214,0.019083
1308,1,0.998626,0.000556,0.000818
1309,1,0.998451,0.000860,0.000690
1310,0,0.688792,0.000473,0.310735
1311,1,0.505765,0.014379,0.479856
1312,1,0.000378,0.002089,0.997533
1313,1,0.640836,0.001116,0.358047
1314,1,0.402503,0.001421,0.596076
1315,1,0.744220,0.193479,0.062301
1316,1,0.828387,0.007179,0.164434
1317,1,0.897052,0.000470,0.102478
1318,0,0.000339,0.000068,0.999593
1319,0,0.001058,0.000059,0.998883
1320,1,0.986134,0.000170,0.013696
1321,0,0.000319,0.000067,0.999614
1322,0,0.011684,0.000168,0.988149
1323,1,0.886328,0.031267,0.082405
1324,0,0.000346,0.000047,0.999608
1325,0,0.001346,0.000049,0.998605
1326,0,0.003931,0.000142,0.995926
1327,0,0.197699,0.000223,0.802078
1328,1,0.980717,0.001804,0.017480
1329,1,0.002534,0.000057,0.997409
1330,1,0.000956,0.000145,0.998899
1331,0,0.004670,0.000103,0.995227
1332,1,0.003099,0.000109,0.996792
1333,0,0.054569,0.000701,0.944730
1334,0,0.000596,0.000063,0.999342
1335,0,0.000138,0.000083,0.999779
1336,1,0.922883,0.000220,0.076897
1337,1,0.017889,0.000287,0.981824
1338,0,0.130755,0.000258,0.868986
1339,0,0.000314,0.000082,0.999604
1340,1,0.997643,0.000641,0.001716
1341,0,0.750957,0.151207,0.097836
1342,1,0.015965,0.198868,0.785167
1343,0,0.000496,0.000071,0.999433
1344,1,0.023525,0.000148,0.976327
1345,1,0.008528,0.000235,0.991237
1346,1,0.339931,0.000282,0.659786
1347,1,0.000886,0.000145,0.998970
1348,1,0.989370,0.008233,0.002397
1349,1,0.986012,0.000849,0.013139
1350,1,0.003305,0.000103,0.996592
1351,0,0.004761,0.000093,0.995145
1352,0,0.000184,0.000083,0.999733
1353,1,0.909020,0.001346,0.089634
1354,1,0.996277,0.000193,0.003531
1355,1,0.013570,0.000181,0.986249
1356,1,0.870099,0.001131,0.128769
1357,1,0.003705,0.000072,0.996223
1358,0,0.003059,0.000069,0.996871
1359,0,0.000135,0.000080,0.999785
1360,1,0.962844,0.000376,0.036780
1361,1,0.933231,0.000711,0.066057
1362,1,0.976264,0.000373,0.023363
1363,1,0.997658,0.000288,0.002054
1364,1,0.000282,0.000060,0.999659
1365,0,0.000167,0.000065,0.999768
1366,1,0.985806,0.000302,0.013892
1367,1,0.722202,0.000816,0.276983
1368,1,0.784075,0.000475,0.215451
1369,0,0.201393,0.000305,0.798302
1370,1,0.062696,0.000309,0.936995
1371,0,0.000344,0.000069,0.999587
1372,1,0.987078,0.000200,0.012722
1373,1,0.114579,0.170519,0.714902
1374,0,0.002432,0.000281,0.997287
1375,1,0.970240,0.000334,0.029426
1376,1,0.984910,0.000301,0.014789
1377,0,0.005777,0.000106,0.994117
1378,1,0.995082,0.000157,0.004760
1379,1,0.995082,0.000157,0.004760
1380,0,0.000183,0.000079,0.999737
1381,1,0.235959,0.001069,0.762972
1382,0,0.000138,0.000086,0.999776
1383,1,0.447831,0.006471,0.545699
1384,1,0.002917,0.000099,0.996983
1385,0,0.000377,0.000071,0.999552
1386,0,0.000234,0.000085,0.999681
1387,1,0.986245,0.000182,0.013572
1388,0,0.011215,0.000127,0.988658
1389,1,0.983876,0.015833,0.000292
1390,0,0.000160,0.000088,0.999753
1391,1,0.995766,0.000390,0.003845
1392,1,0.315499,0.000537,0.683963
1393,0,0.000104,0.000122,0.999775
1394,1,0.998020,0.000236,0.001744
1395,0,0.000165,0.000067,0.999768
1396,1,0.998941,0.000452,0.000607
1397,1,0.681361,0.001208,0.317432
1398,0,0.000573,0.000082,0.999344
1399,1,0.765915,0.017733,0.216352
1400,0,0.000557,0.000086,0.999357
1401,1,0.825825,0.018732,0.155443
1402,0,0.000196,0.000072,0.999732
1403,1,0.002124,0.000102,0.997773
1404,1,0.989588,0.008081,0.002331
1405,0,0.000132,0.000076,0.999792
1406,1,0.002071,0.000072,0.997857
1407,0,0.006372,0.000140,0.993488
1408,1,0.000254,0.000252,0.999494
1409,1,0.237059,0.715736,0.047204
1410,0,0.001251,0.000066,0.998684
1411,0,0.000298,0.000047,0.999655
1412,0,0.000315,0.000099,0.999587
1413,0,0.000404,0.000125,0.999471
1414,0,0.768774,0.000269,0.230957
1415,1,0.070551,0.001071,0.928378
1416,1,0.996154,0.001461,0.002385
1417,1,0.998820,0.000701,0.000479
1418,0,0.000120,0.000084,0.999796
1419,0,0.000245,0.000074,0.999681
1420,0,0.000214,0.000069,0.999717
1421,0,0.001233,0.000130,0.998637
1422,1,0.999065,0.000282,0.000653
1423,1,0.793312,0.000921,0.205767
1424,0,0.000745,0.000079,0.999176
1425,0,0.004265,0.000078,0.995656
1426,1,0.995332,0.000532,0.004137
1427,1,0.006847,0.000110,0.993043
1428,0,0.000290,0.000063,0.999648
1429,1,0.134395,0.000896,0.864709
1430,1,0.746583,0.002922,0.250495
1431,1,0.932007,0.009698,0.058295
1432,1,0.019388,0.000149,0.980463
1433,0,0.012619,0.000156,0.987225
1434,0,0.000568,0.000054,0.999378
1435,0,0.025522,0.000122,0.974357
1436,1,0.995303,0.000128,0.004570
1437,0,0.198439,0.000341,0.801220
1438,0,0.109584,0.000323,0.890092
1439,0,0.000656,0.000056,0.999287
1440,0,0.000244,0.000056,0.999701
1441,0,0.000617,0.000076,0.999307
1442,0,0.000392,0.000053,0.999555
1443,0,0.007111,0.000075,0.992815
1444,1,0.196464,0.000337,0.803199
1445,1,0.992256,0.000250,0.007493
1446,1,0.916888,0.000427,0.082685
1447,1,0.919581,0.000369,0.080050
1448,1,0.603214,0.000641,0.396145
1449,0,0.993454,0.000219,0.006327
1450,1,0.995926,0.000141,0.003933
1451,0,0.000232,0.000074,0.999693
1452,1,0.998858,0.000601,0.000541
1453,1,0.991707,0.000379,0.007915
1454,1,0.991637,0.000171,0.008192
1455,1,0.998413,0.001018,0.000569
1456,1,0.884570,0.004357,0.111073
1457,1,0.998584,0.000165,0.001250
1458,1,0.998896,0.000516,0.000588
1459,1,0.993822,0.000391,0.005787
1460,1,0.996317,0.000711,0.002973
1461,1,0.016406,0.000136,0.983458
1462,1,0.995887,0.002154,0.001959
1463,0,0.000231,0.001283,0.998486
1464,0,0.984195,0.000229,0.015576
1465,0,0.001072,0.000095,0.998833
1466,1,0.021802,0.000632,0.977567
1467,0,0.000167,0.000649,0.999184
1468,1,0.999179,0.000234,0.000587
1469,0,0.002749,0.000119,0.997131
1470,1,0.177980,0.190547,0.631474
1471,1,0.997753,0.000213,0.002034
1472,0,0.000183,0.000071,0.999746
1473,1,0.998418,0.000205,0.001377
1474,1,0.998267,0.001404,0.000329
1475,0,0.007544,0.000125,0.992331
1476,1,0.059820,0.000278,0.939902
1477,1,0.015540,0.000335,0.984124
1478,1,0.000295,0.000090,0.999615
1479,0,0.003307,0.000322,0.996371
1480,1,0.000648,0.000060,0.999292
1481,0,0.020647,0.000446,0.978907
1482,1,0.069615,0.000472,0.929913
1483,1,0.354438,0.000917,0.644645
1484,0,0.000540,0.000045,0.999415
1485,1,0.991693,0.000290,0.008018
1486,0,0.000975,0.000157,0.998868
1487,1,0.984435,0.000265,0.015299
1488,0,0.001313,0.000136,0.998551
1489,1,0.692097,0.274206,0.033697
1490,1,0.010308,0.000360,0.989333
1491,1,0.003420,0.000200,0.996380
1492,0,0.002480,0.000064,0.997456
1493,1,0.049250,0.732128,0.218622
1494,1,0.990911,0.008818,0.000271
1495,1,0.915814,0.000274,0.083912
1496,1,0.948513,0.000564,0.050923
1497,1,0.998651,0.000346,0.001003
1498,0,0.000133,0.000076,0.999792
1499,1,0.008483,0.000240,0.991277
1500,0,0.000503,0.000615,0.998882
1501,1,0.998214,0.000277,0.001508
1502,1,0.001599,0.000073,0.998328
1503,0,0.977237,0.000840,0.021924
1504,1,0.946286,0.000502,0.053212
1505,1,0.998650,0.000222,0.001128
1506,1,0.048596,0.000191,0.951214
1507,0,0.004767,0.000084,0.995149
1508,1,0.997600,0.000315,0.002085
1509,1,0.998428,0.000170,0.001402
1510,1,0.977735,0.000480,0.021784
1511,0,0.000126,0.000079,0.999795
1512,0,0.000285,0.000056,0.999659
1513,0,0.000620,0.002516,0.996864
1514,1,0.702343,0.000413,0.297243
1515,1,0.957878,0.000268,0.041854
1516,0,0.000229,0.000048,0.999723
1517,1,0.681250,0.044224,0.274526
1518,1,0.999151,0.000380,0.000468
1519,0,0.001151,0.000050,0.998799
1520,1,0.997704,0.001566,0.000730
1521,0,0.012482,0.000091,0.987427
1522,1,0.501042,0.000311,0.498648
1523,1,0.435112,0.008943,0.555945
1524,0,0.000693,0.000070,0.999238
1525,0,0.000351,0.000065,0.999585
1526,0,0.000541,0.000071,0.999389
1527,1,0.004030,0.000269,0.995701
1528,0,0.002034,0.000365,0.997601
1529,0,0.000141,0.000088,0.999771
1530,0,0.000122,0.000072,0.999806
1531,1,0.998596,0.000852,0.000552
1532,1,0.997698,0.000281,0.002021
1533,0,0.175031,0.000349,0.824620
1534,1,0.920502,0.000215,0.079283
1535,1,0.236923,0.001393,0.761684
1536,1,0.017955,0.000354,0.981691
1537,0,0.000925,0.000057,0.999018
1538,0,0.000136,0.000067,0.999797
1539,0,0.000143,0.000122,0.999735
1540,1,0.999024,0.000423,0.000552
1541,1,0.998561,0.000574,0.000865
1542,0,0.000993,0.000058,0.998948
1543,0,0.000414,0.000081,0.999506
1544,1,0.006937,0.000116,0.992947
1545,1,0.050792,0.007792,0.941416
1546,0,0.000808,0.000146,0.999046
1547,0,0.003053,0.000105,0.996842
1548,0,0.984637,0.000179,0.015183
1549,1,0.031778,0.000181,0.968040
1550,1,0.990638,0.000976,0.008386
1551,1,0.991907,0.000178,0.007914
1552,0,0.000668,0.000250,0.999081
1553,1,0.997818,0.000653,0.001528
1554,1,0.941081,0.001060,0.057859
1555,1,0.991627,0.007896,0.000477
1556,1,0.032550,0.000148,0.967302
1557,0,0.000134,0.000084,0.999782
1558,1,0.002485,0.108549,0.888967
1559,0,0.000853,0.000097,0.999050
1560,1,0.839169,0.000512,0.160318
1561,1,0.999038,0.000323,0.000638
1562,0,0.912083,0.000196,0.087721
1563,0,0.000222,0.000054,0.999724
1564,0,0.057535,0.000196,0.942269
1565,0,0.013118,0.000102,0.986781
1566,0,0.000337,0.000075,0.999588
1567,0,0.087435,0.000300,0.912266
1568,1,0.330829,0.000838,0.668333
1569,1,0.969172,0.000290,0.030539
1570,0,0.014560,0.000147,0.985293
1571,0,0.002710,0.004472,0.992818
1572,0,0.000393,0.000082,0.999525
1573,0,0.644479,0.000392,0.355129
1574,0,0.000236,0.000084,0.999680
1575,0,0.000875,0.000050,0.999075
1576,1,0.004143,0.000079,0.995777
1577,1,0.955213,0.000394,0.044393
1578,0,0.298963,0.001752,0.699286
1579,1,0.971181,0.001145,0.027674
1580,1,0.997611,0.000626,0.001763
1581,0,0.255941,0.000899,0.743160
1582,1,0.731973,0.001850,0.266177
1583,1,0.462506,0.001410,0.536084
1584,0,0.052123,0.000236,0.947642
1585,0,0.004778,0.000086,0.995136
1586,0,0.010974,0.000115,0.988911
1587,0,0.004959,0.000068,0.994973
1588,0,0.386306,0.000308,0.613386
1589,0,0.000423,0.000069,0.999509
1590,1,0.576954,0.195045,0.228001
1591,1,0.014687,0.000303,0.985009
1592,1,0.993191,0.000310,0.006499
1593,0,0.000658,0.000057,0.999285
1594,0,0.989358,0.004407,0.006235
1595,0,0.000872,0.000122,0.999005
1596,0,0.000358,0.000060,0.999582
1597,1,0.002632,0.000164,0.997203
1598,1,0.992568,0.000758,0.006675
1599,0,0.000383,0.000055,0.999561
1600,0,0.005414,0.000082,0.994504
1601,1,0.997454,0.000563,0.001984
1602,0,0.000455,0.000060,0.999485
1603,1,0.977978,0.000221,0.021801
1604,0,0.000537,0.000046,0.999417
1605,1,0.000399,0.000335,0.999266
1606,0,0.305229,0.000336,0.694435
1607,0,0.000490,0.000073,0.999437
1608,1,0.997310,0.000167,0.002523
1609,1,0.034257,0.000160,0.965583
1610,1,0.997401,0.002315,0.000284
1611,1,0.986576,0.000263,0.013161
1612,1,0.372637,0.619619,0.007744
1613,0,0.001239,0.000069,0.998692
1614,1,0.998144,0.000798,0.001058
1615,1,0.949119,0.000251,0.050630
1616,1,0.442458,0.000879,0.556663
1617,0,0.161617,0.000264,0.838119
1618,1,0.000170,0.000079,0.999751
1619,1,0.983126,0.000198,0.016675
1620,1,0.998986,0.000346,0.000668
1621,0,0.000186,0.000072,0.999742
1622,0,0.002237,0.000128,0.997635
1623,1,0.115280,0.000254,0.884466
1624,1,0.001349,0.302283,0.696368
1625,0,0.000167,0.000054,0.999779
1626,0,0.981540,0.000228,0.018232
1627,0,0.000152,0.000055,0.999793
1628,1,0.993333,0.005982,0.000685
1629,0,0.000737,0.000070,0.999193
1630,0,0.000253,0.000071,0.999676
1631,0,0.000550,0.000133,0.999317
1632,0,0.346572,0.000340,0.653088
1633,1,0.990443,0.002798,0.006759
1634,1,0.277684,0.591338,0.130978
1635,1,0.022262,0.922449,0.055289
1636,1,0.011788,0.000131,0.988081
1637,1,0.997370,0.001968,0.000662
1638,1,0.997250,0.000185,0.002565
1639,0,0.071421,0.000158,0.928422
1640,0,0.000105,0.000102,0.999793
1641,1,0.998545,0.000370,0.001085
1642,1,0.983146,0.004301,0.012552
1643,0,0.000325,0.000047,0.999628
1644,1,0.959539,0.000400,0.040061
1645,1,0.746858,0.000343,0.252800
1646,0,0.001808,0.000578,0.997614
1647,1,0.004732,0.091555,0.903713
1648,1,0.998650,0.000308,0.001042
1649,1,0.997728,0.000148,0.002124
1650,0,0.001407,0.000051,0.998542
1651,1,0.991149,0.000476,0.008375
1652,0,0.000668,0.000046,0.999286
1653,0,0.008886,0.000077,0.991037
1654,0,0.002031,0.000064,0.997905
1655,1,0.241317,0.000621,0.758062
1656,1,0.001559,0.000055,0.998386
1657,1,0.248790,0.000934,0.750276
1658,1,0.970290,0.000872,0.028839
1659,1,0.998698,0.000790,0.000512
1660,1,0.997630,0.000182,0.002189
1661,0,0.885932,0.000375,0.113693
1662,0,0.984162,0.000231,0.015606
1663,1,0.026416,0.002381,0.971203
1664,1,0.006942,0.000373,0.992685
1665,0,0.009378,0.000407,0.990215
1666,0,0.973424,0.001280,0.025295
1667,0,0.000185,0.000893,0.998922
1668,0,0.218179,0.000265,0.781556
1669,0,0.000975,0.000050,0.998975
1670,1,0.883700,0.000330,0.115970
1671,0,0.519000,0.000461,0.480540
1672,1,0.312817,0.680934,0.006250
1673,1,0.998607,0.000132,0.001261
1674,0,0.997628,0.000957,0.001415
1675,1,0.008806,0.000215,0.990979
1676,0,0.006972,0.000207,0.992822
1677,1,0.000732,0.000078,0.999190
1678,0,0.001131,0.000066,0.998804
1679,0,0.291356,0.000482,0.708163
1680,0,0.000301,0.000121,0.999578
1681,0,0.912183,0.000222,0.087596
1682,1,0.004823,0.000148,0.995030
1683,0,0.000476,0.000071,0.999453
1684,1,0.601156,0.004743,0.394100
1685,1,0.314500,0.001007,0.684493
1686,1,0.956230,0.000887,0.042884
1687,0,0.000611,0.000049,0.999341
1688,0,0.164039,0.000404,0.835557
1689,1,0.995543,0.000179,0.004278
1690,1,0.058598,0.000198,0.941204
1691,1,0.862998,0.000643,0.136359
1692,1,0.933342,0.000740,0.065917
1693,0,0.010520,0.000093,0.989388
1694,1,0.035696,0.055837,0.908467
1695,1,0.996373,0.000216,0.003411
1696,1,0.700559,0.000452,0.298989
1697,0,0.994583,0.000150,0.005268
1698,0,0.000727,0.000077,0.999196
1699,1,0.998916,0.000433,0.000651
1700,0,0.000827,0.000094,0.999079
1701,1,0.901534,0.000576,0.097890
1702,0,0.002718,0.000060,0.997222
1703,0,0.001096,0.000068,0.998836
1704,1,0.761978,0.000336,0.237686
1705,1,0.000903,0.000090,0.999008
1706,0,0.009792,0.000091,0.990118
1707,0,0.384064,0.000286,0.615649
1708,0,0.000564,0.000071,0.999365
1709,0,0.008735,0.000094,0.991171
1710,0,0.362953,0.002592,0.634455
1711,1,0.002077,0.000290,0.997633
1712,1,0.003953,0.000063,0.995984
1713,1,0.009391,0.000125,0.990485
1714,0,0.000208,0.000057,0.999736
1715,0,0.000813,0.000063,0.999124
1716,1,0.996185,0.002239,0.001576
1717,1,0.007259,0.838452,0.154289
1718,1,0.125231,0.006977,0.867791
1719,0,0.000495,0.000112,0.999393
1720,0,0.000335,0.000070,0.999596
1721,1,0.042946,0.000333,0.956721
1722,1,0.998420,0.000646,0.000933
1723,1,0.080083,0.000325,0.919592
1724,0,0.029742,0.000188,0.970070
1725,0,0.000235,0.000069,0.999696
1726,1,0.939662,0.000268,0.060070
1727,0,0.000338,0.000062,0.999600
1728,1,0.987341,0.000304,0.012356
1729,1,0.998000,0.000534,0.001466
1730,0,0.507066,0.000534,0.492400
1731,0,0.000176,0.000065,0.999758
1732,1,0.223273,0.000338,0.776390
1733,1,0.946738,0.000786,0.052476
1734,0,0.000221,0.000087,0.999692
1735,1,0.997200,0.001280,0.001520
1736,1,0.006407,0.845374,0.148219
1737,0,0.997906,0.000243,0.001851
1738,1,0.418947,0.561141,0.019913
1739,1,0.903447,0.000477,0.096076
1740,0,0.000275,0.000052,0.999673
1741,1,0.675758,0.000276,0.323966
1742,1,0.977996,0.000241,0.021762
1743,0,0.001550,0.000047,0.998403
1744,0,0.000186,0.000086,0.999728
1745,0,0.000497,0.000058,0.999445
1746,0,0.484156,0.000343,0.515501
1747,0,0.998048,0.000328,0.001624
1748,0,0.000287,0.000050,0.999663
1749,0,0.662816,0.000590,0.336594
1750,1,0.985671,0.000193,0.014136
1751,1,0.998268,0.001348,0.000384
1752,1,0.318403,0.002665,0.678933
1753,1,0.996340,0.000195,0.003464
1754,0,0.028873,0.000110,0.971017
1755,1,0.063087,0.000353,0.936561
1756,1,0.000151,0.000129,0.999721
1757,1,0.108825,0.008170,0.883004
1758,1,0.000465,0.000067,0.999468
1759,1,0.295658,0.000492,0.703850
1760,1,0.991054,0.000159,0.008788
1761,0,0.000590,0.000057,0.999353
1762,0,0.000129,0.000074,0.999797
1763,0,0.000207,0.000111,0.999682
1764,1,0.987089,0.000267,0.012644
1765,1,0.633362,0.351451,0.015187
1766,1,0.000165,0.000066,0.999768
1767,0,0.729351,0.000563,0.270085
1768,1,0.998744,0.000644,0.000612
1769,1,0.284073,0.701004,0.014923
1770,0,0.000101,0.000102,0.999797
1771,0,0.852508,0.002708,0.144784
1772,1,0.998799,0.000529,0.000672
1773,0,0.136504,0.000198,0.863298
1774,0,0.001099,0.000081,0.998820
1775,1,0.504009,0.000611,0.495380
1776,1,0.952528,0.000282,0.047191
1777,1,0.967010,0.000304,0.032686
1778,1,0.963104,0.000329,0.036568
1779,0,0.000480,0.000120,0.999400
1780,0,0.013916,0.000089,0.985995
1781,1,0.299197,0.000495,0.700308
1782,0,0.000283,0.000107,0.999610
1783,1,0.634079,0.022501,0.343420
1784,1,0.999069,0.000221,0.000709
1785,1,0.997925,0.000212,0.001863
1786,1,0.001275,0.000072,0.998653
1787,0,0.007502,0.000109,0.992389
1788,1,0.579856,0.001033,0.419111
1789,0,0.000251,0.000068,0.999681
1790,0,0.000591,0.000068,0.999341
1791,1,0.980709,0.000207,0.019084
1792,1,0.768554,0.000457,0.230989
1793,1,0.995478,0.000388,0.004134
1794,1,0.015983,0.000160,0.983857
1795,1,0.848242,0.007655,0.144103
1796,1,0.000646,0.000164,0.999190
1797,1,0.298471,0.000589,0.700940
1798,0,0.000374,0.000074,0.999553
1799,1,0.962029,0.000312,0.037658
1800,1,0.998985,0.000593,0.000422
1801,0,0.000723,0.000082,0.999195
1802,0,0.000541,0.000081,0.999378
1803,0,0.002174,0.000063,0.997763
1804,0,0.000207,0.000080,0.999713
1805,1,0.998121,0.001208,0.000671
1806,0,0.000141,0.000115,0.999744
1807,0,0.049962,0.000241,0.949797
1808,0,0.000224,0.000055,0.999720
1809,1,0.947647,0.002863,0.049490
1810,1,0.841843,0.000538,0.157619
1811,0,0.006952,0.000151,0.992897
1812,0,0.950400,0.000156,0.049444
1813,0,0.000390,0.000095,0.999515
1814,0,0.000194,0.000124,0.999682
1815,1,0.003222,0.000153,0.996625
1816,0,0.021320,0.000130,0.978550
1817,0,0.012688,0.000964,0.986348
1818,0,0.000401,0.000095,0.999505
1819,1,0.007530,0.000185,0.992285
1820,0,0.000502,0.000115,0.999383
1821,1,0.009871,0.000095,0.990033
1822,1,0.000969,0.000045,0.998986
1823,0,0.000449,0.000134,0.999417
1824,0,0.000185,0.000124,0.999691
1825,1,0.357364,0.002329,0.640307
1826,1,0.995550,0.004075,0.000375
1827,0,0.000564,0.000056,0.999381
1828,1,0.986630,0.000595,0.012775
1829,0,0.002712,0.000110,0.997178
1830,1,0.000358,0.000242,0.999400
1831,1,0.255757,0.000414,0.743829
1832,1,0.000111,0.000106,0.999783
1833,1,0.064033,0.000450,0.935518
1834,1,0.026885,0.000254,0.972860
1835,1,0.691110,0.288880,0.020010
1836,1,0.995442,0.003206,0.001352
1837,0,0.004475,0.000127,0.995398
1838,0,0.632673,0.000256,0.367071
1839,0,0.000311,0.000118,0.999571
1840,0,0.000318,0.000116,0.999567
1841,1,0.001039,0.000085,0.998876
1842,0,0.000348,0.000064,0.999588
1843,1,0.954824,0.000300,0.044875
1844,1,0.196806,0.000595,0.802598
1845,1,0.899577,0.000444,0.099979
1846,0,0.003879,0.000087,0.996034
1847,1,0.992033,0.000218,0.007749
1848,0,0.001739,0.000072,0.998189
1849,0,0.000707,0.000750,0.998543
1850,0,0.000467,0.000069,0.999464
1851,0,0.000531,0.000269,0.999200
1852,0,0.000316,0.000096,0.999588
1853,0,0.000963,0.000084,0.998953
1854,0,0.010595,0.000239,0.989166
1855,1,0.845795,0.001453,0.152752
1856,1,0.026261,0.000300,0.973439
1857,1,0.667917,0.004778,0.327304
1858,1,0.998173,0.000187,0.001640
1859,1,0.982460,0.000225,0.017315
1860,0,0.000342,0.000052,0.999606
1861,1,0.000116,0.000095,0.999789
1862,0,0.000462,0.000072,0.999465
1863,1,0.989095,0.000155,0.010750
1864,0,0.000122,0.000079,0.999800
1865,1,0.998006,0.001328,0.000666
1866,0,0.000367,0.002443,0.997191
1867,1,0.995997,0.001522,0.002482
1868,0,0.000376,0.000119,0.999506
1869,1,0.976040,0.000349,0.023610
1870,1,0.848807,0.000970,0.150222
1871,1,0.986575,0.000333,0.013092
1872,0,0.016932,0.000101,0.982966
1873,1,0.997393,0.000159,0.002449
1874,0,0.001172,0.000043,0.998785
1875,0,0.970627,0.000162,0.029211
1876,1,0.990560,0.000155,0.009285
1877,0,0.000263,0.000054,0.999683
1878,0,0.000188,0.000079,0.999733
1879,1,0.997706,0.001627,0.000667
1880,1,0.998578,0.000162,0.001260
1881,0,0.000726,0.000083,0.999191
1882,1,0.999176,0.000491,0.000333
1883,0,0.000384,0.000072,0.999544
1884,0,0.070044,0.000698,0.929258
1885,1,0.292438,0.000710,0.706853
1886,1,0.855484,0.000639,0.143877
1887,1,0.608159,0.010125,0.381716
1888,1,0.949705,0.000463,0.049831
1889,1,0.996089,0.002924,0.000987
1890,0,0.000360,0.000081,0.999560
1891,1,0.994924,0.003694,0.001382
1892,0,0.941123,0.000385,0.058493
1893,0,0.000154,0.000080,0.999765
1894,1,0.996770,0.000302,0.002927
1895,0,0.001706,0.000047,0.998247
1896,0,0.000528,0.000081,0.999391
1897,1,0.001093,0.000163,0.998744
1898,0,0.000218,0.000083,0.999699
1899,1,0.895613,0.000375,0.104013
1900,1,0.996643,0.000363,0.002994
1901,0,0.012573,0.000085,0.987342
1902,0,0.074299,0.000180,0.925520
1903,1,0.002396,0.000166,0.997438
1904,1,0.999130,0.000403,0.000467
1905,0,0.000794,0.000063,0.999143
1906,1,0.936144,0.000899,0.062956
1907,0,0.000166,0.000087,0.999747
1908,0,0.068811,0.000172,0.931017
1909,0,0.000225,0.000119,0.999656
1910,0,0.000298,0.000071,0.999631
1911,0,0.073750,0.000208,0.926042
1912,1,0.947757,0.001471,0.050771
1913,0,0.000275,0.000092,0.999633
1914,1,0.000190,0.000080,0.999730
1915,1,0.235842,0.651452,0.112706
1916,1,0.000287,0.000143,0.999570
1917,0,0.986684,0.000158,0.013159
1918,0,0.003048,0.000088,0.996863
1919,0,0.000439,0.000105,0.999456
1920,0,0.050761,0.000268,0.948971
1921,0,0.943719,0.015422,0.040859
1922,1,0.036465,0.000478,0.963057
1923,1,0.057603,0.000243,0.942155
1924,1,0.939690,0.000233,0.060077
1925,0,0.000678,0.000052,0.999270
1926,0,0.000229,0.000064,0.999708
1927,0,0.000574,0.000107,0.999319
1928,1,0.998750,0.000595,0.000655
1929,1,0.997716,0.000131,0.002154
1930,1,0.000495,0.000049,0.999456
1931,0,0.002446,0.000163,0.997391
1932,0,0.000237,0.000199,0.999564
1933,0,0.940292,0.000256,0.059453
1934,0,0.022919,0.000350,0.976731
1935,1,0.105863,0.000186,0.893950
1936,1,0.356273,0.000722,0.643006
1937,0,0.290915,0.000337,0.708748
1938,0,0.000963,0.000062,0.998975
1939,1,0.720117,0.000636,0.279247
1940,0,0.005956,0.000111,0.993933
1941,1,0.997863,0.000193,0.001944
1942,0,0.000298,0.000052,0.999650
1943,0,0.000524,0.000057,0.999419
1944,0,0.000129,0.000085,0.999786
1945,1,0.087117,0.101325,0.811558
1946,1,0.004019,0.007447,0.988534
1947,1,0.252383,0.724213,0.023404
1948,1,0.735828,0.211073,0.053099
1949,0,0.000191,0.000051,0.999759
1950,0,0.000687,0.000039,0.999274
1951,1,0.973090,0.000372,0.026537
1952,0,0.006725,0.000077,0.993198
1953,1,0.000874,0.000073,0.999053
1954,1,0.841239,0.000674,0.158087
1955,1,0.000579,0.000078,0.999343
1956,1,0.002617,0.000053,0.997330
1957,1,0.899365,0.001704,0.098931
1958,1,0.130040,0.000459,0.869501
1959,1,0.996124,0.000603,0.003273
1960,0,0.001529,0.000621,0.997850
1961,1,0.973456,0.000447,0.026097
1962,1,0.998439,0.001057,0.000504
1963,1,0.996389,0.000171,0.003441
1964,0,0.027722,0.000103,0.972175
1965,1,0.886926,0.001885,0.111189
1966,1,0.025127,0.817335,0.157538
1967,0,0.002539,0.000198,0.997263
1968,1,0.979926,0.000207,0.019867
1969,0,0.090118,0.000223,0.909659
1970,0,0.000120,0.000092,0.999788
1971,0,0.000121,0.000098,0.999781
1972,0,0.000153,0.000081,0.999766
1973,0,0.001330,0.000137,0.998534
1974,0,0.002497,0.000075,0.997428
1975,1,0.016457,0.855211,0.128332
1976,1,0.866027,0.000403,0.133570
1977,1,0.996065,0.002580,0.001355
1978,0,0.000447,0.000053,0.999500
1979,0,0.000968,0.000090,0.998942
1980,1,0.992402,0.000208,0.007391
1981,1,0.892492,0.000573,0.106936
1982,1,0.004551,0.255993,0.739456
1983,1,0.000731,0.000061,0.999208
1984,0,0.000494,0.000073,0.999433
1985,0,0.090128,0.000817,0.909055
1986,1,0.118076,0.365228,0.516696
1987,1,0.005446,0.000081,0.994473
1988,0,0.000343,0.000050,0.999607
1989,0,0.000630,0.000971,0.998399
1990,1,0.003508,0.000071,0.996421
1991,0,0.000894,0.000047,0.999059
1992,0,0.000134,0.000107,0.999759
1993,1,0.978860,0.000274,0.020866
1994,0,0.001151,0.000195,0.998654
1995,1,0.982727,0.000309,0.016964
1996,1,0.040236,0.000351,0.959414
1997,1,0.964925,0.000380,0.034695
1998,0,0.000201,0.000067,0.999732
1999,1,0.816893,0.000757,0.182350
2000,0,0.765102,0.000481,0.234416
2001,0,0.001059,0.000046,0.998895
2002,0,0.002245,0.000111,0.997644
2003,0,0.000208,0.006081,0.993711
2004,1,0.267098,0.002449,0.730452
2005,0,0.002142,0.000070,0.997787
2006,0,0.006472,0.000086,0.993442
2007,1,0.978413,0.001362,0.020225
2008,1,0.034870,0.000193,0.964937
2009,1,0.000335,0.000052,0.999613
2010,1,0.954209,0.000289,0.045502
2011,0,0.003473,0.000079,0.996448
2012,1,0.994014,0.000610,0.005375
2013,1,0.030866,0.000102,0.969032
2014,0,0.000142,0.000093,0.999766
2015,0,0.002804,0.000080,0.997117
2016,1,0.000307,0.000452,0.999241
2017,1,0.974173,0.000221,0.025606
2018,0,0.998401,0.000268,0.001330
2019,0,0.000260,0.000086,0.999654
2020,0,0.000135,0.000094,0.999771
2021,1,0.872296,0.100492,0.027211
2022,1,0.016683,0.000310,0.983007
2023,1,0.967613,0.000409,0.031978
2024,0,0.004328,0.000235,0.995437
2025,0,0.976713,0.000770,0.022517
2026,0,0.122553,0.000347,0.877100
2027,1,0.998727,0.000787,0.000486
2028,0,0.000212,0.000082,0.999706
2029,1,0.549161,0.000291,0.450548
2030,0,0.000250,0.000090,0.999660
2031,0,0.001793,0.000132,0.998075
2032,0,0.000218,0.000066,0.999716
2033,1,0.991520,0.000169,0.008311
2034,1,0.388692,0.000615,0.610693
2035,0,0.094092,0.000187,0.905721
2036,0,0.000391,0.000077,0.999532
2037,1,0.972159,0.000450,0.027391
2038,1,0.981284,0.000585,0.018132
2039,0,0.000217,0.000088,0.999696
2040,1,0.135627,0.006367,0.858006
2041,1,0.767707,0.030755,0.201538
2042,0,0.000144,0.000070,0.999786
2043,0,0.004217,0.000050,0.995733
2044,0,0.000278,0.000067,0.999656
2045,0,0.015436,0.000097,0.984466
2046,1,0.998030,0.000211,0.001759
2047,1,0.998866,0.000421,0.000713
2048,1,0.002041,0.000069,0.997890
2049,0,0.000233,0.001187,0.998580
2050,0,0.001333,0.000977,0.997690
2051,1,0.085695,0.644657,0.269647
2052,0,0.001357,0.000095,0.998548
2053,0,0.000171,0.000068,0.999761
2054,1,0.999282,0.000325,0.000393
2055,1,0.997138,0.001841,0.001021
2056,1,0.960999,0.000225,0.038775
2057,1,0.034107,0.000296,0.965597
2058,1,0.001534,0.000059,0.998407
2059,0,0.000441,0.000060,0.999498
2060,1,0.990650,0.000228,0.009122
2061,1,0.000273,0.000121,0.999606
2062,0,0.002723,0.000044,0.997233
2063,0,0.000139,0.000083,0.999777
2064,0,0.000285,0.000054,0.999662
2065,1,0.996688,0.001329,0.001984
2066,1,0.002852,0.000170,0.996978
2067,1,0.995342,0.000920,0.003738
2068,1,0.013735,0.000166,0.986099
2069,1,0.016846,0.435673,0.547481
2070,1,0.000412,0.000049,0.999540
2071,0,0.000209,0.000061,0.999730
2072,1,0.998395,0.000493,0.001112
2073,1,0.007686,0.000211,0.992102
2074,0,0.000418,0.000081,0.999500
2075,1,0.001110,0.001272,0.997618
2076,1,0.929328,0.000525,0.070147
2077,1,0.070317,0.051736,0.877947
2078,1,0.949816,0.006144,0.044040
2079,0,0.000597,0.000050,0.999353
2080,0,0.000178,0.000073,0.999749
2081,1,0.997325,0.000197,0.002478
2082,1,0.007255,0.000227,0.992517
2083,1,0.014215,0.000915,0.984869
2084,0,0.000723,0.000058,0.999219
2085,0,0.000428,0.000414,0.999158
2086,0,0.671663,0.007410,0.320927
2087,0,0.000160,0.000084,0.999756
2088,1,0.714490,0.000693,0.284817
2089,1,0.859063,0.000327,0.140610
2090,0,0.000337,0.000045,0.999618
2091,1,0.926212,0.000374,0.073414
2092,1,0.850579,0.000728,0.148692
2093,0,0.000345,0.000048,0.999608
2094,1,0.994140,0.000345,0.005516
2095,0,0.000627,0.000101,0.999272
2096,0,0.000095,0.000119,0.999785
2097,0,0.000161,0.000083,0.999756
2098,0,0.007205,0.000074,0.992721
2099,0,0.000124,0.000093,0.999783
2100,1,0.885040,0.000447,0.114513
2101,1,0.996612,0.000295,0.003093
2102,0,0.000282,0.000080,0.999638
2103,0,0.000130,0.000083,0.999788
2104,0,0.000435,0.000138,0.999427
2105,0,0.000410,0.000061,0.999529
2106,0,0.001248,0.000065,0.998687
2107,0,0.000286,0.000176,0.999538
2108,1,0.265504,0.687369,0.047127
2109,0,0.000288,0.000055,0.999658
2110,1,0.984277,0.000278,0.015445
2111,1,0.204169,0.000336,0.795495
2112,0,0.000248,0.000099,0.999654
2113,1,0.000239,0.000095,0.999666
2114,0,0.339588,0.000322,0.660090
2115,0,0.000202,0.000057,0.999741
2116,1,0.001899,0.000102,0.997999
2117,1,0.070953,0.000724,0.928323
2118,1,0.002486,0.608965,0.388549
2119,1,0.325297,0.000688,0.674015
2120,0,0.003503,0.000051,0.996445
2121,1,0.993721,0.004488,0.001790
2122,1,0.662728,0.306126,0.031146
2123,0,0.000871,0.000056,0.999073
2124,0,0.000315,0.000045,0.999639
2125,0,0.000430,0.000052,0.999518
2126,1,0.999067,0.000262,0.000671
2127,1,0.019875,0.000252,0.979874
2128,0,0.000189,0.000126,0.999685
2129,0,0.000278,0.000073,0.999649
2130,1,0.689361,0.000833,0.309806
2131,1,0.004585,0.514154,0.481262
2132,1,0.994304,0.000468,0.005228
2133,1,0.997609,0.000210,0.002181
2134,0,0.000262,0.000351,0.999388
2135,0,0.656825,0.000529,0.342646
2136,0,0.776281,0.000290,0.223429
2137,0,0.000314,0.000072,0.999614
2138,1,0.998117,0.000356,0.001526
2139,1,0.000402,0.000069,0.999529
2140,0,0.000311,0.000043,0.999647
2141,0,0.000423,0.000038,0.999539
2142,0,0.025502,0.000207,0.974291
2143,1,0.980499,0.000238,0.019262
2144,0,0.083373,0.000461,0.916166
2145,0,0.001097,0.000075,0.998828
2146,1,0.027012,0.000107,0.972881
2147,0,0.000464,0.000154,0.999382
2148,0,0.000292,0.000053,0.999655
2149,0,0.000156,0.000092,0.999752
2150,1,0.004225,0.024094,0.971681
2151,0,0.811071,0.001632,0.187297
2152,1,0.993646,0.004345,0.002009
2153,0,0.000325,0.000114,0.999561
2154,0,0.000322,0.000076,0.999602
2155,0,0.005296,0.000763,0.993942
2156,1,0.266308,0.000757,0.732935
2157,1,0.052571,0.000260,0.947169
2158,1,0.995257,0.000695,0.004048
2159,1,0.841849,0.000350,0.157801
2160,0,0.918422,0.001015,0.080563
2161,0,0.000247,0.000194,0.999559
2162,1,0.000726,0.000044,0.999230
2163,1,0.000870,0.000127,0.999004
2164,0,0.000728,0.000062,0.999210
2165,0,0.000193,0.000097,0.999710
2166,1,0.987769,0.000484,0.011747
2167,1,0.978922,0.000450,0.020628
2168,0,0.000142,0.000071,0.999787
2169,0,0.008427,0.000126,0.991448
2170,0,0.000280,0.000068,0.999652
2171,0,0.617246,0.000463,0.382291
2172,1,0.768662,0.225973,0.005365
2173,1,0.000255,0.000112,0.999634
2174,0,0.064269,0.000161,0.935570
2175,0,0.000137,0.000086,0.999777
2176,0,0.001064,0.000053,0.998883
2177,0,0.000245,0.000059,0.999696
2178,0,0.148820,0.000341,0.850839
2179,0,0.000990,0.000104,0.998906
2180,1,0.998767,0.000764,0.000470
2181,0,0.012609,0.000084,0.987308
2182,1,0.327093,0.657964,0.014943
2183,0,0.011320,0.000100,0.988580
2184,0,0.007966,0.000084,0.991950
2185,0,0.008744,0.000224,0.991032
2186,0,0.000190,0.000085,0.999725
2187,0,0.000129,0.000083,0.999788
2188,0,0.000323,0.000074,0.999603
2189,1,0.951728,0.000948,0.047324
2190,1,0.086534,0.000630,0.912836
2191,1,0.110722,0.287526,0.601752
2192,0,0.000310,0.000109,0.999581
2193,0,0.001069,0.000328,0.998603
2194,0,0.000202,0.000183,0.999614
2195,1,0.000344,0.000160,0.999496
2196,0,0.000617,0.000070,0.999314
2197,0,0.002345,0.000087,0.997568
2198,0,0.000145,0.000120,0.999735
2199,0,0.001491,0.000056,0.998453
2200,0,0.982274,0.000259,0.017467
2201,1,0.995977,0.000227,0.003796
2202,1,0.000216,0.000102,0.999682
2203,1,0.139198,0.000461,0.860341
2204,0,0.137000,0.000198,0.862802
2205,0,0.000131,0.000089,0.999780
2206,0,0.000196,0.000111,0.999693
2207,0,0.000182,0.000071,0.999747
2208,0,0.362936,0.000343,0.636721
2209,1,0.996549,0.000586,0.002865
2210,0,0.009602,0.000207,0.990191
2211,0,0.000185,0.000054,0.999761
2212,0,0.006119,0.000087,0.993794
2213,0,0.000228,0.000062,0.999710
2214,1,0.998737,0.000143,0.001120
2215,1,0.000272,0.000140,0.999588
2216,1,0.010536,0.000506,0.988958
2217,1,0.001305,0.000220,0.998475
2218,0,0.000465,0.000058,0.999477
2219,1,0.961632,0.000218,0.038150
2220,0,0.000487,0.000088,0.999425
2221,1,0.997484,0.001759,0.000757
2222,1,0.044814,0.000401,0.954785
2223,1,0.998857,0.000216,0.000928
2224,1,0.994285,0.000198,0.005518
2225,0,0.834728,0.001433,0.163839
2226,0,0.007888,0.000077,0.992034
2227,0,0.000316,0.000061,0.999623
2228,0,0.001179,0.000064,0.998758
2229,0,0.000192,0.000076,0.999732
2230,0,0.223075,0.000287,0.776638
2231,1,0.992301,0.000161,0.007538
2232,1,0.986483,0.000346,0.013172
2233,1,0.998996,0.000545,0.000460
2234,0,0.000538,0.000058,0.999404
2235,0,0.000124,0.000089,0.999786
2236,0,0.018095,0.000132,0.981773
2237,1,0.828074,0.156035,0.015891
2238,0,0.964824,0.000448,0.034728
2239,0,0.009015,0.000085,0.990900
2240,0,0.000382,0.000059,0.999560
2241,1,0.475196,0.000356,0.524448
2242,1,0.998889,0.000251,0.000860
2243,0,0.000411,0.000113,0.999476
2244,0,0.000335,0.000075,0.999590
2245,0,0.051906,0.000121,0.947974
2246,1,0.987136,0.001065,0.011799
2247,1,0.803028,0.000435,0.196537
2248,1,0.952288,0.004333,0.043379
2249,0,0.000391,0.000044,0.999565
2250,0,0.942838,0.000247,0.056915
2251,0,0.000446,0.000203,0.999351
2252,1,0.482596,0.003626,0.513778
2253,1,0.330121,0.179601,0.490278
2254,1,0.155815,0.000387,0.843798
2255,1,0.148349,0.244464,0.607188
2256,1,0.008468,0.000087,0.991445
2257,0,0.000129,0.000077,0.999794
2258,0,0.000638,0.000053,0.999309
2259,1,0.963855,0.002340,0.033805
2260,0,0.011321,0.000178,0.988501
2261,1,0.001768,0.000095,0.998137
2262,0,0.000267,0.000058,0.999676
2263,0,0.065801,0.000220,0.933979
2264,0,0.377731,0.000485,0.621783
2265,0,0.169342,0.000438,0.830220
2266,1,0.463426,0.000321,0.536253
2267,1,0.899840,0.001760,0.098400
2268,0,0.000214,0.000060,0.999726
2269,1,0.259339,0.002798,0.737863
2270,0,0.000102,0.000089,0.999809
2271,1,0.987921,0.000201,0.011878
2272,1,0.043113,0.432279,0.524608
2273,1,0.026918,0.436091,0.536991
2274,1,0.991693,0.005920,0.002387
2275,1,0.013065,0.000368,0.986567
2276,1,0.095602,0.000877,0.903521
2277,1,0.001386,0.000085,0.998530
2278,0,0.001963,0.000065,0.997972
2279,0,0.007198,0.304783,0.688019
2280,1,0.002586,0.001288,0.996126
2281,0,0.001460,0.000067,0.998472
2282,0,0.455799,0.000416,0.543784
2283,0,0.000732,0.000053,0.999215
2284,1,0.998060,0.000454,0.001486
2285,1,0.008222,0.000179,0.991599
2286,1,0.979328,0.000207,0.020465
2287,0,0.000260,0.000071,0.999669
2288,1,0.412282,0.000454,0.587264
2289,0,0.000296,0.000058,0.999646
2290,0,0.000187,0.000089,0.999724
2291,1,0.005744,0.000147,0.994109
2292,0,0.007002,0.000092,0.992906
2293,0,0.000204,0.000110,0.999686
2294,0,0.000117,0.000093,0.999790
2295,0,0.000401,0.000068,0.999531
2296,0,0.000188,0.000081,0.999731
2297,1,0.000759,0.000145,0.999096
2298,1,0.657786,0.000748,0.341466
2299,0,0.000171,0.000085,0.999744
2300,1,0.102491,0.000341,0.897168
2301,1,0.846987,0.000331,0.152682
2302,0,0.001935,0.000059,0.998006
2303,1,0.998724,0.000367,0.000909
2304,0,0.000459,0.000053,0.999488
2305,1,0.987490,0.000492,0.012018
2306,1,0.001934,0.000153,0.997912
2307,0,0.003832,0.000162,0.996006
2308,1,0.292820,0.000469,0.706711
2309,1,0.997652,0.001284,0.001064
2310,1,0.000734,0.000223,0.999043
2311,0,0.001505,0.000058,0.998438
2312,0,0.000607,0.000068,0.999324
2313,1,0.082330,0.038652,0.879019
2314,1,0.872087,0.002195,0.125718
2315,1,0.994063,0.000206,0.005731
2316,1,0.998990,0.000551,0.000459
2317,1,0.997097,0.000195,0.002708
2318,0,0.000508,0.000126,0.999366
2319,1,0.987348,0.000170,0.012482
2320,0,0.000139,0.000100,0.999761
2321,0,0.000636,0.000072,0.999292
2322,1,0.587922,0.130074,0.282004
2323,1,0.986146,0.000964,0.012891
2324,1,0.996776,0.000322,0.002902
2325,0,0.001533,0.000127,0.998340
2326,1,0.806860,0.044228,0.148912
2327,0,0.495653,0.000411,0.503936
2328,0,0.011087,0.000081,0.988831
2329,1,0.001009,0.000116,0.998876
2330,1,0.990230,0.000307,0.009464
2331,0,0.000249,0.000058,0.999693
2332,1,0.000190,0.000067,0.999742
2333,0,0.000233,0.000064,0.999703
2334,1,0.982368,0.000284,0.017349
2335,0,0.000107,0.000100,0.999793
2336,1,0.997554,0.000181,0.002265
2337,0,0.000796,0.000115,0.999089
2338,1,0.993789,0.000177,0.006034
2339,0,0.001240,0.000154,0.998606
2340,1,0.998742,0.000807,0.000451
2341,1,0.793038,0.000409,0.206553
2342,0,0.001343,0.000097,0.998560
2343,1,0.020185,0.000354,0.979461
2344,1,0.001825,0.000090,0.998085
2345,1,0.953882,0.000223,0.045895
2346,1,0.993383,0.000164,0.006453
2347,0,0.000747,0.000085,0.999168
2348,1,0.204607,0.000365,0.795028
2349,0,0.000137,0.000084,0.999780
2350,0,0.803752,0.000547,0.195702
2351,0,0.000329,0.000141,0.999530
2352,1,0.048652,0.000567,0.950781
2353,0,0.000310,0.000048,0.999642
2354,0,0.004030,0.000075,0.995895
2355,0,0.711235,0.000652,0.288112
2356,0,0.000282,0.000090,0.999627
2357,1,0.998443,0.000282,0.001275
2358,0,0.000193,0.000303,0.999504
2359,1,0.806287,0.000743,0.192970
2360,0,0.001952,0.000071,0.997977
2361,0,0.000309,0.000124,0.999566
2362,0,0.005471,0.000065,0.994464
2363,1,0.011113,0.000649,0.988238
2364,0,0.000153,0.000227,0.999621
2365,0,0.001248,0.000084,0.998669
2366,1,0.271186,0.003123,0.725691
2367,0,0.000157,0.000063,0.999780
2368,0,0.000711,0.000080,0.999209
2369,0,0.000152,0.000066,0.999781
2370,0,0.000550,0.000066,0.999383
2371,0,0.996388,0.000136,0.003475
2372,1,0.941664,0.000478,0.057858
2373,0,0.000465,0.000044,0.999490
2374,0,0.813634,0.000466,0.185900
2375,1,0.918082,0.000398,0.081520
2376,1,0.996327,0.000200,0.003473
2377,1,0.998893,0.000554,0.000553
2378,1,0.167656,0.512246,0.320098
2379,1,0.059955,0.005061,0.934984
2380,0,0.000192,0.000125,0.999683
2381,1,0.999054,0.000244,0.000702
2382,0,0.008482,0.000103,0.991415
2383,1,0.034765,0.000377,0.964858
2384,0,0.244245,0.000408,0.755348
2385,0,0.989915,0.000313,0.009772
2386,1,0.021846,0.735171,0.242983
2387,1,0.998147,0.000545,0.001307
2388,1,0.998845,0.000306,0.000849
2389,1,0.176725,0.689083,0.134192
2390,1,0.008543,0.000212,0.991245
2391,0,0.000212,0.000225,0.999563
2392,0,0.002123,0.000064,0.997814
2393,0,0.049690,0.000178,0.950133
2394,1,0.001765,0.000077,0.998158
2395,1,0.055323,0.000711,0.943966
2396,0,0.003833,0.000114,0.996053
2397,1,0.997840,0.000305,0.001855
2398,0,0.025385,0.000090,0.974525
2399,0,0.003053,0.000062,0.996885
2400,0,0.000263,0.000145,0.999592
2401,0,0.000123,0.000084,0.999793
2402,0,0.001429,0.000048,0.998524
2403,1,0.910060,0.000679,0.089261
2404,1,0.994963,0.000227,0.004810
2405,0,0.000167,0.000133,0.999700
2406,1,0.004120,0.000085,0.995795
2407,0,0.696218,0.000363,0.303419
2408,0,0.077188,0.000250,0.922562
2409,0,0.533428,0.000514,0.466058
2410,0,0.988923,0.000706,0.010371
2411,1,0.996086,0.000424,0.003490
2412,1,0.994831,0.000585,0.004584
2413,0,0.000204,0.000074,0.999722
2414,0,0.000101,0.000170,0.999728
2415,1,0.008482,0.651254,0.340264
2416,1,0.000172,0.000081,0.999747
2417,0,0.000263,0.000057,0.999680
2418,1,0.424136,0.553315,0.022549
2419,0,0.000141,0.000085,0.999775
2420,1,0.993440,0.000220,0.006340
2421,0,0.000145,0.000101,0.999754
2422,1,0.999115,0.000652,0.000234
2423,0,0.000320,0.000126,0.999554
2424,1,0.784307,0.001580,0.214113
2425,1,0.989232,0.000360,0.010408
2426,1,0.045327,0.000293,0.954380
2427,0,0.000144,0.000068,0.999789
2428,0,0.000256,0.000077,0.999667
2429,0,0.074900,0.001835,0.923265
2430,0,0.998416,0.000273,0.001311
2431,1,0.276095,0.626940,0.096964
2432,0,0.668554,0.000363,0.331083
2433,0,0.000510,0.000130,0.999360
2434,0,0.000214,0.000142,0.999644
2435,1,0.976014,0.000327,0.023659
2436,0,0.000130,0.000103,0.999768
2437,0,0.072150,0.000309,0.927541
2438,0,0.976803,0.000251,0.022945
2439,1,0.374079,0.009015,0.616906
2440,1,0.020359,0.010707,0.968933
2441,1,0.004314,0.162875,0.832811
2442,1,0.307808,0.001376,0.690817
2443,0,0.000315,0.000076,0.999610
2444,0,0.000546,0.000083,0.999371
2445,0,0.000140,0.000086,0.999774
2446,1,0.141582,0.000307,0.858111
2447,0,0.000186,0.000059,0.999755
2448,0,0.040017,0.000152,0.959830
2449,1,0.009471,0.000420,0.990109
2450,1,0.972342,0.014456,0.013201
2451,0,0.000808,0.000085,0.999107
2452,0,0.000245,0.000067,0.999689
2453,1,0.838906,0.001786,0.159307
2454,0,0.003243,0.000069,0.996687
2455,0,0.000941,0.000076,0.998983
2456,1,0.325409,0.001153,0.673438
2457,1,0.413340,0.000498,0.586163
2458,0,0.000824,0.000056,0.999120
2459,0,0.003713,0.000095,0.996192
2460,0,0.001204,0.000302,0.998494
2461,1,0.532860,0.004130,0.463010
2462,1,0.998429,0.000775,0.000796
2463,0,0.636619,0.000753,0.362628
2464,0,0.000873,0.000071,0.999057
2465,1,0.373102,0.572619,0.054279
2466,1,0.022785,0.823846,0.153369
2467,0,0.948054,0.000263,0.051683
2468,0,0.000293,0.000119,0.999588
2469,1,0.000616,0.000065,0.999319
2470,0,0.023015,0.000215,0.976771
2471,1,0.995749,0.000219,0.004032
2472,1,0.000380,0.000076,0.999544
2473,1,0.997821,0.000452,0.001727
2474,0,0.002820,0.000119,0.997061
2475,0,0.000233,0.000076,0.999690
2476,1,0.985681,0.002632,0.011687
2477,1,0.868557,0.000420,0.131022
2478,0,0.000149,0.000099,0.999752
2479,1,0.000539,0.000307,0.999154
2480,1,0.719384,0.000791,0.279826
2481,1,0.998788,0.000191,0.001021
2482,1,0.746137,0.106449,0.147414
2483,1,0.997749,0.001422,0.000829
2484,0,0.000192,0.000068,0.999740
2485,0,0.000967,0.000035,0.998997
2486,0,0.000389,0.000058,0.999553
2487,1,0.821133,0.000367,0.178500
2488,0,0.000152,0.000087,0.999761
2489,0,0.000172,0.000463,0.999365
2490,0,0.834748,0.001308,0.163944
2491,1,0.995884,0.000182,0.003934
2492,0,0.547175,0.000612,0.452214
2493,0,0.000245,0.000065,0.999690
2494,1,0.999089,0.000197,0.000713
2495,1,0.040321,0.038484,0.921196
2496,1,0.003200,0.000081,0.996719
2497,0,0.000271,0.000257,0.999472
2498,0,0.000238,0.000100,0.999662
2499,0,0.194232,0.000249,0.805519
2500,0,0.000110,0.000091,0.999799
2501,1,0.742580,0.001031,0.256389
2502,1,0.997374,0.000806,0.001820
2503,0,0.000136,0.000125,0.999739
2504,1,0.000927,0.000398,0.998676
2505,1,0.717987,0.000314,0.281699
2506,1,0.939063,0.000768,0.060168
2507,0,0.000131,0.000086,0.999782
2508,1,0.998872,0.000600,0.000529
2509,1,0.973234,0.000274,0.026493
2510,0,0.000218,0.000069,0.999713
2511,1,0.891822,0.000361,0.107817
2512,1,0.069727,0.000220,0.930053
2513,1,0.805158,0.000361,0.194481
2514,1,0.001604,0.000052,0.998344
2515,0,0.001281,0.000086,0.998634
2516,0,0.005254,0.000079,0.994666
2517,1,0.012900,0.000139,0.986961
2518,0,0.001005,0.000297,0.998698
2519,1,0.998004,0.000356,0.001640
2520,1,0.916347,0.041483,0.042170
2521,1,0.998614,0.000908,0.000478
2522,1,0.997965,0.000234,0.001801
2523,1,0.997934,0.000436,0.001629
2524,1,0.991524,0.007515,0.000961
2525,1,0.125931,0.000324,0.873745
2526,0,0.267682,0.000320,0.731998
2527,0,0.000200,0.000060,0.999741
2528,1,0.000813,0.000091,0.999096
2529,1,0.717770,0.158726,0.123504
2530,1,0.991930,0.000607,0.007463
2531,0,0.000190,0.000093,0.999717
2532,0,0.000371,0.000057,0.999572
2533,1,0.005824,0.411450,0.582726
2534,0,0.000895,0.000040,0.999065
2535,0,0.005119,0.000109,0.994772
2536,0,0.000800,0.000050,0.999151
2537,1,0.977650,0.000896,0.021454
2538,1,0.997405,0.000764,0.001831
2539,0,0.000107,0.000095,0.999798
2540,1,0.996031,0.003523,0.000445
2541,0,0.000594,0.000054,0.999351
2542,0,0.978025,0.000240,0.021734
2543,0,0.000115,0.000089,0.999796
2544,1,0.983962,0.000148,0.015890
2545,1,0.952170,0.009308,0.038521
2546,1,0.909090,0.000714,0.090196
2547,0,0.004104,0.000072,0.995824
2548,0,0.007783,0.000110,0.992107
2549,0,0.000350,0.000056,0.999594
2550,1,0.996692,0.000292,0.003016
2551,1,0.204487,0.000610,0.794903
2552,1,0.775839,0.170625,0.053537
2553,0,0.053341,0.000279,0.946380
2554,1,0.993800,0.000218,0.005983
2555,0,0.000984,0.008492,0.990524
2556,0,0.996816,0.000633,0.002551
2557,1,0.998520,0.000990,0.000490
2558,0,0.000312,0.000051,0.999636
2559,0,0.000288,0.000050,0.999662
2560,0,0.001809,0.000106,0.998085
2561,0,0.001559,0.000427,0.998014
2562,1,0.000325,0.000071,0.999603
2563,0,0.000192,0.000075,0.999732
2564,0,0.000431,0.000099,0.999470
2565,0,0.000271,0.000054,0.999674
2566,0,0.228348,0.002496,0.769156
2567,1,0.783751,0.177130,0.039119
2568,0,0.000232,0.000064,0.999704
2569,1,0.002994,0.000078,0.996929
2570,0,0.073843,0.000344,0.925814
2571,0,0.002525,0.000058,0.997417
2572,0,0.011400,0.000103,0.988497
2573,1,0.846521,0.001465,0.152014
2574,1,0.973777,0.002574,0.023649
2575,1,0.985810,0.000496,0.013693
2576,1,0.008297,0.638159,0.353545
2577,0,0.922958,0.000396,0.076646
2578,0,0.058738,0.000411,0.940851
2579,1,0.018858,0.000123,0.981019
2580,0,0.000124,0.000089,0.999788
2581,0,0.004475,0.000110,0.995415
2582,1,0.000968,0.000081,0.998952
2583,1,0.165159,0.006693,0.828148
2584,0,0.000327,0.000085,0.999587
2585,1,0.955274,0.000417,0.044310
2586,0,0.010099,0.000064,0.989837
2587,1,0.507573,0.413532,0.078895
2588,1,0.000684,0.000085,0.999231
2589,1,0.926737,0.000585,0.072678
2590,0,0.077633,0.000161,0.922206
2591,0,0.155227,0.000246,0.844526
2592,1,0.022724,0.000275,0.977000
2593,0,0.035757,0.000156,0.964086
2594,1,0.001927,0.000194,0.997879
2595,1,0.998708,0.000476,0.000816
2596,0,0.003278,0.003578,0.993144
2597,0,0.000510,0.000076,0.999413
2598,0,0.000833,0.000071,0.999096
2599,1,0.046278,0.002669,0.951053
2600,1,0.677509,0.000737,0.321753
2601,0,0.001157,0.000067,0.998776
2602,1,0.994354,0.000953,0.004693
2603,1,0.175869,0.000756,0.823375
2604,0,0.363399,0.000412,0.636189
2605,1,0.970913,0.000313,0.028774
2606,0,0.003938,0.000183,0.995878
2607,0,0.996354,0.000270,0.003375
2608,1,0.446260,0.164790,0.388950
2609,0,0.008810,0.000078,0.991112
2610,0,0.000178,0.000102,0.999720
2611,0,0.000162,0.000092,0.999746
2612,0,0.000741,0.000061,0.999197
2613,0,0.933584,0.000271,0.066145
2614,0,0.996492,0.000177,0.003331
2615,0,0.009574,0.000661,0.989765
2616,0,0.000123,0.000080,0.999798
2617,0,0.000202,0.000118,0.999680
2618,0,0.993434,0.000630,0.005937
2619,0,0.000200,0.000071,0.999730
2620,1,0.922956,0.000224,0.076820
2621,1,0.000517,0.000090,0.999393
2622,1,0.994790,0.000161,0.005050
2623,1,0.994600,0.000153,0.005247
2624,1,0.997802,0.000964,0.001233
2625,0,0.000143,0.000102,0.999755
2626,1,0.000182,0.000075,0.999743
2627,0,0.000176,0.000183,0.999640
2628,1,0.014580,0.000210,0.985210
2629,1,0.003588,0.000155,0.996257
2630,0,0.000209,0.000108,0.999683
2631,1,0.996698,0.000985,0.002317
2632,1,0.961448,0.000390,0.038162
2633,0,0.000713,0.000054,0.999232
2634,1,0.082033,0.000853,0.917115
2635,0,0.000136,0.000086,0.999778
2636,1,0.995637,0.000730,0.003633
2637,0,0.665779,0.001010,0.333212
2638,1,0.820828,0.000685,0.178487
2639,0,0.000146,0.000098,0.999756
2640,1,0.995218,0.000884,0.003898
2641,0,0.021306,0.000122,0.978573
2642,0,0.036126,0.000197,0.963676
2643,1,0.052544,0.005743,0.941713
2644,1,0.998202,0.000851,0.000947
2645,0,0.008514,0.000079,0.991407
2646,0,0.000689,0.000077,0.999234
2647,1,0.000832,0.081781,0.917388
2648,1,0.739608,0.184493,0.075899
2649,1,0.964729,0.000527,0.034743
2650,1,0.001166,0.000167,0.998667
2651,0,0.008166,0.000091,0.991743
2652,0,0.000246,0.000069,0.999685
2653,0,0.000105,0.000133,0.999762
2654,0,0.273987,0.000358,0.725655
2655,0,0.000386,0.000078,0.999536
2656,1,0.714933,0.087435,0.197632
2657,0,0.000437,0.000058,0.999506
2658,1,0.040834,0.000166,0.959000
2659,0,0.004110,0.000103,0.995788
2660,0,0.000159,0.000054,0.999786
2661,1,0.970364,0.000440,0.029195
2662,1,0.393759,0.004568,0.601673
2663,0,0.000127,0.000080,0.999793
2664,0,0.010387,0.000112,0.989501
2665,0,0.028326,0.000285,0.971390
2666,0,0.607544,0.000503,0.391953
2667,1,0.926706,0.000264,0.073030
2668,0,0.002046,0.000050,0.997905
2669,0,0.000137,0.000079,0.999784
2670,0,0.000355,0.000059,0.999587
2671,0,0.000356,0.000081,0.999563
2672,0,0.004970,0.000270,0.994760
2673,1,0.998375,0.000474,0.001151
2674,0,0.716835,0.000569,0.282596
2675,0,0.004421,0.000289,0.995290
2676,0,0.000845,0.000051,0.999104
2677,0,0.170238,0.000359,0.829403
2678,1,0.003327,0.000068,0.996605
2679,1,0.007694,0.000108,0.992198
2680,1,0.788386,0.000783,0.210832
2681,1,0.306867,0.388142,0.304991
2682,1,0.398160,0.510664,0.091176
2683,1,0.997350,0.000645,0.002004
2684,0,0.003872,0.000099,0.996029
2685,1,0.904431,0.000389,0.095180
2686,0,0.933598,0.000207,0.066195
2687,0,0.015393,0.000130,0.984478
2688,0,0.000252,0.000119,0.999629
2689,0,0.000472,0.000237,0.999291
2690,0,0.601563,0.000318,0.398119
2691,0,0.000222,0.000069,0.999709
2692,0,0.996304,0.000247,0.003449
2693,0,0.000339,0.000056,0.999605
2694,0,0.000115,0.000289,0.999596
2695,0,0.000851,0.000178,0.998971
2696,1,0.020577,0.000337,0.979086
2697,1,0.995522,0.000462,0.004016
2698,1,0.923934,0.000276,0.075790
2699,1,0.990117,0.000287,0.009597
2700,0,0.033227,0.000160,0.966613
2701,0,0.049693,0.000290,0.950017
2702,0,0.000236,0.000085,0.999678
2703,1,0.021546,0.000106,0.978348
2704,0,0.000175,0.000081,0.999744
2705,0,0.004157,0.000145,0.995698
2706,0,0.000117,0.000137,0.999746
2707,1,0.997371,0.000193,0.002436
2708,1,0.965976,0.000892,0.033131
2709,0,0.004198,0.000046,0.995756
2710,1,0.998475,0.000170,0.001356
2711,0,0.000161,0.000070,0.999768
2712,1,0.030985,0.005830,0.963184
2713,1,0.328854,0.379468,0.291678
2714,1,0.002246,0.000076,0.997678
2715,0,0.000420,0.000054,0.999526
2716,1,0.007720,0.000224,0.992056
2717,0,0.000309,0.000097,0.999594
2718,1,0.002393,0.000104,0.997503
2719,1,0.028852,0.000106,0.971042
2720,1,0.440106,0.009514,0.550379
2721,1,0.004794,0.000134,0.995072
2722,0,0.995968,0.003545,0.000487
2723,1,0.041322,0.000771,0.957906
2724,0,0.000631,0.000067,0.999303
2725,1,0.467173,0.001412,0.531415
2726,1,0.290848,0.001839,0.707313
2727,1,0.062506,0.000352,0.937143
2728,1,0.991255,0.000213,0.008532
2729,0,0.000323,0.000051,0.999626
2730,0,0.000301,0.000050,0.999649
2731,0,0.429975,0.000644,0.569382
2732,0,0.000637,0.000081,0.999283
2733,1,0.998094,0.001066,0.000840
2734,0,0.000258,0.000299,0.999443
2735,0,0.002725,0.000122,0.997154
2736,0,0.000576,0.000085,0.999339
2737,0,0.001109,0.000082,0.998809
2738,1,0.705119,0.000602,0.294279
2739,1,0.024233,0.000234,0.975533
2740,1,0.024269,0.000368,0.975363
2741,0,0.000400,0.000147,0.999453
2742,0,0.000596,0.000072,0.999332
2743,0,0.025601,0.000123,0.974276
2744,1,0.136796,0.000524,0.862681
2745,1,0.997261,0.000521,0.002218
2746,0,0.015578,0.000188,0.984234
2747,1,0.096182,0.000305,0.903513
2748,0,0.000133,0.000108,0.999758
2749,1,0.363292,0.562442,0.074266
2750,0,0.000149,0.000121,0.999731
2751,1,0.999103,0.000206,0.000691
2752,0,0.000168,0.000078,0.999754
2753,1,0.707977,0.004020,0.288002
2754,0,0.956163,0.000277,0.043560
2755,1,0.001825,0.075009,0.923166
2756,1,0.886689,0.000656,0.112656
2757,0,0.001071,0.000303,0.998626
2758,1,0.000271,0.000047,0.999681
2759,0,0.001276,0.000076,0.998649
2760,0,0.001143,0.000050,0.998808
2761,0,0.000218,0.000120,0.999662
2762,0,0.001979,0.000111,0.997910
2763,0,0.000156,0.000060,0.999785
2764,1,0.315709,0.215559,0.468732
2765,1,0.083650,0.001005,0.915344
2766,1,0.997304,0.000213,0.002483
2767,0,0.000228,0.000456,0.999316
2768,1,0.554290,0.078104,0.367605
2769,0,0.998408,0.000181,0.001411
2770,0,0.000882,0.000060,0.999058
2771,0,0.000244,0.000077,0.999680
2772,1,0.298942,0.000391,0.700667
2773,1,0.988734,0.000187,0.011079
2774,1,0.996773,0.000266,0.002961
2775,1,0.022132,0.000293,0.977574
2776,0,0.000587,0.000059,0.999354
2777,0,0.288163,0.000458,0.711379
2778,0,0.000295,0.000049,0.999656
2779,1,0.001934,0.000262,0.997804
2780,0,0.000189,0.000220,0.999591
2781,1,0.999022,0.000269,0.000710
2782,1,0.010268,0.000205,0.989527
2783,1,0.000439,0.000083,0.999478
2784,0,0.907488,0.000289,0.092223
2785,1,0.963666,0.000339,0.035995
2786,0,0.000181,0.000058,0.999762
2787,0,0.000551,0.000063,0.999386
2788,1,0.999183,0.000170,0.000647
2789,0,0.000433,0.000043,0.999524
2790,1,0.640448,0.001440,0.358112
2791,0,0.000334,0.000049,0.999617
2792,0,0.001786,0.000089,0.998125
2793,1,0.560457,0.001273,0.438270
2794,1,0.005905,0.000115,0.993980
2795,0,0.000387,0.000180,0.999433
2796,0,0.735524,0.000764,0.263712
2797,1,0.245074,0.000398,0.754528
2798,1,0.992006,0.000160,0.007833
2799,1,0.998802,0.000252,0.000946
2800,0,0.000190,0.000063,0.999747
2801,0,0.000283,0.000197,0.999520
2802,1,0.024199,0.000246,0.975555
2803,0,0.020117,0.000124,0.979759
2804,0,0.000145,0.000065,0.999791
2805,0,0.000228,0.000076,0.999696
2806,1,0.008754,0.000111,0.991135
2807,0,0.000455,0.000044,0.999501
2808,1,0.891605,0.000287,0.108108
2809,0,0.000148,0.000086,0.999766
2810,0,0.000431,0.000053,0.999516
2811,0,0.000107,0.000098,0.999796
2812,0,0.000689,0.000065,0.999246
2813,0,0.935558,0.000366,0.064076
2814,1,0.095449,0.858225,0.046326
2815,0,0.002180,0.000079,0.997741
2816,1,0.987111,0.011125,0.001764
2817,0,0.000147,0.000077,0.999777
2818,0,0.000307,0.000369,0.999323
2819,1,0.057360,0.001102,0.941538
2820,0,0.000378,0.000142,0.999480
2821,0,0.000175,0.000100,0.999725
2822,0,0.000197,0.000216,0.999587
2823,0,0.994756,0.000204,0.005040
2824,0,0.000346,0.000135,0.999519
2825,1,0.584235,0.001489,0.414276
2826,0,0.000740,0.000051,0.999209
2827,0,0.000113,0.000097,0.999790
2828,1,0.257875,0.713204,0.028921
2829,0,0.811372,0.000310,0.188318
2830,1,0.521907,0.468035,0.010058
2831,0,0.000197,0.000066,0.999737
2832,1,0.991183,0.000840,0.007977
2833,0,0.000303,0.000073,0.999624
2834,0,0.000172,0.000076,0.999752
2835,0,0.000159,0.000219,0.999622
2836,0,0.002954,0.000062,0.996983
2837,0,0.000398,0.000078,0.999524
2838,1,0.626565,0.331638,0.041797
2839,1,0.003563,0.000222,0.996215
2840,1,0.002334,0.000053,0.997613
2841,0,0.000127,0.000212,0.999662
2842,0,0.008916,0.000106,0.990978
2843,1,0.294614,0.000451,0.704935
2844,0,0.000149,0.000522,0.999329
2845,1,0.995809,0.000200,0.003990
2846,1,0.914563,0.000243,0.085194
2847,1,0.991129,0.000192,0.008679
2848,0,0.000408,0.000063,0.999530
2849,1,0.046842,0.000267,0.952891
2850,1,0.003467,0.000124,0.996409
2851,0,0.023712,0.000116,0.976172
2852,0,0.004071,0.000078,0.995852
2853,1,0.982720,0.000354,0.016926
2854,0,0.007220,0.000100,0.992679
2855,1,0.498059,0.354204,0.147737
2856,0,0.052996,0.000225,0.946778
2857,0,0.024336,0.000146,0.975518
2858,1,0.305359,0.000271,0.694369
2859,1,0.998782,0.000210,0.001007
2860,1,0.999067,0.000307,0.000627
2861,1,0.996238,0.000398,0.003364
2862,0,0.011247,0.000197,0.988556
2863,1,0.005576,0.000101,0.994322
2864,0,0.781471,0.000639,0.217890
2865,0,0.000144,0.000113,0.999743
2866,1,0.627560,0.000398,0.372042
2867,1,0.000228,0.000299,0.999473
2868,0,0.003542,0.000067,0.996391
2869,0,0.000158,0.000064,0.999778
2870,0,0.006496,0.000178,0.993326
2871,0,0.000681,0.000040,0.999279
2872,0,0.523907,0.000286,0.475806
2873,0,0.701431,0.000265,0.298304
2874,1,0.000238,0.000074,0.999688
2875,0,0.001346,0.000586,0.998068
2876,0,0.000337,0.000044,0.999619
2877,1,0.464486,0.002146,0.533367
2878,0,0.000269,0.000073,0.999658
2879,0,0.201728,0.000292,0.797980
2880,1,0.994019,0.000324,0.005657
2881,1,0.007238,0.000296,0.992466
2882,0,0.000213,0.011888,0.987898
2883,0,0.000355,0.000070,0.999575
2884,0,0.000149,0.000071,0.999780
2885,1,0.994313,0.000209,0.005478
2886,1,0.219982,0.000401,0.779617
2887,0,0.000414,0.000135,0.999451
2888,0,0.000130,0.000091,0.999779
2889,1,0.000240,0.000076,0.999683
2890,0,0.806146,0.000254,0.193600
2891,0,0.000978,0.000081,0.998940
2892,0,0.000564,0.000060,0.999376
2893,1,0.026138,0.000181,0.973682
2894,0,0.000248,0.000077,0.999676
2895,0,0.000397,0.000041,0.999562
2896,0,0.010172,0.000071,0.989757
2897,0,0.000144,0.000076,0.999780
2898,0,0.000631,0.000127,0.999243
2899,1,0.991272,0.000221,0.008508
2900,0,0.000305,0.000057,0.999638
2901,1,0.000805,0.000749,0.998447
2902,1,0.449691,0.007218,0.543091
2903,1,0.996138,0.003244,0.000618
2904,1,0.996701,0.002304,0.000995
2905,0,0.000387,0.000082,0.999531
2906,0,0.140709,0.000211,0.859080
2907,1,0.995316,0.000207,0.004477
2908,1,0.003865,0.000094,0.996041
2909,1,0.255328,0.000366,0.744306
2910,0,0.000174,0.000067,0.999759
2911,1,0.384344,0.216479,0.399177
2912,0,0.085701,0.000574,0.913725
2913,1,0.069790,0.000874,0.929336
2914,1,0.052186,0.000255,0.947559
2915,1,0.525515,0.047273,0.427212
2916,0,0.003668,0.000083,0.996249
2917,0,0.000293,0.001629,0.998078
2918,0,0.000370,0.000535,0.999095
2919,1,0.248401,0.000399,0.751200
2920,1,0.118434,0.000384,0.881182
2921,1,0.970574,0.001129,0.028297
2922,1,0.998690,0.000396,0.000915
2923,0,0.000596,0.000069,0.999335
2924,0,0.001603,0.000057,0.998340
2925,0,0.001567,0.000090,0.998343
2926,0,0.000252,0.000278,0.999471
2927,0,0.000211,0.000091,0.999699
2928,0,0.000415,0.000167,0.999418
2929,1,0.995637,0.002557,0.001806
2930,1,0.000297,0.000066,0.999636
2931,1,0.988578,0.007245,0.004176
2932,0,0.159471,0.000505,0.840023
2933,1,0.124552,0.705433,0.170016
2934,0,0.000160,0.000078,0.999762
2935,0,0.000324,0.000054,0.999622
2936,0,0.675978,0.000370,0.323652
2937,1,0.998479,0.000471,0.001050
2938,0,0.000241,0.000053,0.999705
2939,1,0.998764,0.000250,0.000985
2940,0,0.000120,0.000098,0.999782
2941,1,0.021865,0.000116,0.978019
2942,1,0.996959,0.000239,0.002803
2943,1,0.998372,0.000743,0.000885
2944,1,0.816377,0.000524,0.183099
2945,1,0.988805,0.010105,0.001090
2946,1,0.000735,0.000081,0.999183
2947,0,0.081695,0.000135,0.918169
2948,0,0.000587,0.000179,0.999234
2949,1,0.992187,0.001053,0.006760
2950,0,0.000445,0.000066,0.999489
2951,0,0.165313,0.000808,0.833878
2952,1,0.130400,0.001850,0.867750
2953,1,0.995527,0.000787,0.003686
2954,1,0.315026,0.002247,0.682727
2955,0,0.000137,0.000086,0.999777
2956,0,0.000164,0.000088,0.999747
2957,1,0.707984,0.017697,0.274320
2958,0,0.000127,0.000090,0.999783
2959,1,0.725409,0.205404,0.069188
2960,1,0.992439,0.000290,0.007271
2961,0,0.000298,0.000088,0.999614
2962,0,0.002459,0.000066,0.997475
2963,0,0.000718,0.000072,0.999211
2964,0,0.000106,0.000127,0.999767
2965,0,0.139551,0.000263,0.860186
2966,0,0.349088,0.000224,0.650689
2967,1,0.881150,0.000650,0.118200
2968,0,0.000157,0.000078,0.999765
2969,0,0.000160,0.000058,0.999781
2970,0,0.043699,0.000114,0.956187
2971,0,0.000273,0.000079,0.999648
2972,1,0.993011,0.001712,0.005277
2973,0,0.005484,0.000123,0.994393
2974,0,0.849613,0.000422,0.149965
2975,1,0.012993,0.000250,0.986757
2976,1,0.975575,0.023346,0.001080
2977,1,0.011580,0.000116,0.988304
2978,1,0.501677,0.000429,0.497894
2979,1,0.083392,0.000216,0.916391
2980,0,0.000543,0.000047,0.999409
2981,1,0.995820,0.001466,0.002714
2982,0,0.000108,0.000111,0.999780
2983,1,0.000132,0.000122,0.999747
2984,1,0.996276,0.001951,0.001773
2985,1,0.990553,0.009166,0.000281
2986,0,0.000459,0.000085,0.999456
2987,0,0.000272,0.000052,0.999676
2988,0,0.027169,0.000151,0.972680
2989,1,0.923459,0.000471,0.076070
2990,0,0.000407,0.000159,0.999434
2991,0,0.006040,0.000118,0.993843
2992,1,0.982323,0.000381,0.017296
2993,0,0.000501,0.000078,0.999422
2994,1,0.988303,0.006721,0.004977
2995,1,0.998766,0.000838,0.000395
2996,0,0.012775,0.000100,0.987125
2997,1,0.004163,0.000300,0.995537
2998,0,0.014458,0.000117,0.985425
2999,0,0.000353,0.000134,0.999513
