row_id,gold,p_hate,p_offensive,p_normal
0,0,0.003050,0.000240,0.996710
1,0,0.010117,0.000162,0.989722
2,1,0.595569,0.001195,0.403236
3,1,0.994707,0.002117,0.003176
4,0,0.000647,0.000269,0.999084
5,1,0.073215,0.529706,0.397079
6,0,0.950790,0.001813,0.047397
7,0,0.015460,0.000175,0.984365
8,1,0.333050,0.000922,0.666028
9,0,0.011548,0.000251,0.988202
10,0,0.002036,0.000141,0.997823
11,1,0.975019,0.004507,0.020474
12,0,0.030042,0.000428,0.969530
13,0,0.000738,0.000195,0.999068
14,1,0.662399,0.217073,0.120528
15,1,0.992012,0.003119,0.004869
16,1,0.989537,0.006160,0.004304
17,1,0.300553,0.000831,0.698616
18,1,0.349576,0.001667,0.648758
19,1,0.935855,0.001732,0.062413
20,1,0.905271,0.002475,0.092254
21,1,0.031203,0.001135,0.967662
22,1,0.579846,0.412238,0.007917
23,1,0.186254,0.001694,0.812052
24,1,0.045879,0.001021,0.953100
25,1,0.991993,0.000464,0.007543
26,0,0.412233,0.000523,0.587245
27,1,0.488695,0.001034,0.510271
28,1,0.625895,0.000850,0.373255
29,0,0.006018,0.000187,0.993795
30,0,0.009692,0.000216,0.990092
31,0,0.042979,0.000882,0.956139
32,0,0.003004,0.000173,0.996822
33,0,0.115233,0.000786,0.883981
34,0,0.054377,0.000587,0.945036
35,1,0.655556,0.000858,0.343586
36,0,0.578649,0.001141,0.420210
37,1,0.301669,0.617408,0.080923
38,0,0.035468,0.000574,0.963958
39,1,0.835622,0.113553,0.050824
40,0,0.060332,0.000472,0.939196
41,1,0.456227,0.001350,0.542423
42,0,0.001135,0.000133,0.998731
43,1,0.559763,0.002574,0.437664
44,1,0.990885,0.001512,0.007604
45,1,0.290463,0.002723,0.706814
46,1,0.151624,0.001267,0.847109
47,1,0.408591,0.000580,0.590829
48,0,0.102155,0.000372,0.897473
49,0,0.001205,0.000187,0.998609
50,0,0.000987,0.000264,0.998750
51,0,0.042153,0.000408,0.957439
52,1,0.468561,0.047603,0.483836
53,0,0.040636,0.181895,0.777469
54,0,0.031963,0.000962,0.967075
55,0,0.015629,0.000263,0.984108
56,1,0.873902,0.003452,0.122645
57,0,0.464873,0.000617,0.534510
58,0,0.129940,0.000578,0.869482
59,1,0.956470,0.005868,0.037662
60,0,0.012573,0.000190,0.987237
61,0,0.005052,0.000252,0.994696
62,1,0.043093,0.000506,0.956401
63,0,0.112829,0.000623,0.886548
64,0,0.002136,0.000368,0.997496
65,0,0.005697,0.000346,0.993957
66,0,0.030489,0.000539,0.968972
67,0,0.017438,0.000219,0.982342
68,0,0.010854,0.000287,0.988859
69,0,0.005255,0.000242,0.994503
70,1,0.711068,0.054568,0.234363
71,0,0.001232,0.000188,0.998580
72,1,0.425893,0.001126,0.572981
73,0,0.032124,0.000207,0.967669
74,0,0.432994,0.000667,0.566339
75,1,0.179930,0.000671,0.819400
76,1,0.206177,0.001130,0.792692
77,1,0.274917,0.001008,0.724074
78,0,0.017797,0.000356,0.981847
79,0,0.001695,0.000129,0.998176
80,0,0.016745,0.004325,0.978931
81,1,0.833751,0.000740,0.165509
82,1,0.968503,0.000748,0.030748
83,1,0.472486,0.001914,0.525600
84,0,0.640495,0.000677,0.358828
85,0,0.021737,0.001633,0.976630
86,1,0.029413,0.591821,0.378766
87,1,0.666756,0.002033,0.331210
88,1,0.812335,0.015829,0.171835
89,1,0.161654,0.001080,0.837267
90,0,0.005423,0.000266,0.994310
91,0,0.172512,0.001740,0.825748
92,1,0.641987,0.001607,0.356406
93,0,0.400529,0.001068,0.598403
94,0,0.021380,0.000318,0.978302
95,1,0.817491,0.000756,0.181753
96,1,0.789541,0.000759,0.209700
97,0,0.002327,0.000212,0.997460
98,0,0.084915,0.001535,0.913550
99,1,0.736197,0.205848,0.057956
100,0,0.154701,0.000724,0.844575
101,1,0.747105,0.000524,0.252372
102,1,0.938142,0.000551,0.061307
103,0,0.136736,0.000580,0.862684
104,1,0.404824,0.000743,0.594433
105,1,0.936608,0.000637,0.062755
106,0,0.289120,0.000637,0.710244
107,1,0.992566,0.000399,0.007035
108,1,0.969266,0.000631,0.030103
109,1,0.992640,0.001655,0.005704
110,0,0.036067,0.000255,0.963678
111,1,0.388833,0.006600,0.604567
112,1,0.036307,0.000247,0.963446
113,1,0.035281,0.001337,0.963382
114,1,0.683979,0.164279,0.151742
115,1,0.156854,0.818009,0.025137
116,0,0.014020,0.000501,0.985479
117,0,0.000833,0.000288,0.998879
118,0,0.025701,0.000349,0.973950
119,1,0.062603,0.000309,0.937087
120,1,0.961060,0.000340,0.038600
121,0,0.001778,0.000137,0.998085
122,0,0.730083,0.001134,0.268783
123,0,0.010097,0.000196,0.989707
124,1,0.883022,0.086312,0.030666
125,1,0.976900,0.005989,0.017111
126,1,0.309204,0.655006,0.035790
127,1,0.058790,0.000703,0.940507
128,1,0.846164,0.001247,0.152588
129,0,0.104357,0.000374,0.895269
130,1,0.065641,0.272356,0.662003
131,0,0.000890,0.000206,0.998904
132,1,0.237386,0.001847,0.760768
133,0,0.010196,0.000348,0.989456
134,0,0.000692,0.000361,0.998946
135,1,0.074855,0.000405,0.924740
136,0,0.029634,0.000269,0.970097
137,0,0.000910,0.000184,0.998906
138,0,0.042494,0.000511,0.956996
139,1,0.333645,0.015493,0.650862
140,1,0.526804,0.004929,0.468267
141,0,0.000929,0.000196,0.998875
142,0,0.005871,0.000368,0.993760
143,0,0.051512,0.000225,0.948264
144,0,0.000624,0.000473,0.998902
145,1,0.072387,0.000278,0.927335
146,1,0.804988,0.007505,0.187508
147,0,0.164216,0.000895,0.834889
148,1,0.918055,0.000983,0.080962
149,1,0.843247,0.019837,0.136916
150,0,0.043682,0.000262,0.956056
151,0,0.120020,0.000779,0.879202
152,1,0.914655,0.000560,0.084785
153,1,0.052060,0.000949,0.946991
154,1,0.987788,0.001704,0.010508
155,0,0.131438,0.000548,0.868014
156,1,0.333965,0.000630,0.665404
157,1,0.012025,0.000615,0.987360
158,0,0.000825,0.000231,0.998945
159,1,0.781755,0.000890,0.217355
160,1,0.827397,0.001187,0.171416
161,1,0.729315,0.001351,0.269335
162,1,0.785877,0.001266,0.212856
163,1,0.992599,0.000922,0.006479
164,1,0.987244,0.000933,0.011823
165,1,0.913146,0.000378,0.086475
166,0,0.033765,0.000303,0.965932
167,0,0.001292,0.000207,0.998502
168,1,0.093195,0.000862,0.905943
169,0,0.001109,0.000306,0.998585
170,1,0.061649,0.010843,0.927509
171,0,0.014314,0.000158,0.985528
172,0,0.297987,0.001064,0.700949
173,0,0.000562,0.000264,0.999174
174,0,0.134385,0.000568,0.865047
175,0,0.014347,0.000201,0.985452
176,0,0.002881,0.000168,0.996951
177,1,0.039301,0.134035,0.826663
178,0,0.118006,0.000746,0.881248
179,1,0.977789,0.003916,0.018295
180,1,0.991151,0.004651,0.004198
181,0,0.000695,0.000198,0.999107
182,0,0.354000,0.001496,0.644503
183,0,0.815541,0.000667,0.183793
184,1,0.282386,0.001227,0.716386
185,0,0.001232,0.000198,0.998570
186,0,0.711572,0.001977,0.286450
187,0,0.941245,0.001039,0.057716
188,1,0.838349,0.000536,0.161115
189,1,0.381237,0.602353,0.016410
190,1,0.867073,0.000869,0.132058
191,0,0.280224,0.001274,0.718503
192,1,0.988820,0.001424,0.009756
193,0,0.028406,0.000236,0.971358
194,0,0.000952,0.000798,0.998249
195,0,0.014937,0.000457,0.984606
196,0,0.002640,0.001295,0.996064
197,0,0.012447,0.000203,0.987350
198,1,0.988070,0.000978,0.010951
199,1,0.989520,0.007757,0.002723
200,1,0.406190,0.001513,0.592297
201,0,0.456720,0.004382,0.538898
202,0,0.043984,0.000372,0.955644
203,1,0.045373,0.852033,0.102594
204,1,0.900646,0.001073,0.098282
205,0,0.000657,0.000525,0.998818
206,0,0.002663,0.000561,0.996776
207,0,0.000804,0.000276,0.998920
208,0,0.083544,0.000686,0.915771
209,0,0.038054,0.000326,0.961620
210,0,0.001430,0.000186,0.998383
211,0,0.043577,0.000340,0.956083
212,0,0.039764,0.000238,0.959999
213,1,0.625602,0.001612,0.372786
214,0,0.001851,0.000139,0.998010
215,0,0.001929,0.000171,0.997900
216,0,0.001153,0.000262,0.998585
217,0,0.076934,0.000684,0.922383
218,0,0.007243,0.000185,0.992572
219,1,0.027744,0.001925,0.970331
220,0,0.004593,0.000377,0.995030
221,0,0.001410,0.000228,0.998361
222,0,0.053785,0.000660,0.945555
223,1,0.983941,0.001810,0.014250
224,0,0.352132,0.001089,0.646779
225,0,0.000568,0.000312,0.999119
226,1,0.018932,0.001831,0.979237
227,1,0.946265,0.001243,0.052492
228,0,0.002242,0.000158,0.997601
229,0,0.004398,0.000228,0.995375
230,0,0.137617,0.000319,0.862063
231,0,0.009656,0.000241,0.990103
232,0,0.001777,0.000785,0.997438
233,0,0.001834,0.000208,0.997958
234,0,0.028645,0.000415,0.970939
235,1,0.015449,0.000320,0.984231
236,0,0.018642,0.000437,0.980920
237,0,0.076927,0.001116,0.921957
238,1,0.986110,0.000970,0.012921
239,0,0.179688,0.000754,0.819557
240,1,0.636531,0.013917,0.349552
241,0,0.020131,0.000273,0.979596
242,1,0.934610,0.058107,0.007283
243,0,0.026083,0.000178,0.973740
244,0,0.019264,0.000359,0.980377
245,1,0.991403,0.004246,0.004351
246,0,0.015602,0.000243,0.984155
247,0,0.024521,0.000282,0.975197
248,0,0.024290,0.000341,0.975369
249,1,0.027036,0.000366,0.972598
250,0,0.041121,0.000378,0.958501
251,1,0.002889,0.070904,0.926207
252,0,0.003219,0.000523,0.996258
253,1,0.992978,0.000770,0.006252
254,0,0.064746,0.000772,0.934481
255,0,0.011724,0.000194,0.988082
256,0,0.004926,0.000160,0.994914
257,0,0.012591,0.000203,0.987207
258,1,0.921063,0.000729,0.078208
259,0,0.082803,0.000425,0.916772
260,1,0.255575,0.001962,0.742463
261,0,0.025909,0.000228,0.973862
262,0,0.003675,0.000192,0.996132
263,1,0.455619,0.001058,0.543323
264,1,0.959767,0.000624,0.039609
265,0,0.211974,0.000412,0.787614
266,1,0.987233,0.000894,0.011873
267,0,0.002974,0.000226,0.996800
268,0,0.003948,0.000232,0.995821
269,0,0.008298,0.000127,0.991575
270,1,0.013240,0.003220,0.983540
271,0,0.023441,0.000426,0.976134
272,1,0.884981,0.000562,0.114457
273,0,0.004889,0.000180,0.994931
274,1,0.971575,0.002991,0.025435
275,0,0.013186,0.000168,0.986645
276,1,0.876868,0.005878,0.117254
277,1,0.956913,0.035422,0.007665
278,1,0.336473,0.001023,0.662504
279,1,0.818249,0.000710,0.181041
280,1,0.157549,0.000904,0.841547
281,1,0.161583,0.001051,0.837366
282,0,0.170710,0.000545,0.828745
283,1,0.005298,0.000986,0.993717
284,0,0.000824,0.000205,0.998971
285,0,0.061344,0.000607,0.938049
286,1,0.093104,0.000451,0.906446
287,0,0.054320,0.000689,0.944991
288,0,0.253890,0.001195,0.744915
289,1,0.012797,0.000356,0.986847
290,0,0.001775,0.000244,0.997981
291,0,0.062666,0.000563,0.936771
292,0,0.032212,0.000318,0.967471
293,0,0.011867,0.000445,0.987688
294,1,0.404123,0.008865,0.587012
295,1,0.498111,0.001199,0.500689
296,1,0.007988,0.000961,0.991051
297,0,0.004281,0.000164,0.995554
298,0,0.001724,0.000208,0.998068
299,0,0.021719,0.000324,0.977957
300,1,0.919284,0.000493,0.080223
301,1,0.860033,0.000729,0.139237
302,1,0.943554,0.002189,0.054258
303,1,0.111117,0.000589,0.888295
304,1,0.972901,0.022887,0.004213
305,0,0.001388,0.000219,0.998394
306,0,0.889447,0.000864,0.109689
307,0,0.000611,0.000173,0.999216
308,1,0.988329,0.000754,0.010917
309,1,0.954937,0.002723,0.042340
310,1,0.972815,0.020399,0.006786
311,0,0.003003,0.000315,0.996682
312,0,0.114549,0.000414,0.885037
313,1,0.993669,0.003287,0.003044
314,0,0.002458,0.000424,0.997118
315,0,0.003418,0.000225,0.996357
316,1,0.992477,0.002727,0.004795
317,0,0.006723,0.000187,0.993090
318,1,0.217404,0.561976,0.220620
319,0,0.774903,0.000618,0.224480
320,0,0.009075,0.000179,0.990746
321,1,0.022514,0.078757,0.898729
322,0,0.232332,0.001487,0.766181
323,1,0.169255,0.000737,0.830007
324,1,0.869908,0.033537,0.096555
325,1,0.571865,0.102654,0.325481
326,0,0.001764,0.000166,0.998070
327,0,0.000774,0.000228,0.998998
328,1,0.991798,0.006714,0.001488
329,0,0.024610,0.000276,0.975114
330,0,0.011854,0.000276,0.987870
331,1,0.710221,0.001467,0.288313
332,0,0.004325,0.000245,0.995430
333,0,0.154181,0.000847,0.844972
334,0,0.024650,0.000441,0.974909
335,0,0.002766,0.000192,0.997042
336,1,0.432671,0.005056,0.562273
337,1,0.123656,0.001463,0.874881
338,1,0.619233,0.000694,0.380073
339,1,0.548290,0.041121,0.410590
340,1,0.139136,0.000871,0.859993
341,1,0.986463,0.000386,0.013151
342,0,0.008746,0.000254,0.991000
343,0,0.056704,0.000247,0.943050
344,0,0.059719,0.000423,0.939858
345,0,0.221901,0.000378,0.777722
346,0,0.001202,0.000281,0.998517
347,1,0.989810,0.000452,0.009739
348,1,0.869743,0.001520,0.128737
349,0,0.001203,0.000142,0.998655
350,0,0.264138,0.000767,0.735095
351,0,0.001441,0.000229,0.998330
352,0,0.168400,0.000841,0.830759
353,1,0.774350,0.001902,0.223748
354,0,0.073735,0.001687,0.924578
355,0,0.076398,0.002113,0.921489
356,0,0.263595,0.000974,0.735431
357,0,0.027660,0.000446,0.971894
358,0,0.087779,0.000549,0.911672
359,0,0.524495,0.000792,0.474713
360,1,0.358057,0.000855,0.641088
361,0,0.009183,0.000274,0.990544
362,0,0.004065,0.000170,0.995765
363,0,0.064290,0.000483,0.935227
364,0,0.095788,0.000762,0.903450
365,1,0.773794,0.000830,0.225376
366,0,0.002820,0.000355,0.996826
367,1,0.222872,0.462569,0.314559
368,0,0.262402,0.000929,0.736669
369,0,0.274899,0.000547,0.724554
370,0,0.006463,0.000169,0.993368
371,0,0.132439,0.000458,0.867103
372,0,0.001824,0.000178,0.997998
373,1,0.229147,0.001041,0.769813
374,1,0.067473,0.001204,0.931322
375,0,0.004741,0.000205,0.995054
376,1,0.982566,0.000547,0.016887
377,0,0.039575,0.000239,0.960185
378,1,0.172147,0.622064,0.205789
379,1,0.914166,0.036494,0.049340
380,0,0.071291,0.000424,0.928284
381,1,0.385596,0.002910,0.611494
382,0,0.003846,0.000577,0.995577
383,1,0.277979,0.003273,0.718748
384,1,0.734799,0.000499,0.264702
385,1,0.304344,0.000557,0.695099
386,1,0.147838,0.001144,0.851019
387,1,0.042914,0.000351,0.956735
388,0,0.118943,0.000744,0.880314
389,0,0.245588,0.001257,0.753155
390,0,0.452856,0.000811,0.546333
391,0,0.019901,0.000174,0.979925
392,1,0.515383,0.069732,0.414885
393,0,0.395889,0.000715,0.603396
394,0,0.349744,0.000697,0.649559
395,0,0.012171,0.000356,0.987472
396,1,0.829097,0.150333,0.020570
397,0,0.060384,0.000344,0.939272
398,1,0.061282,0.044082,0.894636
399,1,0.105647,0.001554,0.892799
400,1,0.776370,0.000904,0.222726
401,0,0.188124,0.000372,0.811504
402,1,0.231703,0.001426,0.766871
403,1,0.679614,0.000978,0.319408
404,1,0.604505,0.001598,0.393897
405,1,0.518698,0.002906,0.478396
406,1,0.070544,0.000428,0.929028
407,1,0.055587,0.000843,0.943570
408,1,0.438235,0.000671,0.561094
409,0,0.000783,0.000290,0.998927
410,0,0.004369,0.000440,0.995191
411,0,0.020615,0.000326,0.979059
412,1,0.347725,0.023044,0.629232
413,0,0.087575,0.000377,0.912048
414,1,0.929360,0.002533,0.068107
415,0,0.713661,0.000587,0.285752
416,1,0.340281,0.000993,0.658726
417,0,0.002654,0.000196,0.997149
418,0,0.658622,0.300785,0.040593
419,0,0.001811,0.000323,0.997865
420,1,0.096281,0.000504,0.903215
421,1,0.984735,0.006107,0.009159
422,0,0.095591,0.000502,0.903907
423,1,0.397423,0.001084,0.601493
424,1,0.497398,0.001222,0.501380
425,1,0.680444,0.001446,0.318110
426,0,0.016132,0.000629,0.983239
427,1,0.805529,0.000550,0.193921
428,1,0.858148,0.000615,0.141237
429,0,0.023424,0.000410,0.976165
430,1,0.544148,0.001924,0.453928
431,1,0.306551,0.000709,0.692740
432,1,0.945442,0.004216,0.050342
433,0,0.001077,0.000197,0.998726
434,0,0.184772,0.000371,0.814857
435,1,0.994515,0.000772,0.004713
436,1,0.105177,0.001457,0.893366
437,1,0.983237,0.013447,0.003316
438,0,0.033074,0.000476,0.966450
439,0,0.218130,0.000506,0.781364
440,1,0.913914,0.014828,0.071258
441,0,0.496405,0.000885,0.502709
442,1,0.004268,0.000278,0.995454
443,1,0.009595,0.000387,0.990018
444,0,0.246700,0.000913,0.752386
445,1,0.797146,0.001030,0.201823
446,0,0.000842,0.000180,0.998978
447,1,0.985436,0.000828,0.013736
448,0,0.603142,0.001102,0.395756
449,0,0.007247,0.000231,0.992522
450,0,0.062442,0.000365,0.937193
451,0,0.000578,0.000525,0.998897
452,1,0.984486,0.000533,0.014981
453,0,0.738661,0.000766,0.260573
454,0,0.023897,0.000232,0.975871
455,1,0.521974,0.000897,0.477129
456,1,0.207513,0.001109,0.791378
457,1,0.002570,0.000327,0.997103
458,0,0.010370,0.000328,0.989302
459,0,0.375128,0.000453,0.624419
460,1,0.714838,0.000398,0.284764
461,1,0.928123,0.000446,0.071430
462,1,0.966268,0.000543,0.033188
463,1,0.372405,0.001081,0.626514
464,1,0.976757,0.015081,0.008161
465,1,0.848835,0.000748,0.150417
466,1,0.592329,0.000889,0.406782
467,1,0.374228,0.000432,0.625341
468,0,0.001794,0.000165,0.998041
469,0,0.366189,0.000602,0.633209
470,0,0.022742,0.000430,0.976829
471,0,0.002607,0.000130,0.997263
472,1,0.989137,0.000866,0.009997
473,0,0.021238,0.000397,0.978365
474,0,0.023932,0.000412,0.975656
475,0,0.418784,0.000747,0.580469
476,0,0.003995,0.000154,0.995851
477,1,0.676061,0.006833,0.317106
478,0,0.008410,0.000168,0.991422
479,0,0.003083,0.000173,0.996744
480,0,0.001258,0.000195,0.998547
481,0,0.006112,0.000205,0.993683
482,1,0.275215,0.063251,0.661534
483,1,0.977269,0.000898,0.021834
484,0,0.001624,0.000171,0.998205
485,1,0.335576,0.000501,0.663923
486,0,0.012745,0.001320,0.985935
487,0,0.235887,0.000441,0.763672
488,1,0.994941,0.001748,0.003311
489,0,0.008409,0.000665,0.990927
490,0,0.070904,0.000668,0.928427
491,0,0.247264,0.000529,0.752207
492,1,0.909870,0.086196,0.003935
493,0,0.004062,0.000212,0.995727
494,0,0.010085,0.000342,0.989573
495,1,0.015410,0.000834,0.983755
496,1,0.995705,0.002014,0.002281
497,1,0.933372,0.001407,0.065221
498,1,0.966324,0.000407,0.033269
499,0,0.054763,0.000617,0.944620
500,1,0.976553,0.016761,0.006686
501,1,0.928946,0.000413,0.070642
502,1,0.139425,0.000720,0.859856
503,1,0.112674,0.001248,0.886078
504,1,0.467729,0.001849,0.530423
505,1,0.960254,0.009374,0.030372
506,1,0.032429,0.000713,0.966858
507,0,0.012499,0.055809,0.931692
508,0,0.002354,0.000146,0.997500
509,0,0.000734,0.001421,0.997844
510,1,0.735142,0.012296,0.252561
511,1,0.001928,0.000358,0.997713
512,1,0.114798,0.000625,0.884577
513,0,0.010756,0.000468,0.988776
514,1,0.099175,0.070097,0.830728
515,0,0.002313,0.000131,0.997555
516,0,0.006711,0.000182,0.993107
517,1,0.005193,0.000141,0.994665
518,0,0.039438,0.000486,0.960076
519,0,0.004110,0.000230,0.995659
520,1,0.968860,0.000701,0.030439
521,1,0.974947,0.001071,0.023982
522,0,0.178066,0.001286,0.820648
523,1,0.381141,0.001221,0.617638
524,1,0.992222,0.002049,0.005729
525,1,0.535459,0.001498,0.463043
526,0,0.021072,0.000318,0.978610
527,1,0.867243,0.000542,0.132215
528,0,0.065146,0.000319,0.934535
529,1,0.625438,0.001743,0.372819
530,0,0.000871,0.000491,0.998638
531,0,0.008141,0.000261,0.991597
532,0,0.002097,0.000201,0.997702
533,1,0.105218,0.001341,0.893442
534,1,0.992846,0.000664,0.006490
535,1,0.988422,0.000547,0.011031
536,1,0.992078,0.000952,0.006969
537,0,0.001533,0.000144,0.998323
538,0,0.005687,0.000128,0.994184
539,1,0.897291,0.002713,0.099996
540,1,0.992579,0.000637,0.006784
541,1,0.970152,0.001390,0.028458
542,1,0.542128,0.000854,0.457018
543,0,0.047148,0.000455,0.952397
544,0,0.482390,0.000443,0.517167
545,0,0.063533,0.000545,0.935922
546,1,0.327863,0.001957,0.670180
547,1,0.384989,0.001116,0.613894
548,0,0.003470,0.000142,0.996389
549,0,0.033278,0.000429,0.966293
550,0,0.198704,0.000315,0.800981
551,1,0.990376,0.007252,0.002372
552,0,0.012028,0.000400,0.987573
553,0,0.328911,0.000778,0.670310
554,0,0.000333,0.001135,0.998532
555,0,0.561182,0.000657,0.438161
556,0,0.002323,0.000194,0.997484
557,1,0.818905,0.004687,0.176408
558,0,0.000844,0.000214,0.998943
559,0,0.381781,0.000873,0.617347
560,1,0.641551,0.007132,0.351317
561,1,0.789308,0.058031,0.152661
562,1,0.838917,0.001630,0.159453
563,1,0.001609,0.000396,0.997996
564,0,0.000918,0.000520,0.998562
565,1,0.279317,0.173708,0.546975
566,1,0.103827,0.000630,0.895543
567,1,0.230791,0.000869,0.768340
568,0,0.004080,0.000152,0.995768
569,1,0.105746,0.620886,0.273367
570,1,0.947959,0.001174,0.050867
571,1,0.065489,0.337323,0.597189
572,1,0.972324,0.000593,0.027083
573,1,0.990568,0.000334,0.009099
574,0,0.048130,0.000265,0.951605
575,0,0.115385,0.000708,0.883907
576,0,0.010184,0.000336,0.989481
577,1,0.553447,0.001820,0.444733
578,1,0.848491,0.000951,0.150559
579,1,0.495020,0.001254,0.503726
580,1,0.922752,0.000803,0.076445
581,1,0.976814,0.019495,0.003691
582,1,0.994816,0.002419,0.002766
583,0,0.001729,0.000242,0.998030
584,1,0.945968,0.000851,0.053181
585,0,0.000645,0.002084,0.997271
586,0,0.000900,0.000287,0.998813
587,0,0.001069,0.000274,0.998658
588,0,0.015652,0.000379,0.983968
589,0,0.010491,0.000185,0.989324
590,1,0.994012,0.000755,0.005232
591,0,0.584110,0.000855,0.415034
592,0,0.000625,0.000175,0.999200
593,0,0.016274,0.000510,0.983216
594,0,0.001401,0.000368,0.998232
595,1,0.188175,0.001186,0.810639
596,0,0.263802,0.000654,0.735543
597,0,0.002877,0.000447,0.996676
598,1,0.223965,0.001875,0.774160
599,0,0.648929,0.000404,0.350666
600,0,0.006802,0.000243,0.992955
601,0,0.003128,0.000137,0.996735
602,1,0.959972,0.000397,0.039631
603,0,0.003313,0.000177,0.996511
604,0,0.078180,0.001357,0.920463
605,1,0.704465,0.000764,0.294771
606,1,0.347426,0.000680,0.651894
607,1,0.850215,0.000638,0.149146
608,1,0.862754,0.001166,0.136080
609,0,0.050456,0.000236,0.949308
610,0,0.008183,0.000280,0.991537
611,0,0.044100,0.000415,0.955485
612,0,0.907806,0.000718,0.091476
613,0,0.019940,0.000977,0.979083
614,1,0.057576,0.001125,0.941299
615,1,0.618958,0.001443,0.379599
616,1,0.273113,0.093659,0.633228
617,0,0.030286,0.000510,0.969205
618,1,0.940011,0.018069,0.041920
619,0,0.272943,0.000650,0.726407
620,0,0.000803,0.000148,0.999049
621,1,0.984238,0.009434,0.006328
622,1,0.574865,0.002032,0.423103
623,0,0.003216,0.000134,0.996650
624,0,0.052099,0.000305,0.947595
625,1,0.898805,0.001380,0.099816
626,0,0.591590,0.000981,0.407429
627,1,0.676674,0.291404,0.031922
628,0,0.010076,0.000300,0.989624
629,0,0.435344,0.001198,0.563458
630,0,0.185814,0.003477,0.810710
631,1,0.996530,0.000825,0.002645
632,1,0.873215,0.101148,0.025637
633,1,0.017287,0.000366,0.982347
634,0,0.090650,0.002635,0.906716
635,0,0.001034,0.000160,0.998806
636,1,0.003459,0.000336,0.996206
637,0,0.014763,0.000317,0.984920
638,1,0.010089,0.000449,0.989461
639,1,0.024003,0.000642,0.975354
640,0,0.036675,0.000648,0.962677
641,1,0.003048,0.000373,0.996579
642,0,0.002371,0.000133,0.997496
643,0,0.007202,0.000392,0.992406
644,1,0.986212,0.005070,0.008718
645,1,0.656345,0.001560,0.342095
646,1,0.955119,0.000418,0.044462
647,0,0.003829,0.000276,0.995895
648,1,0.905522,0.012036,0.082442
649,0,0.001319,0.000784,0.997897
650,0,0.788826,0.001575,0.209599
651,1,0.918192,0.000905,0.080903
652,0,0.011514,0.000310,0.988176
653,1,0.987100,0.000477,0.012423
654,0,0.004645,0.000279,0.995076
655,1,0.006855,0.000433,0.992712
656,1,0.703937,0.230978,0.065084
657,0,0.335830,0.001042,0.663128
658,0,0.049924,0.000232,0.949844
659,1,0.524235,0.001015,0.474749
660,1,0.002741,0.000230,0.997029
661,1,0.168880,0.001470,0.829650
662,1,0.944172,0.000422,0.055406
663,1,0.969332,0.001708,0.028961
664,1,0.945176,0.001221,0.053603
665,0,0.054665,0.000290,0.945045
666,0,0.007258,0.000279,0.992463
667,0,0.005774,0.000175,0.994051
668,0,0.003246,0.000267,0.996487
669,0,0.002699,0.000379,0.996922
670,1,0.983700,0.004892,0.011408
671,0,0.755174,0.000445,0.244381
672,1,0.424879,0.000706,0.574416
673,1,0.805419,0.000807,0.193774
674,0,0.372621,0.000390,0.626989
675,1,0.754179,0.001554,0.244267
676,0,0.005416,0.000575,0.994009
677,1,0.011128,0.000236,0.988636
678,0,0.003405,0.000351,0.996244
679,1,0.245988,0.000824,0.753188
680,1,0.986362,0.000720,0.012917
681,1,0.510954,0.001054,0.487992
682,1,0.992662,0.004332,0.003006
683,1,0.996444,0.001553,0.002003
684,1,0.854198,0.132498,0.013303
685,0,0.037463,0.000295,0.962242
686,0,0.411647,0.000662,0.587691
687,0,0.001140,0.000281,0.998579
688,1,0.862307,0.004698,0.132996
689,0,0.002641,0.000288,0.997071
690,1,0.089828,0.001655,0.908516
691,1,0.398285,0.010697,0.591018
692,0,0.001136,0.000155,0.998709
693,1,0.833528,0.000718,0.165754
694,1,0.987128,0.000324,0.012548
695,1,0.926629,0.000469,0.072902
696,0,0.013013,0.000177,0.986810
697,1,0.892618,0.102892,0.004490
698,0,0.174775,0.000626,0.824598
699,0,0.120308,0.002436,0.877255
700,0,0.191118,0.000354,0.808528
701,0,0.004181,0.000227,0.995592
702,0,0.032650,0.000213,0.967137
703,0,0.007701,0.000165,0.992134
704,1,0.064804,0.553053,0.382142
705,1,0.965597,0.031848,0.002555
706,1,0.167950,0.801033,0.031017
707,1,0.010132,0.013465,0.976403
708,0,0.000494,0.000269,0.999237
709,1,0.534561,0.000896,0.464543
710,1,0.980092,0.000632,0.019276
711,0,0.006478,0.000428,0.993093
712,1,0.057237,0.001609,0.941153
713,1,0.093997,0.001239,0.904763
714,0,0.007371,0.000211,0.992419
715,1,0.565128,0.356368,0.078504
716,0,0.003724,0.000392,0.995885
717,1,0.950814,0.033298,0.015888
718,1,0.003759,0.031256,0.964984
719,1,0.166507,0.569533,0.263960
720,1,0.169361,0.557114,0.273526
721,0,0.864005,0.000592,0.135403
722,1,0.164941,0.642236,0.192824
723,0,0.457914,0.000809,0.541277
724,1,0.667857,0.270229,0.061914
725,1,0.732887,0.001094,0.266019
726,0,0.003210,0.000221,0.996569
727,1,0.337308,0.001485,0.661207
728,1,0.077169,0.000390,0.922442
729,1,0.777441,0.003744,0.218815
730,0,0.684922,0.000746,0.314332
731,1,0.857140,0.000703,0.142157
732,1,0.029429,0.000361,0.970210
733,1,0.280317,0.001462,0.718220
734,0,0.000561,0.000520,0.998919
735,0,0.001285,0.000274,0.998441
736,1,0.987567,0.000410,0.012023
737,0,0.005153,0.000374,0.994474
738,1,0.190398,0.274989,0.534613
739,1,0.931689,0.000944,0.067367
740,1,0.085574,0.001469,0.912956
741,0,0.003253,0.000500,0.996248
742,0,0.134050,0.000675,0.865275
743,0,0.000663,0.000275,0.999062
744,1,0.989771,0.000468,0.009761
745,0,0.008366,0.000166,0.991468
746,0,0.002373,0.000172,0.997454
747,0,0.000874,0.000147,0.998978
748,0,0.006678,0.000405,0.992917
749,0,0.584590,0.001887,0.413523
750,0,0.000787,0.000222,0.998991
751,1,0.953855,0.011211,0.034934
752,0,0.696572,0.000946,0.302482
753,1,0.988335,0.001087,0.010578
754,0,0.323168,0.000713,0.676119
755,0,0.016680,0.000230,0.983090
756,0,0.717341,0.000883,0.281776
757,0,0.360069,0.000390,0.639541
758,1,0.009362,0.000179,0.990459
759,1,0.986975,0.001227,0.011799
760,1,0.979122,0.017301,0.003578
761,0,0.234791,0.001202,0.764006
762,1,0.916193,0.079377,0.004429
763,1,0.996813,0.001138,0.002050
764,0,0.003535,0.006128,0.990338
765,1,0.954980,0.034994,0.010026
766,1,0.876308,0.112979,0.010713
767,1,0.118033,0.001635,0.880331
768,1,0.990976,0.005332,0.003692
769,0,0.002759,0.000235,0.997006
770,1,0.459696,0.000838,0.539466
771,0,0.003223,0.000710,0.996066
772,0,0.000699,0.000216,0.999085
773,1,0.108530,0.001079,0.890391
774,0,0.036200,0.000535,0.963266
775,1,0.224702,0.000800,0.774499
776,1,0.002708,0.001197,0.996095
777,1,0.801916,0.000700,0.197384
778,1,0.666966,0.001480,0.331554
779,1,0.688971,0.000903,0.310126
780,0,0.587579,0.001041,0.411380
781,1,0.091994,0.726444,0.181562
782,0,0.000793,0.000196,0.999012
783,1,0.983757,0.000737,0.015506
784,1,0.993614,0.001262,0.005124
785,0,0.002932,0.000170,0.996898
786,1,0.407142,0.051976,0.540882
787,0,0.175446,0.000484,0.824070
788,0,0.002630,0.000151,0.997218
789,0,0.001352,0.000184,0.998464
790,0,0.001643,0.000145,0.998212
791,1,0.016870,0.001269,0.981860
792,0,0.005936,0.000235,0.993829
793,1,0.348796,0.273396,0.377809
794,0,0.002169,0.000157,0.997673
795,0,0.043308,0.000379,0.956314
796,1,0.948049,0.000947,0.051004
797,0,0.063168,0.000278,0.936554
798,0,0.013639,0.000222,0.986138
799,0,0.001457,0.000419,0.998124
800,0,0.101146,0.001664,0.897190
801,0,0.001993,0.002084,0.995923
802,1,0.317907,0.001123,0.680971
803,1,0.015246,0.000393,0.984361
804,0,0.039046,0.000280,0.960674
805,1,0.932525,0.017335,0.050140
806,1,0.471255,0.000674,0.528072
807,0,0.046920,0.000234,0.952846
808,1,0.992102,0.000804,0.007095
809,0,0.000789,0.000170,0.999041
810,1,0.631871,0.001909,0.366220
811,0,0.011455,0.000281,0.988264
812,0,0.026325,0.000293,0.973382
813,0,0.487013,0.000971,0.512015
814,1,0.236577,0.690035,0.073388
815,0,0.344257,0.001039,0.654704
816,1,0.888148,0.055399,0.056453
817,1,0.135619,0.000486,0.863895
818,1,0.389322,0.000984,0.609694
819,0,0.126740,0.000604,0.872656
820,1,0.987464,0.000700,0.011836
821,0,0.002099,0.000301,0.997600
822,1,0.434072,0.533449,0.032479
823,1,0.768311,0.000774,0.230915
824,0,0.000984,0.000167,0.998850
825,0,0.744312,0.000634,0.255054
826,0,0.012922,0.000695,0.986383
827,1,0.774104,0.002906,0.222990
828,0,0.248407,0.000596,0.750998
829,1,0.903226,0.000473,0.096301
830,1,0.784731,0.000405,0.214864
831,1,0.031560,0.000632,0.967808
832,0,0.091780,0.000351,0.907869
833,0,0.038676,0.000414,0.960910
834,0,0.001859,0.001662,0.996479
835,1,0.170591,0.000728,0.828682
836,1,0.881989,0.000808,0.117204
837,0,0.033482,0.000370,0.966148
838,0,0.889201,0.000587,0.110212
839,1,0.007734,0.000579,0.991687
840,0,0.067566,0.000731,0.931704
841,0,0.063154,0.000778,0.936068
842,1,0.290889,0.001867,0.707245
843,1,0.915944,0.000465,0.083591
844,0,0.039558,0.000537,0.959905
845,1,0.933040,0.058975,0.007985
846,0,0.227201,0.001298,0.771501
847,1,0.934878,0.053965,0.011157
848,1,0.989274,0.000688,0.010038
849,0,0.043845,0.000725,0.955430
850,0,0.070340,0.000409,0.929251
851,1,0.992629,0.001511,0.005860
852,1,0.982677,0.000942,0.016382
853,0,0.326976,0.000839,0.672185
854,1,0.733659,0.000812,0.265528
855,0,0.904124,0.000886,0.094990
856,0,0.094117,0.000652,0.905231
857,1,0.196152,0.001557,0.802291
858,1,0.588457,0.000846,0.410696
859,0,0.494528,0.000844,0.504628
860,1,0.673837,0.236200,0.089963
861,1,0.309919,0.001037,0.689044
862,1,0.346487,0.003215,0.650298
863,0,0.003236,0.000542,0.996222
864,1,0.496413,0.001606,0.501981
865,1,0.990355,0.000418,0.009227
866,0,0.280270,0.000949,0.718781
867,0,0.002169,0.000320,0.997511
868,1,0.112381,0.000650,0.886969
869,1,0.337640,0.000586,0.661774
870,0,0.001697,0.000160,0.998143
871,1,0.973867,0.000488,0.025644
872,1,0.956120,0.003174,0.040707
873,0,0.028011,0.000251,0.971738
874,0,0.681681,0.000487,0.317832
875,0,0.039236,0.000327,0.960436
876,0,0.004355,0.000199,0.995446
877,0,0.001549,0.000660,0.997791
878,0,0.006726,0.000315,0.992959
879,1,0.039010,0.000438,0.960552
880,0,0.001374,0.000143,0.998483
881,1,0.881795,0.000676,0.117529
882,1,0.958017,0.004090,0.037894
883,0,0.001127,0.000243,0.998630
884,1,0.521434,0.042636,0.435930
885,1,0.487521,0.001871,0.510608
886,0,0.003688,0.000299,0.996013
887,1,0.640440,0.001362,0.358198
888,1,0.103965,0.001453,0.894582
889,0,0.004198,0.001476,0.994327
890,1,0.974562,0.019056,0.006381
891,1,0.906419,0.052693,0.040888
892,0,0.004913,0.000182,0.994906
893,1,0.196808,0.000665,0.802527
894,1,0.019098,0.001358,0.979544
895,1,0.963895,0.025757,0.010348
896,1,0.996215,0.001817,0.001968
897,0,0.364666,0.000806,0.634527
898,0,0.003884,0.000126,0.995991
899,0,0.079303,0.000491,0.920206
900,0,0.010392,0.000403,0.989205
901,0,0.008662,0.000172,0.991166
902,1,0.748604,0.000915,0.250481
903,1,0.058548,0.450113,0.491339
904,1,0.776748,0.121420,0.101832
905,1,0.704892,0.002473,0.292635
906,1,0.843255,0.001192,0.155554
907,0,0.049002,0.000528,0.950469
908,1,0.082882,0.000683,0.916435
909,0,0.252347,0.000760,0.746893
910,0,0.044088,0.000452,0.955460
911,1,0.967749,0.023418,0.008833
912,1,0.984265,0.005012,0.010723
913,0,0.738181,0.000610,0.261209
914,1,0.353564,0.000993,0.645443
915,1,0.459939,0.000911,0.539151
916,1,0.911046,0.001571,0.087383
917,0,0.001965,0.000123,0.997913
918,1,0.072637,0.004018,0.923346
919,0,0.437178,0.000544,0.562278
920,1,0.599529,0.000686,0.399785
921,0,0.022766,0.000364,0.976870
922,1,0.134502,0.090754,0.774744
923,0,0.001377,0.000173,0.998449
924,0,0.001828,0.000195,0.997976
925,0,0.007821,0.000409,0.991770
926,0,0.050300,0.000389,0.949311
927,1,0.989493,0.001017,0.009490
928,1,0.329508,0.560099,0.110393
929,0,0.004831,0.000156,0.995013
930,0,0.283364,0.001049,0.715587
931,1,0.953682,0.002848,0.043470
932,0,0.168730,0.000685,0.830585
933,1,0.843710,0.001153,0.155137
934,0,0.872875,0.000596,0.126528
935,1,0.535677,0.364576,0.099747
936,0,0.034140,0.000433,0.965426
937,0,0.043115,0.000280,0.956605
938,1,0.798133,0.053392,0.148475
939,1,0.028264,0.010342,0.961394
940,0,0.301723,0.000860,0.697418
941,0,0.017955,0.000263,0.981782
942,0,0.124227,0.000288,0.875485
943,1,0.651721,0.002399,0.345879
944,1,0.728577,0.045463,0.225960
945,0,0.694101,0.006512,0.299387
946,1,0.982619,0.008093,0.009288
947,1,0.380806,0.000954,0.618240
948,0,0.003513,0.000350,0.996137
949,0,0.110514,0.000434,0.889051
950,0,0.686797,0.001289,0.311914
951,1,0.425315,0.002470,0.572214
952,1,0.985195,0.009983,0.004822
953,0,0.003032,0.000122,0.996845
954,1,0.947799,0.000439,0.051763
955,1,0.020453,0.000393,0.979154
956,0,0.039178,0.000943,0.959878
957,0,0.019776,0.000666,0.979557
958,1,0.871160,0.084556,0.044284
959,0,0.004442,0.000218,0.995340
960,0,0.003589,0.000184,0.996228
961,1,0.222813,0.003535,0.773651
962,0,0.436652,0.000816,0.562533
963,0,0.236832,0.000428,0.762740
964,1,0.634688,0.003109,0.362203
965,0,0.009651,0.000177,0.990172
966,1,0.600087,0.000493,0.399420
967,1,0.109626,0.002174,0.888199
968,1,0.995910,0.001815,0.002275
969,1,0.179973,0.007533,0.812494
970,1,0.787703,0.000772,0.211525
971,1,0.787049,0.000696,0.212256
972,1,0.119873,0.000778,0.879349
973,0,0.001186,0.000155,0.998659
974,0,0.008678,0.000221,0.991101
975,0,0.002386,0.000171,0.997444
976,0,0.007830,0.000184,0.991987
977,1,0.619880,0.001268,0.378852
978,1,0.001947,0.000290,0.997764
979,0,0.009710,0.000858,0.989432
980,1,0.048454,0.300161,0.651384
981,1,0.991623,0.001996,0.006381
982,0,0.037120,0.000429,0.962451
983,0,0.010491,0.000151,0.989358
984,1,0.554116,0.018240,0.427643
985,1,0.995998,0.000987,0.003015
986,1,0.117546,0.002754,0.879700
987,1,0.002706,0.000297,0.996996
988,0,0.030788,0.001710,0.967503
989,1,0.128086,0.000486,0.871427
990,0,0.056488,0.000333,0.943179
991,1,0.988544,0.001617,0.009839
992,1,0.004982,0.000374,0.994644
993,1,0.800544,0.185337,0.014119
994,0,0.218979,0.000510,0.780511
995,0,0.759116,0.000760,0.240124
996,1,0.992270,0.003170,0.004560
997,0,0.248253,0.000415,0.751332
998,1,0.812264,0.000887,0.186849
999,1,0.338345,0.000837,0.660818
1000,1,0.237999,0.000848,0.761153
1001,0,0.234471,0.000608,0.764921
1002,0,0.007460,0.000176,0.992365
1003,0,0.000753,0.000450,0.998797
1004,1,0.059110,0.000712,0.940178
1005,1,0.045622,0.001987,0.952391
1006,1,0.996026,0.001017,0.002956
1007,0,0.003286,0.000429,0.996285
1008,1,0.731646,0.002719,0.265635
1009,1,0.970516,0.000370,0.029114
1010,0,0.003520,0.000209,0.996271
1011,1,0.983521,0.009080,0.007400
1012,0,0.190252,0.000480,0.809268
1013,1,0.996979,0.001355,0.001666
1014,1,0.877353,0.004507,0.118141
1015,0,0.001362,0.000156,0.998483
1016,0,0.099958,0.000747,0.899295
1017,0,0.277452,0.001117,0.721431
1018,1,0.993163,0.001530,0.005307
1019,1,0.851845,0.135372,0.012783
1020,1,0.322664,0.000536,0.676800
1021,0,0.930177,0.051315,0.018508
1022,1,0.294102,0.000617,0.705281
1023,0,0.008195,0.000203,0.991602
1024,1,0.073879,0.000344,0.925777
1025,1,0.974417,0.001059,0.024524
1026,1,0.860975,0.000832,0.138193
1027,0,0.014495,0.000490,0.985015
1028,0,0.001639,0.000271,0.998090
1029,1,0.606460,0.001822,0.391718
1030,1,0.743548,0.239789,0.016663
1031,1,0.990445,0.000434,0.009121
1032,1,0.821551,0.000636,0.177812
1033,1,0.801027,0.003793,0.195180
1034,0,0.018123,0.000228,0.981650
1035,1,0.996447,0.001380,0.002173
1036,0,0.625405,0.000918,0.373677
1037,0,0.004195,0.000341,0.995464
1038,1,0.126347,0.001799,0.871855
1039,1,0.360593,0.005835,0.633572
1040,0,0.000617,0.000287,0.999096
1041,1,0.002310,0.000158,0.997532
1042,0,0.199799,0.001305,0.798896
1043,0,0.417738,0.000667,0.581595
1044,0,0.024199,0.000405,0.975396
1045,0,0.155143,0.000710,0.844147
1046,1,0.222587,0.003854,0.773559
1047,0,0.003650,0.000249,0.996101
1048,0,0.017646,0.001780,0.980574
1049,0,0.229462,0.001174,0.769364
1050,0,0.237813,0.001029,0.761158
1051,1,0.994782,0.003617,0.001601
1052,1,0.646213,0.208568,0.145220
1053,0,0.829343,0.000723,0.169934
1054,1,0.987835,0.002252,0.009913
1055,1,0.079161,0.000603,0.920236
1056,1,0.962415,0.000944,0.036641
1057,0,0.058443,0.000461,0.941096
1058,0,0.298639,0.001049,0.700312
1059,0,0.073813,0.000501,0.925686
1060,1,0.750860,0.001590,0.247551
1061,1,0.968107,0.000920,0.030973
1062,1,0.970337,0.000798,0.028864
1063,1,0.061088,0.326316,0.612596
1064,1,0.988424,0.003418,0.008158
1065,1,0.977237,0.000308,0.022455
1066,0,0.018073,0.000264,0.981663
1067,1,0.113484,0.457240,0.429276
1068,0,0.026733,0.000242,0.973025
1069,1,0.975610,0.000352,0.024038
1070,1,0.732316,0.000734,0.266951
1071,1,0.374233,0.001203,0.624564
1072,0,0.012356,0.000436,0.987207
1073,0,0.550197,0.000627,0.449176
1074,0,0.013428,0.000241,0.986331
1075,0,0.063856,0.000456,0.935688
1076,0,0.000833,0.000172,0.998995
1077,1,0.456459,0.207479,0.336061
1078,1,0.052793,0.000940,0.946267
1079,0,0.005137,0.002009,0.992854
1080,0,0.748453,0.000691,0.250856
1081,1,0.620678,0.179792,0.199530
1082,0,0.002687,0.000142,0.997171
1083,1,0.206885,0.001429,0.791686
1084,0,0.034028,0.000384,0.965588
1085,1,0.080828,0.000496,0.918676
1086,1,0.392161,0.001197,0.606643
1087,1,0.351304,0.002474,0.646221
1088,1,0.958809,0.027665,0.013526
1089,1,0.337724,0.001976,0.660301
1090,1,0.734497,0.001435,0.264068
1091,0,0.001060,0.000212,0.998728
1092,0,0.004941,0.000240,0.994819
1093,0,0.003292,0.000169,0.996539
1094,1,0.996505,0.001142,0.002353
1095,0,0.005924,0.000231,0.993846
1096,0,0.059612,0.000477,0.939911
1097,1,0.241620,0.001380,0.757000
1098,1,0.436240,0.001047,0.562714
1099,0,0.406806,0.000948,0.592247
1100,1,0.930621,0.000564,0.068815
1101,0,0.078450,0.000835,0.920715
1102,1,0.993476,0.000542,0.005982
1103,0,0.026236,0.000411,0.973353
1104,1,0.859401,0.001135,0.139464
1105,0,0.006459,0.000259,0.993283
1106,0,0.117626,0.000763,0.881611
1107,0,0.004004,0.000126,0.995870
1108,0,0.003905,0.000200,0.995895
1109,1,0.194701,0.760682,0.044617
1110,1,0.975618,0.012073,0.012309
1111,1,0.891022,0.001156,0.107822
1112,1,0.237049,0.561512,0.201439
1113,1,0.975178,0.000986,0.023836
1114,0,0.350713,0.000909,0.648378
1115,1,0.891753,0.000650,0.107597
1116,0,0.001625,0.000154,0.998222
1117,0,0.033205,0.000212,0.966584
1118,0,0.003285,0.000348,0.996368
1119,1,0.227926,0.730315,0.041759
1120,1,0.057025,0.000507,0.942468
1121,0,0.004770,0.000204,0.995026
1122,0,0.121234,0.000464,0.878302
1123,1,0.006019,0.000200,0.993781
1124,1,0.623722,0.068739,0.307539
1125,1,0.943302,0.003576,0.053122
1126,0,0.017488,0.000214,0.982298
1127,0,0.002327,0.000145,0.997528
1128,0,0.000986,0.000227,0.998787
1129,0,0.035291,0.000551,0.964158
1130,0,0.002632,0.000167,0.997201
1131,0,0.001272,0.000152,0.998576
1132,0,0.000954,0.001166,0.997880
1133,1,0.159710,0.018875,0.821415
1134,0,0.022186,0.000314,0.977500
1135,0,0.001977,0.000161,0.997862
1136,0,0.484690,0.000977,0.514332
1137,0,0.001666,0.000155,0.998179
1138,0,0.020731,0.000212,0.979057
1139,1,0.884786,0.000568,0.114646
1140,1,0.356932,0.627651,0.015417
1141,0,0.000857,0.000166,0.998977
1142,1,0.493422,0.486618,0.019961
1143,0,0.122951,0.001115,0.875933
1144,0,0.102252,0.001311,0.896436
1145,1,0.348731,0.001560,0.649709
1146,1,0.918006,0.005249,0.076745
1147,0,0.000919,0.000607,0.998474
1148,0,0.003693,0.000129,0.996178
1149,1,0.867149,0.000884,0.131967
1150,1,0.917929,0.004913,0.077158
1151,0,0.506831,0.000589,0.492580
1152,1,0.903577,0.003413,0.093010
1153,0,0.003260,0.000127,0.996613
1154,1,0.940410,0.000474,0.059115
1155,0,0.565190,0.000747,0.434064
1156,1,0.111437,0.000428,0.888135
1157,0,0.000988,0.000186,0.998827
1158,1,0.335965,0.001613,0.662422
1159,0,0.079006,0.000466,0.920529
1160,1,0.962316,0.000501,0.037184
1161,1,0.273365,0.001396,0.725239
1162,1,0.046486,0.001246,0.952268
1163,1,0.451933,0.000685,0.547382
1164,1,0.993625,0.003060,0.003315
1165,0,0.036202,0.000430,0.963368
1166,0,0.001556,0.000153,0.998291
1167,1,0.034637,0.001441,0.963922
1168,0,0.004131,0.001224,0.994645
1169,0,0.057739,0.000392,0.941868
1170,1,0.886627,0.000629,0.112744
1171,0,0.001557,0.000142,0.998301
1172,1,0.927887,0.000361,0.071752
1173,1,0.922792,0.001186,0.076022
1174,1,0.655969,0.001126,0.342905
1175,1,0.754891,0.000532,0.244577
1176,0,0.076132,0.000415,0.923453
1177,1,0.703173,0.000601,0.296225
1178,0,0.143556,0.000458,0.855986
1179,0,0.026777,0.000299,0.972925
1180,1,0.976678,0.009580,0.013742
1181,1,0.897019,0.003651,0.099331
1182,1,0.737707,0.001399,0.260895
1183,0,0.003520,0.000143,0.996336
1184,1,0.868779,0.001523,0.129698
1185,0,0.000847,0.000165,0.998989
1186,0,0.187200,0.000861,0.811939
1187,0,0.003004,0.000693,0.996303
1188,0,0.086862,0.000767,0.912371
1189,1,0.906481,0.082204,0.011315
1190,1,0.973300,0.009699,0.017001
1191,1,0.974740,0.001507,0.023753
1192,0,0.025446,0.000346,0.974209
1193,1,0.988317,0.001063,0.010620
1194,0,0.000586,0.000239,0.999175
1195,0,0.065268,0.000313,0.934418
1196,1,0.943196,0.000390,0.056414
1197,1,0.979127,0.011239,0.009634
1198,1,0.979870,0.000923,0.019207
1199,1,0.303517,0.001113,0.695369
1200,0,0.002129,0.000137,0.997734
1201,1,0.293835,0.000988,0.705176
1202,0,0.022350,0.000316,0.977335
1203,0,0.261880,0.000781,0.737339
1204,0,0.001696,0.000141,0.998163
1205,1,0.836280,0.001359,0.162361
1206,0,0.060560,0.000248,0.939192
1207,0,0.099506,0.000575,0.899919
1208,0,0.083453,0.000418,0.916129
1209,0,0.074363,0.001411,0.924227
1210,1,0.148078,0.001130,0.850792
1211,1,0.937708,0.000542,0.061750
1212,1,0.080654,0.000418,0.918928
1213,1,0.470548,0.000634,0.528818
1214,1,0.218982,0.001088,0.779930
1215,1,0.963891,0.000450,0.035659
1216,1,0.976363,0.000341,0.023296
1217,1,0.993319,0.002860,0.003820
1218,1,0.553102,0.003639,0.443259
1219,1,0.017571,0.000209,0.982220
1220,1,0.902049,0.001669,0.096283
1221,0,0.013183,0.000218,0.986599
1222,0,0.020782,0.000341,0.978877
1223,1,0.532849,0.001964,0.465186
1224,1,0.133549,0.005092,0.861359
1225,1,0.017177,0.004726,0.978097
1226,1,0.021822,0.000258,0.977920
1227,1,0.009047,0.000268,0.990684
1228,0,0.393759,0.000629,0.605612
1229,0,0.003929,0.000194,0.995876
1230,1,0.992411,0.002047,0.005542
1231,1,0.879404,0.100846,0.019750
1232,0,0.007775,0.000484,0.991741
1233,1,0.154503,0.001701,0.843796
1234,0,0.062524,0.000433,0.937043
1235,0,0.100237,0.000950,0.898813
1236,0,0.023106,0.000763,0.976131
1237,0,0.018557,0.000329,0.981115
1238,0,0.002341,0.000137,0.997522
1239,0,0.000493,0.000298,0.999209
1240,0,0.025059,0.000458,0.974483
1241,0,0.000672,0.000242,0.999086
1242,1,0.993214,0.000468,0.006318
1243,0,0.876032,0.000606,0.123362
1244,1,0.992062,0.000454,0.007484
1245,0,0.031329,0.002004,0.966668
1246,0,0.001687,0.000234,0.998079
1247,0,0.419067,0.000653,0.580281
1248,1,0.560248,0.091762,0.347991
1249,0,0.027102,0.000457,0.972441
1250,0,0.000774,0.000188,0.999038
1251,1,0.895967,0.094797,0.009236
1252,0,0.035749,0.003867,0.960384
1253,1,0.971366,0.001494,0.027140
1254,1,0.956278,0.007251,0.036471
1255,1,0.096205,0.001167,0.902628
1256,1,0.001511,0.000183,0.998306
1257,0,0.011362,0.000167,0.988471
1258,0,0.001862,0.000151,0.997988
1259,0,0.072981,0.000471,0.926548
1260,1,0.977027,0.013030,0.009942
1261,1,0.476357,0.001311,0.522332
1262,0,0.005861,0.000153,0.993985
1263,1,0.418100,0.000816,0.581084
1264,1,0.035636,0.006431,0.957933
1265,0,0.025260,0.000371,0.974369
1266,0,0.039882,0.000251,0.959867
1267,1,0.660181,0.000692,0.339127
1268,1,0.009632,0.000242,0.990126
1269,1,0.440450,0.002312,0.557238
1270,0,0.020336,0.000277,0.979387
1271,0,0.003268,0.000215,0.996517
1272,0,0.024592,0.000361,0.975047
1273,1,0.904215,0.030264,0.065522
1274,1,0.862176,0.023287,0.114536
1275,0,0.000847,0.000358,0.998794
1276,0,0.003234,0.000143,0.996623
1277,1,0.584848,0.002099,0.413052
1278,1,0.183657,0.785810,0.030533
1279,1,0.620716,0.024372,0.354912
1280,0,0.104498,0.002135,0.893367
1281,0,0.013867,0.000255,0.985878
1282,1,0.302072,0.001103,0.696826
1283,1,0.379748,0.003014,0.617238
1284,0,0.000737,0.000487,0.998776
1285,0,0.002371,0.000343,0.997286
1286,1,0.132669,0.000521,0.866810
1287,0,0.007627,0.000201,0.992172
1288,1,0.061955,0.718067,0.219978
1289,0,0.008141,0.000144,0.991716
1290,0,0.003799,0.000154,0.996047
1291,1,0.916126,0.002863,0.081011
1292,1,0.880061,0.025367,0.094572
1293,1,0.007258,0.000852,0.991890
1294,0,0.001542,0.000165,0.998293
1295,1,0.982733,0.000379,0.016888
1296,1,0.140291,0.848786,0.010923
1297,1,0.740488,0.133292,0.126221
1298,1,0.987727,0.007565,0.004709
1299,1,0.962243,0.020954,0.016803
1300,1,0.459237,0.000552,0.540211
1301,0,0.001358,0.000188,0.998453
1302,1,0.988982,0.008106,0.002911
1303,1,0.659243,0.001214,0.339544
1304,1,0.805806,0.005535,0.188659
1305,0,0.001375,0.000175,0.998450
1306,1,0.993919,0.004740,0.001341
1307,1,0.770386,0.001266,0.228349
1308,1,0.996905,0.000630,0.002464
1309,1,0.993183,0.001311,0.005506
1310,0,0.312851,0.000515,0.686634
1311,1,0.491190,0.005793,0.503017
1312,1,0.041231,0.148985,0.809783
1313,1,0.318334,0.001780,0.679887
1314,1,0.355404,0.000768,0.643828
1315,1,0.958489,0.012059,0.029451
1316,1,0.383821,0.003575,0.612603
1317,1,0.299529,0.000849,0.699622
1318,0,0.006025,0.000188,0.993787
1319,0,0.025462,0.001978,0.972561
1320,1,0.517525,0.000561,0.481915
1321,0,0.009758,0.000223,0.990019
1322,0,0.015242,0.000384,0.984374
1323,1,0.750870,0.142577,0.106553
1324,0,0.050804,0.000318,0.948879
1325,0,0.013883,0.000212,0.985905
1326,0,0.036180,0.000707,0.963113
1327,0,0.107186,0.000380,0.892434
1328,1,0.964125,0.001373,0.034501
1329,1,0.020897,0.005503,0.973599
1330,1,0.018842,0.000248,0.980910
1331,0,0.032467,0.000715,0.966818
1332,1,0.006617,0.000175,0.993208
1333,0,0.019384,0.000259,0.980357
1334,0,0.026845,0.000409,0.972746
1335,0,0.002399,0.000184,0.997417
1336,1,0.389794,0.001242,0.608964
1337,1,0.111528,0.001275,0.887197
1338,0,0.030033,0.000278,0.969689
1339,0,0.020678,0.000716,0.978606
1340,1,0.993652,0.001165,0.005183
1341,0,0.545002,0.311633,0.143365
1342,1,0.026397,0.308174,0.665429
1343,0,0.006551,0.000164,0.993286
1344,1,0.415025,0.001972,0.583004
1345,1,0.392667,0.001097,0.606236
1346,1,0.901102,0.000965,0.097934
1347,1,0.213943,0.000558,0.785498
1348,1,0.992286,0.001874,0.005841
1349,1,0.984605,0.001570,0.013825
1350,1,0.271238,0.000552,0.728210
1351,0,0.072745,0.000483,0.926771
1352,0,0.001033,0.000230,0.998737
1353,1,0.935530,0.041829,0.022641
1354,1,0.705856,0.000806,0.293339
1355,1,0.223268,0.004624,0.772108
1356,1,0.399631,0.002383,0.597985
1357,1,0.082071,0.000563,0.917367
1358,0,0.023924,0.000317,0.975759
1359,0,0.001043,0.000138,0.998819
1360,1,0.969903,0.000433,0.029664
1361,1,0.868515,0.001067,0.130418
1362,1,0.481929,0.001103,0.516968
1363,1,0.927129,0.001291,0.071581
1364,1,0.016328,0.000223,0.983450
1365,0,0.000920,0.000223,0.998858
1366,1,0.507752,0.000753,0.491495
1367,1,0.446652,0.004566,0.548782
1368,1,0.553955,0.000915,0.445129
1369,0,0.110055,0.000442,0.889503
1370,1,0.434697,0.001348,0.563955
1371,0,0.002345,0.000186,0.997470
1372,1,0.989182,0.000425,0.010392
1373,1,0.005083,0.002810,0.992108
1374,0,0.070349,0.000427,0.929224
1375,1,0.827647,0.000596,0.171757
1376,1,0.948408,0.000416,0.051176
1377,0,0.029510,0.000493,0.969997
1378,1,0.994117,0.000433,0.005450
1379,1,0.994117,0.000433,0.005450
1380,0,0.001086,0.000160,0.998754
1381,1,0.898393,0.000642,0.100966
1382,0,0.001273,0.000212,0.998515
1383,1,0.892772,0.000907,0.106320
1384,1,0.163897,0.013616,0.822487
1385,0,0.049571,0.000583,0.949846
1386,0,0.004291,0.000220,0.995489
1387,1,0.766571,0.001462,0.231967
1388,0,0.077138,0.000392,0.922470
1389,1,0.945644,0.031694,0.022661
1390,0,0.007708,0.000331,0.991961
1391,1,0.992408,0.000603,0.006989
1392,1,0.869391,0.001603,0.129006
1393,0,0.000918,0.000164,0.998918
1394,1,0.991643,0.000443,0.007914
1395,0,0.002343,0.000407,0.997249
1396,1,0.996009,0.000959,0.003033
1397,1,0.926772,0.000444,0.072784
1398,0,0.013924,0.000288,0.985788
1399,1,0.180442,0.001050,0.818508
1400,0,0.014433,0.000243,0.985324
1401,1,0.033990,0.000585,0.965425
1402,0,0.000876,0.000182,0.998942
1403,1,0.045967,0.000372,0.953661
1404,1,0.990092,0.007906,0.002001
1405,0,0.001079,0.000167,0.998754
1406,1,0.051603,0.001259,0.947138
1407,0,0.133833,0.001617,0.864550
1408,1,0.002484,0.000834,0.996682
1409,1,0.201102,0.702292,0.096606
1410,0,0.039394,0.003416,0.957190
1411,0,0.005811,0.000135,0.994054
1412,0,0.002292,0.000183,0.997524
1413,0,0.002743,0.000182,0.997075
1414,0,0.013185,0.000217,0.986598
1415,1,0.787125,0.000965,0.211910
1416,1,0.977960,0.002328,0.019712
1417,1,0.995864,0.000639,0.003497
1418,0,0.000547,0.000264,0.999190
1419,0,0.012174,0.000266,0.987561
1420,0,0.001371,0.000152,0.998477
1421,0,0.145557,0.000377,0.854065
1422,1,0.397277,0.526058,0.076664
1423,1,0.291815,0.000671,0.707514
1424,0,0.025814,0.000223,0.973963
1425,0,0.049672,0.000488,0.949840
1426,1,0.974111,0.000871,0.025018
1427,1,0.079763,0.000492,0.919745
1428,0,0.003120,0.000180,0.996700
1429,1,0.878512,0.001539,0.119948
1430,1,0.259918,0.002507,0.737576
1431,1,0.786567,0.015375,0.198058
1432,1,0.018598,0.000722,0.980680
1433,0,0.036069,0.000699,0.963232
1434,0,0.004187,0.000162,0.995650
1435,0,0.007506,0.000211,0.992283
1436,1,0.268357,0.000792,0.730851
1437,0,0.141134,0.000732,0.858133
1438,0,0.272496,0.000585,0.726919
1439,0,0.188211,0.001625,0.810164
1440,0,0.003982,0.000275,0.995742
1441,0,0.009179,0.000334,0.990487
1442,0,0.010450,0.000280,0.989271
1443,0,0.068722,0.000470,0.930808
1444,1,0.491727,0.000954,0.507319
1445,1,0.953285,0.000408,0.046308
1446,1,0.851813,0.000345,0.147842
1447,1,0.654534,0.001189,0.344277
1448,1,0.592835,0.000593,0.406572
1449,0,0.755143,0.000620,0.244237
1450,1,0.979516,0.000453,0.020031
1451,0,0.052015,0.000240,0.947745
1452,1,0.993669,0.000713,0.005618
1453,1,0.989025,0.001613,0.009362
1454,1,0.979077,0.000516,0.020406
1455,1,0.992428,0.002958,0.004614
1456,1,0.823177,0.001982,0.174841
1457,1,0.982504,0.000549,0.016947
1458,1,0.970445,0.000624,0.028932
1459,1,0.583951,0.002517,0.413532
1460,1,0.934841,0.001444,0.063715
1461,1,0.202845,0.001083,0.796072
1462,1,0.987720,0.000420,0.011860
1463,0,0.001020,0.000174,0.998806
1464,0,0.510347,0.001042,0.488611
1465,0,0.004503,0.000151,0.995345
1466,1,0.037800,0.000536,0.961664
1467,0,0.001383,0.000211,0.998407
1468,1,0.996635,0.000652,0.002713
1469,0,0.025294,0.000238,0.974467
1470,1,0.665540,0.006843,0.327617
1471,1,0.983387,0.004057,0.012556
1472,0,0.001862,0.000172,0.997966
1473,1,0.954875,0.000588,0.044537
1474,1,0.984608,0.000666,0.014726
1475,0,0.017955,0.000908,0.981137
1476,1,0.477754,0.001365,0.520881
1477,1,0.272121,0.000587,0.727292
1478,1,0.062463,0.000982,0.936555
1479,0,0.009864,0.000198,0.989938
1480,1,0.001228,0.000142,0.998630
1481,0,0.005216,0.000229,0.994555
1482,1,0.655875,0.003175,0.340950
1483,1,0.148842,0.000875,0.850284
1484,0,0.005522,0.000238,0.994241
1485,1,0.985996,0.000400,0.013604
1486,0,0.090956,0.000734,0.908310
1487,1,0.753462,0.001345,0.245194
1488,0,0.064090,0.000503,0.935407
1489,1,0.912250,0.076222,0.011528
1490,1,0.353369,0.002028,0.644602
1491,1,0.014875,0.004768,0.980357
1492,0,0.212679,0.000619,0.786702
1493,1,0.049607,0.801042,0.149351
1494,1,0.994163,0.001034,0.004803
1495,1,0.776836,0.000788,0.222376
1496,1,0.372422,0.029164,0.598415
1497,1,0.933461,0.000483,0.066056
1498,0,0.000550,0.000469,0.998981
1499,1,0.141913,0.000795,0.857293
1500,0,0.046469,0.000315,0.953216
1501,1,0.979614,0.000594,0.019793
1502,1,0.113729,0.000306,0.885965
1503,0,0.865176,0.001188,0.133636
1504,1,0.737295,0.000727,0.261978
1505,1,0.973961,0.000497,0.025542
1506,1,0.356268,0.001176,0.642556
1507,0,0.121295,0.000297,0.878409
1508,1,0.937178,0.049335,0.013486
1509,1,0.724999,0.001037,0.273963
1510,1,0.939111,0.000585,0.060304
1511,0,0.007166,0.000194,0.992640
1512,0,0.079070,0.000690,0.920241
1513,0,0.007098,0.000559,0.992343
1514,1,0.638263,0.001446,0.360291
1515,1,0.069864,0.000903,0.929233
1516,0,0.003561,0.000221,0.996218
1517,1,0.496673,0.164648,0.338679
1518,1,0.981783,0.001628,0.016588
1519,0,0.247918,0.000362,0.751720
1520,1,0.987027,0.000519,0.012454
1521,0,0.090827,0.000703,0.908471
1522,1,0.693218,0.004429,0.302354
1523,1,0.034078,0.000759,0.965164
1524,0,0.012468,0.000339,0.987193
1525,0,0.006365,0.000221,0.993414
1526,0,0.009691,0.000205,0.990104
1527,1,0.544150,0.002322,0.453528
1528,0,0.009243,0.000209,0.990548
1529,0,0.001175,0.000589,0.998237
1530,0,0.000763,0.000263,0.998975
1531,1,0.992442,0.000803,0.006755
1532,1,0.992113,0.000446,0.007441
1533,0,0.039241,0.000578,0.960181
1534,1,0.603449,0.000630,0.395921
1535,1,0.171826,0.000924,0.827249
1536,1,0.153447,0.002647,0.843906
1537,0,0.076624,0.000426,0.922950
1538,0,0.000912,0.000147,0.998941
1539,0,0.001755,0.000150,0.998095
1540,1,0.994502,0.000848,0.004649
1541,1,0.986573,0.000472,0.012955
1542,0,0.009324,0.000149,0.990527
1543,0,0.103159,0.001242,0.895598
1544,1,0.815128,0.000574,0.184298
1545,1,0.021762,0.000663,0.977575
1546,0,0.024757,0.000954,0.974289
1547,0,0.006512,0.000231,0.993257
1548,0,0.766853,0.000744,0.232403
1549,1,0.194804,0.001261,0.803935
1550,1,0.976279,0.007353,0.016368
1551,1,0.843472,0.000453,0.156075
1552,0,0.005144,0.000217,0.994639
1553,1,0.607965,0.001454,0.390581
1554,1,0.853637,0.002581,0.143782
1555,1,0.988545,0.009820,0.001635
1556,1,0.046100,0.000720,0.953180
1557,0,0.001840,0.000350,0.997809
1558,1,0.134731,0.203561,0.661708
1559,0,0.006825,0.000425,0.992750
1560,1,0.825623,0.000697,0.173680
1561,1,0.902150,0.001774,0.096076
1562,0,0.800721,0.000508,0.198771
1563,0,0.004378,0.000246,0.995377
1564,0,0.323152,0.000759,0.676089
1565,0,0.032264,0.000341,0.967395
1566,0,0.011306,0.000180,0.988514
1567,0,0.353044,0.000546,0.646410
1568,1,0.661866,0.001598,0.336536
1569,1,0.823791,0.000573,0.175635
1570,0,0.262994,0.001167,0.735839
1571,0,0.020678,0.000366,0.978955
1572,0,0.006944,0.000194,0.992862
1573,0,0.531015,0.000661,0.468324
1574,0,0.001307,0.000214,0.998478
1575,0,0.175297,0.000565,0.824139
1576,1,0.084492,0.000681,0.914827
1577,1,0.614977,0.001311,0.383712
1578,0,0.822909,0.001007,0.176085
1579,1,0.738289,0.002365,0.259346
1580,1,0.996643,0.001319,0.002038
1581,0,0.174380,0.000449,0.825171
1582,1,0.579143,0.001007,0.419849
1583,1,0.752400,0.001162,0.246438
1584,0,0.384481,0.000909,0.614610
1585,0,0.048873,0.000519,0.950608
1586,0,0.641052,0.000908,0.358040
1587,0,0.130414,0.000635,0.868951
1588,0,0.297388,0.001001,0.701611
1589,0,0.048582,0.000353,0.951065
1590,1,0.260058,0.601866,0.138077
1591,1,0.004255,0.000362,0.995383
1592,1,0.993584,0.002201,0.004216
1593,0,0.007855,0.000152,0.991994
1594,0,0.940185,0.002174,0.057642
1595,0,0.002907,0.000222,0.996872
1596,0,0.010283,0.000166,0.989552
1597,1,0.000923,0.000226,0.998851
1598,1,0.913921,0.063591,0.022488
1599,0,0.001581,0.000150,0.998269
1600,0,0.283085,0.000427,0.716487
1601,1,0.968893,0.000476,0.030632
1602,0,0.046126,0.000385,0.953489
1603,1,0.775217,0.001562,0.223221
1604,0,0.022589,0.000493,0.976918
1605,1,0.000962,0.000197,0.998841
1606,0,0.032946,0.000221,0.966833
1607,0,0.014314,0.000493,0.985193
1608,1,0.978410,0.002613,0.018977
1609,1,0.454308,0.002046,0.543647
1610,1,0.984752,0.006811,0.008437
1611,1,0.977962,0.000283,0.021755
1612,1,0.095164,0.865574,0.039262
1613,0,0.006471,0.000172,0.993357
1614,1,0.980695,0.000558,0.018748
1615,1,0.265814,0.001891,0.732295
1616,1,0.062221,0.000398,0.937381
1617,0,0.548923,0.000773,0.450305
1618,1,0.035283,0.001350,0.963367
1619,1,0.977248,0.000897,0.021854
1620,1,0.991128,0.000467,0.008404
1621,0,0.003151,0.000369,0.996480
1622,0,0.037531,0.000388,0.962081
1623,1,0.142839,0.008595,0.848566
1624,1,0.050859,0.663762,0.285379
1625,0,0.004636,0.000114,0.995250
1626,0,0.597631,0.000643,0.401726
1627,0,0.001396,0.000153,0.998452
1628,1,0.991256,0.001418,0.007327
1629,0,0.001942,0.000239,0.997819
1630,0,0.009722,0.000144,0.990134
1631,0,0.002582,0.000227,0.997191
1632,0,0.774545,0.000524,0.224932
1633,1,0.962892,0.002490,0.034617
1634,1,0.163495,0.494114,0.342390
1635,1,0.082059,0.634879,0.283063
1636,1,0.020226,0.000479,0.979295
1637,1,0.979396,0.001011,0.019593
1638,1,0.976945,0.000834,0.022221
1639,0,0.006279,0.000732,0.992989
1640,0,0.000891,0.000198,0.998911
1641,1,0.935567,0.001213,0.063220
1642,1,0.961466,0.000635,0.037899
1643,0,0.006913,0.000283,0.992804
1644,1,0.984751,0.001206,0.014043
1645,1,0.562052,0.000689,0.437259
1646,0,0.010517,0.000215,0.989268
1647,1,0.168112,0.002098,0.829790
1648,1,0.940605,0.000947,0.058448
1649,1,0.966643,0.000556,0.032801
1650,0,0.023201,0.000203,0.976595
1651,1,0.679496,0.001264,0.319240
1652,0,0.013623,0.000252,0.986125
1653,0,0.254283,0.000557,0.745161
1654,0,0.032479,0.000579,0.966942
1655,1,0.602394,0.001944,0.395662
1656,1,0.025738,0.000539,0.973724
1657,1,0.229706,0.002468,0.767826
1658,1,0.991661,0.001065,0.007274
1659,1,0.994013,0.000706,0.005281
1660,1,0.926548,0.003078,0.070374
1661,0,0.544184,0.001347,0.454468
1662,0,0.497059,0.001404,0.501537
1663,1,0.124495,0.002264,0.873241
1664,1,0.393437,0.005814,0.600749
1665,0,0.435619,0.000684,0.563697
1666,0,0.917937,0.001064,0.081000
1667,0,0.001179,0.002318,0.996503
1668,0,0.778741,0.000523,0.220736
1669,0,0.015268,0.000722,0.984011
1670,1,0.541505,0.001075,0.457419
1671,0,0.042765,0.000258,0.956977
1672,1,0.767188,0.212551,0.020261
1673,1,0.910668,0.000556,0.088777
1674,0,0.961302,0.001594,0.037104
1675,1,0.016180,0.004504,0.979317
1676,0,0.135089,0.000308,0.864603
1677,1,0.236206,0.000836,0.762958
1678,0,0.002565,0.000178,0.997257
1679,0,0.437256,0.000644,0.562100
1680,0,0.011412,0.000185,0.988403
1681,0,0.287171,0.000431,0.712399
1682,1,0.383855,0.000647,0.615498
1683,0,0.001554,0.000295,0.998151
1684,1,0.298507,0.140422,0.561071
1685,1,0.363091,0.001271,0.635638
1686,1,0.453695,0.001443,0.544862
1687,0,0.012794,0.000217,0.986990
1688,0,0.189907,0.000871,0.809222
1689,1,0.977124,0.003874,0.019002
1690,1,0.848835,0.005216,0.145948
1691,1,0.487900,0.000996,0.511104
1692,1,0.546538,0.000815,0.452647
1693,0,0.049421,0.005175,0.945404
1694,1,0.028274,0.004402,0.967323
1695,1,0.976479,0.000311,0.023210
1696,1,0.905012,0.001426,0.093561
1697,0,0.444629,0.000733,0.554638
1698,0,0.006318,0.000237,0.993444
1699,1,0.926080,0.000898,0.073022
1700,0,0.008702,0.000598,0.990700
1701,1,0.432802,0.000926,0.566271
1702,0,0.032381,0.000416,0.967202
1703,0,0.035161,0.000918,0.963921
1704,1,0.876643,0.000585,0.122772
1705,1,0.072314,0.000969,0.926717
1706,0,0.132009,0.000480,0.867511
1707,0,0.048018,0.000216,0.951767
1708,0,0.012410,0.000206,0.987384
1709,0,0.116830,0.000496,0.882675
1710,0,0.492312,0.003920,0.503768
1711,1,0.006156,0.002423,0.991421
1712,1,0.088209,0.001436,0.910355
1713,1,0.222554,0.000398,0.777049
1714,0,0.002083,0.000134,0.997783
1715,0,0.019428,0.000738,0.979834
1716,1,0.983451,0.005782,0.010766
1717,1,0.035453,0.084135,0.880412
1718,1,0.766426,0.004600,0.228975
1719,0,0.001086,0.000149,0.998765
1720,0,0.009048,0.000205,0.990747
1721,1,0.255171,0.000985,0.743843
1722,1,0.839017,0.001282,0.159701
1723,1,0.162615,0.000546,0.836838
1724,0,0.066352,0.000474,0.933174
1725,0,0.001037,0.000192,0.998772
1726,1,0.432011,0.001307,0.566682
1727,0,0.014361,0.000317,0.985322
1728,1,0.988673,0.000395,0.010932
1729,1,0.861642,0.132538,0.005820
1730,0,0.462525,0.000508,0.536966
1731,0,0.001615,0.000152,0.998233
1732,1,0.672839,0.000944,0.326217
1733,1,0.945173,0.035911,0.018916
1734,0,0.001282,0.000158,0.998560
1735,1,0.924986,0.001202,0.073812
1736,1,0.064530,0.707085,0.228385
1737,0,0.230190,0.000411,0.769399
1738,1,0.239867,0.665709,0.094424
1739,1,0.908511,0.021207,0.070282
1740,0,0.001525,0.000148,0.998327
1741,1,0.332847,0.001907,0.665246
1742,1,0.821846,0.005515,0.172639
1743,0,0.098382,0.000337,0.901281
1744,0,0.011916,0.000192,0.987893
1745,0,0.011023,0.000456,0.988521
1746,0,0.618254,0.000630,0.381116
1747,0,0.574456,0.000874,0.424670
1748,0,0.013933,0.000163,0.985904
1749,0,0.249234,0.000554,0.750212
1750,1,0.811983,0.000676,0.187340
1751,1,0.989821,0.006511,0.003667
1752,1,0.313976,0.001006,0.685017
1753,1,0.755616,0.000838,0.243545
1754,0,0.026232,0.000200,0.973568
1755,1,0.090284,0.003287,0.906429
1756,1,0.065462,0.000572,0.933966
1757,1,0.230600,0.001247,0.768153
1758,1,0.148462,0.293737,0.557801
1759,1,0.300300,0.000383,0.699318
1760,1,0.965397,0.000359,0.034243
1761,0,0.058660,0.000989,0.940351
1762,0,0.000425,0.000362,0.999213
1763,0,0.006785,0.000145,0.993071
1764,1,0.963558,0.001097,0.035346
1765,1,0.775834,0.213164,0.011002
1766,1,0.003869,0.000282,0.995849
1767,0,0.384639,0.000489,0.614872
1768,1,0.946164,0.001536,0.052300
1769,1,0.550736,0.423265,0.025999
1770,0,0.001339,0.000152,0.998509
1771,0,0.005409,0.000185,0.994405
1772,1,0.781193,0.115598,0.103209
1773,0,0.159778,0.000750,0.839472
1774,0,0.025776,0.000226,0.973998
1775,1,0.628135,0.000817,0.371048
1776,1,0.314113,0.000593,0.685294
1777,1,0.416213,0.000635,0.583152
1778,1,0.601632,0.000787,0.397581
1779,0,0.011473,0.000949,0.987578
1780,0,0.009893,0.000500,0.989607
1781,1,0.306167,0.003616,0.690216
1782,0,0.001065,0.000247,0.998688
1783,1,0.366933,0.320439,0.312628
1784,1,0.975563,0.000335,0.024102
1785,1,0.979668,0.001061,0.019271
1786,1,0.059934,0.004926,0.935140
1787,0,0.217793,0.000496,0.781711
1788,1,0.598859,0.001649,0.399492
1789,0,0.041204,0.000496,0.958300
1790,0,0.107165,0.000448,0.892387
1791,1,0.897126,0.000751,0.102123
1792,1,0.219065,0.000691,0.780244
1793,1,0.968966,0.000418,0.030616
1794,1,0.032577,0.000694,0.966729
1795,1,0.404584,0.010111,0.585306
1796,1,0.119255,0.001772,0.878973
1797,1,0.140343,0.000383,0.859275
1798,0,0.002369,0.000115,0.997516
1799,1,0.674657,0.001179,0.324165
1800,1,0.994794,0.001483,0.003723
1801,0,0.007301,0.000438,0.992261
1802,0,0.003191,0.000401,0.996408
1803,0,0.051783,0.000931,0.947286
1804,0,0.008975,0.000665,0.990360
1805,1,0.979028,0.001660,0.019313
1806,0,0.001613,0.000162,0.998224
1807,0,0.242996,0.000960,0.756044
1808,0,0.004705,0.000400,0.994894
1809,1,0.376435,0.000866,0.622699
1810,1,0.601219,0.000649,0.398132
1811,0,0.002920,0.000373,0.996707
1812,0,0.315154,0.000517,0.684330
1813,0,0.006320,0.000177,0.993502
1814,0,0.000867,0.000179,0.998955
1815,1,0.259130,0.001905,0.738965
1816,0,0.154824,0.000684,0.844492
1817,0,0.161476,0.001073,0.837451
1818,0,0.038947,0.000373,0.960680
1819,1,0.033974,0.000715,0.965311
1820,0,0.021730,0.000319,0.977951
1821,1,0.121336,0.001487,0.877178
1822,1,0.002755,0.000139,0.997106
1823,0,0.024059,0.000321,0.975620
1824,0,0.002806,0.000185,0.997009
1825,1,0.489210,0.001506,0.509284
1826,1,0.994739,0.001781,0.003479
1827,0,0.018519,0.000304,0.981177
1828,1,0.750444,0.001454,0.248102
1829,0,0.083481,0.000367,0.916152
1830,1,0.055299,0.001748,0.942953
1831,1,0.374432,0.000996,0.624572
1832,1,0.002155,0.000667,0.997178
1833,1,0.736227,0.000723,0.263049
1834,1,0.328551,0.000812,0.670636
1835,1,0.783788,0.193918,0.022293
1836,1,0.992828,0.004170,0.003002
1837,0,0.214013,0.000533,0.785454
1838,0,0.492489,0.001229,0.506282
1839,0,0.101707,0.000517,0.897777
1840,0,0.002315,0.000201,0.997484
1841,1,0.246091,0.000803,0.753106
1842,0,0.003147,0.000244,0.996609
1843,1,0.673733,0.008742,0.317524
1844,1,0.209320,0.001245,0.789436
1845,1,0.970147,0.000357,0.029496
1846,0,0.021083,0.000295,0.978622
1847,1,0.858769,0.001872,0.139359
1848,0,0.017838,0.000299,0.981862
1849,0,0.019069,0.000722,0.980209
1850,0,0.009634,0.000571,0.989795
1851,0,0.020292,0.000752,0.978957
1852,0,0.035917,0.000440,0.963643
1853,0,0.010673,0.000361,0.988966
1854,0,0.216748,0.000598,0.782654
1855,1,0.260516,0.007108,0.732375
1856,1,0.118896,0.001823,0.879281
1857,1,0.213779,0.002522,0.783699
1858,1,0.995389,0.001926,0.002685
1859,1,0.808500,0.033710,0.157790
1860,0,0.005577,0.000171,0.994252
1861,1,0.003246,0.000437,0.996316
1862,0,0.021519,0.000188,0.978293
1863,1,0.991756,0.000487,0.007757
1864,0,0.004891,0.000158,0.994951
1865,1,0.991785,0.002883,0.005331
1866,0,0.077774,0.000792,0.921434
1867,1,0.868197,0.003984,0.127820
1868,0,0.002322,0.000145,0.997532
1869,1,0.697403,0.000662,0.301935
1870,1,0.820869,0.002264,0.176867
1871,1,0.854073,0.000676,0.145251
1872,0,0.008571,0.000165,0.991265
1873,1,0.943678,0.000797,0.055525
1874,0,0.013700,0.000423,0.985877
1875,0,0.540054,0.000781,0.459165
1876,1,0.920380,0.000472,0.079147
1877,0,0.008956,0.000156,0.990888
1878,0,0.002682,0.000640,0.996678
1879,1,0.945467,0.050374,0.004159
1880,1,0.988975,0.001718,0.009307
1881,0,0.006982,0.000287,0.992731
1882,1,0.986445,0.000757,0.012798
1883,0,0.002691,0.000172,0.997137
1884,0,0.030227,0.000281,0.969493
1885,1,0.924331,0.001808,0.073862
1886,1,0.771463,0.009425,0.219112
1887,1,0.405514,0.003386,0.591100
1888,1,0.888054,0.002880,0.109066
1889,1,0.996287,0.001650,0.002063
1890,0,0.164246,0.000409,0.835344
1891,1,0.940432,0.050364,0.009204
1892,0,0.794470,0.000640,0.204890
1893,0,0.002314,0.000506,0.997180
1894,1,0.991492,0.000585,0.007923
1895,0,0.021837,0.000295,0.977869
1896,0,0.512525,0.000677,0.486798
1897,1,0.011318,0.000197,0.988485
1898,0,0.006087,0.000158,0.993755
1899,1,0.815344,0.011365,0.173291
1900,1,0.961866,0.000728,0.037406
1901,0,0.063744,0.000390,0.935866
1902,0,0.139220,0.000781,0.859998
1903,1,0.512063,0.001045,0.486892
1904,1,0.973571,0.006345,0.020084
1905,0,0.099839,0.000386,0.899775
1906,1,0.613108,0.008540,0.378352
1907,0,0.006806,0.000165,0.993029
1908,0,0.263701,0.000659,0.735640
1909,0,0.009681,0.000366,0.989953
1910,0,0.005486,0.000233,0.994281
1911,0,0.258750,0.001212,0.740038
1912,1,0.416171,0.001301,0.582528
1913,0,0.003440,0.000260,0.996300
1914,1,0.012487,0.000592,0.986920
1915,1,0.339447,0.392447,0.268106
1916,1,0.009230,0.000309,0.990461
1917,0,0.286793,0.000379,0.712827
1918,0,0.481533,0.000620,0.517848
1919,0,0.009395,0.000275,0.990330
1920,0,0.264579,0.003387,0.732034
1921,0,0.093455,0.000401,0.906144
1922,1,0.246980,0.001029,0.751991
1923,1,0.034280,0.000604,0.965116
1924,1,0.365863,0.001510,0.632626
1925,0,0.025218,0.000473,0.974309
1926,0,0.002470,0.000220,0.997310
1927,0,0.005075,0.000168,0.994756
1928,1,0.971237,0.001150,0.027613
1929,1,0.967294,0.000491,0.032214
1930,1,0.010134,0.000326,0.989539
1931,0,0.007004,0.000460,0.992537
1932,0,0.000751,0.000436,0.998813
1933,0,0.141943,0.000224,0.857834
1934,0,0.202122,0.000839,0.797039
1935,1,0.037542,0.000855,0.961602
1936,1,0.478777,0.001541,0.519683
1937,0,0.163840,0.000389,0.835772
1938,0,0.030299,0.000209,0.969492
1939,1,0.201922,0.116670,0.681408
1940,0,0.066137,0.000380,0.933483
1941,1,0.986120,0.000629,0.013250
1942,0,0.008425,0.000376,0.991199
1943,0,0.035746,0.000901,0.963353
1944,0,0.001263,0.000142,0.998595
1945,1,0.258972,0.000535,0.740493
1946,1,0.035886,0.011472,0.952642
1947,1,0.242299,0.570975,0.186726
1948,1,0.986322,0.010087,0.003592
1949,0,0.020877,0.000530,0.978593
1950,0,0.029105,0.000564,0.970330
1951,1,0.565133,0.000991,0.433877
1952,0,0.104628,0.000708,0.894664
1953,1,0.021932,0.000278,0.977790
1954,1,0.139335,0.006755,0.853910
1955,1,0.126720,0.000591,0.872689
1956,1,0.083121,0.000457,0.916422
1957,1,0.578709,0.003244,0.418047
1958,1,0.116599,0.001196,0.882205
1959,1,0.966816,0.015920,0.017264
1960,0,0.014772,0.000346,0.984881
1961,1,0.309017,0.001071,0.689911
1962,1,0.991074,0.002553,0.006373
1963,1,0.990460,0.000376,0.009164
1964,0,0.435362,0.000583,0.564055
1965,1,0.744565,0.006515,0.248920
1966,1,0.309265,0.125721,0.565014
1967,0,0.031805,0.000379,0.967816
1968,1,0.720509,0.002986,0.276505
1969,0,0.033012,0.000326,0.966662
1970,0,0.000846,0.000164,0.998990
1971,0,0.000744,0.000216,0.999040
1972,0,0.001082,0.000166,0.998752
1973,0,0.026099,0.000748,0.973153
1974,0,0.030796,0.001162,0.968042
1975,1,0.073191,0.848862,0.077948
1976,1,0.456211,0.001376,0.542413
1977,1,0.996412,0.001075,0.002513
1978,0,0.024734,0.000467,0.974799
1979,0,0.015237,0.000352,0.984411
1980,1,0.964987,0.003779,0.031234
1981,1,0.853518,0.126806,0.019675
1982,1,0.007909,0.056061,0.936030
1983,1,0.005900,0.000238,0.993862
1984,0,0.020789,0.001100,0.978111
1985,0,0.004142,0.000749,0.995109
1986,1,0.086570,0.440892,0.472537
1987,1,0.046037,0.000902,0.953061
1988,0,0.038686,0.000385,0.960929
1989,0,0.004754,0.000243,0.995004
1990,1,0.139786,0.001227,0.858987
1991,0,0.393691,0.000704,0.605604
1992,0,0.004665,0.000225,0.995110
1993,1,0.513930,0.000907,0.485163
1994,0,0.015858,0.000301,0.983841
1995,1,0.951060,0.000624,0.048316
1996,1,0.737980,0.001619,0.260402
1997,1,0.822223,0.000678,0.177099
1998,0,0.025246,0.000519,0.974235
1999,1,0.940681,0.000738,0.058581
2000,0,0.429262,0.000729,0.570009
2001,0,0.028245,0.000173,0.971581
2002,0,0.017515,0.000331,0.982154
2003,0,0.001232,0.000196,0.998571
2004,1,0.495599,0.000750,0.503651
2005,0,0.004593,0.000188,0.995219
2006,0,0.129077,0.000379,0.870543
2007,1,0.964769,0.001900,0.033331
2008,1,0.045577,0.000884,0.953539
2009,1,0.007731,0.000255,0.992013
2010,1,0.622016,0.001386,0.376598
2011,0,0.116868,0.000423,0.882708
2012,1,0.983948,0.003096,0.012957
2013,1,0.578130,0.000360,0.421510
2014,0,0.007840,0.000197,0.991964
2015,0,0.008272,0.000258,0.991471
2016,1,0.004310,0.000153,0.995537
2017,1,0.988500,0.000508,0.010993
2018,0,0.723772,0.000732,0.275496
2019,0,0.014870,0.000203,0.984926
2020,0,0.000779,0.000628,0.998593
2021,1,0.905944,0.002539,0.091517
2022,1,0.182467,0.001221,0.816311
2023,1,0.817982,0.000650,0.181368
2024,0,0.123039,0.000872,0.876089
2025,0,0.635592,0.006973,0.357436
2026,0,0.403960,0.000855,0.595185
2027,1,0.995226,0.001750,0.003023
2028,0,0.001135,0.000178,0.998686
2029,1,0.119954,0.000906,0.879140
2030,0,0.120030,0.000757,0.879213
2031,0,0.007319,0.000171,0.992509
2032,0,0.014198,0.000221,0.985582
2033,1,0.925948,0.000470,0.073582
2034,1,0.866597,0.000895,0.132509
2035,0,0.639038,0.000512,0.360450
2036,0,0.004458,0.000146,0.995396
2037,1,0.562437,0.001385,0.436178
2038,1,0.972205,0.000562,0.027233
2039,0,0.002077,0.000142,0.997780
2040,1,0.981921,0.000397,0.017682
2041,1,0.971220,0.000619,0.028160
2042,0,0.001926,0.000127,0.997947
2043,0,0.046115,0.000338,0.953546
2044,0,0.002668,0.000139,0.997193
2045,0,0.063214,0.001752,0.935034
2046,1,0.972497,0.000313,0.027190
2047,1,0.988527,0.000717,0.010756
2048,1,0.372281,0.000760,0.626959
2049,0,0.003106,0.001062,0.995832
2050,0,0.026683,0.001480,0.971837
2051,1,0.366434,0.387856,0.245710
2052,0,0.003754,0.000175,0.996071
2053,0,0.008242,0.000217,0.991540
2054,1,0.994851,0.001324,0.003825
2055,1,0.709682,0.001976,0.288343
2056,1,0.774784,0.085140,0.140077
2057,1,0.080250,0.001985,0.917764
2058,1,0.037869,0.000282,0.961849
2059,0,0.009560,0.000336,0.990104
2060,1,0.905180,0.000481,0.094339
2061,1,0.099536,0.000590,0.899874
2062,0,0.028740,0.000812,0.970448
2063,0,0.015452,0.000358,0.984189
2064,0,0.072101,0.000318,0.927581
2065,1,0.984472,0.005497,0.010030
2066,1,0.187412,0.002630,0.809958
2067,1,0.995885,0.001497,0.002617
2068,1,0.172465,0.001179,0.826356
2069,1,0.531604,0.001047,0.467349
2070,1,0.075067,0.000547,0.924386
2071,0,0.000695,0.000241,0.999064
2072,1,0.995140,0.000734,0.004126
2073,1,0.389120,0.000718,0.610162
2074,0,0.030695,0.000347,0.968959
2075,1,0.003612,0.000213,0.996175
2076,1,0.737618,0.000623,0.261759
2077,1,0.000918,0.001077,0.998004
2078,1,0.536679,0.420233,0.043088
2079,0,0.012083,0.000419,0.987498
2080,0,0.002151,0.000551,0.997298
2081,1,0.838625,0.000615,0.160760
2082,1,0.029793,0.000389,0.969819
2083,1,0.877683,0.000601,0.121717
2084,0,0.009222,0.000249,0.990529
2085,0,0.003485,0.000206,0.996309
2086,0,0.225451,0.001805,0.772745
2087,0,0.016095,0.000958,0.982947
2088,1,0.700405,0.001444,0.298151
2089,1,0.390553,0.001106,0.608341
2090,0,0.001542,0.000172,0.998286
2091,1,0.697632,0.000518,0.301850
2092,1,0.971064,0.000846,0.028091
2093,0,0.029199,0.000362,0.970438
2094,1,0.966457,0.001012,0.032531
2095,0,0.023579,0.000408,0.976013
2096,0,0.000747,0.000221,0.999033
2097,0,0.001454,0.000224,0.998322
2098,0,0.085767,0.000458,0.913775
2099,0,0.004511,0.000334,0.995155
2100,1,0.177843,0.002433,0.819724
2101,1,0.984756,0.000873,0.014371
2102,0,0.007295,0.000241,0.992464
2103,0,0.001624,0.000278,0.998098
2104,0,0.037769,0.000316,0.961914
2105,0,0.000968,0.000351,0.998681
2106,0,0.047948,0.000380,0.951672
2107,0,0.000928,0.001320,0.997753
2108,1,0.519017,0.399186,0.081797
2109,0,0.002342,0.000161,0.997497
2110,1,0.447318,0.001063,0.551620
2111,1,0.052238,0.001034,0.946728
2112,0,0.006454,0.000278,0.993268
2113,1,0.033898,0.000312,0.965790
2114,0,0.235140,0.000529,0.764332
2115,0,0.001659,0.000175,0.998165
2116,1,0.495553,0.000763,0.503684
2117,1,0.594564,0.001522,0.403914
2118,1,0.076995,0.555173,0.367832
2119,1,0.215801,0.000974,0.783224
2120,0,0.012000,0.000186,0.987814
2121,1,0.992691,0.004557,0.002752
2122,1,0.488956,0.479705,0.031339
2123,0,0.039263,0.010108,0.950629
2124,0,0.000990,0.000216,0.998793
2125,0,0.006633,0.000306,0.993061
2126,1,0.978740,0.000504,0.020756
2127,1,0.107542,0.000506,0.891952
2128,0,0.008072,0.000790,0.991138
2129,0,0.001115,0.000325,0.998560
2130,1,0.635193,0.038405,0.326402
2131,1,0.011737,0.001331,0.986932
2132,1,0.419101,0.000351,0.580548
2133,1,0.976546,0.001238,0.022216
2134,0,0.001968,0.004117,0.993915
2135,0,0.814310,0.000769,0.184921
2136,0,0.643472,0.000489,0.356038
2137,0,0.119705,0.001140,0.879155
2138,1,0.677790,0.000645,0.321565
2139,1,0.003036,0.000481,0.996483
2140,0,0.001716,0.000184,0.998100
2141,0,0.040001,0.000543,0.959456
2142,0,0.022652,0.000291,0.977057
2143,1,0.668160,0.000815,0.331025
2144,0,0.111197,0.000989,0.887813
2145,0,0.022025,0.000217,0.977758
2146,1,0.032230,0.000260,0.967510
2147,0,0.006182,0.004057,0.989761
2148,0,0.001150,0.000194,0.998656
2149,0,0.003080,0.000316,0.996604
2150,1,0.351316,0.001158,0.647526
2151,0,0.175351,0.000961,0.823689
2152,1,0.961207,0.016477,0.022316
2153,0,0.006855,0.000395,0.992750
2154,0,0.001358,0.000184,0.998459
2155,0,0.238167,0.000494,0.761338
2156,1,0.201116,0.003067,0.795816
2157,1,0.190239,0.003889,0.805872
2158,1,0.982510,0.000684,0.016806
2159,1,0.153389,0.000623,0.845988
2160,0,0.648272,0.001634,0.350094
2161,0,0.013303,0.000282,0.986415
2162,1,0.003208,0.000313,0.996479
2163,1,0.114572,0.000716,0.884712
2164,0,0.220205,0.000418,0.779376
2165,0,0.034928,0.000557,0.964515
2166,1,0.986444,0.000576,0.012980
2167,1,0.897228,0.001521,0.101251
2168,0,0.000747,0.000376,0.998877
2169,0,0.196484,0.000447,0.803069
2170,0,0.000779,0.000245,0.998976
2171,0,0.047515,0.000342,0.952143
2172,1,0.783228,0.191950,0.024822
2173,1,0.001528,0.000352,0.998120
2174,0,0.156788,0.000838,0.842374
2175,0,0.007398,0.000207,0.992395
2176,0,0.021874,0.000320,0.977806
2177,0,0.002780,0.000159,0.997062
2178,0,0.036630,0.000334,0.963036
2179,0,0.019447,0.000512,0.980040
2180,1,0.975571,0.000826,0.023603
2181,0,0.176199,0.000318,0.823483
2182,1,0.434191,0.549881,0.015928
2183,0,0.124192,0.000891,0.874916
2184,0,0.059977,0.000338,0.939685
2185,0,0.014536,0.000423,0.985041
2186,0,0.013237,0.000965,0.985798
2187,0,0.001053,0.000254,0.998693
2188,0,0.015591,0.000422,0.983986
2189,1,0.770257,0.001115,0.228628
2190,1,0.234149,0.000854,0.764997
2191,1,0.064430,0.018250,0.917320
2192,0,0.002850,0.000172,0.996978
2193,0,0.046272,0.000558,0.953170
2194,0,0.000859,0.000510,0.998632
2195,1,0.086186,0.000576,0.913238
2196,0,0.013955,0.000137,0.985908
2197,0,0.017540,0.000462,0.981998
2198,0,0.007477,0.000235,0.992288
2199,0,0.016042,0.000656,0.983302
2200,0,0.284371,0.001238,0.714391
2201,1,0.925751,0.000772,0.073477
2202,1,0.048921,0.000358,0.950721
2203,1,0.857469,0.002360,0.140171
2204,0,0.131283,0.000458,0.868258
2205,0,0.001511,0.000219,0.998271
2206,0,0.001393,0.000201,0.998406
2207,0,0.011478,0.001071,0.987451
2208,0,0.366354,0.000994,0.632653
2209,1,0.993657,0.002351,0.003992
2210,0,0.236149,0.001194,0.762657
2211,0,0.000783,0.000321,0.998896
2212,0,0.003804,0.000160,0.996036
2213,0,0.020204,0.000186,0.979610
2214,1,0.854744,0.001609,0.143647
2215,1,0.271720,0.003140,0.725140
2216,1,0.301832,0.000860,0.697308
2217,1,0.004467,0.000589,0.994944
2218,0,0.004699,0.000153,0.995147
2219,1,0.835308,0.000760,0.163932
2220,0,0.015344,0.000324,0.984332
2221,1,0.965095,0.000586,0.034319
2222,1,0.309526,0.000851,0.689623
2223,1,0.992338,0.001042,0.006620
2224,1,0.073963,0.004560,0.921477
2225,0,0.070416,0.008027,0.921556
2226,0,0.087725,0.000383,0.911891
2227,0,0.005523,0.000230,0.994248
2228,0,0.006741,0.001321,0.991938
2229,0,0.011533,0.002388,0.986079
2230,0,0.167764,0.000816,0.831420
2231,1,0.801018,0.000659,0.198323
2232,1,0.815845,0.000601,0.183554
2233,1,0.992450,0.005472,0.002078
2234,0,0.047391,0.000535,0.952075
2235,0,0.001928,0.000228,0.997844
2236,0,0.209475,0.000466,0.790059
2237,1,0.428147,0.483142,0.088711
2238,0,0.925701,0.000585,0.073714
2239,0,0.026106,0.000277,0.973617
2240,0,0.105954,0.000501,0.893545
2241,1,0.600953,0.000579,0.398468
2242,1,0.993630,0.000802,0.005568
2243,0,0.018775,0.000615,0.980609
2244,0,0.002137,0.000173,0.997691
2245,0,0.330633,0.000578,0.668789
2246,1,0.658332,0.002728,0.338940
2247,1,0.280950,0.002325,0.716724
2248,1,0.433773,0.018005,0.548222
2249,0,0.007680,0.000198,0.992122
2250,0,0.859509,0.000619,0.139872
2251,0,0.000924,0.000190,0.998887
2252,1,0.894414,0.003295,0.102291
2253,1,0.107656,0.455383,0.436960
2254,1,0.189944,0.001210,0.808846
2255,1,0.089625,0.010778,0.899598
2256,1,0.077715,0.000628,0.921657
2257,0,0.000728,0.000307,0.998966
2258,0,0.087207,0.000471,0.912321
2259,1,0.093053,0.000457,0.906490
2260,0,0.003233,0.000231,0.996536
2261,1,0.044441,0.000477,0.955083
2262,0,0.007327,0.000193,0.992481
2263,0,0.661752,0.000582,0.337666
2264,0,0.675823,0.000765,0.323412
2265,0,0.128291,0.000666,0.871043
2266,1,0.826294,0.001019,0.172687
2267,1,0.315728,0.001929,0.682343
2268,0,0.001280,0.000168,0.998552
2269,1,0.396536,0.002785,0.600679
2270,0,0.001318,0.000164,0.998518
2271,1,0.918612,0.000424,0.080964
2272,1,0.192391,0.604436,0.203172
2273,1,0.171041,0.372324,0.456635
2274,1,0.877841,0.001968,0.120191
2275,1,0.034146,0.000347,0.965508
2276,1,0.100094,0.001451,0.898456
2277,1,0.047395,0.000640,0.951965
2278,0,0.132122,0.000469,0.867410
2279,0,0.045750,0.000618,0.953632
2280,1,0.323568,0.006647,0.669785
2281,0,0.047192,0.000265,0.952542
2282,0,0.841856,0.000357,0.157787
2283,0,0.013251,0.000179,0.986570
2284,1,0.971322,0.000676,0.028003
2285,1,0.234318,0.000920,0.764762
2286,1,0.475077,0.001624,0.523299
2287,0,0.002128,0.000125,0.997747
2288,1,0.200674,0.001953,0.797373
2289,0,0.003805,0.000290,0.995906
2290,0,0.021815,0.000349,0.977836
2291,1,0.691360,0.001124,0.307516
2292,0,0.157134,0.000348,0.842517
2293,0,0.005352,0.000294,0.994354
2294,0,0.004491,0.000197,0.995312
2295,0,0.143807,0.000341,0.855852
2296,0,0.000595,0.000427,0.998979
2297,1,0.123040,0.000565,0.876395
2298,1,0.440914,0.000781,0.558305
2299,0,0.002945,0.000293,0.996761
2300,1,0.109731,0.001162,0.889107
2301,1,0.927547,0.000509,0.071944
2302,0,0.067873,0.000543,0.931585
2303,1,0.992721,0.000495,0.006784
2304,0,0.011384,0.000516,0.988100
2305,1,0.774414,0.001566,0.224020
2306,1,0.018746,0.000609,0.980646
2307,0,0.037482,0.000316,0.962202
2308,1,0.049658,0.000672,0.949670
2309,1,0.987681,0.000899,0.011420
2310,1,0.006921,0.000280,0.992799
2311,0,0.025205,0.000612,0.974183
2312,0,0.068071,0.000673,0.931257
2313,1,0.220156,0.000844,0.779000
2314,1,0.483182,0.223501,0.293317
2315,1,0.933401,0.000475,0.066124
2316,1,0.987242,0.000574,0.012184
2317,1,0.976417,0.000519,0.023064
2318,0,0.001866,0.000214,0.997919
2319,1,0.923732,0.000728,0.075540
2320,0,0.001112,0.000144,0.998744
2321,0,0.027485,0.000466,0.972048
2322,1,0.658870,0.181387,0.159743
2323,1,0.983173,0.003681,0.013147
2324,1,0.989752,0.003931,0.006317
2325,0,0.068448,0.000649,0.930903
2326,1,0.919965,0.003217,0.076819
2327,0,0.349261,0.000485,0.650254
2328,0,0.067384,0.000546,0.932070
2329,1,0.004216,0.000377,0.995407
2330,1,0.986048,0.003288,0.010664
2331,0,0.001634,0.000247,0.998119
2332,1,0.022723,0.000640,0.976636
2333,0,0.013663,0.000232,0.986105
2334,1,0.938825,0.000389,0.060786
2335,0,0.044683,0.001395,0.953922
2336,1,0.946394,0.001372,0.052233
2337,0,0.027862,0.000570,0.971567
2338,1,0.980519,0.000401,0.019080
2339,0,0.004325,0.000301,0.995374
2340,1,0.990838,0.002946,0.006215
2341,1,0.822628,0.000935,0.176437
2342,0,0.076534,0.000604,0.922862
2343,1,0.179538,0.001002,0.819461
2344,1,0.033678,0.000441,0.965882
2345,1,0.720258,0.002102,0.277640
2346,1,0.982775,0.001058,0.016167
2347,0,0.086861,0.000368,0.912770
2348,1,0.224892,0.001087,0.774021
2349,0,0.001323,0.000155,0.998523
2350,0,0.444259,0.001111,0.554630
2351,0,0.001026,0.000237,0.998737
2352,1,0.037280,0.000454,0.962267
2353,0,0.003427,0.001100,0.995473
2354,0,0.148821,0.000584,0.850595
2355,0,0.342832,0.001649,0.655520
2356,0,0.001574,0.000159,0.998267
2357,1,0.986688,0.000680,0.012632
2358,0,0.007705,0.000260,0.992035
2359,1,0.137376,0.000784,0.861840
2360,0,0.022363,0.007598,0.970038
2361,0,0.003220,0.000197,0.996583
2362,0,0.043165,0.000242,0.956593
2363,1,0.022555,0.000387,0.977058
2364,0,0.054869,0.000272,0.944859
2365,0,0.001301,0.000134,0.998565
2366,1,0.519530,0.002425,0.478046
2367,0,0.001448,0.000163,0.998389
2368,0,0.015943,0.000379,0.983678
2369,0,0.000904,0.000332,0.998764
2370,0,0.053894,0.000481,0.945625
2371,0,0.592609,0.000920,0.406470
2372,1,0.804304,0.005346,0.190350
2373,0,0.028276,0.000426,0.971298
2374,0,0.559582,0.002040,0.438378
2375,1,0.129776,0.000429,0.869794
2376,1,0.973520,0.001157,0.025324
2377,1,0.959430,0.011802,0.028768
2378,1,0.047046,0.424157,0.528797
2379,1,0.030118,0.298347,0.671535
2380,0,0.000729,0.000177,0.999094
2381,1,0.982072,0.002498,0.015430
2382,0,0.077741,0.000512,0.921746
2383,1,0.037576,0.046206,0.916218
2384,0,0.382047,0.000871,0.617082
2385,0,0.720916,0.000974,0.278111
2386,1,0.111567,0.748322,0.140110
2387,1,0.991472,0.001680,0.006848
2388,1,0.980468,0.001238,0.018294
2389,1,0.262050,0.611508,0.126442
2390,1,0.012541,0.001040,0.986419
2391,0,0.004875,0.000244,0.994881
2392,0,0.006941,0.000239,0.992820
2393,0,0.077045,0.000585,0.922370
2394,1,0.318878,0.000590,0.680532
2395,1,0.079524,0.000871,0.919605
2396,0,0.040806,0.000536,0.958658
2397,1,0.951391,0.000494,0.048114
2398,0,0.143124,0.000845,0.856031
2399,0,0.035196,0.000356,0.964448
2400,0,0.005962,0.000691,0.993347
2401,0,0.000742,0.000224,0.999034
2402,0,0.110302,0.000325,0.889373
2403,1,0.079755,0.000303,0.919942
2404,1,0.937697,0.001657,0.060646
2405,0,0.002519,0.000286,0.997196
2406,1,0.120001,0.000946,0.879053
2407,0,0.071676,0.000356,0.927968
2408,0,0.121853,0.000332,0.877815
2409,0,0.739769,0.001347,0.258884
2410,0,0.737211,0.001305,0.261484
2411,1,0.959808,0.000833,0.039359
2412,1,0.897180,0.000646,0.102174
2413,0,0.006445,0.000289,0.993266
2414,0,0.002209,0.000166,0.997626
2415,1,0.099886,0.669343,0.230771
2416,1,0.007869,0.000454,0.991677
2417,0,0.028835,0.000222,0.970944
2418,1,0.261577,0.615889,0.122534
2419,0,0.001374,0.000314,0.998313
2420,1,0.793987,0.000613,0.205400
2421,0,0.001716,0.000184,0.998100
2422,1,0.992526,0.004259,0.003214
2423,0,0.028389,0.000573,0.971038
2424,1,0.786702,0.011629,0.201669
2425,1,0.237055,0.000934,0.762011
2426,1,0.147019,0.000867,0.852114
2427,0,0.006080,0.000209,0.993711
2428,0,0.014192,0.000384,0.985424
2429,0,0.058165,0.000987,0.940848
2430,0,0.962503,0.000460,0.037037
2431,1,0.278903,0.539291,0.181806
2432,0,0.341633,0.000641,0.657726
2433,0,0.004592,0.000258,0.995150
2434,0,0.001769,0.000226,0.998005
2435,1,0.953155,0.000537,0.046309
2436,0,0.008275,0.000197,0.991528
2437,0,0.248240,0.000568,0.751191
2438,0,0.239695,0.000644,0.759661
2439,1,0.139201,0.005622,0.855178
2440,1,0.004703,0.001193,0.994104
2441,1,0.107101,0.351263,0.541636
2442,1,0.491097,0.007949,0.500954
2443,0,0.031156,0.000400,0.968444
2444,0,0.001855,0.000247,0.997898
2445,0,0.005453,0.000320,0.994227
2446,1,0.706079,0.002242,0.291680
2447,0,0.010381,0.000194,0.989425
2448,0,0.593769,0.000829,0.405402
2449,1,0.138068,0.005114,0.856818
2450,1,0.988423,0.002661,0.008916
2451,0,0.595386,0.000423,0.404191
2452,0,0.003130,0.000181,0.996689
2453,1,0.865590,0.000784,0.133627
2454,0,0.219608,0.000500,0.779892
2455,0,0.018332,0.000245,0.981423
2456,1,0.295217,0.001406,0.703376
2457,1,0.793100,0.000772,0.206128
2458,0,0.137944,0.000518,0.861538
2459,0,0.139048,0.001054,0.859899
2460,0,0.006813,0.000446,0.992741
2461,1,0.347963,0.001191,0.650845
2462,1,0.987446,0.007015,0.005539
2463,0,0.301448,0.001097,0.697455
2464,0,0.043489,0.000360,0.956151
2465,1,0.290205,0.662888,0.046907
2466,1,0.272500,0.161753,0.565747
2467,0,0.620713,0.002309,0.376978
2468,0,0.000921,0.000187,0.998892
2469,1,0.214449,0.003107,0.782443
2470,0,0.314246,0.000657,0.685096
2471,1,0.951921,0.000365,0.047714
2472,1,0.009412,0.000355,0.990233
2473,1,0.980259,0.000914,0.018827
2474,0,0.061627,0.000470,0.937903
2475,0,0.007453,0.002661,0.989886
2476,1,0.756815,0.024168,0.219017
2477,1,0.499161,0.000865,0.499974
2478,0,0.001111,0.000169,0.998720
2479,1,0.010526,0.000618,0.988856
2480,1,0.975460,0.000557,0.023984
2481,1,0.935276,0.000505,0.064220
2482,1,0.892868,0.033581,0.073552
2483,1,0.995393,0.000644,0.003964
2484,0,0.000986,0.000152,0.998862
2485,0,0.179392,0.000594,0.820014
2486,0,0.044163,0.000305,0.955532
2487,1,0.899900,0.000743,0.099356
2488,0,0.000610,0.000224,0.999166
2489,0,0.000999,0.001347,0.997653
2490,0,0.468636,0.001018,0.530346
2491,1,0.967572,0.000505,0.031922
2492,0,0.549475,0.001090,0.449436
2493,0,0.001466,0.000276,0.998258
2494,1,0.995267,0.000647,0.004086
2495,1,0.499691,0.001331,0.498978
2496,1,0.039417,0.000326,0.960257
2497,0,0.005858,0.000278,0.993863
2498,0,0.098771,0.000506,0.900723
2499,0,0.091416,0.000504,0.908079
2500,0,0.000836,0.000194,0.998971
2501,1,0.191467,0.001429,0.807104
2502,1,0.992876,0.001923,0.005201
2503,0,0.001710,0.000135,0.998154
2504,1,0.424383,0.000882,0.574735
2505,1,0.164840,0.000675,0.834484
2506,1,0.883796,0.012400,0.103804
2507,0,0.005029,0.000459,0.994511
2508,1,0.988366,0.006861,0.004773
2509,1,0.935298,0.000828,0.063874
2510,0,0.024894,0.000310,0.974796
2511,1,0.892852,0.000948,0.106200
2512,1,0.086627,0.000569,0.912804
2513,1,0.205187,0.000714,0.794099
2514,1,0.015704,0.000285,0.984011
2515,0,0.003528,0.000286,0.996186
2516,0,0.494875,0.000778,0.504347
2517,1,0.310562,0.000429,0.689010
2518,0,0.090550,0.000414,0.909036
2519,1,0.979181,0.000782,0.020037
2520,1,0.981283,0.007946,0.010772
2521,1,0.995475,0.002087,0.002438
2522,1,0.987800,0.000359,0.011841
2523,1,0.956256,0.000436,0.043308
2524,1,0.795236,0.002762,0.202002
2525,1,0.325227,0.001129,0.673644
2526,0,0.223664,0.000712,0.775624
2527,0,0.001400,0.000156,0.998444
2528,1,0.091519,0.004073,0.904408
2529,1,0.659982,0.286877,0.053141
2530,1,0.979594,0.005330,0.015076
2531,0,0.001778,0.000165,0.998057
2532,0,0.030001,0.000218,0.969781
2533,1,0.040429,0.209254,0.750316
2534,0,0.017033,0.000321,0.982646
2535,0,0.030133,0.000487,0.969379
2536,0,0.001831,0.000248,0.997921
2537,1,0.405469,0.000577,0.593955
2538,1,0.957143,0.033466,0.009391
2539,0,0.000760,0.000215,0.999025
2540,1,0.970443,0.021766,0.007792
2541,0,0.028509,0.000257,0.971234
2542,0,0.708849,0.001541,0.289610
2543,0,0.001263,0.000311,0.998427
2544,1,0.956263,0.000398,0.043339
2545,1,0.521098,0.004418,0.474484
2546,1,0.661799,0.184367,0.153834
2547,0,0.091271,0.000320,0.908410
2548,0,0.051576,0.000430,0.947994
2549,0,0.022843,0.000351,0.976806
2550,1,0.784506,0.003598,0.211897
2551,1,0.244717,0.002230,0.753052
2552,1,0.983614,0.009534,0.006851
2553,0,0.039282,0.002864,0.957854
2554,1,0.915529,0.000948,0.083523
2555,0,0.007832,0.000293,0.991875
2556,0,0.916909,0.001114,0.081977
2557,1,0.988758,0.000490,0.010752
2558,0,0.002703,0.000187,0.997109
2559,0,0.029878,0.000329,0.969793
2560,0,0.038269,0.000468,0.961263
2561,0,0.003534,0.000237,0.996230
2562,1,0.018199,0.001307,0.980494
2563,0,0.010905,0.000189,0.988906
2564,0,0.019888,0.000231,0.979882
2565,0,0.005262,0.000484,0.994254
2566,0,0.065719,0.001057,0.933223
2567,1,0.852849,0.112621,0.034530
2568,0,0.003631,0.000150,0.996219
2569,1,0.026050,0.000845,0.973105
2570,0,0.298770,0.001166,0.700065
2571,0,0.044214,0.000413,0.955373
2572,0,0.160181,0.000986,0.838833
2573,1,0.226429,0.002518,0.771053
2574,1,0.591060,0.007839,0.401101
2575,1,0.913488,0.001647,0.084864
2576,1,0.061561,0.436803,0.501635
2577,0,0.986244,0.000455,0.013301
2578,0,0.535276,0.001081,0.463643
2579,1,0.541049,0.001054,0.457896
2580,0,0.001296,0.000186,0.998517
2581,0,0.069322,0.000422,0.930256
2582,1,0.131162,0.001713,0.867124
2583,1,0.048827,0.006148,0.945025
2584,0,0.034132,0.000694,0.965174
2585,1,0.951157,0.000527,0.048316
2586,0,0.035786,0.000324,0.963890
2587,1,0.133676,0.675156,0.191169
2588,1,0.208624,0.001948,0.789428
2589,1,0.664188,0.001040,0.334772
2590,0,0.484925,0.000821,0.514254
2591,0,0.179266,0.000938,0.819796
2592,1,0.745665,0.000824,0.253512
2593,0,0.024561,0.000299,0.975140
2594,1,0.030491,0.000375,0.969134
2595,1,0.986322,0.000710,0.012968
2596,0,0.036796,0.000419,0.962785
2597,0,0.029056,0.000557,0.970387
2598,0,0.082887,0.000385,0.916728
2599,1,0.797265,0.001402,0.201333
2600,1,0.748592,0.000625,0.250782
2601,0,0.204180,0.001819,0.794000
2602,1,0.995646,0.001441,0.002912
2603,1,0.354693,0.001620,0.643687
2604,0,0.068289,0.000667,0.931044
2605,1,0.969736,0.000643,0.029621
2606,0,0.406095,0.000952,0.592953
2607,0,0.936105,0.000778,0.063117
2608,1,0.402542,0.002363,0.595095
2609,0,0.084226,0.000745,0.915029
2610,0,0.001183,0.000256,0.998561
2611,0,0.001016,0.000427,0.998557
2612,0,0.025807,0.000280,0.973913
2613,0,0.285704,0.000611,0.713685
2614,0,0.969771,0.000968,0.029261
2615,0,0.009440,0.000221,0.990339
2616,0,0.001971,0.000180,0.997849
2617,0,0.009640,0.000232,0.990128
2618,0,0.295649,0.000850,0.703501
2619,0,0.006566,0.000233,0.993201
2620,1,0.599767,0.001175,0.399058
2621,1,0.042382,0.001200,0.956417
2622,1,0.963180,0.017759,0.019061
2623,1,0.738735,0.000578,0.260687
2624,1,0.970435,0.002537,0.027029
2625,0,0.010422,0.000236,0.989342
2626,1,0.006814,0.000803,0.992384
2627,0,0.024997,0.007033,0.967970
2628,1,0.127461,0.001159,0.871379
2629,1,0.060616,0.000724,0.938659
2630,0,0.003170,0.000126,0.996705
2631,1,0.986848,0.001448,0.011705
2632,1,0.445776,0.000763,0.553461
2633,0,0.030024,0.000329,0.969647
2634,1,0.365151,0.002883,0.631966
2635,0,0.000597,0.000339,0.999063
2636,1,0.987367,0.002305,0.010328
2637,0,0.976209,0.000663,0.023128
2638,1,0.690913,0.001276,0.307811
2639,0,0.001431,0.000336,0.998233
2640,1,0.975544,0.008950,0.015506
2641,0,0.037404,0.000394,0.962202
2642,0,0.229664,0.000912,0.769424
2643,1,0.602272,0.001674,0.396054
2644,1,0.912808,0.000474,0.086718
2645,0,0.176222,0.000522,0.823256
2646,0,0.008793,0.002247,0.988960
2647,1,0.011925,0.147984,0.840091
2648,1,0.920697,0.001850,0.077453
2649,1,0.649422,0.014608,0.335969
2650,1,0.127942,0.001028,0.871030
2651,0,0.012882,0.000258,0.986859
2652,0,0.015505,0.000745,0.983750
2653,0,0.004762,0.000348,0.994890
2654,0,0.050025,0.000981,0.948994
2655,0,0.028931,0.000356,0.970712
2656,1,0.044974,0.001285,0.953741
2657,0,0.023864,0.000421,0.975715
2658,1,0.259784,0.001927,0.738288
2659,0,0.091442,0.001972,0.906586
2660,0,0.000680,0.000203,0.999117
2661,1,0.833902,0.000671,0.165426
2662,1,0.072429,0.000300,0.927270
2663,0,0.003144,0.000161,0.996695
2664,0,0.440225,0.000496,0.559278
2665,0,0.033562,0.000488,0.965951
2666,0,0.816241,0.000533,0.183226
2667,1,0.991149,0.000431,0.008420
2668,0,0.078171,0.000422,0.921407
2669,0,0.027005,0.000263,0.972732
2670,0,0.005858,0.000126,0.994016
2671,0,0.053443,0.000431,0.946125
2672,0,0.016072,0.000267,0.983661
2673,1,0.862001,0.001273,0.136725
2674,0,0.132606,0.000509,0.866885
2675,0,0.083199,0.000547,0.916253
2676,0,0.087453,0.000611,0.911936
2677,0,0.178433,0.000801,0.820765
2678,1,0.007472,0.000219,0.992310
2679,1,0.071340,0.000937,0.927723
2680,1,0.166155,0.000674,0.833171
2681,1,0.270856,0.517745,0.211399
2682,1,0.153813,0.796634,0.049553
2683,1,0.991157,0.001000,0.007843
2684,0,0.649557,0.000817,0.349627
2685,1,0.808374,0.004937,0.186690
2686,0,0.625986,0.000652,0.373363
2687,0,0.047631,0.000388,0.951982
2688,0,0.003930,0.000171,0.995899
2689,0,0.003224,0.000290,0.996486
2690,0,0.796647,0.000756,0.202598
2691,0,0.007971,0.000304,0.991725
2692,0,0.969176,0.000457,0.030367
2693,0,0.005200,0.000163,0.994638
2694,0,0.001030,0.000266,0.998705
2695,0,0.150073,0.000407,0.849520
2696,1,0.113793,0.005317,0.880890
2697,1,0.750067,0.001260,0.248673
2698,1,0.463096,0.004748,0.532156
2699,1,0.780735,0.001399,0.217866
2700,0,0.347021,0.001012,0.651967
2701,0,0.070199,0.000991,0.928810
2702,0,0.002594,0.000255,0.997151
2703,1,0.526004,0.000585,0.473412
2704,0,0.001401,0.000977,0.997622
2705,0,0.083798,0.001256,0.914947
2706,0,0.001033,0.000213,0.998754
2707,1,0.749814,0.002219,0.247967
2708,1,0.478569,0.001211,0.520220
2709,0,0.044884,0.000251,0.954865
2710,1,0.949256,0.000459,0.050285
2711,0,0.002911,0.000147,0.996942
2712,1,0.873037,0.002945,0.124017
2713,1,0.971661,0.002351,0.025988
2714,1,0.130119,0.000466,0.869415
2715,0,0.007048,0.000342,0.992610
2716,1,0.455306,0.010001,0.534692
2717,0,0.002308,0.000209,0.997483
2718,1,0.109227,0.000631,0.890143
2719,1,0.081123,0.000650,0.918228
2720,1,0.430671,0.003290,0.566038
2721,1,0.012864,0.000675,0.986460
2722,0,0.941816,0.000613,0.057571
2723,1,0.120413,0.088313,0.791274
2724,0,0.002172,0.000169,0.997659
2725,1,0.671919,0.003206,0.324874
2726,1,0.434741,0.001340,0.563919
2727,1,0.262465,0.002648,0.734887
2728,1,0.992666,0.002169,0.005165
2729,0,0.004925,0.000536,0.994539
2730,0,0.037855,0.000393,0.961752
2731,0,0.536601,0.000975,0.462424
2732,0,0.013936,0.000350,0.985714
2733,1,0.990493,0.003119,0.006389
2734,0,0.069764,0.000654,0.929582
2735,0,0.113510,0.000627,0.885863
2736,0,0.000982,0.000165,0.998854
2737,0,0.085215,0.000639,0.914146
2738,1,0.327016,0.004666,0.668318
2739,1,0.058700,0.000570,0.940730
2740,1,0.791807,0.000709,0.207484
2741,0,0.049212,0.000579,0.950208
2742,0,0.108601,0.000927,0.890472
2743,0,0.006200,0.000182,0.993618
2744,1,0.300088,0.001338,0.698573
2745,1,0.989873,0.000672,0.009455
2746,0,0.023471,0.000707,0.975822
2747,1,0.057613,0.000473,0.941914
2748,0,0.000670,0.000370,0.998960
2749,1,0.354844,0.440883,0.204273
2750,0,0.301967,0.003312,0.694721
2751,1,0.994408,0.000638,0.004955
2752,0,0.004413,0.000129,0.995457
2753,1,0.850820,0.006224,0.142956
2754,0,0.228559,0.000529,0.770912
2755,1,0.030287,0.229704,0.740009
2756,1,0.452915,0.002069,0.545017
2757,0,0.007622,0.000300,0.992078
2758,1,0.002381,0.000354,0.997265
2759,0,0.039398,0.000558,0.960044
2760,0,0.124496,0.000896,0.874609
2761,0,0.001745,0.000202,0.998052
2762,0,0.001155,0.000188,0.998657
2763,0,0.001284,0.000363,0.998352
2764,1,0.171096,0.612963,0.215940
2765,1,0.240204,0.007558,0.752237
2766,1,0.956869,0.001261,0.041871
2767,0,0.004492,0.000285,0.995223
2768,1,0.773439,0.010166,0.216395
2769,0,0.834704,0.000565,0.164730
2770,0,0.005819,0.000131,0.994050
2771,0,0.104115,0.000463,0.895422
2772,1,0.458623,0.001048,0.540329
2773,1,0.984245,0.000601,0.015154
2774,1,0.849744,0.000579,0.149678
2775,1,0.531571,0.001596,0.466833
2776,0,0.029165,0.000567,0.970268
2777,0,0.818906,0.001075,0.180019
2778,0,0.024504,0.000363,0.975134
2779,1,0.001437,0.000287,0.998276
2780,0,0.000874,0.000208,0.998917
2781,1,0.966518,0.000509,0.032973
2782,1,0.246079,0.002366,0.751555
2783,1,0.016540,0.001653,0.981807
2784,0,0.858278,0.000500,0.141223
2785,1,0.941241,0.000617,0.058142
2786,0,0.001335,0.000181,0.998484
2787,0,0.178994,0.000428,0.820578
2788,1,0.986686,0.000258,0.013056
2789,0,0.006245,0.000164,0.993591
2790,1,0.124803,0.000733,0.874465
2791,0,0.002401,0.000122,0.997477
2792,0,0.065791,0.000523,0.933686
2793,1,0.539337,0.001030,0.459633
2794,1,0.399415,0.001081,0.599504
2795,0,0.003370,0.000185,0.996445
2796,0,0.477032,0.000614,0.522354
2797,1,0.312209,0.000814,0.686977
2798,1,0.857150,0.000492,0.142358
2799,1,0.970024,0.000995,0.028981
2800,0,0.047168,0.000407,0.952425
2801,0,0.003478,0.000236,0.996286
2802,1,0.230228,0.000932,0.768840
2803,0,0.117469,0.000471,0.882060
2804,0,0.002363,0.000151,0.997486
2805,0,0.003103,0.000260,0.996637
2806,1,0.068793,0.001066,0.930141
2807,0,0.012282,0.000259,0.987460
2808,1,0.777525,0.000609,0.221866
2809,0,0.005668,0.000417,0.993915
2810,0,0.009334,0.000246,0.990420
2811,0,0.000519,0.000197,0.999285
2812,0,0.116548,0.000454,0.882998
2813,0,0.781141,0.000461,0.218398
2814,1,0.084599,0.890363,0.025038
2815,0,0.119522,0.000618,0.879860
2816,1,0.650480,0.342451,0.007069
2817,0,0.001059,0.000168,0.998773
2818,0,0.004981,0.000280,0.994739
2819,1,0.403069,0.000719,0.596212
2820,0,0.001387,0.000364,0.998250
2821,0,0.008358,0.000273,0.991370
2822,0,0.008297,0.000161,0.991542
2823,0,0.644223,0.001745,0.354032
2824,0,0.050764,0.000362,0.948874
2825,1,0.052102,0.001160,0.946738
2826,0,0.015778,0.000206,0.984016
2827,0,0.001646,0.000325,0.998029
2828,1,0.092611,0.817065,0.090324
2829,0,0.307225,0.000831,0.691944
2830,1,0.318564,0.655175,0.026261
2831,0,0.001044,0.000384,0.998572
2832,1,0.918924,0.000981,0.080095
2833,0,0.016885,0.000185,0.982930
2834,0,0.001133,0.000177,0.998691
2835,0,0.006001,0.000430,0.993569
2836,0,0.383999,0.000969,0.615032
2837,0,0.007996,0.000196,0.991808
2838,1,0.665755,0.285061,0.049184
2839,1,0.097643,0.000714,0.901643
2840,1,0.068739,0.000412,0.930848
2841,0,0.004380,0.000152,0.995467
2842,0,0.053184,0.097315,0.849501
2843,1,0.644976,0.002449,0.352575
2844,0,0.000277,0.000699,0.999024
2845,1,0.987336,0.001398,0.011266
2846,1,0.935582,0.000707,0.063712
2847,1,0.956667,0.004721,0.038612
2848,0,0.040820,0.000543,0.958637
2849,1,0.109947,0.005941,0.884113
2850,1,0.052533,0.006003,0.941464
2851,0,0.052222,0.000299,0.947478
2852,0,0.054163,0.001071,0.944765
2853,1,0.278050,0.004174,0.717776
2854,0,0.070141,0.000882,0.928977
2855,1,0.286735,0.003935,0.709330
2856,0,0.275787,0.000806,0.723408
2857,0,0.047609,0.000517,0.951874
2858,1,0.731019,0.000863,0.268118
2859,1,0.995519,0.000782,0.003699
2860,1,0.987030,0.001259,0.011711
2861,1,0.964044,0.000951,0.035005
2862,0,0.069543,0.000506,0.929950
2863,1,0.179801,0.001822,0.818377
2864,0,0.577725,0.000749,0.421527
2865,0,0.005552,0.000282,0.994166
2866,1,0.680675,0.000622,0.318703
2867,1,0.036994,0.055645,0.907361
2868,0,0.037534,0.000305,0.962161
2869,0,0.003296,0.000235,0.996469
2870,0,0.056274,0.001062,0.942663
2871,0,0.016423,0.000143,0.983434
2872,0,0.141036,0.000398,0.858567
2873,0,0.437239,0.000931,0.561830
2874,1,0.182479,0.000604,0.816917
2875,0,0.009212,0.000331,0.990457
2876,0,0.022399,0.000417,0.977184
2877,1,0.426679,0.001729,0.571592
2878,0,0.016503,0.000740,0.982758
2879,0,0.895781,0.005566,0.098654
2880,1,0.883086,0.008998,0.107916
2881,1,0.141034,0.003086,0.855880
2882,0,0.004551,0.001341,0.994107
2883,0,0.148827,0.003383,0.847790
2884,0,0.001500,0.000140,0.998360
2885,1,0.988601,0.000872,0.010527
2886,1,0.197259,0.014688,0.788053
2887,0,0.049496,0.000276,0.950228
2888,0,0.001422,0.000140,0.998438
2889,1,0.000977,0.000241,0.998782
2890,0,0.015344,0.000274,0.984382
2891,0,0.009806,0.000302,0.989893
2892,0,0.029328,0.000373,0.970299
2893,1,0.172852,0.001396,0.825752
2894,0,0.003165,0.000191,0.996644
2895,0,0.013543,0.000237,0.986220
2896,0,0.303111,0.000460,0.696429
2897,0,0.002088,0.000164,0.997748
2898,0,0.038379,0.000636,0.960985
2899,1,0.746228,0.003123,0.250649
2900,0,0.002668,0.000168,0.997164
2901,1,0.010689,0.000951,0.988359
2902,1,0.762119,0.002645,0.235237
2903,1,0.996962,0.001014,0.002024
2904,1,0.977075,0.000576,0.022349
2905,0,0.209625,0.000839,0.789536
2906,0,0.108902,0.000566,0.890533
2907,1,0.966913,0.000653,0.032434
2908,1,0.018380,0.000535,0.981085
2909,1,0.077156,0.001773,0.921071
2910,0,0.001501,0.000158,0.998341
2911,1,0.419054,0.274789,0.306157
2912,0,0.080377,0.000653,0.918970
2913,1,0.003187,0.000325,0.996488
2914,1,0.047998,0.000214,0.951789
2915,1,0.395115,0.002595,0.602290
2916,0,0.254745,0.000324,0.744931
2917,0,0.003887,0.000613,0.995499
2918,0,0.006937,0.000847,0.992217
2919,1,0.464607,0.000507,0.534886
2920,1,0.449330,0.000512,0.550158
2921,1,0.986033,0.001162,0.012804
2922,1,0.987836,0.008269,0.003895
2923,0,0.011190,0.000302,0.988508
2924,0,0.054956,0.000520,0.944524
2925,0,0.011452,0.000274,0.988274
2926,0,0.010825,0.000280,0.988895
2927,0,0.000973,0.000223,0.998804
2928,0,0.009065,0.000156,0.990778
2929,1,0.942450,0.050252,0.007298
2930,1,0.028671,0.000381,0.970948
2931,1,0.966758,0.019542,0.013700
2932,0,0.152335,0.000371,0.847294
2933,1,0.109693,0.726943,0.163363
2934,0,0.001207,0.000195,0.998599
2935,0,0.016223,0.000348,0.983429
2936,0,0.216573,0.000400,0.783026
2937,1,0.995151,0.001440,0.003410
2938,0,0.014658,0.000356,0.984986
2939,1,0.987434,0.000475,0.012091
2940,0,0.000570,0.000516,0.998914
2941,1,0.290832,0.000633,0.708535
2942,1,0.908277,0.000622,0.091101
2943,1,0.957500,0.003905,0.038595
2944,1,0.567124,0.000669,0.432206
2945,1,0.994282,0.003924,0.001794
2946,1,0.025634,0.000296,0.974070
2947,0,0.060061,0.000514,0.939425
2948,0,0.018792,0.000290,0.980918
2949,1,0.861531,0.001619,0.136850
2950,0,0.021880,0.000411,0.977709
2951,0,0.167203,0.000494,0.832303
2952,1,0.344010,0.001043,0.654947
2953,1,0.995663,0.001830,0.002508
2954,1,0.574880,0.001044,0.424076
2955,0,0.002787,0.000256,0.996958
2956,0,0.046196,0.000665,0.953139
2957,1,0.152337,0.380971,0.466692
2958,0,0.000835,0.000183,0.998982
2959,1,0.839965,0.137128,0.022907
2960,1,0.389789,0.000713,0.609497
2961,0,0.001747,0.000221,0.998031
2962,0,0.005371,0.000316,0.994313
2963,0,0.025695,0.000506,0.973799
2964,0,0.001830,0.000172,0.997998
2965,0,0.455218,0.000678,0.544104
2966,0,0.389740,0.000779,0.609481
2967,1,0.544334,0.001884,0.453782
2968,0,0.015864,0.000389,0.983747
2969,0,0.001341,0.000164,0.998496
2970,0,0.386649,0.000981,0.612370
2971,0,0.003989,0.000323,0.995688
2972,1,0.678666,0.000794,0.320540
2973,0,0.015291,0.000459,0.984250
2974,0,0.375846,0.000623,0.623531
2975,1,0.009643,0.000202,0.990155
2976,1,0.971808,0.023798,0.004394
2977,1,0.335943,0.001082,0.662975
2978,1,0.327513,0.000841,0.671647
2979,1,0.438963,0.001331,0.559706
2980,0,0.010312,0.000157,0.989531
2981,1,0.977498,0.019100,0.003402
2982,0,0.006964,0.000212,0.992824
2983,1,0.021624,0.000185,0.978191
2984,1,0.987666,0.007909,0.004426
2985,1,0.996786,0.001318,0.001896
2986,0,0.023931,0.000415,0.975654
2987,0,0.002946,0.000114,0.996941
2988,0,0.008295,0.000188,0.991516
2989,1,0.901980,0.001243,0.096777
2990,0,0.009910,0.000253,0.989837
2991,0,0.190944,0.000637,0.808419
2992,1,0.951232,0.000623,0.048145
2993,0,0.006452,0.000263,0.993284
2994,1,0.983795,0.002025,0.014181
2995,1,0.992054,0.004349,0.003597
2996,0,0.310971,0.000510,0.688520
2997,1,0.287430,0.003925,0.708646
2998,0,0.038708,0.000351,0.960941
2999,0,0.001304,0.000323,0.998373
