row_id,gold,p_hate,p_offensive,p_normal
0,0,0.046591,0.005504,0.947905
1,0,0.014198,0.000623,0.985179
2,1,0.521575,0.056559,0.421866
3,1,0.895248,0.068750,0.036002
4,0,0.004606,0.001463,0.993931
5,1,0.053302,0.422184,0.524514
6,0,0.972326,0.013025,0.014648
7,0,0.018549,0.000421,0.981030
8,1,0.308163,0.159245,0.532592
9,0,0.005755,0.001495,0.992750
10,0,0.001157,0.000815,0.998029
11,1,0.394576,0.473526,0.131898
12,0,0.015767,0.003887,0.980345
13,0,0.002473,0.000810,0.996717
14,1,0.326979,0.560227,0.112794
15,1,0.867163,0.013522,0.119315
16,1,0.834641,0.134339,0.031020
17,1,0.448807,0.053347,0.497846
18,1,0.164172,0.006723,0.829105
19,1,0.924102,0.005916,0.069981
20,1,0.546291,0.132697,0.321012
21,1,0.059320,0.120280,0.820400
22,1,0.948801,0.043687,0.007512
23,1,0.110520,0.005861,0.883619
24,1,0.074650,0.011278,0.914072
25,1,0.948189,0.005238,0.046573
26,0,0.139986,0.001130,0.858884
27,1,0.431819,0.026825,0.541357
28,1,0.070812,0.004113,0.925075
29,0,0.005670,0.000768,0.993562
30,0,0.005380,0.000360,0.994260
31,0,0.054722,0.002200,0.943079
32,0,0.005122,0.000636,0.994242
33,0,0.340507,0.002939,0.656554
34,0,0.240882,0.002245,0.756872
35,1,0.360943,0.005977,0.633080
36,0,0.205587,0.001982,0.792431
37,1,0.059472,0.830701,0.109827
38,0,0.010390,0.000483,0.989127
39,1,0.801083,0.161522,0.037395
40,0,0.026915,0.001197,0.971889
41,1,0.427461,0.007349,0.565190
42,0,0.001950,0.000499,0.997551
43,1,0.270968,0.451047,0.277985
44,1,0.753647,0.069283,0.177069
45,1,0.134431,0.312729,0.552840
46,1,0.141143,0.547461,0.311396
47,1,0.274233,0.015947,0.709819
48,0,0.049950,0.002606,0.947443
49,0,0.003294,0.000632,0.996074
50,0,0.002226,0.000864,0.996910
51,0,0.025045,0.001117,0.973838
52,1,0.103660,0.086007,0.810332
53,0,0.042460,0.352844,0.604696
54,0,0.044468,0.004766,0.950766
55,0,0.018997,0.000858,0.980145
56,1,0.554398,0.005382,0.440220
57,0,0.351103,0.001108,0.647789
58,0,0.243724,0.010052,0.746224
59,1,0.200705,0.144840,0.654455
60,0,0.081704,0.000751,0.917544
61,0,0.010876,0.000596,0.988529
62,1,0.044358,0.002309,0.953333
63,0,0.093422,0.001182,0.905396
64,0,0.002084,0.000754,0.997163
65,0,0.002459,0.000893,0.996648
66,0,0.014839,0.000954,0.984208
67,0,0.021893,0.000409,0.977698
68,0,0.019170,0.001474,0.979356
69,0,0.004714,0.000700,0.994586
70,1,0.312756,0.532165,0.155079
71,0,0.002927,0.000619,0.996454
72,1,0.308777,0.022923,0.668300
73,0,0.016514,0.000499,0.982987
74,0,0.097871,0.001358,0.900770
75,1,0.173874,0.001601,0.824525
76,1,0.450215,0.026496,0.523288
77,1,0.199260,0.040900,0.759840
78,0,0.018635,0.001659,0.979705
79,0,0.003198,0.000618,0.996184
80,0,0.027386,0.065703,0.906911
81,1,0.904363,0.007113,0.088524
82,1,0.867518,0.016200,0.116281
83,1,0.569372,0.070002,0.360627
84,0,0.373810,0.001405,0.624785
85,0,0.056896,0.083020,0.860084
86,1,0.021555,0.660802,0.317643
87,1,0.289652,0.295655,0.414693
88,1,0.450763,0.072216,0.477020
89,1,0.087753,0.012288,0.899960
90,0,0.007812,0.000763,0.991425
91,0,0.146113,0.003119,0.850768
92,1,0.413286,0.003500,0.583214
93,0,0.135518,0.001405,0.863076
94,0,0.011667,0.002259,0.986074
95,1,0.868621,0.004069,0.127310
96,1,0.595467,0.011224,0.393309
97,0,0.002678,0.000934,0.996388
98,0,0.081349,0.070245,0.848406
99,1,0.715285,0.133139,0.151577
100,0,0.231675,0.002147,0.766178
101,1,0.581825,0.003838,0.414337
102,1,0.887483,0.001942,0.110575
103,0,0.033572,0.001310,0.965119
104,1,0.205253,0.323232,0.471514
105,1,0.640333,0.002344,0.357323
106,0,0.111262,0.000877,0.887862
107,1,0.742298,0.008778,0.248924
108,1,0.931134,0.013035,0.055831
109,1,0.968562,0.011514,0.019925
110,0,0.021050,0.000570,0.978380
111,1,0.270164,0.323517,0.406319
112,1,0.025512,0.001625,0.972863
113,1,0.017826,0.003874,0.978300
114,1,0.061012,0.681985,0.257003
115,1,0.226002,0.760037,0.013961
116,0,0.323147,0.039035,0.637818
117,0,0.002943,0.007427,0.989630
118,0,0.030654,0.001610,0.967736
119,1,0.030612,0.000841,0.968547
120,1,0.480385,0.175448,0.344167
121,0,0.002668,0.000324,0.997008
122,0,0.529310,0.004099,0.466591
123,0,0.004094,0.000556,0.995350
124,1,0.673040,0.250804,0.076156
125,1,0.826774,0.025723,0.147503
126,1,0.270402,0.669153,0.060445
127,1,0.055163,0.002613,0.942224
128,1,0.344917,0.097412,0.557672
129,0,0.428311,0.002547,0.569141
130,1,0.047391,0.233177,0.719432
131,0,0.000961,0.000583,0.998456
132,1,0.136745,0.005733,0.857522
133,0,0.003710,0.000470,0.995820
134,0,0.000770,0.000855,0.998375
135,1,0.201755,0.004558,0.793687
136,0,0.013678,0.000718,0.985604
137,0,0.002388,0.000462,0.997150
138,0,0.074001,0.001119,0.924881
139,1,0.156000,0.686608,0.157392
140,1,0.102298,0.327273,0.570429
141,0,0.002385,0.001838,0.995778
142,0,0.003305,0.000940,0.995755
143,0,0.031991,0.000490,0.967518
144,0,0.000850,0.001778,0.997372
145,1,0.105587,0.002875,0.891538
146,1,0.157650,0.006257,0.836093
147,0,0.233082,0.001809,0.765110
148,1,0.608319,0.033565,0.358117
149,1,0.181195,0.285158,0.533647
150,0,0.051108,0.000807,0.948085
151,0,0.212192,0.007269,0.780539
152,1,0.860923,0.007178,0.131899
153,1,0.288782,0.032079,0.679139
154,1,0.928882,0.030490,0.040628
155,0,0.172414,0.001472,0.826115
156,1,0.384836,0.002987,0.612176
157,1,0.046853,0.003067,0.950080
158,0,0.004501,0.001177,0.994323
159,1,0.787630,0.033615,0.178755
160,1,0.431357,0.139178,0.429465
161,1,0.254358,0.002902,0.742741
162,1,0.407576,0.004471,0.587953
163,1,0.933419,0.019376,0.047205
164,1,0.919366,0.007422,0.073211
165,1,0.868059,0.003330,0.128610
166,0,0.026841,0.001988,0.971170
167,0,0.002515,0.000514,0.996971
168,1,0.446067,0.096518,0.457415
169,0,0.004014,0.000325,0.995661
170,1,0.432068,0.095407,0.472525
171,0,0.009930,0.000627,0.989443
172,0,0.423031,0.002417,0.574552
173,0,0.001063,0.001242,0.997695
174,0,0.301668,0.001380,0.696953
175,0,0.017628,0.000633,0.981738
176,0,0.002026,0.000641,0.997333
177,1,0.122959,0.279376,0.597666
178,0,0.033299,0.002387,0.964314
179,1,0.525455,0.142406,0.332139
180,1,0.940023,0.021881,0.038095
181,0,0.001149,0.000527,0.998324
182,0,0.309546,0.060533,0.629921
183,0,0.165984,0.004107,0.829909
184,1,0.264372,0.003069,0.732559
185,0,0.003171,0.000930,0.995899
186,0,0.513573,0.007515,0.478913
187,0,0.896798,0.002702,0.100500
188,1,0.354501,0.001673,0.643826
189,1,0.272349,0.647710,0.079941
190,1,0.735086,0.002151,0.262762
191,0,0.077733,0.001344,0.920923
192,1,0.986596,0.006782,0.006622
193,0,0.044167,0.000744,0.955088
194,0,0.003000,0.011230,0.985770
195,0,0.007138,0.000350,0.992512
196,0,0.021133,0.021049,0.957817
197,0,0.024794,0.001594,0.973612
198,1,0.892160,0.046929,0.060911
199,1,0.986151,0.009753,0.004095
200,1,0.644783,0.003907,0.351310
201,0,0.362109,0.009001,0.628890
202,0,0.014677,0.000614,0.984709
203,1,0.043836,0.860845,0.095319
204,1,0.773517,0.031721,0.194762
205,0,0.001049,0.000639,0.998312
206,0,0.004183,0.001477,0.994341
207,0,0.003345,0.000975,0.995680
208,0,0.065454,0.002921,0.931626
209,0,0.035208,0.001080,0.963712
210,0,0.001578,0.000768,0.997654
211,0,0.032779,0.004494,0.962727
212,0,0.003337,0.000775,0.995888
213,1,0.656248,0.017911,0.325841
214,0,0.003645,0.000460,0.995895
215,0,0.003052,0.000773,0.996175
216,0,0.002021,0.000677,0.997301
217,0,0.106041,0.001556,0.892403
218,0,0.009616,0.000416,0.989968
219,1,0.021216,0.042683,0.936101
220,0,0.008138,0.000691,0.991171
221,0,0.015437,0.002545,0.982018
222,0,0.033286,0.002936,0.963778
223,1,0.789634,0.040144,0.170222
224,0,0.159622,0.001886,0.838493
225,0,0.001847,0.001198,0.996955
226,1,0.052914,0.412782,0.534304
227,1,0.910391,0.004384,0.085226
228,0,0.002100,0.000599,0.997302
229,0,0.011721,0.011693,0.976586
230,0,0.159560,0.000896,0.839544
231,0,0.012066,0.000583,0.987351
232,0,0.006478,0.001488,0.992034
233,0,0.004357,0.000544,0.995099
234,0,0.004025,0.000545,0.995430
235,1,0.008910,0.000468,0.990621
236,0,0.031417,0.002448,0.966135
237,0,0.179082,0.008518,0.812400
238,1,0.959971,0.003197,0.036832
239,0,0.123796,0.014116,0.862087
240,1,0.511612,0.381654,0.106734
241,0,0.026757,0.000619,0.972624
242,1,0.834944,0.148403,0.016653
243,0,0.026348,0.000386,0.973266
244,0,0.013226,0.000620,0.986153
245,1,0.970183,0.016135,0.013682
246,0,0.010864,0.000399,0.988737
247,0,0.036505,0.000869,0.962626
248,0,0.009291,0.000701,0.990008
249,1,0.039326,0.006644,0.954030
250,0,0.110958,0.001212,0.887830
251,1,0.026873,0.376589,0.596538
252,0,0.009762,0.003082,0.987156
253,1,0.979669,0.002841,0.017489
254,0,0.048411,0.003362,0.948228
255,0,0.006713,0.000370,0.992917
256,0,0.006889,0.000610,0.992500
257,0,0.013366,0.000408,0.986226
258,1,0.563803,0.004816,0.431381
259,0,0.179247,0.003511,0.817241
260,1,0.253107,0.111412,0.635481
261,0,0.044134,0.000668,0.955198
262,0,0.025014,0.000732,0.974254
263,1,0.540079,0.004562,0.455359
264,1,0.951510,0.006608,0.041881
265,0,0.077200,0.001515,0.921285
266,1,0.391258,0.026988,0.581754
267,0,0.012802,0.005569,0.981629
268,0,0.005773,0.000523,0.993705
269,0,0.003369,0.000296,0.996336
270,1,0.031062,0.066866,0.902072
271,0,0.016812,0.000607,0.982581
272,1,0.461008,0.035239,0.503754
273,0,0.004402,0.000675,0.994924
274,1,0.867229,0.030482,0.102289
275,0,0.006185,0.000423,0.993392
276,1,0.408179,0.008945,0.582876
277,1,0.958985,0.038208,0.002807
278,1,0.371978,0.002330,0.625692
279,1,0.610004,0.039110,0.350886
280,1,0.446408,0.018745,0.534847
281,1,0.076421,0.020690,0.902889
282,0,0.019168,0.000523,0.980310
283,1,0.201503,0.018486,0.780010
284,0,0.001086,0.000664,0.998250
285,0,0.124463,0.084344,0.791193
286,1,0.013639,0.000588,0.985773
287,0,0.070690,0.000940,0.928370
288,0,0.106813,0.001463,0.891724
289,1,0.077508,0.019355,0.903136
290,0,0.007711,0.000770,0.991519
291,0,0.128062,0.002293,0.869646
292,0,0.022049,0.001184,0.976766
293,0,0.015227,0.009456,0.975318
294,1,0.176721,0.621734,0.201545
295,1,0.534943,0.005223,0.459833
296,1,0.252769,0.161437,0.585794
297,0,0.003615,0.000294,0.996091
298,0,0.008983,0.000699,0.990318
299,0,0.078138,0.001227,0.920635
300,1,0.801580,0.015193,0.183227
301,1,0.320870,0.176926,0.502204
302,1,0.533025,0.033752,0.433222
303,1,0.038155,0.001957,0.959888
304,1,0.973853,0.022328,0.003818
305,0,0.001035,0.000526,0.998439
306,0,0.565188,0.001910,0.432902
307,0,0.002122,0.000741,0.997137
308,1,0.772616,0.096601,0.130783
309,1,0.444140,0.387799,0.168060
310,1,0.980883,0.006867,0.012250
311,0,0.002696,0.000427,0.996878
312,0,0.004860,0.000296,0.994844
313,1,0.979447,0.006519,0.014034
314,0,0.012178,0.020230,0.967592
315,0,0.004140,0.000549,0.995311
316,1,0.461178,0.413641,0.125181
317,0,0.003347,0.000317,0.996336
318,1,0.131682,0.728383,0.139935
319,0,0.749181,0.001338,0.249481
320,0,0.007374,0.000476,0.992150
321,1,0.026496,0.162699,0.810804
322,0,0.579462,0.003289,0.417249
323,1,0.097250,0.431021,0.471729
324,1,0.156328,0.345158,0.498514
325,1,0.387921,0.403072,0.209007
326,0,0.002701,0.000504,0.996795
327,0,0.001997,0.001267,0.996736
328,1,0.966195,0.023918,0.009887
329,0,0.026639,0.000578,0.972783
330,0,0.006141,0.000571,0.993288
331,1,0.531707,0.003030,0.465263
332,0,0.003436,0.000364,0.996201
333,0,0.224153,0.011787,0.764060
334,0,0.028355,0.001646,0.969999
335,0,0.004875,0.000395,0.994730
336,1,0.604725,0.037638,0.357637
337,1,0.164751,0.012235,0.823013
338,1,0.709425,0.029583,0.260992
339,1,0.254573,0.506408,0.239019
340,1,0.027730,0.021599,0.950671
341,1,0.861033,0.013537,0.125430
342,0,0.005187,0.000453,0.994360
343,0,0.354774,0.001226,0.644000
344,0,0.006926,0.000770,0.992304
345,0,0.283338,0.001088,0.715574
346,0,0.003107,0.000394,0.996499
347,1,0.943995,0.005941,0.050064
348,1,0.817686,0.021473,0.160841
349,0,0.001791,0.000467,0.997743
350,0,0.157798,0.002837,0.839366
351,0,0.003991,0.001132,0.994877
352,0,0.073535,0.001565,0.924900
353,1,0.297806,0.365569,0.336625
354,0,0.039986,0.002129,0.957885
355,0,0.016139,0.004907,0.978954
356,0,0.128732,0.001202,0.870067
357,0,0.020967,0.000742,0.978291
358,0,0.066784,0.002577,0.930639
359,0,0.554744,0.001708,0.443547
360,1,0.852198,0.007988,0.139814
361,0,0.012338,0.000436,0.987226
362,0,0.015646,0.001021,0.983334
363,0,0.132979,0.001043,0.865978
364,0,0.034795,0.001332,0.963873
365,1,0.643473,0.004721,0.351806
366,0,0.008733,0.000450,0.990817
367,1,0.069059,0.740260,0.190681
368,0,0.170741,0.004235,0.825023
369,0,0.133063,0.000948,0.865989
370,0,0.004474,0.000756,0.994770
371,0,0.253498,0.001918,0.744584
372,0,0.003403,0.003147,0.993450
373,1,0.140008,0.018044,0.841948
374,1,0.073360,0.002147,0.924493
375,0,0.013300,0.000532,0.986169
376,1,0.813598,0.012521,0.173881
377,0,0.027846,0.000540,0.971614
378,1,0.055113,0.856124,0.088763
379,1,0.658051,0.015577,0.326372
380,0,0.005350,0.000825,0.993826
381,1,0.281235,0.333020,0.385745
382,0,0.003948,0.000595,0.995457
383,1,0.187986,0.019215,0.792799
384,1,0.684816,0.009764,0.305420
385,1,0.204867,0.005108,0.790025
386,1,0.255597,0.228215,0.516188
387,1,0.153108,0.004691,0.842201
388,0,0.010283,0.000774,0.988943
389,0,0.222139,0.001668,0.776192
390,0,0.546512,0.008914,0.444573
391,0,0.014672,0.000643,0.984686
392,1,0.210232,0.553980,0.235788
393,0,0.394145,0.004106,0.601749
394,0,0.144263,0.003106,0.852632
395,0,0.015652,0.003360,0.980988
396,1,0.368032,0.605707,0.026261
397,0,0.021831,0.000434,0.977736
398,1,0.148430,0.331590,0.519980
399,1,0.144666,0.572212,0.283123
400,1,0.181983,0.558432,0.259585
401,0,0.074725,0.000960,0.924314
402,1,0.513442,0.007109,0.479449
403,1,0.573954,0.015663,0.410383
404,1,0.232762,0.031323,0.735915
405,1,0.264188,0.144161,0.591651
406,1,0.041805,0.002618,0.955577
407,1,0.083881,0.101647,0.814472
408,1,0.321188,0.008201,0.670612
409,0,0.002277,0.000654,0.997070
410,0,0.004401,0.002258,0.993341
411,0,0.012096,0.000605,0.987299
412,1,0.282566,0.281809,0.435625
413,0,0.037826,0.000891,0.961284
414,1,0.657061,0.141361,0.201578
415,0,0.391184,0.001829,0.606987
416,1,0.390064,0.218283,0.391653
417,0,0.004641,0.000525,0.994834
418,0,0.625491,0.357453,0.017056
419,0,0.002266,0.001567,0.996167
420,1,0.064556,0.010905,0.924539
421,1,0.842599,0.044627,0.112774
422,0,0.028750,0.001848,0.969402
423,1,0.084946,0.001583,0.913471
424,1,0.527721,0.008914,0.463365
425,1,0.872511,0.015611,0.111878
426,0,0.021143,0.001801,0.977055
427,1,0.799717,0.001392,0.198891
428,1,0.865568,0.001448,0.132984
429,0,0.011807,0.000462,0.987732
430,1,0.521909,0.204817,0.273274
431,1,0.058670,0.009444,0.931886
432,1,0.543720,0.154863,0.301417
433,0,0.002432,0.000485,0.997083
434,0,0.954634,0.001292,0.044074
435,1,0.940658,0.039746,0.019596
436,1,0.090011,0.025819,0.884170
437,1,0.390906,0.564030,0.045063
438,0,0.035910,0.008831,0.955259
439,0,0.071484,0.000740,0.927776
440,1,0.688606,0.072315,0.239079
441,0,0.393250,0.001194,0.605556
442,1,0.014522,0.003015,0.982463
443,1,0.022991,0.001138,0.975871
444,0,0.259147,0.001870,0.738983
445,1,0.414151,0.003472,0.582377
446,0,0.001258,0.000616,0.998125
447,1,0.862022,0.044136,0.093842
448,0,0.840428,0.001627,0.157945
449,0,0.006135,0.001840,0.992026
450,0,0.029668,0.010101,0.960231
451,0,0.002408,0.001977,0.995616
452,1,0.972587,0.002425,0.024988
453,0,0.590991,0.001282,0.407727
454,0,0.005376,0.002109,0.992515
455,1,0.181761,0.005335,0.812904
456,1,0.313566,0.174869,0.511565
457,1,0.071256,0.027800,0.900945
458,0,0.014445,0.000882,0.984674
459,0,0.125541,0.000950,0.873509
460,1,0.629415,0.003197,0.367389
461,1,0.474268,0.015362,0.510370
462,1,0.952166,0.004330,0.043504
463,1,0.528350,0.017134,0.454516
464,1,0.821409,0.071982,0.106609
465,1,0.760417,0.008051,0.231532
466,1,0.695444,0.002522,0.302034
467,1,0.476168,0.013715,0.510117
468,0,0.001864,0.000536,0.997599
469,0,0.121902,0.001591,0.876507
470,0,0.007664,0.000591,0.991745
471,0,0.007453,0.000878,0.991668
472,1,0.947507,0.009053,0.043440
473,0,0.009813,0.000831,0.989356
474,0,0.015612,0.000519,0.983869
475,0,0.581826,0.001613,0.416561
476,0,0.008885,0.000730,0.990385
477,1,0.033629,0.034812,0.931559
478,0,0.007238,0.000485,0.992278
479,0,0.004159,0.000758,0.995083
480,0,0.005059,0.001505,0.993435
481,0,0.006198,0.000563,0.993239
482,1,0.105886,0.087925,0.806188
483,1,0.445564,0.296130,0.258306
484,0,0.001700,0.000653,0.997647
485,1,0.710391,0.010708,0.278901
486,0,0.005832,0.001384,0.992784
487,0,0.227286,0.001614,0.771100
488,1,0.979144,0.016084,0.004772
489,0,0.006622,0.001127,0.992251
490,0,0.046337,0.000965,0.952698
491,0,0.002313,0.000612,0.997075
492,1,0.266706,0.705227,0.028066
493,0,0.011910,0.000504,0.987585
494,0,0.004974,0.000679,0.994348
495,1,0.079505,0.582612,0.337883
496,1,0.870019,0.070160,0.059821
497,1,0.614502,0.096872,0.288625
498,1,0.935117,0.002267,0.062616
499,0,0.005865,0.000565,0.993571
500,1,0.970325,0.026518,0.003158
501,1,0.536045,0.009747,0.454208
502,1,0.310682,0.029530,0.659788
503,1,0.175958,0.018214,0.805827
504,1,0.398439,0.196288,0.405274
505,1,0.234956,0.633517,0.131527
506,1,0.007903,0.005660,0.986436
507,0,0.020358,0.096327,0.883315
508,0,0.003256,0.000306,0.996438
509,0,0.003460,0.011905,0.984635
510,1,0.178695,0.679603,0.141701
511,1,0.008583,0.000991,0.990426
512,1,0.041367,0.002886,0.955746
513,0,0.010475,0.000600,0.988925
514,1,0.140080,0.163356,0.696564
515,0,0.003913,0.000492,0.995595
516,0,0.005452,0.000555,0.993993
517,1,0.003277,0.000640,0.996082
518,0,0.007814,0.000696,0.991490
519,0,0.003020,0.000408,0.996572
520,1,0.883413,0.004727,0.111860
521,1,0.463209,0.178190,0.358602
522,0,0.033856,0.002529,0.963615
523,1,0.099124,0.027076,0.873800
524,1,0.874726,0.037366,0.087909
525,1,0.357990,0.104684,0.537326
526,0,0.011479,0.000735,0.987786
527,1,0.494244,0.003961,0.501794
528,0,0.202843,0.009468,0.787689
529,1,0.347824,0.012565,0.639611
530,0,0.001284,0.001190,0.997526
531,0,0.003729,0.000536,0.995735
532,0,0.002741,0.002992,0.994266
533,1,0.304080,0.043482,0.652438
534,1,0.972881,0.003346,0.023772
535,1,0.949448,0.012921,0.037632
536,1,0.930581,0.015646,0.053773
537,0,0.002836,0.000347,0.996818
538,0,0.001745,0.000727,0.997528
539,1,0.660521,0.005581,0.333898
540,1,0.972752,0.005462,0.021786
541,1,0.937721,0.012298,0.049981
542,1,0.234511,0.013604,0.751884
543,0,0.147706,0.001177,0.851117
544,0,0.175872,0.001047,0.823081
545,0,0.017276,0.000718,0.982006
546,1,0.496297,0.006319,0.497385
547,1,0.168635,0.009445,0.821920
548,0,0.009019,0.000501,0.990479
549,0,0.086936,0.096458,0.816606
550,0,0.002988,0.004531,0.992481
551,1,0.988218,0.004074,0.007708
552,0,0.021729,0.000700,0.977570
553,0,0.072704,0.002336,0.924960
554,0,0.002711,0.002528,0.994761
555,0,0.591049,0.001603,0.407347
556,0,0.140867,0.002240,0.856893
557,1,0.591135,0.084907,0.323959
558,0,0.001627,0.000600,0.997774
559,0,0.477418,0.012116,0.510466
560,1,0.428401,0.169721,0.401878
561,1,0.789945,0.197336,0.012719
562,1,0.546683,0.018108,0.435209
563,1,0.001492,0.001419,0.997089
564,0,0.007809,0.007359,0.984832
565,1,0.264990,0.048821,0.686189
566,1,0.026445,0.001090,0.972465
567,1,0.284689,0.003071,0.712240
568,0,0.002468,0.000589,0.996943
569,1,0.083308,0.304268,0.612424
570,1,0.754796,0.008795,0.236408
571,1,0.029096,0.522080,0.448824
572,1,0.969865,0.003411,0.026724
573,1,0.959822,0.003678,0.036501
574,0,0.024907,0.001261,0.973833
575,0,0.210065,0.003673,0.786262
576,0,0.008123,0.001802,0.990074
577,1,0.477312,0.069344,0.453343
578,1,0.566458,0.091646,0.341896
579,1,0.385436,0.417017,0.197547
580,1,0.647577,0.005651,0.346772
581,1,0.637920,0.225513,0.136566
582,1,0.975571,0.007098,0.017331
583,0,0.002391,0.000845,0.996764
584,1,0.916299,0.006116,0.077585
585,0,0.004533,0.002941,0.992525
586,0,0.004952,0.002408,0.992640
587,0,0.002350,0.000749,0.996901
588,0,0.008672,0.000806,0.990523
589,0,0.011914,0.000423,0.987663
590,1,0.914858,0.050241,0.034901
591,0,0.406529,0.001973,0.591498
592,0,0.001388,0.000467,0.998145
593,0,0.030504,0.001873,0.967623
594,0,0.008939,0.001136,0.989925
595,1,0.491167,0.009730,0.499104
596,0,0.174528,0.001167,0.824306
597,0,0.028935,0.011845,0.959220
598,1,0.345926,0.012367,0.641706
599,0,0.330635,0.002345,0.667021
600,0,0.004852,0.000697,0.994451
601,0,0.002614,0.000529,0.996857
602,1,0.955810,0.004373,0.039817
603,0,0.002272,0.002200,0.995528
604,0,0.049707,0.002192,0.948101
605,1,0.766926,0.004273,0.228801
606,1,0.700701,0.004543,0.294756
607,1,0.824207,0.002847,0.172947
608,1,0.592329,0.170146,0.237525
609,0,0.013591,0.000885,0.985524
610,0,0.016967,0.000695,0.982338
611,0,0.011013,0.000606,0.988381
612,0,0.727586,0.006594,0.265820
613,0,0.017140,0.000960,0.981900
614,1,0.080445,0.089370,0.830185
615,1,0.196500,0.025022,0.778479
616,1,0.019180,0.029977,0.950842
617,0,0.011579,0.001570,0.986852
618,1,0.544761,0.285810,0.169429
619,0,0.075070,0.000900,0.924030
620,0,0.003055,0.000465,0.996480
621,1,0.984918,0.010987,0.004096
622,1,0.258420,0.330660,0.410920
623,0,0.010429,0.000514,0.989057
624,0,0.023267,0.000648,0.976086
625,1,0.805759,0.005789,0.188452
626,0,0.625459,0.004208,0.370333
627,1,0.644336,0.343910,0.011754
628,0,0.005685,0.000337,0.993978
629,0,0.447277,0.010048,0.542675
630,0,0.117382,0.005518,0.877100
631,1,0.984697,0.002482,0.012821
632,1,0.948749,0.047110,0.004141
633,1,0.073276,0.070981,0.855743
634,0,0.097322,0.005237,0.897441
635,0,0.001155,0.000560,0.998285
636,1,0.017445,0.009565,0.972990
637,0,0.012630,0.000558,0.986811
638,1,0.014023,0.001066,0.984911
639,1,0.018811,0.001426,0.979764
640,0,0.006035,0.001751,0.992214
641,1,0.006145,0.001228,0.992627
642,0,0.003833,0.000392,0.995775
643,0,0.009086,0.000802,0.990113
644,1,0.661822,0.237597,0.100581
645,1,0.504373,0.004551,0.491076
646,1,0.940587,0.001888,0.057525
647,0,0.057365,0.001995,0.940640
648,1,0.815555,0.050667,0.133778
649,0,0.003278,0.001925,0.994797
650,0,0.355491,0.002481,0.642028
651,1,0.100231,0.021687,0.878083
652,0,0.008703,0.003044,0.988253
653,1,0.979910,0.006246,0.013844
654,0,0.005911,0.000648,0.993442
655,1,0.015939,0.018195,0.965866
656,1,0.155675,0.499751,0.344574
657,0,0.450994,0.003003,0.546003
658,0,0.005809,0.000479,0.993712
659,1,0.314613,0.002140,0.683248
660,1,0.002339,0.000817,0.996844
661,1,0.223092,0.518905,0.258002
662,1,0.939245,0.007800,0.052954
663,1,0.866199,0.017098,0.116704
664,1,0.915768,0.012443,0.071789
665,0,0.030149,0.001317,0.968534
666,0,0.015502,0.000642,0.983855
667,0,0.007510,0.000308,0.992181
668,0,0.001856,0.000321,0.997823
669,0,0.002596,0.001519,0.995885
670,1,0.450020,0.440757,0.109223
671,0,0.316895,0.001111,0.681994
672,1,0.491931,0.046836,0.461233
673,1,0.885219,0.009309,0.105472
674,0,0.066390,0.000861,0.932749
675,1,0.780287,0.005522,0.214191
676,0,0.011325,0.002778,0.985897
677,1,0.018417,0.001466,0.980117
678,0,0.005893,0.000477,0.993630
679,1,0.201698,0.585957,0.212345
680,1,0.787594,0.004950,0.207456
681,1,0.316815,0.001287,0.681898
682,1,0.982530,0.005711,0.011759
683,1,0.980836,0.006943,0.012220
684,1,0.602181,0.227026,0.170793
685,0,0.041726,0.000717,0.957557
686,0,0.396910,0.001978,0.601112
687,0,0.001420,0.000827,0.997753
688,1,0.254697,0.350492,0.394812
689,0,0.016918,0.001334,0.981748
690,1,0.017401,0.002218,0.980381
691,1,0.265886,0.123364,0.610750
692,0,0.002010,0.000400,0.997591
693,1,0.683171,0.008671,0.308158
694,1,0.949802,0.001820,0.048378
695,1,0.949847,0.003462,0.046692
696,0,0.012281,0.000358,0.987361
697,1,0.933217,0.045856,0.020927
698,0,0.194789,0.003614,0.801597
699,0,0.034322,0.011080,0.954598
700,0,0.041368,0.000942,0.957690
701,0,0.004859,0.000463,0.994678
702,0,0.011076,0.000444,0.988480
703,0,0.000806,0.000898,0.998296
704,1,0.054577,0.696811,0.248612
705,1,0.961959,0.032256,0.005785
706,1,0.243449,0.736937,0.019614
707,1,0.024240,0.103029,0.872731
708,0,0.001482,0.000479,0.998040
709,1,0.523187,0.003310,0.473503
710,1,0.909412,0.012849,0.077739
711,0,0.006787,0.001885,0.991328
712,1,0.030407,0.005258,0.964335
713,1,0.266303,0.054585,0.679112
714,0,0.015663,0.000533,0.983804
715,1,0.712448,0.071977,0.215574
716,0,0.003981,0.000894,0.995125
717,1,0.981884,0.013284,0.004833
718,1,0.025960,0.087077,0.886963
719,1,0.097450,0.453278,0.449272
720,1,0.092005,0.464887,0.443108
721,0,0.943236,0.002336,0.054427
722,1,0.344989,0.241137,0.413873
723,0,0.198886,0.001514,0.799600
724,1,0.075318,0.822940,0.101743
725,1,0.464183,0.003711,0.532106
726,0,0.008066,0.000516,0.991418
727,1,0.762724,0.035940,0.201335
728,1,0.139210,0.004872,0.855918
729,1,0.544632,0.246344,0.209023
730,0,0.149527,0.002534,0.847939
731,1,0.718771,0.003136,0.278093
732,1,0.004709,0.004737,0.990554
733,1,0.646197,0.003246,0.350558
734,0,0.002318,0.003151,0.994531
735,0,0.001432,0.001858,0.996711
736,1,0.969547,0.002602,0.027851
737,0,0.008775,0.000872,0.990353
738,1,0.104071,0.724668,0.171261
739,1,0.925554,0.011682,0.062763
740,1,0.080055,0.131630,0.788315
741,0,0.011996,0.001121,0.986883
742,0,0.110644,0.000905,0.888451
743,0,0.001137,0.000582,0.998280
744,1,0.931788,0.004019,0.064194
745,0,0.019899,0.000562,0.979539
746,0,0.002242,0.000538,0.997220
747,0,0.002929,0.000478,0.996592
748,0,0.012783,0.026391,0.960826
749,0,0.084465,0.131995,0.783541
750,0,0.007306,0.002380,0.990313
751,1,0.720671,0.266109,0.013220
752,0,0.586352,0.002334,0.411314
753,1,0.898938,0.011103,0.089959
754,0,0.131295,0.001092,0.867613
755,0,0.006205,0.000528,0.993267
756,0,0.718782,0.003261,0.277958
757,0,0.284057,0.001077,0.714866
758,1,0.002601,0.009696,0.987703
759,1,0.745289,0.147596,0.107115
760,1,0.933087,0.045426,0.021487
761,0,0.204423,0.001515,0.794062
762,1,0.559606,0.294223,0.146171
763,1,0.976868,0.006925,0.016207
764,0,0.008566,0.027197,0.964236
765,1,0.416499,0.480669,0.102831
766,1,0.859738,0.136023,0.004239
767,1,0.126575,0.166179,0.707246
768,1,0.917363,0.074337,0.008300
769,0,0.002710,0.001629,0.995661
770,1,0.068330,0.051463,0.880207
771,0,0.002932,0.003629,0.993439
772,0,0.001701,0.000578,0.997721
773,1,0.071063,0.075995,0.852942
774,0,0.009438,0.001438,0.989124
775,1,0.327949,0.194291,0.477759
776,1,0.008697,0.005982,0.985321
777,1,0.395359,0.001745,0.602897
778,1,0.323619,0.314861,0.361520
779,1,0.288542,0.469410,0.242049
780,0,0.425960,0.002717,0.571323
781,1,0.095324,0.778018,0.126658
782,0,0.001406,0.000674,0.997920
783,1,0.923764,0.018439,0.057797
784,1,0.949295,0.007023,0.043682
785,0,0.001614,0.000484,0.997902
786,1,0.154495,0.612757,0.232748
787,0,0.184899,0.000768,0.814333
788,0,0.003656,0.000528,0.995816
789,0,0.002967,0.000588,0.996445
790,0,0.027422,0.000714,0.971865
791,1,0.093684,0.025866,0.880450
792,0,0.011027,0.000538,0.988435
793,1,0.341431,0.314577,0.343992
794,0,0.004748,0.000314,0.994937
795,0,0.058914,0.000546,0.940540
796,1,0.806958,0.024988,0.168054
797,0,0.060362,0.001104,0.938533
798,0,0.008053,0.000713,0.991234
799,0,0.003770,0.002476,0.993754
800,0,0.082628,0.009183,0.908189
801,0,0.004681,0.004530,0.990790
802,1,0.322764,0.203538,0.473697
803,1,0.026143,0.006663,0.967194
804,0,0.259065,0.001389,0.739546
805,1,0.857524,0.111597,0.030879
806,1,0.493210,0.002211,0.504579
807,0,0.030640,0.000922,0.968438
808,1,0.919631,0.019735,0.060634
809,0,0.001184,0.000460,0.998356
810,1,0.486559,0.026228,0.487213
811,0,0.016823,0.000875,0.982302
812,0,0.025806,0.001276,0.972919
813,0,0.358873,0.002769,0.638358
814,1,0.053199,0.823323,0.123478
815,0,0.135455,0.003491,0.861054
816,1,0.345155,0.554354,0.100491
817,1,0.082744,0.004914,0.912342
818,1,0.013568,0.002360,0.984071
819,0,0.151870,0.000875,0.847254
820,1,0.773690,0.109567,0.116743
821,0,0.000965,0.001597,0.997438
822,1,0.381058,0.597494,0.021448
823,1,0.906447,0.002554,0.090999
824,0,0.001329,0.000414,0.998257
825,0,0.009442,0.001171,0.989387
826,0,0.054484,0.483200,0.462316
827,1,0.778081,0.004301,0.217618
828,0,0.102985,0.001136,0.895880
829,1,0.892632,0.001307,0.106061
830,1,0.550927,0.002131,0.446942
831,1,0.053852,0.087219,0.858928
832,0,0.104523,0.001460,0.894018
833,0,0.020699,0.000552,0.978749
834,0,0.007660,0.000941,0.991399
835,1,0.435830,0.012550,0.551620
836,1,0.680916,0.002049,0.317035
837,0,0.074272,0.000750,0.924978
838,0,0.757494,0.002226,0.240281
839,1,0.033810,0.337631,0.628560
840,0,0.112865,0.002343,0.884792
841,0,0.069133,0.001115,0.929752
842,1,0.699476,0.003216,0.297307
843,1,0.792039,0.001538,0.206423
844,0,0.006202,0.000533,0.993265
845,1,0.953423,0.043264,0.003313
846,0,0.145415,0.001877,0.852708
847,1,0.966852,0.030445,0.002704
848,1,0.573835,0.008139,0.418026
849,0,0.011505,0.000572,0.987923
850,0,0.066686,0.000981,0.932334
851,1,0.983909,0.008080,0.008011
852,1,0.958987,0.003532,0.037482
853,0,0.145661,0.001270,0.853069
854,1,0.790372,0.001882,0.207746
855,0,0.865461,0.003436,0.131103
856,0,0.006977,0.000559,0.992465
857,1,0.245445,0.079270,0.675285
858,1,0.149871,0.001490,0.848638
859,0,0.070267,0.001275,0.928458
860,1,0.469659,0.142161,0.388179
861,1,0.672499,0.080708,0.246793
862,1,0.231812,0.011328,0.756861
863,0,0.099000,0.269637,0.631364
864,1,0.313071,0.056351,0.630578
865,1,0.877651,0.002695,0.119654
866,0,0.193894,0.003559,0.802547
867,0,0.001961,0.003170,0.994869
868,1,0.222552,0.065900,0.711548
869,1,0.401792,0.062031,0.536177
870,0,0.001518,0.000634,0.997847
871,1,0.836394,0.007650,0.155957
872,1,0.483491,0.415312,0.101197
873,0,0.006469,0.000522,0.993009
874,0,0.083263,0.001232,0.915504
875,0,0.192968,0.001551,0.805481
876,0,0.019497,0.002139,0.978364
877,0,0.003257,0.003479,0.993264
878,0,0.004131,0.001164,0.994705
879,1,0.049085,0.003971,0.946945
880,0,0.001059,0.000563,0.998378
881,1,0.720543,0.020099,0.259358
882,1,0.957359,0.016548,0.026092
883,0,0.002489,0.000783,0.996728
884,1,0.169664,0.254707,0.575630
885,1,0.400236,0.046451,0.553313
886,0,0.017703,0.010403,0.971894
887,1,0.544118,0.002612,0.453270
888,1,0.179922,0.003125,0.816953
889,0,0.003899,0.002775,0.993325
890,1,0.976483,0.007215,0.016302
891,1,0.578553,0.279798,0.141649
892,0,0.002876,0.001001,0.996123
893,1,0.248051,0.029608,0.722340
894,1,0.060973,0.030316,0.908712
895,1,0.974109,0.021409,0.004482
896,1,0.986442,0.002552,0.011006
897,0,0.161232,0.002040,0.836728
898,0,0.004431,0.000334,0.995234
899,0,0.015756,0.000522,0.983721
900,0,0.010580,0.000743,0.988678
901,0,0.014847,0.000836,0.984316
902,1,0.587627,0.004368,0.408005
903,1,0.051996,0.283757,0.664247
904,1,0.860007,0.031384,0.108609
905,1,0.247618,0.071491,0.680891
906,1,0.751483,0.005650,0.242867
907,0,0.070298,0.000885,0.928817
908,1,0.105360,0.010921,0.883719
909,0,0.144584,0.002634,0.852783
910,0,0.014276,0.000440,0.985283
911,1,0.978149,0.018435,0.003416
912,1,0.787624,0.081949,0.130427
913,0,0.661142,0.001594,0.337264
914,1,0.302769,0.054314,0.642917
915,1,0.164092,0.003691,0.832217
916,1,0.951489,0.009108,0.039403
917,0,0.002968,0.001270,0.995763
918,1,0.244628,0.064781,0.690591
919,0,0.134678,0.002028,0.863294
920,1,0.587798,0.002642,0.409560
921,0,0.096759,0.247315,0.655926
922,1,0.228045,0.210418,0.561537
923,0,0.005220,0.000673,0.994107
924,0,0.010877,0.000631,0.988492
925,0,0.004195,0.000808,0.994997
926,0,0.032226,0.000819,0.966955
927,1,0.755156,0.002709,0.242134
928,1,0.069058,0.857204,0.073738
929,0,0.008203,0.000384,0.991413
930,0,0.054725,0.001627,0.943648
931,1,0.527066,0.299294,0.173640
932,0,0.166094,0.001167,0.832739
933,1,0.555048,0.034772,0.410180
934,0,0.270803,0.001239,0.727959
935,1,0.103702,0.687937,0.208361
936,0,0.021459,0.000514,0.978027
937,0,0.148876,0.001591,0.849533
938,1,0.293163,0.081690,0.625147
939,1,0.069635,0.170294,0.760071
940,0,0.506900,0.001930,0.491170
941,0,0.023646,0.000453,0.975900
942,0,0.008003,0.000518,0.991479
943,1,0.482895,0.364671,0.152434
944,1,0.223938,0.458025,0.318037
945,0,0.163930,0.005585,0.830484
946,1,0.348761,0.346637,0.304602
947,1,0.214097,0.002838,0.783065
948,0,0.002981,0.000319,0.996700
949,0,0.037525,0.000525,0.961950
950,0,0.166887,0.001406,0.831708
951,1,0.478804,0.070814,0.450382
952,1,0.985284,0.012189,0.002527
953,0,0.002563,0.000301,0.997136
954,1,0.560530,0.003497,0.435973
955,1,0.065385,0.214200,0.720415
956,0,0.071336,0.003414,0.925251
957,0,0.036351,0.000932,0.962717
958,1,0.476371,0.307913,0.215716
959,0,0.005070,0.000560,0.994369
960,0,0.005455,0.000603,0.993942
961,1,0.187195,0.031693,0.781112
962,0,0.243839,0.006806,0.749354
963,0,0.086027,0.001612,0.912362
964,1,0.198566,0.517014,0.284420
965,0,0.025211,0.000766,0.974023
966,1,0.375025,0.003409,0.621566
967,1,0.112691,0.421678,0.465631
968,1,0.981067,0.002406,0.016527
969,1,0.184765,0.208954,0.606281
970,1,0.640528,0.114762,0.244711
971,1,0.703333,0.001869,0.294799
972,1,0.306183,0.003320,0.690497
973,0,0.001831,0.000665,0.997504
974,0,0.014885,0.000655,0.984460
975,0,0.003291,0.000541,0.996168
976,0,0.011519,0.000613,0.987868
977,1,0.580549,0.050967,0.368484
978,1,0.007971,0.003973,0.988056
979,0,0.032569,0.003896,0.963535
980,1,0.031955,0.414208,0.553837
981,1,0.304291,0.581401,0.114308
982,0,0.022028,0.000643,0.977329
983,0,0.013989,0.000514,0.985497
984,1,0.418125,0.005574,0.576301
985,1,0.974681,0.008380,0.016938
986,1,0.352781,0.015619,0.631600
987,1,0.001963,0.001100,0.996937
988,0,0.014076,0.001832,0.984092
989,1,0.065626,0.002804,0.931570
990,0,0.033764,0.001400,0.964836
991,1,0.938204,0.010100,0.051696
992,1,0.008027,0.001332,0.990641
993,1,0.825903,0.169000,0.005097
994,0,0.083414,0.000750,0.915836
995,0,0.260732,0.010132,0.729136
996,1,0.795399,0.027082,0.177519
997,0,0.210672,0.001084,0.788244
998,1,0.927940,0.003058,0.069002
999,1,0.353949,0.003347,0.642704
1000,1,0.688503,0.041492,0.270005
1001,0,0.075686,0.000919,0.923394
1002,0,0.002745,0.000355,0.996900
1003,0,0.002481,0.001972,0.995546
1004,1,0.134743,0.026735,0.838522
1005,1,0.070434,0.009187,0.920379
1006,1,0.949051,0.013601,0.037348
1007,0,0.003571,0.004727,0.991703
1008,1,0.135600,0.303965,0.560435
1009,1,0.925928,0.002342,0.071730
1010,0,0.003533,0.000401,0.996066
1011,1,0.970523,0.026353,0.003123
1012,0,0.100741,0.001629,0.897630
1013,1,0.960335,0.012228,0.027438
1014,1,0.907619,0.002649,0.089732
1015,0,0.001533,0.000456,0.998011
1016,0,0.029350,0.000834,0.969816
1017,0,0.234498,0.001571,0.763931
1018,1,0.761282,0.090328,0.148390
1019,1,0.850404,0.144610,0.004985
1020,1,0.012841,0.013727,0.973432
1021,0,0.204344,0.693628,0.102029
1022,1,0.235414,0.002834,0.761752
1023,0,0.008825,0.002599,0.988576
1024,1,0.019142,0.001411,0.979447
1025,1,0.862984,0.038665,0.098351
1026,1,0.565671,0.002381,0.431948
1027,0,0.015420,0.000637,0.983943
1028,0,0.004717,0.001349,0.993933
1029,1,0.345971,0.006909,0.647120
1030,1,0.181187,0.794306,0.024507
1031,1,0.923407,0.001813,0.074781
1032,1,0.759056,0.001600,0.239344
1033,1,0.504128,0.156919,0.338953
1034,0,0.014798,0.000542,0.984660
1035,1,0.922870,0.018383,0.058746
1036,0,0.046900,0.000820,0.952280
1037,0,0.022193,0.001066,0.976741
1038,1,0.230498,0.169212,0.600290
1039,1,0.070883,0.032141,0.896976
1040,0,0.001758,0.000698,0.997544
1041,1,0.002351,0.001497,0.996152
1042,0,0.046936,0.001125,0.951939
1043,0,0.025482,0.001055,0.973464
1044,0,0.029309,0.011623,0.959068
1045,0,0.094545,0.001107,0.904348
1046,1,0.109339,0.006177,0.884484
1047,0,0.006103,0.000493,0.993404
1048,0,0.012425,0.000830,0.986745
1049,0,0.452983,0.001246,0.545771
1050,0,0.174143,0.002071,0.823786
1051,1,0.957778,0.034741,0.007481
1052,1,0.224997,0.559045,0.215958
1053,0,0.259650,0.001155,0.739195
1054,1,0.627921,0.056177,0.315902
1055,1,0.047791,0.001588,0.950621
1056,1,0.529844,0.051856,0.418300
1057,0,0.014320,0.000884,0.984797
1058,0,0.251934,0.005135,0.742930
1059,0,0.080383,0.001214,0.918404
1060,1,0.666024,0.005361,0.328615
1061,1,0.872046,0.005242,0.122712
1062,1,0.875960,0.008406,0.115635
1063,1,0.051066,0.031765,0.917169
1064,1,0.669011,0.182255,0.148734
1065,1,0.892242,0.002049,0.105710
1066,0,0.005070,0.001301,0.993629
1067,1,0.055708,0.678632,0.265661
1068,0,0.005956,0.000446,0.993598
1069,1,0.914229,0.003429,0.082342
1070,1,0.859010,0.001846,0.139144
1071,1,0.371865,0.027687,0.600448
1072,0,0.008774,0.001226,0.989999
1073,0,0.266660,0.002186,0.731154
1074,0,0.006568,0.000882,0.992550
1075,0,0.014291,0.001093,0.984616
1076,0,0.002609,0.002298,0.995093
1077,1,0.266365,0.465063,0.268572
1078,1,0.088910,0.110736,0.800354
1079,0,0.012816,0.003105,0.984079
1080,0,0.248700,0.001175,0.750125
1081,1,0.711438,0.253423,0.035139
1082,0,0.003237,0.000442,0.996321
1083,1,0.434343,0.011103,0.554553
1084,0,0.010676,0.000384,0.988939
1085,1,0.370004,0.006966,0.623029
1086,1,0.360045,0.004452,0.635503
1087,1,0.132916,0.006750,0.860335
1088,1,0.978943,0.016994,0.004063
1089,1,0.106019,0.152947,0.741034
1090,1,0.720762,0.022482,0.256756
1091,0,0.001989,0.000829,0.997182
1092,0,0.006199,0.000818,0.992982
1093,0,0.005947,0.001973,0.992080
1094,1,0.983857,0.011159,0.004984
1095,0,0.008523,0.000413,0.991064
1096,0,0.101200,0.001185,0.897615
1097,1,0.426904,0.011858,0.561238
1098,1,0.416833,0.010748,0.572420
1099,0,0.303522,0.002436,0.694042
1100,1,0.955790,0.001923,0.042287
1101,0,0.027837,0.002695,0.969467
1102,1,0.943713,0.016474,0.039814
1103,0,0.036103,0.003339,0.960558
1104,1,0.236004,0.603315,0.160681
1105,0,0.011985,0.000735,0.987280
1106,0,0.028154,0.000623,0.971223
1107,0,0.003582,0.000302,0.996116
1108,0,0.008869,0.001025,0.990106
1109,1,0.136959,0.838890,0.024150
1110,1,0.553460,0.215151,0.231389
1111,1,0.721608,0.083352,0.195041
1112,1,0.165297,0.621755,0.212948
1113,1,0.859549,0.038244,0.102207
1114,0,0.070927,0.001149,0.927923
1115,1,0.692575,0.058116,0.249309
1116,0,0.005656,0.001414,0.992930
1117,0,0.029777,0.001254,0.968968
1118,0,0.004597,0.000522,0.994881
1119,1,0.072910,0.889298,0.037791
1120,1,0.123133,0.159659,0.717209
1121,0,0.001334,0.000563,0.998103
1122,0,0.110329,0.003820,0.885851
1123,1,0.002256,0.001973,0.995771
1124,1,0.345839,0.428390,0.225771
1125,1,0.309069,0.128352,0.562579
1126,0,0.004997,0.000525,0.994478
1127,0,0.003705,0.000460,0.995835
1128,0,0.001183,0.000842,0.997976
1129,0,0.031410,0.001970,0.966620
1130,0,0.002260,0.000531,0.997208
1131,0,0.002747,0.000683,0.996570
1132,0,0.001807,0.001067,0.997126
1133,1,0.224548,0.183854,0.591598
1134,0,0.020279,0.002069,0.977652
1135,0,0.203564,0.002586,0.793850
1136,0,0.104852,0.001149,0.893998
1137,0,0.002181,0.000694,0.997126
1138,0,0.030660,0.000581,0.968759
1139,1,0.879335,0.004214,0.116451
1140,1,0.201339,0.780885,0.017777
1141,0,0.003591,0.000728,0.995681
1142,1,0.293291,0.680929,0.025780
1143,0,0.122492,0.039485,0.838023
1144,0,0.282058,0.004421,0.713521
1145,1,0.382341,0.005469,0.612190
1146,1,0.191066,0.579506,0.229427
1147,0,0.000820,0.001070,0.998109
1148,0,0.002519,0.000306,0.997175
1149,1,0.947201,0.004291,0.048508
1150,1,0.567784,0.203055,0.229161
1151,0,0.793900,0.001360,0.204739
1152,1,0.459835,0.019165,0.520999
1153,0,0.013358,0.000425,0.986217
1154,1,0.912700,0.004856,0.082444
1155,0,0.040538,0.001476,0.957985
1156,1,0.200124,0.001844,0.798033
1157,0,0.005129,0.000542,0.994330
1158,1,0.353462,0.006417,0.640122
1159,0,0.013780,0.000593,0.985627
1160,1,0.906113,0.005097,0.088790
1161,1,0.080121,0.029256,0.890624
1162,1,0.138779,0.530794,0.330428
1163,1,0.368556,0.009973,0.621471
1164,1,0.367504,0.493228,0.139268
1165,0,0.004675,0.001287,0.994038
1166,0,0.001674,0.001128,0.997198
1167,1,0.067585,0.002421,0.929995
1168,0,0.006846,0.003086,0.990068
1169,0,0.040945,0.176895,0.782160
1170,1,0.413179,0.028176,0.558645
1171,0,0.001346,0.000478,0.998176
1172,1,0.779859,0.002930,0.217211
1173,1,0.539932,0.206944,0.253124
1174,1,0.635019,0.122044,0.242937
1175,1,0.817503,0.002875,0.179622
1176,0,0.232902,0.002941,0.764158
1177,1,0.723929,0.001546,0.274524
1178,0,0.043780,0.000714,0.955506
1179,0,0.025175,0.001444,0.973380
1180,1,0.402647,0.104191,0.493162
1181,1,0.608329,0.073436,0.318235
1182,1,0.352941,0.012797,0.634262
1183,0,0.006014,0.000539,0.993447
1184,1,0.061962,0.651495,0.286543
1185,0,0.001482,0.000337,0.998181
1186,0,0.097044,0.002324,0.900632
1187,0,0.022514,0.001272,0.976213
1188,0,0.146820,0.010048,0.843133
1189,1,0.944612,0.036673,0.018715
1190,1,0.701892,0.116621,0.181487
1191,1,0.847219,0.012560,0.140220
1192,0,0.043810,0.000583,0.955606
1193,1,0.934279,0.013638,0.052084
1194,0,0.001423,0.000417,0.998160
1195,0,0.055497,0.001811,0.942692
1196,1,0.789365,0.002274,0.208361
1197,1,0.927086,0.006838,0.066076
1198,1,0.908270,0.003082,0.088648
1199,1,0.189682,0.012388,0.797930
1200,0,0.004091,0.000546,0.995362
1201,1,0.218264,0.003943,0.777793
1202,0,0.017589,0.033625,0.948786
1203,0,0.008781,0.001142,0.990077
1204,0,0.002071,0.000638,0.997291
1205,1,0.665202,0.039689,0.295109
1206,0,0.096129,0.001054,0.902816
1207,0,0.080636,0.001112,0.918252
1208,0,0.034373,0.000677,0.964950
1209,0,0.130878,0.096696,0.772426
1210,1,0.614812,0.004931,0.380256
1211,1,0.966945,0.001711,0.031343
1212,1,0.079157,0.030132,0.890711
1213,1,0.368939,0.012222,0.618838
1214,1,0.417514,0.132741,0.449745
1215,1,0.955106,0.004551,0.040344
1216,1,0.946300,0.005618,0.048082
1217,1,0.678270,0.261594,0.060136
1218,1,0.171216,0.011383,0.817401
1219,1,0.240718,0.001390,0.757892
1220,1,0.923926,0.004351,0.071723
1221,0,0.013104,0.000459,0.986437
1222,0,0.003950,0.000442,0.995608
1223,1,0.653282,0.015060,0.331659
1224,1,0.065331,0.130036,0.804634
1225,1,0.048290,0.743999,0.207711
1226,1,0.010602,0.000436,0.988962
1227,1,0.011824,0.001922,0.986254
1228,0,0.028797,0.004267,0.966936
1229,0,0.013020,0.000527,0.986453
1230,1,0.657821,0.119743,0.222436
1231,1,0.690562,0.267138,0.042300
1232,0,0.010288,0.000867,0.988845
1233,1,0.255809,0.280273,0.463918
1234,0,0.025489,0.000483,0.974028
1235,0,0.064663,0.000949,0.934388
1236,0,0.018798,0.001613,0.979589
1237,0,0.013087,0.000445,0.986468
1238,0,0.004856,0.000369,0.994775
1239,0,0.002444,0.002010,0.995546
1240,0,0.007070,0.000580,0.992350
1241,0,0.001311,0.000554,0.998135
1242,1,0.982493,0.006471,0.011035
1243,0,0.758991,0.001255,0.239754
1244,1,0.978382,0.004363,0.017255
1245,0,0.158950,0.009357,0.831693
1246,0,0.002315,0.001036,0.996649
1247,0,0.061240,0.000679,0.938081
1248,1,0.082443,0.700776,0.216781
1249,0,0.035090,0.001049,0.963861
1250,0,0.001865,0.000496,0.997640
1251,1,0.337271,0.586205,0.076524
1252,0,0.153801,0.004793,0.841406
1253,1,0.662174,0.185497,0.152329
1254,1,0.831477,0.056800,0.111723
1255,1,0.032663,0.001464,0.965873
1256,1,0.008853,0.000608,0.990539
1257,0,0.016789,0.001548,0.981662
1258,0,0.005266,0.000879,0.993855
1259,0,0.046572,0.001179,0.952249
1260,1,0.932436,0.022911,0.044653
1261,1,0.295392,0.002704,0.701904
1262,0,0.038943,0.000502,0.960555
1263,1,0.807823,0.004236,0.187941
1264,1,0.073305,0.734052,0.192643
1265,0,0.013852,0.000538,0.985610
1266,0,0.015881,0.000972,0.983146
1267,1,0.308925,0.003329,0.687746
1268,1,0.006593,0.001070,0.992337
1269,1,0.317101,0.037039,0.645859
1270,0,0.026953,0.001056,0.971990
1271,0,0.005342,0.001400,0.993258
1272,0,0.011330,0.000726,0.987944
1273,1,0.457028,0.379281,0.163691
1274,1,0.203363,0.028216,0.768421
1275,0,0.002317,0.001777,0.995906
1276,0,0.007964,0.000500,0.991536
1277,1,0.723487,0.153995,0.122518
1278,1,0.120860,0.793662,0.085479
1279,1,0.244225,0.566165,0.189610
1280,0,0.107377,0.004507,0.888116
1281,0,0.025315,0.000678,0.974007
1282,1,0.299539,0.019017,0.681444
1283,1,0.480189,0.038196,0.481615
1284,0,0.000908,0.001285,0.997807
1285,0,0.120719,0.002136,0.877145
1286,1,0.064984,0.002578,0.932438
1287,0,0.011911,0.000471,0.987617
1288,1,0.074322,0.814566,0.111112
1289,0,0.008947,0.000698,0.990355
1290,0,0.004735,0.000484,0.994782
1291,1,0.733036,0.029421,0.237543
1292,1,0.527869,0.325798,0.146333
1293,1,0.044732,0.187069,0.768199
1294,0,0.002428,0.000464,0.997107
1295,1,0.937432,0.017372,0.045196
1296,1,0.161411,0.815201,0.023389
1297,1,0.887014,0.050765,0.062221
1298,1,0.872081,0.100679,0.027240
1299,1,0.949639,0.007564,0.042796
1300,1,0.188233,0.002223,0.809544
1301,0,0.002942,0.000656,0.996403
1302,1,0.984477,0.009739,0.005785
1303,1,0.435534,0.049768,0.514697
1304,1,0.436352,0.257688,0.305960
1305,0,0.006787,0.000816,0.992398
1306,1,0.986824,0.010818,0.002357
1307,1,0.839179,0.002415,0.158406
1308,1,0.989535,0.004528,0.005937
1309,1,0.940720,0.018778,0.040503
1310,0,0.076094,0.001062,0.922844
1311,1,0.128750,0.139621,0.731629
1312,1,0.085245,0.426278,0.488477
1313,1,0.298754,0.004029,0.697217
1314,1,0.562271,0.042172,0.395557
1315,1,0.769955,0.177572,0.052473
1316,1,0.236856,0.232246,0.530898
1317,1,0.135789,0.003424,0.860787
1318,0,0.004073,0.000651,0.995276
1319,0,0.065407,0.657143,0.277450
1320,1,0.198416,0.001121,0.800463
1321,0,0.002327,0.000991,0.996682
1322,0,0.026663,0.000740,0.972597
1323,1,0.186863,0.721083,0.092054
1324,0,0.008504,0.000728,0.990768
1325,0,0.021152,0.000644,0.978203
1326,0,0.017040,0.001117,0.981844
1327,0,0.031467,0.000871,0.967663
1328,1,0.805192,0.044451,0.150357
1329,1,0.064191,0.252761,0.683048
1330,1,0.011793,0.001317,0.986890
1331,0,0.043634,0.001206,0.955159
1332,1,0.008519,0.001554,0.989926
1333,0,0.100090,0.001189,0.898721
1334,0,0.033080,0.000521,0.966400
1335,0,0.002650,0.000537,0.996813
1336,1,0.247271,0.018124,0.734605
1337,1,0.075523,0.445380,0.479097
1338,0,0.097530,0.001834,0.900636
1339,0,0.007206,0.001097,0.991697
1340,1,0.863293,0.053390,0.083317
1341,0,0.488855,0.331854,0.179291
1342,1,0.022070,0.158382,0.819547
1343,0,0.013785,0.001584,0.984631
1344,1,0.183457,0.008912,0.807632
1345,1,0.139344,0.007101,0.853555
1346,1,0.550673,0.018488,0.430840
1347,1,0.028184,0.003651,0.968165
1348,1,0.981804,0.011407,0.006789
1349,1,0.812310,0.051357,0.136333
1350,1,0.170040,0.009173,0.820787
1351,0,0.060698,0.001209,0.938093
1352,0,0.001295,0.000467,0.998238
1353,1,0.709534,0.016852,0.273614
1354,1,0.624008,0.005911,0.370081
1355,1,0.381405,0.081279,0.537315
1356,1,0.342172,0.069438,0.588390
1357,1,0.354294,0.073492,0.572214
1358,0,0.048797,0.000699,0.950504
1359,0,0.002999,0.000616,0.996385
1360,1,0.867791,0.002058,0.130152
1361,1,0.706017,0.037917,0.256065
1362,1,0.182832,0.076524,0.740644
1363,1,0.757521,0.024800,0.217679
1364,1,0.013527,0.013914,0.972559
1365,0,0.005527,0.000942,0.993531
1366,1,0.384527,0.003226,0.612247
1367,1,0.380265,0.092882,0.526852
1368,1,0.450493,0.002371,0.547136
1369,0,0.068157,0.001419,0.930424
1370,1,0.217795,0.002661,0.779544
1371,0,0.003578,0.000329,0.996093
1372,1,0.941844,0.003230,0.054926
1373,1,0.087045,0.214061,0.698894
1374,0,0.135838,0.000948,0.863214
1375,1,0.374756,0.013971,0.611273
1376,1,0.613027,0.003152,0.383820
1377,0,0.014108,0.000700,0.985191
1378,1,0.938264,0.007450,0.054287
1379,1,0.938264,0.007450,0.054287
1380,0,0.002451,0.000611,0.996938
1381,1,0.891098,0.003492,0.105410
1382,0,0.005184,0.027069,0.967747
1383,1,0.820064,0.014190,0.165746
1384,1,0.121633,0.034791,0.843576
1385,0,0.042908,0.000762,0.956330
1386,0,0.002671,0.000697,0.996632
1387,1,0.910437,0.002634,0.086929
1388,0,0.156821,0.001096,0.842083
1389,1,0.348195,0.462602,0.189203
1390,0,0.013165,0.000747,0.986088
1391,1,0.968248,0.007251,0.024501
1392,1,0.445989,0.350077,0.203933
1393,0,0.001588,0.000718,0.997694
1394,1,0.979582,0.003549,0.016870
1395,0,0.003830,0.001714,0.994456
1396,1,0.925594,0.036459,0.037947
1397,1,0.893278,0.001514,0.105208
1398,0,0.028904,0.001798,0.969299
1399,1,0.157169,0.059523,0.783309
1400,0,0.009100,0.000439,0.990461
1401,1,0.207399,0.013698,0.778904
1402,0,0.003526,0.001452,0.995022
1403,1,0.083187,0.001933,0.914880
1404,1,0.982793,0.015038,0.002169
1405,0,0.002492,0.000493,0.997015
1406,1,0.139417,0.050240,0.810343
1407,0,0.245149,0.002274,0.752578
1408,1,0.005925,0.003131,0.990944
1409,1,0.124970,0.835834,0.039196
1410,0,0.005638,0.001009,0.993353
1411,0,0.006030,0.000835,0.993134
1412,0,0.007442,0.000427,0.992131
1413,0,0.007167,0.000390,0.992443
1414,0,0.103219,0.001581,0.895200
1415,1,0.719915,0.111533,0.168553
1416,1,0.906731,0.039696,0.053574
1417,1,0.977229,0.002423,0.020347
1418,0,0.002132,0.002044,0.995824
1419,0,0.005453,0.000505,0.994042
1420,0,0.003380,0.000711,0.995908
1421,0,0.006798,0.003406,0.989796
1422,1,0.119685,0.780113,0.100203
1423,1,0.232399,0.005786,0.761815
1424,0,0.495270,0.001750,0.502980
1425,0,0.024063,0.000714,0.975222
1426,1,0.877060,0.012771,0.110170
1427,1,0.175110,0.003206,0.821683
1428,0,0.002636,0.000456,0.996908
1429,1,0.134219,0.004093,0.861688
1430,1,0.073562,0.044103,0.882336
1431,1,0.312761,0.367139,0.320101
1432,1,0.155111,0.006099,0.838790
1433,0,0.005969,0.002143,0.991888
1434,0,0.006326,0.004168,0.989506
1435,0,0.031690,0.000497,0.967814
1436,1,0.832442,0.004613,0.162946
1437,0,0.173208,0.001434,0.825358
1438,0,0.250327,0.002151,0.747522
1439,0,0.180072,0.187925,0.632003
1440,0,0.004265,0.000498,0.995237
1441,0,0.006443,0.000548,0.993009
1442,0,0.008537,0.000415,0.991048
1443,0,0.011466,0.000470,0.988064
1444,1,0.642413,0.003748,0.353839
1445,1,0.952002,0.003120,0.044878
1446,1,0.806855,0.004916,0.188229
1447,1,0.514162,0.002248,0.483590
1448,1,0.418765,0.005455,0.575780
1449,0,0.754963,0.001725,0.243312
1450,1,0.864992,0.006722,0.128286
1451,0,0.020092,0.000450,0.979458
1452,1,0.957266,0.015743,0.026991
1453,1,0.957977,0.003107,0.038916
1454,1,0.928967,0.014781,0.056252
1455,1,0.940390,0.030382,0.029227
1456,1,0.312586,0.346293,0.341121
1457,1,0.886107,0.007278,0.106615
1458,1,0.943154,0.018973,0.037873
1459,1,0.075353,0.016002,0.908644
1460,1,0.405298,0.026689,0.568013
1461,1,0.258189,0.069332,0.672479
1462,1,0.973229,0.004490,0.022281
1463,0,0.002553,0.001263,0.996184
1464,0,0.232012,0.001505,0.766483
1465,0,0.006576,0.000589,0.992835
1466,1,0.032395,0.001319,0.966286
1467,0,0.007948,0.000839,0.991213
1468,1,0.939106,0.003651,0.057243
1469,0,0.007184,0.000590,0.992226
1470,1,0.441094,0.155570,0.403336
1471,1,0.907827,0.036374,0.055800
1472,0,0.003928,0.000576,0.995496
1473,1,0.882210,0.025505,0.092284
1474,1,0.972126,0.006330,0.021544
1475,0,0.099042,0.005755,0.895203
1476,1,0.271132,0.027331,0.701537
1477,1,0.120626,0.011673,0.867701
1478,1,0.020033,0.065872,0.914095
1479,0,0.009602,0.000732,0.989666
1480,1,0.009719,0.001329,0.988952
1481,0,0.012397,0.003102,0.984502
1482,1,0.474776,0.181708,0.343516
1483,1,0.203120,0.035004,0.761876
1484,0,0.007901,0.001119,0.990980
1485,1,0.976955,0.003228,0.019816
1486,0,0.067414,0.001294,0.931292
1487,1,0.800055,0.006625,0.193320
1488,0,0.036930,0.000820,0.962250
1489,1,0.808491,0.171653,0.019856
1490,1,0.249240,0.334271,0.416488
1491,1,0.031115,0.179434,0.789451
1492,0,0.212060,0.001276,0.786664
1493,1,0.015683,0.820593,0.163724
1494,1,0.921799,0.032883,0.045317
1495,1,0.574764,0.005993,0.419243
1496,1,0.161442,0.574228,0.264329
1497,1,0.903655,0.012143,0.084201
1498,0,0.000932,0.001143,0.997925
1499,1,0.109300,0.001477,0.889223
1500,0,0.014497,0.000390,0.985113
1501,1,0.917029,0.002780,0.080191
1502,1,0.016736,0.000569,0.982695
1503,0,0.794893,0.002494,0.202613
1504,1,0.773416,0.002604,0.223980
1505,1,0.947032,0.001244,0.051724
1506,1,0.373903,0.003818,0.622279
1507,0,0.070926,0.000649,0.928426
1508,1,0.968662,0.011220,0.020118
1509,1,0.518079,0.084878,0.397043
1510,1,0.711277,0.002415,0.286308
1511,0,0.008411,0.000454,0.991135
1512,0,0.032284,0.001944,0.965772
1513,0,0.007760,0.001130,0.991109
1514,1,0.639212,0.038691,0.322098
1515,1,0.168693,0.190006,0.641302
1516,0,0.009789,0.000640,0.989571
1517,1,0.738709,0.039396,0.221895
1518,1,0.944429,0.037217,0.018354
1519,0,0.017754,0.000562,0.981684
1520,1,0.975590,0.003815,0.020595
1521,0,0.034571,0.000845,0.964584
1522,1,0.488474,0.078258,0.433268
1523,1,0.266972,0.007673,0.725355
1524,0,0.013789,0.000645,0.985566
1525,0,0.004931,0.000352,0.994717
1526,0,0.014677,0.000735,0.984587
1527,1,0.048128,0.020463,0.931409
1528,0,0.080197,0.002459,0.917344
1529,0,0.001237,0.001077,0.997686
1530,0,0.000953,0.001263,0.997784
1531,1,0.867324,0.062096,0.070580
1532,1,0.987165,0.003467,0.009369
1533,0,0.388955,0.002654,0.608391
1534,1,0.031475,0.002045,0.966480
1535,1,0.111013,0.031005,0.857981
1536,1,0.043846,0.007160,0.948994
1537,0,0.022067,0.000463,0.977470
1538,0,0.008705,0.000608,0.990687
1539,0,0.002024,0.000573,0.997402
1540,1,0.970558,0.010214,0.019228
1541,1,0.983853,0.005613,0.010534
1542,0,0.024900,0.000522,0.974578
1543,0,0.025336,0.000884,0.973780
1544,1,0.120256,0.005678,0.874067
1545,1,0.049859,0.002358,0.947784
1546,0,0.007926,0.001464,0.990610
1547,0,0.014577,0.000777,0.984646
1548,0,0.592422,0.001303,0.406275
1549,1,0.173840,0.025745,0.800415
1550,1,0.629901,0.267400,0.102699
1551,1,0.660453,0.003500,0.336047
1552,0,0.011487,0.000739,0.987774
1553,1,0.246202,0.014124,0.739674
1554,1,0.547123,0.026022,0.426855
1555,1,0.962447,0.032229,0.005324
1556,1,0.050006,0.003553,0.946441
1557,0,0.002163,0.005364,0.992473
1558,1,0.023828,0.077872,0.898299
1559,0,0.013622,0.001819,0.984559
1560,1,0.724021,0.002822,0.273157
1561,1,0.884025,0.016320,0.099655
1562,0,0.290631,0.001676,0.707693
1563,0,0.002990,0.000996,0.996015
1564,0,0.114209,0.000701,0.885090
1565,0,0.012257,0.000472,0.987271
1566,0,0.004098,0.000324,0.995578
1567,0,0.636992,0.009183,0.353825
1568,1,0.732452,0.004674,0.262874
1569,1,0.783676,0.005420,0.210905
1570,0,0.195077,0.005692,0.799231
1571,0,0.006991,0.000346,0.992663
1572,0,0.019701,0.000726,0.979572
1573,0,0.601688,0.002568,0.395744
1574,0,0.002481,0.000525,0.996994
1575,0,0.037280,0.001228,0.961492
1576,1,0.093012,0.002793,0.904195
1577,1,0.312636,0.228468,0.458896
1578,0,0.694839,0.004590,0.300571
1579,1,0.816185,0.086610,0.097206
1580,1,0.986298,0.005686,0.008016
1581,0,0.111837,0.001187,0.886977
1582,1,0.599823,0.032189,0.367988
1583,1,0.164118,0.015812,0.820070
1584,0,0.168845,0.001620,0.829535
1585,0,0.024786,0.001332,0.973883
1586,0,0.228004,0.031347,0.740649
1587,0,0.093806,0.002196,0.903998
1588,0,0.152103,0.003996,0.843901
1589,0,0.016196,0.000595,0.983209
1590,1,0.337692,0.469930,0.192378
1591,1,0.011205,0.002534,0.986261
1592,1,0.558677,0.367314,0.074009
1593,0,0.010488,0.000434,0.989077
1594,0,0.967888,0.005579,0.026534
1595,0,0.010919,0.000706,0.988375
1596,0,0.012393,0.001638,0.985970
1597,1,0.006607,0.001639,0.991753
1598,1,0.976081,0.008455,0.015465
1599,0,0.007980,0.000586,0.991434
1600,0,0.105042,0.000606,0.894352
1601,1,0.254736,0.013173,0.732091
1602,0,0.041290,0.001014,0.957696
1603,1,0.647986,0.061847,0.290167
1604,0,0.011409,0.000731,0.987860
1605,1,0.004478,0.001171,0.994351
1606,0,0.137581,0.000837,0.861582
1607,0,0.004993,0.000669,0.994338
1608,1,0.603789,0.203577,0.192633
1609,1,0.179794,0.275848,0.544358
1610,1,0.974254,0.019901,0.005844
1611,1,0.965002,0.001690,0.033308
1612,1,0.032791,0.934000,0.033209
1613,0,0.009291,0.000823,0.989887
1614,1,0.947856,0.002484,0.049660
1615,1,0.204547,0.070376,0.725077
1616,1,0.032606,0.002802,0.964592
1617,0,0.268535,0.003156,0.728309
1618,1,0.176957,0.328968,0.494076
1619,1,0.895676,0.013806,0.090518
1620,1,0.971258,0.005368,0.023374
1621,0,0.006741,0.002113,0.991147
1622,0,0.010720,0.000747,0.988533
1623,1,0.163206,0.005328,0.831465
1624,1,0.032523,0.605010,0.362466
1625,0,0.009079,0.000448,0.990473
1626,0,0.645603,0.001279,0.353119
1627,0,0.001931,0.000359,0.997710
1628,1,0.842040,0.088028,0.069932
1629,0,0.003041,0.000890,0.996070
1630,0,0.017856,0.001200,0.980944
1631,0,0.008034,0.001375,0.990591
1632,0,0.482415,0.003425,0.514160
1633,1,0.987175,0.005708,0.007117
1634,1,0.463085,0.316580,0.220335
1635,1,0.094807,0.829527,0.075667
1636,1,0.035008,0.006734,0.958258
1637,1,0.214183,0.647296,0.138521
1638,1,0.957335,0.006499,0.036166
1639,0,0.026340,0.001028,0.972632
1640,0,0.001443,0.000510,0.998047
1641,1,0.935161,0.004464,0.060375
1642,1,0.896320,0.010199,0.093481
1643,0,0.003972,0.000780,0.995247
1644,1,0.554141,0.048041,0.397818
1645,1,0.133575,0.001068,0.865357
1646,0,0.019892,0.000515,0.979593
1647,1,0.277415,0.051900,0.670685
1648,1,0.775225,0.007686,0.217089
1649,1,0.897629,0.001868,0.100503
1650,0,0.013274,0.000297,0.986430
1651,1,0.466804,0.006244,0.526951
1652,0,0.015687,0.044175,0.940139
1653,0,0.037366,0.000655,0.961979
1654,0,0.010891,0.012504,0.976605
1655,1,0.343060,0.376255,0.280685
1656,1,0.006877,0.002150,0.990973
1657,1,0.100472,0.063001,0.836528
1658,1,0.852048,0.066588,0.081364
1659,1,0.973494,0.003274,0.023232
1660,1,0.441853,0.339010,0.219136
1661,0,0.239974,0.001631,0.758396
1662,0,0.677911,0.001941,0.320148
1663,1,0.070879,0.013419,0.915702
1664,1,0.084082,0.027556,0.888363
1665,0,0.047451,0.000957,0.951593
1666,0,0.666944,0.002568,0.330488
1667,0,0.004359,0.001604,0.994038
1668,0,0.428888,0.001195,0.569917
1669,0,0.007482,0.000507,0.992011
1670,1,0.462392,0.146557,0.391051
1671,0,0.034383,0.000714,0.964903
1672,1,0.722561,0.091410,0.186029
1673,1,0.957192,0.013962,0.028846
1674,0,0.826762,0.003801,0.169437
1675,1,0.018340,0.057894,0.923766
1676,0,0.150977,0.000976,0.848046
1677,1,0.134772,0.013762,0.851466
1678,0,0.013055,0.002284,0.984661
1679,0,0.156114,0.001801,0.842085
1680,0,0.093278,0.001229,0.905492
1681,0,0.124403,0.002703,0.872894
1682,1,0.091103,0.008178,0.900719
1683,0,0.005769,0.000635,0.993596
1684,1,0.396022,0.261862,0.342116
1685,1,0.325303,0.020131,0.654566
1686,1,0.597625,0.007290,0.395085
1687,0,0.015662,0.002918,0.981420
1688,0,0.032984,0.001745,0.965271
1689,1,0.619814,0.098661,0.281526
1690,1,0.441712,0.007271,0.551017
1691,1,0.705733,0.003499,0.290767
1692,1,0.749420,0.004782,0.245798
1693,0,0.026822,0.004159,0.969018
1694,1,0.047086,0.020841,0.932072
1695,1,0.960562,0.002303,0.037135
1696,1,0.817477,0.007060,0.175463
1697,0,0.488072,0.001305,0.510623
1698,0,0.004859,0.000428,0.994713
1699,1,0.958609,0.004045,0.037346
1700,0,0.015918,0.001134,0.982948
1701,1,0.462588,0.082469,0.454943
1702,0,0.015412,0.000507,0.984081
1703,0,0.025129,0.001131,0.973740
1704,1,0.490472,0.003146,0.506382
1705,1,0.107831,0.011794,0.880375
1706,0,0.066576,0.000706,0.932718
1707,0,0.020995,0.000440,0.978565
1708,0,0.003852,0.000296,0.995852
1709,0,0.040223,0.001924,0.957853
1710,0,0.319009,0.083764,0.597227
1711,1,0.014271,0.025321,0.960408
1712,1,0.018860,0.004520,0.976620
1713,1,0.101077,0.001085,0.897838
1714,0,0.001345,0.000739,0.997916
1715,0,0.009449,0.000636,0.989916
1716,1,0.576079,0.208428,0.215493
1717,1,0.037121,0.704003,0.258876
1718,1,0.025270,0.010236,0.964495
1719,0,0.006864,0.000380,0.992756
1720,0,0.009292,0.000446,0.990261
1721,1,0.444320,0.004276,0.551403
1722,1,0.793001,0.009937,0.197062
1723,1,0.051862,0.005498,0.942640
1724,0,0.160876,0.003831,0.835294
1725,0,0.001677,0.000374,0.997949
1726,1,0.145374,0.023789,0.830837
1727,0,0.026389,0.001064,0.972547
1728,1,0.945315,0.005235,0.049450
1729,1,0.673676,0.128427,0.197897
1730,0,0.498203,0.001226,0.500571
1731,0,0.004860,0.000373,0.994767
1732,1,0.477581,0.047103,0.475316
1733,1,0.689463,0.095177,0.215360
1734,0,0.001837,0.000656,0.997507
1735,1,0.313830,0.003598,0.682572
1736,1,0.038135,0.736102,0.225762
1737,0,0.841957,0.008819,0.149224
1738,1,0.087073,0.865453,0.047474
1739,1,0.345788,0.468858,0.185354
1740,0,0.005293,0.000860,0.993847
1741,1,0.143470,0.009738,0.846792
1742,1,0.467110,0.030525,0.502365
1743,0,0.038636,0.000678,0.960686
1744,0,0.005748,0.000523,0.993729
1745,0,0.004625,0.000701,0.994674
1746,0,0.472404,0.001348,0.526249
1747,0,0.190632,0.374661,0.434708
1748,0,0.004703,0.000493,0.994804
1749,0,0.169816,0.001536,0.828648
1750,1,0.727402,0.018441,0.254156
1751,1,0.870765,0.076716,0.052519
1752,1,0.185452,0.002052,0.812496
1753,1,0.581837,0.028562,0.389600
1754,0,0.037279,0.000456,0.962264
1755,1,0.183920,0.408359,0.407721
1756,1,0.005856,0.000814,0.993330
1757,1,0.285421,0.021699,0.692880
1758,1,0.056003,0.719430,0.224567
1759,1,0.040029,0.000726,0.959245
1760,1,0.964203,0.005720,0.030076
1761,0,0.038365,0.001055,0.960579
1762,0,0.001604,0.001322,0.997074
1763,0,0.027290,0.000630,0.972080
1764,1,0.757446,0.005090,0.237464
1765,1,0.743822,0.247825,0.008354
1766,1,0.008114,0.025474,0.966412
1767,0,0.452954,0.001023,0.546023
1768,1,0.686167,0.005870,0.307964
1769,1,0.320766,0.659554,0.019681
1770,0,0.002511,0.000467,0.997021
1771,0,0.003713,0.000993,0.995294
1772,1,0.147829,0.433965,0.418206
1773,0,0.021557,0.000518,0.977926
1774,0,0.086411,0.001060,0.912529
1775,1,0.671680,0.003584,0.324736
1776,1,0.122002,0.004809,0.873189
1777,1,0.101447,0.003718,0.894836
1778,1,0.356735,0.003429,0.639836
1779,0,0.005970,0.001214,0.992815
1780,0,0.009458,0.001561,0.988981
1781,1,0.232588,0.016930,0.750483
1782,0,0.001351,0.000524,0.998126
1783,1,0.788990,0.098369,0.112641
1784,1,0.983191,0.003739,0.013069
1785,1,0.858548,0.002784,0.138668
1786,1,0.081218,0.409290,0.509492
1787,0,0.131078,0.001100,0.867823
1788,1,0.528573,0.002777,0.468650
1789,0,0.011812,0.006722,0.981465
1790,0,0.019273,0.000439,0.980288
1791,1,0.441066,0.136078,0.422856
1792,1,0.184583,0.002303,0.813114
1793,1,0.923196,0.005318,0.071486
1794,1,0.276153,0.020220,0.703627
1795,1,0.172816,0.421630,0.405554
1796,1,0.107377,0.067110,0.825513
1797,1,0.084949,0.018456,0.896595
1798,0,0.010609,0.000663,0.988728
1799,1,0.194462,0.023195,0.782343
1800,1,0.978433,0.014211,0.007356
1801,0,0.010142,0.000887,0.988971
1802,0,0.009286,0.000734,0.989980
1803,0,0.046414,0.000898,0.952688
1804,0,0.008113,0.002596,0.989290
1805,1,0.776623,0.072679,0.150699
1806,0,0.001650,0.000479,0.997870
1807,0,0.257059,0.001951,0.740990
1808,0,0.006482,0.002923,0.990595
1809,1,0.754713,0.003750,0.241536
1810,1,0.907398,0.019159,0.073443
1811,0,0.013181,0.002525,0.984294
1812,0,0.329667,0.001680,0.668653
1813,0,0.052146,0.003770,0.944084
1814,0,0.001521,0.001212,0.997267
1815,1,0.183562,0.056850,0.759589
1816,0,0.055923,0.001667,0.942409
1817,0,0.105612,0.002969,0.891419
1818,0,0.042843,0.000902,0.956255
1819,1,0.024193,0.004012,0.971794
1820,0,0.036132,0.000722,0.963146
1821,1,0.619941,0.018517,0.361542
1822,1,0.002696,0.000293,0.997011
1823,0,0.008454,0.000452,0.991094
1824,0,0.005098,0.000454,0.994447
1825,1,0.305274,0.221490,0.473236
1826,1,0.833947,0.107816,0.058237
1827,0,0.011503,0.000436,0.988060
1828,1,0.347334,0.002542,0.650124
1829,0,0.020992,0.000493,0.978515
1830,1,0.076367,0.110427,0.813206
1831,1,0.524062,0.003225,0.472712
1832,1,0.001460,0.005421,0.993119
1833,1,0.178461,0.021689,0.799850
1834,1,0.715853,0.005434,0.278712
1835,1,0.825630,0.169071,0.005299
1836,1,0.984610,0.008867,0.006523
1837,0,0.103460,0.001586,0.894954
1838,0,0.380831,0.001910,0.617260
1839,0,0.026404,0.000834,0.972762
1840,0,0.009440,0.004697,0.985863
1841,1,0.179978,0.007048,0.812974
1842,0,0.005040,0.000722,0.994238
1843,1,0.762316,0.054284,0.183400
1844,1,0.098882,0.005818,0.895299
1845,1,0.949547,0.002818,0.047636
1846,0,0.004832,0.000296,0.994872
1847,1,0.564971,0.035194,0.399835
1848,0,0.014466,0.000622,0.984912
1849,0,0.022202,0.003652,0.974146
1850,0,0.004820,0.001052,0.994128
1851,0,0.025618,0.020059,0.954323
1852,0,0.114898,0.001778,0.883325
1853,0,0.033759,0.000757,0.965483
1854,0,0.077105,0.000969,0.921927
1855,1,0.184879,0.046333,0.768788
1856,1,0.205046,0.024171,0.770783
1857,1,0.129369,0.018364,0.852266
1858,1,0.843552,0.020800,0.135647
1859,1,0.865574,0.003583,0.130844
1860,0,0.004289,0.000460,0.995251
1861,1,0.004171,0.002455,0.993375
1862,0,0.005976,0.000482,0.993541
1863,1,0.954499,0.003192,0.042309
1864,0,0.003123,0.003331,0.993546
1865,1,0.682375,0.141947,0.175678
1866,0,0.032436,0.001856,0.965708
1867,1,0.510204,0.116130,0.373666
1868,0,0.009449,0.000479,0.990072
1869,1,0.574399,0.002793,0.422807
1870,1,0.667245,0.007369,0.325387
1871,1,0.770422,0.005212,0.224366
1872,0,0.016024,0.000526,0.983451
1873,1,0.743254,0.002805,0.253940
1874,0,0.012823,0.000611,0.986566
1875,0,0.566952,0.001737,0.431311
1876,1,0.915989,0.001858,0.082153
1877,0,0.012626,0.000546,0.986828
1878,0,0.014363,0.021490,0.964147
1879,1,0.685019,0.287246,0.027736
1880,1,0.536801,0.238075,0.225124
1881,0,0.009609,0.000918,0.989473
1882,1,0.935313,0.034308,0.030379
1883,0,0.006334,0.002803,0.990863
1884,0,0.150139,0.000910,0.848952
1885,1,0.307265,0.412179,0.280556
1886,1,0.619649,0.019524,0.360827
1887,1,0.151862,0.614263,0.233875
1888,1,0.474479,0.142016,0.383505
1889,1,0.961982,0.029649,0.008369
1890,0,0.128201,0.002819,0.868980
1891,1,0.915945,0.080608,0.003447
1892,0,0.495791,0.002169,0.502041
1893,0,0.001548,0.002803,0.995649
1894,1,0.980459,0.002730,0.016810
1895,0,0.013879,0.000508,0.985613
1896,0,0.084258,0.001344,0.914397
1897,1,0.020216,0.009703,0.970081
1898,0,0.003981,0.000540,0.995479
1899,1,0.121666,0.747848,0.130486
1900,1,0.799856,0.004275,0.195869
1901,0,0.039563,0.000544,0.959893
1902,0,0.118579,0.002655,0.878767
1903,1,0.146404,0.008605,0.844990
1904,1,0.875504,0.078674,0.045821
1905,0,0.025019,0.000502,0.974479
1906,1,0.280103,0.090209,0.629688
1907,0,0.002257,0.000396,0.997347
1908,0,0.383098,0.003168,0.613734
1909,0,0.003307,0.000465,0.996228
1910,0,0.005578,0.001017,0.993404
1911,0,0.046542,0.004002,0.949456
1912,1,0.167217,0.008674,0.824109
1913,0,0.009789,0.000566,0.989645
1914,1,0.010058,0.001498,0.988444
1915,1,0.061826,0.756784,0.181390
1916,1,0.012270,0.001891,0.985839
1917,0,0.410136,0.001860,0.588004
1918,0,0.328479,0.002049,0.669472
1919,0,0.005602,0.000487,0.993911
1920,0,0.114332,0.004326,0.881343
1921,0,0.907274,0.014522,0.078204
1922,1,0.555244,0.021421,0.423336
1923,1,0.325639,0.007240,0.667121
1924,1,0.113208,0.053128,0.833663
1925,0,0.013679,0.003493,0.982828
1926,0,0.005741,0.001034,0.993225
1927,0,0.008168,0.000800,0.991033
1928,1,0.788884,0.008938,0.202178
1929,1,0.959086,0.005303,0.035611
1930,1,0.040933,0.005620,0.953447
1931,0,0.045220,0.003028,0.951752
1932,0,0.001073,0.000863,0.998063
1933,0,0.050089,0.000900,0.949011
1934,0,0.176369,0.001977,0.821654
1935,1,0.078917,0.005321,0.915762
1936,1,0.484843,0.028042,0.487115
1937,0,0.082081,0.000784,0.917136
1938,0,0.015375,0.000398,0.984227
1939,1,0.209848,0.299762,0.490391
1940,0,0.039720,0.000981,0.959299
1941,1,0.982179,0.005372,0.012449
1942,0,0.006433,0.000650,0.992917
1943,0,0.018086,0.012344,0.969570
1944,0,0.001607,0.000574,0.997819
1945,1,0.211354,0.001064,0.787583
1946,1,0.006022,0.007809,0.986169
1947,1,0.222713,0.733050,0.044237
1948,1,0.923476,0.002391,0.074133
1949,0,0.010498,0.001500,0.988002
1950,0,0.020116,0.000812,0.979072
1951,1,0.423661,0.005318,0.571021
1952,0,0.044400,0.000843,0.954757
1953,1,0.018873,0.005661,0.975466
1954,1,0.183091,0.296592,0.520317
1955,1,0.073278,0.002362,0.924360
1956,1,0.106952,0.003806,0.889243
1957,1,0.301856,0.004988,0.693155
1958,1,0.143203,0.014097,0.842701
1959,1,0.527586,0.190510,0.281904
1960,0,0.052296,0.005601,0.942102
1961,1,0.463539,0.001738,0.534722
1962,1,0.883990,0.108882,0.007128
1963,1,0.974775,0.005539,0.019687
1964,0,0.199193,0.001263,0.799544
1965,1,0.490104,0.231486,0.278410
1966,1,0.047758,0.822380,0.129863
1967,0,0.084976,0.001345,0.913679
1968,1,0.120188,0.065667,0.814146
1969,0,0.099091,0.001404,0.899505
1970,0,0.001329,0.000523,0.998148
1971,0,0.001238,0.000735,0.998027
1972,0,0.001624,0.000636,0.997740
1973,0,0.017689,0.001827,0.980484
1974,0,0.090626,0.300968,0.608406
1975,1,0.026158,0.828698,0.145143
1976,1,0.659390,0.003455,0.337155
1977,1,0.984330,0.009296,0.006374
1978,0,0.015729,0.000554,0.983717
1979,0,0.003361,0.000493,0.996145
1980,1,0.978774,0.007671,0.013555
1981,1,0.119123,0.799954,0.080923
1982,1,0.011292,0.361327,0.627381
1983,1,0.003671,0.000594,0.995736
1984,0,0.031707,0.005988,0.962305
1985,0,0.027137,0.005834,0.967029
1986,1,0.034844,0.182197,0.782959
1987,1,0.044331,0.003997,0.951672
1988,0,0.027719,0.003104,0.969177
1989,0,0.011042,0.000436,0.988522
1990,1,0.042400,0.003866,0.953734
1991,0,0.021896,0.000803,0.977302
1992,0,0.007678,0.000666,0.991656
1993,1,0.132685,0.001995,0.865321
1994,0,0.004090,0.000711,0.995199
1995,1,0.764314,0.002343,0.233343
1996,1,0.300561,0.035685,0.663754
1997,1,0.391159,0.008537,0.600304
1998,0,0.008293,0.000753,0.990954
1999,1,0.798363,0.011248,0.190389
2000,0,0.137072,0.000941,0.861987
2001,0,0.007951,0.000835,0.991214
2002,0,0.023061,0.001995,0.974944
2003,0,0.002365,0.000669,0.996966
2004,1,0.191341,0.034078,0.774582
2005,0,0.011815,0.001150,0.987034
2006,0,0.045483,0.000943,0.953574
2007,1,0.339338,0.070637,0.590025
2008,1,0.012229,0.001713,0.986059
2009,1,0.007311,0.000429,0.992260
2010,1,0.733992,0.003971,0.262037
2011,0,0.064701,0.000695,0.934604
2012,1,0.495617,0.083755,0.420628
2013,1,0.232638,0.000903,0.766458
2014,0,0.004976,0.000454,0.994570
2015,0,0.013166,0.000734,0.986100
2016,1,0.025053,0.000765,0.974182
2017,1,0.862184,0.046660,0.091156
2018,0,0.869079,0.001661,0.129260
2019,0,0.003616,0.000518,0.995867
2020,0,0.001053,0.001072,0.997876
2021,1,0.536509,0.346478,0.117012
2022,1,0.092667,0.005358,0.901975
2023,1,0.797648,0.003405,0.198947
2024,0,0.090609,0.003479,0.905912
2025,0,0.600361,0.003317,0.396322
2026,0,0.553471,0.001995,0.444534
2027,1,0.990563,0.005255,0.004182
2028,0,0.001585,0.000700,0.997715
2029,1,0.193538,0.006391,0.800071
2030,0,0.008785,0.000797,0.990418
2031,0,0.031806,0.000594,0.967601
2032,0,0.004702,0.000495,0.994803
2033,1,0.791032,0.003854,0.205114
2034,1,0.851665,0.005371,0.142964
2035,0,0.327889,0.000835,0.671276
2036,0,0.007397,0.000309,0.992294
2037,1,0.796331,0.009837,0.193832
2038,1,0.733845,0.013172,0.252984
2039,0,0.005135,0.001167,0.993699
2040,1,0.534707,0.061199,0.404094
2041,1,0.842862,0.042403,0.114735
2042,0,0.002538,0.000386,0.997076
2043,0,0.027394,0.001379,0.971227
2044,0,0.007092,0.000459,0.992449
2045,0,0.030688,0.001756,0.967555
2046,1,0.938844,0.016036,0.045120
2047,1,0.977413,0.007288,0.015299
2048,1,0.388693,0.006279,0.605028
2049,0,0.005672,0.003190,0.991139
2050,0,0.007284,0.005336,0.987380
2051,1,0.213815,0.609538,0.176647
2052,0,0.008010,0.000398,0.991593
2053,0,0.010212,0.000473,0.989316
2054,1,0.964423,0.014570,0.021007
2055,1,0.398602,0.076449,0.524949
2056,1,0.553317,0.191642,0.255040
2057,1,0.009693,0.002561,0.987746
2058,1,0.055285,0.007389,0.937327
2059,0,0.005926,0.000580,0.993494
2060,1,0.798212,0.003673,0.198114
2061,1,0.031706,0.032755,0.935539
2062,0,0.057494,0.003077,0.939429
2063,0,0.005202,0.004804,0.989994
2064,0,0.009300,0.000415,0.990286
2065,1,0.563799,0.069939,0.366262
2066,1,0.124262,0.422685,0.453053
2067,1,0.952972,0.006571,0.040458
2068,1,0.107917,0.178306,0.713777
2069,1,0.689123,0.002426,0.308451
2070,1,0.014518,0.002359,0.983123
2071,0,0.001999,0.000508,0.997493
2072,1,0.986933,0.008551,0.004515
2073,1,0.384469,0.006137,0.609394
2074,0,0.004692,0.001136,0.994172
2075,1,0.008755,0.000355,0.990890
2076,1,0.624181,0.001946,0.373873
2077,1,0.007938,0.002505,0.989556
2078,1,0.681985,0.228717,0.089298
2079,0,0.019900,0.000731,0.979369
2080,0,0.005528,0.002011,0.992461
2081,1,0.730017,0.023003,0.246980
2082,1,0.081928,0.001028,0.917044
2083,1,0.745995,0.006012,0.247994
2084,0,0.021153,0.001407,0.977440
2085,0,0.005025,0.000492,0.994483
2086,0,0.333241,0.008697,0.658062
2087,0,0.005639,0.002011,0.992350
2088,1,0.531827,0.052251,0.415923
2089,1,0.212033,0.097486,0.690481
2090,0,0.002239,0.000438,0.997323
2091,1,0.147742,0.002095,0.850163
2092,1,0.637284,0.105579,0.257137
2093,0,0.021431,0.000490,0.978079
2094,1,0.774634,0.003147,0.222219
2095,0,0.012885,0.000460,0.986655
2096,0,0.001984,0.000446,0.997570
2097,0,0.003207,0.000509,0.996284
2098,0,0.049021,0.001892,0.949087
2099,0,0.006840,0.004309,0.988851
2100,1,0.112260,0.002179,0.885560
2101,1,0.934485,0.012210,0.053304
2102,0,0.005114,0.000545,0.994341
2103,0,0.009655,0.057077,0.933268
2104,0,0.015747,0.000504,0.983750
2105,0,0.006271,0.001284,0.992445
2106,0,0.041085,0.004350,0.954565
2107,0,0.003137,0.003540,0.993324
2108,1,0.631926,0.290893,0.077181
2109,0,0.001738,0.000694,0.997567
2110,1,0.648881,0.001570,0.349549
2111,1,0.062973,0.323128,0.613900
2112,0,0.004342,0.000496,0.995161
2113,1,0.030988,0.123520,0.845491
2114,0,0.420843,0.001233,0.577923
2115,0,0.003919,0.000541,0.995540
2116,1,0.187847,0.001522,0.810631
2117,1,0.516149,0.007262,0.476588
2118,1,0.063114,0.455575,0.481311
2119,1,0.073150,0.015035,0.911815
2120,0,0.013929,0.000604,0.985467
2121,1,0.989096,0.008284,0.002621
2122,1,0.145233,0.835644,0.019123
2123,0,0.027246,0.006190,0.966564
2124,0,0.009085,0.000555,0.990360
2125,0,0.004523,0.000935,0.994541
2126,1,0.834179,0.003442,0.162380
2127,1,0.073154,0.001622,0.925224
2128,0,0.011885,0.000590,0.987525
2129,0,0.001283,0.001848,0.996869
2130,1,0.547423,0.077169,0.375408
2131,1,0.007746,0.002557,0.989697
2132,1,0.833159,0.001946,0.164896
2133,1,0.177711,0.611167,0.211121
2134,0,0.003493,0.003499,0.993009
2135,0,0.483921,0.002873,0.513206
2136,0,0.577540,0.001526,0.420934
2137,0,0.049812,0.012800,0.937388
2138,1,0.753218,0.006633,0.240148
2139,1,0.033245,0.002120,0.964636
2140,0,0.004498,0.001584,0.993918
2141,0,0.133788,0.093464,0.772748
2142,0,0.159130,0.001059,0.839811
2143,1,0.516801,0.004211,0.478988
2144,0,0.039505,0.000853,0.959642
2145,0,0.013307,0.000357,0.986336
2146,1,0.032493,0.000733,0.966774
2147,0,0.003762,0.001029,0.995209
2148,0,0.001660,0.000402,0.997937
2149,0,0.003747,0.000438,0.995815
2150,1,0.350469,0.001790,0.647741
2151,0,0.283342,0.002448,0.714210
2152,1,0.976919,0.015869,0.007212
2153,0,0.005826,0.000648,0.993525
2154,0,0.002535,0.000538,0.996927
2155,0,0.171220,0.001173,0.827607
2156,1,0.224594,0.039992,0.735414
2157,1,0.103031,0.018867,0.878102
2158,1,0.957821,0.024303,0.017877
2159,1,0.109253,0.020806,0.869941
2160,0,0.634042,0.004137,0.361821
2161,0,0.006422,0.000543,0.993035
2162,1,0.006428,0.003889,0.989682
2163,1,0.031522,0.003296,0.965182
2164,0,0.106008,0.000872,0.893120
2165,0,0.007010,0.000765,0.992225
2166,1,0.969464,0.005675,0.024861
2167,1,0.599158,0.011265,0.389577
2168,0,0.001711,0.001911,0.996379
2169,0,0.069311,0.001550,0.929139
2170,0,0.005028,0.000794,0.994178
2171,0,0.186428,0.003881,0.809691
2172,1,0.868010,0.120426,0.011563
2173,1,0.006615,0.001491,0.991894
2174,0,0.152411,0.001730,0.845859
2175,0,0.002685,0.000940,0.996375
2176,0,0.018624,0.001334,0.980042
2177,0,0.005739,0.000406,0.993854
2178,0,0.033149,0.000608,0.966243
2179,0,0.031254,0.018982,0.949764
2180,1,0.808859,0.027892,0.163249
2181,0,0.174601,0.001022,0.824378
2182,1,0.491947,0.496676,0.011377
2183,0,0.139381,0.001404,0.859215
2184,0,0.064537,0.000750,0.934714
2185,0,0.033542,0.000635,0.965823
2186,0,0.023441,0.021899,0.954660
2187,0,0.001138,0.000565,0.998298
2188,0,0.007904,0.000447,0.991649
2189,1,0.835477,0.046584,0.117939
2190,1,0.648611,0.001900,0.349489
2191,1,0.143429,0.275541,0.581030
2192,0,0.007629,0.000618,0.991753
2193,0,0.013691,0.000697,0.985612
2194,0,0.004446,0.002981,0.992573
2195,1,0.024527,0.001573,0.973900
2196,0,0.003996,0.000365,0.995639
2197,0,0.025712,0.001103,0.973185
2198,0,0.005747,0.000436,0.993817
2199,0,0.011193,0.002016,0.986792
2200,0,0.321761,0.001918,0.676321
2201,1,0.878454,0.003630,0.117916
2202,1,0.020378,0.007818,0.971804
2203,1,0.606083,0.017713,0.376204
2204,0,0.060745,0.000723,0.938532
2205,0,0.005413,0.000549,0.994039
2206,0,0.002663,0.000610,0.996727
2207,0,0.006242,0.002393,0.991366
2208,0,0.378534,0.006676,0.614790
2209,1,0.958371,0.015793,0.025836
2210,0,0.087366,0.002320,0.910314
2211,0,0.003533,0.002011,0.994455
2212,0,0.009093,0.000491,0.990417
2213,0,0.004690,0.000759,0.994552
2214,1,0.681481,0.133573,0.184946
2215,1,0.004539,0.003812,0.991649
2216,1,0.380113,0.004282,0.615605
2217,1,0.073884,0.132873,0.793243
2218,0,0.008441,0.000442,0.991117
2219,1,0.737207,0.003039,0.259754
2220,0,0.010109,0.000410,0.989481
2221,1,0.493287,0.022135,0.484578
2222,1,0.357746,0.003064,0.639190
2223,1,0.864858,0.029227,0.105915
2224,1,0.519042,0.134339,0.346620
2225,0,0.055263,0.019395,0.925342
2226,0,0.107487,0.000677,0.891836
2227,0,0.008957,0.000838,0.990204
2228,0,0.014526,0.023768,0.961706
2229,0,0.058533,0.190543,0.750925
2230,0,0.140831,0.001457,0.857712
2231,1,0.792116,0.003934,0.203950
2232,1,0.660448,0.001617,0.337935
2233,1,0.713663,0.149414,0.136923
2234,0,0.005259,0.001198,0.993543
2235,0,0.002868,0.000377,0.996755
2236,0,0.220610,0.000956,0.778434
2237,1,0.310543,0.525934,0.163523
2238,0,0.709118,0.003207,0.287675
2239,0,0.038227,0.000634,0.961139
2240,0,0.028212,0.001048,0.970740
2241,1,0.830563,0.001979,0.167457
2242,1,0.665237,0.077287,0.257477
2243,0,0.009745,0.000937,0.989318
2244,0,0.005667,0.001321,0.993012
2245,0,0.039541,0.001074,0.959385
2246,1,0.314661,0.431956,0.253382
2247,1,0.287618,0.039675,0.672707
2248,1,0.392581,0.335471,0.271948
2249,0,0.008498,0.000373,0.991129
2250,0,0.548432,0.001550,0.450018
2251,0,0.002145,0.001064,0.996791
2252,1,0.438688,0.219850,0.341462
2253,1,0.205024,0.177244,0.617732
2254,1,0.328326,0.074151,0.597523
2255,1,0.529764,0.149921,0.320315
2256,1,0.039462,0.000794,0.959744
2257,0,0.005287,0.059972,0.934741
2258,0,0.007725,0.000559,0.991715
2259,1,0.602566,0.035828,0.361606
2260,0,0.018438,0.000725,0.980838
2261,1,0.009419,0.000729,0.989852
2262,0,0.017819,0.000533,0.981647
2263,0,0.290681,0.003910,0.705410
2264,0,0.765157,0.002187,0.232656
2265,0,0.143375,0.007761,0.848864
2266,1,0.147747,0.032039,0.820214
2267,1,0.425514,0.021507,0.552979
2268,0,0.006962,0.000574,0.992464
2269,1,0.213495,0.087520,0.698985
2270,0,0.001624,0.000465,0.997912
2271,1,0.868540,0.038236,0.093224
2272,1,0.039519,0.759350,0.201131
2273,1,0.142074,0.149916,0.708010
2274,1,0.833440,0.031455,0.135104
2275,1,0.037924,0.000674,0.961402
2276,1,0.110475,0.070131,0.819393
2277,1,0.017769,0.002431,0.979800
2278,0,0.036147,0.000545,0.963308
2279,0,0.089139,0.002146,0.908715
2280,1,0.098843,0.417206,0.483951
2281,0,0.018707,0.000467,0.980826
2282,0,0.615684,0.001191,0.383125
2283,0,0.003217,0.001543,0.995240
2284,1,0.780209,0.097138,0.122653
2285,1,0.173459,0.134063,0.692478
2286,1,0.417572,0.010698,0.571730
2287,0,0.005798,0.000493,0.993709
2288,1,0.270889,0.007808,0.721303
2289,0,0.004228,0.001699,0.994073
2290,0,0.003798,0.000495,0.995707
2291,1,0.381274,0.023236,0.595490
2292,0,0.132043,0.001362,0.866594
2293,0,0.008696,0.000573,0.990731
2294,0,0.002899,0.003182,0.993919
2295,0,0.013349,0.000459,0.986192
2296,0,0.001461,0.001237,0.997303
2297,1,0.004552,0.006059,0.989389
2298,1,0.403068,0.195714,0.401218
2299,0,0.002497,0.001026,0.996477
2300,1,0.231229,0.009149,0.759623
2301,1,0.905734,0.017397,0.076869
2302,0,0.052200,0.001304,0.946496
2303,1,0.974307,0.009030,0.016663
2304,0,0.009002,0.001376,0.989623
2305,1,0.396051,0.003019,0.600929
2306,1,0.020730,0.009263,0.970007
2307,0,0.015251,0.000559,0.984191
2308,1,0.008448,0.001314,0.990238
2309,1,0.979283,0.004894,0.015823
2310,1,0.059953,0.030346,0.909701
2311,0,0.009776,0.000943,0.989281
2312,0,0.080951,0.001399,0.917650
2313,1,0.397455,0.001445,0.601101
2314,1,0.181897,0.697866,0.120238
2315,1,0.932014,0.001806,0.066180
2316,1,0.959894,0.001979,0.038126
2317,1,0.985326,0.006025,0.008649
2318,0,0.003829,0.001375,0.994796
2319,1,0.384853,0.027516,0.587631
2320,0,0.004985,0.000591,0.994424
2321,0,0.016380,0.003652,0.979968
2322,1,0.533679,0.216633,0.249688
2323,1,0.268717,0.047216,0.684067
2324,1,0.963276,0.006270,0.030455
2325,0,0.142867,0.004314,0.852819
2326,1,0.828242,0.048359,0.123399
2327,0,0.305922,0.001610,0.692468
2328,0,0.011722,0.000523,0.987754
2329,1,0.026451,0.007479,0.966070
2330,1,0.567887,0.012415,0.419699
2331,0,0.004163,0.000738,0.995099
2332,1,0.067310,0.554959,0.377731
2333,0,0.007520,0.000485,0.991995
2334,1,0.915814,0.003737,0.080449
2335,0,0.005418,0.040936,0.953645
2336,1,0.910224,0.015049,0.074728
2337,0,0.021715,0.000915,0.977370
2338,1,0.940401,0.003742,0.055857
2339,0,0.034890,0.000887,0.964223
2340,1,0.764302,0.113253,0.122444
2341,1,0.486293,0.007319,0.506388
2342,0,0.042045,0.001269,0.956686
2343,1,0.281058,0.002527,0.716415
2344,1,0.051907,0.001346,0.946747
2345,1,0.338362,0.080344,0.581294
2346,1,0.870705,0.006157,0.123138
2347,0,0.103325,0.002824,0.893851
2348,1,0.103277,0.027091,0.869632
2349,0,0.002827,0.001913,0.995260
2350,0,0.338958,0.001309,0.659732
2351,0,0.001982,0.000760,0.997259
2352,1,0.006360,0.006126,0.987514
2353,0,0.001518,0.000858,0.997624
2354,0,0.057748,0.001401,0.940851
2355,0,0.258576,0.005267,0.736157
2356,0,0.008724,0.000879,0.990397
2357,1,0.873639,0.026301,0.100060
2358,0,0.006704,0.000651,0.992646
2359,1,0.018873,0.002541,0.978586
2360,0,0.066190,0.067989,0.865821
2361,0,0.006081,0.000457,0.993462
2362,0,0.051595,0.000716,0.947690
2363,1,0.095638,0.007167,0.897195
2364,0,0.005176,0.000494,0.994330
2365,0,0.004982,0.000367,0.994651
2366,1,0.022628,0.017144,0.960228
2367,0,0.008260,0.000506,0.991234
2368,0,0.122378,0.003088,0.874534
2369,0,0.004353,0.003225,0.992421
2370,0,0.015016,0.000910,0.984073
2371,0,0.698355,0.001671,0.299975
2372,1,0.550450,0.047660,0.401890
2373,0,0.013897,0.001477,0.984625
2374,0,0.458153,0.002110,0.539738
2375,1,0.309327,0.001426,0.689247
2376,1,0.951414,0.003647,0.044938
2377,1,0.976453,0.012275,0.011272
2378,1,0.121898,0.393602,0.484501
2379,1,0.033659,0.097464,0.868878
2380,0,0.002357,0.000380,0.997264
2381,1,0.761851,0.118753,0.119396
2382,0,0.019758,0.000563,0.979680
2383,1,0.195729,0.171826,0.632445
2384,0,0.186461,0.001367,0.812172
2385,0,0.338178,0.004117,0.657705
2386,1,0.026708,0.828470,0.144822
2387,1,0.983490,0.002679,0.013831
2388,1,0.967602,0.006053,0.026345
2389,1,0.089258,0.726827,0.183916
2390,1,0.060167,0.706325,0.233508
2391,0,0.009701,0.001111,0.989188
2392,0,0.011849,0.000694,0.987457
2393,0,0.118243,0.001330,0.880428
2394,1,0.101209,0.001950,0.896841
2395,1,0.101595,0.044244,0.854160
2396,0,0.023104,0.001495,0.975400
2397,1,0.968814,0.003017,0.028169
2398,0,0.111885,0.001304,0.886812
2399,0,0.043585,0.003739,0.952676
2400,0,0.012358,0.003854,0.983787
2401,0,0.001997,0.000717,0.997286
2402,0,0.066307,0.000837,0.932856
2403,1,0.302195,0.003344,0.694461
2404,1,0.846338,0.004265,0.149397
2405,0,0.001293,0.000522,0.998185
2406,1,0.066457,0.003017,0.930526
2407,0,0.028319,0.000476,0.971205
2408,0,0.044464,0.001008,0.954527
2409,0,0.472437,0.002651,0.524912
2410,0,0.710709,0.005096,0.284196
2411,1,0.887048,0.078949,0.034003
2412,1,0.469222,0.021288,0.509490
2413,0,0.008756,0.000648,0.990596
2414,0,0.005665,0.000598,0.993737
2415,1,0.032193,0.655921,0.311886
2416,1,0.017343,0.003213,0.979444
2417,0,0.011929,0.000474,0.987598
2418,1,0.097142,0.824580,0.078278
2419,0,0.001229,0.000898,0.997873
2420,1,0.875398,0.001721,0.122881
2421,0,0.003721,0.000524,0.995754
2422,1,0.977037,0.003748,0.019214
2423,0,0.004857,0.000660,0.994483
2424,1,0.563051,0.148612,0.288337
2425,1,0.448545,0.007524,0.543930
2426,1,0.317643,0.010474,0.671883
2427,0,0.006223,0.000559,0.993217
2428,0,0.005179,0.000631,0.994190
2429,0,0.056434,0.003423,0.940143
2430,0,0.949728,0.006285,0.043987
2431,1,0.112422,0.800303,0.087274
2432,0,0.429170,0.002121,0.568709
2433,0,0.013938,0.001230,0.984832
2434,0,0.002785,0.000491,0.996724
2435,1,0.830680,0.004051,0.165269
2436,0,0.007787,0.000392,0.991821
2437,0,0.331627,0.001569,0.666804
2438,0,0.822212,0.001292,0.176497
2439,1,0.135021,0.066548,0.798431
2440,1,0.151675,0.160075,0.688251
2441,1,0.059940,0.414656,0.525405
2442,1,0.603760,0.017418,0.378823
2443,0,0.141853,0.043389,0.814758
2444,0,0.006178,0.001146,0.992676
2445,0,0.004009,0.000499,0.995492
2446,1,0.322122,0.042940,0.634939
2447,0,0.004281,0.000416,0.995304
2448,0,0.041385,0.002490,0.956125
2449,1,0.178841,0.020892,0.800266
2450,1,0.974906,0.003742,0.021353
2451,0,0.091872,0.000763,0.907366
2452,0,0.005164,0.000522,0.994314
2453,1,0.451828,0.355978,0.192193
2454,0,0.111337,0.000900,0.887764
2455,0,0.019036,0.000450,0.980514
2456,1,0.154913,0.111865,0.733222
2457,1,0.731695,0.010639,0.257666
2458,0,0.019311,0.000433,0.980256
2459,0,0.048610,0.000931,0.950459
2460,0,0.010602,0.001905,0.987493
2461,1,0.704328,0.047109,0.248563
2462,1,0.588649,0.167301,0.244050
2463,0,0.700512,0.004654,0.294834
2464,0,0.078625,0.001118,0.920257
2465,1,0.087367,0.885415,0.027218
2466,1,0.099143,0.085123,0.815734
2467,0,0.634470,0.002050,0.363480
2468,0,0.001985,0.000430,0.997585
2469,1,0.038518,0.002819,0.958663
2470,0,0.116401,0.000865,0.882734
2471,1,0.928480,0.004122,0.067398
2472,1,0.004728,0.004140,0.991131
2473,1,0.859233,0.064582,0.076185
2474,0,0.020784,0.002332,0.976884
2475,0,0.005405,0.002452,0.992142
2476,1,0.285717,0.190736,0.523547
2477,1,0.558789,0.007686,0.433525
2478,0,0.002292,0.000748,0.996960
2479,1,0.007754,0.000939,0.991307
2480,1,0.869786,0.021956,0.108258
2481,1,0.484680,0.002957,0.512363
2482,1,0.861260,0.063534,0.075206
2483,1,0.988825,0.007691,0.003484
2484,0,0.001715,0.000976,0.997309
2485,0,0.006980,0.001074,0.991946
2486,0,0.015090,0.000582,0.984327
2487,1,0.640187,0.014541,0.345272
2488,0,0.003986,0.001469,0.994546
2489,0,0.011438,0.027585,0.960977
2490,0,0.690241,0.006148,0.303611
2491,1,0.640417,0.007135,0.352448
2492,0,0.376415,0.002540,0.621045
2493,0,0.003593,0.000873,0.995534
2494,1,0.962207,0.002057,0.035736
2495,1,0.426649,0.003001,0.570351
2496,1,0.028947,0.000506,0.970546
2497,0,0.008827,0.000670,0.990503
2498,0,0.019145,0.000699,0.980156
2499,0,0.010386,0.000499,0.989115
2500,0,0.007044,0.000462,0.992494
2501,1,0.199149,0.001918,0.798933
2502,1,0.901772,0.016917,0.081311
2503,0,0.002978,0.000408,0.996614
2504,1,0.034258,0.006062,0.959680
2505,1,0.244902,0.102981,0.652117
2506,1,0.446786,0.234300,0.318914
2507,0,0.006773,0.014862,0.978364
2508,1,0.775266,0.159447,0.065288
2509,1,0.606443,0.011616,0.381941
2510,0,0.009359,0.000490,0.990151
2511,1,0.534447,0.019977,0.445577
2512,1,0.228182,0.002661,0.769157
2513,1,0.508858,0.006231,0.484911
2514,1,0.014985,0.000856,0.984159
2515,0,0.068944,0.003090,0.927966
2516,0,0.139627,0.000992,0.859381
2517,1,0.228982,0.001756,0.769262
2518,0,0.037941,0.001174,0.960885
2519,1,0.973430,0.003809,0.022761
2520,1,0.817152,0.171881,0.010967
2521,1,0.987691,0.003628,0.008682
2522,1,0.969461,0.001728,0.028811
2523,1,0.934782,0.003731,0.061486
2524,1,0.357710,0.311231,0.331060
2525,1,0.159552,0.032896,0.807552
2526,0,0.037589,0.000872,0.961540
2527,0,0.004531,0.000282,0.995187
2528,1,0.055573,0.050992,0.893435
2529,1,0.039845,0.606927,0.353228
2530,1,0.928926,0.048967,0.022107
2531,0,0.006896,0.001385,0.991719
2532,0,0.013617,0.000470,0.985913
2533,1,0.034445,0.138046,0.827509
2534,0,0.025529,0.000444,0.974026
2535,0,0.012488,0.000950,0.986563
2536,0,0.007604,0.000712,0.991685
2537,1,0.690001,0.001856,0.308143
2538,1,0.282338,0.049300,0.668362
2539,0,0.001349,0.000439,0.998212
2540,1,0.669063,0.134734,0.196203
2541,0,0.004783,0.000703,0.994514
2542,0,0.811956,0.005216,0.182828
2543,0,0.001635,0.000762,0.997603
2544,1,0.921471,0.001406,0.077123
2545,1,0.669723,0.200458,0.129819
2546,1,0.172779,0.341231,0.485990
2547,0,0.022033,0.000669,0.977298
2548,0,0.053533,0.000773,0.945694
2549,0,0.026961,0.000754,0.972285
2550,1,0.597166,0.041848,0.360986
2551,1,0.405260,0.009682,0.585057
2552,1,0.946409,0.003335,0.050256
2553,0,0.077711,0.004038,0.918251
2554,1,0.644924,0.003441,0.351635
2555,0,0.012531,0.000610,0.986859
2556,0,0.901551,0.006395,0.092054
2557,1,0.971047,0.009597,0.019356
2558,0,0.003864,0.000453,0.995683
2559,0,0.012530,0.001011,0.986458
2560,0,0.016860,0.000587,0.982553
2561,0,0.033599,0.000661,0.965741
2562,1,0.050720,0.028384,0.920896
2563,0,0.031939,0.073647,0.894415
2564,0,0.031917,0.000384,0.967699
2565,0,0.006624,0.005131,0.988245
2566,0,0.109442,0.001439,0.889119
2567,1,0.921237,0.072218,0.006545
2568,0,0.005416,0.001481,0.993103
2569,1,0.101363,0.015292,0.883345
2570,0,0.323283,0.002626,0.674091
2571,0,0.033246,0.000867,0.965887
2572,0,0.090107,0.001719,0.908174
2573,1,0.622195,0.081945,0.295860
2574,1,0.639222,0.105811,0.254967
2575,1,0.155413,0.001740,0.842848
2576,1,0.034430,0.644388,0.321182
2577,0,0.968753,0.001932,0.029315
2578,0,0.294601,0.002094,0.703306
2579,1,0.055694,0.128674,0.815632
2580,0,0.002541,0.000670,0.996789
2581,0,0.017196,0.000433,0.982371
2582,1,0.156148,0.162374,0.681478
2583,1,0.096544,0.478672,0.424784
2584,0,0.020108,0.006118,0.973775
2585,1,0.424760,0.001787,0.573453
2586,0,0.021690,0.001034,0.977276
2587,1,0.093549,0.494160,0.412292
2588,1,0.194765,0.306034,0.499201
2589,1,0.885539,0.002084,0.112377
2590,0,0.011967,0.000471,0.987562
2591,0,0.118420,0.000890,0.880689
2592,1,0.279150,0.006377,0.714472
2593,0,0.018315,0.000433,0.981252
2594,1,0.085544,0.004838,0.909618
2595,1,0.968470,0.004502,0.027028
2596,0,0.054956,0.001774,0.943270
2597,0,0.093158,0.008478,0.898365
2598,0,0.061284,0.000872,0.937844
2599,1,0.513297,0.067912,0.418791
2600,1,0.572304,0.002828,0.424868
2601,0,0.099205,0.020796,0.879998
2602,1,0.976311,0.006135,0.017554
2603,1,0.217529,0.020310,0.762162
2604,0,0.168563,0.001832,0.829605
2605,1,0.934104,0.002021,0.063874
2606,0,0.103500,0.004292,0.892208
2607,0,0.709249,0.004949,0.285801
2608,1,0.648771,0.104653,0.246576
2609,0,0.041448,0.001690,0.956862
2610,0,0.011831,0.036272,0.951897
2611,0,0.002983,0.000889,0.996128
2612,0,0.023207,0.001021,0.975773
2613,0,0.599674,0.001461,0.398865
2614,0,0.347423,0.298620,0.353957
2615,0,0.021763,0.000734,0.977503
2616,0,0.001564,0.002109,0.996327
2617,0,0.009437,0.000732,0.989831
2618,0,0.597168,0.002573,0.400258
2619,0,0.008574,0.000854,0.990572
2620,1,0.225489,0.009616,0.764895
2621,1,0.060684,0.005379,0.933936
2622,1,0.846695,0.045637,0.107668
2623,1,0.737603,0.001406,0.260991
2624,1,0.416680,0.230026,0.353294
2625,0,0.002268,0.001267,0.996466
2626,1,0.018375,0.059769,0.921856
2627,0,0.041697,0.005153,0.953150
2628,1,0.045835,0.006427,0.947739
2629,1,0.174090,0.076661,0.749249
2630,0,0.008552,0.000295,0.991152
2631,1,0.795221,0.017964,0.186815
2632,1,0.463558,0.002044,0.534398
2633,0,0.015132,0.000425,0.984443
2634,1,0.109229,0.013263,0.877508
2635,0,0.001037,0.001101,0.997862
2636,1,0.864210,0.034291,0.101499
2637,0,0.773555,0.008035,0.218410
2638,1,0.407746,0.018186,0.574069
2639,0,0.004086,0.000374,0.995540
2640,1,0.356047,0.084945,0.559008
2641,0,0.086282,0.001281,0.912437
2642,0,0.239175,0.001423,0.759403
2643,1,0.819889,0.006676,0.173435
2644,1,0.804078,0.002232,0.193690
2645,0,0.060119,0.000988,0.938893
2646,0,0.005678,0.001225,0.993097
2647,1,0.009917,0.021160,0.968923
2648,1,0.932029,0.010178,0.057793
2649,1,0.406470,0.021219,0.572310
2650,1,0.195350,0.084136,0.720514
2651,0,0.043628,0.001035,0.955337
2652,0,0.009120,0.001009,0.989871
2653,0,0.005776,0.001969,0.992255
2654,0,0.043285,0.001490,0.955225
2655,0,0.013963,0.000920,0.985117
2656,1,0.062458,0.011611,0.925931
2657,0,0.042977,0.001088,0.955936
2658,1,0.634803,0.031161,0.334036
2659,0,0.007646,0.001598,0.990756
2660,0,0.001595,0.000664,0.997741
2661,1,0.696734,0.006099,0.297168
2662,1,0.729471,0.001811,0.268718
2663,0,0.001655,0.000676,0.997669
2664,0,0.307778,0.001087,0.691134
2665,0,0.006179,0.001112,0.992709
2666,0,0.166199,0.003219,0.830582
2667,1,0.933156,0.011172,0.055672
2668,0,0.058357,0.000803,0.940840
2669,0,0.012444,0.000657,0.986899
2670,0,0.033025,0.001168,0.965807
2671,0,0.016525,0.000726,0.982750
2672,0,0.025046,0.004613,0.970340
2673,1,0.496385,0.035747,0.467867
2674,0,0.141931,0.000900,0.857168
2675,0,0.051338,0.001454,0.947208
2676,0,0.021176,0.002070,0.976754
2677,0,0.164220,0.000801,0.834979
2678,1,0.108294,0.004662,0.887044
2679,1,0.068338,0.000970,0.930691
2680,1,0.117389,0.001271,0.881340
2681,1,0.184185,0.587767,0.228048
2682,1,0.053142,0.855344,0.091515
2683,1,0.950324,0.012737,0.036939
2684,0,0.650766,0.001933,0.347301
2685,1,0.732787,0.042494,0.224719
2686,0,0.700662,0.003762,0.295576
2687,0,0.050923,0.001375,0.947702
2688,0,0.006622,0.000572,0.992806
2689,0,0.022349,0.005706,0.971945
2690,0,0.386393,0.002876,0.610731
2691,0,0.005566,0.001817,0.992618
2692,0,0.780572,0.001948,0.217480
2693,0,0.014170,0.000623,0.985207
2694,0,0.003403,0.000735,0.995862
2695,0,0.039826,0.000599,0.959576
2696,1,0.065226,0.059079,0.875696
2697,1,0.309023,0.477751,0.213226
2698,1,0.203297,0.444837,0.351866
2699,1,0.547237,0.023986,0.428777
2700,0,0.137813,0.008143,0.854043
2701,0,0.051588,0.002903,0.945509
2702,0,0.007677,0.002205,0.990118
2703,1,0.401935,0.003144,0.594921
2704,0,0.001464,0.001487,0.997049
2705,0,0.184558,0.004817,0.810625
2706,0,0.001586,0.000452,0.997962
2707,1,0.560791,0.006789,0.432419
2708,1,0.499379,0.009820,0.490801
2709,0,0.020086,0.000502,0.979412
2710,1,0.894785,0.011346,0.093869
2711,0,0.004840,0.000361,0.994798
2712,1,0.774910,0.008570,0.216520
2713,1,0.800008,0.002763,0.197229
2714,1,0.194455,0.209309,0.596236
2715,0,0.008702,0.000754,0.990544
2716,1,0.249906,0.351457,0.398637
2717,0,0.005914,0.001059,0.993027
2718,1,0.050286,0.007452,0.942262
2719,1,0.137767,0.001463,0.860770
2720,1,0.257914,0.236973,0.505113
2721,1,0.034551,0.007621,0.957828
2722,0,0.842805,0.003622,0.153573
2723,1,0.082736,0.770881,0.146383
2724,0,0.001846,0.000584,0.997569
2725,1,0.240409,0.417655,0.341936
2726,1,0.700354,0.040205,0.259441
2727,1,0.260213,0.108408,0.631380
2728,1,0.987880,0.006750,0.005369
2729,0,0.013205,0.006004,0.980791
2730,0,0.033608,0.005698,0.960694
2731,0,0.732376,0.003964,0.263659
2732,0,0.012083,0.000685,0.987232
2733,1,0.439948,0.382624,0.177428
2734,0,0.074353,0.001022,0.924625
2735,0,0.061669,0.008801,0.929530
2736,0,0.011361,0.000993,0.987646
2737,0,0.016866,0.001707,0.981427
2738,1,0.077190,0.554469,0.368341
2739,1,0.176595,0.005203,0.818202
2740,1,0.517125,0.016663,0.466212
2741,0,0.016040,0.002918,0.981042
2742,0,0.005101,0.001641,0.993258
2743,0,0.007861,0.000413,0.991727
2744,1,0.189100,0.065286,0.745614
2745,1,0.790865,0.016454,0.192681
2746,0,0.035628,0.000960,0.963412
2747,1,0.068525,0.002336,0.929140
2748,0,0.004312,0.026674,0.969013
2749,1,0.105442,0.704296,0.190263
2750,0,0.047069,0.007028,0.945903
2751,1,0.967755,0.003346,0.028898
2752,0,0.004035,0.000318,0.995647
2753,1,0.784080,0.090987,0.124934
2754,0,0.151561,0.001496,0.846943
2755,1,0.020221,0.045140,0.934640
2756,1,0.499646,0.047223,0.453131
2757,0,0.048501,0.000900,0.950599
2758,1,0.039899,0.394737,0.565363
2759,0,0.006389,0.001868,0.991743
2760,0,0.041180,0.001297,0.957522
2761,0,0.005389,0.001711,0.992901
2762,0,0.003064,0.000968,0.995968
2763,0,0.002496,0.002191,0.995312
2764,1,0.046958,0.502125,0.450918
2765,1,0.192271,0.348883,0.458846
2766,1,0.571309,0.163722,0.264969
2767,0,0.006276,0.000691,0.993033
2768,1,0.557745,0.096476,0.345780
2769,0,0.652201,0.003049,0.344750
2770,0,0.004332,0.000289,0.995379
2771,0,0.027434,0.030294,0.942272
2772,1,0.299086,0.002281,0.698633
2773,1,0.853930,0.002130,0.143940
2774,1,0.792703,0.006389,0.200908
2775,1,0.447597,0.033766,0.518637
2776,0,0.022826,0.000916,0.976258
2777,0,0.668909,0.002282,0.328809
2778,0,0.013701,0.000820,0.985479
2779,1,0.033145,0.004875,0.961980
2780,0,0.002845,0.000658,0.996496
2781,1,0.929424,0.005581,0.064994
2782,1,0.718714,0.002964,0.278322
2783,1,0.127880,0.682797,0.189323
2784,0,0.548307,0.002009,0.449683
2785,1,0.780197,0.006556,0.213247
2786,0,0.002123,0.000996,0.996881
2787,0,0.095292,0.001087,0.903620
2788,1,0.969948,0.001230,0.028822
2789,0,0.003557,0.000674,0.995769
2790,1,0.478982,0.010367,0.510650
2791,0,0.005452,0.000631,0.993918
2792,0,0.049537,0.021654,0.928809
2793,1,0.126496,0.002348,0.871156
2794,1,0.043328,0.001272,0.955401
2795,0,0.002970,0.000557,0.996473
2796,0,0.412272,0.003176,0.584552
2797,1,0.492247,0.005962,0.501791
2798,1,0.722288,0.009285,0.268427
2799,1,0.861542,0.013568,0.124890
2800,0,0.009112,0.000576,0.990312
2801,0,0.004753,0.000491,0.994756
2802,1,0.126240,0.004514,0.869246
2803,0,0.120056,0.001161,0.878783
2804,0,0.002000,0.000877,0.997122
2805,0,0.005138,0.000257,0.994605
2806,1,0.149147,0.073699,0.777154
2807,0,0.021426,0.000709,0.977865
2808,1,0.849808,0.003721,0.146471
2809,0,0.012779,0.001975,0.985246
2810,0,0.008664,0.000463,0.990873
2811,0,0.000886,0.000718,0.998396
2812,0,0.016086,0.000676,0.983238
2813,0,0.620414,0.001566,0.378019
2814,1,0.062152,0.919923,0.017925
2815,0,0.093540,0.001136,0.905324
2816,1,0.284099,0.640255,0.075646
2817,0,0.001752,0.000343,0.997906
2818,0,0.009466,0.000851,0.989682
2819,1,0.523130,0.084615,0.392255
2820,0,0.006609,0.003073,0.990318
2821,0,0.012155,0.000454,0.987391
2822,0,0.003772,0.000450,0.995778
2823,0,0.611921,0.004244,0.383835
2824,0,0.101918,0.003660,0.894421
2825,1,0.084798,0.524371,0.390831
2826,0,0.012368,0.000392,0.987240
2827,0,0.002474,0.001628,0.995899
2828,1,0.054214,0.825554,0.120231
2829,0,0.195272,0.004668,0.800060
2830,1,0.442418,0.545206,0.012376
2831,0,0.002864,0.001266,0.995870
2832,1,0.909206,0.013473,0.077321
2833,0,0.037714,0.000737,0.961549
2834,0,0.005657,0.000832,0.993511
2835,0,0.006139,0.000736,0.993125
2836,0,0.464668,0.001887,0.533445
2837,0,0.025755,0.000614,0.973630
2838,1,0.652251,0.302900,0.044848
2839,1,0.102726,0.007749,0.889525
2840,1,0.027577,0.000833,0.971590
2841,0,0.009122,0.001040,0.989838
2842,0,0.058348,0.357492,0.584160
2843,1,0.363587,0.130832,0.505581
2844,0,0.002387,0.001822,0.995791
2845,1,0.854276,0.034511,0.111213
2846,1,0.699239,0.127005,0.173756
2847,1,0.472455,0.093173,0.434372
2848,0,0.004442,0.000812,0.994746
2849,1,0.112415,0.086374,0.801211
2850,1,0.249577,0.014334,0.736089
2851,0,0.020998,0.001825,0.977177
2852,0,0.034662,0.180922,0.784416
2853,1,0.309029,0.021947,0.669023
2854,0,0.065567,0.000939,0.933494
2855,1,0.528122,0.243722,0.228156
2856,0,0.071531,0.000995,0.927475
2857,0,0.087520,0.001178,0.911302
2858,1,0.318877,0.009080,0.672043
2859,1,0.979064,0.010766,0.010170
2860,1,0.926401,0.062946,0.010653
2861,1,0.757346,0.092007,0.150647
2862,0,0.032769,0.001311,0.965921
2863,1,0.140159,0.162378,0.697463
2864,0,0.484614,0.002555,0.512832
2865,0,0.002168,0.000334,0.997498
2866,1,0.445591,0.002999,0.551409
2867,1,0.105368,0.556427,0.338206
2868,0,0.028491,0.000497,0.971012
2869,0,0.002067,0.000474,0.997459
2870,0,0.102271,0.001090,0.896639
2871,0,0.005042,0.000328,0.994630
2872,0,0.063422,0.000658,0.935920
2873,0,0.325524,0.002092,0.672385
2874,1,0.011104,0.000891,0.988005
2875,0,0.008662,0.000729,0.990610
2876,0,0.032745,0.000750,0.966506
2877,1,0.075325,0.086476,0.838200
2878,0,0.043047,0.434369,0.522584
2879,0,0.597652,0.093375,0.308973
2880,1,0.638656,0.005104,0.356241
2881,1,0.050158,0.011797,0.938046
2882,0,0.007232,0.012638,0.980130
2883,0,0.058452,0.060468,0.881080
2884,0,0.001677,0.000509,0.997814
2885,1,0.692371,0.068048,0.239580
2886,1,0.135692,0.345850,0.518458
2887,0,0.010768,0.000528,0.988704
2888,0,0.001947,0.000380,0.997672
2889,1,0.001427,0.001181,0.997393
2890,0,0.113659,0.000797,0.885543
2891,0,0.034564,0.001719,0.963718
2892,0,0.005099,0.000584,0.994317
2893,1,0.089045,0.013409,0.897546
2894,0,0.006904,0.000508,0.992588
2895,0,0.007053,0.000796,0.992151
2896,0,0.044898,0.000873,0.954229
2897,0,0.003331,0.001648,0.995021
2898,0,0.020860,0.000571,0.978569
2899,1,0.383961,0.010666,0.605373
2900,0,0.005466,0.000446,0.994089
2901,1,0.320821,0.214118,0.465062
2902,1,0.459731,0.290580,0.249689
2903,1,0.989624,0.005193,0.005184
2904,1,0.704513,0.099654,0.195833
2905,0,0.079940,0.008427,0.911633
2906,0,0.122862,0.005846,0.871292
2907,1,0.916589,0.005208,0.078203
2908,1,0.045388,0.028666,0.925946
2909,1,0.119163,0.053973,0.826864
2910,0,0.003656,0.000663,0.995681
2911,1,0.161053,0.428530,0.410417
2912,0,0.359406,0.005123,0.635471
2913,1,0.278535,0.021571,0.699894
2914,1,0.045811,0.001828,0.952361
2915,1,0.774219,0.007300,0.218481
2916,0,0.173949,0.002670,0.823381
2917,0,0.009728,0.000934,0.989339
2918,0,0.010243,0.001427,0.988330
2919,1,0.181054,0.002659,0.816288
2920,1,0.667958,0.001953,0.330090
2921,1,0.720187,0.107731,0.172082
2922,1,0.957508,0.032618,0.009874
2923,0,0.018904,0.000773,0.980323
2924,0,0.102414,0.001550,0.896035
2925,0,0.025641,0.000476,0.973884
2926,0,0.030902,0.000673,0.968424
2927,0,0.003461,0.000908,0.995631
2928,0,0.019378,0.000593,0.980028
2929,1,0.961325,0.035611,0.003064
2930,1,0.001905,0.002196,0.995899
2931,1,0.669976,0.198390,0.131634
2932,0,0.029341,0.001097,0.969563
2933,1,0.085591,0.764106,0.150303
2934,0,0.002695,0.000481,0.996824
2935,0,0.025869,0.000880,0.973250
2936,0,0.143020,0.001760,0.855220
2937,1,0.973473,0.011834,0.014693
2938,0,0.003686,0.000856,0.995458
2939,1,0.952082,0.002108,0.045810
2940,0,0.000873,0.000763,0.998365
2941,1,0.245721,0.001566,0.752714
2942,1,0.846039,0.001688,0.152273
2943,1,0.773317,0.069413,0.157270
2944,1,0.723601,0.008483,0.267917
2945,1,0.990913,0.004522,0.004565
2946,1,0.010751,0.001232,0.988018
2947,0,0.035384,0.000505,0.964111
2948,0,0.011887,0.002698,0.985415
2949,1,0.772391,0.009148,0.218461
2950,0,0.045595,0.007618,0.946787
2951,0,0.071192,0.001092,0.927716
2952,1,0.246381,0.009259,0.744360
2953,1,0.980666,0.007836,0.011498
2954,1,0.184274,0.084809,0.730917
2955,0,0.002756,0.001461,0.995783
2956,0,0.032863,0.002148,0.964989
2957,1,0.048734,0.601066,0.350199
2958,0,0.001442,0.000452,0.998106
2959,1,0.915232,0.077209,0.007559
2960,1,0.205724,0.002906,0.791370
2961,0,0.014321,0.003478,0.982202
2962,0,0.011508,0.001363,0.987129
2963,0,0.033254,0.001003,0.965743
2964,0,0.004970,0.000789,0.994241
2965,0,0.535627,0.002651,0.461722
2966,0,0.261832,0.002129,0.736039
2967,1,0.431525,0.002449,0.566026
2968,0,0.014288,0.000711,0.985000
2969,0,0.005641,0.000653,0.993705
2970,0,0.237080,0.003303,0.759617
2971,0,0.003355,0.000563,0.996082
2972,1,0.660581,0.026703,0.312716
2973,0,0.015027,0.001064,0.983909
2974,0,0.428578,0.001488,0.569934
2975,1,0.017549,0.002737,0.979713
2976,1,0.532921,0.368902,0.098177
2977,1,0.251050,0.036605,0.712344
2978,1,0.397462,0.001688,0.600849
2979,1,0.566819,0.013338,0.419843
2980,0,0.007356,0.000579,0.992065
2981,1,0.978718,0.015851,0.005431
2982,0,0.004954,0.000369,0.994676
2983,1,0.009933,0.001615,0.988452
2984,1,0.968075,0.027798,0.004127
2985,1,0.951625,0.037201,0.011174
2986,0,0.022745,0.000767,0.976488
2987,0,0.002493,0.000410,0.997097
2988,0,0.014958,0.000788,0.984254
2989,1,0.843065,0.010406,0.146529
2990,0,0.023017,0.001226,0.975757
2991,0,0.060932,0.002704,0.936363
2992,1,0.937136,0.006250,0.056614
2993,0,0.012303,0.000803,0.986894
2994,1,0.617002,0.269954,0.113044
2995,1,0.840696,0.059207,0.100098
2996,0,0.037146,0.000806,0.962048
2997,1,0.094875,0.003370,0.901755
2998,0,0.091944,0.002643,0.905413
2999,0,0.002110,0.001146,0.996744
