row_id,gold,p_hate,p_offensive,p_normal
0,1,0.767702,0.007666,0.224632
1,0,0.831202,0.055622,0.113176
2,1,0.074137,0.001426,0.924437
3,1,0.226087,0.006345,0.767568
4,0,0.001315,0.001021,0.997663
5,1,0.890448,0.099490,0.010061
6,1,0.573148,0.026810,0.400042
7,1,0.049323,0.001181,0.949495
8,0,0.169331,0.694246,0.136424
9,1,0.410784,0.143705,0.445511
10,0,0.002076,0.001625,0.996299
11,1,0.926006,0.001009,0.072985
12,1,0.390785,0.435351,0.173864
13,0,0.845629,0.005313,0.149058
14,0,0.113177,0.001542,0.885282
15,0,0.346712,0.628855,0.024433
16,1,0.019390,0.000768,0.979842
17,1,0.746381,0.243235,0.010384
18,1,0.985219,0.001943,0.012838
19,0,0.442236,0.002679,0.555085
20,1,0.785295,0.001694,0.213011
21,1,0.072804,0.008760,0.918436
22,0,0.837153,0.055746,0.107101
23,1,0.627779,0.348502,0.023719
24,1,0.682494,0.026148,0.291358
25,1,0.994741,0.001057,0.004202
26,0,0.022034,0.763990,0.213976
27,1,0.655025,0.280333,0.064642
28,1,0.833937,0.002557,0.163505
29,0,0.979359,0.001389,0.019251
30,0,0.001436,0.000594,0.997969
31,0,0.001726,0.000907,0.997367
32,0,0.974746,0.001268,0.023986
33,1,0.992430,0.004570,0.003001
34,0,0.977923,0.002862,0.019215
35,1,0.987688,0.005394,0.006919
36,1,0.422652,0.001546,0.575802
37,1,0.325507,0.001810,0.672682
38,0,0.974778,0.001226,0.023996
39,0,0.076678,0.001010,0.922312
40,0,0.512279,0.019029,0.468692
41,0,0.190762,0.033767,0.775472
42,0,0.019905,0.001106,0.978989
43,0,0.021735,0.000906,0.977359
44,0,0.954896,0.002416,0.042687
45,1,0.771517,0.009568,0.218916
46,0,0.391678,0.002266,0.606056
47,1,0.023984,0.002786,0.973230
48,0,0.968816,0.001511,0.029673
49,1,0.984299,0.002456,0.013245
50,1,0.974235,0.005467,0.020297
51,0,0.012404,0.000923,0.986673
52,1,0.959975,0.002525,0.037500
53,1,0.909527,0.002133,0.088339
54,1,0.350615,0.243205,0.406180
55,1,0.071791,0.714365,0.213844
56,1,0.043384,0.002703,0.953913
57,0,0.059984,0.000912,0.939103
58,1,0.852657,0.138539,0.008804
59,1,0.994979,0.002568,0.002453
60,1,0.001378,0.000562,0.998059
61,1,0.872786,0.003260,0.123954
62,0,0.864944,0.001318,0.133738
63,1,0.511450,0.036703,0.451847
64,1,0.697816,0.277040,0.025145
65,0,0.366378,0.008597,0.625025
66,1,0.091714,0.001275,0.907011
67,1,0.013420,0.000841,0.985739
68,1,0.092309,0.018243,0.889447
69,1,0.036207,0.003552,0.960241
70,1,0.815899,0.006117,0.177984
71,1,0.840885,0.002192,0.156923
72,1,0.291914,0.007225,0.700861
73,1,0.855346,0.001212,0.143443
74,1,0.515189,0.002643,0.482168
75,1,0.931664,0.001445,0.066890
76,1,0.846881,0.001405,0.151714
77,1,0.810359,0.001530,0.188111
78,1,0.895033,0.003762,0.101205
79,1,0.961208,0.001140,0.037652
80,1,0.975604,0.002680,0.021717
81,1,0.057176,0.002002,0.940822
82,1,0.977919,0.002139,0.019942
83,1,0.876516,0.001945,0.121539
84,1,0.970964,0.001978,0.027058
85,1,0.884912,0.002638,0.112451
86,0,0.003670,0.006343,0.989988
87,1,0.958675,0.014346,0.026979
88,1,0.986820,0.008452,0.004728
89,1,0.993690,0.001513,0.004798
90,1,0.689073,0.286908,0.024019
91,1,0.974324,0.001730,0.023947
92,1,0.867897,0.003261,0.128842
93,1,0.459537,0.022753,0.517710
94,1,0.812813,0.001367,0.185819
95,1,0.736805,0.001634,0.261561
96,1,0.969844,0.001122,0.029035
97,1,0.977309,0.000848,0.021844
98,1,0.046768,0.000779,0.952453
99,1,0.513925,0.002019,0.484056
100,1,0.988151,0.001076,0.010773
101,0,0.161399,0.074379,0.764222
102,1,0.315429,0.104580,0.579991
103,1,0.005519,0.000851,0.993630
104,1,0.975328,0.001361,0.023311
105,1,0.936583,0.001426,0.061991
106,1,0.096118,0.347836,0.556046
107,1,0.528890,0.427037,0.044073
108,1,0.992019,0.001118,0.006862
109,1,0.994754,0.001504,0.003741
110,1,0.994524,0.001228,0.004247
111,1,0.990466,0.000920,0.008615
112,1,0.298008,0.004637,0.697355
113,1,0.549397,0.002001,0.448602
114,1,0.664801,0.002127,0.333072
115,0,0.000765,0.000540,0.998695
116,1,0.105369,0.002272,0.892359
117,1,0.109180,0.002852,0.887968
118,1,0.278939,0.004009,0.717052
119,1,0.266066,0.004349,0.729584
120,1,0.992902,0.002594,0.004504
121,1,0.992800,0.001864,0.005336
122,1,0.485093,0.424667,0.090240
123,1,0.993448,0.001924,0.004628
124,1,0.428407,0.543770,0.027823
125,1,0.195482,0.661635,0.142883
126,1,0.948787,0.001924,0.049289
127,1,0.988487,0.008650,0.002863
128,1,0.155059,0.001673,0.843268
129,1,0.993478,0.004930,0.001592
130,1,0.975602,0.006696,0.017702
131,1,0.989563,0.005574,0.004864
132,1,0.994917,0.002488,0.002595
133,1,0.992230,0.006489,0.001280
134,0,0.064304,0.022181,0.913514
135,0,0.643927,0.032536,0.323537
136,1,0.984360,0.012840,0.002800
137,0,0.355365,0.001730,0.642905
138,1,0.664659,0.005115,0.330226
139,0,0.990866,0.002195,0.006939
140,1,0.860173,0.001292,0.138535
141,1,0.980959,0.001181,0.017861
142,0,0.374365,0.021640,0.603995
143,0,0.029774,0.000704,0.969522
144,1,0.141173,0.704997,0.153829
145,1,0.979522,0.005922,0.014556
146,0,0.994810,0.001640,0.003550
147,1,0.344936,0.597709,0.057354
148,0,0.488536,0.004316,0.507149
149,1,0.684368,0.300646,0.014986
150,1,0.984911,0.001297,0.013792
151,1,0.993430,0.002052,0.004519
152,1,0.099751,0.661327,0.238922
153,1,0.993465,0.003190,0.003346
154,1,0.993850,0.001538,0.004612
155,1,0.992800,0.001040,0.006161
156,1,0.989891,0.007272,0.002838
157,1,0.702240,0.259913,0.037847
158,1,0.721398,0.055852,0.222751
159,1,0.467721,0.502889,0.029390
160,1,0.992636,0.000984,0.006380
161,1,0.986835,0.000871,0.012294
162,1,0.966037,0.002620,0.031344
163,1,0.992559,0.004582,0.002860
164,1,0.993230,0.003053,0.003717
165,1,0.880443,0.053509,0.066048
166,1,0.500565,0.003339,0.496096
167,1,0.988347,0.001411,0.010242
168,1,0.994343,0.001579,0.004078
169,1,0.995592,0.002589,0.001818
170,1,0.984462,0.001532,0.014006
171,1,0.981713,0.002551,0.015736
172,1,0.993216,0.002085,0.004698
173,1,0.954309,0.002465,0.043226
174,1,0.538596,0.001585,0.459819
175,1,0.964273,0.005261,0.030467
176,1,0.682590,0.293721,0.023689
177,1,0.879152,0.008519,0.112329
178,1,0.267637,0.358923,0.373440
179,1,0.400219,0.572261,0.027520
180,1,0.801704,0.019258,0.179038
181,1,0.773856,0.124518,0.101627
182,1,0.627171,0.107811,0.265017
183,1,0.920712,0.027307,0.051981
184,0,0.174944,0.060168,0.764888
185,0,0.657462,0.256981,0.085557
186,1,0.739961,0.126650,0.133389
187,1,0.548582,0.436402,0.015016
188,1,0.311072,0.002666,0.686262
189,1,0.294483,0.110235,0.595281
190,1,0.017521,0.288337,0.694142
191,1,0.569268,0.018148,0.412584
192,1,0.459054,0.002624,0.538322
193,1,0.549608,0.004737,0.445655
194,1,0.791670,0.002878,0.205452
195,1,0.840236,0.003150,0.156614
196,1,0.771849,0.002060,0.226091
197,1,0.888730,0.001921,0.109349
198,1,0.958521,0.001555,0.039924
199,1,0.946349,0.002347,0.051304
200,1,0.910870,0.001922,0.087208
201,1,0.362566,0.001979,0.635455
202,1,0.929450,0.001471,0.069080
203,1,0.937390,0.002774,0.059836
204,1,0.909337,0.003287,0.087375
205,1,0.880544,0.006918,0.112538
206,1,0.904101,0.002421,0.093478
207,1,0.691150,0.003117,0.305733
208,1,0.858071,0.002468,0.139461
209,1,0.706065,0.002287,0.291648
210,1,0.870888,0.001636,0.127476
211,1,0.623733,0.002571,0.373696
212,1,0.629286,0.002250,0.368463
213,0,0.006485,0.000616,0.992899
214,1,0.950690,0.016659,0.032651
215,1,0.930817,0.023919,0.045265
216,1,0.896172,0.051815,0.052013
217,1,0.926576,0.012737,0.060687
218,1,0.037443,0.003891,0.958666
219,1,0.921371,0.001246,0.077382
220,1,0.446889,0.523388,0.029723
221,1,0.879566,0.026523,0.093911
222,1,0.379206,0.005040,0.615755
223,1,0.232278,0.001851,0.765871
224,0,0.547883,0.010710,0.441407
225,1,0.604617,0.349571,0.045812
226,1,0.899849,0.005625,0.094526
227,1,0.726410,0.241080,0.032510
228,1,0.993320,0.004773,0.001907
229,1,0.984291,0.008270,0.007439
230,1,0.944796,0.050560,0.004644
231,1,0.561783,0.002163,0.436053
232,1,0.826838,0.003978,0.169184
233,1,0.598806,0.386907,0.014287
234,1,0.779163,0.001910,0.218927
235,1,0.633317,0.006292,0.360391
236,1,0.988054,0.001417,0.010528
237,1,0.870968,0.122170,0.006862
238,1,0.569842,0.413858,0.016300
239,1,0.718635,0.262720,0.018645
240,1,0.549280,0.003527,0.447193
241,1,0.745784,0.005216,0.249000
242,1,0.765612,0.112003,0.122385
243,1,0.785492,0.005247,0.209262
244,1,0.988017,0.000955,0.011028
245,1,0.922183,0.002016,0.075802
246,1,0.987287,0.005628,0.007085
247,1,0.143138,0.259863,0.597000
248,0,0.006839,0.000795,0.992366
249,1,0.926179,0.055266,0.018555
250,0,0.020230,0.001077,0.978693
251,1,0.615766,0.003029,0.381205
252,1,0.641777,0.292870,0.065352
253,1,0.993272,0.001049,0.005679
254,0,0.960780,0.001912,0.037308
255,0,0.015727,0.029204,0.955069
256,0,0.043162,0.000963,0.955876
257,1,0.928287,0.003123,0.068589
258,1,0.786790,0.011094,0.202116
259,1,0.994238,0.003931,0.001830
260,1,0.993706,0.004477,0.001817
261,1,0.993936,0.003147,0.002916
262,1,0.002728,0.000493,0.996779
263,1,0.903014,0.005766,0.091220
264,0,0.002783,0.000617,0.996600
265,0,0.000594,0.000638,0.998768
266,0,0.958410,0.001453,0.040138
267,1,0.943001,0.010410,0.046589
268,0,0.794839,0.003046,0.202115
269,0,0.961277,0.003343,0.035380
270,1,0.175327,0.724320,0.100354
271,1,0.376597,0.509762,0.113641
272,1,0.232254,0.061323,0.706423
273,0,0.004419,0.000370,0.995211
274,1,0.712920,0.001871,0.285210
275,0,0.766525,0.004546,0.228929
276,0,0.950167,0.004565,0.045268
277,0,0.833926,0.001668,0.164406
278,0,0.845402,0.001673,0.152925
279,0,0.325468,0.008845,0.665687
280,0,0.181978,0.709432,0.108590
281,0,0.231392,0.002002,0.766606
282,0,0.978104,0.002694,0.019202
283,0,0.955145,0.005671,0.039184
284,1,0.989597,0.006832,0.003571
285,0,0.548151,0.001774,0.450075
286,0,0.972637,0.002939,0.024423
287,0,0.208670,0.001608,0.789722
288,0,0.663104,0.036316,0.300580
289,0,0.134782,0.026575,0.838643
290,0,0.487612,0.004866,0.507522
291,0,0.902208,0.002528,0.095264
292,0,0.988698,0.001027,0.010276
293,0,0.456113,0.005280,0.538608
294,0,0.136342,0.001654,0.862004
295,1,0.991223,0.002290,0.006487
296,0,0.254286,0.296925,0.448790
297,0,0.344758,0.006296,0.648945
298,0,0.171006,0.010883,0.818111
299,0,0.920099,0.001880,0.078020
300,0,0.982428,0.001359,0.016213
301,0,0.541494,0.371806,0.086700
302,0,0.900413,0.002335,0.097251
303,1,0.925932,0.002583,0.071485
304,0,0.867392,0.001829,0.130779
305,0,0.920908,0.002905,0.076187
306,0,0.904969,0.004047,0.090984
307,0,0.951559,0.001377,0.047064
308,0,0.900522,0.001585,0.097894
309,1,0.637629,0.339541,0.022829
310,1,0.740844,0.245701,0.013454
311,1,0.986707,0.002232,0.011060
312,1,0.986996,0.001104,0.011901
313,1,0.513798,0.002816,0.483386
314,1,0.994708,0.001021,0.004271
315,0,0.223429,0.115254,0.661317
316,1,0.988384,0.001114,0.010502
317,1,0.979457,0.001408,0.019135
318,1,0.992822,0.001006,0.006171
319,0,0.989709,0.002453,0.007838
320,0,0.984946,0.001697,0.013357
321,0,0.169851,0.003833,0.826316
322,0,0.216002,0.005605,0.778392
323,0,0.019690,0.005464,0.974846
324,0,0.634540,0.003196,0.362265
325,0,0.507170,0.003170,0.489660
326,0,0.786693,0.002519,0.210789
327,1,0.978712,0.004606,0.016683
328,1,0.658842,0.323884,0.017274
329,1,0.906977,0.003022,0.090001
330,1,0.106366,0.003422,0.890212
331,1,0.288509,0.195374,0.516117
332,1,0.980264,0.004541,0.015195
333,1,0.852920,0.073056,0.074024
334,1,0.894964,0.002063,0.102972
335,1,0.478195,0.001843,0.519962
336,1,0.499088,0.002042,0.498870
337,1,0.002526,0.001015,0.996459
338,0,0.904110,0.002001,0.093889
339,0,0.918924,0.003426,0.077650
340,0,0.910508,0.001371,0.088122
341,0,0.245070,0.365354,0.389576
342,0,0.799365,0.002378,0.198257
343,0,0.983218,0.001160,0.015622
344,0,0.807222,0.020796,0.171982
345,0,0.011438,0.001534,0.987028
346,0,0.987152,0.001115,0.011732
347,0,0.401968,0.304420,0.293612
348,0,0.993034,0.001190,0.005775
349,0,0.993715,0.003192,0.003093
350,0,0.305126,0.003129,0.691744
351,0,0.993741,0.003167,0.003091
352,1,0.994678,0.003182,0.002140
353,0,0.460944,0.005999,0.533057
354,0,0.554823,0.007788,0.437390
355,0,0.575284,0.006308,0.418409
356,0,0.958106,0.005619,0.036275
357,0,0.973524,0.001299,0.025176
358,0,0.899729,0.032522,0.067749
359,0,0.985675,0.003567,0.010758
360,0,0.001754,0.000848,0.997398
361,0,0.771775,0.001552,0.226672
362,0,0.038040,0.001171,0.960790
363,0,0.012928,0.001540,0.985531
364,0,0.005872,0.000495,0.993633
365,0,0.882837,0.002837,0.114326
366,0,0.637144,0.002085,0.360771
367,0,0.419318,0.001346,0.579336
368,0,0.928598,0.001130,0.070272
369,0,0.308932,0.001856,0.689212
370,0,0.966116,0.001805,0.032079
371,0,0.001852,0.002654,0.995494
372,0,0.065428,0.247390,0.687182
373,0,0.897767,0.001495,0.100738
374,0,0.279705,0.002535,0.717760
375,0,0.738033,0.001512,0.260456
376,1,0.374187,0.001631,0.624182
377,1,0.005765,0.000646,0.993589
378,0,0.083561,0.002001,0.914438
379,1,0.969017,0.001142,0.029841
380,0,0.711608,0.001498,0.286894
381,0,0.014040,0.001601,0.984359
382,0,0.978938,0.001346,0.019716
383,1,0.974164,0.009217,0.016619
384,1,0.899009,0.001873,0.099118
385,1,0.990427,0.006756,0.002817
386,1,0.776864,0.001496,0.221640
387,1,0.891719,0.009654,0.098627
388,1,0.678770,0.302606,0.018624
389,0,0.360676,0.003810,0.635514
390,0,0.115436,0.296025,0.588539
391,0,0.951457,0.004885,0.043658
392,0,0.010160,0.001534,0.988305
393,1,0.988633,0.007724,0.003643
394,1,0.885801,0.030521,0.083679
395,1,0.988932,0.003242,0.007826
396,0,0.000538,0.000781,0.998681
397,1,0.015374,0.105258,0.879368
398,1,0.992973,0.001804,0.005223
399,1,0.592921,0.311631,0.095447
400,0,0.914608,0.001424,0.083968
401,0,0.087643,0.140959,0.771398
402,0,0.787848,0.001631,0.210521
403,0,0.202492,0.001963,0.795545
404,0,0.974277,0.006447,0.019276
405,0,0.990925,0.001447,0.007628
406,0,0.154879,0.366826,0.478294
407,0,0.072784,0.005462,0.921754
408,1,0.516765,0.464647,0.018588
409,0,0.016289,0.000890,0.982821
410,0,0.108448,0.001125,0.890428
411,0,0.001141,0.003053,0.995806
412,1,0.473719,0.008422,0.517859
413,1,0.982427,0.003990,0.013583
414,0,0.140000,0.002357,0.857643
415,0,0.853347,0.001625,0.145028
416,0,0.927137,0.001665,0.071199
417,0,0.994369,0.001248,0.004383
418,0,0.988751,0.001610,0.009639
419,1,0.048256,0.001843,0.949901
420,0,0.636247,0.306600,0.057152
421,0,0.962018,0.001730,0.036252
422,1,0.971385,0.001650,0.026965
423,0,0.114021,0.001167,0.884812
424,1,0.971507,0.002005,0.026488
425,0,0.370483,0.492209,0.137309
426,0,0.984349,0.010438,0.005213
427,0,0.983147,0.008966,0.007887
428,0,0.926631,0.067768,0.005601
429,0,0.008607,0.000854,0.990539
430,0,0.721587,0.059480,0.218933
431,0,0.001619,0.006068,0.992313
432,0,0.767044,0.001984,0.230973
433,0,0.927615,0.001286,0.071100
434,1,0.919395,0.002879,0.077726
435,0,0.565645,0.006823,0.427532
436,0,0.948109,0.001912,0.049979
437,1,0.072086,0.002329,0.925585
438,0,0.555696,0.003615,0.440689
439,1,0.982400,0.002030,0.015571
440,0,0.991823,0.002753,0.005424
441,0,0.993830,0.001647,0.004523
442,0,0.715516,0.002493,0.281990
443,0,0.616940,0.001745,0.381315
444,0,0.923691,0.001279,0.075029
445,0,0.879192,0.008123,0.112685
446,0,0.072194,0.007836,0.919971
447,0,0.216413,0.001598,0.781989
448,1,0.982706,0.011408,0.005886
449,1,0.990696,0.001188,0.008116
450,1,0.987005,0.001410,0.011585
451,0,0.976833,0.000874,0.022293
452,1,0.537320,0.003106,0.459573
453,1,0.974709,0.001084,0.024207
454,1,0.994005,0.004037,0.001958
455,1,0.960640,0.001285,0.038075
456,1,0.075432,0.488756,0.435812
457,1,0.958015,0.001155,0.040830
458,0,0.419243,0.021551,0.559205
459,1,0.971495,0.001674,0.026831
460,1,0.526472,0.064850,0.408678
461,0,0.203904,0.002895,0.793201
462,0,0.759803,0.019317,0.220881
463,0,0.411146,0.002384,0.586470
464,0,0.000950,0.000452,0.998599
465,0,0.001582,0.000995,0.997423
466,1,0.003514,0.000686,0.995800
467,0,0.010819,0.000696,0.988485
468,0,0.028724,0.233647,0.737629
469,0,0.559122,0.001771,0.439107
470,1,0.663840,0.003860,0.332300
471,1,0.987700,0.001667,0.010632
472,0,0.976798,0.000989,0.022213
473,1,0.201987,0.001864,0.796149
474,0,0.976189,0.001647,0.022163
475,0,0.986339,0.001413,0.012248
476,1,0.919996,0.003916,0.076088
477,0,0.335596,0.002209,0.662195
478,1,0.421845,0.551205,0.026950
479,0,0.955430,0.002265,0.042305
480,0,0.984542,0.001240,0.014218
481,1,0.613328,0.030186,0.356487
482,0,0.016309,0.326801,0.656889
483,0,0.983089,0.001364,0.015547
484,1,0.905609,0.001383,0.093008
485,0,0.073287,0.001517,0.925196
486,0,0.789065,0.001767,0.209168
487,0,0.256911,0.001810,0.741279
488,0,0.615617,0.003997,0.380387
489,1,0.992500,0.002990,0.004511
490,0,0.103015,0.005636,0.891350
491,0,0.276384,0.002045,0.721571
492,1,0.991193,0.004277,0.004531
493,1,0.957348,0.001779,0.040873
494,1,0.416093,0.563692,0.020215
495,1,0.774181,0.002265,0.223554
496,1,0.994703,0.002658,0.002640
497,0,0.726488,0.002022,0.271489
498,1,0.991298,0.002632,0.006070
499,0,0.496777,0.001803,0.501420
500,0,0.231602,0.021702,0.746695
501,1,0.415517,0.002333,0.582150
502,0,0.174874,0.001407,0.823719
503,0,0.019609,0.002098,0.978293
504,0,0.655692,0.307799,0.036509
505,1,0.990493,0.001045,0.008462
506,1,0.781888,0.010487,0.207624
507,1,0.484355,0.002696,0.512949
508,1,0.026047,0.002119,0.971834
509,1,0.991453,0.002866,0.005680
510,0,0.763424,0.006094,0.230483
511,0,0.949678,0.036369,0.013953
512,0,0.071739,0.002794,0.925467
513,0,0.035952,0.007648,0.956400
514,0,0.097684,0.001527,0.900789
515,0,0.864639,0.003698,0.131663
516,1,0.971972,0.003243,0.024785
517,0,0.500660,0.008990,0.490351
518,0,0.043560,0.112527,0.843913
519,0,0.823261,0.002620,0.174118
520,1,0.163030,0.002322,0.834648
521,1,0.968526,0.002960,0.028514
522,0,0.429533,0.238296,0.332171
523,1,0.924600,0.001831,0.073569
524,0,0.986414,0.007148,0.006438
525,0,0.693276,0.001982,0.304743
526,1,0.053632,0.762974,0.183394
527,0,0.954755,0.000971,0.044274
528,0,0.140281,0.414118,0.445600
529,1,0.982417,0.015295,0.002289
530,1,0.199096,0.002853,0.798051
531,1,0.547336,0.007725,0.444939
532,1,0.975771,0.001764,0.022464
533,1,0.550576,0.432151,0.017273
534,0,0.962282,0.001269,0.036449
535,0,0.004847,0.001213,0.993940
536,0,0.546835,0.002430,0.450735
537,1,0.942200,0.001390,0.056411
538,0,0.857782,0.003680,0.138538
539,0,0.000728,0.000394,0.998878
540,1,0.994374,0.003438,0.002189
541,0,0.167082,0.054258,0.778660
542,1,0.957146,0.004116,0.038738
543,1,0.950728,0.002125,0.047147
544,1,0.970533,0.004849,0.024619
545,1,0.762874,0.002746,0.234380
546,0,0.206080,0.003083,0.790837
547,1,0.991778,0.000798,0.007424
548,0,0.740086,0.235036,0.024879
549,1,0.038203,0.003581,0.958216
550,0,0.989557,0.001171,0.009272
551,1,0.953061,0.045153,0.001785
552,1,0.927210,0.003401,0.069389
553,0,0.033512,0.540462,0.426026
554,0,0.912204,0.082202,0.005594
555,0,0.490575,0.234047,0.275378
556,1,0.949554,0.041276,0.009170
557,0,0.478329,0.003050,0.518621
558,0,0.015333,0.726139,0.258528
559,1,0.725831,0.187342,0.086827
560,0,0.048137,0.001220,0.950643
561,1,0.985877,0.000880,0.013243
562,0,0.151674,0.004132,0.844194
563,0,0.807002,0.002699,0.190299
564,1,0.889636,0.001020,0.109345
565,0,0.989526,0.004998,0.005476
566,1,0.891837,0.001816,0.106346
567,1,0.921283,0.007282,0.071435
568,0,0.011372,0.000997,0.987631
569,1,0.961906,0.002016,0.036078
570,0,0.064252,0.696090,0.239658
571,0,0.978861,0.011025,0.010114
572,0,0.363195,0.002861,0.633944
573,1,0.918141,0.028043,0.053817
574,0,0.032077,0.001293,0.966630
575,1,0.702151,0.006150,0.291699
576,0,0.967279,0.001821,0.030900
577,1,0.825522,0.020232,0.154246
578,0,0.949549,0.001181,0.049269
579,1,0.993723,0.000882,0.005396
580,0,0.370183,0.002407,0.627410
581,1,0.772346,0.001432,0.226222
582,0,0.001045,0.000468,0.998486
583,0,0.971387,0.001184,0.027429
584,1,0.973583,0.001034,0.025383
585,1,0.422921,0.546695,0.030384
586,1,0.568483,0.002430,0.429087
587,0,0.671419,0.008708,0.319872
588,0,0.167702,0.012024,0.820274
589,0,0.995308,0.002622,0.002070
590,1,0.468540,0.002908,0.528552
591,0,0.001144,0.000696,0.998161
592,1,0.045762,0.062607,0.891631
593,1,0.905778,0.001823,0.092399
594,0,0.867253,0.003061,0.129686
595,0,0.023273,0.002503,0.974223
596,0,0.981666,0.001287,0.017047
597,0,0.410904,0.367281,0.221815
598,1,0.117680,0.001322,0.880998
599,1,0.610976,0.348321,0.040703
600,0,0.909791,0.004488,0.085720
601,0,0.945309,0.007841,0.046850
602,0,0.931447,0.001487,0.067066
603,0,0.322285,0.442586,0.235129
604,1,0.755445,0.001403,0.243152
605,0,0.147918,0.035621,0.816461
606,1,0.098011,0.600719,0.301270
607,0,0.110325,0.768809,0.120866
608,1,0.925467,0.001528,0.073005
609,0,0.355662,0.373986,0.270352
610,1,0.993564,0.001479,0.004957
611,0,0.619879,0.006497,0.373623
612,0,0.932063,0.002725,0.065212
613,0,0.255951,0.002005,0.742044
614,1,0.277862,0.546035,0.176103
615,1,0.979160,0.001206,0.019635
616,1,0.814715,0.002253,0.183032
617,0,0.000830,0.000716,0.998454
618,0,0.386032,0.001841,0.612127
619,0,0.816968,0.032914,0.150118
620,1,0.280640,0.009845,0.709514
621,0,0.988195,0.008179,0.003626
622,1,0.961813,0.001282,0.036905
623,0,0.926311,0.002530,0.071159
624,1,0.898842,0.087183,0.013975
625,0,0.805612,0.001935,0.192453
626,1,0.324270,0.333623,0.342107
627,1,0.067955,0.001473,0.930572
628,1,0.932937,0.003770,0.063292
629,1,0.968856,0.027693,0.003452
630,0,0.053467,0.030947,0.915586
631,1,0.767421,0.202040,0.030538
632,0,0.970088,0.007300,0.022612
633,0,0.395675,0.010131,0.594195
634,0,0.093850,0.793267,0.112883
635,0,0.960500,0.031670,0.007830
636,1,0.888858,0.002154,0.108988
637,0,0.617129,0.330089,0.052783
638,0,0.002605,0.000451,0.996944
639,0,0.007187,0.000734,0.992079
640,0,0.580852,0.068865,0.350282
641,0,0.003380,0.000640,0.995980
642,1,0.793587,0.005195,0.201218
643,0,0.018686,0.000752,0.980561
644,1,0.682571,0.164256,0.153173
645,0,0.242934,0.020933,0.736134
646,1,0.981451,0.002000,0.016549
647,0,0.006373,0.001255,0.992372
648,1,0.181446,0.120103,0.698452
649,0,0.734955,0.003358,0.261688
650,0,0.679464,0.009545,0.310992
651,1,0.159700,0.732094,0.108206
652,0,0.983703,0.001268,0.015030
653,0,0.572701,0.002746,0.424553
654,1,0.895867,0.001601,0.102532
655,0,0.092120,0.001250,0.906630
656,0,0.000474,0.000396,0.999130
657,0,0.003517,0.000423,0.996060
658,0,0.872598,0.001410,0.125992
659,0,0.427851,0.025708,0.546442
660,0,0.992787,0.002409,0.004805
661,1,0.981222,0.001031,0.017747
662,0,0.673127,0.180425,0.146449
663,0,0.081692,0.001359,0.916949
664,1,0.904441,0.033618,0.061941
665,0,0.970807,0.001088,0.028105
666,1,0.989530,0.001110,0.009360
667,1,0.991890,0.000855,0.007255
668,1,0.774026,0.009697,0.216276
669,0,0.050240,0.500210,0.449550
670,1,0.975095,0.007671,0.017234
671,0,0.888740,0.085717,0.025543
672,1,0.001811,0.002318,0.995871
673,0,0.058897,0.004142,0.936961
674,1,0.969796,0.005965,0.024239
675,0,0.117724,0.053599,0.828677
676,1,0.959998,0.037961,0.002040
677,0,0.765490,0.001760,0.232750
678,1,0.262713,0.009586,0.727701
679,0,0.487579,0.002327,0.510093
680,1,0.742408,0.002784,0.254808
681,1,0.872030,0.002151,0.125818
682,0,0.025718,0.002178,0.972104
683,0,0.006958,0.001183,0.991859
684,0,0.088802,0.117188,0.794010
685,1,0.381646,0.002581,0.615772
686,1,0.971524,0.001178,0.027297
687,0,0.967498,0.001370,0.031131
688,0,0.452755,0.170633,0.376613
689,0,0.464461,0.002635,0.532904
690,1,0.995263,0.002664,0.002073
691,1,0.889493,0.042906,0.067601
692,0,0.962044,0.004774,0.033182
693,0,0.529476,0.001788,0.468737
694,1,0.587414,0.001917,0.410670
695,1,0.936010,0.018923,0.045067
696,0,0.553319,0.013455,0.433226
697,0,0.022742,0.001794,0.975463
698,1,0.994278,0.003340,0.002383
699,1,0.993636,0.003788,0.002575
700,0,0.092828,0.001748,0.905424
701,0,0.054082,0.001210,0.944708
702,0,0.505342,0.011397,0.483261
703,1,0.914129,0.003803,0.082068
704,1,0.886781,0.001945,0.111275
705,1,0.987330,0.003438,0.009232
706,1,0.129113,0.796761,0.074126
707,0,0.001229,0.001229,0.997542
708,0,0.291091,0.005948,0.702961
709,1,0.610028,0.366668,0.023304
710,0,0.969849,0.001675,0.028475
711,0,0.163291,0.502119,0.334590
712,1,0.210522,0.745746,0.043732
713,0,0.001267,0.000442,0.998291
714,0,0.957381,0.001772,0.040847
715,0,0.332279,0.002568,0.665153
716,1,0.961073,0.001354,0.037574
717,1,0.917069,0.009394,0.073537
718,1,0.696978,0.001951,0.301071
719,1,0.956499,0.002111,0.041390
720,0,0.874192,0.003045,0.122763
721,1,0.993352,0.001218,0.005431
722,1,0.990226,0.001843,0.007930
723,1,0.348417,0.001065,0.650518
724,0,0.405190,0.037693,0.557118
725,1,0.563820,0.028325,0.407855
726,1,0.009140,0.000616,0.990244
727,0,0.888150,0.001142,0.110708
728,1,0.992097,0.001171,0.006733
729,0,0.005919,0.001007,0.993073
730,0,0.000452,0.000733,0.998815
731,0,0.678663,0.003648,0.317689
732,0,0.001528,0.000477,0.997996
733,1,0.643641,0.003283,0.353076
734,0,0.028253,0.432643,0.539105
735,0,0.880837,0.002566,0.116597
736,0,0.101100,0.001058,0.897842
737,0,0.033610,0.001957,0.964433
738,1,0.374046,0.001508,0.624446
739,1,0.268014,0.564201,0.167785
740,0,0.006977,0.000778,0.992245
741,0,0.184751,0.034831,0.780418
742,1,0.977473,0.018623,0.003904
743,0,0.352276,0.131775,0.515949
744,0,0.988386,0.003744,0.007870
745,0,0.006804,0.001370,0.991826
746,0,0.863848,0.002126,0.134026
747,1,0.977956,0.001548,0.020496
748,1,0.979081,0.007848,0.013071
749,0,0.865083,0.001921,0.132996
750,0,0.989826,0.001828,0.008346
751,0,0.699905,0.001860,0.298235
752,1,0.744371,0.235463,0.020166
753,1,0.794022,0.003424,0.202555
754,0,0.312060,0.010687,0.677253
755,1,0.876800,0.052335,0.070866
756,1,0.405175,0.001919,0.592906
757,0,0.104310,0.001601,0.894089
758,0,0.966130,0.002053,0.031817
759,0,0.979416,0.000888,0.019696
760,1,0.986364,0.001053,0.012583
761,0,0.000932,0.001025,0.998043
762,0,0.061776,0.056436,0.881788
763,0,0.775458,0.016049,0.208493
764,0,0.405220,0.011911,0.582869
765,0,0.785482,0.003961,0.210557
766,1,0.993032,0.001683,0.005285
767,1,0.752578,0.003706,0.243716
768,0,0.904857,0.006125,0.089018
769,0,0.496954,0.002893,0.500153
770,1,0.994040,0.001651,0.004309
771,0,0.889737,0.003404,0.106859
772,1,0.689772,0.283682,0.026546
773,0,0.033490,0.002155,0.964355
774,0,0.696175,0.006256,0.297569
775,0,0.487184,0.006217,0.506599
776,0,0.978748,0.001037,0.020215
777,0,0.379889,0.526287,0.093824
778,1,0.947618,0.008722,0.043660
779,0,0.618084,0.005137,0.376779
780,1,0.954774,0.001740,0.043486
781,0,0.936148,0.002758,0.061094
782,1,0.180477,0.746641,0.072882
783,0,0.660103,0.123813,0.216083
784,1,0.191502,0.002643,0.805854
785,1,0.601710,0.386115,0.012175
786,0,0.001973,0.000864,0.997163
787,0,0.792628,0.032610,0.174762
788,1,0.981778,0.006319,0.011903
789,1,0.699047,0.015392,0.285561
790,1,0.504711,0.001246,0.494043
791,1,0.503902,0.002306,0.493792
792,1,0.990999,0.006172,0.002829
793,0,0.114057,0.008623,0.877320
794,1,0.991319,0.001525,0.007156
795,0,0.772489,0.004252,0.223258
796,1,0.881770,0.002366,0.115863
797,0,0.020379,0.015338,0.964283
798,0,0.067053,0.001467,0.931480
799,0,0.969917,0.000890,0.029192
800,0,0.782123,0.001660,0.216217
801,0,0.000523,0.000741,0.998736
802,0,0.014233,0.383684,0.602083
803,0,0.969821,0.001837,0.028342
804,0,0.609491,0.002504,0.388005
805,0,0.497982,0.002381,0.499637
806,0,0.001081,0.000824,0.998095
807,0,0.700081,0.001518,0.298401
808,0,0.963510,0.002940,0.033550
809,0,0.974904,0.001313,0.023783
810,0,0.907187,0.001955,0.090858
811,0,0.709635,0.001362,0.289003
812,0,0.122230,0.020480,0.857290
813,0,0.985199,0.003669,0.011132
814,0,0.194433,0.001756,0.803811
815,0,0.771616,0.001442,0.226942
816,0,0.244291,0.001683,0.754026
817,0,0.144782,0.001263,0.853955
818,0,0.983892,0.007289,0.008819
819,0,0.009156,0.000522,0.990323
820,0,0.065952,0.002709,0.931339
821,0,0.909553,0.001313,0.089134
822,0,0.001626,0.001074,0.997301
823,0,0.367985,0.002976,0.629039
824,0,0.000510,0.000459,0.999031
825,0,0.310110,0.001628,0.688263
826,0,0.013539,0.001051,0.985410
827,0,0.863937,0.001432,0.134632
828,0,0.961054,0.001208,0.037738
829,0,0.003556,0.000427,0.996017
830,0,0.964408,0.000958,0.034634
831,0,0.476643,0.002402,0.520955
832,0,0.845965,0.003112,0.150924
833,0,0.639434,0.001885,0.358681
834,1,0.991899,0.002216,0.005885
835,0,0.037910,0.002191,0.959899
836,1,0.961826,0.001266,0.036908
837,0,0.708404,0.001967,0.289629
838,0,0.001585,0.000418,0.997997
839,0,0.464970,0.001839,0.533191
840,1,0.915821,0.001006,0.083173
841,0,0.923216,0.004093,0.072691
842,0,0.761387,0.001398,0.237215
843,0,0.855942,0.001563,0.142495
844,1,0.610933,0.002346,0.386721
845,0,0.714245,0.001681,0.284074
846,0,0.468597,0.001462,0.529941
847,0,0.980691,0.000868,0.018441
848,0,0.025812,0.001535,0.972653
849,0,0.825188,0.001585,0.173226
850,0,0.871280,0.001235,0.127486
851,0,0.266912,0.001802,0.731287
852,0,0.738262,0.002244,0.259494
853,0,0.066644,0.003943,0.929413
854,0,0.019263,0.001795,0.978942
855,0,0.980452,0.000788,0.018759
856,1,0.995173,0.002496,0.002331
857,1,0.987648,0.000834,0.011518
858,0,0.678068,0.001458,0.320474
859,0,0.994038,0.001535,0.004427
860,0,0.280342,0.173919,0.545739
861,0,0.942451,0.000967,0.056582
862,0,0.908409,0.001478,0.090112
863,1,0.933371,0.001243,0.065387
864,0,0.029071,0.488418,0.482511
865,1,0.992985,0.001290,0.005724
866,0,0.598123,0.002206,0.399671
867,0,0.795335,0.002916,0.201750
868,0,0.773821,0.002315,0.223864
869,0,0.901524,0.001167,0.097308
870,0,0.990975,0.001010,0.008016
871,1,0.573042,0.001408,0.425550
872,0,0.974258,0.000979,0.024763
873,0,0.357202,0.002937,0.639861
874,0,0.981072,0.001488,0.017440
875,0,0.437626,0.002121,0.560253
876,0,0.094227,0.001777,0.903997
877,0,0.910596,0.035254,0.054150
878,0,0.052527,0.001854,0.945619
879,0,0.947940,0.006637,0.045423
880,1,0.995887,0.001417,0.002697
881,0,0.370717,0.003357,0.625927
882,0,0.127457,0.001667,0.870876
883,0,0.147792,0.001385,0.850823
884,0,0.296670,0.001761,0.701568
885,0,0.918154,0.002120,0.079726
886,0,0.082213,0.001208,0.916579
887,0,0.935436,0.008222,0.056342
888,0,0.451713,0.001725,0.546563
889,0,0.987941,0.000930,0.011129
890,0,0.368919,0.001419,0.629662
891,0,0.319513,0.001794,0.678694
892,0,0.876647,0.001679,0.121674
893,0,0.982814,0.000828,0.016358
894,0,0.023649,0.002058,0.974293
895,0,0.003735,0.001000,0.995265
896,0,0.056643,0.000794,0.942563
897,0,0.064973,0.000622,0.934405
898,0,0.695958,0.001633,0.302409
899,0,0.012733,0.002865,0.984402
900,1,0.161957,0.002240,0.835803
901,0,0.362445,0.010247,0.627308
902,0,0.951533,0.001611,0.046856
903,0,0.993901,0.004797,0.001302
904,0,0.402188,0.002340,0.595472
905,0,0.959620,0.001349,0.039031
906,0,0.008787,0.001906,0.989306
907,0,0.809683,0.002540,0.187777
908,0,0.239126,0.001701,0.759172
909,0,0.000553,0.000508,0.998939
910,0,0.984822,0.003040,0.012138
911,0,0.984606,0.000838,0.014556
912,0,0.854946,0.001892,0.143162
913,1,0.989125,0.000930,0.009944
914,0,0.207461,0.001367,0.791172
915,0,0.400023,0.560580,0.039397
916,0,0.350780,0.619601,0.029619
917,0,0.066245,0.002405,0.931350
918,0,0.875077,0.001629,0.123294
919,0,0.978594,0.001179,0.020227
920,0,0.563856,0.002535,0.433609
921,0,0.005051,0.016134,0.978815
922,1,0.949974,0.001170,0.048856
923,1,0.990932,0.001212,0.007857
924,0,0.008857,0.000577,0.990566
925,1,0.950635,0.001124,0.048242
926,1,0.984331,0.000778,0.014891
927,1,0.957955,0.002712,0.039333
928,1,0.888132,0.001242,0.110625
929,1,0.989304,0.004939,0.005757
930,1,0.925646,0.002132,0.072222
931,0,0.349225,0.001913,0.648862
932,0,0.019557,0.000686,0.979757
933,1,0.807836,0.001260,0.190903
934,0,0.216722,0.013925,0.769353
935,0,0.258476,0.001661,0.739863
936,1,0.979982,0.000885,0.019133
937,0,0.020037,0.000998,0.978966
938,0,0.043870,0.000913,0.955217
939,0,0.989561,0.001219,0.009220
940,0,0.026296,0.001794,0.971911
941,0,0.828670,0.001413,0.169917
942,0,0.880994,0.001224,0.117782
943,0,0.602180,0.001405,0.396415
944,0,0.125970,0.001251,0.872780
945,0,0.912559,0.001022,0.086419
946,0,0.281153,0.001459,0.717388
947,0,0.629891,0.002061,0.368048
948,0,0.716240,0.002450,0.281310
949,0,0.969610,0.002245,0.028145
950,0,0.018573,0.126707,0.854720
951,0,0.030472,0.001320,0.968208
952,1,0.847052,0.002153,0.150794
953,0,0.980265,0.000912,0.018824
954,0,0.023529,0.002266,0.974204
955,0,0.952734,0.001470,0.045796
956,1,0.979804,0.001344,0.018852
957,1,0.991198,0.000746,0.008056
958,1,0.944998,0.001278,0.053724
959,1,0.980010,0.000899,0.019091
960,1,0.992197,0.003644,0.004158
961,0,0.865871,0.002369,0.131760
962,0,0.003696,0.000574,0.995730
963,0,0.350694,0.005851,0.643455
964,0,0.878797,0.001496,0.119706
965,1,0.989314,0.001453,0.009233
966,0,0.877570,0.001165,0.121265
967,0,0.001364,0.000768,0.997868
968,1,0.717743,0.004494,0.277763
969,1,0.981229,0.016121,0.002650
970,1,0.349859,0.002160,0.647981
971,0,0.786524,0.001220,0.212256
972,0,0.102330,0.001292,0.896378
973,1,0.994030,0.001019,0.004951
974,1,0.993316,0.002339,0.004344
975,0,0.014600,0.002603,0.982798
976,1,0.989750,0.000922,0.009328
977,0,0.000650,0.001056,0.998294
978,0,0.982275,0.000913,0.016812
979,1,0.780166,0.001443,0.218391
980,0,0.960787,0.001127,0.038087
981,1,0.926113,0.001045,0.072842
982,0,0.347172,0.032223,0.620605
983,0,0.981564,0.000999,0.017436
984,0,0.117799,0.003370,0.878831
985,0,0.011118,0.001518,0.987364
986,0,0.851332,0.001277,0.147391
987,0,0.871190,0.002181,0.126630
988,0,0.099316,0.000902,0.899782
989,0,0.913814,0.001170,0.085016
990,1,0.989570,0.006418,0.004011
991,1,0.987732,0.001155,0.011112
992,1,0.088125,0.001120,0.910755
993,0,0.180082,0.742884,0.077034
994,0,0.069307,0.001770,0.928923
995,0,0.169962,0.001970,0.828068
996,1,0.988646,0.007919,0.003436
997,1,0.989426,0.004897,0.005677
998,0,0.780632,0.003908,0.215460
999,0,0.922032,0.001253,0.076715
1000,1,0.988877,0.000912,0.010211
1001,0,0.010804,0.001511,0.987686
1002,1,0.989863,0.005433,0.004704
1003,1,0.993524,0.000985,0.005491
1004,1,0.567302,0.001848,0.430850
1005,1,0.937106,0.003466,0.059428
1006,0,0.941715,0.053915,0.004369
1007,1,0.966217,0.001655,0.032128
1008,1,0.480692,0.001864,0.517444
1009,0,0.327387,0.002156,0.670457
1010,1,0.970933,0.025301,0.003766
1011,1,0.948027,0.000992,0.050980
1012,1,0.907014,0.006498,0.086488
1013,0,0.217052,0.003391,0.779557
1014,0,0.809231,0.124135,0.066635
1015,0,0.761808,0.003236,0.234956
1016,1,0.974751,0.001793,0.023456
1017,0,0.802133,0.020639,0.177228
1018,1,0.995210,0.001957,0.002833
1019,1,0.872760,0.104707,0.022533
1020,0,0.345349,0.001371,0.653280
1021,0,0.111879,0.000828,0.887293
1022,0,0.965064,0.001388,0.033547
1023,1,0.844218,0.001436,0.154346
1024,0,0.744551,0.001758,0.253691
1025,0,0.016803,0.001102,0.982095
1026,0,0.017842,0.000683,0.981476
1027,1,0.985943,0.002485,0.011571
1028,0,0.934788,0.002269,0.062943
1029,0,0.328775,0.003037,0.668188
1030,0,0.960467,0.001357,0.038176
1031,0,0.052038,0.001268,0.946694
1032,0,0.195908,0.693512,0.110580
1033,1,0.976344,0.001546,0.022110
1034,1,0.190651,0.002361,0.806987
1035,0,0.818558,0.001536,0.179906
1036,0,0.000571,0.000687,0.998742
1037,0,0.973167,0.001133,0.025700
1038,0,0.333999,0.001357,0.664644
1039,1,0.654319,0.003931,0.341750
1040,0,0.813854,0.001576,0.184570
1041,0,0.018808,0.001165,0.980026
1042,1,0.991058,0.001437,0.007506
1043,0,0.920359,0.000874,0.078767
1044,0,0.910698,0.000979,0.088323
1045,0,0.341944,0.001819,0.656237
1046,0,0.366197,0.457984,0.175818
1047,0,0.970470,0.001290,0.028240
1048,0,0.293623,0.002450,0.703926
1049,0,0.181640,0.002332,0.816028
1050,0,0.000396,0.000457,0.999147
1051,0,0.025253,0.007394,0.967353
1052,0,0.995246,0.001540,0.003214
1053,1,0.985976,0.000980,0.013044
1054,1,0.986844,0.001678,0.011479
1055,1,0.989325,0.000972,0.009702
1056,1,0.995678,0.001872,0.002450
1057,0,0.954494,0.000960,0.044546
1058,0,0.947908,0.001301,0.050791
1059,1,0.992200,0.003979,0.003821
1060,1,0.988717,0.001864,0.009419
1061,1,0.992346,0.001414,0.006240
1062,0,0.011281,0.000563,0.988156
1063,1,0.974497,0.002416,0.023087
1064,1,0.260923,0.000981,0.738096
1065,0,0.819000,0.001805,0.179195
1066,0,0.269178,0.002968,0.727854
1067,0,0.060952,0.001622,0.937426
1068,1,0.958444,0.001340,0.040216
1069,0,0.287851,0.002035,0.710114
1070,0,0.001254,0.000430,0.998316
1071,1,0.984828,0.013288,0.001884
1072,1,0.665231,0.257644,0.077125
1073,0,0.421940,0.001392,0.576669
1074,0,0.002065,0.000535,0.997400
1075,0,0.892102,0.001373,0.106525
1076,0,0.995710,0.002383,0.001907
1077,1,0.007340,0.001365,0.991295
1078,0,0.246463,0.002061,0.751476
1079,0,0.994638,0.001206,0.004156
1080,0,0.140131,0.006757,0.853112
1081,0,0.281592,0.275728,0.442681
1082,1,0.015384,0.001776,0.982840
1083,0,0.776761,0.001944,0.221295
1084,0,0.615148,0.002376,0.382476
1085,0,0.173041,0.002412,0.824548
1086,0,0.489474,0.002496,0.508030
1087,1,0.990958,0.006072,0.002969
1088,1,0.745084,0.001514,0.253403
1089,1,0.981275,0.001243,0.017482
1090,1,0.946984,0.001613,0.051404
1091,0,0.005353,0.004005,0.990642
1092,0,0.581178,0.003126,0.415696
1093,1,0.295996,0.003176,0.700828
1094,1,0.929510,0.001398,0.069092
1095,0,0.994847,0.001696,0.003457
1096,0,0.561681,0.005439,0.432880
1097,0,0.601828,0.002461,0.395711
1098,0,0.967311,0.000991,0.031698
1099,0,0.653080,0.001562,0.345357
1100,0,0.330869,0.003846,0.665284
1101,0,0.324692,0.001636,0.673671
1102,0,0.995414,0.002630,0.001955
1103,1,0.984512,0.000972,0.014516
1104,0,0.087390,0.002039,0.910572
1105,1,0.719979,0.001703,0.278318
1106,1,0.614435,0.003136,0.382429
1107,0,0.045201,0.000931,0.953868
1108,0,0.251340,0.001433,0.747227
1109,0,0.207103,0.004068,0.788829
1110,0,0.995018,0.000940,0.004041
1111,0,0.996533,0.001098,0.002370
1112,0,0.324538,0.001444,0.674018
1113,0,0.993312,0.001057,0.005630
1114,0,0.912314,0.001323,0.086363
1115,0,0.547258,0.002682,0.450060
1116,0,0.850722,0.001504,0.147774
1117,0,0.456609,0.001789,0.541603
1118,0,0.118320,0.002137,0.879544
1119,1,0.200681,0.379332,0.419987
1120,1,0.921096,0.001371,0.077532
1121,0,0.386053,0.010227,0.603720
1122,1,0.941090,0.001716,0.057195
1123,1,0.991861,0.000945,0.007194
1124,0,0.000588,0.001546,0.997866
1125,0,0.979228,0.002276,0.018496
1126,1,0.995225,0.003187,0.001588
1127,0,0.953283,0.007284,0.039432
1128,0,0.991032,0.001272,0.007696
1129,0,0.923370,0.001704,0.074926
1130,0,0.992954,0.005114,0.001932
1131,0,0.253288,0.003555,0.743157
1132,1,0.991762,0.003658,0.004580
1133,1,0.353805,0.002065,0.644130
1134,0,0.002307,0.001296,0.996397
1135,0,0.003189,0.002293,0.994518
1136,0,0.834753,0.051589,0.113659
1137,0,0.993773,0.001164,0.005063
1138,1,0.595360,0.049641,0.354999
1139,0,0.842281,0.001394,0.156325
1140,0,0.764953,0.001561,0.233486
1141,0,0.108809,0.019936,0.871254
1142,0,0.099363,0.001383,0.899255
1143,0,0.020260,0.000935,0.978804
1144,1,0.929935,0.002585,0.067480
1145,1,0.846891,0.003829,0.149280
1146,1,0.959844,0.001401,0.038755
1147,0,0.816276,0.077254,0.106470
1148,0,0.608988,0.003090,0.387923
1149,0,0.001740,0.000693,0.997567
1150,1,0.994760,0.001191,0.004048
1151,1,0.995673,0.001634,0.002693
1152,0,0.991786,0.001389,0.006825
1153,0,0.670237,0.002243,0.327520
1154,0,0.889545,0.001589,0.108866
1155,1,0.995726,0.002594,0.001680
1156,0,0.980770,0.000860,0.018369
1157,0,0.950173,0.000970,0.048857
1158,0,0.854086,0.001380,0.144534
1159,0,0.903143,0.001420,0.095437
1160,0,0.163251,0.569183,0.267567
1161,1,0.561581,0.423738,0.014681
1162,1,0.957777,0.000988,0.041235
1163,0,0.992255,0.001442,0.006302
1164,1,0.754853,0.001504,0.243644
1165,1,0.974005,0.024266,0.001729
1166,1,0.352992,0.620058,0.026950
1167,1,0.936769,0.001214,0.062017
1168,0,0.547895,0.002373,0.449732
1169,1,0.491162,0.001728,0.507110
1170,1,0.850515,0.001412,0.148073
1171,1,0.985136,0.001437,0.013428
1172,1,0.598498,0.377198,0.024304
1173,1,0.874786,0.001345,0.123869
1174,0,0.018341,0.001086,0.980573
1175,1,0.994032,0.001055,0.004912
1176,0,0.861993,0.002110,0.135897
1177,1,0.989349,0.002274,0.008377
1178,1,0.984480,0.001612,0.013908
1179,0,0.548147,0.002490,0.449363
1180,0,0.980417,0.000915,0.018668
1181,0,0.390994,0.001417,0.607589
1182,0,0.665141,0.002409,0.332450
1183,0,0.391512,0.001715,0.606773
1184,0,0.725027,0.003976,0.270997
1185,0,0.551910,0.003038,0.445052
1186,0,0.475224,0.001416,0.523359
1187,1,0.995394,0.001463,0.003143
1188,1,0.190821,0.006028,0.803151
1189,0,0.012787,0.001544,0.985669
1190,0,0.087440,0.000931,0.911630
1191,0,0.784934,0.001740,0.213326
1192,1,0.786184,0.001462,0.212354
1193,1,0.996065,0.002137,0.001798
1194,0,0.918328,0.001680,0.079993
1195,0,0.015382,0.009515,0.975103
1196,1,0.504587,0.001924,0.493489
1197,1,0.953974,0.043598,0.002428
1198,1,0.984465,0.004488,0.011047
1199,1,0.988619,0.002305,0.009076
1200,1,0.134106,0.001068,0.864826
1201,1,0.994002,0.001009,0.004989
1202,1,0.985535,0.002474,0.011991
1203,1,0.947277,0.001939,0.050784
1204,1,0.214629,0.715041,0.070330
1205,1,0.976707,0.001286,0.022007
1206,1,0.033028,0.001065,0.965908
1207,1,0.988247,0.001199,0.010555
1208,1,0.970490,0.000916,0.028594
1209,1,0.946862,0.015266,0.037873
1210,1,0.958995,0.001194,0.039811
1211,1,0.980078,0.015901,0.004021
1212,1,0.639873,0.002147,0.357980
1213,1,0.985960,0.003277,0.010763
1214,1,0.906689,0.002131,0.091179
1215,1,0.003729,0.102141,0.894130
1216,1,0.029214,0.003670,0.967116
1217,1,0.988970,0.001323,0.009706
1218,1,0.992128,0.001004,0.006868
1219,1,0.994803,0.002203,0.002994
1220,1,0.923604,0.001449,0.074947
1221,1,0.582003,0.054473,0.363523
1222,1,0.991928,0.001779,0.006294
1223,1,0.990732,0.000866,0.008402
1224,1,0.992082,0.000762,0.007155
1225,1,0.989410,0.001899,0.008691
1226,1,0.962628,0.001037,0.036335
1227,1,0.973199,0.000805,0.025996
1228,1,0.988820,0.001306,0.009874
1229,1,0.947827,0.001621,0.050552
1230,1,0.221947,0.001256,0.776797
1231,1,0.947003,0.001097,0.051901
1232,1,0.960260,0.001162,0.038578
1233,1,0.981222,0.001038,0.017740
1234,1,0.975987,0.022024,0.001989
1235,1,0.992088,0.006151,0.001762
1236,1,0.920172,0.015596,0.064232
1237,1,0.660396,0.102826,0.236778
1238,1,0.979323,0.001344,0.019333
1239,0,0.397435,0.002167,0.600397
1240,1,0.995592,0.002064,0.002344
1241,1,0.924972,0.014601,0.060427
1242,1,0.944597,0.000863,0.054540
1243,1,0.991910,0.000984,0.007106
1244,1,0.569402,0.003695,0.426903
1245,1,0.791482,0.001241,0.207277
1246,1,0.573122,0.002614,0.424264
1247,1,0.996208,0.002268,0.001523
1248,0,0.066474,0.062012,0.871514
1249,1,0.210469,0.003462,0.786069
1250,1,0.994194,0.003848,0.001957
1251,1,0.911336,0.001142,0.087522
1252,1,0.990853,0.002193,0.006954
1253,1,0.982534,0.000943,0.016522
1254,0,0.391721,0.004440,0.603838
1255,0,0.262437,0.008141,0.729422
1256,0,0.047934,0.070464,0.881603
1257,0,0.988976,0.003987,0.007036
1258,1,0.875119,0.001763,0.123118
1259,0,0.965802,0.001492,0.032707
1260,1,0.991991,0.003615,0.004394
1261,1,0.779547,0.010098,0.210354
1262,1,0.986637,0.007045,0.006317
1263,0,0.374096,0.061257,0.564647
1264,0,0.082534,0.001038,0.916428
1265,0,0.686703,0.004617,0.308680
1266,1,0.795005,0.001385,0.203610
1267,0,0.444871,0.001839,0.553290
1268,0,0.848684,0.001185,0.150132
1269,0,0.990260,0.002348,0.007392
1270,1,0.229610,0.543777,0.226613
1271,0,0.992385,0.001046,0.006569
1272,0,0.898076,0.001544,0.100380
1273,0,0.014596,0.106406,0.878998
1274,0,0.932138,0.002973,0.064889
1275,0,0.867642,0.001158,0.131201
1276,1,0.994039,0.001247,0.004714
1277,1,0.013124,0.000786,0.986090
1278,1,0.417197,0.561893,0.020910
1279,1,0.595109,0.004864,0.400027
1280,0,0.934288,0.001315,0.064397
1281,0,0.345602,0.002092,0.652306
1282,1,0.926337,0.032191,0.041472
1283,0,0.483872,0.002355,0.513773
1284,1,0.980636,0.000871,0.018493
1285,1,0.911731,0.001016,0.087253
1286,0,0.982817,0.000813,0.016370
1287,0,0.000795,0.000553,0.998652
1288,0,0.818392,0.001730,0.179877
1289,0,0.124832,0.003492,0.871676
1290,1,0.101400,0.004770,0.893830
1291,0,0.522387,0.304701,0.172912
1292,0,0.282750,0.001707,0.715543
1293,1,0.881180,0.001680,0.117140
1294,1,0.973202,0.001383,0.025416
1295,0,0.992256,0.003248,0.004496
1296,1,0.992927,0.001041,0.006032
1297,0,0.988898,0.000983,0.010119
1298,1,0.991879,0.006036,0.002085
1299,0,0.754683,0.003222,0.242095
1300,0,0.878239,0.001583,0.120178
1301,1,0.841960,0.013529,0.144511
1302,1,0.967182,0.001247,0.031571
1303,1,0.962354,0.001520,0.036125
1304,0,0.985540,0.001016,0.013444
1305,0,0.001816,0.000617,0.997567
1306,0,0.993806,0.000944,0.005250
1307,0,0.863064,0.002283,0.134653
1308,1,0.991774,0.001735,0.006491
1309,1,0.035129,0.676768,0.288103
1310,0,0.014121,0.000482,0.985397
1311,0,0.049664,0.004370,0.945966
1312,1,0.783986,0.005484,0.210530
1313,0,0.846254,0.001216,0.152530
1314,0,0.979429,0.001058,0.019513
1315,1,0.825797,0.001321,0.172882
1316,0,0.946217,0.001135,0.052648
1317,1,0.951093,0.001147,0.047761
1318,1,0.793427,0.001301,0.205273
1319,0,0.259744,0.005862,0.734394
1320,0,0.233749,0.012334,0.753917
1321,0,0.995595,0.001211,0.003194
1322,1,0.725407,0.009856,0.264737
1323,0,0.036971,0.001230,0.961799
1324,0,0.379864,0.003774,0.616361
1325,0,0.952237,0.001990,0.045773
1326,1,0.059626,0.002380,0.937994
1327,0,0.003580,0.001424,0.994996
1328,0,0.029218,0.003841,0.966941
1329,1,0.992149,0.006530,0.001321
1330,1,0.989065,0.001673,0.009261
1331,0,0.664345,0.001302,0.334353
1332,1,0.995518,0.001965,0.002517
1333,1,0.990064,0.000951,0.008985
1334,0,0.771113,0.001551,0.227336
1335,0,0.945331,0.001437,0.053232
1336,1,0.598626,0.014905,0.386470
1337,0,0.897130,0.002136,0.100734
1338,0,0.009104,0.000644,0.990252
1339,1,0.988759,0.000925,0.010315
1340,1,0.977246,0.001307,0.021447
1341,1,0.894022,0.003802,0.102175
1342,0,0.838105,0.002206,0.159690
1343,0,0.645641,0.003133,0.351226
1344,0,0.003748,0.001086,0.995166
1345,1,0.963307,0.001491,0.035201
1346,1,0.902613,0.001020,0.096367
1347,1,0.984980,0.001815,0.013205
1348,0,0.000345,0.000587,0.999069
1349,1,0.092387,0.000920,0.906692
1350,0,0.844879,0.001188,0.153933
1351,1,0.967777,0.001317,0.030907
1352,1,0.788445,0.003167,0.208388
1353,0,0.195644,0.430657,0.373700
1354,1,0.427269,0.001701,0.571030
1355,1,0.528796,0.002526,0.468678
1356,1,0.002333,0.001522,0.996146
1357,1,0.985114,0.000903,0.013984
1358,1,0.479677,0.431542,0.088781
1359,0,0.001286,0.000977,0.997737
1360,1,0.067012,0.655109,0.277879
1361,0,0.828088,0.001504,0.170408
1362,1,0.413945,0.094043,0.492011
1363,0,0.929945,0.002086,0.067969
1364,0,0.908921,0.001108,0.089971
1365,1,0.869248,0.002330,0.128423
1366,0,0.805680,0.002722,0.191598
1367,1,0.992754,0.003011,0.004235
1368,1,0.105396,0.001549,0.893055
1369,1,0.982838,0.014627,0.002535
1370,0,0.057955,0.001551,0.940494
1371,1,0.983300,0.000848,0.015852
1372,0,0.990860,0.001789,0.007351
1373,0,0.152830,0.012205,0.834965
1374,0,0.898402,0.001440,0.100158
1375,0,0.465378,0.002384,0.532238
1376,1,0.833851,0.004027,0.162122
1377,1,0.005068,0.002531,0.992401
1378,0,0.001698,0.001020,0.997282
1379,1,0.982753,0.001711,0.015536
1380,1,0.776882,0.001541,0.221577
1381,1,0.993729,0.001043,0.005228
1382,0,0.176426,0.321607,0.501967
1383,1,0.992505,0.001098,0.006397
1384,0,0.995690,0.001583,0.002727
1385,1,0.905591,0.088197,0.006213
1386,0,0.006502,0.001282,0.992216
1387,0,0.000486,0.001259,0.998255
1388,1,0.995386,0.001322,0.003292
1389,0,0.168610,0.001349,0.830041
1390,0,0.013361,0.009822,0.976817
1391,0,0.876614,0.001139,0.122247
1392,1,0.036140,0.611404,0.352456
1393,0,0.005824,0.000478,0.993698
1394,0,0.983612,0.001160,0.015228
1395,1,0.278956,0.357466,0.363579
1396,0,0.617681,0.001422,0.380897
1397,1,0.709313,0.001612,0.289075
1398,0,0.934100,0.001154,0.064746
1399,1,0.890626,0.001507,0.107867
1400,1,0.985481,0.001069,0.013450
1401,0,0.993097,0.001178,0.005725
1402,1,0.953349,0.001414,0.045237
1403,1,0.766572,0.002211,0.231217
1404,0,0.305581,0.003615,0.690804
1405,1,0.995829,0.001597,0.002574
1406,1,0.991768,0.001020,0.007212
1407,1,0.993826,0.002383,0.003791
1408,1,0.994242,0.002432,0.003325
1409,0,0.302835,0.001461,0.695704
1410,1,0.191695,0.002925,0.805380
1411,0,0.814722,0.002721,0.182556
1412,1,0.985112,0.010150,0.004738
1413,0,0.450504,0.002554,0.546942
1414,0,0.960861,0.001385,0.037754
1415,0,0.957599,0.001513,0.040887
1416,0,0.002126,0.000545,0.997329
1417,0,0.059370,0.005633,0.934997
1418,0,0.958849,0.001698,0.039453
1419,1,0.994905,0.001465,0.003630
1420,1,0.976936,0.000819,0.022245
1421,0,0.554429,0.001878,0.443693
1422,0,0.265118,0.001288,0.733594
1423,0,0.002741,0.000997,0.996262
1424,0,0.949689,0.001025,0.049286
1425,0,0.959458,0.002523,0.038019
1426,0,0.988469,0.001285,0.010246
1427,0,0.843114,0.001286,0.155600
1428,1,0.984383,0.001040,0.014576
1429,1,0.986814,0.001130,0.012056
1430,1,0.991589,0.001553,0.006859
1431,1,0.895347,0.001107,0.103546
1432,0,0.871186,0.001287,0.127527
1433,0,0.679526,0.002169,0.318305
1434,1,0.082768,0.664691,0.252541
1435,0,0.600451,0.001922,0.397628
1436,0,0.895282,0.001244,0.103474
1437,0,0.169643,0.051675,0.778681
1438,0,0.394487,0.016580,0.588933
1439,1,0.201903,0.290450,0.507646
1440,0,0.053535,0.000892,0.945573
1441,0,0.888495,0.001566,0.109938
1442,0,0.006958,0.000674,0.992368
1443,0,0.599598,0.005015,0.395387
1444,0,0.836103,0.002548,0.161349
1445,0,0.784267,0.001431,0.214302
1446,0,0.073626,0.362269,0.564104
1447,0,0.896651,0.001305,0.102044
1448,1,0.532137,0.452646,0.015217
1449,1,0.584444,0.002788,0.412767
1450,1,0.993989,0.001268,0.004743
1451,0,0.621647,0.003480,0.374873
1452,0,0.988822,0.001334,0.009844
1453,1,0.663086,0.032991,0.303922
1454,1,0.496470,0.424351,0.079179
1455,1,0.262177,0.692715,0.045108
1456,1,0.859221,0.002868,0.137911
1457,0,0.015783,0.005375,0.978842
1458,0,0.986094,0.001418,0.012489
1459,0,0.210420,0.001573,0.788007
1460,0,0.980688,0.001025,0.018287
1461,1,0.385005,0.010471,0.604524
1462,1,0.579559,0.329373,0.091068
1463,0,0.982868,0.001854,0.015278
1464,0,0.990283,0.001997,0.007720
1465,0,0.047209,0.002004,0.950787
1466,0,0.825379,0.001414,0.173206
1467,0,0.015569,0.001365,0.983065
1468,1,0.889347,0.001779,0.108874
1469,1,0.985595,0.000949,0.013456
1470,0,0.963746,0.001124,0.035129
1471,0,0.804667,0.001184,0.194149
1472,0,0.617682,0.003106,0.379212
1473,1,0.143938,0.001062,0.854999
1474,0,0.904357,0.009570,0.086072
1475,0,0.001987,0.002077,0.995936
1476,0,0.002068,0.003770,0.994162
1477,1,0.989477,0.008420,0.002103
1478,0,0.991337,0.001118,0.007545
1479,0,0.041024,0.001031,0.957945
1480,0,0.038717,0.007154,0.954130
1481,0,0.226508,0.002179,0.771313
1482,0,0.004647,0.002162,0.993192
1483,1,0.983191,0.012878,0.003931
1484,0,0.742567,0.001794,0.255639
1485,1,0.332984,0.002707,0.664309
1486,1,0.163519,0.010798,0.825683
1487,0,0.926557,0.001671,0.071772
1488,0,0.658327,0.005428,0.336245
1489,0,0.595889,0.001549,0.402563
1490,1,0.223742,0.002962,0.773297
1491,1,0.602237,0.002211,0.395552
1492,0,0.704025,0.001946,0.294030
1493,0,0.987267,0.001658,0.011075
1494,0,0.014845,0.000898,0.984257
1495,0,0.814925,0.001664,0.183411
1496,0,0.776702,0.052847,0.170450
1497,1,0.587699,0.002801,0.409500
1498,0,0.501184,0.001294,0.497523
1499,0,0.572919,0.003870,0.423211
1500,0,0.158190,0.080703,0.761107
1501,0,0.990721,0.001058,0.008220
1502,0,0.158697,0.002164,0.839139
1503,1,0.993978,0.002032,0.003990
1504,1,0.965826,0.001688,0.032485
1505,1,0.859959,0.136732,0.003309
1506,0,0.160645,0.001512,0.837843
1507,0,0.337372,0.023169,0.639459
1508,1,0.872204,0.004166,0.123630
1509,1,0.985932,0.001516,0.012551
1510,0,0.949414,0.001220,0.049366
1511,0,0.973530,0.003640,0.022830
1512,0,0.444817,0.001958,0.553224
1513,1,0.990802,0.001942,0.007256
1514,0,0.745073,0.001558,0.253369
1515,1,0.973937,0.001496,0.024567
1516,0,0.541847,0.001491,0.456662
1517,0,0.016257,0.029758,0.953985
1518,1,0.975772,0.001236,0.022991
1519,0,0.619068,0.001806,0.379126
1520,0,0.996190,0.001129,0.002681
1521,1,0.550132,0.001948,0.447920
1522,0,0.477004,0.001809,0.521188
1523,0,0.976532,0.002645,0.020823
1524,0,0.055303,0.001788,0.942908
1525,0,0.577167,0.005372,0.417461
1526,0,0.905805,0.001733,0.092462
1527,0,0.637648,0.002359,0.359994
1528,0,0.924015,0.001054,0.074931
1529,0,0.853720,0.001230,0.145050
1530,0,0.714611,0.003472,0.281917
1531,0,0.962672,0.001473,0.035856
1532,0,0.927074,0.001376,0.071550
1533,0,0.912379,0.001033,0.086588
1534,0,0.146561,0.001895,0.851544
1535,0,0.050533,0.001127,0.948340
1536,0,0.991468,0.001366,0.007166
1537,0,0.318741,0.001499,0.679761
1538,0,0.972954,0.003179,0.023867
1539,0,0.992738,0.001175,0.006087
1540,0,0.844180,0.001807,0.154014
1541,0,0.182774,0.003322,0.813904
1542,0,0.005912,0.001687,0.992401
1543,0,0.010433,0.004941,0.984626
1544,0,0.285041,0.005596,0.709363
1545,0,0.032236,0.098422,0.869341
1546,0,0.024278,0.015122,0.960600
1547,0,0.070712,0.001071,0.928217
1548,0,0.190599,0.001518,0.807883
1549,0,0.711274,0.002499,0.286227
1550,0,0.977365,0.019012,0.003623
1551,0,0.449085,0.001438,0.549478
1552,0,0.973656,0.001325,0.025019
1553,0,0.854533,0.001225,0.144242
1554,0,0.988436,0.000908,0.010655
1555,0,0.911720,0.001388,0.086893
1556,0,0.377607,0.001585,0.620808
1557,0,0.180909,0.002075,0.817016
1558,0,0.878866,0.001327,0.119806
1559,0,0.974464,0.001122,0.024414
1560,0,0.007809,0.001724,0.990468
1561,0,0.084975,0.001632,0.913392
1562,0,0.980207,0.000899,0.018894
1563,0,0.410361,0.002472,0.587167
1564,0,0.480843,0.002885,0.516271
1565,0,0.071392,0.000992,0.927617
1566,0,0.008625,0.000733,0.990643
1567,0,0.945840,0.001841,0.052319
1568,0,0.993508,0.003596,0.002897
1569,0,0.048444,0.000872,0.950685
1570,0,0.972656,0.000880,0.026464
1571,0,0.080403,0.002799,0.916798
1572,0,0.127788,0.006385,0.865827
1573,0,0.222125,0.016142,0.761733
1574,0,0.727417,0.006776,0.265807
1575,0,0.982292,0.001182,0.016526
1576,0,0.415432,0.010012,0.574555
1577,0,0.081097,0.001926,0.916977
1578,0,0.947868,0.001093,0.051039
1579,0,0.002784,0.001096,0.996120
1580,0,0.975032,0.000933,0.024036
1581,0,0.006847,0.002306,0.990846
1582,0,0.020735,0.003771,0.975494
1583,0,0.665980,0.002503,0.331518
1584,0,0.691624,0.002002,0.306374
1585,0,0.774938,0.001471,0.223591
1586,0,0.910997,0.001349,0.087654
1587,0,0.042581,0.007020,0.950399
1588,0,0.099491,0.002082,0.898427
1589,0,0.081564,0.003338,0.915098
1590,0,0.000517,0.000785,0.998698
1591,0,0.929952,0.005650,0.064398
1592,0,0.308303,0.003669,0.688027
1593,0,0.109644,0.001546,0.888809
1594,0,0.097632,0.002686,0.899682
1595,0,0.886925,0.001145,0.111930
1596,0,0.082457,0.001751,0.915792
1597,0,0.984854,0.000779,0.014366
1598,0,0.569086,0.003792,0.427121
1599,0,0.191739,0.003473,0.804788
1600,0,0.508796,0.001420,0.489784
1601,0,0.825350,0.002175,0.172475
1602,0,0.269539,0.001327,0.729134
1603,1,0.960180,0.000974,0.038846
1604,1,0.922911,0.000969,0.076120
1605,1,0.343580,0.001628,0.654791
1606,1,0.982866,0.001105,0.016029
1607,1,0.991256,0.001182,0.007562
1608,1,0.329067,0.504036,0.166897
1609,0,0.463694,0.001499,0.534807
1610,1,0.181577,0.001735,0.816688
1611,1,0.985755,0.011129,0.003116
1612,1,0.978619,0.002554,0.018827
1613,1,0.926462,0.071460,0.002078
1614,0,0.007520,0.000566,0.991914
1615,1,0.956112,0.002045,0.041843
1616,0,0.940311,0.001701,0.057988
1617,0,0.924679,0.001132,0.074189
1618,1,0.994492,0.002182,0.003326
1619,1,0.925960,0.002602,0.071437
1620,1,0.967727,0.027924,0.004349
1621,1,0.995724,0.001067,0.003209
1622,1,0.995623,0.002320,0.002057
1623,1,0.992380,0.006112,0.001508
1624,1,0.971505,0.001230,0.027264
1625,0,0.929106,0.001446,0.069448
1626,1,0.975573,0.001127,0.023300
1627,1,0.986638,0.000932,0.012430
1628,1,0.995018,0.001470,0.003511
1629,1,0.991459,0.002216,0.006325
1630,1,0.110936,0.054877,0.834187
1631,1,0.992412,0.006290,0.001299
1632,1,0.993068,0.001090,0.005842
1633,1,0.935643,0.001012,0.063345
1634,1,0.972926,0.000934,0.026140
1635,1,0.016295,0.000592,0.983113
1636,0,0.002095,0.000818,0.997086
1637,0,0.993174,0.000848,0.005978
1638,1,0.996138,0.001313,0.002549
1639,1,0.934012,0.002105,0.063883
1640,1,0.225535,0.002479,0.771986
1641,1,0.854655,0.012643,0.132702
1642,0,0.003976,0.001591,0.994433
1643,1,0.759688,0.002066,0.238245
1644,1,0.857211,0.034509,0.108281
1645,1,0.921642,0.076781,0.001576
1646,1,0.035614,0.005361,0.959025
1647,1,0.960456,0.001865,0.037679
1648,1,0.975869,0.001462,0.022669
1649,1,0.746727,0.002119,0.251154
1650,0,0.897065,0.002506,0.100429
1651,1,0.981633,0.016633,0.001733
1652,1,0.242554,0.008355,0.749091
1653,1,0.570390,0.327417,0.102194
1654,1,0.162779,0.001288,0.835933
1655,1,0.977416,0.000830,0.021754
1656,1,0.907831,0.001074,0.091094
1657,1,0.984223,0.014253,0.001524
1658,1,0.994078,0.003167,0.002755
1659,1,0.756290,0.009189,0.234522
1660,1,0.991858,0.006388,0.001754
1661,0,0.003823,0.000514,0.995663
1662,1,0.893694,0.001768,0.104538
1663,0,0.031121,0.001316,0.967563
1664,1,0.935479,0.001550,0.062972
1665,1,0.964343,0.033384,0.002273
1666,1,0.992633,0.005610,0.001757
1667,1,0.991736,0.005089,0.003175
1668,0,0.987666,0.001520,0.010813
1669,1,0.985730,0.008051,0.006220
1670,1,0.968952,0.029920,0.001128
1671,0,0.936061,0.001964,0.061975
1672,1,0.987777,0.004602,0.007621
1673,0,0.964402,0.002953,0.032645
1674,0,0.135662,0.001411,0.862927
1675,0,0.316661,0.001753,0.681586
1676,0,0.990090,0.000897,0.009012
1677,0,0.961972,0.002061,0.035966
1678,0,0.980043,0.000903,0.019054
1679,0,0.163890,0.001534,0.834577
1680,0,0.029920,0.000755,0.969325
1681,0,0.377952,0.006062,0.615986
1682,0,0.949591,0.001932,0.048476
1683,0,0.007936,0.000709,0.991355
1684,0,0.991642,0.000991,0.007367
1685,0,0.363529,0.002587,0.633884
1686,0,0.225814,0.001614,0.772572
1687,0,0.563754,0.003080,0.433166
1688,0,0.572619,0.003859,0.423522
1689,0,0.468286,0.002690,0.529024
1690,0,0.410334,0.003312,0.586355
1691,0,0.655727,0.002909,0.341364
1692,0,0.002093,0.001076,0.996832
1693,0,0.688185,0.001803,0.310012
1694,0,0.511580,0.001925,0.486495
1695,0,0.287289,0.002285,0.710426
1696,0,0.752068,0.001626,0.246306
1697,0,0.003907,0.000788,0.995305
1698,0,0.313107,0.515664,0.171229
1699,0,0.954864,0.001532,0.043603
1700,0,0.533134,0.001872,0.464995
1701,0,0.929938,0.001466,0.068596
1702,0,0.886964,0.080747,0.032289
1703,0,0.061674,0.002079,0.936247
1704,0,0.612512,0.004094,0.383393
1705,0,0.229049,0.001772,0.769180
1706,0,0.748139,0.002248,0.249613
1707,0,0.974767,0.002438,0.022795
1708,0,0.923553,0.001677,0.074769
1709,1,0.978976,0.002611,0.018414
1710,1,0.853033,0.001472,0.145495
1711,1,0.552532,0.001854,0.445614
1712,1,0.952299,0.001951,0.045750
1713,1,0.993157,0.002071,0.004771
1714,0,0.000679,0.002067,0.997255
1715,1,0.983436,0.003813,0.012751
1716,1,0.009510,0.090185,0.900306
1717,1,0.642789,0.007651,0.349560
1718,0,0.720026,0.009772,0.270201
1719,1,0.460323,0.002050,0.537627
1720,1,0.983791,0.001614,0.014595
1721,1,0.812281,0.001486,0.186233
1722,1,0.515923,0.002193,0.481884
1723,0,0.566982,0.001688,0.431331
1724,1,0.913246,0.001244,0.085510
1725,1,0.843723,0.002514,0.153763
1726,1,0.342027,0.001262,0.656711
1727,1,0.721999,0.001244,0.276757
1728,1,0.223115,0.001673,0.775212
1729,1,0.045721,0.001266,0.953012
1730,1,0.766031,0.002136,0.231833
1731,1,0.026558,0.001110,0.972332
1732,1,0.412281,0.001241,0.586478
1733,1,0.964136,0.000959,0.034905
1734,0,0.956483,0.001612,0.041905
1735,1,0.688874,0.038587,0.272539
1736,1,0.986630,0.003816,0.009554
1737,1,0.006519,0.000637,0.992844
1738,1,0.816455,0.001674,0.181871
1739,1,0.995397,0.002092,0.002512
1740,1,0.989381,0.001415,0.009204
1741,1,0.984015,0.001184,0.014801
1742,0,0.518407,0.004901,0.476693
1743,1,0.920344,0.002106,0.077551
1744,1,0.920153,0.001472,0.078375
1745,0,0.203939,0.001406,0.794654
1746,1,0.698893,0.001268,0.299840
1747,0,0.785853,0.001108,0.213039
1748,1,0.725355,0.003673,0.270972
1749,1,0.993420,0.000934,0.005646
1750,1,0.980384,0.001187,0.018429
1751,1,0.539459,0.002122,0.458419
1752,1,0.991816,0.001706,0.006478
1753,1,0.970763,0.001163,0.028074
1754,1,0.994246,0.002869,0.002885
1755,0,0.904652,0.001354,0.093995
1756,1,0.938951,0.001349,0.059700
1757,0,0.001162,0.000300,0.998538
1758,0,0.968787,0.001564,0.029649
1759,1,0.846868,0.001641,0.151490
1760,1,0.186532,0.001224,0.812244
1761,0,0.390736,0.002034,0.607231
1762,0,0.275271,0.071197,0.653532
1763,1,0.815590,0.015041,0.169370
1764,1,0.990403,0.000949,0.008648
1765,1,0.752603,0.003757,0.243640
1766,1,0.970337,0.002062,0.027602
1767,0,0.745495,0.002523,0.251983
1768,1,0.841827,0.001872,0.156300
1769,1,0.975890,0.001166,0.022943
1770,0,0.705437,0.002016,0.292547
1771,1,0.484989,0.490879,0.024132
1772,1,0.964512,0.034374,0.001114
1773,1,0.901387,0.001555,0.097058
1774,1,0.979342,0.001083,0.019575
1775,1,0.602964,0.363774,0.033262
1776,1,0.967223,0.002462,0.030316
1777,1,0.443808,0.001510,0.554682
1778,1,0.423061,0.001341,0.575598
1779,1,0.927251,0.011268,0.061481
1780,1,0.809405,0.001581,0.189014
1781,1,0.966427,0.001772,0.031801
1782,1,0.942975,0.001004,0.056020
1783,1,0.292556,0.001252,0.706191
1784,1,0.780064,0.002937,0.216999
1785,1,0.912603,0.001152,0.086245
1786,1,0.270157,0.001952,0.727892
1787,1,0.950350,0.001424,0.048226
1788,1,0.969929,0.001433,0.028638
1789,0,0.967623,0.001011,0.031366
1790,1,0.396419,0.001765,0.601816
1791,1,0.949468,0.002176,0.048356
1792,1,0.993467,0.003174,0.003358
1793,1,0.645106,0.001703,0.353190
1794,1,0.439134,0.002762,0.558104
1795,1,0.720325,0.003685,0.275989
1796,1,0.949095,0.002657,0.048248
1797,1,0.932525,0.001594,0.065881
1798,0,0.047134,0.001067,0.951799
1799,1,0.819700,0.001946,0.178355
1800,1,0.994275,0.001412,0.004313
1801,1,0.992117,0.002262,0.005621
1802,1,0.930696,0.001168,0.068136
1803,1,0.802407,0.002257,0.195336
1804,0,0.945658,0.000978,0.053364
1805,1,0.415840,0.003180,0.580980
1806,1,0.971078,0.002097,0.026825
1807,1,0.332263,0.002630,0.665107
1808,1,0.907301,0.002828,0.089871
1809,1,0.988306,0.000992,0.010703
1810,0,0.150381,0.001014,0.848605
1811,0,0.293938,0.001964,0.704098
1812,0,0.928041,0.001012,0.070947
1813,0,0.499823,0.002368,0.497809
1814,0,0.496216,0.002007,0.501777
1815,0,0.861464,0.001523,0.137014
1816,0,0.053424,0.001073,0.945503
1817,0,0.513878,0.001635,0.484488
1818,0,0.481300,0.002085,0.516615
1819,0,0.243900,0.006486,0.749613
1820,0,0.935216,0.001643,0.063141
1821,1,0.989845,0.001574,0.008581
1822,1,0.059381,0.001754,0.938865
1823,1,0.458121,0.001242,0.540637
1824,1,0.963428,0.000988,0.035584
1825,1,0.013455,0.000562,0.985983
1826,1,0.792617,0.011189,0.196194
1827,1,0.872901,0.001487,0.125612
1828,0,0.059568,0.002267,0.938166
1829,0,0.987280,0.000889,0.011830
1830,1,0.123015,0.004301,0.872684
1831,1,0.753242,0.003316,0.243443
1832,1,0.757449,0.168986,0.073564
1833,1,0.216555,0.005331,0.778113
1834,1,0.442455,0.002112,0.555433
1835,0,0.887563,0.002179,0.110258
1836,0,0.004654,0.000685,0.994661
1837,1,0.857306,0.001405,0.141289
1838,1,0.570955,0.001325,0.427720
1839,1,0.648120,0.001885,0.349995
1840,1,0.967312,0.001039,0.031649
1841,1,0.983549,0.001053,0.015398
1842,1,0.995474,0.001085,0.003441
1843,1,0.964240,0.000821,0.034939
1844,1,0.858162,0.001948,0.139890
1845,1,0.882600,0.001401,0.115998
1846,0,0.020375,0.000704,0.978922
1847,1,0.991352,0.001728,0.006920
1848,1,0.595966,0.001576,0.402458
1849,1,0.979200,0.001289,0.019511
1850,1,0.902897,0.003163,0.093940
1851,1,0.491620,0.002007,0.506374
1852,1,0.928519,0.000900,0.070581
1853,1,0.150961,0.004941,0.844099
1854,1,0.965663,0.031579,0.002759
1855,1,0.983040,0.001466,0.015494
1856,1,0.991596,0.004123,0.004281
1857,1,0.882208,0.113130,0.004662
1858,1,0.987552,0.001262,0.011186
1859,1,0.991144,0.007015,0.001841
1860,1,0.970527,0.001532,0.027941
1861,1,0.483906,0.494938,0.021156
1862,1,0.277414,0.678323,0.044263
1863,1,0.190228,0.736123,0.073648
1864,0,0.015094,0.014471,0.970434
1865,1,0.574843,0.401367,0.023790
1866,1,0.993936,0.004218,0.001846
1867,1,0.402591,0.584462,0.012947
1868,1,0.364632,0.001845,0.633523
1869,1,0.279249,0.001675,0.719076
1870,1,0.486011,0.001868,0.512121
1871,1,0.114044,0.002151,0.883805
1872,1,0.585011,0.279206,0.135784
1873,1,0.607716,0.182176,0.210108
1874,0,0.008677,0.000780,0.990543
1875,0,0.745447,0.002423,0.252130
1876,0,0.319062,0.002390,0.678547
1877,0,0.951920,0.001108,0.046973
1878,0,0.878008,0.001420,0.120572
1879,0,0.007771,0.000635,0.991594
1880,0,0.480077,0.001593,0.518331
1881,0,0.594680,0.003401,0.401919
1882,0,0.879989,0.001112,0.118899
1883,0,0.777500,0.001603,0.220897
1884,0,0.155313,0.001162,0.843525
1885,0,0.026936,0.000605,0.972460
1886,0,0.001718,0.000342,0.997940
1887,0,0.034116,0.000694,0.965191
1888,0,0.225706,0.001163,0.773131
1889,0,0.003351,0.000403,0.996246
1890,0,0.554908,0.001528,0.443564
1891,0,0.249206,0.001539,0.749255
1892,0,0.760270,0.002939,0.236791
1893,0,0.755889,0.001431,0.242680
1894,0,0.702417,0.001375,0.296208
1895,0,0.001633,0.000657,0.997711
1896,0,0.124265,0.001433,0.874302
1897,0,0.009774,0.001364,0.988861
1898,0,0.008600,0.001351,0.990049
1899,0,0.677535,0.001621,0.320845
1900,0,0.021062,0.000912,0.978026
1901,0,0.195706,0.001157,0.803137
1902,0,0.351500,0.242411,0.406089
1903,0,0.074157,0.001161,0.924682
1904,0,0.011432,0.000685,0.987884
1905,0,0.000974,0.003407,0.995619
1906,0,0.001590,0.002246,0.996164
1907,0,0.852735,0.003492,0.143773
1908,0,0.002524,0.000732,0.996744
1909,0,0.952696,0.010870,0.036433
1910,0,0.003771,0.001152,0.995076
1911,0,0.259667,0.357206,0.383128
1912,0,0.024122,0.383317,0.592560
1913,0,0.001937,0.004600,0.993464
1914,0,0.122888,0.043835,0.833277
1915,0,0.298335,0.002859,0.698807
1916,0,0.011679,0.000835,0.987486
1917,0,0.002242,0.000930,0.996828
1918,0,0.085181,0.003060,0.911759
1919,0,0.987757,0.001174,0.011069
1920,0,0.139539,0.001183,0.859278
1921,0,0.089020,0.001791,0.909189
1922,0,0.487168,0.001517,0.511314
1923,0,0.002873,0.002198,0.994929
1924,0,0.802379,0.001668,0.195953
1925,0,0.605975,0.001550,0.392475
1926,0,0.233278,0.017342,0.749380
1927,0,0.911582,0.003043,0.085375
1928,0,0.007438,0.002255,0.990307
1929,0,0.905372,0.002378,0.092250
1930,0,0.137770,0.001515,0.860716
1931,0,0.218185,0.024086,0.757729
1932,0,0.000858,0.000520,0.998621
1933,0,0.003654,0.000482,0.995864
1934,0,0.000779,0.000437,0.998784
1935,0,0.210029,0.007699,0.782272
1936,0,0.208223,0.005382,0.786395
1937,0,0.902090,0.002294,0.095616
1938,0,0.992638,0.001078,0.006284
1939,0,0.990891,0.001393,0.007716
1940,0,0.586049,0.042188,0.371763
1941,0,0.297105,0.006295,0.696600
1942,0,0.995390,0.001155,0.003454
1943,0,0.003392,0.001479,0.995130
1944,0,0.324113,0.001806,0.674081
1945,0,0.020077,0.023170,0.956753
1946,0,0.268562,0.001843,0.729595
1947,0,0.483748,0.015703,0.500549
1948,0,0.000539,0.000333,0.999128
1949,0,0.968275,0.000947,0.030779
1950,0,0.287984,0.371425,0.340591
1951,0,0.047692,0.007466,0.944842
1952,0,0.962156,0.001455,0.036388
1953,0,0.986335,0.000812,0.012853
1954,0,0.022133,0.016497,0.961370
1955,0,0.973448,0.002943,0.023609
1956,0,0.987768,0.000936,0.011296
1957,0,0.466908,0.002545,0.530547
1958,0,0.529965,0.002911,0.467124
1959,0,0.990548,0.002243,0.007209
1960,0,0.738104,0.001444,0.260452
1961,0,0.159103,0.001222,0.839675
1962,1,0.807285,0.004363,0.188352
1963,0,0.289249,0.002553,0.708198
1964,1,0.497852,0.466219,0.035929
1965,0,0.109009,0.001117,0.889874
1966,1,0.542292,0.002305,0.455403
1967,1,0.986290,0.009691,0.004019
1968,1,0.880290,0.002123,0.117588
1969,0,0.106445,0.014920,0.878635
1970,0,0.064726,0.001015,0.934259
1971,0,0.903188,0.001367,0.095445
1972,1,0.982714,0.003000,0.014287
1973,0,0.525951,0.002012,0.472037
1974,1,0.834131,0.002253,0.163616
1975,0,0.829393,0.014933,0.155674
1976,1,0.768860,0.001108,0.230032
1977,1,0.988739,0.003575,0.007686
1978,1,0.987133,0.001423,0.011444
1979,0,0.966053,0.002683,0.031264
1980,0,0.986698,0.002210,0.011092
1981,0,0.558538,0.001662,0.439799
1982,1,0.915110,0.081836,0.003054
1983,0,0.010349,0.012018,0.977633
1984,0,0.904443,0.001597,0.093960
1985,0,0.933539,0.000989,0.065472
1986,0,0.952167,0.001275,0.046558
1987,0,0.697283,0.001910,0.300808
1988,0,0.986896,0.001237,0.011867
1989,0,0.098691,0.003912,0.897397
1990,0,0.228222,0.001399,0.770379
1991,0,0.901240,0.002476,0.096284
1992,1,0.994818,0.000953,0.004229
1993,0,0.383773,0.026262,0.589965
1994,1,0.861041,0.001685,0.137274
1995,0,0.902140,0.001310,0.096549
1996,0,0.853601,0.007104,0.139295
1997,0,0.011325,0.011013,0.977662
1998,0,0.951250,0.001676,0.047075
1999,0,0.859681,0.002138,0.138180
2000,0,0.838139,0.001286,0.160575
2001,0,0.987426,0.001503,0.011072
2002,1,0.804894,0.002330,0.192776
2003,0,0.102994,0.007571,0.889434
2004,1,0.623471,0.355855,0.020675
2005,1,0.981497,0.017022,0.001480
2006,1,0.014101,0.005255,0.980644
2007,1,0.688833,0.002985,0.308182
2008,0,0.038969,0.001979,0.959052
2009,0,0.145098,0.001220,0.853682
2010,1,0.994436,0.003036,0.002528
2011,0,0.031389,0.000860,0.967751
2012,1,0.994147,0.001690,0.004163
2013,0,0.397751,0.182716,0.419533
2014,1,0.970161,0.003986,0.025853
2015,1,0.678234,0.001826,0.319940
2016,0,0.020701,0.001478,0.977821
2017,0,0.001225,0.000998,0.997778
2018,1,0.969518,0.000879,0.029602
2019,1,0.965425,0.001500,0.033074
2020,1,0.971283,0.000967,0.027750
2021,0,0.936698,0.001869,0.061434
2022,0,0.296280,0.001808,0.701912
2023,0,0.984180,0.000917,0.014903
2024,0,0.765883,0.001263,0.232854
2025,1,0.940026,0.001497,0.058478
2026,1,0.857011,0.003182,0.139807
2027,0,0.404613,0.001866,0.593521
2028,0,0.534150,0.190788,0.275062
2029,0,0.573296,0.002026,0.424679
2030,0,0.951318,0.001201,0.047481
2031,0,0.613337,0.003148,0.383514
2032,1,0.993077,0.002395,0.004529
2033,1,0.658770,0.001309,0.339921
2034,1,0.859750,0.001642,0.138607
2035,0,0.923655,0.012162,0.064183
2036,0,0.952279,0.002048,0.045673
2037,1,0.987064,0.001178,0.011758
2038,0,0.951833,0.001117,0.047051
2039,1,0.517391,0.001651,0.480957
2040,1,0.977168,0.000876,0.021956
2041,1,0.923313,0.001398,0.075289
2042,1,0.956578,0.001843,0.041578
2043,1,0.098932,0.778818,0.122250
2044,0,0.896042,0.005063,0.098895
2045,0,0.094657,0.001950,0.903394
2046,0,0.010146,0.001791,0.988064
2047,1,0.370068,0.001227,0.628705
2048,0,0.880281,0.004724,0.114995
2049,0,0.681674,0.002064,0.316262
2050,0,0.264489,0.001466,0.734045
2051,0,0.971959,0.001399,0.026642
2052,0,0.033294,0.001221,0.965485
2053,0,0.977462,0.001046,0.021492
2054,0,0.318361,0.001780,0.679859
2055,1,0.914210,0.002293,0.083497
2056,1,0.984298,0.001063,0.014639
2057,0,0.590411,0.002026,0.407562
2058,0,0.003837,0.000588,0.995575
2059,0,0.768778,0.001505,0.229717
2060,0,0.538091,0.024060,0.437849
2061,1,0.951254,0.001312,0.047434
2062,1,0.985248,0.000862,0.013891
2063,1,0.975451,0.003172,0.021377
2064,0,0.832573,0.002274,0.165153
2065,0,0.589657,0.002156,0.408188
2066,0,0.665748,0.001143,0.333109
2067,0,0.008009,0.000979,0.991012
2068,0,0.954543,0.001442,0.044016
2069,0,0.993512,0.000909,0.005578
2070,1,0.993520,0.001017,0.005463
2071,0,0.879206,0.001338,0.119455
2072,0,0.833832,0.001360,0.164808
2073,1,0.976284,0.021700,0.002017
2074,0,0.756299,0.002918,0.240782
2075,1,0.401356,0.004538,0.594106
2076,0,0.037354,0.001488,0.961159
2077,1,0.595285,0.082356,0.322358
2078,1,0.937574,0.001331,0.061095
2079,1,0.990719,0.004303,0.004979
2080,1,0.870250,0.001311,0.128439
2081,0,0.643052,0.002700,0.354249
2082,0,0.676575,0.001736,0.321689
2083,0,0.894292,0.007883,0.097825
2084,0,0.033734,0.014944,0.951321
2085,0,0.028339,0.001238,0.970423
2086,1,0.994548,0.001057,0.004396
2087,0,0.990298,0.000902,0.008800
2088,1,0.750205,0.001663,0.248131
2089,1,0.898724,0.002106,0.099171
2090,1,0.955248,0.001149,0.043603
2091,0,0.031053,0.000747,0.968200
2092,0,0.122847,0.001778,0.875375
2093,0,0.131906,0.001007,0.867087
2094,1,0.019906,0.355348,0.624747
2095,1,0.996232,0.001321,0.002447
2096,0,0.702512,0.001905,0.295583
2097,0,0.917425,0.001231,0.081345
2098,1,0.963104,0.001454,0.035442
2099,1,0.095787,0.032584,0.871629
2100,1,0.990297,0.001095,0.008608
2101,0,0.062499,0.003326,0.934176
2102,0,0.992257,0.002577,0.005165
2103,0,0.006840,0.000891,0.992269
2104,0,0.532594,0.452926,0.014480
2105,0,0.394116,0.002261,0.603622
2106,0,0.074047,0.002166,0.923786
2107,1,0.988432,0.001145,0.010423
2108,0,0.581649,0.005038,0.413313
2109,0,0.003758,0.000609,0.995633
2110,1,0.001564,0.000525,0.997912
2111,1,0.994855,0.002295,0.002850
2112,1,0.747806,0.006579,0.245615
2113,1,0.995485,0.001138,0.003378
2114,1,0.987315,0.008861,0.003824
2115,1,0.939550,0.001008,0.059442
2116,0,0.923693,0.003316,0.072992
2117,0,0.937272,0.001745,0.060983
2118,1,0.392457,0.004573,0.602969
2119,1,0.436423,0.002650,0.560927
2120,0,0.672387,0.003380,0.324233
2121,0,0.678533,0.001663,0.319803
2122,1,0.856530,0.002791,0.140679
2123,0,0.008385,0.039513,0.952102
2124,1,0.935067,0.001066,0.063867
2125,1,0.657357,0.001175,0.341469
2126,0,0.243898,0.001356,0.754746
2127,0,0.932939,0.001688,0.065373
2128,0,0.908359,0.001181,0.090460
2129,0,0.699422,0.001955,0.298623
2130,1,0.803073,0.007220,0.189707
2131,0,0.817042,0.003361,0.179598
2132,1,0.491757,0.475590,0.032653
2133,1,0.957351,0.001763,0.040886
2134,1,0.751451,0.001441,0.247108
2135,1,0.927806,0.001302,0.070892
2136,0,0.032640,0.621375,0.345986
2137,0,0.996037,0.001788,0.002175
2138,1,0.988015,0.001128,0.010857
2139,0,0.652902,0.001731,0.345367
2140,0,0.306323,0.004988,0.688689
2141,1,0.685915,0.003318,0.310768
2142,0,0.200649,0.001105,0.798246
2143,1,0.979533,0.001313,0.019154
2144,1,0.031261,0.001667,0.967071
2145,0,0.779457,0.174485,0.046059
2146,0,0.990314,0.001448,0.008238
2147,0,0.003429,0.003559,0.993012
2148,1,0.954971,0.001802,0.043227
2149,1,0.988884,0.001017,0.010099
2150,0,0.092563,0.619819,0.287617
2151,0,0.682833,0.001574,0.315594
2152,1,0.993462,0.001987,0.004551
2153,1,0.869579,0.006736,0.123685
2154,1,0.994428,0.000901,0.004671
2155,0,0.968778,0.001801,0.029422
2156,1,0.995713,0.001435,0.002852
2157,0,0.355955,0.003981,0.640064
2158,0,0.892545,0.017752,0.089703
2159,1,0.648703,0.002051,0.349246
2160,1,0.975492,0.001019,0.023489
2161,0,0.010542,0.000663,0.988795
2162,0,0.017996,0.002004,0.980000
2163,0,0.033266,0.001269,0.965465
2164,0,0.847741,0.001714,0.150545
2165,1,0.363387,0.002266,0.634347
2166,0,0.936819,0.000968,0.062213
2167,1,0.869328,0.002424,0.128248
2168,0,0.291728,0.005163,0.703108
2169,1,0.994739,0.002200,0.003060
2170,0,0.068035,0.004148,0.927817
2171,1,0.783637,0.001746,0.214617
2172,0,0.218314,0.001666,0.780020
2173,0,0.715466,0.002068,0.282466
2174,0,0.601955,0.002085,0.395961
2175,1,0.990415,0.001229,0.008356
2176,0,0.944679,0.001682,0.053640
2177,1,0.993734,0.003152,0.003114
2178,1,0.885350,0.002283,0.112366
2179,0,0.907555,0.001235,0.091210
2180,1,0.984105,0.001493,0.014402
2181,0,0.010383,0.017092,0.972525
2182,0,0.882084,0.002177,0.115738
2183,0,0.009433,0.001426,0.989141
2184,0,0.988167,0.009553,0.002280
2185,1,0.991589,0.007209,0.001203
2186,1,0.913880,0.001228,0.084892
2187,1,0.605421,0.001660,0.392919
2188,1,0.951106,0.042727,0.006167
2189,0,0.010144,0.004419,0.985436
2190,0,0.547121,0.001774,0.451104
2191,0,0.001712,0.000891,0.997397
2192,0,0.958472,0.005687,0.035841
2193,0,0.906331,0.001151,0.092518
2194,0,0.989100,0.001277,0.009623
2195,0,0.985124,0.001159,0.013717
2196,0,0.991771,0.001297,0.006933
2197,0,0.003974,0.097002,0.899024
2198,0,0.963466,0.001170,0.035365
2199,1,0.642413,0.001285,0.356302
2200,0,0.866638,0.010653,0.122709
2201,0,0.970566,0.001108,0.028326
2202,0,0.965118,0.001036,0.033847
2203,0,0.307625,0.001736,0.690639
2204,1,0.953492,0.001215,0.045293
2205,1,0.972925,0.001354,0.025722
2206,0,0.572311,0.001393,0.426296
2207,1,0.993920,0.000909,0.005171
2208,0,0.104768,0.001354,0.893878
2209,1,0.994360,0.003515,0.002125
2210,1,0.984317,0.000924,0.014760
2211,1,0.484389,0.139508,0.376103
2212,1,0.635081,0.300559,0.064361
2213,1,0.986110,0.001230,0.012660
2214,1,0.659153,0.002668,0.338179
2215,1,0.989245,0.000968,0.009787
2216,1,0.977808,0.001834,0.020359
2217,0,0.009183,0.001100,0.989717
2218,1,0.958236,0.001200,0.040565
2219,1,0.977652,0.003296,0.019052
2220,0,0.479117,0.021765,0.499118
2221,0,0.676668,0.003450,0.319882
2222,0,0.492366,0.002207,0.505427
2223,0,0.863915,0.001842,0.134242
2224,0,0.649158,0.002448,0.348395
2225,1,0.992063,0.000864,0.007073
2226,0,0.596769,0.002979,0.400251
2227,1,0.089575,0.001090,0.909335
2228,0,0.001422,0.000676,0.997902
2229,0,0.532148,0.002469,0.465383
2230,0,0.012918,0.046770,0.940312
2231,1,0.766985,0.009253,0.223762
2232,0,0.926475,0.001001,0.072524
2233,0,0.838309,0.001653,0.160039
2234,1,0.320558,0.399184,0.280258
2235,0,0.046603,0.732620,0.220778
2236,0,0.834224,0.002239,0.163536
2237,0,0.797011,0.001544,0.201445
2238,0,0.995587,0.001531,0.002882
2239,0,0.845853,0.001449,0.152698
2240,1,0.369448,0.577423,0.053129
2241,0,0.991627,0.001813,0.006560
2242,0,0.985128,0.003911,0.010961
2243,0,0.714192,0.107158,0.178650
2244,0,0.864369,0.001562,0.134069
2245,1,0.884668,0.001047,0.114285
2246,0,0.902376,0.001310,0.096315
2247,0,0.011378,0.002330,0.986292
2248,0,0.002053,0.009602,0.988345
2249,1,0.358172,0.001322,0.640506
2250,1,0.989730,0.001212,0.009058
2251,0,0.411442,0.009322,0.579237
2252,0,0.082545,0.021306,0.896148
2253,1,0.446113,0.005755,0.548131
2254,0,0.419184,0.010517,0.570299
2255,1,0.528420,0.009384,0.462197
2256,0,0.096901,0.013626,0.889473
2257,0,0.521706,0.366180,0.112114
2258,0,0.068218,0.785826,0.145956
2259,0,0.399525,0.213135,0.387341
2260,0,0.005000,0.001527,0.993473
2261,0,0.002497,0.000908,0.996595
2262,1,0.952735,0.004525,0.042740
2263,1,0.829405,0.158586,0.012009
2264,1,0.250127,0.004486,0.745388
2265,1,0.971150,0.019413,0.009438
2266,1,0.746567,0.221332,0.032101
2267,1,0.848378,0.004858,0.146764
2268,1,0.910533,0.011388,0.078079
2269,1,0.158853,0.006116,0.835031
2270,1,0.733356,0.209590,0.057054
2271,1,0.787373,0.133387,0.079240
2272,1,0.697458,0.261553,0.040989
2273,1,0.762214,0.189968,0.047818
2274,1,0.232803,0.118166,0.649031
2275,1,0.274528,0.319711,0.405761
2276,1,0.568123,0.388626,0.043250
2277,1,0.600914,0.347691,0.051395
2278,1,0.021003,0.001529,0.977468
2279,1,0.150505,0.520583,0.328912
2280,1,0.321328,0.157276,0.521396
2281,1,0.640647,0.332254,0.027099
2282,1,0.725230,0.004497,0.270273
2283,1,0.730534,0.009767,0.259699
2284,0,0.004468,0.004199,0.991334
2285,0,0.003120,0.017708,0.979172
2286,0,0.095791,0.001611,0.902598
2287,1,0.052618,0.009179,0.938203
2288,1,0.522554,0.026305,0.451141
2289,1,0.351321,0.018653,0.630026
2290,1,0.198771,0.610237,0.190992
2291,1,0.616466,0.192722,0.190812
2292,1,0.053157,0.752583,0.194260
2293,1,0.632379,0.001524,0.366096
2294,1,0.632734,0.345989,0.021277
2295,1,0.721781,0.246254,0.031965
2296,1,0.688172,0.279043,0.032786
2297,1,0.788250,0.171733,0.040017
2298,1,0.626194,0.322707,0.051099
2299,1,0.732513,0.203353,0.064134
2300,1,0.990869,0.002431,0.006700
2301,1,0.919412,0.001834,0.078754
2302,1,0.960266,0.002439,0.037295
2303,1,0.974679,0.001370,0.023951
2304,1,0.840128,0.001848,0.158024
2305,1,0.793954,0.001871,0.204175
2306,1,0.961981,0.001334,0.036685
2307,1,0.946776,0.002967,0.050257
2308,1,0.778297,0.002364,0.219339
2309,1,0.902784,0.001851,0.095365
2310,1,0.915651,0.002988,0.081361
2311,1,0.953689,0.001202,0.045108
2312,1,0.944991,0.001237,0.053772
2313,1,0.937914,0.001609,0.060476
2314,1,0.976633,0.001230,0.022137
2315,1,0.697063,0.002091,0.300846
2316,1,0.985871,0.001116,0.013013
2317,1,0.963347,0.008123,0.028531
2318,1,0.408801,0.004292,0.586907
2319,1,0.518569,0.005771,0.475659
2320,1,0.482837,0.002038,0.515126
2321,1,0.905464,0.090701,0.003834
2322,1,0.893757,0.095272,0.010971
2323,1,0.809573,0.006742,0.183685
2324,1,0.956935,0.007355,0.035710
2325,1,0.984506,0.002941,0.012553
2326,1,0.824777,0.138392,0.036831
2327,1,0.892032,0.093034,0.014934
2328,1,0.676910,0.305929,0.017162
2329,1,0.701816,0.002612,0.295572
2330,1,0.985063,0.004425,0.010512
2331,1,0.969238,0.002428,0.028334
2332,1,0.979014,0.018422,0.002564
2333,1,0.986636,0.009970,0.003394
2334,1,0.309382,0.368021,0.322597
2335,1,0.420398,0.005990,0.573611
2336,1,0.481035,0.007033,0.511932
2337,1,0.099634,0.208738,0.691628
2338,1,0.295165,0.411544,0.293291
2339,1,0.263226,0.008605,0.728169
2340,1,0.124782,0.006563,0.868655
2341,1,0.136163,0.047267,0.816570
2342,1,0.384371,0.437993,0.177636
2343,1,0.501381,0.380508,0.118111
2344,1,0.433359,0.002706,0.563934
2345,1,0.758859,0.012417,0.228725
2346,1,0.244685,0.051096,0.704219
2347,1,0.718252,0.181689,0.100060
2348,1,0.185292,0.551977,0.262732
2349,1,0.484362,0.171916,0.343722
2350,1,0.248041,0.507357,0.244602
2351,1,0.188460,0.531857,0.279683
2352,1,0.088355,0.004537,0.907108
2353,1,0.016668,0.002988,0.980345
2354,1,0.106306,0.089014,0.804680
2355,1,0.333227,0.456096,0.210677
2356,1,0.435527,0.443135,0.121339
2357,1,0.268510,0.001718,0.729772
2358,1,0.755704,0.027586,0.216709
2359,1,0.294127,0.149844,0.556029
2360,1,0.585184,0.297105,0.117711
2361,1,0.372789,0.008672,0.618539
2362,1,0.104014,0.013862,0.882124
2363,1,0.304197,0.002319,0.693484
2364,1,0.142168,0.174247,0.683584
2365,1,0.188057,0.481153,0.330790
2366,1,0.335356,0.495923,0.168721
2367,1,0.180150,0.212629,0.607222
2368,1,0.115035,0.542202,0.342762
2369,1,0.164453,0.579719,0.255828
2370,0,0.929792,0.010330,0.059878
2371,0,0.863173,0.019787,0.117040
2372,0,0.826190,0.033333,0.140477
2373,0,0.918151,0.040188,0.041661
2374,0,0.797252,0.017748,0.185000
2375,0,0.726836,0.034093,0.239071
2376,0,0.895321,0.066174,0.038505
2377,0,0.305434,0.409103,0.285463
2378,0,0.314723,0.331346,0.353931
2379,0,0.243033,0.382494,0.374473
2380,0,0.010966,0.121086,0.867948
2381,0,0.006651,0.211903,0.781446
2382,0,0.109391,0.001256,0.889353
2383,0,0.161106,0.076637,0.762256
2384,0,0.009086,0.274802,0.716111
2385,0,0.411186,0.004761,0.584054
2386,1,0.166613,0.002183,0.831203
2387,1,0.083958,0.004038,0.912004
2388,1,0.745244,0.001922,0.252834
2389,1,0.327202,0.001763,0.671035
2390,1,0.109710,0.001485,0.888805
2391,1,0.056702,0.000992,0.942306
2392,1,0.456338,0.196621,0.347041
2393,1,0.394086,0.276793,0.329122
2394,1,0.623745,0.016063,0.360192
2395,1,0.370607,0.007630,0.621763
2396,1,0.662552,0.011412,0.326037
2397,1,0.424432,0.384799,0.190768
2398,1,0.199857,0.026311,0.773832
2399,1,0.519180,0.369784,0.111037
2400,0,0.853906,0.001497,0.144597
2401,0,0.770214,0.001955,0.227831
2402,0,0.721069,0.001582,0.277349
2403,1,0.076405,0.001320,0.922275
2404,1,0.147867,0.105012,0.747121
2405,1,0.113293,0.001312,0.885394
2406,1,0.041160,0.000883,0.957957
2407,1,0.072706,0.001067,0.926227
2408,1,0.053827,0.000867,0.945306
2409,1,0.976649,0.004976,0.018374
2410,1,0.974389,0.016145,0.009465
2411,1,0.976310,0.007492,0.016199
2412,1,0.910531,0.003227,0.086242
2413,1,0.940114,0.004068,0.055818
2414,1,0.939619,0.002372,0.058009
2415,1,0.976066,0.002332,0.021602
2416,1,0.890992,0.005593,0.103415
2417,0,0.265042,0.002832,0.732126
2418,0,0.135741,0.002999,0.861260
2419,0,0.406102,0.002140,0.591758
2420,1,0.379541,0.004716,0.615743
2421,1,0.300733,0.003286,0.695981
2422,1,0.893458,0.087570,0.018972
2423,1,0.379541,0.004716,0.615743
2424,1,0.048209,0.001970,0.949822
2425,1,0.253182,0.003015,0.743803
2426,1,0.911072,0.009822,0.079106
2427,1,0.194221,0.002265,0.803513
2428,1,0.913577,0.002015,0.084409
2429,1,0.928095,0.001608,0.070297
2430,1,0.584305,0.002901,0.412794
2431,1,0.669943,0.004462,0.325595
2432,1,0.091994,0.002554,0.905452
2433,1,0.152017,0.461873,0.386110
2434,0,0.078773,0.001051,0.920176
2435,0,0.003651,0.000454,0.995895
2436,0,0.294582,0.001201,0.704216
2437,0,0.149127,0.008778,0.842095
2438,0,0.094351,0.130902,0.774746
2439,1,0.039411,0.001057,0.959532
2440,1,0.009192,0.000699,0.990109
2441,1,0.004770,0.000596,0.994634
2442,1,0.022235,0.000942,0.976823
2443,1,0.306349,0.001587,0.692064
2444,1,0.011563,0.000695,0.987741
2445,1,0.028130,0.000870,0.971000
2446,1,0.020007,0.000830,0.979163
2447,1,0.013669,0.000809,0.985522
2448,1,0.015874,0.000955,0.983171
2449,1,0.010655,0.000790,0.988555
2450,1,0.027388,0.106692,0.865921
2451,1,0.922739,0.006161,0.071100
2452,1,0.937990,0.029650,0.032360
2453,1,0.645783,0.007598,0.346618
2454,1,0.926581,0.010766,0.062653
2455,0,0.508060,0.010473,0.481467
2456,1,0.731656,0.212308,0.056036
2457,1,0.505017,0.439028,0.055956
2458,1,0.561740,0.036906,0.401354
2459,1,0.276115,0.367750,0.356136
2460,1,0.518864,0.459477,0.021658
2461,1,0.762900,0.022967,0.214132
2462,1,0.046087,0.489691,0.464222
2463,1,0.929451,0.035576,0.034973
2464,1,0.173562,0.006775,0.819662
2465,1,0.224999,0.006532,0.768469
2466,1,0.537800,0.020101,0.442099
2467,1,0.828587,0.132126,0.039287
2468,1,0.382212,0.011849,0.605938
2469,0,0.138040,0.033678,0.828281
2470,0,0.618748,0.003734,0.377518
2471,1,0.932746,0.027755,0.039499
2472,0,0.235385,0.254045,0.510570
2473,1,0.903321,0.046379,0.050300
2474,1,0.700816,0.114344,0.184840
2475,1,0.955780,0.015531,0.028689
2476,1,0.842721,0.008664,0.148615
2477,1,0.791567,0.003742,0.204691
2478,1,0.728880,0.008406,0.262714
2479,1,0.169949,0.002803,0.827248
2480,0,0.061745,0.715804,0.222451
2481,1,0.084088,0.003174,0.912738
2482,1,0.277978,0.002782,0.719241
2483,1,0.793346,0.003271,0.203383
2484,0,0.038828,0.653428,0.307744
2485,0,0.089790,0.105450,0.804760
2486,0,0.151156,0.552625,0.296219
2487,0,0.605746,0.292864,0.101391
2488,0,0.142102,0.629435,0.228463
2489,1,0.811328,0.007392,0.181280
2490,1,0.722795,0.019717,0.257488
2491,1,0.220190,0.005646,0.774165
2492,1,0.164043,0.003879,0.832078
2493,1,0.767297,0.005287,0.227416
2494,1,0.823313,0.002035,0.174652
2495,1,0.837617,0.002391,0.159992
2496,1,0.934642,0.003646,0.061712
2497,1,0.410133,0.004249,0.585618
2498,1,0.958710,0.003278,0.038011
2499,0,0.030903,0.286257,0.682840
2500,1,0.390617,0.003721,0.605662
2501,1,0.841070,0.004868,0.154062
2502,0,0.002314,0.000771,0.996915
2503,0,0.029526,0.286419,0.684055
2504,0,0.188340,0.457474,0.354186
2505,0,0.119620,0.525269,0.355111
2506,0,0.418555,0.354462,0.226983
2507,0,0.760226,0.017741,0.222032
2508,0,0.588096,0.001604,0.410300
2509,1,0.445776,0.002715,0.551510
2510,1,0.768368,0.018040,0.213592
2511,1,0.712725,0.186279,0.100997
2512,1,0.914337,0.010042,0.075620
2513,1,0.257473,0.003106,0.739422
2514,1,0.746000,0.002607,0.251393
2515,1,0.527537,0.001855,0.470608
2516,1,0.750699,0.001669,0.247632
2517,1,0.743623,0.001837,0.254540
2518,1,0.813340,0.002023,0.184637
2519,1,0.774090,0.001985,0.223924
2520,1,0.856159,0.001788,0.142053
2521,1,0.946860,0.002575,0.050565
2522,1,0.976421,0.001178,0.022401
2523,1,0.980785,0.001553,0.017662
2524,1,0.968156,0.001135,0.030709
2525,1,0.949845,0.001274,0.048880
2526,1,0.986511,0.001329,0.012160
2527,1,0.983703,0.001264,0.015032
2528,1,0.989740,0.001836,0.008425
2529,0,0.982650,0.001825,0.015525
2530,0,0.979959,0.001448,0.018593
2531,0,0.978135,0.001587,0.020278
2532,0,0.987067,0.001300,0.011633
2533,0,0.981535,0.001425,0.017041
2534,0,0.986428,0.004717,0.008855
2535,0,0.975550,0.011936,0.012514
2536,0,0.822653,0.168587,0.008761
2537,0,0.941031,0.001671,0.057298
2538,0,0.747871,0.002857,0.249272
2539,0,0.924784,0.001829,0.073388
2540,0,0.424206,0.017779,0.558015
2541,0,0.077569,0.450076,0.472355
2542,0,0.001732,0.025563,0.972706
2543,0,0.382135,0.590669,0.027196
2544,0,0.090957,0.820864,0.088179
2545,0,0.242279,0.717195,0.040526
2546,0,0.000903,0.005931,0.993166
2547,0,0.267205,0.522777,0.210018
2548,0,0.980677,0.015321,0.004002
2549,0,0.669102,0.020793,0.310106
2550,0,0.769369,0.014811,0.215820
2551,0,0.315093,0.524544,0.160362
2552,0,0.086405,0.809652,0.103943
2553,0,0.595196,0.002136,0.402668
2554,0,0.495057,0.007471,0.497472
2555,0,0.101069,0.001465,0.897466
2556,1,0.974327,0.001489,0.024184
2557,1,0.085222,0.004305,0.910473
2558,1,0.675210,0.041732,0.283058
2559,1,0.771921,0.022164,0.205916
2560,1,0.607219,0.020188,0.372593
2561,1,0.461168,0.011886,0.526946
2562,1,0.441738,0.021660,0.536602
2563,0,0.133498,0.018918,0.847584
2564,0,0.655705,0.025625,0.318670
2565,0,0.830859,0.017147,0.151994
2566,0,0.095193,0.004965,0.899841
2567,0,0.210087,0.013964,0.775949
2568,0,0.504477,0.008106,0.487417
2569,0,0.490033,0.006706,0.503261
2570,0,0.882759,0.007223,0.110018
2571,0,0.770767,0.032153,0.197079
2572,0,0.292947,0.009050,0.698003
2573,0,0.283668,0.012420,0.703912
2574,0,0.795516,0.018098,0.186386
2575,0,0.205305,0.007725,0.786970
2576,0,0.719012,0.010722,0.270266
2577,0,0.235307,0.434431,0.330262
2578,0,0.001064,0.000912,0.998023
2579,0,0.001101,0.001565,0.997333
2580,1,0.727197,0.002747,0.270056
2581,1,0.017982,0.001128,0.980891
2582,1,0.005827,0.000997,0.993176
2583,1,0.009559,0.001105,0.989336
2584,1,0.023665,0.000946,0.975389
2585,1,0.015836,0.000958,0.983206
2586,1,0.035063,0.001326,0.963610
2587,1,0.017640,0.004654,0.977707
2588,1,0.023186,0.001678,0.975136
2589,1,0.155310,0.001442,0.843248
2590,1,0.034946,0.000902,0.964151
2591,1,0.005511,0.000864,0.993625
2592,1,0.010266,0.000672,0.989062
2593,1,0.003272,0.000448,0.996280
2594,1,0.025025,0.000885,0.974090
2595,1,0.716987,0.121045,0.161968
2596,1,0.018443,0.000998,0.980559
2597,1,0.863132,0.047315,0.089553
2598,1,0.029223,0.003998,0.966780
2599,1,0.719946,0.022146,0.257908
2600,1,0.016397,0.171782,0.811821
2601,1,0.612474,0.027267,0.360259
2602,1,0.362526,0.003314,0.634160
2603,1,0.118684,0.003281,0.878035
2604,1,0.834994,0.009323,0.155683
2605,1,0.536265,0.431229,0.032507
2606,1,0.596462,0.387849,0.015689
2607,1,0.814962,0.163431,0.021607
2608,1,0.057060,0.022665,0.920275
2609,1,0.590615,0.149037,0.260348
2610,1,0.510224,0.397855,0.091920
2611,1,0.741703,0.049719,0.208577
2612,1,0.360047,0.407202,0.232751
2613,1,0.891711,0.087468,0.020821
2614,1,0.057333,0.001478,0.941189
2615,1,0.393353,0.004636,0.602011
2616,1,0.494844,0.002142,0.503015
2617,1,0.043413,0.001988,0.954599
2618,1,0.617590,0.010374,0.372037
2619,1,0.785854,0.094022,0.120125
2620,1,0.935067,0.001915,0.063018
2621,1,0.578866,0.003556,0.417578
2622,1,0.947569,0.002331,0.050100
2623,1,0.957265,0.002122,0.040612
2624,1,0.952616,0.003467,0.043917
2625,1,0.967567,0.003984,0.028449
2626,1,0.340695,0.004169,0.655136
2627,1,0.985904,0.005707,0.008389
2628,1,0.964335,0.002715,0.032950
2629,1,0.964009,0.001338,0.034653
2630,1,0.976321,0.004400,0.019279
2631,1,0.972204,0.001141,0.026656
2632,1,0.916282,0.001186,0.082532
2633,1,0.814654,0.001425,0.183921
2634,1,0.688689,0.022217,0.289095
2635,1,0.662772,0.098396,0.238832
2636,1,0.964906,0.004110,0.030984
2637,1,0.858025,0.078749,0.063225
2638,1,0.926649,0.006174,0.067177
2639,1,0.977310,0.007284,0.015406
2640,1,0.817570,0.156904,0.025526
2641,1,0.533781,0.437110,0.029110
2642,1,0.578477,0.379191,0.042332
2643,1,0.990120,0.000847,0.009033
2644,1,0.993752,0.001252,0.004997
2645,1,0.975678,0.000974,0.023347
2646,1,0.973969,0.000914,0.025118
2647,0,0.060357,0.484227,0.455416
2648,0,0.248234,0.480831,0.270935
2649,0,0.139968,0.453296,0.406737
2650,0,0.213586,0.005371,0.781044
2651,0,0.108139,0.148520,0.743341
2652,0,0.215162,0.164670,0.620168
2653,0,0.461594,0.235659,0.302747
2654,0,0.405394,0.170941,0.423664
2655,0,0.237963,0.337828,0.424208
2656,0,0.311287,0.224936,0.463777
2657,0,0.081616,0.628215,0.290169
2658,0,0.103169,0.099765,0.797065
2659,0,0.579871,0.128984,0.291144
2660,0,0.405496,0.226485,0.368019
2661,0,0.309678,0.436330,0.253992
2662,0,0.575229,0.129987,0.294785
2663,0,0.059435,0.601182,0.339383
2664,0,0.036193,0.076207,0.887600
2665,0,0.162180,0.163477,0.674343
2666,0,0.004012,0.030517,0.965471
2667,0,0.002185,0.000838,0.996977
2668,0,0.005978,0.000579,0.993443
2669,0,0.000256,0.000921,0.998823
2670,0,0.002296,0.016502,0.981202
2671,0,0.005523,0.183052,0.811425
2672,0,0.003538,0.002911,0.993551
2673,0,0.279004,0.004877,0.716119
2674,0,0.946686,0.002433,0.050881
2675,0,0.018072,0.092923,0.889005
2676,0,0.065844,0.607718,0.326438
2677,0,0.374307,0.600099,0.025593
2678,0,0.057459,0.033330,0.909210
2679,0,0.056940,0.837387,0.105673
2680,0,0.225800,0.717812,0.056388
2681,0,0.471528,0.009091,0.519381
2682,0,0.369217,0.017571,0.613212
2683,0,0.080245,0.002310,0.917445
2684,0,0.083143,0.002728,0.914129
2685,0,0.253095,0.306885,0.440020
2686,0,0.005499,0.004718,0.989783
2687,0,0.392932,0.524238,0.082830
2688,0,0.002205,0.020672,0.977122
2689,0,0.001218,0.015669,0.983113
2690,0,0.299207,0.420061,0.280732
2691,0,0.000462,0.000614,0.998923
2692,0,0.440841,0.129907,0.429252
2693,0,0.310484,0.032488,0.657028
2694,1,0.732797,0.001412,0.265791
2695,1,0.544836,0.011532,0.443633
2696,1,0.709010,0.005720,0.285270
2697,1,0.811447,0.108942,0.079611
2698,1,0.780277,0.057797,0.161925
2699,1,0.984278,0.001891,0.013831
2700,1,0.957297,0.001351,0.041352
2701,1,0.969268,0.004775,0.025957
2702,1,0.977382,0.001232,0.021386
2703,0,0.012542,0.010583,0.976875
2704,1,0.961897,0.008951,0.029152
2705,1,0.175291,0.733771,0.090938
2706,0,0.055107,0.188703,0.756190
2707,0,0.002949,0.139506,0.857545
2708,0,0.001594,0.001042,0.997364
2709,0,0.000760,0.000894,0.998346
2710,1,0.751311,0.127281,0.121408
2711,1,0.839298,0.036179,0.124523
2712,1,0.837707,0.025399,0.136893
2713,1,0.904293,0.021136,0.074571
2714,1,0.505369,0.367239,0.127392
2715,1,0.658283,0.228628,0.113089
2716,1,0.678547,0.239208,0.082246
2717,1,0.401955,0.270100,0.327945
2718,1,0.559582,0.405399,0.035019
2719,1,0.959089,0.032783,0.008128
2720,0,0.422883,0.360800,0.216317
2721,0,0.496013,0.449420,0.054567
2722,0,0.480093,0.284520,0.235387
2723,1,0.893019,0.066332,0.040649
2724,1,0.852768,0.089175,0.058057
2725,1,0.719369,0.127165,0.153466
2726,1,0.775109,0.002342,0.222549
2727,0,0.198541,0.001148,0.800311
2728,0,0.099009,0.034127,0.866864
2729,0,0.267299,0.507389,0.225312
2730,0,0.501081,0.010608,0.488311
2731,1,0.843401,0.002796,0.153803
2732,1,0.593969,0.357106,0.048926
2733,1,0.962677,0.001625,0.035698
2734,0,0.023411,0.465636,0.510953
2735,0,0.220815,0.736002,0.043183
2736,1,0.929716,0.050942,0.019342
2737,1,0.797796,0.155563,0.046641
2738,1,0.740659,0.091383,0.167958
2739,0,0.071032,0.539086,0.389882
2740,1,0.877972,0.001264,0.120764
2741,0,0.603364,0.223810,0.172825
2742,1,0.617564,0.368228,0.014209
2743,0,0.659952,0.212913,0.127135
2744,0,0.028497,0.218817,0.752686
2745,0,0.000738,0.000532,0.998730
2746,1,0.013121,0.000787,0.986092
2747,1,0.017888,0.002039,0.980072
2748,1,0.029921,0.001599,0.968480
2749,0,0.102260,0.013328,0.884412
2750,0,0.820905,0.002748,0.176347
2751,0,0.727575,0.027894,0.244531
2752,0,0.108583,0.191576,0.699841
2753,1,0.199737,0.478202,0.322061
2754,0,0.041259,0.002105,0.956636
2755,0,0.690609,0.002811,0.306581
2756,1,0.902680,0.003484,0.093836
2757,1,0.810708,0.002798,0.186494
2758,1,0.957406,0.003782,0.038811
2759,1,0.950676,0.002303,0.047021
2760,1,0.966803,0.002147,0.031051
2761,1,0.963887,0.002692,0.033421
2762,0,0.868859,0.072772,0.058369
2763,0,0.692750,0.262229,0.045021
2764,1,0.403975,0.003303,0.592721
2765,1,0.639799,0.233011,0.127190
2766,0,0.004731,0.009708,0.985562
2767,0,0.766790,0.008703,0.224507
2768,1,0.004668,0.007583,0.987749
2769,1,0.979139,0.000842,0.020019
2770,0,0.610261,0.372498,0.017241
2771,1,0.912701,0.025292,0.062008
2772,1,0.626533,0.334905,0.038562
2773,1,0.684117,0.115080,0.200803
2774,1,0.769029,0.003908,0.227063
2775,1,0.975410,0.007607,0.016983
2776,1,0.774532,0.183775,0.041693
2777,1,0.719951,0.003066,0.276983
2778,1,0.550969,0.002252,0.446779
2779,0,0.006523,0.000947,0.992529
2780,0,0.023540,0.417656,0.558804
2781,1,0.624041,0.359587,0.016372
2782,1,0.983118,0.007416,0.009466
2783,1,0.990562,0.005146,0.004292
2784,1,0.983745,0.001315,0.014940
2785,1,0.775929,0.184452,0.039619
2786,0,0.022910,0.699938,0.277152
2787,1,0.975896,0.002114,0.021990
2788,0,0.546094,0.017838,0.436068
2789,1,0.004588,0.000618,0.994794
2790,0,0.049508,0.001387,0.949105
2791,1,0.964209,0.002220,0.033571
2792,1,0.322885,0.008222,0.668893
2793,1,0.757739,0.208453,0.033808
2794,1,0.993274,0.001431,0.005294
2795,1,0.942921,0.001035,0.056044
2796,0,0.366159,0.512455,0.121386
2797,1,0.898306,0.002231,0.099463
2798,1,0.968725,0.002213,0.029062
2799,1,0.703399,0.003266,0.293335
2800,1,0.860973,0.118804,0.020223
2801,1,0.735983,0.002150,0.261867
2802,1,0.551282,0.029737,0.418981
2803,1,0.840545,0.002326,0.157129
2804,1,0.023932,0.000950,0.975118
2805,1,0.869319,0.020827,0.109854
2806,1,0.806052,0.009102,0.184846
2807,1,0.093228,0.154233,0.752539
2808,0,0.632183,0.066381,0.301436
2809,0,0.057664,0.797889,0.144447
2810,1,0.980736,0.002633,0.016631
2811,1,0.889078,0.031438,0.079483
2812,1,0.993298,0.001119,0.005583
2813,0,0.987483,0.001195,0.011322
2814,1,0.816930,0.049319,0.133751
2815,1,0.632370,0.206598,0.161032
2816,1,0.045774,0.002476,0.951750
2817,1,0.868132,0.005325,0.126542
2818,1,0.964027,0.002489,0.033484
2819,0,0.008281,0.448014,0.543704
2820,0,0.435971,0.532017,0.032012
2821,1,0.986577,0.000902,0.012522
2822,1,0.982241,0.002469,0.015291
2823,1,0.995208,0.002536,0.002255
2824,1,0.001235,0.001004,0.997761
2825,1,0.662242,0.004636,0.333122
2826,0,0.386414,0.205439,0.408147
2827,1,0.027210,0.001350,0.971441
2828,0,0.735131,0.165509,0.099360
2829,0,0.007326,0.001104,0.991570
2830,1,0.589330,0.376294,0.034376
2831,1,0.986547,0.001477,0.011976
2832,0,0.977721,0.001502,0.020778
2833,1,0.976159,0.000795,0.023046
2834,0,0.140828,0.006260,0.852912
2835,1,0.509814,0.002298,0.487888
2836,1,0.007715,0.000824,0.991461
2837,1,0.824541,0.001880,0.173579
2838,0,0.008218,0.095502,0.896280
2839,1,0.884088,0.057186,0.058726
2840,0,0.070674,0.121892,0.807434
2841,1,0.929844,0.002071,0.068085
2842,0,0.107913,0.008483,0.883605
2843,1,0.738056,0.004547,0.257397
2844,1,0.494577,0.455392,0.050031
2845,0,0.950939,0.002222,0.046839
2846,1,0.013977,0.007657,0.978366
2847,1,0.612172,0.370307,0.017522
2848,1,0.329811,0.006248,0.663941
2849,0,0.949173,0.003132,0.047696
2850,0,0.006181,0.003136,0.990683
2851,0,0.135801,0.502738,0.361461
2852,0,0.724180,0.003570,0.272250
2853,1,0.550388,0.373737,0.075875
2854,0,0.160020,0.637222,0.202759
2855,0,0.056874,0.000863,0.942263
2856,1,0.541125,0.434489,0.024386
2857,1,0.744938,0.175977,0.079085
2858,1,0.746850,0.002119,0.251030
2859,1,0.573525,0.313773,0.112702
2860,1,0.882526,0.001609,0.115866
2861,1,0.988599,0.005562,0.005839
2862,0,0.264056,0.539900,0.196044
2863,1,0.984938,0.002412,0.012650
2864,1,0.974810,0.010534,0.014656
2865,0,0.763339,0.096618,0.140043
2866,1,0.173684,0.009794,0.816522
2867,0,0.348569,0.080006,0.571425
2868,1,0.970147,0.012017,0.017836
2869,1,0.796369,0.002813,0.200818
2870,1,0.064175,0.398471,0.537353
2871,1,0.622046,0.285188,0.092766
2872,0,0.964821,0.001784,0.033395
2873,1,0.968580,0.003009,0.028411
2874,1,0.984756,0.002498,0.012746
2875,1,0.983293,0.001431,0.015276
2876,1,0.014703,0.000886,0.984411
2877,0,0.118215,0.000860,0.880925
2878,1,0.961137,0.001010,0.037853
2879,1,0.332787,0.026990,0.640224
2880,0,0.207065,0.001817,0.791118
2881,1,0.962453,0.001882,0.035665
2882,0,0.004247,0.000548,0.995204
2883,0,0.251824,0.061541,0.686636
2884,1,0.070543,0.732722,0.196735
2885,1,0.047747,0.649778,0.302475
2886,1,0.469735,0.466215,0.064050
2887,0,0.703742,0.006484,0.289774
2888,0,0.022613,0.006045,0.971342
2889,0,0.680009,0.257998,0.061992
2890,0,0.426437,0.004706,0.568858
2891,1,0.253823,0.017142,0.729036
2892,0,0.108042,0.001685,0.890273
2893,1,0.807629,0.155553,0.036818
2894,0,0.001278,0.000969,0.997753
2895,0,0.178916,0.010597,0.810487
2896,1,0.130906,0.667115,0.201979
2897,0,0.009099,0.059720,0.931181
2898,0,0.253146,0.008706,0.738148
2899,0,0.942146,0.003048,0.054806
2900,0,0.007889,0.000814,0.991297
2901,0,0.251567,0.002703,0.745730
2902,1,0.657158,0.303008,0.039835
2903,0,0.212225,0.728480,0.059295
2904,1,0.961955,0.010617,0.027428
2905,1,0.111569,0.002501,0.885930
2906,0,0.020775,0.182899,0.796326
2907,1,0.164681,0.544138,0.291181
2908,1,0.955579,0.002147,0.042273
2909,1,0.211089,0.001224,0.787687
2910,1,0.497248,0.397332,0.105420
2911,1,0.641440,0.343377,0.015183
2912,1,0.988425,0.000952,0.010623
2913,1,0.984954,0.001151,0.013895
2914,0,0.001329,0.002605,0.996066
2915,0,0.028079,0.000627,0.971294
2916,1,0.237055,0.001578,0.761367
2917,0,0.894519,0.001573,0.103908
2918,1,0.288514,0.608180,0.103307
2919,1,0.886075,0.104831,0.009094
2920,0,0.333907,0.031251,0.634842
2921,1,0.972582,0.002711,0.024707
2922,0,0.009049,0.001048,0.989904
2923,0,0.002675,0.000716,0.996609
2924,1,0.858225,0.110490,0.031285
2925,0,0.865459,0.019373,0.115168
2926,1,0.839151,0.114150,0.046699
2927,1,0.505188,0.003591,0.491221
2928,1,0.856412,0.002296,0.141292
2929,0,0.152088,0.382266,0.465646
2930,1,0.124385,0.198357,0.677258
2931,1,0.895815,0.001035,0.103150
2932,0,0.606452,0.004455,0.389094
2933,0,0.438329,0.414189,0.147481
2934,1,0.847041,0.125870,0.027089
2935,0,0.001966,0.015450,0.982584
2936,0,0.001249,0.000627,0.998124
2937,1,0.979765,0.001057,0.019178
2938,0,0.910777,0.031413,0.057811
2939,1,0.982496,0.000952,0.016552
2940,1,0.994455,0.001523,0.004023
2941,0,0.111364,0.392259,0.496377
2942,0,0.472940,0.507673,0.019387
2943,1,0.586778,0.276940,0.136282
2944,0,0.172854,0.489127,0.338019
2945,0,0.186427,0.004989,0.808584
2946,0,0.028901,0.649804,0.321296
2947,0,0.238843,0.384752,0.376405
2948,1,0.665838,0.293249,0.040913
2949,0,0.965919,0.011697,0.022384
2950,0,0.041086,0.167353,0.791561
2951,0,0.178832,0.333878,0.487290
2952,0,0.035173,0.460688,0.504140
2953,1,0.722556,0.002495,0.274949
2954,1,0.780344,0.180200,0.039456
2955,1,0.949969,0.009367,0.040664
2956,0,0.006897,0.325007,0.668096
2957,0,0.429195,0.056938,0.513866
2958,1,0.599394,0.002348,0.398258
2959,0,0.188267,0.008051,0.803682
2960,1,0.944025,0.007336,0.048639
2961,1,0.921046,0.022968,0.055986
2962,1,0.721420,0.263223,0.015357
2963,1,0.970294,0.025110,0.004597
2964,1,0.594037,0.383241,0.022722
2965,1,0.919089,0.052920,0.027991
2966,0,0.995035,0.001303,0.003663
2967,1,0.729127,0.214678,0.056195
2968,1,0.963342,0.024981,0.011677
2969,1,0.618414,0.343058,0.038529
2970,1,0.140458,0.001978,0.857564
2971,1,0.821342,0.134470,0.044188
2972,0,0.735322,0.156879,0.107799
2973,1,0.338991,0.003173,0.657836
2974,0,0.162537,0.001713,0.835750
2975,0,0.011087,0.251235,0.737678
2976,0,0.982703,0.006965,0.010332
2977,1,0.605287,0.378397,0.016316
2978,1,0.271608,0.003728,0.724664
2979,0,0.398456,0.338820,0.262724
2980,0,0.019086,0.000599,0.980316
2981,1,0.004633,0.001431,0.993936
2982,0,0.508609,0.407173,0.084219
2983,1,0.041409,0.003626,0.954965
2984,0,0.704525,0.001449,0.294026
2985,1,0.619918,0.366478,0.013604
2986,1,0.978958,0.004601,0.016441
2987,1,0.958244,0.024567,0.017189
2988,0,0.219293,0.400339,0.380368
2989,1,0.981712,0.006438,0.011850
2990,0,0.615103,0.340905,0.043991
2991,0,0.692287,0.018445,0.289268
2992,1,0.446448,0.030877,0.522675
2993,1,0.829134,0.155997,0.014870
2994,0,0.123639,0.525183,0.351178
2995,1,0.798409,0.001995,0.199596
2996,0,0.206513,0.390762,0.402725
2997,0,0.013890,0.708498,0.277612
2998,0,0.127989,0.013233,0.858778
2999,1,0.009263,0.001676,0.989061
