row_id,gold,p_hate,p_offensive,p_normal
0,1,0.485986,0.000856,0.513158
1,0,0.912520,0.035213,0.052267
2,1,0.048794,0.001205,0.950001
3,1,0.240340,0.001663,0.757997
4,0,0.000113,0.000261,0.999625
5,1,0.989838,0.008168,0.001995
6,1,0.628179,0.000709,0.371112
7,1,0.006491,0.000096,0.993413
8,0,0.807644,0.039471,0.152885
9,1,0.102212,0.000504,0.897284
10,0,0.000587,0.000160,0.999253
11,1,0.483857,0.001348,0.514795
12,1,0.696160,0.086769,0.217072
13,0,0.992937,0.000213,0.006850
14,0,0.933258,0.000226,0.066515
15,0,0.382017,0.616538,0.001446
16,1,0.001797,0.000100,0.998102
17,1,0.566471,0.432372,0.001157
18,1,0.995946,0.000269,0.003785
19,0,0.996490,0.000125,0.003384
20,1,0.014688,0.000246,0.985066
21,1,0.056273,0.525823,0.417904
22,0,0.193276,0.001201,0.805524
23,1,0.545472,0.452783,0.001746
24,1,0.753985,0.051784,0.194231
25,1,0.999472,0.000342,0.000185
26,0,0.001403,0.597266,0.401332
27,1,0.939010,0.044352,0.016637
28,1,0.999139,0.000210,0.000651
29,0,0.998058,0.000321,0.001622
30,0,0.000235,0.000390,0.999374
31,0,0.000252,0.000179,0.999569
32,0,0.997130,0.000180,0.002690
33,1,0.995606,0.000140,0.004254
34,0,0.999033,0.000220,0.000746
35,1,0.997016,0.000624,0.002360
36,1,0.000962,0.000089,0.998949
37,1,0.005589,0.000132,0.994279
38,0,0.530487,0.001467,0.468046
39,0,0.000454,0.000123,0.999423
40,0,0.043057,0.001469,0.955474
41,0,0.044667,0.000571,0.954763
42,0,0.986583,0.000140,0.013277
43,0,0.000735,0.000091,0.999174
44,0,0.998125,0.000123,0.001752
45,1,0.997070,0.001276,0.001653
46,0,0.993949,0.000125,0.005926
47,1,0.290230,0.000523,0.709248
48,0,0.967748,0.001600,0.030651
49,1,0.998342,0.000708,0.000950
50,1,0.997149,0.000420,0.002431
51,0,0.000308,0.000181,0.999511
52,1,0.998638,0.000245,0.001117
53,1,0.901052,0.001240,0.097708
54,1,0.260254,0.034880,0.704866
55,1,0.002116,0.776690,0.221194
56,1,0.086518,0.000696,0.912786
57,0,0.004604,0.000102,0.995294
58,1,0.969068,0.028744,0.002188
59,1,0.975467,0.000655,0.023879
60,1,0.000202,0.000120,0.999678
61,1,0.998324,0.000392,0.001284
62,0,0.983275,0.000370,0.016355
63,1,0.001253,0.000090,0.998657
64,1,0.996933,0.001004,0.002063
65,0,0.016156,0.000175,0.983669
66,1,0.893357,0.000280,0.106364
67,1,0.000261,0.000121,0.999617
68,1,0.000342,0.004044,0.995614
69,1,0.000603,0.000192,0.999204
70,1,0.998532,0.000297,0.001170
71,1,0.999123,0.000418,0.000458
72,1,0.999311,0.000375,0.000314
73,1,0.999073,0.000234,0.000693
74,1,0.876669,0.000540,0.122791
75,1,0.461402,0.000306,0.538292
76,1,0.998955,0.000143,0.000903
77,1,0.953102,0.000541,0.046357
78,1,0.933335,0.000874,0.065790
79,1,0.999496,0.000249,0.000255
80,1,0.996203,0.001009,0.002787
81,1,0.806525,0.000440,0.193035
82,1,0.999167,0.000285,0.000549
83,1,0.975053,0.000757,0.024191
84,1,0.998649,0.000803,0.000547
85,1,0.994746,0.003087,0.002167
86,0,0.000394,0.000146,0.999459
87,1,0.999252,0.000346,0.000402
88,1,0.996420,0.001057,0.002523
89,1,0.998495,0.001196,0.000309
90,1,0.824352,0.172292,0.003356
91,1,0.995866,0.000110,0.004024
92,1,0.997874,0.000419,0.001707
93,1,0.666543,0.000872,0.332586
94,1,0.397780,0.001482,0.600738
95,1,0.996991,0.000153,0.002856
96,1,0.990579,0.000805,0.008616
97,1,0.999516,0.000169,0.000315
98,1,0.000635,0.000094,0.999272
99,1,0.884264,0.000225,0.115511
100,1,0.998574,0.000155,0.001272
101,0,0.000786,0.000108,0.999107
102,1,0.000811,0.000086,0.999103
103,1,0.000275,0.000138,0.999587
104,1,0.999079,0.000488,0.000433
105,1,0.997752,0.000567,0.001680
106,1,0.241820,0.008341,0.749839
107,1,0.353781,0.612788,0.033431
108,1,0.998889,0.000268,0.000843
109,1,0.999407,0.000264,0.000329
110,1,0.998446,0.000301,0.001253
111,1,0.985875,0.000615,0.013511
112,1,0.003472,0.000134,0.996394
113,1,0.887060,0.000275,0.112665
114,1,0.338444,0.000389,0.661167
115,0,0.000242,0.000163,0.999595
116,1,0.002910,0.000354,0.996736
117,1,0.796574,0.001548,0.201878
118,1,0.846528,0.001296,0.152176
119,1,0.847650,0.001270,0.151080
120,1,0.999480,0.000284,0.000236
121,1,0.999326,0.000153,0.000521
122,1,0.070470,0.811265,0.118265
123,1,0.997674,0.000121,0.002205
124,1,0.547218,0.450886,0.001896
125,1,0.368829,0.354953,0.276217
126,1,0.998554,0.000393,0.001054
127,1,0.999339,0.000452,0.000209
128,1,0.908753,0.000253,0.090994
129,1,0.999196,0.000599,0.000204
130,1,0.999462,0.000376,0.000161
131,1,0.998978,0.000881,0.000141
132,1,0.999478,0.000264,0.000258
133,1,0.998020,0.001865,0.000115
134,0,0.004245,0.000100,0.995654
135,0,0.083806,0.853554,0.062640
136,1,0.998877,0.000594,0.000529
137,0,0.464780,0.000553,0.534667
138,1,0.027561,0.000144,0.972295
139,0,0.998505,0.000147,0.001348
140,1,0.317114,0.000561,0.682325
141,1,0.998878,0.000419,0.000703
142,0,0.006208,0.000110,0.993681
143,0,0.005273,0.000379,0.994348
144,1,0.247641,0.538244,0.214114
145,1,0.996336,0.000655,0.003009
146,0,0.999071,0.000432,0.000497
147,1,0.546782,0.267262,0.185956
148,0,0.020390,0.000367,0.979242
149,1,0.711132,0.286722,0.002146
150,1,0.999497,0.000177,0.000326
151,1,0.998967,0.000300,0.000733
152,1,0.053210,0.785993,0.160797
153,1,0.999472,0.000163,0.000365
154,1,0.999466,0.000214,0.000319
155,1,0.999515,0.000256,0.000229
156,1,0.999306,0.000455,0.000239
157,1,0.609311,0.388109,0.002580
158,1,0.883938,0.001446,0.114617
159,1,0.670012,0.203952,0.126035
160,1,0.999089,0.000277,0.000634
161,1,0.996947,0.000121,0.002932
162,1,0.999432,0.000149,0.000420
163,1,0.999375,0.000453,0.000172
164,1,0.998173,0.001195,0.000632
165,1,0.778989,0.085497,0.135515
166,1,0.007547,0.000185,0.992268
167,1,0.999013,0.000718,0.000269
168,1,0.997950,0.001880,0.000170
169,1,0.998784,0.001062,0.000154
170,1,0.999166,0.000520,0.000314
171,1,0.999174,0.000571,0.000255
172,1,0.999242,0.000368,0.000391
173,1,0.803398,0.000701,0.195901
174,1,0.076696,0.000169,0.923135
175,1,0.999003,0.000147,0.000850
176,1,0.985017,0.005219,0.009764
177,1,0.720662,0.002936,0.276402
178,1,0.986109,0.010852,0.003039
179,1,0.340950,0.616607,0.042443
180,1,0.599103,0.003975,0.396922
181,1,0.102863,0.012698,0.884439
182,1,0.503599,0.007503,0.488898
183,1,0.001141,0.000165,0.998694
184,0,0.700679,0.003938,0.295384
185,0,0.758939,0.027152,0.213909
186,1,0.954156,0.009665,0.036180
187,1,0.392024,0.593157,0.014819
188,1,0.996263,0.000378,0.003359
189,1,0.417594,0.064765,0.517641
190,1,0.002921,0.112621,0.884458
191,1,0.980021,0.000172,0.019807
192,1,0.717192,0.000841,0.281968
193,1,0.000277,0.000137,0.999586
194,1,0.002353,0.000148,0.997499
195,1,0.000387,0.000144,0.999469
196,1,0.001331,0.000112,0.998557
197,1,0.405652,0.001025,0.593323
198,1,0.235789,0.001019,0.763192
199,1,0.537003,0.000477,0.462520
200,1,0.004210,0.000394,0.995395
201,1,0.000225,0.000168,0.999606
202,1,0.064185,0.000888,0.934927
203,1,0.007480,0.000214,0.992305
204,1,0.005154,0.000187,0.994659
205,1,0.001460,0.000141,0.998399
206,1,0.001278,0.000132,0.998590
207,1,0.024905,0.000191,0.974904
208,1,0.024709,0.000333,0.974958
209,1,0.014680,0.000259,0.985061
210,1,0.020561,0.000212,0.979227
211,1,0.001107,0.000117,0.998776
212,1,0.000406,0.000135,0.999459
213,0,0.000217,0.000152,0.999631
214,1,0.943385,0.004852,0.051762
215,1,0.937769,0.001650,0.060581
216,1,0.965618,0.002876,0.031505
217,1,0.983840,0.001367,0.014793
218,1,0.000370,0.000111,0.999519
219,1,0.156800,0.000258,0.842942
220,1,0.911592,0.046465,0.041943
221,1,0.539068,0.002584,0.458348
222,1,0.000847,0.000211,0.998942
223,1,0.000402,0.000152,0.999446
224,0,0.002328,0.000148,0.997524
225,1,0.996439,0.000216,0.003345
226,1,0.999017,0.000133,0.000850
227,1,0.512239,0.007198,0.480563
228,1,0.999273,0.000580,0.000147
229,1,0.998244,0.000463,0.001293
230,1,0.999055,0.000789,0.000156
231,1,0.326960,0.000532,0.672509
232,1,0.720957,0.000593,0.278450
233,1,0.492565,0.504889,0.002546
234,1,0.986167,0.000119,0.013713
235,1,0.007618,0.002697,0.989685
236,1,0.996894,0.000167,0.002939
237,1,0.998144,0.001274,0.000583
238,1,0.810738,0.179953,0.009309
239,1,0.983951,0.001458,0.014591
240,1,0.000620,0.000111,0.999268
241,1,0.000903,0.000124,0.998973
242,1,0.001832,0.000081,0.998087
243,1,0.003487,0.000103,0.996410
244,1,0.998588,0.000394,0.001018
245,1,0.994449,0.000404,0.005147
246,1,0.995467,0.001938,0.002595
247,1,0.023802,0.001647,0.974551
248,0,0.048725,0.000351,0.950924
249,1,0.971505,0.000957,0.027538
250,0,0.047602,0.000552,0.951846
251,1,0.866407,0.000295,0.133298
252,1,0.998392,0.000835,0.000772
253,1,0.995968,0.000586,0.003446
254,0,0.962319,0.000832,0.036849
255,0,0.912993,0.000717,0.086290
256,0,0.009771,0.000404,0.989825
257,1,0.087079,0.000354,0.912567
258,1,0.969069,0.014467,0.016464
259,1,0.999484,0.000294,0.000222
260,1,0.999308,0.000556,0.000136
261,1,0.999185,0.000681,0.000134
262,1,0.000158,0.000155,0.999687
263,1,0.679803,0.001121,0.319076
264,0,0.000478,0.000133,0.999389
265,0,0.000239,0.000207,0.999554
266,0,0.974379,0.000334,0.025287
267,1,0.025415,0.000327,0.974258
268,0,0.979191,0.003249,0.017560
269,0,0.998508,0.000359,0.001133
270,1,0.331670,0.580044,0.088286
271,1,0.419294,0.549875,0.030831
272,1,0.004569,0.000228,0.995203
273,0,0.000647,0.000085,0.999269
274,1,0.996467,0.000147,0.003385
275,0,0.846136,0.000488,0.153376
276,0,0.997737,0.000265,0.001998
277,0,0.995980,0.000327,0.003693
278,0,0.223575,0.000269,0.776156
279,0,0.495379,0.001083,0.503538
280,0,0.210095,0.448222,0.341684
281,0,0.010793,0.000851,0.988356
282,0,0.997526,0.000420,0.002054
283,0,0.996695,0.000496,0.002810
284,1,0.999208,0.000227,0.000565
285,0,0.549021,0.000524,0.450456
286,0,0.996457,0.000412,0.003131
287,0,0.007582,0.000755,0.991664
288,0,0.740348,0.008759,0.250893
289,0,0.037617,0.000304,0.962079
290,0,0.189837,0.011083,0.799080
291,0,0.979513,0.001738,0.018750
292,0,0.998698,0.000423,0.000879
293,0,0.990641,0.000970,0.008389
294,0,0.852314,0.002121,0.145565
295,1,0.998071,0.001305,0.000624
296,0,0.820207,0.107303,0.072490
297,0,0.684281,0.001874,0.313846
298,0,0.000688,0.000149,0.999164
299,0,0.973098,0.000267,0.026635
300,0,0.999086,0.000270,0.000644
301,0,0.937348,0.001872,0.060779
302,0,0.992041,0.000729,0.007230
303,1,0.996235,0.000781,0.002985
304,0,0.984810,0.000197,0.014993
305,0,0.993237,0.003316,0.003447
306,0,0.989715,0.003926,0.006359
307,0,0.972406,0.001253,0.026341
308,0,0.993176,0.000577,0.006248
309,1,0.587429,0.410935,0.001636
310,1,0.953431,0.043892,0.002676
311,1,0.903979,0.006243,0.089778
312,1,0.998570,0.000405,0.001025
313,1,0.993935,0.000327,0.005738
314,1,0.998883,0.000943,0.000174
315,0,0.001476,0.000119,0.998405
316,1,0.985629,0.000494,0.013877
317,1,0.995952,0.000402,0.003645
318,1,0.997042,0.000614,0.002344
319,0,0.103444,0.000199,0.896358
320,0,0.998565,0.000332,0.001103
321,0,0.000381,0.000101,0.999518
322,0,0.005341,0.000084,0.994575
323,0,0.000732,0.000138,0.999130
324,0,0.015411,0.000163,0.984426
325,0,0.078831,0.004035,0.917134
326,0,0.123237,0.000188,0.876575
327,1,0.999434,0.000411,0.000155
328,1,0.717677,0.279777,0.002546
329,1,0.996282,0.000358,0.003360
330,1,0.002612,0.000174,0.997214
331,1,0.038644,0.249279,0.712077
332,1,0.997264,0.000092,0.002644
333,1,0.002550,0.000350,0.997100
334,1,0.994667,0.000102,0.005231
335,1,0.983955,0.000712,0.015333
336,1,0.048007,0.000778,0.951215
337,1,0.000195,0.000200,0.999605
338,0,0.962276,0.000747,0.036977
339,0,0.161709,0.000793,0.837498
340,0,0.999064,0.000389,0.000547
341,0,0.000214,0.000174,0.999613
342,0,0.530730,0.003004,0.466266
343,0,0.882797,0.005479,0.111723
344,0,0.014671,0.000140,0.985189
345,0,0.008355,0.000343,0.991302
346,0,0.998887,0.000214,0.000899
347,0,0.188437,0.217588,0.593975
348,0,0.999183,0.000352,0.000465
349,0,0.999561,0.000151,0.000289
350,0,0.472934,0.000432,0.526634
351,0,0.998856,0.001008,0.000136
352,1,0.998094,0.001779,0.000127
353,0,0.064791,0.000164,0.935046
354,0,0.995420,0.000116,0.004464
355,0,0.994881,0.000368,0.004751
356,0,0.995100,0.000141,0.004760
357,0,0.997468,0.000557,0.001975
358,0,0.817696,0.002388,0.179916
359,0,0.993437,0.000279,0.006283
360,0,0.000305,0.000114,0.999581
361,0,0.947142,0.000444,0.052414
362,0,0.010323,0.000450,0.989226
363,0,0.000214,0.000122,0.999664
364,0,0.000533,0.000135,0.999332
365,0,0.980783,0.000239,0.018978
366,0,0.004234,0.000122,0.995644
367,0,0.978005,0.000860,0.021135
368,0,0.995992,0.000386,0.003622
369,0,0.106192,0.000214,0.893594
370,0,0.909040,0.000346,0.090614
371,0,0.000351,0.000118,0.999531
372,0,0.000522,0.000158,0.999320
373,0,0.993657,0.000440,0.005903
374,0,0.602700,0.001380,0.395920
375,0,0.998684,0.000324,0.000992
376,1,0.249591,0.000222,0.750187
377,1,0.001686,0.000072,0.998243
378,0,0.001217,0.000100,0.998682
379,1,0.998160,0.000300,0.001540
380,0,0.961141,0.001157,0.037702
381,0,0.002143,0.000279,0.997578
382,0,0.111961,0.000541,0.887498
383,1,0.996305,0.000321,0.003374
384,1,0.994278,0.000499,0.005223
385,1,0.994629,0.004464,0.000908
386,1,0.910904,0.000638,0.088458
387,1,0.997968,0.000138,0.001894
388,1,0.677956,0.321090,0.000954
389,0,0.988878,0.000625,0.010497
390,0,0.075658,0.593381,0.330961
391,0,0.998233,0.000471,0.001296
392,0,0.000466,0.000110,0.999424
393,1,0.720721,0.278370,0.000908
394,1,0.000272,0.000203,0.999525
395,1,0.996632,0.001336,0.002032
396,0,0.000123,0.000568,0.999309
397,1,0.000062,0.001261,0.998676
398,1,0.997145,0.002629,0.000226
399,1,0.839065,0.118563,0.042372
400,0,0.997809,0.000501,0.001690
401,0,0.088536,0.000253,0.911211
402,0,0.796257,0.002163,0.201581
403,0,0.961856,0.000355,0.037789
404,0,0.996244,0.000244,0.003511
405,0,0.999122,0.000607,0.000271
406,0,0.096062,0.001491,0.902447
407,0,0.025650,0.000231,0.974119
408,1,0.518222,0.473960,0.007818
409,0,0.002228,0.000248,0.997525
410,0,0.001902,0.000186,0.997912
411,0,0.000846,0.000141,0.999013
412,1,0.895280,0.000329,0.104391
413,1,0.992684,0.000226,0.007090
414,0,0.000638,0.000107,0.999255
415,0,0.998609,0.000542,0.000849
416,0,0.996815,0.000147,0.003038
417,0,0.999476,0.000271,0.000253
418,0,0.999229,0.000485,0.000285
419,1,0.025773,0.000564,0.973664
420,0,0.998024,0.000971,0.001005
421,0,0.998316,0.000598,0.001085
422,1,0.997137,0.000379,0.002484
423,0,0.101313,0.000350,0.898337
424,1,0.998915,0.000386,0.000700
425,0,0.319263,0.170784,0.509952
426,0,0.999464,0.000201,0.000335
427,0,0.998744,0.000281,0.000975
428,0,0.998230,0.000330,0.001440
429,0,0.000245,0.000128,0.999627
430,0,0.670050,0.001995,0.327955
431,0,0.000082,0.023459,0.976458
432,0,0.944174,0.000275,0.055550
433,0,0.969501,0.000315,0.030184
434,1,0.602621,0.000434,0.396944
435,0,0.152510,0.000371,0.847119
436,0,0.995397,0.000392,0.004211
437,1,0.000345,0.000170,0.999484
438,0,0.747205,0.000552,0.252243
439,1,0.992922,0.000533,0.006545
440,0,0.996713,0.000159,0.003128
441,0,0.998495,0.000920,0.000586
442,0,0.002937,0.000232,0.996831
443,0,0.552376,0.000403,0.447221
444,0,0.399513,0.000833,0.599654
445,0,0.000591,0.000924,0.998485
446,0,0.006113,0.000536,0.993350
447,0,0.829090,0.001194,0.169715
448,1,0.790972,0.005169,0.203858
449,1,0.997904,0.000848,0.001248
450,1,0.999573,0.000223,0.000204
451,0,0.999292,0.000343,0.000364
452,1,0.066173,0.000354,0.933474
453,1,0.999480,0.000242,0.000278
454,1,0.999082,0.000787,0.000131
455,1,0.999325,0.000464,0.000211
456,1,0.001051,0.002088,0.996861
457,1,0.998868,0.000115,0.001017
458,0,0.021025,0.000175,0.978799
459,1,0.971337,0.001317,0.027347
460,1,0.077015,0.195478,0.727507
461,0,0.000857,0.000101,0.999042
462,0,0.108682,0.000259,0.891059
463,0,0.031661,0.000219,0.968121
464,0,0.000195,0.000192,0.999613
465,0,0.000139,0.000167,0.999694
466,1,0.000552,0.000107,0.999341
467,0,0.000417,0.000145,0.999437
468,0,0.468775,0.000670,0.530555
469,0,0.773537,0.000974,0.225489
470,1,0.983740,0.000623,0.015637
471,1,0.999322,0.000331,0.000348
472,0,0.998696,0.000272,0.001033
473,1,0.196948,0.000445,0.802607
474,0,0.988734,0.000149,0.011117
475,0,0.995788,0.000178,0.004034
476,1,0.983796,0.000375,0.015828
477,0,0.011526,0.000137,0.988337
478,1,0.147602,0.843343,0.009056
479,0,0.882917,0.000200,0.116883
480,0,0.922311,0.000833,0.076856
481,1,0.853515,0.000702,0.145783
482,0,0.001993,0.129370,0.868637
483,0,0.976386,0.000515,0.023099
484,1,0.511203,0.000436,0.488361
485,0,0.000297,0.000157,0.999546
486,0,0.436831,0.001607,0.561562
487,0,0.058848,0.000699,0.940453
488,0,0.000553,0.000117,0.999330
489,1,0.999355,0.000501,0.000144
490,0,0.996369,0.000168,0.003464
491,0,0.009588,0.000131,0.990281
492,1,0.999355,0.000109,0.000536
493,1,0.782660,0.002726,0.214614
494,1,0.342374,0.654848,0.002778
495,1,0.945759,0.000691,0.053550
496,1,0.999187,0.000282,0.000531
497,0,0.224596,0.000264,0.775140
498,1,0.998385,0.000204,0.001411
499,0,0.001527,0.000201,0.998271
500,0,0.003342,0.000177,0.996481
501,1,0.932104,0.000334,0.067562
502,0,0.001209,0.000088,0.998703
503,0,0.000209,0.000195,0.999596
504,0,0.704382,0.123607,0.172010
505,1,0.996931,0.001092,0.001977
506,1,0.917851,0.002266,0.079884
507,1,0.965519,0.000734,0.033747
508,1,0.200385,0.000594,0.799021
509,1,0.582600,0.036390,0.381010
510,0,0.909012,0.000424,0.090564
511,0,0.358435,0.001304,0.640261
512,0,0.000849,0.000200,0.998951
513,0,0.001586,0.001012,0.997402
514,0,0.002652,0.000083,0.997265
515,0,0.997159,0.000218,0.002623
516,1,0.999115,0.000163,0.000722
517,0,0.000234,0.000209,0.999556
518,0,0.308220,0.036420,0.655360
519,0,0.511157,0.001241,0.487603
520,1,0.004985,0.000317,0.994698
521,1,0.384978,0.001026,0.613997
522,0,0.469302,0.000852,0.529846
523,1,0.999053,0.000115,0.000832
524,0,0.997061,0.000882,0.002057
525,0,0.969241,0.000364,0.030395
526,1,0.194317,0.687692,0.117991
527,0,0.999053,0.000558,0.000389
528,0,0.223574,0.035692,0.740734
529,1,0.999251,0.000455,0.000294
530,1,0.895943,0.000235,0.103822
531,1,0.001718,0.000109,0.998172
532,1,0.997404,0.000319,0.002277
533,1,0.514157,0.350664,0.135179
534,0,0.969794,0.000147,0.030059
535,0,0.000407,0.000160,0.999434
536,0,0.782266,0.000596,0.217138
537,1,0.999058,0.000243,0.000699
538,0,0.069632,0.000421,0.929947
539,0,0.000151,0.000184,0.999665
540,1,0.999432,0.000368,0.000200
541,0,0.000608,0.000347,0.999044
542,1,0.975936,0.001165,0.022898
543,1,0.994799,0.000181,0.005020
544,1,0.996739,0.003152,0.000109
545,1,0.952227,0.003552,0.044221
546,0,0.000437,0.000154,0.999409
547,1,0.998121,0.000137,0.001742
548,0,0.943823,0.053258,0.002919
549,1,0.008882,0.000782,0.990337
550,0,0.998432,0.000122,0.001447
551,1,0.998975,0.000901,0.000124
552,1,0.998577,0.000345,0.001078
553,0,0.204550,0.138285,0.657165
554,0,0.982733,0.016918,0.000349
555,0,0.655519,0.070524,0.273957
556,1,0.990462,0.000126,0.009412
557,0,0.119385,0.000380,0.880235
558,0,0.001080,0.747312,0.251608
559,1,0.792528,0.191303,0.016169
560,0,0.003052,0.000293,0.996655
561,1,0.996956,0.000109,0.002934
562,0,0.060371,0.000767,0.938862
563,0,0.028785,0.000131,0.971084
564,1,0.963832,0.000281,0.035887
565,0,0.997580,0.000765,0.001655
566,1,0.453205,0.001052,0.545744
567,1,0.989028,0.000229,0.010744
568,0,0.003757,0.000129,0.996114
569,1,0.999237,0.000365,0.000398
570,0,0.000495,0.000088,0.999418
571,0,0.963270,0.000633,0.036097
572,0,0.001543,0.000198,0.998259
573,1,0.987293,0.000147,0.012560
574,0,0.000136,0.000163,0.999701
575,1,0.997686,0.000411,0.001903
576,0,0.999255,0.000304,0.000442
577,1,0.997169,0.000399,0.002431
578,0,0.998336,0.000243,0.001421
579,1,0.999270,0.000342,0.000388
580,0,0.001478,0.000103,0.998419
581,1,0.619742,0.000707,0.379551
582,0,0.000216,0.000165,0.999620
583,0,0.911452,0.001373,0.087175
584,1,0.998956,0.000468,0.000577
585,1,0.251855,0.708112,0.040033
586,1,0.102363,0.000438,0.897199
587,0,0.977354,0.004058,0.018588
588,0,0.032059,0.000409,0.967532
589,0,0.999430,0.000274,0.000296
590,1,0.754575,0.001289,0.244137
591,0,0.000154,0.000220,0.999625
592,1,0.059789,0.002393,0.937818
593,1,0.683799,0.001125,0.315077
594,0,0.998570,0.001148,0.000282
595,0,0.056513,0.000238,0.943249
596,0,0.999196,0.000178,0.000626
597,0,0.544791,0.206754,0.248454
598,1,0.006760,0.000099,0.993142
599,1,0.301020,0.680943,0.018037
600,0,0.997709,0.000251,0.002039
601,0,0.844317,0.005268,0.150415
602,0,0.718143,0.002220,0.279636
603,0,0.053324,0.269907,0.676769
604,1,0.998634,0.000450,0.000916
605,0,0.001199,0.041972,0.956829
606,1,0.094790,0.656837,0.248372
607,0,0.273849,0.711438,0.014712
608,1,0.992752,0.000510,0.006738
609,0,0.433346,0.033100,0.533554
610,1,0.995346,0.000398,0.004256
611,0,0.855871,0.001366,0.142763
612,0,0.941330,0.001921,0.056748
613,0,0.018233,0.000181,0.981585
614,1,0.990404,0.003526,0.006070
615,1,0.999016,0.000328,0.000656
616,1,0.879560,0.000474,0.119965
617,0,0.000104,0.000273,0.999623
618,0,0.176695,0.002157,0.821148
619,0,0.543182,0.000558,0.456261
620,1,0.527074,0.000282,0.472644
621,0,0.998806,0.000267,0.000928
622,1,0.313254,0.000495,0.686251
623,0,0.995167,0.000630,0.004203
624,1,0.991464,0.000612,0.007924
625,0,0.982219,0.000161,0.017620
626,1,0.085612,0.195808,0.718580
627,1,0.381261,0.000271,0.618468
628,1,0.965340,0.000373,0.034287
629,1,0.998554,0.001206,0.000239
630,0,0.000979,0.000133,0.998888
631,1,0.891209,0.081390,0.027401
632,0,0.748422,0.013805,0.237773
633,0,0.300148,0.000524,0.699328
634,0,0.010672,0.917601,0.071727
635,0,0.996628,0.001429,0.001943
636,1,0.993750,0.000133,0.006117
637,0,0.700848,0.074595,0.224557
638,0,0.000832,0.000082,0.999086
639,0,0.000173,0.000139,0.999688
640,0,0.975607,0.000618,0.023775
641,0,0.000175,0.000132,0.999693
642,1,0.002986,0.000116,0.996898
643,0,0.000548,0.000151,0.999301
644,1,0.591837,0.314655,0.093508
645,0,0.617579,0.003375,0.379045
646,1,0.997127,0.000279,0.002594
647,0,0.000242,0.000126,0.999632
648,1,0.995210,0.000421,0.004368
649,0,0.665573,0.000383,0.334044
650,0,0.379474,0.000609,0.619917
651,1,0.315901,0.639399,0.044700
652,0,0.999326,0.000158,0.000516
653,0,0.520351,0.000367,0.479282
654,1,0.999101,0.000532,0.000366
655,0,0.000874,0.000129,0.998997
656,0,0.000131,0.000164,0.999705
657,0,0.000172,0.000174,0.999654
658,0,0.144121,0.000900,0.854980
659,0,0.015755,0.000205,0.984040
660,0,0.999096,0.000397,0.000507
661,1,0.911314,0.000327,0.088359
662,0,0.713801,0.089235,0.196964
663,0,0.000506,0.000120,0.999374
664,1,0.003266,0.000295,0.996438
665,0,0.227397,0.000687,0.771916
666,1,0.998671,0.000265,0.001064
667,1,0.999518,0.000273,0.000209
668,1,0.500145,0.000439,0.499416
669,0,0.002170,0.805531,0.192298
670,1,0.995510,0.001438,0.003053
671,0,0.459079,0.505752,0.035169
672,1,0.001241,0.000131,0.998628
673,0,0.093897,0.000262,0.905841
674,1,0.571727,0.002351,0.425923
675,0,0.005247,0.000227,0.994526
676,1,0.999388,0.000429,0.000183
677,0,0.896805,0.000351,0.102844
678,1,0.000163,0.000146,0.999691
679,0,0.116824,0.000219,0.882958
680,1,0.246600,0.000532,0.752868
681,1,0.995556,0.000180,0.004264
682,0,0.140728,0.000423,0.858849
683,0,0.986705,0.000615,0.012680
684,0,0.033200,0.341022,0.625778
685,1,0.089407,0.000839,0.909754
686,1,0.959269,0.001220,0.039511
687,0,0.221024,0.000735,0.778241
688,0,0.384944,0.001566,0.613490
689,0,0.976034,0.000346,0.023619
690,1,0.997822,0.001868,0.000310
691,1,0.992871,0.000437,0.006692
692,0,0.992727,0.002571,0.004701
693,0,0.993711,0.000378,0.005911
694,1,0.048827,0.000376,0.950798
695,1,0.998964,0.000575,0.000461
696,0,0.346419,0.000540,0.653041
697,0,0.006762,0.000273,0.992965
698,1,0.994798,0.000192,0.005010
699,1,0.999360,0.000445,0.000194
700,0,0.012505,0.000456,0.987039
701,0,0.008082,0.000168,0.991750
702,0,0.714134,0.000209,0.285657
703,1,0.204018,0.000310,0.795672
704,1,0.830303,0.000748,0.168949
705,1,0.986958,0.000890,0.012152
706,1,0.007741,0.945476,0.046783
707,0,0.000465,0.000236,0.999299
708,0,0.815367,0.000485,0.184148
709,1,0.340850,0.654808,0.004342
710,0,0.997882,0.000525,0.001593
711,0,0.991345,0.000089,0.008566
712,1,0.094539,0.874314,0.031147
713,0,0.000947,0.000088,0.998965
714,0,0.959440,0.000686,0.039873
715,0,0.993946,0.000502,0.005552
716,1,0.998529,0.000491,0.000980
717,1,0.999192,0.000279,0.000529
718,1,0.834626,0.000423,0.164951
719,1,0.998220,0.000148,0.001632
720,0,0.987764,0.000387,0.011848
721,1,0.972975,0.001973,0.025052
722,1,0.999209,0.000326,0.000465
723,1,0.998787,0.000184,0.001029
724,0,0.636758,0.090297,0.272944
725,1,0.958949,0.002125,0.038926
726,1,0.001765,0.000061,0.998174
727,0,0.507270,0.001345,0.491385
728,1,0.998389,0.000261,0.001350
729,0,0.002252,0.000135,0.997613
730,0,0.000160,0.000310,0.999530
731,0,0.490374,0.000442,0.509183
732,0,0.000359,0.000140,0.999501
733,1,0.062408,0.000366,0.937226
734,0,0.001122,0.379360,0.619518
735,0,0.994361,0.000099,0.005540
736,0,0.001518,0.000101,0.998381
737,0,0.000197,0.000134,0.999669
738,1,0.075093,0.000229,0.924678
739,1,0.281020,0.336745,0.382235
740,0,0.000252,0.000133,0.999615
741,0,0.532820,0.004790,0.462390
742,1,0.997488,0.002230,0.000283
743,0,0.673347,0.011247,0.315406
744,0,0.999344,0.000339,0.000317
745,0,0.000229,0.000204,0.999567
746,0,0.612464,0.001980,0.385556
747,1,0.398093,0.001162,0.600745
748,1,0.996207,0.000191,0.003603
749,0,0.996247,0.000330,0.003423
750,0,0.966731,0.000690,0.032579
751,0,0.009620,0.000114,0.990266
752,1,0.623238,0.366934,0.009828
753,1,0.998951,0.000307,0.000741
754,0,0.017519,0.000916,0.981566
755,1,0.985306,0.001726,0.012968
756,1,0.847349,0.000361,0.152290
757,0,0.015096,0.000484,0.984420
758,0,0.981557,0.000712,0.017731
759,0,0.999548,0.000216,0.000235
760,1,0.999262,0.000380,0.000358
761,0,0.000163,0.000134,0.999703
762,0,0.002289,0.000533,0.997178
763,0,0.034312,0.000732,0.964956
764,0,0.007882,0.000092,0.992027
765,0,0.781355,0.006228,0.212417
766,1,0.994786,0.000239,0.004975
767,1,0.996656,0.000102,0.003243
768,0,0.992183,0.000147,0.007669
769,0,0.918631,0.000564,0.080805
770,1,0.999360,0.000212,0.000427
771,0,0.994566,0.001218,0.004216
772,1,0.567209,0.431363,0.001427
773,0,0.090389,0.009223,0.900388
774,0,0.001231,0.000135,0.998634
775,0,0.003122,0.000141,0.996737
776,0,0.999367,0.000303,0.000330
777,0,0.027448,0.051165,0.921387
778,1,0.999412,0.000417,0.000171
779,0,0.886915,0.000851,0.112234
780,1,0.996703,0.000614,0.002683
781,0,0.993399,0.000456,0.006145
782,1,0.003267,0.798460,0.198273
783,0,0.932579,0.024659,0.042762
784,1,0.017297,0.000236,0.982467
785,1,0.469622,0.528987,0.001391
786,0,0.000203,0.000136,0.999661
787,0,0.842778,0.000296,0.156927
788,1,0.990827,0.001748,0.007425
789,1,0.520387,0.000280,0.479333
790,1,0.913158,0.000204,0.086637
791,1,0.163311,0.000892,0.835797
792,1,0.998549,0.000445,0.001007
793,0,0.010307,0.000154,0.989539
794,1,0.998886,0.000596,0.000517
795,0,0.188385,0.001157,0.810458
796,1,0.071434,0.000141,0.928425
797,0,0.008077,0.000103,0.991820
798,0,0.058308,0.000351,0.941341
799,0,0.997409,0.000258,0.002333
800,0,0.997967,0.000300,0.001732
801,0,0.000187,0.000156,0.999657
802,0,0.001983,0.713472,0.284545
803,0,0.905736,0.000989,0.093275
804,0,0.972814,0.001711,0.025475
805,0,0.780788,0.000526,0.218687
806,0,0.000131,0.000210,0.999659
807,0,0.069654,0.000200,0.930147
808,0,0.988435,0.001676,0.009888
809,0,0.988440,0.000883,0.010677
810,0,0.988458,0.000479,0.011062
811,0,0.975563,0.000561,0.023876
812,0,0.000687,0.000129,0.999184
813,0,0.997869,0.001390,0.000741
814,0,0.027403,0.000229,0.972368
815,0,0.944924,0.000166,0.054911
816,0,0.223575,0.001288,0.775137
817,0,0.646678,0.001159,0.352164
818,0,0.997923,0.000215,0.001862
819,0,0.000261,0.000137,0.999602
820,0,0.000803,0.000142,0.999054
821,0,0.560407,0.000582,0.439011
822,0,0.000298,0.000109,0.999593
823,0,0.878052,0.000236,0.121711
824,0,0.000132,0.000193,0.999675
825,0,0.023915,0.000142,0.975944
826,0,0.000379,0.000110,0.999511
827,0,0.903333,0.000803,0.095864
828,0,0.997470,0.000304,0.002226
829,0,0.000295,0.000112,0.999593
830,0,0.998608,0.000243,0.001148
831,0,0.037893,0.000379,0.961728
832,0,0.982809,0.000221,0.016970
833,0,0.971134,0.000152,0.028715
834,1,0.998333,0.000514,0.001154
835,0,0.006990,0.000761,0.992249
836,1,0.997752,0.000188,0.002061
837,0,0.828811,0.000700,0.170489
838,0,0.000338,0.000116,0.999546
839,0,0.031614,0.000177,0.968208
840,1,0.049880,0.000735,0.949384
841,0,0.993166,0.000763,0.006071
842,0,0.991532,0.000663,0.007805
843,0,0.946508,0.000197,0.053295
844,1,0.986683,0.001211,0.012107
845,0,0.130235,0.000414,0.869351
846,0,0.155733,0.002324,0.841943
847,0,0.998959,0.000222,0.000819
848,0,0.000497,0.000402,0.999101
849,0,0.993726,0.000343,0.005931
850,0,0.446360,0.000260,0.553381
851,0,0.156543,0.000615,0.842841
852,0,0.988554,0.000308,0.011138
853,0,0.167112,0.000634,0.832253
854,0,0.002876,0.000155,0.996970
855,0,0.998492,0.000374,0.001134
856,1,0.999192,0.000681,0.000127
857,1,0.994570,0.000277,0.005153
858,0,0.231390,0.000250,0.768360
859,0,0.999530,0.000217,0.000253
860,0,0.180022,0.000327,0.819652
861,0,0.994815,0.000965,0.004219
862,0,0.060663,0.000221,0.939116
863,1,0.999076,0.000416,0.000508
864,0,0.002908,0.107618,0.889473
865,1,0.999413,0.000150,0.000436
866,0,0.825430,0.000288,0.174282
867,0,0.565215,0.000806,0.433979
868,0,0.923671,0.000258,0.076072
869,0,0.997772,0.000377,0.001850
870,0,0.999389,0.000249,0.000362
871,1,0.991706,0.000300,0.007994
872,0,0.998439,0.000193,0.001368
873,0,0.002413,0.000079,0.997508
874,0,0.998189,0.000643,0.001168
875,0,0.901925,0.000266,0.097810
876,0,0.018821,0.000546,0.980633
877,0,0.989799,0.005066,0.005136
878,0,0.137508,0.000512,0.861980
879,0,0.997881,0.000946,0.001173
880,1,0.999530,0.000152,0.000318
881,0,0.898998,0.000864,0.100137
882,0,0.074883,0.000374,0.924743
883,0,0.103126,0.000388,0.896485
884,0,0.986606,0.000406,0.012989
885,0,0.998558,0.000688,0.000754
886,0,0.001167,0.000077,0.998756
887,0,0.966230,0.001004,0.032766
888,0,0.045533,0.000164,0.954303
889,0,0.998782,0.000333,0.000885
890,0,0.189447,0.000346,0.810208
891,0,0.035065,0.000395,0.964540
892,0,0.951923,0.000591,0.047486
893,0,0.998747,0.000577,0.000676
894,0,0.005003,0.000110,0.994888
895,0,0.000164,0.000128,0.999708
896,0,0.002783,0.000100,0.997117
897,0,0.064812,0.000167,0.935020
898,0,0.159208,0.000444,0.840348
899,0,0.739173,0.000560,0.260267
900,1,0.523493,0.001143,0.475364
901,0,0.938035,0.000900,0.061065
902,0,0.876513,0.002801,0.120686
903,0,0.998971,0.000791,0.000238
904,0,0.073732,0.000631,0.925637
905,0,0.992835,0.000667,0.006498
906,0,0.088230,0.011542,0.900227
907,0,0.935100,0.000443,0.064456
908,0,0.008044,0.000108,0.991848
909,0,0.000136,0.000165,0.999699
910,0,0.997468,0.000698,0.001835
911,0,0.993393,0.000244,0.006362
912,0,0.928687,0.001827,0.069485
913,1,0.996894,0.001880,0.001226
914,0,0.996134,0.000303,0.003563
915,0,0.699628,0.287419,0.012952
916,0,0.334309,0.662169,0.003522
917,0,0.000377,0.000156,0.999467
918,0,0.987183,0.000189,0.012628
919,0,0.984249,0.000448,0.015303
920,0,0.031878,0.000376,0.967746
921,0,0.000535,0.000186,0.999279
922,1,0.992585,0.000417,0.006999
923,1,0.998235,0.000721,0.001044
924,0,0.000220,0.000101,0.999678
925,1,0.995401,0.000582,0.004017
926,1,0.997810,0.000434,0.001756
927,1,0.918149,0.000762,0.081089
928,1,0.991451,0.000453,0.008096
929,1,0.999538,0.000251,0.000211
930,1,0.252658,0.000409,0.746933
931,0,0.300490,0.002541,0.696969
932,0,0.008322,0.000111,0.991567
933,1,0.251081,0.000220,0.748699
934,0,0.095833,0.000268,0.903899
935,0,0.007936,0.000191,0.991873
936,1,0.999243,0.000401,0.000356
937,0,0.010807,0.000170,0.989023
938,0,0.203146,0.000864,0.795990
939,0,0.997856,0.001015,0.001128
940,0,0.002269,0.000243,0.997489
941,0,0.965838,0.000503,0.033659
942,0,0.946057,0.000749,0.053194
943,0,0.717384,0.000329,0.282287
944,0,0.002359,0.000112,0.997529
945,0,0.989400,0.000637,0.009963
946,0,0.225755,0.000560,0.773686
947,0,0.077600,0.000491,0.921908
948,0,0.011068,0.000205,0.988728
949,0,0.945160,0.000187,0.054653
950,0,0.006599,0.165118,0.828284
951,0,0.004351,0.000087,0.995563
952,1,0.998343,0.000135,0.001521
953,0,0.998558,0.000494,0.000948
954,0,0.001149,0.000130,0.998722
955,0,0.996528,0.000281,0.003191
956,1,0.801818,0.000710,0.197472
957,1,0.999496,0.000245,0.000259
958,1,0.958171,0.000305,0.041524
959,1,0.883512,0.000181,0.116307
960,1,0.999449,0.000216,0.000334
961,0,0.954040,0.000455,0.045505
962,0,0.000368,0.000142,0.999490
963,0,0.972279,0.000698,0.027023
964,0,0.998524,0.000845,0.000632
965,1,0.997956,0.000842,0.001202
966,0,0.997864,0.000283,0.001853
967,0,0.000617,0.000178,0.999205
968,1,0.814014,0.000399,0.185587
969,1,0.997845,0.002037,0.000118
970,1,0.973340,0.000324,0.026336
971,0,0.985546,0.000671,0.013783
972,0,0.006694,0.000137,0.993170
973,1,0.999127,0.000331,0.000542
974,1,0.999040,0.000803,0.000157
975,0,0.003116,0.000195,0.996689
976,1,0.998557,0.000491,0.000952
977,0,0.000282,0.000142,0.999576
978,0,0.963025,0.000343,0.036632
979,1,0.173037,0.000189,0.826773
980,0,0.990455,0.000357,0.009188
981,1,0.998790,0.000240,0.000970
982,0,0.223278,0.099650,0.677072
983,0,0.998808,0.000224,0.000968
984,0,0.971852,0.001730,0.026418
985,0,0.008590,0.000456,0.990955
986,0,0.969395,0.000500,0.030106
987,0,0.996197,0.000170,0.003632
988,0,0.000296,0.000101,0.999603
989,0,0.996307,0.000256,0.003436
990,1,0.999033,0.000499,0.000468
991,1,0.994582,0.000706,0.004712
992,1,0.420817,0.000474,0.578708
993,0,0.803930,0.005467,0.190603
994,0,0.717271,0.000798,0.281931
995,0,0.793318,0.001604,0.205078
996,1,0.999107,0.000458,0.000434
997,1,0.998116,0.000857,0.001027
998,0,0.986914,0.000747,0.012339
999,0,0.996309,0.000227,0.003464
1000,1,0.999268,0.000141,0.000591
1001,0,0.332399,0.000295,0.667306
1002,1,0.993748,0.005122,0.001130
1003,1,0.993994,0.000658,0.005348
1004,1,0.128656,0.000783,0.870561
1005,1,0.999105,0.000143,0.000752
1006,0,0.996072,0.001834,0.002094
1007,1,0.999266,0.000189,0.000545
1008,1,0.950429,0.001256,0.048315
1009,0,0.046734,0.000625,0.952641
1010,1,0.992898,0.006826,0.000277
1011,1,0.906829,0.000934,0.092236
1012,1,0.956367,0.000968,0.042666
1013,0,0.056617,0.000300,0.943083
1014,0,0.974423,0.002672,0.022905
1015,0,0.084081,0.001302,0.914617
1016,1,0.998299,0.000289,0.001412
1017,0,0.005596,0.001869,0.992535
1018,1,0.999302,0.000467,0.000231
1019,1,0.770182,0.148979,0.080839
1020,0,0.905096,0.000516,0.094389
1021,0,0.009169,0.000170,0.990660
1022,0,0.997118,0.000911,0.001971
1023,1,0.894504,0.000426,0.105071
1024,0,0.106734,0.000351,0.892915
1025,0,0.000322,0.000187,0.999491
1026,0,0.000344,0.000162,0.999495
1027,1,0.990815,0.000177,0.009008
1028,0,0.809268,0.000231,0.190501
1029,0,0.011989,0.000203,0.987808
1030,0,0.991564,0.000454,0.007982
1031,0,0.096240,0.001808,0.901952
1032,0,0.920024,0.013975,0.066001
1033,1,0.890140,0.001065,0.108795
1034,1,0.187623,0.000727,0.811650
1035,0,0.886780,0.000252,0.112968
1036,0,0.000212,0.000146,0.999642
1037,0,0.998133,0.000594,0.001274
1038,0,0.006304,0.000134,0.993562
1039,1,0.998349,0.000371,0.001281
1040,0,0.912462,0.000897,0.086641
1041,0,0.000409,0.000166,0.999425
1042,1,0.998709,0.000718,0.000572
1043,0,0.962271,0.000173,0.037555
1044,0,0.997586,0.000095,0.002319
1045,0,0.041408,0.000267,0.958325
1046,0,0.813250,0.002004,0.184746
1047,0,0.861408,0.000937,0.137655
1048,0,0.989526,0.000360,0.010114
1049,0,0.000710,0.000161,0.999129
1050,0,0.000142,0.000168,0.999690
1051,0,0.008607,0.000403,0.990990
1052,0,0.999247,0.000557,0.000196
1053,1,0.996614,0.001357,0.002029
1054,1,0.996338,0.000464,0.003198
1055,1,0.997103,0.000901,0.001996
1056,1,0.998720,0.001076,0.000204
1057,0,0.994559,0.000418,0.005023
1058,0,0.996855,0.000649,0.002496
1059,1,0.997732,0.000355,0.001913
1060,1,0.997848,0.000693,0.001459
1061,1,0.999246,0.000513,0.000240
1062,0,0.293971,0.000445,0.705584
1063,1,0.995835,0.000469,0.003696
1064,1,0.536953,0.000281,0.462766
1065,0,0.998373,0.000554,0.001073
1066,0,0.109248,0.001858,0.888894
1067,0,0.002879,0.000273,0.996848
1068,1,0.998910,0.000143,0.000947
1069,0,0.005080,0.000307,0.994613
1070,0,0.000481,0.000205,0.999314
1071,1,0.998917,0.000770,0.000313
1072,1,0.819762,0.023658,0.156579
1073,0,0.433767,0.000551,0.565682
1074,0,0.000128,0.000237,0.999635
1075,0,0.996009,0.000308,0.003683
1076,0,0.999414,0.000358,0.000229
1077,1,0.000319,0.000136,0.999545
1078,0,0.997201,0.000429,0.002370
1079,0,0.999158,0.000567,0.000275
1080,0,0.954840,0.000651,0.044509
1081,0,0.091089,0.690310,0.218601
1082,1,0.000263,0.000110,0.999628
1083,0,0.995337,0.000234,0.004429
1084,0,0.329475,0.000697,0.669827
1085,0,0.651643,0.002575,0.345782
1086,0,0.001172,0.000129,0.998699
1087,1,0.998365,0.000457,0.001178
1088,1,0.326964,0.000988,0.672048
1089,1,0.998808,0.000433,0.000759
1090,1,0.927379,0.000633,0.071988
1091,0,0.000237,0.000187,0.999576
1092,0,0.994575,0.000784,0.004642
1093,1,0.019439,0.000206,0.980355
1094,1,0.897090,0.000820,0.102090
1095,0,0.999001,0.000344,0.000655
1096,0,0.940504,0.000438,0.059058
1097,0,0.980785,0.000389,0.018827
1098,0,0.803056,0.000591,0.196354
1099,0,0.015598,0.000299,0.984103
1100,0,0.074671,0.001219,0.924110
1101,0,0.008158,0.000109,0.991733
1102,0,0.999212,0.000595,0.000194
1103,1,0.949954,0.000194,0.049852
1104,0,0.000467,0.000116,0.999418
1105,1,0.964159,0.000251,0.035590
1106,1,0.003014,0.000278,0.996708
1107,0,0.017269,0.000156,0.982576
1108,0,0.008103,0.000109,0.991788
1109,0,0.322311,0.000495,0.677194
1110,0,0.998677,0.000585,0.000738
1111,0,0.999359,0.000297,0.000343
1112,0,0.023408,0.000350,0.976243
1113,0,0.999127,0.000535,0.000338
1114,0,0.998814,0.000217,0.000969
1115,0,0.985792,0.000873,0.013336
1116,0,0.998795,0.000234,0.000971
1117,0,0.044023,0.000220,0.955757
1118,0,0.000774,0.000130,0.999096
1119,1,0.064750,0.622921,0.312329
1120,1,0.605663,0.001243,0.393094
1121,0,0.115421,0.000658,0.883921
1122,1,0.999326,0.000267,0.000407
1123,1,0.997261,0.000152,0.002587
1124,0,0.000106,0.000357,0.999537
1125,0,0.959674,0.001420,0.038907
1126,1,0.998691,0.001113,0.000197
1127,0,0.878727,0.001986,0.119287
1128,0,0.993736,0.000754,0.005510
1129,0,0.991615,0.001247,0.007138
1130,0,0.998806,0.000358,0.000836
1131,0,0.263710,0.001368,0.734922
1132,1,0.999316,0.000442,0.000242
1133,1,0.046946,0.000100,0.952954
1134,0,0.000396,0.000095,0.999509
1135,0,0.000163,0.000185,0.999652
1136,0,0.895020,0.035444,0.069535
1137,0,0.998689,0.000454,0.000857
1138,1,0.416006,0.002947,0.581047
1139,0,0.748459,0.000906,0.250635
1140,0,0.677249,0.000534,0.322217
1141,0,0.341854,0.005178,0.652968
1142,0,0.082123,0.000501,0.917375
1143,0,0.000277,0.000096,0.999627
1144,1,0.365030,0.000661,0.634308
1145,1,0.995913,0.000405,0.003682
1146,1,0.998682,0.000209,0.001109
1147,0,0.275023,0.581913,0.143064
1148,0,0.987191,0.001232,0.011577
1149,0,0.000329,0.000294,0.999377
1150,1,0.999304,0.000484,0.000213
1151,1,0.997980,0.000205,0.001815
1152,0,0.999249,0.000427,0.000324
1153,0,0.617866,0.000342,0.381792
1154,0,0.903873,0.000238,0.095890
1155,1,0.999207,0.000407,0.000386
1156,0,0.998379,0.000267,0.001354
1157,0,0.997386,0.000404,0.002210
1158,0,0.928894,0.000617,0.070489
1159,0,0.992037,0.000805,0.007158
1160,0,0.016926,0.340119,0.642955
1161,1,0.240777,0.756380,0.002843
1162,1,0.893113,0.000759,0.106128
1163,0,0.999237,0.000357,0.000407
1164,1,0.621556,0.000543,0.377901
1165,1,0.999499,0.000168,0.000334
1166,1,0.102067,0.890279,0.007654
1167,1,0.963692,0.000815,0.035493
1168,0,0.844455,0.000226,0.155319
1169,1,0.926611,0.000183,0.073206
1170,1,0.981858,0.000211,0.017930
1171,1,0.998028,0.000416,0.001556
1172,1,0.725434,0.260193,0.014373
1173,1,0.966207,0.001208,0.032586
1174,0,0.000269,0.000154,0.999577
1175,1,0.999135,0.000306,0.000559
1176,0,0.988869,0.000705,0.010427
1177,1,0.998758,0.000268,0.000974
1178,1,0.998357,0.000305,0.001338
1179,0,0.157517,0.001639,0.840844
1180,0,0.999432,0.000314,0.000254
1181,0,0.985283,0.000320,0.014397
1182,0,0.011635,0.000553,0.987812
1183,0,0.809453,0.000200,0.190347
1184,0,0.973445,0.000237,0.026318
1185,0,0.121279,0.000196,0.878525
1186,0,0.679175,0.000265,0.320559
1187,1,0.999191,0.000381,0.000428
1188,1,0.417745,0.001257,0.580998
1189,0,0.000224,0.000291,0.999485
1190,0,0.014962,0.000241,0.984797
1191,0,0.990511,0.000879,0.008609
1192,1,0.469816,0.001136,0.529048
1193,1,0.999458,0.000365,0.000177
1194,0,0.981411,0.000370,0.018220
1195,0,0.003986,0.000166,0.995848
1196,1,0.007043,0.000153,0.992804
1197,1,0.998788,0.000272,0.000940
1198,1,0.998834,0.000370,0.000796
1199,1,0.984638,0.001384,0.013978
1200,1,0.002810,0.000161,0.997029
1201,1,0.998128,0.001392,0.000480
1202,1,0.992070,0.004194,0.003736
1203,1,0.997172,0.001076,0.001752
1204,1,0.086266,0.768997,0.144738
1205,1,0.989450,0.000478,0.010072
1206,1,0.000765,0.000169,0.999066
1207,1,0.999071,0.000446,0.000483
1208,1,0.998333,0.000472,0.001195
1209,1,0.996588,0.000254,0.003158
1210,1,0.987083,0.000204,0.012713
1211,1,0.994702,0.000220,0.005078
1212,1,0.002615,0.000138,0.997247
1213,1,0.998760,0.001040,0.000200
1214,1,0.960860,0.000320,0.038820
1215,1,0.000229,0.000249,0.999522
1216,1,0.001021,0.000282,0.998697
1217,1,0.998609,0.000207,0.001184
1218,1,0.999281,0.000411,0.000308
1219,1,0.999364,0.000331,0.000304
1220,1,0.925936,0.000231,0.073833
1221,1,0.105135,0.006675,0.888189
1222,1,0.998078,0.000472,0.001450
1223,1,0.997091,0.000309,0.002600
1224,1,0.988740,0.000688,0.010573
1225,1,0.998880,0.000293,0.000827
1226,1,0.999136,0.000330,0.000534
1227,1,0.998424,0.000107,0.001469
1228,1,0.998603,0.000278,0.001119
1229,1,0.970268,0.000123,0.029609
1230,1,0.024882,0.000075,0.975043
1231,1,0.610816,0.000400,0.388785
1232,1,0.980842,0.000183,0.018974
1233,1,0.999131,0.000299,0.000570
1234,1,0.998238,0.001509,0.000253
1235,1,0.998332,0.001365,0.000303
1236,1,0.998948,0.000184,0.000868
1237,1,0.517027,0.205588,0.277385
1238,1,0.996892,0.000320,0.002787
1239,0,0.914609,0.000986,0.084405
1240,1,0.143570,0.005513,0.850917
1241,1,0.996092,0.003258,0.000649
1242,1,0.848299,0.000848,0.150853
1243,1,0.999154,0.000211,0.000635
1244,1,0.721251,0.247744,0.031005
1245,1,0.057655,0.000555,0.941791
1246,1,0.389705,0.001154,0.609141
1247,1,0.999238,0.000612,0.000150
1248,0,0.089267,0.060194,0.850539
1249,1,0.566801,0.000595,0.432604
1250,1,0.999502,0.000326,0.000173
1251,1,0.991514,0.000809,0.007677
1252,1,0.999206,0.000581,0.000213
1253,1,0.999539,0.000239,0.000222
1254,0,0.445315,0.000554,0.554131
1255,0,0.713411,0.000317,0.286272
1256,0,0.561233,0.038477,0.400290
1257,0,0.998213,0.000871,0.000916
1258,1,0.923714,0.000529,0.075758
1259,0,0.998699,0.000864,0.000437
1260,1,0.999414,0.000350,0.000235
1261,1,0.573703,0.006732,0.419565
1262,1,0.998199,0.000778,0.001024
1263,0,0.478444,0.014061,0.507494
1264,0,0.002616,0.000131,0.997254
1265,0,0.006112,0.001298,0.992589
1266,1,0.979449,0.000113,0.020438
1267,0,0.027127,0.000623,0.972250
1268,0,0.998797,0.000162,0.001040
1269,0,0.998923,0.000929,0.000149
1270,1,0.009107,0.704150,0.286743
1271,0,0.997499,0.000806,0.001695
1272,0,0.396482,0.000319,0.603199
1273,0,0.008461,0.001718,0.989821
1274,0,0.507023,0.000412,0.492565
1275,0,0.997726,0.000091,0.002183
1276,1,0.999114,0.000170,0.000716
1277,1,0.163944,0.000364,0.835692
1278,1,0.225675,0.521432,0.252893
1279,1,0.030345,0.000786,0.968869
1280,0,0.949583,0.000675,0.049741
1281,0,0.890920,0.001160,0.107920
1282,1,0.999356,0.000273,0.000371
1283,0,0.957652,0.000343,0.042005
1284,1,0.998581,0.000460,0.000959
1285,1,0.942604,0.000812,0.056584
1286,0,0.999173,0.000492,0.000335
1287,0,0.000268,0.000176,0.999556
1288,0,0.854194,0.000551,0.145255
1289,0,0.995488,0.000236,0.004276
1290,1,0.852185,0.005744,0.142071
1291,0,0.787746,0.013426,0.198828
1292,0,0.865185,0.000866,0.133950
1293,1,0.998589,0.000641,0.000770
1294,1,0.999161,0.000234,0.000606
1295,0,0.998111,0.000201,0.001687
1296,1,0.998982,0.000264,0.000753
1297,0,0.997101,0.000838,0.002061
1298,1,0.999381,0.000449,0.000170
1299,0,0.007627,0.000341,0.992033
1300,0,0.970674,0.000698,0.028627
1301,1,0.680453,0.001096,0.318451
1302,1,0.978173,0.000290,0.021537
1303,1,0.988212,0.000204,0.011584
1304,0,0.999225,0.000279,0.000496
1305,0,0.000669,0.000099,0.999232
1306,0,0.989102,0.000581,0.010317
1307,0,0.770797,0.000438,0.228765
1308,1,0.989910,0.007997,0.002093
1309,1,0.005664,0.208415,0.785920
1310,0,0.000233,0.000124,0.999643
1311,0,0.014388,0.000381,0.985231
1312,1,0.319079,0.000740,0.680181
1313,0,0.998293,0.000269,0.001438
1314,0,0.999011,0.000135,0.000854
1315,1,0.055966,0.000162,0.943872
1316,0,0.998604,0.000267,0.001128
1317,1,0.998192,0.000470,0.001338
1318,1,0.172373,0.000220,0.827407
1319,0,0.977181,0.001066,0.021753
1320,0,0.916784,0.000710,0.082507
1321,0,0.999177,0.000684,0.000138
1322,1,0.995067,0.000477,0.004456
1323,0,0.000158,0.000265,0.999577
1324,0,0.000950,0.000123,0.998927
1325,0,0.983659,0.000853,0.015488
1326,1,0.000564,0.000089,0.999347
1327,0,0.002317,0.000303,0.997380
1328,0,0.000482,0.000184,0.999334
1329,1,0.999118,0.000594,0.000287
1330,1,0.998568,0.000428,0.001004
1331,0,0.997892,0.000398,0.001710
1332,1,0.999143,0.000567,0.000290
1333,1,0.999075,0.000500,0.000425
1334,0,0.976404,0.001094,0.022503
1335,0,0.998953,0.000399,0.000648
1336,1,0.265972,0.002796,0.731232
1337,0,0.950160,0.000174,0.049666
1338,0,0.000469,0.000123,0.999408
1339,1,0.999412,0.000245,0.000343
1340,1,0.998655,0.000214,0.001131
1341,1,0.781842,0.001552,0.216606
1342,0,0.995050,0.000589,0.004361
1343,0,0.359727,0.003042,0.637230
1344,0,0.000234,0.005205,0.994562
1345,1,0.989006,0.000705,0.010289
1346,1,0.993666,0.000418,0.005916
1347,1,0.998114,0.000239,0.001647
1348,0,0.000105,0.010041,0.989853
1349,1,0.000436,0.000124,0.999440
1350,0,0.999236,0.000218,0.000546
1351,1,0.995334,0.000888,0.003778
1352,1,0.933222,0.000477,0.066301
1353,0,0.188898,0.299652,0.511450
1354,1,0.065682,0.000196,0.934122
1355,1,0.883765,0.001300,0.114935
1356,1,0.000301,0.000136,0.999564
1357,1,0.999074,0.000418,0.000509
1358,1,0.479171,0.201351,0.319477
1359,0,0.000345,0.398895,0.600761
1360,1,0.164832,0.604137,0.231031
1361,0,0.986871,0.000266,0.012863
1362,1,0.572415,0.111665,0.315920
1363,0,0.992945,0.000720,0.006335
1364,0,0.994894,0.000386,0.004720
1365,1,0.185056,0.000264,0.814680
1366,0,0.332709,0.000607,0.666685
1367,1,0.962420,0.001777,0.035803
1368,1,0.000953,0.000128,0.998920
1369,1,0.995369,0.003932,0.000699
1370,0,0.078214,0.001048,0.920738
1371,1,0.999239,0.000455,0.000305
1372,0,0.999419,0.000343,0.000238
1373,0,0.745516,0.007536,0.246948
1374,0,0.996740,0.000277,0.002983
1375,0,0.035595,0.000262,0.964143
1376,1,0.192083,0.001974,0.805943
1377,1,0.001058,0.000188,0.998753
1378,0,0.002269,0.000226,0.997505
1379,1,0.999518,0.000262,0.000220
1380,1,0.999000,0.000336,0.000664
1381,1,0.999247,0.000501,0.000251
1382,0,0.909542,0.002687,0.087771
1383,1,0.999277,0.000281,0.000442
1384,0,0.998865,0.000768,0.000367
1385,1,0.999370,0.000328,0.000302
1386,0,0.001036,0.000088,0.998876
1387,0,0.000058,0.003508,0.996434
1388,1,0.998841,0.000635,0.000524
1389,0,0.010412,0.000335,0.989253
1390,0,0.000664,0.000119,0.999217
1391,0,0.998677,0.000114,0.001210
1392,1,0.002816,0.000106,0.997078
1393,0,0.000343,0.000125,0.999531
1394,0,0.996431,0.000165,0.003404
1395,1,0.079355,0.000758,0.919887
1396,0,0.017399,0.000134,0.982467
1397,1,0.994319,0.000772,0.004909
1398,0,0.995965,0.000549,0.003486
1399,1,0.993115,0.000210,0.006675
1400,1,0.998167,0.000850,0.000982
1401,0,0.999211,0.000351,0.000438
1402,1,0.998555,0.000912,0.000532
1403,1,0.005266,0.000117,0.994617
1404,0,0.764432,0.001878,0.233690
1405,1,0.996797,0.000141,0.003062
1406,1,0.997142,0.000909,0.001948
1407,1,0.998884,0.000218,0.000898
1408,1,0.998835,0.000255,0.000911
1409,0,0.002093,0.000109,0.997798
1410,1,0.000489,0.000125,0.999387
1411,0,0.996994,0.000743,0.002263
1412,1,0.999430,0.000191,0.000379
1413,0,0.350694,0.000751,0.648555
1414,0,0.986720,0.000823,0.012457
1415,0,0.992517,0.000871,0.006612
1416,0,0.000186,0.000125,0.999689
1417,0,0.010197,0.000112,0.989692
1418,0,0.999246,0.000362,0.000392
1419,1,0.999424,0.000253,0.000323
1420,1,0.999217,0.000295,0.000488
1421,0,0.696511,0.006922,0.296567
1422,0,0.010176,0.000176,0.989648
1423,0,0.000827,0.000072,0.999100
1424,0,0.997882,0.000411,0.001706
1425,0,0.888485,0.000516,0.110999
1426,0,0.999163,0.000501,0.000336
1427,0,0.979003,0.000396,0.020601
1428,1,0.998600,0.000630,0.000770
1429,1,0.997651,0.000192,0.002157
1430,1,0.998397,0.000783,0.000820
1431,1,0.036288,0.000189,0.963524
1432,0,0.997977,0.000120,0.001903
1433,0,0.868462,0.000350,0.131188
1434,1,0.063448,0.460102,0.476450
1435,0,0.178317,0.000435,0.821248
1436,0,0.997596,0.000131,0.002273
1437,0,0.181262,0.001229,0.817509
1438,0,0.000808,0.000134,0.999058
1439,1,0.697231,0.003018,0.299751
1440,0,0.000527,0.000147,0.999326
1441,0,0.997071,0.000115,0.002814
1442,0,0.029190,0.000274,0.970536
1443,0,0.207929,0.001637,0.790433
1444,0,0.991665,0.000301,0.008034
1445,0,0.996215,0.000237,0.003548
1446,0,0.154885,0.000697,0.844417
1447,0,0.996571,0.000309,0.003120
1448,1,0.655814,0.335615,0.008571
1449,1,0.112179,0.000319,0.887502
1450,1,0.999289,0.000484,0.000227
1451,0,0.819654,0.002611,0.177736
1452,0,0.930137,0.002439,0.067424
1453,1,0.995415,0.000424,0.004161
1454,1,0.743334,0.085362,0.171304
1455,1,0.636224,0.344270,0.019507
1456,1,0.212546,0.001421,0.786032
1457,0,0.000702,0.000476,0.998822
1458,0,0.997345,0.001195,0.001461
1459,0,0.001544,0.000144,0.998312
1460,0,0.998921,0.000804,0.000275
1461,1,0.788385,0.000863,0.210752
1462,1,0.114230,0.771198,0.114572
1463,0,0.998142,0.001639,0.000218
1464,0,0.998978,0.000795,0.000226
1465,0,0.668916,0.000312,0.330771
1466,0,0.989710,0.000134,0.010155
1467,0,0.000364,0.000224,0.999413
1468,1,0.956685,0.001205,0.042110
1469,1,0.998600,0.000296,0.001104
1470,0,0.999132,0.000130,0.000738
1471,0,0.994464,0.000748,0.004788
1472,0,0.002125,0.000515,0.997360
1473,1,0.418764,0.000931,0.580305
1474,0,0.721883,0.005016,0.273101
1475,0,0.000417,0.000089,0.999493
1476,0,0.000178,0.000850,0.998972
1477,1,0.999320,0.000367,0.000313
1478,0,0.999513,0.000251,0.000236
1479,0,0.000652,0.000111,0.999238
1480,0,0.003529,0.000608,0.995864
1481,0,0.038982,0.000383,0.960635
1482,0,0.000179,0.000186,0.999635
1483,1,0.999497,0.000272,0.000231
1484,0,0.906267,0.000331,0.093402
1485,1,0.535583,0.002177,0.462239
1486,1,0.970146,0.001077,0.028777
1487,0,0.911255,0.009665,0.079080
1488,0,0.998429,0.000249,0.001322
1489,0,0.890078,0.000383,0.109540
1490,1,0.000478,0.000193,0.999330
1491,1,0.200303,0.000193,0.799504
1492,0,0.349217,0.000579,0.650204
1493,0,0.998728,0.000441,0.000832
1494,0,0.000894,0.000081,0.999025
1495,0,0.997440,0.000233,0.002326
1496,0,0.994568,0.000460,0.004972
1497,1,0.886415,0.000189,0.113396
1498,0,0.032678,0.000196,0.967127
1499,0,0.084889,0.000785,0.914326
1500,0,0.350865,0.111003,0.538132
1501,0,0.999320,0.000410,0.000269
1502,0,0.000246,0.000131,0.999622
1503,1,0.999225,0.000435,0.000340
1504,1,0.951181,0.000148,0.048671
1505,1,0.997542,0.002237,0.000221
1506,0,0.000132,0.000265,0.999603
1507,0,0.997827,0.000399,0.001774
1508,1,0.937706,0.001895,0.060398
1509,1,0.999075,0.000465,0.000460
1510,0,0.998768,0.000474,0.000758
1511,0,0.998499,0.000763,0.000738
1512,0,0.971077,0.000684,0.028239
1513,1,0.997974,0.001319,0.000708
1514,0,0.802606,0.000890,0.196504
1515,1,0.179285,0.000306,0.820409
1516,0,0.074042,0.000198,0.925760
1517,0,0.008847,0.028820,0.962332
1518,1,0.829627,0.000774,0.169599
1519,0,0.768257,0.000931,0.230811
1520,0,0.998999,0.000671,0.000330
1521,1,0.135070,0.000356,0.864575
1522,0,0.807242,0.000277,0.192481
1523,0,0.997686,0.000330,0.001985
1524,0,0.028243,0.001305,0.970452
1525,0,0.002853,0.000203,0.996943
1526,0,0.905285,0.001387,0.093328
1527,0,0.454240,0.000286,0.545474
1528,0,0.999367,0.000209,0.000424
1529,0,0.072705,0.000260,0.927036
1530,0,0.001976,0.000202,0.997822
1531,0,0.975948,0.001639,0.022413
1532,0,0.998867,0.000171,0.000962
1533,0,0.781791,0.000411,0.217798
1534,0,0.001938,0.000113,0.997949
1535,0,0.001907,0.000134,0.997960
1536,0,0.997352,0.000781,0.001867
1537,0,0.986897,0.000277,0.012826
1538,0,0.578577,0.000913,0.420510
1539,0,0.998978,0.000247,0.000775
1540,0,0.940900,0.000396,0.058703
1541,0,0.670057,0.004639,0.325304
1542,0,0.000719,0.000117,0.999164
1543,0,0.000214,0.000182,0.999603
1544,0,0.022596,0.000444,0.976961
1545,0,0.676707,0.012380,0.310913
1546,0,0.000179,0.000158,0.999663
1547,0,0.001326,0.000139,0.998535
1548,0,0.624739,0.001104,0.374158
1549,0,0.000999,0.000144,0.998856
1550,0,0.998500,0.001357,0.000143
1551,0,0.106821,0.000176,0.893003
1552,0,0.983469,0.000437,0.016094
1553,0,0.962981,0.000174,0.036846
1554,0,0.998719,0.000157,0.001125
1555,0,0.999155,0.000331,0.000514
1556,0,0.000207,0.000129,0.999665
1557,0,0.000902,0.000265,0.998833
1558,0,0.991404,0.000212,0.008384
1559,0,0.996475,0.000624,0.002902
1560,0,0.000686,0.000090,0.999224
1561,0,0.000358,0.000091,0.999551
1562,0,0.998900,0.000654,0.000446
1563,0,0.028259,0.000358,0.971383
1564,0,0.689972,0.001385,0.308642
1565,0,0.920704,0.000356,0.078940
1566,0,0.000093,0.000372,0.999535
1567,0,0.996359,0.001865,0.001776
1568,0,0.998484,0.000377,0.001139
1569,0,0.000178,0.000218,0.999604
1570,0,0.994797,0.000162,0.005041
1571,0,0.000623,0.000132,0.999244
1572,0,0.004142,0.000243,0.995615
1573,0,0.369598,0.000362,0.630040
1574,0,0.549389,0.000576,0.450036
1575,0,0.998757,0.000691,0.000552
1576,0,0.548734,0.002347,0.448919
1577,0,0.599489,0.000245,0.400267
1578,0,0.991883,0.000910,0.007207
1579,0,0.000146,0.000192,0.999663
1580,0,0.997596,0.000512,0.001892
1581,0,0.005257,0.000723,0.994020
1582,0,0.000329,0.000285,0.999386
1583,0,0.052120,0.000166,0.947713
1584,0,0.999175,0.000280,0.000545
1585,0,0.926309,0.000830,0.072861
1586,0,0.988198,0.000471,0.011331
1587,0,0.499509,0.001505,0.498986
1588,0,0.004329,0.000512,0.995159
1589,0,0.005159,0.000098,0.994743
1590,0,0.000153,0.000164,0.999683
1591,0,0.996661,0.001646,0.001693
1592,0,0.010004,0.000146,0.989850
1593,0,0.865208,0.000754,0.134037
1594,0,0.003613,0.000148,0.996239
1595,0,0.998642,0.000428,0.000930
1596,0,0.519905,0.000782,0.479313
1597,0,0.999373,0.000249,0.000379
1598,0,0.024276,0.000447,0.975277
1599,0,0.007260,0.000174,0.992566
1600,0,0.800507,0.000552,0.198942
1601,0,0.998762,0.000249,0.000990
1602,0,0.068248,0.000226,0.931526
1603,1,0.996080,0.000436,0.003485
1604,1,0.994393,0.000349,0.005258
1605,1,0.000288,0.000216,0.999496
1606,1,0.998179,0.000461,0.001359
1607,1,0.999392,0.000367,0.000242
1608,1,0.004401,0.629255,0.366345
1609,0,0.797442,0.000204,0.202354
1610,1,0.042314,0.000343,0.957343
1611,1,0.999014,0.000807,0.000179
1612,1,0.999490,0.000232,0.000277
1613,1,0.994745,0.004947,0.000308
1614,0,0.000230,0.000169,0.999601
1615,1,0.985295,0.003271,0.011434
1616,0,0.829741,0.004727,0.165532
1617,0,0.758266,0.000303,0.241431
1618,1,0.997825,0.001930,0.000245
1619,1,0.999208,0.000310,0.000482
1620,1,0.999451,0.000321,0.000227
1621,1,0.998244,0.000465,0.001291
1622,1,0.999436,0.000366,0.000198
1623,1,0.999319,0.000492,0.000189
1624,1,0.983138,0.000508,0.016354
1625,0,0.822812,0.000497,0.176690
1626,1,0.998645,0.000307,0.001049
1627,1,0.997469,0.000785,0.001746
1628,1,0.999478,0.000279,0.000243
1629,1,0.999366,0.000377,0.000257
1630,1,0.007635,0.000238,0.992127
1631,1,0.996837,0.002911,0.000252
1632,1,0.999012,0.000688,0.000300
1633,1,0.995260,0.000360,0.004380
1634,1,0.998264,0.000600,0.001136
1635,1,0.001525,0.000193,0.998281
1636,0,0.000167,0.000194,0.999639
1637,0,0.999073,0.000556,0.000371
1638,1,0.999050,0.000788,0.000162
1639,1,0.997022,0.000185,0.002793
1640,1,0.962421,0.001366,0.036214
1641,1,0.858890,0.006913,0.134197
1642,0,0.001510,0.000096,0.998395
1643,1,0.996497,0.000691,0.002813
1644,1,0.377466,0.003446,0.619088
1645,1,0.998703,0.001100,0.000197
1646,1,0.022868,0.000481,0.976651
1647,1,0.989331,0.000518,0.010151
1648,1,0.998193,0.000591,0.001216
1649,1,0.767933,0.000554,0.231513
1650,0,0.200058,0.000694,0.799248
1651,1,0.998749,0.001126,0.000125
1652,1,0.234870,0.001484,0.763647
1653,1,0.850821,0.016940,0.132239
1654,1,0.909350,0.000639,0.090011
1655,1,0.996784,0.000804,0.002412
1656,1,0.991051,0.001270,0.007679
1657,1,0.999093,0.000735,0.000172
1658,1,0.999066,0.000440,0.000495
1659,1,0.998903,0.000365,0.000733
1660,1,0.998777,0.001072,0.000151
1661,0,0.000386,0.000147,0.999467
1662,1,0.998479,0.000454,0.001067
1663,0,0.321326,0.000949,0.677724
1664,1,0.995688,0.000254,0.004058
1665,1,0.998761,0.001067,0.000172
1666,1,0.999401,0.000284,0.000315
1667,1,0.998456,0.001023,0.000521
1668,0,0.998747,0.000454,0.000799
1669,1,0.999159,0.000714,0.000127
1670,1,0.998943,0.000909,0.000148
1671,0,0.804133,0.003220,0.192648
1672,1,0.983928,0.000137,0.015935
1673,0,0.892620,0.000627,0.106753
1674,0,0.018560,0.000192,0.981247
1675,0,0.001260,0.000095,0.998645
1676,0,0.999018,0.000369,0.000613
1677,0,0.415102,0.000436,0.584462
1678,0,0.998950,0.000753,0.000297
1679,0,0.092989,0.000547,0.906464
1680,0,0.009657,0.000282,0.990061
1681,0,0.043045,0.000225,0.956729
1682,0,0.991550,0.002326,0.006124
1683,0,0.001958,0.000150,0.997891
1684,0,0.999064,0.000221,0.000715
1685,0,0.990670,0.000689,0.008642
1686,0,0.077643,0.000211,0.922146
1687,0,0.868487,0.000361,0.131153
1688,0,0.130618,0.000523,0.868859
1689,0,0.005812,0.000369,0.993818
1690,0,0.095749,0.001732,0.902520
1691,0,0.824398,0.034219,0.141383
1692,0,0.000448,0.000116,0.999435
1693,0,0.979682,0.000403,0.019915
1694,0,0.998108,0.000599,0.001292
1695,0,0.037749,0.000295,0.961956
1696,0,0.098371,0.000417,0.901212
1697,0,0.000326,0.000279,0.999395
1698,0,0.003280,0.678527,0.318193
1699,0,0.975977,0.000625,0.023398
1700,0,0.001929,0.000139,0.997932
1701,0,0.640887,0.000497,0.358616
1702,0,0.661868,0.001401,0.336730
1703,0,0.000496,0.000399,0.999105
1704,0,0.017806,0.000165,0.982029
1705,0,0.040232,0.000412,0.959355
1706,0,0.987883,0.000413,0.011704
1707,0,0.997039,0.000556,0.002405
1708,0,0.227072,0.000598,0.772330
1709,1,0.983964,0.000578,0.015458
1710,1,0.319270,0.000767,0.679964
1711,1,0.515508,0.000726,0.483766
1712,1,0.165598,0.001309,0.833093
1713,1,0.999246,0.000531,0.000223
1714,0,0.000152,0.000205,0.999643
1715,1,0.998683,0.000133,0.001184
1716,1,0.001675,0.000303,0.998021
1717,1,0.980758,0.000468,0.018774
1718,0,0.979550,0.000371,0.020079
1719,1,0.707555,0.000474,0.291971
1720,1,0.998550,0.000209,0.001241
1721,1,0.962874,0.000410,0.036716
1722,1,0.034367,0.000314,0.965319
1723,0,0.605931,0.000956,0.393114
1724,1,0.844840,0.000289,0.154871
1725,1,0.999100,0.000230,0.000670
1726,1,0.357351,0.001106,0.641543
1727,1,0.104450,0.001467,0.894083
1728,1,0.000548,0.000107,0.999345
1729,1,0.001668,0.000085,0.998248
1730,1,0.107561,0.000231,0.892209
1731,1,0.000330,0.000190,0.999481
1732,1,0.994850,0.000280,0.004870
1733,1,0.999284,0.000347,0.000369
1734,0,0.997478,0.000525,0.001997
1735,1,0.998144,0.000319,0.001537
1736,1,0.998629,0.000657,0.000715
1737,1,0.000624,0.000099,0.999277
1738,1,0.005863,0.000103,0.994034
1739,1,0.999415,0.000337,0.000248
1740,1,0.999308,0.000251,0.000441
1741,1,0.998549,0.000603,0.000847
1742,0,0.967172,0.000211,0.032617
1743,1,0.996416,0.000290,0.003294
1744,1,0.985522,0.000321,0.014157
1745,0,0.077794,0.001053,0.921153
1746,1,0.000594,0.000126,0.999280
1747,0,0.997777,0.000220,0.002002
1748,1,0.986545,0.000706,0.012749
1749,1,0.999166,0.000280,0.000554
1750,1,0.998488,0.000095,0.001417
1751,1,0.996180,0.000123,0.003697
1752,1,0.998606,0.000408,0.000986
1753,1,0.999116,0.000204,0.000681
1754,1,0.999252,0.000552,0.000196
1755,0,0.996182,0.000415,0.003402
1756,1,0.999024,0.000210,0.000765
1757,0,0.000131,0.000183,0.999686
1758,0,0.999520,0.000225,0.000255
1759,1,0.995335,0.000586,0.004079
1760,1,0.084838,0.000360,0.914802
1761,0,0.092041,0.000417,0.907542
1762,0,0.000896,0.000129,0.998975
1763,1,0.055633,0.000210,0.944157
1764,1,0.999250,0.000446,0.000303
1765,1,0.949331,0.000451,0.050218
1766,1,0.998220,0.000874,0.000906
1767,0,0.771779,0.001648,0.226573
1768,1,0.998748,0.000290,0.000962
1769,1,0.997940,0.000387,0.001673
1770,0,0.997219,0.000552,0.002229
1771,1,0.410660,0.585537,0.003803
1772,1,0.999013,0.000391,0.000596
1773,1,0.739559,0.001471,0.258970
1774,1,0.997811,0.000140,0.002049
1775,1,0.252636,0.736545,0.010819
1776,1,0.995913,0.000608,0.003479
1777,1,0.029660,0.000140,0.970200
1778,1,0.981100,0.000423,0.018476
1779,1,0.999226,0.000428,0.000345
1780,1,0.998533,0.000457,0.001010
1781,1,0.991419,0.000353,0.008227
1782,1,0.997601,0.000379,0.002020
1783,1,0.023322,0.000237,0.976442
1784,1,0.073148,0.000458,0.926395
1785,1,0.987272,0.000297,0.012432
1786,1,0.148176,0.000347,0.851477
1787,1,0.912006,0.003155,0.084840
1788,1,0.999338,0.000339,0.000323
1789,0,0.998850,0.000137,0.001014
1790,1,0.985713,0.000595,0.013693
1791,1,0.994051,0.000228,0.005721
1792,1,0.998251,0.001580,0.000169
1793,1,0.086709,0.000846,0.912444
1794,1,0.994279,0.000134,0.005587
1795,1,0.485079,0.002574,0.512347
1796,1,0.936066,0.002360,0.061574
1797,1,0.998153,0.000624,0.001223
1798,0,0.008851,0.000235,0.990914
1799,1,0.827821,0.001044,0.171135
1800,1,0.998467,0.000771,0.000761
1801,1,0.999303,0.000361,0.000335
1802,1,0.986006,0.000167,0.013827
1803,1,0.625422,0.000929,0.373649
1804,0,0.799362,0.000578,0.200061
1805,1,0.172361,0.000822,0.826817
1806,1,0.991679,0.000449,0.007872
1807,1,0.001065,0.000125,0.998810
1808,1,0.855033,0.003706,0.141262
1809,1,0.996566,0.000775,0.002659
1810,0,0.026501,0.000612,0.972888
1811,0,0.031812,0.000401,0.967786
1812,0,0.039152,0.000277,0.960571
1813,0,0.544023,0.000253,0.455725
1814,0,0.740748,0.000300,0.258952
1815,0,0.068361,0.000239,0.931399
1816,0,0.000454,0.000130,0.999417
1817,0,0.031214,0.000290,0.968496
1818,0,0.288799,0.000559,0.710642
1819,0,0.312629,0.001905,0.685465
1820,0,0.000718,0.000124,0.999158
1821,1,0.988398,0.000169,0.011433
1822,1,0.656400,0.000230,0.343370
1823,1,0.013641,0.000122,0.986237
1824,1,0.999025,0.000303,0.000672
1825,1,0.000236,0.000211,0.999554
1826,1,0.997981,0.000699,0.001319
1827,1,0.902687,0.000283,0.097030
1828,0,0.008100,0.000298,0.991602
1829,0,0.994063,0.000183,0.005754
1830,1,0.006019,0.000227,0.993754
1831,1,0.950711,0.001445,0.047844
1832,1,0.999103,0.000259,0.000638
1833,1,0.815761,0.001009,0.183230
1834,1,0.604624,0.000552,0.394824
1835,0,0.990219,0.000409,0.009372
1836,0,0.000654,0.000141,0.999205
1837,1,0.998988,0.000316,0.000696
1838,1,0.366287,0.000274,0.633439
1839,1,0.078200,0.000130,0.921670
1840,1,0.820741,0.000249,0.179011
1841,1,0.999450,0.000311,0.000240
1842,1,0.998830,0.000706,0.000464
1843,1,0.999254,0.000289,0.000457
1844,1,0.995531,0.000279,0.004189
1845,1,0.999503,0.000168,0.000328
1846,0,0.000139,0.000223,0.999637
1847,1,0.990453,0.000871,0.008677
1848,1,0.037190,0.000316,0.962494
1849,1,0.960831,0.000398,0.038771
1850,1,0.990762,0.000157,0.009081
1851,1,0.807646,0.001004,0.191351
1852,1,0.999384,0.000291,0.000326
1853,1,0.174285,0.000376,0.825340
1854,1,0.998359,0.001296,0.000346
1855,1,0.999138,0.000483,0.000379
1856,1,0.997403,0.000623,0.001974
1857,1,0.997603,0.002230,0.000167
1858,1,0.999501,0.000217,0.000283
1859,1,0.999355,0.000423,0.000223
1860,1,0.998182,0.000186,0.001632
1861,1,0.975111,0.023351,0.001538
1862,1,0.585452,0.230883,0.183666
1863,1,0.098489,0.882440,0.019071
1864,0,0.007598,0.000194,0.992207
1865,1,0.380646,0.617171,0.002183
1866,1,0.992008,0.002334,0.005658
1867,1,0.842436,0.151519,0.006046
1868,1,0.895052,0.000364,0.104584
1869,1,0.213099,0.000627,0.786274
1870,1,0.998020,0.000431,0.001549
1871,1,0.461045,0.005839,0.533116
1872,1,0.398495,0.310530,0.290975
1873,1,0.013805,0.003762,0.982433
1874,0,0.001653,0.000110,0.998237
1875,0,0.352998,0.000542,0.646460
1876,0,0.000576,0.000176,0.999248
1877,0,0.138057,0.000589,0.861353
1878,0,0.998098,0.000418,0.001484
1879,0,0.002244,0.000127,0.997629
1880,0,0.911688,0.000518,0.087794
1881,0,0.056663,0.000374,0.942963
1882,0,0.998170,0.000147,0.001684
1883,0,0.336945,0.001097,0.661959
1884,0,0.008909,0.000131,0.990960
1885,0,0.012854,0.000301,0.986845
1886,0,0.000151,0.000158,0.999690
1887,0,0.082417,0.000460,0.917123
1888,0,0.892123,0.000503,0.107373
1889,0,0.003109,0.000217,0.996674
1890,0,0.153132,0.000369,0.846498
1891,0,0.001335,0.000109,0.998556
1892,0,0.985582,0.000774,0.013644
1893,0,0.918700,0.000210,0.081090
1894,0,0.130665,0.000167,0.869168
1895,0,0.000412,0.000125,0.999463
1896,0,0.004600,0.000233,0.995167
1897,0,0.000792,0.000294,0.998914
1898,0,0.002405,0.000517,0.997078
1899,0,0.717988,0.000854,0.281158
1900,0,0.000220,0.000142,0.999638
1901,0,0.012756,0.000193,0.987051
1902,0,0.306684,0.122293,0.571023
1903,0,0.003323,0.000142,0.996535
1904,0,0.002044,0.000092,0.997864
1905,0,0.000135,0.000183,0.999682
1906,0,0.000332,0.000202,0.999466
1907,0,0.996393,0.000422,0.003185
1908,0,0.004521,0.006623,0.988856
1909,0,0.977812,0.002505,0.019682
1910,0,0.147944,0.001361,0.850695
1911,0,0.116851,0.348769,0.534380
1912,0,0.000471,0.541821,0.457708
1913,0,0.000285,0.000106,0.999609
1914,0,0.053552,0.000275,0.946173
1915,0,0.119445,0.001101,0.879454
1916,0,0.002393,0.000156,0.997451
1917,0,0.000135,0.000180,0.999686
1918,0,0.004147,0.000181,0.995672
1919,0,0.997989,0.001501,0.000510
1920,0,0.016017,0.000221,0.983762
1921,0,0.000280,0.000217,0.999503
1922,0,0.343874,0.000477,0.655649
1923,0,0.000556,0.390354,0.609090
1924,0,0.998329,0.000120,0.001551
1925,0,0.339482,0.000544,0.659974
1926,0,0.050623,0.000212,0.949165
1927,0,0.996965,0.001934,0.001101
1928,0,0.560046,0.000387,0.439567
1929,0,0.997312,0.000283,0.002405
1930,0,0.889054,0.000362,0.110584
1931,0,0.265742,0.021558,0.712700
1932,0,0.000109,0.000263,0.999628
1933,0,0.000196,0.000154,0.999650
1934,0,0.000162,0.000123,0.999715
1935,0,0.823521,0.001228,0.175251
1936,0,0.014373,0.001063,0.984564
1937,0,0.563754,0.000811,0.435435
1938,0,0.999095,0.000437,0.000468
1939,0,0.996366,0.001330,0.002304
1940,0,0.956391,0.000689,0.042920
1941,0,0.000154,0.000208,0.999638
1942,0,0.998167,0.001487,0.000346
1943,0,0.000147,0.000178,0.999676
1944,0,0.429525,0.000669,0.569806
1945,0,0.001243,0.000261,0.998496
1946,0,0.191329,0.000493,0.808178
1947,0,0.003812,0.000339,0.995849
1948,0,0.000144,0.000164,0.999693
1949,0,0.997604,0.000196,0.002200
1950,0,0.090382,0.534196,0.375422
1951,0,0.050956,0.001307,0.947737
1952,0,0.993606,0.001684,0.004710
1953,0,0.999017,0.000553,0.000430
1954,0,0.001589,0.000174,0.998237
1955,0,0.997895,0.000753,0.001353
1956,0,0.998430,0.000098,0.001472
1957,0,0.037118,0.000274,0.962608
1958,0,0.459487,0.000639,0.539873
1959,0,0.998995,0.000116,0.000890
1960,0,0.994017,0.000420,0.005563
1961,0,0.040416,0.000356,0.959228
1962,1,0.968897,0.000862,0.030241
1963,0,0.021748,0.000210,0.978041
1964,1,0.593563,0.402185,0.004253
1965,0,0.042927,0.000350,0.956724
1966,1,0.016374,0.000179,0.983447
1967,1,0.999534,0.000160,0.000306
1968,1,0.849647,0.000423,0.149930
1969,0,0.000341,0.000103,0.999556
1970,0,0.971982,0.001070,0.026948
1971,0,0.813367,0.001078,0.185556
1972,1,0.972222,0.004483,0.023295
1973,0,0.058710,0.000810,0.940480
1974,1,0.374968,0.000494,0.624538
1975,0,0.522000,0.000954,0.477046
1976,1,0.747869,0.000530,0.251600
1977,1,0.998022,0.000882,0.001096
1978,1,0.998146,0.000656,0.001198
1979,0,0.997218,0.000304,0.002477
1980,0,0.999385,0.000312,0.000304
1981,0,0.001681,0.000077,0.998242
1982,1,0.999360,0.000256,0.000384
1983,0,0.013999,0.000249,0.985752
1984,0,0.998363,0.000653,0.000984
1985,0,0.997960,0.000184,0.001856
1986,0,0.987113,0.000299,0.012588
1987,0,0.894874,0.000220,0.104906
1988,0,0.999357,0.000465,0.000178
1989,0,0.001800,0.000163,0.998038
1990,0,0.001482,0.000095,0.998423
1991,0,0.930006,0.000955,0.069039
1992,1,0.997938,0.000282,0.001780
1993,0,0.137465,0.000432,0.862103
1994,1,0.987277,0.000411,0.012312
1995,0,0.948764,0.001039,0.050197
1996,0,0.874791,0.000897,0.124312
1997,0,0.000503,0.000117,0.999380
1998,0,0.987194,0.000323,0.012484
1999,0,0.597917,0.000840,0.401243
2000,0,0.775625,0.000364,0.224010
2001,0,0.997295,0.001238,0.001466
2002,1,0.012804,0.000207,0.986989
2003,0,0.021157,0.000507,0.978336
2004,1,0.643998,0.351315,0.004687
2005,1,0.999038,0.000697,0.000265
2006,1,0.007276,0.000469,0.992254
2007,1,0.100675,0.000233,0.899092
2008,0,0.000628,0.000083,0.999289
2009,0,0.116311,0.000500,0.883189
2010,1,0.998796,0.000697,0.000507
2011,0,0.000549,0.000143,0.999307
2012,1,0.998976,0.000183,0.000840
2013,0,0.130157,0.001372,0.868471
2014,1,0.994121,0.001259,0.004620
2015,1,0.012510,0.000218,0.987272
2016,0,0.002498,0.000120,0.997383
2017,0,0.009554,0.000174,0.990272
2018,1,0.985422,0.000257,0.014321
2019,1,0.900713,0.000176,0.099111
2020,1,0.996198,0.000308,0.003494
2021,0,0.997156,0.000327,0.002517
2022,0,0.812095,0.000379,0.187526
2023,0,0.999029,0.000350,0.000621
2024,0,0.951639,0.000138,0.048223
2025,1,0.940040,0.000287,0.059673
2026,1,0.251110,0.001056,0.747835
2027,0,0.000633,0.000167,0.999200
2028,0,0.295667,0.603614,0.100719
2029,0,0.710706,0.000444,0.288850
2030,0,0.666498,0.000233,0.333269
2031,0,0.984315,0.001515,0.014170
2032,1,0.997514,0.000147,0.002339
2033,1,0.044003,0.000164,0.955832
2034,1,0.994696,0.000362,0.004942
2035,0,0.995346,0.001001,0.003653
2036,0,0.979799,0.000661,0.019540
2037,1,0.999125,0.000261,0.000614
2038,0,0.880065,0.000817,0.119118
2039,1,0.006572,0.000083,0.993345
2040,1,0.998970,0.000283,0.000747
2041,1,0.871566,0.000200,0.128234
2042,1,0.992210,0.000208,0.007582
2043,1,0.118979,0.847062,0.033959
2044,0,0.988983,0.000237,0.010780
2045,0,0.022417,0.000121,0.977462
2046,0,0.000766,0.001731,0.997503
2047,1,0.371629,0.000381,0.627991
2048,0,0.138959,0.000340,0.860701
2049,0,0.623139,0.001323,0.375539
2050,0,0.897927,0.000931,0.101141
2051,0,0.999458,0.000242,0.000299
2052,0,0.001247,0.000123,0.998630
2053,0,0.974267,0.000257,0.025475
2054,0,0.001072,0.000114,0.998813
2055,1,0.992588,0.001292,0.006120
2056,1,0.998447,0.000122,0.001431
2057,0,0.908709,0.001680,0.089611
2058,0,0.000177,0.000187,0.999636
2059,0,0.829642,0.000307,0.170051
2060,0,0.438779,0.003111,0.558110
2061,1,0.998333,0.000250,0.001417
2062,1,0.999548,0.000187,0.000264
2063,1,0.998933,0.000383,0.000685
2064,0,0.668774,0.003703,0.327523
2065,0,0.997955,0.000211,0.001834
2066,0,0.306449,0.000370,0.693181
2067,0,0.000143,0.000141,0.999717
2068,0,0.934177,0.001350,0.064473
2069,0,0.999466,0.000210,0.000325
2070,1,0.998868,0.000737,0.000396
2071,0,0.986368,0.000552,0.013079
2072,0,0.988436,0.000255,0.011309
2073,1,0.998286,0.000348,0.001366
2074,0,0.905239,0.001064,0.093696
2075,1,0.725547,0.002946,0.271507
2076,0,0.001199,0.000168,0.998633
2077,1,0.202696,0.780469,0.016835
2078,1,0.998368,0.000121,0.001511
2079,1,0.999304,0.000152,0.000544
2080,1,0.958931,0.000277,0.040792
2081,0,0.763477,0.003692,0.232832
2082,0,0.016529,0.000227,0.983245
2083,0,0.074376,0.000426,0.925198
2084,0,0.015869,0.000413,0.983717
2085,0,0.000318,0.000139,0.999543
2086,1,0.998363,0.000432,0.001206
2087,0,0.999084,0.000132,0.000785
2088,1,0.022642,0.000229,0.977129
2089,1,0.914369,0.000694,0.084936
2090,1,0.998434,0.000152,0.001415
2091,0,0.000576,0.000216,0.999208
2092,0,0.003565,0.000260,0.996175
2093,0,0.001296,0.000113,0.998591
2094,1,0.004326,0.145892,0.849783
2095,1,0.999299,0.000407,0.000294
2096,0,0.923810,0.000971,0.075219
2097,0,0.997232,0.000228,0.002540
2098,1,0.998391,0.000115,0.001494
2099,1,0.689294,0.001786,0.308921
2100,1,0.999290,0.000141,0.000569
2101,0,0.001160,0.000101,0.998739
2102,0,0.998960,0.000356,0.000684
2103,0,0.005868,0.000209,0.993923
2104,0,0.355248,0.628339,0.016413
2105,0,0.031052,0.000122,0.968827
2106,0,0.002206,0.000197,0.997597
2107,1,0.995795,0.003261,0.000944
2108,0,0.014637,0.000250,0.985113
2109,0,0.001003,0.000178,0.998820
2110,1,0.000505,0.000218,0.999277
2111,1,0.989460,0.003106,0.007434
2112,1,0.978285,0.004010,0.017705
2113,1,0.999504,0.000251,0.000245
2114,1,0.998420,0.000985,0.000595
2115,1,0.991883,0.000475,0.007642
2116,0,0.468145,0.001748,0.530107
2117,0,0.995563,0.000606,0.003831
2118,1,0.090993,0.000982,0.908024
2119,1,0.769821,0.000337,0.229842
2120,0,0.065572,0.000222,0.934206
2121,0,0.556779,0.000504,0.442717
2122,1,0.934697,0.002102,0.063201
2123,0,0.000170,0.001538,0.998293
2124,1,0.755851,0.000186,0.243963
2125,1,0.974760,0.000224,0.025017
2126,0,0.162513,0.000205,0.837282
2127,0,0.994118,0.000144,0.005738
2128,0,0.801681,0.001088,0.197231
2129,0,0.886710,0.000457,0.112833
2130,1,0.946152,0.003995,0.049853
2131,0,0.997758,0.000349,0.001893
2132,1,0.667101,0.310984,0.021914
2133,1,0.995751,0.000721,0.003528
2134,1,0.115388,0.000405,0.884207
2135,1,0.925855,0.002255,0.071890
2136,0,0.015747,0.002170,0.982083
2137,0,0.999093,0.000715,0.000192
2138,1,0.995360,0.002069,0.002571
2139,0,0.976769,0.001025,0.022206
2140,0,0.982683,0.000153,0.017163
2141,1,0.415700,0.000714,0.583586
2142,0,0.042485,0.000189,0.957325
2143,1,0.989188,0.000208,0.010604
2144,1,0.000457,0.000156,0.999387
2145,0,0.809323,0.007724,0.182953
2146,0,0.770963,0.001552,0.227484
2147,0,0.047487,0.007077,0.945437
2148,1,0.108096,0.000163,0.891740
2149,1,0.999008,0.000512,0.000480
2150,0,0.081590,0.637945,0.280465
2151,0,0.997053,0.000177,0.002770
2152,1,0.998588,0.001000,0.000412
2153,1,0.997614,0.000535,0.001851
2154,1,0.998971,0.000135,0.000894
2155,0,0.998132,0.000348,0.001519
2156,1,0.999062,0.000600,0.000337
2157,0,0.008902,0.000175,0.990924
2158,0,0.990082,0.000493,0.009425
2159,1,0.830601,0.000398,0.169000
2160,1,0.999382,0.000240,0.000378
2161,0,0.001058,0.000103,0.998839
2162,0,0.001036,0.000124,0.998840
2163,0,0.023037,0.003079,0.973884
2164,0,0.018221,0.000218,0.981561
2165,1,0.013360,0.000219,0.986422
2166,0,0.994462,0.000229,0.005309
2167,1,0.989695,0.000280,0.010024
2168,0,0.097729,0.000682,0.901589
2169,1,0.998494,0.000961,0.000545
2170,0,0.633351,0.000477,0.366172
2171,1,0.990986,0.000267,0.008747
2172,0,0.312717,0.000249,0.687034
2173,0,0.565414,0.000394,0.434192
2174,0,0.026074,0.000245,0.973681
2175,1,0.993494,0.000894,0.005613
2176,0,0.986375,0.000466,0.013159
2177,1,0.999244,0.000424,0.000331
2178,1,0.963273,0.000712,0.036015
2179,0,0.989917,0.000275,0.009808
2180,1,0.998752,0.000237,0.001010
2181,0,0.011383,0.001250,0.987367
2182,0,0.641640,0.000518,0.357843
2183,0,0.000173,0.000158,0.999669
2184,0,0.999194,0.000594,0.000212
2185,1,0.997983,0.001862,0.000154
2186,1,0.863221,0.000513,0.136266
2187,1,0.358218,0.000249,0.641532
2188,1,0.997972,0.000221,0.001807
2189,0,0.000327,0.000145,0.999528
2190,0,0.023453,0.000128,0.976419
2191,0,0.000250,0.000161,0.999589
2192,0,0.526438,0.001895,0.471667
2193,0,0.967793,0.000271,0.031936
2194,0,0.996310,0.000466,0.003224
2195,0,0.998681,0.000339,0.000980
2196,0,0.986731,0.000689,0.012580
2197,0,0.000288,0.629695,0.370017
2198,0,0.013041,0.000308,0.986650
2199,1,0.349928,0.000564,0.649508
2200,0,0.891800,0.000574,0.107626
2201,0,0.970985,0.001761,0.027254
2202,0,0.998640,0.000135,0.001225
2203,0,0.001267,0.000115,0.998618
2204,1,0.999291,0.000252,0.000457
2205,1,0.976348,0.000257,0.023395
2206,0,0.692240,0.000982,0.306778
2207,1,0.999484,0.000329,0.000187
2208,0,0.056463,0.001792,0.941745
2209,1,0.999408,0.000297,0.000295
2210,1,0.998538,0.000229,0.001232
2211,1,0.002633,0.002246,0.995121
2212,1,0.718656,0.146128,0.135216
2213,1,0.997995,0.001394,0.000611
2214,1,0.069396,0.000844,0.929760
2215,1,0.998875,0.000157,0.000968
2216,1,0.930471,0.000781,0.068748
2217,0,0.000422,0.000125,0.999454
2218,1,0.998103,0.000182,0.001714
2219,1,0.994182,0.000206,0.005612
2220,0,0.607732,0.000274,0.391994
2221,0,0.975374,0.000380,0.024246
2222,0,0.010488,0.000145,0.989367
2223,0,0.725442,0.001146,0.273411
2224,0,0.792945,0.000559,0.206496
2225,1,0.998183,0.000457,0.001360
2226,0,0.208328,0.000514,0.791158
2227,1,0.122297,0.000817,0.876886
2228,0,0.000312,0.000111,0.999577
2229,0,0.135162,0.000477,0.864362
2230,0,0.001460,0.006116,0.992424
2231,1,0.603002,0.000674,0.396323
2232,0,0.988363,0.002065,0.009571
2233,0,0.363821,0.000527,0.635651
2234,1,0.016345,0.016541,0.967114
2235,0,0.005188,0.738284,0.256528
2236,0,0.998497,0.000135,0.001368
2237,0,0.990267,0.000384,0.009349
2238,0,0.999171,0.000657,0.000172
2239,0,0.979233,0.000255,0.020512
2240,1,0.321617,0.668259,0.010124
2241,0,0.999252,0.000182,0.000567
2242,0,0.996662,0.000630,0.002708
2243,0,0.796986,0.002244,0.200771
2244,0,0.997146,0.000163,0.002691
2245,1,0.997029,0.000183,0.002789
2246,0,0.988980,0.000215,0.010805
2247,0,0.000461,0.000154,0.999385
2248,0,0.000307,0.000114,0.999579
2249,1,0.994340,0.000568,0.005092
2250,1,0.999158,0.000684,0.000158
2251,0,0.345810,0.004460,0.649730
2252,0,0.019757,0.049602,0.930641
2253,1,0.047694,0.000430,0.951876
2254,0,0.016645,0.000227,0.983128
2255,1,0.021357,0.000289,0.978354
2256,0,0.004969,0.000153,0.994879
2257,0,0.778744,0.196403,0.024853
2258,0,0.583878,0.292589,0.123534
2259,0,0.278878,0.086030,0.635092
2260,0,0.000252,0.000145,0.999602
2261,0,0.000261,0.000169,0.999570
2262,1,0.996322,0.000155,0.003523
2263,1,0.953522,0.036446,0.010031
2264,1,0.856631,0.000263,0.143106
2265,1,0.997805,0.001411,0.000784
2266,1,0.977487,0.008815,0.013698
2267,1,0.833476,0.004950,0.161574
2268,1,0.993380,0.000231,0.006390
2269,1,0.088370,0.009353,0.902277
2270,1,0.952558,0.015688,0.031755
2271,1,0.959897,0.008283,0.031820
2272,1,0.941654,0.018715,0.039631
2273,1,0.898740,0.075258,0.026002
2274,1,0.097528,0.134186,0.768286
2275,1,0.130005,0.411343,0.458652
2276,1,0.633381,0.338777,0.027842
2277,1,0.699569,0.287459,0.012972
2278,1,0.049994,0.010513,0.939494
2279,1,0.482261,0.355123,0.162616
2280,1,0.772117,0.030665,0.197218
2281,1,0.907888,0.076207,0.015905
2282,1,0.994301,0.000231,0.005469
2283,1,0.956842,0.000454,0.042704
2284,0,0.000174,0.000372,0.999454
2285,0,0.000148,0.000311,0.999541
2286,0,0.001093,0.000084,0.998823
2287,1,0.001149,0.151899,0.846952
2288,1,0.027483,0.003531,0.968986
2289,1,0.007486,0.002248,0.990266
2290,1,0.078990,0.572455,0.348555
2291,1,0.008517,0.017277,0.974206
2292,1,0.001523,0.639597,0.358880
2293,1,0.948936,0.000208,0.050856
2294,1,0.772776,0.225864,0.001360
2295,1,0.607816,0.390502,0.001682
2296,1,0.591749,0.097747,0.310504
2297,1,0.641149,0.355315,0.003536
2298,1,0.659501,0.337162,0.003337
2299,1,0.779728,0.210725,0.009547
2300,1,0.998812,0.000601,0.000587
2301,1,0.997425,0.000680,0.001894
2302,1,0.997302,0.000430,0.002268
2303,1,0.998493,0.000563,0.000943
2304,1,0.995032,0.000369,0.004600
2305,1,0.939513,0.000597,0.059890
2306,1,0.998937,0.000467,0.000596
2307,1,0.997583,0.000208,0.002209
2308,1,0.982050,0.000212,0.017738
2309,1,0.997705,0.000582,0.001714
2310,1,0.995103,0.000396,0.004501
2311,1,0.998914,0.000189,0.000896
2312,1,0.999155,0.000292,0.000554
2313,1,0.997373,0.000445,0.002182
2314,1,0.998823,0.000477,0.000700
2315,1,0.982395,0.000396,0.017209
2316,1,0.998978,0.000522,0.000500
2317,1,0.986067,0.005090,0.008843
2318,1,0.471638,0.000272,0.528089
2319,1,0.752321,0.000325,0.247354
2320,1,0.108598,0.000269,0.891134
2321,1,0.993869,0.005678,0.000452
2322,1,0.997463,0.001641,0.000896
2323,1,0.996139,0.000102,0.003759
2324,1,0.998748,0.000184,0.001068
2325,1,0.999205,0.000522,0.000274
2326,1,0.997687,0.000209,0.002104
2327,1,0.994126,0.005377,0.000497
2328,1,0.979677,0.019437,0.000885
2329,1,0.344536,0.000485,0.654979
2330,1,0.823863,0.001152,0.174985
2331,1,0.998959,0.000125,0.000916
2332,1,0.999079,0.000644,0.000277
2333,1,0.997907,0.000788,0.001305
2334,1,0.744398,0.058880,0.196723
2335,1,0.995116,0.000209,0.004676
2336,1,0.995350,0.000258,0.004392
2337,1,0.015256,0.000300,0.984444
2338,1,0.933822,0.032378,0.033800
2339,1,0.910019,0.000668,0.089313
2340,1,0.046949,0.000354,0.952697
2341,1,0.898863,0.000891,0.100246
2342,1,0.876794,0.108170,0.015036
2343,1,0.886099,0.104578,0.009323
2344,1,0.935504,0.000488,0.064008
2345,1,0.981985,0.001960,0.016055
2346,1,0.746665,0.134573,0.118762
2347,1,0.920040,0.053688,0.026271
2348,1,0.975208,0.002536,0.022256
2349,1,0.998177,0.000238,0.001585
2350,1,0.995621,0.000692,0.003687
2351,1,0.997787,0.000494,0.001720
2352,1,0.019574,0.000119,0.980307
2353,1,0.001961,0.000111,0.997928
2354,1,0.995580,0.000169,0.004250
2355,1,0.996303,0.002411,0.001286
2356,1,0.996271,0.002507,0.001222
2357,1,0.996534,0.000291,0.003175
2358,1,0.999003,0.000249,0.000748
2359,1,0.997522,0.000953,0.001526
2360,1,0.997433,0.000595,0.001972
2361,1,0.970471,0.001104,0.028425
2362,1,0.939514,0.002459,0.058027
2363,1,0.565770,0.000714,0.433516
2364,1,0.360988,0.582354,0.056657
2365,1,0.462745,0.515828,0.021427
2366,1,0.533855,0.454556,0.011589
2367,1,0.364152,0.006110,0.629738
2368,1,0.224768,0.401563,0.373669
2369,1,0.322736,0.608013,0.069251
2370,0,0.992224,0.000526,0.007250
2371,0,0.954446,0.002053,0.043501
2372,0,0.981007,0.002496,0.016497
2373,0,0.954302,0.004004,0.041693
2374,0,0.919200,0.000955,0.079845
2375,0,0.798518,0.000424,0.201058
2376,0,0.996483,0.000290,0.003226
2377,0,0.391121,0.473343,0.135535
2378,0,0.428936,0.380801,0.190263
2379,0,0.447952,0.351962,0.200085
2380,0,0.000889,0.010848,0.988263
2381,0,0.000964,0.514434,0.484602
2382,0,0.022231,0.000287,0.977482
2383,0,0.083766,0.036528,0.879706
2384,0,0.000974,0.125811,0.873216
2385,0,0.110705,0.002226,0.887068
2386,1,0.001638,0.000118,0.998244
2387,1,0.028199,0.000432,0.971369
2388,1,0.910657,0.000193,0.089150
2389,1,0.399049,0.000743,0.600208
2390,1,0.001138,0.000138,0.998724
2391,1,0.000428,0.000088,0.999484
2392,1,0.411698,0.052778,0.535524
2393,1,0.559152,0.002933,0.437915
2394,1,0.599485,0.000334,0.400181
2395,1,0.820878,0.000350,0.178772
2396,1,0.724472,0.000314,0.275214
2397,1,0.599224,0.065249,0.335527
2398,1,0.017767,0.000349,0.981884
2399,1,0.858194,0.036104,0.105702
2400,0,0.998135,0.000497,0.001368
2401,0,0.998072,0.000495,0.001432
2402,0,0.997341,0.000276,0.002383
2403,1,0.967815,0.000768,0.031417
2404,1,0.954148,0.003879,0.041973
2405,1,0.998445,0.000117,0.001438
2406,1,0.983067,0.000111,0.016822
2407,1,0.992822,0.000153,0.007025
2408,1,0.996509,0.000094,0.003397
2409,1,0.999235,0.000315,0.000449
2410,1,0.998962,0.000508,0.000529
2411,1,0.998862,0.000328,0.000810
2412,1,0.998074,0.000155,0.001770
2413,1,0.997719,0.000386,0.001896
2414,1,0.998828,0.000203,0.000969
2415,1,0.998713,0.000282,0.001006
2416,1,0.997666,0.000129,0.002206
2417,0,0.017065,0.000396,0.982538
2418,0,0.001074,0.000106,0.998820
2419,0,0.018751,0.000338,0.980911
2420,1,0.000860,0.000343,0.998797
2421,1,0.001425,0.000094,0.998481
2422,1,0.000264,0.010988,0.988749
2423,1,0.000860,0.000343,0.998797
2424,1,0.000276,0.000160,0.999564
2425,1,0.000379,0.000171,0.999450
2426,1,0.000519,0.000149,0.999332
2427,1,0.000445,0.000115,0.999441
2428,1,0.155729,0.000356,0.843915
2429,1,0.003911,0.000135,0.995954
2430,1,0.001040,0.000109,0.998851
2431,1,0.001521,0.000242,0.998237
2432,1,0.000319,0.000144,0.999537
2433,1,0.000118,0.000517,0.999365
2434,0,0.015750,0.000347,0.983903
2435,0,0.000496,0.000083,0.999421
2436,0,0.015251,0.000379,0.984371
2437,0,0.693642,0.000580,0.305778
2438,0,0.378363,0.000844,0.620794
2439,1,0.002390,0.000112,0.997497
2440,1,0.000897,0.000087,0.999015
2441,1,0.001081,0.000103,0.998816
2442,1,0.003581,0.000107,0.996312
2443,1,0.009050,0.000120,0.990830
2444,1,0.004514,0.000120,0.995366
2445,1,0.001156,0.000105,0.998740
2446,1,0.004581,0.000109,0.995310
2447,1,0.001279,0.000087,0.998634
2448,1,0.000444,0.000094,0.999463
2449,1,0.002011,0.000112,0.997877
2450,1,0.000536,0.000141,0.999324
2451,1,0.991493,0.000365,0.008142
2452,1,0.989849,0.003528,0.006623
2453,1,0.986638,0.000137,0.013226
2454,1,0.991654,0.000147,0.008199
2455,0,0.604482,0.002132,0.393386
2456,1,0.607461,0.258320,0.134218
2457,1,0.828646,0.125823,0.045531
2458,1,0.933274,0.000764,0.065962
2459,1,0.955799,0.002129,0.042072
2460,1,0.316933,0.035780,0.647287
2461,1,0.961714,0.000264,0.038022
2462,1,0.015096,0.001106,0.983797
2463,1,0.998024,0.000948,0.001028
2464,1,0.009303,0.000230,0.990467
2465,1,0.010784,0.000176,0.989040
2466,1,0.993417,0.000172,0.006411
2467,1,0.962510,0.020705,0.016785
2468,1,0.021076,0.000361,0.978563
2469,0,0.171820,0.047493,0.780687
2470,0,0.522507,0.012144,0.465349
2471,1,0.919121,0.034978,0.045901
2472,0,0.024550,0.001041,0.974409
2473,1,0.979780,0.001417,0.018804
2474,1,0.989541,0.000560,0.009899
2475,1,0.996660,0.000222,0.003118
2476,1,0.434190,0.000686,0.565124
2477,1,0.899878,0.000479,0.099644
2478,1,0.949418,0.000258,0.050324
2479,1,0.125040,0.000286,0.874674
2480,0,0.007479,0.724376,0.268145
2481,1,0.051198,0.000244,0.948558
2482,1,0.963342,0.000146,0.036511
2483,1,0.231092,0.000602,0.768306
2484,0,0.013248,0.824393,0.162359
2485,0,0.044627,0.000387,0.954986
2486,0,0.554799,0.059966,0.385235
2487,0,0.940408,0.012974,0.046619
2488,0,0.229387,0.525644,0.244970
2489,1,0.012454,0.000732,0.986815
2490,1,0.622026,0.004572,0.373402
2491,1,0.001874,0.000117,0.998009
2492,1,0.000422,0.000112,0.999465
2493,1,0.510089,0.003308,0.486603
2494,1,0.223438,0.000573,0.775989
2495,1,0.759843,0.001052,0.239104
2496,1,0.719757,0.002648,0.277594
2497,1,0.075830,0.000839,0.923331
2498,1,0.830523,0.002361,0.167116
2499,0,0.006773,0.354689,0.638538
2500,1,0.077033,0.000376,0.922591
2501,1,0.328078,0.002442,0.669480
2502,0,0.000162,0.000252,0.999587
2503,0,0.009116,0.169606,0.821277
2504,0,0.309445,0.381623,0.308932
2505,0,0.053017,0.516364,0.430618
2506,0,0.518831,0.210716,0.270453
2507,0,0.990615,0.000536,0.008849
2508,0,0.001641,0.000161,0.998197
2509,1,0.010915,0.008335,0.980750
2510,1,0.969161,0.001185,0.029654
2511,1,0.940605,0.010733,0.048662
2512,1,0.995526,0.000133,0.004341
2513,1,0.014061,0.000263,0.985676
2514,1,0.590107,0.000261,0.409631
2515,1,0.966351,0.000130,0.033519
2516,1,0.996981,0.000102,0.002917
2517,1,0.991616,0.000132,0.008252
2518,1,0.923332,0.000142,0.076527
2519,1,0.982127,0.000097,0.017775
2520,1,0.994052,0.000115,0.005834
2521,1,0.979566,0.000114,0.020319
2522,1,0.998071,0.000153,0.001777
2523,1,0.998623,0.000203,0.001174
2524,1,0.995607,0.000178,0.004214
2525,1,0.993422,0.000183,0.006395
2526,1,0.999065,0.000284,0.000651
2527,1,0.999178,0.000170,0.000651
2528,1,0.999426,0.000171,0.000403
2529,0,0.995040,0.000762,0.004198
2530,0,0.998627,0.000306,0.001068
2531,0,0.998062,0.000344,0.001593
2532,0,0.997954,0.000380,0.001666
2533,0,0.990691,0.000535,0.008774
2534,0,0.998654,0.000882,0.000463
2535,0,0.998200,0.001088,0.000712
2536,0,0.998012,0.001439,0.000549
2537,0,0.997466,0.000338,0.002196
2538,0,0.988251,0.000139,0.011611
2539,0,0.998223,0.000282,0.001496
2540,0,0.010583,0.000768,0.988649
2541,0,0.079629,0.191993,0.728378
2542,0,0.000409,0.136829,0.862763
2543,0,0.614748,0.383113,0.002139
2544,0,0.003968,0.896108,0.099924
2545,0,0.062266,0.852621,0.085113
2546,0,0.000120,0.023800,0.976080
2547,0,0.116320,0.042948,0.840732
2548,0,0.996881,0.002410,0.000709
2549,0,0.764045,0.000752,0.235203
2550,0,0.226515,0.010478,0.763007
2551,0,0.085238,0.816752,0.098010
2552,0,0.012746,0.000563,0.986690
2553,0,0.041380,0.000160,0.958461
2554,0,0.004679,0.000176,0.995144
2555,0,0.006936,0.000305,0.992759
2556,1,0.998235,0.000371,0.001394
2557,1,0.000605,0.001770,0.997625
2558,1,0.315740,0.019442,0.664819
2559,1,0.063007,0.000445,0.936548
2560,1,0.207405,0.003538,0.789057
2561,1,0.059117,0.003967,0.936917
2562,1,0.045027,0.060213,0.894760
2563,0,0.462422,0.001274,0.536304
2564,0,0.260945,0.000678,0.738377
2565,0,0.494731,0.000725,0.504544
2566,0,0.014389,0.000144,0.985467
2567,0,0.014830,0.000153,0.985018
2568,0,0.252366,0.000365,0.747269
2569,0,0.150499,0.000226,0.849275
2570,0,0.979046,0.000166,0.020788
2571,0,0.919901,0.000811,0.079287
2572,0,0.119628,0.000217,0.880155
2573,0,0.009525,0.000153,0.990323
2574,0,0.769575,0.000607,0.229819
2575,0,0.006961,0.000114,0.992925
2576,0,0.284981,0.000665,0.714355
2577,0,0.081209,0.002460,0.916331
2578,0,0.000155,0.000239,0.999606
2579,0,0.000378,0.000318,0.999304
2580,1,0.023774,0.000619,0.975607
2581,1,0.002236,0.000233,0.997530
2582,1,0.001006,0.000294,0.998701
2583,1,0.001779,0.000151,0.998070
2584,1,0.000154,0.000157,0.999689
2585,1,0.000291,0.000110,0.999598
2586,1,0.001934,0.000147,0.997919
2587,1,0.007233,0.001359,0.991408
2588,1,0.025148,0.000818,0.974035
2589,1,0.024841,0.000121,0.975038
2590,1,0.000513,0.000128,0.999359
2591,1,0.000780,0.000805,0.998415
2592,1,0.000974,0.000127,0.998899
2593,1,0.000180,0.000135,0.999685
2594,1,0.002319,0.000091,0.997590
2595,1,0.873146,0.022697,0.104156
2596,1,0.011427,0.000157,0.988416
2597,1,0.983951,0.001361,0.014688
2598,1,0.510190,0.000810,0.489000
2599,1,0.911762,0.003642,0.084597
2600,1,0.006588,0.520960,0.472452
2601,1,0.741150,0.021752,0.237098
2602,1,0.676856,0.000827,0.322317
2603,1,0.031288,0.000376,0.968336
2604,1,0.984180,0.011329,0.004491
2605,1,0.424944,0.342107,0.232949
2606,1,0.531192,0.456475,0.012332
2607,1,0.922676,0.073990,0.003334
2608,1,0.008688,0.080704,0.910609
2609,1,0.645801,0.007893,0.346306
2610,1,0.535795,0.450930,0.013275
2611,1,0.962505,0.010305,0.027190
2612,1,0.107416,0.376925,0.515659
2613,1,0.944886,0.053986,0.001128
2614,1,0.099845,0.000227,0.899927
2615,1,0.731305,0.000362,0.268333
2616,1,0.834728,0.000590,0.164682
2617,1,0.030912,0.000151,0.968937
2618,1,0.772396,0.000156,0.227448
2619,1,0.735009,0.002611,0.262380
2620,1,0.997568,0.000147,0.002286
2621,1,0.968366,0.000306,0.031328
2622,1,0.994824,0.000307,0.004869
2623,1,0.997717,0.000295,0.001988
2624,1,0.999244,0.000151,0.000605
2625,1,0.998968,0.000143,0.000889
2626,1,0.974681,0.000437,0.024882
2627,1,0.998869,0.000238,0.000893
2628,1,0.999101,0.000633,0.000266
2629,1,0.996638,0.000194,0.003168
2630,1,0.998809,0.000118,0.001072
2631,1,0.997764,0.000184,0.002051
2632,1,0.997277,0.000268,0.002455
2633,1,0.996430,0.000122,0.003449
2634,1,0.863850,0.026348,0.109802
2635,1,0.949831,0.023480,0.026689
2636,1,0.983750,0.000271,0.015980
2637,1,0.891027,0.009880,0.099093
2638,1,0.996070,0.001321,0.002609
2639,1,0.957572,0.000180,0.042247
2640,1,0.976485,0.001785,0.021730
2641,1,0.577747,0.418477,0.003776
2642,1,0.665956,0.326934,0.007110
2643,1,0.999398,0.000140,0.000462
2644,1,0.999148,0.000147,0.000705
2645,1,0.997987,0.000153,0.001860
2646,1,0.998811,0.000124,0.001065
2647,0,0.006415,0.513006,0.480579
2648,0,0.410625,0.437282,0.152093
2649,0,0.225991,0.490773,0.283236
2650,0,0.000421,0.000229,0.999350
2651,0,0.015446,0.382850,0.601704
2652,0,0.307378,0.343693,0.348929
2653,0,0.131332,0.106294,0.762374
2654,0,0.088168,0.090616,0.821216
2655,0,0.209741,0.121543,0.668716
2656,0,0.086657,0.135361,0.777983
2657,0,0.052959,0.430482,0.516558
2658,0,0.005672,0.028290,0.966038
2659,0,0.474181,0.014689,0.511131
2660,0,0.113028,0.020152,0.866820
2661,0,0.042565,0.172809,0.784627
2662,0,0.060307,0.017565,0.922128
2663,0,0.020406,0.243605,0.735989
2664,0,0.000670,0.005592,0.993738
2665,0,0.003251,0.003863,0.992887
2666,0,0.000121,0.001139,0.998740
2667,0,0.000170,0.000135,0.999695
2668,0,0.000498,0.000092,0.999410
2669,0,0.000085,0.000262,0.999652
2670,0,0.000201,0.000663,0.999136
2671,0,0.000110,0.005316,0.994573
2672,0,0.000404,0.000127,0.999469
2673,0,0.007418,0.000141,0.992441
2674,0,0.906361,0.000288,0.093351
2675,0,0.000606,0.019117,0.980277
2676,0,0.220883,0.460038,0.319078
2677,0,0.377658,0.617686,0.004657
2678,0,0.007124,0.000505,0.992371
2679,0,0.006031,0.902675,0.091294
2680,0,0.135793,0.846562,0.017645
2681,0,0.729764,0.000646,0.269590
2682,0,0.047507,0.008846,0.943646
2683,0,0.070646,0.000265,0.929089
2684,0,0.064506,0.000697,0.934798
2685,0,0.369303,0.329157,0.301540
2686,0,0.000279,0.000132,0.999589
2687,0,0.442803,0.508645,0.048552
2688,0,0.000152,0.000637,0.999211
2689,0,0.000126,0.000903,0.998971
2690,0,0.104480,0.590380,0.305139
2691,0,0.000215,0.000133,0.999651
2692,0,0.999300,0.000298,0.000403
2693,0,0.036987,0.012109,0.950904
2694,1,0.992200,0.000100,0.007700
2695,1,0.956184,0.000159,0.043656
2696,1,0.990446,0.001204,0.008350
2697,1,0.986989,0.000818,0.012193
2698,1,0.865932,0.005427,0.128641
2699,1,0.997464,0.002143,0.000394
2700,1,0.998535,0.001242,0.000223
2701,1,0.998397,0.001311,0.000292
2702,1,0.999158,0.000473,0.000370
2703,0,0.000755,0.000787,0.998458
2704,1,0.825791,0.000334,0.173874
2705,1,0.445246,0.161509,0.393245
2706,0,0.053316,0.031500,0.915184
2707,0,0.000177,0.016925,0.982898
2708,0,0.000623,0.000087,0.999290
2709,0,0.000235,0.000127,0.999638
2710,1,0.940908,0.007515,0.051577
2711,1,0.993387,0.000313,0.006300
2712,1,0.990049,0.000650,0.009301
2713,1,0.990691,0.001017,0.008292
2714,1,0.875173,0.052822,0.072005
2715,1,0.906464,0.063304,0.030232
2716,1,0.827356,0.089986,0.082658
2717,1,0.952020,0.000700,0.047281
2718,1,0.672873,0.299782,0.027345
2719,1,0.999380,0.000193,0.000427
2720,0,0.564183,0.024632,0.411185
2721,0,0.853113,0.131341,0.015546
2722,0,0.915953,0.003028,0.081019
2723,1,0.986893,0.004614,0.008493
2724,1,0.960385,0.007912,0.031703
2725,1,0.986745,0.003888,0.009367
2726,1,0.097757,0.026187,0.876056
2727,0,0.117402,0.000985,0.881613
2728,0,0.243981,0.002677,0.753342
2729,0,0.369408,0.412831,0.217761
2730,0,0.631109,0.000260,0.368631
2731,1,0.981983,0.000135,0.017882
2732,1,0.557896,0.411557,0.030548
2733,1,0.948735,0.001926,0.049339
2734,0,0.000967,0.003025,0.996008
2735,0,0.163973,0.809160,0.026867
2736,1,0.747784,0.237198,0.015018
2737,1,0.939457,0.054414,0.006129
2738,1,0.352508,0.167530,0.479962
2739,0,0.033544,0.452266,0.514190
2740,1,0.997101,0.000391,0.002509
2741,0,0.550673,0.269288,0.180039
2742,1,0.686878,0.311673,0.001449
2743,0,0.624632,0.062409,0.312958
2744,0,0.002611,0.035809,0.961580
2745,0,0.000110,0.000193,0.999697
2746,1,0.000153,0.000195,0.999652
2747,1,0.156714,0.002668,0.840618
2748,1,0.035345,0.005401,0.959254
2749,0,0.000980,0.000095,0.998925
2750,0,0.959704,0.000142,0.040154
2751,0,0.987538,0.002614,0.009849
2752,0,0.018271,0.285030,0.696700
2753,1,0.134279,0.001003,0.864718
2754,0,0.035833,0.000454,0.963713
2755,0,0.873614,0.000257,0.126129
2756,1,0.999143,0.000168,0.000690
2757,1,0.998603,0.000161,0.001236
2758,1,0.999484,0.000169,0.000347
2759,1,0.999377,0.000102,0.000521
2760,1,0.999406,0.000120,0.000474
2761,1,0.999512,0.000148,0.000340
2762,0,0.933841,0.063294,0.002865
2763,0,0.836128,0.148935,0.014936
2764,1,0.866620,0.000473,0.132907
2765,1,0.477536,0.278433,0.244031
2766,0,0.000143,0.000705,0.999151
2767,0,0.969664,0.001163,0.029174
2768,1,0.000363,0.000331,0.999306
2769,1,0.993560,0.000677,0.005764
2770,0,0.611271,0.386523,0.002207
2771,1,0.997561,0.000660,0.001779
2772,1,0.993907,0.000695,0.005398
2773,1,0.878572,0.001984,0.119444
2774,1,0.998640,0.000368,0.000991
2775,1,0.998571,0.000307,0.001123
2776,1,0.909161,0.000572,0.090267
2777,1,0.931121,0.001132,0.067747
2778,1,0.000541,0.000102,0.999357
2779,0,0.001045,0.000094,0.998861
2780,0,0.000522,0.336924,0.662554
2781,1,0.504377,0.493459,0.002163
2782,1,0.996894,0.000747,0.002359
2783,1,0.996046,0.000658,0.003297
2784,1,0.999527,0.000305,0.000168
2785,1,0.995627,0.000324,0.004049
2786,0,0.027329,0.780980,0.191691
2787,1,0.080725,0.000290,0.918985
2788,0,0.057658,0.000901,0.941440
2789,1,0.000166,0.000178,0.999656
2790,0,0.016288,0.000443,0.983269
2791,1,0.996843,0.000407,0.002751
2792,1,0.968476,0.000329,0.031195
2793,1,0.782365,0.173472,0.044163
2794,1,0.999269,0.000565,0.000166
2795,1,0.990089,0.000314,0.009597
2796,0,0.042591,0.100047,0.857361
2797,1,0.969093,0.000128,0.030779
2798,1,0.996930,0.000112,0.002958
2799,1,0.000398,0.000177,0.999425
2800,1,0.901448,0.095413,0.003139
2801,1,0.998305,0.000110,0.001585
2802,1,0.862134,0.046008,0.091859
2803,1,0.950557,0.000316,0.049127
2804,1,0.931799,0.001883,0.066319
2805,1,0.865622,0.000764,0.133614
2806,1,0.965164,0.001120,0.033716
2807,1,0.025003,0.616663,0.358334
2808,0,0.837030,0.075980,0.086990
2809,0,0.029562,0.863620,0.106818
2810,1,0.998260,0.000407,0.001333
2811,1,0.640351,0.002405,0.357244
2812,1,0.999199,0.000238,0.000563
2813,0,0.999286,0.000246,0.000469
2814,1,0.921024,0.018557,0.060420
2815,1,0.325089,0.007232,0.667679
2816,1,0.894963,0.009361,0.095676
2817,1,0.767801,0.000756,0.231443
2818,1,0.996715,0.000125,0.003159
2819,0,0.000250,0.034068,0.965683
2820,0,0.502375,0.493416,0.004209
2821,1,0.999220,0.000514,0.000266
2822,1,0.999538,0.000209,0.000254
2823,1,0.999169,0.000512,0.000318
2824,1,0.000125,0.000396,0.999479
2825,1,0.743293,0.019225,0.237482
2826,0,0.457903,0.000597,0.541500
2827,1,0.782470,0.000826,0.216704
2828,0,0.748261,0.247141,0.004598
2829,0,0.001274,0.000248,0.998478
2830,1,0.542293,0.107634,0.350073
2831,1,0.996821,0.000611,0.002568
2832,0,0.999409,0.000253,0.000338
2833,1,0.999106,0.000283,0.000610
2834,0,0.023419,0.000680,0.975901
2835,1,0.036440,0.003979,0.959581
2836,1,0.000450,0.000123,0.999427
2837,1,0.995421,0.000120,0.004458
2838,0,0.001304,0.013795,0.984900
2839,1,0.993751,0.000363,0.005887
2840,0,0.000926,0.000201,0.998873
2841,1,0.995578,0.000442,0.003980
2842,0,0.000259,0.000780,0.998961
2843,1,0.890982,0.003197,0.105821
2844,1,0.991609,0.004704,0.003688
2845,0,0.740584,0.000421,0.258995
2846,1,0.003385,0.241144,0.755471
2847,1,0.523995,0.475041,0.000964
2848,1,0.000638,0.000171,0.999191
2849,0,0.891481,0.000355,0.108164
2850,0,0.019018,0.000636,0.980346
2851,0,0.000254,0.023937,0.975809
2852,0,0.026126,0.000838,0.973036
2853,1,0.944751,0.023675,0.031574
2854,0,0.403346,0.392921,0.203732
2855,0,0.401986,0.000251,0.597763
2856,1,0.926397,0.072966,0.000638
2857,1,0.617203,0.269783,0.113014
2858,1,0.999381,0.000232,0.000388
2859,1,0.871491,0.124604,0.003906
2860,1,0.000623,0.000088,0.999289
2861,1,0.999187,0.000178,0.000636
2862,0,0.618484,0.038532,0.342984
2863,1,0.995934,0.000277,0.003789
2864,1,0.998955,0.000750,0.000295
2865,0,0.056077,0.000841,0.943083
2866,1,0.163613,0.210303,0.626084
2867,0,0.254208,0.005077,0.740715
2868,1,0.947743,0.005715,0.046542
2869,1,0.872262,0.001096,0.126642
2870,1,0.000503,0.329994,0.669504
2871,1,0.903495,0.029996,0.066509
2872,0,0.999137,0.000154,0.000710
2873,1,0.999035,0.000436,0.000529
2874,1,0.997121,0.002191,0.000688
2875,1,0.911716,0.000308,0.087976
2876,1,0.000356,0.000191,0.999453
2877,0,0.001389,0.000199,0.998412
2878,1,0.997001,0.000696,0.002303
2879,1,0.942208,0.000416,0.057376
2880,0,0.003667,0.000178,0.996155
2881,1,0.999461,0.000328,0.000210
2882,0,0.001202,0.000564,0.998234
2883,0,0.030865,0.002041,0.967094
2884,1,0.154336,0.575199,0.270465
2885,1,0.004885,0.188167,0.806949
2886,1,0.665798,0.183670,0.150532
2887,0,0.001690,0.000134,0.998176
2888,0,0.004872,0.000398,0.994730
2889,0,0.937424,0.012197,0.050378
2890,0,0.012576,0.000558,0.986866
2891,1,0.407193,0.131976,0.460831
2892,0,0.994866,0.000163,0.004972
2893,1,0.933562,0.049799,0.016639
2894,0,0.000142,0.000188,0.999670
2895,0,0.589003,0.001716,0.409281
2896,1,0.228174,0.410769,0.361056
2897,0,0.000261,0.000253,0.999486
2898,0,0.010999,0.000375,0.988626
2899,0,0.122958,0.000171,0.876871
2900,0,0.001322,0.000129,0.998549
2901,0,0.946719,0.000190,0.053091
2902,1,0.980641,0.005226,0.014133
2903,0,0.528771,0.001007,0.470222
2904,1,0.993100,0.000700,0.006200
2905,1,0.772392,0.002444,0.225164
2906,0,0.016548,0.111990,0.871462
2907,1,0.137046,0.500338,0.362616
2908,1,0.833819,0.002893,0.163288
2909,1,0.497635,0.000594,0.501771
2910,1,0.606363,0.000773,0.392864
2911,1,0.482172,0.516299,0.001529
2912,1,0.998602,0.000481,0.000917
2913,1,0.999526,0.000289,0.000184
2914,0,0.003247,0.009507,0.987246
2915,0,0.000765,0.000130,0.999105
2916,1,0.328178,0.000290,0.671532
2917,0,0.619149,0.001242,0.379609
2918,1,0.990384,0.005464,0.004152
2919,1,0.992243,0.001867,0.005890
2920,0,0.654275,0.059121,0.286604
2921,1,0.997788,0.000120,0.002093
2922,0,0.000463,0.000164,0.999373
2923,0,0.000167,0.000240,0.999594
2924,1,0.998439,0.000455,0.001106
2925,0,0.915021,0.017041,0.067938
2926,1,0.672470,0.002044,0.325485
2927,1,0.000562,0.000150,0.999288
2928,1,0.997975,0.000563,0.001462
2929,0,0.402305,0.286480,0.311215
2930,1,0.751772,0.051809,0.196419
2931,1,0.999219,0.000293,0.000488
2932,0,0.084627,0.000526,0.914847
2933,0,0.351405,0.255458,0.393137
2934,1,0.890711,0.105964,0.003325
2935,0,0.000165,0.000183,0.999652
2936,0,0.000162,0.000352,0.999486
2937,1,0.999375,0.000221,0.000405
2938,0,0.923954,0.000878,0.075168
2939,1,0.998733,0.000849,0.000418
2940,1,0.999250,0.000290,0.000460
2941,0,0.142735,0.143854,0.713412
2942,0,0.478711,0.518034,0.003254
2943,1,0.262578,0.107869,0.629552
2944,0,0.852109,0.018389,0.129502
2945,0,0.000693,0.000128,0.999179
2946,0,0.000221,0.012310,0.987469
2947,0,0.040763,0.021396,0.937841
2948,1,0.993641,0.002649,0.003710
2949,0,0.998823,0.000153,0.001024
2950,0,0.003050,0.339501,0.657448
2951,0,0.104296,0.452586,0.443118
2952,0,0.003136,0.116992,0.879872
2953,1,0.005680,0.000149,0.994171
2954,1,0.978810,0.007615,0.013576
2955,1,0.987040,0.004578,0.008382
2956,0,0.001310,0.310849,0.687841
2957,0,0.915606,0.007448,0.076946
2958,1,0.994640,0.000086,0.005274
2959,0,0.064866,0.000558,0.934576
2960,1,0.996898,0.002139,0.000963
2961,1,0.150093,0.000684,0.849223
2962,1,0.714955,0.280797,0.004248
2963,1,0.998327,0.001337,0.000335
2964,1,0.206014,0.650869,0.143117
2965,1,0.959699,0.003590,0.036711
2966,0,0.999374,0.000365,0.000262
2967,1,0.739433,0.249874,0.010692
2968,1,0.998237,0.001248,0.000515
2969,1,0.852415,0.134278,0.013306
2970,1,0.103954,0.002030,0.894016
2971,1,0.890621,0.018859,0.090519
2972,0,0.541128,0.112394,0.346478
2973,1,0.001327,0.000103,0.998570
2974,0,0.343876,0.009689,0.646434
2975,0,0.000097,0.000537,0.999366
2976,0,0.999099,0.000105,0.000796
2977,1,0.502622,0.492387,0.004990
2978,1,0.954378,0.000355,0.045266
2979,0,0.234857,0.126794,0.638349
2980,0,0.003270,0.000302,0.996429
2981,1,0.007049,0.000404,0.992548
2982,0,0.404615,0.067224,0.528161
2983,1,0.017493,0.000365,0.982142
2984,0,0.601735,0.002863,0.395402
2985,1,0.761505,0.235685,0.002810
2986,1,0.973651,0.003329,0.023019
2987,1,0.998597,0.000407,0.000996
2988,0,0.037343,0.298227,0.664430
2989,1,0.999384,0.000171,0.000445
2990,0,0.902498,0.015923,0.081579
2991,0,0.869967,0.007342,0.122691
2992,1,0.080701,0.000467,0.918832
2993,1,0.996205,0.002020,0.001775
2994,0,0.188022,0.000395,0.811583
2995,1,0.998360,0.000139,0.001501
2996,0,0.154389,0.381933,0.463677
2997,0,0.001139,0.758929,0.239931
2998,0,0.006616,0.001167,0.992217
2999,1,0.048988,0.010991,0.940021
