row_id,gold,p_hate,p_offensive,p_normal
0,1,0.142112,0.004416,0.853472
1,0,0.561675,0.233269,0.205056
2,1,0.070254,0.001295,0.928451
3,1,0.043185,0.012765,0.944050
4,0,0.025786,0.020553,0.953662
5,1,0.778534,0.153779,0.067687
6,1,0.137682,0.050303,0.812015
7,1,0.043081,0.001056,0.955863
8,0,0.298700,0.398628,0.302672
9,1,0.459634,0.043902,0.496464
10,0,0.009725,0.021638,0.968637
11,1,0.651883,0.001021,0.347095
12,1,0.268901,0.424025,0.307075
13,0,0.732281,0.009985,0.257734
14,0,0.253866,0.001697,0.744437
15,0,0.274769,0.671902,0.053329
16,1,0.009355,0.000614,0.990031
17,1,0.834466,0.138050,0.027484
18,1,0.833832,0.006287,0.159881
19,0,0.334209,0.002907,0.662884
20,1,0.277187,0.000914,0.721899
21,1,0.011228,0.020743,0.968029
22,0,0.114797,0.077785,0.807418
23,1,0.528073,0.336141,0.135786
24,1,0.140089,0.015435,0.844476
25,1,0.995575,0.001784,0.002641
26,0,0.023034,0.764074,0.212892
27,1,0.920962,0.032684,0.046354
28,1,0.455181,0.002055,0.542764
29,0,0.938979,0.010318,0.050703
30,0,0.003696,0.000803,0.995501
31,0,0.001183,0.001113,0.997704
32,0,0.972847,0.000814,0.026339
33,1,0.989024,0.003633,0.007343
34,0,0.947792,0.009213,0.042995
35,1,0.944171,0.009144,0.046685
36,1,0.158309,0.000745,0.840946
37,1,0.001780,0.000331,0.997889
38,0,0.721287,0.003027,0.275686
39,0,0.003059,0.000789,0.996152
40,0,0.841191,0.032555,0.126254
41,0,0.052997,0.010800,0.936203
42,0,0.354394,0.004673,0.640934
43,0,0.046135,0.000790,0.953075
44,0,0.808913,0.007041,0.184047
45,1,0.604095,0.009253,0.386652
46,0,0.272289,0.002619,0.725092
47,1,0.030479,0.000840,0.968681
48,0,0.743475,0.001727,0.254798
49,1,0.775623,0.005224,0.219153
50,1,0.827868,0.009507,0.162625
51,0,0.012625,0.001605,0.985770
52,1,0.553874,0.008470,0.437656
53,1,0.350102,0.002655,0.647243
54,1,0.109782,0.065170,0.825048
55,1,0.020690,0.513490,0.465820
56,1,0.059737,0.001608,0.938655
57,0,0.030248,0.001163,0.968589
58,1,0.980920,0.013453,0.005627
59,1,0.903318,0.006245,0.090437
60,1,0.002032,0.000671,0.997297
61,1,0.266091,0.002643,0.731266
62,0,0.464430,0.001199,0.534371
63,1,0.116787,0.006403,0.876810
64,1,0.713256,0.109540,0.177204
65,0,0.615457,0.003387,0.381156
66,1,0.364093,0.003549,0.632358
67,1,0.006510,0.000437,0.993052
68,1,0.007467,0.002740,0.989793
69,1,0.012270,0.001605,0.986125
70,1,0.761483,0.002622,0.235894
71,1,0.708452,0.001323,0.290225
72,1,0.809970,0.002323,0.187707
73,1,0.863706,0.001107,0.135187
74,1,0.241183,0.001615,0.757201
75,1,0.588641,0.002634,0.408724
76,1,0.470348,0.000811,0.528841
77,1,0.154343,0.001151,0.844506
78,1,0.158863,0.003308,0.837829
79,1,0.506850,0.001672,0.491479
80,1,0.042493,0.000791,0.956716
81,1,0.011221,0.000565,0.988214
82,1,0.143239,0.001296,0.855466
83,1,0.281766,0.001225,0.717010
84,1,0.926098,0.055761,0.018140
85,1,0.830403,0.036685,0.132912
86,0,0.014708,0.018321,0.966971
87,1,0.977511,0.008812,0.013676
88,1,0.923828,0.010889,0.065283
89,1,0.974421,0.002721,0.022857
90,1,0.830528,0.149598,0.019874
91,1,0.646366,0.008094,0.345540
92,1,0.887722,0.002483,0.109795
93,1,0.190818,0.394179,0.415003
94,1,0.104747,0.000949,0.894304
95,1,0.592998,0.001218,0.405785
96,1,0.936617,0.000859,0.062524
97,1,0.853514,0.000591,0.145896
98,1,0.009647,0.000251,0.990102
99,1,0.021525,0.000425,0.978050
100,1,0.898143,0.000702,0.101155
101,0,0.003601,0.001773,0.994627
102,1,0.010127,0.003257,0.986616
103,1,0.022026,0.000435,0.977540
104,1,0.973563,0.001270,0.025167
105,1,0.305836,0.001748,0.692416
106,1,0.040696,0.022173,0.937131
107,1,0.473434,0.469512,0.057054
108,1,0.990676,0.001238,0.008086
109,1,0.977938,0.000970,0.021091
110,1,0.886194,0.001535,0.112271
111,1,0.947441,0.001121,0.051438
112,1,0.243113,0.001068,0.755819
113,1,0.242619,0.001922,0.755459
114,1,0.298046,0.002397,0.699558
115,0,0.001232,0.001054,0.997715
116,1,0.106343,0.001233,0.892424
117,1,0.277919,0.003637,0.718444
118,1,0.457741,0.007069,0.535190
119,1,0.504906,0.007858,0.487236
120,1,0.981368,0.001386,0.017246
121,1,0.948428,0.001141,0.050431
122,1,0.048347,0.296076,0.655577
123,1,0.959466,0.002999,0.037535
124,1,0.392575,0.545452,0.061973
125,1,0.163157,0.590752,0.246090
126,1,0.965763,0.003415,0.030822
127,1,0.987971,0.003373,0.008656
128,1,0.040721,0.001203,0.958077
129,1,0.956796,0.008941,0.034263
130,1,0.954226,0.006531,0.039243
131,1,0.979635,0.002972,0.017393
132,1,0.990381,0.006598,0.003021
133,1,0.984587,0.012141,0.003272
134,0,0.013121,0.003757,0.983122
135,0,0.457243,0.019131,0.523626
136,1,0.986272,0.001712,0.012016
137,0,0.007412,0.000448,0.992140
138,1,0.091830,0.000661,0.907510
139,0,0.943079,0.002345,0.054576
140,1,0.481764,0.000913,0.517323
141,1,0.775580,0.004081,0.220340
142,0,0.008100,0.001263,0.990637
143,0,0.004211,0.000585,0.995204
144,1,0.128904,0.731214,0.139882
145,1,0.949872,0.004183,0.045945
146,0,0.963271,0.001357,0.035372
147,1,0.214755,0.597283,0.187962
148,0,0.028580,0.001973,0.969447
149,1,0.728189,0.248834,0.022978
150,1,0.975925,0.000945,0.023130
151,1,0.988321,0.001051,0.010628
152,1,0.095863,0.754940,0.149198
153,1,0.959608,0.009587,0.030805
154,1,0.985611,0.001022,0.013367
155,1,0.986909,0.004716,0.008375
156,1,0.967808,0.003529,0.028663
157,1,0.931103,0.038039,0.030857
158,1,0.425666,0.004164,0.570170
159,1,0.264391,0.585190,0.150419
160,1,0.990594,0.002002,0.007404
161,1,0.988375,0.000807,0.010818
162,1,0.982801,0.000994,0.016205
163,1,0.987600,0.007988,0.004412
164,1,0.775109,0.002798,0.222093
165,1,0.275812,0.197381,0.526808
166,1,0.009674,0.000592,0.989735
167,1,0.802832,0.002278,0.194890
168,1,0.990883,0.001837,0.007280
169,1,0.953688,0.003412,0.042900
170,1,0.988668,0.000942,0.010390
171,1,0.811360,0.001553,0.187087
172,1,0.991208,0.000868,0.007924
173,1,0.464526,0.002689,0.532785
174,1,0.096420,0.001094,0.902487
175,1,0.908545,0.003443,0.088012
176,1,0.874026,0.100679,0.025295
177,1,0.628127,0.051862,0.320011
178,1,0.335756,0.370762,0.293482
179,1,0.175168,0.741561,0.083271
180,1,0.199093,0.018998,0.781908
181,1,0.064161,0.004329,0.931510
182,1,0.018122,0.001957,0.979921
183,1,0.006017,0.001912,0.992070
184,0,0.043663,0.016506,0.939831
185,0,0.193378,0.059132,0.747490
186,1,0.621684,0.084642,0.293674
187,1,0.553553,0.424399,0.022048
188,1,0.087016,0.000612,0.912371
189,1,0.074740,0.076018,0.849242
190,1,0.011677,0.078968,0.909356
191,1,0.314201,0.011927,0.673872
192,1,0.109724,0.001204,0.889072
193,1,0.046865,0.001957,0.951179
194,1,0.514985,0.006394,0.478621
195,1,0.478892,0.002917,0.518191
196,1,0.290410,0.004647,0.704943
197,1,0.829087,0.007106,0.163808
198,1,0.797629,0.005523,0.196848
199,1,0.594125,0.004320,0.401555
200,1,0.848494,0.003626,0.147880
201,1,0.148869,0.001422,0.849710
202,1,0.722751,0.003168,0.274081
203,1,0.682186,0.003804,0.314010
204,1,0.570111,0.005277,0.424612
205,1,0.397916,0.002701,0.599383
206,1,0.771993,0.005655,0.222352
207,1,0.342332,0.001914,0.655753
208,1,0.605540,0.002336,0.392124
209,1,0.628972,0.002597,0.368432
210,1,0.624102,0.002108,0.373789
211,1,0.197826,0.001333,0.800841
212,1,0.385838,0.001806,0.612355
213,0,0.001455,0.000547,0.997998
214,1,0.909920,0.004492,0.085587
215,1,0.730972,0.010379,0.258649
216,1,0.898455,0.008065,0.093480
217,1,0.944150,0.004082,0.051768
218,1,0.009288,0.000639,0.990072
219,1,0.707888,0.001093,0.291019
220,1,0.224729,0.391946,0.383324
221,1,0.754404,0.005644,0.239952
222,1,0.030124,0.000892,0.968984
223,1,0.010609,0.000468,0.988923
224,0,0.021754,0.001094,0.977153
225,1,0.601793,0.003968,0.394238
226,1,0.330169,0.006215,0.663616
227,1,0.653502,0.031510,0.314988
228,1,0.992072,0.003138,0.004790
229,1,0.957434,0.031217,0.011349
230,1,0.956280,0.002578,0.041142
231,1,0.276188,0.000590,0.723222
232,1,0.090755,0.002272,0.906973
233,1,0.504486,0.316015,0.179499
234,1,0.205876,0.001011,0.793114
235,1,0.126536,0.168914,0.704550
236,1,0.866106,0.006634,0.127261
237,1,0.865962,0.047748,0.086290
238,1,0.789049,0.052689,0.158262
239,1,0.601410,0.012586,0.386004
240,1,0.006936,0.000496,0.992568
241,1,0.032550,0.000762,0.966688
242,1,0.047714,0.001146,0.951140
243,1,0.059526,0.000642,0.939832
244,1,0.971243,0.001258,0.027499
245,1,0.266356,0.001855,0.731789
246,1,0.842078,0.048826,0.109096
247,1,0.059108,0.675533,0.265359
248,0,0.006770,0.002246,0.990983
249,1,0.905493,0.017968,0.076540
250,0,0.010703,0.002419,0.986878
251,1,0.190680,0.001110,0.808210
252,1,0.801864,0.023754,0.174382
253,1,0.491239,0.008143,0.500618
254,0,0.377838,0.004092,0.618071
255,0,0.292787,0.022626,0.684588
256,0,0.101438,0.001216,0.897346
257,1,0.291125,0.005588,0.703287
258,1,0.184559,0.333240,0.482201
259,1,0.992920,0.001702,0.005377
260,1,0.988279,0.005679,0.006042
261,1,0.988397,0.009392,0.002211
262,1,0.001291,0.000743,0.997966
263,1,0.519073,0.006400,0.474527
264,0,0.002503,0.000494,0.997003
265,0,0.000812,0.000971,0.998218
266,0,0.729888,0.001886,0.268226
267,1,0.715091,0.073262,0.211647
268,0,0.876771,0.003675,0.119555
269,0,0.702155,0.007878,0.289967
270,1,0.180443,0.412951,0.406606
271,1,0.264233,0.604477,0.131290
272,1,0.204851,0.003555,0.791595
273,0,0.001085,0.000305,0.998610
274,1,0.195734,0.001321,0.802945
275,0,0.491585,0.001938,0.506477
276,0,0.669365,0.005536,0.325099
277,0,0.542485,0.023356,0.434160
278,0,0.227776,0.000922,0.771302
279,0,0.215965,0.173610,0.610425
280,0,0.506603,0.374972,0.118425
281,0,0.409273,0.003609,0.587118
282,0,0.953493,0.024313,0.022195
283,0,0.964444,0.013389,0.022167
284,1,0.973782,0.019645,0.006574
285,0,0.491446,0.001441,0.507113
286,0,0.972703,0.011828,0.015469
287,0,0.459569,0.003363,0.537068
288,0,0.159936,0.005433,0.834631
289,0,0.334611,0.007470,0.657919
290,0,0.518416,0.008717,0.472867
291,0,0.644437,0.002447,0.353117
292,0,0.909449,0.005243,0.085308
293,0,0.645673,0.004844,0.349483
294,0,0.256828,0.002240,0.740932
295,1,0.977458,0.003327,0.019214
296,0,0.480969,0.079608,0.439422
297,0,0.650504,0.004523,0.344973
298,0,0.030314,0.052157,0.917529
299,0,0.769747,0.016246,0.214006
300,0,0.907932,0.002698,0.089370
301,0,0.108001,0.153011,0.738988
302,0,0.333619,0.001820,0.664562
303,1,0.611170,0.002659,0.386171
304,0,0.446305,0.006094,0.547601
305,0,0.722428,0.077150,0.200422
306,0,0.722548,0.081148,0.196304
307,0,0.978925,0.001011,0.020064
308,0,0.929293,0.001124,0.069583
309,1,0.744387,0.209437,0.046177
310,1,0.742271,0.128457,0.129273
311,1,0.921360,0.045099,0.033540
312,1,0.833641,0.013043,0.153315
313,1,0.177041,0.003615,0.819344
314,1,0.971069,0.002574,0.026357
315,0,0.219540,0.007440,0.773019
316,1,0.952275,0.001107,0.046618
317,1,0.897610,0.002162,0.100228
318,1,0.983966,0.002655,0.013378
319,0,0.592965,0.207210,0.199825
320,0,0.810477,0.001535,0.187988
321,0,0.078657,0.001300,0.920043
322,0,0.018485,0.002696,0.978819
323,0,0.081410,0.002902,0.915689
324,0,0.234371,0.007942,0.757688
325,0,0.129140,0.003104,0.867756
326,0,0.429704,0.002646,0.567650
327,1,0.813111,0.036115,0.150774
328,1,0.684874,0.297917,0.017209
329,1,0.408942,0.002140,0.588918
330,1,0.015535,0.003673,0.980792
331,1,0.097144,0.306481,0.596375
332,1,0.984222,0.009480,0.006298
333,1,0.080004,0.006713,0.913283
334,1,0.882656,0.001371,0.115974
335,1,0.147859,0.000656,0.851486
336,1,0.002139,0.000345,0.997516
337,1,0.004013,0.003335,0.992652
338,0,0.597123,0.002830,0.400048
339,0,0.856029,0.002724,0.141247
340,0,0.824923,0.001085,0.173992
341,0,0.460489,0.272233,0.267278
342,0,0.617220,0.007483,0.375297
343,0,0.915031,0.001923,0.083045
344,0,0.941528,0.022055,0.036417
345,0,0.052729,0.000967,0.946305
346,0,0.827908,0.002106,0.169986
347,0,0.294135,0.267581,0.438284
348,0,0.948440,0.002087,0.049473
349,0,0.956862,0.001515,0.041622
350,0,0.242691,0.002776,0.754532
351,0,0.991622,0.003525,0.004852
352,1,0.986656,0.003075,0.010269
353,0,0.381467,0.069444,0.549089
354,0,0.547927,0.022098,0.429975
355,0,0.594751,0.003580,0.401669
356,0,0.929770,0.024267,0.045963
357,0,0.881066,0.001058,0.117877
358,0,0.721469,0.177641,0.100890
359,0,0.966758,0.018348,0.014894
360,0,0.003211,0.000718,0.996071
361,0,0.375259,0.005657,0.619084
362,0,0.033601,0.000688,0.965711
363,0,0.008981,0.000277,0.990742
364,0,0.029399,0.000513,0.970087
365,0,0.931638,0.002743,0.065619
366,0,0.122092,0.001304,0.876604
367,0,0.264258,0.001058,0.734683
368,0,0.756654,0.001313,0.242033
369,0,0.179336,0.010676,0.809988
370,0,0.766335,0.011242,0.222423
371,0,0.003746,0.002998,0.993256
372,0,0.188086,0.043528,0.768386
373,0,0.674389,0.001514,0.324097
374,0,0.117861,0.000933,0.881206
375,0,0.874167,0.001026,0.124807
376,1,0.084472,0.000633,0.914895
377,1,0.005097,0.000638,0.994265
378,0,0.004187,0.000287,0.995526
379,1,0.883400,0.001567,0.115033
380,0,0.109671,0.000736,0.889593
381,0,0.023174,0.001087,0.975738
382,0,0.016745,0.000500,0.982756
383,1,0.913744,0.007527,0.078728
384,1,0.692461,0.002184,0.305355
385,1,0.608264,0.332517,0.059219
386,1,0.334191,0.001313,0.664496
387,1,0.462039,0.010197,0.527764
388,1,0.760959,0.222813,0.016228
389,0,0.139864,0.002433,0.857703
390,0,0.094752,0.135388,0.769860
391,0,0.740788,0.008359,0.250853
392,0,0.013743,0.000778,0.985479
393,1,0.684552,0.296020,0.019428
394,1,0.114527,0.740205,0.145268
395,1,0.375826,0.004965,0.619208
396,0,0.000853,0.000762,0.998385
397,1,0.001099,0.004017,0.994883
398,1,0.891778,0.001053,0.107169
399,1,0.373179,0.360844,0.265977
400,0,0.300799,0.001186,0.698015
401,0,0.103566,0.139893,0.756541
402,0,0.691695,0.002322,0.305983
403,0,0.340403,0.001928,0.657669
404,0,0.153621,0.003213,0.843166
405,0,0.937896,0.009026,0.053077
406,0,0.063899,0.070107,0.865994
407,0,0.081239,0.001233,0.917527
408,1,0.424396,0.528102,0.047502
409,0,0.001251,0.000641,0.998108
410,0,0.008186,0.000765,0.991049
411,0,0.001224,0.003701,0.995075
412,1,0.030033,0.000775,0.969192
413,1,0.970707,0.023407,0.005886
414,0,0.027815,0.001071,0.971114
415,0,0.878104,0.001776,0.120120
416,0,0.876251,0.001580,0.122168
417,0,0.912461,0.001056,0.086483
418,0,0.921901,0.005030,0.073070
419,1,0.009392,0.000339,0.990268
420,0,0.734898,0.247022,0.018080
421,0,0.971761,0.015197,0.013042
422,1,0.944769,0.023344,0.031888
423,0,0.047800,0.000787,0.951413
424,1,0.669328,0.007306,0.323366
425,0,0.067074,0.393411,0.539514
426,0,0.971776,0.024079,0.004146
427,0,0.979880,0.007081,0.013038
428,0,0.880317,0.064113,0.055570
429,0,0.007606,0.000798,0.991596
430,0,0.127328,0.077885,0.794786
431,0,0.001720,0.006738,0.991542
432,0,0.834348,0.004029,0.161624
433,0,0.573881,0.003608,0.422511
434,1,0.169851,0.008848,0.821301
435,0,0.072964,0.002493,0.924543
436,0,0.112551,0.005814,0.881635
437,1,0.093336,0.007547,0.899117
438,0,0.039124,0.004030,0.956846
439,1,0.941889,0.006165,0.051946
440,0,0.876694,0.003100,0.120206
441,0,0.932910,0.002488,0.064602
442,0,0.271062,0.002006,0.726932
443,0,0.336198,0.001630,0.662172
444,0,0.019908,0.000305,0.979787
445,0,0.439655,0.103366,0.456979
446,0,0.173993,0.063645,0.762361
447,0,0.015162,0.000886,0.983952
448,1,0.944559,0.015451,0.039991
449,1,0.974234,0.001701,0.024065
450,1,0.949884,0.001454,0.048663
451,0,0.819102,0.001328,0.179570
452,1,0.110143,0.001873,0.887984
453,1,0.913294,0.002590,0.084116
454,1,0.986295,0.011488,0.002218
455,1,0.981861,0.001451,0.016688
456,1,0.019410,0.001107,0.979483
457,1,0.203689,0.001281,0.795030
458,0,0.093075,0.108360,0.798566
459,1,0.853910,0.004908,0.141182
460,1,0.137875,0.077536,0.784589
461,0,0.099020,0.002029,0.898951
462,0,0.039797,0.001365,0.958837
463,0,0.028186,0.000569,0.971245
464,0,0.001050,0.000644,0.998306
465,0,0.000987,0.002271,0.996742
466,1,0.001996,0.001142,0.996862
467,0,0.006940,0.001729,0.991331
468,0,0.060522,0.100718,0.838760
469,0,0.292321,0.001930,0.705749
470,1,0.377043,0.006346,0.616611
471,1,0.961959,0.001406,0.036635
472,0,0.941092,0.001003,0.057904
473,1,0.007294,0.001421,0.991285
474,0,0.068928,0.001142,0.929930
475,0,0.597110,0.002046,0.400844
476,1,0.317259,0.001572,0.681170
477,0,0.084929,0.001120,0.913951
478,1,0.150201,0.773837,0.075963
479,0,0.802297,0.004357,0.193346
480,0,0.391090,0.002201,0.606709
481,1,0.688048,0.079926,0.232026
482,0,0.015912,0.282576,0.701512
483,0,0.915394,0.032252,0.052355
484,1,0.146517,0.001314,0.852169
485,0,0.066295,0.001508,0.932198
486,0,0.679823,0.001864,0.318313
487,0,0.021831,0.000382,0.977787
488,0,0.080019,0.001611,0.918369
489,1,0.954384,0.004621,0.040996
490,0,0.266420,0.021052,0.712528
491,0,0.113937,0.000966,0.885097
492,1,0.959623,0.007924,0.032453
493,1,0.868034,0.002202,0.129764
494,1,0.280913,0.693037,0.026050
495,1,0.594643,0.002720,0.402637
496,1,0.991071,0.004046,0.004883
497,0,0.790922,0.000975,0.208103
498,1,0.953822,0.002839,0.043339
499,0,0.171792,0.003201,0.825007
500,0,0.400226,0.002233,0.597541
501,1,0.288956,0.010607,0.700437
502,0,0.032858,0.000544,0.966598
503,0,0.026189,0.001387,0.972424
504,0,0.559722,0.215559,0.224719
505,1,0.963835,0.000855,0.035310
506,1,0.482484,0.010525,0.506991
507,1,0.213114,0.001338,0.785547
508,1,0.035328,0.002035,0.962636
509,1,0.309209,0.002665,0.688126
510,0,0.589876,0.019308,0.390816
511,0,0.360152,0.550219,0.089629
512,0,0.066986,0.037752,0.895262
513,0,0.010593,0.022823,0.966584
514,0,0.011896,0.000516,0.987588
515,0,0.804732,0.003534,0.191734
516,1,0.931804,0.060484,0.007712
517,0,0.061791,0.004794,0.933415
518,0,0.057236,0.087749,0.855015
519,0,0.564269,0.004285,0.431446
520,1,0.149573,0.006512,0.843915
521,1,0.672666,0.001933,0.325401
522,0,0.146911,0.097459,0.755630
523,1,0.932059,0.001405,0.066535
524,0,0.722840,0.023183,0.253977
525,0,0.428535,0.000957,0.570508
526,1,0.017963,0.704992,0.277044
527,0,0.971494,0.000556,0.027950
528,0,0.058213,0.265190,0.676597
529,1,0.968036,0.029586,0.002377
530,1,0.479946,0.023025,0.497029
531,1,0.051903,0.001641,0.946456
532,1,0.576116,0.007996,0.415888
533,1,0.656240,0.320092,0.023668
534,0,0.269488,0.001181,0.729332
535,0,0.002352,0.001389,0.996259
536,0,0.024438,0.000414,0.975148
537,1,0.822784,0.002176,0.175040
538,0,0.004462,0.001040,0.994499
539,0,0.000683,0.000627,0.998690
540,1,0.958974,0.001800,0.039226
541,0,0.010748,0.007398,0.981855
542,1,0.419151,0.001995,0.578854
543,1,0.341614,0.003384,0.655002
544,1,0.787764,0.044833,0.167403
545,1,0.457507,0.020896,0.521597
546,0,0.025692,0.000969,0.973339
547,1,0.955617,0.000906,0.043477
548,0,0.350364,0.571277,0.078359
549,1,0.058586,0.002293,0.939121
550,0,0.719586,0.002045,0.278369
551,1,0.948621,0.003694,0.047684
552,1,0.476739,0.002568,0.520693
553,0,0.019601,0.329741,0.650658
554,0,0.325708,0.049738,0.624554
555,0,0.143496,0.081216,0.775288
556,1,0.916826,0.017988,0.065185
557,0,0.165648,0.017330,0.817022
558,0,0.014624,0.638279,0.347097
559,1,0.872932,0.074879,0.052188
560,0,0.110543,0.001822,0.887634
561,1,0.801823,0.000946,0.197230
562,0,0.046293,0.000934,0.952773
563,0,0.162573,0.003376,0.834051
564,1,0.616624,0.000903,0.382473
565,0,0.963857,0.023394,0.012749
566,1,0.262678,0.002493,0.734829
567,1,0.137868,0.001329,0.860803
568,0,0.003751,0.000281,0.995969
569,1,0.586422,0.003077,0.410501
570,0,0.019733,0.878863,0.101404
571,0,0.315308,0.393170,0.291522
572,0,0.158004,0.002043,0.839952
573,1,0.332390,0.005084,0.662527
574,0,0.034109,0.002610,0.963280
575,1,0.535087,0.027285,0.437628
576,0,0.737934,0.013482,0.248584
577,1,0.711977,0.007972,0.280051
578,0,0.965145,0.001707,0.033148
579,1,0.948856,0.000955,0.050189
580,0,0.005044,0.000340,0.994616
581,1,0.520272,0.003329,0.476399
582,0,0.001756,0.000575,0.997668
583,0,0.957814,0.002330,0.039857
584,1,0.984254,0.000835,0.014911
585,1,0.342624,0.497751,0.159625
586,1,0.182246,0.002157,0.815596
587,0,0.510262,0.038407,0.451330
588,0,0.104488,0.004914,0.890597
589,0,0.983279,0.004664,0.012057
590,1,0.527795,0.007283,0.464922
591,0,0.001429,0.000592,0.997979
592,1,0.114684,0.081857,0.803459
593,1,0.173758,0.001050,0.825193
594,0,0.933828,0.004114,0.062058
595,0,0.057374,0.002095,0.940531
596,0,0.972628,0.005423,0.021949
597,0,0.548303,0.024920,0.426778
598,1,0.003993,0.000473,0.995534
599,1,0.448510,0.482304,0.069187
600,0,0.794864,0.007931,0.197204
601,0,0.459152,0.108725,0.432123
602,0,0.709901,0.002294,0.287805
603,0,0.045382,0.128613,0.826005
604,1,0.594489,0.001075,0.404436
605,0,0.028244,0.016279,0.955477
606,1,0.192546,0.443278,0.364176
607,0,0.107133,0.689905,0.202962
608,1,0.792220,0.001202,0.206578
609,0,0.141934,0.467089,0.390976
610,1,0.955881,0.003279,0.040841
611,0,0.610666,0.007280,0.382054
612,0,0.791984,0.013445,0.194571
613,0,0.104948,0.001475,0.893577
614,1,0.149957,0.436931,0.413111
615,1,0.982038,0.002117,0.015845
616,1,0.200076,0.002015,0.797908
617,0,0.003605,0.000944,0.995451
618,0,0.207633,0.001471,0.790896
619,0,0.161850,0.008979,0.829171
620,1,0.229871,0.005772,0.764357
621,0,0.956102,0.004256,0.039642
622,1,0.638510,0.001478,0.360012
623,0,0.748779,0.004871,0.246350
624,1,0.043193,0.002912,0.953895
625,0,0.522579,0.002834,0.474588
626,1,0.249844,0.083917,0.666238
627,1,0.023762,0.002945,0.973293
628,1,0.740552,0.001354,0.258094
629,1,0.970686,0.004531,0.024782
630,0,0.003789,0.001561,0.994651
631,1,0.651404,0.043543,0.305054
632,0,0.887596,0.089689,0.022715
633,0,0.207746,0.012164,0.780090
634,0,0.037747,0.859021,0.103232
635,0,0.843797,0.023052,0.133151
636,1,0.427048,0.002088,0.570864
637,0,0.589968,0.353339,0.056693
638,0,0.004498,0.000445,0.995057
639,0,0.002684,0.002292,0.995024
640,0,0.438762,0.013779,0.547458
641,0,0.001650,0.000420,0.997930
642,1,0.550924,0.007278,0.441798
643,0,0.014652,0.000417,0.984931
644,1,0.016900,0.010440,0.972660
645,0,0.563496,0.023201,0.413303
646,1,0.199772,0.006340,0.793888
647,0,0.031745,0.004269,0.963986
648,1,0.473819,0.095213,0.430968
649,0,0.463716,0.005528,0.530756
650,0,0.131322,0.007650,0.861028
651,1,0.125610,0.744067,0.130323
652,0,0.816065,0.003239,0.180695
653,0,0.054669,0.001310,0.944021
654,1,0.932386,0.002481,0.065133
655,0,0.011725,0.000484,0.987792
656,0,0.000677,0.001003,0.998320
657,0,0.001005,0.000730,0.998265
658,0,0.714260,0.001205,0.284535
659,0,0.089795,0.009328,0.900877
660,0,0.990641,0.003863,0.005496
661,1,0.981703,0.001302,0.016995
662,0,0.562068,0.157691,0.280241
663,0,0.015447,0.000803,0.983751
664,1,0.023248,0.504025,0.472727
665,0,0.889291,0.002540,0.108169
666,1,0.975661,0.001718,0.022621
667,1,0.913400,0.001127,0.085472
668,1,0.099624,0.009675,0.890701
669,0,0.054408,0.443872,0.501719
670,1,0.869604,0.070104,0.060291
671,0,0.430695,0.451392,0.117913
672,1,0.032883,0.024185,0.942932
673,0,0.020029,0.001673,0.978298
674,1,0.667987,0.042965,0.289049
675,0,0.096285,0.753034,0.150681
676,1,0.985422,0.012128,0.002450
677,0,0.118032,0.001667,0.880300
678,1,0.013467,0.014940,0.971593
679,0,0.232225,0.004035,0.763741
680,1,0.016270,0.000468,0.983262
681,1,0.510945,0.004856,0.484198
682,0,0.208544,0.002074,0.789382
683,0,0.005529,0.000728,0.993742
684,0,0.106069,0.050053,0.843878
685,1,0.127050,0.001179,0.871771
686,1,0.685208,0.003097,0.311695
687,0,0.866109,0.001052,0.132838
688,0,0.171993,0.077699,0.750308
689,0,0.584168,0.001952,0.413880
690,1,0.988517,0.004447,0.007036
691,1,0.898450,0.082473,0.019077
692,0,0.945877,0.008746,0.045377
693,0,0.841076,0.001191,0.157733
694,1,0.439529,0.000965,0.559506
695,1,0.905170,0.036910,0.057920
696,0,0.180650,0.007644,0.811706
697,0,0.007240,0.001630,0.991130
698,1,0.913477,0.003010,0.083514
699,1,0.938776,0.004588,0.056636
700,0,0.009813,0.001768,0.988419
701,0,0.006298,0.000636,0.993066
702,0,0.046768,0.012415,0.940818
703,1,0.101019,0.003053,0.895929
704,1,0.761435,0.002112,0.236452
705,1,0.884759,0.049231,0.066010
706,1,0.021535,0.790395,0.188069
707,0,0.001429,0.001035,0.997536
708,0,0.018803,0.002428,0.978769
709,1,0.254654,0.594411,0.150934
710,0,0.977591,0.009437,0.012973
711,0,0.175400,0.024213,0.800386
712,1,0.053442,0.920095,0.026463
713,0,0.001906,0.000466,0.997629
714,0,0.936228,0.009448,0.054324
715,0,0.671497,0.001304,0.327199
716,1,0.985215,0.001751,0.013034
717,1,0.928682,0.010583,0.060735
718,1,0.319304,0.000897,0.679799
719,1,0.311185,0.001661,0.687154
720,0,0.529103,0.007756,0.463141
721,1,0.867292,0.001255,0.131453
722,1,0.911921,0.013215,0.074864
723,1,0.230750,0.000584,0.768665
724,0,0.040330,0.025479,0.934191
725,1,0.813071,0.023313,0.163616
726,1,0.001410,0.000654,0.997936
727,0,0.472506,0.002214,0.525281
728,1,0.977981,0.001766,0.020253
729,0,0.006286,0.000632,0.993082
730,0,0.001743,0.004281,0.993976
731,0,0.223039,0.002744,0.774217
732,0,0.000792,0.000439,0.998769
733,1,0.681014,0.002076,0.316911
734,0,0.014374,0.374847,0.610779
735,0,0.161825,0.000970,0.837205
736,0,0.003025,0.000347,0.996627
737,0,0.004417,0.000461,0.995121
738,1,0.079387,0.000540,0.920073
739,1,0.405351,0.460610,0.134038
740,0,0.002631,0.000497,0.996872
741,0,0.069332,0.017923,0.912745
742,1,0.919864,0.003402,0.076734
743,0,0.072569,0.106105,0.821326
744,0,0.863733,0.001101,0.135165
745,0,0.002691,0.002370,0.994940
746,0,0.095087,0.002348,0.902565
747,1,0.461802,0.001173,0.537025
748,1,0.936628,0.021315,0.042057
749,0,0.426667,0.002994,0.570339
750,0,0.968106,0.001659,0.030235
751,0,0.411564,0.019698,0.568738
752,1,0.935302,0.021904,0.042794
753,1,0.783429,0.005635,0.210936
754,0,0.382014,0.009891,0.608095
755,1,0.816252,0.012481,0.171267
756,1,0.021775,0.000442,0.977783
757,0,0.033625,0.004772,0.961603
758,0,0.931291,0.018528,0.050181
759,0,0.909300,0.001563,0.089137
760,1,0.971519,0.000873,0.027608
761,0,0.003909,0.072907,0.923184
762,0,0.024210,0.009645,0.966145
763,0,0.242422,0.026045,0.731533
764,0,0.217296,0.035373,0.747331
765,0,0.756728,0.016866,0.226406
766,1,0.890682,0.002190,0.107128
767,1,0.229041,0.015631,0.755329
768,0,0.883038,0.008766,0.108196
769,0,0.178556,0.006758,0.814686
770,1,0.898276,0.001598,0.100126
771,0,0.595050,0.013160,0.391790
772,1,0.755786,0.210938,0.033276
773,0,0.006901,0.002011,0.991088
774,0,0.211327,0.002205,0.786468
775,0,0.786063,0.024835,0.189102
776,0,0.990897,0.001537,0.007566
777,0,0.119153,0.264862,0.615985
778,1,0.935545,0.021599,0.042855
779,0,0.518874,0.003323,0.477803
780,1,0.737683,0.002604,0.259713
781,0,0.795594,0.003790,0.200616
782,1,0.036148,0.812111,0.151741
783,0,0.262221,0.071447,0.666332
784,1,0.015810,0.001140,0.983050
785,1,0.639496,0.342434,0.018070
786,0,0.001273,0.000600,0.998127
787,0,0.191826,0.673366,0.134807
788,1,0.987304,0.005185,0.007511
789,1,0.124425,0.048756,0.826819
790,1,0.332744,0.000753,0.666503
791,1,0.323430,0.001998,0.674572
792,1,0.749251,0.003681,0.247068
793,0,0.068262,0.005879,0.925859
794,1,0.991372,0.002280,0.006348
795,0,0.473764,0.004714,0.521522
796,1,0.712690,0.001784,0.285526
797,0,0.008820,0.005849,0.985331
798,0,0.007242,0.001023,0.991735
799,0,0.421747,0.000920,0.577333
800,0,0.374626,0.001226,0.624148
801,0,0.001177,0.001565,0.997258
802,0,0.031121,0.622004,0.346875
803,0,0.922761,0.026798,0.050441
804,0,0.597474,0.003799,0.398726
805,0,0.353587,0.002025,0.644388
806,0,0.001605,0.001154,0.997241
807,0,0.356247,0.001010,0.642743
808,0,0.841771,0.007081,0.151148
809,0,0.868688,0.002114,0.129198
810,0,0.734608,0.001536,0.263856
811,0,0.648161,0.002114,0.349725
812,0,0.004191,0.000843,0.994966
813,0,0.858577,0.002049,0.139373
814,0,0.089883,0.002963,0.907153
815,0,0.343714,0.001024,0.655261
816,0,0.419608,0.001882,0.578510
817,0,0.010779,0.000788,0.988433
818,0,0.651217,0.005921,0.342862
819,0,0.001287,0.000579,0.998134
820,0,0.020653,0.001378,0.977969
821,0,0.286787,0.001536,0.711677
822,0,0.003587,0.001580,0.994833
823,0,0.218004,0.005478,0.776518
824,0,0.000587,0.000684,0.998728
825,0,0.180217,0.001220,0.818563
826,0,0.135527,0.001461,0.863011
827,0,0.305971,0.000920,0.693109
828,0,0.720530,0.001571,0.277899
829,0,0.003890,0.001239,0.994871
830,0,0.932727,0.001479,0.065794
831,0,0.140396,0.001312,0.858292
832,0,0.598256,0.001908,0.399835
833,0,0.461326,0.001225,0.537448
834,1,0.977891,0.001624,0.020486
835,0,0.046594,0.003149,0.950257
836,1,0.845121,0.002314,0.152565
837,0,0.656451,0.001702,0.341847
838,0,0.001030,0.000422,0.998547
839,0,0.007339,0.000407,0.992254
840,1,0.703739,0.002282,0.293979
841,0,0.413029,0.003677,0.583293
842,0,0.118869,0.001254,0.879876
843,0,0.459349,0.001156,0.539495
844,1,0.202274,0.002683,0.795043
845,0,0.216576,0.000870,0.782554
846,0,0.430297,0.001456,0.568246
847,0,0.880714,0.001305,0.117981
848,0,0.005766,0.001150,0.993084
849,0,0.465090,0.001635,0.533275
850,0,0.378396,0.001109,0.620494
851,0,0.017763,0.001915,0.980322
852,0,0.264294,0.009861,0.725845
853,0,0.055753,0.007672,0.936575
854,0,0.002561,0.001704,0.995734
855,0,0.893424,0.000945,0.105631
856,1,0.990167,0.002317,0.007515
857,1,0.824234,0.001374,0.174392
858,0,0.198595,0.001309,0.800095
859,0,0.638408,0.001713,0.359879
860,0,0.207506,0.039598,0.752896
861,0,0.793679,0.000843,0.205479
862,0,0.028114,0.000494,0.971391
863,1,0.930178,0.001138,0.068684
864,0,0.047406,0.119119,0.833476
865,1,0.957075,0.010155,0.032770
866,0,0.363547,0.001573,0.634881
867,0,0.744771,0.001698,0.253531
868,0,0.132345,0.000818,0.866837
869,0,0.892370,0.001074,0.106556
870,0,0.798792,0.001116,0.200092
871,1,0.417439,0.001102,0.581459
872,0,0.753584,0.001252,0.245164
873,0,0.115415,0.003075,0.881511
874,0,0.843696,0.001085,0.155219
875,0,0.101815,0.000627,0.897558
876,0,0.008735,0.003872,0.987393
877,0,0.729658,0.222909,0.047434
878,0,0.033405,0.000486,0.966109
879,0,0.761545,0.001708,0.236747
880,1,0.994436,0.001938,0.003626
881,0,0.516727,0.003121,0.480152
882,0,0.256558,0.002188,0.741254
883,0,0.047137,0.000499,0.952364
884,0,0.083635,0.000401,0.915964
885,0,0.817465,0.001284,0.181250
886,0,0.027752,0.000413,0.971835
887,0,0.683902,0.019011,0.297086
888,0,0.036179,0.000593,0.963228
889,0,0.733108,0.001227,0.265665
890,0,0.137444,0.000494,0.862063
891,0,0.282723,0.001150,0.716128
892,0,0.349670,0.000931,0.649399
893,0,0.912321,0.000829,0.086850
894,0,0.037855,0.001126,0.961019
895,0,0.019560,0.002044,0.978396
896,0,0.054447,0.000824,0.944729
897,0,0.014011,0.000323,0.985666
898,0,0.041579,0.000423,0.957997
899,0,0.015936,0.007632,0.976431
900,1,0.120066,0.001617,0.878317
901,0,0.152783,0.001740,0.845477
902,0,0.621358,0.001240,0.377402
903,0,0.992626,0.002295,0.005079
904,0,0.275241,0.003486,0.721272
905,0,0.280348,0.000929,0.718723
906,0,0.003571,0.003030,0.993399
907,0,0.496544,0.001572,0.501884
908,0,0.156665,0.000936,0.842398
909,0,0.000780,0.000682,0.998538
910,0,0.780053,0.008551,0.211397
911,0,0.915681,0.001483,0.082836
912,0,0.490747,0.001676,0.507578
913,1,0.782326,0.001916,0.215758
914,0,0.008730,0.000463,0.990807
915,0,0.565464,0.331561,0.102975
916,0,0.131423,0.815367,0.053211
917,0,0.002728,0.000462,0.996809
918,0,0.556475,0.002464,0.441061
919,0,0.802234,0.002655,0.195111
920,0,0.163719,0.001642,0.834639
921,0,0.019917,0.009038,0.971045
922,1,0.504203,0.001144,0.494653
923,1,0.991156,0.001606,0.007238
924,0,0.026974,0.000787,0.972239
925,1,0.925841,0.001368,0.072791
926,1,0.964859,0.000809,0.034332
927,1,0.483607,0.001719,0.514675
928,1,0.685345,0.001041,0.313614
929,1,0.978632,0.006674,0.014695
930,1,0.415365,0.033539,0.551096
931,0,0.072016,0.000657,0.927327
932,0,0.067780,0.000709,0.931511
933,1,0.133582,0.001578,0.864840
934,0,0.114247,0.009526,0.876227
935,0,0.094617,0.000498,0.904885
936,1,0.887517,0.000906,0.111577
937,0,0.188673,0.001136,0.810190
938,0,0.019913,0.000341,0.979746
939,0,0.866675,0.001147,0.132179
940,0,0.007870,0.005255,0.986875
941,0,0.310556,0.001167,0.688277
942,0,0.346276,0.000785,0.652939
943,0,0.226602,0.001140,0.772258
944,0,0.061576,0.000468,0.937956
945,0,0.645799,0.000885,0.353316
946,0,0.292583,0.000711,0.706706
947,0,0.438773,0.001184,0.560043
948,0,0.142777,0.001691,0.855532
949,0,0.817019,0.002062,0.180920
950,0,0.015176,0.043211,0.941612
951,0,0.050312,0.001435,0.948253
952,1,0.812074,0.002890,0.185036
953,0,0.515574,0.001839,0.482586
954,0,0.005567,0.003146,0.991287
955,0,0.873252,0.001191,0.125557
956,1,0.883463,0.003667,0.112870
957,1,0.986192,0.000753,0.013056
958,1,0.877067,0.007860,0.115073
959,1,0.624098,0.003158,0.372745
960,1,0.991439,0.002812,0.005749
961,0,0.584986,0.011392,0.403622
962,0,0.003214,0.000352,0.996434
963,0,0.003717,0.001090,0.995193
964,0,0.674161,0.002829,0.323009
965,1,0.893992,0.064374,0.041634
966,0,0.511220,0.001178,0.487602
967,0,0.001302,0.000952,0.997746
968,1,0.228857,0.003281,0.767862
969,1,0.977226,0.008760,0.014014
970,1,0.268086,0.002658,0.729256
971,0,0.493284,0.001140,0.505575
972,0,0.053630,0.000489,0.945881
973,1,0.975223,0.002499,0.022278
974,1,0.985411,0.011920,0.002669
975,0,0.001921,0.000342,0.997737
976,1,0.974356,0.001432,0.024212
977,0,0.000606,0.000547,0.998847
978,0,0.898317,0.001048,0.100636
979,1,0.425949,0.001971,0.572080
980,0,0.781952,0.001513,0.216535
981,1,0.925264,0.001059,0.073677
982,0,0.202112,0.126844,0.671044
983,0,0.538083,0.003804,0.458112
984,0,0.036083,0.008158,0.955759
985,0,0.010401,0.000756,0.988842
986,0,0.417790,0.000806,0.581403
987,0,0.362608,0.002544,0.634848
988,0,0.001448,0.000433,0.998119
989,0,0.733465,0.001705,0.264829
990,1,0.994245,0.001848,0.003907
991,1,0.941825,0.001921,0.056254
992,1,0.020566,0.000366,0.979068
993,0,0.205288,0.030821,0.763892
994,0,0.018760,0.000658,0.980582
995,0,0.116452,0.001712,0.881836
996,1,0.897978,0.062395,0.039627
997,1,0.961484,0.006160,0.032355
998,0,0.364176,0.002415,0.633410
999,0,0.405189,0.001617,0.593194
1000,1,0.931217,0.001139,0.067644
1001,0,0.075071,0.002608,0.922321
1002,1,0.645946,0.305795,0.048260
1003,1,0.857742,0.003014,0.139245
1004,1,0.275066,0.001066,0.723868
1005,1,0.811906,0.014958,0.173136
1006,0,0.922039,0.006673,0.071288
1007,1,0.751959,0.003058,0.244983
1008,1,0.303498,0.000931,0.695571
1009,0,0.112459,0.000480,0.887061
1010,1,0.935362,0.039023,0.025615
1011,1,0.797809,0.000829,0.201362
1012,1,0.423344,0.012243,0.564413
1013,0,0.078162,0.001644,0.920194
1014,0,0.786804,0.006057,0.207139
1015,0,0.318092,0.001620,0.680288
1016,1,0.869502,0.003243,0.127256
1017,0,0.152163,0.037217,0.810620
1018,1,0.988058,0.001599,0.010343
1019,1,0.939414,0.034502,0.026084
1020,0,0.061411,0.000624,0.937964
1021,0,0.041944,0.000491,0.957565
1022,0,0.353708,0.001164,0.645128
1023,1,0.458554,0.000923,0.540523
1024,0,0.321074,0.007168,0.671758
1025,0,0.031802,0.001643,0.966555
1026,0,0.002679,0.001088,0.996233
1027,1,0.733208,0.004901,0.261890
1028,0,0.039643,0.001285,0.959073
1029,0,0.133930,0.000862,0.865209
1030,0,0.748425,0.001389,0.250187
1031,0,0.134552,0.001232,0.864216
1032,0,0.177701,0.661548,0.160751
1033,1,0.866095,0.002027,0.131878
1034,1,0.067726,0.000603,0.931671
1035,0,0.312287,0.001742,0.685971
1036,0,0.001836,0.010643,0.987521
1037,0,0.881004,0.001119,0.117877
1038,0,0.065922,0.000734,0.933343
1039,1,0.476674,0.002218,0.521108
1040,0,0.244570,0.001877,0.753553
1041,0,0.010733,0.000566,0.988701
1042,1,0.749336,0.002811,0.247852
1043,0,0.722225,0.000860,0.276916
1044,0,0.797891,0.000938,0.201171
1045,0,0.066762,0.000760,0.932477
1046,0,0.293670,0.078384,0.627946
1047,0,0.924619,0.007201,0.068180
1048,0,0.351964,0.002707,0.645329
1049,0,0.033296,0.001953,0.964751
1050,0,0.000677,0.000406,0.998917
1051,0,0.152730,0.148663,0.698607
1052,0,0.985017,0.001635,0.013347
1053,1,0.902227,0.002222,0.095552
1054,1,0.892142,0.002214,0.105644
1055,1,0.831359,0.001572,0.167069
1056,1,0.986091,0.007025,0.006884
1057,0,0.265716,0.000649,0.733636
1058,0,0.776823,0.001969,0.221208
1059,1,0.958911,0.004471,0.036618
1060,1,0.898243,0.004991,0.096766
1061,1,0.985920,0.006521,0.007560
1062,0,0.007183,0.000267,0.992549
1063,1,0.724081,0.004247,0.271672
1064,1,0.039594,0.000423,0.959983
1065,0,0.779706,0.001782,0.218511
1066,0,0.425603,0.002295,0.572103
1067,0,0.171605,0.031219,0.797176
1068,1,0.712804,0.002446,0.284751
1069,0,0.165719,0.002282,0.831999
1070,0,0.000890,0.000487,0.998623
1071,1,0.976162,0.018283,0.005555
1072,1,0.712538,0.237247,0.050215
1073,0,0.345303,0.001423,0.653274
1074,0,0.001764,0.000615,0.997621
1075,0,0.589833,0.001531,0.408636
1076,0,0.954086,0.001515,0.044399
1077,1,0.018714,0.001282,0.980004
1078,0,0.226116,0.001821,0.772063
1079,0,0.989797,0.002859,0.007344
1080,0,0.412137,0.004724,0.583138
1081,0,0.047711,0.149068,0.803221
1082,1,0.002400,0.000841,0.996758
1083,0,0.671533,0.005867,0.322600
1084,0,0.295252,0.004909,0.699839
1085,0,0.088338,0.001217,0.910446
1086,0,0.084652,0.001813,0.913535
1087,1,0.813132,0.070455,0.116413
1088,1,0.311720,0.001063,0.687217
1089,1,0.936419,0.001953,0.061628
1090,1,0.435053,0.004254,0.560693
1091,0,0.001898,0.001041,0.997061
1092,0,0.047876,0.000620,0.951504
1093,1,0.101266,0.001469,0.897265
1094,1,0.603159,0.002002,0.394838
1095,0,0.855542,0.000816,0.143642
1096,0,0.401539,0.064674,0.533787
1097,0,0.477190,0.002339,0.520471
1098,0,0.784867,0.001202,0.213930
1099,0,0.034977,0.000477,0.964546
1100,0,0.438838,0.002771,0.558391
1101,0,0.013367,0.000688,0.985945
1102,0,0.960837,0.001305,0.037858
1103,1,0.889165,0.002118,0.108718
1104,0,0.001457,0.000371,0.998172
1105,1,0.296720,0.001164,0.702116
1106,1,0.165592,0.001766,0.832642
1107,0,0.012355,0.000511,0.987134
1108,0,0.019248,0.000389,0.980363
1109,0,0.144096,0.006748,0.849156
1110,0,0.974282,0.001327,0.024391
1111,0,0.986125,0.000748,0.013128
1112,0,0.127191,0.000579,0.872230
1113,0,0.992394,0.001504,0.006102
1114,0,0.915339,0.000806,0.083856
1115,0,0.244768,0.001373,0.753859
1116,0,0.370018,0.000868,0.629114
1117,0,0.375595,0.005201,0.619205
1118,0,0.062461,0.000857,0.936681
1119,1,0.058348,0.462830,0.478823
1120,1,0.924372,0.003117,0.072511
1121,0,0.117534,0.003367,0.879100
1122,1,0.823007,0.001929,0.175064
1123,1,0.867544,0.002505,0.129951
1124,0,0.000993,0.002612,0.996395
1125,0,0.945703,0.002094,0.052203
1126,1,0.991201,0.000847,0.007952
1127,0,0.279561,0.032375,0.688064
1128,0,0.959339,0.001883,0.038779
1129,0,0.449030,0.002213,0.548757
1130,0,0.884381,0.002434,0.113184
1131,0,0.024620,0.000677,0.974702
1132,1,0.924510,0.002119,0.073372
1133,1,0.061775,0.000730,0.937495
1134,0,0.046149,0.002354,0.951497
1135,0,0.015444,0.004617,0.979939
1136,0,0.107316,0.015536,0.877149
1137,0,0.988098,0.001938,0.009964
1138,1,0.288798,0.352722,0.358481
1139,0,0.504954,0.001351,0.493695
1140,0,0.463827,0.001126,0.535047
1141,0,0.177501,0.010429,0.812070
1142,0,0.004419,0.000446,0.995135
1143,0,0.020455,0.001203,0.978342
1144,1,0.246141,0.001944,0.751915
1145,1,0.695822,0.006894,0.297284
1146,1,0.695726,0.004405,0.299869
1147,0,0.556987,0.312448,0.130565
1148,0,0.615875,0.002040,0.382084
1149,0,0.005277,0.000527,0.994196
1150,1,0.972164,0.003546,0.024291
1151,1,0.984302,0.002168,0.013530
1152,0,0.659129,0.004080,0.336791
1153,0,0.110559,0.001284,0.888157
1154,0,0.338631,0.001371,0.659999
1155,1,0.987077,0.000881,0.012043
1156,0,0.854473,0.000771,0.144756
1157,0,0.508670,0.000770,0.490560
1158,0,0.799122,0.001395,0.199483
1159,0,0.945779,0.001857,0.052365
1160,0,0.310269,0.201944,0.487787
1161,1,0.459435,0.511147,0.029418
1162,1,0.915564,0.001128,0.083309
1163,0,0.964824,0.002811,0.032365
1164,1,0.518176,0.001386,0.480438
1165,1,0.969491,0.002728,0.027780
1166,1,0.205217,0.771164,0.023619
1167,1,0.394022,0.001707,0.604271
1168,0,0.022145,0.001013,0.976842
1169,1,0.771916,0.001207,0.226877
1170,1,0.922520,0.001858,0.075621
1171,1,0.695042,0.002332,0.302626
1172,1,0.706976,0.228446,0.064578
1173,1,0.401800,0.006431,0.591770
1174,0,0.004342,0.000575,0.995083
1175,1,0.929544,0.001267,0.069189
1176,0,0.478280,0.001232,0.520487
1177,1,0.854578,0.003074,0.142347
1178,1,0.989227,0.001735,0.009038
1179,0,0.109740,0.001352,0.888908
1180,0,0.864113,0.001547,0.134340
1181,0,0.033370,0.000886,0.965743
1182,0,0.207120,0.002185,0.790695
1183,0,0.057207,0.000589,0.942204
1184,0,0.632012,0.005492,0.362496
1185,0,0.041956,0.003055,0.954989
1186,0,0.101549,0.000608,0.897843
1187,1,0.832872,0.002228,0.164900
1188,1,0.004126,0.001918,0.993956
1189,0,0.028182,0.002099,0.969719
1190,0,0.134418,0.001153,0.864429
1191,0,0.461805,0.000811,0.537384
1192,1,0.064874,0.001065,0.934062
1193,1,0.981597,0.001177,0.017226
1194,0,0.804931,0.004090,0.190979
1195,0,0.042049,0.004012,0.953939
1196,1,0.572253,0.001534,0.426213
1197,1,0.860741,0.053886,0.085373
1198,1,0.913431,0.009371,0.077198
1199,1,0.703126,0.108755,0.188119
1200,1,0.267866,0.000939,0.731196
1201,1,0.975062,0.001845,0.023092
1202,1,0.839393,0.008895,0.151712
1203,1,0.713292,0.007487,0.279221
1204,1,0.040631,0.734920,0.224449
1205,1,0.533428,0.004092,0.462480
1206,1,0.034316,0.000689,0.964996
1207,1,0.976049,0.001634,0.022317
1208,1,0.972622,0.001043,0.026335
1209,1,0.966173,0.004499,0.029328
1210,1,0.256291,0.001641,0.742068
1211,1,0.955474,0.003132,0.041394
1212,1,0.278269,0.008395,0.713336
1213,1,0.668178,0.149534,0.182288
1214,1,0.415948,0.002418,0.581634
1215,1,0.006816,0.025964,0.967220
1216,1,0.022720,0.002655,0.974625
1217,1,0.664209,0.007464,0.328327
1218,1,0.936135,0.003564,0.060301
1219,1,0.949916,0.009959,0.040126
1220,1,0.032829,0.000742,0.966429
1221,1,0.105146,0.021279,0.873575
1222,1,0.815685,0.002292,0.182023
1223,1,0.937719,0.001133,0.061147
1224,1,0.986569,0.000805,0.012625
1225,1,0.941385,0.001387,0.057227
1226,1,0.813920,0.001848,0.184232
1227,1,0.822561,0.000894,0.176545
1228,1,0.986825,0.001911,0.011264
1229,1,0.902684,0.000828,0.096488
1230,1,0.093272,0.000776,0.905951
1231,1,0.809053,0.002626,0.188322
1232,1,0.444183,0.001261,0.554555
1233,1,0.820681,0.000811,0.178508
1234,1,0.982614,0.004739,0.012647
1235,1,0.739761,0.189011,0.071228
1236,1,0.893209,0.060780,0.046011
1237,1,0.312672,0.126337,0.560991
1238,1,0.901379,0.002324,0.096296
1239,0,0.302300,0.002499,0.695201
1240,1,0.978886,0.002022,0.019091
1241,1,0.582584,0.003410,0.414005
1242,1,0.575456,0.000742,0.423802
1243,1,0.958625,0.002851,0.038524
1244,1,0.430775,0.028727,0.540499
1245,1,0.264685,0.001042,0.734273
1246,1,0.043262,0.000626,0.956112
1247,1,0.992016,0.001733,0.006251
1248,0,0.095374,0.152682,0.751945
1249,1,0.003116,0.001201,0.995683
1250,1,0.991365,0.002491,0.006144
1251,1,0.855315,0.003195,0.141490
1252,1,0.980875,0.002308,0.016818
1253,1,0.866056,0.001885,0.132059
1254,0,0.454548,0.001705,0.543747
1255,0,0.053318,0.008100,0.938582
1256,0,0.143996,0.078790,0.777214
1257,0,0.031997,0.002516,0.965487
1258,1,0.474302,0.001544,0.524155
1259,0,0.829431,0.003030,0.167540
1260,1,0.971457,0.024510,0.004032
1261,1,0.696141,0.011453,0.292406
1262,1,0.979178,0.005648,0.015174
1263,0,0.216565,0.110864,0.672571
1264,0,0.233555,0.001804,0.764641
1265,0,0.093467,0.004040,0.902493
1266,1,0.269358,0.000954,0.729688
1267,0,0.114214,0.000674,0.885112
1268,0,0.882343,0.000807,0.116850
1269,0,0.941240,0.002243,0.056516
1270,1,0.024730,0.442271,0.532999
1271,0,0.850537,0.004650,0.144813
1272,0,0.119001,0.001105,0.879894
1273,0,0.008296,0.003708,0.987996
1274,0,0.375253,0.003844,0.620903
1275,0,0.819807,0.001016,0.179177
1276,1,0.661135,0.002688,0.336177
1277,1,0.027565,0.000867,0.971568
1278,1,0.272065,0.331736,0.396199
1279,1,0.156515,0.001487,0.841998
1280,0,0.453958,0.001069,0.544974
1281,0,0.263788,0.001689,0.734523
1282,1,0.939689,0.001416,0.058896
1283,0,0.222437,0.000761,0.776803
1284,1,0.961358,0.000775,0.037868
1285,1,0.280147,0.000933,0.718920
1286,0,0.827185,0.001582,0.171234
1287,0,0.001110,0.001063,0.997827
1288,0,0.161640,0.002112,0.836247
1289,0,0.007942,0.000733,0.991326
1290,1,0.169723,0.002291,0.827987
1291,0,0.241429,0.286638,0.471934
1292,0,0.185736,0.001350,0.812915
1293,1,0.708297,0.001517,0.290186
1294,1,0.947178,0.001098,0.051724
1295,0,0.929995,0.029883,0.040121
1296,1,0.953811,0.001115,0.045074
1297,0,0.763992,0.001660,0.234348
1298,1,0.991753,0.003755,0.004492
1299,0,0.108527,0.005528,0.885945
1300,0,0.565446,0.001738,0.432816
1301,1,0.248718,0.184910,0.566373
1302,1,0.834965,0.001435,0.163600
1303,1,0.684141,0.004477,0.311382
1304,0,0.575644,0.001994,0.422361
1305,0,0.001929,0.000551,0.997520
1306,0,0.725751,0.000869,0.273380
1307,0,0.347256,0.005784,0.646960
1308,1,0.896085,0.005280,0.098635
1309,1,0.068851,0.436813,0.494337
1310,0,0.004104,0.000330,0.995566
1311,0,0.004339,0.000462,0.995198
1312,1,0.453223,0.009508,0.537269
1313,0,0.683263,0.000678,0.316059
1314,0,0.968622,0.001577,0.029801
1315,1,0.429201,0.001441,0.569358
1316,0,0.809832,0.001383,0.188785
1317,1,0.941509,0.001682,0.056808
1318,1,0.270686,0.000661,0.728653
1319,0,0.028604,0.021724,0.949672
1320,0,0.161616,0.002679,0.835705
1321,0,0.895231,0.002962,0.101806
1322,1,0.122576,0.012364,0.865060
1323,0,0.092035,0.000752,0.907212
1324,0,0.069660,0.002520,0.927820
1325,0,0.262539,0.001523,0.735938
1326,1,0.008112,0.001711,0.990177
1327,0,0.028452,0.007969,0.963579
1328,0,0.026888,0.001168,0.971945
1329,1,0.992794,0.003505,0.003701
1330,1,0.956974,0.002539,0.040487
1331,0,0.702220,0.001145,0.296635
1332,1,0.988193,0.006992,0.004815
1333,1,0.958537,0.001459,0.040003
1334,0,0.074312,0.001056,0.924633
1335,0,0.879351,0.001534,0.119115
1336,1,0.269167,0.017357,0.713476
1337,0,0.528807,0.002579,0.468614
1338,0,0.001005,0.000318,0.998677
1339,1,0.985803,0.000818,0.013379
1340,1,0.622632,0.002504,0.374864
1341,1,0.101240,0.001333,0.897427
1342,0,0.611257,0.002248,0.386495
1343,0,0.372031,0.001435,0.626534
1344,0,0.002179,0.001670,0.996152
1345,1,0.661371,0.002492,0.336137
1346,1,0.684744,0.001367,0.313889
1347,1,0.588664,0.002065,0.409271
1348,0,0.001382,0.013625,0.984993
1349,1,0.035144,0.000546,0.964309
1350,0,0.605022,0.002025,0.392953
1351,1,0.969214,0.007325,0.023461
1352,1,0.677229,0.003127,0.319644
1353,0,0.142124,0.339756,0.518120
1354,1,0.227983,0.000803,0.771214
1355,1,0.393296,0.001703,0.605001
1356,1,0.002816,0.005464,0.991720
1357,1,0.964643,0.000904,0.034452
1358,1,0.289490,0.409787,0.300724
1359,0,0.003697,0.030817,0.965486
1360,1,0.042534,0.690824,0.266642
1361,0,0.768715,0.002215,0.229071
1362,1,0.011490,0.006796,0.981715
1363,0,0.420436,0.002430,0.577134
1364,0,0.221277,0.000694,0.778029
1365,1,0.430837,0.001901,0.567262
1366,0,0.378377,0.001667,0.619956
1367,1,0.955230,0.004092,0.040678
1368,1,0.001457,0.000753,0.997790
1369,1,0.983623,0.008401,0.007976
1370,0,0.500319,0.004559,0.495122
1371,1,0.976957,0.000747,0.022296
1372,0,0.989270,0.001343,0.009386
1373,0,0.052769,0.040704,0.906528
1374,0,0.760141,0.002294,0.237565
1375,0,0.085936,0.001030,0.913034
1376,1,0.564705,0.006342,0.428953
1377,1,0.001705,0.000637,0.997658
1378,0,0.003180,0.000659,0.996161
1379,1,0.988505,0.004976,0.006519
1380,1,0.748159,0.000762,0.251079
1381,1,0.920004,0.001852,0.078144
1382,0,0.080209,0.190533,0.729257
1383,1,0.953770,0.002618,0.043613
1384,0,0.981738,0.001396,0.016866
1385,1,0.968087,0.011377,0.020536
1386,0,0.004328,0.001028,0.994644
1387,0,0.000722,0.001438,0.997840
1388,1,0.944412,0.000951,0.054638
1389,0,0.008385,0.000380,0.991235
1390,0,0.003348,0.001231,0.995422
1391,0,0.833262,0.001865,0.164873
1392,1,0.059190,0.411911,0.528899
1393,0,0.008757,0.000322,0.990921
1394,0,0.802987,0.001288,0.195725
1395,1,0.507163,0.161533,0.331304
1396,0,0.233518,0.000687,0.765795
1397,1,0.606766,0.001324,0.391910
1398,0,0.626240,0.002571,0.371189
1399,1,0.567946,0.006014,0.426039
1400,1,0.961348,0.001587,0.037064
1401,0,0.967553,0.001329,0.031117
1402,1,0.965114,0.001254,0.033632
1403,1,0.203315,0.001351,0.795335
1404,0,0.272869,0.004071,0.723060
1405,1,0.943414,0.004759,0.051827
1406,1,0.942227,0.001707,0.056065
1407,1,0.881000,0.005250,0.113750
1408,1,0.984951,0.002344,0.012705
1409,0,0.248366,0.000957,0.750677
1410,1,0.016665,0.000454,0.982881
1411,0,0.574916,0.001490,0.423593
1412,1,0.986795,0.002295,0.010910
1413,0,0.078146,0.000584,0.921270
1414,0,0.839330,0.001660,0.159010
1415,0,0.875189,0.008252,0.116558
1416,0,0.003356,0.001242,0.995402
1417,0,0.033991,0.001449,0.964560
1418,0,0.343947,0.001085,0.654968
1419,1,0.985919,0.000752,0.013329
1420,1,0.848642,0.000797,0.150561
1421,0,0.192908,0.000790,0.806302
1422,0,0.010924,0.000488,0.988588
1423,0,0.002270,0.001174,0.996556
1424,0,0.943124,0.001589,0.055286
1425,0,0.697080,0.003882,0.299038
1426,0,0.869535,0.001694,0.128771
1427,0,0.591926,0.002475,0.405599
1428,1,0.799156,0.001375,0.199470
1429,1,0.939298,0.001045,0.059657
1430,1,0.876525,0.002566,0.120908
1431,1,0.240789,0.000742,0.758469
1432,0,0.769193,0.001203,0.229604
1433,0,0.314343,0.001384,0.684272
1434,1,0.093556,0.233335,0.673109
1435,0,0.331590,0.001348,0.667062
1436,0,0.496319,0.000804,0.502877
1437,0,0.263091,0.019666,0.717243
1438,0,0.412600,0.006619,0.580781
1439,1,0.682617,0.099658,0.217724
1440,0,0.040534,0.000704,0.958762
1441,0,0.373174,0.002793,0.624033
1442,0,0.115822,0.000942,0.883236
1443,0,0.430119,0.005339,0.564542
1444,0,0.320194,0.002381,0.677425
1445,0,0.462104,0.001661,0.536234
1446,0,0.019738,0.187113,0.793149
1447,0,0.325501,0.000807,0.673692
1448,1,0.566148,0.413569,0.020284
1449,1,0.226290,0.002020,0.771690
1450,1,0.942965,0.001491,0.055545
1451,0,0.199529,0.001377,0.799094
1452,0,0.852125,0.003144,0.144730
1453,1,0.482844,0.021291,0.495865
1454,1,0.471432,0.442896,0.085672
1455,1,0.087688,0.625396,0.286916
1456,1,0.041889,0.000808,0.957302
1457,0,0.008434,0.001836,0.989730
1458,0,0.424294,0.005093,0.570613
1459,0,0.068207,0.000904,0.930888
1460,0,0.976227,0.001437,0.022336
1461,1,0.251152,0.003631,0.745217
1462,1,0.100842,0.590036,0.309122
1463,0,0.956614,0.005882,0.037504
1464,0,0.903781,0.002947,0.093272
1465,0,0.072162,0.002488,0.925350
1466,0,0.186329,0.001000,0.812671
1467,0,0.001548,0.000310,0.998142
1468,1,0.608977,0.002014,0.389009
1469,1,0.906540,0.001212,0.092249
1470,0,0.873591,0.000975,0.125434
1471,0,0.273998,0.000565,0.725436
1472,0,0.021672,0.005455,0.972873
1473,1,0.082660,0.000787,0.916553
1474,0,0.790088,0.120636,0.089276
1475,0,0.022846,0.036450,0.940704
1476,0,0.003654,0.004558,0.991788
1477,1,0.983939,0.013167,0.002894
1478,0,0.973399,0.006807,0.019794
1479,0,0.010511,0.000270,0.989218
1480,0,0.132439,0.003917,0.863644
1481,0,0.248550,0.001099,0.750351
1482,0,0.010793,0.002107,0.987099
1483,1,0.943229,0.051302,0.005469
1484,0,0.420318,0.001403,0.578279
1485,1,0.035091,0.001442,0.963467
1486,1,0.575340,0.005505,0.419155
1487,0,0.481923,0.003902,0.514175
1488,0,0.390583,0.004080,0.605337
1489,0,0.366008,0.000873,0.633118
1490,1,0.275564,0.001539,0.722898
1491,1,0.048060,0.000719,0.951222
1492,0,0.242187,0.001365,0.756447
1493,0,0.585439,0.001129,0.413432
1494,0,0.021344,0.000769,0.977886
1495,0,0.136176,0.000981,0.862843
1496,0,0.687047,0.002851,0.310102
1497,1,0.461281,0.002573,0.536146
1498,0,0.075801,0.000757,0.923442
1499,0,0.067680,0.001046,0.931273
1500,0,0.035430,0.018034,0.946536
1501,0,0.961637,0.001802,0.036561
1502,0,0.002192,0.000340,0.997468
1503,1,0.976769,0.003903,0.019328
1504,1,0.486407,0.002464,0.511129
1505,1,0.915501,0.063182,0.021317
1506,0,0.049718,0.002082,0.948200
1507,0,0.402886,0.003875,0.593239
1508,1,0.538541,0.002792,0.458667
1509,1,0.905932,0.001396,0.092671
1510,0,0.831704,0.001698,0.166598
1511,0,0.214095,0.009015,0.776890
1512,0,0.058273,0.000533,0.941194
1513,1,0.912049,0.003078,0.084874
1514,0,0.629522,0.001448,0.369030
1515,1,0.328949,0.002467,0.668584
1516,0,0.196729,0.000636,0.802635
1517,0,0.007990,0.024106,0.967904
1518,1,0.636712,0.004138,0.359151
1519,0,0.723911,0.001006,0.275083
1520,0,0.905389,0.001721,0.092890
1521,1,0.523469,0.001810,0.474721
1522,0,0.314377,0.001364,0.684259
1523,0,0.676686,0.004633,0.318682
1524,0,0.096805,0.001422,0.901773
1525,0,0.009514,0.000909,0.989578
1526,0,0.515857,0.002324,0.481818
1527,0,0.109165,0.000714,0.890121
1528,0,0.790044,0.000882,0.209074
1529,0,0.598953,0.000880,0.400167
1530,0,0.187744,0.003089,0.809167
1531,0,0.779650,0.001273,0.219077
1532,0,0.629933,0.001062,0.369005
1533,0,0.551534,0.001240,0.447226
1534,0,0.090600,0.004425,0.904975
1535,0,0.011874,0.001410,0.986716
1536,0,0.977045,0.001802,0.021154
1537,0,0.006111,0.000435,0.993453
1538,0,0.086378,0.000884,0.912738
1539,0,0.991224,0.001662,0.007114
1540,0,0.514723,0.001591,0.483686
1541,0,0.328401,0.001769,0.669829
1542,0,0.002182,0.001430,0.996387
1543,0,0.006712,0.002644,0.990644
1544,0,0.293999,0.013280,0.692721
1545,0,0.083177,0.041338,0.875485
1546,0,0.016227,0.006030,0.977743
1547,0,0.105004,0.000847,0.894149
1548,0,0.066626,0.000627,0.932747
1549,0,0.355684,0.002987,0.641329
1550,0,0.912831,0.023710,0.063459
1551,0,0.339501,0.001003,0.659496
1552,0,0.700004,0.004939,0.295057
1553,0,0.447266,0.001249,0.551485
1554,0,0.911659,0.000931,0.087409
1555,0,0.834114,0.002495,0.163390
1556,0,0.001770,0.000437,0.997793
1557,0,0.022659,0.000551,0.976790
1558,0,0.482573,0.001688,0.515739
1559,0,0.677508,0.001312,0.321180
1560,0,0.005830,0.001573,0.992597
1561,0,0.005515,0.000386,0.994099
1562,0,0.791727,0.001197,0.207076
1563,0,0.029464,0.000683,0.969853
1564,0,0.401032,0.034343,0.564625
1565,0,0.003749,0.000427,0.995824
1566,0,0.009288,0.000807,0.989904
1567,0,0.337738,0.002061,0.660201
1568,0,0.593448,0.005208,0.401344
1569,0,0.009189,0.000421,0.990390
1570,0,0.851690,0.001400,0.146910
1571,0,0.002001,0.000846,0.997153
1572,0,0.121577,0.007675,0.870748
1573,0,0.167900,0.114308,0.717792
1574,0,0.544760,0.004194,0.451046
1575,0,0.903011,0.001388,0.095601
1576,0,0.087516,0.001662,0.910822
1577,0,0.016125,0.000720,0.983155
1578,0,0.723635,0.001386,0.274980
1579,0,0.022025,0.007663,0.970312
1580,0,0.782084,0.001018,0.216898
1581,0,0.018057,0.012403,0.969540
1582,0,0.006616,0.001166,0.992218
1583,0,0.071690,0.001035,0.927275
1584,0,0.389593,0.001285,0.609122
1585,0,0.515678,0.002608,0.481714
1586,0,0.274519,0.001309,0.724172
1587,0,0.090893,0.002798,0.906309
1588,0,0.017619,0.000602,0.981779
1589,0,0.014152,0.005444,0.980405
1590,0,0.001002,0.002147,0.996852
1591,0,0.924544,0.029705,0.045751
1592,0,0.009800,0.001577,0.988622
1593,0,0.018046,0.000696,0.981257
1594,0,0.152797,0.002961,0.844242
1595,0,0.786281,0.001439,0.212280
1596,0,0.091935,0.000970,0.907095
1597,0,0.899949,0.001297,0.098754
1598,0,0.243876,0.001283,0.754841
1599,0,0.020603,0.002524,0.976873
1600,0,0.020427,0.000269,0.979304
1601,0,0.870798,0.001161,0.128041
1602,0,0.223464,0.000858,0.775679
1603,1,0.604825,0.001353,0.393822
1604,1,0.876121,0.001057,0.122822
1605,1,0.183361,0.000850,0.815789
1606,1,0.963478,0.002210,0.034312
1607,1,0.981206,0.000952,0.017841
1608,1,0.008575,0.124875,0.866550
1609,0,0.377823,0.001604,0.620573
1610,1,0.053445,0.000926,0.945630
1611,1,0.939043,0.056063,0.004895
1612,1,0.858447,0.001742,0.139811
1613,1,0.980848,0.010503,0.008649
1614,0,0.006686,0.000468,0.992847
1615,1,0.800845,0.002613,0.196542
1616,0,0.446318,0.001350,0.552332
1617,0,0.799382,0.001617,0.199001
1618,1,0.984593,0.009604,0.005803
1619,1,0.805862,0.007621,0.186516
1620,1,0.983580,0.003653,0.012768
1621,1,0.978594,0.001088,0.020318
1622,1,0.989399,0.000805,0.009795
1623,1,0.982769,0.003132,0.014099
1624,1,0.823270,0.001118,0.175612
1625,0,0.432401,0.002094,0.565505
1626,1,0.876307,0.002291,0.121402
1627,1,0.923992,0.002017,0.073992
1628,1,0.958139,0.001247,0.040613
1629,1,0.981219,0.010635,0.008146
1630,1,0.082495,0.004415,0.913091
1631,1,0.985364,0.010256,0.004380
1632,1,0.987479,0.003579,0.008942
1633,1,0.508207,0.001176,0.490616
1634,1,0.681703,0.001204,0.317093
1635,1,0.027328,0.000530,0.972143
1636,0,0.002029,0.000762,0.997209
1637,0,0.980211,0.000898,0.018891
1638,1,0.993417,0.001645,0.004938
1639,1,0.926644,0.011587,0.061769
1640,1,0.042570,0.002641,0.954789
1641,1,0.699587,0.029875,0.270538
1642,0,0.033606,0.009249,0.957146
1643,1,0.188031,0.001367,0.810601
1644,1,0.280725,0.120331,0.598945
1645,1,0.972373,0.019248,0.008379
1646,1,0.068512,0.002916,0.928572
1647,1,0.563892,0.002019,0.434090
1648,1,0.833482,0.001927,0.164592
1649,1,0.642970,0.002124,0.354906
1650,0,0.662600,0.002998,0.334401
1651,1,0.971593,0.022016,0.006391
1652,1,0.050405,0.008489,0.941107
1653,1,0.730435,0.248878,0.020686
1654,1,0.295227,0.002442,0.702331
1655,1,0.966332,0.001093,0.032575
1656,1,0.765683,0.001652,0.232665
1657,1,0.990108,0.007711,0.002181
1658,1,0.991841,0.001816,0.006343
1659,1,0.469729,0.009054,0.521218
1660,1,0.992886,0.002560,0.004554
1661,0,0.005455,0.000485,0.994060
1662,1,0.862808,0.000981,0.136211
1663,0,0.010445,0.001024,0.988531
1664,1,0.926250,0.002248,0.071501
1665,1,0.970452,0.019302,0.010246
1666,1,0.974688,0.001124,0.024188
1667,1,0.993033,0.002153,0.004813
1668,0,0.945323,0.001527,0.053150
1669,1,0.783617,0.013975,0.202407
1670,1,0.967997,0.030149,0.001854
1671,0,0.694190,0.002126,0.303684
1672,1,0.876277,0.008568,0.115155
1673,0,0.407792,0.006636,0.585572
1674,0,0.015300,0.000965,0.983734
1675,0,0.202775,0.013151,0.784074
1676,0,0.970739,0.002018,0.027243
1677,0,0.648885,0.005389,0.345726
1678,0,0.821582,0.001344,0.177073
1679,0,0.160113,0.001936,0.837951
1680,0,0.007930,0.000336,0.991734
1681,0,0.007558,0.001650,0.990792
1682,0,0.914095,0.002537,0.083368
1683,0,0.061196,0.000808,0.937996
1684,0,0.964435,0.002079,0.033486
1685,0,0.173650,0.000819,0.825531
1686,0,0.010404,0.000288,0.989308
1687,0,0.658258,0.021717,0.320025
1688,0,0.209513,0.001164,0.789323
1689,0,0.167879,0.002236,0.829885
1690,0,0.214302,0.001499,0.784199
1691,0,0.600757,0.003564,0.395679
1692,0,0.001923,0.001298,0.996779
1693,0,0.711776,0.001861,0.286364
1694,0,0.728671,0.002234,0.269095
1695,0,0.011997,0.001213,0.986790
1696,0,0.360675,0.001415,0.637909
1697,0,0.014987,0.001791,0.983221
1698,0,0.044897,0.690187,0.264916
1699,0,0.657660,0.001423,0.340917
1700,0,0.124485,0.000779,0.874736
1701,0,0.242088,0.001133,0.756779
1702,0,0.559682,0.114184,0.326134
1703,0,0.005007,0.005194,0.989799
1704,0,0.295397,0.003429,0.701174
1705,0,0.025155,0.000645,0.974201
1706,0,0.188968,0.000997,0.810036
1707,0,0.522679,0.002604,0.474717
1708,0,0.526605,0.004169,0.469227
1709,1,0.671811,0.035736,0.292452
1710,1,0.127855,0.000887,0.871257
1711,1,0.261590,0.001098,0.737312
1712,1,0.568711,0.004896,0.426392
1713,1,0.967807,0.003607,0.028586
1714,0,0.000523,0.001571,0.997906
1715,1,0.876429,0.100567,0.023004
1716,1,0.010839,0.016418,0.972743
1717,1,0.208618,0.048828,0.742554
1718,0,0.146405,0.006718,0.846877
1719,1,0.161268,0.001045,0.837687
1720,1,0.432798,0.002186,0.565016
1721,1,0.471884,0.002124,0.525991
1722,1,0.062081,0.001083,0.936836
1723,0,0.095708,0.000665,0.903628
1724,1,0.376553,0.001270,0.622178
1725,1,0.625730,0.001826,0.372445
1726,1,0.035276,0.000321,0.964404
1727,1,0.104536,0.000691,0.894773
1728,1,0.005133,0.000333,0.994533
1729,1,0.002864,0.000636,0.996499
1730,1,0.012366,0.000493,0.987141
1731,1,0.019763,0.000848,0.979389
1732,1,0.432322,0.000962,0.566716
1733,1,0.663266,0.001729,0.335006
1734,0,0.415646,0.002356,0.581998
1735,1,0.468024,0.003821,0.528155
1736,1,0.938894,0.019810,0.041296
1737,1,0.002248,0.000663,0.997089
1738,1,0.822628,0.001517,0.175855
1739,1,0.988491,0.003320,0.008189
1740,1,0.921815,0.023093,0.055091
1741,1,0.903917,0.001451,0.094632
1742,0,0.261711,0.004977,0.733312
1743,1,0.635593,0.002212,0.362195
1744,1,0.531114,0.001494,0.467391
1745,0,0.232439,0.001031,0.766530
1746,1,0.376410,0.000741,0.622849
1747,0,0.435877,0.001262,0.562862
1748,1,0.625410,0.006739,0.367851
1749,1,0.951103,0.001608,0.047289
1750,1,0.965002,0.001224,0.033773
1751,1,0.540520,0.001272,0.458207
1752,1,0.857401,0.002693,0.139906
1753,1,0.662784,0.002407,0.334809
1754,1,0.984745,0.003473,0.011782
1755,0,0.575147,0.000822,0.424030
1756,1,0.827212,0.001499,0.171289
1757,0,0.002791,0.000442,0.996767
1758,0,0.808212,0.001423,0.190365
1759,1,0.725209,0.002593,0.272198
1760,1,0.260408,0.001706,0.737886
1761,0,0.098488,0.009946,0.891566
1762,0,0.092527,0.236821,0.670652
1763,1,0.216131,0.128362,0.655507
1764,1,0.972173,0.001919,0.025908
1765,1,0.790406,0.003550,0.206045
1766,1,0.540910,0.018530,0.440560
1767,0,0.160916,0.001686,0.837398
1768,1,0.713958,0.001260,0.284781
1769,1,0.973349,0.001319,0.025332
1770,0,0.303273,0.001172,0.695554
1771,1,0.334842,0.610734,0.054423
1772,1,0.961180,0.035259,0.003562
1773,1,0.547079,0.001836,0.451086
1774,1,0.765401,0.006994,0.227605
1775,1,0.326022,0.596331,0.077647
1776,1,0.368720,0.002556,0.628724
1777,1,0.143648,0.000786,0.855566
1778,1,0.289060,0.001881,0.709059
1779,1,0.897297,0.005141,0.097562
1780,1,0.602519,0.004252,0.393229
1781,1,0.239147,0.004723,0.756130
1782,1,0.379717,0.001469,0.618813
1783,1,0.099700,0.000510,0.899790
1784,1,0.079909,0.000923,0.919168
1785,1,0.768637,0.014500,0.216863
1786,1,0.219080,0.001815,0.779105
1787,1,0.644962,0.001851,0.353187
1788,1,0.897266,0.006408,0.096326
1789,0,0.529025,0.001910,0.469065
1790,1,0.650559,0.001591,0.347850
1791,1,0.779852,0.002257,0.217891
1792,1,0.990389,0.005211,0.004400
1793,1,0.163809,0.001170,0.835021
1794,1,0.110129,0.001304,0.888568
1795,1,0.501702,0.002259,0.496040
1796,1,0.956949,0.002135,0.040916
1797,1,0.911791,0.003250,0.084959
1798,0,0.060304,0.000619,0.939077
1799,1,0.399277,0.002365,0.598357
1800,1,0.982009,0.002620,0.015371
1801,1,0.898173,0.001317,0.100510
1802,1,0.620033,0.001354,0.378613
1803,1,0.270545,0.001432,0.728023
1804,0,0.079913,0.001697,0.918390
1805,1,0.140393,0.001716,0.857891
1806,1,0.794099,0.003463,0.202438
1807,1,0.005999,0.000536,0.993465
1808,1,0.547260,0.001633,0.451108
1809,1,0.958620,0.001262,0.040118
1810,0,0.487847,0.002190,0.509962
1811,0,0.146550,0.001685,0.851765
1812,0,0.837738,0.001099,0.161164
1813,0,0.124545,0.002019,0.873436
1814,0,0.272627,0.001529,0.725844
1815,0,0.643571,0.001579,0.354851
1816,0,0.005096,0.000310,0.994594
1817,0,0.085844,0.001355,0.912801
1818,0,0.295040,0.002035,0.702925
1819,0,0.036277,0.001281,0.962443
1820,0,0.031201,0.000648,0.968151
1821,1,0.774822,0.003646,0.221532
1822,1,0.030918,0.001016,0.968067
1823,1,0.076943,0.000864,0.922193
1824,1,0.793256,0.001187,0.205557
1825,1,0.010388,0.000317,0.989294
1826,1,0.909189,0.005360,0.085451
1827,1,0.371474,0.001934,0.626592
1828,0,0.035727,0.000736,0.963537
1829,0,0.847420,0.001170,0.151410
1830,1,0.488059,0.002365,0.509576
1831,1,0.762176,0.003477,0.234346
1832,1,0.587331,0.289516,0.123153
1833,1,0.216002,0.073228,0.710770
1834,1,0.366994,0.001037,0.631970
1835,0,0.476951,0.002295,0.520754
1836,0,0.002944,0.000323,0.996733
1837,1,0.811427,0.000934,0.187639
1838,1,0.128197,0.000471,0.871332
1839,1,0.565457,0.000923,0.433620
1840,1,0.861729,0.001454,0.136817
1841,1,0.964428,0.001293,0.034279
1842,1,0.967869,0.001307,0.030824
1843,1,0.724393,0.001237,0.274370
1844,1,0.414793,0.001216,0.583990
1845,1,0.402005,0.001239,0.596757
1846,0,0.008406,0.000432,0.991162
1847,1,0.986149,0.001363,0.012488
1848,1,0.240662,0.001205,0.758133
1849,1,0.794918,0.004655,0.200426
1850,1,0.496906,0.010868,0.492226
1851,1,0.287114,0.001897,0.710989
1852,1,0.816466,0.001575,0.181959
1853,1,0.108404,0.016052,0.875544
1854,1,0.934608,0.018701,0.046692
1855,1,0.798761,0.005313,0.195927
1856,1,0.829239,0.031836,0.138925
1857,1,0.972471,0.008669,0.018859
1858,1,0.975669,0.004359,0.019972
1859,1,0.961735,0.020771,0.017494
1860,1,0.887474,0.032898,0.079628
1861,1,0.455582,0.396443,0.147975
1862,1,0.267108,0.706454,0.026438
1863,1,0.049259,0.810400,0.140341
1864,0,0.033229,0.011690,0.955081
1865,1,0.265271,0.625257,0.109472
1866,1,0.905680,0.033620,0.060700
1867,1,0.375606,0.613257,0.011137
1868,1,0.144916,0.001289,0.853795
1869,1,0.041829,0.000799,0.957372
1870,1,0.164381,0.001218,0.834401
1871,1,0.055672,0.003232,0.941096
1872,1,0.269936,0.131914,0.598150
1873,1,0.028670,0.003757,0.967573
1874,0,0.008307,0.000421,0.991272
1875,0,0.057863,0.000992,0.941146
1876,0,0.092432,0.003148,0.904420
1877,0,0.696559,0.001689,0.301752
1878,0,0.402589,0.001350,0.596061
1879,0,0.013908,0.000332,0.985760
1880,0,0.270496,0.001153,0.728351
1881,0,0.139677,0.003797,0.856526
1882,0,0.726028,0.001974,0.271998
1883,0,0.679063,0.002248,0.318689
1884,0,0.045567,0.000657,0.953776
1885,0,0.018485,0.000264,0.981250
1886,0,0.002773,0.000252,0.996975
1887,0,0.024564,0.000580,0.974857
1888,0,0.151444,0.002402,0.846155
1889,0,0.003193,0.000409,0.996398
1890,0,0.403746,0.003308,0.592946
1891,0,0.032205,0.001277,0.966518
1892,0,0.133175,0.002927,0.863898
1893,0,0.236135,0.001357,0.762509
1894,0,0.071970,0.000863,0.927167
1895,0,0.001737,0.001092,0.997171
1896,0,0.035006,0.000426,0.964568
1897,0,0.001839,0.001407,0.996754
1898,0,0.005082,0.001085,0.993834
1899,0,0.102841,0.001180,0.895979
1900,0,0.012876,0.001321,0.985803
1901,0,0.054619,0.000443,0.944938
1902,0,0.040397,0.048469,0.911134
1903,0,0.036095,0.001354,0.962551
1904,0,0.012654,0.000640,0.986705
1905,0,0.022926,0.003258,0.973816
1906,0,0.004259,0.003105,0.992636
1907,0,0.231912,0.001698,0.766390
1908,0,0.013381,0.001455,0.985165
1909,0,0.876843,0.020917,0.102241
1910,0,0.090780,0.005033,0.904187
1911,0,0.030408,0.094614,0.874979
1912,0,0.004452,0.020877,0.974671
1913,0,0.031359,0.128331,0.840310
1914,0,0.185883,0.033987,0.780130
1915,0,0.004536,0.000847,0.994617
1916,0,0.002461,0.000735,0.996805
1917,0,0.001101,0.000753,0.998146
1918,0,0.007553,0.002469,0.989978
1919,0,0.958872,0.001632,0.039496
1920,0,0.451025,0.001226,0.547749
1921,0,0.065791,0.002026,0.932183
1922,0,0.090006,0.000713,0.909281
1923,0,0.023135,0.018847,0.958017
1924,0,0.014346,0.000434,0.985220
1925,0,0.532724,0.001414,0.465862
1926,0,0.168026,0.016301,0.815673
1927,0,0.244668,0.008559,0.746773
1928,0,0.003566,0.001148,0.995286
1929,0,0.213051,0.005793,0.781156
1930,0,0.045137,0.000666,0.954197
1931,0,0.100019,0.043851,0.856130
1932,0,0.000864,0.001227,0.997909
1933,0,0.001732,0.000417,0.997851
1934,0,0.002756,0.002226,0.995018
1935,0,0.163841,0.016838,0.819320
1936,0,0.041078,0.002436,0.956486
1937,0,0.754776,0.010473,0.234751
1938,0,0.889852,0.001518,0.108630
1939,0,0.940508,0.001579,0.057913
1940,0,0.314253,0.002260,0.683487
1941,0,0.013826,0.000800,0.985374
1942,0,0.652648,0.003221,0.344131
1943,0,0.002864,0.000975,0.996161
1944,0,0.030040,0.000545,0.969415
1945,0,0.048145,0.009001,0.942854
1946,0,0.076539,0.001375,0.922086
1947,0,0.056021,0.026668,0.917310
1948,0,0.004872,0.000616,0.994512
1949,0,0.787221,0.001652,0.211126
1950,0,0.195522,0.037614,0.766865
1951,0,0.111932,0.002707,0.885361
1952,0,0.834848,0.005577,0.159574
1953,0,0.963617,0.000660,0.035723
1954,0,0.014537,0.002585,0.982878
1955,0,0.444879,0.003563,0.551558
1956,0,0.561522,0.001985,0.436492
1957,0,0.251506,0.002327,0.746168
1958,0,0.331625,0.002107,0.666267
1959,0,0.150801,0.001394,0.847804
1960,0,0.372719,0.000825,0.626456
1961,0,0.076780,0.002365,0.920856
1962,1,0.585946,0.005048,0.409006
1963,0,0.091399,0.002181,0.906420
1964,1,0.365084,0.550488,0.084428
1965,0,0.033707,0.000904,0.965389
1966,1,0.080724,0.002191,0.917084
1967,1,0.987241,0.008767,0.003992
1968,1,0.537514,0.001952,0.460534
1969,0,0.006706,0.002053,0.991241
1970,0,0.064239,0.000853,0.934908
1971,0,0.978216,0.001645,0.020139
1972,1,0.517882,0.083646,0.398472
1973,0,0.319373,0.001691,0.678936
1974,1,0.545432,0.002308,0.452260
1975,0,0.446702,0.006122,0.547176
1976,1,0.717013,0.000980,0.282007
1977,1,0.893730,0.020361,0.085909
1978,1,0.907439,0.001247,0.091313
1979,0,0.806054,0.004780,0.189165
1980,0,0.749542,0.001992,0.248466
1981,0,0.068798,0.000557,0.930644
1982,1,0.954000,0.018821,0.027179
1983,0,0.005520,0.003845,0.990635
1984,0,0.784113,0.001964,0.213923
1985,0,0.484683,0.000867,0.514451
1986,0,0.698065,0.001123,0.300812
1987,0,0.219461,0.001745,0.778795
1988,0,0.968784,0.003687,0.027530
1989,0,0.026498,0.002230,0.971272
1990,0,0.065016,0.000542,0.934442
1991,0,0.685362,0.004940,0.309698
1992,1,0.978977,0.001042,0.019981
1993,0,0.224823,0.104372,0.670805
1994,1,0.757883,0.001176,0.240941
1995,0,0.142964,0.001127,0.855909
1996,0,0.899955,0.001125,0.098920
1997,0,0.012305,0.002625,0.985071
1998,0,0.341902,0.002094,0.656004
1999,0,0.421121,0.001007,0.577872
2000,0,0.199471,0.000937,0.799592
2001,0,0.681003,0.010341,0.308655
2002,1,0.206091,0.002054,0.791854
2003,0,0.006585,0.002111,0.991303
2004,1,0.544674,0.423399,0.031926
2005,1,0.994570,0.002610,0.002819
2006,1,0.044387,0.026567,0.929046
2007,1,0.533271,0.002852,0.463878
2008,0,0.071749,0.000947,0.927303
2009,0,0.061150,0.000446,0.938405
2010,1,0.985851,0.002846,0.011302
2011,0,0.037938,0.000882,0.961180
2012,1,0.908701,0.003359,0.087940
2013,0,0.032503,0.016577,0.950921
2014,1,0.679352,0.006430,0.314218
2015,1,0.140613,0.000692,0.858695
2016,0,0.011001,0.001305,0.987694
2017,0,0.001963,0.001209,0.996828
2018,1,0.702137,0.001560,0.296303
2019,1,0.226885,0.004603,0.768512
2020,1,0.740553,0.001830,0.257617
2021,0,0.739246,0.001352,0.259402
2022,0,0.090200,0.000640,0.909160
2023,0,0.867162,0.000633,0.132205
2024,0,0.271311,0.000708,0.727981
2025,1,0.737703,0.001910,0.260387
2026,1,0.397249,0.017803,0.584948
2027,0,0.311415,0.003384,0.685201
2028,0,0.153729,0.280675,0.565596
2029,0,0.255041,0.001581,0.743377
2030,0,0.633554,0.001568,0.364878
2031,0,0.863559,0.004101,0.132339
2032,1,0.849357,0.008952,0.141691
2033,1,0.109284,0.000421,0.890295
2034,1,0.401042,0.012085,0.586873
2035,0,0.769165,0.016462,0.214373
2036,0,0.595930,0.001493,0.402578
2037,1,0.874982,0.001873,0.123145
2038,0,0.632439,0.001784,0.365777
2039,1,0.125216,0.000693,0.874091
2040,1,0.910665,0.000787,0.088548
2041,1,0.426064,0.001642,0.572294
2042,1,0.582895,0.001253,0.415851
2043,1,0.070910,0.726229,0.202861
2044,0,0.246930,0.007377,0.745693
2045,0,0.015282,0.002350,0.982369
2046,0,0.004711,0.001526,0.993762
2047,1,0.156952,0.000976,0.842072
2048,0,0.182649,0.004103,0.813248
2049,0,0.028539,0.001018,0.970443
2050,0,0.012201,0.001413,0.986386
2051,0,0.656433,0.002731,0.340836
2052,0,0.003570,0.000840,0.995589
2053,0,0.665233,0.014035,0.320732
2054,0,0.103256,0.000691,0.896054
2055,1,0.251173,0.002197,0.746630
2056,1,0.742621,0.001629,0.255750
2057,0,0.048889,0.000617,0.950494
2058,0,0.001569,0.000862,0.997569
2059,0,0.672940,0.001782,0.325278
2060,0,0.291471,0.007426,0.701102
2061,1,0.393753,0.001832,0.604416
2062,1,0.594226,0.001349,0.404425
2063,1,0.654563,0.003456,0.341980
2064,0,0.058801,0.001559,0.939640
2065,0,0.235073,0.000969,0.763958
2066,0,0.230390,0.000525,0.769085
2067,0,0.001785,0.000510,0.997705
2068,0,0.664109,0.001527,0.334365
2069,0,0.865334,0.001310,0.133357
2070,1,0.938252,0.003165,0.058583
2071,0,0.782593,0.001426,0.215981
2072,0,0.354594,0.000961,0.644445
2073,1,0.958411,0.007227,0.034362
2074,0,0.319135,0.001496,0.679369
2075,1,0.258643,0.001560,0.739797
2076,0,0.007120,0.000820,0.992061
2077,1,0.202587,0.139233,0.658180
2078,1,0.733983,0.001784,0.264233
2079,1,0.967708,0.007235,0.025057
2080,1,0.105129,0.001080,0.893792
2081,0,0.551257,0.001661,0.447081
2082,0,0.552510,0.001530,0.445960
2083,0,0.049264,0.001898,0.948838
2084,0,0.095841,0.265041,0.639118
2085,0,0.013707,0.000864,0.985429
2086,1,0.977435,0.001437,0.021128
2087,0,0.858990,0.001816,0.139194
2088,1,0.303086,0.002214,0.694701
2089,1,0.690187,0.002542,0.307271
2090,1,0.777831,0.002132,0.220037
2091,0,0.009924,0.000567,0.989509
2092,0,0.050457,0.000624,0.948919
2093,0,0.015780,0.000268,0.983952
2094,1,0.004807,0.048468,0.946725
2095,1,0.981821,0.001056,0.017123
2096,0,0.366494,0.001200,0.632305
2097,0,0.715278,0.000977,0.283745
2098,1,0.896101,0.002028,0.101872
2099,1,0.335520,0.036195,0.628285
2100,1,0.979630,0.002553,0.017818
2101,0,0.095732,0.003167,0.901101
2102,0,0.769508,0.013359,0.217133
2103,0,0.007038,0.002409,0.990553
2104,0,0.291231,0.652693,0.056076
2105,0,0.203875,0.001318,0.794807
2106,0,0.070246,0.001086,0.928668
2107,1,0.694500,0.001156,0.304344
2108,0,0.127682,0.010237,0.862081
2109,0,0.036477,0.001172,0.962352
2110,1,0.002237,0.001009,0.996754
2111,1,0.356626,0.001754,0.641620
2112,1,0.493216,0.009556,0.497228
2113,1,0.898770,0.001227,0.100003
2114,1,0.116860,0.006460,0.876680
2115,1,0.833292,0.002344,0.164364
2116,0,0.386463,0.001508,0.612029
2117,0,0.732362,0.002517,0.265121
2118,1,0.186335,0.002314,0.811351
2119,1,0.148718,0.000873,0.850410
2120,0,0.034762,0.001249,0.963990
2121,0,0.346349,0.000969,0.652682
2122,1,0.841912,0.001809,0.156279
2123,0,0.011607,0.020845,0.967549
2124,1,0.742167,0.001229,0.256604
2125,1,0.421566,0.001413,0.577021
2126,0,0.054369,0.000657,0.944973
2127,0,0.096311,0.000794,0.902895
2128,0,0.436217,0.001200,0.562583
2129,0,0.178486,0.002136,0.819378
2130,1,0.265679,0.043284,0.691038
2131,0,0.556324,0.003520,0.440156
2132,1,0.364884,0.567284,0.067832
2133,1,0.349652,0.002033,0.648315
2134,1,0.224313,0.001162,0.774525
2135,1,0.447427,0.000968,0.551605
2136,0,0.011371,0.234753,0.753876
2137,0,0.992944,0.001348,0.005707
2138,1,0.922750,0.002820,0.074430
2139,0,0.027447,0.000424,0.972129
2140,0,0.431137,0.021851,0.547013
2141,1,0.496649,0.008205,0.495146
2142,0,0.152169,0.000523,0.847308
2143,1,0.647586,0.001513,0.350901
2144,1,0.015084,0.001371,0.983545
2145,0,0.213962,0.430312,0.355726
2146,0,0.855921,0.001156,0.142923
2147,0,0.007566,0.002426,0.990008
2148,1,0.015312,0.000614,0.984074
2149,1,0.664939,0.002550,0.332512
2150,0,0.071059,0.597788,0.331153
2151,0,0.354441,0.001386,0.644174
2152,1,0.935165,0.003281,0.061555
2153,1,0.692181,0.008159,0.299660
2154,1,0.979001,0.000970,0.020029
2155,0,0.939564,0.002637,0.057800
2156,1,0.977323,0.002576,0.020100
2157,0,0.056068,0.004943,0.938990
2158,0,0.866217,0.009666,0.124117
2159,1,0.207478,0.001680,0.790842
2160,1,0.952370,0.001122,0.046507
2161,0,0.002976,0.000306,0.996718
2162,0,0.003191,0.000928,0.995881
2163,0,0.028002,0.007067,0.964931
2164,0,0.167533,0.001308,0.831159
2165,1,0.125632,0.000804,0.873565
2166,0,0.813321,0.001389,0.185290
2167,1,0.699125,0.003273,0.297602
2168,0,0.048831,0.001988,0.949180
2169,1,0.963547,0.001307,0.035147
2170,0,0.018000,0.002647,0.979353
2171,1,0.647451,0.001727,0.350822
2172,0,0.075000,0.000648,0.924352
2173,0,0.226160,0.002250,0.771590
2174,0,0.027093,0.000813,0.972095
2175,1,0.993258,0.001499,0.005243
2176,0,0.703772,0.003269,0.292959
2177,1,0.971124,0.003730,0.025145
2178,1,0.531929,0.002841,0.465230
2179,0,0.044214,0.000378,0.955407
2180,1,0.984478,0.002324,0.013198
2181,0,0.135700,0.020641,0.843658
2182,0,0.325648,0.002390,0.671962
2183,0,0.021565,0.002847,0.975588
2184,0,0.829420,0.002655,0.167925
2185,1,0.972535,0.002280,0.025185
2186,1,0.348375,0.000941,0.650683
2187,1,0.337758,0.001727,0.660515
2188,1,0.719166,0.234442,0.046392
2189,0,0.011100,0.002036,0.986864
2190,0,0.121288,0.001261,0.877451
2191,0,0.002097,0.001131,0.996772
2192,0,0.669872,0.007823,0.322305
2193,0,0.091375,0.000626,0.907999
2194,0,0.950149,0.001850,0.048001
2195,0,0.885370,0.001500,0.113129
2196,0,0.833215,0.002681,0.164104
2197,0,0.060020,0.041752,0.898228
2198,0,0.180952,0.001063,0.817985
2199,1,0.048483,0.000302,0.951216
2200,0,0.570237,0.006449,0.423314
2201,0,0.464612,0.001193,0.534195
2202,0,0.802001,0.002189,0.195810
2203,0,0.141945,0.001174,0.856881
2204,1,0.880168,0.002684,0.117148
2205,1,0.760661,0.005392,0.233946
2206,0,0.031947,0.000466,0.967588
2207,1,0.966327,0.000960,0.032713
2208,0,0.050182,0.003148,0.946670
2209,1,0.989034,0.003823,0.007143
2210,1,0.879695,0.001740,0.118565
2211,1,0.228588,0.024681,0.746731
2212,1,0.441519,0.466472,0.092009
2213,1,0.884523,0.004480,0.110997
2214,1,0.270285,0.001523,0.728192
2215,1,0.722924,0.001260,0.275816
2216,1,0.618229,0.007437,0.374334
2217,0,0.008024,0.001384,0.990593
2218,1,0.909028,0.001211,0.089761
2219,1,0.923608,0.002864,0.073528
2220,0,0.133222,0.007760,0.859018
2221,0,0.189349,0.002007,0.808645
2222,0,0.010167,0.000593,0.989239
2223,0,0.039197,0.000950,0.959854
2224,0,0.298844,0.005121,0.696035
2225,1,0.814853,0.001292,0.183855
2226,0,0.112483,0.006596,0.880920
2227,1,0.156564,0.001289,0.842147
2228,0,0.001032,0.000569,0.998400
2229,0,0.497345,0.001070,0.501585
2230,0,0.069687,0.017683,0.912631
2231,1,0.136091,0.006687,0.857222
2232,0,0.713668,0.003409,0.282923
2233,0,0.503011,0.003582,0.493407
2234,1,0.093283,0.110202,0.796516
2235,0,0.045368,0.434334,0.520298
2236,0,0.671114,0.001242,0.327644
2237,0,0.778702,0.001354,0.219943
2238,0,0.988487,0.001221,0.010292
2239,0,0.160972,0.001553,0.837475
2240,1,0.327896,0.568385,0.103719
2241,0,0.469514,0.006561,0.523925
2242,0,0.944666,0.038569,0.016765
2243,0,0.492877,0.182768,0.324355
2244,0,0.531197,0.003477,0.465326
2245,1,0.143569,0.000563,0.855868
2246,0,0.414712,0.001092,0.584197
2247,0,0.023503,0.001466,0.975031
2248,0,0.011322,0.032348,0.956330
2249,1,0.176021,0.000984,0.822995
2250,1,0.758820,0.001969,0.239211
2251,0,0.403715,0.061340,0.534945
2252,0,0.113679,0.081957,0.804364
2253,1,0.118731,0.000895,0.880374
2254,0,0.226801,0.009021,0.764178
2255,1,0.052051,0.000762,0.947187
2256,0,0.278055,0.013785,0.708160
2257,0,0.295318,0.030577,0.674105
2258,0,0.135909,0.768939,0.095152
2259,0,0.109909,0.276885,0.613206
2260,0,0.002552,0.001443,0.996005
2261,0,0.001778,0.001024,0.997198
2262,1,0.884639,0.003096,0.112265
2263,1,0.831528,0.148855,0.019617
2264,1,0.188472,0.003080,0.808448
2265,1,0.955068,0.037113,0.007819
2266,1,0.759469,0.199842,0.040690
2267,1,0.154398,0.004924,0.840678
2268,1,0.905674,0.003199,0.091127
2269,1,0.023627,0.002028,0.974345
2270,1,0.881990,0.045144,0.072866
2271,1,0.862832,0.060570,0.076598
2272,1,0.788106,0.171821,0.040074
2273,1,0.880102,0.058217,0.061681
2274,1,0.421184,0.058584,0.520232
2275,1,0.086053,0.132815,0.781132
2276,1,0.711369,0.234731,0.053900
2277,1,0.749890,0.196842,0.053268
2278,1,0.029491,0.005894,0.964615
2279,1,0.044149,0.265339,0.690512
2280,1,0.068315,0.218002,0.713683
2281,1,0.138612,0.203568,0.657819
2282,1,0.300852,0.011535,0.687613
2283,1,0.016194,0.005060,0.978747
2284,0,0.042904,0.244485,0.712611
2285,0,0.023854,0.134052,0.842094
2286,0,0.048710,0.001990,0.949300
2287,1,0.030231,0.030968,0.938801
2288,1,0.226061,0.101098,0.672842
2289,1,0.076544,0.013043,0.910413
2290,1,0.061886,0.479902,0.458212
2291,1,0.127500,0.278403,0.594097
2292,1,0.036581,0.712300,0.251118
2293,1,0.389884,0.001528,0.608588
2294,1,0.749482,0.222491,0.028027
2295,1,0.840605,0.117848,0.041548
2296,1,0.597728,0.165199,0.237074
2297,1,0.814180,0.164221,0.021599
2298,1,0.775952,0.209228,0.014820
2299,1,0.553474,0.227449,0.219076
2300,1,0.988766,0.002025,0.009209
2301,1,0.314788,0.001508,0.683703
2302,1,0.661132,0.002870,0.335998
2303,1,0.795847,0.001407,0.202746
2304,1,0.777764,0.001448,0.220789
2305,1,0.327143,0.001168,0.671689
2306,1,0.956870,0.000927,0.042203
2307,1,0.911919,0.002335,0.085747
2308,1,0.233478,0.001187,0.765334
2309,1,0.749767,0.001574,0.248659
2310,1,0.510656,0.002715,0.486629
2311,1,0.938533,0.000905,0.060562
2312,1,0.950864,0.001011,0.048125
2313,1,0.791301,0.001542,0.207157
2314,1,0.973644,0.001479,0.024878
2315,1,0.545362,0.001951,0.452687
2316,1,0.984911,0.001574,0.013515
2317,1,0.768633,0.178777,0.052590
2318,1,0.133614,0.004063,0.862323
2319,1,0.254672,0.006647,0.738681
2320,1,0.196684,0.002019,0.801297
2321,1,0.962990,0.031655,0.005355
2322,1,0.974916,0.015382,0.009702
2323,1,0.650160,0.009691,0.340149
2324,1,0.833260,0.010048,0.156692
2325,1,0.845158,0.009071,0.145771
2326,1,0.821102,0.020552,0.158346
2327,1,0.950479,0.025840,0.023681
2328,1,0.936353,0.053351,0.010296
2329,1,0.376142,0.002698,0.621160
2330,1,0.950821,0.002530,0.046649
2331,1,0.974397,0.003071,0.022531
2332,1,0.986209,0.007330,0.006461
2333,1,0.980067,0.012114,0.007819
2334,1,0.043179,0.135191,0.821630
2335,1,0.031306,0.001389,0.967305
2336,1,0.147755,0.011503,0.840742
2337,1,0.007987,0.002394,0.989619
2338,1,0.108347,0.286482,0.605171
2339,1,0.013268,0.001450,0.985282
2340,1,0.002210,0.000889,0.996902
2341,1,0.031969,0.006790,0.961241
2342,1,0.241875,0.135423,0.622702
2343,1,0.553683,0.231854,0.214463
2344,1,0.117343,0.001241,0.881416
2345,1,0.356169,0.022624,0.621207
2346,1,0.022393,0.013037,0.964570
2347,1,0.624124,0.117644,0.258232
2348,1,0.079379,0.396518,0.524104
2349,1,0.115664,0.049143,0.835193
2350,1,0.125225,0.343766,0.531008
2351,1,0.167627,0.311491,0.520882
2352,1,0.013618,0.001808,0.984574
2353,1,0.004764,0.001987,0.993250
2354,1,0.157498,0.028709,0.813793
2355,1,0.534868,0.147501,0.317631
2356,1,0.662943,0.149772,0.187285
2357,1,0.190435,0.001872,0.807692
2358,1,0.599498,0.014853,0.385649
2359,1,0.083674,0.051153,0.865173
2360,1,0.479365,0.116098,0.404537
2361,1,0.019738,0.002466,0.977796
2362,1,0.032909,0.010139,0.956951
2363,1,0.049658,0.001340,0.949002
2364,1,0.028830,0.089811,0.881359
2365,1,0.089358,0.182006,0.728637
2366,1,0.213750,0.458785,0.327464
2367,1,0.019702,0.075990,0.904308
2368,1,0.037439,0.387978,0.574583
2369,1,0.041642,0.424042,0.534316
2370,0,0.890513,0.008971,0.100516
2371,0,0.574332,0.029863,0.395805
2372,0,0.747921,0.020540,0.231539
2373,0,0.886855,0.048463,0.064682
2374,0,0.800114,0.006606,0.193280
2375,0,0.580066,0.014151,0.405783
2376,0,0.928710,0.035927,0.035363
2377,0,0.144833,0.405592,0.449576
2378,0,0.187365,0.328587,0.484047
2379,0,0.281167,0.276712,0.442121
2380,0,0.028914,0.161480,0.809606
2381,0,0.002419,0.021588,0.975992
2382,0,0.026126,0.000687,0.973187
2383,0,0.005993,0.027644,0.966362
2384,0,0.003615,0.034554,0.961831
2385,0,0.109052,0.038766,0.852182
2386,1,0.284287,0.002705,0.713008
2387,1,0.140450,0.005662,0.853888
2388,1,0.857898,0.001659,0.140443
2389,1,0.734619,0.002962,0.262420
2390,1,0.399934,0.006307,0.593759
2391,1,0.035377,0.000537,0.964086
2392,1,0.071115,0.470810,0.458076
2393,1,0.128578,0.502289,0.369133
2394,1,0.368786,0.011422,0.619793
2395,1,0.035572,0.006285,0.958143
2396,1,0.546287,0.060222,0.393490
2397,1,0.184122,0.570559,0.245319
2398,1,0.057259,0.031779,0.910962
2399,1,0.250350,0.573151,0.176500
2400,0,0.508954,0.001243,0.489802
2401,0,0.798366,0.001470,0.200164
2402,0,0.564093,0.001158,0.434749
2403,1,0.488606,0.002895,0.508499
2404,1,0.535259,0.027829,0.436912
2405,1,0.467937,0.001094,0.530969
2406,1,0.047254,0.000455,0.952291
2407,1,0.238536,0.000835,0.760629
2408,1,0.408455,0.000870,0.590674
2409,1,0.968400,0.005822,0.025778
2410,1,0.971989,0.020000,0.008011
2411,1,0.957189,0.011710,0.031101
2412,1,0.736009,0.004928,0.259062
2413,1,0.892859,0.003171,0.103969
2414,1,0.958213,0.001781,0.040007
2415,1,0.962398,0.003635,0.033967
2416,1,0.831598,0.007589,0.160814
2417,0,0.027848,0.002875,0.969277
2418,0,0.049018,0.005481,0.945501
2419,0,0.040502,0.001640,0.957858
2420,1,0.005339,0.003036,0.991624
2421,1,0.002510,0.000515,0.996975
2422,1,0.135061,0.246113,0.618826
2423,1,0.005339,0.003036,0.991624
2424,1,0.000786,0.000512,0.998702
2425,1,0.003562,0.000826,0.995612
2426,1,0.017235,0.001672,0.981093
2427,1,0.002670,0.000504,0.996826
2428,1,0.116746,0.001019,0.882235
2429,1,0.195491,0.002116,0.802393
2430,1,0.003085,0.000445,0.996470
2431,1,0.004333,0.001200,0.994467
2432,1,0.002037,0.000743,0.997220
2433,1,0.019635,0.157930,0.822434
2434,0,0.031235,0.000636,0.968129
2435,0,0.004957,0.000281,0.994762
2436,0,0.104031,0.000675,0.895293
2437,0,0.136531,0.084551,0.778918
2438,0,0.169852,0.203642,0.626507
2439,1,0.015765,0.000621,0.983615
2440,1,0.008091,0.000439,0.991470
2441,1,0.018041,0.000575,0.981384
2442,1,0.010340,0.000450,0.989210
2443,1,0.132325,0.000877,0.866798
2444,1,0.012882,0.000507,0.986611
2445,1,0.011148,0.000455,0.988397
2446,1,0.016594,0.000490,0.982917
2447,1,0.012100,0.000584,0.987316
2448,1,0.004241,0.000683,0.995076
2449,1,0.016800,0.000711,0.982489
2450,1,0.007618,0.001276,0.991106
2451,1,0.961018,0.012547,0.026435
2452,1,0.964548,0.025571,0.009881
2453,1,0.874868,0.003379,0.121753
2454,1,0.920520,0.001878,0.077602
2455,0,0.295473,0.002786,0.701741
2456,1,0.443354,0.231696,0.324951
2457,1,0.384537,0.436526,0.178937
2458,1,0.385413,0.003509,0.611078
2459,1,0.054242,0.003640,0.942118
2460,1,0.343949,0.265268,0.390783
2461,1,0.354643,0.002164,0.643193
2462,1,0.025027,0.090925,0.884048
2463,1,0.701436,0.207637,0.090927
2464,1,0.008451,0.000539,0.991010
2465,1,0.011342,0.000508,0.988149
2466,1,0.054119,0.000858,0.945023
2467,1,0.806982,0.106570,0.086448
2468,1,0.021203,0.000909,0.977888
2469,0,0.071870,0.002567,0.925564
2470,0,0.373125,0.012468,0.614407
2471,1,0.700936,0.117514,0.181550
2472,0,0.024578,0.089223,0.886199
2473,1,0.589677,0.338683,0.071640
2474,1,0.917926,0.020187,0.061887
2475,1,0.981543,0.005102,0.013355
2476,1,0.680259,0.040777,0.278964
2477,1,0.826543,0.008059,0.165398
2478,1,0.914181,0.007180,0.078639
2479,1,0.480960,0.006402,0.512639
2480,0,0.140950,0.407863,0.451186
2481,1,0.196958,0.004154,0.798888
2482,1,0.796945,0.002738,0.200317
2483,1,0.734361,0.005385,0.260254
2484,0,0.043476,0.622974,0.333550
2485,0,0.133556,0.385959,0.480486
2486,0,0.161998,0.332498,0.505504
2487,0,0.547944,0.106043,0.346013
2488,0,0.090542,0.535246,0.374212
2489,1,0.481656,0.003647,0.514697
2490,1,0.701981,0.008355,0.289663
2491,1,0.044444,0.002173,0.953383
2492,1,0.026864,0.002219,0.970917
2493,1,0.336766,0.003689,0.659545
2494,1,0.464688,0.001538,0.533774
2495,1,0.429649,0.001560,0.568791
2496,1,0.693101,0.002666,0.304234
2497,1,0.197587,0.001664,0.800749
2498,1,0.774415,0.002950,0.222635
2499,0,0.043358,0.128730,0.827912
2500,1,0.111624,0.001533,0.886842
2501,1,0.610682,0.002674,0.386645
2502,0,0.001043,0.000664,0.998293
2503,0,0.001985,0.003828,0.994187
2504,0,0.157707,0.342213,0.500080
2505,0,0.178973,0.297326,0.523702
2506,0,0.201023,0.376967,0.422010
2507,0,0.935724,0.004229,0.060048
2508,0,0.050008,0.000347,0.949646
2509,1,0.010888,0.000716,0.988396
2510,1,0.780552,0.004279,0.215169
2511,1,0.871145,0.011321,0.117535
2512,1,0.881361,0.001782,0.116856
2513,1,0.254386,0.001931,0.743683
2514,1,0.599143,0.001386,0.399471
2515,1,0.379844,0.000804,0.619352
2516,1,0.491987,0.000718,0.507295
2517,1,0.523268,0.001097,0.475635
2518,1,0.383780,0.000860,0.615360
2519,1,0.398445,0.000742,0.600814
2520,1,0.599191,0.001108,0.399701
2521,1,0.390254,0.001364,0.608382
2522,1,0.959636,0.000689,0.039675
2523,1,0.962276,0.000926,0.036798
2524,1,0.968486,0.000667,0.030848
2525,1,0.889954,0.000726,0.109320
2526,1,0.989592,0.001707,0.008701
2527,1,0.989526,0.000898,0.009576
2528,1,0.984498,0.000991,0.014511
2529,0,0.962182,0.001947,0.035871
2530,0,0.973204,0.000935,0.025861
2531,0,0.968332,0.000975,0.030693
2532,0,0.975233,0.001092,0.023676
2533,0,0.959561,0.001534,0.038905
2534,0,0.769163,0.003744,0.227093
2535,0,0.670448,0.010112,0.319440
2536,0,0.744768,0.027108,0.228124
2537,0,0.628144,0.005280,0.366576
2538,0,0.466176,0.003212,0.530612
2539,0,0.837179,0.002326,0.160494
2540,0,0.138882,0.011719,0.849399
2541,0,0.064244,0.035812,0.899944
2542,0,0.031194,0.693034,0.275772
2543,0,0.175443,0.733939,0.090617
2544,0,0.044931,0.911597,0.043471
2545,0,0.060907,0.889123,0.049971
2546,0,0.028473,0.694872,0.276655
2547,0,0.059382,0.646145,0.294473
2548,0,0.981805,0.006618,0.011577
2549,0,0.125219,0.542725,0.332056
2550,0,0.359717,0.045538,0.594746
2551,0,0.141734,0.686200,0.172066
2552,0,0.025954,0.812405,0.161641
2553,0,0.177336,0.004214,0.818449
2554,0,0.116085,0.014013,0.869902
2555,0,0.042053,0.000738,0.957209
2556,1,0.912021,0.001728,0.086251
2557,1,0.173203,0.062271,0.764526
2558,1,0.229826,0.062030,0.708144
2559,1,0.193965,0.036026,0.770009
2560,1,0.087399,0.018987,0.893614
2561,1,0.112523,0.024982,0.862495
2562,1,0.091655,0.029084,0.879261
2563,0,0.311633,0.095327,0.593041
2564,0,0.331222,0.436841,0.231938
2565,0,0.177469,0.549774,0.272757
2566,0,0.096398,0.022677,0.880925
2567,0,0.196283,0.055247,0.748470
2568,0,0.419535,0.210713,0.369752
2569,0,0.563705,0.087805,0.348490
2570,0,0.595286,0.285808,0.118906
2571,0,0.166359,0.617138,0.216503
2572,0,0.348759,0.071973,0.579268
2573,0,0.247942,0.116082,0.635977
2574,0,0.372839,0.524474,0.102687
2575,0,0.123406,0.070214,0.806380
2576,0,0.282928,0.443200,0.273872
2577,0,0.081631,0.664959,0.253410
2578,0,0.005353,0.007370,0.987277
2579,0,0.011369,0.003803,0.984828
2580,1,0.412437,0.003092,0.584471
2581,1,0.016402,0.000972,0.982626
2582,1,0.007637,0.002270,0.990093
2583,1,0.007124,0.002423,0.990454
2584,1,0.022109,0.000777,0.977114
2585,1,0.027549,0.000859,0.971592
2586,1,0.003524,0.000985,0.995491
2587,1,0.021785,0.004251,0.973964
2588,1,0.030049,0.009478,0.960473
2589,1,0.072692,0.001599,0.925709
2590,1,0.033870,0.000923,0.965206
2591,1,0.007148,0.002265,0.990587
2592,1,0.015186,0.000816,0.983999
2593,1,0.003660,0.000363,0.995978
2594,1,0.031473,0.001093,0.967434
2595,1,0.492600,0.105726,0.401673
2596,1,0.021737,0.001161,0.977102
2597,1,0.625625,0.051054,0.323321
2598,1,0.025152,0.001314,0.973534
2599,1,0.330029,0.008229,0.661742
2600,1,0.061374,0.073356,0.865270
2601,1,0.341168,0.202174,0.456658
2602,1,0.258490,0.001895,0.739615
2603,1,0.339082,0.001240,0.659678
2604,1,0.831112,0.003278,0.165610
2605,1,0.541001,0.415912,0.043087
2606,1,0.582821,0.330248,0.086931
2607,1,0.426665,0.394925,0.178410
2608,1,0.012751,0.024734,0.962515
2609,1,0.072811,0.006644,0.920545
2610,1,0.235689,0.511113,0.253198
2611,1,0.759166,0.120892,0.119942
2612,1,0.134741,0.019553,0.845706
2613,1,0.505158,0.032721,0.462121
2614,1,0.161268,0.001222,0.837510
2615,1,0.468792,0.001608,0.529600
2616,1,0.476360,0.000754,0.522886
2617,1,0.045031,0.001586,0.953383
2618,1,0.121481,0.001787,0.876732
2619,1,0.441889,0.187283,0.370828
2620,1,0.928600,0.001147,0.070253
2621,1,0.019488,0.001054,0.979458
2622,1,0.988644,0.001539,0.009817
2623,1,0.981093,0.001072,0.017835
2624,1,0.615607,0.002920,0.381473
2625,1,0.547340,0.005086,0.447575
2626,1,0.281094,0.002273,0.716633
2627,1,0.831988,0.002925,0.165087
2628,1,0.849791,0.002615,0.147594
2629,1,0.506493,0.001858,0.491649
2630,1,0.951593,0.002912,0.045495
2631,1,0.903027,0.000874,0.096099
2632,1,0.219645,0.000875,0.779480
2633,1,0.377519,0.001184,0.621296
2634,1,0.341824,0.015085,0.643091
2635,1,0.676818,0.171943,0.151239
2636,1,0.595981,0.008002,0.396017
2637,1,0.358487,0.011878,0.629634
2638,1,0.654645,0.096832,0.248523
2639,1,0.761610,0.016767,0.221623
2640,1,0.713696,0.043300,0.243005
2641,1,0.682359,0.290806,0.026835
2642,1,0.898875,0.073900,0.027225
2643,1,0.993115,0.001788,0.005096
2644,1,0.989674,0.002198,0.008128
2645,1,0.950485,0.001396,0.048119
2646,1,0.969633,0.001706,0.028662
2647,0,0.014783,0.073461,0.911756
2648,0,0.083876,0.190573,0.725550
2649,0,0.022465,0.075571,0.901964
2650,0,0.112603,0.001425,0.885972
2651,0,0.003105,0.004269,0.992625
2652,0,0.001982,0.002030,0.995989
2653,0,0.031387,0.016540,0.952073
2654,0,0.004532,0.003881,0.991587
2655,0,0.071279,0.122560,0.806161
2656,0,0.005057,0.010596,0.984347
2657,0,0.032079,0.355554,0.612366
2658,0,0.002531,0.005593,0.991876
2659,0,0.064625,0.024188,0.911188
2660,0,0.021023,0.011123,0.967853
2661,0,0.015757,0.039303,0.944941
2662,0,0.076859,0.054022,0.869119
2663,0,0.022438,0.234035,0.743527
2664,0,0.001317,0.002544,0.996138
2665,0,0.001397,0.002122,0.996482
2666,0,0.001089,0.002817,0.996095
2667,0,0.002749,0.000776,0.996474
2668,0,0.001138,0.000907,0.997955
2669,0,0.002635,0.046938,0.950427
2670,0,0.004900,0.119294,0.875806
2671,0,0.006386,0.118098,0.875516
2672,0,0.022304,0.022420,0.955276
2673,0,0.133861,0.020049,0.846090
2674,0,0.421784,0.010422,0.567794
2675,0,0.002134,0.008513,0.989354
2676,0,0.077016,0.453001,0.469984
2677,0,0.149603,0.814777,0.035620
2678,0,0.008018,0.031697,0.960285
2679,0,0.025950,0.902659,0.071390
2680,0,0.211926,0.702192,0.085882
2681,0,0.455941,0.001391,0.542668
2682,0,0.106471,0.000950,0.892578
2683,0,0.095015,0.000823,0.904162
2684,0,0.062467,0.000768,0.936765
2685,0,0.258053,0.018319,0.723628
2686,0,0.001906,0.003704,0.994390
2687,0,0.080187,0.472383,0.447430
2688,0,0.001417,0.001769,0.996814
2689,0,0.001031,0.001987,0.996981
2690,0,0.042309,0.201986,0.755705
2691,0,0.001627,0.003632,0.994741
2692,0,0.275707,0.027701,0.696592
2693,0,0.157706,0.103295,0.738998
2694,1,0.117418,0.001656,0.880926
2695,1,0.906805,0.005283,0.087912
2696,1,0.929254,0.003649,0.067096
2697,1,0.926453,0.018719,0.054828
2698,1,0.756135,0.013342,0.230524
2699,1,0.736679,0.001755,0.261565
2700,1,0.045193,0.000595,0.954212
2701,1,0.254892,0.010504,0.734604
2702,1,0.545133,0.001366,0.453501
2703,0,0.081785,0.043509,0.874706
2704,1,0.848629,0.030744,0.120627
2705,1,0.158667,0.745959,0.095374
2706,0,0.090618,0.433655,0.475727
2707,0,0.010049,0.100011,0.889940
2708,0,0.014618,0.008079,0.977303
2709,0,0.005214,0.006240,0.988546
2710,1,0.681654,0.014662,0.303684
2711,1,0.968721,0.007036,0.024243
2712,1,0.948620,0.008229,0.043151
2713,1,0.965443,0.014017,0.020541
2714,1,0.819832,0.134394,0.045774
2715,1,0.513601,0.312561,0.173838
2716,1,0.901153,0.023150,0.075697
2717,1,0.106430,0.063652,0.829917
2718,1,0.685566,0.262249,0.052185
2719,1,0.982831,0.006238,0.010932
2720,0,0.394650,0.019753,0.585598
2721,0,0.383785,0.471425,0.144790
2722,0,0.238986,0.238432,0.522582
2723,1,0.948754,0.038937,0.012310
2724,1,0.932027,0.043128,0.024845
2725,1,0.797637,0.053663,0.148700
2726,1,0.213085,0.005196,0.781719
2727,0,0.103897,0.002140,0.893962
2728,0,0.100358,0.261112,0.638530
2729,0,0.117570,0.534113,0.348317
2730,0,0.296448,0.002285,0.701266
2731,1,0.681316,0.001803,0.316881
2732,1,0.251117,0.211185,0.537698
2733,1,0.702637,0.003810,0.293553
2734,0,0.026501,0.683010,0.290489
2735,0,0.108984,0.858541,0.032475
2736,1,0.828094,0.016287,0.155619
2737,1,0.898508,0.083696,0.017796
2738,1,0.292415,0.103708,0.603876
2739,0,0.162509,0.479687,0.357804
2740,1,0.856274,0.001095,0.142631
2741,0,0.431967,0.087982,0.480051
2742,1,0.829755,0.163796,0.006449
2743,0,0.164365,0.195450,0.640185
2744,0,0.016297,0.178728,0.804975
2745,0,0.000902,0.001938,0.997160
2746,1,0.006458,0.001822,0.991720
2747,1,0.014372,0.004140,0.981488
2748,1,0.015858,0.003729,0.980413
2749,0,0.030804,0.022635,0.946560
2750,0,0.713093,0.019843,0.267064
2751,0,0.865112,0.035817,0.099071
2752,0,0.075108,0.081173,0.843719
2753,1,0.202715,0.029575,0.767709
2754,0,0.053703,0.003926,0.942371
2755,0,0.134208,0.005479,0.860314
2756,1,0.911821,0.001193,0.086986
2757,1,0.628375,0.001459,0.370166
2758,1,0.991386,0.000923,0.007691
2759,1,0.964203,0.001551,0.034246
2760,1,0.874538,0.001303,0.124159
2761,1,0.987869,0.000760,0.011371
2762,0,0.832225,0.127796,0.039979
2763,0,0.769892,0.192675,0.037433
2764,1,0.161359,0.000783,0.837857
2765,1,0.675753,0.051316,0.272931
2766,0,0.030604,0.075718,0.893678
2767,0,0.494706,0.066261,0.439033
2768,1,0.078111,0.029608,0.892281
2769,1,0.974177,0.001097,0.024726
2770,0,0.563084,0.386276,0.050640
2771,1,0.889780,0.065878,0.044342
2772,1,0.912274,0.003386,0.084340
2773,1,0.648115,0.014529,0.337355
2774,1,0.365321,0.010945,0.623734
2775,1,0.966660,0.006110,0.027229
2776,1,0.944514,0.002177,0.053309
2777,1,0.420696,0.001294,0.578010
2778,1,0.132777,0.000700,0.866523
2779,0,0.004981,0.001491,0.993528
2780,0,0.061342,0.187429,0.751228
2781,1,0.481807,0.458442,0.059750
2782,1,0.896112,0.003763,0.100125
2783,1,0.992850,0.004660,0.002489
2784,1,0.877204,0.001097,0.121699
2785,1,0.930880,0.042941,0.026179
2786,0,0.045504,0.739717,0.214779
2787,1,0.352273,0.040079,0.607648
2788,0,0.090442,0.010990,0.898569
2789,1,0.006619,0.000705,0.992676
2790,0,0.059237,0.001693,0.939070
2791,1,0.957423,0.001774,0.040803
2792,1,0.341079,0.005169,0.653752
2793,1,0.577190,0.382215,0.040595
2794,1,0.890057,0.000804,0.109139
2795,1,0.127256,0.000763,0.871981
2796,0,0.283879,0.231379,0.484742
2797,1,0.027415,0.000530,0.972055
2798,1,0.898271,0.003819,0.097910
2799,1,0.003559,0.000694,0.995748
2800,1,0.813167,0.009373,0.177461
2801,1,0.413549,0.001547,0.584904
2802,1,0.438166,0.005776,0.556058
2803,1,0.781454,0.007564,0.210982
2804,1,0.029806,0.000764,0.969431
2805,1,0.962147,0.015576,0.022276
2806,1,0.773479,0.006132,0.220389
2807,1,0.209096,0.065468,0.725436
2808,0,0.403661,0.216062,0.380277
2809,0,0.048284,0.835376,0.116341
2810,1,0.893016,0.004044,0.102940
2811,1,0.181488,0.011475,0.807037
2812,1,0.933934,0.001808,0.064258
2813,0,0.882479,0.001358,0.116163
2814,1,0.806579,0.028585,0.164837
2815,1,0.598601,0.154854,0.246544
2816,1,0.914963,0.001899,0.083138
2817,1,0.960403,0.013128,0.026469
2818,1,0.793856,0.002769,0.203376
2819,0,0.003742,0.127074,0.869185
2820,0,0.483794,0.458895,0.057312
2821,1,0.975722,0.001728,0.022551
2822,1,0.941777,0.003130,0.055093
2823,1,0.992830,0.003466,0.003704
2824,1,0.002381,0.001778,0.995841
2825,1,0.788929,0.012916,0.198154
2826,0,0.046043,0.013042,0.940915
2827,1,0.026157,0.001808,0.972035
2828,0,0.683697,0.017498,0.298805
2829,0,0.007136,0.001509,0.991355
2830,1,0.468273,0.227805,0.303922
2831,1,0.943933,0.005476,0.050591
2832,0,0.907138,0.003511,0.089352
2833,1,0.924835,0.000751,0.074414
2834,0,0.295303,0.039236,0.665460
2835,1,0.217424,0.008167,0.774409
2836,1,0.001459,0.000815,0.997726
2837,1,0.856507,0.002514,0.140980
2838,0,0.005416,0.119514,0.875070
2839,1,0.913828,0.006955,0.079217
2840,0,0.050769,0.181309,0.767923
2841,1,0.828221,0.001724,0.170056
2842,0,0.079258,0.241390,0.679353
2843,1,0.738329,0.017106,0.244565
2844,1,0.906624,0.070369,0.023008
2845,0,0.909673,0.003590,0.086737
2846,1,0.008835,0.050931,0.940234
2847,1,0.493459,0.444648,0.061894
2848,1,0.002065,0.000860,0.997074
2849,0,0.839497,0.005660,0.154844
2850,0,0.018526,0.008941,0.972534
2851,0,0.034196,0.096911,0.868892
2852,0,0.020088,0.001342,0.978570
2853,1,0.828086,0.138261,0.033653
2854,0,0.199099,0.692152,0.108749
2855,0,0.003834,0.000348,0.995818
2856,1,0.777541,0.206423,0.016036
2857,1,0.110874,0.004420,0.884707
2858,1,0.905556,0.001443,0.093000
2859,1,0.021668,0.195381,0.782951
2860,1,0.049265,0.000651,0.950084
2861,1,0.992486,0.002638,0.004876
2862,0,0.360076,0.411692,0.228232
2863,1,0.808807,0.006774,0.184418
2864,1,0.689102,0.010602,0.300296
2865,0,0.661016,0.096411,0.242573
2866,1,0.031768,0.022633,0.945599
2867,0,0.250120,0.265822,0.484058
2868,1,0.974295,0.006574,0.019131
2869,1,0.546100,0.005347,0.448554
2870,1,0.020297,0.009303,0.970400
2871,1,0.872529,0.052786,0.074686
2872,0,0.896358,0.000789,0.102853
2873,1,0.899731,0.002085,0.098184
2874,1,0.980718,0.002722,0.016560
2875,1,0.896385,0.001153,0.102461
2876,1,0.041601,0.002092,0.956307
2877,0,0.018501,0.000255,0.981243
2878,1,0.979957,0.001658,0.018385
2879,1,0.357570,0.048869,0.593560
2880,0,0.102158,0.003144,0.894699
2881,1,0.981913,0.001281,0.016806
2882,0,0.026894,0.000731,0.972375
2883,0,0.047462,0.016757,0.935781
2884,1,0.065994,0.794592,0.139415
2885,1,0.007440,0.051024,0.941536
2886,1,0.314409,0.413967,0.271625
2887,0,0.004993,0.000619,0.994388
2888,0,0.122429,0.141653,0.735918
2889,0,0.858839,0.105591,0.035570
2890,0,0.060140,0.006962,0.932898
2891,1,0.392807,0.104976,0.502217
2892,0,0.261826,0.002229,0.735945
2893,1,0.946429,0.044142,0.009429
2894,0,0.037333,0.015334,0.947333
2895,0,0.020116,0.003959,0.975925
2896,1,0.089544,0.583307,0.327149
2897,0,0.054864,0.223758,0.721378
2898,0,0.053260,0.002532,0.944208
2899,0,0.900831,0.028036,0.071133
2900,0,0.001913,0.000506,0.997581
2901,0,0.190266,0.004264,0.805471
2902,1,0.543007,0.393943,0.063050
2903,0,0.226303,0.144298,0.629399
2904,1,0.081359,0.006026,0.912616
2905,1,0.341165,0.006135,0.652699
2906,0,0.114264,0.133890,0.751846
2907,1,0.144650,0.188985,0.666365
2908,1,0.624376,0.005233,0.370391
2909,1,0.331174,0.000929,0.667898
2910,1,0.327574,0.139096,0.533330
2911,1,0.809197,0.059455,0.131348
2912,1,0.954912,0.001276,0.043812
2913,1,0.927047,0.001197,0.071757
2914,0,0.034524,0.402318,0.563158
2915,0,0.010706,0.000254,0.989040
2916,1,0.016703,0.000625,0.982672
2917,0,0.795152,0.001068,0.203780
2918,1,0.153004,0.145172,0.701824
2919,1,0.988342,0.004272,0.007386
2920,0,0.267646,0.111919,0.620435
2921,1,0.715964,0.002602,0.281434
2922,0,0.001729,0.001427,0.996845
2923,0,0.001251,0.000550,0.998200
2924,1,0.584293,0.183696,0.232012
2925,0,0.306908,0.017984,0.675108
2926,1,0.156944,0.008173,0.834883
2927,1,0.018549,0.000354,0.981097
2928,1,0.968618,0.001636,0.029747
2929,0,0.104586,0.311553,0.583861
2930,1,0.069999,0.008707,0.921293
2931,1,0.911081,0.000610,0.088308
2932,0,0.497466,0.007646,0.494889
2933,0,0.341080,0.246588,0.412332
2934,1,0.971252,0.021302,0.007446
2935,0,0.010681,0.014988,0.974331
2936,0,0.002776,0.000740,0.996483
2937,1,0.924512,0.000973,0.074516
2938,0,0.397997,0.013472,0.588530
2939,1,0.946189,0.001241,0.052570
2940,1,0.989861,0.003554,0.006585
2941,0,0.100448,0.268812,0.630741
2942,0,0.568268,0.414857,0.016875
2943,1,0.766742,0.095522,0.137735
2944,0,0.305374,0.044180,0.650447
2945,0,0.455524,0.018121,0.526355
2946,0,0.115746,0.495010,0.389243
2947,0,0.111436,0.021165,0.867399
2948,1,0.808007,0.152691,0.039302
2949,0,0.696868,0.011168,0.291965
2950,0,0.001936,0.005256,0.992808
2951,0,0.103201,0.368189,0.528610
2952,0,0.030237,0.218698,0.751065
2953,1,0.280431,0.004055,0.715514
2954,1,0.949284,0.034804,0.015911
2955,1,0.891730,0.082325,0.025945
2956,0,0.046801,0.644692,0.308506
2957,0,0.497802,0.006579,0.495620
2958,1,0.478702,0.002255,0.519043
2959,0,0.093134,0.004527,0.902339
2960,1,0.391583,0.003150,0.605266
2961,1,0.664937,0.084726,0.250337
2962,1,0.843028,0.030463,0.126508
2963,1,0.991839,0.001882,0.006279
2964,1,0.088527,0.454938,0.456535
2965,1,0.838273,0.017377,0.144350
2966,0,0.912069,0.001107,0.086824
2967,1,0.418166,0.225173,0.356660
2968,1,0.981486,0.011123,0.007391
2969,1,0.683187,0.262312,0.054501
2970,1,0.020621,0.001506,0.977873
2971,1,0.963730,0.012375,0.023894
2972,0,0.761177,0.167643,0.071180
2973,1,0.034706,0.001525,0.963768
2974,0,0.101299,0.004080,0.894620
2975,0,0.034744,0.303435,0.661821
2976,0,0.852626,0.005702,0.141672
2977,1,0.752361,0.236570,0.011069
2978,1,0.095541,0.005167,0.899292
2979,0,0.499729,0.168207,0.332064
2980,0,0.078109,0.001656,0.920235
2981,1,0.003142,0.000840,0.996018
2982,0,0.626481,0.127806,0.245712
2983,1,0.015447,0.004875,0.979677
2984,0,0.134126,0.000523,0.865351
2985,1,0.933275,0.063273,0.003451
2986,1,0.599152,0.046305,0.354543
2987,1,0.912280,0.007952,0.079767
2988,0,0.075742,0.353738,0.570520
2989,1,0.990831,0.004799,0.004370
2990,0,0.333800,0.322088,0.344112
2991,0,0.233514,0.021398,0.745088
2992,1,0.236416,0.012659,0.750924
2993,1,0.969916,0.010034,0.020051
2994,0,0.192227,0.187223,0.620550
2995,1,0.712215,0.001171,0.286613
2996,0,0.045177,0.307738,0.647085
2997,0,0.014081,0.692478,0.293441
2998,0,0.054146,0.360776,0.585078
2999,1,0.003997,0.002339,0.993663
