row_id,gold,p_hate,p_offensive,p_normal
0,1,0.178453,0.246692,0.574854
1,0,0.408013,0.480932,0.111055
2,1,0.051688,0.001138,0.947173
3,1,0.052916,0.005004,0.942081
4,0,0.003769,0.011021,0.985210
5,1,0.368257,0.567727,0.064016
6,1,0.111178,0.034570,0.854253
7,1,0.080173,0.002834,0.916992
8,0,0.068239,0.888120,0.043641
9,1,0.938253,0.015210,0.046537
10,0,0.016503,0.136412,0.847085
11,1,0.974005,0.000608,0.025388
12,1,0.230246,0.585214,0.184539
13,0,0.966640,0.002808,0.030552
14,0,0.766969,0.001216,0.231814
15,0,0.041784,0.928111,0.030105
16,1,0.009597,0.000293,0.990111
17,1,0.811467,0.179849,0.008684
18,1,0.934963,0.036127,0.028911
19,0,0.151519,0.001537,0.846944
20,1,0.293591,0.000866,0.705542
21,1,0.014704,0.024530,0.960766
22,0,0.733431,0.016434,0.250136
23,1,0.715262,0.257147,0.027592
24,1,0.461626,0.262122,0.276252
25,1,0.990596,0.002308,0.007096
26,0,0.044583,0.872896,0.082521
27,1,0.847405,0.137513,0.015082
28,1,0.377505,0.001816,0.620679
29,0,0.912139,0.001746,0.086115
30,0,0.009907,0.006988,0.983106
31,0,0.003871,0.013286,0.982843
32,0,0.918929,0.000425,0.080646
33,1,0.982844,0.001009,0.016147
34,0,0.972578,0.013141,0.014281
35,1,0.964077,0.003228,0.032695
36,1,0.220623,0.000667,0.778709
37,1,0.403552,0.001221,0.595228
38,0,0.678919,0.001513,0.319568
39,0,0.021938,0.000860,0.977202
40,0,0.771232,0.017489,0.211279
41,0,0.054871,0.243065,0.702064
42,0,0.031674,0.002712,0.965614
43,0,0.022114,0.001067,0.976819
44,0,0.981821,0.002034,0.016145
45,1,0.626519,0.007161,0.366320
46,0,0.644342,0.004257,0.351401
47,1,0.192135,0.002472,0.805393
48,0,0.861359,0.000837,0.137804
49,1,0.658917,0.003968,0.337115
50,1,0.865653,0.005798,0.128549
51,0,0.051816,0.002972,0.945212
52,1,0.663920,0.001442,0.334638
53,1,0.514866,0.002461,0.482672
54,1,0.394447,0.119003,0.486550
55,1,0.068532,0.616641,0.314827
56,1,0.036711,0.009969,0.953320
57,0,0.037280,0.000448,0.962272
58,1,0.851443,0.140634,0.007923
59,1,0.987755,0.000695,0.011550
60,1,0.008495,0.000428,0.991077
61,1,0.196763,0.004140,0.799097
62,0,0.865065,0.000833,0.134102
63,1,0.291899,0.014696,0.693405
64,1,0.835006,0.134888,0.030106
65,0,0.385809,0.001717,0.612475
66,1,0.840449,0.002312,0.157239
67,1,0.028439,0.001013,0.970548
68,1,0.020307,0.028375,0.951318
69,1,0.016498,0.005887,0.977614
70,1,0.280011,0.009099,0.710890
71,1,0.138568,0.001363,0.860069
72,1,0.204926,0.000715,0.794359
73,1,0.566140,0.000624,0.433236
74,1,0.653834,0.000556,0.345610
75,1,0.125911,0.000671,0.873419
76,1,0.824439,0.000639,0.174921
77,1,0.279051,0.000855,0.720094
78,1,0.110668,0.000972,0.888361
79,1,0.962156,0.000570,0.037274
80,1,0.041457,0.001335,0.957208
81,1,0.050805,0.002980,0.946215
82,1,0.792037,0.017413,0.190550
83,1,0.579592,0.000887,0.419521
84,1,0.988168,0.002308,0.009523
85,1,0.945051,0.003510,0.051439
86,0,0.010674,0.002168,0.987159
87,1,0.953526,0.036325,0.010149
88,1,0.916558,0.007284,0.076158
89,1,0.975398,0.003217,0.021385
90,1,0.948579,0.043848,0.007573
91,1,0.844794,0.001681,0.153525
92,1,0.959195,0.001309,0.039496
93,1,0.479119,0.001737,0.519145
94,1,0.468810,0.001561,0.529629
95,1,0.905392,0.001898,0.092709
96,1,0.968979,0.000632,0.030389
97,1,0.887981,0.000618,0.111401
98,1,0.012935,0.000671,0.986394
99,1,0.039365,0.000636,0.959999
100,1,0.682046,0.000785,0.317169
101,0,0.000936,0.000992,0.998072
102,1,0.014868,0.061430,0.923702
103,1,0.020254,0.000433,0.979312
104,1,0.992694,0.000461,0.006845
105,1,0.980711,0.000835,0.018455
106,1,0.060481,0.037157,0.902362
107,1,0.745845,0.228488,0.025667
108,1,0.984800,0.000584,0.014616
109,1,0.984667,0.000911,0.014422
110,1,0.890085,0.000907,0.109008
111,1,0.895568,0.000631,0.103800
112,1,0.540239,0.002257,0.457504
113,1,0.628314,0.001485,0.370201
114,1,0.717087,0.000839,0.282074
115,0,0.017249,0.002258,0.980492
116,1,0.069067,0.001552,0.929381
117,1,0.216092,0.003286,0.780621
118,1,0.339129,0.002628,0.658243
119,1,0.380098,0.002516,0.617387
120,1,0.991610,0.000679,0.007711
121,1,0.984997,0.000630,0.014373
122,1,0.098177,0.628567,0.273257
123,1,0.906567,0.001618,0.091815
124,1,0.340406,0.499357,0.160237
125,1,0.156798,0.537622,0.305580
126,1,0.762497,0.003166,0.234337
127,1,0.989145,0.006089,0.004766
128,1,0.156122,0.002041,0.841838
129,1,0.985119,0.002603,0.012278
130,1,0.963875,0.006806,0.029319
131,1,0.994999,0.001085,0.003916
132,1,0.995354,0.001860,0.002787
133,1,0.983984,0.010808,0.005208
134,0,0.025301,0.028639,0.946059
135,0,0.223446,0.313453,0.463101
136,1,0.990698,0.000783,0.008519
137,0,0.022485,0.000578,0.976937
138,1,0.197591,0.000960,0.801449
139,0,0.950286,0.001238,0.048477
140,1,0.707892,0.000640,0.291468
141,1,0.966916,0.000707,0.032377
142,0,0.041706,0.001739,0.956555
143,0,0.055440,0.000939,0.943621
144,1,0.135227,0.761443,0.103330
145,1,0.992790,0.002162,0.005047
146,0,0.983745,0.001542,0.014713
147,1,0.761095,0.217037,0.021868
148,0,0.102679,0.001935,0.895386
149,1,0.916734,0.078493,0.004773
150,1,0.991268,0.001186,0.007546
151,1,0.993242,0.000693,0.006064
152,1,0.077163,0.785432,0.137405
153,1,0.989743,0.000904,0.009353
154,1,0.994507,0.001171,0.004322
155,1,0.994518,0.001112,0.004370
156,1,0.979896,0.014405,0.005699
157,1,0.966293,0.025167,0.008540
158,1,0.326164,0.124289,0.549547
159,1,0.531114,0.430183,0.038704
160,1,0.996109,0.000912,0.002978
161,1,0.991267,0.000667,0.008066
162,1,0.986625,0.000871,0.012504
163,1,0.996110,0.000832,0.003058
164,1,0.980951,0.005056,0.013993
165,1,0.181215,0.587667,0.231118
166,1,0.593702,0.002137,0.404162
167,1,0.982489,0.003081,0.014430
168,1,0.993548,0.001025,0.005427
169,1,0.925716,0.003580,0.070705
170,1,0.970574,0.003796,0.025630
171,1,0.957324,0.000786,0.041890
172,1,0.990059,0.001522,0.008419
173,1,0.622645,0.017436,0.359919
174,1,0.105830,0.000952,0.893217
175,1,0.974739,0.009085,0.016176
176,1,0.215889,0.718332,0.065779
177,1,0.583363,0.025185,0.391452
178,1,0.210080,0.054160,0.735760
179,1,0.133777,0.788613,0.077610
180,1,0.211980,0.246661,0.541358
181,1,0.073943,0.149496,0.776561
182,1,0.027058,0.058240,0.914702
183,1,0.049576,0.097022,0.853402
184,0,0.141188,0.283663,0.575149
185,0,0.433502,0.293622,0.272875
186,1,0.769114,0.197050,0.033836
187,1,0.213358,0.755932,0.030711
188,1,0.010618,0.001015,0.988367
189,1,0.055182,0.378451,0.566368
190,1,0.003945,0.002627,0.993428
191,1,0.236398,0.498200,0.265402
192,1,0.099990,0.003571,0.896438
193,1,0.013330,0.003702,0.982969
194,1,0.006284,0.001070,0.992646
195,1,0.007908,0.001148,0.990944
196,1,0.006636,0.001379,0.991984
197,1,0.010176,0.001247,0.988577
198,1,0.009450,0.001431,0.989118
199,1,0.013429,0.002157,0.984415
200,1,0.008799,0.001259,0.989943
201,1,0.006322,0.000937,0.992741
202,1,0.012008,0.001603,0.986389
203,1,0.014648,0.001781,0.983572
204,1,0.011625,0.001929,0.986446
205,1,0.010728,0.001378,0.987894
206,1,0.011375,0.001687,0.986938
207,1,0.013998,0.001782,0.984220
208,1,0.015785,0.001711,0.982503
209,1,0.012116,0.001461,0.986423
210,1,0.017227,0.001631,0.981142
211,1,0.010651,0.001228,0.988121
212,1,0.008406,0.001019,0.990576
213,0,0.002905,0.000778,0.996317
214,1,0.075128,0.005295,0.919577
215,1,0.071494,0.009112,0.919394
216,1,0.075502,0.005233,0.919265
217,1,0.168280,0.008285,0.823435
218,1,0.029185,0.000997,0.969818
219,1,0.604942,0.001044,0.394014
220,1,0.125500,0.714792,0.159708
221,1,0.024334,0.008041,0.967625
222,1,0.007966,0.003490,0.988544
223,1,0.006293,0.001197,0.992510
224,0,0.014896,0.002814,0.982290
225,1,0.785690,0.002600,0.211709
226,1,0.361793,0.011598,0.626609
227,1,0.837784,0.091683,0.070533
228,1,0.993311,0.002612,0.004077
229,1,0.983871,0.001708,0.014421
230,1,0.539543,0.005081,0.455375
231,1,0.103539,0.001243,0.895219
232,1,0.512835,0.003418,0.483747
233,1,0.410888,0.567457,0.021655
234,1,0.800475,0.002205,0.197320
235,1,0.216418,0.055381,0.728200
236,1,0.893322,0.002257,0.104421
237,1,0.942980,0.030620,0.026400
238,1,0.587821,0.363408,0.048771
239,1,0.775012,0.087043,0.137944
240,1,0.010870,0.002458,0.986672
241,1,0.042765,0.010298,0.946937
242,1,0.105382,0.014256,0.880362
243,1,0.027156,0.002298,0.970546
244,1,0.938461,0.000962,0.060577
245,1,0.903567,0.027393,0.069040
246,1,0.964088,0.003272,0.032640
247,1,0.177019,0.438379,0.384602
248,0,0.004659,0.000507,0.994835
249,1,0.970344,0.005993,0.023663
250,0,0.005984,0.000782,0.993235
251,1,0.205433,0.001443,0.793124
252,1,0.231331,0.730243,0.038426
253,1,0.961138,0.001064,0.037798
254,0,0.514826,0.001158,0.484016
255,0,0.151416,0.014263,0.834321
256,0,0.275847,0.001063,0.723090
257,1,0.820500,0.008010,0.171490
258,1,0.533046,0.012230,0.454723
259,1,0.994779,0.001022,0.004199
260,1,0.995850,0.001533,0.002617
261,1,0.988200,0.002502,0.009298
262,1,0.003925,0.000331,0.995744
263,1,0.645520,0.026232,0.328247
264,0,0.025219,0.002324,0.972457
265,0,0.001034,0.000910,0.998056
266,0,0.583296,0.004843,0.411861
267,1,0.518190,0.010041,0.471769
268,0,0.869894,0.000933,0.129174
269,0,0.801050,0.001543,0.197407
270,1,0.382996,0.445352,0.171652
271,1,0.445226,0.406056,0.148718
272,1,0.389191,0.001205,0.609604
273,0,0.001900,0.000580,0.997520
274,1,0.433897,0.000929,0.565174
275,0,0.414522,0.001044,0.584433
276,0,0.892123,0.006328,0.101548
277,0,0.935246,0.004323,0.060431
278,0,0.274077,0.002133,0.723790
279,0,0.244862,0.039514,0.715625
280,0,0.206082,0.718312,0.075606
281,0,0.049259,0.002146,0.948595
282,0,0.994848,0.001040,0.004111
283,0,0.988537,0.001173,0.010290
284,1,0.996447,0.001662,0.001891
285,0,0.498951,0.000980,0.500069
286,0,0.994866,0.001325,0.003809
287,0,0.256392,0.002341,0.741267
288,0,0.337694,0.008618,0.653689
289,0,0.195740,0.005244,0.799016
290,0,0.521225,0.003463,0.475312
291,0,0.943666,0.000903,0.055431
292,0,0.987063,0.000414,0.012523
293,0,0.864114,0.001827,0.134060
294,0,0.372026,0.001125,0.626848
295,1,0.982358,0.001265,0.016378
296,0,0.198972,0.515897,0.285130
297,0,0.214745,0.002241,0.783014
298,0,0.728463,0.026243,0.245295
299,0,0.952841,0.002977,0.044182
300,0,0.970308,0.001079,0.028613
301,0,0.199298,0.568026,0.232676
302,0,0.602858,0.001063,0.396079
303,1,0.740278,0.001208,0.258514
304,0,0.156891,0.001346,0.841762
305,0,0.759027,0.216342,0.024631
306,0,0.765775,0.199943,0.034282
307,0,0.971694,0.000516,0.027790
308,0,0.910642,0.000815,0.088543
309,1,0.919916,0.067028,0.013056
310,1,0.822567,0.153822,0.023610
311,1,0.867523,0.016349,0.116128
312,1,0.944574,0.002766,0.052660
313,1,0.028251,0.000976,0.970774
314,1,0.994868,0.001739,0.003393
315,0,0.049605,0.004770,0.945625
316,1,0.633345,0.000856,0.365799
317,1,0.989109,0.001474,0.009417
318,1,0.973916,0.000603,0.025482
319,0,0.917314,0.002885,0.079801
320,0,0.989760,0.000690,0.009550
321,0,0.054132,0.000765,0.945103
322,0,0.005653,0.002629,0.991718
323,0,0.027387,0.024732,0.947881
324,0,0.100629,0.001386,0.897985
325,0,0.078757,0.001853,0.919390
326,0,0.342647,0.001420,0.655933
327,1,0.980051,0.002527,0.017421
328,1,0.961394,0.035122,0.003483
329,1,0.660907,0.001682,0.337411
330,1,0.148391,0.002724,0.848885
331,1,0.092964,0.705301,0.201735
332,1,0.972123,0.006111,0.021765
333,1,0.286570,0.336987,0.376443
334,1,0.937101,0.001339,0.061560
335,1,0.570027,0.000625,0.429348
336,1,0.521369,0.002112,0.476519
337,1,0.005787,0.003442,0.990771
338,0,0.368620,0.001551,0.629829
339,0,0.946312,0.001358,0.052330
340,0,0.984977,0.000581,0.014442
341,0,0.713297,0.132726,0.153977
342,0,0.963697,0.000789,0.035514
343,0,0.962603,0.001250,0.036147
344,0,0.498006,0.017659,0.484335
345,0,0.054408,0.001070,0.944522
346,0,0.988924,0.000749,0.010326
347,0,0.056758,0.740642,0.202599
348,0,0.967428,0.000496,0.032076
349,0,0.991975,0.000863,0.007161
350,0,0.718243,0.003253,0.278503
351,0,0.992562,0.001699,0.005739
352,1,0.995349,0.000748,0.003903
353,0,0.334558,0.005973,0.659469
354,0,0.677530,0.121143,0.201327
355,0,0.982998,0.001320,0.015682
356,0,0.990410,0.001930,0.007660
357,0,0.989038,0.000475,0.010487
358,0,0.944430,0.022381,0.033189
359,0,0.994829,0.001209,0.003962
360,0,0.002092,0.000589,0.997318
361,0,0.481788,0.002846,0.515366
362,0,0.098601,0.000692,0.900708
363,0,0.034342,0.000953,0.964705
364,0,0.047335,0.000906,0.951759
365,0,0.972118,0.002392,0.025489
366,0,0.321510,0.000931,0.677560
367,0,0.816818,0.000535,0.182648
368,0,0.884877,0.000504,0.114619
369,0,0.264240,0.001140,0.734620
370,0,0.956346,0.022155,0.021499
371,0,0.003935,0.000621,0.995444
372,0,0.096527,0.002359,0.901114
373,0,0.967017,0.001125,0.031858
374,0,0.776707,0.001429,0.221864
375,0,0.975200,0.000547,0.024253
376,1,0.275214,0.000648,0.724138
377,1,0.062167,0.000588,0.937245
378,0,0.035815,0.000698,0.963486
379,1,0.662805,0.003168,0.334027
380,0,0.283833,0.001155,0.715012
381,0,0.017034,0.031958,0.951008
382,0,0.591935,0.002455,0.405611
383,1,0.339420,0.321397,0.339183
384,1,0.574049,0.001187,0.424763
385,1,0.819935,0.007077,0.172988
386,1,0.340785,0.000517,0.658698
387,1,0.929778,0.012731,0.057491
388,1,0.884724,0.095322,0.019954
389,0,0.801752,0.005966,0.192281
390,0,0.034593,0.118327,0.847080
391,0,0.945459,0.018933,0.035608
392,0,0.041864,0.009034,0.949102
393,1,0.885099,0.100813,0.014089
394,1,0.044397,0.030691,0.924912
395,1,0.505771,0.069646,0.424583
396,0,0.001426,0.002501,0.996073
397,1,0.006337,0.055295,0.938369
398,1,0.912964,0.049226,0.037810
399,1,0.515799,0.314453,0.169748
400,0,0.701466,0.001136,0.297398
401,0,0.037195,0.414095,0.548710
402,0,0.194236,0.002565,0.803199
403,0,0.647707,0.000971,0.351322
404,0,0.472731,0.021994,0.505275
405,0,0.905587,0.052647,0.041766
406,0,0.150036,0.573261,0.276703
407,0,0.192015,0.001032,0.806953
408,1,0.371048,0.592592,0.036361
409,0,0.247946,0.001108,0.750947
410,0,0.098605,0.002036,0.899359
411,0,0.017431,0.005231,0.977338
412,1,0.489975,0.001939,0.508087
413,1,0.963085,0.001869,0.035046
414,0,0.020867,0.001446,0.977687
415,0,0.961537,0.000573,0.037890
416,0,0.796921,0.003258,0.199821
417,0,0.955139,0.001648,0.043212
418,0,0.916013,0.000858,0.083130
419,1,0.094697,0.001860,0.903443
420,0,0.868727,0.097261,0.034012
421,0,0.915270,0.000838,0.083892
422,1,0.878020,0.001105,0.120875
423,0,0.193925,0.000903,0.805172
424,1,0.658201,0.005030,0.336769
425,0,0.147113,0.422628,0.430259
426,0,0.988203,0.001444,0.010353
427,0,0.972600,0.002771,0.024629
428,0,0.972117,0.004324,0.023559
429,0,0.013738,0.001073,0.985190
430,0,0.180898,0.028189,0.790913
431,0,0.037905,0.094257,0.867838
432,0,0.752477,0.020055,0.227468
433,0,0.884539,0.000915,0.114546
434,1,0.339215,0.020415,0.640371
435,0,0.234418,0.002863,0.762719
436,0,0.503731,0.005061,0.491208
437,1,0.276098,0.009264,0.714639
438,0,0.679680,0.008472,0.311848
439,1,0.808893,0.002590,0.188518
440,0,0.668173,0.000993,0.330834
441,0,0.962104,0.000648,0.037248
442,0,0.215152,0.001196,0.783651
443,0,0.096456,0.002277,0.901267
444,0,0.196473,0.000911,0.802616
445,0,0.160280,0.273131,0.566589
446,0,0.353704,0.003541,0.642755
447,0,0.093783,0.000473,0.905744
448,1,0.554860,0.334273,0.110866
449,1,0.983702,0.001150,0.015148
450,1,0.973246,0.005113,0.021641
451,0,0.958164,0.000547,0.041289
452,1,0.074123,0.001244,0.924633
453,1,0.962542,0.000475,0.036983
454,1,0.995432,0.001939,0.002630
455,1,0.938251,0.001975,0.059773
456,1,0.610524,0.008283,0.381193
457,1,0.948845,0.000566,0.050588
458,0,0.943872,0.007559,0.048569
459,1,0.379690,0.002432,0.617878
460,1,0.143922,0.402115,0.453963
461,0,0.091804,0.000848,0.907348
462,0,0.871067,0.049040,0.079892
463,0,0.034871,0.001169,0.963960
464,0,0.000903,0.000311,0.998787
465,0,0.000802,0.000953,0.998244
466,1,0.004981,0.011568,0.983451
467,0,0.008923,0.000995,0.990083
468,0,0.078998,0.582382,0.338620
469,0,0.855848,0.001721,0.142431
470,1,0.681028,0.001396,0.317575
471,1,0.913546,0.002453,0.084001
472,0,0.973134,0.000437,0.026430
473,1,0.121728,0.000788,0.877485
474,0,0.653068,0.011032,0.335900
475,0,0.957142,0.000690,0.042168
476,1,0.356024,0.003362,0.640614
477,0,0.383983,0.000764,0.615253
478,1,0.118360,0.862074,0.019566
479,0,0.629492,0.002056,0.368452
480,0,0.715611,0.001091,0.283298
481,1,0.954361,0.000685,0.044954
482,0,0.050551,0.401197,0.548252
483,0,0.982678,0.002048,0.015274
484,1,0.787547,0.000612,0.211841
485,0,0.346270,0.000729,0.653002
486,0,0.551462,0.000882,0.447657
487,0,0.123593,0.000731,0.875675
488,0,0.378343,0.003057,0.618600
489,1,0.889412,0.006067,0.104520
490,0,0.315345,0.001491,0.683164
491,0,0.165852,0.001231,0.832917
492,1,0.993728,0.000997,0.005274
493,1,0.926938,0.000988,0.072074
494,1,0.093676,0.867163,0.039161
495,1,0.669217,0.001313,0.329469
496,1,0.990246,0.001130,0.008625
497,0,0.656878,0.001278,0.341844
498,1,0.884777,0.000617,0.114606
499,0,0.274091,0.000819,0.725090
500,0,0.135152,0.001166,0.863682
501,1,0.640131,0.005065,0.354804
502,0,0.105058,0.000842,0.894100
503,0,0.014878,0.001927,0.983195
504,0,0.199984,0.698298,0.101718
505,1,0.982110,0.000438,0.017452
506,1,0.581519,0.005943,0.412538
507,1,0.648118,0.002654,0.349228
508,1,0.031050,0.005805,0.963145
509,1,0.288251,0.005336,0.706413
510,0,0.965468,0.001446,0.033086
511,0,0.982018,0.003179,0.014803
512,0,0.011007,0.002053,0.986940
513,0,0.058335,0.543804,0.397861
514,0,0.043300,0.003401,0.953299
515,0,0.905145,0.001149,0.093706
516,1,0.885751,0.005574,0.108675
517,0,0.406996,0.021565,0.571439
518,0,0.073604,0.364386,0.562010
519,0,0.272388,0.009308,0.718304
520,1,0.169319,0.002222,0.828458
521,1,0.691062,0.003493,0.305445
522,0,0.073539,0.339980,0.586480
523,1,0.929416,0.003541,0.067043
524,0,0.972277,0.005776,0.021947
525,0,0.885215,0.000553,0.114231
526,1,0.049070,0.737291,0.213638
527,0,0.937482,0.000376,0.062142
528,0,0.080282,0.341218,0.578499
529,1,0.996506,0.001092,0.002401
530,1,0.597953,0.015420,0.386627
531,1,0.211162,0.010256,0.778581
532,1,0.992047,0.001295,0.006658
533,1,0.476776,0.467588,0.055636
534,0,0.807951,0.001399,0.190649
535,0,0.023851,0.001059,0.975090
536,0,0.220766,0.002502,0.776732
537,1,0.958939,0.008529,0.032532
538,0,0.334025,0.002195,0.663780
539,0,0.000576,0.000335,0.999089
540,1,0.950455,0.002764,0.046781
541,0,0.015604,0.007087,0.977309
542,1,0.939281,0.014356,0.046363
543,1,0.653456,0.002984,0.343560
544,1,0.878621,0.005302,0.116077
545,1,0.506887,0.021468,0.471645
546,0,0.021530,0.000650,0.977820
547,1,0.982932,0.000374,0.016694
548,0,0.964182,0.026650,0.009168
549,1,0.173311,0.001802,0.824888
550,0,0.984504,0.000753,0.014744
551,1,0.986328,0.002005,0.011667
552,1,0.993149,0.001223,0.005628
553,0,0.133358,0.596656,0.269985
554,0,0.841262,0.113304,0.045434
555,0,0.188497,0.452383,0.359119
556,1,0.964608,0.006926,0.028466
557,0,0.101845,0.002563,0.895592
558,0,0.036283,0.831373,0.132344
559,1,0.389352,0.172302,0.438346
560,0,0.097224,0.001803,0.900972
561,1,0.932050,0.000767,0.067184
562,0,0.219784,0.001503,0.778713
563,0,0.282287,0.000846,0.716866
564,1,0.813223,0.000370,0.186407
565,0,0.986042,0.005663,0.008295
566,1,0.851534,0.001022,0.147443
567,1,0.894243,0.031799,0.073957
568,0,0.011623,0.000872,0.987505
569,1,0.701378,0.002336,0.296286
570,0,0.034447,0.157677,0.807877
571,0,0.967969,0.005650,0.026381
572,0,0.024469,0.001410,0.974121
573,1,0.692420,0.035121,0.272459
574,0,0.011945,0.001287,0.986768
575,1,0.478231,0.021874,0.499895
576,0,0.956119,0.008187,0.035693
577,1,0.874099,0.001901,0.124001
578,0,0.967023,0.000999,0.031978
579,1,0.952052,0.001674,0.046275
580,0,0.198556,0.002519,0.798924
581,1,0.495455,0.000530,0.504015
582,0,0.001793,0.000392,0.997816
583,0,0.973525,0.000704,0.025771
584,1,0.979392,0.000396,0.020212
585,1,0.079912,0.779755,0.140332
586,1,0.104223,0.001176,0.894601
587,0,0.260488,0.280872,0.458640
588,0,0.055271,0.007737,0.936992
589,0,0.960885,0.001243,0.037872
590,1,0.203348,0.001553,0.795099
591,0,0.004149,0.000510,0.995341
592,1,0.046100,0.027539,0.926361
593,1,0.583356,0.001207,0.415437
594,0,0.988639,0.002713,0.008648
595,0,0.192417,0.001856,0.805727
596,0,0.972775,0.001778,0.025447
597,0,0.296818,0.261830,0.441352
598,1,0.152534,0.003227,0.844239
599,1,0.479012,0.426696,0.094292
600,0,0.985181,0.001084,0.013736
601,0,0.956308,0.004958,0.038734
602,0,0.363171,0.001476,0.635352
603,0,0.054187,0.332410,0.613403
604,1,0.881484,0.000677,0.117839
605,0,0.065653,0.082704,0.851643
606,1,0.121443,0.764264,0.114293
607,0,0.061171,0.747749,0.191081
608,1,0.767603,0.000927,0.231470
609,0,0.112233,0.503759,0.384008
610,1,0.920319,0.000857,0.078824
611,0,0.574250,0.004411,0.421339
612,0,0.984793,0.000858,0.014349
613,0,0.195757,0.001362,0.802882
614,1,0.452304,0.488405,0.059292
615,1,0.834145,0.000955,0.164899
616,1,0.818627,0.001230,0.180144
617,0,0.002476,0.000361,0.997163
618,0,0.292465,0.000988,0.706546
619,0,0.525329,0.011241,0.463430
620,1,0.322364,0.049320,0.628315
621,0,0.987287,0.000774,0.011939
622,1,0.907679,0.000625,0.091696
623,0,0.850719,0.003322,0.145959
624,1,0.458696,0.001738,0.539566
625,0,0.482829,0.001135,0.516036
626,1,0.127374,0.426584,0.446042
627,1,0.029410,0.001159,0.969431
628,1,0.609061,0.002313,0.388626
629,1,0.992101,0.000689,0.007210
630,0,0.021134,0.048981,0.929885
631,1,0.849809,0.004862,0.145329
632,0,0.742451,0.204037,0.053512
633,0,0.165300,0.006066,0.828634
634,0,0.030356,0.880640,0.089004
635,0,0.607634,0.067712,0.324654
636,1,0.185460,0.001390,0.813150
637,0,0.203659,0.414168,0.382173
638,0,0.011545,0.000558,0.987897
639,0,0.003460,0.000420,0.996119
640,0,0.645037,0.025007,0.329957
641,0,0.004251,0.000480,0.995269
642,1,0.783528,0.004179,0.212293
643,0,0.036350,0.000476,0.963173
644,1,0.161017,0.335656,0.503327
645,0,0.770499,0.007898,0.221603
646,1,0.717739,0.002318,0.279943
647,0,0.005920,0.001144,0.992937
648,1,0.314995,0.524178,0.160827
649,0,0.553690,0.001025,0.445285
650,0,0.309917,0.001798,0.688285
651,1,0.069089,0.787558,0.143353
652,0,0.977660,0.001733,0.020606
653,0,0.028557,0.002273,0.969170
654,1,0.962096,0.001941,0.035963
655,0,0.181304,0.000761,0.817935
656,0,0.000726,0.000341,0.998933
657,0,0.000862,0.000359,0.998779
658,0,0.190824,0.000972,0.808204
659,0,0.261190,0.095965,0.642846
660,0,0.994324,0.002748,0.002927
661,1,0.780339,0.000802,0.218859
662,0,0.569562,0.304688,0.125750
663,0,0.056173,0.005405,0.938422
664,1,0.072592,0.040494,0.886913
665,0,0.956910,0.000827,0.042263
666,1,0.930757,0.000704,0.068539
667,1,0.981032,0.000429,0.018538
668,1,0.390174,0.030729,0.579097
669,0,0.087125,0.538046,0.374830
670,1,0.939507,0.050554,0.009939
671,0,0.579623,0.335609,0.084768
672,1,0.031288,0.013620,0.955092
673,0,0.041277,0.005326,0.953397
674,1,0.673046,0.218088,0.108866
675,0,0.076916,0.196720,0.726364
676,1,0.986579,0.008361,0.005059
677,0,0.396949,0.001041,0.602009
678,1,0.007164,0.001204,0.991631
679,0,0.076184,0.002018,0.921799
680,1,0.119834,0.001614,0.878552
681,1,0.480063,0.001208,0.518728
682,0,0.455407,0.001292,0.543300
683,0,0.023474,0.002615,0.973911
684,0,0.246289,0.203992,0.549719
685,1,0.032861,0.000589,0.966550
686,1,0.546790,0.001462,0.451748
687,0,0.805612,0.000570,0.193818
688,0,0.206068,0.387241,0.406691
689,0,0.764313,0.002036,0.233651
690,1,0.984166,0.000948,0.014886
691,1,0.953929,0.011281,0.034790
692,0,0.816856,0.003534,0.179610
693,0,0.959407,0.000597,0.039997
694,1,0.561735,0.000654,0.437612
695,1,0.973272,0.018240,0.008488
696,0,0.749414,0.001506,0.249080
697,0,0.077224,0.004640,0.918136
698,1,0.941111,0.033357,0.025532
699,1,0.983685,0.001602,0.014713
700,0,0.084905,0.004553,0.910542
701,0,0.019982,0.002487,0.977531
702,0,0.384450,0.053580,0.561970
703,1,0.751826,0.003000,0.245174
704,1,0.408720,0.001082,0.590199
705,1,0.907600,0.022518,0.069882
706,1,0.020273,0.498599,0.481128
707,0,0.006901,0.021542,0.971557
708,0,0.267211,0.007930,0.724859
709,1,0.620516,0.335226,0.044258
710,0,0.989336,0.001343,0.009321
711,0,0.263516,0.005501,0.730983
712,1,0.028352,0.896524,0.075124
713,0,0.013104,0.000476,0.986420
714,0,0.685976,0.002305,0.311719
715,0,0.020215,0.000645,0.979139
716,1,0.955606,0.000739,0.043655
717,1,0.957332,0.005106,0.037563
718,1,0.059358,0.000771,0.939871
719,1,0.882764,0.003173,0.114062
720,0,0.653947,0.004230,0.341823
721,1,0.875732,0.001536,0.122733
722,1,0.977533,0.003899,0.018568
723,1,0.424653,0.000562,0.574786
724,0,0.041963,0.159949,0.798087
725,1,0.863193,0.028317,0.108489
726,1,0.009731,0.000561,0.989708
727,0,0.780932,0.000805,0.218263
728,1,0.907298,0.002749,0.089953
729,0,0.031924,0.000905,0.967171
730,0,0.002469,0.017586,0.979945
731,0,0.565064,0.000838,0.434098
732,0,0.000641,0.000353,0.999006
733,1,0.696310,0.005050,0.298640
734,0,0.026022,0.397073,0.576906
735,0,0.558563,0.001621,0.439816
736,0,0.282877,0.002032,0.715091
737,0,0.049493,0.004978,0.945529
738,1,0.214189,0.000418,0.785393
739,1,0.052078,0.714985,0.232936
740,0,0.035356,0.000489,0.964155
741,0,0.093538,0.175956,0.730506
742,1,0.980877,0.008901,0.010221
743,0,0.167029,0.179471,0.653500
744,0,0.922242,0.001347,0.076410
745,0,0.017656,0.027820,0.954524
746,0,0.250556,0.001873,0.747571
747,1,0.578870,0.001648,0.419482
748,1,0.919649,0.021569,0.058782
749,0,0.969129,0.001194,0.029677
750,0,0.821286,0.001254,0.177460
751,0,0.248037,0.002345,0.749618
752,1,0.631728,0.283508,0.084764
753,1,0.838524,0.001787,0.159689
754,0,0.360576,0.056577,0.582847
755,1,0.991466,0.000800,0.007734
756,1,0.328323,0.001466,0.670210
757,0,0.055126,0.002074,0.942800
758,0,0.960812,0.001530,0.037658
759,0,0.939582,0.000643,0.059775
760,1,0.983640,0.000381,0.015978
761,0,0.001188,0.004629,0.994183
762,0,0.030918,0.073459,0.895623
763,0,0.594196,0.006039,0.399765
764,0,0.367865,0.006522,0.625613
765,0,0.897498,0.014941,0.087561
766,1,0.844573,0.002509,0.152917
767,1,0.762041,0.012417,0.225541
768,0,0.765292,0.002789,0.231919
769,0,0.678386,0.003102,0.318512
770,1,0.968981,0.001387,0.029632
771,0,0.413917,0.014375,0.571708
772,1,0.852067,0.139574,0.008359
773,0,0.002428,0.001180,0.996391
774,0,0.042456,0.001757,0.955787
775,0,0.470515,0.003171,0.526313
776,0,0.984373,0.000756,0.014871
777,0,0.085900,0.807186,0.106915
778,1,0.633774,0.004468,0.361758
779,0,0.342079,0.003387,0.654534
780,1,0.750076,0.000701,0.249223
781,0,0.559071,0.002369,0.438560
782,1,0.030658,0.737970,0.231372
783,0,0.175812,0.067429,0.756759
784,1,0.021538,0.002478,0.975983
785,1,0.174939,0.807155,0.017906
786,0,0.001577,0.000323,0.998101
787,0,0.720688,0.149665,0.129647
788,1,0.993396,0.001605,0.004999
789,1,0.117116,0.026524,0.856359
790,1,0.515266,0.000645,0.484089
791,1,0.347628,0.001515,0.650857
792,1,0.982798,0.001500,0.015702
793,0,0.169505,0.016246,0.814249
794,1,0.989679,0.001000,0.009320
795,0,0.600826,0.005359,0.393815
796,1,0.635938,0.001806,0.362255
797,0,0.024466,0.068730,0.906804
798,0,0.003377,0.001215,0.995408
799,0,0.871205,0.000906,0.127889
800,0,0.870151,0.000604,0.129245
801,0,0.000804,0.001384,0.997812
802,0,0.033189,0.599422,0.367389
803,0,0.962824,0.002160,0.035015
804,0,0.774038,0.001295,0.224667
805,0,0.380835,0.001094,0.618071
806,0,0.008553,0.000585,0.990862
807,0,0.354812,0.000706,0.644481
808,0,0.847234,0.001271,0.151495
809,0,0.841951,0.001161,0.156888
810,0,0.401679,0.001516,0.596806
811,0,0.713478,0.000823,0.285698
812,0,0.069660,0.006932,0.923408
813,0,0.835717,0.001864,0.162419
814,0,0.071076,0.001751,0.927173
815,0,0.352443,0.000790,0.646768
816,0,0.347033,0.000883,0.652085
817,0,0.141372,0.000740,0.857889
818,0,0.792722,0.019182,0.188096
819,0,0.001956,0.000480,0.997563
820,0,0.124672,0.001342,0.873986
821,0,0.679867,0.000817,0.319315
822,0,0.101704,0.002317,0.895979
823,0,0.381893,0.001748,0.616359
824,0,0.000790,0.000239,0.998971
825,0,0.119551,0.000960,0.879489
826,0,0.109655,0.001062,0.889283
827,0,0.508985,0.000734,0.490281
828,0,0.638484,0.000777,0.360739
829,0,0.008596,0.000527,0.990876
830,0,0.945348,0.000588,0.054064
831,0,0.158668,0.001574,0.839758
832,0,0.633443,0.000941,0.365616
833,0,0.483800,0.001075,0.515125
834,1,0.982665,0.000689,0.016646
835,0,0.053602,0.001930,0.944469
836,1,0.806806,0.000969,0.192226
837,0,0.662842,0.000931,0.336228
838,0,0.002768,0.000489,0.996743
839,0,0.304378,0.000703,0.694919
840,1,0.453664,0.002547,0.543789
841,0,0.862833,0.002388,0.134779
842,0,0.624819,0.000782,0.374400
843,0,0.726210,0.000682,0.273108
844,1,0.273461,0.157868,0.568672
845,0,0.344649,0.000692,0.654659
846,0,0.133344,0.001417,0.865239
847,0,0.917014,0.000366,0.082620
848,0,0.081915,0.219177,0.698907
849,0,0.691923,0.000501,0.307576
850,0,0.355037,0.001249,0.643714
851,0,0.411849,0.002460,0.585690
852,0,0.436320,0.002522,0.561158
853,0,0.117544,0.004372,0.878084
854,0,0.006514,0.001530,0.991956
855,0,0.916747,0.000421,0.082832
856,1,0.989376,0.001524,0.009100
857,1,0.375014,0.001049,0.623937
858,0,0.344192,0.001177,0.654631
859,0,0.969373,0.000671,0.029955
860,0,0.396977,0.003395,0.599628
861,0,0.731891,0.000498,0.267611
862,0,0.194546,0.001080,0.804374
863,1,0.551998,0.002045,0.445957
864,0,0.081866,0.170358,0.747776
865,1,0.957201,0.001911,0.040888
866,0,0.162033,0.001144,0.836823
867,0,0.575088,0.007653,0.417259
868,0,0.324588,0.000750,0.674662
869,0,0.924791,0.000418,0.074791
870,0,0.544564,0.000859,0.454577
871,1,0.555163,0.000860,0.443976
872,0,0.771187,0.000865,0.227948
873,0,0.150791,0.001727,0.847482
874,0,0.549114,0.000842,0.450044
875,0,0.789635,0.000751,0.209614
876,0,0.041632,0.017398,0.940970
877,0,0.986703,0.004335,0.008962
878,0,0.085175,0.001293,0.913532
879,0,0.561133,0.000996,0.437871
880,1,0.990005,0.000746,0.009249
881,0,0.645208,0.000817,0.353976
882,0,0.211710,0.001103,0.787187
883,0,0.297122,0.000619,0.702259
884,0,0.724428,0.004088,0.271485
885,0,0.680458,0.001456,0.318086
886,0,0.024972,0.000451,0.974576
887,0,0.305191,0.002777,0.692033
888,0,0.517910,0.000918,0.481172
889,0,0.740837,0.001025,0.258138
890,0,0.262483,0.000647,0.736870
891,0,0.281877,0.000967,0.717156
892,0,0.467941,0.001531,0.530527
893,0,0.954055,0.000620,0.045325
894,0,0.499225,0.001281,0.499494
895,0,0.103708,0.002426,0.893865
896,0,0.173183,0.000869,0.825948
897,0,0.127200,0.000583,0.872217
898,0,0.459976,0.000828,0.539196
899,0,0.016152,0.037908,0.945940
900,1,0.913928,0.000727,0.085345
901,0,0.813878,0.000815,0.185307
902,0,0.626196,0.001372,0.372431
903,0,0.994916,0.001716,0.003368
904,0,0.104098,0.001411,0.894492
905,0,0.892584,0.000605,0.106811
906,0,0.008404,0.017236,0.974360
907,0,0.849302,0.001601,0.149098
908,0,0.055067,0.000524,0.944408
909,0,0.000451,0.000353,0.999197
910,0,0.909535,0.001838,0.088627
911,0,0.902323,0.000789,0.096888
912,0,0.157648,0.000893,0.841459
913,1,0.700668,0.001452,0.297879
914,0,0.058495,0.001146,0.940359
915,0,0.425523,0.497531,0.076946
916,0,0.053547,0.911048,0.035405
917,0,0.033791,0.000357,0.965852
918,0,0.841987,0.000798,0.157215
919,0,0.946131,0.000943,0.052926
920,0,0.232383,0.003679,0.763938
921,0,0.003824,0.002202,0.993974
922,1,0.371822,0.001513,0.626665
923,1,0.985595,0.000406,0.013999
924,0,0.153402,0.001092,0.845506
925,1,0.775445,0.001131,0.223424
926,1,0.852015,0.000589,0.147396
927,1,0.488218,0.002203,0.509578
928,1,0.853720,0.000431,0.145848
929,1,0.980832,0.003202,0.015966
930,1,0.775741,0.005252,0.219007
931,0,0.266698,0.000929,0.732373
932,0,0.023165,0.000454,0.976381
933,1,0.301213,0.000812,0.697975
934,0,0.295940,0.032066,0.671993
935,0,0.087873,0.000663,0.911464
936,1,0.947292,0.000358,0.052350
937,0,0.186348,0.000986,0.812666
938,0,0.208310,0.000420,0.791270
939,0,0.971887,0.000910,0.027203
940,0,0.009989,0.000901,0.989109
941,0,0.765159,0.001093,0.233747
942,0,0.515538,0.000570,0.483891
943,0,0.228320,0.000749,0.770931
944,0,0.068789,0.000875,0.930337
945,0,0.814590,0.001118,0.184292
946,0,0.087501,0.000750,0.911748
947,0,0.278649,0.001046,0.720304
948,0,0.400515,0.001338,0.598147
949,0,0.851846,0.004112,0.144043
950,0,0.016659,0.028991,0.954350
951,0,0.017826,0.000621,0.981553
952,1,0.858215,0.000640,0.141145
953,0,0.871952,0.001457,0.126591
954,0,0.094520,0.002129,0.903350
955,0,0.844774,0.001803,0.153423
956,1,0.916030,0.000771,0.083199
957,1,0.979094,0.000369,0.020537
958,1,0.676342,0.002354,0.321304
959,1,0.941163,0.000921,0.057916
960,1,0.978777,0.000881,0.020342
961,0,0.701097,0.002245,0.296658
962,0,0.002442,0.000298,0.997260
963,0,0.031181,0.000601,0.968218
964,0,0.907963,0.000796,0.091241
965,1,0.980706,0.005501,0.013792
966,0,0.628270,0.000583,0.371146
967,0,0.000600,0.000427,0.998973
968,1,0.749849,0.001520,0.248631
969,1,0.966701,0.025821,0.007478
970,1,0.688241,0.001284,0.310475
971,0,0.040194,0.000677,0.959129
972,0,0.057628,0.000914,0.941458
973,1,0.981279,0.000570,0.018151
974,1,0.935171,0.038561,0.026268
975,0,0.006787,0.001038,0.992175
976,1,0.980550,0.000403,0.019046
977,0,0.001379,0.000647,0.997974
978,0,0.898138,0.000946,0.100916
979,1,0.757258,0.000623,0.242118
980,0,0.901666,0.000502,0.097832
981,1,0.943320,0.000355,0.056325
982,0,0.119828,0.188547,0.691625
983,0,0.931269,0.001467,0.067265
984,0,0.461645,0.002204,0.536151
985,0,0.020447,0.000485,0.979068
986,0,0.520974,0.000591,0.478435
987,0,0.693447,0.001067,0.305487
988,0,0.019129,0.000404,0.980466
989,0,0.824956,0.000657,0.174387
990,1,0.985302,0.001690,0.013007
991,1,0.972195,0.000628,0.027176
992,1,0.019870,0.000524,0.979606
993,0,0.554466,0.009645,0.435889
994,0,0.009233,0.001195,0.989572
995,0,0.093527,0.001604,0.904869
996,1,0.958525,0.003818,0.037657
997,1,0.985563,0.005032,0.009405
998,0,0.755689,0.001166,0.243145
999,0,0.643069,0.001037,0.355894
1000,1,0.953685,0.000477,0.045838
1001,0,0.182453,0.003448,0.814099
1002,1,0.948708,0.034399,0.016893
1003,1,0.978276,0.000993,0.020731
1004,1,0.279068,0.000829,0.720103
1005,1,0.855521,0.007090,0.137389
1006,0,0.867742,0.005289,0.126968
1007,1,0.896191,0.001584,0.102225
1008,1,0.602878,0.000762,0.396360
1009,0,0.345800,0.000813,0.653387
1010,1,0.784255,0.073183,0.142562
1011,1,0.477613,0.000446,0.521941
1012,1,0.616669,0.083781,0.299550
1013,0,0.098780,0.001289,0.899931
1014,0,0.750343,0.031620,0.218038
1015,0,0.111536,0.001336,0.887128
1016,1,0.848967,0.001016,0.150017
1017,0,0.292415,0.009319,0.698266
1018,1,0.995328,0.001034,0.003638
1019,1,0.974084,0.003032,0.022885
1020,0,0.730721,0.000608,0.268671
1021,0,0.057072,0.000638,0.942290
1022,0,0.251233,0.000892,0.747875
1023,1,0.531071,0.000921,0.468008
1024,0,0.174181,0.018431,0.807387
1025,0,0.009851,0.000905,0.989244
1026,0,0.010064,0.000680,0.989257
1027,1,0.872035,0.005421,0.122544
1028,0,0.450454,0.004337,0.545209
1029,0,0.085368,0.000680,0.913951
1030,0,0.704699,0.000712,0.294589
1031,0,0.504896,0.001572,0.493533
1032,0,0.233352,0.622483,0.144165
1033,1,0.876856,0.001004,0.122139
1034,1,0.126630,0.001092,0.872277
1035,0,0.541769,0.000631,0.457600
1036,0,0.001276,0.001610,0.997114
1037,0,0.787259,0.003763,0.208978
1038,0,0.268193,0.000920,0.730887
1039,1,0.768214,0.002453,0.229333
1040,0,0.752749,0.000881,0.246370
1041,0,0.042448,0.000836,0.956716
1042,1,0.979883,0.000803,0.019314
1043,0,0.751334,0.000622,0.248044
1044,0,0.773314,0.000624,0.226062
1045,0,0.050105,0.000420,0.949475
1046,0,0.446213,0.088250,0.465537
1047,0,0.983106,0.000653,0.016241
1048,0,0.595495,0.000996,0.403509
1049,0,0.049298,0.006886,0.943816
1050,0,0.001044,0.000460,0.998495
1051,0,0.348005,0.006940,0.645055
1052,0,0.994606,0.000714,0.004680
1053,1,0.902899,0.000936,0.096164
1054,1,0.860875,0.003328,0.135797
1055,1,0.974395,0.001188,0.024417
1056,1,0.992337,0.001705,0.005958
1057,0,0.478879,0.000774,0.520347
1058,0,0.868109,0.001006,0.130885
1059,1,0.735970,0.018954,0.245076
1060,1,0.958270,0.001505,0.040225
1061,1,0.990366,0.002175,0.007460
1062,0,0.136989,0.001993,0.861019
1063,1,0.720037,0.002589,0.277374
1064,1,0.564626,0.000636,0.434738
1065,0,0.907933,0.000906,0.091161
1066,0,0.271501,0.001371,0.727128
1067,0,0.174452,0.002153,0.823395
1068,1,0.792412,0.005085,0.202503
1069,0,0.162289,0.002608,0.835103
1070,0,0.001937,0.000418,0.997645
1071,1,0.988578,0.004747,0.006675
1072,1,0.752608,0.105764,0.141628
1073,0,0.291506,0.000983,0.707512
1074,0,0.003098,0.000390,0.996512
1075,0,0.663620,0.000890,0.335490
1076,0,0.985555,0.000553,0.013892
1077,1,0.013262,0.001216,0.985521
1078,0,0.165932,0.005898,0.828171
1079,0,0.986685,0.000397,0.012918
1080,0,0.487985,0.001628,0.510387
1081,0,0.121673,0.307006,0.571321
1082,1,0.005763,0.000345,0.993891
1083,0,0.945310,0.000660,0.054030
1084,0,0.437998,0.002201,0.559801
1085,0,0.421721,0.001198,0.577081
1086,0,0.143602,0.001255,0.855143
1087,1,0.876160,0.013900,0.109941
1088,1,0.362662,0.001504,0.635834
1089,1,0.853362,0.000906,0.145732
1090,1,0.891758,0.001377,0.106865
1091,0,0.004963,0.001032,0.994005
1092,0,0.090368,0.001134,0.908498
1093,1,0.177752,0.002100,0.820148
1094,1,0.888705,0.004556,0.106739
1095,0,0.792790,0.000592,0.206618
1096,0,0.693422,0.022555,0.284022
1097,0,0.680985,0.000868,0.318147
1098,0,0.869406,0.000643,0.129951
1099,0,0.347090,0.000643,0.652267
1100,0,0.712524,0.001681,0.285795
1101,0,0.139315,0.001532,0.859152
1102,0,0.951576,0.000867,0.047556
1103,1,0.694700,0.001354,0.303945
1104,0,0.017946,0.000789,0.981265
1105,1,0.337783,0.001088,0.661129
1106,1,0.018601,0.000767,0.980632
1107,0,0.029764,0.001561,0.968675
1108,0,0.059984,0.000687,0.939329
1109,0,0.103467,0.001615,0.894919
1110,0,0.977151,0.000481,0.022368
1111,0,0.991139,0.000368,0.008493
1112,0,0.114704,0.000561,0.884735
1113,0,0.996037,0.000695,0.003267
1114,0,0.991472,0.000429,0.008099
1115,0,0.398822,0.000939,0.600239
1116,0,0.501444,0.003461,0.495095
1117,0,0.462529,0.001230,0.536241
1118,0,0.011671,0.000884,0.987445
1119,1,0.098865,0.518042,0.383093
1120,1,0.879266,0.002620,0.118114
1121,0,0.505310,0.011636,0.483054
1122,1,0.834991,0.000880,0.164129
1123,1,0.863916,0.000806,0.135278
1124,0,0.003808,0.013115,0.983077
1125,0,0.477439,0.002989,0.519572
1126,1,0.989587,0.000494,0.009919
1127,0,0.790863,0.005598,0.203539
1128,0,0.950691,0.000935,0.048374
1129,0,0.807738,0.001154,0.191108
1130,0,0.960030,0.000748,0.039222
1131,0,0.228878,0.001186,0.769936
1132,1,0.919468,0.002322,0.078210
1133,1,0.075891,0.001642,0.922467
1134,0,0.039518,0.001435,0.959047
1135,0,0.010260,0.000791,0.988949
1136,0,0.079543,0.255967,0.664490
1137,0,0.984431,0.000678,0.014891
1138,1,0.315392,0.519552,0.165056
1139,0,0.413556,0.000911,0.585533
1140,0,0.383699,0.000773,0.615528
1141,0,0.069444,0.020523,0.910034
1142,0,0.014874,0.000559,0.984567
1143,0,0.237556,0.000909,0.761535
1144,1,0.708716,0.002035,0.289249
1145,1,0.441718,0.006803,0.551479
1146,1,0.918327,0.001119,0.080554
1147,0,0.271380,0.586461,0.142159
1148,0,0.437473,0.001491,0.561036
1149,0,0.007109,0.000433,0.992458
1150,1,0.982358,0.000578,0.017064
1151,1,0.943385,0.001115,0.055499
1152,0,0.966450,0.000764,0.032786
1153,0,0.066273,0.000740,0.932986
1154,0,0.316078,0.001172,0.682750
1155,1,0.983450,0.000741,0.015809
1156,0,0.832586,0.000425,0.166989
1157,0,0.877781,0.000531,0.121688
1158,0,0.770839,0.000505,0.228656
1159,0,0.985559,0.000459,0.013983
1160,0,0.129104,0.538907,0.331989
1161,1,0.362034,0.601507,0.036459
1162,1,0.669517,0.000824,0.329659
1163,0,0.867049,0.000821,0.132130
1164,1,0.548589,0.000628,0.450783
1165,1,0.992111,0.002735,0.005154
1166,1,0.047053,0.907714,0.045233
1167,1,0.712677,0.003360,0.283964
1168,0,0.061507,0.000825,0.937668
1169,1,0.906420,0.001460,0.092120
1170,1,0.933758,0.000844,0.065398
1171,1,0.879936,0.001765,0.118299
1172,1,0.212193,0.689917,0.097889
1173,1,0.683001,0.001686,0.315314
1174,0,0.010275,0.000700,0.989025
1175,1,0.952056,0.000765,0.047179
1176,0,0.511850,0.001188,0.486962
1177,1,0.807957,0.003472,0.188571
1178,1,0.990769,0.000745,0.008485
1179,0,0.134137,0.000812,0.865051
1180,0,0.941125,0.000645,0.058229
1181,0,0.378118,0.000959,0.620923
1182,0,0.378000,0.001732,0.620268
1183,0,0.157524,0.001567,0.840909
1184,0,0.949136,0.000716,0.050148
1185,0,0.064109,0.006658,0.929232
1186,0,0.208540,0.000816,0.790644
1187,1,0.959601,0.003960,0.036439
1188,1,0.011395,0.000925,0.987680
1189,0,0.021957,0.001313,0.976729
1190,0,0.095305,0.000780,0.903915
1191,0,0.504122,0.003619,0.492258
1192,1,0.290901,0.001031,0.708069
1193,1,0.980116,0.000832,0.019052
1194,0,0.878796,0.000783,0.120421
1195,0,0.056790,0.001228,0.941982
1196,1,0.128902,0.000682,0.870416
1197,1,0.939808,0.003440,0.056751
1198,1,0.657764,0.003735,0.338501
1199,1,0.964908,0.023972,0.011119
1200,1,0.297761,0.000859,0.701380
1201,1,0.988541,0.000435,0.011024
1202,1,0.939322,0.006566,0.054111
1203,1,0.895207,0.002010,0.102782
1204,1,0.127834,0.644457,0.227709
1205,1,0.647719,0.011777,0.340504
1206,1,0.064366,0.000778,0.934856
1207,1,0.994730,0.000525,0.004745
1208,1,0.973175,0.000592,0.026233
1209,1,0.884797,0.095576,0.019628
1210,1,0.381268,0.001026,0.617706
1211,1,0.920532,0.006358,0.073109
1212,1,0.352489,0.002512,0.644999
1213,1,0.784412,0.061469,0.154119
1214,1,0.500294,0.002516,0.497189
1215,1,0.031349,0.004044,0.964607
1216,1,0.104884,0.036722,0.858394
1217,1,0.937703,0.007532,0.054765
1218,1,0.927220,0.001337,0.071443
1219,1,0.984387,0.001558,0.014055
1220,1,0.315502,0.001014,0.683484
1221,1,0.439746,0.031529,0.528726
1222,1,0.979949,0.002153,0.017898
1223,1,0.980911,0.000368,0.018720
1224,1,0.980948,0.000540,0.018512
1225,1,0.988990,0.001143,0.009867
1226,1,0.814663,0.000726,0.184611
1227,1,0.605182,0.000545,0.394273
1228,1,0.957386,0.000706,0.041908
1229,1,0.977018,0.000925,0.022057
1230,1,0.417319,0.000976,0.581705
1231,1,0.849017,0.000987,0.149996
1232,1,0.690667,0.000840,0.308494
1233,1,0.772978,0.000475,0.226547
1234,1,0.959866,0.007282,0.032852
1235,1,0.984033,0.001181,0.014786
1236,1,0.811633,0.104982,0.083385
1237,1,0.456141,0.187208,0.356650
1238,1,0.959506,0.006078,0.034417
1239,0,0.883541,0.000861,0.115598
1240,1,0.967528,0.001472,0.030999
1241,1,0.624104,0.009433,0.366463
1242,1,0.665601,0.000572,0.333827
1243,1,0.973770,0.003450,0.022780
1244,1,0.095740,0.390944,0.513315
1245,1,0.383791,0.001441,0.614769
1246,1,0.516955,0.001551,0.481494
1247,1,0.990895,0.001034,0.008071
1248,0,0.223046,0.134926,0.642028
1249,1,0.241799,0.008873,0.749328
1250,1,0.976195,0.003009,0.020797
1251,1,0.535672,0.002636,0.461692
1252,1,0.987968,0.001839,0.010194
1253,1,0.932275,0.000692,0.067033
1254,0,0.332882,0.001324,0.665795
1255,0,0.171205,0.066759,0.762036
1256,0,0.105996,0.026376,0.867628
1257,0,0.966838,0.002310,0.030853
1258,1,0.484747,0.001794,0.513458
1259,0,0.944433,0.000640,0.054927
1260,1,0.973204,0.001782,0.025013
1261,1,0.973381,0.003920,0.022699
1262,1,0.945372,0.047074,0.007554
1263,0,0.050546,0.078548,0.870906
1264,0,0.424714,0.001384,0.573902
1265,0,0.378897,0.012566,0.608537
1266,1,0.547727,0.002698,0.449574
1267,0,0.229624,0.000960,0.769416
1268,0,0.724002,0.001347,0.274652
1269,0,0.927299,0.000861,0.071840
1270,1,0.071044,0.423893,0.505063
1271,0,0.985837,0.000571,0.013592
1272,0,0.372747,0.001050,0.626203
1273,0,0.018517,0.039971,0.941512
1274,0,0.435478,0.001982,0.562540
1275,0,0.940218,0.000455,0.059327
1276,1,0.818245,0.000972,0.180783
1277,1,0.004656,0.000467,0.994877
1278,1,0.193158,0.727679,0.079163
1279,1,0.477907,0.001110,0.520983
1280,0,0.732782,0.000544,0.266675
1281,0,0.251357,0.000990,0.747653
1282,1,0.613610,0.003715,0.382675
1283,0,0.448977,0.001333,0.549689
1284,1,0.767766,0.000663,0.231571
1285,1,0.143297,0.000790,0.855913
1286,0,0.932372,0.000838,0.066789
1287,0,0.001323,0.000972,0.997705
1288,0,0.300558,0.001126,0.698316
1289,0,0.006357,0.000813,0.992830
1290,1,0.460780,0.002389,0.536831
1291,0,0.438290,0.131059,0.430651
1292,0,0.213695,0.000876,0.785429
1293,1,0.485972,0.001279,0.512749
1294,1,0.920996,0.000695,0.078310
1295,0,0.965824,0.003183,0.030993
1296,1,0.974692,0.000743,0.024565
1297,0,0.984414,0.000462,0.015125
1298,1,0.993075,0.003806,0.003118
1299,0,0.024367,0.003982,0.971650
1300,0,0.529428,0.001246,0.469326
1301,1,0.494153,0.261574,0.244274
1302,1,0.670052,0.000886,0.329062
1303,1,0.535213,0.001045,0.463742
1304,0,0.842434,0.001028,0.156538
1305,0,0.002537,0.000291,0.997172
1306,0,0.797657,0.000782,0.201560
1307,0,0.614548,0.001338,0.384115
1308,1,0.894223,0.001249,0.104528
1309,1,0.075880,0.629375,0.294746
1310,0,0.027007,0.000604,0.972390
1311,0,0.021445,0.002206,0.976349
1312,1,0.200191,0.003251,0.796558
1313,0,0.904168,0.000461,0.095371
1314,0,0.840460,0.000858,0.158682
1315,1,0.458280,0.000996,0.540724
1316,0,0.799423,0.000808,0.199769
1317,1,0.985976,0.000516,0.013509
1318,1,0.358549,0.002022,0.639429
1319,0,0.327188,0.050497,0.622315
1320,0,0.275991,0.003570,0.720440
1321,0,0.958791,0.001017,0.040192
1322,1,0.257350,0.146029,0.596622
1323,0,0.068018,0.001284,0.930698
1324,0,0.126188,0.001065,0.872746
1325,0,0.371605,0.001868,0.626527
1326,1,0.201536,0.001289,0.797175
1327,0,0.005090,0.001299,0.993611
1328,0,0.011173,0.000868,0.987959
1329,1,0.995404,0.000480,0.004116
1330,1,0.909467,0.000719,0.089815
1331,0,0.742697,0.001266,0.256037
1332,1,0.991421,0.000541,0.008038
1333,1,0.978655,0.000476,0.020870
1334,0,0.043136,0.000749,0.956115
1335,0,0.882158,0.001163,0.116679
1336,1,0.328928,0.003836,0.667236
1337,0,0.521601,0.003879,0.474520
1338,0,0.036972,0.000955,0.962073
1339,1,0.981867,0.000520,0.017613
1340,1,0.794413,0.002927,0.202660
1341,1,0.072847,0.001625,0.925529
1342,0,0.795903,0.001479,0.202618
1343,0,0.105856,0.001377,0.892766
1344,0,0.006786,0.019575,0.973639
1345,1,0.649324,0.001080,0.349596
1346,1,0.867864,0.000630,0.131505
1347,1,0.317998,0.001904,0.680098
1348,0,0.006083,0.039653,0.954263
1349,1,0.012975,0.000383,0.986643
1350,0,0.712900,0.000781,0.286320
1351,1,0.995119,0.000450,0.004431
1352,1,0.758619,0.001963,0.239418
1353,0,0.294864,0.357747,0.347389
1354,1,0.259339,0.001460,0.739200
1355,1,0.367240,0.000921,0.631839
1356,1,0.008323,0.008769,0.982908
1357,1,0.979328,0.000494,0.020178
1358,1,0.424382,0.486177,0.089441
1359,0,0.010616,0.049944,0.939441
1360,1,0.092868,0.692519,0.214613
1361,0,0.568957,0.000670,0.430373
1362,1,0.026401,0.069633,0.903966
1363,0,0.100435,0.001165,0.898401
1364,0,0.311109,0.000745,0.688146
1365,1,0.757563,0.000693,0.241745
1366,0,0.593109,0.000759,0.406132
1367,1,0.966904,0.001484,0.031612
1368,1,0.267376,0.000931,0.731693
1369,1,0.994312,0.002431,0.003256
1370,0,0.162991,0.007268,0.829741
1371,1,0.995413,0.000480,0.004107
1372,0,0.989170,0.000536,0.010294
1373,0,0.595294,0.020620,0.384087
1374,0,0.937253,0.000917,0.061830
1375,0,0.070827,0.000910,0.928263
1376,1,0.854395,0.017527,0.128078
1377,1,0.005295,0.001508,0.993197
1378,0,0.004342,0.001443,0.994215
1379,1,0.930458,0.005031,0.064512
1380,1,0.655756,0.001136,0.343109
1381,1,0.912143,0.000896,0.086961
1382,0,0.194439,0.510155,0.295406
1383,1,0.965771,0.000713,0.033516
1384,0,0.984135,0.000416,0.015449
1385,1,0.993263,0.000623,0.006114
1386,0,0.060254,0.001055,0.938691
1387,0,0.001626,0.002097,0.996277
1388,1,0.959557,0.025237,0.015206
1389,0,0.286923,0.004327,0.708749
1390,0,0.040253,0.000991,0.958756
1391,0,0.861911,0.002794,0.135295
1392,1,0.282494,0.024437,0.693068
1393,0,0.026241,0.000791,0.972968
1394,0,0.718877,0.001595,0.279528
1395,1,0.332856,0.003569,0.663575
1396,0,0.565888,0.000679,0.433434
1397,1,0.636033,0.004396,0.359571
1398,0,0.672153,0.000923,0.326924
1399,1,0.791390,0.000977,0.207633
1400,1,0.966991,0.000549,0.032460
1401,0,0.952079,0.000753,0.047168
1402,1,0.901727,0.001277,0.096995
1403,1,0.071656,0.002107,0.926236
1404,0,0.688472,0.001052,0.310475
1405,1,0.968546,0.000883,0.030571
1406,1,0.909493,0.000860,0.089648
1407,1,0.977945,0.001089,0.020966
1408,1,0.962589,0.001756,0.035655
1409,0,0.230357,0.001146,0.768497
1410,1,0.051915,0.000831,0.947254
1411,0,0.878685,0.001293,0.120022
1412,1,0.964125,0.003110,0.032765
1413,0,0.341740,0.000908,0.657352
1414,0,0.898556,0.000551,0.100893
1415,0,0.905661,0.000968,0.093371
1416,0,0.006868,0.000496,0.992637
1417,0,0.037366,0.001076,0.961558
1418,0,0.677134,0.002984,0.319881
1419,1,0.991183,0.000780,0.008037
1420,1,0.940197,0.000338,0.059465
1421,0,0.366810,0.000685,0.632505
1422,0,0.025241,0.000752,0.974007
1423,0,0.011130,0.003227,0.985644
1424,0,0.898462,0.000816,0.100722
1425,0,0.933927,0.008922,0.057151
1426,0,0.795979,0.000805,0.203216
1427,0,0.753936,0.000736,0.245328
1428,1,0.720215,0.001032,0.278752
1429,1,0.942874,0.000373,0.056753
1430,1,0.966563,0.005392,0.028045
1431,1,0.669895,0.000697,0.329408
1432,0,0.529900,0.000712,0.469387
1433,0,0.127826,0.001101,0.871073
1434,1,0.127463,0.702460,0.170077
1435,0,0.391489,0.000744,0.607767
1436,0,0.782176,0.000580,0.217244
1437,0,0.149754,0.570412,0.279834
1438,0,0.817152,0.006938,0.175911
1439,1,0.694680,0.004615,0.300705
1440,0,0.005471,0.000606,0.993923
1441,0,0.976143,0.000737,0.023119
1442,0,0.003317,0.000424,0.996259
1443,0,0.064893,0.007221,0.927886
1444,0,0.296443,0.000923,0.702634
1445,0,0.743488,0.000779,0.255733
1446,0,0.039291,0.155088,0.805621
1447,0,0.677149,0.000695,0.322156
1448,1,0.805253,0.189423,0.005324
1449,1,0.346163,0.001129,0.652708
1450,1,0.921668,0.000615,0.077718
1451,0,0.591753,0.001476,0.406771
1452,0,0.966965,0.000503,0.032532
1453,1,0.586782,0.007250,0.405968
1454,1,0.491272,0.436782,0.071946
1455,1,0.121295,0.769820,0.108884
1456,1,0.210000,0.001450,0.788550
1457,0,0.020039,0.009556,0.970406
1458,0,0.878312,0.001614,0.120074
1459,0,0.078995,0.000736,0.920269
1460,0,0.973151,0.000534,0.026314
1461,1,0.052016,0.026091,0.921893
1462,1,0.159609,0.597061,0.243330
1463,0,0.992645,0.001175,0.006181
1464,0,0.776415,0.002080,0.221504
1465,0,0.058577,0.001628,0.939795
1466,0,0.820352,0.001255,0.178393
1467,0,0.010919,0.000279,0.988801
1468,1,0.793588,0.000607,0.205804
1469,1,0.897064,0.001178,0.101759
1470,0,0.923614,0.000440,0.075946
1471,0,0.123378,0.000586,0.876035
1472,0,0.083687,0.070259,0.846055
1473,1,0.209469,0.000614,0.789918
1474,0,0.817323,0.064214,0.118463
1475,0,0.008213,0.002361,0.989426
1476,0,0.024348,0.064074,0.911577
1477,1,0.991206,0.001176,0.007619
1478,0,0.966971,0.001159,0.031870
1479,0,0.137618,0.000891,0.861491
1480,0,0.231258,0.003036,0.765706
1481,0,0.151478,0.001131,0.847391
1482,0,0.020277,0.001653,0.978070
1483,1,0.965779,0.003397,0.030824
1484,0,0.369784,0.000866,0.629350
1485,1,0.092391,0.073152,0.834457
1486,1,0.564018,0.006853,0.429130
1487,0,0.877212,0.001470,0.121317
1488,0,0.397423,0.020855,0.581721
1489,0,0.509088,0.001884,0.489029
1490,1,0.028434,0.000581,0.970985
1491,1,0.442372,0.006733,0.550895
1492,0,0.323124,0.000908,0.675968
1493,0,0.639479,0.001660,0.358862
1494,0,0.012001,0.000469,0.987530
1495,0,0.254237,0.001024,0.744740
1496,0,0.463129,0.015484,0.521387
1497,1,0.795974,0.001097,0.202929
1498,0,0.153648,0.000448,0.845904
1499,0,0.242740,0.002791,0.754469
1500,0,0.121239,0.030099,0.848662
1501,0,0.930991,0.000747,0.068263
1502,0,0.022999,0.000551,0.976449
1503,1,0.920849,0.002468,0.076683
1504,1,0.815049,0.008373,0.176579
1505,1,0.986278,0.009053,0.004669
1506,0,0.053220,0.000666,0.946114
1507,0,0.089632,0.003214,0.907155
1508,1,0.684383,0.001293,0.314324
1509,1,0.796538,0.003247,0.200215
1510,0,0.980965,0.000981,0.018054
1511,0,0.976385,0.002896,0.020719
1512,0,0.616915,0.002372,0.380713
1513,1,0.963731,0.001245,0.035025
1514,0,0.803608,0.000592,0.195800
1515,1,0.551971,0.253267,0.194761
1516,0,0.445964,0.000609,0.553427
1517,0,0.027172,0.175154,0.797674
1518,1,0.611355,0.001472,0.387172
1519,0,0.605986,0.001444,0.392570
1520,0,0.983331,0.001601,0.015069
1521,1,0.720326,0.001449,0.278225
1522,0,0.117963,0.000946,0.881091
1523,0,0.899677,0.002070,0.098253
1524,0,0.086282,0.001042,0.912677
1525,0,0.122656,0.003219,0.874126
1526,0,0.484703,0.012655,0.502643
1527,0,0.329980,0.000970,0.669050
1528,0,0.891335,0.000419,0.108246
1529,0,0.835596,0.000643,0.163761
1530,0,0.056961,0.001675,0.941364
1531,0,0.920586,0.000607,0.078807
1532,0,0.554846,0.005115,0.440039
1533,0,0.613124,0.000770,0.386106
1534,0,0.102444,0.000820,0.896736
1535,0,0.109242,0.000898,0.889860
1536,0,0.990879,0.000739,0.008382
1537,0,0.147679,0.000590,0.851731
1538,0,0.657587,0.002420,0.339993
1539,0,0.991645,0.000463,0.007892
1540,0,0.434490,0.000965,0.564545
1541,0,0.625785,0.001374,0.372841
1542,0,0.048707,0.061750,0.889543
1543,0,0.031260,0.000959,0.967781
1544,0,0.578692,0.003436,0.417872
1545,0,0.133541,0.007330,0.859128
1546,0,0.019096,0.002940,0.977965
1547,0,0.024468,0.000933,0.974599
1548,0,0.342823,0.002088,0.655088
1549,0,0.946397,0.000698,0.052905
1550,0,0.967872,0.014590,0.017538
1551,0,0.426377,0.000725,0.572898
1552,0,0.948578,0.000626,0.050796
1553,0,0.536645,0.000781,0.462574
1554,0,0.971187,0.000572,0.028240
1555,0,0.739314,0.002526,0.258160
1556,0,0.041585,0.001258,0.957157
1557,0,0.016048,0.001170,0.982781
1558,0,0.983168,0.000614,0.016218
1559,0,0.534258,0.001756,0.463986
1560,0,0.013348,0.000907,0.985745
1561,0,0.369664,0.001527,0.628809
1562,0,0.922632,0.000499,0.076869
1563,0,0.172477,0.001404,0.826120
1564,0,0.407266,0.040818,0.551916
1565,0,0.184740,0.000718,0.814542
1566,0,0.022323,0.000996,0.976681
1567,0,0.863243,0.001366,0.135391
1568,0,0.408414,0.066321,0.525266
1569,0,0.035439,0.000700,0.963861
1570,0,0.906145,0.001102,0.092753
1571,0,0.040231,0.014468,0.945300
1572,0,0.040459,0.000763,0.958778
1573,0,0.168230,0.003926,0.827844
1574,0,0.449215,0.001269,0.549516
1575,0,0.906251,0.001137,0.092612
1576,0,0.075185,0.002144,0.922671
1577,0,0.099222,0.000959,0.899819
1578,0,0.759615,0.000830,0.239555
1579,0,0.043287,0.000667,0.956046
1580,0,0.393035,0.001028,0.605937
1581,0,0.024406,0.158793,0.816801
1582,0,0.005563,0.000544,0.993893
1583,0,0.320771,0.005924,0.673305
1584,0,0.417092,0.000983,0.581925
1585,0,0.173772,0.001588,0.824640
1586,0,0.864170,0.000960,0.134871
1587,0,0.420943,0.005338,0.573718
1588,0,0.079344,0.000713,0.919944
1589,0,0.181960,0.006420,0.811620
1590,0,0.002564,0.001959,0.995477
1591,0,0.954463,0.011592,0.033945
1592,0,0.032945,0.001099,0.965957
1593,0,0.178375,0.001002,0.820623
1594,0,0.168203,0.001229,0.830567
1595,0,0.749770,0.000923,0.249307
1596,0,0.159717,0.000934,0.839349
1597,0,0.840185,0.000607,0.159208
1598,0,0.082002,0.000480,0.917518
1599,0,0.059079,0.000805,0.940116
1600,0,0.100763,0.000450,0.898786
1601,0,0.815816,0.013387,0.170797
1602,0,0.240466,0.000646,0.758888
1603,1,0.848091,0.000596,0.151313
1604,1,0.651140,0.000663,0.348197
1605,1,0.191980,0.000602,0.807417
1606,1,0.972182,0.004899,0.022919
1607,1,0.977481,0.000762,0.021756
1608,1,0.048096,0.522135,0.429769
1609,0,0.371854,0.001296,0.626849
1610,1,0.029088,0.000726,0.970186
1611,1,0.978304,0.006745,0.014952
1612,1,0.943914,0.000778,0.055308
1613,1,0.960442,0.012985,0.026573
1614,0,0.011194,0.000701,0.988105
1615,1,0.974385,0.001401,0.024214
1616,0,0.853569,0.001224,0.145208
1617,0,0.781735,0.000859,0.217406
1618,1,0.972336,0.001379,0.026284
1619,1,0.961807,0.002292,0.035900
1620,1,0.977645,0.000884,0.021471
1621,1,0.948628,0.000534,0.050838
1622,1,0.990506,0.000639,0.008855
1623,1,0.994185,0.000750,0.005065
1624,1,0.766849,0.000635,0.232516
1625,0,0.518784,0.001143,0.480072
1626,1,0.656636,0.001348,0.342016
1627,1,0.946338,0.000651,0.053011
1628,1,0.901660,0.000588,0.097752
1629,1,0.877595,0.002693,0.119712
1630,1,0.268714,0.010609,0.720678
1631,1,0.986868,0.001269,0.011863
1632,1,0.988436,0.000475,0.011089
1633,1,0.676042,0.000525,0.323433
1634,1,0.468207,0.001083,0.530710
1635,1,0.013528,0.000802,0.985670
1636,0,0.001995,0.000740,0.997266
1637,0,0.978742,0.000693,0.020565
1638,1,0.994673,0.000599,0.004728
1639,1,0.886507,0.003098,0.110395
1640,1,0.082505,0.001508,0.915987
1641,1,0.687468,0.004949,0.307583
1642,0,0.190225,0.001419,0.808356
1643,1,0.859510,0.001363,0.139127
1644,1,0.866779,0.046514,0.086707
1645,1,0.987948,0.003378,0.008674
1646,1,0.062016,0.001407,0.936578
1647,1,0.802631,0.001656,0.195712
1648,1,0.894952,0.002983,0.102066
1649,1,0.663017,0.001175,0.335808
1650,0,0.824438,0.001715,0.173847
1651,1,0.988171,0.006357,0.005471
1652,1,0.132562,0.615473,0.251964
1653,1,0.718095,0.182362,0.099543
1654,1,0.080062,0.000759,0.919180
1655,1,0.957680,0.000429,0.041890
1656,1,0.886340,0.000835,0.112825
1657,1,0.996575,0.001478,0.001947
1658,1,0.994345,0.000711,0.004943
1659,1,0.353925,0.006176,0.639899
1660,1,0.986069,0.000465,0.013466
1661,0,0.006719,0.000884,0.992397
1662,1,0.658703,0.001208,0.340089
1663,0,0.168018,0.000902,0.831080
1664,1,0.554628,0.000985,0.444386
1665,1,0.932990,0.055653,0.011357
1666,1,0.992232,0.000847,0.006921
1667,1,0.953645,0.001189,0.045166
1668,0,0.921779,0.001011,0.077210
1669,1,0.886754,0.004736,0.108510
1670,1,0.994816,0.002282,0.002902
1671,0,0.699092,0.002236,0.298672
1672,1,0.966122,0.001025,0.032853
1673,0,0.500728,0.110942,0.388331
1674,0,0.033887,0.000503,0.965610
1675,0,0.226721,0.001076,0.772203
1676,0,0.994809,0.001136,0.004055
1677,0,0.844232,0.001564,0.154205
1678,0,0.514541,0.001321,0.484139
1679,0,0.484491,0.000941,0.514568
1680,0,0.018907,0.000430,0.980663
1681,0,0.108817,0.003155,0.888028
1682,0,0.983046,0.000656,0.016298
1683,0,0.045381,0.000562,0.954057
1684,0,0.994015,0.000711,0.005274
1685,0,0.206128,0.001820,0.792052
1686,0,0.014571,0.001385,0.984044
1687,0,0.563474,0.001927,0.434599
1688,0,0.162054,0.000723,0.837223
1689,0,0.209024,0.001566,0.789409
1690,0,0.056318,0.000629,0.943053
1691,0,0.327761,0.001797,0.670441
1692,0,0.009726,0.001220,0.989053
1693,0,0.795007,0.001104,0.203889
1694,0,0.742924,0.001041,0.256035
1695,0,0.162149,0.008080,0.829772
1696,0,0.305126,0.000880,0.693995
1697,0,0.052494,0.000739,0.946766
1698,0,0.041407,0.893735,0.064858
1699,0,0.666707,0.000654,0.332639
1700,0,0.049684,0.000596,0.949720
1701,0,0.547830,0.001438,0.450733
1702,0,0.924042,0.004847,0.071111
1703,0,0.027562,0.090284,0.882155
1704,0,0.401820,0.001460,0.596720
1705,0,0.331731,0.001036,0.667233
1706,0,0.219419,0.000632,0.779949
1707,0,0.746821,0.001435,0.251744
1708,0,0.799586,0.000663,0.199751
1709,1,0.983582,0.002418,0.014000
1710,1,0.622433,0.000692,0.376875
1711,1,0.367134,0.000901,0.631965
1712,1,0.569011,0.001887,0.429102
1713,1,0.962628,0.004404,0.032968
1714,0,0.000612,0.001134,0.998254
1715,1,0.904492,0.003241,0.092267
1716,1,0.048172,0.033106,0.918722
1717,1,0.162467,0.063445,0.774088
1718,0,0.111554,0.001435,0.887011
1719,1,0.279272,0.000893,0.719834
1720,1,0.793016,0.001144,0.205839
1721,1,0.523754,0.000847,0.475399
1722,1,0.244673,0.000824,0.754503
1723,0,0.098736,0.000568,0.900696
1724,1,0.529894,0.002042,0.468064
1725,1,0.269618,0.005517,0.724864
1726,1,0.633036,0.000756,0.366208
1727,1,0.091190,0.001067,0.907744
1728,1,0.041868,0.000823,0.957309
1729,1,0.053309,0.000486,0.946205
1730,1,0.694483,0.003060,0.302456
1731,1,0.049451,0.001631,0.948918
1732,1,0.346670,0.000569,0.652761
1733,1,0.899020,0.000495,0.100485
1734,0,0.647720,0.001773,0.350507
1735,1,0.544519,0.162294,0.293187
1736,1,0.836625,0.070463,0.092912
1737,1,0.004808,0.000433,0.994759
1738,1,0.635393,0.001426,0.363181
1739,1,0.966122,0.003602,0.030275
1740,1,0.798750,0.003940,0.197310
1741,1,0.945719,0.001063,0.053218
1742,0,0.266996,0.002766,0.730238
1743,1,0.650325,0.003849,0.345826
1744,1,0.689528,0.001082,0.309390
1745,0,0.884653,0.000455,0.114892
1746,1,0.201920,0.000725,0.797356
1747,0,0.687593,0.000546,0.311861
1748,1,0.251029,0.002926,0.746045
1749,1,0.814507,0.000895,0.184599
1750,1,0.859859,0.000859,0.139282
1751,1,0.216204,0.000847,0.782949
1752,1,0.992920,0.001136,0.005944
1753,1,0.720668,0.001457,0.277875
1754,1,0.960712,0.001066,0.038222
1755,0,0.678999,0.000925,0.320076
1756,1,0.883395,0.000742,0.115863
1757,0,0.003889,0.000271,0.995839
1758,0,0.956430,0.000593,0.042976
1759,1,0.841238,0.002504,0.156258
1760,1,0.415240,0.000565,0.584195
1761,0,0.060116,0.002190,0.937694
1762,0,0.050606,0.269698,0.679696
1763,1,0.517390,0.002822,0.479788
1764,1,0.877393,0.001106,0.121501
1765,1,0.875077,0.000948,0.123975
1766,1,0.936279,0.001692,0.062030
1767,0,0.545304,0.000966,0.453730
1768,1,0.739098,0.001774,0.259129
1769,1,0.973453,0.000603,0.025944
1770,0,0.341073,0.000650,0.658278
1771,1,0.538971,0.436245,0.024785
1772,1,0.987116,0.001795,0.011089
1773,1,0.827942,0.000770,0.171288
1774,1,0.947901,0.000847,0.051252
1775,1,0.167526,0.301828,0.530646
1776,1,0.864290,0.007288,0.128422
1777,1,0.149867,0.000919,0.849214
1778,1,0.188956,0.000931,0.810112
1779,1,0.943435,0.004387,0.052178
1780,1,0.703120,0.002140,0.294740
1781,1,0.843004,0.001927,0.155069
1782,1,0.559331,0.002240,0.438429
1783,1,0.178320,0.000826,0.820854
1784,1,0.060566,0.000962,0.938472
1785,1,0.481944,0.003938,0.514118
1786,1,0.392271,0.002979,0.604751
1787,1,0.408080,0.001374,0.590546
1788,1,0.712719,0.002200,0.285082
1789,0,0.301412,0.000901,0.697687
1790,1,0.695916,0.000944,0.303141
1791,1,0.458852,0.001204,0.539944
1792,1,0.987805,0.001077,0.011118
1793,1,0.058334,0.000550,0.941117
1794,1,0.479870,0.001296,0.518834
1795,1,0.263001,0.001914,0.735085
1796,1,0.876274,0.001697,0.122029
1797,1,0.975380,0.000936,0.023683
1798,0,0.065517,0.000794,0.933689
1799,1,0.425205,0.001917,0.572878
1800,1,0.923719,0.001696,0.074586
1801,1,0.929749,0.000817,0.069434
1802,1,0.525639,0.000880,0.473481
1803,1,0.254413,0.001139,0.744449
1804,0,0.344871,0.000542,0.654587
1805,1,0.029207,0.000737,0.970057
1806,1,0.721770,0.004288,0.273942
1807,1,0.018293,0.000687,0.981021
1808,1,0.776580,0.002657,0.220763
1809,1,0.857775,0.000690,0.141535
1810,0,0.347663,0.000912,0.651424
1811,0,0.220713,0.000980,0.778307
1812,0,0.885237,0.000464,0.114299
1813,0,0.035975,0.002283,0.961742
1814,0,0.171031,0.001213,0.827756
1815,0,0.652168,0.001134,0.346698
1816,0,0.073302,0.001625,0.925073
1817,0,0.266275,0.001936,0.731789
1818,0,0.294140,0.003091,0.702769
1819,0,0.166827,0.006336,0.826837
1820,0,0.159349,0.000743,0.839908
1821,1,0.857041,0.000692,0.142267
1822,1,0.117861,0.001557,0.880582
1823,1,0.080204,0.000906,0.918890
1824,1,0.977013,0.000699,0.022288
1825,1,0.013176,0.000320,0.986504
1826,1,0.919840,0.011756,0.068404
1827,1,0.454408,0.001027,0.544564
1828,0,0.033447,0.000821,0.965733
1829,0,0.853328,0.008330,0.138342
1830,1,0.075248,0.003015,0.921737
1831,1,0.339349,0.000966,0.659685
1832,1,0.900465,0.072812,0.026723
1833,1,0.359718,0.006964,0.633318
1834,1,0.340707,0.001835,0.657458
1835,0,0.739626,0.000994,0.259380
1836,0,0.012407,0.000952,0.986641
1837,1,0.888334,0.000497,0.111170
1838,1,0.538092,0.000868,0.461040
1839,1,0.336314,0.000847,0.662839
1840,1,0.754006,0.001246,0.244748
1841,1,0.967796,0.000486,0.031718
1842,1,0.973516,0.000710,0.025775
1843,1,0.927113,0.000565,0.072322
1844,1,0.755179,0.001022,0.243799
1845,1,0.456992,0.001209,0.541799
1846,0,0.076881,0.001026,0.922093
1847,1,0.878274,0.000576,0.121150
1848,1,0.364289,0.001083,0.634629
1849,1,0.744582,0.001215,0.254203
1850,1,0.233194,0.006339,0.760467
1851,1,0.302266,0.000850,0.696884
1852,1,0.633713,0.000901,0.365386
1853,1,0.028000,0.015524,0.956476
1854,1,0.288992,0.668954,0.042054
1855,1,0.956321,0.003605,0.040074
1856,1,0.671237,0.004651,0.324112
1857,1,0.983459,0.007105,0.009436
1858,1,0.916650,0.001660,0.081689
1859,1,0.577514,0.409367,0.013119
1860,1,0.947559,0.004193,0.048248
1861,1,0.292589,0.655441,0.051970
1862,1,0.035535,0.930501,0.033964
1863,1,0.066165,0.888945,0.044891
1864,0,0.088664,0.001559,0.909778
1865,1,0.234955,0.735221,0.029824
1866,1,0.974715,0.009895,0.015390
1867,1,0.051357,0.935086,0.013557
1868,1,0.153176,0.000966,0.845858
1869,1,0.093880,0.000734,0.905386
1870,1,0.438220,0.001010,0.560770
1871,1,0.452846,0.013668,0.533486
1872,1,0.501883,0.435509,0.062608
1873,1,0.053360,0.099125,0.847514
1874,0,0.012088,0.001010,0.986902
1875,0,0.017676,0.000675,0.981649
1876,0,0.192111,0.010836,0.797053
1877,0,0.725700,0.001074,0.273226
1878,0,0.324170,0.000998,0.674832
1879,0,0.007871,0.000608,0.991521
1880,0,0.717926,0.000805,0.281269
1881,0,0.558531,0.001998,0.439471
1882,0,0.729123,0.001039,0.269838
1883,0,0.673192,0.000899,0.325909
1884,0,0.013031,0.000370,0.986599
1885,0,0.011759,0.000363,0.987879
1886,0,0.001322,0.000302,0.998376
1887,0,0.051431,0.000607,0.947961
1888,0,0.158046,0.000887,0.841067
1889,0,0.006919,0.000987,0.992094
1890,0,0.326701,0.003803,0.669496
1891,0,0.061032,0.000743,0.938225
1892,0,0.892140,0.001877,0.105984
1893,0,0.451764,0.001032,0.547204
1894,0,0.619198,0.000629,0.380173
1895,0,0.001153,0.000584,0.998262
1896,0,0.099120,0.000877,0.900003
1897,0,0.004263,0.002767,0.992970
1898,0,0.036122,0.008660,0.955219
1899,0,0.031368,0.000572,0.968061
1900,0,0.005138,0.000743,0.994120
1901,0,0.201976,0.000700,0.797325
1902,0,0.084576,0.121733,0.793691
1903,0,0.039381,0.001003,0.959615
1904,0,0.019085,0.002397,0.978518
1905,0,0.002907,0.002539,0.994554
1906,0,0.003457,0.004953,0.991590
1907,0,0.215996,0.003995,0.780009
1908,0,0.041054,0.051869,0.907077
1909,0,0.839000,0.008722,0.152279
1910,0,0.159110,0.002199,0.838691
1911,0,0.037358,0.235295,0.727347
1912,0,0.012295,0.076845,0.910860
1913,0,0.008337,0.001341,0.990321
1914,0,0.171207,0.008144,0.820650
1915,0,0.006000,0.000494,0.993506
1916,0,0.009572,0.000614,0.989814
1917,0,0.000816,0.000612,0.998571
1918,0,0.056285,0.351107,0.592607
1919,0,0.965583,0.000410,0.034007
1920,0,0.344316,0.000751,0.654934
1921,0,0.080572,0.004573,0.914854
1922,0,0.051397,0.000493,0.948110
1923,0,0.050923,0.201085,0.747992
1924,0,0.217968,0.007837,0.774195
1925,0,0.497813,0.000877,0.501310
1926,0,0.760503,0.003116,0.236381
1927,0,0.673192,0.008705,0.318102
1928,0,0.036607,0.006480,0.956913
1929,0,0.655961,0.006032,0.338006
1930,0,0.152087,0.000500,0.847413
1931,0,0.118337,0.362975,0.518688
1932,0,0.001011,0.001301,0.997687
1933,0,0.004551,0.000617,0.994832
1934,0,0.002417,0.001295,0.996288
1935,0,0.369677,0.001855,0.628469
1936,0,0.368995,0.001283,0.629722
1937,0,0.771935,0.012369,0.215696
1938,0,0.978456,0.000728,0.020816
1939,0,0.900257,0.000787,0.098956
1940,0,0.628277,0.004304,0.367419
1941,0,0.084458,0.001210,0.914332
1942,0,0.947343,0.001023,0.051634
1943,0,0.014615,0.000756,0.984629
1944,0,0.556600,0.000809,0.442592
1945,0,0.067028,0.027515,0.905457
1946,0,0.113508,0.000693,0.885799
1947,0,0.070464,0.004021,0.925515
1948,0,0.001343,0.000376,0.998280
1949,0,0.969063,0.000425,0.030511
1950,0,0.099606,0.644226,0.256169
1951,0,0.040308,0.001071,0.958621
1952,0,0.952829,0.001772,0.045399
1953,0,0.944581,0.000564,0.054855
1954,0,0.025709,0.001365,0.972926
1955,0,0.760217,0.001071,0.238712
1956,0,0.408845,0.000985,0.590170
1957,0,0.382235,0.001582,0.616183
1958,0,0.467553,0.001413,0.531033
1959,0,0.715216,0.001435,0.283350
1960,0,0.422421,0.000531,0.577047
1961,0,0.210701,0.001284,0.788015
1962,1,0.326841,0.001145,0.672015
1963,0,0.208711,0.001776,0.789514
1964,1,0.389697,0.556151,0.054152
1965,0,0.363980,0.000905,0.635115
1966,1,0.039391,0.001549,0.959060
1967,1,0.995183,0.000611,0.004206
1968,1,0.727463,0.005386,0.267152
1969,0,0.019206,0.001998,0.978795
1970,0,0.142012,0.000738,0.857250
1971,0,0.913292,0.000597,0.086112
1972,1,0.728054,0.002111,0.269835
1973,0,0.596841,0.001193,0.401965
1974,1,0.646074,0.001650,0.352276
1975,0,0.618223,0.029556,0.352221
1976,1,0.840216,0.000402,0.159382
1977,1,0.938993,0.032683,0.028324
1978,1,0.927185,0.001222,0.071593
1979,0,0.973044,0.006228,0.020728
1980,0,0.795548,0.001700,0.202752
1981,0,0.249361,0.000628,0.750011
1982,1,0.988108,0.001428,0.010463
1983,0,0.023553,0.001754,0.974693
1984,0,0.814945,0.000705,0.184350
1985,0,0.543630,0.001001,0.455369
1986,0,0.947806,0.000498,0.051695
1987,0,0.645220,0.001072,0.353708
1988,0,0.966727,0.000807,0.032466
1989,0,0.057959,0.001373,0.940668
1990,0,0.118183,0.000610,0.881207
1991,0,0.808779,0.001319,0.189902
1992,1,0.967378,0.000518,0.032104
1993,0,0.477660,0.003676,0.518664
1994,1,0.810208,0.000892,0.188900
1995,0,0.087785,0.001910,0.910305
1996,0,0.728253,0.001840,0.269907
1997,0,0.006189,0.001647,0.992164
1998,0,0.675680,0.001894,0.322427
1999,0,0.440473,0.000923,0.558603
2000,0,0.394693,0.002039,0.603268
2001,0,0.723643,0.005634,0.270722
2002,1,0.059520,0.000873,0.939607
2003,0,0.029400,0.000721,0.969880
2004,1,0.806484,0.178994,0.014522
2005,1,0.972834,0.006282,0.020884
2006,1,0.039774,0.004343,0.955883
2007,1,0.894890,0.003856,0.101254
2008,0,0.046634,0.000745,0.952622
2009,0,0.217534,0.000548,0.781918
2010,1,0.991178,0.002592,0.006230
2011,0,0.012665,0.001207,0.986128
2012,1,0.973382,0.016066,0.010552
2013,0,0.057878,0.193864,0.748259
2014,1,0.806550,0.002125,0.191325
2015,1,0.193024,0.000884,0.806092
2016,0,0.017959,0.000749,0.981293
2017,0,0.003475,0.000436,0.996089
2018,1,0.844626,0.000593,0.154780
2019,1,0.650405,0.013622,0.335973
2020,1,0.805882,0.000546,0.193572
2021,0,0.757155,0.000946,0.241898
2022,0,0.481786,0.000987,0.517227
2023,0,0.831044,0.000737,0.168220
2024,0,0.365217,0.001029,0.633753
2025,1,0.830054,0.000576,0.169370
2026,1,0.501963,0.011206,0.486831
2027,0,0.601177,0.022487,0.376336
2028,0,0.299919,0.440598,0.259483
2029,0,0.509515,0.001532,0.488953
2030,0,0.711550,0.000692,0.287758
2031,0,0.704396,0.000879,0.294725
2032,1,0.959899,0.000849,0.039251
2033,1,0.248919,0.000600,0.750481
2034,1,0.861605,0.003351,0.135044
2035,0,0.366409,0.003015,0.630575
2036,0,0.280170,0.001858,0.717972
2037,1,0.845233,0.001284,0.153483
2038,0,0.748107,0.001006,0.250887
2039,1,0.356692,0.000654,0.642654
2040,1,0.967709,0.000368,0.031923
2041,1,0.551468,0.002284,0.446248
2042,1,0.680616,0.000835,0.318549
2043,1,0.098554,0.742214,0.159232
2044,0,0.462972,0.112641,0.424388
2045,0,0.174449,0.000663,0.824889
2046,0,0.018757,0.070378,0.910865
2047,1,0.110591,0.002386,0.887023
2048,0,0.390859,0.001808,0.607334
2049,0,0.240209,0.001184,0.758608
2050,0,0.513197,0.000978,0.485825
2051,0,0.926825,0.001247,0.071928
2052,0,0.108812,0.000832,0.890356
2053,0,0.840487,0.001910,0.157603
2054,0,0.097247,0.000856,0.901897
2055,1,0.553283,0.007304,0.439413
2056,1,0.863048,0.001272,0.135680
2057,0,0.155218,0.001190,0.843592
2058,0,0.001343,0.000328,0.998329
2059,0,0.563888,0.001264,0.434848
2060,0,0.161454,0.001799,0.836748
2061,1,0.467243,0.001062,0.531695
2062,1,0.831447,0.000886,0.167667
2063,1,0.935639,0.001331,0.063030
2064,0,0.448128,0.001828,0.550044
2065,0,0.261026,0.000790,0.738185
2066,0,0.345035,0.000611,0.654355
2067,0,0.002162,0.000618,0.997221
2068,0,0.858469,0.003590,0.137942
2069,0,0.946931,0.000845,0.052224
2070,1,0.991781,0.000915,0.007305
2071,0,0.585741,0.000682,0.413577
2072,0,0.697564,0.000849,0.301588
2073,1,0.920980,0.028281,0.050740
2074,0,0.335899,0.002134,0.661967
2075,1,0.049568,0.001199,0.949233
2076,0,0.031242,0.003766,0.964992
2077,1,0.212812,0.317726,0.469462
2078,1,0.566965,0.003861,0.429174
2079,1,0.993243,0.002393,0.004363
2080,1,0.645565,0.001279,0.353156
2081,0,0.052625,0.001119,0.946256
2082,0,0.483284,0.000562,0.516154
2083,0,0.133174,0.001701,0.865125
2084,0,0.217993,0.525824,0.256183
2085,0,0.016239,0.001166,0.982595
2086,1,0.932382,0.000818,0.066800
2087,0,0.961922,0.000722,0.037355
2088,1,0.525514,0.006204,0.468282
2089,1,0.591202,0.061664,0.347134
2090,1,0.948750,0.000780,0.050469
2091,0,0.007021,0.000599,0.992379
2092,0,0.063622,0.000726,0.935652
2093,0,0.087928,0.000428,0.911645
2094,1,0.033763,0.249260,0.716977
2095,1,0.968868,0.000433,0.030699
2096,0,0.366358,0.001121,0.632521
2097,0,0.666434,0.001146,0.332420
2098,1,0.748348,0.000800,0.250852
2099,1,0.120550,0.344429,0.535021
2100,1,0.955449,0.000777,0.043774
2101,0,0.027548,0.001114,0.971338
2102,0,0.907948,0.003930,0.088122
2103,0,0.201952,0.004360,0.793688
2104,0,0.293826,0.674228,0.031946
2105,0,0.124145,0.001028,0.874827
2106,0,0.075820,0.000772,0.923407
2107,1,0.914710,0.000985,0.084305
2108,0,0.195944,0.001402,0.802654
2109,0,0.092275,0.000676,0.907049
2110,1,0.007104,0.004563,0.988333
2111,1,0.855375,0.001073,0.143552
2112,1,0.259204,0.005461,0.735335
2113,1,0.921798,0.000449,0.077753
2114,1,0.765936,0.004372,0.229691
2115,1,0.878166,0.001655,0.120179
2116,0,0.236712,0.000804,0.762484
2117,0,0.656804,0.000835,0.342361
2118,1,0.086309,0.002701,0.910989
2119,1,0.318664,0.001210,0.680126
2120,0,0.167791,0.004343,0.827867
2121,0,0.097773,0.000544,0.901683
2122,1,0.926049,0.000454,0.073497
2123,0,0.027840,0.180445,0.791714
2124,1,0.717851,0.000826,0.281323
2125,1,0.550273,0.000586,0.449141
2126,0,0.332490,0.007974,0.659537
2127,0,0.732644,0.002741,0.264615
2128,0,0.527988,0.000813,0.471199
2129,0,0.697344,0.001795,0.300861
2130,1,0.479480,0.034648,0.485872
2131,0,0.880046,0.000617,0.119337
2132,1,0.210171,0.703879,0.085950
2133,1,0.526342,0.001674,0.471984
2134,1,0.496406,0.000787,0.502806
2135,1,0.576245,0.001161,0.422594
2136,0,0.048467,0.292761,0.658772
2137,0,0.992131,0.001088,0.006781
2138,1,0.982033,0.000481,0.017487
2139,0,0.506351,0.001503,0.492145
2140,0,0.047678,0.003733,0.948589
2141,1,0.642338,0.017115,0.340547
2142,0,0.079877,0.000442,0.919681
2143,1,0.862673,0.002333,0.134994
2144,1,0.008939,0.000429,0.990632
2145,0,0.404609,0.446667,0.148724
2146,0,0.902828,0.001087,0.096086
2147,0,0.013418,0.004289,0.982292
2148,1,0.353222,0.003740,0.643038
2149,1,0.538250,0.001258,0.460492
2150,0,0.088960,0.468656,0.442384
2151,0,0.783665,0.001021,0.215313
2152,1,0.978732,0.000955,0.020313
2153,1,0.752387,0.004205,0.243408
2154,1,0.973282,0.000467,0.026251
2155,0,0.876094,0.001073,0.122833
2156,1,0.861958,0.003795,0.134247
2157,0,0.126360,0.001158,0.872482
2158,0,0.894565,0.003653,0.101782
2159,1,0.186979,0.001385,0.811637
2160,1,0.982268,0.000399,0.017334
2161,0,0.006523,0.000732,0.992745
2162,0,0.004530,0.001845,0.993624
2163,0,0.051536,0.059165,0.889299
2164,0,0.286920,0.001032,0.712048
2165,1,0.107798,0.000651,0.891551
2166,0,0.802205,0.000804,0.196991
2167,1,0.611535,0.002115,0.386350
2168,0,0.101394,0.001400,0.897206
2169,1,0.933356,0.001070,0.065575
2170,0,0.081529,0.001572,0.916899
2171,1,0.672088,0.001155,0.326756
2172,0,0.193435,0.001378,0.805187
2173,0,0.183834,0.000978,0.815188
2174,0,0.040637,0.001495,0.957868
2175,1,0.990716,0.000424,0.008860
2176,0,0.829439,0.004529,0.166032
2177,1,0.980971,0.002186,0.016843
2178,1,0.508150,0.003128,0.488722
2179,0,0.601925,0.001569,0.396506
2180,1,0.896921,0.002398,0.100681
2181,0,0.216556,0.002227,0.781216
2182,0,0.212995,0.001103,0.785902
2183,0,0.006611,0.001943,0.991447
2184,0,0.950984,0.000591,0.048425
2185,1,0.989181,0.000741,0.010078
2186,1,0.644647,0.000545,0.354807
2187,1,0.441676,0.003515,0.554810
2188,1,0.879373,0.050714,0.069913
2189,0,0.028297,0.003637,0.968066
2190,0,0.510824,0.001301,0.487875
2191,0,0.001566,0.000722,0.997712
2192,0,0.748687,0.006008,0.245304
2193,0,0.211720,0.000843,0.787436
2194,0,0.987155,0.000791,0.012054
2195,0,0.961126,0.000586,0.038287
2196,0,0.954951,0.000994,0.044055
2197,0,0.036937,0.102410,0.860653
2198,0,0.164120,0.000992,0.834888
2199,1,0.092713,0.000849,0.906439
2200,0,0.439851,0.003014,0.557136
2201,0,0.814694,0.000745,0.184561
2202,0,0.864403,0.000820,0.134776
2203,0,0.121109,0.001101,0.877789
2204,1,0.807837,0.000626,0.191537
2205,1,0.747025,0.025047,0.227929
2206,0,0.362593,0.001152,0.636255
2207,1,0.936184,0.000838,0.062978
2208,0,0.462975,0.036176,0.500849
2209,1,0.959895,0.000755,0.039350
2210,1,0.908331,0.000525,0.091144
2211,1,0.323052,0.246540,0.430409
2212,1,0.245165,0.475929,0.278906
2213,1,0.766350,0.001685,0.231965
2214,1,0.418965,0.002255,0.578779
2215,1,0.937128,0.000602,0.062269
2216,1,0.971348,0.012645,0.016008
2217,0,0.013891,0.001134,0.984975
2218,1,0.892931,0.000921,0.106148
2219,1,0.838637,0.000949,0.160414
2220,0,0.468378,0.014353,0.517269
2221,0,0.110822,0.000955,0.888223
2222,0,0.022614,0.000583,0.976804
2223,0,0.043498,0.001421,0.955081
2224,0,0.314553,0.001312,0.684135
2225,1,0.846490,0.000581,0.152930
2226,0,0.552468,0.001746,0.445787
2227,1,0.096626,0.000725,0.902649
2228,0,0.012587,0.000493,0.986919
2229,0,0.198731,0.000965,0.800304
2230,0,0.107035,0.026476,0.866490
2231,1,0.692460,0.033307,0.274232
2232,0,0.987073,0.000415,0.012513
2233,0,0.733495,0.002314,0.264191
2234,1,0.151685,0.458230,0.390085
2235,0,0.044645,0.578823,0.376532
2236,0,0.911962,0.011964,0.076074
2237,0,0.293774,0.001009,0.705217
2238,0,0.988463,0.000598,0.010939
2239,0,0.774165,0.001308,0.224527
2240,1,0.542705,0.377090,0.080205
2241,0,0.971483,0.000616,0.027901
2242,0,0.994768,0.002027,0.003205
2243,0,0.206587,0.210481,0.582932
2244,0,0.733064,0.000985,0.265951
2245,1,0.585573,0.000904,0.413522
2246,0,0.570074,0.000711,0.429215
2247,0,0.153453,0.000845,0.845702
2248,0,0.010684,0.002079,0.987237
2249,1,0.312132,0.000707,0.687160
2250,1,0.881201,0.000577,0.118222
2251,0,0.391979,0.006737,0.601285
2252,0,0.048450,0.321520,0.630030
2253,1,0.249960,0.004296,0.745744
2254,0,0.119902,0.007831,0.872267
2255,1,0.353205,0.005611,0.641184
2256,0,0.057623,0.597274,0.345103
2257,0,0.148987,0.568636,0.282377
2258,0,0.043983,0.597340,0.358678
2259,0,0.121644,0.560630,0.317726
2260,0,0.001626,0.000836,0.997538
2261,0,0.001242,0.001476,0.997282
2262,1,0.770139,0.034244,0.195617
2263,1,0.934362,0.057095,0.008543
2264,1,0.087892,0.004070,0.908037
2265,1,0.721538,0.222246,0.056217
2266,1,0.887928,0.094116,0.017956
2267,1,0.285302,0.184786,0.529912
2268,1,0.970131,0.001454,0.028415
2269,1,0.035126,0.016843,0.948031
2270,1,0.964923,0.018303,0.016773
2271,1,0.978866,0.003445,0.017688
2272,1,0.962280,0.018120,0.019599
2273,1,0.974250,0.015143,0.010607
2274,1,0.108396,0.486197,0.405407
2275,1,0.119704,0.473854,0.406442
2276,1,0.952375,0.036888,0.010737
2277,1,0.977330,0.010599,0.012071
2278,1,0.014874,0.044569,0.940557
2279,1,0.095917,0.600703,0.303380
2280,1,0.073562,0.571737,0.354701
2281,1,0.092740,0.588174,0.319086
2282,1,0.395429,0.007495,0.597076
2283,1,0.066468,0.032496,0.901036
2284,0,0.019509,0.182035,0.798456
2285,0,0.006821,0.029934,0.963245
2286,0,0.040114,0.000710,0.959175
2287,1,0.088338,0.561583,0.350079
2288,1,0.110300,0.279677,0.610023
2289,1,0.053082,0.045121,0.901797
2290,1,0.113278,0.636260,0.250462
2291,1,0.138156,0.561174,0.300670
2292,1,0.070641,0.713459,0.215900
2293,1,0.313121,0.001685,0.685194
2294,1,0.863793,0.121468,0.014738
2295,1,0.891659,0.077945,0.030396
2296,1,0.864319,0.120029,0.015652
2297,1,0.916178,0.074969,0.008853
2298,1,0.881071,0.093430,0.025499
2299,1,0.897936,0.052959,0.049105
2300,1,0.634447,0.293437,0.072116
2301,1,0.809167,0.001474,0.189359
2302,1,0.980056,0.004173,0.015771
2303,1,0.847614,0.006322,0.146064
2304,1,0.621233,0.006336,0.372430
2305,1,0.510498,0.001166,0.488336
2306,1,0.770501,0.005673,0.223827
2307,1,0.869549,0.007455,0.122996
2308,1,0.386034,0.001746,0.612220
2309,1,0.793947,0.001122,0.204931
2310,1,0.968207,0.003712,0.028081
2311,1,0.892397,0.001131,0.106472
2312,1,0.889069,0.001090,0.109841
2313,1,0.713248,0.003252,0.283501
2314,1,0.808918,0.030536,0.160546
2315,1,0.344692,0.002849,0.652459
2316,1,0.941069,0.004576,0.054355
2317,1,0.136491,0.668079,0.195430
2318,1,0.125190,0.058212,0.816598
2319,1,0.107079,0.195580,0.697341
2320,1,0.094254,0.009883,0.895863
2321,1,0.951163,0.040244,0.008593
2322,1,0.853217,0.129429,0.017353
2323,1,0.952150,0.003349,0.044501
2324,1,0.961972,0.004696,0.033332
2325,1,0.976995,0.011289,0.011716
2326,1,0.833712,0.135110,0.031178
2327,1,0.791348,0.163441,0.045211
2328,1,0.955169,0.036456,0.008374
2329,1,0.913294,0.001807,0.084899
2330,1,0.977457,0.001397,0.021147
2331,1,0.976336,0.004045,0.019620
2332,1,0.988181,0.004240,0.007579
2333,1,0.880582,0.099852,0.019566
2334,1,0.404711,0.406968,0.188321
2335,1,0.854649,0.037535,0.107816
2336,1,0.879767,0.031283,0.088951
2337,1,0.534075,0.308584,0.157342
2338,1,0.624391,0.229234,0.146375
2339,1,0.497204,0.053541,0.449255
2340,1,0.173387,0.037678,0.788935
2341,1,0.350106,0.101793,0.548100
2342,1,0.545670,0.335164,0.119166
2343,1,0.852264,0.107068,0.040668
2344,1,0.922179,0.000935,0.076886
2345,1,0.863051,0.051425,0.085524
2346,1,0.382932,0.339379,0.277689
2347,1,0.907282,0.071633,0.021084
2348,1,0.435326,0.414594,0.150080
2349,1,0.901493,0.059867,0.038640
2350,1,0.384237,0.453293,0.162470
2351,1,0.555397,0.264732,0.179872
2352,1,0.328537,0.073790,0.597672
2353,1,0.177974,0.089962,0.732064
2354,1,0.623499,0.081407,0.295094
2355,1,0.609160,0.305920,0.084920
2356,1,0.880771,0.089963,0.029266
2357,1,0.959625,0.000703,0.039673
2358,1,0.887763,0.040445,0.071792
2359,1,0.387557,0.349420,0.263023
2360,1,0.835878,0.109737,0.054385
2361,1,0.829233,0.103398,0.067369
2362,1,0.743248,0.083043,0.173710
2363,1,0.930360,0.001252,0.068388
2364,1,0.305674,0.495810,0.198516
2365,1,0.418102,0.461923,0.119975
2366,1,0.649504,0.296174,0.054322
2367,1,0.701143,0.225059,0.073798
2368,1,0.250904,0.551998,0.197098
2369,1,0.234840,0.592216,0.172944
2370,0,0.991668,0.000620,0.007712
2371,0,0.977743,0.000650,0.021607
2372,0,0.979992,0.000627,0.019380
2373,0,0.994982,0.000779,0.004239
2374,0,0.986272,0.000577,0.013151
2375,0,0.981714,0.000669,0.017617
2376,0,0.994346,0.000759,0.004896
2377,0,0.549616,0.146332,0.304052
2378,0,0.520066,0.053810,0.426124
2379,0,0.303440,0.200733,0.495827
2380,0,0.025551,0.081418,0.893031
2381,0,0.008595,0.053120,0.938286
2382,0,0.025499,0.000856,0.973645
2383,0,0.044578,0.527330,0.428092
2384,0,0.009644,0.104889,0.885467
2385,0,0.053240,0.009397,0.937364
2386,1,0.028306,0.002251,0.969443
2387,1,0.253096,0.025613,0.721291
2388,1,0.503076,0.003792,0.493133
2389,1,0.291264,0.009712,0.699023
2390,1,0.099963,0.011636,0.888401
2391,1,0.036619,0.001031,0.962350
2392,1,0.205116,0.132300,0.662584
2393,1,0.390145,0.263847,0.346008
2394,1,0.526614,0.004821,0.468565
2395,1,0.362558,0.010390,0.627052
2396,1,0.699715,0.014951,0.285333
2397,1,0.270212,0.471790,0.257998
2398,1,0.121515,0.049382,0.829104
2399,1,0.433402,0.455297,0.111301
2400,0,0.256790,0.000714,0.742496
2401,0,0.296773,0.000861,0.702367
2402,0,0.222834,0.000598,0.776568
2403,1,0.181458,0.014846,0.803696
2404,1,0.271989,0.013544,0.714468
2405,1,0.368278,0.003598,0.628124
2406,1,0.099885,0.001137,0.898978
2407,1,0.166172,0.001348,0.832480
2408,1,0.192856,0.001201,0.805943
2409,1,0.987587,0.008296,0.004117
2410,1,0.929282,0.066913,0.003806
2411,1,0.984107,0.011355,0.004538
2412,1,0.978230,0.001451,0.020319
2413,1,0.989376,0.001478,0.009146
2414,1,0.992238,0.001080,0.006682
2415,1,0.993515,0.002803,0.003681
2416,1,0.980847,0.006114,0.013038
2417,0,0.074889,0.001217,0.923895
2418,0,0.169265,0.001565,0.829170
2419,0,0.179818,0.001656,0.818526
2420,1,0.003390,0.002665,0.993945
2421,1,0.001263,0.000486,0.998251
2422,1,0.145769,0.567075,0.287156
2423,1,0.003390,0.002665,0.993945
2424,1,0.000613,0.000497,0.998890
2425,1,0.001951,0.000982,0.997067
2426,1,0.006550,0.002254,0.991196
2427,1,0.002879,0.001113,0.996008
2428,1,0.100222,0.001645,0.898132
2429,1,0.088097,0.002273,0.909630
2430,1,0.004762,0.000802,0.994436
2431,1,0.010976,0.007388,0.981636
2432,1,0.003367,0.001611,0.995022
2433,1,0.012608,0.053005,0.934387
2434,0,0.015768,0.000715,0.983517
2435,0,0.003951,0.000383,0.995666
2436,0,0.044115,0.000831,0.955054
2437,0,0.172682,0.361603,0.465715
2438,0,0.238097,0.337712,0.424191
2439,1,0.020519,0.001541,0.977940
2440,1,0.006167,0.000729,0.993104
2441,1,0.010701,0.000965,0.988333
2442,1,0.011668,0.001105,0.987227
2443,1,0.060250,0.001468,0.938282
2444,1,0.008775,0.001064,0.990160
2445,1,0.011756,0.001312,0.986932
2446,1,0.009729,0.000868,0.989403
2447,1,0.020366,0.001253,0.978381
2448,1,0.011229,0.001366,0.987405
2449,1,0.015331,0.001358,0.983311
2450,1,0.008305,0.001318,0.990377
2451,1,0.804667,0.082095,0.113238
2452,1,0.789847,0.149599,0.060553
2453,1,0.718688,0.044038,0.237274
2454,1,0.987477,0.002170,0.010353
2455,0,0.251762,0.002614,0.745624
2456,1,0.200992,0.567600,0.231407
2457,1,0.258719,0.617521,0.123760
2458,1,0.378702,0.155324,0.465974
2459,1,0.421525,0.199629,0.378846
2460,1,0.113163,0.741284,0.145553
2461,1,0.814400,0.040929,0.144671
2462,1,0.115600,0.201642,0.682757
2463,1,0.584691,0.292449,0.122860
2464,1,0.027368,0.001612,0.971020
2465,1,0.022856,0.001088,0.976055
2466,1,0.233049,0.005820,0.761131
2467,1,0.522382,0.405577,0.072041
2468,1,0.040703,0.003566,0.955731
2469,0,0.053167,0.007771,0.939062
2470,0,0.078240,0.020195,0.901565
2471,1,0.524502,0.367723,0.107775
2472,0,0.189252,0.006586,0.804162
2473,1,0.548180,0.395369,0.056451
2474,1,0.841144,0.123449,0.035407
2475,1,0.988656,0.005144,0.006200
2476,1,0.333489,0.522165,0.144346
2477,1,0.799489,0.152467,0.048044
2478,1,0.611499,0.224807,0.163694
2479,1,0.326509,0.021585,0.651906
2480,0,0.044103,0.627240,0.328657
2481,1,0.401950,0.007697,0.590353
2482,1,0.881234,0.014810,0.103956
2483,1,0.842375,0.020152,0.137473
2484,0,0.029916,0.836618,0.133466
2485,0,0.123821,0.426647,0.449532
2486,0,0.432532,0.040182,0.527286
2487,0,0.518392,0.071135,0.410474
2488,0,0.052166,0.530224,0.417610
2489,1,0.161845,0.008038,0.830117
2490,1,0.826164,0.023334,0.150502
2491,1,0.043174,0.001501,0.955325
2492,1,0.020955,0.001118,0.977926
2493,1,0.189188,0.004641,0.806171
2494,1,0.477943,0.001431,0.520626
2495,1,0.299728,0.001591,0.698681
2496,1,0.314823,0.006389,0.678788
2497,1,0.114334,0.001926,0.883740
2498,1,0.579337,0.005939,0.414724
2499,0,0.035526,0.220217,0.744256
2500,1,0.201827,0.001589,0.796585
2501,1,0.559471,0.008429,0.432101
2502,0,0.001664,0.001240,0.997097
2503,0,0.003020,0.005590,0.991390
2504,0,0.441826,0.127557,0.430617
2505,0,0.462703,0.065005,0.472292
2506,0,0.511495,0.066369,0.422136
2507,0,0.722567,0.012891,0.264542
2508,0,0.038608,0.000591,0.960801
2509,1,0.039259,0.009125,0.951616
2510,1,0.747028,0.018106,0.234866
2511,1,0.558320,0.217940,0.223739
2512,1,0.964803,0.006290,0.028907
2513,1,0.477007,0.010671,0.512322
2514,1,0.769921,0.003221,0.226858
2515,1,0.464555,0.002542,0.532902
2516,1,0.652700,0.001680,0.345620
2517,1,0.648622,0.003826,0.347551
2518,1,0.780742,0.003642,0.215616
2519,1,0.817567,0.002292,0.180142
2520,1,0.849558,0.003614,0.146828
2521,1,0.856329,0.003245,0.140426
2522,1,0.966193,0.000395,0.033412
2523,1,0.976194,0.000570,0.023237
2524,1,0.973343,0.000551,0.026106
2525,1,0.951064,0.000391,0.048545
2526,1,0.978507,0.000989,0.020504
2527,1,0.978457,0.000388,0.021155
2528,1,0.978075,0.000386,0.021539
2529,0,0.985364,0.001853,0.012782
2530,0,0.984523,0.001431,0.014046
2531,0,0.972504,0.001631,0.025865
2532,0,0.987608,0.001134,0.011259
2533,0,0.980378,0.001284,0.018338
2534,0,0.655164,0.004734,0.340101
2535,0,0.416130,0.006515,0.577355
2536,0,0.476937,0.009200,0.513863
2537,0,0.570674,0.001467,0.427858
2538,0,0.400932,0.001502,0.597565
2539,0,0.674489,0.001785,0.323726
2540,0,0.052555,0.007385,0.940060
2541,0,0.036406,0.087246,0.876348
2542,0,0.019694,0.444974,0.535332
2543,0,0.037117,0.900136,0.062747
2544,0,0.024953,0.906516,0.068531
2545,0,0.036637,0.931542,0.031822
2546,0,0.015881,0.260808,0.723311
2547,0,0.071639,0.622719,0.305642
2548,0,0.181801,0.797205,0.020993
2549,0,0.155031,0.668239,0.176729
2550,0,0.953701,0.009012,0.037287
2551,0,0.076551,0.855242,0.068208
2552,0,0.041486,0.885065,0.073449
2553,0,0.130762,0.000950,0.868288
2554,0,0.177518,0.003056,0.819426
2555,0,0.043529,0.001494,0.954977
2556,1,0.843830,0.001893,0.154277
2557,1,0.078367,0.084212,0.837420
2558,1,0.134111,0.172784,0.693105
2559,1,0.094089,0.078904,0.827007
2560,1,0.055599,0.024755,0.919646
2561,1,0.076551,0.050610,0.872839
2562,1,0.087798,0.104422,0.807781
2563,0,0.269742,0.442015,0.288243
2564,0,0.343358,0.211436,0.445206
2565,0,0.352312,0.139319,0.508368
2566,0,0.074659,0.016935,0.908406
2567,0,0.095489,0.032752,0.871759
2568,0,0.371109,0.052108,0.576783
2569,0,0.655729,0.052486,0.291785
2570,0,0.831551,0.062093,0.106356
2571,0,0.230732,0.263025,0.506243
2572,0,0.286907,0.037079,0.676014
2573,0,0.204216,0.059589,0.736195
2574,0,0.590239,0.112917,0.296844
2575,0,0.097595,0.030071,0.872333
2576,0,0.551207,0.218950,0.229843
2577,0,0.258877,0.475030,0.266093
2578,0,0.009697,0.059238,0.931065
2579,0,0.001315,0.003654,0.995031
2580,1,0.078486,0.010124,0.911390
2581,1,0.013039,0.002629,0.984332
2582,1,0.003866,0.002469,0.993665
2583,1,0.003579,0.001171,0.995250
2584,1,0.003824,0.000299,0.995877
2585,1,0.006016,0.000323,0.993661
2586,1,0.002233,0.000586,0.997181
2587,1,0.028878,0.011998,0.959124
2588,1,0.028417,0.044956,0.926627
2589,1,0.016961,0.000488,0.982551
2590,1,0.008548,0.000589,0.990864
2591,1,0.002867,0.002785,0.994348
2592,1,0.008105,0.000365,0.991530
2593,1,0.000925,0.000254,0.998822
2594,1,0.018705,0.000400,0.980894
2595,1,0.819214,0.036989,0.143797
2596,1,0.227723,0.001497,0.770779
2597,1,0.790214,0.083932,0.125855
2598,1,0.023703,0.001828,0.974470
2599,1,0.294549,0.332816,0.372635
2600,1,0.076283,0.461281,0.462436
2601,1,0.405029,0.463994,0.130977
2602,1,0.589382,0.013542,0.397076
2603,1,0.306194,0.001761,0.692045
2604,1,0.799367,0.009107,0.191527
2605,1,0.756178,0.047276,0.196546
2606,1,0.244608,0.622681,0.132711
2607,1,0.152880,0.797200,0.049920
2608,1,0.094897,0.036066,0.869037
2609,1,0.146145,0.023024,0.830831
2610,1,0.607694,0.136073,0.256233
2611,1,0.872838,0.022273,0.104889
2612,1,0.733560,0.205639,0.060801
2613,1,0.992407,0.003374,0.004220
2614,1,0.922215,0.001153,0.076632
2615,1,0.931340,0.001838,0.066822
2616,1,0.970114,0.000380,0.029506
2617,1,0.769546,0.008207,0.222247
2618,1,0.926558,0.000963,0.072480
2619,1,0.753814,0.018901,0.227285
2620,1,0.987297,0.000913,0.011791
2621,1,0.984410,0.004015,0.011575
2622,1,0.986816,0.005155,0.008029
2623,1,0.992802,0.001546,0.005653
2624,1,0.911710,0.001652,0.086638
2625,1,0.991319,0.002806,0.005875
2626,1,0.626967,0.003940,0.369094
2627,1,0.822953,0.003363,0.173684
2628,1,0.940841,0.004046,0.055112
2629,1,0.377857,0.002409,0.619734
2630,1,0.940304,0.026634,0.033062
2631,1,0.817879,0.004542,0.177578
2632,1,0.274428,0.001513,0.724060
2633,1,0.475279,0.006498,0.518223
2634,1,0.779237,0.023679,0.197084
2635,1,0.867168,0.041249,0.091583
2636,1,0.868465,0.019278,0.112257
2637,1,0.797236,0.008116,0.194649
2638,1,0.541306,0.347651,0.111042
2639,1,0.926296,0.024695,0.049008
2640,1,0.981891,0.004044,0.014066
2641,1,0.937307,0.053173,0.009520
2642,1,0.901165,0.080560,0.018274
2643,1,0.993481,0.000768,0.005751
2644,1,0.991929,0.000653,0.007418
2645,1,0.962958,0.000989,0.036052
2646,1,0.974594,0.001352,0.024054
2647,0,0.031503,0.030607,0.937890
2648,0,0.055509,0.134766,0.809725
2649,0,0.031743,0.117476,0.850781
2650,0,0.155152,0.001594,0.843255
2651,0,0.008650,0.005080,0.986270
2652,0,0.010890,0.006053,0.983057
2653,0,0.050825,0.256576,0.692598
2654,0,0.019523,0.090370,0.890106
2655,0,0.056657,0.328442,0.614901
2656,0,0.031607,0.203785,0.764608
2657,0,0.066825,0.605675,0.327500
2658,0,0.010800,0.083567,0.905633
2659,0,0.076386,0.377647,0.545967
2660,0,0.039081,0.132367,0.828552
2661,0,0.046999,0.257669,0.695332
2662,0,0.086329,0.174327,0.739344
2663,0,0.063310,0.508609,0.428081
2664,0,0.004042,0.016901,0.979057
2665,0,0.007594,0.031353,0.961054
2666,0,0.001310,0.005688,0.993002
2667,0,0.002545,0.000759,0.996696
2668,0,0.024289,0.003656,0.972055
2669,0,0.000946,0.004570,0.994483
2670,0,0.011034,0.124013,0.864953
2671,0,0.005943,0.065606,0.928451
2672,0,0.062091,0.035587,0.902322
2673,0,0.277665,0.003809,0.718526
2674,0,0.908080,0.001404,0.090516
2675,0,0.005009,0.035530,0.959461
2676,0,0.049123,0.471228,0.479649
2677,0,0.028831,0.902871,0.068298
2678,0,0.005533,0.028596,0.965871
2679,0,0.024956,0.885449,0.089594
2680,0,0.050966,0.888458,0.060576
2681,0,0.260005,0.009644,0.730352
2682,0,0.075767,0.068395,0.855838
2683,0,0.050056,0.001820,0.948124
2684,0,0.044672,0.004176,0.951152
2685,0,0.108156,0.661132,0.230712
2686,0,0.001956,0.001718,0.996327
2687,0,0.080441,0.584726,0.334833
2688,0,0.000627,0.000922,0.998452
2689,0,0.000439,0.000753,0.998808
2690,0,0.059472,0.308473,0.632054
2691,0,0.001410,0.006676,0.991914
2692,0,0.030737,0.038172,0.931092
2693,0,0.041719,0.353080,0.605200
2694,1,0.750389,0.001025,0.248586
2695,1,0.981443,0.001412,0.017145
2696,1,0.907405,0.011207,0.081387
2697,1,0.964833,0.006765,0.028402
2698,1,0.940504,0.013744,0.045753
2699,1,0.862485,0.002830,0.134685
2700,1,0.820097,0.002327,0.177575
2701,1,0.942060,0.003426,0.054515
2702,1,0.920580,0.002347,0.077073
2703,0,0.069401,0.561981,0.368619
2704,1,0.893334,0.007274,0.099391
2705,1,0.093962,0.852622,0.053416
2706,0,0.048815,0.567810,0.383375
2707,0,0.025105,0.327564,0.647331
2708,0,0.008582,0.001853,0.989565
2709,0,0.004340,0.001817,0.993843
2710,1,0.559900,0.027206,0.412894
2711,1,0.982109,0.000966,0.016926
2712,1,0.974194,0.001734,0.024072
2713,1,0.989873,0.001096,0.009031
2714,1,0.945808,0.025292,0.028900
2715,1,0.922253,0.025141,0.052607
2716,1,0.970412,0.009863,0.019724
2717,1,0.827948,0.053019,0.119033
2718,1,0.905388,0.076546,0.018065
2719,1,0.862337,0.121782,0.015880
2720,0,0.221561,0.467064,0.311375
2721,0,0.276286,0.630670,0.093044
2722,0,0.165150,0.495816,0.339033
2723,1,0.989288,0.004230,0.006482
2724,1,0.974655,0.013913,0.011432
2725,1,0.819992,0.085009,0.094999
2726,1,0.145926,0.039485,0.814588
2727,0,0.070311,0.001476,0.928213
2728,0,0.315914,0.022449,0.661638
2729,0,0.176308,0.506617,0.317074
2730,0,0.539761,0.002229,0.458010
2731,1,0.291423,0.001375,0.707202
2732,1,0.121966,0.303691,0.574343
2733,1,0.904484,0.000550,0.094966
2734,0,0.086236,0.480488,0.433276
2735,0,0.044287,0.924787,0.030926
2736,1,0.148278,0.515156,0.336566
2737,1,0.896072,0.097739,0.006189
2738,1,0.166115,0.490426,0.343460
2739,0,0.111795,0.100830,0.787374
2740,1,0.928871,0.000651,0.070478
2741,0,0.232172,0.356666,0.411162
2742,1,0.947930,0.048785,0.003285
2743,0,0.149813,0.664560,0.185626
2744,0,0.053902,0.611777,0.334321
2745,0,0.000486,0.000425,0.999088
2746,1,0.001516,0.000726,0.997757
2747,1,0.016006,0.021411,0.962583
2748,1,0.039125,0.088493,0.872381
2749,0,0.081308,0.016908,0.901784
2750,0,0.825646,0.011167,0.163186
2751,0,0.977004,0.002463,0.020533
2752,0,0.034483,0.083291,0.882226
2753,1,0.905129,0.027296,0.067575
2754,0,0.085482,0.008537,0.905980
2755,0,0.469570,0.004124,0.526307
2756,1,0.865037,0.003628,0.131335
2757,1,0.658962,0.004139,0.336899
2758,1,0.986297,0.001420,0.012283
2759,1,0.977209,0.001030,0.021761
2760,1,0.983332,0.001111,0.015557
2761,1,0.985385,0.000944,0.013670
2762,0,0.916197,0.048067,0.035735
2763,0,0.895004,0.090285,0.014711
2764,1,0.782966,0.007017,0.210017
2765,1,0.206282,0.607557,0.186161
2766,0,0.039272,0.118389,0.842338
2767,0,0.736993,0.042809,0.220198
2768,1,0.044400,0.219405,0.736195
2769,1,0.992770,0.000649,0.006582
2770,0,0.323851,0.641601,0.034549
2771,1,0.210553,0.619977,0.169470
2772,1,0.740662,0.118107,0.141231
2773,1,0.326805,0.115252,0.557943
2774,1,0.331483,0.020221,0.648296
2775,1,0.981005,0.004391,0.014605
2776,1,0.883843,0.074225,0.041932
2777,1,0.809004,0.001574,0.189421
2778,1,0.096227,0.000870,0.902903
2779,0,0.004160,0.001873,0.993966
2780,0,0.048720,0.625564,0.325716
2781,1,0.545866,0.440007,0.014127
2782,1,0.936156,0.001222,0.062622
2783,1,0.996386,0.001646,0.001968
2784,1,0.983903,0.001697,0.014400
2785,1,0.895132,0.007667,0.097201
2786,0,0.037158,0.834440,0.128402
2787,1,0.793757,0.001563,0.204679
2788,0,0.067513,0.011323,0.921164
2789,1,0.042966,0.002139,0.954894
2790,0,0.033401,0.000820,0.965780
2791,1,0.946304,0.001014,0.052681
2792,1,0.161258,0.004570,0.834173
2793,1,0.894173,0.092261,0.013566
2794,1,0.974226,0.002882,0.022892
2795,1,0.313565,0.000634,0.685801
2796,0,0.144207,0.745070,0.110723
2797,1,0.396652,0.005549,0.597799
2798,1,0.907643,0.005234,0.087123
2799,1,0.003394,0.001114,0.995492
2800,1,0.856094,0.133715,0.010191
2801,1,0.647626,0.002009,0.350365
2802,1,0.192375,0.038899,0.768726
2803,1,0.969575,0.001719,0.028706
2804,1,0.024650,0.001243,0.974107
2805,1,0.933535,0.052805,0.013660
2806,1,0.821586,0.002836,0.175578
2807,1,0.146199,0.440413,0.413389
2808,0,0.663125,0.063823,0.273052
2809,0,0.021384,0.896748,0.081868
2810,1,0.958135,0.000868,0.040997
2811,1,0.084728,0.166563,0.748710
2812,1,0.920946,0.002626,0.076428
2813,0,0.931301,0.001919,0.066780
2814,1,0.710854,0.139530,0.149616
2815,1,0.783663,0.159545,0.056791
2816,1,0.902892,0.048052,0.049056
2817,1,0.890206,0.013911,0.095883
2818,1,0.822809,0.001091,0.176100
2819,0,0.011400,0.141384,0.847216
2820,0,0.321513,0.637637,0.040850
2821,1,0.905261,0.000853,0.093886
2822,1,0.939777,0.012285,0.047939
2823,1,0.994783,0.001239,0.003978
2824,1,0.005953,0.010580,0.983467
2825,1,0.531481,0.043089,0.425429
2826,0,0.046903,0.066303,0.886793
2827,1,0.031662,0.022794,0.945544
2828,0,0.762407,0.183325,0.054268
2829,0,0.008314,0.002128,0.989558
2830,1,0.605293,0.348029,0.046678
2831,1,0.859942,0.005745,0.134313
2832,0,0.923584,0.002442,0.073975
2833,1,0.839488,0.000709,0.159802
2834,0,0.086176,0.011205,0.902619
2835,1,0.161201,0.014105,0.824694
2836,1,0.012912,0.002761,0.984327
2837,1,0.852571,0.001268,0.146162
2838,0,0.000702,0.001906,0.997392
2839,1,0.521587,0.404075,0.074338
2840,0,0.072558,0.139441,0.788001
2841,1,0.445804,0.023199,0.530996
2842,0,0.060730,0.164607,0.774663
2843,1,0.750683,0.024555,0.224762
2844,1,0.950035,0.046169,0.003795
2845,0,0.791354,0.007399,0.201247
2846,1,0.021060,0.106363,0.872577
2847,1,0.687199,0.291281,0.021520
2848,1,0.006522,0.004950,0.988527
2849,0,0.458558,0.002545,0.538896
2850,0,0.043720,0.228632,0.727648
2851,0,0.041501,0.542285,0.416213
2852,0,0.059297,0.025067,0.915636
2853,1,0.988562,0.008448,0.002989
2854,0,0.093844,0.834207,0.071949
2855,0,0.006778,0.000447,0.992775
2856,1,0.861903,0.129757,0.008339
2857,1,0.586591,0.345736,0.067673
2858,1,0.967119,0.021136,0.011745
2859,1,0.142901,0.704488,0.152611
2860,1,0.113188,0.000675,0.886137
2861,1,0.984599,0.010759,0.004642
2862,0,0.052016,0.884815,0.063169
2863,1,0.979552,0.001475,0.018973
2864,1,0.926585,0.010545,0.062870
2865,0,0.510019,0.046012,0.443969
2866,1,0.240346,0.163491,0.596163
2867,0,0.594864,0.036219,0.368916
2868,1,0.978920,0.007057,0.014023
2869,1,0.950160,0.001775,0.048065
2870,1,0.126371,0.134257,0.739371
2871,1,0.747100,0.217851,0.035049
2872,0,0.925400,0.000896,0.073704
2873,1,0.579963,0.002119,0.417918
2874,1,0.968444,0.019366,0.012190
2875,1,0.745809,0.010193,0.243997
2876,1,0.017806,0.001642,0.980552
2877,0,0.045655,0.001280,0.953065
2878,1,0.957051,0.000710,0.042240
2879,1,0.050022,0.244465,0.705514
2880,0,0.415045,0.001660,0.583295
2881,1,0.952888,0.001755,0.045358
2882,0,0.011821,0.006445,0.981734
2883,0,0.062291,0.098196,0.839513
2884,1,0.055286,0.857449,0.087265
2885,1,0.094570,0.600576,0.304854
2886,1,0.282417,0.632395,0.085188
2887,0,0.135923,0.002739,0.861338
2888,0,0.039360,0.082193,0.878447
2889,0,0.781994,0.015369,0.202636
2890,0,0.283866,0.061577,0.654557
2891,1,0.928997,0.023592,0.047412
2892,0,0.881877,0.000960,0.117163
2893,1,0.888440,0.099655,0.011905
2894,0,0.093677,0.055234,0.851089
2895,0,0.162804,0.004371,0.832825
2896,1,0.788666,0.198749,0.012584
2897,0,0.037566,0.210723,0.751711
2898,0,0.047330,0.029277,0.923393
2899,0,0.660712,0.001399,0.337889
2900,0,0.003534,0.000806,0.995660
2901,0,0.206194,0.005485,0.788321
2902,1,0.486595,0.465333,0.048071
2903,0,0.183368,0.748024,0.068608
2904,1,0.279159,0.341115,0.379726
2905,1,0.859757,0.009909,0.130334
2906,0,0.049460,0.506100,0.444440
2907,1,0.101064,0.350970,0.547967
2908,1,0.846169,0.002312,0.151519
2909,1,0.623024,0.000887,0.376090
2910,1,0.023536,0.135015,0.841449
2911,1,0.162745,0.741268,0.095987
2912,1,0.981765,0.000616,0.017619
2913,1,0.935090,0.000537,0.064373
2914,0,0.038941,0.603538,0.357521
2915,0,0.005469,0.000761,0.993770
2916,1,0.021751,0.000940,0.977309
2917,0,0.475205,0.001116,0.523679
2918,1,0.145495,0.536587,0.317918
2919,1,0.990276,0.007501,0.002223
2920,0,0.507063,0.038941,0.453995
2921,1,0.944373,0.040191,0.015436
2922,0,0.003505,0.001150,0.995344
2923,0,0.002406,0.001004,0.996590
2924,1,0.805739,0.019381,0.174879
2925,0,0.749216,0.070060,0.180723
2926,1,0.179484,0.375655,0.444861
2927,1,0.187872,0.000814,0.811314
2928,1,0.153120,0.004069,0.842811
2929,0,0.157994,0.487840,0.354166
2930,1,0.354567,0.068361,0.577072
2931,1,0.883344,0.001213,0.115443
2932,0,0.800761,0.007021,0.192218
2933,0,0.117941,0.701456,0.180602
2934,1,0.721022,0.242963,0.036015
2935,0,0.065679,0.127649,0.806672
2936,0,0.001606,0.000322,0.998072
2937,1,0.633594,0.001250,0.365155
2938,0,0.400177,0.191632,0.408191
2939,1,0.860282,0.000577,0.139142
2940,1,0.972691,0.001267,0.026042
2941,0,0.066629,0.510994,0.422377
2942,0,0.126624,0.853687,0.019689
2943,1,0.214098,0.492454,0.293448
2944,0,0.457680,0.151297,0.391023
2945,0,0.237486,0.002532,0.759982
2946,0,0.060753,0.747976,0.191270
2947,0,0.162231,0.040588,0.797181
2948,1,0.629173,0.267170,0.103656
2949,0,0.841971,0.028437,0.129592
2950,0,0.003146,0.006540,0.990314
2951,0,0.271551,0.339183,0.389267
2952,0,0.035504,0.369250,0.595246
2953,1,0.541742,0.008614,0.449644
2954,1,0.996138,0.001000,0.002862
2955,1,0.891997,0.070322,0.037680
2956,0,0.032917,0.624292,0.342791
2957,0,0.304161,0.116683,0.579156
2958,1,0.410023,0.006279,0.583698
2959,0,0.397815,0.003901,0.598284
2960,1,0.917259,0.000771,0.081970
2961,1,0.905090,0.045734,0.049177
2962,1,0.616792,0.361841,0.021368
2963,1,0.991453,0.005212,0.003335
2964,1,0.128625,0.267210,0.604165
2965,1,0.897195,0.051218,0.051587
2966,0,0.947649,0.002920,0.049431
2967,1,0.140678,0.744630,0.114692
2968,1,0.948002,0.044005,0.007993
2969,1,0.750346,0.226790,0.022863
2970,1,0.043791,0.011814,0.944395
2971,1,0.955152,0.039410,0.005438
2972,0,0.574159,0.149007,0.276834
2973,1,0.072369,0.000833,0.926798
2974,0,0.164853,0.013629,0.821518
2975,0,0.034972,0.317589,0.647439
2976,0,0.963394,0.006617,0.029988
2977,1,0.877555,0.118383,0.004063
2978,1,0.034519,0.006164,0.959316
2979,0,0.219488,0.003864,0.776648
2980,0,0.029390,0.001407,0.969202
2981,1,0.014438,0.026191,0.959371
2982,0,0.233180,0.411348,0.355472
2983,1,0.504398,0.008330,0.487272
2984,0,0.081486,0.001066,0.917448
2985,1,0.924689,0.070939,0.004373
2986,1,0.656191,0.008866,0.334943
2987,1,0.943310,0.047146,0.009545
2988,0,0.181800,0.499092,0.319108
2989,1,0.861692,0.120215,0.018093
2990,0,0.827608,0.118996,0.053397
2991,0,0.160824,0.023108,0.816068
2992,1,0.086441,0.033719,0.879840
2993,1,0.992121,0.004847,0.003032
2994,0,0.121389,0.360880,0.517731
2995,1,0.846910,0.000749,0.152340
2996,0,0.274367,0.197024,0.528609
2997,0,0.029757,0.603436,0.366808
2998,0,0.040408,0.811096,0.148496
2999,1,0.005091,0.005648,0.989261
