row_id,gold,p_hate,p_offensive,p_normal
0,1,0.013331,0.000110,0.986559
1,1,0.108892,0.121857,0.769251
2,1,0.000115,0.000096,0.999789
3,1,0.236295,0.000376,0.763328
4,0,0.000534,0.145229,0.854237
5,0,0.003784,0.000798,0.995418
6,0,0.000552,0.025857,0.973591
7,0,0.000709,0.000377,0.998914
8,0,0.038131,0.000186,0.961683
9,0,0.009255,0.000133,0.990613
10,1,0.997614,0.000164,0.002222
11,0,0.011983,0.000158,0.987859
12,1,0.968410,0.000318,0.031272
13,0,0.000173,0.000196,0.999631
14,0,0.973799,0.000233,0.025968
15,0,0.324793,0.025475,0.649733
16,1,0.947108,0.007346,0.045546
17,1,0.001550,0.005054,0.993396
18,0,0.000287,0.000064,0.999649
19,1,0.000880,0.000066,0.999054
20,1,0.002578,0.000061,0.997361
21,0,0.003368,0.000076,0.996556
22,0,0.000616,0.000039,0.999344
23,0,0.139509,0.633195,0.227296
24,1,0.731166,0.019860,0.248974
25,0,0.000464,0.000052,0.999484
26,0,0.000203,0.000158,0.999639
27,1,0.096609,0.000381,0.903010
28,1,0.738194,0.000756,0.261049
29,1,0.030700,0.028089,0.941210
30,1,0.024593,0.000177,0.975230
31,1,0.006136,0.000350,0.993514
32,1,0.034940,0.014960,0.950101
33,0,0.970142,0.000155,0.029703
34,1,0.000754,0.000084,0.999161
35,0,0.001048,0.000068,0.998885
36,1,0.263900,0.000967,0.735133
37,1,0.378180,0.003322,0.618498
38,0,0.366554,0.032820,0.600625
39,1,0.997267,0.002326,0.000407
40,1,0.033828,0.000318,0.965854
41,0,0.000275,0.000055,0.999670
42,0,0.482689,0.000363,0.516948
43,0,0.015631,0.001315,0.983054
44,1,0.000171,0.000052,0.999778
45,0,0.253753,0.041652,0.704595
46,0,0.034382,0.066420,0.899198
47,0,0.023983,0.000188,0.975829
48,1,0.789898,0.001002,0.209100
49,0,0.548721,0.005052,0.446227
50,1,0.527156,0.000531,0.472312
51,0,0.003430,0.000131,0.996439
52,0,0.000509,0.000051,0.999440
53,0,0.000181,0.000243,0.999576
54,0,0.016327,0.000425,0.983248
55,1,0.000329,0.000156,0.999514
56,0,0.000097,0.000109,0.999794
57,1,0.994284,0.000242,0.005474
58,1,0.190975,0.000544,0.808481
59,0,0.000743,0.000048,0.999210
60,0,0.000159,0.000072,0.999768
61,1,0.981348,0.000572,0.018079
62,1,0.463570,0.001073,0.535357
63,0,0.000183,0.000087,0.999730
64,1,0.986459,0.000386,0.013155
65,1,0.979343,0.000388,0.020270
66,1,0.000441,0.000088,0.999470
67,1,0.115091,0.009053,0.875856
68,0,0.000237,0.000132,0.999630
69,1,0.991013,0.000247,0.008739
70,0,0.001032,0.000066,0.998902
71,1,0.003167,0.000105,0.996729
72,0,0.000192,0.000075,0.999733
73,0,0.025398,0.000333,0.974269
74,0,0.697720,0.000274,0.302007
75,0,0.261125,0.000627,0.738248
76,0,0.000231,0.000078,0.999691
77,1,0.988850,0.000286,0.010864
78,0,0.003512,0.000244,0.996244
79,0,0.000133,0.000091,0.999776
80,1,0.001678,0.000096,0.998226
81,0,0.000300,0.000242,0.999458
82,1,0.997398,0.001550,0.001052
83,0,0.116758,0.000449,0.882793
84,1,0.998827,0.000152,0.001021
85,1,0.141903,0.000509,0.857588
86,0,0.000148,0.000057,0.999796
87,0,0.005813,0.000112,0.994076
88,1,0.283453,0.000346,0.716201
89,0,0.000211,0.000090,0.999700
90,0,0.000178,0.000081,0.999740
91,1,0.025191,0.000198,0.974611
92,1,0.004631,0.127492,0.867877
93,1,0.954402,0.000998,0.044601
94,0,0.000521,0.000226,0.999253
95,1,0.000582,0.000184,0.999233
96,0,0.000111,0.000107,0.999781
97,1,0.996802,0.000237,0.002961
98,1,0.000563,0.000048,0.999388
99,1,0.010678,0.716609,0.272713
100,0,0.000354,0.000130,0.999516
101,0,0.002493,0.000084,0.997422
102,0,0.000376,0.000132,0.999492
103,1,0.077814,0.000638,0.921548
104,1,0.000844,0.000067,0.999089
105,1,0.812820,0.143987,0.043193
106,1,0.263900,0.000967,0.735133
107,1,0.961470,0.000405,0.038125
108,0,0.000122,0.000185,0.999692
109,0,0.382385,0.000247,0.617368
110,0,0.001171,0.000126,0.998703
111,1,0.088883,0.000287,0.910830
112,0,0.000147,0.000077,0.999775
113,0,0.001673,0.000399,0.997927
114,0,0.020086,0.001674,0.978240
115,1,0.983948,0.000204,0.015848
116,0,0.003373,0.339509,0.657118
117,0,0.000211,0.000057,0.999733
118,0,0.650653,0.039947,0.309399
119,1,0.306102,0.466231,0.227667
120,1,0.998846,0.000311,0.000843
121,0,0.000165,0.000081,0.999754
122,0,0.003604,0.000077,0.996319
123,1,0.003679,0.000122,0.996199
124,1,0.000398,0.387086,0.612515
125,0,0.000531,0.688187,0.311282
126,0,0.000142,0.000086,0.999772
127,1,0.977129,0.000423,0.022448
128,1,0.000681,0.001823,0.997495
129,1,0.994469,0.000159,0.005372
130,1,0.007526,0.000113,0.992361
131,1,0.000466,0.000048,0.999486
132,0,0.244533,0.000346,0.755121
133,0,0.000210,0.000419,0.999371
134,0,0.000337,0.001803,0.997860
135,1,0.003906,0.000150,0.995944
136,1,0.000663,0.000150,0.999186
137,0,0.000235,0.000117,0.999648
138,1,0.946326,0.000654,0.053020
139,0,0.009189,0.000089,0.990722
140,0,0.000820,0.000058,0.999122
141,0,0.073970,0.000351,0.925679
142,1,0.000242,0.000053,0.999706
143,0,0.000338,0.000188,0.999474
144,1,0.073579,0.000253,0.926168
145,0,0.000149,0.000712,0.999139
146,1,0.651381,0.000470,0.348149
147,0,0.004386,0.000156,0.995458
148,0,0.000234,0.000046,0.999721
149,0,0.093350,0.000181,0.906468
150,1,0.019530,0.000143,0.980327
151,0,0.000369,0.000085,0.999546
152,0,0.859750,0.000851,0.139399
153,0,0.302691,0.000538,0.696771
154,0,0.001087,0.000078,0.998835
155,1,0.009000,0.000224,0.990776
156,1,0.991426,0.000223,0.008351
157,1,0.000690,0.000070,0.999241
158,1,0.033062,0.455168,0.511770
159,0,0.001299,0.000092,0.998609
160,1,0.989087,0.000312,0.010601
161,0,0.000432,0.001663,0.997905
162,1,0.000613,0.000173,0.999215
163,1,0.000135,0.000089,0.999776
164,1,0.002068,0.000085,0.997847
165,0,0.003486,0.000164,0.996350
166,0,0.872324,0.000466,0.127210
167,0,0.000263,0.000055,0.999682
168,0,0.004552,0.000064,0.995384
169,1,0.992338,0.000444,0.007218
170,0,0.340839,0.079819,0.579342
171,0,0.000148,0.000095,0.999757
172,0,0.000362,0.000052,0.999586
173,0,0.000120,0.000096,0.999784
174,1,0.002075,0.000361,0.997564
175,0,0.000447,0.000217,0.999336
176,0,0.000867,0.000060,0.999073
177,0,0.118125,0.000306,0.881569
178,1,0.001034,0.000070,0.998896
179,0,0.002238,0.000072,0.997690
180,0,0.000260,0.000084,0.999656
181,1,0.528861,0.444619,0.026520
182,0,0.002122,0.000084,0.997794
183,0,0.000349,0.000080,0.999571
184,0,0.000578,0.001754,0.997667
185,0,0.001719,0.000096,0.998185
186,0,0.000290,0.000069,0.999641
187,1,0.987006,0.000733,0.012260
188,0,0.002129,0.000108,0.997763
189,0,0.998889,0.000243,0.000868
190,0,0.991976,0.000258,0.007766
191,0,0.000332,0.000059,0.999609
192,0,0.004864,0.000177,0.994960
193,0,0.000210,0.000046,0.999744
194,0,0.000155,0.000070,0.999775
195,0,0.269159,0.000266,0.730575
196,0,0.000251,0.000085,0.999664
197,1,0.868080,0.002006,0.129913
198,0,0.889170,0.000271,0.110559
199,0,0.039562,0.000143,0.960296
200,0,0.009162,0.000160,0.990678
201,0,0.000431,0.000082,0.999488
202,0,0.000895,0.000060,0.999045
203,0,0.001328,0.000050,0.998622
204,0,0.000319,0.000055,0.999627
205,0,0.000927,0.000062,0.999011
206,1,0.000429,0.000063,0.999509
207,1,0.976422,0.000429,0.023149
208,1,0.008890,0.032185,0.958926
209,1,0.012639,0.001981,0.985380
210,0,0.852863,0.000390,0.146747
211,1,0.193419,0.022283,0.784297
212,1,0.189573,0.023204,0.787223
213,1,0.930345,0.000569,0.069086
214,1,0.980466,0.000385,0.019149
215,1,0.445101,0.546890,0.008009
216,1,0.015921,0.000306,0.983773
217,1,0.000437,0.000077,0.999485
218,1,0.999233,0.000271,0.000496
219,1,0.012639,0.001981,0.985380
220,1,0.340265,0.000452,0.659283
221,1,0.002037,0.000108,0.997855
222,1,0.012639,0.001981,0.985380
223,1,0.320733,0.203483,0.475784
224,1,0.385921,0.000267,0.613812
225,1,0.012639,0.001981,0.985380
226,1,0.228224,0.000641,0.771136
227,1,0.012639,0.001981,0.985380
228,1,0.003253,0.481040,0.515706
229,1,0.002212,0.000154,0.997634
230,1,0.077430,0.000174,0.922396
231,1,0.007928,0.000114,0.991958
232,1,0.012639,0.001981,0.985380
233,1,0.001918,0.000103,0.997980
234,1,0.001878,0.000670,0.997451
235,1,0.001142,0.000115,0.998743
236,1,0.015028,0.010911,0.974061
237,1,0.996346,0.000179,0.003475
238,1,0.012639,0.001981,0.985380
239,1,0.998360,0.001257,0.000383
240,1,0.224505,0.001063,0.774432
241,1,0.005173,0.000078,0.994749
242,1,0.987069,0.000744,0.012187
243,1,0.998030,0.000323,0.001648
244,1,0.005109,0.878199,0.116692
245,1,0.085054,0.000306,0.914640
246,1,0.049724,0.001030,0.949246
247,1,0.170896,0.439280,0.389824
248,1,0.996562,0.002054,0.001384
249,1,0.003991,0.000507,0.995502
250,1,0.546633,0.000387,0.452980
251,1,0.002582,0.000300,0.997118
252,1,0.736956,0.000844,0.262200
253,1,0.218258,0.022445,0.759296
254,0,0.000146,0.000070,0.999784
255,1,0.004300,0.000333,0.995366
256,1,0.000131,0.000087,0.999782
257,1,0.000620,0.000084,0.999295
258,0,0.000218,0.000067,0.999714
259,1,0.708032,0.000301,0.291668
260,1,0.979967,0.000223,0.019810
261,0,0.000212,0.000066,0.999722
262,0,0.000959,0.000085,0.998956
263,1,0.048758,0.002516,0.948727
264,1,0.006987,0.000296,0.992718
265,1,0.002469,0.004023,0.993508
266,0,0.984567,0.000141,0.015293
267,1,0.001786,0.000076,0.998137
268,1,0.987717,0.000212,0.012072
269,1,0.051908,0.000941,0.947151
270,0,0.000608,0.000126,0.999266
271,1,0.016659,0.000164,0.983177
272,0,0.184453,0.000323,0.815224
273,0,0.001800,0.000141,0.998059
274,0,0.000755,0.000047,0.999198
275,0,0.000423,0.000065,0.999512
276,1,0.063358,0.001304,0.935339
277,0,0.000200,0.000130,0.999670
278,1,0.000815,0.000071,0.999114
279,1,0.999191,0.000289,0.000520
280,1,0.995385,0.000230,0.004384
281,0,0.000261,0.000164,0.999574
282,0,0.001665,0.000051,0.998284
283,1,0.000661,0.000130,0.999209
284,0,0.003501,0.000803,0.995696
285,1,0.003094,0.000128,0.996778
286,1,0.273497,0.122826,0.603677
287,0,0.832570,0.000782,0.166648
288,0,0.001546,0.000080,0.998374
289,1,0.977859,0.001597,0.020544
290,0,0.897100,0.000238,0.102662
291,0,0.002073,0.000056,0.997871
292,0,0.000455,0.000212,0.999334
293,0,0.001521,0.000074,0.998405
294,1,0.000236,0.000998,0.998765
295,0,0.003158,0.021948,0.974894
296,0,0.000288,0.000509,0.999203
297,0,0.000498,0.000209,0.999293
298,1,0.006743,0.000213,0.993044
299,0,0.000446,0.000069,0.999485
300,1,0.002019,0.000423,0.997558
301,1,0.001377,0.000055,0.998568
302,0,0.000383,0.000115,0.999502
303,1,0.997486,0.000724,0.001790
304,1,0.001430,0.000430,0.998140
305,1,0.483210,0.095133,0.421657
306,0,0.002013,0.000070,0.997917
307,0,0.002174,0.000162,0.997665
308,1,0.999009,0.000388,0.000604
309,0,0.000554,0.592711,0.406736
310,1,0.997867,0.000419,0.001713
311,0,0.998813,0.000245,0.000942
312,1,0.022823,0.722189,0.254988
313,1,0.002295,0.000065,0.997640
314,1,0.034745,0.000271,0.964984
315,0,0.000175,0.000064,0.999762
316,0,0.929251,0.000497,0.070252
317,0,0.000117,0.000206,0.999677
318,1,0.000283,0.000072,0.999646
319,0,0.000115,0.000079,0.999806
320,1,0.985277,0.001019,0.013704
321,0,0.000151,0.000068,0.999781
322,0,0.018701,0.000102,0.981197
323,1,0.765486,0.004375,0.230139
324,0,0.001334,0.000087,0.998579
325,0,0.159493,0.002174,0.838333
326,1,0.321273,0.311569,0.367158
327,1,0.002492,0.000107,0.997401
328,0,0.001182,0.574557,0.424261
329,1,0.997015,0.002101,0.000884
330,1,0.487575,0.477854,0.034571
331,1,0.992099,0.000397,0.007503
332,1,0.893202,0.000349,0.106449
333,0,0.000549,0.000093,0.999358
334,1,0.009308,0.000247,0.990445
335,0,0.000235,0.000053,0.999711
336,0,0.000165,0.000093,0.999742
337,1,0.238684,0.000456,0.760860
338,0,0.986495,0.000180,0.013325
339,0,0.001780,0.022678,0.975542
340,0,0.000278,0.000059,0.999663
341,1,0.986969,0.000327,0.012704
342,1,0.947903,0.000250,0.051846
343,0,0.000144,0.000107,0.999749
344,0,0.000402,0.000156,0.999443
345,0,0.001792,0.000046,0.998161
346,0,0.307643,0.008275,0.684082
347,1,0.005862,0.000079,0.994058
348,0,0.008533,0.000090,0.991376
349,0,0.896904,0.002805,0.100291
350,1,0.997333,0.000251,0.002416
351,0,0.001421,0.000070,0.998508
352,1,0.000643,0.000085,0.999272
353,0,0.000117,0.000079,0.999804
354,0,0.003189,0.575443,0.421368
355,1,0.004745,0.000125,0.995130
356,0,0.000466,0.000134,0.999400
357,0,0.000202,0.000105,0.999693
358,0,0.000136,0.000096,0.999768
359,0,0.000228,0.000105,0.999667
360,0,0.000657,0.047873,0.951470
361,0,0.000344,0.000075,0.999580
362,1,0.006617,0.004801,0.988581
363,0,0.007384,0.000149,0.992467
364,1,0.960162,0.000207,0.039631
365,1,0.000755,0.000073,0.999173
366,0,0.016911,0.261798,0.721291
367,1,0.461078,0.000409,0.538513
368,1,0.998967,0.000480,0.000553
369,1,0.998531,0.000199,0.001270
370,1,0.997333,0.001004,0.001663
371,1,0.993609,0.000218,0.006174
372,0,0.000620,0.000044,0.999336
373,1,0.993393,0.000202,0.006405
374,0,0.673963,0.001034,0.325003
375,1,0.000946,0.000057,0.998997
376,1,0.067408,0.234090,0.698501
377,0,0.001410,0.000057,0.998533
378,0,0.000106,0.000097,0.999797
379,0,0.000124,0.000095,0.999781
380,1,0.999296,0.000450,0.000255
381,0,0.000352,0.000065,0.999583
382,0,0.007637,0.001589,0.990774
383,1,0.936087,0.008286,0.055628
384,0,0.001153,0.000100,0.998747
385,0,0.001625,0.000127,0.998248
386,0,0.002171,0.000073,0.997756
387,0,0.000126,0.000297,0.999577
388,0,0.000250,0.000081,0.999669
389,0,0.000339,0.000139,0.999522
390,0,0.001453,0.000203,0.998344
391,0,0.001024,0.000115,0.998861
392,1,0.992197,0.000198,0.007605
393,1,0.000355,0.000116,0.999530
394,1,0.003038,0.000232,0.996730
395,1,0.968286,0.000390,0.031324
396,1,0.016206,0.000195,0.983599
397,1,0.997612,0.000138,0.002250
398,1,0.016068,0.002671,0.981261
399,1,0.973669,0.001963,0.024368
400,1,0.008423,0.001271,0.990307
401,1,0.000675,0.000104,0.999222
402,1,0.082569,0.000302,0.917130
403,0,0.423970,0.000737,0.575292
404,1,0.000811,0.000103,0.999086
405,1,0.044001,0.212016,0.743984
406,1,0.998745,0.000162,0.001092
407,1,0.998188,0.000337,0.001475
408,1,0.061353,0.000330,0.938317
409,1,0.000116,0.000183,0.999701
410,0,0.002433,0.000118,0.997450
411,1,0.011218,0.000134,0.988649
412,0,0.021129,0.000097,0.978774
413,0,0.000118,0.000086,0.999796
414,1,0.006675,0.000335,0.992989
415,0,0.000435,0.000068,0.999497
416,0,0.000128,0.000098,0.999774
417,1,0.999175,0.000252,0.000573
418,1,0.416963,0.560983,0.022054
419,0,0.000199,0.000060,0.999740
420,1,0.099885,0.674443,0.225672
421,0,0.994575,0.000274,0.005151
422,1,0.002207,0.000104,0.997690
423,1,0.109017,0.824019,0.066964
424,1,0.000765,0.000094,0.999141
425,1,0.997590,0.000218,0.002192
426,1,0.000260,0.000080,0.999660
427,0,0.000303,0.000119,0.999579
428,1,0.000659,0.000060,0.999281
429,1,0.573160,0.001175,0.425665
430,0,0.000246,0.000076,0.999678
431,0,0.000139,0.000098,0.999763
432,0,0.000326,0.000059,0.999614
433,0,0.000672,0.000048,0.999280
434,0,0.358207,0.000689,0.641104
435,0,0.018947,0.000324,0.980729
436,0,0.907867,0.001195,0.090938
437,0,0.000147,0.000083,0.999770
438,0,0.000320,0.000079,0.999601
439,1,0.942690,0.000178,0.057131
440,0,0.000818,0.007500,0.991682
441,0,0.287370,0.000719,0.711911
442,1,0.964810,0.001513,0.033677
443,0,0.000813,0.000074,0.999113
444,0,0.000578,0.000058,0.999364
445,0,0.245108,0.000382,0.754510
446,0,0.000890,0.000070,0.999040
447,1,0.998762,0.000406,0.000832
448,0,0.010626,0.000132,0.989242
449,1,0.870526,0.002895,0.126579
450,0,0.002068,0.000089,0.997843
451,0,0.000251,0.000074,0.999675
452,1,0.971429,0.004915,0.023656
453,0,0.000150,0.000069,0.999782
454,1,0.000515,0.006996,0.992489
455,0,0.000460,0.000086,0.999454
456,1,0.028972,0.001683,0.969346
457,0,0.000163,0.000219,0.999618
458,1,0.992666,0.000748,0.006586
459,0,0.000224,0.000057,0.999719
460,0,0.001635,0.000118,0.998247
461,0,0.000427,0.000039,0.999534
462,0,0.000194,0.000076,0.999730
463,1,0.984347,0.013561,0.002092
464,1,0.686286,0.247486,0.066227
465,1,0.995980,0.000328,0.003692
466,1,0.997488,0.001883,0.000629
467,0,0.991440,0.000224,0.008336
468,0,0.000533,0.000056,0.999411
469,1,0.998774,0.000247,0.000979
470,1,0.375447,0.001845,0.622709
471,1,0.986422,0.000272,0.013306
472,1,0.993637,0.000300,0.006063
473,0,0.153041,0.000183,0.846776
474,1,0.000546,0.000047,0.999407
475,0,0.000293,0.000057,0.999650
476,1,0.170119,0.801454,0.028427
477,0,0.000528,0.001278,0.998194
478,0,0.012226,0.000097,0.987677
479,1,0.048096,0.303490,0.648414
480,1,0.994887,0.004806,0.000307
481,0,0.001918,0.000103,0.997980
482,0,0.017190,0.398273,0.584537
483,0,0.000916,0.000097,0.998987
484,1,0.990816,0.001313,0.007871
485,0,0.188226,0.000171,0.811603
486,1,0.998803,0.000334,0.000863
487,1,0.100769,0.173775,0.725456
488,1,0.563699,0.000333,0.435968
489,0,0.011760,0.000242,0.987998
490,0,0.000478,0.000097,0.999424
491,0,0.000307,0.000064,0.999629
492,1,0.930950,0.003977,0.065074
493,0,0.711231,0.000641,0.288129
494,0,0.102274,0.000219,0.897507
495,0,0.000161,0.000070,0.999769
496,1,0.000324,0.000083,0.999593
497,0,0.000114,0.000097,0.999790
498,0,0.000119,0.000084,0.999797
499,0,0.008291,0.000102,0.991607
500,0,0.001822,0.000117,0.998061
501,0,0.000317,0.000069,0.999615
502,0,0.000418,0.000044,0.999538
503,0,0.000227,0.000067,0.999705
504,1,0.892125,0.000637,0.107239
505,0,0.001135,0.000115,0.998750
506,1,0.007923,0.000084,0.991993
507,1,0.000213,0.000280,0.999507
508,1,0.013814,0.000285,0.985901
509,1,0.621153,0.140379,0.238468
510,1,0.971017,0.000737,0.028246
511,0,0.000494,0.000079,0.999427
512,0,0.002141,0.000062,0.997797
513,0,0.998139,0.000194,0.001667
514,1,0.000392,0.000069,0.999540
515,1,0.994783,0.000275,0.004942
516,1,0.001530,0.000165,0.998305
517,0,0.393622,0.000712,0.605666
518,1,0.682124,0.298945,0.018930
519,1,0.968940,0.000290,0.030770
520,1,0.000912,0.000063,0.999025
521,1,0.996464,0.000153,0.003382
522,1,0.191372,0.002554,0.806074
523,0,0.000382,0.000071,0.999547
524,1,0.000733,0.000098,0.999170
525,0,0.350553,0.000381,0.649066
526,1,0.831689,0.000398,0.167914
527,1,0.020052,0.003226,0.976722
528,1,0.001569,0.000459,0.997972
529,1,0.955121,0.001400,0.043480
530,0,0.997556,0.000144,0.002300
531,0,0.000188,0.000107,0.999705
532,1,0.476384,0.002755,0.520861
533,1,0.009857,0.000165,0.989979
534,0,0.000193,0.000095,0.999712
535,1,0.001565,0.003119,0.995316
536,1,0.998723,0.000498,0.000779
537,0,0.006367,0.000803,0.992830
538,0,0.029247,0.000112,0.970641
539,0,0.808391,0.000352,0.191257
540,1,0.993994,0.000272,0.005734
541,1,0.000583,0.298632,0.700785
542,1,0.991646,0.000496,0.007858
543,1,0.000933,0.673838,0.325228
544,1,0.046251,0.004005,0.949743
545,0,0.000239,0.008567,0.991194
546,1,0.432572,0.000540,0.566888
547,0,0.063575,0.001705,0.934720
548,0,0.000159,0.000226,0.999615
549,0,0.879467,0.000195,0.120338
550,0,0.021154,0.000314,0.978531
551,0,0.000480,0.000050,0.999470
552,1,0.193573,0.000444,0.805983
553,1,0.003129,0.000068,0.996803
554,1,0.973321,0.000323,0.026356
555,0,0.001027,0.000050,0.998923
556,0,0.000419,0.000128,0.999453
557,0,0.000868,0.000099,0.999033
558,1,0.001124,0.000167,0.998709
559,0,0.000621,0.000119,0.999260
560,0,0.995326,0.000281,0.004393
561,0,0.000424,0.000079,0.999497
562,0,0.460592,0.001259,0.538150
563,1,0.169876,0.001574,0.828550
564,1,0.001506,0.000053,0.998442
565,1,0.668775,0.254736,0.076490
566,1,0.012938,0.000200,0.986862
567,1,0.000265,0.000069,0.999665
568,0,0.002977,0.000127,0.996896
569,1,0.811983,0.000385,0.187632
570,0,0.000330,0.000054,0.999615
571,1,0.045708,0.000221,0.954071
572,0,0.000129,0.000084,0.999787
573,1,0.964039,0.033286,0.002674
574,0,0.052308,0.000737,0.946955
575,1,0.968131,0.000360,0.031510
576,0,0.000171,0.000094,0.999735
577,0,0.022529,0.005492,0.971979
578,1,0.053355,0.762590,0.184054
579,0,0.365251,0.000486,0.634263
580,0,0.897410,0.000316,0.102274
581,1,0.993788,0.000401,0.005812
582,1,0.073829,0.000538,0.925633
583,1,0.988794,0.000207,0.010999
584,1,0.514804,0.022258,0.462938
585,1,0.619238,0.000365,0.380397
586,0,0.006562,0.000859,0.992579
587,1,0.230049,0.000450,0.769501
588,0,0.003861,0.000065,0.996074
589,0,0.000436,0.000051,0.999513
590,1,0.231224,0.000548,0.768228
591,1,0.002088,0.000203,0.997708
592,1,0.825619,0.046892,0.127489
593,0,0.020533,0.000429,0.979039
594,1,0.085060,0.879147,0.035793
595,1,0.299465,0.530414,0.170121
596,1,0.115641,0.725178,0.159182
597,0,0.000647,0.000051,0.999302
598,0,0.000362,0.000054,0.999584
599,0,0.001821,0.000089,0.998091
600,0,0.003906,0.000112,0.995982
601,0,0.196183,0.000859,0.802958
602,1,0.998464,0.000285,0.001252
603,0,0.001458,0.000072,0.998470
604,0,0.003215,0.000052,0.996733
605,1,0.194410,0.000513,0.805077
606,0,0.000301,0.000083,0.999616
607,1,0.071664,0.000246,0.928090
608,1,0.972466,0.000760,0.026774
609,0,0.859676,0.000285,0.140039
610,0,0.098040,0.001190,0.900770
611,1,0.000468,0.000124,0.999409
612,0,0.000717,0.000075,0.999208
613,1,0.000621,0.000129,0.999251
614,0,0.000333,0.000174,0.999493
615,0,0.001171,0.000051,0.998778
616,1,0.994440,0.000216,0.005344
617,0,0.000239,0.000071,0.999690
618,0,0.000119,0.000081,0.999800
619,0,0.027342,0.001194,0.971464
620,1,0.977600,0.000309,0.022091
621,1,0.026985,0.013310,0.959705
622,1,0.006759,0.000116,0.993125
623,1,0.782697,0.212330,0.004973
624,0,0.998944,0.000226,0.000830
625,1,0.009399,0.000061,0.990540
626,1,0.123705,0.832996,0.043299
627,0,0.548896,0.000396,0.450709
628,1,0.997419,0.000126,0.002456
629,1,0.455450,0.000297,0.544253
630,0,0.000186,0.000062,0.999752
631,0,0.000887,0.000123,0.998990
632,1,0.003127,0.000075,0.996798
633,1,0.000447,0.000078,0.999475
634,0,0.035220,0.000491,0.964289
635,0,0.926846,0.000202,0.072952
636,0,0.000474,0.000555,0.998971
637,0,0.364230,0.007672,0.628099
638,0,0.001495,0.000102,0.998403
639,1,0.981348,0.004239,0.014414
640,0,0.000201,0.000056,0.999743
641,1,0.978895,0.000516,0.020589
642,1,0.066220,0.846524,0.087256
643,1,0.959746,0.000312,0.039942
644,1,0.998384,0.000405,0.001210
645,1,0.002483,0.000093,0.997424
646,1,0.967220,0.000281,0.032500
647,1,0.191244,0.000319,0.808438
648,0,0.003527,0.000077,0.996396
649,0,0.368745,0.001483,0.629772
650,0,0.000352,0.000101,0.999547
651,0,0.031790,0.000143,0.968067
652,1,0.004733,0.000081,0.995186
653,1,0.054570,0.000906,0.944525
654,0,0.000259,0.000051,0.999690
655,0,0.004699,0.000107,0.995193
656,0,0.850742,0.045698,0.103559
657,1,0.000327,0.005732,0.993942
658,1,0.000418,0.006532,0.993050
659,1,0.080091,0.000332,0.919577
660,0,0.001927,0.000089,0.997984
661,0,0.000416,0.000226,0.999358
662,1,0.000120,0.000101,0.999779
663,1,0.353306,0.002608,0.644086
664,0,0.900970,0.000261,0.098769
665,1,0.964683,0.001085,0.034231
666,1,0.009185,0.006234,0.984581
667,0,0.000190,0.000059,0.999751
668,0,0.326590,0.001508,0.671902
669,0,0.064259,0.000117,0.935624
670,0,0.846383,0.000322,0.153295
671,1,0.996188,0.000390,0.003422
672,1,0.946747,0.000284,0.052969
673,0,0.000258,0.000055,0.999687
674,0,0.831842,0.000532,0.167626
675,0,0.882148,0.000291,0.117561
676,0,0.004672,0.000102,0.995226
677,1,0.989030,0.009067,0.001903
678,0,0.000631,0.000119,0.999249
679,0,0.011920,0.000132,0.987948
680,1,0.002242,0.000083,0.997675
681,1,0.112722,0.001556,0.885722
682,0,0.000210,0.000151,0.999640
683,0,0.576804,0.000709,0.422487
684,0,0.765588,0.000336,0.234076
685,1,0.625247,0.000483,0.374271
686,1,0.014784,0.000121,0.985095
687,0,0.001279,0.000080,0.998641
688,0,0.000211,0.000082,0.999708
689,0,0.868867,0.000388,0.130746
690,0,0.245141,0.000397,0.754461
691,0,0.000287,0.000083,0.999630
692,0,0.025174,0.000182,0.974644
693,1,0.004660,0.000080,0.995259
694,1,0.005182,0.000442,0.994377
695,0,0.188310,0.000861,0.810830
696,0,0.002331,0.000062,0.997606
697,0,0.354544,0.000571,0.644885
698,1,0.990692,0.000137,0.009171
699,1,0.943391,0.000328,0.056281
700,0,0.000262,0.000051,0.999688
701,1,0.000149,0.000084,0.999768
702,0,0.474505,0.002710,0.522785
703,0,0.014678,0.000196,0.985126
704,1,0.999080,0.000485,0.000435
705,0,0.003287,0.000156,0.996557
706,0,0.000703,0.000075,0.999222
707,0,0.000308,0.000081,0.999612
708,1,0.997922,0.000257,0.001821
709,1,0.866870,0.000342,0.132788
710,0,0.974647,0.000278,0.025076
711,0,0.000248,0.005766,0.993986
712,1,0.899453,0.000416,0.100132
713,1,0.001691,0.000117,0.998192
714,1,0.731804,0.008511,0.259686
715,0,0.003039,0.000131,0.996831
716,0,0.652952,0.000889,0.346159
717,0,0.997116,0.000492,0.002392
718,1,0.001484,0.000134,0.998382
719,1,0.847380,0.000371,0.152249
720,1,0.972342,0.001135,0.026524
721,0,0.959903,0.000491,0.039606
722,0,0.001843,0.000185,0.997971
723,1,0.001414,0.000105,0.998481
724,0,0.000287,0.000540,0.999173
725,1,0.999099,0.000546,0.000356
726,1,0.029511,0.000128,0.970361
727,1,0.169757,0.000579,0.829664
728,1,0.000354,0.000188,0.999458
729,1,0.997886,0.000260,0.001854
730,1,0.743348,0.000400,0.256252
731,1,0.523437,0.000643,0.475920
732,1,0.974267,0.000208,0.025525
733,1,0.003978,0.000129,0.995893
734,1,0.998054,0.000597,0.001349
735,1,0.000367,0.000082,0.999551
736,0,0.000124,0.000095,0.999782
737,0,0.985360,0.000222,0.014418
738,0,0.011627,0.000291,0.988083
739,1,0.681988,0.000562,0.317450
740,1,0.627768,0.000681,0.371551
741,1,0.001151,0.000106,0.998743
742,1,0.991789,0.007775,0.000436
743,1,0.991373,0.000246,0.008381
744,1,0.687653,0.000536,0.311811
745,0,0.004443,0.000184,0.995373
746,0,0.000150,0.000361,0.999489
747,1,0.909382,0.000308,0.090310
748,1,0.047663,0.875086,0.077250
749,0,0.100965,0.000258,0.898777
750,0,0.000523,0.000103,0.999375
751,0,0.332343,0.000454,0.667203
752,1,0.284223,0.002970,0.712807
753,0,0.000179,0.000121,0.999700
754,0,0.582242,0.000787,0.416971
755,0,0.000333,0.000075,0.999591
756,0,0.067530,0.000230,0.932239
757,0,0.000172,0.000087,0.999742
758,0,0.004714,0.000224,0.995061
759,0,0.000734,0.000053,0.999214
760,1,0.971698,0.001003,0.027299
761,1,0.444374,0.009513,0.546114
762,0,0.000511,0.000086,0.999404
763,0,0.427898,0.001210,0.570892
764,0,0.000254,0.000118,0.999627
765,0,0.018875,0.000232,0.980893
766,0,0.039185,0.000215,0.960600
767,1,0.998330,0.000216,0.001454
768,1,0.982361,0.000173,0.017466
769,0,0.000619,0.000070,0.999311
770,0,0.000360,0.000067,0.999574
771,1,0.000113,0.000089,0.999798
772,1,0.000554,0.000579,0.998867
773,0,0.002900,0.000131,0.996969
774,0,0.000368,0.000056,0.999576
775,0,0.001271,0.000352,0.998377
776,0,0.000184,0.000072,0.999744
777,0,0.000561,0.000061,0.999378
778,1,0.974010,0.000319,0.025671
779,0,0.000133,0.000107,0.999760
780,1,0.769146,0.003802,0.227052
781,0,0.000130,0.000123,0.999747
782,0,0.063050,0.001702,0.935248
783,0,0.285751,0.002497,0.711752
784,0,0.841437,0.000439,0.158123
785,0,0.003919,0.000107,0.995974
786,1,0.002925,0.159628,0.837448
787,0,0.984079,0.000258,0.015663
788,1,0.995932,0.003668,0.000400
789,1,0.980582,0.007204,0.012214
790,1,0.569324,0.411400,0.019276
791,1,0.124974,0.002789,0.872237
792,0,0.998195,0.000162,0.001643
793,1,0.997212,0.000126,0.002663
794,0,0.963752,0.004612,0.031636
795,1,0.993870,0.000367,0.005763
796,1,0.080159,0.000479,0.919362
797,0,0.000266,0.000074,0.999661
798,0,0.000331,0.000077,0.999592
799,1,0.000638,0.000169,0.999193
800,0,0.001731,0.000093,0.998176
801,1,0.447859,0.016248,0.535893
802,1,0.986826,0.000505,0.012669
803,1,0.927585,0.000647,0.071767
804,1,0.331674,0.078076,0.590250
805,1,0.030350,0.000446,0.969204
806,1,0.993163,0.000242,0.006594
807,1,0.956882,0.000320,0.042797
808,1,0.997987,0.000171,0.001841
809,1,0.958737,0.001383,0.039880
810,1,0.893049,0.000337,0.106615
811,1,0.000235,0.000092,0.999673
812,1,0.496293,0.001048,0.502659
813,1,0.483453,0.000863,0.515683
814,1,0.905008,0.000966,0.094026
815,1,0.999163,0.000211,0.000626
816,0,0.999046,0.000441,0.000514
817,0,0.007674,0.000122,0.992204
818,1,0.001016,0.000057,0.998926
819,1,0.352250,0.000565,0.647185
820,0,0.002529,0.000128,0.997342
821,1,0.006472,0.000177,0.993352
822,1,0.000679,0.000768,0.998553
823,1,0.001071,0.000181,0.998748
824,1,0.090365,0.008041,0.901594
825,1,0.000188,0.000123,0.999688
826,1,0.000334,0.000127,0.999539
827,0,0.005883,0.547749,0.446368
828,1,0.993344,0.000181,0.006475
829,0,0.005009,0.000465,0.994527
830,1,0.056110,0.000377,0.943514
831,0,0.000254,0.000133,0.999613
832,1,0.452552,0.000360,0.547088
833,1,0.008393,0.000179,0.991428
834,0,0.002561,0.000163,0.997276
835,1,0.997135,0.000253,0.002612
836,1,0.000585,0.000100,0.999315
837,1,0.971874,0.000675,0.027451
838,1,0.997783,0.000176,0.002041
839,1,0.081087,0.000441,0.918472
840,1,0.024480,0.000093,0.975427
841,1,0.096578,0.000374,0.903048
842,1,0.968385,0.000350,0.031265
843,0,0.000239,0.000149,0.999612
844,1,0.989258,0.000182,0.010560
845,1,0.939108,0.000492,0.060400
846,0,0.006788,0.000217,0.992996
847,0,0.933013,0.000608,0.066380
848,0,0.993900,0.000199,0.005900
849,0,0.000321,0.000076,0.999603
850,0,0.511485,0.000861,0.487654
851,1,0.135121,0.000326,0.864553
852,0,0.002367,0.010502,0.987131
853,0,0.000154,0.000118,0.999728
854,0,0.174490,0.017938,0.807572
855,0,0.000287,0.000061,0.999653
856,0,0.000684,0.000051,0.999266
857,0,0.937444,0.000695,0.061861
858,0,0.000253,0.000088,0.999659
859,1,0.994867,0.000802,0.004331
860,0,0.000461,0.000248,0.999291
861,1,0.000135,0.000092,0.999773
862,1,0.001662,0.000117,0.998221
863,0,0.036931,0.161574,0.801495
864,0,0.000767,0.000042,0.999191
865,1,0.958026,0.000338,0.041636
866,1,0.000389,0.000298,0.999313
867,0,0.000848,0.000078,0.999074
868,0,0.000224,0.000256,0.999520
869,0,0.002165,0.000052,0.997784
870,1,0.996743,0.000451,0.002806
871,1,0.000157,0.000076,0.999768
872,1,0.968424,0.001161,0.030416
873,1,0.000129,0.000172,0.999699
874,1,0.000143,0.000070,0.999787
875,0,0.000165,0.000071,0.999764
876,1,0.005142,0.000283,0.994575
877,1,0.992478,0.002388,0.005134
878,1,0.000157,0.000075,0.999768
879,0,0.000136,0.000066,0.999799
880,0,0.000426,0.000104,0.999470
881,0,0.000260,0.159015,0.840725
882,1,0.049284,0.000330,0.950386
883,0,0.000394,0.000801,0.998805
884,1,0.944347,0.000211,0.055442
885,0,0.000281,0.000052,0.999667
886,1,0.001173,0.000108,0.998719
887,0,0.005022,0.000401,0.994577
888,0,0.000167,0.000064,0.999769
889,0,0.858031,0.000305,0.141664
890,0,0.063575,0.001705,0.934720
891,0,0.000226,0.000107,0.999666
892,0,0.000631,0.000052,0.999318
893,1,0.996742,0.001425,0.001834
894,0,0.002977,0.000282,0.996741
895,0,0.002550,0.000064,0.997386
896,0,0.000309,0.000091,0.999599
897,0,0.001236,0.000041,0.998723
898,0,0.063150,0.000143,0.936706
899,0,0.000333,0.000089,0.999578
900,1,0.987718,0.000480,0.011803
901,0,0.035661,0.000099,0.964240
902,0,0.080209,0.000171,0.919619
903,0,0.159695,0.000598,0.839706
904,0,0.003021,0.000088,0.996891
905,0,0.000511,0.000054,0.999436
906,0,0.000152,0.000074,0.999774
907,0,0.998480,0.000750,0.000770
908,1,0.280260,0.000596,0.719144
909,0,0.000141,0.000084,0.999775
910,0,0.997568,0.000257,0.002174
911,0,0.323246,0.003431,0.673323
912,1,0.005314,0.000115,0.994571
913,0,0.994323,0.000270,0.005407
914,0,0.000116,0.000092,0.999792
915,1,0.102820,0.000276,0.896904
916,1,0.003156,0.006933,0.989911
917,1,0.881713,0.000295,0.117992
918,0,0.000259,0.000136,0.999605
919,1,0.168132,0.001953,0.829915
920,1,0.238291,0.000364,0.761345
921,0,0.000236,0.000081,0.999683
922,0,0.009198,0.000287,0.990515
923,0,0.801620,0.000374,0.198006
924,0,0.204231,0.000351,0.795418
925,1,0.008677,0.000108,0.991215
926,0,0.017988,0.003689,0.978323
927,1,0.998744,0.000406,0.000850
928,0,0.000211,0.000057,0.999732
929,0,0.000165,0.000078,0.999757
930,0,0.000179,0.000064,0.999757
931,1,0.924973,0.001391,0.073636
932,0,0.002036,0.000123,0.997840
933,0,0.000166,0.000096,0.999739
934,1,0.000458,0.000402,0.999140
935,1,0.988246,0.002527,0.009226
936,0,0.332131,0.000298,0.667571
937,0,0.000859,0.000177,0.998965
938,0,0.000130,0.000119,0.999751
939,0,0.000153,0.000755,0.999092
940,0,0.000538,0.000073,0.999390
941,0,0.988258,0.000165,0.011576
942,0,0.002599,0.000493,0.996907
943,1,0.816094,0.000309,0.183597
944,0,0.950809,0.000390,0.048801
945,1,0.997807,0.000700,0.001493
946,1,0.091575,0.775791,0.132634
947,1,0.001484,0.000130,0.998386
948,0,0.190120,0.002971,0.806909
949,0,0.093820,0.000195,0.905985
950,1,0.000170,0.000073,0.999757
951,1,0.002230,0.000209,0.997561
952,0,0.000776,0.010394,0.988830
953,1,0.049155,0.000360,0.950485
954,1,0.100892,0.003772,0.895336
955,0,0.000280,0.000115,0.999604
956,1,0.002837,0.012063,0.985100
957,0,0.001062,0.000041,0.998897
958,0,0.176781,0.488125,0.335095
959,0,0.000132,0.000117,0.999751
960,0,0.000329,0.000194,0.999477
961,0,0.000422,0.000057,0.999521
962,0,0.505346,0.000402,0.494252
963,0,0.405109,0.000884,0.594007
964,1,0.627059,0.000315,0.372625
965,0,0.003514,0.000089,0.996398
966,0,0.000972,0.000064,0.998963
967,0,0.000767,0.000059,0.999174
968,0,0.000664,0.000065,0.999271
969,0,0.000117,0.000092,0.999791
970,0,0.000187,0.000116,0.999697
971,0,0.000713,0.000779,0.998508
972,0,0.000176,0.000081,0.999743
973,1,0.968265,0.000294,0.031441
974,0,0.804324,0.000226,0.195450
975,0,0.000216,0.000065,0.999719
976,0,0.000487,0.000131,0.999382
977,1,0.993524,0.005509,0.000967
978,1,0.235181,0.000710,0.764109
979,1,0.000395,0.000057,0.999548
980,0,0.518156,0.043971,0.437873
981,1,0.959145,0.000386,0.040469
982,0,0.000327,0.000068,0.999606
983,1,0.938293,0.000462,0.061245
984,0,0.004513,0.000087,0.995400
985,1,0.998617,0.000263,0.001120
986,1,0.026740,0.001277,0.971983
987,1,0.001295,0.000072,0.998634
988,1,0.990001,0.000638,0.009361
989,0,0.000165,0.000092,0.999743
990,0,0.034347,0.000995,0.964658
991,0,0.018000,0.000318,0.981682
992,1,0.103827,0.004109,0.892065
993,1,0.006852,0.000077,0.993070
994,1,0.126514,0.821124,0.052362
995,1,0.880610,0.000894,0.118496
996,0,0.475077,0.000403,0.524520
997,0,0.011519,0.000181,0.988300
998,1,0.694368,0.001405,0.304227
999,1,0.535026,0.001845,0.463129
1000,1,0.995362,0.000455,0.004184
1001,1,0.974902,0.001821,0.023277
1002,1,0.391957,0.011675,0.596369
1003,0,0.982055,0.000211,0.017733
1004,1,0.586015,0.001000,0.412985
1005,0,0.002982,0.000101,0.996917
1006,1,0.383537,0.000338,0.616125
1007,1,0.880228,0.004120,0.115652
1008,0,0.000188,0.000134,0.999678
1009,0,0.000266,0.000132,0.999602
1010,1,0.995857,0.000481,0.003662
1011,0,0.717195,0.000462,0.282343
1012,0,0.000726,0.000048,0.999226
1013,0,0.000469,0.000064,0.999468
1014,1,0.406181,0.000421,0.593398
1015,1,0.364761,0.626860,0.008378
1016,1,0.835073,0.046255,0.118672
1017,1,0.997838,0.000200,0.001961
1018,1,0.477466,0.004568,0.517965
1019,0,0.165930,0.004700,0.829370
1020,0,0.006554,0.000220,0.993226
1021,1,0.022457,0.000113,0.977430
1022,0,0.001800,0.003445,0.994755
1023,1,0.060680,0.001205,0.938116
1024,1,0.636266,0.000801,0.362933
1025,1,0.997552,0.000352,0.002096
1026,1,0.998267,0.000820,0.000913
1027,1,0.007060,0.000152,0.992788
1028,1,0.953096,0.000247,0.046657
1029,1,0.994064,0.000156,0.005780
1030,0,0.107631,0.000199,0.892170
1031,1,0.998591,0.000164,0.001245
1032,1,0.000372,0.000047,0.999581
1033,0,0.949873,0.000277,0.049850
1034,1,0.999004,0.000352,0.000645
1035,0,0.447164,0.000386,0.552450
1036,1,0.680199,0.000591,0.319210
1037,0,0.001147,0.000217,0.998636
1038,1,0.772909,0.000444,0.226647
1039,1,0.988290,0.000133,0.011577
1040,1,0.998843,0.000847,0.000310
1041,1,0.069221,0.000187,0.930592
1042,1,0.617413,0.000335,0.382252
1043,0,0.000134,0.000081,0.999786
1044,1,0.993847,0.000421,0.005732
1045,1,0.022010,0.000360,0.977630
1046,1,0.292554,0.686051,0.021395
1047,1,0.171671,0.000246,0.828083
1048,0,0.000918,0.000069,0.999012
1049,0,0.048455,0.000291,0.951253
1050,0,0.010083,0.000087,0.989830
1051,0,0.000166,0.000068,0.999766
1052,0,0.000194,0.000057,0.999749
1053,1,0.000408,0.000577,0.999014
1054,0,0.275638,0.015579,0.708783
1055,0,0.001519,0.000053,0.998428
1056,1,0.943641,0.000592,0.055768
1057,0,0.000911,0.000081,0.999008
1058,0,0.000147,0.000086,0.999767
1059,0,0.000248,0.000071,0.999681
1060,0,0.000101,0.000078,0.999821
1061,0,0.960279,0.000373,0.039348
1062,1,0.302907,0.664562,0.032530
1063,0,0.058611,0.000275,0.941114
1064,0,0.000417,0.000152,0.999431
1065,0,0.000376,0.000073,0.999551
1066,0,0.990438,0.003081,0.006481
1067,0,0.001297,0.000109,0.998594
1068,0,0.436741,0.000330,0.562929
1069,1,0.999028,0.000247,0.000725
1070,1,0.000289,0.000074,0.999637
1071,1,0.840658,0.000484,0.158857
1072,0,0.005521,0.000117,0.994362
1073,0,0.881843,0.000437,0.117721
1074,0,0.000454,0.000085,0.999461
1075,1,0.004789,0.000126,0.995085
1076,1,0.002864,0.796183,0.200954
1077,0,0.125636,0.000221,0.874143
1078,0,0.008899,0.000074,0.991027
1079,0,0.000129,0.000099,0.999772
1080,0,0.008720,0.000128,0.991152
1081,0,0.000126,0.000100,0.999774
1082,0,0.000365,0.000066,0.999569
1083,0,0.992583,0.000205,0.007212
1084,1,0.997563,0.000562,0.001874
1085,0,0.050910,0.000423,0.948667
1086,0,0.000239,0.000059,0.999702
1087,1,0.292863,0.002114,0.705023
1088,1,0.014106,0.002650,0.983244
1089,1,0.989406,0.000254,0.010340
1090,0,0.041990,0.000277,0.957732
1091,0,0.000724,0.000104,0.999171
1092,0,0.000467,0.000125,0.999408
1093,0,0.074124,0.000227,0.925650
1094,0,0.002599,0.000493,0.996907
1095,0,0.002212,0.000051,0.997737
1096,0,0.000240,0.000059,0.999700
1097,1,0.992469,0.000181,0.007350
1098,0,0.008816,0.000412,0.990772
1099,0,0.995406,0.000211,0.004384
1100,1,0.998136,0.001540,0.000324
1101,1,0.005934,0.002155,0.991910
1102,1,0.454228,0.006897,0.538875
1103,1,0.877292,0.000524,0.122184
1104,1,0.998659,0.000188,0.001153
1105,0,0.000761,0.000038,0.999201
1106,1,0.215154,0.000370,0.784476
1107,1,0.390340,0.000529,0.609131
1108,1,0.447476,0.169006,0.383519
1109,1,0.002045,0.000076,0.997880
1110,0,0.000181,0.000116,0.999703
1111,0,0.831942,0.000495,0.167563
1112,1,0.071997,0.000621,0.927382
1113,1,0.000797,0.000638,0.998565
1114,1,0.058620,0.714936,0.226443
1115,0,0.000845,0.074186,0.924969
1116,1,0.006207,0.000451,0.993342
1117,1,0.000932,0.013514,0.985554
1118,0,0.916758,0.002082,0.081159
1119,0,0.098627,0.000668,0.900705
1120,1,0.997072,0.000157,0.002770
1121,0,0.000286,0.000054,0.999659
1122,1,0.426325,0.000386,0.573289
1123,1,0.987714,0.000420,0.011866
1124,1,0.526267,0.077157,0.396576
1125,1,0.998301,0.000199,0.001500
1126,1,0.073883,0.788394,0.137724
1127,1,0.971602,0.000996,0.027402
1128,1,0.936568,0.000188,0.063244
1129,1,0.022823,0.722189,0.254988
1130,1,0.001618,0.000117,0.998265
1131,1,0.998226,0.000210,0.001565
1132,1,0.042927,0.604592,0.352481
1133,0,0.000338,0.000077,0.999585
1134,1,0.001492,0.314429,0.684079
1135,1,0.985736,0.013765,0.000499
1136,1,0.440799,0.000581,0.558620
1137,1,0.001780,0.000069,0.998151
1138,1,0.000732,0.236883,0.762386
1139,1,0.000456,0.000074,0.999470
1140,0,0.000139,0.000120,0.999741
1141,0,0.000165,0.000114,0.999721
1142,0,0.004395,0.000120,0.995485
1143,0,0.006807,0.000108,0.993084
1144,0,0.000198,0.000208,0.999595
1145,0,0.002507,0.000052,0.997440
1146,1,0.870813,0.000448,0.128739
1147,0,0.160384,0.000230,0.839385
1148,0,0.919327,0.000495,0.080178
1149,0,0.460848,0.000444,0.538708
1150,0,0.001153,0.000045,0.998802
1151,0,0.000564,0.000072,0.999364
1152,0,0.054348,0.000200,0.945452
1153,0,0.000329,0.000053,0.999618
1154,0,0.006415,0.000101,0.993484
1155,1,0.205152,0.738317,0.056530
1156,0,0.000296,0.000062,0.999642
1157,0,0.002281,0.000253,0.997466
1158,0,0.000187,0.000073,0.999741
1159,1,0.126435,0.000350,0.873215
1160,1,0.818746,0.000917,0.180336
1161,1,0.056461,0.000240,0.943299
1162,0,0.215637,0.000373,0.783990
1163,1,0.000735,0.000048,0.999217
1164,1,0.800388,0.000818,0.198795
1165,1,0.000398,0.000482,0.999119
1166,1,0.005113,0.001488,0.993399
1167,1,0.294284,0.328057,0.377659
1168,1,0.363928,0.001397,0.634676
1169,1,0.997642,0.000192,0.002165
1170,0,0.020937,0.000264,0.978799
1171,1,0.996427,0.000159,0.003414
1172,1,0.135901,0.000223,0.863876
1173,1,0.972495,0.000412,0.027093
1174,0,0.966544,0.000221,0.033235
1175,0,0.379103,0.002044,0.618852
1176,0,0.049864,0.000209,0.949927
1177,0,0.000229,0.000093,0.999679
1178,0,0.000222,0.000045,0.999733
1179,1,0.998253,0.000357,0.001390
1180,1,0.221835,0.001471,0.776694
1181,1,0.897400,0.000647,0.101954
1182,0,0.000115,0.000084,0.999801
1183,1,0.026938,0.000119,0.972943
1184,1,0.388712,0.000584,0.610704
1185,0,0.000374,0.000077,0.999550
1186,0,0.000167,0.000065,0.999769
1187,0,0.003415,0.000059,0.996526
1188,0,0.000254,0.000051,0.999695
1189,0,0.000146,0.000262,0.999592
1190,1,0.000177,0.000100,0.999722
1191,1,0.058701,0.000216,0.941083
1192,0,0.000232,0.029318,0.970450
1193,0,0.000288,0.000080,0.999632
1194,1,0.994783,0.000229,0.004988
1195,1,0.000333,0.000363,0.999304
1196,1,0.007431,0.000147,0.992422
1197,0,0.000147,0.000180,0.999673
1198,0,0.003915,0.000160,0.995925
1199,1,0.996829,0.000290,0.002881
1200,0,0.005198,0.000851,0.993952
1201,0,0.080039,0.001382,0.918579
1202,1,0.022179,0.000184,0.977637
1203,1,0.000152,0.000082,0.999766
1204,1,0.002052,0.000072,0.997875
1205,0,0.998457,0.001063,0.000480
1206,1,0.000149,0.000078,0.999773
1207,1,0.000268,0.000080,0.999653
1208,1,0.043270,0.000126,0.956604
1209,1,0.915927,0.000312,0.083761
1210,1,0.001821,0.000088,0.998091
1211,1,0.979303,0.000252,0.020444
1212,1,0.000724,0.000352,0.998923
1213,1,0.004731,0.777937,0.217332
1214,1,0.000228,0.000052,0.999720
1215,0,0.983480,0.000269,0.016251
1216,0,0.000963,0.000339,0.998697
1217,1,0.824654,0.001069,0.174277
1218,0,0.004721,0.000175,0.995104
1219,0,0.000144,0.000065,0.999791
1220,0,0.000295,0.000344,0.999360
1221,1,0.991733,0.000366,0.007901
1222,0,0.000128,0.000085,0.999787
1223,0,0.000316,0.000078,0.999606
1224,0,0.051204,0.000755,0.948041
1225,1,0.506524,0.351645,0.141831
1226,0,0.985513,0.000253,0.014234
1227,1,0.011353,0.781510,0.207137
1228,0,0.000109,0.000099,0.999792
1229,1,0.003778,0.000367,0.995856
1230,1,0.452819,0.520152,0.027029
1231,0,0.000148,0.000095,0.999757
1232,0,0.000130,0.000096,0.999773
1233,1,0.971404,0.000206,0.028390
1234,0,0.001165,0.000059,0.998776
1235,0,0.000213,0.000151,0.999637
1236,0,0.000360,0.000065,0.999574
1237,0,0.005882,0.000135,0.993983
1238,0,0.023325,0.000185,0.976489
1239,0,0.000258,0.028244,0.971497
1240,1,0.002111,0.002113,0.995776
1241,0,0.000219,0.000090,0.999691
1242,0,0.000471,0.000379,0.999150
1243,0,0.000165,0.000076,0.999759
1244,0,0.009940,0.000146,0.989914
1245,0,0.924847,0.000413,0.074741
1246,1,0.001116,0.000240,0.998644
1247,0,0.001449,0.000068,0.998483
1248,0,0.000772,0.000107,0.999121
1249,0,0.000187,0.000079,0.999734
1250,0,0.992379,0.000544,0.007078
1251,0,0.000130,0.000086,0.999784
1252,0,0.951183,0.000260,0.048557
1253,0,0.000491,0.000068,0.999441
1254,0,0.001414,0.000105,0.998482
1255,0,0.000494,0.000086,0.999420
1256,0,0.002045,0.000142,0.997813
1257,0,0.268647,0.000539,0.730813
1258,1,0.988119,0.000155,0.011726
1259,0,0.601049,0.190300,0.208651
1260,0,0.008973,0.000146,0.990881
1261,0,0.957581,0.000384,0.042036
1262,0,0.000363,0.000178,0.999458
1263,0,0.000222,0.000072,0.999706
1264,0,0.001296,0.003996,0.994708
1265,0,0.691568,0.004115,0.304317
1266,0,0.995843,0.000173,0.003984
1267,1,0.187174,0.781184,0.031642
1268,0,0.000259,0.000160,0.999581
1269,0,0.005833,0.000076,0.994092
1270,0,0.000586,0.000368,0.999046
1271,1,0.944960,0.000626,0.054414
1272,0,0.000121,0.000086,0.999793
1273,0,0.000285,0.000103,0.999612
1274,0,0.941172,0.000229,0.058599
1275,0,0.000104,0.000118,0.999778
1276,0,0.000226,0.000101,0.999674
1277,0,0.000261,0.000108,0.999631
1278,0,0.000422,0.000185,0.999393
1279,0,0.096857,0.000853,0.902290
1280,0,0.000132,0.000072,0.999796
1281,0,0.039351,0.003527,0.957122
1282,0,0.430130,0.000277,0.569593
1283,0,0.000102,0.000096,0.999802
1284,0,0.000130,0.000077,0.999794
1285,0,0.008070,0.082456,0.909473
1286,0,0.001649,0.000078,0.998274
1287,0,0.000121,0.000100,0.999779
1288,1,0.001104,0.000260,0.998635
1289,1,0.000195,0.000160,0.999645
1290,1,0.001101,0.000127,0.998772
1291,0,0.004004,0.000125,0.995871
1292,0,0.000313,0.000126,0.999561
1293,1,0.000522,0.000045,0.999433
1294,0,0.000202,0.000055,0.999743
1295,0,0.063439,0.000860,0.935701
1296,1,0.905537,0.000288,0.094175
1297,1,0.041230,0.000459,0.958311
1298,1,0.002611,0.000111,0.997278
1299,1,0.605169,0.138526,0.256305
1300,0,0.000155,0.000091,0.999754
1301,0,0.000778,0.000052,0.999171
1302,1,0.004652,0.002452,0.992896
1303,0,0.080841,0.000366,0.918792
1304,0,0.000460,0.000168,0.999373
1305,1,0.909081,0.000547,0.090372
1306,1,0.008220,0.000307,0.991473
1307,1,0.001710,0.000076,0.998214
1308,1,0.000711,0.000056,0.999233
1309,0,0.007999,0.056108,0.935893
1310,1,0.009193,0.000164,0.990643
1311,0,0.000238,0.000089,0.999673
1312,1,0.001616,0.000276,0.998108
1313,1,0.000356,0.000559,0.999085
1314,1,0.001037,0.000051,0.998911
1315,0,0.000882,0.000120,0.998998
1316,1,0.005267,0.000096,0.994637
1317,0,0.000219,0.000055,0.999726
1318,0,0.800088,0.000436,0.199476
1319,1,0.999033,0.000317,0.000650
1320,0,0.000234,0.000059,0.999707
1321,0,0.060137,0.000189,0.939675
1322,1,0.995540,0.000210,0.004250
1323,1,0.923037,0.000272,0.076691
1324,0,0.183066,0.000633,0.816302
1325,0,0.991572,0.000165,0.008262
1326,1,0.291432,0.613383,0.095184
1327,1,0.985826,0.000254,0.013920
1328,1,0.998398,0.001205,0.000397
1329,1,0.004334,0.000111,0.995555
1330,0,0.000231,0.000072,0.999698
1331,0,0.000448,0.000092,0.999459
1332,0,0.000978,0.000103,0.998918
1333,1,0.601319,0.005867,0.392814
1334,1,0.993473,0.000541,0.005986
1335,0,0.000276,0.000074,0.999650
1336,0,0.024098,0.000146,0.975756
1337,1,0.000676,0.000318,0.999006
1338,0,0.001156,0.000304,0.998540
1339,0,0.000107,0.000114,0.999780
1340,0,0.000167,0.000065,0.999768
1341,1,0.000935,0.000095,0.998970
1342,0,0.001735,0.000072,0.998193
1343,1,0.779468,0.003476,0.217056
1344,0,0.000207,0.000049,0.999744
1345,0,0.000715,0.000058,0.999227
1346,0,0.000783,0.000053,0.999165
1347,0,0.000136,0.000109,0.999756
1348,1,0.998443,0.000242,0.001315
1349,0,0.725833,0.000265,0.273902
1350,0,0.000123,0.000168,0.999709
1351,0,0.000149,0.000085,0.999766
1352,1,0.709052,0.000368,0.290580
1353,1,0.000287,0.000096,0.999617
1354,0,0.000148,0.000126,0.999726
1355,1,0.004411,0.000247,0.995342
1356,1,0.303443,0.199942,0.496615
1357,1,0.001928,0.000073,0.997999
1358,0,0.001320,0.000059,0.998621
1359,0,0.027622,0.004786,0.967592
1360,1,0.997399,0.000279,0.002322
1361,1,0.000608,0.000083,0.999310
1362,0,0.000845,0.000059,0.999096
1363,0,0.000418,0.260199,0.739383
1364,0,0.190109,0.001940,0.807951
1365,1,0.016400,0.002825,0.980776
1366,1,0.001795,0.000095,0.998110
1367,0,0.000525,0.000088,0.999387
1368,0,0.004416,0.000089,0.995495
1369,0,0.000717,0.000054,0.999229
1370,0,0.000422,0.000073,0.999505
1371,1,0.000745,0.000090,0.999165
1372,1,0.039002,0.000218,0.960781
1373,1,0.003136,0.000136,0.996728
1374,1,0.977784,0.000656,0.021560
1375,0,0.001223,0.000038,0.998739
1376,0,0.000185,0.000059,0.999756
1377,1,0.000723,0.000158,0.999120
1378,1,0.001114,0.000211,0.998675
1379,1,0.000861,0.000074,0.999065
1380,1,0.416571,0.001589,0.581840
1381,1,0.998539,0.001114,0.000347
1382,1,0.546314,0.000598,0.453088
1383,1,0.000204,0.000071,0.999725
1384,0,0.157058,0.000413,0.842529
1385,0,0.817628,0.000231,0.182141
1386,0,0.000100,0.000119,0.999781
1387,1,0.075698,0.866938,0.057364
1388,0,0.000132,0.000099,0.999768
1389,0,0.002091,0.000076,0.997833
1390,1,0.010149,0.014368,0.975483
1391,1,0.997200,0.002372,0.000428
1392,0,0.210515,0.000269,0.789216
1393,1,0.946641,0.002216,0.051143
1394,1,0.007534,0.001199,0.991267
1395,0,0.001002,0.000059,0.998939
1396,1,0.419830,0.123827,0.456343
1397,0,0.133018,0.000336,0.866647
1398,1,0.337498,0.006252,0.656250
1399,1,0.996563,0.000228,0.003209
1400,1,0.146019,0.000805,0.853176
1401,0,0.000370,0.000054,0.999576
1402,0,0.030056,0.000183,0.969761
1403,0,0.000453,0.000097,0.999450
1404,1,0.984706,0.000492,0.014802
1405,0,0.031166,0.001175,0.967658
1406,1,0.028247,0.000387,0.971365
1407,0,0.004552,0.000089,0.995359
1408,1,0.155536,0.815765,0.028699
1409,1,0.975601,0.000621,0.023778
1410,1,0.995991,0.000299,0.003710
1411,0,0.270558,0.000566,0.728876
1412,0,0.000131,0.000074,0.999796
1413,1,0.493252,0.000586,0.506162
1414,0,0.000420,0.000976,0.998604
1415,1,0.104711,0.000884,0.894406
1416,1,0.998183,0.000204,0.001613
1417,1,0.001941,0.000202,0.997857
1418,1,0.881823,0.000630,0.117547
1419,1,0.000679,0.000088,0.999234
1420,1,0.987887,0.000530,0.011583
1421,1,0.998592,0.000905,0.000504
1422,0,0.998010,0.000235,0.001755
1423,0,0.000245,0.000075,0.999680
1424,1,0.000287,0.000074,0.999639
1425,0,0.002772,0.000201,0.997028
1426,0,0.000361,0.000090,0.999549
1427,1,0.996505,0.000234,0.003261
1428,0,0.000572,0.000046,0.999382
1429,1,0.968765,0.000254,0.030981
1430,1,0.991697,0.000127,0.008176
1431,1,0.943970,0.000290,0.055740
1432,1,0.999169,0.000376,0.000455
1433,0,0.000247,0.000062,0.999691
1434,0,0.461547,0.001346,0.537108
1435,1,0.992841,0.001104,0.006054
1436,1,0.910198,0.000322,0.089480
1437,1,0.998962,0.000190,0.000849
1438,0,0.000146,0.000071,0.999782
1439,0,0.000614,0.000052,0.999334
1440,1,0.028959,0.000136,0.970905
1441,1,0.719764,0.068193,0.212043
1442,0,0.535226,0.000520,0.464254
1443,0,0.000228,0.000325,0.999447
1444,1,0.988713,0.000968,0.010319
1445,1,0.775713,0.000601,0.223686
1446,1,0.101845,0.851301,0.046854
1447,1,0.073522,0.098361,0.828116
1448,1,0.000116,0.000179,0.999705
1449,0,0.000147,0.000118,0.999735
1450,1,0.969251,0.001355,0.029394
1451,0,0.000612,0.000068,0.999320
1452,1,0.000885,0.000059,0.999056
1453,1,0.885261,0.001097,0.113641
1454,1,0.007297,0.000115,0.992587
1455,1,0.062999,0.001326,0.935675
1456,0,0.000142,0.000090,0.999768
1457,0,0.001393,0.000105,0.998502
1458,0,0.984488,0.000224,0.015287
1459,1,0.289678,0.000630,0.709692
1460,1,0.003940,0.000131,0.995929
1461,0,0.001922,0.000135,0.997943
1462,1,0.998848,0.000143,0.001010
1463,0,0.280948,0.000435,0.718617
1464,1,0.991240,0.000192,0.008568
1465,1,0.983409,0.000183,0.016408
1466,1,0.991426,0.000183,0.008391
1467,0,0.185874,0.000705,0.813421
1468,1,0.998296,0.000297,0.001408
1469,1,0.000152,0.000068,0.999780
1470,0,0.492590,0.000373,0.507037
1471,0,0.004754,0.000083,0.995163
1472,1,0.998639,0.000306,0.001054
1473,1,0.994521,0.000281,0.005198
1474,0,0.000194,0.000061,0.999745
1475,0,0.000242,0.000068,0.999689
1476,1,0.989931,0.000147,0.009923
1477,0,0.000233,0.000081,0.999686
1478,0,0.000123,0.000077,0.999800
1479,0,0.000320,0.000049,0.999631
1480,0,0.000247,0.000091,0.999662
1481,0,0.000543,0.000783,0.998674
1482,0,0.000150,0.000088,0.999763
1483,1,0.999094,0.000291,0.000614
1484,0,0.004183,0.000285,0.995532
1485,0,0.003407,0.000280,0.996313
1486,1,0.693941,0.000425,0.305634
1487,0,0.234135,0.002076,0.763789
1488,0,0.996449,0.000215,0.003336
1489,0,0.000541,0.000093,0.999366
1490,1,0.015844,0.002363,0.981793
1491,0,0.009918,0.000149,0.989934
1492,1,0.000524,0.000066,0.999411
1493,0,0.007118,0.000172,0.992710
1494,1,0.991639,0.002908,0.005453
1495,1,0.289985,0.002773,0.707242
1496,0,0.189065,0.002981,0.807954
1497,0,0.383131,0.000526,0.616343
1498,0,0.000978,0.000051,0.998971
1499,1,0.000797,0.000079,0.999124
1500,1,0.981808,0.000564,0.017628
1501,0,0.012057,0.000497,0.987447
1502,0,0.998305,0.000174,0.001521
1503,1,0.000633,0.000126,0.999241
1504,1,0.997907,0.000142,0.001951
1505,0,0.001896,0.000202,0.997902
1506,0,0.999108,0.000343,0.000549
1507,0,0.013826,0.000135,0.986039
1508,0,0.019253,0.004612,0.976135
1509,1,0.023281,0.781290,0.195430
1510,1,0.988406,0.000165,0.011429
1511,0,0.949824,0.000234,0.049942
1512,1,0.006690,0.000181,0.993129
1513,0,0.000374,0.000351,0.999275
1514,0,0.001918,0.000103,0.997980
1515,0,0.099580,0.001525,0.898895
1516,0,0.002064,0.000198,0.997738
1517,0,0.000383,0.000062,0.999555
1518,0,0.009938,0.000161,0.989901
1519,1,0.005611,0.001211,0.993178
1520,1,0.015934,0.000856,0.983210
1521,0,0.213842,0.000491,0.785667
1522,0,0.000362,0.000072,0.999566
1523,0,0.000168,0.000092,0.999740
1524,0,0.000522,0.000056,0.999422
1525,0,0.000116,0.000099,0.999785
1526,0,0.003620,0.000134,0.996246
1527,0,0.000202,0.000079,0.999719
1528,0,0.000162,0.000144,0.999694
1529,0,0.000126,0.000093,0.999781
1530,0,0.000169,0.000066,0.999766
1531,0,0.000648,0.000079,0.999274
1532,0,0.387256,0.000770,0.611973
1533,1,0.001258,0.000180,0.998561
1534,0,0.000150,0.000056,0.999794
1535,1,0.659664,0.001080,0.339256
1536,1,0.319727,0.000982,0.679291
1537,1,0.000329,0.000056,0.999615
1538,1,0.997807,0.000234,0.001959
1539,1,0.993587,0.000232,0.006181
1540,1,0.025912,0.000177,0.973911
1541,0,0.986139,0.000177,0.013683
1542,0,0.004615,0.000096,0.995289
1543,0,0.052754,0.000387,0.946859
1544,0,0.737246,0.001369,0.261384
1545,0,0.884687,0.000202,0.115112
1546,0,0.002516,0.000105,0.997379
1547,0,0.060971,0.005137,0.933892
1548,1,0.098407,0.007558,0.894035
1549,1,0.998842,0.000726,0.000433
1550,0,0.997973,0.001557,0.000471
1551,0,0.000145,0.000179,0.999676
1552,0,0.005267,0.725363,0.269370
1553,1,0.612139,0.315518,0.072343
1554,1,0.046194,0.003138,0.950668
1555,0,0.000114,0.000094,0.999792
1556,0,0.006040,0.000156,0.993804
1557,1,0.099435,0.008180,0.892385
1558,0,0.000125,0.000095,0.999781
1559,0,0.001276,0.000060,0.998664
1560,0,0.405646,0.000792,0.593562
1561,0,0.006009,0.000118,0.993873
1562,0,0.099784,0.000150,0.900065
1563,1,0.989776,0.000606,0.009618
1564,0,0.309848,0.000816,0.689336
1565,0,0.017041,0.000101,0.982858
1566,1,0.610004,0.000428,0.389568
1567,1,0.407181,0.000933,0.591886
1568,0,0.000159,0.000054,0.999787
1569,1,0.971637,0.001107,0.027255
1570,1,0.998780,0.000405,0.000815
1571,1,0.999071,0.000384,0.000544
1572,0,0.001197,0.000310,0.998493
1573,0,0.000132,0.000087,0.999781
1574,1,0.000132,0.000152,0.999716
1575,0,0.000162,0.000093,0.999745
1576,0,0.017537,0.000157,0.982306
1577,1,0.000320,0.000082,0.999598
1578,0,0.001928,0.000110,0.997962
1579,0,0.000175,0.000165,0.999660
1580,0,0.557505,0.000284,0.442210
1581,0,0.913223,0.000223,0.086555
1582,1,0.004295,0.000158,0.995546
1583,1,0.835171,0.001436,0.163393
1584,0,0.003285,0.000095,0.996620
1585,0,0.001231,0.000105,0.998664
1586,0,0.179046,0.000654,0.820300
1587,0,0.305673,0.000537,0.693790
1588,0,0.886721,0.000607,0.112672
1589,1,0.998793,0.000395,0.000813
1590,0,0.000232,0.000077,0.999691
1591,1,0.998886,0.000248,0.000867
1592,0,0.668568,0.000509,0.330923
1593,1,0.899655,0.000292,0.100053
1594,0,0.000458,0.000060,0.999482
1595,1,0.022823,0.722189,0.254988
1596,1,0.996584,0.000290,0.003125
1597,0,0.873464,0.000792,0.125745
1598,0,0.000267,0.000057,0.999675
1599,0,0.018392,0.000504,0.981104
1600,1,0.650149,0.000446,0.349405
1601,0,0.000171,0.000099,0.999730
1602,1,0.311290,0.000582,0.688128
1603,1,0.787169,0.000766,0.212066
1604,1,0.995660,0.000221,0.004119
1605,1,0.003338,0.000056,0.996606
1606,1,0.004797,0.001312,0.993891
1607,1,0.990106,0.001074,0.008820
1608,0,0.005523,0.000119,0.994358
1609,1,0.676043,0.002007,0.321949
1610,0,0.122055,0.000316,0.877628
1611,1,0.997177,0.000171,0.002653
1612,1,0.001410,0.000215,0.998375
1613,1,0.998576,0.000233,0.001191
1614,0,0.928006,0.000331,0.071664
1615,1,0.000556,0.000075,0.999369
1616,0,0.000174,0.000058,0.999769
1617,0,0.000161,0.000180,0.999658
1618,1,0.134766,0.000239,0.864995
1619,1,0.002518,0.000157,0.997325
1620,1,0.996663,0.000386,0.002951
1621,1,0.000786,0.000039,0.999175
1622,1,0.014988,0.000359,0.984653
1623,1,0.000546,0.000050,0.999403
1624,1,0.870131,0.000466,0.129403
1625,0,0.600839,0.000389,0.398772
1626,1,0.000464,0.000103,0.999434
1627,1,0.998315,0.000196,0.001489
1628,1,0.998661,0.000211,0.001128
1629,1,0.000610,0.000048,0.999342
1630,1,0.000428,0.000050,0.999522
1631,1,0.566399,0.000448,0.433153
1632,1,0.000226,0.001863,0.997911
1633,0,0.031003,0.042021,0.926976
1634,0,0.000161,0.000069,0.999770
1635,1,0.990400,0.006775,0.002825
1636,1,0.028539,0.106517,0.864944
1637,0,0.006367,0.000803,0.992830
1638,1,0.006834,0.001202,0.991964
1639,0,0.000130,0.000117,0.999753
1640,0,0.008230,0.001194,0.990577
1641,0,0.000312,0.000053,0.999634
1642,0,0.105815,0.000373,0.893812
1643,0,0.119043,0.002069,0.878888
1644,1,0.000378,0.000275,0.999348
1645,1,0.951465,0.000604,0.047931
1646,1,0.000245,0.000068,0.999687
1647,1,0.876532,0.000744,0.122723
1648,0,0.000344,0.000144,0.999511
1649,1,0.997382,0.000174,0.002444
1650,1,0.997877,0.001755,0.000368
1651,1,0.146735,0.000456,0.852809
1652,1,0.021143,0.000097,0.978760
1653,0,0.002861,0.000146,0.996993
1654,1,0.011175,0.715627,0.273198
1655,1,0.004336,0.000096,0.995568
1656,1,0.005113,0.000262,0.994625
1657,0,0.017092,0.376893,0.606015
1658,1,0.998734,0.000185,0.001082
1659,1,0.933256,0.000346,0.066398
1660,0,0.003716,0.000071,0.996213
1661,0,0.000147,0.000082,0.999772
1662,0,0.008739,0.000464,0.990797
1663,0,0.000211,0.000073,0.999716
1664,0,0.105487,0.001538,0.892975
1665,1,0.158913,0.000194,0.840893
1666,1,0.993369,0.000255,0.006375
1667,1,0.338311,0.000415,0.661274
1668,1,0.422354,0.000292,0.577354
1669,1,0.000143,0.000072,0.999785
1670,0,0.001569,0.000091,0.998340
1671,0,0.000422,0.000084,0.999494
1672,1,0.001885,0.000092,0.998023
1673,0,0.982293,0.000574,0.017132
1674,0,0.000314,0.000133,0.999554
1675,0,0.000141,0.000085,0.999774
1676,0,0.000652,0.000057,0.999291
1677,0,0.000975,0.000170,0.998854
1678,0,0.000292,0.000107,0.999601
1679,1,0.001668,0.000101,0.998231
1680,1,0.971629,0.000204,0.028167
1681,1,0.992783,0.000138,0.007079
1682,1,0.830354,0.000288,0.169358
1683,0,0.041553,0.000161,0.958285
1684,0,0.000403,0.000055,0.999541
1685,0,0.006073,0.000113,0.993814
1686,0,0.000310,0.000165,0.999525
1687,1,0.729344,0.000511,0.270145
1688,1,0.990550,0.000132,0.009318
1689,1,0.983100,0.000167,0.016733
1690,1,0.994793,0.000166,0.005041
1691,0,0.134875,0.000464,0.864661
1692,1,0.435007,0.000473,0.564521
1693,0,0.003662,0.000087,0.996250
1694,0,0.000579,0.000101,0.999320
1695,1,0.000342,0.000951,0.998708
1696,0,0.456542,0.000366,0.543092
1697,0,0.000566,0.000192,0.999242
1698,1,0.014475,0.283274,0.702252
1699,1,0.000814,0.000063,0.999123
1700,1,0.298983,0.001413,0.699603
1701,1,0.984917,0.000542,0.014541
1702,0,0.000116,0.000179,0.999706
1703,1,0.892358,0.001329,0.106314
1704,0,0.001296,0.000156,0.998548
1705,1,0.153406,0.453560,0.393034
1706,1,0.981380,0.000292,0.018329
1707,1,0.225359,0.001491,0.773150
1708,0,0.000121,0.000094,0.999785
1709,0,0.002549,0.000124,0.997327
1710,0,0.020895,0.000591,0.978515
1711,1,0.857615,0.000436,0.141950
1712,0,0.348279,0.000860,0.650862
1713,1,0.991922,0.000209,0.007869
1714,0,0.008065,0.000187,0.991748
1715,1,0.000291,0.000064,0.999644
1716,1,0.000163,0.000081,0.999756
1717,0,0.005694,0.000130,0.994176
1718,0,0.000180,0.000065,0.999755
1719,1,0.929619,0.002284,0.068097
1720,0,0.000707,0.000057,0.999236
1721,1,0.893307,0.075797,0.030896
1722,1,0.024056,0.000094,0.975850
1723,0,0.000193,0.000445,0.999362
1724,1,0.997351,0.001887,0.000762
1725,1,0.997145,0.000096,0.002760
1726,0,0.000150,0.000080,0.999769
1727,1,0.998385,0.000257,0.001358
1728,0,0.024786,0.000327,0.974887
1729,1,0.019401,0.000139,0.980460
1730,0,0.000117,0.000089,0.999793
1731,1,0.996549,0.000702,0.002749
1732,0,0.000273,0.000367,0.999360
1733,0,0.970910,0.000680,0.028411
1734,1,0.985507,0.000437,0.014056
1735,0,0.015859,0.000140,0.984002
1736,0,0.000295,0.000064,0.999641
1737,0,0.000107,0.000080,0.999813
1738,0,0.000474,0.000073,0.999453
1739,1,0.000179,0.000098,0.999722
1740,1,0.913547,0.000353,0.086100
1741,0,0.000303,0.000108,0.999589
1742,1,0.003547,0.000137,0.996316
1743,0,0.398895,0.000388,0.600717
1744,0,0.003920,0.000065,0.996015
1745,0,0.996629,0.000304,0.003067
1746,1,0.413002,0.000351,0.586647
1747,1,0.868197,0.001460,0.130343
1748,1,0.854739,0.000921,0.144340
1749,0,0.006958,0.000113,0.992929
1750,1,0.452723,0.069336,0.477940
1751,1,0.485580,0.000377,0.514044
1752,0,0.000118,0.000125,0.999757
1753,0,0.000189,0.000091,0.999720
1754,0,0.001523,0.000558,0.997918
1755,1,0.995880,0.000273,0.003847
1756,1,0.755150,0.000420,0.244430
1757,0,0.023040,0.000234,0.976727
1758,1,0.996737,0.000235,0.003028
1759,1,0.000992,0.000196,0.998812
1760,1,0.002885,0.000135,0.996980
1761,0,0.000454,0.000069,0.999477
1762,0,0.089916,0.000284,0.909800
1763,0,0.093596,0.000172,0.906231
1764,1,0.001756,0.000103,0.998142
1765,1,0.994663,0.001460,0.003877
1766,1,0.000251,0.000078,0.999671
1767,0,0.000176,0.000258,0.999566
1768,0,0.000253,0.000085,0.999662
1769,0,0.002288,0.000202,0.997509
1770,1,0.000266,0.000055,0.999679
1771,1,0.332921,0.001425,0.665653
1772,0,0.000323,0.000133,0.999544
1773,1,0.000468,0.000057,0.999476
1774,1,0.004037,0.000294,0.995669
1775,0,0.002044,0.000086,0.997870
1776,0,0.000444,0.000085,0.999471
1777,0,0.000149,0.000102,0.999749
1778,1,0.807118,0.001084,0.191798
1779,0,0.002575,0.000067,0.997358
1780,1,0.120260,0.001813,0.877927
1781,1,0.006812,0.000189,0.992998
1782,1,0.000219,0.000099,0.999682
1783,0,0.000182,0.000188,0.999629
1784,1,0.003492,0.000104,0.996404
1785,1,0.986512,0.009736,0.003752
1786,1,0.011199,0.000116,0.988685
1787,1,0.464736,0.071139,0.464126
1788,1,0.840381,0.000531,0.159088
1789,1,0.998377,0.000344,0.001279
1790,0,0.000139,0.000101,0.999760
1791,0,0.000306,0.000055,0.999639
1792,1,0.878315,0.003582,0.118103
1793,1,0.000360,0.000130,0.999510
1794,1,0.992615,0.000722,0.006664
1795,1,0.993054,0.001244,0.005703
1796,0,0.000313,0.000236,0.999451
1797,1,0.349900,0.049167,0.600932
1798,1,0.792349,0.000581,0.207070
1799,0,0.000274,0.000053,0.999673
1800,1,0.019246,0.000582,0.980173
1801,1,0.926462,0.005682,0.067857
1802,0,0.000239,0.000061,0.999700
1803,1,0.995073,0.000567,0.004360
1804,1,0.969154,0.000373,0.030472
1805,0,0.002729,0.080650,0.916621
1806,0,0.000271,0.000102,0.999626
1807,1,0.998813,0.000239,0.000949
1808,0,0.000287,0.000237,0.999476
1809,0,0.000847,0.000071,0.999082
1810,1,0.995001,0.000374,0.004624
1811,1,0.998903,0.000183,0.000914
1812,0,0.003171,0.000093,0.996736
1813,1,0.075721,0.000477,0.923803
1814,0,0.999213,0.000463,0.000325
1815,0,0.000178,0.000102,0.999720
1816,0,0.000267,0.000090,0.999644
1817,1,0.000473,0.000090,0.999437
1818,1,0.725065,0.000288,0.274647
1819,0,0.000647,0.000237,0.999116
1820,0,0.894708,0.000371,0.104920
1821,1,0.998563,0.000295,0.001142
1822,0,0.000982,0.000306,0.998713
1823,0,0.000242,0.089143,0.910615
1824,0,0.004993,0.000072,0.994935
1825,0,0.000293,0.000105,0.999602
1826,0,0.000130,0.000084,0.999786
1827,0,0.000176,0.000078,0.999747
1828,0,0.000474,0.000554,0.998971
1829,0,0.000384,0.000115,0.999502
1830,1,0.000209,0.000091,0.999700
1831,0,0.000498,0.000036,0.999466
1832,0,0.000422,0.000066,0.999512
1833,0,0.000149,0.000089,0.999762
1834,1,0.001947,0.000097,0.997956
1835,0,0.015179,0.000102,0.984719
1836,0,0.194817,0.000803,0.804380
1837,0,0.000129,0.000075,0.999796
1838,1,0.095831,0.000232,0.903937
1839,1,0.989394,0.010112,0.000494
1840,1,0.996929,0.000283,0.002788
1841,0,0.000200,0.000084,0.999716
1842,0,0.000903,0.000044,0.999053
1843,1,0.998188,0.000375,0.001437
1844,1,0.998620,0.000266,0.001114
1845,0,0.138836,0.071411,0.789754
1846,0,0.000133,0.000078,0.999789
1847,0,0.017157,0.010799,0.972043
1848,0,0.000438,0.000046,0.999516
1849,0,0.001629,0.000086,0.998284
1850,1,0.649173,0.001328,0.349499
1851,1,0.184822,0.012941,0.802237
1852,0,0.000171,0.000076,0.999753
1853,0,0.000135,0.000548,0.999317
1854,1,0.219884,0.000246,0.779871
1855,1,0.000594,0.009423,0.989984
1856,0,0.001424,0.001859,0.996717
1857,0,0.989354,0.000499,0.010148
1858,0,0.001071,0.000089,0.998840
1859,0,0.000131,0.000109,0.999760
1860,0,0.000313,0.000067,0.999620
1861,1,0.004057,0.000088,0.995856
1862,0,0.048076,0.000464,0.951461
1863,1,0.000222,0.000098,0.999681
1864,0,0.000863,0.000060,0.999078
1865,1,0.995373,0.000143,0.004484
1866,0,0.000596,0.000094,0.999309
1867,1,0.000133,0.000105,0.999763
1868,1,0.002549,0.000071,0.997380
1869,1,0.998839,0.000221,0.000941
1870,1,0.994713,0.001928,0.003360
1871,1,0.006802,0.000113,0.993085
1872,0,0.000188,0.000095,0.999716
1873,1,0.000296,0.000080,0.999624
1874,0,0.000366,0.000046,0.999588
1875,1,0.980316,0.000214,0.019470
1876,1,0.016828,0.000211,0.982961
1877,1,0.996698,0.001227,0.002076
1878,1,0.150621,0.000625,0.848754
1879,0,0.350274,0.000773,0.648953
1880,0,0.046976,0.000177,0.952847
1881,1,0.996941,0.000420,0.002640
1882,0,0.000244,0.000070,0.999686
1883,0,0.000446,0.000090,0.999464
1884,0,0.074831,0.519801,0.405367
1885,1,0.973643,0.001853,0.024504
1886,1,0.983765,0.000868,0.015368
1887,1,0.935146,0.002580,0.062274
1888,1,0.737453,0.000453,0.262094
1889,0,0.992985,0.000184,0.006831
1890,1,0.998072,0.000246,0.001682
1891,1,0.559083,0.000677,0.440240
1892,1,0.620611,0.000608,0.378781
1893,1,0.243697,0.000278,0.756025
1894,1,0.997084,0.000463,0.002453
1895,0,0.003447,0.000052,0.996500
1896,0,0.064751,0.000598,0.934652
1897,1,0.968215,0.000194,0.031592
1898,1,0.999240,0.000345,0.000415
1899,1,0.002749,0.005757,0.991494
1900,1,0.003662,0.000194,0.996144
1901,1,0.066494,0.728353,0.205153
1902,1,0.000600,0.316379,0.683021
1903,1,0.014383,0.000095,0.985522
1904,1,0.213261,0.003477,0.783262
1905,1,0.010118,0.000125,0.989756
1906,1,0.996762,0.000289,0.002949
1907,0,0.816526,0.000479,0.182995
1908,0,0.023275,0.002578,0.974147
1909,0,0.007652,0.000425,0.991923
1910,0,0.011885,0.002195,0.985920
1911,0,0.753577,0.000951,0.245473
1912,0,0.908197,0.000275,0.091527
1913,0,0.001784,0.000197,0.998019
1914,0,0.000503,0.000107,0.999389
1915,1,0.002954,0.000064,0.996983
1916,1,0.000832,0.000111,0.999057
1917,0,0.059729,0.000165,0.940106
1918,1,0.172837,0.000284,0.826879
1919,0,0.002547,0.000077,0.997376
1920,0,0.000227,0.000063,0.999710
1921,0,0.313942,0.000457,0.685601
1922,0,0.000254,0.000075,0.999671
1923,0,0.000864,0.000311,0.998825
1924,0,0.993649,0.000233,0.006118
1925,0,0.000145,0.000146,0.999710
1926,0,0.000322,0.000068,0.999611
1927,0,0.000326,0.000082,0.999592
1928,1,0.991335,0.000280,0.008385
1929,1,0.995630,0.000189,0.004181
1930,1,0.000303,0.000065,0.999633
1931,1,0.004641,0.000101,0.995258
1932,1,0.738598,0.001114,0.260288
1933,0,0.669923,0.000333,0.329744
1934,0,0.001739,0.000417,0.997844
1935,0,0.000229,0.000089,0.999682
1936,0,0.002726,0.000695,0.996579
1937,0,0.024240,0.010893,0.964868
1938,1,0.002728,0.000101,0.997171
1939,1,0.004692,0.000380,0.994928
1940,0,0.000587,0.000098,0.999315
1941,0,0.001620,0.000223,0.998157
1942,0,0.000378,0.000188,0.999434
1943,1,0.000390,0.000083,0.999526
1944,1,0.688545,0.000397,0.311057
1945,0,0.000402,0.000069,0.999529
1946,1,0.186654,0.238655,0.574691
1947,1,0.225806,0.000240,0.773955
1948,1,0.001012,0.000039,0.998950
1949,1,0.000260,0.000059,0.999682
1950,0,0.000404,0.000042,0.999554
1951,0,0.001803,0.000074,0.998123
1952,1,0.182973,0.781857,0.035170
1953,0,0.000409,0.000105,0.999485
1954,0,0.004903,0.000087,0.995011
1955,1,0.977557,0.015191,0.007252
1956,1,0.998889,0.000165,0.000946
1957,0,0.000172,0.000088,0.999740
1958,1,0.018829,0.000172,0.981000
1959,0,0.000125,0.000081,0.999794
1960,0,0.004714,0.000142,0.995144
1961,1,0.998987,0.000603,0.000409
1962,1,0.995246,0.000285,0.004469
1963,1,0.881449,0.000587,0.117964
1964,0,0.000346,0.000073,0.999582
1965,0,0.012530,0.000155,0.987315
1966,0,0.017214,0.000136,0.982651
1967,0,0.001947,0.000128,0.997925
1968,1,0.821854,0.000415,0.177731
1969,0,0.344325,0.000889,0.654786
1970,1,0.001173,0.002772,0.996055
1971,1,0.996255,0.000234,0.003511
1972,0,0.000376,0.000104,0.999520
1973,1,0.042496,0.000244,0.957260
1974,0,0.000345,0.000081,0.999574
1975,0,0.004712,0.000211,0.995077
1976,0,0.003161,0.000111,0.996728
1977,0,0.000481,0.000064,0.999456
1978,1,0.579740,0.172512,0.247749
1979,0,0.000516,0.000075,0.999408
1980,0,0.007115,0.000092,0.992793
1981,1,0.700574,0.000580,0.298846
1982,0,0.091109,0.000243,0.908648
1983,1,0.985184,0.000245,0.014571
1984,0,0.000521,0.002154,0.997325
1985,0,0.001410,0.000070,0.998520
1986,0,0.000304,0.000145,0.999551
1987,0,0.000356,0.000062,0.999582
1988,0,0.852465,0.000457,0.147078
1989,0,0.000562,0.000039,0.999399
1990,1,0.001361,0.000076,0.998563
1991,1,0.493202,0.001322,0.505477
1992,1,0.998985,0.000692,0.000323
1993,0,0.018243,0.000291,0.981466
1994,0,0.000130,0.000094,0.999777
1995,0,0.000332,0.000097,0.999571
1996,0,0.010099,0.000078,0.989822
1997,0,0.000192,0.000061,0.999747
1998,0,0.000125,0.000097,0.999778
1999,0,0.000191,0.000099,0.999709
2000,0,0.000202,0.000069,0.999729
2001,0,0.000527,0.000163,0.999310
2002,0,0.000311,0.000050,0.999639
2003,1,0.000441,0.000073,0.999486
2004,0,0.000859,0.002933,0.996208
2005,0,0.779608,0.000427,0.219965
2006,1,0.001269,0.000288,0.998444
2007,0,0.676746,0.000675,0.322579
2008,0,0.000165,0.000151,0.999684
2009,1,0.000118,0.000201,0.999680
2010,1,0.000194,0.000115,0.999691
2011,1,0.837977,0.002395,0.159628
2012,1,0.664949,0.000480,0.334571
2013,1,0.013807,0.000099,0.986094
2014,0,0.006272,0.000104,0.993624
2015,1,0.995511,0.000159,0.004330
2016,0,0.000146,0.000067,0.999787
2017,0,0.000805,0.245842,0.753353
2018,1,0.021091,0.000130,0.978779
2019,1,0.931170,0.000357,0.068472
2020,0,0.673997,0.000611,0.325392
2021,1,0.813659,0.024527,0.161814
2022,0,0.000229,0.106850,0.892921
2023,0,0.802094,0.000407,0.197499
2024,1,0.984931,0.000726,0.014343
2025,0,0.026761,0.000094,0.973145
2026,0,0.725578,0.005426,0.268996
2027,0,0.048712,0.000600,0.950689
2028,1,0.852992,0.002610,0.144398
2029,1,0.080100,0.000770,0.919130
2030,0,0.812798,0.000271,0.186931
2031,1,0.000607,0.000058,0.999335
2032,1,0.006993,0.000236,0.992771
2033,1,0.578269,0.000701,0.421030
2034,0,0.036046,0.000218,0.963736
2035,0,0.000141,0.000104,0.999755
2036,0,0.002947,0.000072,0.996981
2037,0,0.000248,0.000062,0.999690
2038,1,0.999275,0.000382,0.000343
2039,1,0.000319,0.000077,0.999605
2040,1,0.943871,0.000933,0.055196
2041,0,0.000153,0.000066,0.999781
2042,0,0.000978,0.000563,0.998459
2043,0,0.057607,0.000163,0.942230
2044,0,0.000174,0.000085,0.999740
2045,0,0.002823,0.000077,0.997100
2046,1,0.009300,0.000101,0.990600
2047,1,0.000763,0.000046,0.999191
2048,0,0.000720,0.000092,0.999188
2049,0,0.109227,0.003084,0.887689
2050,0,0.000174,0.000063,0.999764
2051,1,0.000657,0.000720,0.998623
2052,0,0.893377,0.000374,0.106249
2053,0,0.000128,0.000079,0.999793
2054,0,0.000217,0.000108,0.999676
2055,0,0.000174,0.000073,0.999752
2056,1,0.000278,0.000096,0.999625
2057,0,0.000188,0.000062,0.999750
2058,0,0.000587,0.000050,0.999363
2059,0,0.001754,0.000044,0.998202
2060,0,0.000159,0.000092,0.999750
2061,0,0.000141,0.000070,0.999789
2062,1,0.826797,0.000476,0.172727
2063,0,0.000346,0.000113,0.999541
2064,1,0.000175,0.000065,0.999759
2065,1,0.950293,0.000351,0.049356
2066,0,0.174975,0.000232,0.824792
2067,1,0.000243,0.000077,0.999680
2068,1,0.000709,0.000060,0.999231
2069,1,0.959806,0.015993,0.024201
2070,0,0.002219,0.000171,0.997611
2071,0,0.001025,0.000084,0.998891
2072,0,0.008781,0.000060,0.991159
2073,0,0.000147,0.000078,0.999775
2074,1,0.000802,0.000043,0.999156
2075,1,0.000137,0.000094,0.999770
2076,0,0.004645,0.000112,0.995244
2077,0,0.000897,0.000057,0.999046
2078,0,0.000655,0.000055,0.999290
2079,0,0.609861,0.000320,0.389819
2080,1,0.095999,0.000246,0.903754
2081,1,0.647299,0.001163,0.351538
2082,1,0.941567,0.001874,0.056559
2083,0,0.001918,0.000103,0.997980
2084,0,0.034700,0.000128,0.965171
2085,1,0.000166,0.000115,0.999720
2086,0,0.000249,0.000068,0.999683
2087,0,0.000129,0.000108,0.999763
2088,1,0.567777,0.000304,0.431919
2089,0,0.000141,0.000074,0.999785
2090,0,0.000516,0.000057,0.999428
2091,1,0.985269,0.000340,0.014392
2092,1,0.665796,0.000488,0.333716
2093,1,0.005296,0.000114,0.994590
2094,0,0.489485,0.000676,0.509839
2095,0,0.000140,0.000065,0.999795
2096,1,0.969042,0.000284,0.030674
2097,1,0.000180,0.000079,0.999742
2098,0,0.000181,0.000083,0.999735
2099,1,0.001143,0.012997,0.985861
2100,0,0.001292,0.000083,0.998625
2101,1,0.000136,0.000232,0.999631
2102,1,0.000316,0.000058,0.999627
2103,0,0.000584,0.000123,0.999293
2104,0,0.022826,0.000267,0.976908
2105,1,0.000382,0.000074,0.999544
2106,0,0.894132,0.000438,0.105431
2107,0,0.000222,0.000080,0.999697
2108,1,0.992150,0.000238,0.007613
2109,0,0.000224,0.000219,0.999557
2110,0,0.997929,0.000188,0.001883
2111,0,0.003231,0.000062,0.996707
2112,0,0.000136,0.000068,0.999796
2113,0,0.000451,0.000665,0.998884
2114,0,0.383911,0.000384,0.615704
2115,0,0.535142,0.000526,0.464332
2116,0,0.000858,0.000085,0.999057
2117,0,0.000356,0.000058,0.999587
2118,1,0.005802,0.000119,0.994079
2119,1,0.002339,0.000049,0.997612
2120,1,0.145127,0.000951,0.853921
2121,1,0.996189,0.003260,0.000551
2122,0,0.000157,0.000083,0.999760
2123,0,0.000152,0.000074,0.999774
2124,0,0.000200,0.000138,0.999663
2125,0,0.992678,0.000150,0.007171
2126,0,0.000210,0.000068,0.999721
2127,1,0.996266,0.000154,0.003580
2128,0,0.000394,0.000100,0.999506
2129,0,0.001250,0.000106,0.998644
2130,0,0.000199,0.000081,0.999720
2131,0,0.002031,0.089228,0.908740
2132,1,0.002949,0.000141,0.996910
2133,0,0.000163,0.000066,0.999772
2134,1,0.098579,0.000202,0.901219
2135,1,0.184364,0.006932,0.808704
2136,0,0.000153,0.000071,0.999776
2137,1,0.295046,0.006422,0.698532
2138,0,0.000246,0.000072,0.999681
2139,0,0.001221,0.002836,0.995943
2140,0,0.000265,0.000066,0.999668
2141,0,0.011853,0.000191,0.987956
2142,1,0.127442,0.000477,0.872082
2143,1,0.993913,0.000181,0.005906
2144,1,0.077465,0.000393,0.922142
2145,0,0.005249,0.000079,0.994673
2146,1,0.876104,0.026126,0.097770
2147,0,0.000152,0.000118,0.999729
2148,0,0.000706,0.000064,0.999230
2149,0,0.000180,0.000108,0.999712
2150,0,0.000503,0.000061,0.999435
2151,0,0.001331,0.000101,0.998568
2152,1,0.116008,0.000421,0.883572
2153,0,0.000464,0.000067,0.999469
2154,0,0.000337,0.000120,0.999544
2155,1,0.983306,0.000131,0.016563
2156,1,0.927976,0.003289,0.068735
2157,1,0.395445,0.000443,0.604112
2158,1,0.002496,0.011545,0.985959
2159,0,0.007178,0.000094,0.992728
2160,0,0.000765,0.000057,0.999178
2161,0,0.000695,0.000043,0.999262
2162,0,0.000110,0.000118,0.999773
2163,1,0.372734,0.000998,0.626268
2164,1,0.094792,0.000524,0.904684
2165,1,0.010311,0.000300,0.989389
2166,1,0.948265,0.001057,0.050677
2167,0,0.000325,0.000134,0.999541
2168,0,0.000321,0.000049,0.999630
2169,0,0.000343,0.000193,0.999464
2170,1,0.996651,0.000192,0.003157
2171,0,0.000741,0.000150,0.999109
2172,0,0.000465,0.000145,0.999390
2173,0,0.998960,0.000142,0.000898
2174,0,0.000137,0.000093,0.999770
2175,0,0.000261,0.000277,0.999462
2176,0,0.003092,0.000098,0.996809
2177,1,0.980392,0.003337,0.016271
2178,1,0.991694,0.000534,0.007773
2179,1,0.903103,0.000419,0.096478
2180,0,0.000166,0.000056,0.999779
2181,0,0.000179,0.000058,0.999763
2182,0,0.009659,0.000116,0.990225
2183,0,0.001401,0.635847,0.362752
2184,0,0.000211,0.000065,0.999725
2185,0,0.566062,0.000274,0.433664
2186,0,0.021414,0.000351,0.978235
2187,1,0.997265,0.000207,0.002528
2188,1,0.052162,0.003646,0.944193
2189,1,0.153005,0.009313,0.837681
2190,1,0.950910,0.040560,0.008531
2191,1,0.311992,0.000293,0.687715
2192,0,0.002246,0.000073,0.997681
2193,1,0.995397,0.000231,0.004373
2194,1,0.029458,0.526980,0.443561
2195,1,0.996144,0.000173,0.003683
2196,1,0.138558,0.829878,0.031565
2197,0,0.016636,0.000177,0.983187
2198,1,0.000348,0.000400,0.999252
2199,0,0.001119,0.000064,0.998817
2200,1,0.960095,0.000635,0.039270
2201,1,0.850884,0.000416,0.148700
2202,0,0.000389,0.000132,0.999480
2203,1,0.009110,0.000092,0.990798
2204,0,0.001983,0.000128,0.997889
2205,1,0.936947,0.001815,0.061237
2206,1,0.871355,0.000378,0.128266
2207,0,0.000241,0.000107,0.999652
2208,1,0.000533,0.000120,0.999347
2209,0,0.000191,0.000061,0.999748
2210,0,0.000241,0.000144,0.999616
2211,0,0.000322,0.000127,0.999551
2212,1,0.924032,0.000768,0.075201
2213,0,0.001034,0.000174,0.998792
2214,1,0.000195,0.000057,0.999748
2215,1,0.028060,0.000318,0.971623
2216,1,0.994014,0.000179,0.005807
2217,0,0.000411,0.000068,0.999521
2218,1,0.070790,0.746516,0.182695
2219,1,0.006367,0.000321,0.993312
2220,1,0.988406,0.000302,0.011293
2221,1,0.002559,0.000169,0.997272
2222,1,0.053320,0.000196,0.946483
2223,1,0.520850,0.000309,0.478841
2224,1,0.040864,0.000220,0.958916
2225,1,0.004278,0.000132,0.995591
2226,0,0.000563,0.000067,0.999370
2227,0,0.162578,0.000381,0.837041
2228,0,0.002905,0.000104,0.996991
2229,1,0.000259,0.000228,0.999514
2230,1,0.084587,0.000345,0.915068
2231,1,0.000621,0.000145,0.999233
2232,0,0.058131,0.000424,0.941445
2233,1,0.000452,0.000074,0.999474
2234,0,0.002445,0.000062,0.997493
2235,1,0.059520,0.000344,0.940135
2236,1,0.000339,0.000049,0.999612
2237,1,0.011002,0.000135,0.988864
2238,1,0.003267,0.000117,0.996616
2239,0,0.989010,0.000253,0.010737
2240,0,0.008384,0.000473,0.991143
2241,1,0.954376,0.000334,0.045291
2242,0,0.000421,0.000049,0.999530
2243,1,0.983250,0.000190,0.016559
2244,1,0.997657,0.000589,0.001754
2245,0,0.000791,0.000096,0.999113
2246,0,0.000149,0.000127,0.999724
2247,1,0.951304,0.000756,0.047940
2248,1,0.986069,0.000346,0.013585
2249,1,0.989978,0.000180,0.009842
2250,0,0.000567,0.000215,0.999217
2251,0,0.024484,0.000134,0.975382
2252,0,0.998281,0.000335,0.001384
2253,0,0.000293,0.000052,0.999655
2254,0,0.010734,0.000083,0.989183
2255,1,0.335813,0.652676,0.011511
2256,1,0.000544,0.005687,0.993769
2257,0,0.504226,0.001351,0.494423
2258,1,0.231097,0.749322,0.019581
2259,1,0.818689,0.000362,0.180949
2260,0,0.023683,0.000124,0.976194
2261,1,0.958314,0.000197,0.041488
2262,0,0.000144,0.000066,0.999790
2263,0,0.000537,0.000134,0.999329
2264,0,0.000132,0.000097,0.999771
2265,1,0.797800,0.000635,0.201565
2266,0,0.000344,0.000074,0.999582
2267,1,0.001056,0.000254,0.998690
2268,1,0.982097,0.000435,0.017469
2269,1,0.998725,0.000287,0.000988
2270,1,0.998254,0.000206,0.001540
2271,1,0.038717,0.000918,0.960365
2272,0,0.324478,0.003832,0.671690
2273,0,0.883094,0.000472,0.116434
2274,1,0.998141,0.000232,0.001627
2275,1,0.995814,0.001552,0.002634
2276,1,0.994617,0.000377,0.005006
2277,1,0.015387,0.619601,0.365012
2278,1,0.001346,0.000166,0.998488
2279,1,0.995950,0.000377,0.003673
2280,1,0.970612,0.000246,0.029142
2281,1,0.071077,0.002440,0.926483
2282,1,0.994600,0.001557,0.003842
2283,0,0.002412,0.000100,0.997488
2284,1,0.000953,0.736998,0.262049
2285,1,0.000450,0.000077,0.999473
2286,1,0.998969,0.000275,0.000755
2287,1,0.997909,0.000296,0.001795
2288,1,0.993312,0.005820,0.000868
2289,1,0.000243,0.000300,0.999457
2290,0,0.001800,0.000246,0.997954
2291,1,0.991279,0.000370,0.008351
2292,1,0.004187,0.000065,0.995748
2293,1,0.181914,0.000456,0.817630
2294,1,0.997157,0.001191,0.001652
2295,0,0.000227,0.000071,0.999702
2296,0,0.000122,0.000070,0.999808
2297,1,0.628606,0.000443,0.370951
2298,1,0.003337,0.000162,0.996501
2299,0,0.490708,0.000341,0.508951
2300,0,0.000298,0.001886,0.997816
2301,0,0.362771,0.001955,0.635274
2302,0,0.051437,0.000263,0.948300
2303,1,0.217505,0.063189,0.719307
2304,1,0.994352,0.000289,0.005359
2305,1,0.011198,0.000169,0.988633
2306,1,0.997836,0.000133,0.002031
2307,1,0.000911,0.000281,0.998808
2308,0,0.003846,0.000076,0.996079
2309,0,0.059780,0.000160,0.940059
2310,1,0.982811,0.000436,0.016753
2311,1,0.008410,0.000396,0.991194
2312,0,0.000143,0.000115,0.999742
2313,1,0.065675,0.897472,0.036853
2314,1,0.025987,0.000304,0.973709
2315,1,0.997646,0.000489,0.001864
2316,1,0.682743,0.000667,0.316590
2317,0,0.104154,0.000172,0.895674
2318,1,0.023966,0.000203,0.975831
2319,1,0.001399,0.000103,0.998497
2320,1,0.038750,0.000660,0.960589
2321,1,0.984661,0.000337,0.015002
2322,1,0.036747,0.000166,0.963087
2323,1,0.001466,0.003173,0.995362
2324,1,0.994751,0.000171,0.005078
2325,1,0.000981,0.000121,0.998898
2326,1,0.000827,0.000106,0.999067
2327,0,0.000356,0.000051,0.999592
2328,0,0.000616,0.000073,0.999311
2329,1,0.012241,0.841438,0.146321
2330,1,0.259709,0.000948,0.739343
2331,1,0.000876,0.000140,0.998984
2332,1,0.027103,0.000278,0.972620
2333,0,0.001868,0.000085,0.998047
2334,0,0.000768,0.000050,0.999182
2335,0,0.000254,0.000085,0.999661
2336,0,0.000487,0.000273,0.999240
2337,1,0.901910,0.000339,0.097751
2338,0,0.000220,0.000071,0.999709
2339,1,0.303133,0.009764,0.687104
2340,1,0.998497,0.000695,0.000808
2341,1,0.071725,0.000561,0.927714
2342,1,0.813253,0.000752,0.185994
2343,0,0.000305,0.000077,0.999618
2344,1,0.994576,0.000237,0.005188
2345,1,0.651305,0.004377,0.344319
2346,0,0.000156,0.000077,0.999767
2347,1,0.001089,0.000243,0.998667
2348,1,0.997896,0.000367,0.001737
2349,1,0.309796,0.000286,0.689918
2350,1,0.250165,0.001823,0.748012
2351,0,0.641666,0.000708,0.357626
2352,0,0.000137,0.000096,0.999767
2353,1,0.975399,0.000416,0.024184
2354,1,0.003047,0.000085,0.996869
2355,1,0.000166,0.000116,0.999718
2356,1,0.999130,0.000254,0.000616
2357,1,0.984449,0.000408,0.015143
2358,1,0.823454,0.001876,0.174669
2359,1,0.999068,0.000334,0.000598
2360,0,0.997811,0.000253,0.001936
2361,1,0.998354,0.000343,0.001303
2362,1,0.991117,0.000440,0.008443
2363,1,0.998936,0.000211,0.000852
2364,1,0.999178,0.000203,0.000620
2365,1,0.001326,0.000050,0.998624
2366,1,0.982692,0.000399,0.016910
2367,1,0.000349,0.000061,0.999590
2368,0,0.994466,0.000139,0.005395
2369,1,0.002739,0.000091,0.997170
2370,1,0.629285,0.000453,0.370263
2371,0,0.001499,0.000058,0.998444
2372,0,0.614573,0.000801,0.384626
2373,0,0.000833,0.000075,0.999092
2374,1,0.999330,0.000351,0.000319
2375,0,0.000657,0.000190,0.999153
2376,1,0.997225,0.000191,0.002584
2377,0,0.153320,0.002079,0.844601
2378,1,0.037997,0.014130,0.947873
2379,0,0.000675,0.000064,0.999261
2380,1,0.000489,0.000086,0.999425
2381,1,0.992319,0.001035,0.006646
2382,1,0.998857,0.000208,0.000935
2383,0,0.000913,0.000055,0.999032
2384,1,0.997948,0.000286,0.001766
2385,1,0.998676,0.000445,0.000879
2386,1,0.000181,0.000106,0.999713
2387,1,0.997711,0.000394,0.001895
2388,0,0.001432,0.000061,0.998507
2389,1,0.994052,0.000242,0.005706
2390,0,0.058696,0.330029,0.611275
2391,0,0.924076,0.000286,0.075638
2392,1,0.991678,0.000281,0.008041
2393,1,0.855414,0.000276,0.144309
2394,1,0.989907,0.000255,0.009838
2395,0,0.000139,0.000069,0.999792
2396,0,0.193419,0.022283,0.784297
2397,1,0.998879,0.000154,0.000967
2398,1,0.996839,0.000271,0.002890
2399,0,0.000342,0.000095,0.999563
2400,0,0.000188,0.000088,0.999724
2401,0,0.000173,0.000072,0.999756
2402,0,0.000354,0.000091,0.999555
2403,0,0.000263,0.000074,0.999664
2404,1,0.009269,0.000073,0.990658
2405,1,0.000323,0.000102,0.999575
2406,0,0.002831,0.000126,0.997043
2407,1,0.978305,0.000331,0.021364
2408,0,0.000173,0.000076,0.999751
2409,0,0.000236,0.000060,0.999704
2410,0,0.000117,0.000110,0.999773
2411,0,0.000265,0.000127,0.999608
2412,1,0.926061,0.000305,0.073634
2413,1,0.998854,0.000158,0.000988
2414,0,0.004149,0.000112,0.995739
2415,0,0.000126,0.000082,0.999792
2416,1,0.990588,0.001116,0.008297
2417,0,0.000402,0.000061,0.999537
2418,1,0.000253,0.000057,0.999690
2419,1,0.001442,0.007434,0.991125
2420,1,0.567224,0.000368,0.432408
2421,1,0.005596,0.000095,0.994309
2422,0,0.000379,0.000096,0.999525
2423,1,0.290197,0.000414,0.709389
2424,0,0.000140,0.000102,0.999758
2425,0,0.127515,0.000641,0.871844
2426,0,0.006552,0.000262,0.993186
2427,1,0.000327,0.000063,0.999611
2428,0,0.000154,0.000083,0.999763
2429,1,0.000112,0.000077,0.999811
2430,0,0.000542,0.000044,0.999414
2431,1,0.984642,0.000212,0.015146
2432,1,0.387139,0.019389,0.593471
2433,1,0.809010,0.002366,0.188624
2434,0,0.003155,0.000210,0.996635
2435,0,0.049922,0.000196,0.949881
2436,1,0.014216,0.000190,0.985593
2437,1,0.974171,0.000291,0.025538
2438,0,0.399067,0.001044,0.599890
2439,0,0.000308,0.000060,0.999632
2440,0,0.000226,0.000065,0.999709
2441,0,0.930881,0.000531,0.068587
2442,0,0.000103,0.000085,0.999811
2443,0,0.000461,0.000076,0.999463
2444,1,0.096776,0.000828,0.902396
2445,0,0.032929,0.000557,0.966514
2446,1,0.525344,0.000494,0.474162
2447,1,0.000330,0.000068,0.999602
2448,1,0.998293,0.000216,0.001491
2449,1,0.005263,0.000279,0.994458
2450,1,0.074643,0.020072,0.905285
2451,0,0.000112,0.000137,0.999751
2452,1,0.001542,0.000055,0.998403
2453,0,0.022731,0.000250,0.977019
2454,1,0.025666,0.000216,0.974118
2455,1,0.021817,0.000161,0.978022
2456,1,0.001127,0.000090,0.998783
2457,1,0.998009,0.000370,0.001621
2458,0,0.000284,0.000176,0.999540
2459,1,0.441070,0.001824,0.557105
2460,1,0.000666,0.000128,0.999207
2461,0,0.000120,0.000279,0.999600
2462,0,0.000121,0.000202,0.999677
2463,1,0.878364,0.018984,0.102652
2464,1,0.000360,0.000169,0.999470
2465,0,0.147682,0.000359,0.851959
2466,0,0.003089,0.000093,0.996818
2467,1,0.456699,0.110557,0.432744
2468,0,0.000372,0.000063,0.999565
2469,0,0.000248,0.000122,0.999630
2470,0,0.998202,0.001154,0.000645
2471,1,0.998353,0.000171,0.001476
2472,1,0.332478,0.329325,0.338197
2473,0,0.000160,0.000062,0.999778
2474,0,0.000134,0.000100,0.999767
2475,0,0.000379,0.000085,0.999536
2476,0,0.139057,0.000289,0.860654
2477,0,0.000251,0.000081,0.999668
2478,1,0.848002,0.000776,0.151222
2479,0,0.000136,0.000086,0.999778
2480,0,0.006409,0.000129,0.993462
2481,0,0.000343,0.000061,0.999596
2482,0,0.985016,0.000269,0.014715
2483,0,0.000357,0.000102,0.999541
2484,0,0.040756,0.000135,0.959109
2485,1,0.005313,0.000555,0.994132
2486,0,0.002659,0.000054,0.997288
2487,0,0.000154,0.000159,0.999687
2488,1,0.958054,0.000385,0.041561
2489,0,0.000156,0.000182,0.999663
2490,1,0.000334,0.001330,0.998337
2491,0,0.000498,0.000307,0.999195
2492,1,0.428509,0.000659,0.570832
2493,0,0.000126,0.000097,0.999777
2494,0,0.000509,0.000062,0.999430
2495,0,0.003717,0.000134,0.996149
2496,1,0.993617,0.000233,0.006150
2497,0,0.000126,0.000082,0.999792
2498,1,0.629810,0.001077,0.369113
2499,0,0.000379,0.000077,0.999543
2500,0,0.000158,0.000149,0.999693
2501,1,0.001295,0.000072,0.998634
2502,0,0.005217,0.000082,0.994701
2503,1,0.173154,0.000679,0.826167
2504,1,0.996264,0.000243,0.003493
2505,0,0.995768,0.000274,0.003959
2506,1,0.999015,0.000333,0.000652
2507,0,0.000171,0.000136,0.999693
2508,1,0.999117,0.000190,0.000693
2509,1,0.050715,0.004655,0.944630
2510,1,0.997206,0.000323,0.002471
2511,0,0.003584,0.000087,0.996328
2512,0,0.047421,0.000306,0.952273
2513,1,0.967082,0.000219,0.032699
2514,1,0.226457,0.001482,0.772061
2515,1,0.993941,0.000397,0.005661
2516,1,0.021946,0.000922,0.977132
2517,1,0.684787,0.001491,0.313723
2518,1,0.000168,0.000055,0.999777
2519,1,0.998985,0.000419,0.000595
2520,1,0.519261,0.304612,0.176126
2521,1,0.000597,0.000077,0.999327
2522,1,0.962506,0.000206,0.037288
2523,1,0.006053,0.000134,0.993813
2524,1,0.998710,0.000320,0.000971
2525,1,0.981704,0.000189,0.018107
2526,0,0.000865,0.000053,0.999082
2527,1,0.004251,0.000115,0.995635
2528,1,0.978064,0.000243,0.021693
2529,1,0.111871,0.000444,0.887684
2530,0,0.000511,0.000102,0.999387
2531,0,0.000148,0.000068,0.999783
2532,1,0.950431,0.000805,0.048763
2533,0,0.000268,0.000080,0.999653
2534,1,0.001807,0.667575,0.330618
2535,1,0.000143,0.000131,0.999725
2536,0,0.001276,0.000104,0.998620
2537,1,0.282037,0.599447,0.118516
2538,1,0.991989,0.002864,0.005147
2539,1,0.100493,0.001401,0.898106
2540,0,0.250221,0.000306,0.749474
2541,0,0.001873,0.000234,0.997893
2542,1,0.994724,0.000276,0.004999
2543,0,0.124299,0.000244,0.875457
2544,0,0.016307,0.000195,0.983498
2545,0,0.114344,0.124371,0.761285
2546,0,0.000884,0.000708,0.998407
2547,0,0.001852,0.000230,0.997918
2548,0,0.990079,0.000166,0.009756
2549,1,0.011099,0.012959,0.975942
2550,1,0.995159,0.000678,0.004163
2551,0,0.686275,0.000680,0.313046
2552,0,0.001934,0.000097,0.997969
2553,0,0.000125,0.000107,0.999768
2554,1,0.996700,0.002513,0.000786
2555,0,0.994824,0.000173,0.005003
2556,1,0.329729,0.004869,0.665402
2557,0,0.000637,0.000059,0.999304
2558,1,0.001987,0.001977,0.996036
2559,1,0.442009,0.000627,0.557364
2560,1,0.248391,0.000500,0.751109
2561,1,0.053895,0.889192,0.056913
2562,1,0.000222,0.000119,0.999658
2563,1,0.504718,0.002625,0.492657
2564,0,0.013159,0.000111,0.986730
2565,1,0.150150,0.000278,0.849571
2566,1,0.903080,0.001010,0.095910
2567,1,0.992669,0.000276,0.007056
2568,1,0.959909,0.001567,0.038524
2569,0,0.346876,0.643518,0.009605
2570,1,0.993924,0.000618,0.005459
2571,0,0.000170,0.000059,0.999771
2572,0,0.000187,0.000224,0.999590
2573,1,0.039005,0.846057,0.114938
2574,0,0.000122,0.000081,0.999797
2575,1,0.052263,0.302684,0.645052
2576,1,0.118576,0.000517,0.880907
2577,1,0.900498,0.000588,0.098914
2578,1,0.002563,0.000655,0.996782
2579,1,0.005039,0.000157,0.994804
2580,1,0.082051,0.009507,0.908441
2581,1,0.017170,0.000652,0.982178
2582,1,0.620044,0.021943,0.358013
2583,0,0.035544,0.011524,0.952932
2584,1,0.270051,0.003201,0.726748
2585,1,0.855590,0.000699,0.143711
2586,1,0.995252,0.004556,0.000192
2587,0,0.000611,0.000097,0.999292
2588,0,0.000831,0.000083,0.999086
2589,0,0.000233,0.000053,0.999714
2590,0,0.439193,0.000283,0.560524
2591,0,0.000120,0.000094,0.999787
2592,0,0.000438,0.000086,0.999476
2593,1,0.011809,0.001559,0.986632
2594,0,0.000572,0.000088,0.999340
2595,1,0.986474,0.000312,0.013214
2596,1,0.998104,0.000221,0.001675
2597,1,0.017054,0.003518,0.979428
2598,1,0.001087,0.000642,0.998271
2599,0,0.001047,0.000193,0.998760
2600,0,0.046854,0.001961,0.951185
2601,1,0.655798,0.000401,0.343801
2602,1,0.728624,0.019696,0.251680
2603,1,0.998982,0.000370,0.000648
2604,0,0.003397,0.000065,0.996539
2605,1,0.014709,0.000445,0.984846
2606,1,0.162813,0.001640,0.835546
2607,1,0.998140,0.000221,0.001639
2608,1,0.956530,0.000671,0.042799
2609,1,0.596463,0.000579,0.402958
2610,1,0.992077,0.000184,0.007739
2611,0,0.009540,0.000116,0.990344
2612,1,0.997783,0.000150,0.002067
2613,1,0.991719,0.000187,0.008095
2614,0,0.112980,0.000767,0.886253
2615,1,0.079576,0.002312,0.918113
2616,1,0.039799,0.000339,0.959862
2617,1,0.001474,0.000065,0.998461
2618,1,0.017744,0.000196,0.982060
2619,1,0.384457,0.483416,0.132127
2620,1,0.107111,0.007516,0.885373
2621,0,0.988199,0.000482,0.011319
2622,1,0.012178,0.015375,0.972447
2623,1,0.995544,0.001627,0.002829
2624,1,0.961508,0.001612,0.036879
2625,0,0.000152,0.000060,0.999788
2626,0,0.000238,0.000245,0.999517
2627,0,0.001388,0.000083,0.998529
2628,0,0.000401,0.000197,0.999403
2629,0,0.005329,0.000150,0.994521
2630,1,0.888207,0.001380,0.110414
2631,0,0.684844,0.000538,0.314618
2632,0,0.005484,0.000208,0.994308
2633,1,0.000365,0.000106,0.999530
2634,1,0.002158,0.000083,0.997759
2635,0,0.996370,0.001460,0.002170
2636,0,0.000363,0.000178,0.999458
2637,1,0.406918,0.011646,0.581436
2638,1,0.511210,0.001674,0.487116
2639,0,0.199817,0.000249,0.799935
2640,1,0.003801,0.000416,0.995783
2641,0,0.000145,0.000067,0.999787
2642,1,0.001731,0.000190,0.998078
2643,1,0.000172,0.000058,0.999771
2644,0,0.000243,0.000085,0.999672
2645,1,0.900151,0.000290,0.099559
2646,0,0.000289,0.000109,0.999602
2647,0,0.000170,0.000061,0.999769
2648,1,0.000396,0.000934,0.998670
2649,0,0.000155,0.000069,0.999776
2650,0,0.994113,0.001353,0.004534
2651,1,0.105633,0.000267,0.894100
2652,1,0.995691,0.000136,0.004174
2653,0,0.000858,0.000046,0.999097
2654,0,0.000103,0.000103,0.999793
2655,0,0.000214,0.000062,0.999724
2656,0,0.000811,0.000056,0.999132
2657,0,0.141393,0.000209,0.858399
2658,1,0.000312,0.000076,0.999612
2659,1,0.002198,0.000079,0.997724
2660,0,0.001162,0.000068,0.998770
2661,0,0.984315,0.000566,0.015119
2662,0,0.941326,0.000262,0.058412
2663,1,0.704727,0.000374,0.294898
2664,1,0.998745,0.000170,0.001085
2665,0,0.928244,0.001154,0.070602
2666,1,0.988163,0.000289,0.011549
2667,1,0.873057,0.001907,0.125036
2668,1,0.000225,0.000076,0.999699
2669,1,0.967114,0.000644,0.032242
2670,0,0.042527,0.000178,0.957296
2671,0,0.002332,0.000057,0.997612
2672,1,0.011817,0.737572,0.250611
2673,1,0.000220,0.000079,0.999701
2674,1,0.546540,0.108303,0.345157
2675,1,0.903437,0.000280,0.096283
2676,1,0.227534,0.000535,0.771931
2677,1,0.998774,0.000644,0.000582
2678,1,0.998365,0.000550,0.001085
2679,1,0.000257,0.000118,0.999625
2680,1,0.997898,0.000612,0.001491
2681,0,0.000561,0.000873,0.998567
2682,0,0.542840,0.027682,0.429479
2683,1,0.592263,0.000640,0.407098
2684,0,0.992370,0.000280,0.007350
2685,1,0.000442,0.000340,0.999218
2686,0,0.000203,0.000071,0.999726
2687,0,0.003015,0.000178,0.996807
2688,0,0.007987,0.000147,0.991867
2689,0,0.030728,0.000263,0.969009
2690,0,0.091931,0.000528,0.907541
2691,1,0.997078,0.001918,0.001004
2692,0,0.000275,0.000073,0.999652
2693,1,0.003037,0.000835,0.996127
2694,0,0.002218,0.000070,0.997712
2695,1,0.004636,0.000055,0.995309
2696,1,0.217320,0.686407,0.096273
2697,0,0.998945,0.000312,0.000742
2698,0,0.000230,0.000084,0.999686
2699,0,0.000241,0.000100,0.999659
2700,0,0.006188,0.000102,0.993710
2701,0,0.881082,0.000436,0.118482
2702,1,0.987933,0.000220,0.011847
2703,1,0.004801,0.724432,0.270767
2704,0,0.923836,0.001505,0.074659
2705,0,0.583833,0.000454,0.415713
2706,0,0.000145,0.000084,0.999770
2707,1,0.001511,0.008734,0.989755
2708,1,0.957450,0.007154,0.035396
2709,1,0.001484,0.000848,0.997668
2710,0,0.000435,0.000083,0.999482
2711,0,0.000282,0.000067,0.999651
2712,1,0.434917,0.000321,0.564762
2713,0,0.000396,0.000050,0.999554
2714,0,0.956077,0.000385,0.043538
2715,0,0.000432,0.000051,0.999516
2716,0,0.001171,0.000048,0.998781
2717,0,0.838523,0.001480,0.159997
2718,1,0.247457,0.000702,0.751841
2719,1,0.001058,0.000756,0.998186
2720,1,0.000763,0.000100,0.999137
2721,1,0.577944,0.299659,0.122397
2722,0,0.704848,0.000804,0.294348
2723,1,0.997426,0.002064,0.000510
2724,1,0.993275,0.000257,0.006468
2725,1,0.003743,0.000070,0.996187
2726,1,0.179615,0.457179,0.363206
2727,0,0.755184,0.000483,0.244333
2728,0,0.000404,0.000055,0.999541
2729,1,0.998233,0.001376,0.000391
2730,1,0.673962,0.000449,0.325589
2731,1,0.312278,0.002210,0.685513
2732,1,0.999241,0.000215,0.000544
2733,0,0.254117,0.000765,0.745118
2734,1,0.105363,0.003542,0.891095
2735,1,0.999039,0.000130,0.000831
2736,1,0.994851,0.000181,0.004968
2737,0,0.000141,0.000086,0.999773
2738,1,0.031343,0.000248,0.968409
2739,1,0.041496,0.000512,0.957992
2740,1,0.034966,0.000317,0.964717
2741,0,0.404717,0.000270,0.595013
2742,0,0.000310,0.000159,0.999531
2743,0,0.006490,0.000060,0.993450
2744,1,0.012988,0.921461,0.065551
2745,1,0.000435,0.000125,0.999440
2746,0,0.001113,0.000056,0.998831
2747,0,0.003663,0.000250,0.996086
2748,0,0.000168,0.000170,0.999662
2749,1,0.000486,0.000044,0.999470
2750,1,0.602685,0.012327,0.384988
2751,1,0.239795,0.001115,0.759090
2752,1,0.001700,0.000100,0.998200
2753,1,0.085957,0.002923,0.911120
2754,1,0.009825,0.000290,0.989885
2755,1,0.997846,0.000696,0.001458
2756,0,0.983713,0.000278,0.016009
2757,0,0.001186,0.000052,0.998762
2758,0,0.000145,0.000063,0.999792
2759,1,0.000513,0.000052,0.999435
2760,1,0.224976,0.000729,0.774295
2761,1,0.000190,0.000089,0.999721
2762,1,0.994660,0.000218,0.005122
2763,1,0.998051,0.000307,0.001643
2764,0,0.001099,0.000160,0.998741
2765,0,0.000499,0.000047,0.999453
2766,0,0.007955,0.000076,0.991969
2767,0,0.049373,0.000431,0.950195
2768,0,0.989244,0.000381,0.010374
2769,0,0.000290,0.000061,0.999649
2770,0,0.043372,0.023029,0.933600
2771,0,0.000473,0.000399,0.999128
2772,0,0.000392,0.000053,0.999554
2773,0,0.002012,0.000128,0.997860
2774,1,0.964837,0.000223,0.034940
2775,1,0.037345,0.492044,0.470611
2776,0,0.001226,0.000133,0.998642
2777,0,0.011506,0.000128,0.988365
2778,0,0.000123,0.000072,0.999805
2779,1,0.985925,0.000292,0.013783
2780,0,0.002120,0.000107,0.997774
2781,0,0.996854,0.000264,0.002882
2782,1,0.000317,0.000086,0.999597
2783,0,0.824299,0.001561,0.174140
2784,0,0.034064,0.078828,0.887108
2785,1,0.089294,0.000274,0.910432
2786,1,0.000230,0.000054,0.999715
2787,0,0.000265,0.000069,0.999667
2788,1,0.996989,0.000336,0.002675
2789,1,0.567152,0.000558,0.432290
2790,0,0.287233,0.007175,0.705592
2791,1,0.966546,0.000312,0.033142
2792,0,0.000342,0.000079,0.999579
2793,1,0.996952,0.002715,0.000333
2794,1,0.006132,0.000074,0.993794
2795,0,0.000111,0.000092,0.999797
2796,0,0.996563,0.000258,0.003180
2797,1,0.047558,0.000659,0.951784
2798,0,0.000893,0.000097,0.999010
2799,0,0.322003,0.000514,0.677483
2800,1,0.771490,0.000924,0.227586
2801,0,0.001662,0.000093,0.998245
2802,0,0.139244,0.000333,0.860423
2803,1,0.986968,0.008990,0.004042
2804,0,0.002920,0.000068,0.997012
2805,0,0.000947,0.001063,0.997990
2806,0,0.002136,0.000210,0.997654
2807,1,0.997220,0.000710,0.002070
2808,1,0.138045,0.000895,0.861060
2809,1,0.017915,0.000100,0.981985
2810,1,0.004211,0.000069,0.995719
2811,1,0.135175,0.001061,0.863764
2812,1,0.001647,0.000055,0.998298
2813,1,0.996358,0.003274,0.000368
2814,1,0.989384,0.000431,0.010185
2815,1,0.154650,0.000304,0.845047
2816,1,0.492397,0.001989,0.505615
2817,1,0.990868,0.005999,0.003133
2818,0,0.000207,0.000086,0.999707
2819,1,0.941060,0.000373,0.058566
2820,1,0.876953,0.001580,0.121466
2821,0,0.001900,0.000107,0.997994
2822,0,0.043703,0.000414,0.955883
2823,1,0.022823,0.722189,0.254988
2824,1,0.101777,0.006596,0.891627
2825,0,0.001587,0.000193,0.998220
2826,0,0.000897,0.302370,0.696733
2827,1,0.001167,0.000060,0.998773
2828,0,0.002260,0.000118,0.997622
2829,0,0.000207,0.000065,0.999728
2830,1,0.970463,0.024204,0.005333
2831,0,0.002288,0.000095,0.997617
2832,0,0.000234,0.000144,0.999622
2833,1,0.001132,0.000074,0.998793
2834,1,0.032346,0.000144,0.967509
2835,1,0.057267,0.738824,0.203908
2836,1,0.000732,0.000064,0.999204
2837,1,0.996684,0.000226,0.003090
2838,1,0.990283,0.000241,0.009475
2839,0,0.000503,0.000071,0.999426
2840,0,0.000409,0.000075,0.999516
2841,1,0.000807,0.000070,0.999123
2842,1,0.497323,0.146088,0.356589
2843,1,0.997030,0.000202,0.002768
2844,1,0.762132,0.000739,0.237129
2845,1,0.331818,0.000805,0.667378
2846,1,0.974455,0.000420,0.025124
2847,1,0.999212,0.000166,0.000622
2848,1,0.995267,0.000360,0.004373
2849,1,0.966473,0.000437,0.033091
2850,1,0.000829,0.002041,0.997129
2851,1,0.999046,0.000252,0.000702
2852,1,0.001325,0.000370,0.998305
2853,0,0.000282,0.000055,0.999663
2854,1,0.006481,0.000072,0.993447
2855,0,0.997880,0.000186,0.001934
2856,1,0.994284,0.000702,0.005014
2857,1,0.996209,0.000238,0.003553
2858,1,0.741323,0.160990,0.097687
2859,1,0.209889,0.713108,0.077002
2860,1,0.022823,0.722189,0.254988
2861,1,0.010755,0.004120,0.985125
2862,0,0.000423,0.000079,0.999498
2863,1,0.002055,0.000529,0.997416
2864,1,0.748763,0.001822,0.249415
2865,1,0.965991,0.000326,0.033683
2866,1,0.998569,0.000218,0.001213
2867,1,0.000514,0.000080,0.999406
2868,0,0.898552,0.000272,0.101177
2869,1,0.328961,0.000571,0.670469
2870,1,0.950890,0.000979,0.048131
2871,0,0.066591,0.000185,0.933225
2872,1,0.034915,0.867934,0.097152
2873,0,0.011381,0.000183,0.988436
2874,0,0.657352,0.001172,0.341476
2875,0,0.000119,0.000113,0.999767
2876,0,0.010601,0.003223,0.986176
2877,0,0.000588,0.000082,0.999330
2878,0,0.000220,0.000074,0.999706
2879,0,0.002235,0.000069,0.997696
2880,1,0.432743,0.007211,0.560046
2881,0,0.000861,0.000052,0.999087
2882,1,0.999098,0.000325,0.000577
2883,0,0.001021,0.000062,0.998917
2884,1,0.000165,0.000071,0.999765
2885,0,0.012556,0.000124,0.987320
2886,0,0.301842,0.004416,0.693742
2887,0,0.005245,0.000072,0.994683
2888,1,0.005415,0.000329,0.994257
2889,0,0.004053,0.017560,0.978387
2890,0,0.013055,0.000262,0.986683
2891,0,0.000771,0.002579,0.996651
2892,1,0.004844,0.000083,0.995073
2893,0,0.718920,0.009715,0.271365
2894,1,0.972991,0.000282,0.026728
2895,1,0.025635,0.000144,0.974221
2896,1,0.997934,0.000257,0.001809
2897,0,0.401088,0.000943,0.597969
2898,0,0.000327,0.000055,0.999618
2899,0,0.000951,0.000072,0.998977
2900,0,0.001184,0.000290,0.998526
2901,0,0.991798,0.000220,0.007982
2902,1,0.034810,0.000172,0.965018
2903,0,0.000169,0.000068,0.999763
2904,0,0.002898,0.000211,0.996891
2905,0,0.000204,0.000098,0.999698
2906,0,0.000340,0.000075,0.999586
2907,1,0.078872,0.897434,0.023694
2908,1,0.001471,0.688166,0.310363
2909,0,0.847952,0.000284,0.151764
2910,1,0.997967,0.000216,0.001816
2911,1,0.957151,0.000289,0.042560
2912,1,0.999074,0.000259,0.000667
2913,1,0.006654,0.791422,0.201924
2914,1,0.998953,0.000248,0.000799
2915,1,0.998276,0.000169,0.001555
2916,1,0.997492,0.001779,0.000729
2917,1,0.999308,0.000312,0.000380
2918,1,0.062052,0.003661,0.934286
2919,0,0.017086,0.000133,0.982781
2920,0,0.988906,0.001043,0.010051
2921,1,0.072625,0.023329,0.904046
2922,0,0.931277,0.002226,0.066497
2923,0,0.001391,0.000065,0.998544
2924,1,0.004990,0.000163,0.994847
2925,1,0.108867,0.007667,0.883465
2926,1,0.980019,0.000219,0.019763
2927,1,0.194997,0.000218,0.804785
2928,1,0.022364,0.000377,0.977260
2929,0,0.000208,0.000076,0.999717
2930,0,0.032194,0.000253,0.967553
2931,1,0.559027,0.000515,0.440458
2932,0,0.000258,0.000080,0.999662
2933,0,0.001704,0.000195,0.998101
2934,1,0.994265,0.002552,0.003183
2935,1,0.000135,0.000076,0.999789
2936,0,0.001386,0.000058,0.998556
2937,1,0.000457,0.000079,0.999464
2938,1,0.000680,0.000784,0.998536
2939,1,0.198789,0.000370,0.800841
2940,0,0.000143,0.000063,0.999794
2941,1,0.995308,0.000254,0.004438
2942,1,0.001093,0.001614,0.997293
2943,0,0.394502,0.026371,0.579128
2944,0,0.001542,0.006121,0.992337
2945,0,0.000460,0.000168,0.999373
2946,0,0.002874,0.000121,0.997005
2947,1,0.999067,0.000513,0.000420
2948,0,0.823801,0.013594,0.162605
2949,1,0.769890,0.001093,0.229017
2950,1,0.000160,0.000331,0.999509
2951,0,0.000195,0.000063,0.999741
2952,1,0.170917,0.000438,0.828644
2953,0,0.000328,0.000061,0.999612
2954,0,0.004430,0.000073,0.995497
2955,0,0.000642,0.000159,0.999199
2956,1,0.990161,0.009489,0.000350
2957,1,0.000283,0.000052,0.999666
2958,0,0.972786,0.000241,0.026973
2959,0,0.000115,0.000084,0.999801
2960,0,0.018453,0.154439,0.827107
2961,0,0.002085,0.000075,0.997840
2962,0,0.401384,0.000623,0.597994
2963,0,0.000359,0.000094,0.999547
2964,0,0.000411,0.000080,0.999509
2965,0,0.000738,0.000083,0.999178
2966,1,0.878443,0.000458,0.121099
2967,0,0.000715,0.000112,0.999173
2968,0,0.002252,0.000069,0.997678
2969,0,0.989272,0.000189,0.010539
2970,0,0.000306,0.000063,0.999631
2971,0,0.000628,0.000081,0.999291
2972,0,0.001802,0.000801,0.997397
2973,0,0.000797,0.000235,0.998968
2974,1,0.992036,0.000380,0.007584
2975,0,0.970867,0.000487,0.028647
2976,1,0.998636,0.000204,0.001160
2977,1,0.997198,0.000148,0.002654
2978,1,0.000148,0.000089,0.999763
2979,0,0.001946,0.000127,0.997927
2980,0,0.020351,0.000185,0.979463
2981,1,0.648586,0.000424,0.350989
2982,0,0.000250,0.000061,0.999688
2983,0,0.000194,0.000075,0.999731
2984,1,0.985915,0.000360,0.013725
2985,0,0.049060,0.000453,0.950488
2986,1,0.791584,0.000551,0.207866
2987,1,0.081371,0.000443,0.918186
2988,1,0.000143,0.000096,0.999762
2989,0,0.000205,0.000064,0.999730
2990,0,0.001438,0.000070,0.998492
2991,0,0.154645,0.000256,0.845099
2992,1,0.750258,0.041613,0.208129
2993,1,0.001384,0.000271,0.998345
2994,1,0.997844,0.001244,0.000912
2995,0,0.890246,0.000224,0.109530
2996,1,0.000238,0.000055,0.999707
2997,0,0.000174,0.002665,0.997162
2998,0,0.000142,0.000073,0.999785
2999,0,0.020628,0.000152,0.979220
