row_id,gold,p_hate,p_offensive,p_normal
0,1,0.022843,0.000769,0.976388
1,1,0.095306,0.450142,0.454552
2,1,0.001459,0.000287,0.998255
3,1,0.781074,0.001208,0.217718
4,0,0.003378,0.004372,0.992250
5,0,0.009144,0.004124,0.986732
6,0,0.004318,0.003092,0.992591
7,0,0.007614,0.000368,0.992018
8,0,0.369577,0.001846,0.628576
9,0,0.057449,0.001542,0.941010
10,1,0.990382,0.001093,0.008525
11,0,0.149584,0.001149,0.849268
12,1,0.523649,0.002382,0.473969
13,0,0.002991,0.000676,0.996333
14,0,0.628511,0.001228,0.370262
15,0,0.230958,0.013031,0.756011
16,1,0.742029,0.113427,0.144543
17,1,0.023976,0.008844,0.967180
18,0,0.002092,0.000675,0.997233
19,1,0.012961,0.000358,0.986681
20,1,0.023744,0.000700,0.975556
21,0,0.021824,0.000914,0.977261
22,0,0.001801,0.000289,0.997910
23,0,0.378907,0.387957,0.233136
24,1,0.072494,0.119163,0.808343
25,0,0.001968,0.000375,0.997657
26,0,0.001411,0.000299,0.998290
27,1,0.279377,0.001111,0.719513
28,1,0.234205,0.000924,0.764871
29,1,0.069141,0.012427,0.918432
30,1,0.008803,0.000470,0.990727
31,1,0.007102,0.000325,0.992573
32,1,0.096440,0.019073,0.884487
33,0,0.703030,0.001343,0.295626
34,1,0.010168,0.003895,0.985937
35,0,0.008499,0.000398,0.991103
36,1,0.432125,0.048335,0.519540
37,1,0.136684,0.000751,0.862565
38,0,0.018653,0.001324,0.980023
39,1,0.985054,0.001353,0.013593
40,1,0.012259,0.001427,0.986314
41,0,0.004728,0.000292,0.994980
42,0,0.187140,0.001934,0.810926
43,0,0.002145,0.011565,0.986291
44,1,0.002937,0.000320,0.996744
45,0,0.032330,0.001310,0.966360
46,0,0.039760,0.033429,0.926811
47,0,0.237645,0.002112,0.760243
48,1,0.568960,0.055305,0.375735
49,0,0.081634,0.000763,0.917603
50,1,0.813291,0.001261,0.185448
51,0,0.036825,0.000583,0.962592
52,0,0.002791,0.000265,0.996944
53,0,0.000815,0.000324,0.998861
54,0,0.073906,0.000680,0.925414
55,1,0.001371,0.000855,0.997775
56,0,0.000806,0.000329,0.998865
57,1,0.799225,0.000991,0.199784
58,1,0.462076,0.002230,0.535694
59,0,0.007807,0.000345,0.991848
60,0,0.002677,0.000369,0.996955
61,1,0.931575,0.001409,0.067015
62,1,0.597116,0.271411,0.131472
63,0,0.003346,0.000486,0.996168
64,1,0.930855,0.001102,0.068043
65,1,0.806007,0.001404,0.192589
66,1,0.006234,0.001865,0.991901
67,1,0.092714,0.001430,0.905856
68,0,0.002261,0.000336,0.997403
69,1,0.917439,0.000947,0.081614
70,0,0.001655,0.000273,0.998072
71,1,0.005761,0.000299,0.993940
72,0,0.014892,0.000420,0.984687
73,0,0.092770,0.001153,0.906077
74,0,0.035685,0.000588,0.963727
75,0,0.049095,0.000659,0.950246
76,0,0.003281,0.000273,0.996446
77,1,0.422684,0.002617,0.574700
78,0,0.005282,0.001353,0.993365
79,0,0.001482,0.000262,0.998255
80,1,0.117377,0.001127,0.881496
81,0,0.002885,0.000891,0.996224
82,1,0.958034,0.003033,0.038933
83,0,0.492220,0.001041,0.506738
84,1,0.981703,0.000848,0.017449
85,1,0.023953,0.001354,0.974693
86,0,0.002068,0.000241,0.997692
87,0,0.097594,0.001380,0.901026
88,1,0.638788,0.001297,0.359916
89,0,0.001811,0.000334,0.997855
90,0,0.002028,0.000566,0.997405
91,1,0.021545,0.000434,0.978022
92,1,0.004513,0.018393,0.977094
93,1,0.741839,0.001777,0.256384
94,0,0.003135,0.000332,0.996533
95,1,0.255114,0.001084,0.743803
96,0,0.001249,0.000338,0.998413
97,1,0.928473,0.000895,0.070632
98,1,0.004102,0.000354,0.995544
99,1,0.013411,0.448927,0.537662
100,0,0.004559,0.000346,0.995095
101,0,0.500596,0.007145,0.492259
102,0,0.001371,0.000314,0.998315
103,1,0.273952,0.001816,0.724232
104,1,0.008923,0.000327,0.990750
105,1,0.461419,0.486237,0.052344
106,1,0.432125,0.048335,0.519540
107,1,0.705313,0.001232,0.293455
108,0,0.006266,0.000608,0.993126
109,0,0.153528,0.001043,0.845428
110,0,0.010840,0.000351,0.988810
111,1,0.224297,0.001243,0.774461
112,0,0.003790,0.001882,0.994328
113,0,0.001182,0.001201,0.997617
114,0,0.659624,0.001340,0.339036
115,1,0.372486,0.001546,0.625968
116,0,0.032143,0.331168,0.636689
117,0,0.002390,0.000482,0.997128
118,0,0.137904,0.236734,0.625363
119,1,0.437877,0.449914,0.112209
120,1,0.979830,0.000852,0.019318
121,0,0.001062,0.000298,0.998641
122,0,0.014396,0.000563,0.985041
123,1,0.005621,0.000433,0.993946
124,1,0.010444,0.011586,0.977970
125,0,0.014835,0.610000,0.375165
126,0,0.001445,0.000487,0.998067
127,1,0.955748,0.000861,0.043391
128,1,0.008364,0.000596,0.991041
129,1,0.783434,0.001838,0.214727
130,1,0.159861,0.001840,0.838300
131,1,0.011805,0.000539,0.987657
132,0,0.017302,0.000526,0.982172
133,0,0.001453,0.000375,0.998173
134,0,0.004294,0.000607,0.995099
135,1,0.008869,0.000299,0.990832
136,1,0.005600,0.000307,0.994093
137,0,0.036167,0.000447,0.963386
138,1,0.513717,0.002388,0.483895
139,0,0.002430,0.000417,0.997154
140,0,0.007683,0.000297,0.992020
141,0,0.028813,0.000517,0.970670
142,1,0.003587,0.000320,0.996093
143,0,0.040703,0.001204,0.958093
144,1,0.293824,0.001185,0.704991
145,0,0.001297,0.001025,0.997678
146,1,0.534785,0.001834,0.463381
147,0,0.189658,0.001623,0.808719
148,0,0.005811,0.000314,0.993875
149,0,0.717292,0.001388,0.281320
150,1,0.210554,0.001649,0.787797
151,0,0.002808,0.000211,0.996980
152,0,0.008453,0.000518,0.991029
153,0,0.257303,0.001272,0.741424
154,0,0.005228,0.000484,0.994288
155,1,0.062506,0.000924,0.936569
156,1,0.961047,0.000966,0.037987
157,1,0.004295,0.000440,0.995265
158,1,0.002413,0.000609,0.996978
159,0,0.003595,0.000443,0.995962
160,1,0.794530,0.001798,0.203672
161,0,0.004778,0.001220,0.994002
162,1,0.176078,0.002170,0.821752
163,1,0.001413,0.000343,0.998244
164,1,0.002611,0.000238,0.997151
165,0,0.002055,0.000376,0.997568
166,0,0.259550,0.001746,0.738704
167,0,0.004256,0.000330,0.995414
168,0,0.044988,0.000897,0.954116
169,1,0.802077,0.001435,0.196488
170,0,0.087416,0.000831,0.911753
171,0,0.001224,0.000436,0.998340
172,0,0.006617,0.000287,0.993096
173,0,0.003679,0.000485,0.995837
174,1,0.077026,0.000487,0.922486
175,0,0.004310,0.000277,0.995413
176,0,0.113485,0.017270,0.869245
177,0,0.416008,0.002030,0.581961
178,1,0.004161,0.000308,0.995531
179,0,0.003551,0.000261,0.996187
180,0,0.003653,0.000358,0.995989
181,1,0.461105,0.467748,0.071147
182,0,0.265511,0.002207,0.732282
183,0,0.003085,0.000385,0.996530
184,0,0.007569,0.031955,0.960476
185,0,0.031170,0.000622,0.968208
186,0,0.006127,0.000305,0.993568
187,1,0.821190,0.001253,0.177558
188,0,0.029001,0.001094,0.969906
189,0,0.950301,0.000886,0.048813
190,0,0.376051,0.001683,0.622266
191,0,0.001550,0.000617,0.997833
192,0,0.012594,0.002579,0.984827
193,0,0.003057,0.000402,0.996541
194,0,0.007158,0.000359,0.992482
195,0,0.206612,0.000823,0.792565
196,0,0.002449,0.000257,0.997294
197,1,0.097698,0.000990,0.901312
198,0,0.373549,0.003724,0.622728
199,0,0.672709,0.001248,0.326044
200,0,0.006985,0.000402,0.992613
201,0,0.023193,0.000469,0.976338
202,0,0.050613,0.000473,0.948914
203,0,0.003045,0.000297,0.996658
204,0,0.001262,0.000257,0.998481
205,0,0.003695,0.000293,0.996013
206,1,0.041673,0.000647,0.957681
207,1,0.868103,0.001004,0.130893
208,1,0.064110,0.219051,0.716838
209,1,0.004777,0.003299,0.991924
210,0,0.604842,0.001093,0.394066
211,1,0.074275,0.017860,0.907865
212,1,0.103805,0.143610,0.752585
213,1,0.960141,0.001026,0.038834
214,1,0.896885,0.000976,0.102139
215,1,0.530699,0.437357,0.031944
216,1,0.161264,0.001539,0.837197
217,1,0.014615,0.000520,0.984865
218,1,0.984336,0.001110,0.014554
219,1,0.004777,0.003299,0.991924
220,1,0.608693,0.001080,0.390227
221,1,0.002632,0.000730,0.996638
222,1,0.004777,0.003299,0.991924
223,1,0.050672,0.171291,0.778036
224,1,0.905316,0.000913,0.093770
225,1,0.004777,0.003299,0.991924
226,1,0.750481,0.001731,0.247788
227,1,0.004777,0.003299,0.991924
228,1,0.167517,0.222695,0.609788
229,1,0.072987,0.000664,0.926348
230,1,0.069673,0.000845,0.929482
231,1,0.012120,0.000362,0.987518
232,1,0.004777,0.003299,0.991924
233,1,0.002940,0.001970,0.995089
234,1,0.047615,0.086204,0.866180
235,1,0.022830,0.001051,0.976119
236,1,0.033368,0.158715,0.807917
237,1,0.932856,0.000896,0.066249
238,1,0.004777,0.003299,0.991924
239,1,0.949954,0.002018,0.048028
240,1,0.083738,0.000916,0.915346
241,1,0.029914,0.000386,0.969700
242,1,0.940634,0.000817,0.058549
243,1,0.988898,0.001124,0.009978
244,1,0.013806,0.755475,0.230719
245,1,0.754294,0.001500,0.244206
246,1,0.032725,0.001622,0.965653
247,1,0.115061,0.399194,0.485745
248,1,0.898492,0.001958,0.099550
249,1,0.004194,0.005383,0.990423
250,1,0.392040,0.001426,0.606534
251,1,0.078047,0.225089,0.696864
252,1,0.058026,0.000884,0.941091
253,1,0.622183,0.043346,0.334471
254,0,0.028307,0.000505,0.971188
255,1,0.308353,0.000958,0.690688
256,1,0.003014,0.000455,0.996531
257,1,0.064229,0.000900,0.934871
258,0,0.008629,0.000357,0.991014
259,1,0.181110,0.001202,0.817688
260,1,0.927512,0.001791,0.070697
261,0,0.001871,0.000242,0.997887
262,0,0.005549,0.000374,0.994077
263,1,0.601298,0.002455,0.396247
264,1,0.098798,0.010714,0.890488
265,1,0.398056,0.190370,0.411574
266,0,0.555939,0.001843,0.442218
267,1,0.099631,0.000973,0.899397
268,1,0.568873,0.001671,0.429456
269,1,0.037652,0.000888,0.961460
270,0,0.282948,0.001284,0.715768
271,1,0.086877,0.000646,0.912477
272,0,0.104099,0.000726,0.895175
273,0,0.279378,0.001003,0.719619
274,0,0.092060,0.000608,0.907331
275,0,0.002808,0.000281,0.996911
276,1,0.519799,0.001902,0.478299
277,0,0.008565,0.000571,0.990864
278,1,0.004652,0.000484,0.994864
279,1,0.980384,0.000965,0.018650
280,1,0.934336,0.001121,0.064544
281,0,0.008884,0.000464,0.990652
282,0,0.008852,0.000539,0.990608
283,1,0.015265,0.001986,0.982749
284,0,0.004573,0.000663,0.994764
285,1,0.026584,0.000394,0.973022
286,1,0.097522,0.112264,0.790214
287,0,0.446811,0.369647,0.183542
288,0,0.001687,0.000344,0.997969
289,1,0.474400,0.113881,0.411719
290,0,0.571972,0.001927,0.426102
291,0,0.102078,0.000961,0.896962
292,0,0.010578,0.002738,0.986683
293,0,0.001600,0.000279,0.998120
294,1,0.034291,0.002818,0.962892
295,0,0.004041,0.008007,0.987952
296,0,0.039914,0.001587,0.958500
297,0,0.003343,0.000324,0.996334
298,1,0.012941,0.000953,0.986106
299,0,0.004586,0.000425,0.994989
300,1,0.069409,0.001956,0.928635
301,1,0.006607,0.000335,0.993058
302,0,0.009779,0.004981,0.985241
303,1,0.933283,0.037130,0.029587
304,1,0.020244,0.001463,0.978293
305,1,0.513432,0.005787,0.480781
306,0,0.017487,0.000501,0.982012
307,0,0.005259,0.000347,0.994394
308,1,0.832215,0.001220,0.166565
309,0,0.004362,0.007355,0.988282
310,1,0.987287,0.000998,0.011714
311,0,0.851771,0.001190,0.147039
312,1,0.038818,0.682408,0.278773
313,1,0.557479,0.001198,0.441323
314,1,0.528463,0.030549,0.440989
315,0,0.002936,0.000318,0.996746
316,0,0.031133,0.000527,0.968340
317,0,0.004983,0.000395,0.994621
318,1,0.004379,0.000291,0.995329
319,0,0.001307,0.000323,0.998370
320,1,0.831012,0.001493,0.167494
321,0,0.001936,0.000309,0.997754
322,0,0.126327,0.001048,0.872625
323,1,0.433182,0.002156,0.564661
324,0,0.003468,0.000485,0.996047
325,0,0.088774,0.158117,0.753109
326,1,0.322039,0.006237,0.671724
327,1,0.016626,0.000584,0.982790
328,0,0.005599,0.015878,0.978523
329,1,0.970644,0.000748,0.028609
330,1,0.306627,0.597003,0.096370
331,1,0.945989,0.001371,0.052639
332,1,0.555796,0.001538,0.442667
333,0,0.002737,0.001865,0.995398
334,1,0.008639,0.000626,0.990735
335,0,0.005133,0.000281,0.994586
336,0,0.002096,0.000615,0.997289
337,1,0.088100,0.000662,0.911238
338,0,0.764625,0.001203,0.234173
339,0,0.011216,0.002426,0.986357
340,0,0.002059,0.000619,0.997322
341,1,0.116378,0.001258,0.882363
342,1,0.862638,0.000968,0.136394
343,0,0.001692,0.000424,0.997883
344,0,0.001382,0.000550,0.998069
345,0,0.051009,0.000760,0.948231
346,0,0.274957,0.077857,0.647186
347,1,0.038121,0.001312,0.960567
348,0,0.017310,0.000492,0.982198
349,0,0.274308,0.001410,0.724282
350,1,0.969386,0.000956,0.029659
351,0,0.007120,0.000480,0.992400
352,1,0.002958,0.000400,0.996643
353,0,0.001693,0.000433,0.997874
354,0,0.045462,0.140191,0.814348
355,1,0.163504,0.000893,0.835603
356,0,0.036433,0.000816,0.962751
357,0,0.002063,0.000294,0.997643
358,0,0.001592,0.000356,0.998053
359,0,0.001104,0.000352,0.998544
360,0,0.001791,0.001043,0.997166
361,0,0.001541,0.000753,0.997706
362,1,0.041630,0.007388,0.950982
363,0,0.019179,0.000562,0.980260
364,1,0.850329,0.000928,0.148743
365,1,0.151383,0.011034,0.837583
366,0,0.007600,0.002008,0.990391
367,1,0.171987,0.001396,0.826617
368,1,0.946437,0.000945,0.052618
369,1,0.878648,0.001710,0.119643
370,1,0.932057,0.001261,0.066682
371,1,0.951365,0.001154,0.047481
372,0,0.009668,0.000373,0.989959
373,1,0.808023,0.001836,0.190141
374,0,0.878053,0.000890,0.121057
375,1,0.031476,0.000656,0.967867
376,1,0.034837,0.060676,0.904487
377,0,0.086396,0.000905,0.912699
378,0,0.005754,0.000325,0.993921
379,0,0.001822,0.000327,0.997850
380,1,0.995238,0.001805,0.002957
381,0,0.002397,0.000267,0.997336
382,0,0.288399,0.138622,0.572979
383,1,0.779603,0.003212,0.217185
384,0,0.811100,0.000986,0.187914
385,0,0.083483,0.000744,0.915773
386,0,0.387186,0.001509,0.611305
387,0,0.001166,0.000274,0.998560
388,0,0.004378,0.000342,0.995280
389,0,0.004199,0.000368,0.995433
390,0,0.002314,0.000313,0.997373
391,0,0.004094,0.000338,0.995569
392,1,0.833344,0.001480,0.165176
393,1,0.006016,0.000268,0.993715
394,1,0.046848,0.003140,0.950013
395,1,0.727344,0.002278,0.270378
396,1,0.116835,0.001182,0.881982
397,1,0.976091,0.000867,0.023042
398,1,0.063370,0.000919,0.935710
399,1,0.924326,0.001009,0.074665
400,1,0.025582,0.002274,0.972144
401,1,0.021141,0.000810,0.978048
402,1,0.336195,0.001053,0.662752
403,0,0.078704,0.000675,0.920621
404,1,0.035571,0.000777,0.963652
405,1,0.235632,0.255141,0.509226
406,1,0.772412,0.001694,0.225894
407,1,0.911400,0.000959,0.087641
408,1,0.049549,0.001931,0.948520
409,1,0.002093,0.000546,0.997361
410,0,0.452694,0.000984,0.546322
411,1,0.014583,0.000499,0.984918
412,0,0.066023,0.000840,0.933137
413,0,0.000874,0.000310,0.998816
414,1,0.007427,0.000724,0.991849
415,0,0.003392,0.000377,0.996232
416,0,0.001555,0.000254,0.998191
417,1,0.844689,0.001253,0.154058
418,1,0.616136,0.214163,0.169701
419,0,0.002239,0.000377,0.997384
420,1,0.020834,0.658276,0.320890
421,0,0.961487,0.001630,0.036882
422,1,0.022657,0.000972,0.976372
423,1,0.094266,0.790915,0.114819
424,1,0.048916,0.001505,0.949578
425,1,0.966568,0.000890,0.032542
426,1,0.007353,0.000428,0.992219
427,0,0.001202,0.000530,0.998268
428,1,0.018902,0.001052,0.980046
429,1,0.480190,0.003052,0.516758
430,0,0.002730,0.000422,0.996848
431,0,0.002044,0.000297,0.997658
432,0,0.015066,0.000670,0.984264
433,0,0.017042,0.000999,0.981959
434,0,0.016748,0.000589,0.982663
435,0,0.145670,0.001312,0.853018
436,0,0.565055,0.003485,0.431460
437,0,0.001418,0.000319,0.998263
438,0,0.019176,0.000713,0.980111
439,1,0.537780,0.001891,0.460328
440,0,0.001707,0.000299,0.997994
441,0,0.033494,0.006404,0.960102
442,1,0.739136,0.002065,0.258798
443,0,0.016272,0.003692,0.980036
444,0,0.011322,0.000563,0.988115
445,0,0.780866,0.001013,0.218121
446,0,0.003105,0.000665,0.996230
447,1,0.971324,0.001299,0.027377
448,0,0.003251,0.000311,0.996438
449,1,0.968059,0.001463,0.030478
450,0,0.006084,0.000389,0.993527
451,0,0.002062,0.000280,0.997658
452,1,0.708977,0.001748,0.289275
453,0,0.001156,0.000320,0.998524
454,1,0.002070,0.000340,0.997590
455,0,0.005148,0.000355,0.994498
456,1,0.776200,0.003185,0.220615
457,0,0.000757,0.000673,0.998570
458,1,0.958914,0.001291,0.039794
459,0,0.002549,0.000312,0.997139
460,0,0.114718,0.000817,0.884465
461,0,0.002336,0.000348,0.997316
462,0,0.001437,0.000377,0.998185
463,1,0.969333,0.002078,0.028589
464,1,0.824208,0.112109,0.063683
465,1,0.904981,0.000824,0.094195
466,1,0.970100,0.000844,0.029056
467,0,0.408753,0.001685,0.589562
468,0,0.001310,0.000316,0.998374
469,1,0.815475,0.001621,0.182904
470,1,0.564173,0.002005,0.433822
471,1,0.084426,0.000677,0.914896
472,1,0.962476,0.001094,0.036429
473,0,0.031130,0.000555,0.968315
474,1,0.030402,0.000806,0.968792
475,0,0.002529,0.000361,0.997110
476,1,0.098391,0.801824,0.099785
477,0,0.018563,0.004366,0.977072
478,0,0.080702,0.002886,0.916412
479,1,0.236031,0.328158,0.435811
480,1,0.985221,0.001158,0.013621
481,0,0.002940,0.001970,0.995089
482,0,0.055220,0.324466,0.620315
483,0,0.019058,0.000346,0.980596
484,1,0.970176,0.001131,0.028692
485,0,0.127209,0.001092,0.871699
486,1,0.983764,0.001392,0.014844
487,1,0.055623,0.044326,0.900051
488,1,0.034384,0.001070,0.964546
489,0,0.010987,0.000357,0.988656
490,0,0.082440,0.001075,0.916485
491,0,0.003438,0.000372,0.996190
492,1,0.832178,0.002150,0.165672
493,0,0.243290,0.001194,0.755516
494,0,0.923696,0.000949,0.075356
495,0,0.001930,0.000361,0.997709
496,1,0.004884,0.000380,0.994737
497,0,0.000977,0.000313,0.998710
498,0,0.001783,0.000473,0.997744
499,0,0.027258,0.000485,0.972257
500,0,0.007062,0.000440,0.992498
501,0,0.005457,0.000340,0.994203
502,0,0.004240,0.000286,0.995474
503,0,0.035208,0.000887,0.963905
504,1,0.760497,0.001381,0.238122
505,0,0.036604,0.000811,0.962585
506,1,0.017045,0.000518,0.982437
507,1,0.000891,0.000545,0.998564
508,1,0.035353,0.000508,0.964139
509,1,0.448590,0.508756,0.042654
510,1,0.812337,0.001172,0.186491
511,0,0.008076,0.000699,0.991225
512,0,0.009155,0.000253,0.990592
513,0,0.956849,0.000944,0.042207
514,1,0.002373,0.000421,0.997206
515,1,0.969419,0.001819,0.028762
516,1,0.019157,0.000410,0.980432
517,0,0.674996,0.001460,0.323544
518,1,0.542156,0.421788,0.036056
519,1,0.894362,0.001189,0.104449
520,1,0.113909,0.001060,0.885031
521,1,0.935613,0.000841,0.063546
522,1,0.316311,0.014821,0.668868
523,0,0.010638,0.000316,0.989047
524,1,0.017831,0.000796,0.981373
525,0,0.184780,0.001290,0.813930
526,1,0.555673,0.003460,0.440867
527,1,0.258986,0.006464,0.734550
528,1,0.007135,0.003049,0.989816
529,1,0.450047,0.017381,0.532572
530,0,0.835113,0.001557,0.163330
531,0,0.001637,0.000749,0.997614
532,1,0.184169,0.019082,0.796749
533,1,0.110119,0.001429,0.888452
534,0,0.003078,0.000476,0.996446
535,1,0.162292,0.002236,0.835473
536,1,0.980841,0.000978,0.018181
537,0,0.001551,0.000465,0.997984
538,0,0.082899,0.001005,0.916096
539,0,0.749856,0.001329,0.248815
540,1,0.917647,0.001527,0.080827
541,1,0.008743,0.427504,0.563754
542,1,0.969377,0.000780,0.029843
543,1,0.035373,0.659170,0.305458
544,1,0.198546,0.002215,0.799239
545,0,0.002604,0.008266,0.989130
546,1,0.653364,0.001301,0.345336
547,0,0.006651,0.000407,0.992941
548,0,0.009816,0.000748,0.989436
549,0,0.872268,0.000980,0.126753
550,0,0.003581,0.000333,0.996086
551,0,0.006087,0.000311,0.993602
552,1,0.638697,0.001460,0.359843
553,1,0.354592,0.001300,0.644108
554,1,0.918082,0.000951,0.080967
555,0,0.005992,0.000387,0.993620
556,0,0.007702,0.000391,0.991907
557,0,0.035225,0.000440,0.964335
558,1,0.000906,0.000984,0.998110
559,0,0.002817,0.000443,0.996740
560,0,0.807876,0.001770,0.190354
561,0,0.548018,0.001023,0.450959
562,0,0.927451,0.001656,0.070893
563,1,0.290545,0.002377,0.707078
564,1,0.005383,0.000582,0.994035
565,1,0.904111,0.048373,0.047516
566,1,0.138975,0.001708,0.859317
567,1,0.008382,0.000484,0.991135
568,0,0.005049,0.000710,0.994240
569,1,0.652552,0.001306,0.346142
570,0,0.005532,0.000329,0.994140
571,1,0.265437,0.002308,0.732255
572,0,0.001687,0.000231,0.998082
573,1,0.967871,0.005116,0.027014
574,0,0.549623,0.001493,0.448884
575,1,0.959378,0.000861,0.039760
576,0,0.001329,0.000285,0.998386
577,0,0.123004,0.001627,0.875369
578,1,0.816113,0.003100,0.180788
579,0,0.278652,0.001040,0.720308
580,0,0.703259,0.001542,0.295199
581,1,0.796945,0.001539,0.201516
582,1,0.375639,0.005224,0.619137
583,1,0.618463,0.001727,0.379810
584,1,0.926078,0.001749,0.072173
585,1,0.733673,0.001227,0.265099
586,0,0.020773,0.006605,0.972622
587,1,0.483126,0.001745,0.515129
588,0,0.009351,0.000929,0.989719
589,0,0.003811,0.000354,0.995835
590,1,0.395849,0.003185,0.600965
591,1,0.013096,0.002820,0.984084
592,1,0.593973,0.335617,0.070410
593,0,0.310699,0.002064,0.687237
594,1,0.064711,0.815767,0.119521
595,1,0.421948,0.526618,0.051434
596,1,0.851771,0.002782,0.145447
597,0,0.004467,0.000352,0.995181
598,0,0.002370,0.000261,0.997369
599,0,0.001363,0.000381,0.998255
600,0,0.010407,0.000465,0.989128
601,0,0.579763,0.001824,0.418413
602,1,0.956249,0.000942,0.042809
603,0,0.006958,0.000773,0.992269
604,0,0.025242,0.000520,0.974238
605,1,0.024080,0.000578,0.975342
606,0,0.013145,0.000691,0.986165
607,1,0.410600,0.001411,0.587989
608,1,0.394036,0.001236,0.604728
609,0,0.834783,0.001396,0.163821
610,0,0.251095,0.001136,0.747769
611,1,0.746268,0.001727,0.252005
612,0,0.002628,0.000359,0.997014
613,1,0.007553,0.001349,0.991098
614,0,0.007865,0.000521,0.991614
615,0,0.006168,0.000310,0.993523
616,1,0.806276,0.001525,0.192200
617,0,0.004642,0.000238,0.995120
618,0,0.001583,0.000299,0.998118
619,0,0.001810,0.000457,0.997734
620,1,0.539078,0.002001,0.458921
621,1,0.121706,0.000944,0.877350
622,1,0.007928,0.000378,0.991694
623,1,0.982147,0.003549,0.014304
624,0,0.981574,0.000786,0.017640
625,1,0.018998,0.000522,0.980480
626,1,0.404399,0.558158,0.037444
627,0,0.758454,0.000921,0.240624
628,1,0.672485,0.001299,0.326217
629,1,0.510691,0.000977,0.488332
630,0,0.001813,0.000349,0.997837
631,0,0.049122,0.000924,0.949954
632,1,0.495643,0.001667,0.502690
633,1,0.017866,0.000403,0.981731
634,0,0.036568,0.011292,0.952141
635,0,0.339835,0.001270,0.658895
636,0,0.001376,0.000645,0.997980
637,0,0.040748,0.003683,0.955570
638,0,0.005380,0.000290,0.994330
639,1,0.690318,0.003658,0.306024
640,0,0.001957,0.000337,0.997706
641,1,0.615427,0.002388,0.382186
642,1,0.056168,0.789963,0.153869
643,1,0.487872,0.001244,0.510884
644,1,0.238132,0.002527,0.759341
645,1,0.016725,0.000519,0.982756
646,1,0.673527,0.001405,0.325069
647,1,0.151098,0.001202,0.847700
648,0,0.121968,0.001457,0.876575
649,0,0.603929,0.001705,0.394365
650,0,0.001101,0.000284,0.998615
651,0,0.445381,0.001056,0.553563
652,1,0.009166,0.000411,0.990423
653,1,0.118739,0.001350,0.879911
654,0,0.005181,0.000380,0.994439
655,0,0.008628,0.000337,0.991035
656,0,0.944710,0.005679,0.049610
657,1,0.010193,0.029037,0.960770
658,1,0.060980,0.103438,0.835582
659,1,0.177112,0.001101,0.821788
660,0,0.176793,0.000943,0.822264
661,0,0.001011,0.000739,0.998250
662,1,0.003032,0.000421,0.996547
663,1,0.057112,0.002182,0.940707
664,0,0.146822,0.000907,0.852271
665,1,0.783650,0.001562,0.214788
666,1,0.065130,0.009466,0.925403
667,0,0.002570,0.000289,0.997141
668,0,0.246840,0.000808,0.752352
669,0,0.884387,0.000837,0.114775
670,0,0.706811,0.001342,0.291847
671,1,0.947908,0.000941,0.051151
672,1,0.009733,0.000735,0.989532
673,0,0.011770,0.000437,0.987793
674,0,0.421997,0.000897,0.577106
675,0,0.839014,0.001219,0.159767
676,0,0.083077,0.000614,0.916309
677,1,0.971480,0.002021,0.026499
678,0,0.006733,0.000385,0.992882
679,0,0.605033,0.001230,0.393736
680,1,0.002218,0.000353,0.997429
681,1,0.510576,0.002206,0.487218
682,0,0.026057,0.000503,0.973439
683,0,0.913236,0.000950,0.085814
684,0,0.831182,0.001104,0.167714
685,1,0.398044,0.001153,0.600803
686,1,0.027171,0.000566,0.972262
687,0,0.003197,0.000530,0.996273
688,0,0.001935,0.000356,0.997709
689,0,0.073487,0.001345,0.925167
690,0,0.357508,0.001415,0.641077
691,0,0.002952,0.000624,0.996424
692,0,0.629608,0.001778,0.368614
693,1,0.025341,0.000419,0.974240
694,1,0.014305,0.002372,0.983323
695,0,0.237786,0.001708,0.760506
696,0,0.006723,0.000280,0.992997
697,0,0.184295,0.001474,0.814230
698,1,0.252415,0.001989,0.745596
699,1,0.915495,0.001324,0.083180
700,0,0.002720,0.000252,0.997028
701,1,0.003285,0.000386,0.996328
702,0,0.388402,0.001274,0.610324
703,0,0.221203,0.005933,0.772863
704,1,0.992579,0.001102,0.006318
705,0,0.097382,0.001059,0.901559
706,0,0.003988,0.000806,0.995206
707,0,0.002021,0.000303,0.997676
708,1,0.379325,0.001634,0.619041
709,1,0.441857,0.001281,0.556862
710,0,0.078622,0.001143,0.920235
711,0,0.002047,0.007253,0.990700
712,1,0.945238,0.002832,0.051929
713,1,0.107356,0.000733,0.891910
714,1,0.947470,0.004608,0.047922
715,0,0.100605,0.001444,0.897951
716,0,0.458366,0.003710,0.537924
717,0,0.628307,0.002094,0.369599
718,1,0.033150,0.000578,0.966272
719,1,0.573866,0.001636,0.424497
720,1,0.583839,0.004141,0.412019
721,0,0.941825,0.001106,0.057070
722,0,0.001766,0.000483,0.997751
723,1,0.624609,0.001806,0.373586
724,0,0.002043,0.000283,0.997674
725,1,0.981665,0.000822,0.017513
726,1,0.498024,0.001575,0.500401
727,1,0.268228,0.001666,0.730106
728,1,0.018368,0.001121,0.980511
729,1,0.987729,0.000795,0.011476
730,1,0.538969,0.001387,0.459644
731,1,0.948302,0.001028,0.050670
732,1,0.761409,0.001262,0.237329
733,1,0.075033,0.000817,0.924150
734,1,0.915817,0.001297,0.082886
735,1,0.002738,0.000340,0.996922
736,0,0.001204,0.000305,0.998491
737,0,0.929840,0.002484,0.067676
738,0,0.015364,0.002472,0.982164
739,1,0.303874,0.003189,0.692937
740,1,0.871432,0.002168,0.126401
741,1,0.201878,0.001120,0.797002
742,1,0.990087,0.001629,0.008284
743,1,0.936662,0.000727,0.062611
744,1,0.543913,0.002285,0.453802
745,0,0.016210,0.001781,0.982009
746,0,0.001178,0.000604,0.998218
747,1,0.330442,0.002196,0.667362
748,1,0.110558,0.790147,0.099295
749,0,0.446879,0.003641,0.549479
750,0,0.014638,0.000675,0.984686
751,0,0.554290,0.001483,0.444227
752,1,0.869214,0.001176,0.129610
753,0,0.008119,0.000773,0.991108
754,0,0.113340,0.000914,0.885747
755,0,0.001447,0.000312,0.998241
756,0,0.036839,0.000630,0.962531
757,0,0.000937,0.000336,0.998727
758,0,0.062227,0.006728,0.931045
759,0,0.009157,0.000382,0.990462
760,1,0.884123,0.000967,0.114910
761,1,0.741819,0.027584,0.230597
762,0,0.006389,0.000383,0.993229
763,0,0.543660,0.002937,0.453403
764,0,0.007068,0.000295,0.992637
765,0,0.004599,0.006006,0.989395
766,0,0.047855,0.000902,0.951243
767,1,0.981006,0.001177,0.017817
768,1,0.867288,0.001372,0.131340
769,0,0.051038,0.000824,0.948138
770,0,0.002021,0.000224,0.997755
771,1,0.001204,0.000350,0.998445
772,1,0.015346,0.000558,0.984096
773,0,0.004846,0.000434,0.994721
774,0,0.004250,0.000256,0.995494
775,0,0.116584,0.059537,0.823879
776,0,0.002035,0.000310,0.997654
777,0,0.002778,0.000681,0.996540
778,1,0.828770,0.001304,0.169926
779,0,0.001628,0.000272,0.998100
780,1,0.498196,0.001986,0.499818
781,0,0.002691,0.000280,0.997029
782,0,0.115310,0.093859,0.790831
783,0,0.010423,0.004365,0.985212
784,0,0.058626,0.001050,0.940324
785,0,0.194568,0.003155,0.802278
786,1,0.044390,0.367853,0.587757
787,0,0.939217,0.000881,0.059902
788,1,0.947771,0.001469,0.050759
789,1,0.461728,0.002316,0.535956
790,1,0.581479,0.377115,0.041406
791,1,0.169459,0.001967,0.828573
792,0,0.972222,0.000846,0.026932
793,1,0.825215,0.001147,0.173638
794,0,0.758175,0.003221,0.238605
795,1,0.239484,0.001313,0.759204
796,1,0.588102,0.001339,0.410559
797,0,0.001390,0.000278,0.998332
798,0,0.049848,0.000754,0.949398
799,1,0.079331,0.001068,0.919601
800,0,0.006249,0.000636,0.993115
801,1,0.246452,0.152075,0.601473
802,1,0.898982,0.001151,0.099867
803,1,0.979956,0.000982,0.019062
804,1,0.327263,0.031402,0.641334
805,1,0.348748,0.001821,0.649431
806,1,0.945553,0.000921,0.053526
807,1,0.697775,0.001395,0.300830
808,1,0.878526,0.000760,0.120715
809,1,0.973289,0.001899,0.024811
810,1,0.693425,0.001359,0.305216
811,1,0.089221,0.001199,0.909581
812,1,0.515456,0.001653,0.482890
813,1,0.385806,0.001921,0.612273
814,1,0.980309,0.000986,0.018705
815,1,0.982168,0.000966,0.016866
816,0,0.860588,0.001262,0.138150
817,0,0.056551,0.000912,0.942538
818,1,0.006352,0.000300,0.993348
819,1,0.688290,0.002830,0.308881
820,0,0.012630,0.000428,0.986942
821,1,0.075043,0.000720,0.924237
822,1,0.020716,0.001753,0.977531
823,1,0.005863,0.000351,0.993785
824,1,0.190992,0.084564,0.724443
825,1,0.003044,0.000383,0.996573
826,1,0.017222,0.001316,0.981462
827,0,0.055536,0.698888,0.245576
828,1,0.873178,0.001538,0.125283
829,0,0.066572,0.001276,0.932152
830,1,0.076651,0.001258,0.922091
831,0,0.005066,0.001119,0.993814
832,1,0.178570,0.000928,0.820502
833,1,0.095258,0.000869,0.903873
834,0,0.005878,0.000391,0.993731
835,1,0.931613,0.000743,0.067643
836,1,0.105273,0.001365,0.893362
837,1,0.984868,0.000958,0.014174
838,1,0.899536,0.001157,0.099307
839,1,0.165753,0.001604,0.832644
840,1,0.205779,0.001215,0.793005
841,1,0.240812,0.001951,0.757238
842,1,0.881368,0.000946,0.117685
843,0,0.019072,0.000464,0.980464
844,1,0.666984,0.001484,0.331532
845,1,0.879673,0.001085,0.119243
846,0,0.033801,0.000470,0.965729
847,0,0.640651,0.017510,0.341839
848,0,0.967119,0.000797,0.032085
849,0,0.075733,0.000910,0.923356
850,0,0.369511,0.001077,0.629411
851,1,0.093972,0.002258,0.903771
852,0,0.076504,0.096832,0.826664
853,0,0.002016,0.000265,0.997719
854,0,0.061612,0.599381,0.339006
855,0,0.002614,0.000371,0.997016
856,0,0.004863,0.000279,0.994859
857,0,0.444597,0.001147,0.554256
858,0,0.004525,0.000295,0.995180
859,1,0.936185,0.000892,0.062923
860,0,0.001251,0.000282,0.998467
861,1,0.001361,0.000329,0.998309
862,1,0.022425,0.000790,0.976785
863,0,0.042409,0.166933,0.790658
864,0,0.002529,0.000269,0.997202
865,1,0.839812,0.001047,0.159141
866,1,0.003080,0.005732,0.991188
867,0,0.019961,0.000657,0.979382
868,0,0.001774,0.000772,0.997454
869,0,0.001964,0.000322,0.997714
870,1,0.952055,0.000790,0.047155
871,1,0.001846,0.000432,0.997723
872,1,0.747688,0.002383,0.249929
873,1,0.001435,0.001312,0.997253
874,1,0.002044,0.000306,0.997650
875,0,0.002650,0.000242,0.997107
876,1,0.587028,0.001512,0.411459
877,1,0.985776,0.001109,0.013116
878,1,0.001605,0.000561,0.997834
879,0,0.005502,0.000392,0.994106
880,0,0.113853,0.000927,0.885220
881,0,0.004295,0.018852,0.976853
882,1,0.205832,0.000927,0.793241
883,0,0.007260,0.001015,0.991724
884,1,0.965510,0.000849,0.033641
885,0,0.003368,0.000574,0.996058
886,1,0.178363,0.001294,0.820343
887,0,0.005170,0.000828,0.994002
888,0,0.001344,0.000289,0.998367
889,0,0.860832,0.000921,0.138247
890,0,0.006651,0.000407,0.992941
891,0,0.000882,0.000445,0.998672
892,0,0.016795,0.000499,0.982706
893,1,0.831298,0.001179,0.167523
894,0,0.149779,0.001836,0.848384
895,0,0.036159,0.000609,0.963232
896,0,0.012251,0.000505,0.987244
897,0,0.015005,0.000474,0.984521
898,0,0.058673,0.000745,0.940582
899,0,0.005931,0.000289,0.993780
900,1,0.709699,0.001422,0.288879
901,0,0.144981,0.001019,0.854000
902,0,0.175708,0.001463,0.822829
903,0,0.268158,0.001417,0.730425
904,0,0.066954,0.000667,0.932379
905,0,0.013020,0.000359,0.986620
906,0,0.003334,0.000308,0.996357
907,0,0.974508,0.000893,0.024599
908,1,0.784716,0.001403,0.213882
909,0,0.001459,0.000336,0.998206
910,0,0.926506,0.000819,0.072675
911,0,0.567886,0.001755,0.430360
912,1,0.086985,0.000744,0.912271
913,0,0.836545,0.000996,0.162459
914,0,0.001492,0.000273,0.998235
915,1,0.392560,0.001380,0.606061
916,1,0.081130,0.001178,0.917692
917,1,0.938843,0.000796,0.060360
918,0,0.002398,0.003205,0.994397
919,1,0.054977,0.001836,0.943187
920,1,0.488239,0.003505,0.508256
921,0,0.004549,0.000291,0.995159
922,0,0.204183,0.001209,0.794608
923,0,0.388812,0.002571,0.608617
924,0,0.578854,0.001637,0.419509
925,1,0.749156,0.001362,0.249482
926,0,0.008569,0.003071,0.988360
927,1,0.986148,0.000941,0.012911
928,0,0.001884,0.000299,0.997817
929,0,0.003035,0.000483,0.996482
930,0,0.007750,0.000409,0.991841
931,1,0.774532,0.001439,0.224029
932,0,0.010538,0.000327,0.989135
933,0,0.004630,0.000375,0.994994
934,1,0.002362,0.007791,0.989847
935,1,0.802640,0.003157,0.194203
936,0,0.038792,0.000710,0.960498
937,0,0.028538,0.000667,0.970795
938,0,0.002203,0.000319,0.997478
939,0,0.001911,0.000705,0.997384
940,0,0.004884,0.000440,0.994675
941,0,0.781608,0.001806,0.216587
942,0,0.007465,0.068737,0.923798
943,1,0.629646,0.001501,0.368854
944,0,0.004085,0.000265,0.995650
945,1,0.980919,0.000851,0.018230
946,1,0.032428,0.679621,0.287951
947,1,0.001325,0.001173,0.997502
948,0,0.021868,0.002306,0.975826
949,0,0.121054,0.000975,0.877971
950,1,0.002202,0.000295,0.997503
951,1,0.014655,0.000456,0.984889
952,0,0.003088,0.006098,0.990814
953,1,0.049908,0.001502,0.948589
954,1,0.044258,0.001819,0.953923
955,0,0.001872,0.000347,0.997781
956,1,0.054584,0.111593,0.833824
957,0,0.006244,0.000468,0.993288
958,0,0.104818,0.000979,0.894203
959,0,0.002986,0.000325,0.996689
960,0,0.007292,0.000582,0.992126
961,0,0.031941,0.000712,0.967346
962,0,0.673797,0.001519,0.324684
963,0,0.100205,0.000958,0.898837
964,1,0.517854,0.002508,0.479638
965,0,0.016327,0.000825,0.982849
966,0,0.066775,0.000902,0.932323
967,0,0.005789,0.000454,0.993757
968,0,0.013618,0.000374,0.986008
969,0,0.001522,0.000270,0.998209
970,0,0.001998,0.000456,0.997546
971,0,0.001107,0.000361,0.998532
972,0,0.003531,0.000331,0.996138
973,1,0.699431,0.002030,0.298539
974,0,0.617094,0.001262,0.381644
975,0,0.001851,0.000373,0.997776
976,0,0.002901,0.000337,0.996762
977,1,0.949201,0.002300,0.048498
978,1,0.137675,0.001055,0.861270
979,1,0.002574,0.000424,0.997002
980,0,0.392075,0.119652,0.488273
981,1,0.641048,0.001645,0.357307
982,0,0.009229,0.000378,0.990393
983,1,0.630793,0.001577,0.367630
984,0,0.024344,0.000861,0.974795
985,1,0.796974,0.001510,0.201517
986,1,0.271324,0.001336,0.727340
987,1,0.002659,0.000939,0.996402
988,1,0.814322,0.000895,0.184782
989,0,0.002287,0.000431,0.997281
990,0,0.479067,0.001618,0.519314
991,0,0.411984,0.001199,0.586817
992,1,0.268488,0.003072,0.728439
993,1,0.059914,0.000681,0.939405
994,1,0.103340,0.813713,0.082947
995,1,0.612574,0.001922,0.385504
996,0,0.212678,0.001728,0.785594
997,0,0.024346,0.000938,0.974716
998,1,0.961765,0.000909,0.037327
999,1,0.735699,0.002236,0.262066
1000,1,0.968908,0.001265,0.029826
1001,1,0.960973,0.001364,0.037663
1002,1,0.054171,0.000705,0.945124
1003,0,0.851568,0.001348,0.147084
1004,1,0.105924,0.002580,0.891496
1005,0,0.075897,0.001067,0.923036
1006,1,0.580049,0.001145,0.418805
1007,1,0.962513,0.001374,0.036113
1008,0,0.002042,0.000277,0.997681
1009,0,0.005845,0.000466,0.993689
1010,1,0.955314,0.001419,0.043267
1011,0,0.011014,0.000507,0.988479
1012,0,0.032777,0.000529,0.966693
1013,0,0.011066,0.000463,0.988470
1014,1,0.674148,0.001344,0.324507
1015,1,0.464996,0.510026,0.024978
1016,1,0.702685,0.134637,0.162677
1017,1,0.833315,0.001153,0.165533
1018,1,0.525122,0.002168,0.472710
1019,0,0.038707,0.001064,0.960228
1020,0,0.108991,0.000707,0.890302
1021,1,0.757231,0.001240,0.241529
1022,0,0.005567,0.021040,0.973393
1023,1,0.321920,0.000952,0.677128
1024,1,0.488122,0.002024,0.509854
1025,1,0.980392,0.001618,0.017990
1026,1,0.961606,0.001076,0.037318
1027,1,0.077720,0.000883,0.921397
1028,1,0.765082,0.001503,0.233416
1029,1,0.882055,0.001224,0.116721
1030,0,0.498790,0.001742,0.499468
1031,1,0.942307,0.000972,0.056722
1032,1,0.010017,0.000403,0.989580
1033,0,0.396971,0.001040,0.601990
1034,1,0.986070,0.000968,0.012962
1035,0,0.003769,0.000329,0.995902
1036,1,0.785483,0.001663,0.212854
1037,0,0.260694,0.000790,0.738516
1038,1,0.574426,0.002119,0.423455
1039,1,0.132563,0.000866,0.866571
1040,1,0.991117,0.001129,0.007754
1041,1,0.804847,0.001402,0.193751
1042,1,0.731275,0.001094,0.267631
1043,0,0.043250,0.000671,0.956079
1044,1,0.849273,0.002117,0.148610
1045,1,0.241285,0.000882,0.757834
1046,1,0.299773,0.658074,0.042154
1047,1,0.070122,0.000660,0.929219
1048,0,0.046126,0.000499,0.953375
1049,0,0.838589,0.001411,0.160000
1050,0,0.021449,0.000580,0.977971
1051,0,0.001504,0.000239,0.998257
1052,0,0.004117,0.000393,0.995490
1053,1,0.002232,0.000471,0.997296
1054,0,0.092191,0.001847,0.905962
1055,0,0.012640,0.000520,0.986839
1056,1,0.830682,0.001522,0.167797
1057,0,0.001463,0.000327,0.998209
1058,0,0.001209,0.000369,0.998421
1059,0,0.001234,0.000301,0.998464
1060,0,0.001627,0.000339,0.998034
1061,0,0.719531,0.001391,0.279079
1062,1,0.945151,0.001456,0.053393
1063,0,0.365304,0.001896,0.632800
1064,0,0.008841,0.000603,0.990556
1065,0,0.007497,0.000364,0.992138
1066,0,0.694426,0.010318,0.295256
1067,0,0.012038,0.000424,0.987537
1068,0,0.015570,0.000751,0.983679
1069,1,0.989750,0.001091,0.009159
1070,1,0.004323,0.000807,0.994870
1071,1,0.169938,0.001181,0.828881
1072,0,0.027376,0.000583,0.972041
1073,0,0.016315,0.000335,0.983350
1074,0,0.009648,0.000371,0.989981
1075,1,0.063680,0.000723,0.935597
1076,1,0.017463,0.778199,0.204338
1077,0,0.019201,0.000795,0.980004
1078,0,0.015661,0.000333,0.984006
1079,0,0.001014,0.000338,0.998648
1080,0,0.001686,0.000294,0.998020
1081,0,0.002368,0.000356,0.997277
1082,0,0.005174,0.000313,0.994513
1083,0,0.978519,0.001888,0.019593
1084,1,0.951058,0.000934,0.048009
1085,0,0.327624,0.030876,0.641501
1086,0,0.002742,0.000313,0.996945
1087,1,0.005166,0.000781,0.994053
1088,1,0.026297,0.001180,0.972523
1089,1,0.892076,0.001113,0.106811
1090,0,0.074748,0.000728,0.924525
1091,0,0.017418,0.000899,0.981683
1092,0,0.001412,0.000293,0.998295
1093,0,0.430564,0.000996,0.568440
1094,0,0.007465,0.068737,0.923798
1095,0,0.509531,0.001243,0.489227
1096,0,0.011869,0.000448,0.987682
1097,1,0.664057,0.001628,0.334315
1098,0,0.003784,0.000626,0.995590
1099,0,0.860670,0.000866,0.138464
1100,1,0.929102,0.001264,0.069633
1101,1,0.041128,0.080769,0.878103
1102,1,0.510577,0.001942,0.487481
1103,1,0.395449,0.079750,0.524801
1104,1,0.660954,0.001077,0.337969
1105,0,0.002402,0.000302,0.997296
1106,1,0.290094,0.002183,0.707723
1107,1,0.280809,0.011109,0.708082
1108,1,0.057633,0.360226,0.582141
1109,1,0.010827,0.000698,0.988475
1110,0,0.003285,0.000677,0.996039
1111,0,0.255649,0.001300,0.743051
1112,1,0.485046,0.001475,0.513478
1113,1,0.066397,0.001777,0.931826
1114,1,0.023863,0.580150,0.395987
1115,0,0.006655,0.086441,0.906904
1116,1,0.003986,0.001686,0.994328
1117,1,0.194258,0.005603,0.800139
1118,0,0.594562,0.002284,0.403154
1119,0,0.409379,0.001378,0.589244
1120,1,0.261392,0.001549,0.737059
1121,0,0.002918,0.000578,0.996504
1122,1,0.058618,0.000648,0.940734
1123,1,0.967841,0.000904,0.031255
1124,1,0.809857,0.003425,0.186719
1125,1,0.799683,0.001076,0.199240
1126,1,0.036919,0.685133,0.277948
1127,1,0.877940,0.001168,0.120892
1128,1,0.562989,0.002006,0.435005
1129,1,0.038818,0.682408,0.278773
1130,1,0.109015,0.000913,0.890072
1131,1,0.504287,0.001788,0.493924
1132,1,0.817524,0.005911,0.176566
1133,0,0.006077,0.000336,0.993587
1134,1,0.177562,0.063626,0.758813
1135,1,0.991729,0.001527,0.006745
1136,1,0.584912,0.001585,0.413503
1137,1,0.079649,0.001189,0.919161
1138,1,0.034119,0.352558,0.613324
1139,1,0.002634,0.000513,0.996853
1140,0,0.004112,0.000542,0.995346
1141,0,0.002305,0.000263,0.997433
1142,0,0.021535,0.000409,0.978056
1143,0,0.005757,0.000280,0.993964
1144,0,0.007167,0.000307,0.992526
1145,0,0.018349,0.000387,0.981264
1146,1,0.245408,0.001486,0.753106
1147,0,0.175726,0.001263,0.823010
1148,0,0.758984,0.001296,0.239721
1149,0,0.358555,0.001883,0.639561
1150,0,0.782472,0.001084,0.216444
1151,0,0.028610,0.000568,0.970822
1152,0,0.010462,0.000600,0.988938
1153,0,0.002024,0.000349,0.997627
1154,0,0.009291,0.002123,0.988585
1155,1,0.083556,0.806467,0.109977
1156,0,0.002367,0.000274,0.997359
1157,0,0.325763,0.001589,0.672648
1158,0,0.003352,0.000499,0.996149
1159,1,0.539677,0.002263,0.458060
1160,1,0.039674,0.000691,0.959636
1161,1,0.100222,0.000830,0.898948
1162,0,0.630726,0.002356,0.366919
1163,1,0.004375,0.000298,0.995327
1164,1,0.537987,0.011555,0.450458
1165,1,0.001002,0.000411,0.998588
1166,1,0.331107,0.061605,0.607288
1167,1,0.150884,0.011746,0.837369
1168,1,0.075720,0.002312,0.921968
1169,1,0.623781,0.001748,0.374472
1170,0,0.006259,0.000387,0.993355
1171,1,0.953123,0.000979,0.045898
1172,1,0.070779,0.000555,0.928666
1173,1,0.700797,0.001809,0.297393
1174,0,0.863266,0.001274,0.135459
1175,0,0.303012,0.000984,0.696005
1176,0,0.301085,0.002105,0.696810
1177,0,0.003629,0.000235,0.996136
1178,0,0.002439,0.000261,0.997299
1179,1,0.983734,0.001019,0.015248
1180,1,0.397676,0.002459,0.599865
1181,1,0.752914,0.001789,0.245297
1182,0,0.001554,0.000405,0.998040
1183,1,0.030989,0.000711,0.968300
1184,1,0.506620,0.001609,0.491772
1185,0,0.100223,0.000852,0.898925
1186,0,0.001699,0.000308,0.997994
1187,0,0.008021,0.000379,0.991600
1188,0,0.027605,0.000687,0.971708
1189,0,0.001554,0.000269,0.998177
1190,1,0.004216,0.000304,0.995481
1191,1,0.208653,0.001163,0.790185
1192,0,0.002999,0.012841,0.984160
1193,0,0.006109,0.000367,0.993524
1194,1,0.921448,0.000973,0.077579
1195,1,0.002370,0.001774,0.995856
1196,1,0.103441,0.000995,0.895564
1197,0,0.001620,0.000310,0.998070
1198,0,0.444799,0.001704,0.553498
1199,1,0.486922,0.001887,0.511191
1200,0,0.056059,0.249264,0.694677
1201,0,0.012637,0.000639,0.986725
1202,1,0.002693,0.000371,0.996936
1203,1,0.001889,0.000380,0.997731
1204,1,0.004131,0.000338,0.995531
1205,0,0.945948,0.001131,0.052921
1206,1,0.002547,0.000353,0.997100
1207,1,0.001564,0.000301,0.998135
1208,1,0.061136,0.000602,0.938262
1209,1,0.625312,0.001251,0.373437
1210,1,0.003734,0.000303,0.995963
1211,1,0.902162,0.001001,0.096837
1212,1,0.001855,0.002193,0.995952
1213,1,0.040656,0.750570,0.208774
1214,1,0.005982,0.000318,0.993700
1215,0,0.720376,0.001308,0.278316
1216,0,0.002003,0.000913,0.997085
1217,1,0.847159,0.001125,0.151717
1218,0,0.002667,0.000318,0.997015
1219,0,0.001432,0.000269,0.998299
1220,0,0.007231,0.000473,0.992296
1221,1,0.850212,0.029461,0.120327
1222,0,0.001353,0.000297,0.998350
1223,0,0.002813,0.000274,0.996913
1224,0,0.235252,0.000915,0.763833
1225,1,0.160026,0.003177,0.836796
1226,0,0.976614,0.000772,0.022614
1227,1,0.047129,0.764578,0.188294
1228,0,0.002010,0.000427,0.997563
1229,1,0.445925,0.002133,0.551942
1230,1,0.670139,0.277071,0.052790
1231,0,0.002932,0.000316,0.996753
1232,0,0.002346,0.000400,0.997254
1233,1,0.791535,0.001005,0.207460
1234,0,0.005499,0.000343,0.994158
1235,0,0.002458,0.000255,0.997287
1236,0,0.049405,0.000914,0.949681
1237,0,0.060664,0.000647,0.938689
1238,0,0.221467,0.001550,0.776984
1239,0,0.002003,0.000994,0.997003
1240,1,0.010821,0.000399,0.988780
1241,0,0.000914,0.000775,0.998311
1242,0,0.022071,0.000504,0.977425
1243,0,0.003801,0.000427,0.995773
1244,0,0.019086,0.000645,0.980269
1245,0,0.797377,0.000860,0.201762
1246,1,0.034005,0.001554,0.964441
1247,0,0.004475,0.000335,0.995190
1248,0,0.004271,0.000327,0.995403
1249,0,0.001166,0.000335,0.998499
1250,0,0.898063,0.001304,0.100633
1251,0,0.001083,0.000313,0.998604
1252,0,0.827358,0.001226,0.171416
1253,0,0.002612,0.000832,0.996556
1254,0,0.026545,0.000712,0.972743
1255,0,0.001189,0.000281,0.998530
1256,0,0.710715,0.001203,0.288081
1257,0,0.128600,0.000761,0.870639
1258,1,0.690808,0.001551,0.307641
1259,0,0.503921,0.464583,0.031497
1260,0,0.055320,0.001082,0.943598
1261,0,0.757949,0.001390,0.240661
1262,0,0.002926,0.001761,0.995314
1263,0,0.002007,0.000272,0.997721
1264,0,0.035202,0.023748,0.941050
1265,0,0.002334,0.000374,0.997292
1266,0,0.937226,0.001106,0.061668
1267,1,0.201965,0.688233,0.109802
1268,0,0.003521,0.000677,0.995802
1269,0,0.075191,0.000702,0.924107
1270,0,0.016483,0.000469,0.983048
1271,1,0.844963,0.001676,0.153361
1272,0,0.000781,0.000361,0.998859
1273,0,0.004546,0.000266,0.995188
1274,0,0.559109,0.001120,0.439771
1275,0,0.001751,0.000431,0.997818
1276,0,0.005686,0.000927,0.993387
1277,0,0.001606,0.000309,0.998085
1278,0,0.038305,0.000481,0.961214
1279,0,0.800062,0.001516,0.198423
1280,0,0.001378,0.000305,0.998316
1281,0,0.017924,0.007839,0.974237
1282,0,0.637219,0.001179,0.361602
1283,0,0.001195,0.000284,0.998521
1284,0,0.001358,0.000408,0.998234
1285,0,0.004671,0.004810,0.990519
1286,0,0.005863,0.000338,0.993799
1287,0,0.002093,0.000663,0.997244
1288,1,0.177746,0.001243,0.821011
1289,1,0.003827,0.000983,0.995190
1290,1,0.043987,0.000683,0.955330
1291,0,0.254215,0.001122,0.744663
1292,0,0.012734,0.000600,0.986666
1293,1,0.006323,0.000357,0.993320
1294,0,0.001722,0.000304,0.997974
1295,0,0.386827,0.001114,0.612059
1296,1,0.561634,0.001779,0.436587
1297,1,0.130657,0.027791,0.841552
1298,1,0.010228,0.000312,0.989460
1299,1,0.895940,0.015398,0.088662
1300,0,0.001543,0.000470,0.997987
1301,0,0.005738,0.000518,0.993744
1302,1,0.015256,0.000666,0.984078
1303,0,0.331227,0.002034,0.666739
1304,0,0.012575,0.050210,0.937214
1305,1,0.613472,0.001533,0.384995
1306,1,0.112376,0.001139,0.886485
1307,1,0.007538,0.000285,0.992177
1308,1,0.020996,0.000382,0.978623
1309,0,0.098031,0.126671,0.775298
1310,1,0.124466,0.000993,0.874541
1311,0,0.007298,0.000348,0.992353
1312,1,0.001920,0.005105,0.992974
1313,1,0.004586,0.000358,0.995056
1314,1,0.012279,0.000432,0.987289
1315,0,0.003816,0.001175,0.995009
1316,1,0.002162,0.000259,0.997580
1317,0,0.001060,0.000316,0.998625
1318,0,0.754010,0.001266,0.244724
1319,1,0.982667,0.000867,0.016466
1320,0,0.001578,0.000269,0.998153
1321,0,0.206041,0.000766,0.793192
1322,1,0.956540,0.000920,0.042539
1323,1,0.402723,0.001049,0.596229
1324,0,0.664167,0.001237,0.334596
1325,0,0.941344,0.001076,0.057580
1326,1,0.134936,0.714853,0.150210
1327,1,0.522573,0.001271,0.476156
1328,1,0.974701,0.000939,0.024360
1329,1,0.005103,0.000584,0.994313
1330,0,0.003278,0.000291,0.996431
1331,0,0.046340,0.000583,0.953077
1332,0,0.037669,0.000551,0.961780
1333,1,0.350465,0.206207,0.443328
1334,1,0.973586,0.001113,0.025301
1335,0,0.002601,0.000733,0.996666
1336,0,0.038106,0.000517,0.961376
1337,1,0.002695,0.000368,0.996937
1338,0,0.015607,0.018152,0.966241
1339,0,0.002161,0.000306,0.997532
1340,0,0.002451,0.000332,0.997217
1341,1,0.021732,0.000618,0.977649
1342,0,0.064935,0.000699,0.934366
1343,1,0.606505,0.001288,0.392207
1344,0,0.002630,0.000265,0.997105
1345,0,0.110759,0.000746,0.888496
1346,0,0.004896,0.000327,0.994777
1347,0,0.001213,0.000255,0.998532
1348,1,0.947871,0.000921,0.051208
1349,0,0.367346,0.001696,0.630958
1350,0,0.001828,0.000291,0.997881
1351,0,0.007409,0.000622,0.991969
1352,1,0.677230,0.001820,0.320949
1353,1,0.001704,0.000306,0.997989
1354,0,0.002484,0.000228,0.997288
1355,1,0.029741,0.000420,0.969839
1356,1,0.139537,0.552400,0.308063
1357,1,0.020490,0.000568,0.978942
1358,0,0.082914,0.000733,0.916353
1359,0,0.051974,0.012378,0.935648
1360,1,0.781847,0.000958,0.217195
1361,1,0.047018,0.001060,0.951921
1362,0,0.012036,0.000442,0.987523
1363,0,0.006202,0.057433,0.936366
1364,0,0.014545,0.033420,0.952035
1365,1,0.691645,0.001287,0.307068
1366,1,0.070142,0.000878,0.928979
1367,0,0.005509,0.000376,0.994115
1368,0,0.031916,0.000530,0.967554
1369,0,0.002637,0.000310,0.997053
1370,0,0.008257,0.000546,0.991197
1371,1,0.003624,0.000340,0.996036
1372,1,0.526254,0.001075,0.472671
1373,1,0.029638,0.000661,0.969701
1374,1,0.891405,0.001139,0.107455
1375,0,0.006562,0.000297,0.993141
1376,0,0.001573,0.000354,0.998073
1377,1,0.001418,0.000384,0.998197
1378,1,0.065206,0.001276,0.933518
1379,1,0.013208,0.001106,0.985686
1380,1,0.797078,0.001247,0.201675
1381,1,0.969566,0.000961,0.029473
1382,1,0.019177,0.000420,0.980403
1383,1,0.001454,0.000306,0.998240
1384,0,0.423472,0.002524,0.574004
1385,0,0.626157,0.001835,0.372008
1386,0,0.001231,0.000310,0.998459
1387,1,0.081717,0.816060,0.102224
1388,0,0.001360,0.000425,0.998215
1389,0,0.008629,0.000343,0.991028
1390,1,0.004638,0.004682,0.990681
1391,1,0.975769,0.000900,0.023331
1392,0,0.663926,0.001196,0.334878
1393,1,0.892177,0.001137,0.106686
1394,1,0.085770,0.000951,0.913280
1395,0,0.031365,0.000403,0.968232
1396,1,0.020592,0.103172,0.876236
1397,0,0.021622,0.000430,0.977948
1398,1,0.288932,0.016135,0.694933
1399,1,0.978607,0.000830,0.020563
1400,1,0.333419,0.002260,0.664321
1401,0,0.010702,0.000316,0.988983
1402,0,0.145628,0.001633,0.852739
1403,0,0.007537,0.000784,0.991679
1404,1,0.773058,0.001355,0.225587
1405,0,0.008893,0.067193,0.923914
1406,1,0.346580,0.001220,0.652200
1407,0,0.005071,0.000383,0.994547
1408,1,0.335391,0.611532,0.053077
1409,1,0.709532,0.001221,0.289247
1410,1,0.967359,0.000837,0.031804
1411,0,0.264613,0.002335,0.733052
1412,0,0.001558,0.000279,0.998163
1413,1,0.848576,0.004802,0.146622
1414,0,0.001120,0.000421,0.998459
1415,1,0.022461,0.009436,0.968103
1416,1,0.969749,0.001193,0.029058
1417,1,0.002934,0.000414,0.996652
1418,1,0.555456,0.002125,0.442418
1419,1,0.003548,0.001106,0.995346
1420,1,0.955589,0.000927,0.043485
1421,1,0.991723,0.000918,0.007359
1422,0,0.922357,0.001060,0.076583
1423,0,0.003387,0.001896,0.994716
1424,1,0.012347,0.000541,0.987112
1425,0,0.015464,0.002609,0.981927
1426,0,0.003258,0.000311,0.996431
1427,1,0.976877,0.000824,0.022300
1428,0,0.040783,0.000632,0.958584
1429,1,0.812825,0.001191,0.185984
1430,1,0.939565,0.001141,0.059295
1431,1,0.705887,0.001643,0.292470
1432,1,0.940953,0.001020,0.058027
1433,0,0.003917,0.000397,0.995686
1434,0,0.255035,0.001474,0.743491
1435,1,0.786161,0.001859,0.211980
1436,1,0.767446,0.001283,0.231271
1437,1,0.911645,0.001005,0.087350
1438,0,0.003465,0.000427,0.996108
1439,0,0.014523,0.000420,0.985057
1440,1,0.204783,0.001213,0.794005
1441,1,0.655044,0.156950,0.188006
1442,0,0.349255,0.002350,0.648395
1443,0,0.001358,0.001079,0.997563
1444,1,0.900996,0.020627,0.078377
1445,1,0.668984,0.002076,0.328940
1446,1,0.095138,0.790078,0.114784
1447,1,0.671856,0.242714,0.085430
1448,1,0.029884,0.009891,0.960225
1449,0,0.001380,0.000310,0.998310
1450,1,0.718000,0.008780,0.273220
1451,0,0.111672,0.000943,0.887386
1452,1,0.187016,0.001643,0.811341
1453,1,0.719052,0.001820,0.279128
1454,1,0.053775,0.000910,0.945315
1455,1,0.735140,0.001923,0.262937
1456,0,0.001504,0.000321,0.998175
1457,0,0.001293,0.000413,0.998295
1458,0,0.948112,0.000815,0.051073
1459,1,0.876883,0.001224,0.121893
1460,1,0.242721,0.001712,0.755567
1461,0,0.005968,0.030844,0.963188
1462,1,0.960929,0.000861,0.038210
1463,0,0.537371,0.001722,0.460907
1464,1,0.834122,0.001297,0.164581
1465,1,0.965028,0.000719,0.034253
1466,1,0.889991,0.001084,0.108926
1467,0,0.608223,0.001434,0.390343
1468,1,0.787216,0.001364,0.211420
1469,1,0.012589,0.000656,0.986755
1470,0,0.784343,0.001102,0.214555
1471,0,0.004450,0.000290,0.995260
1472,1,0.975443,0.000938,0.023618
1473,1,0.853885,0.001618,0.144498
1474,0,0.009094,0.000346,0.990560
1475,0,0.003662,0.000461,0.995876
1476,1,0.947404,0.000922,0.051674
1477,0,0.003372,0.000232,0.996395
1478,0,0.001098,0.000280,0.998622
1479,0,0.004567,0.000249,0.995184
1480,0,0.012502,0.000424,0.987074
1481,0,0.002857,0.002498,0.994645
1482,0,0.001303,0.000311,0.998386
1483,1,0.906899,0.001097,0.092004
1484,0,0.084498,0.000729,0.914773
1485,0,0.017953,0.000377,0.981670
1486,1,0.747120,0.001293,0.251587
1487,0,0.058053,0.140359,0.801588
1488,0,0.560029,0.001461,0.438510
1489,0,0.035373,0.000726,0.963900
1490,1,0.016987,0.000384,0.982629
1491,0,0.273094,0.000869,0.726037
1492,1,0.002775,0.000643,0.996582
1493,0,0.009924,0.000281,0.989796
1494,1,0.731358,0.001480,0.267162
1495,1,0.030939,0.002982,0.966078
1496,0,0.012539,0.000466,0.986994
1497,0,0.148287,0.002209,0.849504
1498,0,0.026163,0.000725,0.973112
1499,1,0.006503,0.001251,0.992246
1500,1,0.815942,0.001867,0.182191
1501,0,0.018647,0.000854,0.980499
1502,0,0.821424,0.002077,0.176498
1503,1,0.003745,0.001287,0.994967
1504,1,0.882188,0.001090,0.116722
1505,0,0.010039,0.000508,0.989453
1506,0,0.979821,0.000897,0.019282
1507,0,0.003966,0.000464,0.995569
1508,0,0.065389,0.023481,0.911130
1509,1,0.015808,0.653105,0.331087
1510,1,0.829231,0.001263,0.169507
1511,0,0.549711,0.001885,0.448404
1512,1,0.029357,0.001100,0.969544
1513,0,0.004775,0.004002,0.991223
1514,0,0.002940,0.001970,0.995089
1515,0,0.085195,0.000908,0.913898
1516,0,0.017720,0.000687,0.981593
1517,0,0.004470,0.000551,0.994979
1518,0,0.181885,0.001027,0.817088
1519,1,0.008547,0.002575,0.988878
1520,1,0.225305,0.002258,0.772437
1521,0,0.358659,0.000951,0.640390
1522,0,0.001905,0.000280,0.997815
1523,0,0.001953,0.000418,0.997629
1524,0,0.004874,0.000330,0.994795
1525,0,0.001102,0.000286,0.998612
1526,0,0.005898,0.000337,0.993765
1527,0,0.001614,0.000344,0.998042
1528,0,0.000869,0.000274,0.998857
1529,0,0.001524,0.000258,0.998217
1530,0,0.001400,0.000323,0.998277
1531,0,0.025541,0.007289,0.967170
1532,0,0.149446,0.001345,0.849210
1533,1,0.016199,0.001794,0.982007
1534,0,0.001762,0.000316,0.997921
1535,1,0.923826,0.001894,0.074280
1536,1,0.283240,0.004924,0.711835
1537,1,0.015719,0.000449,0.983831
1538,1,0.882608,0.001323,0.116068
1539,1,0.949507,0.001456,0.049037
1540,1,0.061998,0.001094,0.936908
1541,0,0.830447,0.001611,0.167942
1542,0,0.028897,0.001199,0.969904
1543,0,0.485646,0.001362,0.512992
1544,0,0.493132,0.052634,0.454234
1545,0,0.789564,0.001217,0.209219
1546,0,0.002778,0.003255,0.993968
1547,0,0.134789,0.027319,0.837892
1548,1,0.098835,0.002289,0.898876
1549,1,0.993839,0.001241,0.004921
1550,0,0.865322,0.001238,0.133440
1551,0,0.001321,0.000305,0.998374
1552,0,0.002189,0.002559,0.995252
1553,1,0.854257,0.005433,0.140310
1554,1,0.008445,0.000812,0.990743
1555,0,0.001313,0.000241,0.998446
1556,0,0.336571,0.001401,0.662028
1557,1,0.047807,0.000931,0.951262
1558,0,0.001156,0.000360,0.998484
1559,0,0.028978,0.000532,0.970490
1560,0,0.738771,0.002126,0.259103
1561,0,0.049156,0.001217,0.949627
1562,0,0.029254,0.000626,0.970121
1563,1,0.988852,0.001137,0.010011
1564,0,0.378426,0.002075,0.619499
1565,0,0.058739,0.000767,0.940494
1566,1,0.716198,0.001484,0.282317
1567,1,0.482952,0.032023,0.485025
1568,0,0.001357,0.000299,0.998344
1569,1,0.849538,0.002183,0.148279
1570,1,0.987199,0.001443,0.011358
1571,1,0.959507,0.000915,0.039578
1572,0,0.011977,0.000564,0.987459
1573,0,0.001825,0.000355,0.997820
1574,1,0.000889,0.000307,0.998804
1575,0,0.002865,0.000494,0.996641
1576,0,0.022849,0.001322,0.975830
1577,1,0.027771,0.000492,0.971737
1578,0,0.012071,0.000361,0.987567
1579,0,0.001997,0.001265,0.996738
1580,0,0.297890,0.001837,0.700273
1581,0,0.623782,0.001479,0.374738
1582,1,0.012312,0.000622,0.987066
1583,1,0.773615,0.011265,0.215120
1584,0,0.002280,0.003659,0.994061
1585,0,0.003419,0.000316,0.996265
1586,0,0.103856,0.001240,0.894904
1587,0,0.193157,0.001406,0.805437
1588,0,0.067367,0.000620,0.932012
1589,1,0.984656,0.000942,0.014402
1590,0,0.010387,0.000468,0.989145
1591,1,0.961014,0.001117,0.037869
1592,0,0.106557,0.000670,0.892773
1593,1,0.467074,0.001161,0.531765
1594,0,0.002895,0.000278,0.996828
1595,1,0.038818,0.682408,0.278773
1596,1,0.919041,0.001144,0.079814
1597,0,0.062555,0.000537,0.936908
1598,0,0.003627,0.000319,0.996054
1599,0,0.062563,0.002305,0.935133
1600,1,0.569000,0.001888,0.429112
1601,0,0.001859,0.000812,0.997329
1602,1,0.713220,0.001983,0.284797
1603,1,0.281275,0.001216,0.717509
1604,1,0.945424,0.000908,0.053668
1605,1,0.080179,0.000770,0.919051
1606,1,0.033549,0.000487,0.965964
1607,1,0.718684,0.007770,0.273546
1608,0,0.045984,0.003534,0.950482
1609,1,0.864135,0.001504,0.134361
1610,0,0.089869,0.001140,0.908991
1611,1,0.625036,0.001443,0.373521
1612,1,0.082245,0.001746,0.916010
1613,1,0.881285,0.000779,0.117936
1614,0,0.892261,0.001316,0.106424
1615,1,0.043217,0.000654,0.956130
1616,0,0.005326,0.000340,0.994334
1617,0,0.000872,0.000435,0.998693
1618,1,0.199117,0.001337,0.799546
1619,1,0.007483,0.000915,0.991602
1620,1,0.970136,0.000959,0.028905
1621,1,0.021943,0.000623,0.977434
1622,1,0.081262,0.001494,0.917244
1623,1,0.016403,0.000430,0.983167
1624,1,0.744901,0.001039,0.254060
1625,0,0.400982,0.002972,0.596047
1626,1,0.148327,0.019077,0.832595
1627,1,0.963565,0.000828,0.035607
1628,1,0.989295,0.001272,0.009433
1629,1,0.035016,0.000662,0.964322
1630,1,0.001854,0.000340,0.997806
1631,1,0.223463,0.002234,0.774303
1632,1,0.004202,0.108889,0.886909
1633,0,0.014184,0.067241,0.918575
1634,0,0.001700,0.000287,0.998013
1635,1,0.984796,0.001326,0.013878
1636,1,0.002443,0.003532,0.994025
1637,0,0.001551,0.000465,0.997984
1638,1,0.457196,0.002428,0.540375
1639,0,0.000968,0.000471,0.998561
1640,0,0.084668,0.001693,0.913639
1641,0,0.006850,0.000326,0.992824
1642,0,0.038077,0.000557,0.961365
1643,0,0.622020,0.001654,0.376326
1644,1,0.017015,0.000955,0.982030
1645,1,0.763652,0.001378,0.234970
1646,1,0.002684,0.000318,0.996998
1647,1,0.426535,0.001412,0.572052
1648,0,0.022721,0.000627,0.976653
1649,1,0.841854,0.001301,0.156845
1650,1,0.978399,0.001034,0.020566
1651,1,0.693563,0.001694,0.304744
1652,1,0.548701,0.001979,0.449320
1653,0,0.356934,0.002104,0.640962
1654,1,0.028007,0.020545,0.951448
1655,1,0.612577,0.002503,0.384920
1656,1,0.009251,0.000395,0.990354
1657,0,0.322069,0.313971,0.363960
1658,1,0.956747,0.000906,0.042347
1659,1,0.859111,0.001111,0.139778
1660,0,0.036006,0.000426,0.963568
1661,0,0.001946,0.000277,0.997777
1662,0,0.250605,0.002629,0.746766
1663,0,0.001914,0.000281,0.997806
1664,0,0.350082,0.001369,0.648549
1665,1,0.328823,0.002017,0.669160
1666,1,0.932184,0.000812,0.067003
1667,1,0.339535,0.012556,0.647909
1668,1,0.108418,0.001084,0.890498
1669,1,0.003067,0.000326,0.996608
1670,0,0.003077,0.000783,0.996139
1671,0,0.002164,0.000288,0.997548
1672,1,0.029108,0.002762,0.968130
1673,0,0.896471,0.001463,0.102066
1674,0,0.001412,0.000311,0.998277
1675,0,0.001469,0.000269,0.998262
1676,0,0.002836,0.000281,0.996883
1677,0,0.003293,0.000290,0.996417
1678,0,0.007685,0.004954,0.987361
1679,1,0.072380,0.001374,0.926246
1680,1,0.848927,0.001221,0.149853
1681,1,0.605980,0.001654,0.392367
1682,1,0.974458,0.000855,0.024686
1683,0,0.756197,0.001018,0.242785
1684,0,0.001705,0.000954,0.997341
1685,0,0.064922,0.001140,0.933938
1686,0,0.041940,0.001521,0.956538
1687,1,0.323890,0.002125,0.673986
1688,1,0.868272,0.000872,0.130856
1689,1,0.952868,0.000892,0.046241
1690,1,0.672087,0.001543,0.326370
1691,0,0.111060,0.000836,0.888104
1692,1,0.306178,0.001018,0.692804
1693,0,0.010454,0.000385,0.989161
1694,0,0.012013,0.000399,0.987588
1695,1,0.014797,0.006020,0.979183
1696,0,0.058498,0.000582,0.940920
1697,0,0.002762,0.002228,0.995010
1698,1,0.088417,0.417520,0.494062
1699,1,0.003600,0.000337,0.996064
1700,1,0.145837,0.001668,0.852495
1701,1,0.743304,0.001460,0.255236
1702,0,0.000872,0.000582,0.998547
1703,1,0.867051,0.003630,0.129319
1704,0,0.019178,0.000601,0.980221
1705,1,0.278448,0.468538,0.253014
1706,1,0.968776,0.001325,0.029899
1707,1,0.002570,0.000530,0.996899
1708,0,0.001085,0.000348,0.998568
1709,0,0.069337,0.001502,0.929161
1710,0,0.800391,0.001368,0.198241
1711,1,0.356059,0.001253,0.642688
1712,0,0.705048,0.001469,0.293483
1713,1,0.927027,0.000995,0.071978
1714,0,0.012402,0.000372,0.987226
1715,1,0.004631,0.000231,0.995138
1716,1,0.003142,0.000264,0.996594
1717,0,0.024445,0.000746,0.974809
1718,0,0.089245,0.000827,0.909928
1719,1,0.078618,0.003824,0.917558
1720,0,0.033425,0.000577,0.965998
1721,1,0.549893,0.006701,0.443406
1722,1,0.297849,0.001198,0.700953
1723,0,0.001048,0.000341,0.998611
1724,1,0.939027,0.000930,0.060042
1725,1,0.962451,0.000651,0.036898
1726,0,0.002145,0.000424,0.997432
1727,1,0.961412,0.000958,0.037630
1728,0,0.384934,0.001966,0.613100
1729,1,0.351766,0.001417,0.646817
1730,0,0.002230,0.000306,0.997463
1731,1,0.887935,0.002719,0.109346
1732,0,0.006047,0.000443,0.993509
1733,0,0.651849,0.001830,0.346321
1734,1,0.517713,0.001100,0.481188
1735,0,0.100847,0.000702,0.898450
1736,0,0.035902,0.000516,0.963582
1737,0,0.001106,0.000254,0.998640
1738,0,0.008093,0.000408,0.991499
1739,1,0.001601,0.000274,0.998125
1740,1,0.989058,0.001024,0.009918
1741,0,0.004132,0.000348,0.995520
1742,1,0.046405,0.000630,0.952965
1743,0,0.349828,0.001169,0.649003
1744,0,0.024806,0.000582,0.974612
1745,0,0.836082,0.001061,0.162857
1746,1,0.544351,0.001353,0.454296
1747,1,0.829805,0.101415,0.068780
1748,1,0.647427,0.001119,0.351454
1749,0,0.039629,0.000683,0.959688
1750,1,0.338111,0.406753,0.255137
1751,1,0.312361,0.001726,0.685913
1752,0,0.002215,0.000246,0.997539
1753,0,0.004074,0.000360,0.995567
1754,0,0.003470,0.000409,0.996121
1755,1,0.970581,0.000690,0.028729
1756,1,0.248882,0.005498,0.745620
1757,0,0.476909,0.001241,0.521850
1758,1,0.855295,0.000884,0.143821
1759,1,0.003826,0.000321,0.995853
1760,1,0.014710,0.000340,0.984950
1761,0,0.015594,0.000560,0.983846
1762,0,0.080977,0.000807,0.918216
1763,0,0.048411,0.000632,0.950957
1764,1,0.023832,0.000376,0.975792
1765,1,0.900748,0.001898,0.097355
1766,1,0.005202,0.000762,0.994036
1767,0,0.001868,0.000414,0.997717
1768,0,0.002705,0.000298,0.996997
1769,0,0.001823,0.001075,0.997102
1770,1,0.002628,0.000282,0.997090
1771,1,0.257557,0.001468,0.740975
1772,0,0.002138,0.000260,0.997602
1773,1,0.024492,0.000402,0.975106
1774,1,0.113011,0.024087,0.862902
1775,0,0.073430,0.000770,0.925800
1776,0,0.145449,0.002141,0.852410
1777,0,0.001757,0.000275,0.997968
1778,1,0.297290,0.024046,0.678664
1779,0,0.188121,0.001203,0.810676
1780,1,0.406855,0.001279,0.591867
1781,1,0.869830,0.000862,0.129309
1782,1,0.010128,0.000617,0.989255
1783,0,0.001808,0.000351,0.997841
1784,1,0.023250,0.000724,0.976026
1785,1,0.993148,0.001406,0.005446
1786,1,0.081330,0.001745,0.916925
1787,1,0.169865,0.389149,0.440986
1788,1,0.550894,0.002884,0.446222
1789,1,0.967082,0.001019,0.031900
1790,0,0.002034,0.000280,0.997686
1791,0,0.002137,0.000292,0.997571
1792,1,0.253152,0.002496,0.744353
1793,1,0.102899,0.001113,0.895989
1794,1,0.740617,0.001350,0.258033
1795,1,0.833980,0.001300,0.164720
1796,0,0.002298,0.000378,0.997323
1797,1,0.299228,0.395129,0.305643
1798,1,0.649664,0.001994,0.348342
1799,0,0.006709,0.000359,0.992932
1800,1,0.124521,0.000963,0.874516
1801,1,0.849535,0.001900,0.148564
1802,0,0.001603,0.000291,0.998106
1803,1,0.798370,0.043129,0.158500
1804,1,0.834069,0.002175,0.163757
1805,0,0.012118,0.007438,0.980444
1806,0,0.002998,0.000424,0.996578
1807,1,0.948989,0.000802,0.050208
1808,0,0.001930,0.000281,0.997790
1809,0,0.031318,0.000904,0.967778
1810,1,0.926443,0.001405,0.072152
1811,1,0.976313,0.000763,0.022924
1812,0,0.049859,0.000556,0.949584
1813,1,0.014199,0.001728,0.984073
1814,0,0.991423,0.001050,0.007527
1815,0,0.001222,0.000555,0.998223
1816,0,0.002980,0.000303,0.996717
1817,1,0.003046,0.004721,0.992233
1818,1,0.183300,0.000925,0.815775
1819,0,0.027134,0.000466,0.972400
1820,0,0.385418,0.002156,0.612426
1821,1,0.948493,0.000831,0.050676
1822,0,0.052239,0.000918,0.946842
1823,0,0.003780,0.026268,0.969952
1824,0,0.009566,0.000629,0.989805
1825,0,0.007070,0.000459,0.992470
1826,0,0.002109,0.000252,0.997639
1827,0,0.001231,0.000255,0.998514
1828,0,0.003058,0.000657,0.996284
1829,0,0.032768,0.000645,0.966588
1830,1,0.051624,0.000785,0.947592
1831,0,0.006081,0.000425,0.993494
1832,0,0.011466,0.000363,0.988171
1833,0,0.001247,0.000568,0.998185
1834,1,0.141486,0.001255,0.857259
1835,0,0.017116,0.000490,0.982394
1836,0,0.099680,0.000767,0.899553
1837,0,0.001920,0.000258,0.997822
1838,1,0.015988,0.000372,0.983639
1839,1,0.987422,0.001874,0.010704
1840,1,0.916411,0.001276,0.082313
1841,0,0.002809,0.000340,0.996852
1842,0,0.018298,0.000528,0.981174
1843,1,0.841083,0.001591,0.157326
1844,1,0.990081,0.000745,0.009175
1845,0,0.370030,0.017362,0.612607
1846,0,0.001155,0.000301,0.998544
1847,0,0.002893,0.000675,0.996431
1848,0,0.024498,0.000453,0.975048
1849,0,0.016333,0.000422,0.983245
1850,1,0.392942,0.001700,0.605358
1851,1,0.271743,0.001025,0.727232
1852,0,0.005054,0.000279,0.994667
1853,0,0.000878,0.000379,0.998743
1854,1,0.929305,0.000908,0.069788
1855,1,0.001622,0.005722,0.992656
1856,0,0.011577,0.042547,0.945876
1857,0,0.877009,0.001291,0.121700
1858,0,0.019252,0.000437,0.980311
1859,0,0.002766,0.000324,0.996910
1860,0,0.001491,0.000258,0.998251
1861,1,0.084488,0.001362,0.914150
1862,0,0.028385,0.003146,0.968470
1863,1,0.001045,0.001112,0.997844
1864,0,0.003847,0.000326,0.995827
1865,1,0.970079,0.000874,0.029047
1866,0,0.005480,0.000358,0.994161
1867,1,0.006498,0.000362,0.993141
1868,1,0.006445,0.000374,0.993182
1869,1,0.933859,0.001004,0.065137
1870,1,0.989285,0.003479,0.007236
1871,1,0.032692,0.000551,0.966757
1872,0,0.001335,0.000501,0.998164
1873,1,0.147220,0.000848,0.851932
1874,0,0.015165,0.000355,0.984480
1875,1,0.653628,0.001654,0.344717
1876,1,0.461451,0.001210,0.537338
1877,1,0.880074,0.001928,0.117998
1878,1,0.553189,0.001591,0.445220
1879,0,0.298300,0.002352,0.699348
1880,0,0.016230,0.000538,0.983232
1881,1,0.983203,0.001194,0.015602
1882,0,0.002718,0.000462,0.996819
1883,0,0.002457,0.000320,0.997223
1884,0,0.355947,0.055691,0.588362
1885,1,0.777377,0.001804,0.220819
1886,1,0.494582,0.002156,0.503261
1887,1,0.777036,0.001383,0.221581
1888,1,0.294729,0.002464,0.702808
1889,0,0.975556,0.000728,0.023717
1890,1,0.989045,0.001023,0.009933
1891,1,0.330433,0.008047,0.661520
1892,1,0.788355,0.001232,0.210413
1893,1,0.890213,0.001607,0.108180
1894,1,0.979396,0.000968,0.019636
1895,0,0.004510,0.000293,0.995197
1896,0,0.197094,0.001352,0.801554
1897,1,0.963822,0.000979,0.035199
1898,1,0.954022,0.000909,0.045069
1899,1,0.200917,0.002444,0.796639
1900,1,0.273447,0.002107,0.724446
1901,1,0.024203,0.661871,0.313926
1902,1,0.028320,0.253002,0.718678
1903,1,0.274362,0.001900,0.723737
1904,1,0.176276,0.001067,0.822656
1905,1,0.018253,0.000480,0.981267
1906,1,0.873243,0.001525,0.125232
1907,0,0.628036,0.001196,0.370768
1908,0,0.058860,0.002492,0.938648
1909,0,0.015798,0.008525,0.975678
1910,0,0.008007,0.000853,0.991139
1911,0,0.574851,0.001403,0.423746
1912,0,0.445856,0.001997,0.552147
1913,0,0.023566,0.000700,0.975734
1914,0,0.007667,0.000972,0.991361
1915,1,0.003401,0.000268,0.996330
1916,1,0.020094,0.000410,0.979496
1917,0,0.470966,0.001231,0.527803
1918,1,0.052186,0.001144,0.946670
1919,0,0.010668,0.000404,0.988928
1920,0,0.003922,0.000444,0.995634
1921,0,0.037851,0.000428,0.961721
1922,0,0.002728,0.000315,0.996958
1923,0,0.003267,0.000434,0.996299
1924,0,0.764605,0.001107,0.234289
1925,0,0.003038,0.000444,0.996518
1926,0,0.001735,0.000275,0.997990
1927,0,0.019558,0.000370,0.980071
1928,1,0.910986,0.000905,0.088109
1929,1,0.776332,0.001153,0.222515
1930,1,0.002946,0.000283,0.996770
1931,1,0.397575,0.002164,0.600261
1932,1,0.759150,0.001712,0.239138
1933,0,0.837756,0.001489,0.160755
1934,0,0.001817,0.002524,0.995659
1935,0,0.002424,0.000359,0.997218
1936,0,0.009335,0.690593,0.300072
1937,0,0.438344,0.001677,0.559979
1938,1,0.311546,0.001337,0.687117
1939,1,0.076667,0.001966,0.921367
1940,0,0.004416,0.000306,0.995278
1941,0,0.001713,0.000275,0.998012
1942,0,0.003056,0.001207,0.995737
1943,1,0.010558,0.000533,0.988909
1944,1,0.821745,0.001117,0.177138
1945,0,0.005412,0.000267,0.994322
1946,1,0.040081,0.362395,0.597524
1947,1,0.120625,0.000739,0.878636
1948,1,0.091318,0.000845,0.907837
1949,1,0.003905,0.000373,0.995722
1950,0,0.009988,0.000439,0.989573
1951,0,0.195146,0.001736,0.803118
1952,1,0.136124,0.756933,0.106943
1953,0,0.010362,0.002394,0.987244
1954,0,0.021794,0.000491,0.977714
1955,1,0.972618,0.004071,0.023311
1956,1,0.983920,0.001231,0.014850
1957,0,0.005587,0.000440,0.993973
1958,1,0.342849,0.022764,0.634387
1959,0,0.001083,0.000276,0.998641
1960,0,0.010410,0.000454,0.989136
1961,1,0.991094,0.001002,0.007904
1962,1,0.921510,0.001251,0.077239
1963,1,0.807428,0.002077,0.190495
1964,0,0.002134,0.000300,0.997566
1965,0,0.092122,0.000713,0.907165
1966,0,0.056369,0.000645,0.942986
1967,0,0.037046,0.000971,0.961983
1968,1,0.626936,0.001846,0.371219
1969,0,0.542808,0.002047,0.455145
1970,1,0.002621,0.026541,0.970838
1971,1,0.941438,0.001411,0.057151
1972,0,0.550273,0.003072,0.446656
1973,1,0.662018,0.001190,0.336793
1974,0,0.009744,0.000667,0.989590
1975,0,0.424683,0.004766,0.570552
1976,0,0.004931,0.001200,0.993869
1977,0,0.001731,0.000254,0.998016
1978,1,0.070615,0.064762,0.864623
1979,0,0.014004,0.000482,0.985514
1980,0,0.400264,0.001255,0.598481
1981,1,0.211828,0.001409,0.786762
1982,0,0.062768,0.000662,0.936570
1983,1,0.879725,0.001204,0.119070
1984,0,0.013405,0.003746,0.982849
1985,0,0.003430,0.000262,0.996307
1986,0,0.003110,0.000937,0.995953
1987,0,0.005887,0.000360,0.993753
1988,0,0.687839,0.001134,0.311027
1989,0,0.017510,0.000407,0.982083
1990,1,0.004606,0.000268,0.995126
1991,1,0.507893,0.001715,0.490392
1992,1,0.972290,0.000917,0.026793
1993,0,0.781582,0.000945,0.217473
1994,0,0.001259,0.000329,0.998412
1995,0,0.002220,0.000356,0.997424
1996,0,0.041565,0.000476,0.957959
1997,0,0.013874,0.000299,0.985827
1998,0,0.001163,0.001267,0.997570
1999,0,0.053532,0.000728,0.945740
2000,0,0.001561,0.000570,0.997869
2001,0,0.011474,0.000731,0.987795
2002,0,0.004433,0.000307,0.995260
2003,1,0.040378,0.000827,0.958794
2004,0,0.005763,0.001096,0.993141
2005,0,0.016616,0.001036,0.982348
2006,1,0.004774,0.000290,0.994937
2007,0,0.201564,0.005470,0.792966
2008,0,0.009110,0.000366,0.990523
2009,1,0.003686,0.000369,0.995946
2010,1,0.004372,0.000375,0.995253
2011,1,0.749892,0.001246,0.248862
2012,1,0.037995,0.000500,0.961505
2013,1,0.015660,0.000551,0.983789
2014,0,0.015322,0.000796,0.983883
2015,1,0.877946,0.001155,0.120899
2016,0,0.002260,0.000278,0.997462
2017,0,0.081668,0.232190,0.686141
2018,1,0.142319,0.000952,0.856729
2019,1,0.520701,0.002350,0.476948
2020,0,0.565117,0.001600,0.433283
2021,1,0.878747,0.023103,0.098150
2022,0,0.006295,0.200400,0.793305
2023,0,0.929385,0.000990,0.069625
2024,1,0.811435,0.002194,0.186370
2025,0,0.008171,0.000826,0.991003
2026,0,0.467857,0.002706,0.529437
2027,0,0.686572,0.001615,0.311813
2028,1,0.439226,0.005109,0.555664
2029,1,0.355963,0.000967,0.643070
2030,0,0.357712,0.001830,0.640458
2031,1,0.026562,0.000409,0.973030
2032,1,0.047932,0.000526,0.951542
2033,1,0.658890,0.001689,0.339421
2034,0,0.124542,0.000882,0.874576
2035,0,0.001558,0.000286,0.998157
2036,0,0.014123,0.000443,0.985434
2037,0,0.270368,0.001154,0.728478
2038,1,0.943644,0.000999,0.055357
2039,1,0.009221,0.000902,0.989877
2040,1,0.478894,0.002609,0.518497
2041,0,0.001087,0.000322,0.998591
2042,0,0.002379,0.000418,0.997203
2043,0,0.194895,0.001142,0.803963
2044,0,0.002119,0.000360,0.997521
2045,0,0.069522,0.001064,0.929414
2046,1,0.202276,0.002198,0.795526
2047,1,0.007817,0.000513,0.991670
2048,0,0.001625,0.000358,0.998018
2049,0,0.109823,0.016710,0.873467
2050,0,0.001808,0.000287,0.997904
2051,1,0.004262,0.001409,0.994329
2052,0,0.833937,0.001052,0.165011
2053,0,0.001820,0.000288,0.997892
2054,0,0.004896,0.000323,0.994781
2055,0,0.002610,0.000358,0.997031
2056,1,0.009058,0.000334,0.990608
2057,0,0.004536,0.000295,0.995168
2058,0,0.012162,0.000366,0.987472
2059,0,0.028883,0.000649,0.970468
2060,0,0.003488,0.000345,0.996167
2061,0,0.003995,0.000420,0.995585
2062,1,0.867514,0.001559,0.130928
2063,0,0.003684,0.000276,0.996039
2064,1,0.001164,0.000349,0.998487
2065,1,0.856452,0.001017,0.142531
2066,0,0.161327,0.000885,0.837788
2067,1,0.002535,0.000321,0.997144
2068,1,0.112399,0.001163,0.886438
2069,1,0.945322,0.001274,0.053404
2070,0,0.011104,0.023281,0.965615
2071,0,0.009598,0.000366,0.990036
2072,0,0.194585,0.000989,0.804427
2073,0,0.001360,0.000331,0.998309
2074,1,0.114758,0.001809,0.883433
2075,1,0.002547,0.000594,0.996859
2076,0,0.165606,0.001061,0.833333
2077,0,0.011160,0.000334,0.988507
2078,0,0.027352,0.000554,0.972094
2079,0,0.629710,0.001424,0.368865
2080,1,0.645835,0.001342,0.352824
2081,1,0.521310,0.005847,0.472843
2082,1,0.364279,0.001639,0.634082
2083,0,0.002940,0.001970,0.995089
2084,0,0.033129,0.000700,0.966171
2085,1,0.009532,0.000649,0.989819
2086,0,0.012070,0.000367,0.987562
2087,0,0.002447,0.000247,0.997306
2088,1,0.549665,0.001649,0.448686
2089,0,0.002120,0.000359,0.997521
2090,0,0.009768,0.000455,0.989776
2091,1,0.729738,0.001985,0.268277
2092,1,0.586986,0.001968,0.411047
2093,1,0.255919,0.001453,0.742628
2094,0,0.256699,0.001069,0.742232
2095,0,0.001463,0.000319,0.998218
2096,1,0.478062,0.001329,0.520608
2097,1,0.004125,0.000248,0.995628
2098,0,0.000792,0.000380,0.998828
2099,1,0.015333,0.000565,0.984102
2100,0,0.018567,0.000495,0.980938
2101,1,0.002652,0.000286,0.997061
2102,1,0.028417,0.000661,0.970922
2103,0,0.015063,0.000677,0.984259
2104,0,0.104007,0.000866,0.895127
2105,1,0.021683,0.000414,0.977903
2106,0,0.937845,0.003213,0.058942
2107,0,0.002237,0.000279,0.997484
2108,1,0.328008,0.001133,0.670859
2109,0,0.004699,0.000331,0.994970
2110,0,0.875387,0.001092,0.123521
2111,0,0.014047,0.000370,0.985583
2112,0,0.001545,0.000247,0.998208
2113,0,0.021674,0.013339,0.964987
2114,0,0.393291,0.001396,0.605313
2115,0,0.003052,0.000307,0.996642
2116,0,0.007403,0.000347,0.992250
2117,0,0.015617,0.000431,0.983952
2118,1,0.084830,0.000649,0.914521
2119,1,0.491063,0.001203,0.507734
2120,1,0.200820,0.005306,0.793874
2121,1,0.970279,0.000907,0.028814
2122,0,0.001479,0.000293,0.998227
2123,0,0.001206,0.000292,0.998502
2124,0,0.002013,0.000259,0.997728
2125,0,0.820793,0.001137,0.178070
2126,0,0.001670,0.000452,0.997878
2127,1,0.931752,0.000832,0.067416
2128,0,0.005001,0.003148,0.991851
2129,0,0.004599,0.000455,0.994945
2130,0,0.003782,0.000442,0.995776
2131,0,0.008779,0.019965,0.971256
2132,1,0.959534,0.001066,0.039399
2133,0,0.001135,0.000289,0.998576
2134,1,0.771335,0.001299,0.227366
2135,1,0.337944,0.002515,0.659541
2136,0,0.001383,0.000247,0.998370
2137,1,0.193930,0.001337,0.804733
2138,0,0.074898,0.001223,0.923878
2139,0,0.008434,0.005685,0.985881
2140,0,0.004551,0.000648,0.994800
2141,0,0.139230,0.002654,0.858115
2142,1,0.627319,0.002171,0.370509
2143,1,0.767103,0.001438,0.231458
2144,1,0.245715,0.003939,0.750346
2145,0,0.003681,0.000278,0.996041
2146,1,0.574717,0.124832,0.300451
2147,0,0.001096,0.001046,0.997858
2148,0,0.002872,0.000478,0.996650
2149,0,0.003146,0.000304,0.996551
2150,0,0.007403,0.000368,0.992230
2151,0,0.006001,0.000521,0.993477
2152,1,0.776196,0.001993,0.221811
2153,0,0.003030,0.000302,0.996669
2154,0,0.019314,0.000797,0.979889
2155,1,0.816618,0.000952,0.182430
2156,1,0.828882,0.001931,0.169187
2157,1,0.758891,0.001611,0.239498
2158,1,0.013641,0.000794,0.985565
2159,0,0.060336,0.000522,0.939142
2160,0,0.053210,0.000608,0.946182
2161,0,0.033224,0.000579,0.966197
2162,0,0.001261,0.000354,0.998385
2163,1,0.430649,0.000937,0.568414
2164,1,0.098284,0.000650,0.901066
2165,1,0.015744,0.002965,0.981291
2166,1,0.185562,0.000801,0.813637
2167,0,0.013565,0.000432,0.986003
2168,0,0.004282,0.000402,0.995316
2169,0,0.013643,0.000474,0.985883
2170,1,0.899812,0.000984,0.099205
2171,0,0.002377,0.000281,0.997342
2172,0,0.002503,0.000341,0.997156
2173,0,0.981860,0.000655,0.017484
2174,0,0.000943,0.000292,0.998764
2175,0,0.004029,0.001985,0.993986
2176,0,0.067622,0.000886,0.931492
2177,1,0.496729,0.004654,0.498618
2178,1,0.978474,0.001386,0.020141
2179,1,0.949381,0.001643,0.048976
2180,0,0.002753,0.000344,0.996903
2181,0,0.001867,0.000277,0.997856
2182,0,0.124327,0.001035,0.874638
2183,0,0.004853,0.094407,0.900741
2184,0,0.009927,0.000334,0.989739
2185,0,0.184598,0.000806,0.814595
2186,0,0.006112,0.010384,0.983504
2187,1,0.919236,0.001119,0.079646
2188,1,0.049812,0.004344,0.945844
2189,1,0.108032,0.003806,0.888161
2190,1,0.887997,0.002227,0.109776
2191,1,0.004626,0.000298,0.995076
2192,0,0.035584,0.000878,0.963538
2193,1,0.971654,0.000868,0.027478
2194,1,0.221558,0.004911,0.773531
2195,1,0.972017,0.000778,0.027205
2196,1,0.142584,0.779420,0.077996
2197,0,0.432764,0.008298,0.558938
2198,1,0.101419,0.002961,0.895620
2199,0,0.006376,0.000416,0.993209
2200,1,0.215443,0.001413,0.783144
2201,1,0.755094,0.001783,0.243124
2202,0,0.002752,0.000227,0.997021
2203,1,0.187925,0.001618,0.810458
2204,0,0.004015,0.000343,0.995642
2205,1,0.501724,0.002252,0.496024
2206,1,0.655552,0.002118,0.342330
2207,0,0.004101,0.000376,0.995523
2208,1,0.007447,0.000598,0.991955
2209,0,0.001399,0.000319,0.998282
2210,0,0.003891,0.000331,0.995777
2211,0,0.002701,0.000474,0.996826
2212,1,0.349834,0.001496,0.648669
2213,0,0.001708,0.000432,0.997860
2214,1,0.004730,0.000323,0.994947
2215,1,0.177210,0.055895,0.766895
2216,1,0.976902,0.000786,0.022312
2217,0,0.119617,0.001473,0.878911
2218,1,0.011199,0.475066,0.513735
2219,1,0.049552,0.001510,0.948938
2220,1,0.820364,0.001295,0.178341
2221,1,0.005250,0.000372,0.994378
2222,1,0.162417,0.001257,0.836326
2223,1,0.450678,0.001344,0.547979
2224,1,0.020408,0.000529,0.979063
2225,1,0.022080,0.000680,0.977239
2226,0,0.002977,0.000331,0.996691
2227,0,0.328205,0.001835,0.669961
2228,0,0.031828,0.000691,0.967481
2229,1,0.000923,0.000655,0.998422
2230,1,0.119837,0.000860,0.879304
2231,1,0.019086,0.002074,0.978840
2232,0,0.302537,0.001571,0.695892
2233,1,0.085494,0.000822,0.913684
2234,0,0.001385,0.000298,0.998317
2235,1,0.379051,0.001595,0.619354
2236,1,0.002367,0.000308,0.997326
2237,1,0.505641,0.001674,0.492685
2238,1,0.099540,0.001250,0.899210
2239,0,0.457881,0.001951,0.540168
2240,0,0.003760,0.000542,0.995698
2241,1,0.856535,0.001358,0.142107
2242,0,0.004073,0.000272,0.995655
2243,1,0.945341,0.000785,0.053874
2244,1,0.991403,0.001074,0.007523
2245,0,0.016306,0.000407,0.983287
2246,0,0.002470,0.000214,0.997316
2247,1,0.850865,0.001438,0.147696
2248,1,0.959300,0.000844,0.039856
2249,1,0.902658,0.001312,0.096030
2250,0,0.002686,0.000299,0.997015
2251,0,0.205361,0.000910,0.793729
2252,0,0.991735,0.001105,0.007160
2253,0,0.004159,0.000348,0.995493
2254,0,0.030831,0.000531,0.968638
2255,1,0.343721,0.615492,0.040787
2256,1,0.050113,0.097663,0.852224
2257,0,0.579549,0.001397,0.419054
2258,1,0.200048,0.568084,0.231867
2259,1,0.846351,0.001417,0.152231
2260,0,0.066434,0.000556,0.933010
2261,1,0.918484,0.000848,0.080668
2262,0,0.002007,0.000352,0.997641
2263,0,0.003336,0.000398,0.996266
2264,0,0.001687,0.000264,0.998049
2265,1,0.708365,0.001796,0.289839
2266,0,0.028902,0.000631,0.970466
2267,1,0.076777,0.001685,0.921538
2268,1,0.512894,0.001902,0.485204
2269,1,0.797492,0.001356,0.201152
2270,1,0.823281,0.001909,0.174810
2271,1,0.012370,0.004637,0.982993
2272,0,0.519095,0.225236,0.255669
2273,0,0.812659,0.001511,0.185829
2274,1,0.792513,0.001192,0.206296
2275,1,0.984207,0.001207,0.014586
2276,1,0.882104,0.001585,0.116311
2277,1,0.179318,0.314888,0.505794
2278,1,0.116806,0.001416,0.881779
2279,1,0.888080,0.001875,0.110045
2280,1,0.773516,0.001647,0.224837
2281,1,0.068324,0.336801,0.594875
2282,1,0.979042,0.000803,0.020154
2283,0,0.040117,0.000615,0.959268
2284,1,0.010003,0.683599,0.306399
2285,1,0.012630,0.000546,0.986824
2286,1,0.978462,0.000781,0.020757
2287,1,0.925733,0.001162,0.073105
2288,1,0.989214,0.001129,0.009657
2289,1,0.003043,0.001904,0.995053
2290,0,0.003409,0.005667,0.990924
2291,1,0.958055,0.000834,0.041112
2292,1,0.031266,0.000610,0.968124
2293,1,0.127533,0.000662,0.871805
2294,1,0.991608,0.000848,0.007543
2295,0,0.027260,0.001542,0.971198
2296,0,0.001708,0.000244,0.998049
2297,1,0.983882,0.000898,0.015219
2298,1,0.005310,0.000429,0.994261
2299,0,0.339063,0.001281,0.659656
2300,0,0.005336,0.000968,0.993696
2301,0,0.920754,0.000919,0.078327
2302,0,0.008966,0.000697,0.990337
2303,1,0.076131,0.114376,0.809493
2304,1,0.638069,0.001242,0.360689
2305,1,0.086600,0.000721,0.912679
2306,1,0.907818,0.001150,0.091031
2307,1,0.001136,0.001597,0.997268
2308,0,0.060936,0.000719,0.938345
2309,0,0.315829,0.001023,0.683148
2310,1,0.664564,0.001760,0.333676
2311,1,0.179462,0.000800,0.819738
2312,0,0.003640,0.000334,0.996025
2313,1,0.172073,0.778140,0.049786
2314,1,0.242985,0.001279,0.755737
2315,1,0.971747,0.000988,0.027265
2316,1,0.310855,0.003766,0.685379
2317,0,0.128424,0.000756,0.870820
2318,1,0.071525,0.000801,0.927674
2319,1,0.110532,0.001689,0.887779
2320,1,0.031728,0.000622,0.967650
2321,1,0.278568,0.000998,0.720433
2322,1,0.268496,0.001762,0.729742
2323,1,0.002320,0.000246,0.997434
2324,1,0.724487,0.001544,0.273968
2325,1,0.018068,0.000460,0.981473
2326,1,0.007515,0.004813,0.987672
2327,0,0.003879,0.000281,0.995840
2328,0,0.005654,0.000418,0.993928
2329,1,0.043161,0.791453,0.165385
2330,1,0.588677,0.001997,0.409326
2331,1,0.005030,0.000694,0.994276
2332,1,0.004102,0.012742,0.983156
2333,0,0.008104,0.000318,0.991578
2334,0,0.024090,0.000440,0.975470
2335,0,0.042630,0.000627,0.956743
2336,0,0.001845,0.000402,0.997753
2337,1,0.943119,0.001373,0.055509
2338,0,0.001482,0.000378,0.998141
2339,1,0.082091,0.017483,0.900426
2340,1,0.788306,0.002510,0.209184
2341,1,0.480775,0.002247,0.516978
2342,1,0.189295,0.001072,0.809633
2343,0,0.001503,0.000272,0.998225
2344,1,0.847517,0.001187,0.151295
2345,1,0.954069,0.001243,0.044687
2346,0,0.002785,0.000283,0.996932
2347,1,0.002933,0.000631,0.996436
2348,1,0.911539,0.001121,0.087340
2349,1,0.686012,0.001630,0.312358
2350,1,0.536215,0.001569,0.462216
2351,0,0.072382,0.001034,0.926584
2352,0,0.003446,0.000248,0.996306
2353,1,0.816258,0.001091,0.182650
2354,1,0.003495,0.000341,0.996163
2355,1,0.010697,0.000587,0.988716
2356,1,0.990978,0.000887,0.008135
2357,1,0.368581,0.001180,0.630239
2358,1,0.630418,0.001898,0.367684
2359,1,0.501239,0.000998,0.497762
2360,0,0.982945,0.000813,0.016242
2361,1,0.976922,0.001023,0.022055
2362,1,0.919989,0.001047,0.078964
2363,1,0.983030,0.000735,0.016235
2364,1,0.979364,0.000742,0.019894
2365,1,0.045393,0.000684,0.953923
2366,1,0.892821,0.001290,0.105889
2367,1,0.014804,0.000473,0.984723
2368,0,0.983020,0.000667,0.016313
2369,1,0.056247,0.000534,0.943218
2370,1,0.942219,0.000958,0.056823
2371,0,0.010077,0.000409,0.989513
2372,0,0.251158,0.001092,0.747750
2373,0,0.011676,0.000422,0.987902
2374,1,0.993984,0.001145,0.004871
2375,0,0.002951,0.000926,0.996123
2376,1,0.985435,0.000892,0.013673
2377,0,0.461071,0.003274,0.535655
2378,1,0.074144,0.000729,0.925127
2379,0,0.003142,0.000239,0.996619
2380,1,0.877777,0.001884,0.120339
2381,1,0.852792,0.002227,0.144981
2382,1,0.786443,0.001311,0.212246
2383,0,0.044452,0.000658,0.954889
2384,1,0.960886,0.000760,0.038353
2385,1,0.986898,0.000815,0.012286
2386,1,0.012579,0.000460,0.986961
2387,1,0.990449,0.001022,0.008530
2388,0,0.024059,0.000682,0.975258
2389,1,0.990785,0.000939,0.008276
2390,0,0.088005,0.122441,0.789554
2391,0,0.947168,0.001006,0.051826
2392,1,0.908295,0.000991,0.090714
2393,1,0.799398,0.000905,0.199697
2394,1,0.971384,0.000807,0.027809
2395,0,0.000991,0.000307,0.998702
2396,0,0.074275,0.017860,0.907865
2397,1,0.984576,0.000991,0.014433
2398,1,0.972314,0.001041,0.026645
2399,0,0.006627,0.000437,0.992936
2400,0,0.004752,0.000320,0.994928
2401,0,0.003111,0.000592,0.996297
2402,0,0.002982,0.000382,0.996636
2403,0,0.003097,0.000310,0.996593
2404,1,0.279996,0.001979,0.718025
2405,1,0.002253,0.000594,0.997153
2406,0,0.904707,0.000968,0.094325
2407,1,0.597928,0.001984,0.400088
2408,0,0.001936,0.000260,0.997804
2409,0,0.027959,0.001000,0.971041
2410,0,0.001190,0.000301,0.998509
2411,0,0.003351,0.000275,0.996374
2412,1,0.301565,0.001941,0.696494
2413,1,0.974256,0.000749,0.024995
2414,0,0.052541,0.000826,0.946633
2415,0,0.001368,0.000276,0.998357
2416,1,0.663858,0.001741,0.334401
2417,0,0.019009,0.000560,0.980431
2418,1,0.034001,0.000496,0.965503
2419,1,0.005605,0.001765,0.992630
2420,1,0.038005,0.000500,0.961495
2421,1,0.002754,0.000372,0.996875
2422,0,0.005854,0.000447,0.993699
2423,1,0.109857,0.001558,0.888585
2424,0,0.001869,0.000344,0.997788
2425,0,0.013814,0.000436,0.985750
2426,0,0.199965,0.001419,0.798616
2427,1,0.002267,0.000261,0.997472
2428,0,0.005550,0.000566,0.993884
2429,1,0.002889,0.000468,0.996643
2430,0,0.007231,0.000448,0.992320
2431,1,0.788337,0.001675,0.209988
2432,1,0.035735,0.001861,0.962403
2433,1,0.717850,0.003636,0.278513
2434,0,0.076121,0.000966,0.922912
2435,0,0.027625,0.000451,0.971924
2436,1,0.258722,0.002018,0.739260
2437,1,0.605070,0.001428,0.393502
2438,0,0.440314,0.001606,0.558080
2439,0,0.072673,0.001201,0.926125
2440,0,0.004410,0.000271,0.995318
2441,0,0.567541,0.002600,0.429858
2442,0,0.001190,0.000298,0.998513
2443,0,0.016825,0.000495,0.982680
2444,1,0.004513,0.001139,0.994348
2445,0,0.095367,0.001085,0.903548
2446,1,0.032922,0.000613,0.966465
2447,1,0.002495,0.000310,0.997194
2448,1,0.882126,0.001211,0.116663
2449,1,0.001158,0.000337,0.998505
2450,1,0.021957,0.014262,0.963782
2451,0,0.001352,0.000268,0.998380
2452,1,0.135965,0.000865,0.863170
2453,0,0.191156,0.002094,0.806750
2454,1,0.015371,0.000452,0.984178
2455,1,0.577082,0.001254,0.421664
2456,1,0.100119,0.001138,0.898743
2457,1,0.971612,0.001564,0.026824
2458,0,0.001051,0.000288,0.998661
2459,1,0.410275,0.001689,0.588036
2460,1,0.008270,0.000916,0.990814
2461,0,0.005691,0.000518,0.993792
2462,0,0.001253,0.000315,0.998433
2463,1,0.572205,0.144784,0.283012
2464,1,0.001697,0.000341,0.997962
2465,0,0.527012,0.002173,0.470815
2466,0,0.209762,0.001149,0.789089
2467,1,0.310581,0.179734,0.509685
2468,0,0.001379,0.000276,0.998345
2469,0,0.019835,0.000969,0.979196
2470,0,0.942638,0.000866,0.056496
2471,1,0.580586,0.001472,0.417942
2472,1,0.150427,0.078645,0.770928
2473,0,0.002241,0.000393,0.997366
2474,0,0.001947,0.000314,0.997739
2475,0,0.005328,0.000673,0.993999
2476,0,0.058822,0.000583,0.940595
2477,0,0.003968,0.000429,0.995602
2478,1,0.485402,0.003155,0.511443
2479,0,0.001743,0.000287,0.997970
2480,0,0.002091,0.000411,0.997497
2481,0,0.004394,0.000319,0.995287
2482,0,0.963740,0.000743,0.035517
2483,0,0.006306,0.000417,0.993277
2484,0,0.111585,0.003048,0.885366
2485,1,0.698849,0.002418,0.298733
2486,0,0.011628,0.000639,0.987733
2487,0,0.001897,0.000368,0.997735
2488,1,0.822373,0.001169,0.176458
2489,0,0.001145,0.000321,0.998534
2490,1,0.003772,0.000586,0.995642
2491,0,0.004559,0.004435,0.991006
2492,1,0.717806,0.001791,0.280403
2493,0,0.001763,0.000407,0.997830
2494,0,0.004483,0.000325,0.995192
2495,0,0.005238,0.000392,0.994370
2496,1,0.930903,0.001120,0.067977
2497,0,0.002246,0.000301,0.997453
2498,1,0.584990,0.001836,0.413174
2499,0,0.002099,0.000259,0.997641
2500,0,0.000963,0.000492,0.998544
2501,1,0.002659,0.000939,0.996402
2502,0,0.010325,0.000475,0.989200
2503,1,0.759011,0.001581,0.239408
2504,1,0.930618,0.001073,0.068309
2505,0,0.599300,0.001602,0.399098
2506,1,0.914911,0.000822,0.084267
2507,0,0.002020,0.000311,0.997669
2508,1,0.799661,0.001271,0.199068
2509,1,0.315412,0.002075,0.682513
2510,1,0.501331,0.002287,0.496382
2511,0,0.029188,0.000800,0.970012
2512,0,0.058299,0.000675,0.941026
2513,1,0.895804,0.000893,0.103303
2514,1,0.085610,0.001299,0.913091
2515,1,0.964781,0.000822,0.034397
2516,1,0.421049,0.001430,0.577521
2517,1,0.232394,0.001487,0.766118
2518,1,0.001907,0.000420,0.997674
2519,1,0.948188,0.001109,0.050703
2520,1,0.401080,0.508284,0.090635
2521,1,0.011023,0.000558,0.988419
2522,1,0.906697,0.000983,0.092320
2523,1,0.071967,0.000613,0.927420
2524,1,0.910993,0.001119,0.087888
2525,1,0.934633,0.000876,0.064491
2526,0,0.022383,0.000417,0.977200
2527,1,0.122061,0.001336,0.876603
2528,1,0.744772,0.001526,0.253703
2529,1,0.241337,0.010440,0.748223
2530,0,0.008330,0.000375,0.991295
2531,0,0.000746,0.000343,0.998911
2532,1,0.903102,0.000968,0.095929
2533,0,0.001564,0.000301,0.998135
2534,1,0.025289,0.685220,0.289491
2535,1,0.002297,0.000337,0.997366
2536,0,0.032106,0.000543,0.967351
2537,1,0.241280,0.651699,0.107021
2538,1,0.914632,0.015056,0.070312
2539,1,0.382033,0.001785,0.616182
2540,0,0.002963,0.000313,0.996724
2541,0,0.002658,0.000419,0.996923
2542,1,0.965496,0.000954,0.033550
2543,0,0.038689,0.000847,0.960464
2544,0,0.021288,0.000564,0.978149
2545,0,0.021280,0.092358,0.886362
2546,0,0.014390,0.293100,0.692511
2547,0,0.086402,0.000784,0.912814
2548,0,0.432781,0.001113,0.566107
2549,1,0.033656,0.002712,0.963632
2550,1,0.716919,0.001979,0.281101
2551,0,0.081442,0.001561,0.916997
2552,0,0.176676,0.005081,0.818243
2553,0,0.001011,0.000375,0.998614
2554,1,0.949842,0.001491,0.048667
2555,0,0.984371,0.000966,0.014663
2556,1,0.719090,0.024485,0.256426
2557,0,0.002960,0.000348,0.996692
2558,1,0.002839,0.000379,0.996782
2559,1,0.546167,0.001924,0.451909
2560,1,0.016901,0.000384,0.982715
2561,1,0.190661,0.730616,0.078722
2562,1,0.001156,0.000259,0.998585
2563,1,0.873398,0.001220,0.125382
2564,0,0.007211,0.000523,0.992266
2565,1,0.427920,0.002970,0.569110
2566,1,0.880373,0.001731,0.117896
2567,1,0.875346,0.001150,0.123504
2568,1,0.184143,0.002180,0.813677
2569,0,0.174956,0.736984,0.088060
2570,1,0.951547,0.001506,0.046948
2571,0,0.001924,0.000339,0.997737
2572,0,0.000962,0.000873,0.998165
2573,1,0.021509,0.777862,0.200629
2574,0,0.001441,0.000283,0.998277
2575,1,0.346156,0.086791,0.567053
2576,1,0.104376,0.000990,0.894634
2577,1,0.611180,0.001201,0.387619
2578,1,0.204286,0.001422,0.794292
2579,1,0.020137,0.000651,0.979211
2580,1,0.217386,0.001831,0.780784
2581,1,0.710631,0.001403,0.287966
2582,1,0.007292,0.003947,0.988761
2583,0,0.017222,0.010028,0.972750
2584,1,0.647897,0.001283,0.350820
2585,1,0.938457,0.001439,0.060104
2586,1,0.984614,0.001077,0.014309
2587,0,0.002206,0.000306,0.997488
2588,0,0.003667,0.000275,0.996058
2589,0,0.001146,0.000288,0.998566
2590,0,0.708755,0.001259,0.289986
2591,0,0.001260,0.000277,0.998463
2592,0,0.049935,0.000729,0.949336
2593,1,0.034256,0.000971,0.964773
2594,0,0.074931,0.000894,0.924175
2595,1,0.889314,0.001014,0.109672
2596,1,0.158211,0.000850,0.840939
2597,1,0.002907,0.001998,0.995095
2598,1,0.005627,0.000505,0.993868
2599,0,0.036600,0.000629,0.962772
2600,0,0.099896,0.001227,0.898877
2601,1,0.731700,0.001694,0.266606
2602,1,0.930090,0.004074,0.065836
2603,1,0.933481,0.001024,0.065495
2604,0,0.017498,0.000419,0.982084
2605,1,0.377106,0.002519,0.620375
2606,1,0.477658,0.002583,0.519759
2607,1,0.964387,0.001064,0.034550
2608,1,0.651789,0.003590,0.344621
2609,1,0.622500,0.002258,0.375242
2610,1,0.924074,0.001095,0.074831
2611,0,0.170141,0.006734,0.823126
2612,1,0.928800,0.000966,0.070235
2613,1,0.232974,0.001828,0.765198
2614,0,0.493539,0.001971,0.504490
2615,1,0.008209,0.008982,0.982809
2616,1,0.033264,0.000739,0.965997
2617,1,0.005390,0.000291,0.994319
2618,1,0.039987,0.001628,0.958385
2619,1,0.312038,0.560518,0.127445
2620,1,0.134052,0.001982,0.863966
2621,0,0.910063,0.001430,0.088507
2622,1,0.042854,0.000992,0.956153
2623,1,0.923341,0.001535,0.075124
2624,1,0.976332,0.000930,0.022738
2625,0,0.001310,0.000279,0.998410
2626,0,0.002957,0.000468,0.996575
2627,0,0.014662,0.000369,0.984969
2628,0,0.001346,0.000724,0.997930
2629,0,0.017548,0.000379,0.982073
2630,1,0.935981,0.001177,0.062842
2631,0,0.742051,0.001210,0.256739
2632,0,0.051369,0.000531,0.948101
2633,1,0.005020,0.000345,0.994635
2634,1,0.621020,0.001540,0.377440
2635,0,0.938756,0.001266,0.059978
2636,0,0.002926,0.001761,0.995314
2637,1,0.065074,0.006047,0.928879
2638,1,0.937206,0.001351,0.061444
2639,0,0.052080,0.000606,0.947314
2640,1,0.396119,0.001614,0.602267
2641,0,0.003233,0.000387,0.996381
2642,1,0.030808,0.001325,0.967867
2643,1,0.003196,0.000258,0.996546
2644,0,0.005653,0.000365,0.993983
2645,1,0.342748,0.001519,0.655733
2646,0,0.004567,0.000476,0.994957
2647,0,0.002259,0.000392,0.997349
2648,1,0.047060,0.001723,0.951217
2649,0,0.001292,0.000461,0.998247
2650,0,0.434506,0.004557,0.560937
2651,1,0.846735,0.002390,0.150875
2652,1,0.951263,0.000946,0.047792
2653,0,0.007353,0.000324,0.992323
2654,0,0.003564,0.000598,0.995838
2655,0,0.002292,0.000234,0.997474
2656,0,0.004154,0.000346,0.995501
2657,0,0.056766,0.000698,0.942537
2658,1,0.021712,0.001049,0.977240
2659,1,0.002931,0.000338,0.996731
2660,0,0.030048,0.000615,0.969337
2661,0,0.838297,0.001111,0.160593
2662,0,0.412302,0.001409,0.586289
2663,1,0.025691,0.000514,0.973795
2664,1,0.792696,0.001450,0.205854
2665,0,0.542073,0.001953,0.455974
2666,1,0.850932,0.001299,0.147770
2667,1,0.815099,0.001983,0.182918
2668,1,0.002645,0.000266,0.997089
2669,1,0.758484,0.001895,0.239621
2670,0,0.012852,0.000459,0.986688
2671,0,0.011705,0.000472,0.987823
2672,1,0.029382,0.602787,0.367831
2673,1,0.002447,0.000274,0.997279
2674,1,0.202303,0.545832,0.251865
2675,1,0.305555,0.001905,0.692541
2676,1,0.424247,0.001888,0.573865
2677,1,0.979764,0.000856,0.019381
2678,1,0.957207,0.000997,0.041796
2679,1,0.014329,0.000408,0.985263
2680,1,0.985609,0.000862,0.013529
2681,0,0.006562,0.021876,0.971562
2682,0,0.158467,0.248117,0.593416
2683,1,0.844815,0.001395,0.153790
2684,0,0.562205,0.001725,0.436069
2685,1,0.005342,0.002983,0.991674
2686,0,0.002888,0.000274,0.996838
2687,0,0.003275,0.000699,0.996025
2688,0,0.046674,0.000459,0.952867
2689,0,0.383247,0.002076,0.614677
2690,0,0.017428,0.002124,0.980447
2691,1,0.959130,0.000903,0.039967
2692,0,0.002612,0.000272,0.997116
2693,1,0.043207,0.000621,0.956172
2694,0,0.040304,0.001263,0.958433
2695,1,0.123543,0.001355,0.875102
2696,1,0.145213,0.738536,0.116251
2697,0,0.905854,0.001412,0.092733
2698,0,0.008178,0.000359,0.991463
2699,0,0.002263,0.000349,0.997388
2700,0,0.136544,0.001074,0.862382
2701,0,0.849636,0.000978,0.149387
2702,1,0.870513,0.001234,0.128253
2703,1,0.011128,0.766377,0.222495
2704,0,0.746603,0.001963,0.251434
2705,0,0.278458,0.001208,0.720334
2706,0,0.002405,0.000380,0.997215
2707,1,0.026239,0.036224,0.937538
2708,1,0.443894,0.001560,0.554547
2709,1,0.010258,0.000392,0.989350
2710,0,0.019804,0.000542,0.979654
2711,0,0.009859,0.000433,0.989708
2712,1,0.498965,0.001429,0.499606
2713,0,0.001825,0.000256,0.997919
2714,0,0.960627,0.000972,0.038400
2715,0,0.001998,0.000289,0.997713
2716,0,0.001651,0.000299,0.998050
2717,0,0.545700,0.002411,0.451889
2718,1,0.236692,0.001432,0.761875
2719,1,0.086142,0.002072,0.911786
2720,1,0.031443,0.000722,0.967835
2721,1,0.851712,0.093591,0.054697
2722,0,0.150583,0.001340,0.848077
2723,1,0.985564,0.000798,0.013638
2724,1,0.895876,0.001193,0.102931
2725,1,0.022324,0.000902,0.976775
2726,1,0.134077,0.009316,0.856607
2727,0,0.702214,0.001552,0.296234
2728,0,0.006575,0.000424,0.993001
2729,1,0.984684,0.001152,0.014164
2730,1,0.500793,0.001462,0.497745
2731,1,0.236049,0.003410,0.760541
2732,1,0.987631,0.000938,0.011431
2733,0,0.175862,0.001428,0.822710
2734,1,0.115184,0.035632,0.849183
2735,1,0.884552,0.001517,0.113932
2736,1,0.175371,0.001406,0.823222
2737,0,0.002867,0.000543,0.996590
2738,1,0.017620,0.000883,0.981497
2739,1,0.006025,0.001997,0.991978
2740,1,0.261720,0.001392,0.736888
2741,0,0.707968,0.001779,0.290252
2742,0,0.006690,0.000303,0.993007
2743,0,0.019953,0.000418,0.979629
2744,1,0.120339,0.721087,0.158574
2745,1,0.016747,0.000979,0.982274
2746,0,0.036302,0.000870,0.962828
2747,0,0.062541,0.033252,0.904207
2748,0,0.002775,0.000392,0.996833
2749,1,0.031638,0.000543,0.967819
2750,1,0.498660,0.103459,0.397881
2751,1,0.744317,0.001612,0.254071
2752,1,0.024806,0.003132,0.972062
2753,1,0.163600,0.003407,0.832992
2754,1,0.140628,0.000820,0.858552
2755,1,0.978522,0.001071,0.020407
2756,0,0.219231,0.000966,0.779804
2757,0,0.017585,0.000366,0.982049
2758,0,0.002803,0.000323,0.996873
2759,1,0.026345,0.000579,0.973077
2760,1,0.166020,0.002504,0.831476
2761,1,0.001989,0.001533,0.996478
2762,1,0.930284,0.000923,0.068793
2763,1,0.940384,0.000974,0.058642
2764,0,0.037500,0.537878,0.424622
2765,0,0.006669,0.000289,0.993042
2766,0,0.019635,0.000519,0.979845
2767,0,0.201155,0.001250,0.797595
2768,0,0.396625,0.001821,0.601554
2769,0,0.012019,0.000410,0.987571
2770,0,0.140360,0.661543,0.198097
2771,0,0.003363,0.000676,0.995961
2772,0,0.002527,0.000318,0.997156
2773,0,0.122343,0.001277,0.876380
2774,1,0.846903,0.001256,0.151841
2775,1,0.073458,0.604087,0.322455
2776,0,0.021276,0.000405,0.978319
2777,0,0.281192,0.001720,0.717088
2778,0,0.001729,0.000261,0.998010
2779,1,0.871005,0.001014,0.127981
2780,0,0.026586,0.000514,0.972900
2781,0,0.979924,0.000968,0.019108
2782,1,0.012932,0.000338,0.986730
2783,0,0.464258,0.007080,0.528662
2784,0,0.007153,0.048170,0.944677
2785,1,0.143527,0.002358,0.854114
2786,1,0.026601,0.000568,0.972831
2787,0,0.025149,0.001105,0.973747
2788,1,0.800958,0.001304,0.197737
2789,1,0.302360,0.001489,0.696151
2790,0,0.255078,0.007689,0.737233
2791,1,0.957540,0.000753,0.041707
2792,0,0.044798,0.000896,0.954306
2793,1,0.943378,0.002253,0.054369
2794,1,0.010578,0.000622,0.988801
2795,0,0.001574,0.000314,0.998111
2796,0,0.965899,0.000786,0.033315
2797,1,0.020233,0.001001,0.978766
2798,0,0.002848,0.000227,0.996925
2799,0,0.103373,0.002518,0.894109
2800,1,0.025873,0.000513,0.973614
2801,0,0.007708,0.002888,0.989404
2802,0,0.029444,0.000486,0.970070
2803,1,0.957606,0.001626,0.040768
2804,0,0.004678,0.000327,0.994994
2805,0,0.001233,0.000463,0.998304
2806,0,0.063542,0.001383,0.935075
2807,1,0.983267,0.001203,0.015530
2808,1,0.112044,0.000785,0.887171
2809,1,0.648131,0.001406,0.350462
2810,1,0.153833,0.001301,0.844866
2811,1,0.336698,0.054905,0.608397
2812,1,0.771291,0.001063,0.227646
2813,1,0.972136,0.000818,0.027047
2814,1,0.935705,0.000767,0.063527
2815,1,0.616107,0.001002,0.382891
2816,1,0.827993,0.001391,0.170616
2817,1,0.985855,0.001346,0.012799
2818,0,0.001524,0.000800,0.997676
2819,1,0.155477,0.001940,0.842583
2820,1,0.853765,0.001034,0.145202
2821,0,0.278084,0.000904,0.721013
2822,0,0.195188,0.000982,0.803830
2823,1,0.038818,0.682408,0.278773
2824,1,0.070386,0.001581,0.928033
2825,0,0.003438,0.000558,0.996005
2826,0,0.011481,0.201149,0.787371
2827,1,0.073259,0.001154,0.925587
2828,0,0.009458,0.002398,0.988145
2829,0,0.005125,0.000320,0.994555
2830,1,0.925649,0.020466,0.053885
2831,0,0.015388,0.000520,0.984092
2832,0,0.004076,0.000333,0.995592
2833,1,0.521155,0.002489,0.476356
2834,1,0.018432,0.000809,0.980759
2835,1,0.086554,0.586087,0.327359
2836,1,0.005015,0.000318,0.994667
2837,1,0.871823,0.001056,0.127121
2838,1,0.872142,0.000937,0.126921
2839,0,0.002482,0.000384,0.997134
2840,0,0.002776,0.000239,0.996985
2841,1,0.006493,0.000387,0.993120
2842,1,0.472053,0.161928,0.366018
2843,1,0.985563,0.000895,0.013542
2844,1,0.968340,0.000941,0.030719
2845,1,0.317541,0.006542,0.675918
2846,1,0.938119,0.001227,0.060654
2847,1,0.988940,0.000887,0.010173
2848,1,0.842820,0.002315,0.154865
2849,1,0.815957,0.001606,0.182437
2850,1,0.056378,0.002089,0.941533
2851,1,0.994411,0.001986,0.003603
2852,1,0.652889,0.002176,0.344936
2853,0,0.001299,0.000320,0.998381
2854,1,0.011874,0.000441,0.987685
2855,0,0.928091,0.001265,0.070644
2856,1,0.891465,0.001290,0.107246
2857,1,0.961298,0.000719,0.037983
2858,1,0.482868,0.463925,0.053207
2859,1,0.513616,0.452181,0.034203
2860,1,0.038818,0.682408,0.278773
2861,1,0.022790,0.274583,0.702626
2862,0,0.052696,0.000735,0.946569
2863,1,0.305683,0.002387,0.691930
2864,1,0.551867,0.003763,0.444370
2865,1,0.914134,0.001264,0.084602
2866,1,0.671206,0.013676,0.315117
2867,1,0.040975,0.000542,0.958484
2868,0,0.921654,0.001070,0.077277
2869,1,0.144619,0.000868,0.854513
2870,1,0.927418,0.015382,0.057201
2871,0,0.036629,0.000423,0.962948
2872,1,0.060223,0.780109,0.159669
2873,0,0.119144,0.000794,0.880061
2874,0,0.850979,0.001452,0.147569
2875,0,0.001758,0.000342,0.997900
2876,0,0.048128,0.203214,0.748657
2877,0,0.007185,0.000719,0.992096
2878,0,0.003368,0.000315,0.996317
2879,0,0.077924,0.001073,0.921003
2880,1,0.148746,0.005035,0.846219
2881,0,0.008220,0.000428,0.991352
2882,1,0.978803,0.000971,0.020226
2883,0,0.011818,0.000366,0.987816
2884,1,0.001558,0.000390,0.998052
2885,0,0.019024,0.000474,0.980501
2886,0,0.915072,0.000829,0.084099
2887,0,0.078974,0.000868,0.920158
2888,1,0.010320,0.007111,0.982570
2889,0,0.020862,0.099973,0.879165
2890,0,0.009704,0.000287,0.990008
2891,0,0.018099,0.023670,0.958232
2892,1,0.010335,0.000356,0.989309
2893,0,0.672278,0.002127,0.325595
2894,1,0.596150,0.001676,0.402174
2895,1,0.066880,0.001114,0.932006
2896,1,0.490783,0.001072,0.508145
2897,0,0.732717,0.001960,0.265323
2898,0,0.002636,0.000258,0.997106
2899,0,0.322698,0.001550,0.675752
2900,0,0.009631,0.000750,0.989619
2901,0,0.353371,0.002017,0.644612
2902,1,0.625233,0.046971,0.327796
2903,0,0.001932,0.000278,0.997790
2904,0,0.253627,0.001507,0.744866
2905,0,0.002504,0.000647,0.996849
2906,0,0.001717,0.000371,0.997912
2907,1,0.098846,0.769092,0.132062
2908,1,0.022702,0.602656,0.374642
2909,0,0.631650,0.001295,0.367055
2910,1,0.989894,0.001078,0.009028
2911,1,0.463418,0.001212,0.535370
2912,1,0.986450,0.000923,0.012628
2913,1,0.029089,0.713884,0.257027
2914,1,0.986483,0.001433,0.012083
2915,1,0.987820,0.000965,0.011215
2916,1,0.987625,0.001335,0.011040
2917,1,0.986736,0.000883,0.012380
2918,1,0.237539,0.003955,0.758506
2919,0,0.518025,0.001749,0.480225
2920,0,0.933138,0.001367,0.065495
2921,1,0.128164,0.158350,0.713486
2922,0,0.402824,0.002100,0.595076
2923,0,0.006675,0.000370,0.992955
2924,1,0.075186,0.000649,0.924165
2925,1,0.053810,0.016190,0.930001
2926,1,0.875613,0.001010,0.123377
2927,1,0.065544,0.001171,0.933285
2928,1,0.873679,0.000993,0.125328
2929,0,0.001018,0.000400,0.998582
2930,0,0.159908,0.001023,0.839070
2931,1,0.168211,0.000729,0.831060
2932,0,0.001404,0.000383,0.998213
2933,0,0.009371,0.000349,0.990280
2934,1,0.988374,0.000972,0.010654
2935,1,0.001486,0.000281,0.998233
2936,0,0.048719,0.000540,0.950741
2937,1,0.002331,0.000610,0.997060
2938,1,0.118354,0.000923,0.880724
2939,1,0.035980,0.000581,0.963439
2940,0,0.002198,0.000251,0.997551
2941,1,0.967898,0.000950,0.031152
2942,1,0.003420,0.013883,0.982697
2943,0,0.006062,0.008705,0.985233
2944,0,0.003526,0.000540,0.995934
2945,0,0.012575,0.050210,0.937214
2946,0,0.008165,0.000432,0.991403
2947,1,0.983508,0.000915,0.015577
2948,0,0.060389,0.078313,0.861298
2949,1,0.636412,0.001140,0.362448
2950,1,0.013056,0.000480,0.986465
2951,0,0.002014,0.000360,0.997626
2952,1,0.561352,0.002513,0.436134
2953,0,0.007533,0.000338,0.992128
2954,0,0.774213,0.001403,0.224384
2955,0,0.003165,0.000702,0.996133
2956,1,0.903124,0.002229,0.094647
2957,1,0.032132,0.000801,0.967066
2958,0,0.277953,0.001559,0.720488
2959,0,0.001334,0.000359,0.998307
2960,0,0.014523,0.000698,0.984779
2961,0,0.082540,0.000580,0.916880
2962,0,0.007988,0.000488,0.991524
2963,0,0.002349,0.000285,0.997366
2964,0,0.029378,0.000504,0.970118
2965,0,0.021570,0.000384,0.978046
2966,1,0.815974,0.001783,0.182244
2967,0,0.008162,0.000352,0.991485
2968,0,0.028453,0.000810,0.970737
2969,0,0.510162,0.001577,0.488261
2970,0,0.005422,0.000255,0.994322
2971,0,0.030978,0.001138,0.967884
2972,0,0.001560,0.000834,0.997606
2973,0,0.025395,0.000795,0.973810
2974,1,0.773475,0.001626,0.224898
2975,0,0.422874,0.000897,0.576230
2976,1,0.736865,0.001791,0.261344
2977,1,0.925315,0.001084,0.073601
2978,1,0.004629,0.000341,0.995030
2979,0,0.011860,0.000352,0.987788
2980,0,0.098813,0.001302,0.899885
2981,1,0.446058,0.001968,0.551974
2982,0,0.007851,0.000360,0.991789
2983,0,0.001220,0.000249,0.998531
2984,1,0.835212,0.001683,0.163105
2985,0,0.071879,0.001453,0.926669
2986,1,0.493945,0.001027,0.505028
2987,1,0.011669,0.001401,0.986930
2988,1,0.001439,0.000501,0.998060
2989,0,0.013228,0.000643,0.986129
2990,0,0.010130,0.000339,0.989531
2991,0,0.492800,0.001825,0.505376
2992,1,0.396203,0.074765,0.529032
2993,1,0.009099,0.000487,0.990414
2994,1,0.941565,0.001658,0.056777
2995,0,0.823796,0.001095,0.175109
2996,1,0.008039,0.000540,0.991421
2997,0,0.001711,0.000292,0.997997
2998,0,0.002148,0.000346,0.997506
2999,0,0.023935,0.000487,0.975578
