row_id,gold,p_hate,p_offensive,p_normal
0,1,0.041130,0.008545,0.950325
1,1,0.082321,0.129305,0.788374
2,1,0.001875,0.000513,0.997612
3,1,0.583311,0.007247,0.409442
4,0,0.002672,0.003468,0.993860
5,0,0.023631,0.000901,0.975468
6,0,0.003417,0.010516,0.986067
7,0,0.031512,0.000990,0.967498
8,0,0.066205,0.002195,0.931600
9,0,0.027818,0.000477,0.971704
10,1,0.698026,0.135977,0.165998
11,0,0.222709,0.001378,0.775913
12,1,0.487352,0.003375,0.509273
13,0,0.001379,0.001433,0.997188
14,0,0.315405,0.002577,0.682018
15,0,0.129974,0.043926,0.826099
16,1,0.326719,0.553166,0.120115
17,1,0.007533,0.027060,0.965407
18,0,0.002400,0.002280,0.995320
19,1,0.060554,0.002949,0.936497
20,1,0.024773,0.000717,0.974510
21,0,0.026866,0.000528,0.972606
22,0,0.002659,0.001336,0.996004
23,0,0.042051,0.435103,0.522847
24,1,0.124946,0.325766,0.549288
25,0,0.002255,0.000947,0.996798
26,0,0.001858,0.000629,0.997513
27,1,0.228444,0.002884,0.768672
28,1,0.047761,0.019562,0.932677
29,1,0.009461,0.014645,0.975894
30,1,0.010444,0.002676,0.986880
31,1,0.008437,0.003413,0.988150
32,1,0.022461,0.025109,0.952430
33,0,0.289616,0.005121,0.705263
34,1,0.023383,0.037418,0.939199
35,0,0.015987,0.015279,0.968734
36,1,0.312353,0.210583,0.477065
37,1,0.762706,0.009711,0.227583
38,0,0.112771,0.003245,0.883985
39,1,0.884708,0.084941,0.030351
40,1,0.031196,0.057867,0.910937
41,0,0.011305,0.003154,0.985541
42,0,0.268037,0.002360,0.729604
43,0,0.003132,0.000669,0.996199
44,1,0.002061,0.000882,0.997057
45,0,0.027470,0.001933,0.970597
46,0,0.003187,0.007081,0.989731
47,0,0.159865,0.001652,0.838483
48,1,0.267842,0.011797,0.720361
49,0,0.257860,0.005707,0.736433
50,1,0.643215,0.001536,0.355249
51,0,0.014794,0.001543,0.983663
52,0,0.003796,0.000490,0.995714
53,0,0.005656,0.002171,0.992173
54,0,0.035279,0.011900,0.952822
55,1,0.003754,0.003582,0.992663
56,0,0.000860,0.000708,0.998431
57,1,0.904180,0.002083,0.093737
58,1,0.069386,0.002283,0.928331
59,0,0.019167,0.000618,0.980215
60,0,0.001423,0.000470,0.998107
61,1,0.199434,0.647471,0.153095
62,1,0.096670,0.414863,0.488468
63,0,0.007952,0.001230,0.990817
64,1,0.952532,0.002632,0.044836
65,1,0.922573,0.002467,0.074960
66,1,0.010559,0.002203,0.987237
67,1,0.155318,0.171471,0.673211
68,0,0.006721,0.001507,0.991772
69,1,0.768593,0.001109,0.230298
70,0,0.016757,0.002684,0.980559
71,1,0.091076,0.097955,0.810969
72,0,0.009019,0.000665,0.990316
73,0,0.071737,0.002835,0.925428
74,0,0.050870,0.009477,0.939653
75,0,0.114314,0.001214,0.884473
76,0,0.004083,0.000605,0.995311
77,1,0.832856,0.003060,0.164084
78,0,0.014088,0.006723,0.979189
79,0,0.002217,0.003072,0.994710
80,1,0.040565,0.000727,0.958708
81,0,0.041199,0.012099,0.946702
82,1,0.839479,0.062354,0.098168
83,0,0.060558,0.001979,0.937462
84,1,0.894807,0.001407,0.103786
85,1,0.167359,0.090819,0.741823
86,0,0.003657,0.001995,0.994348
87,0,0.060962,0.001202,0.937836
88,1,0.121598,0.025144,0.853257
89,0,0.018450,0.000669,0.980880
90,0,0.016836,0.004517,0.978647
91,1,0.069287,0.003512,0.927200
92,1,0.012337,0.190907,0.796756
93,1,0.699694,0.003426,0.296880
94,0,0.002890,0.000739,0.996371
95,1,0.027968,0.000809,0.971223
96,0,0.001634,0.000540,0.997826
97,1,0.830658,0.002807,0.166534
98,1,0.015794,0.001551,0.982655
99,1,0.034941,0.355492,0.609567
100,0,0.015045,0.003291,0.981664
101,0,0.158265,0.005444,0.836291
102,0,0.001828,0.000402,0.997770
103,1,0.158639,0.013656,0.827705
104,1,0.033826,0.017425,0.948749
105,1,0.213081,0.753193,0.033726
106,1,0.312353,0.210583,0.477065
107,1,0.694772,0.008773,0.296455
108,0,0.007506,0.006271,0.986223
109,0,0.110457,0.001797,0.887746
110,0,0.143515,0.018976,0.837508
111,1,0.019185,0.001389,0.979426
112,0,0.008323,0.085105,0.906573
113,0,0.001752,0.002157,0.996091
114,0,0.129414,0.039794,0.830792
115,1,0.723900,0.002693,0.273406
116,0,0.022316,0.113169,0.864515
117,0,0.002466,0.000874,0.996661
118,0,0.012687,0.129167,0.858146
119,1,0.331797,0.515235,0.152968
120,1,0.979581,0.003563,0.016856
121,0,0.002112,0.000859,0.997029
122,0,0.014967,0.002256,0.982777
123,1,0.021267,0.002603,0.976130
124,1,0.001279,0.003479,0.995242
125,0,0.104743,0.482849,0.412408
126,0,0.001718,0.000681,0.997602
127,1,0.735537,0.134243,0.130220
128,1,0.018764,0.001850,0.979386
129,1,0.561962,0.216295,0.221743
130,1,0.235658,0.001291,0.763052
131,1,0.008302,0.001878,0.989820
132,0,0.063186,0.002868,0.933945
133,0,0.001502,0.000609,0.997890
134,0,0.013290,0.002486,0.984224
135,1,0.061712,0.002257,0.936032
136,1,0.021336,0.011822,0.966843
137,0,0.086424,0.074278,0.839298
138,1,0.457147,0.339874,0.202979
139,0,0.007915,0.001456,0.990629
140,0,0.007190,0.000930,0.991880
141,0,0.139142,0.001125,0.859733
142,1,0.008296,0.016888,0.974816
143,0,0.052057,0.001061,0.946882
144,1,0.107222,0.000744,0.892033
145,0,0.004331,0.011153,0.984516
146,1,0.182501,0.001504,0.815995
147,0,0.044185,0.001002,0.954813
148,0,0.013007,0.002280,0.984714
149,0,0.095263,0.022864,0.881873
150,1,0.365974,0.002873,0.631153
151,0,0.017031,0.004832,0.978136
152,0,0.004747,0.000469,0.994784
153,0,0.090205,0.000772,0.909023
154,0,0.009382,0.001045,0.989573
155,1,0.029378,0.012874,0.957748
156,1,0.971771,0.003099,0.025130
157,1,0.006280,0.001099,0.992621
158,1,0.286587,0.004078,0.709335
159,0,0.002130,0.000745,0.997125
160,1,0.798104,0.002742,0.199154
161,0,0.003127,0.002340,0.994533
162,1,0.065698,0.002404,0.931898
163,1,0.001649,0.001546,0.996805
164,1,0.120536,0.005681,0.873782
165,0,0.005517,0.001562,0.992921
166,0,0.131586,0.001958,0.866456
167,0,0.001462,0.001080,0.997458
168,0,0.039231,0.002884,0.957885
169,1,0.779798,0.008179,0.212024
170,0,0.462198,0.005630,0.532172
171,0,0.001359,0.001233,0.997407
172,0,0.036876,0.197251,0.765873
173,0,0.015219,0.003354,0.981427
174,1,0.012946,0.000961,0.986094
175,0,0.003389,0.000770,0.995841
176,0,0.033340,0.006908,0.959752
177,0,0.706341,0.018414,0.275245
178,1,0.005779,0.002247,0.991974
179,0,0.013950,0.000557,0.985494
180,0,0.005894,0.014484,0.979621
181,1,0.830894,0.156406,0.012700
182,0,0.157067,0.081053,0.761880
183,0,0.002894,0.000379,0.996727
184,0,0.003905,0.003539,0.992556
185,0,0.016305,0.006273,0.977423
186,0,0.025237,0.011379,0.963384
187,1,0.332264,0.016135,0.651601
188,0,0.038812,0.012613,0.948575
189,0,0.871044,0.022372,0.106584
190,0,0.169267,0.449599,0.381134
191,0,0.003587,0.001044,0.995369
192,0,0.012828,0.005102,0.982069
193,0,0.006564,0.008137,0.985299
194,0,0.316072,0.027041,0.656887
195,0,0.321093,0.002642,0.676265
196,0,0.012430,0.006093,0.981478
197,1,0.109595,0.001385,0.889020
198,0,0.130912,0.004526,0.864562
199,0,0.696366,0.003445,0.300189
200,0,0.006484,0.000586,0.992930
201,0,0.013860,0.000626,0.985514
202,0,0.113688,0.001963,0.884349
203,0,0.008873,0.006924,0.984204
204,0,0.001756,0.004392,0.993852
205,0,0.033498,0.013098,0.953404
206,1,0.085322,0.004411,0.910267
207,1,0.782372,0.002532,0.215096
208,1,0.077673,0.080768,0.841559
209,1,0.041319,0.020852,0.937829
210,0,0.326105,0.001717,0.672178
211,1,0.141983,0.382266,0.475751
212,1,0.056846,0.033536,0.909617
213,1,0.526515,0.005143,0.468342
214,1,0.731719,0.006744,0.261537
215,1,0.646171,0.346718,0.007111
216,1,0.139591,0.000870,0.859539
217,1,0.019206,0.010470,0.970324
218,1,0.969267,0.002541,0.028192
219,1,0.041319,0.020852,0.937829
220,1,0.908751,0.002839,0.088410
221,1,0.001910,0.001451,0.996638
222,1,0.041319,0.020852,0.937829
223,1,0.170667,0.138488,0.690845
224,1,0.246268,0.002359,0.751373
225,1,0.041319,0.020852,0.937829
226,1,0.327653,0.002238,0.670109
227,1,0.041319,0.020852,0.937829
228,1,0.244911,0.204066,0.551024
229,1,0.090431,0.238662,0.670907
230,1,0.024817,0.000696,0.974487
231,1,0.049979,0.008825,0.941196
232,1,0.041319,0.020852,0.937829
233,1,0.007090,0.009717,0.983193
234,1,0.032941,0.028072,0.938987
235,1,0.011692,0.035518,0.952790
236,1,0.034268,0.029067,0.936665
237,1,0.799267,0.002116,0.198617
238,1,0.041319,0.020852,0.937829
239,1,0.969187,0.009587,0.021226
240,1,0.107859,0.207184,0.684957
241,1,0.051529,0.013089,0.935383
242,1,0.796187,0.010449,0.193363
243,1,0.950452,0.013465,0.036082
244,1,0.027149,0.792191,0.180660
245,1,0.225528,0.004327,0.770145
246,1,0.124705,0.031169,0.844125
247,1,0.166636,0.505676,0.327689
248,1,0.293495,0.210855,0.495650
249,1,0.004703,0.001609,0.993688
250,1,0.657527,0.002233,0.340240
251,1,0.147103,0.045587,0.807309
252,1,0.012934,0.013767,0.973299
253,1,0.251944,0.127509,0.620547
254,0,0.013288,0.008275,0.978436
255,1,0.165816,0.005088,0.829096
256,1,0.002420,0.002374,0.995205
257,1,0.086660,0.001581,0.911759
258,0,0.020118,0.013756,0.966126
259,1,0.669043,0.001941,0.329017
260,1,0.866465,0.009289,0.124245
261,0,0.015898,0.012740,0.971362
262,0,0.020190,0.076974,0.902837
263,1,0.753328,0.002757,0.243915
264,1,0.066345,0.053610,0.880045
265,1,0.176151,0.331111,0.492738
266,0,0.543356,0.002155,0.454489
267,1,0.038493,0.002838,0.958669
268,1,0.479593,0.012555,0.507853
269,1,0.047823,0.370116,0.582061
270,0,0.092723,0.008530,0.898747
271,1,0.254106,0.002370,0.743525
272,0,0.044210,0.002604,0.953186
273,0,0.010180,0.000792,0.989028
274,0,0.176823,0.199723,0.623454
275,0,0.006404,0.000688,0.992908
276,1,0.393775,0.031075,0.575151
277,0,0.015447,0.010364,0.974190
278,1,0.009068,0.014894,0.976038
279,1,0.976693,0.001428,0.021880
280,1,0.794905,0.003330,0.201765
281,0,0.086594,0.190200,0.723206
282,0,0.016924,0.001449,0.981627
283,1,0.023292,0.013268,0.963440
284,0,0.004364,0.001430,0.994206
285,1,0.103692,0.012432,0.883876
286,1,0.061024,0.072310,0.866666
287,0,0.143574,0.673583,0.182843
288,0,0.005292,0.001743,0.992965
289,1,0.425816,0.252621,0.321564
290,0,0.482416,0.004503,0.513081
291,0,0.083038,0.012457,0.904504
292,0,0.007914,0.011451,0.980635
293,0,0.039433,0.168163,0.792404
294,1,0.015495,0.011333,0.973172
295,0,0.003930,0.015604,0.980466
296,0,0.017859,0.003935,0.978205
297,0,0.005502,0.000577,0.993922
298,1,0.012611,0.010094,0.977295
299,0,0.003369,0.001048,0.995582
300,1,0.201993,0.022770,0.775237
301,1,0.064446,0.008464,0.927090
302,0,0.005935,0.013480,0.980584
303,1,0.098557,0.502141,0.399303
304,1,0.042939,0.010333,0.946727
305,1,0.095305,0.854496,0.050200
306,0,0.031045,0.014902,0.954054
307,0,0.024875,0.005484,0.969641
308,1,0.935738,0.009605,0.054657
309,0,0.017541,0.001795,0.980664
310,1,0.968335,0.001630,0.030035
311,0,0.596483,0.002650,0.400867
312,1,0.055167,0.844494,0.100340
313,1,0.425635,0.002509,0.571856
314,1,0.471548,0.033763,0.494688
315,0,0.003979,0.002655,0.993367
316,0,0.159523,0.006475,0.834002
317,0,0.003499,0.000875,0.995626
318,1,0.049620,0.009304,0.941076
319,0,0.001487,0.001171,0.997342
320,1,0.200456,0.026779,0.772765
321,0,0.002524,0.000578,0.996897
322,0,0.183072,0.001390,0.815539
323,1,0.246968,0.014876,0.738156
324,0,0.005706,0.004383,0.989911
325,0,0.040678,0.007947,0.951375
326,1,0.230744,0.515829,0.253427
327,1,0.046705,0.015211,0.938084
328,0,0.019892,0.046403,0.933705
329,1,0.983422,0.001937,0.014642
330,1,0.090659,0.671031,0.238310
331,1,0.809989,0.005574,0.184437
332,1,0.537838,0.004227,0.457935
333,0,0.005341,0.020109,0.974549
334,1,0.008253,0.001055,0.990692
335,0,0.014315,0.001225,0.984460
336,0,0.000720,0.000882,0.998398
337,1,0.095432,0.001709,0.902859
338,0,0.690205,0.002024,0.307771
339,0,0.014297,0.024849,0.960854
340,0,0.006778,0.000643,0.992579
341,1,0.634781,0.018135,0.347084
342,1,0.393971,0.002396,0.603633
343,0,0.001039,0.000679,0.998282
344,0,0.004880,0.001728,0.993392
345,0,0.038105,0.000823,0.961072
346,0,0.033708,0.116550,0.849742
347,1,0.038651,0.003431,0.957917
348,0,0.033921,0.026446,0.939632
349,0,0.218009,0.039043,0.742948
350,1,0.978721,0.003038,0.018241
351,0,0.013554,0.000954,0.985493
352,1,0.007329,0.000969,0.991702
353,0,0.000864,0.002456,0.996680
354,0,0.053835,0.026411,0.919754
355,1,0.164298,0.099521,0.736180
356,0,0.049079,0.008408,0.942513
357,0,0.005082,0.000658,0.994260
358,0,0.001246,0.000660,0.998094
359,0,0.002620,0.001012,0.996369
360,0,0.005908,0.002087,0.992004
361,0,0.003913,0.008413,0.987674
362,1,0.100778,0.024860,0.874361
363,0,0.074510,0.008030,0.917460
364,1,0.857430,0.001750,0.140820
365,1,0.010125,0.005007,0.984868
366,0,0.011548,0.002128,0.986324
367,1,0.092254,0.001451,0.906294
368,1,0.352015,0.022271,0.625715
369,1,0.444872,0.047837,0.507291
370,1,0.921466,0.010373,0.068160
371,1,0.440490,0.005197,0.554314
372,0,0.035839,0.017304,0.946857
373,1,0.763322,0.002602,0.234076
374,0,0.562612,0.002397,0.434991
375,1,0.008354,0.001635,0.990010
376,1,0.016296,0.167588,0.816117
377,0,0.055363,0.000892,0.943745
378,0,0.002907,0.001048,0.996045
379,0,0.001141,0.004959,0.993900
380,1,0.964755,0.016617,0.018628
381,0,0.004603,0.000628,0.994769
382,0,0.049182,0.027386,0.923432
383,1,0.261822,0.543092,0.195086
384,0,0.741161,0.012617,0.246221
385,0,0.379087,0.028613,0.592300
386,0,0.030997,0.005194,0.963809
387,0,0.001536,0.000638,0.997826
388,0,0.002455,0.000823,0.996722
389,0,0.005674,0.000719,0.993607
390,0,0.026758,0.048363,0.924878
391,0,0.014662,0.001848,0.983490
392,1,0.863645,0.020974,0.115381
393,1,0.013867,0.003838,0.982294
394,1,0.048526,0.026616,0.924858
395,1,0.446013,0.002676,0.551311
396,1,0.099868,0.015341,0.884791
397,1,0.918449,0.001648,0.079904
398,1,0.172821,0.059968,0.767212
399,1,0.948504,0.013673,0.037823
400,1,0.057439,0.219101,0.723460
401,1,0.020837,0.002233,0.976930
402,1,0.152675,0.007282,0.840043
403,0,0.193922,0.005912,0.800166
404,1,0.040600,0.057769,0.901631
405,1,0.146470,0.109101,0.744428
406,1,0.650653,0.004760,0.344588
407,1,0.856317,0.005062,0.138621
408,1,0.051664,0.010136,0.938200
409,1,0.004934,0.000522,0.994544
410,0,0.302423,0.010716,0.686861
411,1,0.053424,0.022115,0.924461
412,0,0.042295,0.006530,0.951175
413,0,0.000939,0.000964,0.998097
414,1,0.003510,0.002070,0.994420
415,0,0.004323,0.001825,0.993852
416,0,0.004895,0.061169,0.933936
417,1,0.424658,0.003246,0.572096
418,1,0.063941,0.779055,0.157004
419,0,0.001181,0.001491,0.997328
420,1,0.086589,0.768096,0.145315
421,0,0.928406,0.002359,0.069234
422,1,0.073747,0.010631,0.915621
423,1,0.078673,0.902650,0.018676
424,1,0.019781,0.003258,0.976961
425,1,0.902205,0.001406,0.096389
426,1,0.004949,0.005614,0.989437
427,0,0.004715,0.004537,0.990749
428,1,0.138180,0.007963,0.853858
429,1,0.610136,0.004584,0.385280
430,0,0.005030,0.002873,0.992097
431,0,0.010760,0.006652,0.982588
432,0,0.014023,0.000842,0.985135
433,0,0.009668,0.002044,0.988288
434,0,0.012159,0.001485,0.986356
435,0,0.073522,0.000939,0.925539
436,0,0.252355,0.015671,0.731975
437,0,0.002043,0.000536,0.997421
438,0,0.193971,0.004932,0.801096
439,1,0.370227,0.001253,0.628520
440,0,0.006344,0.000580,0.993076
441,0,0.036571,0.043820,0.919609
442,1,0.825285,0.003250,0.171465
443,0,0.172558,0.052768,0.774674
444,0,0.013980,0.008850,0.977170
445,0,0.283554,0.002093,0.714353
446,0,0.010813,0.005531,0.983656
447,1,0.971330,0.023049,0.005621
448,0,0.050729,0.003913,0.945358
449,1,0.097403,0.818389,0.084208
450,0,0.008866,0.006372,0.984762
451,0,0.004856,0.009295,0.985849
452,1,0.120554,0.768379,0.111067
453,0,0.005476,0.000521,0.994003
454,1,0.007555,0.002906,0.989539
455,0,0.009716,0.007114,0.983169
456,1,0.010228,0.002143,0.987628
457,0,0.001354,0.001229,0.997417
458,1,0.625581,0.003588,0.370831
459,0,0.016874,0.003622,0.979504
460,0,0.004831,0.000332,0.994838
461,0,0.006861,0.000918,0.992221
462,0,0.002120,0.000801,0.997080
463,1,0.984312,0.008088,0.007600
464,1,0.867448,0.076029,0.056523
465,1,0.944657,0.007415,0.047928
466,1,0.444711,0.402818,0.152471
467,0,0.176145,0.003599,0.820257
468,0,0.003369,0.004134,0.992498
469,1,0.705738,0.005557,0.288705
470,1,0.044438,0.003585,0.951977
471,1,0.674504,0.001970,0.323526
472,1,0.786341,0.003253,0.210406
473,0,0.088488,0.001996,0.909516
474,1,0.025629,0.001913,0.972459
475,0,0.004621,0.001748,0.993631
476,1,0.057022,0.921663,0.021315
477,0,0.070290,0.457781,0.471929
478,0,0.009220,0.001709,0.989071
479,1,0.199763,0.263976,0.536260
480,1,0.908054,0.054157,0.037789
481,0,0.007090,0.009717,0.983193
482,0,0.104688,0.204581,0.690730
483,0,0.030554,0.108737,0.860709
484,1,0.845069,0.030058,0.124872
485,0,0.166182,0.001032,0.832786
486,1,0.785340,0.022823,0.191838
487,1,0.022153,0.113543,0.864304
488,1,0.006307,0.000597,0.993096
489,0,0.093375,0.016671,0.889954
490,0,0.116836,0.001807,0.881358
491,0,0.014738,0.025133,0.960128
492,1,0.567434,0.173943,0.258622
493,0,0.570006,0.024383,0.405610
494,0,0.715001,0.017719,0.267281
495,0,0.000975,0.002460,0.996566
496,1,0.003780,0.000797,0.995423
497,0,0.000982,0.002567,0.996450
498,0,0.002732,0.003624,0.993644
499,0,0.060797,0.010378,0.928824
500,0,0.018346,0.056916,0.924738
501,0,0.023655,0.063637,0.912708
502,0,0.008640,0.002124,0.989236
503,0,0.002994,0.000739,0.996267
504,1,0.267751,0.009795,0.722454
505,0,0.037193,0.001464,0.961343
506,1,0.008563,0.003808,0.987629
507,1,0.002649,0.004187,0.993164
508,1,0.032034,0.148448,0.819518
509,1,0.197522,0.258741,0.543736
510,1,0.683262,0.002232,0.314506
511,0,0.034014,0.001257,0.964729
512,0,0.010891,0.003639,0.985471
513,0,0.831515,0.001583,0.166902
514,1,0.003152,0.001316,0.995532
515,1,0.094291,0.007073,0.898637
516,1,0.066682,0.004565,0.928754
517,0,0.022349,0.041594,0.936057
518,1,0.432459,0.548343,0.019198
519,1,0.736761,0.001824,0.261414
520,1,0.114977,0.055893,0.829130
521,1,0.570488,0.071640,0.357872
522,1,0.100481,0.007732,0.891788
523,0,0.059717,0.165503,0.774779
524,1,0.068336,0.045413,0.886252
525,0,0.203142,0.002837,0.794021
526,1,0.281189,0.001960,0.716851
527,1,0.212291,0.238902,0.548808
528,1,0.013526,0.011583,0.974891
529,1,0.127549,0.009060,0.863391
530,0,0.656245,0.019332,0.324422
531,0,0.002196,0.001682,0.996122
532,1,0.272533,0.040093,0.687373
533,1,0.171456,0.006238,0.822306
534,0,0.020169,0.002459,0.977372
535,1,0.096356,0.099984,0.803660
536,1,0.795081,0.007660,0.197259
537,0,0.006208,0.011080,0.982713
538,0,0.026221,0.002884,0.970895
539,0,0.271536,0.001272,0.727191
540,1,0.806875,0.002995,0.190130
541,1,0.053122,0.600338,0.346539
542,1,0.908018,0.006365,0.085617
543,1,0.039559,0.681286,0.279155
544,1,0.337049,0.070533,0.592417
545,0,0.009468,0.044474,0.946058
546,1,0.289225,0.225208,0.485567
547,0,0.073801,0.001051,0.925148
548,0,0.013587,0.000716,0.985697
549,0,0.556465,0.002426,0.441108
550,0,0.001811,0.004199,0.993991
551,0,0.003345,0.001880,0.994775
552,1,0.256202,0.012147,0.731651
553,1,0.158080,0.006119,0.835802
554,1,0.085755,0.000716,0.913529
555,0,0.009448,0.001402,0.989149
556,0,0.004081,0.000786,0.995133
557,0,0.065316,0.008090,0.926594
558,1,0.002140,0.006836,0.991024
559,0,0.006511,0.012502,0.980987
560,0,0.785289,0.027136,0.187574
561,0,0.057629,0.002649,0.939722
562,0,0.666621,0.005423,0.327955
563,1,0.303513,0.025703,0.670784
564,1,0.005269,0.001483,0.993247
565,1,0.240301,0.671300,0.088399
566,1,0.044257,0.003138,0.952605
567,1,0.012802,0.002343,0.984856
568,0,0.010757,0.007406,0.981837
569,1,0.026683,0.044644,0.928673
570,0,0.005097,0.001064,0.993839
571,1,0.012593,0.001446,0.985961
572,0,0.004419,0.014499,0.981081
573,1,0.972135,0.023497,0.004369
574,0,0.628141,0.005817,0.366042
575,1,0.785973,0.002019,0.212008
576,0,0.003573,0.000768,0.995659
577,0,0.042336,0.014537,0.943127
578,1,0.400960,0.003586,0.595454
579,0,0.017487,0.001053,0.981459
580,0,0.357847,0.001578,0.640575
581,1,0.496455,0.027761,0.475784
582,1,0.225135,0.009130,0.765735
583,1,0.202700,0.022453,0.774847
584,1,0.150330,0.768291,0.081379
585,1,0.719752,0.001768,0.278480
586,0,0.018203,0.010154,0.971643
587,1,0.436494,0.002223,0.561283
588,0,0.019452,0.002426,0.978122
589,0,0.005716,0.002264,0.992020
590,1,0.324229,0.007930,0.667841
591,1,0.008790,0.005796,0.985414
592,1,0.436535,0.166996,0.396468
593,0,0.090802,0.002744,0.906454
594,1,0.060597,0.923008,0.016395
595,1,0.495638,0.492960,0.011402
596,1,0.256511,0.171755,0.571733
597,0,0.016920,0.000511,0.982569
598,0,0.002669,0.001172,0.996160
599,0,0.026591,0.021821,0.951587
600,0,0.010337,0.004541,0.985122
601,0,0.297781,0.003541,0.698678
602,1,0.944886,0.005206,0.049908
603,0,0.020038,0.003370,0.976591
604,0,0.025348,0.003520,0.971132
605,1,0.074726,0.012382,0.912892
606,0,0.025538,0.001167,0.973295
607,1,0.519765,0.001258,0.478977
608,1,0.855278,0.023330,0.121392
609,0,0.730774,0.006918,0.262308
610,0,0.208042,0.006244,0.785713
611,1,0.008919,0.002944,0.988138
612,0,0.018611,0.004062,0.977326
613,1,0.004747,0.000945,0.994307
614,0,0.012873,0.022895,0.964232
615,0,0.042034,0.004735,0.953231
616,1,0.257314,0.009097,0.733589
617,0,0.021230,0.047457,0.931313
618,0,0.002513,0.002052,0.995435
619,0,0.005575,0.001173,0.993252
620,1,0.582310,0.001356,0.416333
621,1,0.010578,0.044747,0.944675
622,1,0.009908,0.002980,0.987112
623,1,0.980488,0.006193,0.013319
624,0,0.955088,0.001178,0.043734
625,1,0.028730,0.003789,0.967481
626,1,0.126920,0.497454,0.375627
627,0,0.259967,0.003970,0.736063
628,1,0.724695,0.003340,0.271964
629,1,0.367759,0.006891,0.625350
630,0,0.012516,0.052023,0.935461
631,0,0.010761,0.008815,0.980424
632,1,0.264939,0.002347,0.732713
633,1,0.029354,0.032191,0.938455
634,0,0.009388,0.028219,0.962393
635,0,0.137296,0.004229,0.858475
636,0,0.003748,0.002610,0.993642
637,0,0.017655,0.000721,0.981624
638,0,0.006739,0.000796,0.992465
639,1,0.805697,0.005899,0.188405
640,0,0.002013,0.001273,0.996714
641,1,0.660933,0.198215,0.140852
642,1,0.043985,0.922976,0.033040
643,1,0.268688,0.001505,0.729806
644,1,0.923861,0.013172,0.062968
645,1,0.033916,0.010611,0.955473
646,1,0.024649,0.001924,0.973426
647,1,0.384532,0.004478,0.610990
648,0,0.113581,0.001677,0.884742
649,0,0.542265,0.007980,0.449755
650,0,0.003138,0.001799,0.995063
651,0,0.167671,0.002450,0.829879
652,1,0.100668,0.004138,0.895194
653,1,0.315416,0.021663,0.662921
654,0,0.039075,0.082901,0.878025
655,0,0.068993,0.031147,0.899860
656,0,0.724471,0.185318,0.090211
657,1,0.032665,0.068893,0.898442
658,1,0.067249,0.148224,0.784526
659,1,0.083020,0.001900,0.915079
660,0,0.037999,0.001168,0.960833
661,0,0.005477,0.007276,0.987247
662,1,0.008062,0.000472,0.991466
663,1,0.199833,0.533097,0.267070
664,0,0.465234,0.112694,0.422072
665,1,0.566746,0.008886,0.424368
666,1,0.152618,0.092064,0.755319
667,0,0.005043,0.000484,0.994473
668,0,0.362157,0.057704,0.580139
669,0,0.606092,0.001783,0.392125
670,0,0.663134,0.004428,0.332438
671,1,0.920812,0.005497,0.073691
672,1,0.083848,0.003468,0.912684
673,0,0.053707,0.001533,0.944760
674,0,0.211861,0.001272,0.786867
675,0,0.728660,0.003399,0.267942
676,0,0.038546,0.003334,0.958121
677,1,0.312126,0.649274,0.038599
678,0,0.030009,0.002645,0.967346
679,0,0.219971,0.001291,0.778738
680,1,0.000954,0.001070,0.997976
681,1,0.179235,0.031327,0.789438
682,0,0.043245,0.002111,0.954644
683,0,0.736362,0.001958,0.261681
684,0,0.187036,0.001071,0.811893
685,1,0.203785,0.241317,0.554898
686,1,0.030678,0.000924,0.968398
687,0,0.012719,0.001538,0.985743
688,0,0.002498,0.001292,0.996210
689,0,0.010981,0.000653,0.988366
690,0,0.197101,0.001262,0.801638
691,0,0.017265,0.004480,0.978256
692,0,0.218790,0.004515,0.776696
693,1,0.072120,0.011744,0.916136
694,1,0.036898,0.007008,0.956095
695,0,0.370103,0.005142,0.624755
696,0,0.032512,0.004078,0.963410
697,0,0.087081,0.007425,0.905493
698,1,0.359667,0.131567,0.508765
699,1,0.399440,0.003443,0.597117
700,0,0.023332,0.012900,0.963768
701,1,0.001030,0.001261,0.997710
702,0,0.281806,0.001295,0.716899
703,0,0.026052,0.001215,0.972733
704,1,0.974296,0.005513,0.020190
705,0,0.072223,0.001717,0.926060
706,0,0.010988,0.004729,0.984283
707,0,0.005605,0.000517,0.993878
708,1,0.425903,0.158997,0.415100
709,1,0.298866,0.003273,0.697861
710,0,0.310300,0.006455,0.683245
711,0,0.008992,0.089843,0.901165
712,1,0.919091,0.004535,0.076374
713,1,0.251015,0.002470,0.746515
714,1,0.868486,0.006361,0.125152
715,0,0.054909,0.004328,0.940763
716,0,0.332967,0.011189,0.655844
717,0,0.591709,0.039608,0.368683
718,1,0.017301,0.013093,0.969606
719,1,0.432820,0.002020,0.565160
720,1,0.294971,0.001957,0.703072
721,0,0.444230,0.001513,0.554257
722,0,0.005991,0.005435,0.988574
723,1,0.019678,0.001616,0.978706
724,0,0.003740,0.000970,0.995290
725,1,0.945685,0.003820,0.050495
726,1,0.581903,0.001223,0.416874
727,1,0.129639,0.002526,0.867835
728,1,0.024981,0.006108,0.968911
729,1,0.729270,0.002039,0.268691
730,1,0.402840,0.003085,0.594075
731,1,0.794370,0.004754,0.200876
732,1,0.719432,0.001486,0.279083
733,1,0.021733,0.000944,0.977323
734,1,0.376023,0.442047,0.181931
735,1,0.002705,0.001196,0.996099
736,0,0.001647,0.004744,0.993609
737,0,0.281147,0.011975,0.706878
738,0,0.056858,0.003652,0.939490
739,1,0.203232,0.005925,0.790843
740,1,0.149567,0.011668,0.838765
741,1,0.034336,0.001886,0.963778
742,1,0.940219,0.035670,0.024111
743,1,0.577565,0.002734,0.419700
744,1,0.188836,0.003944,0.807221
745,0,0.029941,0.029002,0.941057
746,0,0.001536,0.001473,0.996991
747,1,0.358164,0.001152,0.640684
748,1,0.080711,0.899216,0.020073
749,0,0.243444,0.012315,0.744242
750,0,0.034089,0.001987,0.963925
751,0,0.146656,0.001378,0.851966
752,1,0.669654,0.012825,0.317520
753,0,0.015056,0.000516,0.984429
754,0,0.317885,0.004947,0.677168
755,0,0.002602,0.001732,0.995667
756,0,0.103377,0.073297,0.823326
757,0,0.001513,0.001422,0.997065
758,0,0.073388,0.078347,0.848266
759,0,0.031267,0.036209,0.932524
760,1,0.376315,0.001863,0.621822
761,1,0.388758,0.047382,0.563860
762,0,0.082778,0.017783,0.899438
763,0,0.365610,0.046639,0.587752
764,0,0.017522,0.007345,0.975133
765,0,0.062374,0.176535,0.761091
766,0,0.182217,0.003758,0.814026
767,1,0.967592,0.003713,0.028695
768,1,0.871621,0.009514,0.118864
769,0,0.047878,0.003957,0.948166
770,0,0.058641,0.048178,0.893181
771,1,0.000982,0.001791,0.997226
772,1,0.031841,0.033710,0.934449
773,0,0.022928,0.007636,0.969436
774,0,0.005088,0.020078,0.974834
775,0,0.323160,0.181710,0.495129
776,0,0.002481,0.003519,0.994000
777,0,0.003391,0.001015,0.995595
778,1,0.737367,0.002788,0.259846
779,0,0.003084,0.003030,0.993886
780,1,0.118672,0.006288,0.875040
781,0,0.005823,0.002250,0.991927
782,0,0.037679,0.017519,0.944802
783,0,0.047990,0.067747,0.884264
784,0,0.496721,0.004773,0.498505
785,0,0.059774,0.004676,0.935550
786,1,0.032766,0.127545,0.839690
787,0,0.496434,0.002375,0.501191
788,1,0.809863,0.068126,0.122011
789,1,0.265474,0.393502,0.341024
790,1,0.825611,0.162364,0.012024
791,1,0.627968,0.006641,0.365391
792,0,0.780840,0.001448,0.217713
793,1,0.784175,0.001201,0.214624
794,0,0.164284,0.013688,0.822028
795,1,0.432052,0.001383,0.566565
796,1,0.180761,0.002057,0.817182
797,0,0.002725,0.001879,0.995396
798,0,0.064069,0.001249,0.934681
799,1,0.062118,0.015307,0.922575
800,0,0.008845,0.005523,0.985631
801,1,0.378118,0.034864,0.587018
802,1,0.432482,0.014794,0.552724
803,1,0.948579,0.001786,0.049635
804,1,0.146792,0.124762,0.728447
805,1,0.329176,0.011059,0.659765
806,1,0.548916,0.003240,0.447844
807,1,0.125589,0.000987,0.873423
808,1,0.804769,0.001493,0.193738
809,1,0.758847,0.007180,0.233973
810,1,0.884532,0.002124,0.113343
811,1,0.003739,0.002065,0.994196
812,1,0.018902,0.000597,0.980501
813,1,0.126152,0.000976,0.872872
814,1,0.853779,0.002912,0.143309
815,1,0.727367,0.002888,0.269745
816,0,0.375091,0.019408,0.605501
817,0,0.173156,0.001558,0.825285
818,1,0.036264,0.000848,0.962888
819,1,0.281276,0.003161,0.715563
820,0,0.027973,0.004074,0.967953
821,1,0.035918,0.004458,0.959624
822,1,0.010885,0.002597,0.986517
823,1,0.079112,0.003274,0.917614
824,1,0.119379,0.206048,0.674572
825,1,0.008480,0.080012,0.911508
826,1,0.031597,0.009002,0.959401
827,0,0.017657,0.547201,0.435142
828,1,0.688625,0.003848,0.307527
829,0,0.156180,0.145180,0.698640
830,1,0.138031,0.031084,0.830885
831,0,0.005751,0.023230,0.971019
832,1,0.121005,0.004847,0.874148
833,1,0.020835,0.000512,0.978654
834,0,0.007813,0.005629,0.986558
835,1,0.768775,0.001926,0.229299
836,1,0.008980,0.000839,0.990182
837,1,0.837380,0.011203,0.151417
838,1,0.755698,0.004459,0.239842
839,1,0.198734,0.003567,0.797699
840,1,0.294657,0.002659,0.702684
841,1,0.285249,0.003753,0.710998
842,1,0.618522,0.004674,0.376803
843,0,0.024007,0.000678,0.975314
844,1,0.863217,0.002399,0.134384
845,1,0.915761,0.005638,0.078602
846,0,0.013982,0.001275,0.984743
847,0,0.587259,0.020964,0.391778
848,0,0.768436,0.002096,0.229469
849,0,0.002840,0.000845,0.996315
850,0,0.248337,0.002468,0.749195
851,1,0.012210,0.000823,0.986968
852,0,0.036271,0.105781,0.857948
853,0,0.015044,0.294386,0.690570
854,0,0.060326,0.257980,0.681694
855,0,0.008440,0.024658,0.966901
856,0,0.029393,0.000836,0.969771
857,0,0.588348,0.008701,0.402951
858,0,0.023337,0.004006,0.972657
859,1,0.121601,0.681195,0.197204
860,0,0.008212,0.000549,0.991239
861,1,0.005684,0.047658,0.946658
862,1,0.087163,0.002823,0.910014
863,0,0.031512,0.147868,0.820620
864,0,0.012477,0.038558,0.948964
865,1,0.713865,0.005107,0.281028
866,1,0.005464,0.042864,0.951672
867,0,0.024997,0.000876,0.974127
868,0,0.003747,0.046404,0.949848
869,0,0.007554,0.002167,0.990279
870,1,0.624609,0.007540,0.367851
871,1,0.002209,0.000942,0.996849
872,1,0.687851,0.124486,0.187663
873,1,0.002575,0.001595,0.995830
874,1,0.001432,0.000671,0.997897
875,0,0.005057,0.000626,0.994317
876,1,0.146907,0.008388,0.844705
877,1,0.968177,0.020360,0.011463
878,1,0.001802,0.000892,0.997306
879,0,0.003843,0.001951,0.994206
880,0,0.011060,0.002842,0.986099
881,0,0.015670,0.525958,0.458372
882,1,0.154875,0.008287,0.836838
883,0,0.004749,0.001286,0.993964
884,1,0.169796,0.155217,0.674987
885,0,0.006165,0.001391,0.992444
886,1,0.134029,0.007278,0.858693
887,0,0.010778,0.005522,0.983699
888,0,0.002905,0.002922,0.994173
889,0,0.256043,0.002433,0.741524
890,0,0.073801,0.001051,0.925148
891,0,0.002197,0.001039,0.996763
892,0,0.017221,0.006028,0.976751
893,1,0.882702,0.002189,0.115109
894,0,0.087117,0.002197,0.910687
895,0,0.046473,0.001756,0.951770
896,0,0.022982,0.002721,0.974297
897,0,0.055464,0.001971,0.942564
898,0,0.051733,0.001266,0.947001
899,0,0.001776,0.000493,0.997731
900,1,0.679558,0.009556,0.310886
901,0,0.015324,0.001680,0.982996
902,0,0.281489,0.047378,0.671133
903,0,0.266492,0.001626,0.731883
904,0,0.077075,0.007240,0.915685
905,0,0.004837,0.001599,0.993564
906,0,0.004757,0.000465,0.994778
907,0,0.872214,0.004652,0.123134
908,1,0.629576,0.004469,0.365955
909,0,0.000964,0.000549,0.998487
910,0,0.789040,0.003260,0.207701
911,0,0.376412,0.002309,0.621278
912,1,0.006322,0.000764,0.992914
913,0,0.823000,0.001510,0.175491
914,0,0.001419,0.001472,0.997109
915,1,0.513376,0.003909,0.482714
916,1,0.058393,0.342822,0.598786
917,1,0.953079,0.004274,0.042646
918,0,0.004431,0.002528,0.993041
919,1,0.047639,0.008440,0.943921
920,1,0.440575,0.197188,0.362237
921,0,0.005256,0.001080,0.993665
922,0,0.013106,0.003387,0.983507
923,0,0.099442,0.001301,0.899258
924,0,0.566761,0.001664,0.431575
925,1,0.642483,0.023337,0.334180
926,0,0.052699,0.027880,0.919421
927,1,0.983823,0.009447,0.006730
928,0,0.001865,0.001087,0.997048
929,0,0.006896,0.001983,0.991121
930,0,0.025942,0.024516,0.949542
931,1,0.221370,0.001643,0.776987
932,0,0.037215,0.015405,0.947380
933,0,0.006472,0.000665,0.992863
934,1,0.016309,0.014091,0.969601
935,1,0.389021,0.196024,0.414956
936,0,0.030504,0.005584,0.963912
937,0,0.008978,0.001354,0.989667
938,0,0.001958,0.001892,0.996150
939,0,0.003110,0.000566,0.996325
940,0,0.008517,0.002296,0.989187
941,0,0.351155,0.030499,0.618346
942,0,0.010686,0.018245,0.971069
943,1,0.652598,0.009657,0.337744
944,0,0.491578,0.004135,0.504287
945,1,0.871243,0.005472,0.123285
946,1,0.049392,0.801486,0.149122
947,1,0.030319,0.081018,0.888663
948,0,0.024270,0.003778,0.971952
949,0,0.009766,0.002024,0.988210
950,1,0.001522,0.002260,0.996218
951,1,0.006245,0.001412,0.992343
952,0,0.009596,0.022840,0.967564
953,1,0.106367,0.002288,0.891344
954,1,0.083815,0.671259,0.244926
955,0,0.003457,0.003603,0.992941
956,1,0.033128,0.264378,0.702495
957,0,0.019416,0.040000,0.940585
958,0,0.125134,0.009757,0.865109
959,0,0.017055,0.018501,0.964444
960,0,0.058360,0.011891,0.929748
961,0,0.023280,0.001888,0.974831
962,0,0.108162,0.015701,0.876137
963,0,0.280270,0.001183,0.718547
964,1,0.540910,0.002326,0.456764
965,0,0.068283,0.004202,0.927515
966,0,0.057620,0.001641,0.940739
967,0,0.031909,0.068475,0.899616
968,0,0.127086,0.000874,0.872040
969,0,0.008728,0.080726,0.910546
970,0,0.001825,0.002586,0.995589
971,0,0.014834,0.031467,0.953699
972,0,0.003509,0.000651,0.995840
973,1,0.681452,0.004450,0.314098
974,0,0.759670,0.002986,0.237345
975,0,0.008704,0.001190,0.990106
976,0,0.025029,0.034590,0.940381
977,1,0.268693,0.642304,0.089004
978,1,0.061231,0.002853,0.935916
979,1,0.008358,0.000777,0.990864
980,0,0.012859,0.043405,0.943736
981,1,0.853774,0.002256,0.143969
982,0,0.021332,0.001465,0.977202
983,1,0.148156,0.001073,0.850771
984,0,0.034660,0.003543,0.961796
985,1,0.736549,0.003353,0.260098
986,1,0.237642,0.352848,0.409510
987,1,0.003075,0.003256,0.993670
988,1,0.737462,0.002633,0.259905
989,0,0.001958,0.012942,0.985100
990,0,0.052374,0.007333,0.940293
991,0,0.049303,0.012680,0.938016
992,1,0.170808,0.106427,0.722766
993,1,0.096931,0.020275,0.882793
994,1,0.044718,0.933486,0.021796
995,1,0.465108,0.003138,0.531753
996,0,0.440451,0.027671,0.531878
997,0,0.038191,0.001772,0.960037
998,1,0.465649,0.042117,0.492234
999,1,0.230066,0.345715,0.424220
1000,1,0.654770,0.005940,0.339290
1001,1,0.843604,0.030623,0.125773
1002,1,0.135337,0.341653,0.523010
1003,0,0.782262,0.002597,0.215141
1004,1,0.027024,0.015933,0.957043
1005,0,0.233889,0.004511,0.761600
1006,1,0.080061,0.001357,0.918582
1007,1,0.303490,0.581787,0.114723
1008,0,0.007634,0.000477,0.991889
1009,0,0.057321,0.001535,0.941144
1010,1,0.940756,0.002359,0.056885
1011,0,0.023668,0.001056,0.975276
1012,0,0.064580,0.005580,0.929839
1013,0,0.024278,0.005877,0.969845
1014,1,0.498821,0.001346,0.499833
1015,1,0.063626,0.749072,0.187302
1016,1,0.276041,0.400432,0.323527
1017,1,0.252330,0.035708,0.711962
1018,1,0.208563,0.030970,0.760467
1019,0,0.059696,0.181114,0.759189
1020,0,0.006197,0.000933,0.992870
1021,1,0.455566,0.006011,0.538423
1022,0,0.011367,0.024012,0.964621
1023,1,0.051516,0.011147,0.937337
1024,1,0.429146,0.009452,0.561402
1025,1,0.853846,0.054615,0.091539
1026,1,0.711160,0.033124,0.255716
1027,1,0.092503,0.267636,0.639861
1028,1,0.736793,0.001382,0.261825
1029,1,0.930991,0.003600,0.065409
1030,0,0.092931,0.001623,0.905446
1031,1,0.684347,0.086067,0.229586
1032,1,0.083667,0.002457,0.913876
1033,0,0.805583,0.001926,0.192491
1034,1,0.946408,0.032469,0.021123
1035,0,0.102481,0.004365,0.893154
1036,1,0.461016,0.112091,0.426893
1037,0,0.068166,0.010107,0.921728
1038,1,0.782389,0.008470,0.209140
1039,1,0.269080,0.028774,0.702146
1040,1,0.858566,0.059646,0.081788
1041,1,0.475028,0.005096,0.519876
1042,1,0.129057,0.009901,0.861041
1043,0,0.017855,0.000546,0.981599
1044,1,0.893726,0.012785,0.093489
1045,1,0.040827,0.002156,0.957016
1046,1,0.155453,0.820975,0.023572
1047,1,0.133122,0.002346,0.864532
1048,0,0.243589,0.012302,0.744108
1049,0,0.306139,0.004000,0.689860
1050,0,0.032364,0.000497,0.967140
1051,0,0.003057,0.002250,0.994693
1052,0,0.019481,0.000735,0.979784
1053,1,0.001999,0.001799,0.996202
1054,0,0.129044,0.016150,0.854807
1055,0,0.010420,0.001662,0.987918
1056,1,0.204158,0.068512,0.727330
1057,0,0.022609,0.007397,0.969995
1058,0,0.000986,0.000749,0.998265
1059,0,0.003451,0.000722,0.995826
1060,0,0.003374,0.001924,0.994702
1061,0,0.264568,0.007117,0.728315
1062,1,0.491445,0.439910,0.068645
1063,0,0.250203,0.005622,0.744175
1064,0,0.009837,0.005952,0.984211
1065,0,0.009831,0.003472,0.986697
1066,0,0.235017,0.065320,0.699663
1067,0,0.058794,0.000955,0.940251
1068,0,0.045702,0.000842,0.953456
1069,1,0.920778,0.009858,0.069365
1070,1,0.012786,0.002673,0.984540
1071,1,0.411666,0.002055,0.586279
1072,0,0.043744,0.002070,0.954186
1073,0,0.744900,0.003438,0.251662
1074,0,0.014646,0.001015,0.984339
1075,1,0.024021,0.000854,0.975126
1076,1,0.028963,0.919138,0.051899
1077,0,0.055773,0.001503,0.942723
1078,0,0.063778,0.361901,0.574321
1079,0,0.002367,0.003896,0.993737
1080,0,0.007967,0.022199,0.969834
1081,0,0.003452,0.016470,0.980078
1082,0,0.007464,0.003099,0.989437
1083,0,0.857219,0.009131,0.133650
1084,1,0.975992,0.011087,0.012921
1085,0,0.038822,0.042001,0.919177
1086,0,0.001693,0.001173,0.997133
1087,1,0.007701,0.003051,0.989248
1088,1,0.086870,0.718212,0.194918
1089,1,0.665271,0.002016,0.332713
1090,0,0.039545,0.001903,0.958552
1091,0,0.128772,0.004304,0.866924
1092,0,0.001935,0.000833,0.997231
1093,0,0.506894,0.002627,0.490479
1094,0,0.010686,0.018245,0.971069
1095,0,0.423450,0.012052,0.564498
1096,0,0.004392,0.001596,0.994012
1097,1,0.719487,0.057144,0.223369
1098,0,0.004055,0.001981,0.993965
1099,0,0.879754,0.004581,0.115665
1100,1,0.962067,0.018460,0.019473
1101,1,0.015948,0.017793,0.966259
1102,1,0.328114,0.021859,0.650027
1103,1,0.467695,0.167944,0.364361
1104,1,0.215007,0.003460,0.781533
1105,0,0.019751,0.003603,0.976646
1106,1,0.252193,0.006277,0.741530
1107,1,0.112815,0.003989,0.883196
1108,1,0.120917,0.630635,0.248448
1109,1,0.040638,0.006161,0.953200
1110,0,0.001695,0.001273,0.997033
1111,0,0.443973,0.003860,0.552166
1112,1,0.059762,0.004851,0.935387
1113,1,0.132649,0.013243,0.854108
1114,1,0.071715,0.703592,0.224692
1115,0,0.026242,0.382265,0.591492
1116,1,0.006544,0.011631,0.981825
1117,1,0.037975,0.082944,0.879081
1118,0,0.836624,0.003368,0.160009
1119,0,0.253435,0.028034,0.718531
1120,1,0.349201,0.001556,0.649243
1121,0,0.001730,0.003336,0.994933
1122,1,0.070742,0.030606,0.898651
1123,1,0.683863,0.005569,0.310568
1124,1,0.485427,0.278912,0.235661
1125,1,0.412247,0.077240,0.510513
1126,1,0.046702,0.847719,0.105579
1127,1,0.689553,0.003714,0.306732
1128,1,0.499353,0.003453,0.497194
1129,1,0.055167,0.844494,0.100340
1130,1,0.217410,0.005522,0.777068
1131,1,0.488114,0.006547,0.505339
1132,1,0.265361,0.429080,0.305559
1133,0,0.029325,0.000701,0.969974
1134,1,0.026307,0.248772,0.724920
1135,1,0.972558,0.021986,0.005456
1136,1,0.349352,0.004161,0.646486
1137,1,0.107889,0.004195,0.887916
1138,1,0.012274,0.291303,0.696423
1139,1,0.009983,0.000949,0.989068
1140,0,0.001008,0.000963,0.998029
1141,0,0.003441,0.000506,0.996053
1142,0,0.020713,0.001627,0.977660
1143,0,0.011117,0.000920,0.987962
1144,0,0.021158,0.003072,0.975770
1145,0,0.026049,0.000916,0.973035
1146,1,0.224761,0.001259,0.773980
1147,0,0.071541,0.002034,0.926425
1148,0,0.375217,0.021364,0.603419
1149,0,0.378776,0.001957,0.619267
1150,0,0.414185,0.004908,0.580906
1151,0,0.062072,0.002152,0.935775
1152,0,0.018026,0.001921,0.980053
1153,0,0.004637,0.002964,0.992400
1154,0,0.058375,0.016964,0.924661
1155,1,0.047985,0.917408,0.034607
1156,0,0.005975,0.000565,0.993459
1157,0,0.103728,0.001472,0.894800
1158,0,0.001433,0.000948,0.997619
1159,1,0.092902,0.001018,0.906081
1160,1,0.511533,0.005396,0.483070
1161,1,0.011117,0.010463,0.978420
1162,0,0.356242,0.003153,0.640605
1163,1,0.058083,0.002925,0.938992
1164,1,0.263840,0.019141,0.717019
1165,1,0.005725,0.000648,0.993627
1166,1,0.178329,0.343559,0.478112
1167,1,0.116674,0.008096,0.875230
1168,1,0.347646,0.008741,0.643613
1169,1,0.871252,0.008032,0.120716
1170,0,0.159563,0.035165,0.805272
1171,1,0.703664,0.001783,0.294553
1172,1,0.133280,0.046123,0.820597
1173,1,0.248315,0.001599,0.750086
1174,0,0.442966,0.042198,0.514836
1175,0,0.055248,0.005305,0.939447
1176,0,0.325323,0.001865,0.672812
1177,0,0.006329,0.001383,0.992288
1178,0,0.018349,0.033870,0.947781
1179,1,0.976721,0.003239,0.020040
1180,1,0.144677,0.387962,0.467361
1181,1,0.607503,0.002800,0.389696
1182,0,0.001007,0.001055,0.997937
1183,1,0.038369,0.001178,0.960453
1184,1,0.545060,0.004379,0.450561
1185,0,0.271435,0.081804,0.646761
1186,0,0.004462,0.001993,0.993545
1187,0,0.019880,0.006159,0.973961
1188,0,0.225238,0.002424,0.772338
1189,0,0.003719,0.001043,0.995238
1190,1,0.015959,0.004486,0.979555
1191,1,0.092365,0.001643,0.905992
1192,0,0.001540,0.010685,0.987775
1193,0,0.042835,0.069806,0.887358
1194,1,0.770087,0.002528,0.227385
1195,1,0.009522,0.008508,0.981970
1196,1,0.015969,0.001568,0.982462
1197,0,0.001733,0.001336,0.996931
1198,0,0.236951,0.010292,0.752757
1199,1,0.664793,0.005306,0.329901
1200,0,0.070391,0.067954,0.861655
1201,0,0.009088,0.001703,0.989208
1202,1,0.055353,0.002725,0.941922
1203,1,0.001690,0.000836,0.997473
1204,1,0.033565,0.002413,0.964022
1205,0,0.955606,0.012102,0.032292
1206,1,0.001097,0.001113,0.997790
1207,1,0.003121,0.001181,0.995698
1208,1,0.207371,0.072908,0.719721
1209,1,0.710655,0.003845,0.285501
1210,1,0.010047,0.001238,0.988715
1211,1,0.415984,0.039897,0.544119
1212,1,0.010576,0.001151,0.988274
1213,1,0.033373,0.865686,0.100942
1214,1,0.012419,0.001156,0.986425
1215,0,0.668984,0.001858,0.329158
1216,0,0.003589,0.016205,0.980206
1217,1,0.327694,0.002541,0.669765
1218,0,0.003924,0.000937,0.995138
1219,0,0.005193,0.003084,0.991723
1220,0,0.009477,0.001977,0.988546
1221,1,0.805823,0.017360,0.176817
1222,0,0.001134,0.000570,0.998296
1223,0,0.004394,0.001079,0.994527
1224,0,0.544924,0.016436,0.438640
1225,1,0.585794,0.004462,0.409744
1226,0,0.789524,0.002247,0.208229
1227,1,0.051315,0.916897,0.031788
1228,0,0.002998,0.002913,0.994089
1229,1,0.057109,0.038784,0.904107
1230,1,0.064772,0.812165,0.123063
1231,0,0.002524,0.023428,0.974047
1232,0,0.008756,0.069326,0.921918
1233,1,0.792736,0.007761,0.199503
1234,0,0.198304,0.001412,0.800284
1235,0,0.008080,0.004688,0.987232
1236,0,0.051955,0.004300,0.943745
1237,0,0.029488,0.073012,0.897499
1238,0,0.103897,0.009196,0.886907
1239,0,0.001516,0.002375,0.996109
1240,1,0.011066,0.029115,0.959819
1241,0,0.001918,0.002760,0.995321
1242,0,0.063241,0.003178,0.933580
1243,0,0.003267,0.000656,0.996077
1244,0,0.042490,0.014737,0.942774
1245,0,0.758207,0.005215,0.236578
1246,1,0.093708,0.037353,0.868939
1247,0,0.008321,0.000378,0.991301
1248,0,0.002272,0.000480,0.997248
1249,0,0.001390,0.000695,0.997915
1250,0,0.622389,0.012005,0.365606
1251,0,0.002794,0.000701,0.996505
1252,0,0.590529,0.002042,0.407429
1253,0,0.003392,0.003259,0.993349
1254,0,0.025539,0.027768,0.946693
1255,0,0.002453,0.002574,0.994973
1256,0,0.006233,0.012244,0.981523
1257,0,0.088294,0.001508,0.910198
1258,1,0.856250,0.004164,0.139586
1259,0,0.300245,0.606878,0.092876
1260,0,0.022084,0.001131,0.976785
1261,0,0.390344,0.001523,0.608132
1262,0,0.009396,0.015360,0.975243
1263,0,0.002778,0.005946,0.991275
1264,0,0.051777,0.049139,0.899084
1265,0,0.010753,0.001432,0.987815
1266,0,0.928588,0.001506,0.069907
1267,1,0.061694,0.879882,0.058425
1268,0,0.004628,0.001150,0.994222
1269,0,0.054068,0.001087,0.944844
1270,0,0.036968,0.001868,0.961163
1271,1,0.575295,0.003474,0.421231
1272,0,0.001069,0.000706,0.998225
1273,0,0.101958,0.008677,0.889364
1274,0,0.692531,0.003076,0.304393
1275,0,0.002675,0.001682,0.995643
1276,0,0.012913,0.009617,0.977469
1277,0,0.012118,0.007702,0.980180
1278,0,0.017090,0.004534,0.978376
1279,0,0.734479,0.002135,0.263387
1280,0,0.001909,0.000786,0.997306
1281,0,0.005826,0.005344,0.988830
1282,0,0.562440,0.002626,0.434934
1283,0,0.002346,0.002753,0.994901
1284,0,0.000913,0.000686,0.998401
1285,0,0.027480,0.092040,0.880480
1286,0,0.052860,0.139438,0.807702
1287,0,0.001430,0.005001,0.993569
1288,1,0.009713,0.000608,0.989679
1289,1,0.007240,0.003787,0.988973
1290,1,0.033997,0.000934,0.965070
1291,0,0.087761,0.000692,0.911547
1292,0,0.008487,0.000776,0.990738
1293,1,0.020633,0.000729,0.978638
1294,0,0.002393,0.002084,0.995523
1295,0,0.399683,0.016181,0.584135
1296,1,0.459709,0.005230,0.535061
1297,1,0.069962,0.427234,0.502804
1298,1,0.061681,0.015840,0.922479
1299,1,0.223834,0.360554,0.415612
1300,0,0.001017,0.001427,0.997556
1301,0,0.025630,0.001993,0.972377
1302,1,0.060683,0.080465,0.858852
1303,0,0.463759,0.004287,0.531954
1304,0,0.006163,0.013775,0.980062
1305,1,0.473396,0.020158,0.506446
1306,1,0.484574,0.009056,0.506371
1307,1,0.273973,0.006361,0.719666
1308,1,0.044284,0.000843,0.954873
1309,0,0.013184,0.276791,0.710025
1310,1,0.065303,0.000946,0.933751
1311,0,0.004369,0.004914,0.990717
1312,1,0.027804,0.130222,0.841974
1313,1,0.006349,0.009862,0.983788
1314,1,0.054427,0.001200,0.944373
1315,0,0.010192,0.011710,0.978098
1316,1,0.015745,0.001573,0.982682
1317,0,0.003899,0.002669,0.993432
1318,0,0.206661,0.003563,0.789775
1319,1,0.974759,0.003041,0.022201
1320,0,0.017238,0.105054,0.877707
1321,0,0.454554,0.005965,0.539481
1322,1,0.811556,0.001919,0.186525
1323,1,0.281044,0.059736,0.659220
1324,0,0.290727,0.147351,0.561922
1325,0,0.360902,0.002560,0.636539
1326,1,0.093715,0.235832,0.670452
1327,1,0.676377,0.003621,0.320002
1328,1,0.981444,0.006184,0.012372
1329,1,0.008496,0.002335,0.989169
1330,0,0.022475,0.075872,0.901653
1331,0,0.033768,0.009861,0.956371
1332,0,0.019673,0.021188,0.959140
1333,1,0.281389,0.526369,0.192242
1334,1,0.961672,0.002014,0.036314
1335,0,0.003749,0.002045,0.994206
1336,0,0.031361,0.005645,0.962995
1337,1,0.009384,0.005331,0.985285
1338,0,0.016169,0.006887,0.976944
1339,0,0.002336,0.001176,0.996488
1340,0,0.014330,0.002206,0.983464
1341,1,0.133414,0.001705,0.864881
1342,0,0.110953,0.038994,0.850053
1343,1,0.523328,0.017493,0.459179
1344,0,0.003993,0.006788,0.989219
1345,0,0.024269,0.000953,0.974778
1346,0,0.080436,0.156265,0.763299
1347,0,0.004234,0.003392,0.992374
1348,1,0.931059,0.002559,0.066382
1349,0,0.258213,0.001921,0.739865
1350,0,0.001788,0.000961,0.997251
1351,0,0.002363,0.001121,0.996516
1352,1,0.571391,0.007007,0.421602
1353,1,0.007258,0.019625,0.973118
1354,0,0.015734,0.014051,0.970215
1355,1,0.103874,0.017865,0.878261
1356,1,0.130034,0.171596,0.698370
1357,1,0.028030,0.010509,0.961461
1358,0,0.027212,0.002845,0.969943
1359,0,0.070346,0.125565,0.804089
1360,1,0.846943,0.011815,0.141242
1361,1,0.049067,0.002570,0.948363
1362,0,0.025467,0.005587,0.968945
1363,0,0.019510,0.119940,0.860550
1364,0,0.017088,0.015873,0.967040
1365,1,0.650335,0.034851,0.314814
1366,1,0.097549,0.039165,0.863287
1367,0,0.021089,0.000857,0.978055
1368,0,0.015923,0.005562,0.978515
1369,0,0.005985,0.003982,0.990033
1370,0,0.005095,0.001261,0.993645
1371,1,0.010689,0.001547,0.987764
1372,1,0.081467,0.030453,0.888081
1373,1,0.037826,0.069884,0.892290
1374,1,0.568600,0.031140,0.400259
1375,0,0.005014,0.002179,0.992806
1376,0,0.004314,0.001711,0.993975
1377,1,0.015795,0.000660,0.983545
1378,1,0.023163,0.000665,0.976172
1379,1,0.007700,0.001498,0.990801
1380,1,0.271357,0.012271,0.716372
1381,1,0.928705,0.030813,0.040482
1382,1,0.029631,0.003809,0.966560
1383,1,0.002756,0.001168,0.996075
1384,0,0.434339,0.004993,0.560668
1385,0,0.635653,0.005094,0.359254
1386,0,0.001575,0.000932,0.997493
1387,1,0.061834,0.912432,0.025734
1388,0,0.001227,0.002115,0.996658
1389,0,0.019744,0.001914,0.978342
1390,1,0.003702,0.002514,0.993784
1391,1,0.797915,0.060301,0.141784
1392,0,0.448584,0.002011,0.549405
1393,1,0.877164,0.009886,0.112950
1394,1,0.342281,0.045293,0.612426
1395,0,0.044560,0.001629,0.953811
1396,1,0.029358,0.071032,0.899610
1397,0,0.304485,0.003791,0.691724
1398,1,0.514297,0.079140,0.406563
1399,1,0.959288,0.010891,0.029821
1400,1,0.090292,0.009350,0.900358
1401,0,0.337710,0.002243,0.660046
1402,0,0.241229,0.002069,0.756702
1403,0,0.049758,0.001634,0.948608
1404,1,0.337383,0.002923,0.659694
1405,0,0.021727,0.107674,0.870599
1406,1,0.115164,0.002595,0.882240
1407,0,0.004331,0.001360,0.994310
1408,1,0.079275,0.514694,0.406030
1409,1,0.612220,0.010758,0.377022
1410,1,0.938376,0.002666,0.058959
1411,0,0.055317,0.002213,0.942470
1412,0,0.003774,0.021653,0.974573
1413,1,0.760384,0.021612,0.218004
1414,0,0.001719,0.001199,0.997082
1415,1,0.070135,0.019816,0.910050
1416,1,0.785894,0.004501,0.209604
1417,1,0.004179,0.002448,0.993373
1418,1,0.333379,0.004123,0.662498
1419,1,0.109829,0.316194,0.573977
1420,1,0.481255,0.007588,0.511157
1421,1,0.979427,0.002349,0.018224
1422,0,0.498172,0.001120,0.500708
1423,0,0.004847,0.004772,0.990381
1424,1,0.012433,0.002647,0.984920
1425,0,0.029997,0.003191,0.966811
1426,0,0.007425,0.004222,0.988353
1427,1,0.952128,0.002182,0.045690
1428,0,0.024005,0.001369,0.974626
1429,1,0.812590,0.011591,0.175819
1430,1,0.690213,0.007292,0.302495
1431,1,0.712128,0.004456,0.283415
1432,1,0.924890,0.005356,0.069755
1433,0,0.003421,0.003546,0.993033
1434,0,0.077044,0.001352,0.921604
1435,1,0.273096,0.521151,0.205753
1436,1,0.398635,0.001894,0.599471
1437,1,0.884755,0.001494,0.113751
1438,0,0.035715,0.018264,0.946021
1439,0,0.112705,0.001887,0.885408
1440,1,0.282951,0.001289,0.715760
1441,1,0.671259,0.093937,0.234803
1442,0,0.123938,0.002330,0.873732
1443,0,0.002052,0.004016,0.993932
1444,1,0.812422,0.006746,0.180831
1445,1,0.393434,0.002120,0.604446
1446,1,0.069277,0.898247,0.032476
1447,1,0.354465,0.340548,0.304987
1448,1,0.007381,0.003540,0.989080
1449,0,0.001675,0.000877,0.997448
1450,1,0.600932,0.074048,0.325019
1451,0,0.017328,0.004505,0.978167
1452,1,0.154436,0.000845,0.844719
1453,1,0.821329,0.001163,0.177508
1454,1,0.055425,0.014228,0.930347
1455,1,0.638604,0.001986,0.359411
1456,0,0.001053,0.002204,0.996743
1457,0,0.005427,0.001000,0.993573
1458,0,0.570745,0.001121,0.428134
1459,1,0.751627,0.024161,0.224213
1460,1,0.389514,0.003423,0.607063
1461,0,0.011730,0.001697,0.986573
1462,1,0.890074,0.001223,0.108703
1463,0,0.097040,0.002447,0.900513
1464,1,0.650962,0.008347,0.340691
1465,1,0.348935,0.001483,0.649582
1466,1,0.826213,0.001503,0.172285
1467,0,0.403411,0.005108,0.591482
1468,1,0.871048,0.003649,0.125303
1469,1,0.011535,0.000477,0.987988
1470,0,0.142968,0.000647,0.856386
1471,0,0.025942,0.078020,0.896038
1472,1,0.949860,0.003455,0.046686
1473,1,0.788625,0.002387,0.208987
1474,0,0.026156,0.001493,0.972351
1475,0,0.003706,0.002585,0.993709
1476,1,0.639004,0.002562,0.358434
1477,0,0.025148,0.004023,0.970829
1478,0,0.001195,0.003093,0.995711
1479,0,0.006233,0.000586,0.993181
1480,0,0.022809,0.001432,0.975759
1481,0,0.004484,0.002100,0.993416
1482,0,0.001068,0.000897,0.998035
1483,1,0.961936,0.001831,0.036234
1484,0,0.199469,0.018878,0.781652
1485,0,0.055104,0.000920,0.943977
1486,1,0.283236,0.001663,0.715102
1487,0,0.044202,0.066611,0.889186
1488,0,0.375111,0.007520,0.617368
1489,0,0.066470,0.104729,0.828801
1490,1,0.070895,0.551056,0.378049
1491,0,0.049287,0.002149,0.948564
1492,1,0.004450,0.001010,0.994540
1493,0,0.020457,0.001291,0.978252
1494,1,0.161803,0.302519,0.535679
1495,1,0.136457,0.042913,0.820630
1496,0,0.200280,0.006066,0.793654
1497,0,0.162403,0.001237,0.836360
1498,0,0.020984,0.000799,0.978217
1499,1,0.015605,0.003758,0.980637
1500,1,0.478877,0.076453,0.444670
1501,0,0.017981,0.001304,0.980715
1502,0,0.725922,0.004994,0.269083
1503,1,0.013564,0.011206,0.975230
1504,1,0.415645,0.002552,0.581803
1505,0,0.022843,0.001796,0.975361
1506,0,0.818417,0.001808,0.179776
1507,0,0.028759,0.006187,0.965053
1508,0,0.408250,0.040595,0.551155
1509,1,0.017503,0.884643,0.097854
1510,1,0.693175,0.002584,0.304241
1511,0,0.815631,0.001383,0.182986
1512,1,0.027624,0.002532,0.969844
1513,0,0.005538,0.011927,0.982535
1514,0,0.007090,0.009717,0.983193
1515,0,0.084287,0.477612,0.438101
1516,0,0.080299,0.002518,0.917183
1517,0,0.017009,0.001958,0.981033
1518,0,0.157197,0.330677,0.512125
1519,1,0.097281,0.470354,0.432366
1520,1,0.037741,0.014890,0.947369
1521,0,0.067733,0.006360,0.925906
1522,0,0.005119,0.009353,0.985528
1523,0,0.002756,0.004314,0.992930
1524,0,0.006247,0.005230,0.988524
1525,0,0.001803,0.003481,0.994716
1526,0,0.023580,0.070647,0.905773
1527,0,0.012237,0.026056,0.961707
1528,0,0.001653,0.001819,0.996529
1529,0,0.002772,0.001806,0.995422
1530,0,0.001031,0.000674,0.998295
1531,0,0.010085,0.018054,0.971861
1532,0,0.302401,0.006870,0.690730
1533,1,0.020676,0.024716,0.954608
1534,0,0.002808,0.003155,0.994037
1535,1,0.906248,0.002375,0.091377
1536,1,0.416418,0.057621,0.525961
1537,1,0.143399,0.007331,0.849270
1538,1,0.968677,0.001725,0.029598
1539,1,0.854997,0.001588,0.143415
1540,1,0.047199,0.005762,0.947039
1541,0,0.828085,0.003957,0.167958
1542,0,0.034542,0.001123,0.964335
1543,0,0.254046,0.002221,0.743733
1544,0,0.233804,0.031625,0.734570
1545,0,0.778948,0.002946,0.218106
1546,0,0.006909,0.007797,0.985294
1547,0,0.355376,0.011005,0.633619
1548,1,0.063887,0.451945,0.484168
1549,1,0.982413,0.006570,0.011018
1550,0,0.912983,0.002928,0.084089
1551,0,0.001183,0.001305,0.997512
1552,0,0.006569,0.017342,0.976088
1553,1,0.953177,0.006926,0.039897
1554,1,0.059598,0.000693,0.939709
1555,0,0.002237,0.002184,0.995579
1556,0,0.085802,0.001162,0.913036
1557,1,0.068632,0.798027,0.133340
1558,0,0.002283,0.000916,0.996801
1559,0,0.037688,0.009537,0.952775
1560,0,0.512047,0.003336,0.484616
1561,0,0.076823,0.067436,0.855741
1562,0,0.079310,0.015134,0.905556
1563,1,0.861812,0.012848,0.125340
1564,0,0.046058,0.002006,0.951936
1565,0,0.023720,0.001638,0.974641
1566,1,0.643376,0.001966,0.354658
1567,1,0.670556,0.028129,0.301315
1568,0,0.003319,0.002096,0.994585
1569,1,0.542430,0.058458,0.399112
1570,1,0.943108,0.006287,0.050606
1571,1,0.904415,0.001284,0.094301
1572,0,0.014198,0.010002,0.975800
1573,0,0.002628,0.000727,0.996645
1574,1,0.005951,0.005929,0.988120
1575,0,0.004000,0.001521,0.994479
1576,0,0.045089,0.015459,0.939452
1577,1,0.012216,0.002857,0.984927
1578,0,0.017744,0.058064,0.924192
1579,0,0.011462,0.003953,0.984585
1580,0,0.367193,0.001151,0.631656
1581,0,0.746093,0.001498,0.252409
1582,1,0.061347,0.011089,0.927563
1583,1,0.293438,0.411671,0.294891
1584,0,0.008650,0.004162,0.987188
1585,0,0.020841,0.338512,0.640647
1586,0,0.193827,0.007445,0.798729
1587,0,0.062712,0.001423,0.935865
1588,0,0.047478,0.004827,0.947694
1589,1,0.700686,0.023609,0.275705
1590,0,0.009346,0.001470,0.989184
1591,1,0.615463,0.016359,0.368177
1592,0,0.540686,0.014738,0.444576
1593,1,0.164379,0.004048,0.831573
1594,0,0.013015,0.001998,0.984988
1595,1,0.055167,0.844494,0.100340
1596,1,0.119616,0.028247,0.852138
1597,0,0.076366,0.003248,0.920386
1598,0,0.002652,0.001365,0.995983
1599,0,0.012414,0.002186,0.985399
1600,1,0.435964,0.003173,0.560863
1601,0,0.006237,0.002326,0.991437
1602,1,0.117246,0.008733,0.874022
1603,1,0.158896,0.002019,0.839085
1604,1,0.945295,0.001389,0.053316
1605,1,0.225936,0.002313,0.771751
1606,1,0.050099,0.007876,0.942024
1607,1,0.197951,0.062346,0.739703
1608,0,0.015970,0.004655,0.979376
1609,1,0.861381,0.011987,0.126632
1610,0,0.041314,0.000814,0.957872
1611,1,0.920727,0.003646,0.075627
1612,1,0.023607,0.001817,0.974577
1613,1,0.764966,0.014439,0.220595
1614,0,0.703093,0.002366,0.294541
1615,1,0.048450,0.001354,0.950196
1616,0,0.004339,0.001599,0.994061
1617,0,0.001487,0.003047,0.995466
1618,1,0.420643,0.002215,0.577143
1619,1,0.070220,0.001294,0.928486
1620,1,0.966887,0.004105,0.029007
1621,1,0.015006,0.000841,0.984153
1622,1,0.101676,0.002825,0.895500
1623,1,0.091948,0.024441,0.883611
1624,1,0.389473,0.006083,0.604444
1625,0,0.543543,0.005902,0.450555
1626,1,0.059195,0.008341,0.932465
1627,1,0.928284,0.001247,0.070469
1628,1,0.959693,0.002183,0.038125
1629,1,0.023024,0.000583,0.976393
1630,1,0.005823,0.002296,0.991880
1631,1,0.040027,0.000620,0.959353
1632,1,0.012503,0.164607,0.822890
1633,0,0.011577,0.005542,0.982881
1634,0,0.011161,0.007391,0.981448
1635,1,0.860441,0.049093,0.090466
1636,1,0.047982,0.155128,0.796890
1637,0,0.006208,0.011080,0.982713
1638,1,0.424962,0.005064,0.569974
1639,0,0.001213,0.002594,0.996193
1640,0,0.341861,0.003601,0.654538
1641,0,0.008119,0.002608,0.989274
1642,0,0.059001,0.003835,0.937164
1643,0,0.039265,0.014703,0.946032
1644,1,0.004029,0.000706,0.995265
1645,1,0.209180,0.001955,0.788865
1646,1,0.006406,0.001102,0.992493
1647,1,0.457082,0.002588,0.540330
1648,0,0.010112,0.001475,0.988413
1649,1,0.805680,0.005241,0.189079
1650,1,0.939401,0.010938,0.049660
1651,1,0.367205,0.002970,0.629825
1652,1,0.186029,0.001136,0.812835
1653,0,0.045745,0.000887,0.953368
1654,1,0.017753,0.093930,0.888318
1655,1,0.069855,0.002640,0.927506
1656,1,0.024498,0.009253,0.966249
1657,0,0.173027,0.442415,0.384558
1658,1,0.914602,0.002259,0.083138
1659,1,0.626501,0.002007,0.371492
1660,0,0.482190,0.021115,0.496695
1661,0,0.005386,0.001292,0.993321
1662,0,0.074818,0.005494,0.919688
1663,0,0.004880,0.001039,0.994081
1664,0,0.258061,0.002079,0.739859
1665,1,0.009336,0.000327,0.990337
1666,1,0.905235,0.002405,0.092360
1667,1,0.097082,0.016925,0.885994
1668,1,0.098096,0.001485,0.900419
1669,1,0.001154,0.000790,0.998056
1670,0,0.004729,0.001622,0.993649
1671,0,0.001690,0.001914,0.996397
1672,1,0.007034,0.001036,0.991930
1673,0,0.968909,0.008657,0.022434
1674,0,0.015512,0.009248,0.975240
1675,0,0.007988,0.002037,0.989975
1676,0,0.013112,0.011478,0.975410
1677,0,0.013832,0.000842,0.985326
1678,0,0.015352,0.004115,0.980532
1679,1,0.117541,0.010679,0.871779
1680,1,0.911953,0.001096,0.086951
1681,1,0.490364,0.002072,0.507564
1682,1,0.914539,0.003588,0.081872
1683,0,0.497489,0.008720,0.493791
1684,0,0.004156,0.005660,0.990185
1685,0,0.425520,0.063091,0.511388
1686,0,0.027735,0.003772,0.968492
1687,1,0.741454,0.008473,0.250074
1688,1,0.818649,0.001537,0.179814
1689,1,0.705873,0.002026,0.292101
1690,1,0.549906,0.008816,0.441278
1691,0,0.121667,0.550738,0.327595
1692,1,0.066623,0.001041,0.932336
1693,0,0.032645,0.001034,0.966321
1694,0,0.022870,0.018494,0.958636
1695,1,0.002353,0.005358,0.992289
1696,0,0.010685,0.002263,0.987051
1697,0,0.004166,0.010029,0.985805
1698,1,0.022411,0.236573,0.741016
1699,1,0.010765,0.001074,0.988160
1700,1,0.131310,0.034701,0.833989
1701,1,0.571449,0.059149,0.369402
1702,0,0.003412,0.001685,0.994904
1703,1,0.082748,0.016804,0.900448
1704,0,0.008134,0.007998,0.983868
1705,1,0.181785,0.303187,0.515028
1706,1,0.016292,0.037029,0.946679
1707,1,0.002063,0.002205,0.995733
1708,0,0.002428,0.002371,0.995200
1709,0,0.013391,0.000514,0.986095
1710,0,0.109453,0.007448,0.883100
1711,1,0.503718,0.002011,0.494271
1712,0,0.774998,0.013382,0.211620
1713,1,0.707904,0.003110,0.288986
1714,0,0.009572,0.001580,0.988848
1715,1,0.007070,0.001822,0.991107
1716,1,0.003383,0.000785,0.995832
1717,0,0.167538,0.002962,0.829500
1718,0,0.042406,0.003210,0.954384
1719,1,0.087149,0.647121,0.265730
1720,0,0.008797,0.001452,0.989752
1721,1,0.068160,0.526415,0.405425
1722,1,0.135583,0.000968,0.863449
1723,0,0.002995,0.003929,0.993076
1724,1,0.883673,0.007956,0.108371
1725,1,0.882502,0.001247,0.116250
1726,0,0.001704,0.000742,0.997554
1727,1,0.972434,0.001517,0.026050
1728,0,0.567066,0.020432,0.412503
1729,1,0.193419,0.008850,0.797731
1730,0,0.002478,0.001397,0.996125
1731,1,0.339541,0.161993,0.498466
1732,0,0.012968,0.002984,0.984049
1733,0,0.685389,0.002506,0.312105
1734,1,0.339258,0.002379,0.658363
1735,0,0.177940,0.001503,0.820556
1736,0,0.094184,0.001867,0.903949
1737,0,0.006192,0.008487,0.985321
1738,0,0.007589,0.000773,0.991638
1739,1,0.006981,0.032223,0.960796
1740,1,0.970418,0.014781,0.014801
1741,0,0.013006,0.000919,0.986075
1742,1,0.063543,0.124255,0.812203
1743,0,0.498938,0.004853,0.496209
1744,0,0.030848,0.001708,0.967444
1745,0,0.624906,0.004713,0.370381
1746,1,0.476804,0.004105,0.519091
1747,1,0.412672,0.063682,0.523645
1748,1,0.407790,0.004152,0.588058
1749,0,0.017940,0.000433,0.981627
1750,1,0.289380,0.171457,0.539164
1751,1,0.355140,0.004008,0.640852
1752,0,0.002478,0.001261,0.996261
1753,0,0.014759,0.028729,0.956512
1754,0,0.026512,0.001392,0.972096
1755,1,0.978256,0.002220,0.019524
1756,1,0.189038,0.013663,0.797300
1757,0,0.060473,0.001773,0.937754
1758,1,0.716992,0.006543,0.276465
1759,1,0.005568,0.003367,0.991065
1760,1,0.267609,0.362007,0.370384
1761,0,0.025515,0.008603,0.965882
1762,0,0.109158,0.003018,0.887823
1763,0,0.080268,0.003581,0.916151
1764,1,0.051287,0.000770,0.947943
1765,1,0.531025,0.282201,0.186774
1766,1,0.002907,0.001557,0.995535
1767,0,0.001865,0.000716,0.997419
1768,0,0.018294,0.002310,0.979396
1769,0,0.026677,0.018549,0.954774
1770,1,0.001546,0.000897,0.997557
1771,1,0.018028,0.003174,0.978798
1772,0,0.002912,0.000412,0.996676
1773,1,0.021512,0.001241,0.977247
1774,1,0.044568,0.109445,0.845987
1775,0,0.161138,0.304035,0.534827
1776,0,0.011113,0.005194,0.983692
1777,0,0.003171,0.000701,0.996128
1778,1,0.261581,0.325440,0.412979
1779,0,0.007782,0.000493,0.991726
1780,1,0.027968,0.003381,0.968651
1781,1,0.864571,0.029078,0.106351
1782,1,0.006034,0.000542,0.993423
1783,0,0.003241,0.002893,0.993866
1784,1,0.117362,0.003543,0.879096
1785,1,0.982101,0.011748,0.006151
1786,1,0.157767,0.001518,0.840716
1787,1,0.037558,0.213278,0.749164
1788,1,0.595973,0.013688,0.390339
1789,1,0.581885,0.237255,0.180860
1790,0,0.001113,0.000809,0.998078
1791,0,0.004577,0.001366,0.994057
1792,1,0.139250,0.145293,0.715457
1793,1,0.015959,0.000831,0.983210
1794,1,0.351214,0.034594,0.614192
1795,1,0.651076,0.050773,0.298151
1796,0,0.008470,0.019889,0.971641
1797,1,0.082548,0.364998,0.552454
1798,1,0.322233,0.142868,0.534898
1799,0,0.035155,0.290256,0.674589
1800,1,0.207908,0.384730,0.407362
1801,1,0.279365,0.078532,0.642103
1802,0,0.002888,0.000994,0.996118
1803,1,0.239748,0.545607,0.214644
1804,1,0.580341,0.023415,0.396244
1805,0,0.010537,0.084995,0.904468
1806,0,0.002444,0.001616,0.995940
1807,1,0.956521,0.002909,0.040570
1808,0,0.004281,0.001624,0.994094
1809,0,0.089184,0.001750,0.909067
1810,1,0.409650,0.008231,0.582119
1811,1,0.944988,0.001220,0.053791
1812,0,0.013003,0.013715,0.973282
1813,1,0.177161,0.034580,0.788259
1814,0,0.978368,0.005440,0.016192
1815,0,0.000817,0.001860,0.997323
1816,0,0.002062,0.002675,0.995263
1817,1,0.012178,0.031530,0.956292
1818,1,0.836624,0.002427,0.160950
1819,0,0.054782,0.006518,0.938699
1820,0,0.549462,0.001964,0.448574
1821,1,0.687291,0.005260,0.307449
1822,0,0.048600,0.001541,0.949860
1823,0,0.006361,0.063249,0.930390
1824,0,0.035954,0.008928,0.955118
1825,0,0.005870,0.000533,0.993597
1826,0,0.020628,0.047767,0.931605
1827,0,0.006495,0.009155,0.984350
1828,0,0.036726,0.057293,0.905981
1829,0,0.005453,0.001096,0.993451
1830,1,0.031459,0.003466,0.965075
1831,0,0.007944,0.001093,0.990962
1832,0,0.016536,0.000759,0.982705
1833,0,0.001491,0.002036,0.996472
1834,1,0.285139,0.008001,0.706860
1835,0,0.189922,0.001507,0.808571
1836,0,0.015217,0.002729,0.982055
1837,0,0.004103,0.000462,0.995435
1838,1,0.030114,0.002164,0.967722
1839,1,0.848669,0.140233,0.011099
1840,1,0.931499,0.007083,0.061418
1841,0,0.024579,0.000856,0.974565
1842,0,0.027825,0.001189,0.970986
1843,1,0.785412,0.007086,0.207502
1844,1,0.828553,0.002566,0.168880
1845,0,0.129368,0.230977,0.639656
1846,0,0.003013,0.006876,0.990112
1847,0,0.005076,0.001927,0.992997
1848,0,0.024149,0.007561,0.968289
1849,0,0.018992,0.003828,0.977180
1850,1,0.160166,0.005902,0.833932
1851,1,0.107971,0.007317,0.884713
1852,0,0.020700,0.007275,0.972024
1853,0,0.002762,0.000895,0.996343
1854,1,0.595401,0.001557,0.403042
1855,1,0.025378,0.112409,0.862213
1856,0,0.005376,0.008730,0.985894
1857,0,0.268072,0.011049,0.720879
1858,0,0.059829,0.005007,0.935164
1859,0,0.006077,0.008412,0.985511
1860,0,0.007811,0.000957,0.991232
1861,1,0.251964,0.136435,0.611600
1862,0,0.036701,0.025535,0.937764
1863,1,0.002248,0.006263,0.991490
1864,0,0.004204,0.001496,0.994300
1865,1,0.873958,0.002313,0.123729
1866,0,0.016621,0.000808,0.982571
1867,1,0.009698,0.004142,0.986159
1868,1,0.095035,0.020693,0.884272
1869,1,0.933780,0.003045,0.063174
1870,1,0.812593,0.166586,0.020820
1871,1,0.050047,0.006185,0.943768
1872,0,0.002233,0.000796,0.996971
1873,1,0.178826,0.042629,0.778545
1874,0,0.030727,0.005798,0.963476
1875,1,0.667837,0.001308,0.330855
1876,1,0.416103,0.269711,0.314186
1877,1,0.881255,0.003175,0.115570
1878,1,0.339294,0.001563,0.659143
1879,0,0.271771,0.008237,0.719992
1880,0,0.081791,0.046915,0.871294
1881,1,0.973533,0.003471,0.022997
1882,0,0.001488,0.000743,0.997769
1883,0,0.010297,0.001894,0.987809
1884,0,0.059702,0.070873,0.869425
1885,1,0.240937,0.176627,0.582435
1886,1,0.813480,0.024688,0.161832
1887,1,0.265109,0.004000,0.730890
1888,1,0.125275,0.010763,0.863962
1889,0,0.875815,0.005212,0.118974
1890,1,0.968472,0.003494,0.028034
1891,1,0.089195,0.015515,0.895290
1892,1,0.621258,0.003735,0.375007
1893,1,0.887371,0.002682,0.109946
1894,1,0.877350,0.006459,0.116191
1895,0,0.014110,0.001498,0.984392
1896,0,0.160931,0.002095,0.836974
1897,1,0.763525,0.001350,0.235125
1898,1,0.524499,0.002041,0.473460
1899,1,0.124878,0.010959,0.864163
1900,1,0.292952,0.032012,0.675036
1901,1,0.059684,0.777704,0.162612
1902,1,0.023216,0.113807,0.862977
1903,1,0.086509,0.001313,0.912178
1904,1,0.099450,0.021435,0.879115
1905,1,0.037037,0.003431,0.959531
1906,1,0.483327,0.044871,0.471802
1907,0,0.827672,0.002068,0.170260
1908,0,0.022915,0.014215,0.962871
1909,0,0.011803,0.013720,0.974477
1910,0,0.007921,0.047549,0.944530
1911,0,0.727471,0.009157,0.263372
1912,0,0.563006,0.003431,0.433563
1913,0,0.025024,0.167061,0.807915
1914,0,0.004224,0.002635,0.993141
1915,1,0.008025,0.003316,0.988658
1916,1,0.175901,0.008738,0.815362
1917,0,0.055768,0.000609,0.943623
1918,1,0.107011,0.001540,0.891449
1919,0,0.098634,0.003082,0.898283
1920,0,0.003709,0.001412,0.994879
1921,0,0.071394,0.001703,0.926903
1922,0,0.002226,0.000505,0.997269
1923,0,0.013245,0.001147,0.985608
1924,0,0.810223,0.006221,0.183556
1925,0,0.002237,0.001752,0.996011
1926,0,0.008465,0.002358,0.989177
1927,0,0.026947,0.000748,0.972305
1928,1,0.631419,0.001729,0.366852
1929,1,0.448145,0.002068,0.549787
1930,1,0.004559,0.009170,0.986271
1931,1,0.250540,0.001522,0.747938
1932,1,0.661161,0.003693,0.335146
1933,0,0.559592,0.021359,0.419050
1934,0,0.008158,0.011912,0.979930
1935,0,0.006456,0.030671,0.962873
1936,0,0.007758,0.108606,0.883635
1937,0,0.057271,0.046730,0.896000
1938,1,0.190188,0.175734,0.634078
1939,1,0.172407,0.012371,0.815222
1940,0,0.011216,0.036725,0.952058
1941,0,0.006253,0.001961,0.991786
1942,0,0.005097,0.003733,0.991170
1943,1,0.006574,0.001256,0.992170
1944,1,0.680755,0.015287,0.303958
1945,0,0.014597,0.008382,0.977022
1946,1,0.075121,0.652281,0.272598
1947,1,0.045065,0.000575,0.954359
1948,1,0.073992,0.006295,0.919713
1949,1,0.002243,0.000957,0.996800
1950,0,0.025647,0.002914,0.971439
1951,0,0.018143,0.000875,0.980981
1952,1,0.041456,0.865153,0.093391
1953,0,0.012257,0.013945,0.973798
1954,0,0.109564,0.001021,0.889414
1955,1,0.158170,0.067599,0.774231
1956,1,0.842562,0.009988,0.147450
1957,0,0.002239,0.000531,0.997230
1958,1,0.348834,0.093664,0.557501
1959,0,0.003093,0.002205,0.994702
1960,0,0.008699,0.000353,0.990948
1961,1,0.981748,0.010909,0.007343
1962,1,0.851376,0.001269,0.147355
1963,1,0.583656,0.001915,0.414429
1964,0,0.002591,0.000767,0.996641
1965,0,0.145358,0.037324,0.817318
1966,0,0.027616,0.000541,0.971843
1967,0,0.032653,0.002636,0.964711
1968,1,0.255299,0.001146,0.743555
1969,0,0.084337,0.001816,0.913846
1970,1,0.004501,0.025245,0.970253
1971,1,0.923415,0.002059,0.074527
1972,0,0.389812,0.004370,0.605818
1973,1,0.097558,0.001440,0.901002
1974,0,0.019986,0.001180,0.978835
1975,0,0.350504,0.025806,0.623691
1976,0,0.007592,0.002943,0.989465
1977,0,0.025948,0.041481,0.932571
1978,1,0.123489,0.617548,0.258963
1979,0,0.034462,0.058560,0.906977
1980,0,0.033021,0.004005,0.962974
1981,1,0.087763,0.001833,0.910404
1982,0,0.166112,0.003229,0.830660
1983,1,0.550015,0.002219,0.447766
1984,0,0.002563,0.003029,0.994408
1985,0,0.014244,0.003241,0.982515
1986,0,0.004479,0.001044,0.994477
1987,0,0.003648,0.000582,0.995770
1988,0,0.150732,0.005060,0.844208
1989,0,0.015995,0.000600,0.983405
1990,1,0.015861,0.001558,0.982581
1991,1,0.299519,0.003142,0.697339
1992,1,0.849088,0.005880,0.145032
1993,0,0.453170,0.001552,0.545277
1994,0,0.001432,0.002754,0.995815
1995,0,0.002512,0.000632,0.996855
1996,0,0.040839,0.000873,0.958288
1997,0,0.075568,0.003666,0.920766
1998,0,0.002438,0.002557,0.995005
1999,0,0.017217,0.008873,0.973910
2000,0,0.004777,0.002664,0.992559
2001,0,0.006762,0.001192,0.992046
2002,0,0.007597,0.002233,0.990170
2003,1,0.033658,0.000892,0.965450
2004,0,0.009453,0.006102,0.984445
2005,0,0.076924,0.126439,0.796637
2006,1,0.141571,0.118497,0.739932
2007,0,0.329029,0.016315,0.654656
2008,0,0.112518,0.148535,0.738947
2009,1,0.002117,0.001157,0.996726
2010,1,0.002018,0.004314,0.993667
2011,1,0.206278,0.020108,0.773614
2012,1,0.044841,0.002719,0.952440
2013,1,0.011980,0.000699,0.987322
2014,0,0.012267,0.002254,0.985479
2015,1,0.885378,0.001510,0.113111
2016,0,0.003543,0.001826,0.994631
2017,0,0.019403,0.043964,0.936633
2018,1,0.159885,0.005015,0.835101
2019,1,0.447370,0.001914,0.550717
2020,0,0.362407,0.002502,0.635092
2021,1,0.827412,0.031453,0.141135
2022,0,0.007110,0.069571,0.923319
2023,0,0.611743,0.071661,0.316595
2024,1,0.971240,0.006614,0.022146
2025,0,0.016074,0.006981,0.976944
2026,0,0.163871,0.000960,0.835169
2027,0,0.103011,0.003729,0.893260
2028,1,0.118911,0.481645,0.399443
2029,1,0.370910,0.004667,0.624423
2030,0,0.599468,0.002406,0.398126
2031,1,0.085036,0.001876,0.913089
2032,1,0.003402,0.000846,0.995752
2033,1,0.584811,0.051806,0.363383
2034,0,0.072914,0.001561,0.925525
2035,0,0.005056,0.002724,0.992220
2036,0,0.006739,0.000910,0.992351
2037,0,0.077197,0.004175,0.918628
2038,1,0.873520,0.002885,0.123594
2039,1,0.023716,0.272686,0.703597
2040,1,0.662574,0.008521,0.328905
2041,0,0.001332,0.000486,0.998182
2042,0,0.019386,0.014955,0.965659
2043,0,0.147423,0.001847,0.850730
2044,0,0.005496,0.020804,0.973700
2045,0,0.032965,0.001164,0.965871
2046,1,0.538351,0.008661,0.452988
2047,1,0.012167,0.001785,0.986049
2048,0,0.017746,0.002735,0.979519
2049,0,0.024383,0.027498,0.948119
2050,0,0.003787,0.009469,0.986744
2051,1,0.005439,0.012711,0.981851
2052,0,0.169660,0.010262,0.820078
2053,0,0.001779,0.005290,0.992931
2054,0,0.005601,0.002022,0.992377
2055,0,0.049249,0.002884,0.947867
2056,1,0.017890,0.007155,0.974955
2057,0,0.013830,0.002200,0.983970
2058,0,0.011011,0.004142,0.984847
2059,0,0.012543,0.005571,0.981886
2060,0,0.002410,0.001728,0.995862
2061,0,0.004457,0.007154,0.988389
2062,1,0.660984,0.003982,0.335034
2063,0,0.003977,0.001593,0.994430
2064,1,0.006044,0.015739,0.978217
2065,1,0.091045,0.002008,0.906946
2066,0,0.304522,0.001303,0.694175
2067,1,0.016124,0.003395,0.980481
2068,1,0.010179,0.004829,0.984993
2069,1,0.958723,0.005597,0.035680
2070,0,0.027623,0.057337,0.915040
2071,0,0.087611,0.040698,0.871691
2072,0,0.002690,0.000570,0.996741
2073,0,0.001247,0.000633,0.998120
2074,1,0.089941,0.001220,0.908839
2075,1,0.001059,0.002363,0.996577
2076,0,0.074541,0.002003,0.923456
2077,0,0.058115,0.016569,0.925317
2078,0,0.007418,0.000824,0.991757
2079,0,0.172707,0.001513,0.825781
2080,1,0.606523,0.003183,0.390295
2081,1,0.647508,0.063805,0.288687
2082,1,0.545087,0.013674,0.441240
2083,0,0.007090,0.009717,0.983193
2084,0,0.019979,0.000937,0.979084
2085,1,0.003587,0.000480,0.995933
2086,0,0.080459,0.573235,0.346306
2087,0,0.002351,0.001448,0.996201
2088,1,0.662500,0.074564,0.262936
2089,0,0.006626,0.002064,0.991310
2090,0,0.007732,0.002063,0.990206
2091,1,0.397595,0.002282,0.600123
2092,1,0.216420,0.028090,0.755491
2093,1,0.074125,0.003102,0.922773
2094,0,0.217146,0.002197,0.780657
2095,0,0.003647,0.000495,0.995858
2096,1,0.377404,0.001157,0.621438
2097,1,0.061161,0.178927,0.759912
2098,0,0.001698,0.000890,0.997411
2099,1,0.039015,0.215282,0.745703
2100,0,0.047106,0.617592,0.335303
2101,1,0.005238,0.002981,0.991781
2102,1,0.125204,0.015826,0.858970
2103,0,0.009299,0.002038,0.988663
2104,0,0.090793,0.001354,0.907853
2105,1,0.041041,0.002390,0.956569
2106,0,0.403466,0.519569,0.076965
2107,0,0.006155,0.000599,0.993246
2108,1,0.372653,0.010642,0.616706
2109,0,0.001863,0.002796,0.995341
2110,0,0.667567,0.010508,0.321925
2111,0,0.170959,0.001344,0.827697
2112,0,0.003088,0.000844,0.996068
2113,0,0.016790,0.026575,0.956635
2114,0,0.166454,0.001806,0.831739
2115,0,0.015280,0.001031,0.983690
2116,0,0.060610,0.021287,0.918103
2117,0,0.009035,0.003627,0.987338
2118,1,0.339193,0.004415,0.656393
2119,1,0.294436,0.001227,0.704337
2120,1,0.049207,0.001546,0.949247
2121,1,0.424047,0.286431,0.289522
2122,0,0.001444,0.007234,0.991322
2123,0,0.002996,0.000592,0.996412
2124,0,0.006340,0.001048,0.992612
2125,0,0.753332,0.001219,0.245449
2126,0,0.006690,0.003989,0.989321
2127,1,0.929351,0.002268,0.068380
2128,0,0.007666,0.006621,0.985713
2129,0,0.003425,0.001265,0.995311
2130,0,0.002996,0.003734,0.993270
2131,0,0.011775,0.025951,0.962274
2132,1,0.529165,0.047023,0.423812
2133,0,0.010043,0.001508,0.988449
2134,1,0.076190,0.004403,0.919407
2135,1,0.128808,0.156533,0.714659
2136,0,0.009517,0.079286,0.911197
2137,1,0.145573,0.061905,0.792522
2138,0,0.018551,0.002444,0.979006
2139,0,0.007602,0.041373,0.951025
2140,0,0.002744,0.001549,0.995707
2141,0,0.051622,0.003555,0.944824
2142,1,0.106496,0.003845,0.889659
2143,1,0.827107,0.009304,0.163589
2144,1,0.102926,0.007735,0.889339
2145,0,0.010858,0.000957,0.988185
2146,1,0.077581,0.809596,0.112823
2147,0,0.002985,0.004173,0.992843
2148,0,0.007496,0.003906,0.988598
2149,0,0.004716,0.001398,0.993886
2150,0,0.049530,0.018460,0.932010
2151,0,0.093812,0.003135,0.903053
2152,1,0.646468,0.034633,0.318899
2153,0,0.005001,0.002842,0.992157
2154,0,0.007409,0.001517,0.991074
2155,1,0.827705,0.001936,0.170359
2156,1,0.405273,0.064446,0.530281
2157,1,0.426170,0.001531,0.572299
2158,1,0.033273,0.014983,0.951744
2159,0,0.026387,0.003367,0.970246
2160,0,0.037458,0.000929,0.961614
2161,0,0.216040,0.002190,0.781769
2162,0,0.002693,0.000988,0.996319
2163,1,0.114180,0.002020,0.883800
2164,1,0.142479,0.003587,0.853934
2165,1,0.018601,0.002405,0.978994
2166,1,0.141028,0.002388,0.856584
2167,0,0.008442,0.001133,0.990424
2168,0,0.005871,0.001808,0.992322
2169,0,0.008443,0.001255,0.990302
2170,1,0.942575,0.002308,0.055118
2171,0,0.003176,0.000737,0.996087
2172,0,0.002632,0.000616,0.996752
2173,0,0.944002,0.001267,0.054730
2174,0,0.013251,0.208491,0.778258
2175,0,0.006593,0.015002,0.978405
2176,0,0.090249,0.005407,0.904344
2177,1,0.254194,0.444939,0.300866
2178,1,0.622213,0.004330,0.373457
2179,1,0.964896,0.003534,0.031571
2180,0,0.002136,0.001345,0.996519
2181,0,0.020182,0.075832,0.903985
2182,0,0.081758,0.000613,0.917629
2183,0,0.009024,0.263848,0.727127
2184,0,0.008256,0.006644,0.985100
2185,0,0.060236,0.001340,0.938424
2186,0,0.014465,0.013040,0.972495
2187,1,0.918115,0.042401,0.039485
2188,1,0.164548,0.162341,0.673111
2189,1,0.283878,0.328861,0.387261
2190,1,0.791805,0.020134,0.188061
2191,1,0.125247,0.004041,0.870712
2192,0,0.028866,0.004343,0.966791
2193,1,0.947077,0.001440,0.051483
2194,1,0.304551,0.091583,0.603866
2195,1,0.538926,0.004567,0.456508
2196,1,0.047294,0.930583,0.022123
2197,0,0.036717,0.015323,0.947960
2198,1,0.139857,0.047892,0.812251
2199,0,0.025321,0.001431,0.973248
2200,1,0.826045,0.009194,0.164761
2201,1,0.745665,0.003224,0.251111
2202,0,0.003717,0.001499,0.994785
2203,1,0.067392,0.003827,0.928781
2204,0,0.012344,0.003413,0.984243
2205,1,0.301030,0.325865,0.373105
2206,1,0.835944,0.004398,0.159658
2207,0,0.032054,0.029874,0.938072
2208,1,0.013397,0.001478,0.985125
2209,0,0.002172,0.003285,0.994543
2210,0,0.001446,0.002127,0.996427
2211,0,0.002752,0.001587,0.995661
2212,1,0.363540,0.003600,0.632859
2213,0,0.013717,0.000696,0.985586
2214,1,0.015977,0.042878,0.941145
2215,1,0.094618,0.031462,0.873919
2216,1,0.622128,0.057169,0.320703
2217,0,0.030281,0.001805,0.967913
2218,1,0.058420,0.471842,0.469738
2219,1,0.037715,0.001326,0.960958
2220,1,0.712789,0.018557,0.268653
2221,1,0.020252,0.007793,0.971955
2222,1,0.336899,0.004102,0.658999
2223,1,0.136291,0.411428,0.452281
2224,1,0.012439,0.001769,0.985792
2225,1,0.006903,0.000432,0.992665
2226,0,0.008766,0.006687,0.984547
2227,0,0.122968,0.003020,0.874012
2228,0,0.033979,0.001157,0.964865
2229,1,0.001655,0.003651,0.994694
2230,1,0.455745,0.022514,0.521741
2231,1,0.014333,0.009426,0.976241
2232,0,0.117280,0.002010,0.880710
2233,1,0.004552,0.000651,0.994797
2234,0,0.010272,0.002800,0.986928
2235,1,0.410224,0.001522,0.588254
2236,1,0.004353,0.000877,0.994771
2237,1,0.044379,0.000771,0.954850
2238,1,0.029558,0.000712,0.969730
2239,0,0.631499,0.004866,0.363634
2240,0,0.010212,0.001770,0.988018
2241,1,0.219610,0.001682,0.778708
2242,0,0.009274,0.001155,0.989571
2243,1,0.542743,0.001820,0.455437
2244,1,0.983017,0.004666,0.012317
2245,0,0.180387,0.001554,0.818058
2246,0,0.007388,0.000448,0.992163
2247,1,0.866716,0.001251,0.132033
2248,1,0.386132,0.006879,0.606989
2249,1,0.487003,0.001707,0.511289
2250,0,0.004550,0.001642,0.993808
2251,0,0.082152,0.005541,0.912307
2252,0,0.982695,0.002730,0.014575
2253,0,0.005729,0.000860,0.993410
2254,0,0.032171,0.003861,0.963969
2255,1,0.503545,0.488640,0.007815
2256,1,0.005150,0.019463,0.975387
2257,0,0.358878,0.003626,0.637496
2258,1,0.182258,0.708320,0.109422
2259,1,0.785228,0.001390,0.213382
2260,0,0.118414,0.011450,0.870136
2261,1,0.670617,0.001404,0.327979
2262,0,0.000741,0.001066,0.998193
2263,0,0.007636,0.003355,0.989008
2264,0,0.001598,0.001114,0.997288
2265,1,0.505427,0.001854,0.492719
2266,0,0.088649,0.104852,0.806499
2267,1,0.009049,0.005164,0.985787
2268,1,0.232606,0.010865,0.756528
2269,1,0.950864,0.002618,0.046518
2270,1,0.766854,0.005214,0.227932
2271,1,0.005949,0.044096,0.949955
2272,0,0.050519,0.277273,0.672209
2273,0,0.617168,0.001055,0.381777
2274,1,0.724744,0.004935,0.270321
2275,1,0.987136,0.004243,0.008620
2276,1,0.767611,0.003384,0.229005
2277,1,0.161665,0.266319,0.572015
2278,1,0.005490,0.000389,0.994120
2279,1,0.946654,0.002333,0.051013
2280,1,0.759558,0.003575,0.236867
2281,1,0.163886,0.110656,0.725458
2282,1,0.958301,0.004037,0.037661
2283,0,0.020968,0.002016,0.977016
2284,1,0.034682,0.740525,0.224793
2285,1,0.006551,0.013623,0.979826
2286,1,0.959728,0.006883,0.033390
2287,1,0.942670,0.004267,0.053064
2288,1,0.988339,0.007164,0.004497
2289,1,0.003133,0.002100,0.994767
2290,0,0.041267,0.034514,0.924219
2291,1,0.656776,0.001180,0.342045
2292,1,0.180453,0.002567,0.816980
2293,1,0.249577,0.003541,0.746882
2294,1,0.945112,0.001913,0.052975
2295,0,0.027666,0.106692,0.865642
2296,0,0.002458,0.003384,0.994158
2297,1,0.846781,0.008222,0.144997
2298,1,0.021421,0.011441,0.967137
2299,0,0.729580,0.012619,0.257801
2300,0,0.010487,0.012965,0.976549
2301,0,0.900281,0.002374,0.097345
2302,0,0.026028,0.006269,0.967704
2303,1,0.034583,0.033151,0.932266
2304,1,0.962348,0.002050,0.035602
2305,1,0.011095,0.002450,0.986455
2306,1,0.739104,0.013745,0.247151
2307,1,0.001570,0.002511,0.995920
2308,0,0.112720,0.089031,0.798249
2309,0,0.033384,0.004363,0.962253
2310,1,0.783931,0.003326,0.212742
2311,1,0.186645,0.175381,0.637974
2312,0,0.007118,0.000607,0.992275
2313,1,0.100766,0.882122,0.017112
2314,1,0.332596,0.005906,0.661499
2315,1,0.704373,0.005223,0.290403
2316,1,0.467952,0.004924,0.527124
2317,0,0.277571,0.001831,0.720598
2318,1,0.028546,0.000811,0.970643
2319,1,0.023931,0.001034,0.975036
2320,1,0.153082,0.055465,0.791453
2321,1,0.726665,0.001879,0.271456
2322,1,0.103097,0.002308,0.894595
2323,1,0.055662,0.131594,0.812745
2324,1,0.564924,0.001833,0.433243
2325,1,0.031034,0.001829,0.967138
2326,1,0.006215,0.002811,0.990974
2327,0,0.009269,0.002182,0.988549
2328,0,0.016527,0.003066,0.980407
2329,1,0.027865,0.928750,0.043385
2330,1,0.593129,0.007524,0.399348
2331,1,0.007868,0.011166,0.980966
2332,1,0.010946,0.007679,0.981375
2333,0,0.011688,0.000549,0.987763
2334,0,0.023163,0.003045,0.973792
2335,0,0.007622,0.010351,0.982027
2336,0,0.006894,0.001111,0.991995
2337,1,0.009806,0.001201,0.988994
2338,0,0.002844,0.000363,0.996793
2339,1,0.015763,0.087693,0.896544
2340,1,0.970259,0.009273,0.020469
2341,1,0.098939,0.013303,0.887758
2342,1,0.253376,0.006108,0.740516
2343,0,0.006751,0.004432,0.988817
2344,1,0.710662,0.004954,0.284383
2345,1,0.033570,0.002754,0.963675
2346,0,0.002274,0.000519,0.997207
2347,1,0.008545,0.008700,0.982755
2348,1,0.592086,0.005502,0.402412
2349,1,0.173915,0.001611,0.824474
2350,1,0.233980,0.011231,0.754789
2351,0,0.014340,0.003252,0.982409
2352,0,0.004706,0.002787,0.992507
2353,1,0.232859,0.001780,0.765361
2354,1,0.017088,0.006833,0.976078
2355,1,0.002682,0.002402,0.994916
2356,1,0.975515,0.002533,0.021953
2357,1,0.533576,0.002413,0.464011
2358,1,0.786900,0.001413,0.211687
2359,1,0.328099,0.004206,0.667695
2360,0,0.967062,0.002079,0.030859
2361,1,0.969886,0.004328,0.025787
2362,1,0.855173,0.001268,0.143559
2363,1,0.969717,0.001706,0.028577
2364,1,0.942229,0.002000,0.055771
2365,1,0.173862,0.002271,0.823868
2366,1,0.808865,0.001436,0.189699
2367,1,0.011645,0.001035,0.987320
2368,0,0.945484,0.002207,0.052310
2369,1,0.150089,0.046098,0.803814
2370,1,0.616800,0.013162,0.370038
2371,0,0.074466,0.001157,0.924377
2372,0,0.526117,0.007824,0.466059
2373,0,0.105205,0.003011,0.891784
2374,1,0.969177,0.002292,0.028531
2375,0,0.008497,0.002165,0.989338
2376,1,0.950054,0.001841,0.048105
2377,0,0.446320,0.001205,0.552475
2378,1,0.146464,0.136255,0.717282
2379,0,0.083950,0.000744,0.915306
2380,1,0.352845,0.001759,0.645396
2381,1,0.929934,0.005632,0.064434
2382,1,0.726712,0.002063,0.271225
2383,0,0.061576,0.000602,0.937822
2384,1,0.839444,0.003510,0.157046
2385,1,0.969785,0.003645,0.026569
2386,1,0.014237,0.000567,0.985196
2387,1,0.945175,0.002077,0.052748
2388,0,0.061934,0.004534,0.933532
2389,1,0.934795,0.001296,0.063909
2390,0,0.011792,0.016819,0.971389
2391,0,0.611336,0.005370,0.383294
2392,1,0.712577,0.003123,0.284300
2393,1,0.785838,0.001472,0.212690
2394,1,0.613980,0.001753,0.384268
2395,0,0.002339,0.001418,0.996243
2396,0,0.141983,0.382266,0.475751
2397,1,0.960921,0.003439,0.035641
2398,1,0.921245,0.001522,0.077233
2399,0,0.002529,0.002293,0.995178
2400,0,0.026636,0.007753,0.965611
2401,0,0.002971,0.004460,0.992569
2402,0,0.002940,0.000969,0.996092
2403,0,0.005173,0.000840,0.993988
2404,1,0.128394,0.060478,0.811127
2405,1,0.009389,0.002049,0.988562
2406,0,0.152664,0.001097,0.846239
2407,1,0.784017,0.002234,0.213749
2408,0,0.010024,0.003317,0.986658
2409,0,0.009949,0.000853,0.989198
2410,0,0.000735,0.000851,0.998414
2411,0,0.013473,0.000481,0.986045
2412,1,0.450800,0.003952,0.545249
2413,1,0.902557,0.001559,0.095884
2414,0,0.075968,0.038721,0.885311
2415,0,0.007244,0.005707,0.987048
2416,1,0.253262,0.569135,0.177603
2417,0,0.005699,0.000836,0.993465
2418,1,0.031304,0.000598,0.968098
2419,1,0.004264,0.034171,0.961565
2420,1,0.097479,0.003119,0.899402
2421,1,0.005461,0.000776,0.993763
2422,0,0.003232,0.000939,0.995829
2423,1,0.221257,0.003101,0.775642
2424,0,0.008486,0.007762,0.983752
2425,0,0.004907,0.000884,0.994208
2426,0,0.108688,0.008101,0.883211
2427,1,0.001871,0.005948,0.992181
2428,0,0.009548,0.000538,0.989914
2429,1,0.003614,0.018242,0.978144
2430,0,0.031470,0.006469,0.962061
2431,1,0.829288,0.004998,0.165714
2432,1,0.334175,0.099442,0.566383
2433,1,0.746103,0.021364,0.232533
2434,0,0.155406,0.075770,0.768824
2435,0,0.014798,0.001429,0.983773
2436,1,0.184434,0.005852,0.809714
2437,1,0.717643,0.001552,0.280805
2438,0,0.074462,0.545468,0.380070
2439,0,0.010524,0.001808,0.987668
2440,0,0.012084,0.007171,0.980745
2441,0,0.412123,0.009927,0.577950
2442,0,0.001992,0.000812,0.997196
2443,0,0.011815,0.002055,0.986130
2444,1,0.015325,0.009520,0.975155
2445,0,0.035038,0.001754,0.963208
2446,1,0.071611,0.044942,0.883447
2447,1,0.015741,0.004930,0.979329
2448,1,0.932717,0.001314,0.065969
2449,1,0.037888,0.001764,0.960349
2450,1,0.016701,0.007885,0.975414
2451,0,0.007184,0.003172,0.989643
2452,1,0.196296,0.008010,0.795694
2453,0,0.363580,0.001769,0.634652
2454,1,0.487183,0.019838,0.492979
2455,1,0.300134,0.005711,0.694155
2456,1,0.021704,0.002559,0.975738
2457,1,0.889674,0.007556,0.102769
2458,0,0.007319,0.009176,0.983505
2459,1,0.109353,0.001231,0.889416
2460,1,0.025622,0.002631,0.971747
2461,0,0.009053,0.001875,0.989072
2462,0,0.000954,0.000802,0.998245
2463,1,0.177964,0.723719,0.098317
2464,1,0.003812,0.001481,0.994708
2465,0,0.594076,0.020592,0.385332
2466,0,0.048264,0.001712,0.950025
2467,1,0.416441,0.178616,0.404942
2468,0,0.006383,0.033826,0.959791
2469,0,0.004917,0.000447,0.994637
2470,0,0.977486,0.003483,0.019030
2471,1,0.370815,0.001867,0.627319
2472,1,0.315938,0.065554,0.618508
2473,0,0.007288,0.024433,0.968279
2474,0,0.002220,0.000478,0.997303
2475,0,0.012090,0.004562,0.983348
2476,0,0.046037,0.007147,0.946816
2477,0,0.006306,0.000763,0.992931
2478,1,0.572073,0.010446,0.417481
2479,0,0.001397,0.005132,0.993471
2480,0,0.007895,0.003287,0.988818
2481,0,0.015350,0.027526,0.957125
2482,0,0.942531,0.003518,0.053951
2483,0,0.004946,0.002856,0.992198
2484,0,0.056739,0.039362,0.903899
2485,1,0.127688,0.184774,0.687538
2486,0,0.013836,0.001636,0.984528
2487,0,0.004023,0.000982,0.994995
2488,1,0.813754,0.003633,0.182613
2489,0,0.001187,0.001055,0.997758
2490,1,0.006317,0.006000,0.987683
2491,0,0.003675,0.009010,0.987315
2492,1,0.561006,0.113149,0.325845
2493,0,0.001487,0.003194,0.995319
2494,0,0.005971,0.002067,0.991962
2495,0,0.033926,0.005490,0.960583
2496,1,0.756070,0.006995,0.236935
2497,0,0.001054,0.001675,0.997271
2498,1,0.352377,0.002274,0.645349
2499,0,0.015576,0.000681,0.983743
2500,0,0.001449,0.001422,0.997129
2501,1,0.003075,0.003256,0.993670
2502,0,0.012717,0.001741,0.985542
2503,1,0.600892,0.007824,0.391284
2504,1,0.798276,0.003285,0.198439
2505,0,0.662913,0.001551,0.335536
2506,1,0.957720,0.002926,0.039354
2507,0,0.002414,0.000905,0.996681
2508,1,0.422100,0.004288,0.573612
2509,1,0.126502,0.001442,0.872056
2510,1,0.410742,0.004455,0.584803
2511,0,0.008470,0.001261,0.990268
2512,0,0.046886,0.030889,0.922226
2513,1,0.760185,0.002233,0.237582
2514,1,0.179576,0.026200,0.794224
2515,1,0.970162,0.001874,0.027964
2516,1,0.150890,0.001530,0.847580
2517,1,0.167190,0.020840,0.811971
2518,1,0.007790,0.000573,0.991638
2519,1,0.832199,0.005846,0.161955
2520,1,0.065460,0.830308,0.104231
2521,1,0.004570,0.005011,0.990418
2522,1,0.734950,0.001564,0.263487
2523,1,0.050063,0.002915,0.947022
2524,1,0.928821,0.001571,0.069608
2525,1,0.896395,0.001810,0.101795
2526,0,0.073057,0.009386,0.917558
2527,1,0.018402,0.001017,0.980581
2528,1,0.784698,0.002886,0.212417
2529,1,0.174240,0.085458,0.740302
2530,0,0.012368,0.008221,0.979411
2531,0,0.001697,0.001671,0.996632
2532,1,0.965161,0.002030,0.032808
2533,0,0.003121,0.001181,0.995698
2534,1,0.029440,0.613745,0.356815
2535,1,0.012468,0.001538,0.985994
2536,0,0.020504,0.009916,0.969580
2537,1,0.059617,0.368127,0.572256
2538,1,0.951335,0.013433,0.035232
2539,1,0.125268,0.532615,0.342118
2540,0,0.021616,0.005471,0.972914
2541,0,0.010479,0.002770,0.986751
2542,1,0.358222,0.020934,0.620844
2543,0,0.037591,0.003379,0.959030
2544,0,0.055735,0.007052,0.937213
2545,0,0.042252,0.618259,0.339489
2546,0,0.022677,0.283457,0.693866
2547,0,0.026029,0.017421,0.956550
2548,0,0.646743,0.006288,0.346969
2549,1,0.053430,0.049183,0.897387
2550,1,0.275467,0.054668,0.669866
2551,0,0.382492,0.007126,0.610382
2552,0,0.065609,0.057571,0.876820
2553,0,0.001078,0.003561,0.995361
2554,1,0.921768,0.013915,0.064316
2555,0,0.912284,0.002978,0.084738
2556,1,0.167843,0.012101,0.820057
2557,0,0.005873,0.000811,0.993317
2558,1,0.018450,0.028832,0.952719
2559,1,0.307318,0.007532,0.685150
2560,1,0.179163,0.003525,0.817312
2561,1,0.144396,0.792487,0.063117
2562,1,0.001441,0.000811,0.997749
2563,1,0.257997,0.155775,0.586229
2564,0,0.041204,0.009835,0.948961
2565,1,0.052445,0.005944,0.941611
2566,1,0.557359,0.002028,0.440613
2567,1,0.621511,0.003790,0.374699
2568,1,0.136978,0.348533,0.514489
2569,0,0.345154,0.602404,0.052442
2570,1,0.366123,0.036211,0.597666
2571,0,0.003763,0.033166,0.963071
2572,0,0.001251,0.005761,0.992988
2573,1,0.030641,0.846353,0.123007
2574,0,0.003885,0.021859,0.974256
2575,1,0.003264,0.038342,0.958394
2576,1,0.071891,0.008517,0.919592
2577,1,0.411932,0.005718,0.582350
2578,1,0.116546,0.281902,0.601552
2579,1,0.065204,0.023763,0.911033
2580,1,0.073225,0.702468,0.224306
2581,1,0.029105,0.002655,0.968240
2582,1,0.073154,0.735250,0.191596
2583,0,0.052111,0.058071,0.889818
2584,1,0.227245,0.015173,0.757582
2585,1,0.100300,0.080915,0.818785
2586,1,0.943685,0.014286,0.042030
2587,0,0.005902,0.000989,0.993109
2588,0,0.010747,0.002127,0.987126
2589,0,0.002358,0.001980,0.995661
2590,0,0.544111,0.082343,0.373547
2591,0,0.001941,0.001023,0.997037
2592,0,0.061508,0.022386,0.916106
2593,1,0.089757,0.340882,0.569360
2594,0,0.076732,0.009087,0.914181
2595,1,0.464540,0.003123,0.532338
2596,1,0.586937,0.003167,0.409896
2597,1,0.013217,0.019088,0.967695
2598,1,0.004152,0.005418,0.990431
2599,0,0.041950,0.007674,0.950376
2600,0,0.084349,0.008736,0.906915
2601,1,0.527349,0.009708,0.462942
2602,1,0.225500,0.600914,0.173586
2603,1,0.169174,0.008205,0.822621
2604,0,0.031618,0.010286,0.958096
2605,1,0.027502,0.003961,0.968536
2606,1,0.085024,0.025418,0.889558
2607,1,0.875048,0.002713,0.122239
2608,1,0.658024,0.016371,0.325605
2609,1,0.116713,0.005845,0.877443
2610,1,0.340161,0.009024,0.650815
2611,0,0.103118,0.006585,0.890298
2612,1,0.358821,0.002957,0.638222
2613,1,0.290402,0.003009,0.706590
2614,0,0.383218,0.039087,0.577696
2615,1,0.024630,0.046012,0.929358
2616,1,0.216690,0.204312,0.578998
2617,1,0.042426,0.016733,0.940841
2618,1,0.441885,0.015012,0.543102
2619,1,0.708569,0.251594,0.039837
2620,1,0.109537,0.187155,0.703308
2621,0,0.475594,0.151913,0.372493
2622,1,0.103078,0.200001,0.696920
2623,1,0.740084,0.094430,0.165486
2624,1,0.400004,0.020157,0.579839
2625,0,0.010310,0.011211,0.978479
2626,0,0.002493,0.000387,0.997120
2627,0,0.016088,0.002976,0.980936
2628,0,0.001503,0.001951,0.996547
2629,0,0.070995,0.001036,0.927969
2630,1,0.718781,0.024756,0.256464
2631,0,0.244422,0.001570,0.754009
2632,0,0.017983,0.002516,0.979501
2633,1,0.003909,0.001314,0.994778
2634,1,0.791241,0.006253,0.202506
2635,0,0.823173,0.013015,0.163812
2636,0,0.009396,0.015360,0.975243
2637,1,0.105023,0.064061,0.830916
2638,1,0.336959,0.002552,0.660489
2639,0,0.062986,0.016622,0.920392
2640,1,0.433034,0.003690,0.563275
2641,0,0.002775,0.001250,0.995975
2642,1,0.018309,0.001897,0.979794
2643,1,0.019844,0.001049,0.979107
2644,0,0.022222,0.001442,0.976336
2645,1,0.865955,0.005338,0.128708
2646,0,0.001405,0.000990,0.997605
2647,0,0.002967,0.001383,0.995650
2648,1,0.051521,0.029259,0.919220
2649,0,0.003258,0.001234,0.995508
2650,0,0.021365,0.007538,0.971097
2651,1,0.572485,0.044089,0.383426
2652,1,0.905386,0.003585,0.091029
2653,0,0.144583,0.001567,0.853850
2654,0,0.032087,0.002204,0.965709
2655,0,0.052168,0.017523,0.930309
2656,0,0.009157,0.005256,0.985587
2657,0,0.157510,0.025721,0.816769
2658,1,0.051205,0.022143,0.926651
2659,1,0.004378,0.002609,0.993013
2660,0,0.028258,0.015944,0.955798
2661,0,0.453538,0.015690,0.530772
2662,0,0.641260,0.001285,0.357455
2663,1,0.083782,0.001029,0.915189
2664,1,0.820834,0.003658,0.175508
2665,0,0.548248,0.055467,0.396284
2666,1,0.754681,0.006529,0.238790
2667,1,0.766129,0.011641,0.222231
2668,1,0.011990,0.040570,0.947440
2669,1,0.193026,0.721428,0.085546
2670,0,0.011130,0.001237,0.987633
2671,0,0.011412,0.002774,0.985814
2672,1,0.075475,0.699942,0.224583
2673,1,0.005455,0.006298,0.988247
2674,1,0.116995,0.325341,0.557663
2675,1,0.620878,0.004703,0.374419
2676,1,0.184956,0.001423,0.813620
2677,1,0.950901,0.006988,0.042111
2678,1,0.859655,0.006678,0.133667
2679,1,0.056062,0.003342,0.940597
2680,1,0.322190,0.010643,0.667167
2681,0,0.012458,0.006969,0.980573
2682,0,0.037563,0.523527,0.438909
2683,1,0.707340,0.010959,0.281700
2684,0,0.199082,0.002103,0.798815
2685,1,0.050575,0.115384,0.834041
2686,0,0.009016,0.014069,0.976915
2687,0,0.023326,0.003341,0.973334
2688,0,0.089903,0.646649,0.263449
2689,0,0.361282,0.002675,0.636043
2690,0,0.008050,0.003119,0.988831
2691,1,0.827682,0.072703,0.099615
2692,0,0.026984,0.045587,0.927429
2693,1,0.314712,0.087746,0.597542
2694,0,0.067370,0.001047,0.931583
2695,1,0.115112,0.002594,0.882295
2696,1,0.100951,0.871845,0.027204
2697,0,0.929954,0.003264,0.066782
2698,0,0.033830,0.047548,0.918622
2699,0,0.006091,0.008240,0.985669
2700,0,0.069279,0.002342,0.928379
2701,0,0.910209,0.002372,0.087419
2702,1,0.917539,0.002183,0.080279
2703,1,0.017400,0.905988,0.076612
2704,0,0.129373,0.007816,0.862811
2705,0,0.317609,0.414171,0.268220
2706,0,0.006456,0.029337,0.964207
2707,1,0.115103,0.687388,0.197509
2708,1,0.437339,0.186564,0.376096
2709,1,0.029894,0.041901,0.928205
2710,0,0.051311,0.082699,0.865990
2711,0,0.068380,0.001914,0.929706
2712,1,0.039300,0.015245,0.945455
2713,0,0.002372,0.001233,0.996395
2714,0,0.600579,0.004018,0.395403
2715,0,0.003793,0.001385,0.994823
2716,0,0.006527,0.004744,0.988729
2717,0,0.226614,0.005466,0.767920
2718,1,0.108947,0.002790,0.888262
2719,1,0.103999,0.121241,0.774761
2720,1,0.118660,0.037781,0.843559
2721,1,0.757647,0.156901,0.085452
2722,0,0.329004,0.002240,0.668756
2723,1,0.973054,0.007104,0.019842
2724,1,0.804938,0.001596,0.193466
2725,1,0.080567,0.002290,0.917143
2726,1,0.325912,0.127061,0.547027
2727,0,0.718448,0.002397,0.279155
2728,0,0.022594,0.050235,0.927171
2729,1,0.944521,0.008030,0.047449
2730,1,0.712707,0.005625,0.281668
2731,1,0.083493,0.372814,0.543693
2732,1,0.958233,0.002182,0.039585
2733,0,0.060079,0.001435,0.938486
2734,1,0.369099,0.112986,0.517915
2735,1,0.866951,0.019849,0.113200
2736,1,0.098924,0.002117,0.898959
2737,0,0.005535,0.001689,0.992777
2738,1,0.193602,0.014126,0.792272
2739,1,0.015049,0.009078,0.975873
2740,1,0.094530,0.001746,0.903724
2741,0,0.699587,0.003145,0.297267
2742,0,0.004171,0.001528,0.994301
2743,0,0.062819,0.017112,0.920069
2744,1,0.073381,0.848689,0.077930
2745,1,0.006679,0.000604,0.992716
2746,0,0.074489,0.000696,0.924815
2747,0,0.048389,0.075594,0.876017
2748,0,0.013230,0.044518,0.942252
2749,1,0.050670,0.013511,0.935818
2750,1,0.310181,0.171255,0.518564
2751,1,0.564471,0.018912,0.416618
2752,1,0.035861,0.007336,0.956802
2753,1,0.065903,0.016374,0.917724
2754,1,0.129061,0.007732,0.863207
2755,1,0.842964,0.007223,0.149813
2756,0,0.275577,0.003430,0.720993
2757,0,0.074284,0.056089,0.869627
2758,0,0.006311,0.000913,0.992776
2759,1,0.097451,0.003114,0.899434
2760,1,0.196424,0.001046,0.802530
2761,1,0.004206,0.033215,0.962579
2762,1,0.764260,0.001525,0.234215
2763,1,0.873970,0.003922,0.122108
2764,0,0.040233,0.122435,0.837332
2765,0,0.068583,0.537934,0.393483
2766,0,0.059944,0.002802,0.937255
2767,0,0.092874,0.001687,0.905439
2768,0,0.069512,0.001090,0.929397
2769,0,0.005449,0.000986,0.993565
2770,0,0.160587,0.473927,0.365486
2771,0,0.001915,0.001294,0.996791
2772,0,0.003901,0.000365,0.995734
2773,0,0.066594,0.001010,0.932395
2774,1,0.584991,0.003205,0.411804
2775,1,0.075050,0.614549,0.310401
2776,0,0.041418,0.004139,0.954443
2777,0,0.020358,0.001078,0.978565
2778,0,0.001263,0.001415,0.997322
2779,1,0.817455,0.003638,0.178908
2780,0,0.075703,0.028919,0.895378
2781,0,0.759526,0.002662,0.237812
2782,1,0.024695,0.009149,0.966156
2783,0,0.230503,0.085510,0.683987
2784,0,0.024329,0.175188,0.800484
2785,1,0.348233,0.003962,0.647804
2786,1,0.037668,0.002163,0.960170
2787,0,0.001627,0.000897,0.997476
2788,1,0.878671,0.007361,0.113968
2789,1,0.275605,0.002699,0.721696
2790,0,0.502330,0.007754,0.489915
2791,1,0.912913,0.002289,0.084798
2792,0,0.014887,0.000404,0.984709
2793,1,0.795809,0.020850,0.183341
2794,1,0.006943,0.002958,0.990099
2795,0,0.007790,0.040005,0.952205
2796,0,0.976689,0.001989,0.021323
2797,1,0.047773,0.001944,0.950283
2798,0,0.009407,0.007772,0.982821
2799,0,0.069544,0.028205,0.902251
2800,1,0.053279,0.007553,0.939168
2801,0,0.032594,0.007445,0.959961
2802,0,0.326225,0.001763,0.672012
2803,1,0.688172,0.005072,0.306756
2804,0,0.021071,0.000879,0.978050
2805,0,0.025232,0.002172,0.972595
2806,0,0.196605,0.089211,0.714185
2807,1,0.896092,0.002291,0.101617
2808,1,0.163616,0.002298,0.834085
2809,1,0.125295,0.004915,0.869790
2810,1,0.072683,0.001221,0.926096
2811,1,0.291794,0.056759,0.651447
2812,1,0.806814,0.011214,0.181972
2813,1,0.853748,0.027522,0.118730
2814,1,0.729556,0.008131,0.262312
2815,1,0.125783,0.003779,0.870438
2816,1,0.226212,0.020584,0.753204
2817,1,0.969270,0.006968,0.023762
2818,0,0.010073,0.039932,0.949995
2819,1,0.747925,0.008657,0.243418
2820,1,0.791520,0.007845,0.200635
2821,0,0.082164,0.254869,0.662967
2822,0,0.118801,0.003976,0.877223
2823,1,0.055167,0.844494,0.100340
2824,1,0.089589,0.448716,0.461695
2825,0,0.018657,0.042095,0.939249
2826,0,0.078375,0.207394,0.714231
2827,1,0.073297,0.000979,0.925724
2828,0,0.040266,0.017279,0.942455
2829,0,0.004066,0.001193,0.994742
2830,1,0.961814,0.013521,0.024664
2831,0,0.026568,0.002418,0.971013
2832,0,0.008601,0.019998,0.971402
2833,1,0.035856,0.005244,0.958899
2834,1,0.014169,0.000648,0.985183
2835,1,0.067176,0.551892,0.380932
2836,1,0.033970,0.009472,0.956559
2837,1,0.972238,0.003037,0.024725
2838,1,0.869864,0.003793,0.126343
2839,0,0.008294,0.004037,0.987669
2840,0,0.063286,0.002667,0.934047
2841,1,0.009534,0.000803,0.989663
2842,1,0.225925,0.255721,0.518353
2843,1,0.916591,0.002073,0.081335
2844,1,0.869435,0.002230,0.128335
2845,1,0.229875,0.008037,0.762089
2846,1,0.766333,0.008534,0.225133
2847,1,0.985984,0.002931,0.011085
2848,1,0.886513,0.006101,0.107386
2849,1,0.571788,0.005959,0.422253
2850,1,0.026382,0.001877,0.971742
2851,1,0.975183,0.009543,0.015273
2852,1,0.803679,0.003270,0.193050
2853,0,0.010608,0.052920,0.936472
2854,1,0.025507,0.001441,0.973052
2855,0,0.523642,0.048048,0.428310
2856,1,0.893415,0.022015,0.084570
2857,1,0.890415,0.001544,0.108041
2858,1,0.141670,0.280627,0.577704
2859,1,0.811322,0.178725,0.009953
2860,1,0.055167,0.844494,0.100340
2861,1,0.022738,0.080488,0.896774
2862,0,0.021338,0.001989,0.976672
2863,1,0.325759,0.047985,0.626256
2864,1,0.545512,0.007996,0.446493
2865,1,0.868410,0.002539,0.129050
2866,1,0.679420,0.066905,0.253675
2867,1,0.068454,0.690582,0.240964
2868,0,0.436770,0.005760,0.557470
2869,1,0.181002,0.095082,0.723916
2870,1,0.906541,0.008135,0.085324
2871,0,0.010425,0.005553,0.984022
2872,1,0.038431,0.901250,0.060319
2873,0,0.146938,0.010629,0.842433
2874,0,0.072384,0.026976,0.900639
2875,0,0.001711,0.000670,0.997619
2876,0,0.014171,0.095100,0.890728
2877,0,0.002830,0.000686,0.996484
2878,0,0.004092,0.000987,0.994921
2879,0,0.100618,0.000767,0.898616
2880,1,0.398842,0.028625,0.572534
2881,0,0.005156,0.000482,0.994362
2882,1,0.954086,0.002535,0.043380
2883,0,0.028561,0.006225,0.965213
2884,1,0.001950,0.001022,0.997028
2885,0,0.078919,0.001146,0.919936
2886,0,0.443369,0.187675,0.368956
2887,0,0.050415,0.001727,0.947858
2888,1,0.020337,0.010571,0.969092
2889,0,0.008007,0.136115,0.855878
2890,0,0.038189,0.014278,0.947533
2891,0,0.006653,0.004494,0.988853
2892,1,0.009395,0.001071,0.989535
2893,0,0.545565,0.128495,0.325940
2894,1,0.363120,0.043745,0.593136
2895,1,0.129504,0.051094,0.819402
2896,1,0.328813,0.008738,0.662448
2897,0,0.084988,0.671326,0.243687
2898,0,0.004011,0.002632,0.993356
2899,0,0.017260,0.101652,0.881088
2900,0,0.018398,0.059563,0.922039
2901,0,0.320496,0.007661,0.671843
2902,1,0.065935,0.026830,0.907234
2903,0,0.002297,0.011728,0.985975
2904,0,0.345522,0.005457,0.649021
2905,0,0.002641,0.002506,0.994853
2906,0,0.002564,0.001859,0.995577
2907,1,0.084346,0.870158,0.045496
2908,1,0.048377,0.746764,0.204859
2909,0,0.560335,0.023474,0.416191
2910,1,0.970793,0.002672,0.026535
2911,1,0.865838,0.003173,0.130989
2912,1,0.983313,0.003513,0.013174
2913,1,0.037124,0.791113,0.171763
2914,1,0.973936,0.004963,0.021101
2915,1,0.929335,0.002932,0.067733
2916,1,0.789954,0.004795,0.205251
2917,1,0.893082,0.003978,0.102940
2918,1,0.323507,0.097432,0.579061
2919,0,0.111468,0.002253,0.886279
2920,0,0.662721,0.001620,0.335659
2921,1,0.020984,0.256288,0.722728
2922,0,0.509628,0.013138,0.477234
2923,0,0.046027,0.011065,0.942908
2924,1,0.035961,0.029088,0.934951
2925,1,0.007358,0.012211,0.980431
2926,1,0.356874,0.002207,0.640919
2927,1,0.044327,0.004166,0.951507
2928,1,0.587944,0.004666,0.407391
2929,0,0.001833,0.002107,0.996061
2930,0,0.174256,0.012002,0.813741
2931,1,0.612927,0.001611,0.385462
2932,0,0.004305,0.001848,0.993847
2933,0,0.057541,0.056280,0.886179
2934,1,0.963302,0.003787,0.032911
2935,1,0.001833,0.001072,0.997095
2936,0,0.024889,0.000421,0.974690
2937,1,0.002466,0.002125,0.995410
2938,1,0.078750,0.011977,0.909273
2939,1,0.079796,0.004706,0.915499
2940,0,0.007689,0.002562,0.989748
2941,1,0.679281,0.008239,0.312480
2942,1,0.003585,0.001229,0.995186
2943,0,0.012573,0.047341,0.940086
2944,0,0.003387,0.004308,0.992305
2945,0,0.006163,0.013775,0.980062
2946,0,0.005593,0.000980,0.993427
2947,1,0.972289,0.015003,0.012708
2948,0,0.471746,0.268921,0.259333
2949,1,0.346823,0.003536,0.649641
2950,1,0.072366,0.007084,0.920549
2951,0,0.003217,0.001536,0.995246
2952,1,0.149979,0.002908,0.847113
2953,0,0.006535,0.012869,0.980597
2954,0,0.239076,0.005574,0.755350
2955,0,0.005538,0.002676,0.991785
2956,1,0.885836,0.102412,0.011751
2957,1,0.144487,0.001505,0.854008
2958,0,0.384834,0.001197,0.613969
2959,0,0.008055,0.025445,0.966500
2960,0,0.015054,0.000921,0.984025
2961,0,0.078679,0.003739,0.917583
2962,0,0.042999,0.003862,0.953139
2963,0,0.007314,0.004792,0.987894
2964,0,0.003545,0.002234,0.994221
2965,0,0.121108,0.005051,0.873841
2966,1,0.795291,0.003228,0.201481
2967,0,0.043858,0.063577,0.892565
2968,0,0.031789,0.001271,0.966940
2969,0,0.660381,0.001987,0.337633
2970,0,0.007939,0.000832,0.991230
2971,0,0.025520,0.076400,0.898080
2972,0,0.005670,0.007381,0.986950
2973,0,0.007790,0.024700,0.967510
2974,1,0.768624,0.007065,0.224311
2975,0,0.050379,0.003081,0.946540
2976,1,0.496541,0.002605,0.500854
2977,1,0.879135,0.009280,0.111585
2978,1,0.024658,0.048383,0.926959
2979,0,0.037170,0.001902,0.960928
2980,0,0.021793,0.001409,0.976798
2981,1,0.311259,0.002340,0.686401
2982,0,0.043419,0.017352,0.939229
2983,0,0.017914,0.020037,0.962049
2984,1,0.803766,0.002964,0.193270
2985,0,0.215696,0.003483,0.780821
2986,1,0.260988,0.007468,0.731544
2987,1,0.017326,0.002350,0.980324
2988,1,0.002702,0.001539,0.995760
2989,0,0.045071,0.185426,0.769503
2990,0,0.011823,0.003800,0.984377
2991,0,0.386192,0.003487,0.610320
2992,1,0.337274,0.458766,0.203960
2993,1,0.080309,0.029643,0.890048
2994,1,0.821792,0.004582,0.173626
2995,0,0.721119,0.002550,0.276332
2996,1,0.003858,0.002468,0.993675
2997,0,0.004842,0.000568,0.994590
2998,0,0.004003,0.002111,0.993886
2999,0,0.089250,0.501160,0.409590
