row_id,gold,p_hate,p_offensive,p_normal
0,0,0.001470,0.000614,0.997915
1,0,0.002673,0.000271,0.997056
2,1,0.977874,0.018564,0.003562
3,1,0.794661,0.201896,0.003443
4,0,0.002685,0.002594,0.994721
5,1,0.370484,0.450559,0.178957
6,0,0.431392,0.001338,0.567270
7,0,0.001958,0.000299,0.997743
8,1,0.000673,0.002211,0.997116
9,0,0.004656,0.000292,0.995052
10,0,0.000806,0.000336,0.998858
11,1,0.995349,0.003754,0.000898
12,0,0.003407,0.000270,0.996323
13,0,0.000697,0.000367,0.998937
14,1,0.037338,0.943692,0.018970
15,1,0.959409,0.035383,0.005208
16,1,0.811183,0.183134,0.005683
17,1,0.982638,0.002299,0.015063
18,1,0.879787,0.105352,0.014862
19,1,0.994793,0.001116,0.004092
20,1,0.933199,0.060533,0.006267
21,1,0.002109,0.000407,0.997484
22,1,0.923765,0.069043,0.007193
23,1,0.992292,0.001926,0.005782
24,1,0.996345,0.001193,0.002462
25,1,0.993137,0.004549,0.002313
26,0,0.189527,0.000560,0.809914
27,1,0.158701,0.092598,0.748702
28,1,0.996260,0.002505,0.001235
29,0,0.002233,0.000417,0.997350
30,0,0.000948,0.000395,0.998657
31,0,0.247069,0.000707,0.752225
32,0,0.001820,0.000276,0.997904
33,0,0.056519,0.000401,0.943080
34,0,0.241972,0.000680,0.757347
35,1,0.430337,0.000771,0.568892
36,0,0.988756,0.000666,0.010578
37,1,0.130062,0.781879,0.088059
38,0,0.008799,0.000314,0.990887
39,1,0.372410,0.071334,0.556257
40,0,0.001251,0.000340,0.998409
41,1,0.993245,0.004643,0.002112
42,0,0.000715,0.000362,0.998923
43,1,0.009774,0.000337,0.989889
44,1,0.996382,0.001098,0.002519
45,1,0.858109,0.134622,0.007270
46,1,0.047505,0.886160,0.066335
47,1,0.934097,0.002392,0.063510
48,0,0.003287,0.000315,0.996398
49,0,0.000723,0.000520,0.998758
50,0,0.001206,0.000347,0.998447
51,0,0.001457,0.000282,0.998261
52,1,0.005067,0.171427,0.823506
53,0,0.033480,0.359797,0.606724
54,0,0.304384,0.000854,0.694761
55,0,0.010338,0.000290,0.989372
56,1,0.973205,0.000620,0.026175
57,0,0.057939,0.000428,0.941633
58,0,0.088541,0.000659,0.910800
59,1,0.855224,0.140846,0.003930
60,0,0.006342,0.000279,0.993379
61,0,0.014114,0.000309,0.985576
62,1,0.932590,0.001974,0.065436
63,0,0.081424,0.000595,0.917981
64,0,0.000470,0.000760,0.998769
65,0,0.001152,0.000321,0.998527
66,0,0.013342,0.000383,0.986276
67,0,0.073064,0.000511,0.926426
68,0,0.002255,0.000283,0.997462
69,0,0.023335,0.000441,0.976224
70,1,0.888096,0.071536,0.040369
71,0,0.001093,0.000330,0.998577
72,1,0.732110,0.000968,0.266922
73,0,0.015806,0.000355,0.983839
74,0,0.235543,0.000682,0.763774
75,1,0.994255,0.001429,0.004316
76,1,0.635721,0.001749,0.362530
77,1,0.149316,0.001252,0.849432
78,0,0.001470,0.000337,0.998193
79,0,0.001574,0.000288,0.998138
80,0,0.001349,0.000305,0.998346
81,1,0.744724,0.038777,0.216498
82,1,0.981460,0.016604,0.001936
83,1,0.964706,0.003855,0.031439
84,0,0.182307,0.000580,0.817113
85,0,0.002817,0.042961,0.954222
86,1,0.068878,0.609180,0.321942
87,1,0.994745,0.001331,0.003925
88,1,0.692255,0.301633,0.006112
89,1,0.977116,0.001039,0.021845
90,0,0.006997,0.000311,0.992693
91,0,0.937465,0.000920,0.061615
92,1,0.987706,0.000860,0.011434
93,0,0.029703,0.000376,0.969921
94,0,0.710278,0.000759,0.288962
95,1,0.996525,0.001259,0.002216
96,1,0.992203,0.001000,0.006797
97,0,0.001818,0.000429,0.997753
98,0,0.757550,0.000792,0.241659
99,1,0.987387,0.011095,0.001518
100,0,0.003173,0.000288,0.996539
101,1,0.985670,0.000598,0.013732
102,1,0.937435,0.000873,0.061692
103,0,0.004433,0.000364,0.995202
104,1,0.935446,0.063045,0.001509
105,1,0.984416,0.000837,0.014747
106,0,0.116880,0.000570,0.882551
107,1,0.985380,0.001020,0.013600
108,1,0.991733,0.005902,0.002365
109,1,0.982964,0.015929,0.001107
110,0,0.055386,0.000388,0.944226
111,1,0.928097,0.066933,0.004970
112,1,0.944925,0.000846,0.054229
113,1,0.593405,0.002603,0.403991
114,1,0.971530,0.026165,0.002305
115,1,0.000924,0.000417,0.998659
116,0,0.001272,0.000324,0.998405
117,0,0.001154,0.000877,0.997970
118,0,0.008668,0.000316,0.991016
119,1,0.001594,0.000308,0.998098
120,1,0.940897,0.001159,0.057945
121,0,0.030218,0.000354,0.969428
122,0,0.002270,0.000414,0.997316
123,0,0.002335,0.000325,0.997340
124,1,0.482426,0.461887,0.055687
125,1,0.985339,0.003275,0.011386
126,1,0.486685,0.484848,0.028467
127,1,0.992821,0.004007,0.003172
128,1,0.972164,0.000729,0.027107
129,0,0.058897,0.000482,0.940621
130,1,0.656314,0.025151,0.318536
131,0,0.001163,0.000291,0.998546
132,1,0.398466,0.000939,0.600595
133,0,0.000982,0.000343,0.998676
134,0,0.000800,0.000352,0.998848
135,1,0.940360,0.003665,0.055975
136,0,0.002990,0.000258,0.996753
137,0,0.001945,0.000303,0.997752
138,0,0.217582,0.000728,0.781690
139,1,0.000710,0.001578,0.997712
140,1,0.084890,0.653319,0.261790
141,0,0.000824,0.000393,0.998783
142,0,0.000989,0.000367,0.998644
143,0,0.004158,0.000283,0.995560
144,0,0.000635,0.000409,0.998956
145,1,0.976266,0.000607,0.023127
146,1,0.996317,0.001160,0.002523
147,0,0.066587,0.000421,0.932991
148,1,0.961760,0.007302,0.030938
149,1,0.986521,0.011350,0.002129
150,0,0.131461,0.000631,0.867908
151,0,0.992499,0.000744,0.006757
152,1,0.956567,0.000652,0.042781
153,1,0.834998,0.000658,0.164344
154,1,0.989372,0.009112,0.001516
155,0,0.774228,0.000832,0.224940
156,1,0.983749,0.000671,0.015580
157,1,0.624785,0.001045,0.374170
158,0,0.000890,0.000397,0.998713
159,1,0.643005,0.006528,0.350466
160,1,0.259914,0.107510,0.632576
161,1,0.527727,0.003263,0.469010
162,1,0.884617,0.007094,0.108288
163,1,0.708832,0.018383,0.272785
164,1,0.995066,0.001420,0.003514
165,1,0.888692,0.001060,0.110248
166,0,0.047012,0.000463,0.952526
167,0,0.007220,0.000297,0.992483
168,1,0.356416,0.476372,0.167213
169,0,0.001745,0.000315,0.997940
170,1,0.011279,0.000493,0.988227
171,0,0.001275,0.000303,0.998422
172,0,0.893182,0.000660,0.106158
173,0,0.000956,0.000352,0.998693
174,0,0.009011,0.000288,0.990701
175,0,0.001330,0.000351,0.998319
176,0,0.000655,0.000460,0.998885
177,1,0.008523,0.006210,0.985267
178,0,0.167375,0.000749,0.831876
179,1,0.975589,0.023164,0.001246
180,1,0.995747,0.003048,0.001204
181,0,0.000664,0.000386,0.998949
182,0,0.408766,0.000829,0.590405
183,0,0.065655,0.000796,0.933548
184,1,0.742106,0.000795,0.257099
185,0,0.003957,0.000441,0.995602
186,0,0.020427,0.000485,0.979087
187,0,0.988767,0.000779,0.010454
188,1,0.982304,0.000595,0.017101
189,1,0.075569,0.793915,0.130516
190,1,0.991198,0.000770,0.008032
191,0,0.600189,0.000778,0.399033
192,1,0.992589,0.005173,0.002237
193,0,0.035152,0.000384,0.964464
194,0,0.000793,0.000592,0.998615
195,0,0.008337,0.000293,0.991370
196,0,0.000848,0.000346,0.998806
197,0,0.004291,0.000310,0.995400
198,1,0.903259,0.091967,0.004773
199,1,0.994991,0.000808,0.004200
200,1,0.005351,0.000305,0.994344
201,0,0.001455,0.000322,0.998223
202,0,0.004270,0.000271,0.995459
203,1,0.065638,0.764110,0.170252
204,1,0.814491,0.000875,0.184634
205,0,0.000962,0.000346,0.998693
206,0,0.001843,0.000361,0.997796
207,0,0.002249,0.000335,0.997416
208,0,0.025658,0.000600,0.973741
209,0,0.739086,0.001486,0.259429
210,0,0.000526,0.000547,0.998927
211,0,0.002024,0.000276,0.997700
212,0,0.002875,0.000298,0.996828
213,1,0.966259,0.010484,0.023257
214,0,0.000679,0.000421,0.998900
215,0,0.005128,0.000334,0.994538
216,0,0.001047,0.000333,0.998620
217,0,0.015814,0.000328,0.983858
218,0,0.001797,0.000346,0.997857
219,1,0.422512,0.009121,0.568367
220,0,0.973603,0.000729,0.025669
221,0,0.007062,0.000334,0.992604
222,0,0.002176,0.000284,0.997540
223,1,0.002217,0.000629,0.997154
224,0,0.037514,0.000389,0.962097
225,0,0.000501,0.000483,0.999016
226,1,0.000559,0.007731,0.991710
227,1,0.996555,0.001894,0.001551
228,0,0.001500,0.000307,0.998193
229,0,0.000816,0.000379,0.998805
230,0,0.020657,0.000343,0.979001
231,0,0.007459,0.000309,0.992232
232,0,0.000771,0.000642,0.998588
233,0,0.001485,0.000305,0.998210
234,0,0.003201,0.000297,0.996503
235,1,0.018885,0.000363,0.980752
236,0,0.009555,0.000337,0.990108
237,0,0.009087,0.000325,0.990588
238,1,0.975151,0.021876,0.002972
239,0,0.002769,0.000285,0.996945
240,1,0.196361,0.718935,0.084704
241,0,0.004227,0.000301,0.995472
242,1,0.977700,0.016680,0.005620
243,0,0.001560,0.000311,0.998129
244,0,0.001600,0.000279,0.998121
245,1,0.994353,0.004450,0.001197
246,0,0.023667,0.000323,0.976010
247,0,0.005878,0.000283,0.993838
248,0,0.018471,0.000336,0.981193
249,1,0.001232,0.000844,0.997924
250,0,0.010403,0.000291,0.989306
251,1,0.000744,0.007094,0.992162
252,0,0.001347,0.000351,0.998302
253,1,0.996380,0.001400,0.002220
254,0,0.006997,0.000423,0.992580
255,0,0.001070,0.000404,0.998526
256,0,0.002019,0.000307,0.997673
257,0,0.002275,0.000286,0.997438
258,1,0.160456,0.001017,0.838527
259,0,0.002761,0.000274,0.996965
260,1,0.226015,0.003826,0.770158
261,0,0.010727,0.000284,0.988989
262,0,0.000842,0.000354,0.998804
263,1,0.957037,0.000802,0.042160
264,1,0.978304,0.000618,0.021078
265,0,0.003734,0.000279,0.995988
266,1,0.993508,0.004286,0.002206
267,0,0.006070,0.000293,0.993636
268,0,0.002440,0.000278,0.997281
269,0,0.001848,0.000265,0.997887
270,1,0.264832,0.108699,0.626469
271,0,0.001477,0.000317,0.998206
272,1,0.862116,0.133816,0.004068
273,0,0.001410,0.000307,0.998283
274,1,0.008322,0.014799,0.976879
275,0,0.001595,0.000282,0.998123
276,1,0.908189,0.027894,0.063917
277,1,0.798898,0.194145,0.006957
278,1,0.017717,0.000534,0.981749
279,1,0.892908,0.103968,0.003124
280,1,0.985992,0.000828,0.013179
281,1,0.988523,0.005928,0.005549
282,0,0.001420,0.000360,0.998219
283,1,0.578817,0.000945,0.420237
284,0,0.001106,0.000343,0.998552
285,0,0.002174,0.000371,0.997454
286,1,0.025798,0.000891,0.973312
287,0,0.034616,0.000592,0.964793
288,0,0.995721,0.000973,0.003306
289,1,0.582526,0.001166,0.416308
290,0,0.011073,0.000457,0.988469
291,0,0.073020,0.000496,0.926484
292,0,0.003035,0.000259,0.996706
293,0,0.000833,0.000358,0.998810
294,1,0.015809,0.868563,0.115628
295,1,0.975275,0.019549,0.005177
296,1,0.934509,0.015125,0.050366
297,0,0.000916,0.000343,0.998741
298,0,0.004783,0.000273,0.994944
299,0,0.002779,0.000327,0.996894
300,1,0.045693,0.000392,0.953915
301,1,0.730720,0.028058,0.241221
302,1,0.975560,0.021774,0.002666
303,1,0.950787,0.000757,0.048457
304,1,0.971097,0.013222,0.015681
305,0,0.000811,0.000346,0.998843
306,0,0.977673,0.000633,0.021693
307,0,0.001249,0.000313,0.998438
308,1,0.995221,0.003564,0.001215
309,1,0.959157,0.039280,0.001563
310,1,0.995065,0.003614,0.001321
311,0,0.005118,0.000333,0.994549
312,0,0.000951,0.000321,0.998728
313,1,0.986057,0.011194,0.002749
314,0,0.001243,0.000305,0.998452
315,0,0.000793,0.000412,0.998795
316,1,0.579658,0.009210,0.411132
317,0,0.001168,0.000303,0.998529
318,1,0.576017,0.275049,0.148934
319,0,0.975793,0.000666,0.023542
320,0,0.001269,0.000315,0.998417
321,1,0.414516,0.469554,0.115931
322,0,0.008001,0.000304,0.991695
323,1,0.005014,0.000569,0.994417
324,1,0.183460,0.454029,0.362511
325,1,0.441753,0.264767,0.293480
326,0,0.001599,0.000283,0.998118
327,0,0.000802,0.000348,0.998851
328,1,0.793578,0.200907,0.005515
329,0,0.001637,0.000297,0.998067
330,0,0.013413,0.000323,0.986265
331,1,0.993088,0.000864,0.006049
332,0,0.007739,0.000290,0.991972
333,0,0.041081,0.000692,0.958227
334,0,0.096902,0.000470,0.902627
335,0,0.019257,0.000378,0.980365
336,1,0.979196,0.000584,0.020221
337,1,0.545002,0.001572,0.453426
338,1,0.951322,0.000852,0.047825
339,1,0.042151,0.590800,0.367049
340,1,0.028258,0.922112,0.049630
341,1,0.267992,0.005038,0.726970
342,0,0.012560,0.000342,0.987098
343,0,0.002115,0.000326,0.997559
344,0,0.011819,0.000325,0.987856
345,0,0.002184,0.000319,0.997497
346,0,0.000755,0.000361,0.998883
347,1,0.994466,0.002382,0.003152
348,1,0.990472,0.003452,0.006075
349,0,0.000737,0.000352,0.998911
350,0,0.003918,0.000270,0.995812
351,0,0.001442,0.000333,0.998225
352,0,0.523442,0.000943,0.475614
353,1,0.986967,0.008831,0.004203
354,0,0.359051,0.001341,0.639608
355,0,0.000616,0.000481,0.998903
356,0,0.457772,0.000757,0.541471
357,0,0.518349,0.000805,0.480846
358,0,0.026923,0.000368,0.972709
359,0,0.192441,0.000873,0.806686
360,1,0.003086,0.000280,0.996634
361,0,0.002459,0.000320,0.997221
362,0,0.000972,0.000336,0.998692
363,0,0.059206,0.000418,0.940375
364,0,0.470100,0.000868,0.529032
365,1,0.995452,0.000994,0.003553
366,0,0.002980,0.000275,0.996745
367,1,0.293422,0.655451,0.051127
368,0,0.016926,0.000368,0.982706
369,0,0.003741,0.000325,0.995934
370,0,0.096586,0.000774,0.902640
371,0,0.004526,0.000289,0.995185
372,0,0.001356,0.000310,0.998334
373,1,0.099572,0.000914,0.899515
374,1,0.851964,0.000831,0.147205
375,0,0.001183,0.000300,0.998517
376,1,0.985304,0.003262,0.011434
377,0,0.055715,0.000483,0.943802
378,1,0.517116,0.430416,0.052468
379,1,0.034944,0.079378,0.885678
380,0,0.004936,0.000292,0.994772
381,1,0.991343,0.006611,0.002045
382,0,0.000793,0.000720,0.998487
383,1,0.959515,0.018319,0.022167
384,1,0.984475,0.000762,0.014763
385,1,0.425441,0.000845,0.573713
386,1,0.960812,0.009067,0.030121
387,1,0.220472,0.001336,0.778192
388,0,0.002409,0.000290,0.997300
389,0,0.462640,0.000978,0.536382
390,0,0.008432,0.000413,0.991155
391,0,0.005805,0.000299,0.993897
392,1,0.246827,0.478210,0.274963
393,0,0.772777,0.000739,0.226484
394,0,0.025997,0.000400,0.973603
395,0,0.030113,0.000347,0.969540
396,1,0.394009,0.565502,0.040489
397,0,0.007103,0.000287,0.992610
398,1,0.030453,0.590049,0.379497
399,1,0.000794,0.008976,0.990230
400,1,0.012375,0.887505,0.100121
401,0,0.019610,0.000337,0.980053
402,1,0.974842,0.001203,0.023955
403,1,0.918548,0.000806,0.080645
404,1,0.970096,0.001379,0.028526
405,1,0.012074,0.822046,0.165880
406,1,0.972085,0.001731,0.026184
407,1,0.001910,0.007929,0.990160
408,1,0.996009,0.000938,0.003053
409,0,0.000586,0.000467,0.998947
410,0,0.002180,0.000274,0.997546
411,0,0.041776,0.000517,0.957707
412,1,0.028388,0.434734,0.536879
413,0,0.022275,0.000337,0.977387
414,1,0.949440,0.048017,0.002543
415,0,0.798136,0.000661,0.201203
416,1,0.152849,0.001823,0.845328
417,0,0.004824,0.000361,0.994815
418,0,0.338691,0.614577,0.046732
419,0,0.000667,0.000417,0.998916
420,1,0.917502,0.028971,0.053527
421,1,0.973173,0.022672,0.004155
422,0,0.003878,0.000362,0.995760
423,1,0.866931,0.000803,0.132266
424,1,0.985266,0.000837,0.013897
425,1,0.938605,0.000741,0.060654
426,0,0.059664,0.000486,0.939850
427,1,0.990257,0.000689,0.009054
428,1,0.990574,0.000783,0.008642
429,0,0.008160,0.000276,0.991564
430,1,0.042040,0.009930,0.948030
431,1,0.003107,0.000392,0.996502
432,1,0.442605,0.508350,0.049045
433,0,0.001075,0.000313,0.998611
434,0,0.017272,0.000316,0.982412
435,1,0.995954,0.003079,0.000968
436,1,0.458198,0.000662,0.541139
437,1,0.788086,0.203699,0.008216
438,0,0.044611,0.000501,0.954888
439,0,0.018281,0.000334,0.981384
440,1,0.957402,0.000675,0.041923
441,0,0.973404,0.000659,0.025936
442,1,0.002108,0.000293,0.997599
443,1,0.573914,0.000732,0.425355
444,0,0.916603,0.000737,0.082660
445,1,0.993242,0.001227,0.005531
446,0,0.001395,0.000316,0.998289
447,1,0.928232,0.069476,0.002292
448,0,0.915753,0.000758,0.083489
449,0,0.001670,0.003295,0.995035
450,0,0.000631,0.000464,0.998905
451,0,0.000506,0.000648,0.998846
452,1,0.996646,0.001780,0.001574
453,0,0.495738,0.000685,0.503577
454,0,0.002129,0.000358,0.997513
455,1,0.002709,0.000500,0.996791
456,1,0.996446,0.000915,0.002639
457,1,0.155522,0.132199,0.712279
458,0,0.001971,0.000356,0.997673
459,0,0.064060,0.000455,0.935485
460,1,0.102494,0.000476,0.897030
461,1,0.996071,0.002001,0.001927
462,1,0.996621,0.001229,0.002150
463,1,0.900696,0.000846,0.098458
464,1,0.676395,0.263620,0.059985
465,1,0.956572,0.000629,0.042799
466,1,0.992299,0.000740,0.006961
467,1,0.015827,0.000341,0.983832
468,0,0.002593,0.000270,0.997137
469,0,0.656785,0.000879,0.342336
470,0,0.001777,0.000379,0.997844
471,0,0.003440,0.000287,0.996274
472,1,0.966133,0.031083,0.002784
473,0,0.001672,0.000339,0.997990
474,0,0.001840,0.000293,0.997867
475,0,0.341770,0.000769,0.657461
476,0,0.002598,0.000262,0.997140
477,1,0.002804,0.027458,0.969738
478,0,0.001229,0.000333,0.998438
479,0,0.038779,0.000457,0.960763
480,0,0.014008,0.000303,0.985690
481,0,0.002117,0.000350,0.997533
482,1,0.110541,0.230211,0.659248
483,1,0.888198,0.098570,0.013233
484,0,0.024246,0.000402,0.975352
485,1,0.943338,0.000681,0.055981
486,0,0.002991,0.000305,0.996704
487,0,0.065204,0.000471,0.934325
488,1,0.730274,0.262484,0.007242
489,0,0.090920,0.000521,0.908559
490,0,0.653872,0.000911,0.345217
491,0,0.003292,0.000268,0.996440
492,1,0.639394,0.339149,0.021457
493,0,0.011634,0.000304,0.988061
494,0,0.011784,0.000311,0.987905
495,1,0.001953,0.005463,0.992584
496,1,0.990857,0.008154,0.000989
497,1,0.959836,0.032582,0.007583
498,1,0.663933,0.001319,0.334748
499,0,0.000940,0.000379,0.998681
500,1,0.896312,0.096359,0.007329
501,1,0.091934,0.000557,0.907508
502,1,0.995666,0.001792,0.002543
503,1,0.989137,0.001136,0.009727
504,1,0.574628,0.008735,0.416637
505,1,0.599362,0.396223,0.004415
506,1,0.001307,0.000466,0.998227
507,0,0.060336,0.043223,0.896441
508,0,0.002131,0.000307,0.997562
509,0,0.000971,0.000358,0.998671
510,1,0.706618,0.271544,0.021839
511,1,0.020506,0.000409,0.979085
512,1,0.902682,0.000915,0.096402
513,0,0.901579,0.000668,0.097753
514,1,0.022587,0.061672,0.915741
515,0,0.000850,0.000335,0.998815
516,0,0.001769,0.000293,0.997938
517,1,0.000850,0.000346,0.998804
518,0,0.000926,0.000358,0.998717
519,0,0.009119,0.000308,0.990573
520,1,0.867397,0.001115,0.131488
521,1,0.991943,0.006409,0.001648
522,0,0.009253,0.000318,0.990429
523,1,0.372510,0.001797,0.625693
524,1,0.791534,0.199735,0.008731
525,1,0.897266,0.005422,0.097312
526,0,0.001441,0.000284,0.998274
527,1,0.916300,0.001567,0.082133
528,0,0.259709,0.172263,0.568028
529,1,0.028376,0.001036,0.970589
530,0,0.001942,0.000275,0.997782
531,0,0.000772,0.000392,0.998836
532,0,0.001800,0.000323,0.997877
533,1,0.081762,0.048401,0.869837
534,1,0.989594,0.008488,0.001917
535,1,0.955725,0.042468,0.001807
536,1,0.989657,0.008500,0.001844
537,0,0.000974,0.000317,0.998709
538,0,0.001579,0.000292,0.998129
539,1,0.701553,0.000825,0.297622
540,1,0.996036,0.002387,0.001578
541,1,0.982434,0.015949,0.001617
542,1,0.994972,0.002191,0.002837
543,0,0.014977,0.000325,0.984698
544,0,0.334020,0.000684,0.665296
545,0,0.012162,0.000354,0.987484
546,1,0.001778,0.000299,0.997923
547,1,0.989151,0.001825,0.009024
548,0,0.012701,0.000313,0.986986
549,0,0.004269,0.000307,0.995424
550,0,0.000989,0.000317,0.998694
551,1,0.992170,0.006808,0.001022
552,0,0.116438,0.000537,0.883026
553,0,0.059426,0.000479,0.940096
554,0,0.001811,0.000310,0.997879
555,0,0.586712,0.000820,0.412468
556,0,0.000604,0.000471,0.998925
557,1,0.937681,0.052381,0.009938
558,0,0.000794,0.000353,0.998853
559,0,0.893224,0.001026,0.105750
560,1,0.325316,0.557247,0.117438
561,1,0.430181,0.543828,0.025991
562,1,0.959754,0.000964,0.039282
563,1,0.001395,0.011466,0.987138
564,0,0.001558,0.002225,0.996217
565,1,0.301000,0.433824,0.265176
566,1,0.245857,0.000633,0.753510
567,1,0.385365,0.000802,0.613833
568,0,0.001056,0.000330,0.998614
569,1,0.642177,0.311475,0.046348
570,1,0.982176,0.000795,0.017029
571,1,0.118459,0.763843,0.117699
572,1,0.994359,0.004123,0.001518
573,1,0.996025,0.001710,0.002265
574,0,0.004248,0.000270,0.995482
575,0,0.594898,0.000990,0.404112
576,0,0.003277,0.000296,0.996427
577,1,0.831986,0.001123,0.166891
578,1,0.157709,0.003207,0.839084
579,1,0.209532,0.001489,0.788979
580,1,0.995599,0.001689,0.002712
581,1,0.995547,0.003467,0.000986
582,1,0.864097,0.132045,0.003859
583,0,0.000973,0.000342,0.998685
584,1,0.995961,0.001489,0.002550
585,0,0.001719,0.001455,0.996826
586,0,0.001464,0.000456,0.998081
587,0,0.000772,0.000377,0.998851
588,0,0.001636,0.000306,0.998058
589,0,0.001700,0.000275,0.998025
590,1,0.933669,0.063878,0.002452
591,0,0.033633,0.000387,0.965980
592,0,0.000504,0.000569,0.998927
593,0,0.448454,0.000823,0.550723
594,0,0.001731,0.000266,0.998004
595,1,0.973962,0.000638,0.025400
596,0,0.040381,0.000466,0.959153
597,0,0.003385,0.000630,0.995985
598,1,0.965109,0.022952,0.011939
599,0,0.026385,0.000341,0.973274
600,0,0.024117,0.000384,0.975500
601,0,0.001425,0.000308,0.998267
602,1,0.993250,0.003261,0.003488
603,0,0.000763,0.000391,0.998845
604,0,0.354243,0.000750,0.645007
605,1,0.995200,0.001317,0.003483
606,1,0.913405,0.000731,0.085864
607,1,0.990772,0.005093,0.004136
608,1,0.029856,0.000485,0.969659
609,0,0.028695,0.000394,0.970911
610,0,0.025145,0.000370,0.974485
611,0,0.000999,0.000325,0.998676
612,0,0.071197,0.000555,0.928247
613,0,0.158616,0.016392,0.824992
614,1,0.532365,0.066061,0.401574
615,1,0.969280,0.000888,0.029832
616,1,0.041487,0.374011,0.584502
617,0,0.001520,0.000436,0.998044
618,1,0.731763,0.243071,0.025165
619,0,0.061275,0.000585,0.938140
620,0,0.000631,0.000565,0.998804
621,1,0.576481,0.413526,0.009993
622,1,0.779861,0.000998,0.219141
623,0,0.001199,0.000313,0.998487
624,0,0.003887,0.000258,0.995855
625,1,0.913640,0.004066,0.082294
626,0,0.994685,0.001882,0.003433
627,1,0.390653,0.588903,0.020444
628,0,0.003443,0.000277,0.996280
629,0,0.478483,0.000806,0.520711
630,0,0.010162,0.000352,0.989486
631,1,0.994760,0.004200,0.001040
632,1,0.404756,0.562402,0.032842
633,1,0.213143,0.303652,0.483206
634,0,0.013374,0.000317,0.986309
635,0,0.000827,0.000337,0.998836
636,1,0.695340,0.001376,0.303284
637,0,0.016206,0.000376,0.983419
638,1,0.788512,0.000982,0.210506
639,1,0.001058,0.000522,0.998420
640,0,0.493457,0.001190,0.505353
641,1,0.000551,0.000481,0.998968
642,0,0.002312,0.000286,0.997402
643,0,0.008733,0.000309,0.990958
644,1,0.977147,0.020532,0.002321
645,1,0.954913,0.000731,0.044355
646,1,0.992600,0.000885,0.006515
647,0,0.056763,0.000606,0.942631
648,1,0.117844,0.602020,0.280136
649,0,0.001429,0.000301,0.998269
650,0,0.970963,0.000843,0.028194
651,1,0.002900,0.001814,0.995286
652,0,0.004192,0.000298,0.995509
653,1,0.971775,0.000649,0.027576
654,0,0.001863,0.000290,0.997847
655,1,0.001219,0.000295,0.998486
656,1,0.961654,0.028045,0.010301
657,0,0.527575,0.000926,0.471499
658,0,0.000952,0.000400,0.998648
659,1,0.835837,0.001005,0.163158
660,1,0.000576,0.000837,0.998588
661,1,0.111723,0.850023,0.038253
662,1,0.992908,0.000898,0.006194
663,1,0.880576,0.110706,0.008718
664,1,0.980329,0.016863,0.002808
665,0,0.529427,0.000916,0.469657
666,0,0.005903,0.000275,0.993822
667,0,0.001982,0.000292,0.997725
668,0,0.002963,0.000325,0.996712
669,0,0.002022,0.000278,0.997699
670,1,0.617469,0.378559,0.003972
671,0,0.156876,0.000669,0.842455
672,1,0.012599,0.001018,0.986383
673,1,0.991812,0.000990,0.007198
674,0,0.006265,0.000266,0.993468
675,1,0.995524,0.000865,0.003611
676,0,0.005492,0.000276,0.994233
677,1,0.002398,0.000289,0.997313
678,0,0.013429,0.000983,0.985587
679,1,0.383589,0.589398,0.027014
680,1,0.971096,0.002035,0.026870
681,1,0.135362,0.000680,0.863958
682,1,0.965913,0.032436,0.001651
683,1,0.945623,0.052132,0.002245
684,1,0.698868,0.292162,0.008969
685,0,0.020713,0.000317,0.978970
686,0,0.027055,0.000398,0.972547
687,0,0.000851,0.000392,0.998756
688,1,0.966147,0.017366,0.016487
689,0,0.087054,0.000535,0.912411
690,1,0.003591,0.000417,0.995992
691,1,0.171380,0.547765,0.280855
692,0,0.001820,0.000308,0.997871
693,1,0.986640,0.000664,0.012696
694,1,0.517101,0.000948,0.481951
695,1,0.994772,0.000799,0.004429
696,0,0.004250,0.000283,0.995467
697,1,0.842913,0.154510,0.002577
698,0,0.065214,0.000843,0.933943
699,0,0.004231,0.000375,0.995395
700,0,0.004125,0.000242,0.995633
701,0,0.038446,0.000405,0.961149
702,0,0.001228,0.000367,0.998406
703,0,0.000980,0.000348,0.998672
704,1,0.026828,0.657503,0.315669
705,1,0.441384,0.546039,0.012577
706,1,0.363663,0.618898,0.017439
707,1,0.653725,0.003288,0.342986
708,0,0.000506,0.000550,0.998944
709,1,0.976603,0.000690,0.022707
710,1,0.973167,0.000674,0.026159
711,0,0.004556,0.000381,0.995063
712,1,0.219935,0.000852,0.779213
713,1,0.127706,0.000532,0.871762
714,0,0.002188,0.000279,0.997533
715,1,0.195799,0.303751,0.500449
716,0,0.000810,0.000396,0.998794
717,1,0.866489,0.127861,0.005650
718,1,0.066527,0.690031,0.243442
719,1,0.332796,0.541143,0.126060
720,1,0.328211,0.540985,0.130805
721,0,0.971434,0.000640,0.027926
722,1,0.091466,0.161712,0.746822
723,0,0.959804,0.000741,0.039456
724,1,0.361697,0.593216,0.045087
725,1,0.984785,0.000802,0.014413
726,0,0.003246,0.000301,0.996454
727,1,0.091627,0.401051,0.507321
728,1,0.085036,0.000594,0.914371
729,1,0.993028,0.005255,0.001717
730,0,0.002015,0.000303,0.997682
731,1,0.965821,0.000552,0.033627
732,1,0.002630,0.000323,0.997047
733,1,0.990949,0.003092,0.005959
734,0,0.011753,0.098645,0.889602
735,0,0.000787,0.000369,0.998844
736,1,0.992132,0.006200,0.001668
737,0,0.000945,0.000525,0.998529
738,1,0.082778,0.670030,0.247193
739,1,0.988191,0.000819,0.010991
740,1,0.989695,0.000706,0.009599
741,0,0.017481,0.000398,0.982121
742,0,0.539981,0.001082,0.458937
743,0,0.002094,0.000273,0.997633
744,1,0.990443,0.007837,0.001720
745,0,0.006625,0.000299,0.993076
746,0,0.001142,0.000338,0.998519
747,0,0.000551,0.000500,0.998949
748,0,0.000797,0.000448,0.998756
749,0,0.529491,0.001085,0.469424
750,0,0.000648,0.001020,0.998331
751,1,0.441406,0.542605,0.015990
752,0,0.898992,0.000865,0.100143
753,1,0.994447,0.001057,0.004496
754,0,0.002515,0.000246,0.997240
755,0,0.023980,0.000369,0.975651
756,0,0.986545,0.000675,0.012780
757,0,0.261758,0.000699,0.737543
758,1,0.001733,0.000473,0.997794
759,1,0.951798,0.046054,0.002148
760,1,0.754461,0.242892,0.002647
761,0,0.825111,0.000950,0.173939
762,1,0.654427,0.342050,0.003524
763,1,0.995397,0.003235,0.001368
764,0,0.017179,0.186999,0.795822
765,1,0.324723,0.668698,0.006579
766,1,0.679477,0.295859,0.024665
767,1,0.219986,0.001399,0.778615
768,1,0.880117,0.115538,0.004346
769,0,0.000779,0.000362,0.998858
770,1,0.023590,0.001701,0.974709
771,0,0.000863,0.000416,0.998721
772,0,0.791356,0.000853,0.207791
773,1,0.965381,0.000674,0.033946
774,0,0.938887,0.000924,0.060189
775,1,0.320978,0.001303,0.677719
776,1,0.005344,0.001426,0.993230
777,1,0.017490,0.000378,0.982132
778,1,0.010691,0.001661,0.987648
779,1,0.267603,0.100119,0.632278
780,0,0.330423,0.000640,0.668937
781,1,0.075129,0.688915,0.235956
782,0,0.001520,0.000316,0.998165
783,1,0.985942,0.012509,0.001549
784,1,0.988834,0.008022,0.003145
785,0,0.000758,0.000404,0.998838
786,1,0.342324,0.614472,0.043204
787,0,0.567676,0.000655,0.431670
788,0,0.001704,0.000317,0.997979
789,0,0.001552,0.000299,0.998149
790,0,0.001347,0.000311,0.998342
791,1,0.965519,0.005195,0.029286
792,0,0.002128,0.000301,0.997571
793,1,0.659163,0.312037,0.028801
794,0,0.001067,0.000302,0.998631
795,0,0.077984,0.000474,0.921542
796,1,0.976451,0.002019,0.021530
797,0,0.001904,0.000305,0.997791
798,0,0.001432,0.000308,0.998260
799,0,0.002412,0.000292,0.997297
800,0,0.003860,0.000297,0.995843
801,0,0.001089,0.000422,0.998489
802,1,0.001274,0.000342,0.998384
803,1,0.020650,0.000384,0.978966
804,0,0.162657,0.000604,0.836739
805,1,0.519766,0.470243,0.009991
806,1,0.986316,0.000780,0.012905
807,0,0.001584,0.000305,0.998112
808,1,0.968282,0.002748,0.028970
809,0,0.000548,0.000473,0.998979
810,1,0.894229,0.001070,0.104702
811,0,0.040326,0.000491,0.959183
812,0,0.010588,0.000365,0.989046
813,0,0.004795,0.000360,0.994845
814,1,0.282517,0.655164,0.062319
815,0,0.005631,0.000361,0.994008
816,1,0.949145,0.046094,0.004761
817,1,0.056622,0.000638,0.942740
818,1,0.004132,0.000282,0.995587
819,0,0.082693,0.000450,0.916857
820,1,0.994398,0.004491,0.001111
821,0,0.000941,0.000366,0.998693
822,1,0.417317,0.563023,0.019660
823,1,0.965096,0.000889,0.034015
824,0,0.000676,0.000376,0.998948
825,0,0.002573,0.000387,0.997040
826,0,0.000532,0.000733,0.998735
827,1,0.989753,0.001810,0.008437
828,0,0.284896,0.000728,0.714376
829,1,0.996381,0.001616,0.002004
830,1,0.466260,0.000877,0.532862
831,1,0.185522,0.000894,0.813585
832,0,0.321133,0.000871,0.677995
833,0,0.008923,0.000358,0.990719
834,0,0.001010,0.000316,0.998674
835,1,0.897668,0.004758,0.097574
836,1,0.962250,0.000738,0.037011
837,0,0.093216,0.000453,0.906331
838,0,0.054130,0.000395,0.945475
839,1,0.000591,0.006303,0.993106
840,0,0.002570,0.000347,0.997083
841,0,0.001646,0.000301,0.998053
842,1,0.464768,0.000997,0.534236
843,1,0.938807,0.000851,0.060342
844,0,0.001176,0.000324,0.998500
845,1,0.696548,0.295137,0.008315
846,0,0.963737,0.000779,0.035484
847,1,0.908433,0.000735,0.090832
848,1,0.994708,0.002581,0.002712
849,0,0.076740,0.000552,0.922708
850,0,0.017720,0.000357,0.981923
851,1,0.996050,0.002187,0.001763
852,1,0.996227,0.001428,0.002345
853,0,0.778969,0.001045,0.219986
854,1,0.792138,0.001061,0.206801
855,0,0.989732,0.000844,0.009424
856,0,0.103841,0.000515,0.895644
857,1,0.902144,0.003021,0.094835
858,1,0.005035,0.000299,0.994666
859,0,0.922742,0.000673,0.076585
860,1,0.053529,0.215066,0.731405
861,1,0.030055,0.301141,0.668803
862,1,0.988590,0.009117,0.002292
863,0,0.000741,0.000857,0.998402
864,1,0.904746,0.092713,0.002541
865,1,0.988099,0.009216,0.002686
866,0,0.055532,0.000395,0.944072
867,0,0.000939,0.000463,0.998598
868,1,0.991243,0.001070,0.007686
869,1,0.033896,0.000827,0.965276
870,0,0.001151,0.000356,0.998493
871,1,0.648597,0.023575,0.327828
872,1,0.985557,0.001387,0.013056
873,0,0.034025,0.000368,0.965607
874,0,0.003261,0.000256,0.996484
875,0,0.650399,0.000865,0.348736
876,0,0.006668,0.000303,0.993029
877,0,0.002118,0.000310,0.997572
878,0,0.008259,0.000332,0.991409
879,1,0.001105,0.000364,0.998531
880,0,0.000963,0.000327,0.998710
881,1,0.994765,0.000921,0.004314
882,1,0.946562,0.010510,0.042928
883,0,0.001186,0.000340,0.998474
884,1,0.259943,0.708627,0.031429
885,1,0.993319,0.001188,0.005492
886,0,0.000865,0.000367,0.998768
887,1,0.841092,0.000763,0.158144
888,1,0.596259,0.014076,0.389664
889,0,0.001291,0.013016,0.985693
890,1,0.832266,0.161097,0.006637
891,1,0.742052,0.252866,0.005082
892,0,0.002300,0.000267,0.997433
893,1,0.285968,0.001846,0.712186
894,1,0.005622,0.000525,0.993853
895,1,0.824424,0.169137,0.006439
896,1,0.995515,0.001792,0.002693
897,0,0.013992,0.000354,0.985654
898,0,0.001765,0.000281,0.997953
899,0,0.164835,0.000598,0.834567
900,0,0.003837,0.000366,0.995796
901,0,0.002281,0.000281,0.997438
902,1,0.978489,0.001783,0.019729
903,1,0.062255,0.497101,0.440644
904,1,0.410065,0.087877,0.502058
905,1,0.158560,0.005923,0.835517
906,1,0.991382,0.001285,0.007333
907,0,0.978582,0.000732,0.020686
908,1,0.093113,0.000725,0.906162
909,0,0.017969,0.000351,0.981681
910,0,0.014077,0.000344,0.985579
911,1,0.973607,0.023056,0.003337
912,1,0.767096,0.003556,0.229348
913,0,0.935741,0.000718,0.063541
914,1,0.092058,0.003367,0.904574
915,1,0.442999,0.000800,0.556201
916,1,0.994509,0.001197,0.004294
917,0,0.000847,0.000341,0.998811
918,1,0.071106,0.664796,0.264097
919,0,0.004213,0.000250,0.995537
920,1,0.970649,0.000680,0.028670
921,0,0.004711,0.000345,0.994944
922,1,0.211401,0.333965,0.454635
923,0,0.000999,0.000347,0.998654
924,0,0.001675,0.000343,0.997981
925,0,0.002263,0.000373,0.997364
926,0,0.310216,0.000805,0.688978
927,1,0.991853,0.000726,0.007421
928,1,0.175487,0.744235,0.080278
929,0,0.002364,0.000281,0.997355
930,0,0.011217,0.000344,0.988439
931,1,0.947637,0.050593,0.001769
932,0,0.021653,0.000363,0.977985
933,1,0.985951,0.000690,0.013359
934,0,0.987218,0.000644,0.012138
935,1,0.542160,0.427891,0.029949
936,0,0.011541,0.000313,0.988146
937,0,0.001444,0.000335,0.998221
938,1,0.096309,0.727694,0.175996
939,1,0.635318,0.003409,0.361273
940,0,0.029796,0.000357,0.969846
941,0,0.615875,0.001010,0.383115
942,0,0.001789,0.000275,0.997936
943,1,0.747513,0.202561,0.049926
944,1,0.172050,0.701680,0.126269
945,0,0.977741,0.000703,0.021555
946,1,0.917655,0.079306,0.003039
947,1,0.135772,0.000667,0.863561
948,0,0.002087,0.000307,0.997606
949,0,0.242826,0.000789,0.756385
950,0,0.926378,0.000824,0.072798
951,1,0.755692,0.000921,0.243387
952,1,0.913528,0.083547,0.002925
953,0,0.001564,0.000271,0.998165
954,1,0.004721,0.000467,0.994812
955,1,0.120445,0.002132,0.877423
956,0,0.006262,0.002171,0.991567
957,0,0.003510,0.000272,0.996218
958,1,0.270016,0.345016,0.384968
959,0,0.000770,0.000386,0.998844
960,0,0.002783,0.000323,0.996894
961,1,0.057718,0.028248,0.914034
962,0,0.745201,0.001191,0.253608
963,0,0.097792,0.000454,0.901753
964,1,0.005873,0.135523,0.858604
965,0,0.001439,0.000309,0.998252
966,1,0.721636,0.001761,0.276602
967,1,0.002426,0.005562,0.992012
968,1,0.993900,0.004415,0.001685
969,1,0.038791,0.003346,0.957864
970,1,0.880382,0.000954,0.118664
971,1,0.021785,0.000411,0.977804
972,1,0.995684,0.001537,0.002779
973,0,0.000805,0.000362,0.998833
974,0,0.017899,0.000346,0.981754
975,0,0.007002,0.000308,0.992689
976,0,0.000827,0.000495,0.998678
977,1,0.402012,0.269557,0.328431
978,1,0.014904,0.283973,0.701123
979,0,0.017367,0.000334,0.982299
980,1,0.246360,0.606677,0.146963
981,1,0.022032,0.960765,0.017203
982,0,0.005165,0.000280,0.994554
983,0,0.002721,0.000275,0.997004
984,1,0.000731,0.007460,0.991809
985,1,0.934062,0.061490,0.004448
986,1,0.000829,0.000764,0.998407
987,1,0.005044,0.000546,0.994410
988,0,0.094168,0.000691,0.905141
989,1,0.813188,0.000899,0.185912
990,0,0.006541,0.000281,0.993177
991,1,0.978534,0.008853,0.012613
992,1,0.001326,0.000310,0.998365
993,1,0.186408,0.036363,0.777229
994,0,0.169117,0.000587,0.830296
995,0,0.991750,0.001062,0.007189
996,1,0.972002,0.026555,0.001443
997,0,0.003070,0.000260,0.996671
998,1,0.993383,0.001670,0.004947
999,1,0.164101,0.000761,0.835139
1000,1,0.978346,0.005285,0.016368
1001,0,0.868822,0.001183,0.129995
1002,0,0.001956,0.000317,0.997727
1003,0,0.001294,0.000911,0.997796
1004,1,0.822042,0.035260,0.142698
1005,1,0.923032,0.010779,0.066189
1006,1,0.980884,0.016932,0.002184
1007,0,0.000993,0.000567,0.998440
1008,1,0.366506,0.528951,0.104543
1009,1,0.974297,0.003467,0.022236
1010,0,0.002910,0.000295,0.996794
1011,1,0.581604,0.397191,0.021206
1012,0,0.011980,0.000371,0.987649
1013,1,0.996223,0.002105,0.001672
1014,1,0.860551,0.002012,0.137437
1015,0,0.001466,0.000341,0.998192
1016,0,0.109883,0.000548,0.889568
1017,0,0.543162,0.000917,0.455921
1018,1,0.986284,0.002530,0.011186
1019,1,0.699064,0.286801,0.014135
1020,1,0.061008,0.000441,0.938551
1021,0,0.685067,0.264165,0.050768
1022,1,0.989166,0.000679,0.010156
1023,0,0.001398,0.000314,0.998287
1024,1,0.418482,0.000946,0.580572
1025,1,0.975680,0.022223,0.002097
1026,1,0.908639,0.001979,0.089382
1027,0,0.104481,0.000524,0.894995
1028,0,0.002772,0.000309,0.996919
1029,1,0.454796,0.001013,0.544190
1030,1,0.498188,0.487717,0.014095
1031,1,0.994416,0.000830,0.004754
1032,1,0.442165,0.002088,0.555747
1033,1,0.973008,0.024265,0.002727
1034,0,0.044586,0.000472,0.954942
1035,1,0.976057,0.022314,0.001629
1036,0,0.098003,0.000775,0.901222
1037,0,0.008237,0.000648,0.991115
1038,1,0.252442,0.711361,0.036197
1039,1,0.468574,0.380268,0.151159
1040,0,0.003954,0.001027,0.995019
1041,1,0.003650,0.001208,0.995142
1042,0,0.899399,0.000751,0.099850
1043,0,0.003427,0.000301,0.996272
1044,0,0.049383,0.000502,0.950115
1045,0,0.131643,0.000673,0.867684
1046,1,0.945347,0.000635,0.054018
1047,0,0.072840,0.000385,0.926775
1048,0,0.008933,0.000396,0.990671
1049,0,0.183562,0.000679,0.815759
1050,0,0.938750,0.000803,0.060447
1051,1,0.758347,0.235642,0.006011
1052,1,0.635200,0.298979,0.065821
1053,0,0.163527,0.000758,0.835714
1054,1,0.756190,0.238285,0.005526
1055,1,0.798443,0.000895,0.200662
1056,1,0.005908,0.000537,0.993555
1057,0,0.003974,0.000324,0.995702
1058,0,0.437491,0.000929,0.561580
1059,0,0.002580,0.000307,0.997112
1060,1,0.826494,0.000718,0.172789
1061,1,0.984590,0.013913,0.001496
1062,1,0.980707,0.017685,0.001608
1063,1,0.124544,0.070578,0.804878
1064,1,0.980422,0.016948,0.002630
1065,1,0.961529,0.000682,0.037789
1066,0,0.000700,0.000453,0.998847
1067,1,0.507262,0.373850,0.118889
1068,0,0.001965,0.000275,0.997759
1069,1,0.921293,0.000848,0.077859
1070,1,0.983146,0.000784,0.016070
1071,1,0.876574,0.001253,0.122173
1072,0,0.042607,0.000425,0.956968
1073,0,0.436524,0.000769,0.562707
1074,0,0.001719,0.000271,0.998010
1075,0,0.009801,0.000348,0.989851
1076,0,0.000791,0.000528,0.998682
1077,1,0.704534,0.150562,0.144903
1078,1,0.115565,0.000936,0.883499
1079,0,0.001195,0.000326,0.998479
1080,0,0.879325,0.000797,0.119878
1081,1,0.205759,0.666215,0.128026
1082,0,0.001122,0.000329,0.998549
1083,1,0.989658,0.008899,0.001443
1084,0,0.003768,0.000262,0.995970
1085,1,0.835415,0.001279,0.163306
1086,1,0.814744,0.172227,0.013030
1087,1,0.614618,0.026708,0.358674
1088,1,0.798347,0.193958,0.007694
1089,1,0.002003,0.000312,0.997685
1090,1,0.932535,0.065067,0.002398
1091,0,0.001906,0.000301,0.997793
1092,0,0.001682,0.000322,0.997996
1093,0,0.001017,0.000303,0.998680
1094,1,0.962856,0.034459,0.002685
1095,0,0.005347,0.000279,0.994374
1096,0,0.034015,0.000421,0.965564
1097,1,0.897786,0.001607,0.100606
1098,1,0.995819,0.001849,0.002332
1099,0,0.598168,0.000872,0.400960
1100,1,0.995792,0.001417,0.002791
1101,0,0.004979,0.000299,0.994723
1102,1,0.239695,0.004894,0.755412
1103,0,0.001975,0.000290,0.997735
1104,1,0.970582,0.019970,0.009449
1105,0,0.003296,0.000331,0.996373
1106,0,0.016999,0.000372,0.982629
1107,0,0.001536,0.000282,0.998182
1108,0,0.577699,0.000797,0.421504
1109,1,0.443691,0.545016,0.011293
1110,1,0.299778,0.425486,0.274737
1111,1,0.007698,0.000423,0.991879
1112,1,0.562953,0.414293,0.022753
1113,1,0.994595,0.003891,0.001514
1114,0,0.884868,0.000823,0.114309
1115,1,0.983975,0.001381,0.014644
1116,0,0.003393,0.024672,0.971936
1117,0,0.002913,0.000315,0.996772
1118,0,0.005475,0.000307,0.994219
1119,1,0.072328,0.057609,0.870063
1120,1,0.450820,0.014418,0.534762
1121,0,0.001037,0.000322,0.998640
1122,0,0.000715,0.000679,0.998606
1123,1,0.002276,0.000324,0.997400
1124,1,0.310054,0.483321,0.206625
1125,1,0.994778,0.003295,0.001926
1126,0,0.004748,0.000282,0.994970
1127,0,0.001834,0.000388,0.997778
1128,0,0.000863,0.000325,0.998812
1129,0,0.065416,0.000525,0.934058
1130,0,0.001244,0.000321,0.998434
1131,0,0.000864,0.000373,0.998763
1132,0,0.000406,0.001551,0.998042
1133,1,0.210425,0.246400,0.543176
1134,0,0.001647,0.000324,0.998030
1135,0,0.260122,0.000575,0.739302
1136,0,0.250261,0.000761,0.748977
1137,0,0.001093,0.000325,0.998582
1138,0,0.001451,0.000317,0.998233
1139,1,0.994346,0.000726,0.004929
1140,1,0.245445,0.732842,0.021714
1141,0,0.001883,0.000307,0.997810
1142,1,0.519998,0.468024,0.011978
1143,0,0.225720,0.001082,0.773198
1144,0,0.069880,0.000530,0.929591
1145,1,0.946807,0.000631,0.052562
1146,1,0.499528,0.489632,0.010840
1147,0,0.001457,0.000305,0.998239
1148,0,0.001698,0.000268,0.998033
1149,1,0.996257,0.001080,0.002663
1150,1,0.349357,0.418175,0.232468
1151,0,0.601763,0.000754,0.397483
1152,1,0.003918,0.000423,0.995659
1153,0,0.002065,0.000260,0.997675
1154,1,0.594990,0.044813,0.360197
1155,0,0.011637,0.000521,0.987843
1156,1,0.996192,0.001128,0.002680
1157,0,0.001177,0.000365,0.998458
1158,1,0.155507,0.000718,0.843775
1159,0,0.004513,0.000276,0.995210
1160,1,0.940842,0.001633,0.057525
1161,1,0.003425,0.000470,0.996105
1162,1,0.034940,0.548839,0.416221
1163,1,0.028589,0.000478,0.970933
1164,1,0.962589,0.001891,0.035520
1165,0,0.039502,0.000556,0.959942
1166,0,0.001341,0.000292,0.998367
1167,1,0.005522,0.000321,0.994157
1168,0,0.008144,0.028642,0.963213
1169,0,0.000671,0.004725,0.994604
1170,1,0.853009,0.001108,0.145883
1171,0,0.001138,0.000359,0.998503
1172,1,0.004404,0.000452,0.995144
1173,1,0.977667,0.013331,0.009002
1174,1,0.968473,0.004312,0.027215
1175,1,0.097016,0.000573,0.902411
1176,0,0.001282,0.000302,0.998415
1177,1,0.978029,0.000790,0.021181
1178,0,0.016174,0.000329,0.983497
1179,0,0.002309,0.000305,0.997386
1180,1,0.959490,0.010417,0.030093
1181,1,0.989607,0.007203,0.003190
1182,1,0.146707,0.001798,0.851495
1183,0,0.000836,0.000369,0.998795
1184,1,0.065916,0.918740,0.015344
1185,0,0.000648,0.000388,0.998965
1186,0,0.003768,0.000288,0.995944
1187,0,0.070520,0.000587,0.928892
1188,0,0.014408,0.000393,0.985199
1189,1,0.320035,0.670339,0.009626
1190,1,0.951208,0.041970,0.006822
1191,1,0.994845,0.003014,0.002142
1192,0,0.011979,0.000324,0.987697
1193,1,0.995842,0.002031,0.002127
1194,0,0.000774,0.000353,0.998874
1195,0,0.875167,0.000919,0.123914
1196,1,0.714512,0.000842,0.284646
1197,1,0.007469,0.001742,0.990789
1198,1,0.990078,0.008748,0.001174
1199,1,0.047246,0.000534,0.952221
1200,0,0.000828,0.000326,0.998847
1201,1,0.869993,0.001098,0.128909
1202,0,0.000991,0.000344,0.998665
1203,0,0.001689,0.000273,0.998039
1204,0,0.002498,0.000292,0.997209
1205,1,0.980282,0.001409,0.018309
1206,0,0.016374,0.000344,0.983282
1207,0,0.003699,0.000279,0.996022
1208,0,0.118018,0.000535,0.881447
1209,0,0.001731,0.008438,0.989831
1210,1,0.768908,0.000841,0.230251
1211,1,0.994118,0.000776,0.005106
1212,1,0.012249,0.000386,0.987365
1213,1,0.058841,0.000447,0.940712
1214,1,0.005949,0.000335,0.993716
1215,1,0.991070,0.000786,0.008144
1216,1,0.978729,0.000934,0.020337
1217,1,0.901463,0.096075,0.002462
1218,1,0.149485,0.376904,0.473611
1219,1,0.793135,0.000733,0.206132
1220,1,0.988618,0.001655,0.009727
1221,0,0.010274,0.000335,0.989391
1222,0,0.030928,0.000406,0.968665
1223,1,0.995149,0.003736,0.001115
1224,1,0.457430,0.497403,0.045167
1225,1,0.000684,0.000709,0.998607
1226,1,0.011288,0.000316,0.988396
1227,1,0.001408,0.000416,0.998176
1228,0,0.030693,0.000420,0.968888
1229,0,0.003221,0.000302,0.996477
1230,1,0.755119,0.217805,0.027076
1231,1,0.494660,0.462566,0.042774
1232,0,0.001491,0.000323,0.998186
1233,1,0.996263,0.001802,0.001935
1234,0,0.225131,0.000562,0.774307
1235,0,0.023015,0.000460,0.976524
1236,0,0.002932,0.000352,0.996716
1237,0,0.002024,0.000283,0.997693
1238,0,0.010912,0.000300,0.988788
1239,0,0.006613,0.040523,0.952864
1240,0,0.012259,0.000330,0.987411
1241,0,0.001312,0.000340,0.998348
1242,1,0.989402,0.008853,0.001745
1243,0,0.939548,0.000712,0.059740
1244,1,0.988508,0.009032,0.002460
1245,0,0.005676,0.000371,0.993953
1246,0,0.001003,0.000344,0.998653
1247,0,0.429819,0.000962,0.569220
1248,1,0.673325,0.318722,0.007953
1249,0,0.037991,0.000381,0.961628
1250,0,0.001103,0.000307,0.998590
1251,1,0.553370,0.439496,0.007134
1252,0,0.012069,0.000350,0.987580
1253,1,0.764539,0.129258,0.106203
1254,1,0.841405,0.155887,0.002708
1255,1,0.992551,0.000808,0.006641
1256,1,0.003323,0.000263,0.996415
1257,0,0.007409,0.000303,0.992288
1258,0,0.000752,0.000528,0.998720
1259,0,0.004757,0.000279,0.994965
1260,1,0.996882,0.001355,0.001764
1261,1,0.382173,0.000823,0.617004
1262,0,0.003243,0.000262,0.996494
1263,1,0.991813,0.000854,0.007334
1264,1,0.005468,0.339661,0.654870
1265,0,0.021396,0.000350,0.978255
1266,0,0.002459,0.000286,0.997255
1267,1,0.993880,0.001067,0.005053
1268,1,0.978176,0.000626,0.021198
1269,1,0.977837,0.020994,0.001169
1270,0,0.004625,0.000265,0.995110
1271,0,0.000974,0.000331,0.998694
1272,0,0.010674,0.000310,0.989016
1273,1,0.804299,0.180609,0.015092
1274,1,0.006924,0.000504,0.992572
1275,0,0.001451,0.000313,0.998236
1276,0,0.033382,0.000358,0.966260
1277,1,0.987776,0.010418,0.001807
1278,1,0.102082,0.815348,0.082570
1279,1,0.013936,0.216649,0.769415
1280,0,0.889367,0.001105,0.109528
1281,0,0.024578,0.000362,0.975060
1282,1,0.386227,0.001191,0.612581
1283,1,0.004791,0.021989,0.973220
1284,0,0.000847,0.000367,0.998785
1285,0,0.015481,0.000486,0.984033
1286,1,0.002217,0.000356,0.997427
1287,0,0.007523,0.000329,0.992148
1288,1,0.044677,0.691175,0.264148
1289,0,0.002267,0.000270,0.997463
1290,0,0.001415,0.000348,0.998237
1291,1,0.969376,0.028774,0.001850
1292,1,0.577881,0.404869,0.017250
1293,1,0.004808,0.382306,0.612886
1294,0,0.002147,0.000396,0.997457
1295,1,0.978550,0.020524,0.000926
1296,1,0.168687,0.800382,0.030931
1297,1,0.572538,0.384892,0.042569
1298,1,0.656106,0.320168,0.023726
1299,1,0.991255,0.007158,0.001588
1300,1,0.996566,0.001771,0.001663
1301,0,0.000909,0.000346,0.998745
1302,1,0.989470,0.007492,0.003038
1303,1,0.650426,0.001631,0.347942
1304,1,0.989352,0.001693,0.008955
1305,0,0.000994,0.000331,0.998675
1306,1,0.929210,0.066138,0.004651
1307,1,0.988262,0.000913,0.010825
1308,1,0.881866,0.000838,0.117296
1309,1,0.990992,0.005577,0.003430
1310,0,0.012357,0.000389,0.987254
1311,1,0.940433,0.003481,0.056086
1312,1,0.021255,0.440036,0.538709
1313,1,0.710902,0.001443,0.287655
1314,1,0.386559,0.001434,0.612008
1315,1,0.422094,0.551758,0.026148
1316,1,0.840874,0.152391,0.006735
1317,1,0.541665,0.001363,0.456972
1318,0,0.005584,0.000335,0.994081
1319,0,0.001669,0.000388,0.997943
1320,1,0.639204,0.000802,0.359994
1321,0,0.003167,0.000266,0.996567
1322,0,0.021833,0.000347,0.977820
1323,1,0.219049,0.683678,0.097273
1324,0,0.002808,0.000273,0.996919
1325,0,0.015014,0.000312,0.984674
1326,0,0.193520,0.016118,0.790362
1327,0,0.008826,0.000347,0.990828
1328,1,0.249697,0.000700,0.749603
1329,1,0.025676,0.082650,0.891675
1330,1,0.015123,0.000339,0.984538
1331,0,0.047579,0.000425,0.951997
1332,1,0.038155,0.000421,0.961423
1333,0,0.002663,0.000283,0.997054
1334,0,0.064160,0.000533,0.935307
1335,0,0.003784,0.000272,0.995945
1336,1,0.994678,0.002119,0.003202
1337,1,0.001660,0.000377,0.997963
1338,0,0.004187,0.000312,0.995501
1339,0,0.009800,0.000343,0.989857
1340,1,0.988054,0.009445,0.002502
1341,0,0.203607,0.044477,0.751916
1342,1,0.002382,0.036108,0.961510
1343,0,0.001131,0.000326,0.998542
1344,1,0.001097,0.000694,0.998210
1345,1,0.006479,0.000289,0.993231
1346,1,0.108756,0.001163,0.890080
1347,1,0.267640,0.000951,0.731409
1348,1,0.851299,0.002410,0.146291
1349,1,0.072125,0.000848,0.927027
1350,1,0.005518,0.008566,0.985916
1351,0,0.019411,0.000378,0.980212
1352,0,0.000640,0.000410,0.998950
1353,1,0.994652,0.000788,0.004560
1354,1,0.352547,0.001028,0.646425
1355,1,0.985399,0.000701,0.013900
1356,1,0.081625,0.716627,0.201748
1357,1,0.014780,0.038249,0.946971
1358,0,0.047199,0.000389,0.952412
1359,0,0.000740,0.000393,0.998866
1360,1,0.996735,0.001909,0.001355
1361,1,0.446777,0.530631,0.022592
1362,1,0.004797,0.000438,0.994765
1363,1,0.973838,0.022050,0.004112
1364,1,0.001235,0.000305,0.998460
1365,0,0.002069,0.000297,0.997635
1366,1,0.989815,0.000943,0.009242
1367,1,0.682056,0.129311,0.188633
1368,1,0.992020,0.000924,0.007056
1369,0,0.026648,0.000373,0.972978
1370,1,0.926577,0.000796,0.072627
1371,0,0.001812,0.000282,0.997906
1372,1,0.988631,0.000823,0.010547
1373,1,0.024577,0.449481,0.525943
1374,0,0.282346,0.000694,0.716960
1375,1,0.013159,0.000325,0.986516
1376,1,0.096569,0.000540,0.902891
1377,0,0.041537,0.000429,0.958034
1378,1,0.993559,0.000853,0.005588
1379,1,0.993559,0.000853,0.005588
1380,0,0.000799,0.000392,0.998809
1381,1,0.993795,0.000958,0.005246
1382,0,0.000674,0.000386,0.998941
1383,1,0.993809,0.001279,0.004912
1384,1,0.029039,0.000521,0.970441
1385,0,0.002397,0.000321,0.997281
1386,0,0.001190,0.000309,0.998501
1387,1,0.993193,0.000825,0.005982
1388,0,0.001144,0.000283,0.998573
1389,1,0.030029,0.851928,0.118043
1390,0,0.007515,0.000318,0.992167
1391,1,0.995749,0.001622,0.002628
1392,1,0.955865,0.013222,0.030913
1393,0,0.000854,0.000343,0.998803
1394,1,0.994911,0.001234,0.003856
1395,0,0.017859,0.000353,0.981788
1396,1,0.908973,0.087304,0.003722
1397,1,0.185243,0.000808,0.813949
1398,0,0.039218,0.000351,0.960432
1399,1,0.510401,0.003838,0.485761
1400,0,0.002529,0.000309,0.997162
1401,1,0.915391,0.000818,0.083791
1402,0,0.002639,0.000512,0.996849
1403,1,0.993630,0.000759,0.005612
1404,1,0.822311,0.171990,0.005699
1405,0,0.001164,0.000301,0.998535
1406,1,0.464693,0.001914,0.533393
1407,0,0.074699,0.000607,0.924694
1408,1,0.002476,0.000588,0.996937
1409,1,0.519173,0.456016,0.024811
1410,0,0.004256,0.000312,0.995431
1411,0,0.000930,0.000335,0.998735
1412,0,0.001970,0.000325,0.997706
1413,0,0.001294,0.000352,0.998355
1414,0,0.994102,0.000843,0.005055
1415,1,0.092929,0.059394,0.847677
1416,1,0.387537,0.590578,0.021885
1417,1,0.994723,0.003220,0.002058
1418,0,0.000775,0.000373,0.998852
1419,0,0.003504,0.000285,0.996211
1420,0,0.001035,0.000379,0.998586
1421,0,0.006757,0.000317,0.992926
1422,1,0.475632,0.518904,0.005464
1423,1,0.918432,0.012966,0.068601
1424,0,0.014226,0.000330,0.985444
1425,0,0.014107,0.000319,0.985574
1426,1,0.993672,0.000791,0.005537
1427,1,0.449149,0.001458,0.549393
1428,0,0.000991,0.000329,0.998681
1429,1,0.078750,0.000973,0.920277
1430,1,0.728561,0.093513,0.177926
1431,1,0.341281,0.120616,0.538102
1432,1,0.966077,0.000928,0.032995
1433,0,0.001310,0.000357,0.998332
1434,0,0.001207,0.000309,0.998485
1435,0,0.026227,0.000371,0.973401
1436,1,0.933410,0.000893,0.065698
1437,0,0.436317,0.000849,0.562835
1438,0,0.015515,0.000399,0.984085
1439,0,0.056461,0.001903,0.941635
1440,0,0.016417,0.000355,0.983228
1441,0,0.001208,0.000445,0.998347
1442,0,0.015598,0.000336,0.984066
1443,0,0.010610,0.000315,0.989075
1444,1,0.631457,0.001007,0.367535
1445,1,0.758498,0.000986,0.240516
1446,1,0.993175,0.000924,0.005900
1447,1,0.958909,0.000986,0.040105
1448,1,0.883021,0.000877,0.116102
1449,0,0.996194,0.001220,0.002587
1450,1,0.992253,0.001232,0.006516
1451,0,0.001935,0.000274,0.997791
1452,1,0.993703,0.004823,0.001474
1453,1,0.989451,0.009298,0.001250
1454,1,0.992035,0.002104,0.005860
1455,1,0.785815,0.208737,0.005448
1456,1,0.886853,0.100976,0.012170
1457,1,0.887027,0.001346,0.111627
1458,1,0.988641,0.007825,0.003534
1459,1,0.002926,0.003761,0.993312
1460,1,0.978502,0.020321,0.001178
1461,1,0.103670,0.338171,0.558159
1462,1,0.994443,0.001914,0.003643
1463,0,0.001493,0.000315,0.998193
1464,0,0.766900,0.000831,0.232269
1465,0,0.000886,0.000386,0.998728
1466,1,0.387112,0.001074,0.611814
1467,0,0.001337,0.000326,0.998338
1468,1,0.991328,0.005380,0.003292
1469,0,0.004177,0.000264,0.995559
1470,1,0.838209,0.152757,0.009034
1471,1,0.969138,0.027488,0.003374
1472,0,0.001630,0.000404,0.997966
1473,1,0.994374,0.004496,0.001130
1474,1,0.939259,0.058996,0.001745
1475,0,0.002656,0.000272,0.997073
1476,1,0.959926,0.001251,0.038823
1477,1,0.995379,0.001214,0.003407
1478,1,0.001335,0.000427,0.998238
1479,0,0.024076,0.000370,0.975554
1480,1,0.007909,0.000922,0.991170
1481,0,0.007258,0.000341,0.992401
1482,1,0.982229,0.010150,0.007621
1483,1,0.366977,0.355389,0.277634
1484,0,0.006066,0.000321,0.993613
1485,1,0.994344,0.002425,0.003232
1486,0,0.165958,0.000593,0.833449
1487,1,0.385256,0.431428,0.183316
1488,0,0.017479,0.000314,0.982207
1489,1,0.659863,0.314757,0.025380
1490,1,0.039525,0.006993,0.953482
1491,1,0.017633,0.000468,0.981899
1492,0,0.002757,0.000284,0.996959
1493,1,0.083005,0.751951,0.165044
1494,1,0.892864,0.103565,0.003571
1495,1,0.628063,0.000922,0.371015
1496,1,0.030485,0.509789,0.459726
1497,1,0.485913,0.154992,0.359094
1498,0,0.000997,0.000355,0.998648
1499,1,0.086449,0.000585,0.912965
1500,0,0.004510,0.000274,0.995217
1501,1,0.050298,0.000364,0.949338
1502,1,0.552156,0.000811,0.447033
1503,0,0.217574,0.000510,0.781916
1504,1,0.421275,0.000692,0.578033
1505,1,0.974125,0.000777,0.025098
1506,1,0.604999,0.000874,0.394128
1507,0,0.001961,0.000274,0.997766
1508,1,0.873943,0.118866,0.007191
1509,1,0.936573,0.060229,0.003198
1510,1,0.514856,0.000691,0.484454
1511,0,0.001997,0.000325,0.997677
1512,0,0.031107,0.000393,0.968500
1513,0,0.001739,0.000347,0.997914
1514,1,0.988431,0.000771,0.010798
1515,1,0.034559,0.005492,0.959949
1516,0,0.000679,0.000375,0.998945
1517,1,0.411175,0.298192,0.290632
1518,1,0.995674,0.003183,0.001142
1519,0,0.050306,0.000406,0.949288
1520,1,0.993987,0.004820,0.001193
1521,0,0.020581,0.000352,0.979067
1522,1,0.823439,0.130502,0.046059
1523,1,0.981336,0.000988,0.017677
1524,0,0.044069,0.000440,0.955492
1525,0,0.002735,0.000275,0.996990
1526,0,0.013774,0.000403,0.985823
1527,1,0.000837,0.001159,0.998004
1528,0,0.009769,0.000346,0.989885
1529,0,0.000965,0.000325,0.998710
1530,0,0.000646,0.000410,0.998944
1531,1,0.686457,0.304708,0.008835
1532,1,0.994582,0.003978,0.001440
1533,0,0.004451,0.000291,0.995259
1534,1,0.824231,0.000672,0.175098
1535,1,0.002688,0.000367,0.996945
1536,1,0.460287,0.001200,0.538514
1537,0,0.017829,0.000352,0.981820
1538,0,0.001164,0.000298,0.998538
1539,0,0.001688,0.000275,0.998036
1540,1,0.992339,0.005813,0.001848
1541,1,0.991600,0.002019,0.006381
1542,0,0.002850,0.000293,0.996857
1543,0,0.038364,0.000518,0.961118
1544,1,0.726688,0.001066,0.272246
1545,1,0.615224,0.000817,0.383959
1546,0,0.003905,0.000288,0.995807
1547,0,0.008763,0.000297,0.990940
1548,0,0.800250,0.000756,0.198994
1549,1,0.892872,0.000888,0.106239
1550,1,0.974158,0.013921,0.011921
1551,1,0.993833,0.000825,0.005342
1552,0,0.001605,0.000341,0.998054
1553,1,0.771732,0.000966,0.227302
1554,1,0.961390,0.001213,0.037397
1555,1,0.839199,0.157065,0.003737
1556,1,0.931786,0.000715,0.067499
1557,0,0.000848,0.000363,0.998789
1558,1,0.019151,0.054529,0.926320
1559,0,0.002445,0.000270,0.997285
1560,1,0.331855,0.000907,0.667238
1561,1,0.946632,0.000647,0.052721
1562,0,0.383296,0.000702,0.616002
1563,0,0.000929,0.000383,0.998688
1564,0,0.922769,0.000857,0.076373
1565,0,0.076967,0.000488,0.922545
1566,0,0.006197,0.000271,0.993532
1567,0,0.001945,0.000653,0.997401
1568,1,0.995295,0.002232,0.002473
1569,1,0.965946,0.000855,0.033200
1570,0,0.611405,0.000732,0.387863
1571,0,0.001651,0.000295,0.998054
1572,0,0.002204,0.000305,0.997491
1573,0,0.002110,0.000308,0.997582
1574,0,0.001257,0.000332,0.998411
1575,0,0.026027,0.000368,0.973606
1576,1,0.949519,0.000727,0.049754
1577,1,0.176193,0.000946,0.822861
1578,0,0.696836,0.001077,0.302087
1579,1,0.777748,0.182712,0.039540
1580,1,0.920948,0.075020,0.004032
1581,0,0.006871,0.000319,0.992810
1582,1,0.023035,0.001045,0.975921
1583,1,0.994578,0.003396,0.002026
1584,0,0.033163,0.000388,0.966449
1585,0,0.361760,0.000742,0.637498
1586,0,0.926229,0.001507,0.072264
1587,0,0.007118,0.000313,0.992569
1588,0,0.010640,0.000287,0.989072
1589,0,0.065514,0.000501,0.933985
1590,1,0.595785,0.353572,0.050642
1591,1,0.001582,0.000361,0.998057
1592,1,0.963340,0.034862,0.001799
1593,0,0.001599,0.000289,0.998113
1594,0,0.993428,0.000857,0.005715
1595,0,0.004472,0.000301,0.995227
1596,0,0.002252,0.000297,0.997452
1597,1,0.008052,0.010043,0.981906
1598,1,0.963852,0.033363,0.002785
1599,0,0.006311,0.000378,0.993311
1600,0,0.362044,0.000731,0.637225
1601,1,0.001912,0.000312,0.997776
1602,0,0.003141,0.000279,0.996579
1603,1,0.994576,0.000837,0.004587
1604,0,0.011375,0.000397,0.988228
1605,1,0.014456,0.010908,0.974636
1606,0,0.004083,0.000269,0.995648
1607,0,0.005704,0.000300,0.993995
1608,1,0.962512,0.001947,0.035541
1609,1,0.100779,0.001513,0.897708
1610,1,0.081503,0.000586,0.917911
1611,1,0.990676,0.000735,0.008588
1612,1,0.477136,0.511249,0.011615
1613,0,0.001522,0.000480,0.997999
1614,1,0.996478,0.001868,0.001654
1615,1,0.008577,0.000586,0.990837
1616,1,0.946582,0.000844,0.052574
1617,0,0.688975,0.000843,0.310183
1618,1,0.151660,0.384704,0.463636
1619,1,0.782070,0.004565,0.213365
1620,1,0.964589,0.033177,0.002234
1621,0,0.001525,0.000280,0.998195
1622,0,0.294912,0.000628,0.704460
1623,1,0.001365,0.001051,0.997583
1624,1,0.029346,0.667784,0.302870
1625,0,0.001766,0.000289,0.997945
1626,0,0.946087,0.000592,0.053321
1627,0,0.003201,0.000298,0.996502
1628,1,0.985409,0.012938,0.001653
1629,0,0.004576,0.000270,0.995154
1630,0,0.000821,0.000381,0.998798
1631,0,0.002371,0.000294,0.997335
1632,0,0.097292,0.000522,0.902186
1633,1,0.990645,0.001282,0.008073
1634,1,0.517230,0.400039,0.082731
1635,1,0.403246,0.582668,0.014087
1636,1,0.003027,0.001551,0.995421
1637,1,0.916639,0.070746,0.012615
1638,1,0.881166,0.001454,0.117380
1639,0,0.001427,0.000470,0.998103
1640,0,0.000691,0.000535,0.998773
1641,1,0.996297,0.001118,0.002585
1642,1,0.989293,0.004778,0.005929
1643,0,0.001184,0.000419,0.998396
1644,1,0.425495,0.517019,0.057486
1645,1,0.961467,0.000718,0.037814
1646,0,0.020106,0.000570,0.979324
1647,1,0.281693,0.001514,0.716793
1648,1,0.979261,0.017553,0.003186
1649,1,0.994237,0.004238,0.001526
1650,0,0.026250,0.000370,0.973380
1651,1,0.987047,0.001752,0.011201
1652,0,0.001972,0.000276,0.997752
1653,0,0.009971,0.000292,0.989737
1654,0,0.001394,0.000332,0.998274
1655,1,0.138676,0.058862,0.802462
1656,1,0.001004,0.000494,0.998503
1657,1,0.133097,0.001081,0.865822
1658,1,0.570150,0.310692,0.119158
1659,1,0.043814,0.009888,0.946299
1660,1,0.963016,0.035240,0.001744
1661,0,0.863834,0.000868,0.135298
1662,0,0.025904,0.000395,0.973701
1663,1,0.245446,0.002628,0.751926
1664,1,0.196472,0.001661,0.801867
1665,0,0.010775,0.000299,0.988926
1666,0,0.992173,0.000995,0.006832
1667,0,0.000631,0.000406,0.998963
1668,0,0.444654,0.000850,0.554496
1669,0,0.003769,0.000327,0.995905
1670,1,0.990225,0.005540,0.004234
1671,0,0.002028,0.000278,0.997695
1672,1,0.867232,0.127675,0.005093
1673,1,0.992261,0.000960,0.006779
1674,0,0.990718,0.000998,0.008284
1675,1,0.803790,0.001181,0.195029
1676,0,0.002619,0.000300,0.997082
1677,1,0.002059,0.000595,0.997346
1678,0,0.010798,0.001113,0.988089
1679,0,0.658815,0.000807,0.340378
1680,0,0.002064,0.000287,0.997649
1681,0,0.014661,0.000302,0.985036
1682,1,0.014612,0.000429,0.984959
1683,0,0.000686,0.000396,0.998918
1684,1,0.031259,0.458145,0.510596
1685,1,0.023853,0.001194,0.974953
1686,1,0.983417,0.010346,0.006237
1687,0,0.003683,0.000265,0.996052
1688,0,0.003590,0.000532,0.995877
1689,1,0.994131,0.003512,0.002357
1690,1,0.977942,0.000710,0.021348
1691,1,0.415694,0.001809,0.582497
1692,1,0.942636,0.001575,0.055789
1693,0,0.000847,0.000348,0.998805
1694,1,0.028193,0.245799,0.726009
1695,1,0.995429,0.002966,0.001606
1696,1,0.975319,0.000639,0.024042
1697,0,0.115105,0.000586,0.884310
1698,0,0.019268,0.000403,0.980329
1699,1,0.995595,0.002227,0.002178
1700,0,0.044761,0.000571,0.954667
1701,1,0.986253,0.001593,0.012154
1702,0,0.033944,0.000434,0.965622
1703,0,0.031224,0.000448,0.968327
1704,1,0.154574,0.000556,0.844870
1705,1,0.308788,0.002949,0.688262
1706,0,0.004549,0.000289,0.995162
1707,0,0.004257,0.000264,0.995479
1708,0,0.012464,0.000311,0.987225
1709,0,0.004037,0.000276,0.995688
1710,0,0.787251,0.041779,0.170970
1711,1,0.001215,0.000365,0.998420
1712,1,0.593638,0.000907,0.405455
1713,1,0.027761,0.000402,0.971838
1714,0,0.001222,0.000322,0.998456
1715,0,0.014612,0.000342,0.985047
1716,1,0.978012,0.002301,0.019687
1717,1,0.108109,0.714245,0.177646
1718,1,0.608840,0.002563,0.388597
1719,0,0.001358,0.000291,0.998351
1720,0,0.002255,0.000265,0.997480
1721,1,0.005493,0.000650,0.993857
1722,1,0.912205,0.004740,0.083055
1723,1,0.014967,0.001963,0.983070
1724,0,0.072112,0.000596,0.927293
1725,0,0.003247,0.000279,0.996475
1726,1,0.073984,0.000435,0.925582
1727,0,0.006412,0.000298,0.993290
1728,1,0.658414,0.002333,0.339253
1729,1,0.995651,0.001255,0.003093
1730,0,0.904969,0.000751,0.094280
1731,0,0.001424,0.000295,0.998281
1732,1,0.945832,0.001019,0.053149
1733,1,0.988076,0.000953,0.010971
1734,0,0.000674,0.000410,0.998916
1735,1,0.992970,0.001542,0.005488
1736,1,0.030453,0.699699,0.269847
1737,0,0.001074,0.000318,0.998608
1738,1,0.422887,0.558697,0.018416
1739,1,0.015353,0.904404,0.080243
1740,0,0.002605,0.020008,0.977387
1741,1,0.000991,0.002366,0.996643
1742,1,0.989988,0.002242,0.007770
1743,0,0.003795,0.000261,0.995944
1744,0,0.002474,0.000299,0.997227
1745,0,0.003632,0.000312,0.996057
1746,0,0.044236,0.000368,0.955396
1747,0,0.017791,0.001480,0.980728
1748,0,0.001974,0.000284,0.997742
1749,0,0.376353,0.000855,0.622792
1750,1,0.963262,0.000756,0.035982
1751,1,0.903275,0.094928,0.001796
1752,1,0.984713,0.000869,0.014418
1753,1,0.995569,0.001396,0.003035
1754,0,0.004770,0.000273,0.994957
1755,1,0.004581,0.003346,0.992073
1756,1,0.007783,0.000392,0.991825
1757,1,0.107654,0.000476,0.891869
1758,1,0.007597,0.793909,0.198494
1759,1,0.993990,0.000902,0.005108
1760,1,0.976952,0.019065,0.003983
1761,0,0.559547,0.000955,0.439498
1762,0,0.001212,0.000311,0.998477
1763,0,0.000827,0.000381,0.998792
1764,1,0.994568,0.001495,0.003937
1765,1,0.650309,0.312414,0.037277
1766,1,0.000634,0.000673,0.998693
1767,0,0.940816,0.000652,0.058532
1768,1,0.019147,0.001186,0.979667
1769,1,0.381868,0.571945,0.046187
1770,0,0.000710,0.000419,0.998871
1771,0,0.001540,0.000333,0.998127
1772,1,0.000782,0.000486,0.998732
1773,0,0.821177,0.000730,0.178093
1774,0,0.048631,0.000483,0.950887
1775,1,0.001593,0.002416,0.995992
1776,1,0.931783,0.000712,0.067505
1777,1,0.973465,0.000623,0.025912
1778,1,0.976818,0.000580,0.022603
1779,0,0.020063,0.000340,0.979596
1780,0,0.002786,0.000325,0.996889
1781,1,0.430823,0.000727,0.568450
1782,0,0.002156,0.000262,0.997582
1783,1,0.513193,0.284923,0.201884
1784,1,0.868311,0.000732,0.130957
1785,1,0.123993,0.001041,0.874966
1786,1,0.014278,0.209960,0.775762
1787,0,0.003097,0.000285,0.996618
1788,1,0.963007,0.000656,0.036337
1789,0,0.002650,0.000303,0.997047
1790,0,0.010726,0.000453,0.988821
1791,1,0.006090,0.004130,0.989780
1792,1,0.844875,0.001119,0.154006
1793,1,0.937859,0.059258,0.002883
1794,1,0.944625,0.053157,0.002218
1795,1,0.853209,0.135128,0.011663
1796,1,0.067622,0.000825,0.931553
1797,1,0.004768,0.000715,0.994517
1798,0,0.010498,0.000377,0.989125
1799,1,0.995875,0.000841,0.003284
1800,1,0.951875,0.035932,0.012193
1801,0,0.581875,0.001026,0.417099
1802,0,0.001117,0.000404,0.998479
1803,0,0.240550,0.000709,0.758741
1804,0,0.002966,0.000362,0.996673
1805,1,0.992658,0.006069,0.001273
1806,0,0.001919,0.000321,0.997759
1807,0,0.018479,0.000393,0.981128
1808,0,0.000736,0.000644,0.998620
1809,1,0.975832,0.000843,0.023324
1810,1,0.995826,0.002300,0.001874
1811,0,0.004247,0.016240,0.979513
1812,0,0.891460,0.000805,0.107735
1813,0,0.002899,0.000268,0.996834
1814,0,0.001382,0.000300,0.998318
1815,1,0.319604,0.001748,0.678647
1816,0,0.009221,0.000347,0.990431
1817,0,0.301033,0.000738,0.698229
1818,0,0.005781,0.000288,0.993930
1819,1,0.986238,0.000782,0.012980
1820,0,0.015655,0.000466,0.983879
1821,1,0.031137,0.000451,0.968413
1822,1,0.003066,0.000268,0.996666
1823,0,0.004779,0.000285,0.994936
1824,0,0.011719,0.000324,0.987957
1825,1,0.046094,0.001123,0.952783
1826,1,0.923962,0.072938,0.003100
1827,0,0.035589,0.000637,0.963774
1828,1,0.070653,0.000608,0.928739
1829,0,0.053842,0.000378,0.945781
1830,1,0.206784,0.371690,0.421526
1831,1,0.270053,0.000772,0.729176
1832,1,0.000559,0.000820,0.998622
1833,1,0.894922,0.000945,0.104133
1834,1,0.271577,0.000759,0.727664
1835,1,0.646680,0.332478,0.020842
1836,1,0.946165,0.046762,0.007073
1837,0,0.309442,0.000945,0.689613
1838,0,0.870240,0.000788,0.128971
1839,0,0.001881,0.000284,0.997835
1840,0,0.002455,0.000293,0.997252
1841,1,0.444316,0.001804,0.553880
1842,0,0.001510,0.000304,0.998186
1843,1,0.806875,0.185986,0.007139
1844,1,0.058146,0.290041,0.651813
1845,1,0.992314,0.001345,0.006341
1846,0,0.006417,0.000308,0.993275
1847,1,0.994390,0.001772,0.003838
1848,0,0.337164,0.001142,0.661693
1849,0,0.577418,0.000809,0.421773
1850,0,0.001730,0.000347,0.997922
1851,0,0.002876,0.000576,0.996548
1852,0,0.002077,0.000316,0.997608
1853,0,0.003522,0.000294,0.996185
1854,0,0.038433,0.000451,0.961116
1855,1,0.293834,0.000863,0.705303
1856,1,0.542608,0.000647,0.456745
1857,1,0.956028,0.040327,0.003646
1858,1,0.824630,0.165979,0.009391
1859,1,0.975473,0.000660,0.023868
1860,0,0.004220,0.000281,0.995499
1861,1,0.005063,0.000299,0.994638
1862,0,0.001077,0.000312,0.998610
1863,1,0.982807,0.015090,0.002103
1864,0,0.000820,0.000373,0.998807
1865,1,0.994443,0.003179,0.002378
1866,0,0.013926,0.000315,0.985759
1867,1,0.978773,0.020251,0.000977
1868,0,0.002885,0.000267,0.996848
1869,1,0.117233,0.000853,0.881914
1870,1,0.989387,0.005055,0.005558
1871,1,0.982034,0.008299,0.009667
1872,0,0.000943,0.000345,0.998712
1873,1,0.932521,0.001996,0.065484
1874,0,0.006933,0.000305,0.992762
1875,0,0.008194,0.000282,0.991525
1876,1,0.996389,0.001221,0.002390
1877,0,0.002015,0.000278,0.997706
1878,0,0.001398,0.000388,0.998214
1879,1,0.888412,0.105086,0.006502
1880,1,0.597693,0.398500,0.003807
1881,0,0.308208,0.000716,0.691076
1882,1,0.996909,0.001622,0.001469
1883,0,0.000827,0.000385,0.998788
1884,0,0.002980,0.000281,0.996739
1885,1,0.983157,0.000775,0.016069
1886,1,0.826440,0.149882,0.023678
1887,1,0.894381,0.094588,0.011031
1888,1,0.996263,0.002217,0.001520
1889,1,0.992909,0.001430,0.005661
1890,0,0.195620,0.000763,0.803616
1891,1,0.671224,0.317579,0.011197
1892,0,0.995702,0.001661,0.002637
1893,0,0.001067,0.000391,0.998542
1894,1,0.977626,0.017907,0.004468
1895,0,0.030167,0.000373,0.969459
1896,0,0.030177,0.000383,0.969440
1897,1,0.499706,0.001027,0.499267
1898,0,0.001731,0.000272,0.997996
1899,1,0.995286,0.001941,0.002772
1900,1,0.981037,0.015283,0.003680
1901,0,0.011256,0.000316,0.988428
1902,0,0.013204,0.000524,0.986271
1903,1,0.007901,0.000398,0.991701
1904,1,0.073781,0.001241,0.924979
1905,0,0.778204,0.000715,0.221081
1906,1,0.518542,0.001029,0.480428
1907,0,0.001238,0.000289,0.998473
1908,0,0.017697,0.000319,0.981984
1909,0,0.025945,0.000434,0.973620
1910,0,0.001198,0.000316,0.998485
1911,0,0.002057,0.000282,0.997661
1912,1,0.204003,0.000721,0.795276
1913,0,0.006625,0.000519,0.992856
1914,1,0.002742,0.000299,0.996959
1915,1,0.361000,0.529984,0.109015
1916,1,0.026114,0.000574,0.973312
1917,0,0.284035,0.000648,0.715317
1918,0,0.594559,0.000936,0.404504
1919,0,0.001477,0.000333,0.998190
1920,0,0.257176,0.000814,0.742010
1921,0,0.007720,0.066851,0.925430
1922,1,0.838156,0.020672,0.141172
1923,1,0.959149,0.001942,0.038909
1924,1,0.951542,0.000986,0.047472
1925,0,0.008030,0.000557,0.991413
1926,0,0.005972,0.000341,0.993687
1927,0,0.001439,0.000406,0.998155
1928,1,0.991840,0.000765,0.007395
1929,1,0.991255,0.006401,0.002344
1930,1,0.010442,0.000356,0.989202
1931,0,0.041617,0.000508,0.957874
1932,0,0.001615,0.000288,0.998097
1933,0,0.874907,0.000701,0.124392
1934,0,0.652495,0.000812,0.346693
1935,1,0.012789,0.000872,0.986339
1936,1,0.678942,0.002895,0.318163
1937,0,0.890310,0.000745,0.108945
1938,0,0.008508,0.000316,0.991176
1939,1,0.032041,0.939679,0.028280
1940,0,0.007224,0.000274,0.992501
1941,1,0.995780,0.001403,0.002817
1942,0,0.016871,0.000340,0.982789
1943,0,0.001094,0.000447,0.998459
1944,0,0.001229,0.000333,0.998438
1945,1,0.862179,0.001499,0.136323
1946,1,0.001621,0.030406,0.967974
1947,1,0.517225,0.467798,0.014978
1948,1,0.974786,0.014486,0.010728
1949,0,0.000818,0.000404,0.998778
1950,0,0.033205,0.000457,0.966338
1951,1,0.008144,0.000509,0.991347
1952,0,0.032074,0.000427,0.967499
1953,1,0.034946,0.000802,0.964253
1954,1,0.134415,0.000909,0.864675
1955,1,0.913126,0.000712,0.086162
1956,1,0.007619,0.000387,0.991994
1957,1,0.936129,0.062161,0.001710
1958,1,0.846064,0.000938,0.152998
1959,1,0.994737,0.003351,0.001912
1960,0,0.207524,0.000777,0.791699
1961,1,0.335691,0.001404,0.662906
1962,1,0.800798,0.187067,0.012134
1963,1,0.995483,0.001237,0.003280
1964,0,0.045312,0.000463,0.954225
1965,1,0.056440,0.684426,0.259134
1966,1,0.175720,0.627172,0.197108
1967,0,0.002864,0.000280,0.996855
1968,1,0.974703,0.003378,0.021920
1969,0,0.002891,0.000324,0.996785
1970,0,0.001180,0.000308,0.998512
1971,0,0.000646,0.000395,0.998959
1972,0,0.001446,0.000284,0.998270
1973,0,0.004506,0.000319,0.995175
1974,0,0.001170,0.000492,0.998338
1975,1,0.288238,0.629324,0.082437
1976,1,0.991892,0.000686,0.007422
1977,1,0.995965,0.002587,0.001448
1978,0,0.026074,0.000359,0.973567
1979,0,0.001973,0.000336,0.997692
1980,1,0.987743,0.009861,0.002396
1981,1,0.003817,0.476952,0.519231
1982,1,0.328659,0.577041,0.094300
1983,1,0.001533,0.000282,0.998184
1984,0,0.021742,0.000346,0.977912
1985,0,0.000856,0.000329,0.998816
1986,1,0.069510,0.522410,0.408080
1987,1,0.189782,0.000815,0.809402
1988,0,0.048898,0.000493,0.950609
1989,0,0.010020,0.000280,0.989700
1990,1,0.085258,0.000683,0.914060
1991,0,0.007932,0.000290,0.991778
1992,0,0.010888,0.000296,0.988816
1993,1,0.480458,0.000830,0.518713
1994,0,0.007968,0.000316,0.991716
1995,1,0.906240,0.001718,0.092042
1996,1,0.132501,0.001915,0.865584
1997,1,0.989907,0.001827,0.008265
1998,0,0.002350,0.000272,0.997378
1999,1,0.578772,0.001264,0.419965
2000,0,0.072154,0.000459,0.927386
2001,0,0.003700,0.000306,0.995994
2002,0,0.001169,0.000417,0.998414
2003,0,0.007916,0.000310,0.991775
2004,1,0.714549,0.000964,0.284487
2005,0,0.004925,0.000287,0.994788
2006,0,0.010041,0.000335,0.989623
2007,1,0.993979,0.004145,0.001875
2008,1,0.594335,0.000776,0.404889
2009,1,0.059816,0.000455,0.939728
2010,1,0.889896,0.000928,0.109176
2011,0,0.186443,0.000586,0.812970
2012,1,0.536248,0.457590,0.006162
2013,1,0.338562,0.000601,0.660837
2014,0,0.003709,0.000311,0.995980
2015,0,0.393587,0.000721,0.605692
2016,1,0.683299,0.001014,0.315687
2017,1,0.989365,0.000870,0.009765
2018,0,0.976990,0.020963,0.002047
2019,0,0.002244,0.000278,0.997478
2020,0,0.000529,0.000455,0.999017
2021,1,0.004854,0.000738,0.994408
2022,1,0.964500,0.004596,0.030905
2023,1,0.995169,0.001068,0.003763
2024,0,0.110557,0.000534,0.888908
2025,0,0.935434,0.000845,0.063721
2026,0,0.097519,0.000489,0.901992
2027,1,0.912076,0.082356,0.005568
2028,0,0.000796,0.000398,0.998806
2029,1,0.043022,0.000678,0.956300
2030,0,0.001277,0.000381,0.998342
2031,0,0.003519,0.000301,0.996180
2032,0,0.001195,0.000318,0.998487
2033,1,0.669323,0.001006,0.329672
2034,1,0.006767,0.004928,0.988306
2035,0,0.020996,0.000369,0.978635
2036,0,0.011718,0.000295,0.987988
2037,1,0.994594,0.001052,0.004353
2038,1,0.995267,0.002248,0.002485
2039,0,0.000653,0.000446,0.998902
2040,1,0.629795,0.338427,0.031778
2041,1,0.616877,0.326808,0.056315
2042,0,0.001195,0.000308,0.998498
2043,0,0.010952,0.000377,0.988671
2044,0,0.001432,0.000325,0.998243
2045,0,0.000708,0.003768,0.995524
2046,1,0.852660,0.001523,0.145817
2047,1,0.994913,0.002099,0.002988
2048,1,0.886689,0.000908,0.112403
2049,0,0.003111,0.024005,0.972884
2050,0,0.013467,0.042684,0.943848
2051,1,0.343473,0.519501,0.137026
2052,0,0.003669,0.000267,0.996063
2053,0,0.000933,0.000364,0.998703
2054,1,0.933475,0.047739,0.018786
2055,1,0.971775,0.001218,0.027007
2056,1,0.994819,0.003217,0.001964
2057,1,0.003429,0.000541,0.996030
2058,1,0.009886,0.000386,0.989728
2059,0,0.002028,0.000326,0.997646
2060,1,0.989797,0.000664,0.009539
2061,1,0.066386,0.026340,0.907274
2062,0,0.126062,0.000713,0.873225
2063,0,0.001006,0.000551,0.998442
2064,0,0.015110,0.000326,0.984563
2065,1,0.742715,0.250968,0.006317
2066,1,0.785231,0.161847,0.052922
2067,1,0.974405,0.003359,0.022236
2068,1,0.681764,0.001598,0.316637
2069,1,0.941671,0.005523,0.052806
2070,1,0.001558,0.000752,0.997690
2071,0,0.001197,0.000373,0.998430
2072,1,0.989058,0.007914,0.003028
2073,1,0.990039,0.001402,0.008559
2074,0,0.002628,0.000316,0.997056
2075,1,0.024888,0.000770,0.974342
2076,1,0.993145,0.000763,0.006092
2077,1,0.021584,0.031666,0.946750
2078,1,0.385326,0.590170,0.024504
2079,0,0.019373,0.000359,0.980268
2080,0,0.001210,0.000335,0.998455
2081,1,0.989759,0.008618,0.001623
2082,1,0.868377,0.000810,0.130813
2083,1,0.982870,0.000619,0.016511
2084,0,0.045110,0.000373,0.954518
2085,0,0.006949,0.000295,0.992757
2086,0,0.691217,0.000892,0.307890
2087,0,0.001562,0.000332,0.998106
2088,1,0.929635,0.005173,0.065193
2089,1,0.001943,0.001139,0.996918
2090,0,0.001062,0.000334,0.998604
2091,1,0.980251,0.005328,0.014421
2092,1,0.685685,0.297719,0.016596
2093,0,0.015979,0.000322,0.983698
2094,1,0.981876,0.002449,0.015674
2095,0,0.002579,0.000300,0.997121
2096,0,0.000958,0.000357,0.998686
2097,0,0.002154,0.000354,0.997493
2098,0,0.015679,0.000321,0.984000
2099,0,0.000847,0.000333,0.998820
2100,1,0.798927,0.000992,0.200081
2101,1,0.779908,0.000779,0.219314
2102,0,0.002435,0.000285,0.997281
2103,0,0.000710,0.000402,0.998887
2104,0,0.001943,0.000295,0.997763
2105,0,0.001503,0.000337,0.998160
2106,0,0.001374,0.000339,0.998287
2107,0,0.001334,0.002697,0.995968
2108,1,0.280487,0.699737,0.019775
2109,0,0.001102,0.000319,0.998579
2110,1,0.971953,0.025350,0.002697
2111,1,0.046253,0.291203,0.662544
2112,0,0.003782,0.000273,0.995945
2113,1,0.002505,0.000703,0.996792
2114,0,0.030166,0.000376,0.969458
2115,0,0.001582,0.000287,0.998132
2116,1,0.978143,0.000806,0.021051
2117,1,0.925095,0.000757,0.074148
2118,1,0.745612,0.167077,0.087311
2119,1,0.699260,0.001240,0.299500
2120,0,0.020150,0.000307,0.979543
2121,1,0.988925,0.009386,0.001689
2122,1,0.428477,0.543262,0.028260
2123,0,0.352033,0.000855,0.647112
2124,0,0.001588,0.000329,0.998083
2125,0,0.001682,0.000424,0.997894
2126,1,0.995843,0.001407,0.002750
2127,1,0.142833,0.000535,0.856632
2128,0,0.054321,0.000460,0.945219
2129,0,0.002236,0.000364,0.997400
2130,1,0.281818,0.012400,0.705782
2131,1,0.400223,0.039000,0.560777
2132,1,0.028374,0.000354,0.971272
2133,1,0.580066,0.339548,0.080387
2134,0,0.001493,0.038206,0.960301
2135,0,0.889228,0.000694,0.110078
2136,0,0.988393,0.000663,0.010945
2137,0,0.001176,0.000303,0.998521
2138,1,0.995818,0.000858,0.003323
2139,1,0.839409,0.000894,0.159697
2140,0,0.001032,0.000560,0.998408
2141,0,0.001896,0.000274,0.997830
2142,0,0.008201,0.000303,0.991496
2143,1,0.070676,0.006232,0.923092
2144,0,0.009099,0.000312,0.990588
2145,0,0.003531,0.000270,0.996199
2146,1,0.017897,0.000413,0.981690
2147,0,0.000754,0.000371,0.998874
2148,0,0.001329,0.000343,0.998327
2149,0,0.005034,0.000324,0.994642
2150,1,0.219762,0.000673,0.779565
2151,0,0.813276,0.000845,0.185879
2152,1,0.799808,0.192709,0.007483
2153,0,0.127951,0.000644,0.871405
2154,0,0.000903,0.000334,0.998763
2155,0,0.003115,0.000326,0.996559
2156,1,0.245577,0.001324,0.753099
2157,1,0.992287,0.001054,0.006659
2158,1,0.006645,0.000474,0.992881
2159,1,0.002469,0.000357,0.997175
2160,0,0.663889,0.000900,0.335212
2161,0,0.008875,0.000288,0.990837
2162,1,0.001763,0.000281,0.997956
2163,1,0.945961,0.000597,0.053442
2164,0,0.423675,0.000802,0.575523
2165,0,0.001437,0.000303,0.998261
2166,1,0.769792,0.002604,0.227604
2167,1,0.955200,0.000596,0.044205
2168,0,0.000775,0.000366,0.998859
2169,0,0.013320,0.000341,0.986340
2170,0,0.000836,0.000353,0.998811
2171,0,0.001891,0.000262,0.997847
2172,1,0.684389,0.302518,0.013093
2173,1,0.004061,0.000390,0.995549
2174,0,0.013943,0.000364,0.985694
2175,0,0.003726,0.000311,0.995962
2176,0,0.003065,0.000275,0.996661
2177,0,0.006104,0.000279,0.993617
2178,0,0.004252,0.000269,0.995479
2179,0,0.007645,0.000298,0.992057
2180,1,0.798448,0.198245,0.003306
2181,0,0.477683,0.000697,0.521620
2182,1,0.258348,0.696780,0.044872
2183,0,0.151870,0.000629,0.847501
2184,0,0.006998,0.000347,0.992655
2185,0,0.181357,0.000662,0.817982
2186,0,0.077601,0.000561,0.921838
2187,0,0.000837,0.000331,0.998831
2188,0,0.005445,0.000319,0.994236
2189,1,0.843415,0.151692,0.004893
2190,1,0.946671,0.000766,0.052562
2191,1,0.191768,0.590743,0.217490
2192,0,0.016383,0.000375,0.983242
2193,0,0.250023,0.000829,0.749148
2194,0,0.065187,0.000457,0.934355
2195,1,0.004000,0.000342,0.995658
2196,0,0.000943,0.000316,0.998741
2197,0,0.007775,0.000817,0.991408
2198,0,0.008515,0.000298,0.991186
2199,0,0.335280,0.000917,0.663803
2200,0,0.856639,0.001179,0.142182
2201,1,0.974289,0.000662,0.025048
2202,1,0.000588,0.000866,0.998546
2203,1,0.239297,0.000904,0.759798
2204,0,0.250090,0.000790,0.749121
2205,0,0.001595,0.000310,0.998095
2206,0,0.001973,0.000279,0.997748
2207,0,0.005324,0.000283,0.994394
2208,0,0.423218,0.000842,0.575940
2209,1,0.993079,0.005394,0.001528
2210,0,0.030210,0.000444,0.969346
2211,0,0.001205,0.000429,0.998366
2212,0,0.000716,0.000415,0.998869
2213,0,0.000864,0.000350,0.998785
2214,1,0.982741,0.007920,0.009339
2215,1,0.001188,0.000340,0.998471
2216,1,0.084705,0.000688,0.914607
2217,1,0.053673,0.000430,0.945897
2218,0,0.001870,0.000305,0.997825
2219,1,0.994522,0.000695,0.004782
2220,0,0.016626,0.000395,0.982979
2221,1,0.992114,0.005507,0.002380
2222,1,0.004046,0.000536,0.995418
2223,1,0.985795,0.002610,0.011595
2224,1,0.021858,0.000358,0.977784
2225,0,0.043415,0.000461,0.956124
2226,0,0.028050,0.000348,0.971601
2227,0,0.003183,0.000330,0.996486
2228,0,0.000907,0.000774,0.998319
2229,0,0.000967,0.000355,0.998677
2230,0,0.517341,0.000892,0.481767
2231,1,0.990078,0.000968,0.008955
2232,1,0.988057,0.000672,0.011271
2233,1,0.028984,0.897940,0.073076
2234,0,0.000757,0.000388,0.998854
2235,0,0.003749,0.000253,0.995998
2236,0,0.820092,0.000958,0.178950
2237,1,0.101176,0.665288,0.233536
2238,0,0.986933,0.010979,0.002088
2239,0,0.157875,0.000554,0.841571
2240,0,0.003155,0.000286,0.996559
2241,1,0.955690,0.000628,0.043682
2242,1,0.996017,0.000952,0.003031
2243,0,0.002850,0.000345,0.996804
2244,0,0.004630,0.000318,0.995052
2245,0,0.897527,0.000575,0.101898
2246,1,0.632880,0.357580,0.009541
2247,1,0.389293,0.252615,0.358092
2248,1,0.857344,0.131137,0.011519
2249,0,0.017734,0.000335,0.981931
2250,0,0.803941,0.000721,0.195338
2251,0,0.000463,0.001031,0.998505
2252,1,0.403150,0.522939,0.073911
2253,1,0.182874,0.677909,0.139217
2254,1,0.028034,0.000414,0.971552
2255,1,0.103665,0.532341,0.363994
2256,1,0.340996,0.000707,0.658296
2257,0,0.000981,0.000318,0.998701
2258,0,0.004901,0.000262,0.994837
2259,1,0.887167,0.051704,0.061129
2260,0,0.616054,0.001084,0.382862
2261,1,0.072186,0.000503,0.927311
2262,0,0.007397,0.000295,0.992307
2263,0,0.026545,0.000656,0.972798
2264,0,0.819863,0.000795,0.179342
2265,0,0.008910,0.000373,0.990717
2266,1,0.433811,0.001077,0.565112
2267,1,0.994397,0.002093,0.003510
2268,0,0.001298,0.000392,0.998311
2269,1,0.780753,0.211828,0.007419
2270,0,0.001012,0.000332,0.998656
2271,1,0.985398,0.002712,0.011891
2272,1,0.150289,0.588048,0.261662
2273,1,0.088437,0.576325,0.335238
2274,1,0.993819,0.004205,0.001976
2275,1,0.412603,0.000930,0.586468
2276,1,0.866398,0.126123,0.007479
2277,1,0.023285,0.000495,0.976220
2278,0,0.500862,0.000715,0.498422
2279,0,0.003737,0.000370,0.995892
2280,1,0.003409,0.020793,0.975797
2281,0,0.003456,0.000285,0.996258
2282,0,0.996589,0.001247,0.002164
2283,0,0.001104,0.000335,0.998561
2284,1,0.937458,0.052513,0.010030
2285,1,0.029760,0.000650,0.969589
2286,1,0.953217,0.001221,0.045562
2287,0,0.001718,0.000289,0.997993
2288,1,0.933309,0.000785,0.065906
2289,0,0.005408,0.000333,0.994260
2290,0,0.014434,0.000353,0.985213
2291,1,0.008683,0.000458,0.990859
2292,0,0.003567,0.000294,0.996138
2293,0,0.007784,0.000314,0.991902
2294,0,0.006864,0.000447,0.992688
2295,0,0.001191,0.000303,0.998506
2296,0,0.002428,0.000310,0.997262
2297,1,0.000593,0.000606,0.998801
2298,1,0.305521,0.015562,0.678917
2299,0,0.003027,0.000285,0.996688
2300,1,0.886913,0.001943,0.111144
2301,1,0.695607,0.001070,0.303323
2302,0,0.006799,0.000331,0.992870
2303,1,0.994076,0.003575,0.002349
2304,0,0.137515,0.000758,0.861727
2305,1,0.993270,0.000799,0.005931
2306,1,0.004039,0.012258,0.983703
2307,0,0.030499,0.000332,0.969168
2308,1,0.208675,0.000616,0.790710
2309,1,0.895722,0.096448,0.007829
2310,1,0.003533,0.002783,0.993683
2311,0,0.020731,0.000404,0.978865
2312,0,0.009236,0.000328,0.990436
2313,1,0.619447,0.000914,0.379639
2314,1,0.423646,0.471442,0.104912
2315,1,0.995912,0.001160,0.002928
2316,1,0.995890,0.002692,0.001418
2317,1,0.983405,0.014322,0.002272
2318,0,0.012424,0.000435,0.987141
2319,1,0.008726,0.000443,0.990831
2320,0,0.002155,0.000280,0.997565
2321,0,0.000955,0.000358,0.998687
2322,1,0.325791,0.105920,0.568289
2323,1,0.883308,0.109757,0.006935
2324,1,0.952649,0.045982,0.001369
2325,0,0.001234,0.000376,0.998389
2326,1,0.971031,0.026932,0.002037
2327,0,0.634345,0.000889,0.364767
2328,0,0.006261,0.000323,0.993415
2329,1,0.038723,0.021993,0.939284
2330,1,0.989220,0.009105,0.001675
2331,0,0.001680,0.000351,0.997969
2332,1,0.001338,0.000884,0.997778
2333,0,0.018346,0.000406,0.981248
2334,1,0.677249,0.018205,0.304546
2335,0,0.001157,0.000382,0.998461
2336,1,0.996001,0.002303,0.001696
2337,0,0.065222,0.000477,0.934301
2338,1,0.972691,0.000946,0.026364
2339,0,0.506346,0.001073,0.492580
2340,1,0.534514,0.018434,0.447051
2341,1,0.996246,0.001672,0.002081
2342,0,0.641939,0.000788,0.357274
2343,1,0.950096,0.000650,0.049254
2344,1,0.263770,0.000688,0.735542
2345,1,0.228395,0.000955,0.770650
2346,1,0.995973,0.001131,0.002896
2347,0,0.001987,0.000453,0.997560
2348,1,0.010619,0.007380,0.982001
2349,0,0.001038,0.000343,0.998618
2350,0,0.720513,0.000830,0.278658
2351,0,0.005099,0.000298,0.994603
2352,1,0.000950,0.000414,0.998637
2353,0,0.002574,0.000275,0.997151
2354,0,0.097094,0.000539,0.902367
2355,0,0.993331,0.003629,0.003040
2356,0,0.001549,0.000278,0.998173
2357,1,0.985544,0.001239,0.013217
2358,0,0.002163,0.000286,0.997551
2359,1,0.848920,0.001157,0.149923
2360,0,0.000468,0.002041,0.997491
2361,0,0.001990,0.000312,0.997698
2362,0,0.763493,0.000800,0.235707
2363,1,0.001144,0.000349,0.998507
2364,0,0.018243,0.000397,0.981359
2365,0,0.001191,0.000297,0.998512
2366,1,0.027911,0.013130,0.958959
2367,0,0.005826,0.000287,0.993887
2368,0,0.002916,0.000271,0.996813
2369,0,0.000741,0.000368,0.998891
2370,0,0.009034,0.000290,0.990676
2371,0,0.409794,0.001040,0.589166
2372,1,0.921460,0.054290,0.024251
2373,0,0.001071,0.000342,0.998587
2374,0,0.622161,0.000910,0.376929
2375,1,0.025921,0.000479,0.973601
2376,1,0.263309,0.001066,0.735625
2377,1,0.170791,0.001027,0.828182
2378,1,0.461313,0.504246,0.034441
2379,1,0.332865,0.032690,0.634445
2380,0,0.000907,0.000350,0.998743
2381,1,0.993062,0.001154,0.005784
2382,0,0.264656,0.000577,0.734767
2383,1,0.042647,0.016409,0.940944
2384,0,0.040735,0.000376,0.958889
2385,0,0.832191,0.000738,0.167071
2386,1,0.402290,0.568869,0.028841
2387,1,0.915215,0.079549,0.005236
2388,1,0.989590,0.009480,0.000930
2389,1,0.567675,0.391052,0.041273
2390,1,0.000775,0.000387,0.998837
2391,0,0.000975,0.000449,0.998576
2392,0,0.012762,0.000396,0.986841
2393,0,0.626929,0.001098,0.371973
2394,1,0.308457,0.000742,0.690801
2395,1,0.042135,0.607316,0.350549
2396,0,0.009084,0.000382,0.990535
2397,1,0.621878,0.002638,0.375484
2398,0,0.005352,0.000299,0.994349
2399,0,0.005001,0.000394,0.994605
2400,0,0.000748,0.000451,0.998800
2401,0,0.001054,0.000309,0.998637
2402,0,0.032933,0.000383,0.966684
2403,1,0.180817,0.000625,0.818558
2404,1,0.740642,0.240947,0.018410
2405,0,0.001501,0.000323,0.998177
2406,1,0.077407,0.000643,0.921950
2407,0,0.011960,0.000308,0.987732
2408,0,0.011988,0.000304,0.987708
2409,0,0.070013,0.000541,0.929446
2410,0,0.002229,0.000311,0.997460
2411,1,0.431544,0.487194,0.081262
2412,1,0.500200,0.001648,0.498151
2413,0,0.003714,0.000337,0.995949
2414,0,0.008198,0.000307,0.991495
2415,1,0.536408,0.180031,0.283560
2416,1,0.007902,0.000387,0.991711
2417,0,0.000926,0.000323,0.998751
2418,1,0.386408,0.601110,0.012482
2419,0,0.001004,0.000309,0.998687
2420,1,0.994828,0.000776,0.004396
2421,0,0.000901,0.000388,0.998711
2422,1,0.995734,0.001708,0.002559
2423,0,0.019577,0.000339,0.980084
2424,1,0.780102,0.060673,0.159224
2425,1,0.985402,0.000541,0.014057
2426,1,0.022195,0.000939,0.976866
2427,0,0.000784,0.000472,0.998744
2428,0,0.008263,0.000302,0.991434
2429,0,0.008610,0.000328,0.991061
2430,0,0.993993,0.002058,0.003949
2431,1,0.364710,0.568783,0.066507
2432,0,0.632812,0.000821,0.366366
2433,0,0.001832,0.000280,0.997889
2434,0,0.008270,0.000299,0.991431
2435,1,0.654531,0.332979,0.012490
2436,0,0.027162,0.000404,0.972434
2437,0,0.077560,0.000482,0.921958
2438,0,0.040563,0.000463,0.958974
2439,1,0.079781,0.749750,0.170468
2440,1,0.319735,0.328075,0.352190
2441,1,0.027502,0.621944,0.350554
2442,1,0.743994,0.005469,0.250537
2443,0,0.005611,0.000303,0.994086
2444,0,0.003327,0.000285,0.996388
2445,0,0.001701,0.000291,0.998008
2446,1,0.167437,0.001082,0.831481
2447,0,0.002014,0.000316,0.997670
2448,0,0.000755,0.000512,0.998733
2449,1,0.647064,0.000789,0.352148
2450,1,0.959212,0.001465,0.039322
2451,0,0.001358,0.000304,0.998339
2452,0,0.003777,0.000306,0.995917
2453,1,0.990013,0.006866,0.003121
2454,0,0.183386,0.000609,0.816005
2455,0,0.002979,0.000290,0.996731
2456,1,0.114436,0.008128,0.877436
2457,1,0.995995,0.001070,0.002935
2458,0,0.920003,0.000690,0.079306
2459,0,0.070795,0.000497,0.928708
2460,0,0.004144,0.000630,0.995226
2461,1,0.172529,0.612106,0.215366
2462,1,0.939960,0.012432,0.047608
2463,0,0.202475,0.000610,0.796916
2464,0,0.002673,0.000324,0.997003
2465,1,0.308788,0.668512,0.022700
2466,1,0.300099,0.306022,0.393878
2467,0,0.985280,0.000715,0.014005
2468,0,0.002277,0.000282,0.997441
2469,1,0.064780,0.000555,0.934665
2470,0,0.010564,0.000300,0.989136
2471,1,0.996863,0.001609,0.001527
2472,1,0.008130,0.000449,0.991420
2473,1,0.013082,0.000333,0.986585
2474,0,0.030163,0.000375,0.969462
2475,0,0.000536,0.000696,0.998768
2476,1,0.866423,0.130532,0.003045
2477,1,0.975342,0.000665,0.023993
2478,0,0.003015,0.000283,0.996702
2479,1,0.012837,0.000380,0.986783
2480,1,0.841671,0.006645,0.151684
2481,1,0.996907,0.001105,0.001988
2482,1,0.536787,0.399262,0.063951
2483,1,0.977684,0.020378,0.001938
2484,0,0.000817,0.000360,0.998823
2485,0,0.007921,0.000304,0.991774
2486,0,0.006643,0.000267,0.993090
2487,1,0.495077,0.001861,0.503062
2488,0,0.001379,0.000336,0.998285
2489,0,0.002608,0.013420,0.983972
2490,0,0.690799,0.000790,0.308411
2491,1,0.034405,0.001091,0.964504
2492,0,0.278613,0.000718,0.720669
2493,0,0.002792,0.000279,0.996929
2494,1,0.264676,0.001213,0.734111
2495,1,0.913028,0.000769,0.086203
2496,1,0.038953,0.000391,0.960656
2497,0,0.182258,0.000660,0.817082
2498,0,0.004604,0.000269,0.995127
2499,0,0.018276,0.000337,0.981387
2500,0,0.001593,0.000297,0.998110
2501,1,0.934366,0.000636,0.064998
2502,1,0.955762,0.041837,0.002402
2503,0,0.001299,0.000311,0.998390
2504,1,0.045050,0.000432,0.954519
2505,1,0.001750,0.000370,0.997880
2506,1,0.995454,0.001190,0.003356
2507,0,0.000698,0.000446,0.998856
2508,1,0.698040,0.297925,0.004036
2509,1,0.991696,0.004941,0.003363
2510,0,0.048029,0.000479,0.951493
2511,1,0.993659,0.001975,0.004367
2512,1,0.770084,0.000941,0.228975
2513,1,0.929425,0.001167,0.069408
2514,1,0.801192,0.000897,0.197912
2515,0,0.010332,0.001280,0.988388
2516,0,0.018567,0.000341,0.981092
2517,1,0.994416,0.001128,0.004456
2518,0,0.088202,0.000604,0.911195
2519,1,0.994889,0.001385,0.003726
2520,1,0.587340,0.357013,0.055647
2521,1,0.992819,0.004627,0.002555
2522,1,0.996299,0.001262,0.002439
2523,1,0.983546,0.000857,0.015597
2524,1,0.991701,0.006097,0.002203
2525,1,0.369127,0.000932,0.629941
2526,0,0.788316,0.000679,0.211005
2527,0,0.001286,0.000329,0.998385
2528,1,0.197110,0.000904,0.801986
2529,1,0.929417,0.030396,0.040186
2530,1,0.787338,0.209888,0.002774
2531,0,0.002477,0.000307,0.997215
2532,0,0.000922,0.000324,0.998755
2533,1,0.480155,0.058627,0.461218
2534,0,0.004331,0.000275,0.995394
2535,0,0.034068,0.000393,0.965539
2536,0,0.007626,0.000321,0.992052
2537,1,0.995955,0.001498,0.002547
2538,1,0.939148,0.056669,0.004183
2539,0,0.000749,0.000516,0.998735
2540,1,0.521988,0.469246,0.008766
2541,0,0.003130,0.000264,0.996606
2542,0,0.002116,0.000479,0.997405
2543,0,0.000756,0.000363,0.998882
2544,1,0.995878,0.000889,0.003233
2545,1,0.563576,0.316955,0.119469
2546,1,0.299163,0.623005,0.077832
2547,0,0.001209,0.000303,0.998488
2548,0,0.741149,0.001210,0.257642
2549,0,0.011143,0.000322,0.988534
2550,1,0.980721,0.001488,0.017791
2551,1,0.968261,0.000909,0.030830
2552,1,0.978073,0.015182,0.006745
2553,0,0.790312,0.000985,0.208703
2554,1,0.940751,0.000576,0.058673
2555,0,0.006825,0.000304,0.992871
2556,0,0.860012,0.000875,0.139113
2557,1,0.995280,0.002468,0.002251
2558,0,0.001245,0.000324,0.998431
2559,0,0.001195,0.000359,0.998445
2560,0,0.017984,0.000314,0.981703
2561,0,0.010255,0.000297,0.989449
2562,1,0.109111,0.000714,0.890175
2563,0,0.117945,0.106845,0.775210
2564,0,0.013745,0.000304,0.985951
2565,0,0.001081,0.000330,0.998589
2566,0,0.288362,0.000616,0.711022
2567,1,0.699012,0.261285,0.039703
2568,0,0.000953,0.000418,0.998629
2569,1,0.110016,0.000611,0.889373
2570,0,0.942492,0.000808,0.056700
2571,0,0.003876,0.000277,0.995847
2572,0,0.075440,0.000575,0.923985
2573,1,0.416500,0.532697,0.050803
2574,1,0.391349,0.511968,0.096682
2575,1,0.004373,0.000316,0.995311
2576,1,0.022428,0.573492,0.404080
2577,0,0.035270,0.000389,0.964342
2578,0,0.584653,0.000928,0.414419
2579,1,0.861072,0.001080,0.137848
2580,0,0.001231,0.000332,0.998437
2581,0,0.064069,0.000426,0.935505
2582,1,0.790085,0.001088,0.208827
2583,1,0.087837,0.716242,0.195921
2584,0,0.040027,0.000490,0.959482
2585,1,0.784529,0.000795,0.214675
2586,0,0.222040,0.000929,0.777031
2587,1,0.470080,0.512621,0.017300
2588,1,0.001085,0.012996,0.985918
2589,1,0.260122,0.000743,0.739134
2590,0,0.005942,0.000347,0.993711
2591,0,0.009776,0.000297,0.989927
2592,1,0.969729,0.000990,0.029281
2593,0,0.532590,0.000763,0.466647
2594,1,0.197754,0.000700,0.801546
2595,1,0.996036,0.002379,0.001584
2596,0,0.004028,0.000277,0.995695
2597,0,0.025868,0.000590,0.973541
2598,0,0.001075,0.000307,0.998618
2599,1,0.628233,0.311667,0.060100
2600,1,0.975826,0.000691,0.023483
2601,0,0.900295,0.000630,0.099074
2602,1,0.918809,0.076671,0.004520
2603,1,0.975997,0.001751,0.022251
2604,0,0.003926,0.000267,0.995807
2605,1,0.994558,0.001419,0.004023
2606,0,0.024811,0.000404,0.974785
2607,0,0.062537,0.000466,0.936997
2608,1,0.300888,0.583564,0.115548
2609,0,0.000551,0.001249,0.998200
2610,0,0.000584,0.000421,0.998994
2611,0,0.000853,0.000338,0.998809
2612,0,0.003809,0.000267,0.995923
2613,0,0.801709,0.000709,0.197582
2614,0,0.003104,0.000501,0.996395
2615,0,0.003542,0.000269,0.996189
2616,0,0.000996,0.000495,0.998509
2617,0,0.004231,0.000290,0.995479
2618,0,0.968057,0.000673,0.031270
2619,0,0.018188,0.000310,0.981502
2620,1,0.226161,0.000976,0.772863
2621,1,0.050901,0.000641,0.948458
2622,1,0.430977,0.259012,0.310011
2623,1,0.994514,0.000798,0.004688
2624,1,0.475514,0.496045,0.028440
2625,0,0.001183,0.000307,0.998510
2626,1,0.002186,0.001091,0.996723
2627,0,0.007943,0.000301,0.991756
2628,1,0.007932,0.000410,0.991658
2629,1,0.624822,0.022378,0.352800
2630,0,0.001146,0.000301,0.998553
2631,1,0.734933,0.259657,0.005410
2632,1,0.002263,0.000338,0.997399
2633,0,0.064938,0.000413,0.934649
2634,1,0.976134,0.019947,0.003919
2635,0,0.000872,0.000361,0.998768
2636,1,0.393243,0.554072,0.052686
2637,0,0.988723,0.002910,0.008367
2638,1,0.622280,0.001198,0.376522
2639,0,0.001032,0.000411,0.998557
2640,1,0.804176,0.034565,0.161259
2641,0,0.046724,0.000463,0.952813
2642,0,0.274805,0.000873,0.724322
2643,1,0.040209,0.000564,0.959227
2644,1,0.994463,0.001110,0.004427
2645,0,0.003399,0.000287,0.996314
2646,0,0.001890,0.000301,0.997809
2647,1,0.008645,0.344468,0.646887
2648,1,0.493939,0.018407,0.487654
2649,1,0.991939,0.007158,0.000902
2650,1,0.007901,0.000430,0.991670
2651,0,0.004676,0.000269,0.995056
2652,0,0.002020,0.000339,0.997641
2653,0,0.002626,0.000494,0.996880
2654,0,0.005303,0.000307,0.994389
2655,0,0.010167,0.000346,0.989487
2656,1,0.266608,0.235207,0.498185
2657,0,0.008922,0.000314,0.990764
2658,1,0.889946,0.032434,0.077620
2659,0,0.013050,0.000360,0.986589
2660,0,0.001240,0.000361,0.998399
2661,1,0.994086,0.001829,0.004085
2662,1,0.994245,0.001737,0.004018
2663,0,0.001462,0.000297,0.998241
2664,0,0.003676,0.000294,0.996029
2665,0,0.018077,0.000475,0.981448
2666,0,0.886926,0.001356,0.111718
2667,1,0.992506,0.000808,0.006686
2668,0,0.007871,0.000284,0.991845
2669,0,0.010890,0.000332,0.988778
2670,0,0.001242,0.000381,0.998377
2671,0,0.002763,0.000294,0.996942
2672,0,0.017219,0.000409,0.982372
2673,1,0.442279,0.001598,0.556123
2674,0,0.450447,0.000923,0.548629
2675,0,0.699150,0.000963,0.299887
2676,0,0.001650,0.000285,0.998066
2677,0,0.682723,0.000846,0.316431
2678,1,0.001149,0.000389,0.998462
2679,1,0.294900,0.001063,0.704037
2680,1,0.630093,0.000786,0.369121
2681,1,0.237976,0.710878,0.051146
2682,1,0.539209,0.437341,0.023451
2683,1,0.964037,0.001030,0.034933
2684,0,0.071286,0.000693,0.928022
2685,1,0.965516,0.000719,0.033765
2686,0,0.798606,0.002761,0.198634
2687,0,0.052868,0.000451,0.946681
2688,0,0.001812,0.000309,0.997879
2689,0,0.021334,0.001276,0.977390
2690,0,0.004546,0.000337,0.995117
2691,0,0.001893,0.000276,0.997831
2692,0,0.910278,0.001059,0.088664
2693,0,0.000656,0.000402,0.998942
2694,0,0.016460,0.000339,0.983202
2695,0,0.112669,0.000597,0.886734
2696,1,0.067164,0.009840,0.922996
2697,1,0.965108,0.011901,0.022991
2698,1,0.915899,0.037627,0.046474
2699,1,0.981524,0.001931,0.016545
2700,0,0.000952,0.003678,0.995370
2701,0,0.167399,0.000647,0.831954
2702,0,0.000920,0.000389,0.998691
2703,1,0.130574,0.001453,0.867973
2704,0,0.000768,0.000406,0.998826
2705,0,0.012984,0.000357,0.986659
2706,0,0.004406,0.000317,0.995277
2707,1,0.982260,0.000795,0.016945
2708,1,0.076398,0.001059,0.922543
2709,0,0.243160,0.000663,0.756177
2710,1,0.994903,0.000811,0.004286
2711,0,0.002185,0.000265,0.997551
2712,1,0.887226,0.005835,0.106939
2713,1,0.926939,0.041134,0.031927
2714,1,0.065937,0.729478,0.204584
2715,0,0.008313,0.000327,0.991359
2716,1,0.821959,0.001041,0.176999
2717,0,0.001550,0.000306,0.998144
2718,1,0.598399,0.001270,0.400331
2719,1,0.516752,0.001049,0.482198
2720,1,0.990342,0.006975,0.002683
2721,1,0.003865,0.000588,0.995547
2722,0,0.275199,0.001275,0.723526
2723,1,0.025872,0.868806,0.105322
2724,0,0.000978,0.000313,0.998709
2725,1,0.193140,0.753010,0.053850
2726,1,0.994872,0.001541,0.003587
2727,1,0.948050,0.000660,0.051290
2728,1,0.961029,0.001084,0.037887
2729,0,0.001299,0.000307,0.998394
2730,0,0.010249,0.000298,0.989454
2731,0,0.950980,0.000633,0.048386
2732,0,0.005015,0.000284,0.994700
2733,1,0.601340,0.392286,0.006374
2734,0,0.162091,0.000591,0.837318
2735,0,0.237398,0.000851,0.761752
2736,0,0.001236,0.000301,0.998463
2737,0,0.001725,0.000373,0.997901
2738,1,0.009149,0.098712,0.892139
2739,1,0.033050,0.000340,0.966611
2740,1,0.959141,0.002838,0.038022
2741,0,0.001599,0.001269,0.997132
2742,0,0.010464,0.000363,0.989174
2743,0,0.067671,0.000411,0.931918
2744,1,0.963459,0.023363,0.013179
2745,1,0.894913,0.102393,0.002694
2746,0,0.002227,0.000274,0.997499
2747,1,0.035883,0.000542,0.963575
2748,0,0.000726,0.000416,0.998858
2749,1,0.093896,0.448951,0.457152
2750,0,0.001643,0.011562,0.986795
2751,1,0.994831,0.003518,0.001652
2752,0,0.002048,0.000274,0.997678
2753,1,0.404149,0.542183,0.053668
2754,0,0.005869,0.000317,0.993814
2755,1,0.014725,0.236632,0.748643
2756,1,0.951936,0.002093,0.045971
2757,0,0.001836,0.000281,0.997882
2758,1,0.000706,0.000489,0.998806
2759,0,0.020912,0.000414,0.978674
2760,0,0.007596,0.000347,0.992057
2761,0,0.001222,0.000347,0.998431
2762,0,0.007282,0.000313,0.992405
2763,0,0.000835,0.000355,0.998810
2764,1,0.541195,0.095019,0.363786
2765,1,0.993969,0.003987,0.002044
2766,1,0.770243,0.005062,0.224695
2767,0,0.007222,0.000309,0.992469
2768,1,0.503665,0.416871,0.079464
2769,0,0.987688,0.001027,0.011285
2770,0,0.001400,0.000269,0.998331
2771,0,0.003058,0.000400,0.996543
2772,1,0.021817,0.000678,0.977505
2773,1,0.983327,0.000590,0.016083
2774,1,0.995473,0.002164,0.002363
2775,1,0.019078,0.002254,0.978669
2776,0,0.001090,0.000461,0.998449
2777,0,0.911948,0.000730,0.087321
2778,0,0.037036,0.000408,0.962556
2779,1,0.001148,0.000316,0.998536
2780,0,0.002513,0.001279,0.996208
2781,1,0.994014,0.004570,0.001417
2782,1,0.988641,0.000767,0.010592
2783,1,0.003131,0.001275,0.995594
2784,0,0.964230,0.000751,0.035019
2785,1,0.316424,0.000803,0.682773
2786,0,0.000823,0.000351,0.998826
2787,0,0.039290,0.000394,0.960317
2788,1,0.990255,0.000818,0.008927
2789,0,0.001686,0.000272,0.998042
2790,1,0.996679,0.001248,0.002073
2791,0,0.001498,0.000313,0.998189
2792,0,0.273728,0.000804,0.725468
2793,1,0.956551,0.000743,0.042706
2794,1,0.900901,0.000764,0.098335
2795,0,0.002802,0.000269,0.996929
2796,0,0.927032,0.000644,0.072324
2797,1,0.987120,0.001184,0.011696
2798,1,0.988596,0.000839,0.010565
2799,1,0.995881,0.001375,0.002744
2800,0,0.005994,0.000287,0.993719
2801,0,0.012275,0.000347,0.987378
2802,1,0.726819,0.012108,0.261072
2803,0,0.195507,0.000690,0.803803
2804,0,0.000835,0.000405,0.998760
2805,0,0.001987,0.000373,0.997640
2806,1,0.065506,0.045299,0.889195
2807,0,0.006156,0.000303,0.993541
2808,1,0.741303,0.000877,0.257820
2809,0,0.000885,0.000363,0.998752
2810,0,0.002391,0.000313,0.997296
2811,0,0.000662,0.000395,0.998943
2812,0,0.002607,0.000282,0.997111
2813,0,0.688505,0.000711,0.310784
2814,1,0.210831,0.752775,0.036394
2815,0,0.040124,0.000409,0.959466
2816,1,0.731867,0.264600,0.003533
2817,0,0.000694,0.000425,0.998882
2818,0,0.004713,0.000278,0.995008
2819,1,0.229680,0.001363,0.768956
2820,0,0.000586,0.001451,0.997963
2821,0,0.003450,0.000304,0.996247
2822,0,0.002464,0.000278,0.997258
2823,0,0.935600,0.001132,0.063267
2824,0,0.523778,0.001083,0.475139
2825,1,0.005239,0.021234,0.973527
2826,0,0.007790,0.000300,0.991910
2827,0,0.002638,0.000301,0.997062
2828,1,0.418230,0.548968,0.032802
2829,0,0.019668,0.000556,0.979775
2830,1,0.575455,0.403326,0.021219
2831,0,0.005270,0.000321,0.994408
2832,1,0.995039,0.001892,0.003069
2833,0,0.007504,0.000338,0.992158
2834,0,0.002077,0.000288,0.997635
2835,0,0.002349,0.000282,0.997369
2836,0,0.162387,0.000543,0.837070
2837,0,0.003861,0.000287,0.995852
2838,1,0.413575,0.569414,0.017011
2839,1,0.494484,0.001260,0.504256
2840,1,0.040611,0.000437,0.958952
2841,0,0.001477,0.000288,0.998235
2842,0,0.000549,0.008064,0.991386
2843,1,0.633435,0.000991,0.365574
2844,0,0.001460,0.000525,0.998015
2845,1,0.888754,0.071409,0.039837
2846,1,0.939603,0.030782,0.029616
2847,1,0.978891,0.000761,0.020348
2848,0,0.002184,0.000296,0.997520
2849,1,0.989079,0.002599,0.008321
2850,1,0.063992,0.001416,0.934591
2851,0,0.150163,0.000634,0.849203
2852,0,0.003011,0.000342,0.996647
2853,1,0.197410,0.000860,0.801730
2854,0,0.384412,0.000937,0.614651
2855,1,0.089824,0.682084,0.228092
2856,0,0.546674,0.000829,0.452497
2857,0,0.045507,0.000484,0.954009
2858,1,0.830809,0.001498,0.167693
2859,1,0.994575,0.004344,0.001081
2860,1,0.003675,0.000449,0.995876
2861,1,0.989981,0.006179,0.003839
2862,0,0.042345,0.000493,0.957162
2863,1,0.153629,0.002513,0.843857
2864,0,0.989109,0.000698,0.010193
2865,0,0.000846,0.000361,0.998793
2866,1,0.119402,0.000565,0.880033
2867,1,0.002048,0.000395,0.997557
2868,0,0.066665,0.000490,0.932845
2869,0,0.003819,0.000436,0.995745
2870,0,0.547800,0.000890,0.451310
2871,0,0.001277,0.000293,0.998430
2872,0,0.006031,0.000279,0.993691
2873,0,0.092107,0.000464,0.907429
2874,1,0.001101,0.000314,0.998585
2875,0,0.001482,0.000352,0.998167
2876,0,0.002140,0.000310,0.997550
2877,1,0.976639,0.021338,0.002023
2878,0,0.067702,0.450017,0.482281
2879,0,0.048320,0.000478,0.951202
2880,1,0.980582,0.015783,0.003635
2881,1,0.001622,0.000309,0.998069
2882,0,0.013910,0.092781,0.893309
2883,0,0.001228,0.000854,0.997917
2884,0,0.000694,0.000399,0.998907
2885,1,0.767573,0.221013,0.011413
2886,1,0.002256,0.000554,0.997189
2887,0,0.031329,0.000352,0.968319
2888,0,0.000850,0.000369,0.998781
2889,1,0.014853,0.024612,0.960535
2890,0,0.006886,0.000335,0.992780
2891,0,0.132102,0.000656,0.867242
2892,0,0.017699,0.000427,0.981873
2893,1,0.441375,0.131948,0.426676
2894,0,0.000985,0.000332,0.998684
2895,0,0.003241,0.000300,0.996459
2896,0,0.009613,0.000271,0.990116
2897,0,0.000882,0.000372,0.998746
2898,0,0.094194,0.000573,0.905233
2899,1,0.132018,0.001542,0.866440
2900,0,0.002734,0.000278,0.996988
2901,1,0.029010,0.422425,0.548565
2902,1,0.902463,0.084777,0.012760
2903,1,0.996233,0.001634,0.002133
2904,1,0.829037,0.002762,0.168201
2905,0,0.019788,0.000408,0.979804
2906,0,0.375361,0.001827,0.622811
2907,1,0.996428,0.002308,0.001264
2908,1,0.001020,0.000511,0.998468
2909,1,0.893412,0.000976,0.105612
2910,0,0.000741,0.000436,0.998823
2911,1,0.062424,0.002388,0.935188
2912,0,0.004786,0.000422,0.994792
2913,1,0.002823,0.000678,0.996499
2914,1,0.111033,0.000633,0.888334
2915,1,0.668308,0.001079,0.330613
2916,0,0.007425,0.000269,0.992306
2917,0,0.237034,0.000612,0.762355
2918,0,0.005261,0.007522,0.987217
2919,1,0.139204,0.000517,0.860279
2920,1,0.652522,0.000791,0.346687
2921,1,0.957836,0.039036,0.003128
2922,1,0.982542,0.015019,0.002439
2923,0,0.008830,0.000274,0.990896
2924,0,0.020839,0.000389,0.978772
2925,0,0.050464,0.000418,0.949117
2926,0,0.005394,0.000278,0.994328
2927,0,0.000602,0.000459,0.998939
2928,0,0.004180,0.000274,0.995545
2929,1,0.989755,0.001319,0.008926
2930,1,0.017579,0.000744,0.981677
2931,1,0.662627,0.326247,0.011126
2932,0,0.143650,0.000639,0.855711
2933,1,0.068464,0.766435,0.165102
2934,0,0.004348,0.000272,0.995380
2935,0,0.014536,0.000362,0.985102
2936,0,0.031783,0.000399,0.967819
2937,1,0.993610,0.002104,0.004287
2938,0,0.001335,0.000427,0.998239
2939,1,0.980831,0.017721,0.001448
2940,0,0.000639,0.000463,0.998898
2941,1,0.263319,0.000749,0.735932
2942,1,0.276567,0.001120,0.722313
2943,1,0.189501,0.765805,0.044694
2944,1,0.993150,0.002762,0.004088
2945,1,0.994050,0.001716,0.004234
2946,1,0.973915,0.000750,0.025335
2947,0,0.082598,0.000495,0.916907
2948,0,0.000957,0.000427,0.998616
2949,1,0.904564,0.001485,0.093951
2950,0,0.057740,0.000758,0.941503
2951,0,0.733988,0.000715,0.265296
2952,1,0.651104,0.001197,0.347699
2953,1,0.994561,0.000767,0.004672
2954,1,0.003517,0.000275,0.996208
2955,0,0.000707,0.000440,0.998853
2956,0,0.002232,0.000306,0.997462
2957,1,0.361296,0.546511,0.092193
2958,0,0.001211,0.000303,0.998487
2959,1,0.587773,0.389555,0.022672
2960,1,0.005816,0.000284,0.993900
2961,0,0.008423,0.000494,0.991083
2962,0,0.001516,0.000281,0.998203
2963,0,0.015048,0.000351,0.984601
2964,0,0.001373,0.000296,0.998331
2965,0,0.730841,0.000952,0.268207
2966,0,0.684868,0.000800,0.314332
2967,1,0.975612,0.000873,0.023515
2968,0,0.001964,0.000294,0.997742
2969,0,0.001556,0.000341,0.998103
2970,0,0.001780,0.000669,0.997551
2971,0,0.059211,0.000412,0.940377
2972,1,0.994896,0.002448,0.002656
2973,0,0.149739,0.000691,0.849569
2974,0,0.560358,0.000699,0.438943
2975,1,0.003772,0.003576,0.992652
2976,1,0.670187,0.322525,0.007287
2977,1,0.289896,0.001005,0.709099
2978,1,0.830738,0.000756,0.168506
2979,1,0.068891,0.000553,0.930557
2980,0,0.002027,0.000268,0.997705
2981,1,0.927785,0.068555,0.003660
2982,0,0.002515,0.000305,0.997180
2983,1,0.622259,0.000777,0.376964
2984,1,0.717566,0.278804,0.003630
2985,1,0.984182,0.014841,0.000977
2986,0,0.008807,0.000309,0.990884
2987,0,0.001054,0.000303,0.998643
2988,0,0.005971,0.000250,0.993779
2989,1,0.991489,0.000945,0.007566
2990,0,0.003495,0.000323,0.996181
2991,0,0.980990,0.000594,0.018416
2992,1,0.959810,0.000877,0.039313
2993,0,0.118825,0.000617,0.880559
2994,1,0.719017,0.276457,0.004525
2995,1,0.778497,0.218254,0.003249
2996,0,0.130701,0.000545,0.868754
2997,1,0.973313,0.000673,0.026013
2998,0,0.003517,0.000265,0.996218
2999,0,0.000789,0.000535,0.998676
