row_id,gold,p_hate,p_offensive,p_normal
0,0,0.000888,0.000664,0.998448
1,0,0.003002,0.000804,0.996194
2,1,0.994260,0.003582,0.002159
3,1,0.985821,0.011097,0.003082
4,0,0.010727,0.025471,0.963802
5,1,0.115462,0.625324,0.259214
6,0,0.827946,0.054946,0.117107
7,0,0.000819,0.000489,0.998692
8,1,0.002003,0.002094,0.995903
9,0,0.001291,0.000371,0.998338
10,0,0.000502,0.000611,0.998887
11,1,0.994130,0.001187,0.004683
12,0,0.001170,0.000402,0.998428
13,0,0.000639,0.000457,0.998904
14,1,0.989399,0.001879,0.008722
15,1,0.980194,0.015783,0.004023
16,1,0.973934,0.023325,0.002742
17,1,0.220429,0.001937,0.777634
18,1,0.985001,0.007601,0.007398
19,1,0.994876,0.002339,0.002785
20,1,0.992495,0.003973,0.003532
21,1,0.004867,0.009390,0.985743
22,1,0.950717,0.009464,0.039819
23,1,0.968673,0.009245,0.022081
24,1,0.985814,0.001165,0.013021
25,1,0.991118,0.005352,0.003530
26,0,0.111498,0.000827,0.887675
27,1,0.381557,0.235989,0.382453
28,1,0.993844,0.000971,0.005186
29,0,0.001093,0.000824,0.998083
30,0,0.000727,0.000512,0.998761
31,0,0.128091,0.000951,0.870957
32,0,0.000845,0.000513,0.998643
33,0,0.010423,0.000924,0.988653
34,0,0.035350,0.000804,0.963846
35,1,0.048239,0.000642,0.951119
36,0,0.716165,0.000909,0.282926
37,1,0.263345,0.677028,0.059627
38,0,0.002519,0.000331,0.997150
39,1,0.278626,0.268323,0.453051
40,0,0.000817,0.001371,0.997812
41,1,0.675806,0.001000,0.323194
42,0,0.000567,0.000465,0.998968
43,1,0.037502,0.000705,0.961793
44,1,0.992714,0.003851,0.003435
45,1,0.980817,0.004941,0.014242
46,1,0.038594,0.028356,0.933050
47,1,0.529376,0.002466,0.468158
48,0,0.000894,0.000486,0.998620
49,0,0.000501,0.001132,0.998366
50,0,0.000469,0.000654,0.998877
51,0,0.009755,0.000349,0.989896
52,1,0.010722,0.014696,0.974582
53,0,0.016772,0.270595,0.712633
54,0,0.007260,0.004133,0.988607
55,0,0.001358,0.000333,0.998309
56,1,0.992663,0.004084,0.003253
57,0,0.006134,0.000301,0.993565
58,0,0.004665,0.000468,0.994867
59,1,0.994218,0.004040,0.001742
60,0,0.002435,0.000363,0.997202
61,0,0.004546,0.000360,0.995094
62,1,0.799816,0.124324,0.075860
63,0,0.017456,0.000528,0.982016
64,0,0.000456,0.000892,0.998652
65,0,0.000692,0.000466,0.998842
66,0,0.007479,0.000885,0.991636
67,0,0.004873,0.000312,0.994815
68,0,0.001147,0.001069,0.997784
69,0,0.003692,0.000503,0.995806
70,1,0.385040,0.509958,0.105003
71,0,0.000743,0.000525,0.998732
72,1,0.062328,0.000946,0.936727
73,0,0.002396,0.000392,0.997212
74,0,0.011025,0.000513,0.988463
75,1,0.989147,0.003582,0.007270
76,1,0.033106,0.000713,0.966180
77,1,0.416654,0.015685,0.567661
78,0,0.000900,0.000958,0.998142
79,0,0.001930,0.000385,0.997685
80,0,0.003690,0.000556,0.995754
81,1,0.501626,0.086202,0.412172
82,1,0.985395,0.011398,0.003208
83,1,0.038408,0.003261,0.958330
84,0,0.107974,0.000921,0.891104
85,0,0.004102,0.001995,0.993902
86,1,0.180457,0.609954,0.209589
87,1,0.992454,0.004598,0.002947
88,1,0.987457,0.005542,0.007002
89,1,0.051063,0.001521,0.947416
90,0,0.008477,0.000355,0.991167
91,0,0.224174,0.000914,0.774912
92,1,0.979046,0.001192,0.019762
93,0,0.002889,0.000352,0.996759
94,0,0.002634,0.000366,0.997000
95,1,0.991631,0.001378,0.006991
96,1,0.947827,0.001242,0.050931
97,0,0.000659,0.000459,0.998883
98,0,0.042671,0.000558,0.956771
99,1,0.993319,0.003873,0.002808
100,0,0.001806,0.000624,0.997570
101,1,0.300403,0.000835,0.698762
102,1,0.964690,0.000825,0.034485
103,0,0.001375,0.001064,0.997561
104,1,0.851664,0.002881,0.145455
105,1,0.837597,0.000858,0.161544
106,0,0.747297,0.000979,0.251724
107,1,0.989239,0.001064,0.009697
108,1,0.987524,0.000997,0.011479
109,1,0.989402,0.008777,0.001820
110,0,0.003393,0.000288,0.996319
111,1,0.983385,0.005354,0.011261
112,1,0.975798,0.002861,0.021341
113,1,0.006505,0.001659,0.991835
114,1,0.936411,0.035107,0.028482
115,1,0.291952,0.113064,0.594984
116,0,0.003302,0.000546,0.996153
117,0,0.000590,0.000879,0.998532
118,0,0.002631,0.000436,0.996933
119,1,0.000845,0.000488,0.998667
120,1,0.726838,0.001085,0.272076
121,0,0.201802,0.000736,0.797462
122,0,0.003620,0.000763,0.995617
123,0,0.001438,0.000389,0.998172
124,1,0.456204,0.428534,0.115262
125,1,0.972085,0.004282,0.023633
126,1,0.380886,0.536857,0.082257
127,1,0.990095,0.001809,0.008096
128,1,0.927050,0.005091,0.067859
129,0,0.002396,0.000589,0.997015
130,1,0.062536,0.006972,0.930492
131,0,0.000541,0.000479,0.998980
132,1,0.038889,0.001860,0.959250
133,0,0.000608,0.000624,0.998768
134,0,0.000492,0.000514,0.998994
135,1,0.130968,0.003419,0.865613
136,0,0.001145,0.000338,0.998517
137,0,0.001541,0.000344,0.998115
138,0,0.119048,0.000622,0.880331
139,1,0.100710,0.042742,0.856548
140,1,0.016187,0.426393,0.557420
141,0,0.000489,0.000620,0.998891
142,0,0.000668,0.000700,0.998633
143,0,0.005255,0.000470,0.994275
144,0,0.000522,0.000522,0.998956
145,1,0.650910,0.000887,0.348203
146,1,0.987187,0.001709,0.011103
147,0,0.005713,0.000368,0.993919
148,1,0.468425,0.047417,0.484158
149,1,0.993730,0.003333,0.002937
150,0,0.153173,0.010458,0.836369
151,0,0.980564,0.001515,0.017922
152,1,0.974662,0.002730,0.022608
153,1,0.950631,0.001123,0.048246
154,1,0.984176,0.001534,0.014290
155,0,0.775231,0.001134,0.223635
156,1,0.948942,0.000802,0.050255
157,1,0.675032,0.001402,0.323566
158,0,0.000853,0.000470,0.998677
159,1,0.984692,0.003555,0.011753
160,1,0.914736,0.002642,0.082621
161,1,0.246996,0.025645,0.727359
162,1,0.534295,0.038782,0.426923
163,1,0.774093,0.005248,0.220659
164,1,0.984495,0.002193,0.013312
165,1,0.117678,0.002163,0.880159
166,0,0.005920,0.000320,0.993760
167,0,0.000919,0.000441,0.998640
168,1,0.421219,0.129120,0.449661
169,0,0.001519,0.000330,0.998151
170,1,0.816582,0.006374,0.177043
171,0,0.000765,0.000393,0.998843
172,0,0.673653,0.000983,0.325363
173,0,0.000602,0.000447,0.998951
174,0,0.004745,0.000401,0.994854
175,0,0.000755,0.000501,0.998744
176,0,0.000619,0.000478,0.998904
177,1,0.005540,0.026172,0.968288
178,0,0.048282,0.001492,0.950227
179,1,0.992513,0.004927,0.002560
180,1,0.994917,0.001858,0.003225
181,0,0.000483,0.000597,0.998921
182,0,0.155294,0.000826,0.843881
183,0,0.307695,0.001114,0.691191
184,1,0.964610,0.001560,0.033830
185,0,0.001720,0.001701,0.996579
186,0,0.002829,0.000559,0.996612
187,0,0.968133,0.001419,0.030447
188,1,0.972233,0.001258,0.026509
189,1,0.974286,0.018473,0.007241
190,1,0.992013,0.001021,0.006967
191,0,0.409583,0.001439,0.588978
192,1,0.986176,0.001071,0.012753
193,0,0.009127,0.000815,0.990057
194,0,0.001044,0.000439,0.998517
195,0,0.002806,0.000303,0.996891
196,0,0.001163,0.000433,0.998404
197,0,0.002001,0.000584,0.997415
198,1,0.994615,0.003226,0.002159
199,1,0.967629,0.000895,0.031476
200,1,0.001314,0.000434,0.998252
201,0,0.002022,0.000643,0.997335
202,0,0.001284,0.000378,0.998338
203,1,0.068882,0.786477,0.144641
204,1,0.280095,0.003810,0.716095
205,0,0.000461,0.000694,0.998844
206,0,0.001118,0.000463,0.998419
207,0,0.001750,0.000907,0.997344
208,0,0.002957,0.000936,0.996107
209,0,0.147263,0.002784,0.849953
210,0,0.000499,0.000517,0.998983
211,0,0.002036,0.000328,0.997636
212,0,0.000983,0.000550,0.998466
213,1,0.477323,0.273492,0.249185
214,0,0.000804,0.000558,0.998638
215,0,0.009779,0.001071,0.989151
216,0,0.000989,0.000418,0.998593
217,0,0.019456,0.007881,0.972663
218,0,0.000741,0.000694,0.998564
219,1,0.028041,0.007197,0.964761
220,0,0.760430,0.004284,0.235285
221,0,0.045988,0.000707,0.953305
222,0,0.001656,0.000623,0.997721
223,1,0.422349,0.003484,0.574167
224,0,0.018406,0.000385,0.981210
225,0,0.000562,0.000533,0.998905
226,1,0.011471,0.898586,0.089942
227,1,0.994452,0.002438,0.003111
228,0,0.001212,0.000347,0.998441
229,0,0.000616,0.000454,0.998931
230,0,0.017615,0.000341,0.982044
231,0,0.001756,0.000368,0.997876
232,0,0.001321,0.001059,0.997621
233,0,0.001210,0.000449,0.998341
234,0,0.002806,0.000567,0.996628
235,1,0.002598,0.001025,0.996377
236,0,0.002042,0.000460,0.997498
237,0,0.012201,0.000507,0.987292
238,1,0.949705,0.045724,0.004572
239,0,0.001997,0.000474,0.997530
240,1,0.116860,0.693951,0.189189
241,0,0.001097,0.001030,0.997873
242,1,0.979537,0.006460,0.014002
243,0,0.001328,0.000402,0.998271
244,0,0.003334,0.000356,0.996311
245,1,0.984882,0.011848,0.003270
246,0,0.001437,0.000365,0.998198
247,0,0.001153,0.000462,0.998385
248,0,0.002075,0.000745,0.997180
249,1,0.000916,0.001228,0.997856
250,0,0.023567,0.003602,0.972831
251,1,0.002554,0.001693,0.995753
252,0,0.000464,0.000821,0.998715
253,1,0.989669,0.003044,0.007287
254,0,0.005149,0.005828,0.989023
255,0,0.000799,0.000537,0.998664
256,0,0.000631,0.000656,0.998713
257,0,0.002116,0.000495,0.997389
258,1,0.571655,0.003283,0.425062
259,0,0.000896,0.000462,0.998641
260,1,0.434525,0.001052,0.564423
261,0,0.003120,0.000889,0.995991
262,0,0.000876,0.000680,0.998444
263,1,0.471660,0.001076,0.527263
264,1,0.983781,0.000967,0.015252
265,0,0.001036,0.000479,0.998485
266,1,0.531423,0.004711,0.463866
267,0,0.001002,0.000585,0.998414
268,0,0.001174,0.000323,0.998503
269,0,0.001330,0.000321,0.998349
270,1,0.271817,0.299842,0.428341
271,0,0.001175,0.000424,0.998401
272,1,0.489888,0.003708,0.506404
273,0,0.001039,0.000366,0.998595
274,1,0.890763,0.001040,0.108197
275,0,0.000684,0.000444,0.998872
276,1,0.685060,0.001144,0.313796
277,1,0.960232,0.035810,0.003957
278,1,0.301838,0.001860,0.696303
279,1,0.899464,0.018853,0.081682
280,1,0.941902,0.001590,0.056508
281,1,0.567471,0.014427,0.418102
282,0,0.001321,0.000439,0.998240
283,1,0.005935,0.000654,0.993410
284,0,0.001311,0.000377,0.998311
285,0,0.001229,0.000926,0.997845
286,1,0.039842,0.001637,0.958521
287,0,0.007432,0.000687,0.991881
288,0,0.989747,0.000789,0.009463
289,1,0.019075,0.000698,0.980227
290,0,0.084709,0.070000,0.845291
291,0,0.016603,0.003388,0.980009
292,0,0.001145,0.000410,0.998445
293,0,0.000481,0.000808,0.998711
294,1,0.279533,0.072934,0.647533
295,1,0.987573,0.002789,0.009638
296,1,0.002978,0.000995,0.996027
297,0,0.000595,0.000473,0.998932
298,0,0.003846,0.000290,0.995864
299,0,0.001118,0.001095,0.997787
300,1,0.220791,0.006198,0.773011
301,1,0.040074,0.001574,0.958352
302,1,0.981743,0.013554,0.004703
303,1,0.109785,0.000750,0.889465
304,1,0.316651,0.019336,0.664014
305,0,0.000608,0.000435,0.998957
306,0,0.872359,0.001229,0.126412
307,0,0.000662,0.000657,0.998681
308,1,0.995282,0.002923,0.001795
309,1,0.984438,0.011580,0.003982
310,1,0.976343,0.000759,0.022898
311,0,0.001668,0.000570,0.997761
312,0,0.000788,0.000523,0.998689
313,1,0.994354,0.002080,0.003565
314,0,0.000913,0.000418,0.998669
315,0,0.000960,0.000453,0.998587
316,1,0.991744,0.004909,0.003347
317,0,0.000833,0.000487,0.998680
318,1,0.582777,0.338153,0.079071
319,0,0.869632,0.001053,0.129315
320,0,0.000799,0.000888,0.998312
321,1,0.256116,0.541578,0.202306
322,0,0.003143,0.005029,0.991828
323,1,0.002840,0.001370,0.995790
324,1,0.291387,0.518764,0.189849
325,1,0.185446,0.439743,0.374811
326,0,0.000621,0.000473,0.998906
327,0,0.000685,0.000600,0.998715
328,1,0.991896,0.006732,0.001372
329,0,0.000703,0.000636,0.998662
330,0,0.003923,0.000329,0.995748
331,1,0.977257,0.019496,0.003247
332,0,0.002594,0.000401,0.997005
333,0,0.008954,0.000677,0.990369
334,0,0.016751,0.000671,0.982578
335,0,0.001424,0.000351,0.998225
336,1,0.571683,0.003719,0.424598
337,1,0.202519,0.002271,0.795211
338,1,0.774363,0.000890,0.224748
339,1,0.140494,0.174230,0.685276
340,1,0.753335,0.038471,0.208195
341,1,0.039622,0.000657,0.959720
342,0,0.002324,0.000342,0.997334
343,0,0.001276,0.000890,0.997833
344,0,0.001122,0.000518,0.998360
345,0,0.001205,0.001010,0.997785
346,0,0.000685,0.000402,0.998912
347,1,0.991656,0.002695,0.005649
348,1,0.934461,0.038319,0.027220
349,0,0.000626,0.000442,0.998932
350,0,0.007836,0.000309,0.991854
351,0,0.002896,0.000345,0.996759
352,0,0.917744,0.000902,0.081354
353,1,0.683342,0.009237,0.307420
354,0,0.801572,0.001030,0.197398
355,0,0.006254,0.254216,0.739530
356,0,0.108807,0.000550,0.890643
357,0,0.120597,0.000848,0.878555
358,0,0.004553,0.000425,0.995022
359,0,0.085204,0.001103,0.913694
360,1,0.001034,0.000378,0.998588
361,0,0.002333,0.000496,0.997171
362,0,0.000553,0.002731,0.996716
363,0,0.083666,0.000516,0.915817
364,0,0.069089,0.136310,0.794601
365,1,0.960392,0.000722,0.038885
366,0,0.001347,0.000400,0.998252
367,1,0.174717,0.723740,0.101542
368,0,0.001394,0.000756,0.997850
369,0,0.004676,0.001489,0.993835
370,0,0.002170,0.000517,0.997313
371,0,0.001305,0.001376,0.997320
372,0,0.000692,0.000666,0.998642
373,1,0.748900,0.111131,0.139969
374,1,0.827725,0.001621,0.170654
375,0,0.000923,0.000367,0.998710
376,1,0.986969,0.002526,0.010504
377,0,0.001090,0.000485,0.998425
378,1,0.295763,0.557826,0.146411
379,1,0.310784,0.479273,0.209944
380,0,0.004326,0.000658,0.995016
381,1,0.695927,0.033220,0.270853
382,0,0.000820,0.000458,0.998722
383,1,0.986898,0.009516,0.003586
384,1,0.034842,0.001123,0.964034
385,1,0.002458,0.000513,0.997030
386,1,0.950965,0.004348,0.044687
387,1,0.376813,0.003709,0.619478
388,0,0.001097,0.000373,0.998530
389,0,0.645613,0.001987,0.352400
390,0,0.122971,0.002582,0.874447
391,0,0.000733,0.000451,0.998816
392,1,0.239642,0.617352,0.143005
393,0,0.269649,0.002289,0.728062
394,0,0.005574,0.000380,0.994046
395,0,0.002386,0.000330,0.997284
396,1,0.306986,0.643586,0.049428
397,0,0.003305,0.000497,0.996198
398,1,0.023149,0.856172,0.120678
399,1,0.006301,0.791454,0.202245
400,1,0.319936,0.002843,0.677221
401,0,0.003240,0.000438,0.996323
402,1,0.096223,0.001047,0.902730
403,1,0.873011,0.001922,0.125067
404,1,0.978441,0.000981,0.020578
405,1,0.951496,0.001227,0.047277
406,1,0.013549,0.000761,0.985690
407,1,0.001072,0.023493,0.975435
408,1,0.918758,0.001343,0.079898
409,0,0.000752,0.000480,0.998768
410,0,0.029786,0.001034,0.969180
411,0,0.001238,0.000354,0.998407
412,1,0.073151,0.395673,0.531176
413,0,0.001631,0.000746,0.997623
414,1,0.994720,0.003321,0.001959
415,0,0.699192,0.000955,0.299853
416,1,0.172460,0.001191,0.826349
417,0,0.002844,0.000465,0.996691
418,0,0.358509,0.598056,0.043436
419,0,0.000591,0.000502,0.998907
420,1,0.061873,0.001330,0.936797
421,1,0.872013,0.098155,0.029832
422,0,0.008533,0.000691,0.990776
423,1,0.592931,0.003397,0.403672
424,1,0.739153,0.001204,0.259642
425,1,0.439521,0.002122,0.558357
426,0,0.005563,0.000668,0.993769
427,1,0.993153,0.000998,0.005849
428,1,0.032352,0.000604,0.967044
429,0,0.001657,0.000378,0.997965
430,1,0.762705,0.014939,0.222355
431,1,0.010370,0.024505,0.965125
432,1,0.287772,0.419869,0.292358
433,0,0.000629,0.000451,0.998920
434,0,0.002316,0.000823,0.996861
435,1,0.994145,0.003913,0.001942
436,1,0.002675,0.001596,0.995729
437,1,0.949998,0.045897,0.004105
438,0,0.003548,0.003143,0.993308
439,0,0.001608,0.000322,0.998070
440,1,0.831181,0.002150,0.166669
441,0,0.766606,0.000865,0.232529
442,1,0.001974,0.000401,0.997625
443,1,0.003421,0.000386,0.996192
444,0,0.204917,0.001629,0.793454
445,1,0.991619,0.001982,0.006399
446,0,0.000661,0.000528,0.998811
447,1,0.991103,0.001563,0.007334
448,0,0.944749,0.001215,0.054037
449,0,0.026603,0.271368,0.702029
450,0,0.000519,0.000872,0.998609
451,0,0.000956,0.000638,0.998406
452,1,0.990614,0.000976,0.008410
453,0,0.096070,0.000589,0.903342
454,0,0.000612,0.000509,0.998879
455,1,0.005138,0.000338,0.994524
456,1,0.992731,0.001144,0.006125
457,1,0.084646,0.027444,0.887909
458,0,0.001260,0.000549,0.998191
459,0,0.064225,0.000584,0.935191
460,1,0.669630,0.000861,0.329509
461,1,0.874294,0.001674,0.124033
462,1,0.993346,0.001177,0.005477
463,1,0.299051,0.001464,0.699484
464,1,0.743739,0.167955,0.088306
465,1,0.968331,0.001075,0.030594
466,1,0.863934,0.001511,0.134555
467,1,0.003223,0.001555,0.995222
468,0,0.000967,0.000405,0.998629
469,0,0.026535,0.000575,0.972889
470,0,0.000814,0.000547,0.998639
471,0,0.001921,0.000315,0.997765
472,1,0.987252,0.003076,0.009672
473,0,0.001235,0.000431,0.998334
474,0,0.001073,0.000419,0.998508
475,0,0.044636,0.000466,0.954897
476,0,0.000920,0.000396,0.998684
477,1,0.876796,0.058067,0.065137
478,0,0.001372,0.000601,0.998027
479,0,0.012415,0.001206,0.986379
480,0,0.000941,0.000376,0.998683
481,0,0.000424,0.001508,0.998068
482,1,0.107971,0.104384,0.787644
483,1,0.892870,0.061945,0.045185
484,0,0.005857,0.000472,0.993671
485,1,0.522732,0.001191,0.476076
486,0,0.005099,0.000616,0.994284
487,0,0.004492,0.001193,0.994315
488,1,0.918780,0.073099,0.008120
489,0,0.458803,0.001074,0.540123
490,0,0.122865,0.000641,0.876494
491,0,0.002757,0.000522,0.996721
492,1,0.573008,0.395098,0.031893
493,0,0.020291,0.000678,0.979031
494,0,0.002800,0.000381,0.996819
495,1,0.001472,0.006967,0.991561
496,1,0.992561,0.005729,0.001709
497,1,0.973228,0.001852,0.024920
498,1,0.991547,0.002366,0.006086
499,0,0.000799,0.001518,0.997683
500,1,0.975852,0.019424,0.004723
501,1,0.019055,0.002007,0.978939
502,1,0.965978,0.014869,0.019153
503,1,0.056353,0.005243,0.938404
504,1,0.968399,0.021098,0.010503
505,1,0.978103,0.000903,0.020994
506,1,0.000986,0.001099,0.997914
507,0,0.165404,0.123637,0.710959
508,0,0.001352,0.000424,0.998224
509,0,0.000502,0.000533,0.998965
510,1,0.791579,0.096057,0.112363
511,1,0.028932,0.000429,0.970639
512,1,0.014550,0.000503,0.984947
513,0,0.004212,0.000391,0.995397
514,1,0.164439,0.419744,0.415817
515,0,0.000540,0.000590,0.998869
516,0,0.000591,0.000683,0.998726
517,1,0.000632,0.000781,0.998587
518,0,0.000736,0.000437,0.998827
519,0,0.002583,0.000376,0.997041
520,1,0.752679,0.001021,0.246300
521,1,0.995293,0.002946,0.001761
522,0,0.009880,0.000329,0.989791
523,1,0.106857,0.007617,0.885526
524,1,0.940104,0.055856,0.004040
525,1,0.653604,0.011412,0.334985
526,0,0.000735,0.000385,0.998880
527,1,0.984275,0.000834,0.014891
528,0,0.196682,0.207847,0.595472
529,1,0.001385,0.001180,0.997435
530,0,0.000973,0.000323,0.998704
531,0,0.000461,0.000811,0.998728
532,0,0.001559,0.000456,0.997985
533,1,0.008806,0.008928,0.982266
534,1,0.992335,0.002315,0.005349
535,1,0.992112,0.003139,0.004750
536,1,0.966512,0.000927,0.032560
537,0,0.000504,0.000623,0.998873
538,0,0.000624,0.000502,0.998874
539,1,0.864004,0.000971,0.135025
540,1,0.992454,0.002823,0.004723
541,1,0.989710,0.001669,0.008621
542,1,0.145000,0.002288,0.852712
543,0,0.001746,0.000388,0.997866
544,0,0.100523,0.000742,0.898734
545,0,0.007670,0.000491,0.991838
546,1,0.001559,0.000354,0.998087
547,1,0.987281,0.004924,0.007795
548,0,0.002547,0.000333,0.997120
549,0,0.001142,0.000422,0.998436
550,0,0.000510,0.000547,0.998943
551,1,0.995326,0.002848,0.001826
552,0,0.012342,0.000379,0.987279
553,0,0.003569,0.001569,0.994862
554,0,0.001946,0.000315,0.997739
555,0,0.016293,0.001228,0.982479
556,0,0.001914,0.000453,0.997632
557,1,0.989757,0.003181,0.007062
558,0,0.000549,0.000534,0.998918
559,0,0.827618,0.003438,0.168944
560,1,0.050474,0.684573,0.264953
561,1,0.974345,0.021206,0.004450
562,1,0.710908,0.001551,0.287541
563,1,0.001457,0.045802,0.952741
564,0,0.001466,0.000909,0.997626
565,1,0.295303,0.361262,0.343434
566,1,0.014884,0.000686,0.984430
567,1,0.101990,0.000741,0.897269
568,0,0.000640,0.000442,0.998918
569,1,0.413186,0.337919,0.248895
570,1,0.792103,0.001087,0.206810
571,1,0.194580,0.587825,0.217595
572,1,0.992160,0.004938,0.002902
573,1,0.994472,0.001145,0.004383
574,0,0.002315,0.000752,0.996933
575,0,0.372955,0.002074,0.624971
576,0,0.001993,0.000433,0.997574
577,1,0.378296,0.002991,0.618713
578,1,0.018829,0.006704,0.974467
579,1,0.356375,0.146922,0.496703
580,1,0.988541,0.001231,0.010228
581,1,0.995497,0.002673,0.001830
582,1,0.986326,0.008851,0.004823
583,0,0.001368,0.000313,0.998319
584,1,0.992129,0.003379,0.004491
585,0,0.000767,0.000683,0.998550
586,0,0.000559,0.001509,0.997932
587,0,0.000764,0.000754,0.998482
588,0,0.000640,0.000565,0.998795
589,0,0.000721,0.000443,0.998836
590,1,0.994103,0.003335,0.002562
591,0,0.004898,0.000556,0.994546
592,0,0.000551,0.000481,0.998968
593,0,0.110766,0.000716,0.888518
594,0,0.037393,0.000427,0.962181
595,1,0.886617,0.001808,0.111576
596,0,0.006081,0.000641,0.993278
597,0,0.001747,0.000338,0.997915
598,1,0.193922,0.054833,0.751245
599,0,0.008580,0.000638,0.990782
600,0,0.002707,0.000361,0.996932
601,0,0.000710,0.000416,0.998874
602,1,0.970735,0.025155,0.004110
603,0,0.000587,0.000452,0.998961
604,0,0.058432,0.000884,0.940683
605,1,0.994558,0.001191,0.004251
606,1,0.799998,0.000794,0.199208
607,1,0.991623,0.005451,0.002926
608,1,0.865293,0.001595,0.133112
609,0,0.001405,0.000498,0.998096
610,0,0.000730,0.001029,0.998240
611,0,0.000596,0.000611,0.998793
612,0,0.012769,0.000988,0.986243
613,0,0.038829,0.001032,0.960138
614,1,0.001119,0.008889,0.989992
615,1,0.619297,0.001950,0.378754
616,1,0.008008,0.122730,0.869261
617,0,0.000901,0.001111,0.997988
618,1,0.227728,0.588807,0.183466
619,0,0.064616,0.000819,0.934565
620,0,0.000662,0.000520,0.998818
621,1,0.919412,0.067271,0.013317
622,1,0.989943,0.000979,0.009078
623,0,0.000810,0.000458,0.998732
624,0,0.010677,0.000305,0.989018
625,1,0.980608,0.001573,0.017819
626,0,0.703379,0.000925,0.295696
627,1,0.330384,0.629307,0.040309
628,0,0.005606,0.004475,0.989919
629,0,0.479612,0.147795,0.372593
630,0,0.013744,0.000439,0.985818
631,1,0.992592,0.000960,0.006448
632,1,0.597557,0.177363,0.225080
633,1,0.140619,0.002565,0.856816
634,0,0.029789,0.003735,0.966476
635,0,0.000556,0.000485,0.998959
636,1,0.361409,0.003223,0.635368
637,0,0.004505,0.000381,0.995115
638,1,0.814675,0.001047,0.184278
639,1,0.001222,0.000442,0.998336
640,0,0.371163,0.003834,0.625003
641,1,0.000435,0.000900,0.998665
642,0,0.000922,0.000430,0.998648
643,0,0.001885,0.000373,0.997742
644,1,0.984278,0.000960,0.014762
645,1,0.046016,0.000532,0.953452
646,1,0.963381,0.000958,0.035661
647,0,0.002599,0.000627,0.996774
648,1,0.192154,0.601587,0.206258
649,0,0.000790,0.000416,0.998794
650,0,0.855094,0.000918,0.143988
651,1,0.002749,0.000972,0.996279
652,0,0.001041,0.000473,0.998486
653,1,0.980076,0.002233,0.017691
654,0,0.002265,0.000287,0.997448
655,1,0.000577,0.000489,0.998934
656,1,0.613704,0.301023,0.085273
657,0,0.050059,0.013571,0.936370
658,0,0.000833,0.001309,0.997858
659,1,0.069036,0.000468,0.930496
660,1,0.000613,0.000626,0.998760
661,1,0.195322,0.694391,0.110287
662,1,0.994678,0.003535,0.001787
663,1,0.870285,0.025715,0.104000
664,1,0.991433,0.004127,0.004440
665,0,0.076571,0.000811,0.922618
666,0,0.001141,0.000508,0.998351
667,0,0.001231,0.000761,0.998008
668,0,0.002861,0.000383,0.996756
669,0,0.000529,0.000859,0.998612
670,1,0.993733,0.004681,0.001585
671,0,0.801716,0.005330,0.192953
672,1,0.272288,0.001152,0.726560
673,1,0.947099,0.003299,0.049602
674,0,0.006020,0.000416,0.993564
675,1,0.974367,0.000973,0.024660
676,0,0.000897,0.000416,0.998687
677,1,0.001586,0.000416,0.997998
678,0,0.014883,0.000385,0.984731
679,1,0.904861,0.002482,0.092657
680,1,0.339825,0.002095,0.658080
681,1,0.113046,0.000717,0.886237
682,1,0.992358,0.003113,0.004529
683,1,0.990264,0.006972,0.002763
684,1,0.913798,0.081517,0.004685
685,0,0.003845,0.000997,0.995158
686,0,0.016339,0.000583,0.983078
687,0,0.000568,0.000715,0.998717
688,1,0.745534,0.047560,0.206905
689,0,0.021239,0.000517,0.978243
690,1,0.913168,0.000936,0.085896
691,1,0.066935,0.016717,0.916347
692,0,0.001923,0.000299,0.997778
693,1,0.876479,0.004293,0.119228
694,1,0.172004,0.001600,0.826396
695,1,0.989465,0.001450,0.009086
696,0,0.001588,0.000337,0.998074
697,1,0.983045,0.014863,0.002091
698,0,0.023846,0.000890,0.975264
699,0,0.000637,0.000795,0.998568
700,0,0.002572,0.000322,0.997106
701,0,0.001535,0.000457,0.998008
702,0,0.001048,0.001453,0.997499
703,0,0.000858,0.000363,0.998779
704,1,0.013540,0.707940,0.278520
705,1,0.993936,0.004922,0.001142
706,1,0.295049,0.677048,0.027902
707,1,0.065533,0.003277,0.931189
708,0,0.000554,0.000470,0.998976
709,1,0.937356,0.001016,0.061628
710,1,0.347874,0.001361,0.650765
711,0,0.003362,0.000378,0.996260
712,1,0.014540,0.002836,0.982625
713,1,0.830305,0.000833,0.168862
714,0,0.001248,0.000467,0.998285
715,1,0.423832,0.054382,0.521787
716,0,0.000766,0.002692,0.996543
717,1,0.969409,0.027365,0.003227
718,1,0.033921,0.690211,0.275868
719,1,0.165722,0.559709,0.274569
720,1,0.166221,0.561504,0.272275
721,0,0.969716,0.000674,0.029609
722,1,0.079151,0.054812,0.866037
723,0,0.608734,0.001223,0.390043
724,1,0.184519,0.748376,0.067105
725,1,0.987903,0.001173,0.010925
726,0,0.001090,0.000349,0.998561
727,1,0.082047,0.034837,0.883117
728,1,0.158993,0.000947,0.840061
729,1,0.912927,0.018406,0.068667
730,0,0.005724,0.005234,0.989041
731,1,0.917373,0.001023,0.081604
732,1,0.018761,0.003700,0.977539
733,1,0.814902,0.002136,0.182962
734,0,0.005608,0.079871,0.914521
735,0,0.000509,0.000532,0.998959
736,1,0.977117,0.000860,0.022023
737,0,0.001781,0.000431,0.997788
738,1,0.107076,0.639894,0.253030
739,1,0.969129,0.024370,0.006501
740,1,0.109003,0.000725,0.890272
741,0,0.004115,0.000453,0.995432
742,0,0.133027,0.000951,0.866022
743,0,0.000825,0.000377,0.998797
744,1,0.993983,0.004056,0.001961
745,0,0.005768,0.000301,0.993932
746,0,0.000562,0.000613,0.998825
747,0,0.000679,0.000401,0.998920
748,0,0.000520,0.000974,0.998506
749,0,0.052299,0.000842,0.946859
750,0,0.000877,0.000467,0.998656
751,1,0.340809,0.619330,0.039862
752,0,0.983082,0.001765,0.015153
753,1,0.993716,0.002549,0.003735
754,0,0.007716,0.000294,0.991990
755,0,0.001042,0.000472,0.998486
756,0,0.981153,0.000940,0.017907
757,0,0.015284,0.000488,0.984228
758,1,0.000830,0.000766,0.998404
759,1,0.994256,0.002710,0.003034
760,1,0.996064,0.001491,0.002444
761,0,0.045700,0.000722,0.953578
762,1,0.993628,0.004507,0.001865
763,1,0.991409,0.001160,0.007432
764,0,0.011679,0.225968,0.762353
765,1,0.979089,0.018739,0.002172
766,1,0.700030,0.243082,0.056888
767,1,0.150611,0.002468,0.846920
768,1,0.947272,0.046575,0.006154
769,0,0.000568,0.000464,0.998967
770,1,0.745857,0.206304,0.047839
771,0,0.000770,0.000579,0.998651
772,0,0.000780,0.000383,0.998838
773,1,0.846406,0.011207,0.142388
774,0,0.243487,0.001413,0.755100
775,1,0.933871,0.002186,0.063943
776,1,0.110539,0.001483,0.887979
777,1,0.127104,0.000636,0.872260
778,1,0.951809,0.003822,0.044370
779,1,0.297067,0.097198,0.605734
780,0,0.029763,0.001735,0.968502
781,1,0.200036,0.673241,0.126723
782,0,0.001348,0.000372,0.998280
783,1,0.993334,0.002960,0.003706
784,1,0.992011,0.002299,0.005690
785,0,0.000803,0.000391,0.998806
786,1,0.293685,0.610326,0.095989
787,0,0.062932,0.000523,0.936544
788,0,0.002646,0.000297,0.997057
789,0,0.000878,0.000396,0.998727
790,0,0.001068,0.000412,0.998521
791,1,0.657008,0.004772,0.338220
792,0,0.001094,0.000418,0.998488
793,1,0.568749,0.347628,0.083623
794,0,0.000513,0.000581,0.998906
795,0,0.005142,0.000424,0.994433
796,1,0.984290,0.006465,0.009245
797,0,0.000862,0.000536,0.998601
798,0,0.000455,0.000758,0.998788
799,0,0.002613,0.000298,0.997089
800,0,0.009537,0.028560,0.961903
801,0,0.000819,0.000484,0.998697
802,1,0.023893,0.000804,0.975303
803,1,0.004081,0.000838,0.995081
804,0,0.014773,0.002940,0.982288
805,1,0.379126,0.586609,0.034266
806,1,0.897156,0.000792,0.102051
807,0,0.002101,0.000901,0.996998
808,1,0.577512,0.002661,0.419826
809,0,0.000474,0.000617,0.998909
810,1,0.738232,0.001227,0.260541
811,0,0.031625,0.000556,0.967818
812,0,0.004988,0.000455,0.994557
813,0,0.007279,0.001246,0.991475
814,1,0.332232,0.599763,0.068005
815,0,0.003098,0.000329,0.996572
816,1,0.238714,0.001039,0.760247
817,1,0.945258,0.001295,0.053447
818,1,0.083234,0.000919,0.915847
819,0,0.109402,0.000603,0.889996
820,1,0.994663,0.003369,0.001968
821,0,0.000774,0.000781,0.998445
822,1,0.524829,0.445388,0.029783
823,1,0.992576,0.002447,0.004978
824,0,0.000571,0.000475,0.998953
825,0,0.011603,0.000541,0.987856
826,0,0.000465,0.001929,0.997606
827,1,0.928959,0.002383,0.068659
828,0,0.025032,0.000864,0.974104
829,1,0.993385,0.001110,0.005505
830,1,0.016876,0.000533,0.982591
831,1,0.351744,0.010677,0.637578
832,0,0.003068,0.000471,0.996461
833,0,0.007145,0.000619,0.992236
834,0,0.000757,0.000398,0.998844
835,1,0.009259,0.010322,0.980420
836,1,0.914279,0.001041,0.084680
837,0,0.003547,0.000300,0.996153
838,0,0.009855,0.000559,0.989585
839,1,0.001434,0.008615,0.989952
840,0,0.002754,0.000957,0.996290
841,0,0.001832,0.000331,0.997837
842,1,0.016079,0.000464,0.983457
843,1,0.956086,0.001182,0.042732
844,0,0.000686,0.000454,0.998860
845,1,0.954392,0.041727,0.003881
846,0,0.904825,0.001743,0.093431
847,1,0.912700,0.001358,0.085941
848,1,0.994382,0.001673,0.003945
849,0,0.019893,0.000707,0.979399
850,0,0.006262,0.000424,0.993315
851,1,0.989512,0.006159,0.004329
852,1,0.990171,0.006659,0.003170
853,0,0.360081,0.001283,0.638636
854,1,0.322561,0.000972,0.676467
855,0,0.897532,0.001639,0.100829
856,0,0.020934,0.000500,0.978566
857,1,0.229327,0.001054,0.769618
858,1,0.002163,0.004052,0.993785
859,0,0.028757,0.000509,0.970734
860,1,0.109954,0.519873,0.370173
861,1,0.012062,0.002311,0.985627
862,1,0.892937,0.008335,0.098727
863,0,0.000680,0.009307,0.990013
864,1,0.990387,0.007182,0.002431
865,1,0.956317,0.003252,0.040431
866,0,0.002373,0.000346,0.997281
867,0,0.002482,0.000492,0.997026
868,1,0.115913,0.001004,0.883084
869,1,0.874339,0.001744,0.123917
870,0,0.000605,0.000533,0.998862
871,1,0.834656,0.001616,0.163728
872,1,0.990605,0.001344,0.008051
873,0,0.008604,0.000411,0.990984
874,0,0.000840,0.000492,0.998667
875,0,0.005311,0.000932,0.993756
876,0,0.004530,0.000471,0.994999
877,0,0.000836,0.001002,0.998162
878,0,0.001025,0.000573,0.998402
879,1,0.001823,0.050349,0.947828
880,0,0.000440,0.000629,0.998930
881,1,0.984924,0.001264,0.013812
882,1,0.974086,0.011283,0.014632
883,0,0.000519,0.000517,0.998964
884,1,0.016932,0.255728,0.727340
885,1,0.982798,0.000894,0.016308
886,0,0.000840,0.000390,0.998771
887,1,0.980932,0.000762,0.018306
888,1,0.031601,0.003501,0.964898
889,0,0.001379,0.002782,0.995840
890,1,0.963614,0.032037,0.004349
891,1,0.984255,0.012239,0.003506
892,0,0.001192,0.000304,0.998504
893,1,0.174375,0.001537,0.824089
894,1,0.350660,0.005627,0.643712
895,1,0.978266,0.012683,0.009051
896,1,0.893477,0.002340,0.104183
897,0,0.011921,0.001216,0.986863
898,0,0.000789,0.000411,0.998799
899,0,0.016283,0.000344,0.983373
900,0,0.004097,0.000473,0.995430
901,0,0.002021,0.000393,0.997586
902,1,0.915019,0.014307,0.070674
903,1,0.185473,0.081621,0.732906
904,1,0.298723,0.241097,0.460180
905,1,0.101242,0.018113,0.880645
906,1,0.029779,0.000956,0.969265
907,0,0.854526,0.002050,0.143424
908,1,0.010581,0.000376,0.989043
909,0,0.013454,0.000491,0.986055
910,0,0.004399,0.000342,0.995259
911,1,0.973065,0.021202,0.005733
912,1,0.643823,0.005401,0.350776
913,0,0.700043,0.001449,0.298508
914,1,0.354755,0.203619,0.441627
915,1,0.167633,0.082067,0.750300
916,1,0.989460,0.007952,0.002587
917,0,0.000551,0.000551,0.998898
918,1,0.023274,0.268269,0.708457
919,0,0.005630,0.000251,0.994119
920,1,0.976036,0.000765,0.023200
921,0,0.000607,0.000648,0.998744
922,1,0.216906,0.539773,0.243321
923,0,0.000810,0.000444,0.998746
924,0,0.000634,0.000632,0.998734
925,0,0.000534,0.000627,0.998839
926,0,0.013411,0.000790,0.985798
927,1,0.894177,0.000779,0.105045
928,1,0.148870,0.757280,0.093850
929,0,0.000949,0.000527,0.998524
930,0,0.008153,0.003415,0.988432
931,1,0.991518,0.002298,0.006184
932,0,0.002569,0.000385,0.997046
933,1,0.985880,0.001097,0.013024
934,0,0.943358,0.001122,0.055520
935,1,0.569895,0.406335,0.023770
936,0,0.007578,0.000332,0.992090
937,0,0.001582,0.000320,0.998097
938,1,0.878092,0.107897,0.014011
939,1,0.329639,0.342042,0.328319
940,0,0.006477,0.000385,0.993138
941,0,0.018234,0.000406,0.981360
942,0,0.000592,0.000456,0.998952
943,1,0.359161,0.304269,0.336570
944,1,0.204168,0.677115,0.118717
945,0,0.982035,0.001954,0.016012
946,1,0.995597,0.002249,0.002154
947,1,0.000866,0.000912,0.998222
948,0,0.000692,0.000899,0.998409
949,0,0.061826,0.000814,0.937360
950,0,0.059348,0.000455,0.940197
951,1,0.822008,0.001028,0.176964
952,1,0.988813,0.008698,0.002488
953,0,0.000884,0.000360,0.998757
954,1,0.004086,0.001198,0.994717
955,1,0.518657,0.024890,0.456453
956,0,0.002602,0.007784,0.989614
957,0,0.001011,0.000610,0.998378
958,1,0.422859,0.124066,0.453075
959,0,0.000514,0.001176,0.998310
960,0,0.001845,0.000368,0.997787
961,1,0.011731,0.319719,0.668550
962,0,0.066527,0.001113,0.932360
963,0,0.008449,0.000558,0.990993
964,1,0.974648,0.001238,0.024114
965,0,0.001029,0.000858,0.998112
966,1,0.765764,0.004476,0.229760
967,1,0.003927,0.011765,0.984307
968,1,0.995494,0.001572,0.002934
969,1,0.067720,0.026460,0.905819
970,1,0.271772,0.002073,0.726156
971,1,0.249805,0.002027,0.748168
972,1,0.989857,0.001033,0.009111
973,0,0.000583,0.000484,0.998933
974,0,0.002493,0.000354,0.997153
975,0,0.001270,0.002762,0.995968
976,0,0.000654,0.000644,0.998702
977,1,0.065130,0.002638,0.932232
978,1,0.000563,0.001339,0.998098
979,0,0.003581,0.000275,0.996144
980,1,0.078789,0.451979,0.469232
981,1,0.203405,0.760851,0.035744
982,0,0.002389,0.000354,0.997257
983,0,0.000758,0.000660,0.998581
984,1,0.034986,0.000646,0.964368
985,1,0.992813,0.001147,0.006040
986,1,0.001979,0.000617,0.997404
987,1,0.000729,0.001847,0.997424
988,0,0.829575,0.006013,0.164413
989,1,0.014831,0.002829,0.982340
990,0,0.001495,0.000423,0.998082
991,1,0.471014,0.229661,0.299325
992,1,0.004916,0.000355,0.994728
993,1,0.071555,0.103496,0.824949
994,0,0.113301,0.001364,0.885335
995,0,0.314487,0.000850,0.684663
996,1,0.992633,0.000812,0.006555
997,0,0.003585,0.000644,0.995771
998,1,0.990850,0.001303,0.007848
999,1,0.022832,0.004266,0.972902
1000,1,0.346864,0.002359,0.650778
1001,0,0.802733,0.001343,0.195924
1002,0,0.001901,0.000545,0.997554
1003,0,0.001242,0.000432,0.998327
1004,1,0.087874,0.005046,0.907080
1005,1,0.100184,0.000846,0.898970
1006,1,0.994702,0.002522,0.002777
1007,0,0.002109,0.000510,0.997381
1008,1,0.451870,0.003299,0.544832
1009,1,0.781779,0.001644,0.216577
1010,0,0.001795,0.000326,0.997879
1011,1,0.523881,0.278123,0.197996
1012,0,0.005661,0.000413,0.993925
1013,1,0.994557,0.001732,0.003711
1014,1,0.917700,0.002210,0.080090
1015,0,0.000531,0.000825,0.998644
1016,0,0.009535,0.000355,0.990110
1017,0,0.396462,0.000864,0.602674
1018,1,0.960706,0.005402,0.033892
1019,1,0.801080,0.183234,0.015686
1020,1,0.344630,0.001238,0.654132
1021,0,0.985864,0.001643,0.012493
1022,1,0.575799,0.000921,0.423280
1023,0,0.001168,0.000456,0.998376
1024,1,0.113367,0.000589,0.886044
1025,1,0.971680,0.001313,0.027007
1026,1,0.870751,0.006621,0.122629
1027,0,0.006033,0.000450,0.993517
1028,0,0.001014,0.000357,0.998629
1029,1,0.335582,0.004318,0.660099
1030,1,0.596368,0.386597,0.017035
1031,1,0.982557,0.000896,0.016547
1032,1,0.010734,0.000384,0.988882
1033,1,0.984829,0.007678,0.007493
1034,0,0.009001,0.000348,0.990651
1035,1,0.995443,0.001519,0.003037
1036,0,0.106950,0.001039,0.892011
1037,0,0.034518,0.000412,0.965070
1038,1,0.166561,0.682257,0.151181
1039,1,0.575614,0.005860,0.418527
1040,0,0.002124,0.000434,0.997442
1041,1,0.013743,0.117663,0.868594
1042,0,0.064230,0.000659,0.935111
1043,0,0.002650,0.000473,0.996877
1044,0,0.004756,0.000469,0.994775
1045,0,0.006401,0.000381,0.993218
1046,1,0.562159,0.000894,0.436947
1047,0,0.001590,0.000369,0.998042
1048,0,0.003899,0.000498,0.995602
1049,0,0.016099,0.000315,0.983586
1050,0,0.060612,0.000587,0.938801
1051,1,0.984441,0.012798,0.002761
1052,1,0.502697,0.375878,0.121424
1053,0,0.260564,0.001612,0.737824
1054,1,0.983365,0.002770,0.013865
1055,1,0.720274,0.001114,0.278612
1056,1,0.356959,0.008639,0.634402
1057,0,0.000633,0.000744,0.998622
1058,0,0.005757,0.000579,0.993664
1059,0,0.002582,0.000444,0.996974
1060,1,0.856557,0.001045,0.142397
1061,1,0.982790,0.014890,0.002320
1062,1,0.974229,0.021890,0.003882
1063,1,0.064771,0.228178,0.707051
1064,1,0.993227,0.004608,0.002166
1065,1,0.752654,0.001287,0.246059
1066,0,0.000481,0.000592,0.998927
1067,1,0.244597,0.346661,0.408742
1068,0,0.000545,0.000598,0.998857
1069,1,0.626561,0.001220,0.372220
1070,1,0.963416,0.001009,0.035576
1071,1,0.202022,0.000881,0.797097
1072,0,0.187438,0.002322,0.810240
1073,0,0.209813,0.000792,0.789395
1074,0,0.000946,0.000483,0.998571
1075,0,0.004793,0.000500,0.994707
1076,0,0.000602,0.000579,0.998819
1077,1,0.627501,0.313588,0.058911
1078,1,0.002299,0.001516,0.996185
1079,0,0.001344,0.000455,0.998200
1080,0,0.292368,0.000708,0.706924
1081,1,0.488786,0.398838,0.112375
1082,0,0.000542,0.000589,0.998869
1083,1,0.994933,0.002420,0.002647
1084,0,0.001960,0.000507,0.997533
1085,1,0.378904,0.003180,0.617916
1086,1,0.527562,0.404970,0.067468
1087,1,0.003615,0.005770,0.990616
1088,1,0.963446,0.031264,0.005290
1089,1,0.000956,0.003516,0.995528
1090,1,0.201545,0.001138,0.797317
1091,0,0.001369,0.000361,0.998271
1092,0,0.001352,0.000673,0.997975
1093,0,0.000598,0.000478,0.998924
1094,1,0.993438,0.004367,0.002194
1095,0,0.000925,0.000452,0.998623
1096,0,0.045013,0.000450,0.954537
1097,1,0.889271,0.002559,0.108170
1098,1,0.941977,0.000863,0.057160
1099,0,0.157795,0.000728,0.841477
1100,1,0.974445,0.001193,0.024362
1101,0,0.002691,0.000609,0.996699
1102,1,0.966319,0.003262,0.030419
1103,0,0.000685,0.000471,0.998843
1104,1,0.913333,0.000927,0.085740
1105,0,0.002794,0.000346,0.996859
1106,0,0.020637,0.001077,0.978286
1107,0,0.000961,0.000334,0.998705
1108,0,0.018664,0.000599,0.980737
1109,1,0.483593,0.494573,0.021834
1110,1,0.177681,0.006761,0.815558
1111,1,0.925482,0.001965,0.072553
1112,1,0.583637,0.140948,0.275415
1113,1,0.992501,0.000988,0.006511
1114,0,0.599388,0.001357,0.399255
1115,1,0.964423,0.001034,0.034542
1116,0,0.001327,0.000557,0.998116
1117,0,0.002937,0.001175,0.995888
1118,0,0.002659,0.000362,0.996979
1119,1,0.563246,0.379927,0.056827
1120,1,0.007013,0.004134,0.988853
1121,0,0.000489,0.000600,0.998911
1122,0,0.000755,0.001371,0.997874
1123,1,0.000924,0.000521,0.998556
1124,1,0.487452,0.418361,0.094187
1125,1,0.982028,0.001218,0.016754
1126,0,0.000844,0.000401,0.998755
1127,0,0.000761,0.000499,0.998740
1128,0,0.000505,0.000537,0.998958
1129,0,0.016794,0.000436,0.982771
1130,0,0.006590,0.000407,0.993004
1131,0,0.000584,0.000472,0.998944
1132,0,0.000481,0.000584,0.998935
1133,1,0.173655,0.553429,0.272916
1134,0,0.001634,0.000358,0.998007
1135,0,0.214111,0.002033,0.783856
1136,0,0.063360,0.000507,0.936133
1137,0,0.000454,0.000908,0.998638
1138,0,0.001563,0.000362,0.998075
1139,1,0.986153,0.001377,0.012470
1140,1,0.257602,0.700254,0.042144
1141,0,0.001192,0.000349,0.998459
1142,1,0.479355,0.486506,0.034139
1143,0,0.004403,0.001053,0.994544
1144,0,0.046253,0.009155,0.944592
1145,1,0.846700,0.001386,0.151914
1146,1,0.154803,0.038097,0.807100
1147,0,0.000647,0.000423,0.998930
1148,0,0.001089,0.000344,0.998566
1149,1,0.994105,0.001128,0.004767
1150,1,0.041189,0.009200,0.949611
1151,0,0.577998,0.000842,0.421160
1152,1,0.531102,0.001583,0.467315
1153,0,0.000887,0.000379,0.998733
1154,1,0.906334,0.001330,0.092336
1155,0,0.002582,0.000463,0.996955
1156,1,0.976394,0.001629,0.021977
1157,0,0.000917,0.000372,0.998711
1158,1,0.938751,0.001074,0.060175
1159,0,0.002676,0.000420,0.996904
1160,1,0.991951,0.001182,0.006867
1161,1,0.014494,0.000470,0.985036
1162,1,0.191408,0.001711,0.806881
1163,1,0.007379,0.000387,0.992234
1164,1,0.956940,0.004467,0.038593
1165,0,0.031455,0.000892,0.967653
1166,0,0.000519,0.000498,0.998983
1167,1,0.001306,0.000830,0.997864
1168,0,0.017458,0.045320,0.937222
1169,0,0.000794,0.001087,0.998119
1170,1,0.787752,0.001290,0.210959
1171,0,0.001399,0.000380,0.998221
1172,1,0.000633,0.004324,0.995043
1173,1,0.989345,0.006081,0.004574
1174,1,0.384824,0.003324,0.611851
1175,1,0.088771,0.000624,0.910605
1176,0,0.000882,0.000414,0.998704
1177,1,0.989896,0.001509,0.008595
1178,0,0.005147,0.000363,0.994490
1179,0,0.001304,0.000376,0.998320
1180,1,0.002541,0.002068,0.995392
1181,1,0.976579,0.001730,0.021691
1182,1,0.021388,0.006618,0.971995
1183,0,0.000622,0.000488,0.998890
1184,1,0.993004,0.002037,0.004959
1185,0,0.000647,0.000427,0.998925
1186,0,0.001572,0.000413,0.998015
1187,0,0.010276,0.000920,0.988804
1188,0,0.032828,0.007738,0.959434
1189,1,0.995199,0.002457,0.002343
1190,1,0.994059,0.002418,0.003524
1191,1,0.965216,0.000891,0.033893
1192,0,0.003637,0.000349,0.996014
1193,1,0.983942,0.012527,0.003531
1194,0,0.000465,0.000680,0.998855
1195,0,0.003905,0.000550,0.995544
1196,1,0.280028,0.000855,0.719116
1197,1,0.994693,0.001106,0.004201
1198,1,0.985226,0.001786,0.012988
1199,1,0.150874,0.002775,0.846352
1200,0,0.000633,0.000456,0.998911
1201,1,0.087640,0.001905,0.910455
1202,0,0.000482,0.003379,0.996140
1203,0,0.000637,0.000427,0.998936
1204,0,0.001099,0.000331,0.998570
1205,1,0.909888,0.032859,0.057253
1206,0,0.009807,0.000447,0.989746
1207,0,0.001198,0.000687,0.998115
1208,0,0.003962,0.000788,0.995250
1209,0,0.043075,0.000727,0.956198
1210,1,0.018198,0.000449,0.981354
1211,1,0.990321,0.000840,0.008839
1212,1,0.002269,0.000404,0.997328
1213,1,0.959527,0.001804,0.038670
1214,1,0.744821,0.001119,0.254060
1215,1,0.974397,0.000749,0.024854
1216,1,0.847512,0.001219,0.151269
1217,1,0.993420,0.001797,0.004783
1218,1,0.329181,0.354702,0.316117
1219,1,0.385255,0.000960,0.613785
1220,1,0.891663,0.001345,0.106992
1221,0,0.005874,0.001330,0.992795
1222,0,0.004462,0.001133,0.994406
1223,1,0.994360,0.002411,0.003229
1224,1,0.494768,0.400203,0.105029
1225,1,0.001120,0.001030,0.997850
1226,1,0.009543,0.000469,0.989988
1227,1,0.000873,0.000581,0.998546
1228,0,0.359759,0.000895,0.639346
1229,0,0.000980,0.000551,0.998469
1230,1,0.952282,0.037583,0.010134
1231,1,0.312687,0.614945,0.072368
1232,0,0.000921,0.000458,0.998621
1233,1,0.985452,0.011041,0.003508
1234,0,0.020021,0.000340,0.979640
1235,0,0.004102,0.000513,0.995385
1236,0,0.000997,0.002714,0.996289
1237,0,0.002435,0.000393,0.997173
1238,0,0.004959,0.000325,0.994716
1239,0,0.001775,0.000379,0.997846
1240,0,0.001731,0.000368,0.997901
1241,0,0.001414,0.000361,0.998225
1242,1,0.974867,0.005543,0.019590
1243,0,0.105264,0.000525,0.894211
1244,1,0.976743,0.004155,0.019102
1245,0,0.002890,0.000482,0.996629
1246,0,0.000663,0.000551,0.998786
1247,0,0.297092,0.001175,0.701734
1248,1,0.913558,0.005282,0.081161
1249,0,0.002147,0.000540,0.997313
1250,0,0.000604,0.000460,0.998936
1251,1,0.853198,0.046206,0.100596
1252,0,0.023524,0.000706,0.975770
1253,1,0.916157,0.001687,0.082156
1254,1,0.865545,0.007250,0.127204
1255,1,0.039562,0.001049,0.959389
1256,1,0.003699,0.000285,0.996016
1257,0,0.197289,0.001533,0.801179
1258,0,0.000697,0.000599,0.998704
1259,0,0.001664,0.000410,0.997927
1260,1,0.994957,0.003094,0.001950
1261,1,0.086441,0.000905,0.912654
1262,0,0.001563,0.000665,0.997772
1263,1,0.992591,0.001183,0.006226
1264,1,0.012157,0.827122,0.160721
1265,0,0.007913,0.000373,0.991714
1266,0,0.002810,0.000338,0.996853
1267,1,0.485497,0.001810,0.512693
1268,1,0.043150,0.000431,0.956419
1269,1,0.989804,0.004772,0.005425
1270,0,0.000691,0.000564,0.998745
1271,0,0.000687,0.000455,0.998858
1272,0,0.005648,0.000319,0.994033
1273,1,0.642982,0.025515,0.331504
1274,1,0.914532,0.000923,0.084545
1275,0,0.000752,0.000432,0.998816
1276,0,0.001205,0.000573,0.998222
1277,1,0.984853,0.006434,0.008713
1278,1,0.033176,0.747271,0.219552
1279,1,0.315560,0.004928,0.679512
1280,0,0.966416,0.003095,0.030489
1281,0,0.002334,0.000400,0.997266
1282,1,0.009109,0.012544,0.978347
1283,1,0.024565,0.275281,0.700154
1284,0,0.000768,0.000458,0.998774
1285,0,0.004434,0.000489,0.995076
1286,1,0.000847,0.000763,0.998389
1287,0,0.002040,0.000518,0.997442
1288,1,0.041897,0.708821,0.249282
1289,0,0.000863,0.000467,0.998671
1290,0,0.000618,0.000515,0.998867
1291,1,0.992418,0.005061,0.002521
1292,1,0.345952,0.609965,0.044083
1293,1,0.014441,0.936663,0.048895
1294,0,0.000685,0.001130,0.998185
1295,1,0.992645,0.005360,0.001995
1296,1,0.188271,0.730811,0.080919
1297,1,0.549759,0.376501,0.073740
1298,1,0.942729,0.046413,0.010858
1299,1,0.993700,0.004060,0.002240
1300,1,0.967055,0.020651,0.012294
1301,0,0.000597,0.000504,0.998899
1302,1,0.969901,0.000848,0.029251
1303,1,0.986740,0.000888,0.012372
1304,1,0.991102,0.004227,0.004672
1305,0,0.000460,0.000600,0.998939
1306,1,0.994081,0.003276,0.002643
1307,1,0.976501,0.000894,0.022605
1308,1,0.050651,0.000893,0.948456
1309,1,0.992971,0.003738,0.003291
1310,0,0.001370,0.000729,0.997901
1311,1,0.024866,0.025792,0.949343
1312,1,0.017924,0.529697,0.452379
1313,1,0.371777,0.004410,0.623812
1314,1,0.390749,0.002056,0.607195
1315,1,0.287048,0.617285,0.095668
1316,1,0.991630,0.005476,0.002894
1317,1,0.013327,0.000701,0.985972
1318,0,0.006874,0.000344,0.992782
1319,0,0.005278,0.016370,0.978352
1320,1,0.238781,0.002773,0.758447
1321,0,0.000842,0.001027,0.998131
1322,0,0.004044,0.000400,0.995555
1323,1,0.264969,0.577108,0.157923
1324,0,0.001937,0.000316,0.997747
1325,0,0.003445,0.000294,0.996261
1326,0,0.085131,0.001712,0.913157
1327,0,0.066175,0.000629,0.933195
1328,1,0.267122,0.002764,0.730114
1329,1,0.037161,0.058132,0.904707
1330,1,0.001265,0.000681,0.998054
1331,0,0.006370,0.000637,0.992993
1332,1,0.026701,0.011767,0.961532
1333,0,0.001381,0.000469,0.998150
1334,0,0.012689,0.000483,0.986828
1335,0,0.001837,0.000431,0.997732
1336,1,0.778882,0.001221,0.219896
1337,1,0.023892,0.001810,0.974298
1338,0,0.000736,0.000461,0.998803
1339,0,0.001182,0.000367,0.998451
1340,1,0.721889,0.011525,0.266586
1341,0,0.257969,0.023351,0.718680
1342,1,0.031050,0.210610,0.758340
1343,0,0.000713,0.000733,0.998554
1344,1,0.009767,0.000411,0.989823
1345,1,0.000627,0.000970,0.998403
1346,1,0.741845,0.000962,0.257193
1347,1,0.678601,0.003319,0.318080
1348,1,0.983466,0.001449,0.015085
1349,1,0.487457,0.003128,0.509415
1350,1,0.044070,0.002163,0.953767
1351,0,0.005442,0.000471,0.994086
1352,0,0.000625,0.000428,0.998947
1353,1,0.986156,0.000894,0.012950
1354,1,0.822642,0.001284,0.176074
1355,1,0.936492,0.010267,0.053241
1356,1,0.179339,0.714058,0.106603
1357,1,0.045132,0.002954,0.951914
1358,0,0.012026,0.000450,0.987524
1359,0,0.000478,0.000581,0.998940
1360,1,0.995691,0.001567,0.002741
1361,1,0.475560,0.413612,0.110828
1362,1,0.988873,0.002293,0.008835
1363,1,0.942186,0.049295,0.008519
1364,1,0.000662,0.000458,0.998880
1365,0,0.000643,0.000428,0.998929
1366,1,0.790682,0.002052,0.207266
1367,1,0.578689,0.001155,0.420156
1368,1,0.953280,0.001177,0.045544
1369,0,0.009820,0.000765,0.989415
1370,1,0.119478,0.000747,0.879774
1371,0,0.000857,0.000452,0.998691
1372,1,0.964612,0.000910,0.034478
1373,1,0.076491,0.565169,0.358340
1374,0,0.081329,0.000993,0.917678
1375,1,0.473725,0.000878,0.525398
1376,1,0.865938,0.000866,0.133196
1377,0,0.004259,0.000670,0.995070
1378,1,0.979703,0.000999,0.019298
1379,1,0.979703,0.000999,0.019298
1380,0,0.000583,0.000502,0.998915
1381,1,0.995249,0.001870,0.002881
1382,0,0.000461,0.000613,0.998926
1383,1,0.994755,0.002511,0.002734
1384,1,0.111882,0.002448,0.885670
1385,0,0.048098,0.000502,0.951400
1386,0,0.000409,0.000949,0.998642
1387,1,0.977555,0.002129,0.020317
1388,0,0.000580,0.000581,0.998840
1389,1,0.015136,0.929225,0.055639
1390,0,0.005235,0.000294,0.994471
1391,1,0.979048,0.016674,0.004278
1392,1,0.569629,0.232168,0.198204
1393,0,0.000521,0.000531,0.998947
1394,1,0.989593,0.001113,0.009293
1395,0,0.003474,0.000370,0.996156
1396,1,0.995179,0.001959,0.002862
1397,1,0.007626,0.000839,0.991535
1398,0,0.001377,0.000352,0.998271
1399,1,0.157240,0.010689,0.832071
1400,0,0.002605,0.000321,0.997075
1401,1,0.345152,0.000939,0.653908
1402,0,0.002456,0.000376,0.997167
1403,1,0.963557,0.000821,0.035623
1404,1,0.977219,0.019164,0.003618
1405,0,0.000660,0.000431,0.998910
1406,1,0.055300,0.001573,0.943127
1407,0,0.001473,0.000989,0.997537
1408,1,0.001841,0.003224,0.994935
1409,1,0.476390,0.495692,0.027918
1410,0,0.002832,0.000661,0.996508
1411,0,0.000758,0.000398,0.998845
1412,0,0.002221,0.000307,0.997472
1413,0,0.000960,0.000396,0.998644
1414,0,0.809976,0.000952,0.189071
1415,1,0.061621,0.622539,0.315840
1416,1,0.978583,0.003544,0.017873
1417,1,0.985970,0.003949,0.010081
1418,0,0.000502,0.000653,0.998845
1419,0,0.001280,0.000508,0.998212
1420,0,0.000518,0.000662,0.998821
1421,0,0.000607,0.000912,0.998481
1422,1,0.984289,0.002109,0.013602
1423,1,0.920753,0.004023,0.075225
1424,0,0.013602,0.000508,0.985890
1425,0,0.009479,0.000491,0.990030
1426,1,0.993657,0.001735,0.004608
1427,1,0.002236,0.000917,0.996847
1428,0,0.000928,0.000394,0.998678
1429,1,0.073392,0.000515,0.926093
1430,1,0.558832,0.068283,0.372885
1431,1,0.140697,0.059312,0.799991
1432,1,0.017543,0.006581,0.975876
1433,0,0.000663,0.001099,0.998239
1434,0,0.000782,0.000391,0.998827
1435,0,0.005501,0.000293,0.994206
1436,1,0.629780,0.001040,0.369180
1437,0,0.033257,0.000575,0.966167
1438,0,0.020806,0.000766,0.978429
1439,0,0.003545,0.005605,0.990851
1440,0,0.006375,0.000329,0.993296
1441,0,0.001146,0.000482,0.998372
1442,0,0.022083,0.000543,0.977374
1443,0,0.005782,0.000396,0.993822
1444,1,0.063467,0.000616,0.935917
1445,1,0.926944,0.001041,0.072016
1446,1,0.947701,0.000766,0.051533
1447,1,0.587911,0.004452,0.407637
1448,1,0.456056,0.000816,0.543127
1449,0,0.372764,0.001006,0.626231
1450,1,0.979466,0.000800,0.019734
1451,0,0.000664,0.000473,0.998863
1452,1,0.990489,0.007216,0.002294
1453,1,0.991911,0.005211,0.002878
1454,1,0.994831,0.002735,0.002434
1455,1,0.987280,0.010628,0.002092
1456,1,0.902041,0.015179,0.082781
1457,1,0.926644,0.005881,0.067475
1458,1,0.984772,0.001203,0.014025
1459,1,0.001169,0.005104,0.993727
1460,1,0.995960,0.001545,0.002495
1461,1,0.585716,0.052881,0.361402
1462,1,0.985666,0.000990,0.013344
1463,0,0.002674,0.000288,0.997038
1464,0,0.079560,0.000634,0.919806
1465,0,0.000922,0.000390,0.998688
1466,1,0.034274,0.000701,0.965026
1467,0,0.004508,0.000345,0.995147
1468,1,0.993691,0.002689,0.003619
1469,0,0.001991,0.000301,0.997709
1470,1,0.815677,0.129611,0.054712
1471,1,0.983067,0.000741,0.016192
1472,0,0.011154,0.000337,0.988509
1473,1,0.995251,0.001163,0.003587
1474,1,0.989459,0.008934,0.001607
1475,0,0.001052,0.000343,0.998606
1476,1,0.920409,0.000991,0.078600
1477,1,0.984712,0.001498,0.013790
1478,1,0.000610,0.002632,0.996758
1479,0,0.009315,0.001345,0.989339
1480,1,0.002726,0.000517,0.996757
1481,0,0.003985,0.000516,0.995499
1482,1,0.964244,0.005203,0.030553
1483,1,0.482741,0.111845,0.405414
1484,0,0.002904,0.000479,0.996617
1485,1,0.992885,0.001366,0.005749
1486,0,0.018076,0.000500,0.981424
1487,1,0.916374,0.001133,0.082493
1488,0,0.040740,0.000519,0.958741
1489,1,0.583019,0.377239,0.039742
1490,1,0.001875,0.018169,0.979956
1491,1,0.001909,0.000748,0.997343
1492,0,0.009628,0.001636,0.988736
1493,1,0.026036,0.724609,0.249355
1494,1,0.990975,0.005109,0.003917
1495,1,0.966020,0.001090,0.032890
1496,1,0.000898,0.004999,0.994102
1497,1,0.984045,0.002342,0.013613
1498,0,0.000950,0.000346,0.998704
1499,1,0.090568,0.002792,0.906641
1500,0,0.007074,0.000794,0.992132
1501,1,0.041003,0.000429,0.958568
1502,1,0.003321,0.000276,0.996403
1503,0,0.184490,0.000657,0.814853
1504,1,0.563099,0.001282,0.435618
1505,1,0.870070,0.007484,0.122446
1506,1,0.545194,0.000923,0.453882
1507,0,0.002338,0.000352,0.997309
1508,1,0.951602,0.018755,0.029644
1509,1,0.994397,0.002422,0.003182
1510,1,0.277743,0.001033,0.721224
1511,0,0.000910,0.000458,0.998631
1512,0,0.003502,0.000320,0.996178
1513,0,0.001905,0.000516,0.997580
1514,1,0.770480,0.001348,0.228173
1515,1,0.867134,0.001706,0.131160
1516,0,0.000547,0.000476,0.998977
1517,1,0.265614,0.433901,0.300485
1518,1,0.993726,0.003459,0.002815
1519,0,0.002956,0.000426,0.996619
1520,1,0.993872,0.003893,0.002235
1521,0,0.005230,0.000542,0.994228
1522,1,0.439169,0.038930,0.521901
1523,1,0.988233,0.005134,0.006633
1524,0,0.005991,0.000417,0.993593
1525,0,0.002146,0.000369,0.997484
1526,0,0.007556,0.000956,0.991488
1527,1,0.002245,0.071821,0.925934
1528,0,0.000999,0.000598,0.998403
1529,0,0.000531,0.000536,0.998933
1530,0,0.000498,0.000537,0.998965
1531,1,0.968534,0.027594,0.003872
1532,1,0.994337,0.001605,0.004057
1533,0,0.001546,0.000586,0.997868
1534,1,0.007367,0.000270,0.992363
1535,1,0.048326,0.000668,0.951006
1536,1,0.677691,0.012105,0.310204
1537,0,0.003336,0.000395,0.996269
1538,0,0.000609,0.000518,0.998874
1539,0,0.000751,0.000470,0.998779
1540,1,0.985508,0.001302,0.013190
1541,1,0.969111,0.002564,0.028326
1542,0,0.001000,0.000410,0.998591
1543,0,0.014632,0.000424,0.984945
1544,1,0.011368,0.000384,0.988248
1545,1,0.909097,0.001395,0.089508
1546,0,0.001775,0.000362,0.997863
1547,0,0.000858,0.000534,0.998608
1548,0,0.062743,0.000529,0.936727
1549,1,0.576329,0.001461,0.422210
1550,1,0.412199,0.001772,0.586029
1551,1,0.989384,0.000812,0.009804
1552,0,0.001645,0.000339,0.998017
1553,1,0.971910,0.001034,0.027056
1554,1,0.697844,0.002544,0.299612
1555,1,0.989116,0.008383,0.002500
1556,1,0.440271,0.000800,0.558930
1557,0,0.000632,0.000446,0.998923
1558,1,0.388314,0.368334,0.243352
1559,0,0.002724,0.000359,0.996917
1560,1,0.129838,0.000865,0.869297
1561,1,0.933682,0.000880,0.065438
1562,0,0.034785,0.000433,0.964782
1563,0,0.000710,0.000428,0.998862
1564,0,0.085326,0.000663,0.914011
1565,0,0.010036,0.000544,0.989420
1566,0,0.000938,0.000357,0.998706
1567,0,0.014392,0.000378,0.985230
1568,1,0.988246,0.003363,0.008391
1569,1,0.251030,0.001307,0.747663
1570,0,0.217309,0.000625,0.782066
1571,0,0.003282,0.000604,0.996114
1572,0,0.002148,0.000367,0.997485
1573,0,0.001360,0.000494,0.998146
1574,0,0.000884,0.000421,0.998695
1575,0,0.004544,0.000424,0.995032
1576,1,0.951294,0.001634,0.047072
1577,1,0.006560,0.000568,0.992872
1578,0,0.092840,0.001546,0.905614
1579,1,0.541285,0.237704,0.221011
1580,1,0.687220,0.221670,0.091110
1581,0,0.001873,0.001663,0.996464
1582,1,0.030999,0.081524,0.887478
1583,1,0.428860,0.000802,0.570338
1584,0,0.010746,0.000361,0.988893
1585,0,0.046822,0.000505,0.952673
1586,0,0.141564,0.001529,0.856908
1587,0,0.001685,0.000816,0.997500
1588,0,0.003890,0.000428,0.995682
1589,0,0.003093,0.000491,0.996416
1590,1,0.598339,0.317741,0.083919
1591,1,0.000871,0.000499,0.998630
1592,1,0.992552,0.002015,0.005433
1593,0,0.000721,0.000523,0.998756
1594,0,0.979511,0.002935,0.017555
1595,0,0.005727,0.000328,0.993945
1596,0,0.000522,0.000609,0.998869
1597,1,0.002754,0.003329,0.993917
1598,1,0.991946,0.006183,0.001871
1599,0,0.004328,0.000358,0.995314
1600,0,0.034219,0.000763,0.965019
1601,1,0.025566,0.000465,0.973969
1602,0,0.001071,0.000698,0.998230
1603,1,0.989020,0.001142,0.009838
1604,0,0.029368,0.000422,0.970210
1605,1,0.006880,0.007280,0.985840
1606,0,0.003899,0.000367,0.995734
1607,0,0.004993,0.000320,0.994687
1608,1,0.939825,0.002282,0.057893
1609,1,0.478834,0.008607,0.512559
1610,1,0.874243,0.001026,0.124731
1611,1,0.968212,0.000859,0.030929
1612,1,0.358263,0.482742,0.158995
1613,0,0.000779,0.000685,0.998535
1614,1,0.993614,0.002278,0.004109
1615,1,0.115303,0.001095,0.883602
1616,1,0.057420,0.000652,0.941928
1617,0,0.966349,0.000785,0.032866
1618,1,0.002671,0.000578,0.996750
1619,1,0.990768,0.002939,0.006293
1620,1,0.953280,0.003812,0.042908
1621,0,0.001125,0.000350,0.998525
1622,0,0.001001,0.000403,0.998596
1623,1,0.052934,0.007079,0.939987
1624,1,0.037898,0.664467,0.297635
1625,0,0.000769,0.000459,0.998772
1626,0,0.977495,0.000748,0.021757
1627,0,0.001134,0.000791,0.998074
1628,1,0.991381,0.003393,0.005226
1629,0,0.002221,0.000451,0.997328
1630,0,0.000538,0.000515,0.998948
1631,0,0.000959,0.000531,0.998510
1632,0,0.126848,0.000582,0.872569
1633,1,0.946938,0.001522,0.051540
1634,1,0.584663,0.085879,0.329458
1635,1,0.360090,0.518220,0.121691
1636,1,0.018454,0.010012,0.971534
1637,1,0.994790,0.002024,0.003186
1638,1,0.956235,0.001357,0.042408
1639,0,0.002965,0.000359,0.996677
1640,0,0.000627,0.000457,0.998916
1641,1,0.981740,0.001554,0.016706
1642,1,0.992909,0.002790,0.004301
1643,0,0.002857,0.000419,0.996724
1644,1,0.142880,0.003931,0.853189
1645,1,0.250007,0.000749,0.749244
1646,0,0.005784,0.002520,0.991695
1647,1,0.063651,0.005006,0.931342
1648,1,0.994253,0.003472,0.002275
1649,1,0.991746,0.003091,0.005162
1650,0,0.012085,0.000377,0.987538
1651,1,0.987928,0.006932,0.005139
1652,0,0.001928,0.000376,0.997696
1653,0,0.002671,0.000466,0.996863
1654,0,0.008279,0.000523,0.991198
1655,1,0.990261,0.000860,0.008879
1656,1,0.002105,0.001052,0.996843
1657,1,0.930205,0.002698,0.067097
1658,1,0.459734,0.414879,0.125387
1659,1,0.151414,0.002407,0.846180
1660,1,0.992626,0.001012,0.006362
1661,0,0.459976,0.001318,0.538706
1662,0,0.008483,0.000332,0.991185
1663,1,0.108781,0.056538,0.834681
1664,1,0.170124,0.001141,0.828735
1665,0,0.008569,0.000618,0.990813
1666,0,0.889484,0.001054,0.109463
1667,0,0.000627,0.000447,0.998926
1668,0,0.441289,0.001045,0.557667
1669,0,0.002431,0.000440,0.997129
1670,1,0.954362,0.010399,0.035239
1671,0,0.001089,0.000359,0.998552
1672,1,0.984610,0.007740,0.007651
1673,1,0.961547,0.002170,0.036283
1674,0,0.993124,0.001947,0.004929
1675,1,0.011868,0.017301,0.970831
1676,0,0.002084,0.000358,0.997558
1677,1,0.008232,0.003029,0.988739
1678,0,0.002631,0.000431,0.996938
1679,0,0.047041,0.000586,0.952373
1680,0,0.001015,0.000529,0.998456
1681,0,0.001217,0.000342,0.998441
1682,1,0.002147,0.000583,0.997271
1683,0,0.000877,0.000374,0.998749
1684,1,0.023119,0.642172,0.334709
1685,1,0.002515,0.000801,0.996685
1686,1,0.955076,0.005448,0.039476
1687,0,0.001118,0.000462,0.998420
1688,0,0.225717,0.002328,0.771955
1689,1,0.974193,0.002333,0.023474
1690,1,0.874174,0.000883,0.124942
1691,1,0.291356,0.000822,0.707822
1692,1,0.955848,0.001306,0.042846
1693,0,0.000736,0.000546,0.998718
1694,1,0.063103,0.191525,0.745372
1695,1,0.991561,0.000975,0.007464
1696,1,0.983505,0.001280,0.015215
1697,0,0.004873,0.000480,0.994647
1698,0,0.002733,0.000679,0.996589
1699,1,0.987011,0.001191,0.011798
1700,0,0.044488,0.000602,0.954911
1701,1,0.637538,0.002255,0.360207
1702,0,0.006852,0.000401,0.992747
1703,0,0.002267,0.000660,0.997072
1704,1,0.017633,0.000464,0.981902
1705,1,0.001292,0.004270,0.994438
1706,0,0.002619,0.000350,0.997031
1707,0,0.002156,0.000486,0.997358
1708,0,0.001591,0.000323,0.998086
1709,0,0.001726,0.000402,0.997872
1710,0,0.320073,0.568671,0.111256
1711,1,0.001688,0.001605,0.996708
1712,1,0.007239,0.000547,0.992215
1713,1,0.013236,0.000367,0.986397
1714,0,0.000949,0.000387,0.998664
1715,0,0.002774,0.002026,0.995200
1716,1,0.651216,0.001186,0.347598
1717,1,0.108136,0.732126,0.159738
1718,1,0.100040,0.001109,0.898851
1719,0,0.001194,0.000367,0.998439
1720,0,0.000723,0.000478,0.998799
1721,1,0.002369,0.000520,0.997112
1722,1,0.924236,0.000868,0.074897
1723,1,0.011498,0.000761,0.987740
1724,0,0.004891,0.001931,0.993178
1725,0,0.001970,0.000352,0.997679
1726,1,0.994568,0.001305,0.004127
1727,0,0.003209,0.000367,0.996424
1728,1,0.049091,0.001951,0.948957
1729,1,0.989449,0.001376,0.009175
1730,0,0.906316,0.000764,0.092920
1731,0,0.000898,0.000347,0.998755
1732,1,0.837159,0.001071,0.161770
1733,1,0.990881,0.002041,0.007079
1734,0,0.000555,0.000511,0.998934
1735,1,0.916256,0.035379,0.048365
1736,1,0.146222,0.752669,0.101109
1737,0,0.002938,0.003641,0.993420
1738,1,0.262380,0.690893,0.046728
1739,1,0.932318,0.048465,0.019217
1740,0,0.001245,0.000516,0.998239
1741,1,0.003563,0.007004,0.989433
1742,1,0.990799,0.001827,0.007374
1743,0,0.004578,0.000308,0.995115
1744,0,0.001202,0.000751,0.998047
1745,0,0.000769,0.000480,0.998751
1746,0,0.004812,0.000373,0.994815
1747,0,0.253464,0.001166,0.745370
1748,0,0.001082,0.000385,0.998533
1749,0,0.108319,0.000710,0.890971
1750,1,0.460883,0.005002,0.534115
1751,1,0.982108,0.016309,0.001583
1752,1,0.846657,0.002308,0.151035
1753,1,0.945358,0.000757,0.053885
1754,0,0.001276,0.000383,0.998341
1755,1,0.002320,0.031922,0.965758
1756,1,0.040726,0.000525,0.958750
1757,1,0.868451,0.003023,0.128525
1758,1,0.006915,0.331082,0.662003
1759,1,0.993891,0.002290,0.003819
1760,1,0.994086,0.002142,0.003772
1761,0,0.011152,0.000441,0.988407
1762,0,0.000731,0.000392,0.998877
1763,0,0.000591,0.000487,0.998922
1764,1,0.981722,0.001006,0.017273
1765,1,0.650747,0.311171,0.038082
1766,1,0.002200,0.009953,0.987847
1767,0,0.656886,0.000845,0.342269
1768,1,0.505442,0.020151,0.474407
1769,1,0.464815,0.457688,0.077497
1770,0,0.000682,0.000444,0.998874
1771,0,0.001281,0.000488,0.998231
1772,1,0.001633,0.000797,0.997570
1773,0,0.174467,0.000928,0.824606
1774,0,0.010843,0.000728,0.988430
1775,1,0.001209,0.000450,0.998341
1776,1,0.659962,0.002039,0.337999
1777,1,0.871094,0.001745,0.127161
1778,1,0.957456,0.003013,0.039531
1779,0,0.001073,0.000473,0.998454
1780,0,0.001803,0.000524,0.997672
1781,1,0.012226,0.000589,0.987185
1782,0,0.000809,0.000372,0.998819
1783,1,0.391863,0.469924,0.138213
1784,1,0.940003,0.001154,0.058843
1785,1,0.991121,0.001318,0.007561
1786,1,0.011175,0.418809,0.570016
1787,0,0.000987,0.001548,0.997465
1788,1,0.954626,0.000678,0.044696
1789,0,0.001722,0.000638,0.997640
1790,0,0.055647,0.000775,0.943577
1791,1,0.006953,0.003193,0.989854
1792,1,0.878262,0.002040,0.119698
1793,1,0.449849,0.001437,0.548715
1794,1,0.025619,0.000731,0.973650
1795,1,0.184952,0.205035,0.610013
1796,1,0.028250,0.400973,0.570777
1797,1,0.001196,0.000407,0.998396
1798,0,0.001221,0.000493,0.998286
1799,1,0.983946,0.000991,0.015063
1800,1,0.988213,0.000890,0.010897
1801,0,0.068236,0.002880,0.928883
1802,0,0.002479,0.000419,0.997103
1803,0,0.116652,0.000558,0.882791
1804,0,0.001393,0.000406,0.998201
1805,1,0.990113,0.005279,0.004608
1806,0,0.000947,0.000376,0.998677
1807,0,0.013136,0.000737,0.986126
1808,0,0.000944,0.000482,0.998573
1809,1,0.241782,0.000931,0.757287
1810,1,0.989282,0.001742,0.008976
1811,0,0.001750,0.000970,0.997281
1812,0,0.955398,0.001219,0.043383
1813,0,0.001053,0.000913,0.998035
1814,0,0.000622,0.000491,0.998887
1815,1,0.578554,0.005465,0.415981
1816,0,0.002156,0.001519,0.996326
1817,0,0.008594,0.000427,0.990979
1818,0,0.002133,0.000355,0.997512
1819,1,0.431318,0.001247,0.567435
1820,0,0.002589,0.001228,0.996183
1821,1,0.088384,0.000697,0.910918
1822,1,0.001299,0.000374,0.998327
1823,0,0.000846,0.000488,0.998666
1824,0,0.003229,0.000445,0.996325
1825,1,0.006840,0.016949,0.976210
1826,1,0.993303,0.004450,0.002247
1827,0,0.045153,0.007397,0.947449
1828,1,0.012222,0.000638,0.987141
1829,0,0.004683,0.000338,0.994979
1830,1,0.009800,0.001700,0.988500
1831,1,0.145543,0.001074,0.853382
1832,1,0.000433,0.001818,0.997750
1833,1,0.143916,0.000873,0.855210
1834,1,0.051935,0.004864,0.943201
1835,1,0.667454,0.313238,0.019307
1836,1,0.935433,0.048614,0.015953
1837,0,0.049582,0.000391,0.950027
1838,0,0.619144,0.001863,0.378993
1839,0,0.000879,0.000429,0.998692
1840,0,0.002227,0.000335,0.997437
1841,1,0.008791,0.000800,0.990409
1842,0,0.000971,0.000406,0.998623
1843,1,0.961993,0.018309,0.019698
1844,1,0.003535,0.000872,0.995593
1845,1,0.319795,0.001320,0.678885
1846,0,0.003231,0.000334,0.996435
1847,1,0.993124,0.002186,0.004690
1848,0,0.032237,0.000714,0.967048
1849,0,0.021649,0.001576,0.976775
1850,0,0.002314,0.000492,0.997194
1851,0,0.001605,0.001774,0.996621
1852,0,0.000790,0.001161,0.998049
1853,0,0.002944,0.000283,0.996773
1854,0,0.002406,0.000598,0.996996
1855,1,0.038457,0.223944,0.737598
1856,1,0.147048,0.000533,0.852418
1857,1,0.989444,0.007742,0.002814
1858,1,0.990098,0.003678,0.006223
1859,1,0.950104,0.001009,0.048886
1860,0,0.001247,0.000421,0.998332
1861,1,0.001426,0.001451,0.997123
1862,0,0.000744,0.000417,0.998840
1863,1,0.992777,0.003447,0.003776
1864,0,0.000500,0.000585,0.998915
1865,1,0.993786,0.002257,0.003957
1866,0,0.005968,0.000381,0.993651
1867,1,0.985162,0.004087,0.010751
1868,0,0.001483,0.000348,0.998169
1869,1,0.987311,0.001019,0.011669
1870,1,0.986631,0.001884,0.011485
1871,1,0.347974,0.000868,0.651158
1872,0,0.000614,0.000514,0.998872
1873,1,0.677852,0.001403,0.320745
1874,0,0.001762,0.000491,0.997746
1875,0,0.001258,0.000384,0.998358
1876,1,0.971615,0.000909,0.027476
1877,0,0.000869,0.000414,0.998716
1878,0,0.000820,0.000455,0.998724
1879,1,0.145151,0.026244,0.828605
1880,1,0.995222,0.002791,0.001987
1881,0,0.002288,0.000380,0.997332
1882,1,0.991663,0.006095,0.002242
1883,0,0.000616,0.000461,0.998922
1884,0,0.003188,0.000643,0.996169
1885,1,0.986940,0.001669,0.011391
1886,1,0.940778,0.047492,0.011730
1887,1,0.787522,0.089054,0.123424
1888,1,0.917198,0.001850,0.080951
1889,1,0.880110,0.017907,0.101983
1890,0,0.028556,0.001030,0.970415
1891,1,0.958920,0.037188,0.003892
1892,0,0.983598,0.006939,0.009463
1893,0,0.001009,0.001108,0.997883
1894,1,0.978214,0.001717,0.020070
1895,0,0.007412,0.000414,0.992173
1896,0,0.020292,0.000412,0.979296
1897,1,0.000862,0.000529,0.998609
1898,0,0.000942,0.000391,0.998667
1899,1,0.855603,0.001115,0.143282
1900,1,0.981394,0.010201,0.008405
1901,0,0.004208,0.000453,0.995339
1902,0,0.009009,0.000664,0.990327
1903,1,0.001053,0.000534,0.998413
1904,1,0.986107,0.001968,0.011925
1905,0,0.105101,0.000610,0.894289
1906,1,0.259599,0.002051,0.738350
1907,0,0.000461,0.001131,0.998409
1908,0,0.002024,0.000438,0.997537
1909,0,0.000730,0.000931,0.998339
1910,0,0.000839,0.000469,0.998691
1911,0,0.001323,0.000477,0.998201
1912,1,0.358595,0.001533,0.639872
1913,0,0.043486,0.000414,0.956100
1914,1,0.002480,0.001032,0.996488
1915,1,0.132399,0.748635,0.118966
1916,1,0.005746,0.001633,0.992621
1917,0,0.001375,0.000464,0.998162
1918,0,0.550761,0.219858,0.229381
1919,0,0.000822,0.000837,0.998340
1920,0,0.618436,0.002745,0.378819
1921,0,0.010746,0.032515,0.956739
1922,1,0.349339,0.321657,0.329004
1923,1,0.971222,0.002130,0.026648
1924,1,0.966848,0.001633,0.031520
1925,0,0.000925,0.000666,0.998408
1926,0,0.001097,0.000560,0.998343
1927,0,0.002014,0.000571,0.997415
1928,1,0.956387,0.000831,0.042781
1929,1,0.993064,0.004736,0.002200
1930,1,0.018743,0.000484,0.980773
1931,0,0.084336,0.000561,0.915103
1932,0,0.000743,0.000418,0.998839
1933,0,0.136259,0.000522,0.863219
1934,0,0.028614,0.000427,0.970959
1935,1,0.033823,0.002448,0.963729
1936,1,0.638409,0.009981,0.351610
1937,0,0.107709,0.000625,0.891667
1938,0,0.006339,0.000354,0.993307
1939,1,0.958085,0.002279,0.039636
1940,0,0.001140,0.000762,0.998099
1941,1,0.980760,0.000710,0.018530
1942,0,0.010046,0.000599,0.989355
1943,0,0.000553,0.000525,0.998922
1944,0,0.000558,0.000533,0.998909
1945,1,0.698239,0.022446,0.279315
1946,1,0.001427,0.002122,0.996451
1947,1,0.626699,0.347097,0.026204
1948,1,0.963069,0.003417,0.033514
1949,0,0.000638,0.000482,0.998880
1950,0,0.002959,0.000435,0.996606
1951,1,0.556076,0.000943,0.442981
1952,0,0.001747,0.000493,0.997760
1953,1,0.002891,0.000594,0.996514
1954,1,0.013230,0.002116,0.984654
1955,1,0.143896,0.000758,0.855346
1956,1,0.072138,0.000990,0.926872
1957,1,0.908904,0.079468,0.011628
1958,1,0.003476,0.000788,0.995736
1959,1,0.995389,0.001939,0.002672
1960,0,0.001586,0.000498,0.997916
1961,1,0.467891,0.000871,0.531237
1962,1,0.930606,0.056370,0.013024
1963,1,0.920795,0.000753,0.078452
1964,0,0.659518,0.000903,0.339578
1965,1,0.083657,0.456276,0.460067
1966,1,0.165713,0.703526,0.130760
1967,0,0.002628,0.000309,0.997063
1968,1,0.732537,0.012669,0.254794
1969,0,0.017651,0.000426,0.981922
1970,0,0.000595,0.000472,0.998933
1971,0,0.000534,0.000504,0.998962
1972,0,0.000574,0.000451,0.998976
1973,0,0.000910,0.000933,0.998157
1974,0,0.001404,0.041544,0.957052
1975,1,0.098624,0.718561,0.182815
1976,1,0.988319,0.000920,0.010761
1977,1,0.992885,0.005103,0.002012
1978,0,0.105604,0.000500,0.893897
1979,0,0.000786,0.000451,0.998763
1980,1,0.980159,0.016457,0.003384
1981,1,0.986081,0.008614,0.005305
1982,1,0.112736,0.690462,0.196802
1983,1,0.000713,0.000484,0.998802
1984,0,0.005701,0.000301,0.993998
1985,0,0.002136,0.000300,0.997564
1986,1,0.305648,0.377874,0.316478
1987,1,0.079145,0.001139,0.919716
1988,0,0.001311,0.000388,0.998301
1989,0,0.017960,0.000754,0.981286
1990,1,0.003709,0.000865,0.995426
1991,0,0.006480,0.000313,0.993207
1992,0,0.007860,0.000470,0.991670
1993,1,0.660549,0.001122,0.338329
1994,0,0.014965,0.000367,0.984669
1995,1,0.159258,0.166353,0.674388
1996,1,0.009074,0.000611,0.990315
1997,1,0.981854,0.003317,0.014829
1998,0,0.000540,0.000512,0.998948
1999,1,0.356809,0.001547,0.641644
2000,0,0.013960,0.000365,0.985674
2001,0,0.001258,0.000401,0.998341
2002,0,0.001624,0.027426,0.970950
2003,0,0.001729,0.000471,0.997800
2004,1,0.415071,0.001850,0.583079
2005,0,0.001042,0.000457,0.998501
2006,0,0.003145,0.000426,0.996429
2007,1,0.981086,0.005074,0.013840
2008,1,0.500082,0.000976,0.498942
2009,1,0.008767,0.000437,0.990795
2010,1,0.748559,0.001497,0.249944
2011,0,0.085722,0.000734,0.913545
2012,1,0.980934,0.005048,0.014017
2013,1,0.020581,0.000331,0.979089
2014,0,0.002514,0.000343,0.997143
2015,0,0.354291,0.001156,0.644553
2016,1,0.210752,0.000831,0.788417
2017,1,0.981239,0.000854,0.017907
2018,0,0.973174,0.014925,0.011901
2019,0,0.000714,0.000475,0.998811
2020,0,0.000511,0.000605,0.998884
2021,1,0.027698,0.012572,0.959730
2022,1,0.094684,0.026730,0.878586
2023,1,0.986738,0.000907,0.012355
2024,0,0.061301,0.000750,0.937949
2025,0,0.925732,0.000825,0.073443
2026,0,0.028911,0.000597,0.970492
2027,1,0.982722,0.013344,0.003934
2028,0,0.000644,0.000466,0.998889
2029,1,0.015033,0.001212,0.983755
2030,0,0.000627,0.000853,0.998520
2031,0,0.010088,0.001874,0.988038
2032,0,0.000675,0.000684,0.998640
2033,1,0.342884,0.003672,0.653444
2034,1,0.006837,0.008470,0.984693
2035,0,0.020206,0.000466,0.979329
2036,0,0.002720,0.000315,0.996965
2037,1,0.937526,0.004245,0.058229
2038,1,0.254692,0.002020,0.743288
2039,0,0.000726,0.000382,0.998892
2040,1,0.633865,0.246141,0.119994
2041,1,0.115394,0.282190,0.602416
2042,0,0.000640,0.000419,0.998941
2043,0,0.006369,0.000306,0.993325
2044,0,0.000605,0.000624,0.998771
2045,0,0.004879,0.000525,0.994595
2046,1,0.806939,0.000947,0.192114
2047,1,0.978700,0.002434,0.018866
2048,1,0.180759,0.001034,0.818207
2049,0,0.001669,0.000806,0.997525
2050,0,0.006307,0.002475,0.991218
2051,1,0.060538,0.332058,0.607404
2052,0,0.002404,0.000395,0.997201
2053,0,0.000600,0.000483,0.998917
2054,1,0.940745,0.001103,0.058152
2055,1,0.980759,0.003668,0.015573
2056,1,0.985637,0.000882,0.013481
2057,1,0.000992,0.000636,0.998372
2058,1,0.004603,0.008836,0.986560
2059,0,0.002004,0.000631,0.997365
2060,1,0.909021,0.000748,0.090232
2061,1,0.046290,0.125892,0.827818
2062,0,0.026774,0.002547,0.970678
2063,0,0.000715,0.000775,0.998509
2064,0,0.001577,0.000696,0.997727
2065,1,0.981624,0.004088,0.014288
2066,1,0.362519,0.044753,0.592729
2067,1,0.991512,0.001587,0.006901
2068,1,0.038467,0.000701,0.960832
2069,1,0.306617,0.000974,0.692409
2070,1,0.002229,0.002129,0.995643
2071,0,0.002602,0.000339,0.997059
2072,1,0.990535,0.004572,0.004893
2073,1,0.387490,0.001631,0.610879
2074,0,0.004266,0.000338,0.995396
2075,1,0.344458,0.041264,0.614278
2076,1,0.987474,0.001807,0.010719
2077,1,0.099059,0.116413,0.784528
2078,1,0.306211,0.515776,0.178013
2079,0,0.001711,0.000495,0.997794
2080,0,0.000697,0.000518,0.998785
2081,1,0.993829,0.001819,0.004352
2082,1,0.127233,0.000812,0.871955
2083,1,0.315252,0.000870,0.683878
2084,0,0.008501,0.000317,0.991182
2085,0,0.003717,0.000435,0.995848
2086,0,0.024656,0.000535,0.974809
2087,0,0.000739,0.000434,0.998827
2088,1,0.415370,0.001113,0.583516
2089,1,0.001297,0.000966,0.997737
2090,0,0.000715,0.000420,0.998865
2091,1,0.919329,0.014811,0.065860
2092,1,0.861689,0.092945,0.045366
2093,0,0.002709,0.000361,0.996930
2094,1,0.310546,0.003756,0.685698
2095,0,0.001345,0.000434,0.998220
2096,0,0.000479,0.000629,0.998892
2097,0,0.000688,0.000579,0.998733
2098,0,0.002045,0.000401,0.997553
2099,0,0.000960,0.000414,0.998627
2100,1,0.229499,0.001709,0.768792
2101,1,0.940097,0.002042,0.057861
2102,0,0.001241,0.000318,0.998441
2103,0,0.000506,0.000530,0.998964
2104,0,0.002329,0.000443,0.997228
2105,0,0.002239,0.000315,0.997447
2106,0,0.001812,0.001464,0.996724
2107,0,0.001062,0.002334,0.996604
2108,1,0.592488,0.361017,0.046496
2109,0,0.000986,0.000349,0.998665
2110,1,0.992138,0.001883,0.005979
2111,1,0.005329,0.039258,0.955413
2112,0,0.001228,0.000595,0.998177
2113,1,0.003016,0.001164,0.995820
2114,0,0.007385,0.001736,0.990878
2115,0,0.001265,0.000317,0.998418
2116,1,0.088950,0.002156,0.908894
2117,1,0.195889,0.001265,0.802846
2118,1,0.561980,0.304707,0.133313
2119,1,0.889823,0.001121,0.109056
2120,0,0.005279,0.000455,0.994265
2121,1,0.990998,0.006089,0.002913
2122,1,0.340660,0.593264,0.066076
2123,0,0.006551,0.000612,0.992837
2124,0,0.003727,0.000297,0.995976
2125,0,0.002040,0.000509,0.997451
2126,1,0.995405,0.001961,0.002634
2127,1,0.008947,0.000394,0.990658
2128,0,0.003356,0.001570,0.995073
2129,0,0.920246,0.001849,0.077906
2130,1,0.016514,0.004983,0.978503
2131,1,0.142876,0.132823,0.724302
2132,1,0.031380,0.000339,0.968280
2133,1,0.027362,0.000524,0.972114
2134,0,0.001797,0.001821,0.996382
2135,0,0.386084,0.002347,0.611569
2136,0,0.962355,0.001751,0.035894
2137,0,0.000644,0.001721,0.997635
2138,1,0.993623,0.003365,0.003012
2139,1,0.073477,0.000601,0.925922
2140,0,0.000726,0.000428,0.998846
2141,0,0.000872,0.001187,0.997942
2142,0,0.001444,0.000501,0.998055
2143,1,0.088238,0.003369,0.908393
2144,0,0.002429,0.000844,0.996727
2145,0,0.022442,0.000517,0.977041
2146,1,0.014443,0.001160,0.984398
2147,0,0.000965,0.000382,0.998652
2148,0,0.001035,0.000475,0.998490
2149,0,0.001443,0.000545,0.998012
2150,1,0.108158,0.001569,0.890273
2151,0,0.019055,0.000462,0.980483
2152,1,0.958941,0.036621,0.004438
2153,0,0.007600,0.000566,0.991834
2154,0,0.000490,0.000540,0.998970
2155,0,0.004628,0.000446,0.994926
2156,1,0.954283,0.003104,0.042613
2157,1,0.833697,0.001665,0.164638
2158,1,0.099556,0.002024,0.898420
2159,1,0.006324,0.000427,0.993249
2160,0,0.238200,0.001249,0.760552
2161,0,0.000945,0.000452,0.998603
2162,1,0.000632,0.000473,0.998895
2163,1,0.559185,0.000961,0.439854
2164,0,0.304394,0.002655,0.692951
2165,0,0.000723,0.000672,0.998605
2166,1,0.987928,0.001022,0.011051
2167,1,0.801554,0.001849,0.196596
2168,0,0.000543,0.000520,0.998937
2169,0,0.008858,0.000738,0.990405
2170,0,0.001124,0.000340,0.998536
2171,0,0.000649,0.000440,0.998912
2172,1,0.612118,0.362999,0.024882
2173,1,0.002912,0.000965,0.996122
2174,0,0.008041,0.000404,0.991555
2175,0,0.000747,0.000628,0.998625
2176,0,0.001467,0.000345,0.998188
2177,0,0.001300,0.000324,0.998375
2178,0,0.001553,0.000429,0.998018
2179,0,0.001186,0.001550,0.997264
2180,1,0.995815,0.002311,0.001874
2181,0,0.280879,0.000931,0.718190
2182,1,0.462998,0.508623,0.028380
2183,0,0.002575,0.000556,0.996869
2184,0,0.019593,0.000629,0.979779
2185,0,0.025209,0.000419,0.974371
2186,0,0.001131,0.003589,0.995280
2187,0,0.000483,0.000551,0.998966
2188,0,0.001087,0.000537,0.998376
2189,1,0.565513,0.352327,0.082161
2190,1,0.624698,0.001122,0.374180
2191,1,0.138405,0.072610,0.788985
2192,0,0.034296,0.000494,0.965210
2193,0,0.063692,0.000689,0.935619
2194,0,0.005462,0.000259,0.994279
2195,1,0.001113,0.000628,0.998259
2196,0,0.000557,0.000545,0.998898
2197,0,0.003240,0.000514,0.996247
2198,0,0.001865,0.000384,0.997751
2199,0,0.173251,0.001113,0.825636
2200,0,0.987439,0.005043,0.007518
2201,1,0.975849,0.001142,0.023010
2202,1,0.000529,0.000985,0.998486
2203,1,0.811064,0.002919,0.186017
2204,0,0.107038,0.000950,0.892012
2205,0,0.000800,0.000402,0.998798
2206,0,0.001951,0.000336,0.997713
2207,0,0.001163,0.000383,0.998454
2208,0,0.560219,0.001579,0.438202
2209,1,0.995099,0.001309,0.003591
2210,0,0.001587,0.000399,0.998014
2211,0,0.001214,0.000354,0.998432
2212,0,0.000544,0.000759,0.998697
2213,0,0.000607,0.000481,0.998912
2214,1,0.990803,0.003774,0.005423
2215,1,0.001743,0.002119,0.996138
2216,1,0.008893,0.000830,0.990277
2217,1,0.001134,0.001075,0.997790
2218,0,0.001103,0.000360,0.998537
2219,1,0.992331,0.001003,0.006666
2220,0,0.004879,0.000349,0.994772
2221,1,0.991610,0.001144,0.007246
2222,1,0.005298,0.000915,0.993787
2223,1,0.994141,0.003354,0.002505
2224,1,0.052203,0.000465,0.947332
2225,0,0.011781,0.000410,0.987809
2226,0,0.004036,0.000415,0.995548
2227,0,0.001918,0.000356,0.997725
2228,0,0.000770,0.001152,0.998078
2229,0,0.000841,0.000555,0.998605
2230,0,0.834871,0.000877,0.164253
2231,1,0.949262,0.001229,0.049509
2232,1,0.937110,0.000714,0.062176
2233,1,0.966229,0.002985,0.030786
2234,0,0.002142,0.000622,0.997236
2235,0,0.007425,0.000260,0.992315
2236,0,0.173898,0.000731,0.825372
2237,1,0.167607,0.503640,0.328754
2238,0,0.938514,0.007523,0.053963
2239,0,0.039837,0.000431,0.959732
2240,0,0.000923,0.000575,0.998501
2241,1,0.745155,0.001049,0.253797
2242,1,0.973227,0.000753,0.026020
2243,0,0.000824,0.001186,0.997990
2244,0,0.000802,0.000592,0.998607
2245,0,0.353635,0.001288,0.645077
2246,1,0.954724,0.029082,0.016194
2247,1,0.059242,0.590822,0.349937
2248,1,0.291174,0.598735,0.110092
2249,0,0.002542,0.000405,0.997053
2250,0,0.276721,0.000752,0.722527
2251,0,0.000747,0.000576,0.998678
2252,1,0.962415,0.006314,0.031271
2253,1,0.041985,0.558999,0.399016
2254,1,0.485754,0.001486,0.512760
2255,1,0.177293,0.575409,0.247298
2256,1,0.077625,0.000610,0.921765
2257,0,0.000605,0.000488,0.998906
2258,0,0.001966,0.000334,0.997700
2259,1,0.845930,0.009727,0.144343
2260,0,0.005890,0.000727,0.993384
2261,1,0.008498,0.000636,0.990866
2262,0,0.002655,0.000343,0.997003
2263,0,0.435916,0.001027,0.563057
2264,0,0.496791,0.000774,0.502435
2265,0,0.001615,0.000317,0.998068
2266,1,0.199792,0.220524,0.579684
2267,1,0.918729,0.010819,0.070452
2268,0,0.001377,0.000315,0.998307
2269,1,0.119527,0.065828,0.814645
2270,0,0.000485,0.000668,0.998846
2271,1,0.993329,0.000957,0.005714
2272,1,0.138194,0.568683,0.293123
2273,1,0.178465,0.524991,0.296544
2274,1,0.974681,0.001106,0.024213
2275,1,0.076198,0.000972,0.922829
2276,1,0.312586,0.026658,0.660756
2277,1,0.031039,0.001184,0.967777
2278,0,0.017830,0.000365,0.981806
2279,0,0.001799,0.001037,0.997164
2280,1,0.057761,0.012455,0.929783
2281,0,0.010916,0.000417,0.988667
2282,0,0.985900,0.001330,0.012770
2283,0,0.000990,0.000329,0.998681
2284,1,0.993845,0.002037,0.004117
2285,1,0.003911,0.000693,0.995396
2286,1,0.279433,0.003086,0.717481
2287,0,0.000952,0.000335,0.998713
2288,1,0.981313,0.001112,0.017575
2289,0,0.001012,0.000482,0.998506
2290,0,0.001580,0.000455,0.997966
2291,1,0.229277,0.005618,0.765105
2292,0,0.003004,0.000395,0.996600
2293,0,0.002538,0.000385,0.997077
2294,0,0.001229,0.000437,0.998335
2295,0,0.001061,0.000792,0.998147
2296,0,0.001047,0.000412,0.998541
2297,1,0.000856,0.001801,0.997343
2298,1,0.915369,0.003390,0.081241
2299,0,0.000779,0.000450,0.998771
2300,1,0.301711,0.002935,0.695354
2301,1,0.478228,0.002640,0.519132
2302,0,0.004580,0.000434,0.994986
2303,1,0.995230,0.001900,0.002870
2304,0,0.026051,0.000742,0.973207
2305,1,0.971303,0.001001,0.027696
2306,1,0.033581,0.338554,0.627865
2307,0,0.011487,0.000527,0.987986
2308,1,0.009601,0.001257,0.989143
2309,1,0.903064,0.085283,0.011653
2310,1,0.006551,0.004300,0.989149
2311,0,0.020345,0.000646,0.979009
2312,0,0.004294,0.000515,0.995190
2313,1,0.190846,0.001244,0.807910
2314,1,0.322048,0.574031,0.103921
2315,1,0.980192,0.000719,0.019089
2316,1,0.994367,0.001122,0.004511
2317,1,0.969349,0.001015,0.029636
2318,0,0.001999,0.000548,0.997453
2319,1,0.074672,0.001147,0.924181
2320,0,0.000727,0.000402,0.998870
2321,0,0.000555,0.001264,0.998181
2322,1,0.525676,0.354815,0.119509
2323,1,0.989236,0.001237,0.009528
2324,1,0.991814,0.004264,0.003922
2325,0,0.001514,0.001034,0.997453
2326,1,0.988343,0.002180,0.009477
2327,0,0.021097,0.000478,0.978425
2328,0,0.003464,0.000383,0.996153
2329,1,0.003046,0.000384,0.996569
2330,1,0.987697,0.009205,0.003098
2331,0,0.012865,0.000551,0.986584
2332,1,0.003689,0.101372,0.894939
2333,0,0.012992,0.000361,0.986648
2334,1,0.197465,0.001331,0.801205
2335,0,0.000885,0.000711,0.998404
2336,1,0.995436,0.002315,0.002248
2337,0,0.037070,0.000560,0.962370
2338,1,0.590952,0.001742,0.407306
2339,0,0.089773,0.000726,0.909501
2340,1,0.988026,0.007194,0.004780
2341,1,0.983986,0.001592,0.014422
2342,0,0.690158,0.001215,0.308627
2343,1,0.316192,0.001041,0.682767
2344,1,0.040135,0.000640,0.959225
2345,1,0.208268,0.001395,0.790337
2346,1,0.979587,0.001684,0.018729
2347,0,0.002780,0.000412,0.996808
2348,1,0.726149,0.015099,0.258753
2349,0,0.000630,0.000450,0.998920
2350,0,0.592639,0.000851,0.406511
2351,0,0.008683,0.000434,0.990883
2352,1,0.702396,0.006169,0.291435
2353,0,0.001943,0.000351,0.997705
2354,0,0.013016,0.000533,0.986450
2355,0,0.886321,0.001405,0.112274
2356,0,0.001126,0.000399,0.998475
2357,1,0.935542,0.000902,0.063556
2358,0,0.000958,0.000438,0.998604
2359,1,0.522050,0.002316,0.475634
2360,0,0.000837,0.031656,0.967507
2361,0,0.003417,0.000466,0.996117
2362,0,0.233038,0.000735,0.766228
2363,1,0.009137,0.000364,0.990499
2364,0,0.004203,0.000542,0.995255
2365,0,0.000798,0.000516,0.998686
2366,1,0.001047,0.011697,0.987256
2367,0,0.001272,0.001685,0.997043
2368,0,0.001958,0.001218,0.996823
2369,0,0.000539,0.000585,0.998876
2370,0,0.019395,0.000890,0.979716
2371,0,0.055858,0.000578,0.943565
2372,1,0.869648,0.011802,0.118550
2373,0,0.000800,0.000505,0.998695
2374,0,0.176390,0.000924,0.822687
2375,1,0.001035,0.000395,0.998570
2376,1,0.986592,0.000885,0.012523
2377,1,0.004606,0.000437,0.994957
2378,1,0.216709,0.469266,0.314025
2379,1,0.045477,0.045818,0.908705
2380,0,0.000885,0.000493,0.998622
2381,1,0.991147,0.001404,0.007448
2382,0,0.060180,0.000449,0.939371
2383,1,0.097459,0.005712,0.896829
2384,0,0.003168,0.001057,0.995775
2385,0,0.771321,0.008866,0.219813
2386,1,0.370429,0.572977,0.056595
2387,1,0.990048,0.008028,0.001924
2388,1,0.992420,0.001570,0.006009
2389,1,0.359919,0.432632,0.207449
2390,1,0.000425,0.002041,0.997534
2391,0,0.000628,0.000551,0.998821
2392,0,0.020715,0.001557,0.977728
2393,0,0.029068,0.000576,0.970355
2394,1,0.054306,0.000482,0.945212
2395,1,0.107997,0.318044,0.573959
2396,0,0.002010,0.000476,0.997513
2397,1,0.245801,0.001912,0.752286
2398,0,0.001641,0.000415,0.997943
2399,0,0.002778,0.001497,0.995725
2400,0,0.000601,0.000734,0.998664
2401,0,0.000539,0.000479,0.998982
2402,0,0.036591,0.005736,0.957673
2403,1,0.520563,0.005450,0.473986
2404,1,0.879626,0.004646,0.115727
2405,0,0.001357,0.000363,0.998280
2406,1,0.002184,0.000631,0.997185
2407,0,0.002697,0.000445,0.996858
2408,0,0.002600,0.000833,0.996567
2409,0,0.035438,0.001390,0.963172
2410,0,0.035852,0.000393,0.963754
2411,1,0.960796,0.006548,0.032656
2412,1,0.606187,0.000869,0.392944
2413,0,0.000907,0.000611,0.998482
2414,0,0.001541,0.000382,0.998077
2415,1,0.336529,0.482671,0.180799
2416,1,0.005014,0.001116,0.993870
2417,0,0.000618,0.000546,0.998837
2418,1,0.320128,0.601357,0.078515
2419,0,0.000752,0.000368,0.998880
2420,1,0.993752,0.001262,0.004986
2421,0,0.000777,0.000416,0.998807
2422,1,0.993127,0.000950,0.005923
2423,0,0.018426,0.000351,0.981223
2424,1,0.828612,0.003858,0.167530
2425,1,0.744935,0.000952,0.254113
2426,1,0.004074,0.004774,0.991152
2427,0,0.001548,0.000361,0.998092
2428,0,0.014028,0.000394,0.985578
2429,0,0.028573,0.001384,0.970043
2430,0,0.982835,0.002093,0.015072
2431,1,0.310849,0.631074,0.058077
2432,0,0.071512,0.000512,0.927977
2433,0,0.011059,0.000620,0.988322
2434,0,0.002067,0.000380,0.997554
2435,1,0.969780,0.004626,0.025593
2436,0,0.001226,0.000333,0.998441
2437,0,0.132956,0.026095,0.840949
2438,0,0.016945,0.001044,0.982011
2439,1,0.023514,0.655446,0.321040
2440,1,0.072019,0.311688,0.616292
2441,1,0.012639,0.514325,0.473035
2442,1,0.193909,0.005576,0.800515
2443,0,0.000734,0.000520,0.998746
2444,0,0.002576,0.000315,0.997109
2445,0,0.000780,0.000405,0.998814
2446,1,0.202132,0.003903,0.793965
2447,0,0.001835,0.000400,0.997765
2448,0,0.003387,0.000438,0.996176
2449,1,0.450456,0.000915,0.548629
2450,1,0.639048,0.013351,0.347602
2451,0,0.000597,0.000740,0.998663
2452,0,0.001665,0.000375,0.997960
2453,1,0.965335,0.001622,0.033044
2454,0,0.008177,0.000304,0.991519
2455,0,0.001201,0.000426,0.998373
2456,1,0.027725,0.064240,0.908035
2457,1,0.969517,0.000959,0.029524
2458,0,0.047705,0.000459,0.951836
2459,0,0.077270,0.001994,0.920736
2460,0,0.003425,0.000772,0.995803
2461,1,0.082402,0.520856,0.396741
2462,1,0.993360,0.002791,0.003849
2463,0,0.080070,0.001125,0.918805
2464,0,0.000815,0.000670,0.998516
2465,1,0.385287,0.577038,0.037674
2466,1,0.298025,0.395838,0.306137
2467,0,0.936297,0.000950,0.062753
2468,0,0.001917,0.000296,0.997788
2469,1,0.051835,0.001407,0.946758
2470,0,0.005709,0.000531,0.993760
2471,1,0.995464,0.001261,0.003275
2472,1,0.000789,0.000553,0.998658
2473,1,0.958612,0.004598,0.036790
2474,0,0.009283,0.001698,0.989019
2475,0,0.000776,0.000489,0.998735
2476,1,0.325139,0.519016,0.155845
2477,1,0.870559,0.001437,0.128004
2478,0,0.000803,0.000493,0.998703
2479,1,0.001476,0.002728,0.995796
2480,1,0.071824,0.102841,0.825335
2481,1,0.988172,0.002604,0.009223
2482,1,0.718360,0.149998,0.131641
2483,1,0.995220,0.001849,0.002931
2484,0,0.000592,0.000499,0.998908
2485,0,0.003431,0.000323,0.996246
2486,0,0.001891,0.000537,0.997572
2487,1,0.083441,0.001379,0.915180
2488,0,0.001809,0.000338,0.997853
2489,0,0.007677,0.070447,0.921876
2490,0,0.589026,0.001371,0.409603
2491,1,0.141351,0.002050,0.856599
2492,0,0.715651,0.001022,0.283327
2493,0,0.001246,0.000323,0.998431
2494,1,0.093622,0.000795,0.905582
2495,1,0.382426,0.001142,0.616432
2496,1,0.004560,0.000303,0.995137
2497,0,0.011152,0.000358,0.988490
2498,0,0.005709,0.000380,0.993911
2499,0,0.004653,0.000336,0.995011
2500,0,0.000538,0.000687,0.998775
2501,1,0.714321,0.001885,0.283793
2502,1,0.995655,0.001393,0.002952
2503,0,0.001017,0.000342,0.998641
2504,1,0.102723,0.000699,0.896578
2505,1,0.010496,0.021851,0.967653
2506,1,0.992333,0.005551,0.002116
2507,0,0.000399,0.002190,0.997411
2508,1,0.988392,0.008552,0.003056
2509,1,0.903513,0.065852,0.030636
2510,0,0.023329,0.000510,0.976162
2511,1,0.958209,0.000878,0.040913
2512,1,0.160182,0.001406,0.838412
2513,1,0.882159,0.015365,0.102476
2514,1,0.570816,0.001270,0.427914
2515,0,0.002328,0.000377,0.997295
2516,0,0.039691,0.000476,0.959833
2517,1,0.878034,0.004516,0.117449
2518,0,0.012581,0.000453,0.986966
2519,1,0.982828,0.000717,0.016455
2520,1,0.540241,0.358420,0.101339
2521,1,0.992895,0.001797,0.005308
2522,1,0.994734,0.000937,0.004329
2523,1,0.244056,0.001034,0.754910
2524,1,0.992779,0.001328,0.005893
2525,1,0.018572,0.001153,0.980275
2526,0,0.185190,0.000885,0.813924
2527,0,0.000717,0.000603,0.998680
2528,1,0.780827,0.002045,0.217128
2529,1,0.886902,0.010536,0.102562
2530,1,0.995662,0.001573,0.002765
2531,0,0.003309,0.000315,0.996376
2532,0,0.000617,0.000542,0.998841
2533,1,0.252877,0.256302,0.490821
2534,0,0.001746,0.000523,0.997731
2535,0,0.001609,0.000984,0.997407
2536,0,0.011151,0.000312,0.988537
2537,1,0.984165,0.001029,0.014806
2538,1,0.973859,0.019422,0.006718
2539,0,0.000478,0.000715,0.998807
2540,1,0.921732,0.065558,0.012710
2541,0,0.000766,0.000376,0.998858
2542,0,0.688642,0.002494,0.308864
2543,0,0.000585,0.000451,0.998964
2544,1,0.980690,0.000839,0.018472
2545,1,0.550071,0.408172,0.041757
2546,1,0.448500,0.503918,0.047582
2547,0,0.000699,0.000488,0.998813
2548,0,0.291332,0.001497,0.707171
2549,0,0.000944,0.001068,0.997988
2550,1,0.958269,0.002722,0.039009
2551,1,0.806826,0.018874,0.174300
2552,1,0.989139,0.002923,0.007938
2553,0,0.930416,0.001151,0.068433
2554,1,0.887920,0.000930,0.111150
2555,0,0.014682,0.000631,0.984686
2556,0,0.243484,0.002783,0.753733
2557,1,0.993852,0.001614,0.004534
2558,0,0.001104,0.000376,0.998520
2559,0,0.001601,0.000383,0.998017
2560,0,0.005216,0.000359,0.994425
2561,0,0.021422,0.000468,0.978110
2562,1,0.005792,0.000799,0.993409
2563,0,0.088078,0.003327,0.908595
2564,0,0.016113,0.000642,0.983245
2565,0,0.000600,0.000458,0.998942
2566,0,0.110395,0.000507,0.889099
2567,1,0.713839,0.263200,0.022960
2568,0,0.000547,0.000656,0.998797
2569,1,0.020000,0.000417,0.979584
2570,0,0.979644,0.001472,0.018883
2571,0,0.000881,0.000445,0.998675
2572,0,0.004232,0.000817,0.994950
2573,1,0.164083,0.686482,0.149436
2574,1,0.474446,0.418829,0.106725
2575,1,0.002324,0.000462,0.997215
2576,1,0.019871,0.813650,0.166479
2577,0,0.020528,0.000382,0.979089
2578,0,0.080951,0.000554,0.918495
2579,1,0.990013,0.004678,0.005309
2580,0,0.000723,0.000416,0.998861
2581,0,0.005678,0.000686,0.993636
2582,1,0.688328,0.009375,0.302297
2583,1,0.209171,0.310356,0.480473
2584,0,0.015016,0.001298,0.983686
2585,1,0.045964,0.000587,0.953449
2586,0,0.062939,0.000493,0.936568
2587,1,0.621435,0.163405,0.215160
2588,1,0.001065,0.002109,0.996827
2589,1,0.183981,0.000984,0.815035
2590,0,0.001466,0.001180,0.997354
2591,0,0.003558,0.000761,0.995681
2592,1,0.081133,0.001152,0.917715
2593,0,0.209713,0.026221,0.764065
2594,1,0.014066,0.000691,0.985243
2595,1,0.992684,0.001059,0.006257
2596,0,0.001599,0.000340,0.998060
2597,0,0.011835,0.000485,0.987681
2598,0,0.000500,0.000752,0.998747
2599,1,0.135743,0.242859,0.621398
2600,1,0.924989,0.001306,0.073706
2601,0,0.042737,0.000473,0.956789
2602,1,0.945899,0.021285,0.032815
2603,1,0.603636,0.004223,0.392142
2604,0,0.000760,0.000522,0.998718
2605,1,0.978384,0.000879,0.020737
2606,0,0.001274,0.000680,0.998046
2607,0,0.935055,0.002014,0.062931
2608,1,0.082833,0.698626,0.218542
2609,0,0.000973,0.000783,0.998244
2610,0,0.000751,0.000639,0.998610
2611,0,0.000670,0.000423,0.998906
2612,0,0.003391,0.000355,0.996254
2613,0,0.023271,0.001116,0.975613
2614,0,0.003288,0.024877,0.971835
2615,0,0.001722,0.000655,0.997623
2616,0,0.000638,0.000641,0.998721
2617,0,0.001162,0.001153,0.997685
2618,0,0.732102,0.001018,0.266880
2619,0,0.004201,0.000751,0.995049
2620,1,0.038823,0.000564,0.960612
2621,1,0.003257,0.002314,0.994429
2622,1,0.556900,0.164533,0.278568
2623,1,0.993346,0.001179,0.005475
2624,1,0.661126,0.201306,0.137567
2625,0,0.000545,0.000580,0.998875
2626,1,0.002225,0.035977,0.961797
2627,0,0.003563,0.000354,0.996083
2628,1,0.003557,0.000597,0.995846
2629,1,0.024211,0.000496,0.975293
2630,0,0.000610,0.000551,0.998839
2631,1,0.990514,0.001676,0.007810
2632,1,0.002829,0.000462,0.996709
2633,0,0.008473,0.000547,0.990979
2634,1,0.989762,0.007933,0.002305
2635,0,0.000719,0.000386,0.998895
2636,1,0.523351,0.427786,0.048863
2637,0,0.927087,0.001468,0.071446
2638,1,0.912211,0.000848,0.086941
2639,0,0.001446,0.000447,0.998106
2640,1,0.033714,0.240851,0.725435
2641,0,0.081447,0.000994,0.917560
2642,0,0.236717,0.001019,0.762264
2643,1,0.019150,0.001049,0.979801
2644,1,0.886715,0.002554,0.110731
2645,0,0.001056,0.000487,0.998456
2646,0,0.000912,0.000891,0.998197
2647,1,0.014819,0.538140,0.447041
2648,1,0.071926,0.181325,0.746749
2649,1,0.991001,0.001159,0.007841
2650,1,0.000595,0.006105,0.993300
2651,0,0.002128,0.000358,0.997514
2652,0,0.001573,0.001104,0.997323
2653,0,0.001370,0.000325,0.998304
2654,0,0.002236,0.000377,0.997387
2655,0,0.012048,0.000514,0.987437
2656,1,0.422557,0.242541,0.334902
2657,0,0.002238,0.000593,0.997169
2658,1,0.007442,0.034901,0.957657
2659,0,0.001825,0.000537,0.997638
2660,0,0.002389,0.000498,0.997114
2661,1,0.985776,0.001049,0.013175
2662,1,0.285469,0.001173,0.713357
2663,0,0.000646,0.000537,0.998817
2664,0,0.001384,0.000380,0.998236
2665,0,0.020869,0.000599,0.978531
2666,0,0.867546,0.053840,0.078613
2667,1,0.972430,0.000724,0.026845
2668,0,0.005037,0.000501,0.994462
2669,0,0.001332,0.000445,0.998223
2670,0,0.001947,0.000886,0.997167
2671,0,0.001071,0.000525,0.998403
2672,0,0.160586,0.000678,0.838736
2673,1,0.322137,0.002065,0.675798
2674,0,0.170186,0.001373,0.828442
2675,0,0.004981,0.001265,0.993754
2676,0,0.000798,0.000453,0.998749
2677,0,0.129742,0.001703,0.868555
2678,1,0.005391,0.000340,0.994268
2679,1,0.028928,0.002587,0.968486
2680,1,0.094855,0.000745,0.904401
2681,1,0.161363,0.740188,0.098449
2682,1,0.536903,0.429649,0.033448
2683,1,0.973370,0.002913,0.023718
2684,0,0.002169,0.001302,0.996529
2685,1,0.217902,0.001205,0.780894
2686,0,0.783399,0.001048,0.215553
2687,0,0.003398,0.000556,0.996045
2688,0,0.002206,0.000325,0.997469
2689,0,0.006102,0.011915,0.981983
2690,0,0.006079,0.000736,0.993185
2691,0,0.000691,0.000514,0.998795
2692,0,0.005096,0.001874,0.993030
2693,0,0.000529,0.000524,0.998947
2694,0,0.003152,0.000349,0.996500
2695,0,0.007712,0.000505,0.991783
2696,1,0.005957,0.010974,0.983069
2697,1,0.635277,0.001286,0.363437
2698,1,0.853537,0.033172,0.113291
2699,1,0.116276,0.011082,0.872643
2700,0,0.347971,0.002919,0.649110
2701,0,0.039942,0.000970,0.959088
2702,0,0.001003,0.000455,0.998542
2703,1,0.523308,0.002114,0.474578
2704,0,0.000471,0.000582,0.998947
2705,0,0.012118,0.000646,0.987235
2706,0,0.001906,0.000329,0.997765
2707,1,0.793856,0.002143,0.204000
2708,1,0.904357,0.004417,0.091226
2709,0,0.011977,0.000375,0.987648
2710,1,0.992530,0.000932,0.006538
2711,0,0.000768,0.000535,0.998697
2712,1,0.335443,0.032807,0.631750
2713,1,0.728230,0.165004,0.106766
2714,1,0.065486,0.001974,0.932540
2715,0,0.001389,0.000512,0.998099
2716,1,0.060528,0.003239,0.936232
2717,0,0.002797,0.000309,0.996894
2718,1,0.007315,0.007490,0.985195
2719,1,0.018419,0.000618,0.980963
2720,1,0.991198,0.003301,0.005501
2721,1,0.004749,0.000671,0.994580
2722,0,0.003855,0.000631,0.995514
2723,1,0.015677,0.879426,0.104897
2724,0,0.000756,0.000433,0.998811
2725,1,0.568630,0.356366,0.075005
2726,1,0.962576,0.000874,0.036550
2727,1,0.678798,0.001511,0.319691
2728,1,0.983302,0.011495,0.005203
2729,0,0.000730,0.000419,0.998851
2730,0,0.003710,0.000413,0.995877
2731,0,0.838486,0.000922,0.160593
2732,0,0.001049,0.000402,0.998549
2733,1,0.981418,0.005016,0.013566
2734,0,0.036943,0.000417,0.962640
2735,0,0.819294,0.004929,0.175777
2736,0,0.000615,0.000426,0.998958
2737,0,0.000741,0.001154,0.998106
2738,1,0.901853,0.033555,0.064593
2739,1,0.049554,0.000406,0.950039
2740,1,0.012851,0.000553,0.986596
2741,0,0.001664,0.000695,0.997641
2742,0,0.001765,0.000300,0.997934
2743,0,0.002393,0.000602,0.997005
2744,1,0.005950,0.024079,0.969971
2745,1,0.982482,0.001831,0.015687
2746,0,0.001289,0.000586,0.998126
2747,1,0.021967,0.001439,0.976593
2748,0,0.000466,0.000679,0.998855
2749,1,0.235006,0.397237,0.367757
2750,0,0.004684,0.011447,0.983870
2751,1,0.992644,0.001257,0.006099
2752,0,0.001042,0.000490,0.998469
2753,1,0.728436,0.040633,0.230932
2754,0,0.001387,0.000564,0.998050
2755,1,0.011326,0.333178,0.655496
2756,1,0.913148,0.001336,0.085516
2757,0,0.012765,0.000594,0.986642
2758,1,0.000931,0.001683,0.997386
2759,0,0.002512,0.000443,0.997045
2760,0,0.017622,0.000447,0.981930
2761,0,0.000813,0.000572,0.998615
2762,0,0.006317,0.000694,0.992989
2763,0,0.000570,0.000450,0.998981
2764,1,0.329861,0.084217,0.585922
2765,1,0.307335,0.006860,0.685805
2766,1,0.128782,0.004545,0.866673
2767,0,0.001458,0.001174,0.997369
2768,1,0.458853,0.178756,0.362391
2769,0,0.962244,0.001187,0.036569
2770,0,0.000855,0.000412,0.998734
2771,0,0.001942,0.002609,0.995449
2772,1,0.001875,0.001250,0.996875
2773,1,0.915763,0.000824,0.083413
2774,1,0.995434,0.002308,0.002257
2775,1,0.006978,0.000929,0.992093
2776,0,0.000871,0.000804,0.998325
2777,0,0.959418,0.000901,0.039681
2778,0,0.052568,0.000518,0.946914
2779,1,0.028487,0.000545,0.970968
2780,0,0.001061,0.000680,0.998259
2781,1,0.995539,0.001714,0.002747
2782,1,0.679053,0.001055,0.319892
2783,1,0.003397,0.004776,0.991827
2784,0,0.963286,0.000820,0.035894
2785,1,0.002302,0.000610,0.997088
2786,0,0.000586,0.000457,0.998956
2787,0,0.001849,0.000348,0.997804
2788,1,0.985316,0.000926,0.013757
2789,0,0.000795,0.000381,0.998824
2790,1,0.941500,0.000722,0.057777
2791,0,0.002260,0.000281,0.997458
2792,0,0.002394,0.000653,0.996952
2793,1,0.935170,0.001174,0.063656
2794,1,0.331306,0.000875,0.667820
2795,0,0.000945,0.000471,0.998584
2796,0,0.585280,0.000905,0.413816
2797,1,0.907930,0.002396,0.089674
2798,1,0.698740,0.001103,0.300157
2799,1,0.986175,0.001205,0.012620
2800,0,0.002053,0.000490,0.997457
2801,0,0.000530,0.000612,0.998858
2802,1,0.033478,0.000440,0.966082
2803,0,0.039648,0.000625,0.959726
2804,0,0.000668,0.000489,0.998842
2805,0,0.001116,0.000579,0.998305
2806,1,0.000842,0.002123,0.997035
2807,0,0.001979,0.000368,0.997652
2808,1,0.694279,0.000789,0.304931
2809,0,0.000650,0.000587,0.998763
2810,0,0.001437,0.000350,0.998214
2811,0,0.000493,0.000561,0.998946
2812,0,0.000794,0.000625,0.998580
2813,0,0.159400,0.001151,0.839449
2814,1,0.226729,0.720038,0.053233
2815,0,0.012802,0.000384,0.986814
2816,1,0.193644,0.700750,0.105606
2817,0,0.000692,0.000438,0.998869
2818,0,0.000861,0.000554,0.998585
2819,1,0.002406,0.000735,0.996859
2820,0,0.000813,0.001550,0.997637
2821,0,0.002947,0.000379,0.996673
2822,0,0.001622,0.000449,0.997929
2823,0,0.446025,0.001291,0.552683
2824,0,0.008160,0.000531,0.991309
2825,1,0.005893,0.002993,0.991114
2826,0,0.001340,0.000536,0.998124
2827,0,0.000588,0.000763,0.998649
2828,1,0.118311,0.725353,0.156336
2829,0,0.009068,0.000460,0.990472
2830,1,0.570297,0.397475,0.032227
2831,0,0.005672,0.000493,0.993835
2832,1,0.991006,0.001657,0.007336
2833,0,0.001377,0.000346,0.998276
2834,0,0.000803,0.000433,0.998763
2835,0,0.001401,0.001624,0.996975
2836,0,0.011223,0.000374,0.988403
2837,0,0.009000,0.000361,0.990638
2838,1,0.307387,0.631106,0.061507
2839,1,0.578437,0.006004,0.415558
2840,1,0.021600,0.000657,0.977743
2841,0,0.000596,0.000513,0.998892
2842,0,0.001555,0.005622,0.992824
2843,1,0.372279,0.000835,0.626886
2844,0,0.059149,0.086289,0.854562
2845,1,0.994934,0.001149,0.003916
2846,1,0.774172,0.001323,0.224505
2847,1,0.873693,0.001067,0.125241
2848,0,0.000695,0.000818,0.998487
2849,1,0.668946,0.002144,0.328910
2850,1,0.077530,0.003866,0.918604
2851,0,0.012210,0.000956,0.986834
2852,0,0.004045,0.000733,0.995222
2853,1,0.178553,0.000754,0.820693
2854,0,0.028353,0.000602,0.971045
2855,1,0.086547,0.628730,0.284723
2856,0,0.010068,0.000328,0.989604
2857,0,0.001439,0.000604,0.997957
2858,1,0.755006,0.000874,0.244119
2859,1,0.994837,0.003252,0.001910
2860,1,0.505560,0.001548,0.492891
2861,1,0.992230,0.001254,0.006516
2862,0,0.024184,0.000514,0.975302
2863,1,0.009378,0.119502,0.871119
2864,0,0.986988,0.001459,0.011553
2865,0,0.000666,0.000863,0.998471
2866,1,0.218669,0.000764,0.780567
2867,1,0.014092,0.051045,0.934863
2868,0,0.014582,0.000520,0.984898
2869,0,0.009418,0.002088,0.988494
2870,0,0.488730,0.000962,0.510308
2871,0,0.000815,0.000381,0.998803
2872,0,0.007884,0.000314,0.991802
2873,0,0.006492,0.000289,0.993219
2874,1,0.005893,0.000775,0.993332
2875,0,0.001246,0.000916,0.997838
2876,0,0.000625,0.000617,0.998759
2877,1,0.992267,0.002126,0.005606
2878,0,0.007788,0.003769,0.988443
2879,0,0.001263,0.000324,0.998412
2880,1,0.965209,0.025059,0.009732
2881,1,0.000620,0.000501,0.998879
2882,0,0.122977,0.192350,0.684673
2883,0,0.001328,0.004990,0.993682
2884,0,0.000532,0.000592,0.998875
2885,1,0.858693,0.009511,0.131795
2886,1,0.001348,0.014855,0.983797
2887,0,0.001840,0.000361,0.997800
2888,0,0.000898,0.000416,0.998686
2889,1,0.001646,0.001039,0.997314
2890,0,0.001453,0.000419,0.998128
2891,0,0.014703,0.000460,0.984837
2892,0,0.017571,0.000400,0.982029
2893,1,0.013274,0.006396,0.980330
2894,0,0.000559,0.000519,0.998922
2895,0,0.001864,0.000369,0.997767
2896,0,0.000897,0.000525,0.998578
2897,0,0.000563,0.000509,0.998928
2898,0,0.004172,0.000476,0.995352
2899,1,0.570093,0.002698,0.427209
2900,0,0.001064,0.000418,0.998518
2901,1,0.153988,0.387798,0.458214
2902,1,0.711149,0.109045,0.179806
2903,1,0.990497,0.001026,0.008477
2904,1,0.913626,0.001414,0.084960
2905,0,0.001382,0.000392,0.998226
2906,0,0.082339,0.006146,0.911515
2907,1,0.989544,0.000790,0.009666
2908,1,0.001391,0.001186,0.997424
2909,1,0.440047,0.004030,0.555923
2910,0,0.000757,0.000531,0.998712
2911,1,0.481771,0.188527,0.329702
2912,0,0.007589,0.024826,0.967586
2913,1,0.023022,0.002415,0.974563
2914,1,0.010119,0.002287,0.987595
2915,1,0.021400,0.000607,0.977993
2916,0,0.001087,0.000620,0.998293
2917,0,0.021702,0.000608,0.977691
2918,0,0.002648,0.001776,0.995576
2919,1,0.432239,0.001083,0.566678
2920,1,0.351204,0.005741,0.643056
2921,1,0.994776,0.003355,0.001869
2922,1,0.993120,0.003992,0.002888
2923,0,0.001282,0.000421,0.998297
2924,0,0.754224,0.002050,0.243726
2925,0,0.010302,0.000519,0.989179
2926,0,0.000852,0.001032,0.998116
2927,0,0.000783,0.000392,0.998826
2928,0,0.004915,0.000369,0.994717
2929,1,0.987609,0.001936,0.010454
2930,1,0.001494,0.003754,0.994751
2931,1,0.527875,0.414929,0.057197
2932,0,0.393142,0.001403,0.605455
2933,1,0.244551,0.650432,0.105017
2934,0,0.000779,0.000408,0.998813
2935,0,0.002857,0.000359,0.996784
2936,0,0.014315,0.000462,0.985224
2937,1,0.994915,0.001836,0.003249
2938,0,0.000756,0.002676,0.996568
2939,1,0.944584,0.001586,0.053830
2940,0,0.000482,0.000571,0.998947
2941,1,0.187012,0.001182,0.811807
2942,1,0.043168,0.001003,0.955830
2943,1,0.986746,0.003871,0.009383
2944,1,0.716525,0.001676,0.281799
2945,1,0.987237,0.007039,0.005723
2946,1,0.829075,0.001387,0.169537
2947,0,0.002525,0.000395,0.997080
2948,0,0.000628,0.001190,0.998182
2949,1,0.959385,0.002041,0.038574
2950,0,0.003075,0.000698,0.996226
2951,0,0.791404,0.001063,0.207533
2952,1,0.047248,0.003529,0.949223
2953,1,0.967367,0.000720,0.031912
2954,1,0.018295,0.004091,0.977614
2955,0,0.000524,0.000595,0.998880
2956,0,0.001560,0.000899,0.997542
2957,1,0.125909,0.664445,0.209646
2958,0,0.000876,0.000365,0.998759
2959,1,0.640961,0.320261,0.038778
2960,1,0.011548,0.000447,0.988005
2961,0,0.004536,0.000432,0.995031
2962,0,0.001332,0.000335,0.998333
2963,0,0.006926,0.000416,0.992658
2964,0,0.000571,0.000508,0.998920
2965,0,0.058692,0.001143,0.940166
2966,0,0.671943,0.000976,0.327081
2967,1,0.879123,0.001288,0.119589
2968,0,0.004002,0.000395,0.995603
2969,0,0.002232,0.000353,0.997415
2970,0,0.008722,0.001098,0.990181
2971,0,0.004339,0.000329,0.995332
2972,1,0.202853,0.000808,0.796339
2973,0,0.021321,0.000525,0.978154
2974,0,0.118518,0.000660,0.880822
2975,1,0.004579,0.000789,0.994632
2976,1,0.946039,0.050432,0.003529
2977,1,0.244596,0.001398,0.754006
2978,1,0.172782,0.000832,0.826386
2979,1,0.980345,0.002853,0.016803
2980,0,0.000826,0.000371,0.998803
2981,1,0.993990,0.003874,0.002136
2982,0,0.001024,0.000421,0.998555
2983,1,0.197654,0.000727,0.801619
2984,1,0.979504,0.018745,0.001751
2985,1,0.994995,0.001413,0.003592
2986,0,0.002664,0.000666,0.996669
2987,0,0.001321,0.000349,0.998330
2988,0,0.001486,0.000299,0.998216
2989,1,0.985715,0.004789,0.009496
2990,0,0.001082,0.000336,0.998582
2991,0,0.728668,0.001057,0.270276
2992,1,0.958587,0.003646,0.037767
2993,0,0.004307,0.000872,0.994821
2994,1,0.989962,0.006309,0.003728
2995,1,0.987546,0.002286,0.010168
2996,0,0.005668,0.000819,0.993513
2997,1,0.215651,0.007185,0.777164
2998,0,0.001048,0.000352,0.998599
2999,0,0.000839,0.000429,0.998731
