row_id,gold,p_hate,p_offensive,p_normal
0,0,0.000347,0.000161,0.999492
1,0,0.000435,0.000126,0.999439
2,1,0.898192,0.000631,0.101177
3,1,0.980131,0.000920,0.018949
4,0,0.000494,0.000148,0.999357
5,1,0.767704,0.105785,0.126511
6,0,0.689964,0.000472,0.309564
7,0,0.000396,0.000116,0.999487
8,1,0.003154,0.004904,0.991942
9,0,0.000363,0.000122,0.999514
10,0,0.000407,0.000142,0.999451
11,1,0.996424,0.000798,0.002778
12,0,0.001044,0.000087,0.998869
13,0,0.000348,0.000157,0.999495
14,1,0.996435,0.002663,0.000902
15,1,0.997610,0.001531,0.000859
16,1,0.996092,0.002633,0.001275
17,1,0.916930,0.002269,0.080801
18,1,0.994901,0.001160,0.003939
19,1,0.984956,0.000497,0.014547
20,1,0.052625,0.000845,0.946530
21,1,0.000454,0.000173,0.999373
22,1,0.995886,0.000593,0.003521
23,1,0.793989,0.000332,0.205679
24,1,0.522893,0.000486,0.476621
25,1,0.998130,0.000671,0.001199
26,0,0.254073,0.000402,0.745525
27,1,0.085204,0.000579,0.914217
28,1,0.044311,0.000492,0.955196
29,0,0.001927,0.000083,0.997989
30,0,0.000399,0.000110,0.999491
31,0,0.006020,0.000140,0.993840
32,0,0.000423,0.000108,0.999469
33,0,0.014349,0.000096,0.985555
34,0,0.001035,0.000147,0.998818
35,1,0.002349,0.000100,0.997551
36,0,0.068407,0.000242,0.931351
37,1,0.943852,0.027556,0.028593
38,0,0.000717,0.000089,0.999194
39,1,0.081244,0.041753,0.877003
40,0,0.000352,0.000134,0.999514
41,1,0.592784,0.000420,0.406796
42,0,0.000326,0.000142,0.999532
43,1,0.000498,0.000162,0.999340
44,1,0.996135,0.000536,0.003329
45,1,0.002512,0.000258,0.997230
46,1,0.204261,0.657294,0.138445
47,1,0.000731,0.000091,0.999178
48,0,0.000368,0.000122,0.999510
49,0,0.000375,0.000121,0.999505
50,0,0.000401,0.000117,0.999482
51,0,0.000361,0.000159,0.999480
52,1,0.000933,0.007013,0.992054
53,0,0.030978,0.070037,0.898985
54,0,0.028646,0.000209,0.971144
55,0,0.001595,0.000077,0.998328
56,1,0.997954,0.000707,0.001339
57,0,0.021349,0.000149,0.978502
58,0,0.017704,0.000279,0.982018
59,1,0.997587,0.001378,0.001035
60,0,0.001096,0.000081,0.998823
61,0,0.000943,0.000083,0.998974
62,1,0.880682,0.004601,0.114716
63,0,0.004817,0.000114,0.995069
64,0,0.000285,0.000166,0.999550
65,0,0.000388,0.000113,0.999500
66,0,0.000730,0.000120,0.999151
67,0,0.002277,0.000068,0.997655
68,0,0.000428,0.000113,0.999458
69,0,0.001829,0.000114,0.998057
70,1,0.994504,0.001485,0.004012
71,0,0.000375,0.000121,0.999503
72,1,0.115319,0.000274,0.884407
73,0,0.001042,0.000073,0.998885
74,0,0.007447,0.000112,0.992440
75,1,0.427972,0.001043,0.570984
76,1,0.952524,0.000394,0.047082
77,1,0.005144,0.000847,0.994009
78,0,0.000352,0.000141,0.999508
79,0,0.000548,0.000113,0.999339
80,0,0.000360,0.000130,0.999511
81,1,0.950575,0.000598,0.048827
82,1,0.996510,0.000417,0.003073
83,1,0.061213,0.001361,0.937425
84,0,0.014973,0.000117,0.984910
85,0,0.000477,0.000344,0.999179
86,1,0.029372,0.105440,0.865188
87,1,0.949894,0.000378,0.049728
88,1,0.915279,0.037212,0.047509
89,1,0.001414,0.001766,0.996820
90,0,0.001285,0.000090,0.998625
91,0,0.132785,0.000314,0.866901
92,1,0.769552,0.000386,0.230062
93,0,0.002432,0.000083,0.997486
94,0,0.000391,0.000131,0.999479
95,1,0.980677,0.000421,0.018902
96,1,0.662081,0.001698,0.336221
97,0,0.000504,0.000121,0.999375
98,0,0.296487,0.000741,0.702772
99,1,0.997524,0.001303,0.001173
100,0,0.000717,0.000097,0.999186
101,1,0.004062,0.000153,0.995785
102,1,0.932038,0.000543,0.067419
103,0,0.000767,0.000093,0.999140
104,1,0.025366,0.409542,0.565092
105,1,0.501328,0.000535,0.498137
106,0,0.792012,0.000876,0.207112
107,1,0.989915,0.000298,0.009787
108,1,0.991416,0.000508,0.008075
109,1,0.953880,0.000420,0.045701
110,0,0.000565,0.000091,0.999345
111,1,0.524292,0.112014,0.363694
112,1,0.671842,0.000343,0.327815
113,1,0.005698,0.001077,0.993225
114,1,0.989235,0.000599,0.010166
115,1,0.001203,0.000109,0.998689
116,0,0.000405,0.000143,0.999453
117,0,0.000556,0.000095,0.999349
118,0,0.000857,0.000089,0.999054
119,1,0.000464,0.000099,0.999437
120,1,0.014937,0.000985,0.984078
121,0,0.000734,0.000090,0.999176
122,0,0.000751,0.000140,0.999108
123,0,0.001051,0.000075,0.998874
124,1,0.988319,0.002538,0.009143
125,1,0.004077,0.000166,0.995757
126,1,0.153574,0.664589,0.181837
127,1,0.934751,0.000472,0.064778
128,1,0.247509,0.003790,0.748702
129,0,0.005452,0.000090,0.994458
130,1,0.006731,0.000269,0.993000
131,0,0.000414,0.000178,0.999408
132,1,0.117699,0.000213,0.882087
133,0,0.000405,0.000115,0.999479
134,0,0.000338,0.000146,0.999516
135,1,0.481023,0.000524,0.518454
136,0,0.000338,0.000134,0.999528
137,0,0.000430,0.000102,0.999468
138,0,0.003154,0.000093,0.996753
139,1,0.012769,0.924279,0.062952
140,1,0.048294,0.818749,0.132957
141,0,0.000303,0.000160,0.999537
142,0,0.000587,0.000093,0.999320
143,0,0.000708,0.000092,0.999199
144,0,0.000380,0.000156,0.999464
145,1,0.996427,0.000416,0.003157
146,1,0.001534,0.000079,0.998387
147,0,0.005574,0.000126,0.994299
148,1,0.321884,0.000335,0.677781
149,1,0.996692,0.000603,0.002705
150,0,0.271800,0.000351,0.727849
151,0,0.969139,0.000274,0.030587
152,1,0.867372,0.000347,0.132281
153,1,0.000560,0.000268,0.999172
154,1,0.913951,0.000323,0.085726
155,0,0.104064,0.000338,0.895598
156,1,0.871078,0.000473,0.128449
157,1,0.004300,0.000147,0.995553
158,0,0.000321,0.000163,0.999516
159,1,0.965544,0.000989,0.033467
160,1,0.459529,0.000823,0.539648
161,1,0.033058,0.000318,0.966624
162,1,0.022070,0.000681,0.977249
163,1,0.000932,0.000260,0.998808
164,1,0.036092,0.000161,0.963747
165,1,0.083505,0.000199,0.916296
166,0,0.293121,0.000408,0.706471
167,0,0.000498,0.000092,0.999410
168,1,0.002549,0.005783,0.991668
169,0,0.000453,0.000119,0.999428
170,1,0.000394,0.000238,0.999368
171,0,0.000433,0.000104,0.999463
172,0,0.757652,0.000582,0.241766
173,0,0.000389,0.000148,0.999463
174,0,0.001345,0.000083,0.998572
175,0,0.000447,0.000103,0.999450
176,0,0.000413,0.000107,0.999480
177,1,0.005469,0.000452,0.994079
178,0,0.373407,0.000561,0.626031
179,1,0.968660,0.000728,0.030612
180,1,0.964712,0.000442,0.034846
181,0,0.000389,0.000118,0.999493
182,0,0.289947,0.000607,0.709446
183,0,0.066930,0.000288,0.932781
184,1,0.176716,0.000270,0.823014
185,0,0.000644,0.000088,0.999268
186,0,0.019575,0.000424,0.980001
187,0,0.972432,0.000591,0.026977
188,1,0.832103,0.000394,0.167503
189,1,0.991518,0.001791,0.006691
190,1,0.996528,0.000420,0.003052
191,0,0.046520,0.000185,0.953295
192,1,0.857114,0.000407,0.142478
193,0,0.000885,0.000088,0.999027
194,0,0.000213,0.000347,0.999440
195,0,0.000864,0.000085,0.999051
196,0,0.000400,0.000128,0.999472
197,0,0.000562,0.000098,0.999340
198,1,0.997373,0.000578,0.002049
199,1,0.997851,0.000913,0.001236
200,1,0.000557,0.000100,0.999344
201,0,0.000307,0.000147,0.999546
202,0,0.000561,0.000098,0.999341
203,1,0.032818,0.864522,0.102660
204,1,0.173433,0.000935,0.825632
205,0,0.000401,0.000143,0.999456
206,0,0.000436,0.000151,0.999413
207,0,0.000675,0.000103,0.999222
208,0,0.000676,0.000129,0.999196
209,0,0.007644,0.000124,0.992233
210,0,0.000315,0.000164,0.999521
211,0,0.000492,0.000121,0.999387
212,0,0.000421,0.000119,0.999460
213,1,0.830433,0.000526,0.169041
214,0,0.000382,0.000119,0.999499
215,0,0.000491,0.000131,0.999378
216,0,0.000368,0.000119,0.999513
217,0,0.001660,0.000087,0.998253
218,0,0.000378,0.000127,0.999495
219,1,0.047506,0.142052,0.810442
220,0,0.003464,0.000093,0.996443
221,0,0.001596,0.000203,0.998201
222,0,0.000439,0.000098,0.999463
223,1,0.001838,0.000128,0.998034
224,0,0.009149,0.000139,0.990713
225,0,0.000405,0.000179,0.999416
226,1,0.025114,0.929617,0.045269
227,1,0.994082,0.000407,0.005511
228,0,0.000375,0.000115,0.999511
229,0,0.000314,0.000150,0.999536
230,0,0.002058,0.000084,0.997858
231,0,0.002766,0.000093,0.997141
232,0,0.000406,0.000156,0.999438
233,0,0.000521,0.000102,0.999376
234,0,0.003111,0.000100,0.996789
235,1,0.002707,0.000111,0.997182
236,0,0.001399,0.000107,0.998494
237,0,0.009664,0.000125,0.990211
238,1,0.998111,0.001113,0.000776
239,0,0.000457,0.000106,0.999436
240,1,0.129823,0.811877,0.058300
241,0,0.000666,0.000086,0.999248
242,1,0.085918,0.357500,0.556582
243,0,0.000609,0.000092,0.999300
244,0,0.000605,0.000094,0.999301
245,1,0.960501,0.000391,0.039108
246,0,0.001893,0.000084,0.998023
247,0,0.000475,0.000104,0.999422
248,0,0.001334,0.000093,0.998573
249,1,0.000719,0.000093,0.999188
250,0,0.027916,0.000120,0.971964
251,1,0.000312,0.000156,0.999532
252,0,0.000341,0.000138,0.999520
253,1,0.997514,0.000584,0.001902
254,0,0.002384,0.000158,0.997458
255,0,0.000425,0.000113,0.999462
256,0,0.000407,0.000114,0.999479
257,0,0.000387,0.000123,0.999490
258,1,0.996020,0.000660,0.003320
259,0,0.000461,0.000104,0.999435
260,1,0.194808,0.000815,0.804377
261,0,0.000637,0.000084,0.999279
262,0,0.000409,0.000122,0.999469
263,1,0.940157,0.000429,0.059414
264,1,0.121016,0.000292,0.878692
265,0,0.000361,0.000117,0.999522
266,1,0.939742,0.000432,0.059827
267,0,0.000434,0.000106,0.999460
268,0,0.000467,0.000098,0.999436
269,0,0.000430,0.000108,0.999462
270,1,0.002039,0.002597,0.995365
271,0,0.000450,0.000118,0.999432
272,1,0.979948,0.000309,0.019743
273,0,0.000392,0.000118,0.999490
274,1,0.072117,0.000338,0.927545
275,0,0.000395,0.000115,0.999490
276,1,0.090719,0.000331,0.908950
277,1,0.995135,0.003516,0.001349
278,1,0.003798,0.000155,0.996047
279,1,0.004041,0.003157,0.992802
280,1,0.080831,0.000237,0.918932
281,1,0.128122,0.179373,0.692505
282,0,0.000531,0.000105,0.999364
283,1,0.027926,0.000194,0.971881
284,0,0.000431,0.000124,0.999445
285,0,0.007819,0.001156,0.991026
286,1,0.005510,0.000194,0.994297
287,0,0.003418,0.000123,0.996459
288,0,0.970889,0.000408,0.028703
289,1,0.000563,0.000256,0.999181
290,0,0.003557,0.000284,0.996159
291,0,0.052268,0.000183,0.947549
292,0,0.000496,0.000097,0.999407
293,0,0.000378,0.000158,0.999464
294,1,0.012116,0.793511,0.194373
295,1,0.578075,0.000563,0.421362
296,1,0.002385,0.000332,0.997283
297,0,0.000390,0.000132,0.999478
298,0,0.000621,0.000092,0.999288
299,0,0.000674,0.000086,0.999240
300,1,0.527693,0.000677,0.471630
301,1,0.007670,0.000113,0.992217
302,1,0.511027,0.000664,0.488309
303,1,0.005828,0.000120,0.994052
304,1,0.988213,0.011034,0.000753
305,0,0.000377,0.000147,0.999476
306,0,0.554123,0.000490,0.445387
307,0,0.000449,0.000100,0.999450
308,1,0.987389,0.000391,0.012220
309,1,0.993174,0.005452,0.001374
310,1,0.994056,0.000374,0.005571
311,0,0.000502,0.000105,0.999392
312,0,0.000450,0.000100,0.999450
313,1,0.995226,0.000416,0.004358
314,0,0.000476,0.000094,0.999429
315,0,0.000354,0.000126,0.999520
316,1,0.995476,0.003313,0.001212
317,0,0.000530,0.000094,0.999376
318,1,0.109906,0.033981,0.856114
319,0,0.961417,0.000473,0.038110
320,0,0.000400,0.000111,0.999489
321,1,0.041890,0.146543,0.811566
322,0,0.001395,0.000114,0.998492
323,1,0.001073,0.001038,0.997889
324,1,0.556897,0.033413,0.409690
325,1,0.118535,0.003567,0.877898
326,0,0.000425,0.000107,0.999468
327,0,0.000360,0.000135,0.999506
328,1,0.996814,0.002413,0.000773
329,0,0.000412,0.000119,0.999469
330,0,0.000738,0.000082,0.999180
331,1,0.996601,0.002702,0.000697
332,0,0.001995,0.000083,0.997922
333,0,0.004418,0.000139,0.995443
334,0,0.151818,0.000323,0.847859
335,0,0.000461,0.000099,0.999440
336,1,0.001743,0.000510,0.997747
337,1,0.007020,0.000258,0.992722
338,1,0.592555,0.000395,0.407050
339,1,0.032456,0.809296,0.158248
340,1,0.012837,0.287161,0.700002
341,1,0.000729,0.000158,0.999114
342,0,0.001340,0.000081,0.998579
343,0,0.000466,0.000099,0.999435
344,0,0.000453,0.000104,0.999443
345,0,0.000484,0.000096,0.999420
346,0,0.000291,0.000135,0.999573
347,1,0.804181,0.000718,0.195101
348,1,0.085266,0.002043,0.912691
349,0,0.000392,0.000132,0.999476
350,0,0.000511,0.000094,0.999395
351,0,0.001344,0.000103,0.998552
352,0,0.095750,0.000358,0.903893
353,1,0.950817,0.004137,0.045045
354,0,0.009185,0.000101,0.990713
355,0,0.007250,0.266304,0.726446
356,0,0.005681,0.000111,0.994208
357,0,0.009779,0.000104,0.990116
358,0,0.001484,0.000119,0.998398
359,0,0.002125,0.000120,0.997755
360,1,0.001673,0.000102,0.998224
361,0,0.001583,0.000112,0.998305
362,0,0.000652,0.000085,0.999263
363,0,0.226986,0.000423,0.772591
364,0,0.019012,0.000399,0.980589
365,1,0.986427,0.000392,0.013181
366,0,0.000455,0.000104,0.999442
367,1,0.176246,0.112673,0.711081
368,0,0.001793,0.000096,0.998112
369,0,0.000704,0.000089,0.999207
370,0,0.000554,0.000114,0.999332
371,0,0.000441,0.000106,0.999453
372,0,0.000379,0.000124,0.999497
373,1,0.006411,0.000145,0.993444
374,1,0.098161,0.000236,0.901602
375,0,0.000365,0.000127,0.999508
376,1,0.001313,0.000115,0.998572
377,0,0.000878,0.000081,0.999041
378,1,0.080860,0.094691,0.824449
379,1,0.606505,0.039487,0.354008
380,0,0.000611,0.000107,0.999282
381,1,0.510244,0.003899,0.485857
382,0,0.000309,0.000132,0.999559
383,1,0.309442,0.001745,0.688813
384,1,0.074846,0.000178,0.924977
385,1,0.001292,0.000077,0.998631
386,1,0.890119,0.026608,0.083274
387,1,0.984489,0.000393,0.015118
388,0,0.000397,0.000111,0.999492
389,0,0.253249,0.000600,0.746151
390,0,0.000552,0.000124,0.999323
391,0,0.000460,0.000099,0.999441
392,1,0.175028,0.457305,0.367667
393,0,0.226226,0.000327,0.773447
394,0,0.000492,0.000136,0.999371
395,0,0.001306,0.000081,0.998614
396,1,0.525695,0.380433,0.093871
397,0,0.001529,0.000074,0.998397
398,1,0.004738,0.000253,0.995009
399,1,0.005497,0.296744,0.697759
400,1,0.337376,0.000539,0.662085
401,0,0.000910,0.000091,0.998999
402,1,0.012542,0.000115,0.987343
403,1,0.365062,0.000316,0.634622
404,1,0.975220,0.000422,0.024357
405,1,0.001376,0.000260,0.998364
406,1,0.000374,0.000400,0.999225
407,1,0.003296,0.097955,0.898748
408,1,0.787690,0.000445,0.211864
409,0,0.000351,0.000146,0.999503
410,0,0.000395,0.000118,0.999487
411,0,0.000967,0.000088,0.998944
412,1,0.100892,0.499388,0.399720
413,0,0.001056,0.000085,0.998859
414,1,0.989451,0.000372,0.010177
415,0,0.857973,0.000591,0.141436
416,1,0.002128,0.000667,0.997206
417,0,0.000739,0.000093,0.999169
418,0,0.974975,0.019375,0.005650
419,0,0.000360,0.000132,0.999507
420,1,0.001028,0.000107,0.998864
421,1,0.973708,0.000377,0.025915
422,0,0.000416,0.000124,0.999460
423,1,0.021547,0.000183,0.978270
424,1,0.988504,0.000400,0.011096
425,1,0.116447,0.000295,0.883259
426,0,0.001693,0.000796,0.997510
427,1,0.985689,0.000355,0.013956
428,1,0.005033,0.000220,0.994747
429,0,0.001574,0.000091,0.998334
430,1,0.004838,0.000617,0.994546
431,1,0.001776,0.000088,0.998136
432,1,0.992247,0.001826,0.005927
433,0,0.000365,0.000115,0.999520
434,0,0.000826,0.000085,0.999089
435,1,0.997839,0.001234,0.000927
436,1,0.000804,0.000224,0.998972
437,1,0.996187,0.002085,0.001727
438,0,0.003219,0.035887,0.960894
439,0,0.008190,0.000112,0.991698
440,1,0.008464,0.000113,0.991423
441,0,0.459942,0.000710,0.539348
442,1,0.000330,0.000139,0.999531
443,1,0.000418,0.000123,0.999459
444,0,0.007322,0.000107,0.992571
445,1,0.997613,0.000496,0.001891
446,0,0.000466,0.000105,0.999429
447,1,0.995440,0.000970,0.003591
448,0,0.672334,0.000454,0.327211
449,0,0.002575,0.020801,0.976624
450,0,0.000296,0.000169,0.999534
451,0,0.000391,0.000135,0.999474
452,1,0.910486,0.000558,0.088956
453,0,0.058411,0.000212,0.941377
454,0,0.000374,0.000129,0.999497
455,1,0.000426,0.000193,0.999381
456,1,0.740204,0.000394,0.259402
457,1,0.002167,0.000360,0.997472
458,0,0.001011,0.000092,0.998898
459,0,0.031781,0.000197,0.968022
460,1,0.826586,0.000351,0.173063
461,1,0.001143,0.002293,0.996564
462,1,0.554162,0.000356,0.445481
463,1,0.029892,0.000166,0.969942
464,1,0.744152,0.127473,0.128375
465,1,0.909529,0.000397,0.090075
466,1,0.591503,0.000377,0.408120
467,1,0.002733,0.000081,0.997186
468,0,0.000671,0.000086,0.999243
469,0,0.014044,0.000208,0.985748
470,0,0.000746,0.000112,0.999142
471,0,0.000454,0.000120,0.999426
472,1,0.760528,0.000414,0.239058
473,0,0.000385,0.000112,0.999503
474,0,0.000380,0.000116,0.999504
475,0,0.018933,0.000148,0.980919
476,0,0.000383,0.000120,0.999497
477,1,0.004359,0.000303,0.995338
478,0,0.000596,0.000765,0.998639
479,0,0.001625,0.000075,0.998300
480,0,0.000481,0.000105,0.999414
481,0,0.000276,0.000170,0.999555
482,1,0.005172,0.000262,0.994566
483,1,0.991688,0.001753,0.006559
484,0,0.004321,0.000092,0.995588
485,1,0.123139,0.001536,0.875325
486,0,0.000416,0.000105,0.999479
487,0,0.001136,0.000074,0.998790
488,1,0.975871,0.000553,0.023576
489,0,0.109824,0.000360,0.889816
490,0,0.033928,0.000180,0.965892
491,0,0.002402,0.000074,0.997525
492,1,0.280728,0.699207,0.020066
493,0,0.001591,0.000094,0.998315
494,0,0.001910,0.000081,0.998009
495,1,0.000287,0.000330,0.999382
496,1,0.997981,0.000919,0.001100
497,1,0.518617,0.003804,0.477579
498,1,0.468883,0.000304,0.530813
499,0,0.000458,0.000127,0.999415
500,1,0.995561,0.003381,0.001059
501,1,0.019079,0.000128,0.980793
502,1,0.023269,0.001809,0.974922
503,1,0.023614,0.000863,0.975523
504,1,0.045221,0.938587,0.016193
505,1,0.997252,0.001507,0.001241
506,1,0.000487,0.000705,0.998808
507,0,0.016643,0.016787,0.966570
508,0,0.000775,0.000086,0.999139
509,0,0.000337,0.000139,0.999525
510,1,0.680719,0.001138,0.318142
511,1,0.017068,0.000217,0.982715
512,1,0.027201,0.000159,0.972640
513,0,0.001815,0.000076,0.998109
514,1,0.005680,0.000442,0.993878
515,0,0.000372,0.000126,0.999501
516,0,0.000415,0.000117,0.999468
517,1,0.000391,0.000136,0.999473
518,0,0.000356,0.000116,0.999527
519,0,0.000754,0.000081,0.999165
520,1,0.109321,0.000301,0.890378
521,1,0.930516,0.000568,0.068916
522,0,0.000933,0.000082,0.998985
523,1,0.277044,0.033766,0.689189
524,1,0.997719,0.001508,0.000773
525,1,0.029714,0.000699,0.969586
526,0,0.000368,0.000118,0.999515
527,1,0.994489,0.000392,0.005119
528,0,0.111078,0.001181,0.887741
529,1,0.000399,0.000187,0.999414
530,0,0.000431,0.000142,0.999427
531,0,0.000383,0.000145,0.999472
532,0,0.000433,0.000145,0.999422
533,1,0.025768,0.000621,0.973611
534,1,0.994877,0.000328,0.004795
535,1,0.892805,0.000582,0.106613
536,1,0.795861,0.000667,0.203472
537,0,0.000382,0.000130,0.999488
538,0,0.000490,0.000100,0.999411
539,1,0.004541,0.000142,0.995318
540,1,0.638975,0.000703,0.360322
541,1,0.997520,0.000567,0.001914
542,1,0.315982,0.000325,0.683693
543,0,0.001130,0.000087,0.998783
544,0,0.710686,0.000960,0.288355
545,0,0.000910,0.000100,0.998990
546,1,0.000279,0.000163,0.999558
547,1,0.689358,0.000490,0.310152
548,0,0.000472,0.000097,0.999431
549,0,0.000407,0.000111,0.999482
550,0,0.000379,0.000118,0.999503
551,1,0.997843,0.000701,0.001456
552,0,0.003578,0.000093,0.996329
553,0,0.001317,0.000371,0.998312
554,0,0.000357,0.000134,0.999509
555,0,0.051940,0.000137,0.947923
556,0,0.000483,0.000104,0.999413
557,1,0.995619,0.003054,0.001327
558,0,0.000375,0.000122,0.999503
559,0,0.877140,0.000597,0.122263
560,1,0.104223,0.408182,0.487595
561,1,0.030523,0.895413,0.074064
562,1,0.019322,0.000273,0.980405
563,1,0.000337,0.000141,0.999522
564,0,0.000896,0.000105,0.998999
565,1,0.240678,0.093738,0.665584
566,1,0.002072,0.000112,0.997815
567,1,0.004042,0.000187,0.995771
568,0,0.000361,0.000140,0.999500
569,1,0.070062,0.102661,0.827277
570,1,0.400419,0.000366,0.599215
571,1,0.221089,0.681369,0.097542
572,1,0.998175,0.000850,0.000975
573,1,0.984770,0.000303,0.014928
574,0,0.000385,0.000118,0.999497
575,0,0.055412,0.000224,0.944364
576,0,0.000810,0.000080,0.999111
577,1,0.963699,0.000547,0.035754
578,1,0.009447,0.000766,0.989787
579,1,0.669976,0.011177,0.318847
580,1,0.957780,0.000293,0.041927
581,1,0.997863,0.001115,0.001022
582,1,0.997324,0.000609,0.002068
583,0,0.000311,0.000149,0.999540
584,1,0.996727,0.002580,0.000693
585,0,0.000425,0.000178,0.999398
586,0,0.000304,0.000199,0.999497
587,0,0.000342,0.000137,0.999520
588,0,0.000447,0.000138,0.999415
589,0,0.000850,0.000080,0.999071
590,1,0.997050,0.002311,0.000639
591,0,0.006692,0.000126,0.993182
592,0,0.000379,0.000125,0.999497
593,0,0.119755,0.000305,0.879940
594,0,0.011875,0.000128,0.987997
595,1,0.010239,0.000099,0.989663
596,0,0.002267,0.000085,0.997648
597,0,0.000355,0.000129,0.999516
598,1,0.028213,0.000420,0.971367
599,0,0.000676,0.000085,0.999239
600,0,0.002263,0.000088,0.997649
601,0,0.000392,0.000111,0.999497
602,1,0.997937,0.000598,0.001465
603,0,0.000347,0.000146,0.999507
604,0,0.170491,0.000305,0.829204
605,1,0.996213,0.000383,0.003404
606,1,0.724718,0.000539,0.274743
607,1,0.997003,0.002271,0.000726
608,1,0.992584,0.000959,0.006457
609,0,0.002615,0.000087,0.997298
610,0,0.004131,0.000078,0.995791
611,0,0.000348,0.000146,0.999506
612,0,0.000654,0.000102,0.999244
613,0,0.005414,0.000144,0.994442
614,1,0.005815,0.139317,0.854868
615,1,0.003589,0.000082,0.996329
616,1,0.112200,0.000260,0.887539
617,0,0.000394,0.000310,0.999297
618,1,0.888549,0.016648,0.094803
619,0,0.015173,0.000187,0.984640
620,0,0.000422,0.000122,0.999456
621,1,0.992651,0.006554,0.000796
622,1,0.201465,0.000250,0.798285
623,0,0.000381,0.000114,0.999505
624,0,0.029570,0.000157,0.970273
625,1,0.310512,0.000351,0.689137
626,0,0.938196,0.000683,0.061121
627,1,0.242818,0.739559,0.017623
628,0,0.000607,0.000099,0.999294
629,0,0.899802,0.000614,0.099584
630,0,0.017342,0.000279,0.982379
631,1,0.996652,0.000539,0.002809
632,1,0.987396,0.000536,0.012068
633,1,0.248274,0.055713,0.696013
634,0,0.002519,0.000119,0.997361
635,0,0.000403,0.000114,0.999483
636,1,0.000374,0.000131,0.999496
637,0,0.001048,0.000084,0.998869
638,1,0.011214,0.000104,0.988683
639,1,0.000364,0.000120,0.999516
640,0,0.001375,0.000103,0.998523
641,1,0.000282,0.000204,0.999514
642,0,0.000498,0.000098,0.999405
643,0,0.000708,0.000095,0.999197
644,1,0.968520,0.000829,0.030650
645,1,0.155647,0.000304,0.844049
646,1,0.798304,0.000338,0.201358
647,0,0.001397,0.000079,0.998524
648,1,0.982729,0.003177,0.014093
649,0,0.000429,0.000113,0.999458
650,0,0.966432,0.000666,0.032902
651,1,0.005670,0.000857,0.993473
652,0,0.000547,0.000091,0.999362
653,1,0.654355,0.000412,0.345233
654,0,0.000393,0.000117,0.999490
655,1,0.000348,0.000135,0.999517
656,1,0.031374,0.941000,0.027627
657,0,0.010665,0.000121,0.989214
658,0,0.000387,0.000118,0.999495
659,1,0.455705,0.000974,0.543320
660,1,0.000299,0.000153,0.999548
661,1,0.108460,0.015826,0.875713
662,1,0.996273,0.000583,0.003144
663,1,0.996728,0.000860,0.002412
664,1,0.987806,0.000437,0.011757
665,0,0.000719,0.000105,0.999175
666,0,0.000643,0.000098,0.999260
667,0,0.001082,0.000081,0.998838
668,0,0.000717,0.000085,0.999198
669,0,0.000372,0.000131,0.999497
670,1,0.994190,0.005090,0.000720
671,0,0.005208,0.000076,0.994716
672,1,0.004343,0.000296,0.995361
673,1,0.196688,0.000731,0.802582
674,0,0.000455,0.000102,0.999443
675,1,0.754700,0.000720,0.244580
676,0,0.000405,0.000128,0.999467
677,1,0.000642,0.000082,0.999277
678,0,0.003269,0.000104,0.996627
679,1,0.790067,0.000772,0.209161
680,1,0.403378,0.001451,0.595171
681,1,0.005468,0.000134,0.994398
682,1,0.997988,0.000732,0.001280
683,1,0.997516,0.001096,0.001388
684,1,0.995747,0.003376,0.000878
685,0,0.000498,0.000091,0.999411
686,0,0.000627,0.000126,0.999246
687,0,0.000368,0.000131,0.999502
688,1,0.865997,0.110070,0.023933
689,0,0.001007,0.000148,0.998845
690,1,0.000664,0.000088,0.999248
691,1,0.084176,0.014871,0.900953
692,0,0.000430,0.000120,0.999450
693,1,0.002681,0.000158,0.997161
694,1,0.729500,0.000456,0.270044
695,1,0.997821,0.000486,0.001693
696,0,0.001113,0.000075,0.998812
697,1,0.978014,0.000747,0.021239
698,0,0.009583,0.000117,0.990300
699,0,0.000462,0.000124,0.999415
700,0,0.000484,0.000096,0.999420
701,0,0.002189,0.000080,0.997730
702,0,0.000595,0.000092,0.999313
703,0,0.000327,0.000185,0.999488
704,1,0.046781,0.789549,0.163670
705,1,0.994802,0.004494,0.000705
706,1,0.198851,0.787438,0.013711
707,1,0.241288,0.001005,0.757707
708,0,0.000344,0.000154,0.999503
709,1,0.094195,0.000244,0.905562
710,1,0.032815,0.000150,0.967034
711,0,0.001826,0.000323,0.997852
712,1,0.002104,0.000069,0.997826
713,1,0.001421,0.000103,0.998476
714,0,0.000508,0.000115,0.999378
715,1,0.012211,0.000477,0.987311
716,0,0.000343,0.000252,0.999404
717,1,0.996598,0.001954,0.001448
718,1,0.018892,0.615659,0.365449
719,1,0.003356,0.001967,0.994678
720,1,0.003029,0.001430,0.995541
721,0,0.993720,0.000379,0.005901
722,1,0.000386,0.000174,0.999440
723,0,0.707301,0.000472,0.292228
724,1,0.124534,0.696005,0.179461
725,1,0.845745,0.000417,0.153837
726,0,0.000404,0.000106,0.999491
727,1,0.673521,0.000498,0.325981
728,1,0.001698,0.000071,0.998231
729,1,0.783757,0.077710,0.138533
730,0,0.003202,0.000495,0.996303
731,1,0.009149,0.000101,0.990751
732,1,0.000243,0.000199,0.999559
733,1,0.898535,0.000394,0.101071
734,0,0.000529,0.000178,0.999293
735,0,0.000370,0.000144,0.999486
736,1,0.994049,0.000402,0.005549
737,0,0.000719,0.000084,0.999196
738,1,0.029068,0.722098,0.248833
739,1,0.997034,0.000463,0.002503
740,1,0.010848,0.000095,0.989057
741,0,0.001565,0.000095,0.998340
742,0,0.057056,0.000231,0.942713
743,0,0.000418,0.000106,0.999476
744,1,0.998140,0.000730,0.001130
745,0,0.000769,0.000079,0.999152
746,0,0.000367,0.000128,0.999505
747,0,0.000335,0.000139,0.999526
748,0,0.000266,0.000229,0.999505
749,0,0.004323,0.001047,0.994630
750,0,0.000463,0.000101,0.999436
751,1,0.125508,0.843654,0.030838
752,0,0.762408,0.000501,0.237092
753,1,0.977566,0.000335,0.022099
754,0,0.000380,0.000142,0.999478
755,0,0.000880,0.000112,0.999008
756,0,0.975772,0.000492,0.023736
757,0,0.092552,0.000254,0.907194
758,1,0.000369,0.000614,0.999017
759,1,0.941298,0.002910,0.055792
760,1,0.997216,0.002144,0.000640
761,0,0.142211,0.000345,0.857444
762,1,0.996957,0.002068,0.000975
763,1,0.995872,0.000446,0.003682
764,0,0.005313,0.003300,0.991387
765,1,0.997755,0.001565,0.000680
766,1,0.920607,0.001932,0.077460
767,1,0.008992,0.000402,0.990606
768,1,0.997167,0.000830,0.002003
769,0,0.000361,0.000125,0.999513
770,1,0.067427,0.578776,0.353796
771,0,0.000374,0.000123,0.999503
772,0,0.000824,0.000078,0.999098
773,1,0.135261,0.000206,0.864533
774,0,0.359109,0.000489,0.640402
775,1,0.000502,0.000593,0.998906
776,1,0.125464,0.018090,0.856446
777,1,0.017235,0.000232,0.982532
778,1,0.001751,0.009688,0.988560
779,1,0.004496,0.001238,0.994266
780,0,0.003122,0.000081,0.996797
781,1,0.082122,0.841960,0.075917
782,0,0.000343,0.000126,0.999531
783,1,0.808697,0.003162,0.188142
784,1,0.785599,0.000744,0.213657
785,0,0.000386,0.000134,0.999480
786,1,0.222358,0.687944,0.089698
787,0,0.065127,0.000204,0.934669
788,0,0.000364,0.000130,0.999506
789,0,0.000353,0.000121,0.999526
790,0,0.000320,0.000144,0.999537
791,1,0.847501,0.001095,0.151405
792,0,0.000446,0.000105,0.999450
793,1,0.489807,0.001185,0.509008
794,0,0.000433,0.000133,0.999434
795,0,0.007985,0.000104,0.991911
796,1,0.984459,0.007474,0.008066
797,0,0.000513,0.000094,0.999394
798,0,0.000359,0.000141,0.999500
799,0,0.000480,0.000111,0.999408
800,0,0.000605,0.000113,0.999282
801,0,0.000303,0.000219,0.999478
802,1,0.001705,0.000072,0.998223
803,1,0.004424,0.000175,0.995401
804,0,0.006239,0.000101,0.993660
805,1,0.990610,0.005372,0.004019
806,1,0.620982,0.000616,0.378402
807,0,0.000463,0.000100,0.999437
808,1,0.027171,0.000144,0.972686
809,0,0.000351,0.000131,0.999518
810,1,0.842029,0.000562,0.157409
811,0,0.002082,0.000105,0.997813
812,0,0.000601,0.000088,0.999311
813,0,0.001510,0.000101,0.998389
814,1,0.973994,0.011071,0.014936
815,0,0.012618,0.000127,0.987254
816,1,0.973325,0.016873,0.009802
817,1,0.588242,0.000761,0.410997
818,1,0.001361,0.000080,0.998559
819,0,0.003744,0.000079,0.996177
820,1,0.996366,0.002239,0.001395
821,0,0.000404,0.000150,0.999445
822,1,0.820893,0.050428,0.128679
823,1,0.978422,0.000779,0.020799
824,0,0.000364,0.000138,0.999498
825,0,0.000741,0.000115,0.999145
826,0,0.000299,0.000161,0.999540
827,1,0.807873,0.000467,0.191660
828,0,0.161154,0.000462,0.838383
829,1,0.830601,0.000549,0.168850
830,1,0.000348,0.000123,0.999529
831,1,0.013431,0.000410,0.986159
832,0,0.002076,0.000080,0.997844
833,0,0.004633,0.000129,0.995238
834,0,0.000827,0.000101,0.999073
835,1,0.001308,0.004717,0.993975
836,1,0.062220,0.000226,0.937554
837,0,0.003680,0.000100,0.996220
838,0,0.004219,0.000107,0.995674
839,1,0.004810,0.053529,0.941660
840,0,0.000377,0.000139,0.999484
841,0,0.000389,0.000115,0.999496
842,1,0.016611,0.000155,0.983234
843,1,0.869302,0.000531,0.130167
844,0,0.000353,0.000122,0.999526
845,1,0.966363,0.031491,0.002146
846,0,0.088739,0.000215,0.911047
847,1,0.001481,0.000095,0.998424
848,1,0.997966,0.000642,0.001392
849,0,0.002984,0.000125,0.996890
850,0,0.000998,0.000078,0.998923
851,1,0.926779,0.000407,0.072815
852,1,0.962440,0.000368,0.037192
853,0,0.364562,0.000754,0.634684
854,1,0.069702,0.000251,0.930048
855,0,0.988731,0.000430,0.010839
856,0,0.003167,0.000100,0.996732
857,1,0.155140,0.000514,0.844346
858,1,0.001538,0.001323,0.997140
859,0,0.002186,0.000089,0.997725
860,1,0.143269,0.324986,0.531745
861,1,0.000717,0.000093,0.999190
862,1,0.002136,0.000088,0.997776
863,0,0.000738,0.003934,0.995328
864,1,0.994471,0.000519,0.005010
865,1,0.921858,0.000331,0.077811
866,0,0.000968,0.000077,0.998956
867,0,0.000323,0.000187,0.999490
868,1,0.013038,0.000276,0.986686
869,1,0.050054,0.002139,0.947807
870,0,0.000409,0.000141,0.999450
871,1,0.014554,0.000360,0.985086
872,1,0.997370,0.000768,0.001862
873,0,0.012675,0.000128,0.987197
874,0,0.000400,0.000124,0.999475
875,0,0.005563,0.000091,0.994346
876,0,0.000489,0.000110,0.999400
877,0,0.000400,0.000118,0.999482
878,0,0.000659,0.000090,0.999251
879,1,0.000882,0.000106,0.999011
880,0,0.000359,0.000138,0.999503
881,1,0.777566,0.000356,0.222077
882,1,0.796781,0.002213,0.201006
883,0,0.000385,0.000118,0.999497
884,1,0.026279,0.919351,0.054370
885,1,0.990901,0.000424,0.008676
886,0,0.000360,0.000115,0.999525
887,1,0.121185,0.000206,0.878610
888,1,0.032531,0.000176,0.967293
889,0,0.000359,0.000256,0.999385
890,1,0.996186,0.000428,0.003387
891,1,0.997545,0.000672,0.001782
892,0,0.000616,0.000092,0.999292
893,1,0.220013,0.000337,0.779650
894,1,0.001307,0.000109,0.998584
895,1,0.995697,0.000768,0.003535
896,1,0.996157,0.000412,0.003430
897,0,0.001058,0.000089,0.998853
898,0,0.000393,0.000115,0.999492
899,0,0.001691,0.000075,0.998234
900,0,0.000570,0.000105,0.999326
901,0,0.000588,0.000097,0.999315
902,1,0.996893,0.000417,0.002690
903,1,0.053944,0.194800,0.751256
904,1,0.023677,0.000983,0.975340
905,1,0.140672,0.000532,0.858796
906,1,0.867201,0.000646,0.132153
907,0,0.885973,0.000588,0.113439
908,1,0.007117,0.000642,0.992242
909,0,0.002041,0.000086,0.997873
910,0,0.001831,0.000095,0.998074
911,1,0.997537,0.000820,0.001643
912,1,0.965575,0.000587,0.033838
913,0,0.056281,0.000227,0.943492
914,1,0.208476,0.001193,0.790331
915,1,0.003750,0.000155,0.996095
916,1,0.995516,0.000819,0.003666
917,0,0.000356,0.000141,0.999503
918,1,0.078837,0.016314,0.904849
919,0,0.000338,0.000137,0.999525
920,1,0.738453,0.000780,0.260767
921,0,0.000403,0.000123,0.999474
922,1,0.306253,0.023411,0.670336
923,0,0.000383,0.000111,0.999505
924,0,0.000473,0.000097,0.999430
925,0,0.000311,0.000203,0.999486
926,0,0.002976,0.000101,0.996923
927,1,0.845341,0.000473,0.154187
928,1,0.137193,0.706335,0.156471
929,0,0.000603,0.000091,0.999306
930,0,0.038063,0.000193,0.961744
931,1,0.996003,0.001197,0.002800
932,0,0.002662,0.000086,0.997252
933,1,0.894147,0.000657,0.105195
934,0,0.832806,0.000334,0.166860
935,1,0.907947,0.085180,0.006873
936,0,0.001147,0.000080,0.998773
937,0,0.000965,0.000078,0.998956
938,1,0.976942,0.015167,0.007891
939,1,0.307861,0.000849,0.691290
940,0,0.001264,0.000081,0.998655
941,0,0.004156,0.000097,0.995747
942,0,0.000445,0.000103,0.999452
943,1,0.990550,0.000409,0.009041
944,1,0.033825,0.001031,0.965144
945,0,0.982467,0.000402,0.017131
946,1,0.990722,0.000895,0.008383
947,1,0.000915,0.000098,0.998987
948,0,0.000758,0.000106,0.999136
949,0,0.022634,0.000181,0.977185
950,0,0.148864,0.000310,0.850826
951,1,0.303417,0.000388,0.696195
952,1,0.995076,0.004102,0.000822
953,0,0.000420,0.000112,0.999468
954,1,0.000319,0.000137,0.999544
955,1,0.270464,0.001408,0.728128
956,0,0.006324,0.000539,0.993137
957,0,0.000507,0.000108,0.999384
958,1,0.002223,0.000346,0.997431
959,0,0.000338,0.000149,0.999512
960,0,0.000480,0.000094,0.999426
961,1,0.001392,0.000719,0.997889
962,0,0.011707,0.000123,0.988171
963,0,0.004280,0.000135,0.995585
964,1,0.008282,0.000183,0.991535
965,0,0.000455,0.000105,0.999440
966,1,0.007197,0.000140,0.992663
967,1,0.127674,0.000597,0.871729
968,1,0.987818,0.000376,0.011806
969,1,0.040175,0.001207,0.958618
970,1,0.014098,0.000512,0.985390
971,1,0.000803,0.000166,0.999031
972,1,0.979489,0.000331,0.020181
973,0,0.000360,0.000126,0.999515
974,0,0.000687,0.000087,0.999226
975,0,0.000883,0.000142,0.998975
976,0,0.000498,0.000092,0.999411
977,1,0.076795,0.003953,0.919251
978,1,0.001057,0.000975,0.997968
979,0,0.000863,0.000080,0.999057
980,1,0.045439,0.208556,0.746005
981,1,0.089032,0.902599,0.008369
982,0,0.000477,0.000095,0.999428
983,0,0.000789,0.000081,0.999130
984,1,0.231879,0.000642,0.767479
985,1,0.997100,0.000475,0.002426
986,1,0.000343,0.000158,0.999499
987,1,0.000413,0.000121,0.999466
988,0,0.728151,0.000469,0.271380
989,1,0.001095,0.000113,0.998792
990,0,0.000603,0.000093,0.999304
991,1,0.009188,0.001373,0.989439
992,1,0.000342,0.000147,0.999510
993,1,0.295223,0.073612,0.631165
994,0,0.007565,0.000100,0.992335
995,0,0.038910,0.000342,0.960748
996,1,0.996917,0.000480,0.002603
997,0,0.000974,0.000077,0.998949
998,1,0.983353,0.000326,0.016321
999,1,0.000928,0.000082,0.998990
1000,1,0.146203,0.006236,0.847561
1001,0,0.003320,0.000097,0.996582
1002,0,0.000450,0.000104,0.999446
1003,0,0.000437,0.000111,0.999452
1004,1,0.028935,0.876190,0.094876
1005,1,0.066772,0.000237,0.932992
1006,1,0.988182,0.000341,0.011477
1007,0,0.000401,0.000242,0.999357
1008,1,0.526193,0.047103,0.426704
1009,1,0.005426,0.000220,0.994354
1010,0,0.000431,0.000103,0.999466
1011,1,0.715426,0.000711,0.283863
1012,0,0.004277,0.000103,0.995621
1013,1,0.997447,0.000530,0.002023
1014,1,0.984004,0.000582,0.015414
1015,0,0.000373,0.000132,0.999495
1016,0,0.001162,0.000092,0.998745
1017,0,0.025112,0.000214,0.974674
1018,1,0.791394,0.001103,0.207503
1019,1,0.996301,0.001886,0.001813
1020,1,0.022535,0.000130,0.977335
1021,0,0.997207,0.000532,0.002261
1022,1,0.415181,0.000999,0.583820
1023,0,0.000805,0.000257,0.998937
1024,1,0.001702,0.000101,0.998197
1025,1,0.938404,0.000283,0.061313
1026,1,0.012153,0.000245,0.987602
1027,0,0.001956,0.000083,0.997961
1028,0,0.000649,0.000117,0.999234
1029,1,0.841843,0.000396,0.157760
1030,1,0.447707,0.538625,0.013668
1031,1,0.956931,0.000396,0.042673
1032,1,0.004303,0.000099,0.995598
1033,1,0.997089,0.000719,0.002193
1034,0,0.005427,0.000084,0.994490
1035,1,0.997337,0.001254,0.001410
1036,0,0.002457,0.000123,0.997420
1037,0,0.001534,0.000136,0.998330
1038,1,0.963968,0.002000,0.034032
1039,1,0.247138,0.066080,0.686781
1040,0,0.000521,0.000094,0.999385
1041,1,0.000313,0.000151,0.999536
1042,0,0.215095,0.000478,0.784427
1043,0,0.001773,0.000077,0.998150
1044,0,0.006428,0.000153,0.993419
1045,0,0.001957,0.000100,0.997944
1046,1,0.000395,0.000119,0.999485
1047,0,0.001148,0.000075,0.998776
1048,0,0.001852,0.000108,0.998040
1049,0,0.001269,0.000086,0.998645
1050,0,0.042766,0.000343,0.956891
1051,1,0.997327,0.001884,0.000790
1052,1,0.372695,0.038081,0.589224
1053,0,0.029223,0.000358,0.970419
1054,1,0.812845,0.091147,0.096008
1055,1,0.844891,0.000411,0.154698
1056,1,0.000544,0.000599,0.998857
1057,0,0.001459,0.000090,0.998451
1058,0,0.034895,0.000242,0.964863
1059,0,0.000749,0.000096,0.999156
1060,1,0.007936,0.000125,0.991938
1061,1,0.997181,0.001127,0.001692
1062,1,0.996720,0.001000,0.002280
1063,1,0.177938,0.032151,0.789911
1064,1,0.997872,0.001203,0.000924
1065,1,0.998014,0.000700,0.001287
1066,0,0.000360,0.000119,0.999521
1067,1,0.145306,0.270157,0.584537
1068,0,0.000380,0.000130,0.999490
1069,1,0.213743,0.000255,0.786002
1070,1,0.529436,0.000627,0.469936
1071,1,0.019001,0.000192,0.980807
1072,0,0.001170,0.000081,0.998749
1073,0,0.021740,0.000212,0.978047
1074,0,0.000506,0.000092,0.999402
1075,0,0.014238,0.000161,0.985601
1076,0,0.000379,0.000112,0.999509
1077,1,0.868037,0.061415,0.070548
1078,1,0.001506,0.001597,0.996898
1079,0,0.000331,0.000136,0.999533
1080,0,0.745933,0.000693,0.253374
1081,1,0.935673,0.035992,0.028335
1082,0,0.000401,0.000108,0.999491
1083,1,0.990179,0.000414,0.009407
1084,0,0.000789,0.000104,0.999107
1085,1,0.092328,0.000481,0.907191
1086,1,0.977394,0.000460,0.022146
1087,1,0.000639,0.001338,0.998022
1088,1,0.996750,0.001926,0.001323
1089,1,0.000220,0.000369,0.999411
1090,1,0.926421,0.002211,0.071368
1091,0,0.000688,0.000079,0.999233
1092,0,0.000391,0.000127,0.999483
1093,0,0.000385,0.000138,0.999477
1094,1,0.996245,0.002956,0.000799
1095,0,0.000400,0.000119,0.999481
1096,0,0.001321,0.000078,0.998601
1097,1,0.200101,0.000551,0.799349
1098,1,0.008927,0.000251,0.990823
1099,0,0.026885,0.000222,0.972892
1100,1,0.994180,0.000355,0.005465
1101,0,0.013392,0.000175,0.986433
1102,1,0.000965,0.000313,0.998722
1103,0,0.000474,0.000093,0.999433
1104,1,0.991950,0.007298,0.000752
1105,0,0.000446,0.000113,0.999441
1106,0,0.154184,0.000555,0.845261
1107,0,0.000480,0.000095,0.999426
1108,0,0.000737,0.000115,0.999148
1109,1,0.412989,0.576379,0.010632
1110,1,0.990368,0.002835,0.006797
1111,1,0.000517,0.001066,0.998417
1112,1,0.952555,0.007799,0.039646
1113,1,0.193136,0.000394,0.806470
1114,0,0.702808,0.000595,0.296596
1115,1,0.070516,0.000196,0.929288
1116,0,0.000359,0.000152,0.999490
1117,0,0.000318,0.000135,0.999547
1118,0,0.000555,0.000087,0.999359
1119,1,0.005400,0.000285,0.994315
1120,1,0.014960,0.001633,0.983407
1121,0,0.000336,0.000146,0.999517
1122,0,0.000388,0.000251,0.999362
1123,1,0.000492,0.000103,0.999405
1124,1,0.954353,0.016254,0.029393
1125,1,0.997732,0.000917,0.001351
1126,0,0.000436,0.000100,0.999464
1127,0,0.001138,0.000076,0.998786
1128,0,0.000429,0.000131,0.999440
1129,0,0.055402,0.000227,0.944371
1130,0,0.000810,0.000078,0.999111
1131,0,0.000536,0.000113,0.999351
1132,0,0.000312,0.000161,0.999527
1133,1,0.293270,0.149625,0.557105
1134,0,0.000798,0.000081,0.999121
1135,0,0.000502,0.000138,0.999360
1136,0,0.045747,0.000207,0.954046
1137,0,0.000369,0.000156,0.999476
1138,0,0.000570,0.000093,0.999337
1139,1,0.997542,0.000496,0.001962
1140,1,0.213477,0.776516,0.010007
1141,0,0.000351,0.000134,0.999516
1142,1,0.059998,0.869194,0.070807
1143,0,0.059611,0.000337,0.940052
1144,0,0.002707,0.000245,0.997048
1145,1,0.000969,0.000098,0.998933
1146,1,0.112016,0.201577,0.686407
1147,0,0.000363,0.000133,0.999504
1148,0,0.000445,0.000106,0.999449
1149,1,0.998308,0.000830,0.000863
1150,1,0.009348,0.000481,0.990171
1151,0,0.188697,0.000548,0.810755
1152,1,0.039822,0.777621,0.182558
1153,0,0.000492,0.000092,0.999416
1154,1,0.961183,0.013509,0.025308
1155,0,0.000969,0.000126,0.998905
1156,1,0.019987,0.000104,0.979908
1157,0,0.000441,0.000101,0.999458
1158,1,0.009606,0.000185,0.990209
1159,0,0.001716,0.000087,0.998197
1160,1,0.972046,0.000511,0.027443
1161,1,0.001141,0.000105,0.998754
1162,1,0.056484,0.000195,0.943322
1163,1,0.006920,0.000111,0.992968
1164,1,0.120595,0.861759,0.017646
1165,0,0.000700,0.000079,0.999221
1166,0,0.000402,0.000125,0.999474
1167,1,0.001283,0.000535,0.998182
1168,0,0.002763,0.000156,0.997081
1169,0,0.000860,0.005014,0.994125
1170,1,0.472975,0.001380,0.525645
1171,0,0.000349,0.000135,0.999516
1172,1,0.000373,0.000134,0.999493
1173,1,0.846797,0.039252,0.113950
1174,1,0.610839,0.004334,0.384827
1175,1,0.001866,0.000594,0.997539
1176,0,0.000460,0.000101,0.999439
1177,1,0.849673,0.000387,0.149940
1178,0,0.002880,0.000092,0.997027
1179,0,0.000629,0.000089,0.999282
1180,1,0.007969,0.003255,0.988776
1181,1,0.514935,0.000975,0.484090
1182,1,0.672133,0.000521,0.327346
1183,0,0.000428,0.000111,0.999462
1184,1,0.007837,0.239076,0.753087
1185,0,0.000388,0.000125,0.999487
1186,0,0.001146,0.000092,0.998763
1187,0,0.000539,0.000108,0.999353
1188,0,0.001002,0.000156,0.998843
1189,1,0.997957,0.000634,0.001408
1190,1,0.994492,0.000390,0.005119
1191,1,0.988243,0.000488,0.011268
1192,0,0.008294,0.000112,0.991594
1193,1,0.997984,0.000775,0.001240
1194,0,0.000400,0.000125,0.999474
1195,0,0.041634,0.000203,0.958163
1196,1,0.967935,0.000385,0.031680
1197,1,0.155477,0.000278,0.844245
1198,1,0.279083,0.000783,0.720135
1199,1,0.009527,0.000174,0.990298
1200,0,0.000371,0.000148,0.999481
1201,1,0.041360,0.000213,0.958428
1202,0,0.000389,0.000113,0.999499
1203,0,0.000381,0.000139,0.999480
1204,0,0.000374,0.000112,0.999514
1205,1,0.016299,0.001905,0.981797
1206,0,0.027056,0.000133,0.972811
1207,0,0.005809,0.000087,0.994103
1208,0,0.001019,0.000139,0.998842
1209,0,0.001231,0.000572,0.998197
1210,1,0.014996,0.000167,0.984836
1211,1,0.945601,0.000473,0.053925
1212,1,0.001151,0.000126,0.998723
1213,1,0.001846,0.000132,0.998022
1214,1,0.004922,0.000105,0.994973
1215,1,0.958891,0.000374,0.040735
1216,1,0.028675,0.000145,0.971180
1217,1,0.997769,0.001168,0.001063
1218,1,0.449547,0.000391,0.550062
1219,1,0.000932,0.000077,0.998991
1220,1,0.042647,0.000350,0.957003
1221,0,0.009403,0.000146,0.990451
1222,0,0.001943,0.000118,0.997939
1223,1,0.730751,0.000418,0.268831
1224,1,0.006717,0.240573,0.752710
1225,1,0.000873,0.000128,0.998999
1226,1,0.000544,0.000094,0.999361
1227,1,0.000352,0.000119,0.999529
1228,0,0.014154,0.000169,0.985677
1229,0,0.000415,0.000110,0.999475
1230,1,0.989193,0.001076,0.009732
1231,1,0.757051,0.212203,0.030746
1232,0,0.000431,0.000101,0.999468
1233,1,0.873407,0.000667,0.125926
1234,0,0.003246,0.000082,0.996672
1235,0,0.001491,0.000087,0.998422
1236,0,0.000334,0.000177,0.999489
1237,0,0.000444,0.000103,0.999453
1238,0,0.000517,0.000098,0.999384
1239,0,0.000463,0.000110,0.999427
1240,0,0.001501,0.000094,0.998405
1241,0,0.000405,0.000137,0.999458
1242,1,0.636363,0.000330,0.363306
1243,0,0.309731,0.000367,0.689901
1244,1,0.155044,0.000235,0.844721
1245,0,0.000319,0.000225,0.999456
1246,0,0.000406,0.000107,0.999487
1247,0,0.606285,0.000520,0.393195
1248,1,0.982287,0.006270,0.011443
1249,0,0.001282,0.000086,0.998633
1250,0,0.000356,0.000124,0.999520
1251,1,0.061086,0.925756,0.013158
1252,0,0.001228,0.000076,0.998695
1253,1,0.862055,0.092705,0.045240
1254,1,0.954762,0.029542,0.015695
1255,1,0.983942,0.000267,0.015791
1256,1,0.000456,0.000107,0.999436
1257,0,0.000897,0.000091,0.999012
1258,0,0.000249,0.000172,0.999579
1259,0,0.001399,0.000079,0.998522
1260,1,0.997106,0.000505,0.002389
1261,1,0.003215,0.000172,0.996613
1262,0,0.000517,0.000094,0.999390
1263,1,0.796413,0.000424,0.203163
1264,1,0.028794,0.942002,0.029204
1265,0,0.001017,0.000085,0.998899
1266,0,0.000440,0.000115,0.999445
1267,1,0.062567,0.000274,0.937160
1268,1,0.000382,0.000126,0.999491
1269,1,0.993511,0.000828,0.005660
1270,0,0.000592,0.000092,0.999316
1271,0,0.000322,0.000168,0.999510
1272,0,0.002952,0.000081,0.996967
1273,1,0.055784,0.001249,0.942967
1274,1,0.000742,0.000115,0.999143
1275,0,0.000339,0.000128,0.999533
1276,0,0.000759,0.000080,0.999161
1277,1,0.018836,0.001178,0.979986
1278,1,0.228017,0.761261,0.010722
1279,1,0.013898,0.145296,0.840806
1280,0,0.808277,0.000434,0.191289
1281,0,0.002096,0.000085,0.997819
1282,1,0.026988,0.000519,0.972493
1283,1,0.000725,0.000984,0.998291
1284,0,0.000499,0.000127,0.999374
1285,0,0.002292,0.000111,0.997598
1286,1,0.000464,0.000121,0.999414
1287,0,0.001319,0.000098,0.998583
1288,1,0.033262,0.798594,0.168144
1289,0,0.000475,0.000100,0.999426
1290,0,0.000393,0.000107,0.999499
1291,1,0.997539,0.000780,0.001681
1292,1,0.134545,0.492263,0.373192
1293,1,0.000396,0.000156,0.999448
1294,0,0.000414,0.000125,0.999461
1295,1,0.997912,0.000641,0.001447
1296,1,0.223248,0.765937,0.010814
1297,1,0.683392,0.174548,0.142060
1298,1,0.786145,0.000570,0.213285
1299,1,0.996944,0.000796,0.002260
1300,1,0.980688,0.000376,0.018936
1301,0,0.000354,0.000155,0.999492
1302,1,0.112760,0.000479,0.886761
1303,1,0.998322,0.000751,0.000927
1304,1,0.996808,0.002008,0.001183
1305,0,0.000372,0.000113,0.999515
1306,1,0.995937,0.003199,0.000863
1307,1,0.434956,0.000552,0.564493
1308,1,0.028136,0.000215,0.971650
1309,1,0.997831,0.000661,0.001508
1310,0,0.006429,0.000082,0.993490
1311,1,0.015713,0.000667,0.983619
1312,1,0.021414,0.142069,0.836517
1313,1,0.068170,0.000242,0.931588
1314,1,0.085358,0.000574,0.914069
1315,1,0.925116,0.052052,0.022832
1316,1,0.982386,0.001234,0.016380
1317,1,0.062087,0.000181,0.937732
1318,0,0.000552,0.000090,0.999358
1319,0,0.043325,0.009357,0.947318
1320,1,0.000449,0.000118,0.999433
1321,0,0.000404,0.000122,0.999474
1322,0,0.002854,0.000085,0.997061
1323,1,0.171710,0.505137,0.323153
1324,0,0.113003,0.000365,0.886632
1325,0,0.001308,0.000077,0.998615
1326,0,0.119438,0.000341,0.880221
1327,0,0.001183,0.000078,0.998739
1328,1,0.002769,0.000104,0.997127
1329,1,0.010862,0.228617,0.760521
1330,1,0.000884,0.000092,0.999025
1331,0,0.008254,0.000139,0.991607
1332,1,0.021104,0.000225,0.978671
1333,0,0.000669,0.000096,0.999235
1334,0,0.002698,0.000114,0.997188
1335,0,0.000523,0.000092,0.999385
1336,1,0.897672,0.000799,0.101529
1337,1,0.000498,0.000114,0.999388
1338,0,0.000450,0.000101,0.999449
1339,0,0.000624,0.000088,0.999288
1340,1,0.186943,0.000458,0.812600
1341,0,0.000423,0.000181,0.999396
1342,1,0.002646,0.001043,0.996311
1343,0,0.000347,0.000157,0.999495
1344,1,0.000764,0.000812,0.998424
1345,1,0.000361,0.000153,0.999486
1346,1,0.058101,0.000338,0.941562
1347,1,0.003972,0.000462,0.995566
1348,1,0.388411,0.000510,0.611080
1349,1,0.000566,0.000227,0.999207
1350,1,0.000423,0.000902,0.998675
1351,0,0.001374,0.000078,0.998548
1352,0,0.000380,0.000131,0.999489
1353,1,0.995490,0.000379,0.004131
1354,1,0.171686,0.000270,0.828043
1355,1,0.996514,0.000487,0.002999
1356,1,0.135886,0.457448,0.406666
1357,1,0.001146,0.000531,0.998322
1358,0,0.001352,0.000072,0.998576
1359,0,0.000376,0.000122,0.999502
1360,1,0.998053,0.000527,0.001421
1361,1,0.984747,0.010468,0.004785
1362,1,0.000629,0.000143,0.999228
1363,1,0.996981,0.000892,0.002127
1364,1,0.000322,0.000141,0.999537
1365,0,0.000440,0.000107,0.999453
1366,1,0.033804,0.000166,0.966030
1367,1,0.976985,0.000841,0.022174
1368,1,0.977091,0.000371,0.022538
1369,0,0.002203,0.000095,0.997701
1370,1,0.377872,0.000520,0.621607
1371,0,0.000390,0.000117,0.999493
1372,1,0.126896,0.000252,0.872851
1373,1,0.192868,0.040389,0.766742
1374,0,0.020524,0.000145,0.979331
1375,1,0.293889,0.000511,0.705600
1376,1,0.283131,0.000336,0.716534
1377,0,0.007274,0.000132,0.992593
1378,1,0.655243,0.000340,0.344416
1379,1,0.655243,0.000340,0.344416
1380,0,0.000364,0.000130,0.999506
1381,1,0.995125,0.000353,0.004522
1382,0,0.000329,0.000168,0.999503
1383,1,0.801012,0.000369,0.198619
1384,1,0.004123,0.000144,0.995733
1385,0,0.001236,0.000072,0.998692
1386,0,0.000307,0.000154,0.999539
1387,1,0.982002,0.000351,0.017647
1388,0,0.000464,0.000143,0.999393
1389,1,0.018325,0.945570,0.036105
1390,0,0.000502,0.000090,0.999408
1391,1,0.983054,0.000320,0.016626
1392,1,0.105966,0.001495,0.892538
1393,0,0.000309,0.000148,0.999543
1394,1,0.993129,0.000333,0.006538
1395,0,0.000710,0.000121,0.999169
1396,1,0.996389,0.002435,0.001176
1397,1,0.000541,0.000244,0.999215
1398,0,0.001257,0.000077,0.998666
1399,1,0.072711,0.002446,0.924843
1400,0,0.000809,0.000083,0.999108
1401,1,0.011628,0.000148,0.988225
1402,0,0.000625,0.000099,0.999276
1403,1,0.787042,0.000389,0.212570
1404,1,0.996789,0.002405,0.000807
1405,0,0.000361,0.000125,0.999513
1406,1,0.212232,0.000683,0.787084
1407,0,0.001553,0.000104,0.998343
1408,1,0.001189,0.000333,0.998478
1409,1,0.559439,0.409233,0.031328
1410,0,0.000528,0.000091,0.999382
1411,0,0.000332,0.000129,0.999540
1412,0,0.000518,0.000093,0.999389
1413,0,0.000407,0.000107,0.999486
1414,0,0.003125,0.000078,0.996797
1415,1,0.637315,0.002143,0.360542
1416,1,0.990581,0.000511,0.008908
1417,1,0.255807,0.000273,0.743920
1418,0,0.000347,0.000142,0.999511
1419,0,0.001235,0.000085,0.998680
1420,0,0.000353,0.000131,0.999516
1421,0,0.000422,0.000137,0.999441
1422,1,0.997926,0.001233,0.000840
1423,1,0.147031,0.005628,0.847341
1424,0,0.000766,0.000094,0.999140
1425,0,0.001172,0.000081,0.998747
1426,1,0.993484,0.000392,0.006124
1427,1,0.002796,0.000166,0.997039
1428,0,0.000327,0.000135,0.999537
1429,1,0.004009,0.000103,0.995888
1430,1,0.087823,0.000243,0.911933
1431,1,0.012657,0.000286,0.987057
1432,1,0.001014,0.000088,0.998898
1433,0,0.000467,0.000169,0.999365
1434,0,0.000436,0.000115,0.999450
1435,0,0.002804,0.000086,0.997110
1436,1,0.105203,0.000236,0.894561
1437,0,0.019793,0.000172,0.980035
1438,0,0.002309,0.000080,0.997610
1439,0,0.005858,0.020892,0.973250
1440,0,0.004568,0.000094,0.995338
1441,0,0.000523,0.000099,0.999378
1442,0,0.011464,0.000130,0.988406
1443,0,0.005107,0.000134,0.994759
1444,1,0.071174,0.000239,0.928587
1445,1,0.591726,0.000439,0.407836
1446,1,0.996412,0.000393,0.003195
1447,1,0.098543,0.000373,0.901084
1448,1,0.422543,0.000787,0.576670
1449,0,0.912390,0.000402,0.087208
1450,1,0.939310,0.000400,0.060290
1451,0,0.000439,0.000099,0.999462
1452,1,0.985189,0.000681,0.014129
1453,1,0.987306,0.000376,0.012318
1454,1,0.982755,0.001474,0.015772
1455,1,0.998031,0.000797,0.001172
1456,1,0.971639,0.003697,0.024664
1457,1,0.006232,0.001146,0.992622
1458,1,0.904370,0.000359,0.095271
1459,1,0.009402,0.839630,0.150968
1460,1,0.877353,0.000395,0.122252
1461,1,0.036159,0.000295,0.963546
1462,1,0.883870,0.000417,0.115713
1463,0,0.000714,0.000093,0.999193
1464,0,0.073258,0.000239,0.926503
1465,0,0.000394,0.000116,0.999491
1466,1,0.182403,0.000278,0.817319
1467,0,0.000552,0.000093,0.999355
1468,1,0.998030,0.000819,0.001152
1469,0,0.000515,0.000095,0.999390
1470,1,0.997363,0.001060,0.001577
1471,1,0.995325,0.000502,0.004173
1472,0,0.000995,0.000078,0.998927
1473,1,0.997309,0.000446,0.002245
1474,1,0.998157,0.000961,0.000882
1475,0,0.000337,0.000131,0.999532
1476,1,0.035361,0.000570,0.964069
1477,1,0.223864,0.000303,0.775833
1478,1,0.000257,0.000202,0.999541
1479,0,0.001678,0.000079,0.998243
1480,1,0.000356,0.000151,0.999493
1481,0,0.000932,0.000135,0.998933
1482,1,0.173528,0.000239,0.826233
1483,1,0.006890,0.000135,0.992975
1484,0,0.000505,0.000102,0.999393
1485,1,0.997688,0.000539,0.001772
1486,0,0.002877,0.000135,0.996988
1487,1,0.992809,0.000340,0.006850
1488,0,0.026589,0.000193,0.973218
1489,1,0.988956,0.004123,0.006921
1490,1,0.001380,0.001639,0.996981
1491,1,0.001602,0.001706,0.996692
1492,0,0.000491,0.000103,0.999406
1493,1,0.019764,0.777507,0.202729
1494,1,0.992173,0.000635,0.007192
1495,1,0.030940,0.000448,0.968612
1496,1,0.007950,0.328165,0.663885
1497,1,0.026636,0.918596,0.054768
1498,0,0.000368,0.000132,0.999500
1499,1,0.010466,0.000178,0.989355
1500,0,0.000465,0.000110,0.999425
1501,1,0.000383,0.000120,0.999498
1502,1,0.000476,0.000101,0.999423
1503,0,0.000424,0.000158,0.999418
1504,1,0.000385,0.000130,0.999485
1505,1,0.792349,0.000398,0.207253
1506,1,0.239189,0.000290,0.760521
1507,0,0.000344,0.000127,0.999529
1508,1,0.997259,0.001609,0.001132
1509,1,0.997108,0.000881,0.002011
1510,1,0.006182,0.000093,0.993724
1511,0,0.000361,0.000126,0.999513
1512,0,0.000611,0.000105,0.999284
1513,0,0.000660,0.000104,0.999236
1514,1,0.992166,0.000298,0.007536
1515,1,0.923162,0.000450,0.076388
1516,0,0.000370,0.000134,0.999496
1517,1,0.404130,0.093173,0.502697
1518,1,0.998123,0.000820,0.001056
1519,0,0.002380,0.000084,0.997536
1520,1,0.995646,0.000411,0.003943
1521,0,0.000672,0.000091,0.999237
1522,1,0.016287,0.941150,0.042563
1523,1,0.990134,0.000363,0.009504
1524,0,0.004715,0.000095,0.995190
1525,0,0.001799,0.000077,0.998124
1526,0,0.008225,0.000139,0.991636
1527,1,0.000984,0.007159,0.991857
1528,0,0.000962,0.000104,0.998934
1529,0,0.000295,0.000160,0.999545
1530,0,0.000371,0.000149,0.999479
1531,1,0.996522,0.001103,0.002375
1532,1,0.992952,0.000350,0.006698
1533,0,0.000431,0.000110,0.999459
1534,1,0.001650,0.000084,0.998266
1535,1,0.008194,0.000151,0.991655
1536,1,0.535711,0.000360,0.463929
1537,0,0.000967,0.000088,0.998945
1538,0,0.000369,0.000133,0.999498
1539,0,0.000411,0.000121,0.999468
1540,1,0.987296,0.000382,0.012322
1541,1,0.936960,0.000397,0.062643
1542,0,0.000626,0.000083,0.999291
1543,0,0.389494,0.000832,0.609675
1544,1,0.001364,0.000083,0.998553
1545,1,0.318523,0.000323,0.681155
1546,0,0.000600,0.000091,0.999309
1547,0,0.000566,0.000090,0.999344
1548,0,0.044555,0.000218,0.955227
1549,1,0.107367,0.000226,0.892407
1550,1,0.734343,0.003462,0.262195
1551,1,0.974632,0.000381,0.024986
1552,0,0.000344,0.000135,0.999522
1553,1,0.944342,0.000394,0.055264
1554,1,0.164540,0.001074,0.834385
1555,1,0.997703,0.001552,0.000745
1556,1,0.031524,0.000286,0.968190
1557,0,0.000372,0.000125,0.999503
1558,1,0.001416,0.001744,0.996840
1559,0,0.000326,0.000150,0.999525
1560,1,0.004153,0.000103,0.995744
1561,1,0.611519,0.000378,0.388103
1562,0,0.002746,0.000090,0.997164
1563,0,0.000383,0.000136,0.999481
1564,0,0.004574,0.000120,0.995306
1565,0,0.001224,0.000089,0.998687
1566,0,0.000553,0.000092,0.999356
1567,0,0.102988,0.000395,0.896617
1568,1,0.746685,0.000581,0.252734
1569,1,0.783081,0.000768,0.216151
1570,0,0.018020,0.000165,0.981815
1571,0,0.000409,0.000126,0.999465
1572,0,0.000526,0.000093,0.999380
1573,0,0.000681,0.000116,0.999203
1574,0,0.000363,0.000137,0.999500
1575,0,0.000691,0.000100,0.999209
1576,1,0.456658,0.000290,0.543053
1577,1,0.399541,0.000692,0.599766
1578,0,0.100249,0.000258,0.899494
1579,1,0.378261,0.581631,0.040107
1580,1,0.824980,0.000401,0.174619
1581,0,0.000470,0.000105,0.999425
1582,1,0.967483,0.002959,0.029558
1583,1,0.053924,0.000228,0.945849
1584,0,0.002774,0.000077,0.997149
1585,0,0.003364,0.000088,0.996549
1586,0,0.000861,0.000352,0.998787
1587,0,0.000691,0.000097,0.999212
1588,0,0.009201,0.000100,0.990699
1589,0,0.080457,0.000380,0.919163
1590,1,0.253007,0.317651,0.429342
1591,1,0.000335,0.000167,0.999498
1592,1,0.997700,0.001229,0.001071
1593,0,0.000444,0.000106,0.999450
1594,0,0.993775,0.000446,0.005779
1595,0,0.001404,0.000074,0.998522
1596,0,0.000378,0.000114,0.999509
1597,1,0.000594,0.000134,0.999272
1598,1,0.993179,0.005858,0.000963
1599,0,0.000369,0.000120,0.999511
1600,0,0.156921,0.000302,0.842777
1601,1,0.000482,0.000097,0.999421
1602,0,0.000411,0.000113,0.999477
1603,1,0.511786,0.000399,0.487815
1604,0,0.001687,0.000074,0.998240
1605,1,0.001058,0.000124,0.998818
1606,0,0.000438,0.000105,0.999457
1607,0,0.000840,0.000083,0.999078
1608,1,0.887737,0.000987,0.111276
1609,1,0.011240,0.000808,0.987952
1610,1,0.000349,0.000207,0.999444
1611,1,0.136090,0.000220,0.863690
1612,1,0.334493,0.654155,0.011352
1613,0,0.000403,0.000110,0.999487
1614,1,0.669736,0.000354,0.329910
1615,1,0.006318,0.002141,0.991541
1616,1,0.000704,0.000092,0.999204
1617,0,0.644615,0.000350,0.355035
1618,1,0.001213,0.013042,0.985745
1619,1,0.708966,0.003850,0.287184
1620,1,0.998271,0.000883,0.000846
1621,0,0.000503,0.000094,0.999403
1622,0,0.002266,0.000075,0.997659
1623,1,0.206790,0.002645,0.790566
1624,1,0.077520,0.733500,0.188980
1625,0,0.000372,0.000113,0.999515
1626,0,0.943092,0.000449,0.056459
1627,0,0.000483,0.000112,0.999405
1628,1,0.997440,0.001281,0.001279
1629,0,0.000946,0.000080,0.998974
1630,0,0.000380,0.000133,0.999486
1631,0,0.000600,0.000102,0.999298
1632,0,0.011282,0.000106,0.988612
1633,1,0.937414,0.000384,0.062202
1634,1,0.000565,0.000343,0.999093
1635,1,0.404265,0.339751,0.255984
1636,1,0.006782,0.000431,0.992787
1637,1,0.992087,0.000466,0.007447
1638,1,0.001035,0.000093,0.998872
1639,0,0.000505,0.000108,0.999386
1640,0,0.000405,0.000127,0.999467
1641,1,0.135325,0.000240,0.864435
1642,1,0.792945,0.000653,0.206402
1643,0,0.000547,0.000088,0.999365
1644,1,0.538389,0.001109,0.460503
1645,1,0.012935,0.000199,0.986865
1646,0,0.001830,0.000099,0.998071
1647,1,0.010053,0.000194,0.989753
1648,1,0.995710,0.000421,0.003869
1649,1,0.988555,0.000403,0.011042
1650,0,0.000650,0.000106,0.999244
1651,1,0.889294,0.000369,0.110338
1652,0,0.000342,0.000138,0.999520
1653,0,0.000673,0.000085,0.999242
1654,0,0.001087,0.000095,0.998818
1655,1,0.044882,0.000280,0.954838
1656,1,0.000928,0.000174,0.998898
1657,1,0.728679,0.225223,0.046098
1658,1,0.995531,0.000465,0.004004
1659,1,0.002614,0.000277,0.997109
1660,1,0.997937,0.000811,0.001251
1661,0,0.012120,0.000122,0.987758
1662,0,0.001435,0.000089,0.998477
1663,1,0.012001,0.147045,0.840954
1664,1,0.021970,0.000189,0.977841
1665,0,0.000800,0.000079,0.999121
1666,0,0.884573,0.000762,0.114665
1667,0,0.000331,0.000158,0.999511
1668,0,0.678250,0.000624,0.321125
1669,0,0.000537,0.000095,0.999367
1670,1,0.721409,0.027138,0.251452
1671,0,0.000381,0.000129,0.999490
1672,1,0.351250,0.628257,0.020492
1673,1,0.809659,0.000354,0.189987
1674,0,0.997587,0.000491,0.001922
1675,1,0.156931,0.000590,0.842480
1676,0,0.000797,0.000090,0.999114
1677,1,0.004877,0.100851,0.894272
1678,0,0.000567,0.000101,0.999332
1679,0,0.732946,0.001030,0.266024
1680,0,0.001102,0.000077,0.998820
1681,0,0.007974,0.000131,0.991895
1682,1,0.002157,0.000128,0.997715
1683,0,0.000358,0.000125,0.999517
1684,1,0.069589,0.176674,0.753737
1685,1,0.022110,0.000222,0.977668
1686,1,0.534634,0.000404,0.464962
1687,0,0.000540,0.000093,0.999367
1688,0,0.024261,0.000166,0.975573
1689,1,0.951068,0.000517,0.048415
1690,1,0.883585,0.000483,0.115932
1691,1,0.144536,0.000429,0.855035
1692,1,0.906950,0.001042,0.092008
1693,0,0.000295,0.000151,0.999554
1694,1,0.027046,0.000202,0.972752
1695,1,0.992640,0.000335,0.007025
1696,1,0.964768,0.000474,0.034758
1697,0,0.001945,0.000086,0.997968
1698,0,0.000562,0.000096,0.999342
1699,1,0.900015,0.000424,0.099561
1700,0,0.004387,0.000124,0.995489
1701,1,0.970915,0.000383,0.028701
1702,0,0.000975,0.000097,0.998928
1703,0,0.001351,0.000171,0.998478
1704,1,0.000630,0.000100,0.999271
1705,1,0.000797,0.000152,0.999051
1706,0,0.000542,0.000097,0.999361
1707,0,0.000622,0.000090,0.999288
1708,0,0.000447,0.000103,0.999450
1709,0,0.000993,0.000080,0.998928
1710,0,0.224259,0.002120,0.773621
1711,1,0.000563,0.000161,0.999277
1712,1,0.024496,0.000275,0.975228
1713,1,0.000937,0.000081,0.998982
1714,0,0.000446,0.000103,0.999452
1715,0,0.000616,0.000111,0.999273
1716,1,0.072944,0.000251,0.926805
1717,1,0.023322,0.802122,0.174556
1718,1,0.259984,0.000541,0.739475
1719,0,0.000388,0.000110,0.999502
1720,0,0.000625,0.000083,0.999291
1721,1,0.016882,0.000217,0.982901
1722,1,0.382719,0.000762,0.616519
1723,1,0.000678,0.000186,0.999136
1724,0,0.001430,0.000279,0.998291
1725,0,0.000550,0.000092,0.999358
1726,1,0.000548,0.000144,0.999308
1727,0,0.000672,0.000083,0.999246
1728,1,0.018982,0.000187,0.980831
1729,1,0.027326,0.000149,0.972525
1730,0,0.433163,0.000649,0.566188
1731,0,0.000357,0.000111,0.999533
1732,1,0.059940,0.000217,0.939843
1733,1,0.977959,0.000556,0.021485
1734,0,0.000360,0.000124,0.999516
1735,1,0.856042,0.000604,0.143355
1736,1,0.060754,0.786943,0.152303
1737,0,0.000454,0.000135,0.999411
1738,1,0.098097,0.824305,0.077598
1739,1,0.575985,0.340109,0.083906
1740,0,0.000398,0.000115,0.999487
1741,1,0.005928,0.000241,0.993831
1742,1,0.888226,0.000432,0.111343
1743,0,0.000451,0.000099,0.999449
1744,0,0.000378,0.000115,0.999507
1745,0,0.000618,0.000107,0.999274
1746,0,0.008274,0.000093,0.991634
1747,0,0.302926,0.000362,0.696713
1748,0,0.000404,0.000108,0.999488
1749,0,0.002141,0.000108,0.997752
1750,1,0.948871,0.000348,0.050781
1751,1,0.997898,0.001074,0.001028
1752,1,0.063242,0.000236,0.936522
1753,1,0.014693,0.000149,0.985158
1754,0,0.000438,0.000110,0.999451
1755,1,0.001005,0.005119,0.993876
1756,1,0.002500,0.000317,0.997183
1757,1,0.000357,0.000152,0.999491
1758,1,0.000552,0.005097,0.994352
1759,1,0.991399,0.000333,0.008268
1760,1,0.995057,0.000377,0.004567
1761,0,0.001406,0.000095,0.998498
1762,0,0.000405,0.000128,0.999467
1763,0,0.000371,0.000128,0.999501
1764,1,0.986933,0.000424,0.012643
1765,1,0.625094,0.033818,0.341088
1766,1,0.000326,0.000141,0.999533
1767,0,0.707534,0.000698,0.291768
1768,1,0.007351,0.000177,0.992472
1769,1,0.974346,0.022088,0.003566
1770,0,0.000353,0.000120,0.999527
1771,0,0.000524,0.000167,0.999309
1772,1,0.017780,0.875548,0.106672
1773,0,0.720494,0.000605,0.278900
1774,0,0.001277,0.000080,0.998644
1775,1,0.013968,0.016839,0.969192
1776,1,0.149130,0.000302,0.850567
1777,1,0.938901,0.000391,0.060708
1778,1,0.861507,0.000333,0.138161
1779,0,0.000497,0.000109,0.999394
1780,0,0.000439,0.000137,0.999424
1781,1,0.135475,0.000370,0.864155
1782,0,0.000395,0.000131,0.999474
1783,1,0.041106,0.000663,0.958231
1784,1,0.000792,0.000098,0.999110
1785,1,0.099111,0.008150,0.892739
1786,1,0.013331,0.024922,0.961747
1787,0,0.000493,0.000102,0.999406
1788,1,0.855338,0.000741,0.143921
1789,0,0.001353,0.000142,0.998505
1790,0,0.001534,0.000126,0.998340
1791,1,0.005073,0.000499,0.994429
1792,1,0.588061,0.000456,0.411483
1793,1,0.002385,0.000184,0.997432
1794,1,0.035530,0.000277,0.964193
1795,1,0.121248,0.856498,0.022254
1796,1,0.016623,0.891642,0.091735
1797,1,0.000432,0.000119,0.999449
1798,0,0.000533,0.000115,0.999352
1799,1,0.998015,0.000720,0.001265
1800,1,0.760269,0.000685,0.239046
1801,0,0.705441,0.000450,0.294109
1802,0,0.000450,0.000096,0.999454
1803,0,0.035858,0.000211,0.963930
1804,0,0.000492,0.000123,0.999385
1805,1,0.939571,0.009879,0.050551
1806,0,0.000567,0.000093,0.999340
1807,0,0.001485,0.000143,0.998372
1808,0,0.000387,0.000306,0.999307
1809,1,0.059525,0.000192,0.940282
1810,1,0.996070,0.000431,0.003498
1811,0,0.000388,0.000149,0.999463
1812,0,0.182091,0.000513,0.817396
1813,0,0.000407,0.000106,0.999486
1814,0,0.000314,0.000167,0.999519
1815,1,0.970366,0.024486,0.005148
1816,0,0.000590,0.000099,0.999311
1817,0,0.010369,0.000098,0.989533
1818,0,0.000520,0.000092,0.999388
1819,1,0.784992,0.000331,0.214677
1820,0,0.000600,0.000088,0.999312
1821,1,0.014193,0.000194,0.985613
1822,1,0.000527,0.000092,0.999382
1823,0,0.001164,0.000096,0.998740
1824,0,0.000924,0.000090,0.998986
1825,1,0.009365,0.000338,0.990297
1826,1,0.992568,0.000641,0.006790
1827,0,0.006175,0.000117,0.993708
1828,1,0.020459,0.000158,0.979383
1829,0,0.001509,0.000070,0.998421
1830,1,0.000871,0.000107,0.999022
1831,1,0.011984,0.000132,0.987883
1832,1,0.000327,0.000155,0.999518
1833,1,0.003869,0.000150,0.995981
1834,1,0.003381,0.000171,0.996448
1835,1,0.824415,0.169237,0.006348
1836,1,0.994523,0.000822,0.004656
1837,0,0.037992,0.000215,0.961792
1838,0,0.031594,0.000133,0.968273
1839,0,0.000374,0.000133,0.999493
1840,0,0.000837,0.000083,0.999081
1841,1,0.000711,0.000095,0.999195
1842,0,0.000417,0.000115,0.999468
1843,1,0.445960,0.000478,0.553561
1844,1,0.104010,0.000489,0.895501
1845,1,0.036449,0.000236,0.963315
1846,0,0.001113,0.000080,0.998807
1847,1,0.603514,0.000862,0.395624
1848,0,0.001053,0.000112,0.998835
1849,0,0.801587,0.000370,0.198044
1850,0,0.000604,0.000104,0.999292
1851,0,0.000398,0.000312,0.999290
1852,0,0.000597,0.000100,0.999302
1853,0,0.000382,0.000117,0.999501
1854,0,0.003106,0.000095,0.996799
1855,1,0.046288,0.000270,0.953442
1856,1,0.031092,0.000172,0.968736
1857,1,0.983177,0.001501,0.015322
1858,1,0.997834,0.000967,0.001199
1859,1,0.720164,0.000415,0.279421
1860,0,0.000441,0.000104,0.999455
1861,1,0.000942,0.000180,0.998878
1862,0,0.000381,0.000115,0.999504
1863,1,0.997945,0.000803,0.001252
1864,0,0.000313,0.000140,0.999547
1865,1,0.994555,0.000585,0.004861
1866,0,0.004041,0.000084,0.995875
1867,1,0.997550,0.001245,0.001205
1868,0,0.000437,0.000104,0.999460
1869,1,0.061159,0.000166,0.938675
1870,1,0.551864,0.000416,0.447719
1871,1,0.009003,0.000263,0.990733
1872,0,0.000507,0.000101,0.999393
1873,1,0.364509,0.000353,0.635138
1874,0,0.000978,0.000092,0.998929
1875,0,0.000615,0.000094,0.999292
1876,1,0.410023,0.000379,0.589598
1877,0,0.000411,0.000104,0.999486
1878,0,0.000421,0.000107,0.999473
1879,1,0.756651,0.001284,0.242065
1880,1,0.997888,0.000570,0.001541
1881,0,0.000906,0.000076,0.999019
1882,1,0.955257,0.000391,0.044352
1883,0,0.000317,0.000128,0.999555
1884,0,0.000422,0.000149,0.999429
1885,1,0.963410,0.000380,0.036210
1886,1,0.470449,0.000927,0.528624
1887,1,0.521919,0.190250,0.287830
1888,1,0.174153,0.000451,0.825397
1889,1,0.859370,0.000365,0.140265
1890,0,0.196698,0.000410,0.802892
1891,1,0.983550,0.015461,0.000988
1892,0,0.997997,0.000547,0.001456
1893,0,0.000281,0.000202,0.999517
1894,1,0.959391,0.000337,0.040272
1895,0,0.001429,0.000082,0.998489
1896,0,0.006072,0.000088,0.993840
1897,1,0.002265,0.000182,0.997553
1898,0,0.000387,0.000119,0.999493
1899,1,0.970069,0.000803,0.029128
1900,1,0.935868,0.000550,0.063582
1901,0,0.001497,0.000077,0.998425
1902,0,0.003382,0.000119,0.996499
1903,1,0.000427,0.000106,0.999467
1904,1,0.995500,0.003660,0.000839
1905,0,0.014224,0.000146,0.985629
1906,1,0.023945,0.000134,0.975921
1907,0,0.000359,0.000130,0.999511
1908,0,0.002375,0.000093,0.997532
1909,0,0.003380,0.000104,0.996516
1910,0,0.000376,0.000112,0.999512
1911,0,0.000376,0.000151,0.999474
1912,1,0.000615,0.000284,0.999100
1913,0,0.000481,0.000111,0.999408
1914,1,0.001084,0.000092,0.998824
1915,1,0.055408,0.816875,0.127718
1916,1,0.007607,0.000103,0.992290
1917,0,0.000553,0.000094,0.999353
1918,0,0.342372,0.000368,0.657259
1919,0,0.000402,0.000112,0.999486
1920,0,0.010829,0.000185,0.988987
1921,0,0.000738,0.000226,0.999036
1922,1,0.216912,0.000303,0.782785
1923,1,0.155232,0.000291,0.844477
1924,1,0.902206,0.000423,0.097371
1925,0,0.004308,0.000255,0.995437
1926,0,0.000581,0.000113,0.999307
1927,0,0.000468,0.000101,0.999431
1928,1,0.501255,0.000530,0.498215
1929,1,0.997008,0.000588,0.002403
1930,1,0.000844,0.000080,0.999076
1931,0,0.002614,0.000102,0.997283
1932,0,0.000934,0.000084,0.998982
1933,0,0.803469,0.000353,0.196178
1934,0,0.019871,0.000140,0.979989
1935,1,0.004575,0.000372,0.995053
1936,1,0.350152,0.000333,0.649515
1937,0,0.005143,0.000083,0.994774
1938,0,0.001782,0.000085,0.998133
1939,1,0.101126,0.844252,0.054622
1940,0,0.000432,0.000114,0.999453
1941,1,0.978226,0.000376,0.021398
1942,0,0.005974,0.000162,0.993863
1943,0,0.000328,0.000136,0.999536
1944,0,0.000401,0.000111,0.999488
1945,1,0.358162,0.000511,0.641327
1946,1,0.000953,0.000096,0.998950
1947,1,0.606176,0.369428,0.024396
1948,1,0.986106,0.000481,0.013413
1949,0,0.000359,0.000156,0.999485
1950,0,0.007359,0.000117,0.992524
1951,1,0.002762,0.000327,0.996910
1952,0,0.001602,0.000081,0.998317
1953,1,0.002949,0.000126,0.996925
1954,1,0.621638,0.000461,0.377901
1955,1,0.000415,0.000140,0.999445
1956,1,0.001015,0.000104,0.998881
1957,1,0.997894,0.001032,0.001074
1958,1,0.025943,0.000277,0.973779
1959,1,0.996961,0.000572,0.002467
1960,0,0.000556,0.000129,0.999315
1961,1,0.562681,0.000526,0.436793
1962,1,0.991315,0.000445,0.008241
1963,1,0.112052,0.000230,0.887718
1964,0,0.149616,0.000359,0.850024
1965,1,0.169976,0.763506,0.066518
1966,1,0.027639,0.769901,0.202460
1967,0,0.001810,0.000081,0.998110
1968,1,0.257121,0.092506,0.650373
1969,0,0.012994,0.000125,0.986881
1970,0,0.000444,0.000143,0.999413
1971,0,0.000383,0.000151,0.999465
1972,0,0.000381,0.000122,0.999497
1973,0,0.002566,0.000091,0.997343
1974,0,0.000945,0.000505,0.998549
1975,1,0.016919,0.830651,0.152430
1976,1,0.000665,0.000088,0.999248
1977,1,0.997285,0.000450,0.002265
1978,0,0.000502,0.000099,0.999399
1979,0,0.000471,0.000111,0.999418
1980,1,0.995562,0.000419,0.004018
1981,1,0.002860,0.000175,0.996966
1982,1,0.000880,0.000413,0.998706
1983,1,0.000387,0.000131,0.999482
1984,0,0.000653,0.000105,0.999242
1985,0,0.000426,0.000131,0.999443
1986,1,0.030429,0.145339,0.824232
1987,1,0.034599,0.000660,0.964741
1988,0,0.001019,0.000093,0.998888
1989,0,0.001019,0.000094,0.998887
1990,1,0.050693,0.000225,0.949082
1991,0,0.000939,0.000079,0.998982
1992,0,0.000775,0.000082,0.999143
1993,1,0.138026,0.000317,0.861656
1994,0,0.000599,0.000090,0.999311
1995,1,0.015178,0.000106,0.984716
1996,1,0.467199,0.000672,0.532129
1997,1,0.604318,0.000403,0.395279
1998,0,0.000405,0.000106,0.999489
1999,1,0.091450,0.000171,0.908379
2000,0,0.002354,0.000078,0.997568
2001,0,0.000595,0.000098,0.999306
2002,0,0.000542,0.002328,0.997130
2003,0,0.000406,0.000120,0.999473
2004,1,0.094004,0.000210,0.905786
2005,0,0.000417,0.000118,0.999465
2006,0,0.002580,0.000069,0.997351
2007,1,0.948450,0.000416,0.051134
2008,1,0.765827,0.000677,0.233496
2009,1,0.001421,0.000083,0.998496
2010,1,0.052305,0.000192,0.947502
2011,0,0.047144,0.000210,0.952646
2012,1,0.996955,0.001956,0.001090
2013,1,0.109120,0.000306,0.890574
2014,0,0.000704,0.000090,0.999206
2015,0,0.002619,0.000070,0.997311
2016,1,0.252634,0.000261,0.747105
2017,1,0.129082,0.000664,0.870254
2018,0,0.988822,0.000405,0.010773
2019,0,0.000425,0.000102,0.999473
2020,0,0.000448,0.000136,0.999416
2021,1,0.007802,0.000503,0.991695
2022,1,0.005207,0.000121,0.994672
2023,1,0.996321,0.000411,0.003268
2024,0,0.057750,0.000221,0.942029
2025,0,0.346179,0.000580,0.653241
2026,0,0.012477,0.000120,0.987403
2027,1,0.997883,0.000664,0.001453
2028,0,0.000399,0.000119,0.999482
2029,1,0.001126,0.000310,0.998565
2030,0,0.000304,0.000144,0.999552
2031,0,0.002123,0.000107,0.997770
2032,0,0.000520,0.000096,0.999384
2033,1,0.005466,0.000124,0.994410
2034,1,0.001855,0.000555,0.997590
2035,0,0.021365,0.000169,0.978467
2036,0,0.001076,0.000073,0.998851
2037,1,0.605271,0.000370,0.394359
2038,1,0.009488,0.022409,0.968103
2039,0,0.000330,0.000125,0.999544
2040,1,0.936738,0.000392,0.062869
2041,1,0.502836,0.000400,0.496764
2042,0,0.000375,0.000135,0.999489
2043,0,0.006134,0.000093,0.993772
2044,0,0.000386,0.000113,0.999501
2045,0,0.000586,0.000272,0.999142
2046,1,0.748368,0.000642,0.250989
2047,1,0.982713,0.000560,0.016727
2048,1,0.881599,0.000434,0.117967
2049,0,0.000596,0.000126,0.999278
2050,0,0.000525,0.000125,0.999350
2051,1,0.002173,0.000195,0.997632
2052,0,0.000626,0.000104,0.999270
2053,0,0.000367,0.000116,0.999517
2054,1,0.997484,0.000593,0.001923
2055,1,0.019348,0.000197,0.980455
2056,1,0.994001,0.000402,0.005597
2057,1,0.000584,0.000116,0.999300
2058,1,0.004671,0.000211,0.995118
2059,0,0.001021,0.000092,0.998886
2060,1,0.976914,0.000403,0.022683
2061,1,0.046606,0.002980,0.950414
2062,0,0.000505,0.000115,0.999380
2063,0,0.000777,0.000408,0.998815
2064,0,0.001105,0.000078,0.998817
2065,1,0.981144,0.007181,0.011675
2066,1,0.515147,0.002403,0.482450
2067,1,0.983736,0.004749,0.011515
2068,1,0.003611,0.000874,0.995516
2069,1,0.573508,0.000383,0.426109
2070,1,0.000477,0.000095,0.999428
2071,0,0.000417,0.000109,0.999474
2072,1,0.997167,0.000540,0.002294
2073,1,0.810537,0.000342,0.189121
2074,0,0.001399,0.000096,0.998505
2075,1,0.001638,0.000258,0.998104
2076,1,0.847966,0.000473,0.151561
2077,1,0.004670,0.000539,0.994791
2078,1,0.560135,0.412900,0.026965
2079,0,0.004215,0.000133,0.995652
2080,0,0.000384,0.000115,0.999501
2081,1,0.639546,0.000406,0.360048
2082,1,0.010255,0.000136,0.989609
2083,1,0.010216,0.000211,0.989574
2084,0,0.001088,0.000075,0.998837
2085,0,0.002325,0.000076,0.997600
2086,0,0.564940,0.000483,0.434577
2087,0,0.000331,0.000140,0.999529
2088,1,0.017199,0.000495,0.982306
2089,1,0.002189,0.000649,0.997162
2090,0,0.000348,0.000130,0.999522
2091,1,0.057647,0.000185,0.942168
2092,1,0.991574,0.005730,0.002696
2093,0,0.000725,0.000093,0.999182
2094,1,0.070431,0.001865,0.927704
2095,0,0.002199,0.000091,0.997710
2096,0,0.000405,0.000111,0.999484
2097,0,0.000369,0.000118,0.999513
2098,0,0.006157,0.000102,0.993741
2099,0,0.000436,0.000134,0.999430
2100,1,0.018797,0.000185,0.981019
2101,1,0.004056,0.000102,0.995842
2102,0,0.000441,0.000100,0.999460
2103,0,0.000378,0.000161,0.999461
2104,0,0.001588,0.000091,0.998321
2105,0,0.000683,0.000083,0.999234
2106,0,0.000525,0.000136,0.999339
2107,0,0.000440,0.000144,0.999417
2108,1,0.163785,0.821248,0.014967
2109,0,0.000379,0.000122,0.999499
2110,1,0.882094,0.000336,0.117570
2111,1,0.000428,0.000136,0.999435
2112,0,0.000549,0.000094,0.999358
2113,1,0.000584,0.000092,0.999325
2114,0,0.030050,0.000136,0.969814
2115,0,0.000395,0.000112,0.999493
2116,1,0.041752,0.000199,0.958049
2117,1,0.009028,0.000252,0.990720
2118,1,0.877312,0.000667,0.122021
2119,1,0.945499,0.000443,0.054058
2120,0,0.001985,0.000074,0.997941
2121,1,0.997671,0.001543,0.000786
2122,1,0.394880,0.532078,0.073041
2123,0,0.960621,0.000440,0.038939
2124,0,0.000479,0.000110,0.999411
2125,0,0.000681,0.000084,0.999235
2126,1,0.943334,0.000397,0.056269
2127,1,0.000998,0.000079,0.998923
2128,0,0.002417,0.000096,0.997487
2129,0,0.000379,0.000130,0.999491
2130,1,0.000568,0.000637,0.998794
2131,1,0.338150,0.260255,0.401595
2132,1,0.000370,0.000143,0.999486
2133,1,0.048887,0.001513,0.949601
2134,0,0.000330,0.000240,0.999430
2135,0,0.142771,0.000356,0.856873
2136,0,0.056177,0.000188,0.943635
2137,0,0.000267,0.000173,0.999560
2138,1,0.824867,0.000346,0.174788
2139,1,0.502915,0.000356,0.496729
2140,0,0.000438,0.000146,0.999416
2141,0,0.003845,0.075388,0.920767
2142,0,0.000578,0.000097,0.999326
2143,1,0.003984,0.000245,0.995772
2144,0,0.001623,0.000108,0.998270
2145,0,0.000672,0.000086,0.999241
2146,1,0.000678,0.000084,0.999238
2147,0,0.000384,0.000120,0.999496
2148,0,0.000326,0.000143,0.999531
2149,0,0.000401,0.000123,0.999476
2150,1,0.006688,0.000302,0.993011
2151,0,0.103107,0.000206,0.896688
2152,1,0.996850,0.002051,0.001099
2153,0,0.008826,0.000193,0.990981
2154,0,0.000389,0.000117,0.999494
2155,0,0.001141,0.000084,0.998775
2156,1,0.717984,0.000415,0.281601
2157,1,0.991810,0.000385,0.007805
2158,1,0.008181,0.000211,0.991608
2159,1,0.001071,0.000085,0.998844
2160,0,0.713148,0.000528,0.286324
2161,0,0.000625,0.000087,0.999288
2162,1,0.000425,0.000128,0.999447
2163,1,0.008776,0.000088,0.991136
2164,0,0.001798,0.000095,0.998107
2165,0,0.000391,0.000131,0.999478
2166,1,0.358200,0.000401,0.641399
2167,1,0.170288,0.000267,0.829445
2168,0,0.000360,0.000114,0.999525
2169,0,0.001713,0.000122,0.998165
2170,0,0.000300,0.000151,0.999549
2171,0,0.000394,0.000122,0.999484
2172,1,0.997656,0.001072,0.001272
2173,1,0.001753,0.000365,0.997881
2174,0,0.004855,0.000120,0.995025
2175,0,0.000398,0.000119,0.999484
2176,0,0.000545,0.000101,0.999354
2177,0,0.000571,0.000085,0.999344
2178,0,0.000335,0.000140,0.999525
2179,0,0.001646,0.000150,0.998204
2180,1,0.996548,0.002704,0.000747
2181,0,0.001546,0.000073,0.998381
2182,1,0.791561,0.200450,0.007989
2183,0,0.010584,0.000186,0.989230
2184,0,0.002320,0.000075,0.997605
2185,0,0.003429,0.000110,0.996461
2186,0,0.002883,0.000565,0.996552
2187,0,0.000385,0.000132,0.999483
2188,0,0.002672,0.000085,0.997243
2189,1,0.988108,0.000777,0.011115
2190,1,0.442596,0.000591,0.556813
2191,1,0.283120,0.000637,0.716243
2192,0,0.002155,0.000082,0.997764
2193,0,0.003216,0.000080,0.996704
2194,0,0.002511,0.000125,0.997364
2195,1,0.000438,0.000114,0.999448
2196,0,0.000500,0.000100,0.999399
2197,0,0.001542,0.000252,0.998206
2198,0,0.003615,0.000081,0.996304
2199,0,0.001241,0.000139,0.998620
2200,0,0.905154,0.000318,0.094528
2201,1,0.105827,0.000214,0.893959
2202,1,0.000250,0.000210,0.999540
2203,1,0.003760,0.000085,0.996154
2204,0,0.005642,0.000099,0.994260
2205,0,0.000345,0.000120,0.999535
2206,0,0.000546,0.000099,0.999356
2207,0,0.000351,0.000314,0.999334
2208,0,0.946231,0.000791,0.052978
2209,1,0.997994,0.000687,0.001319
2210,0,0.001688,0.000082,0.998230
2211,0,0.000400,0.000109,0.999491
2212,0,0.000378,0.000127,0.999495
2213,0,0.000362,0.000122,0.999516
2214,1,0.131415,0.847385,0.021201
2215,1,0.002041,0.000308,0.997651
2216,1,0.173614,0.000729,0.825657
2217,1,0.000491,0.000104,0.999405
2218,0,0.000549,0.000089,0.999362
2219,1,0.998045,0.000526,0.001429
2220,0,0.001062,0.000084,0.998854
2221,1,0.952693,0.000379,0.046927
2222,1,0.022737,0.000148,0.977114
2223,1,0.400630,0.000415,0.598955
2224,1,0.001181,0.000089,0.998729
2225,0,0.029353,0.000228,0.970419
2226,0,0.001310,0.000076,0.998613
2227,0,0.000618,0.000094,0.999288
2228,0,0.000410,0.000131,0.999459
2229,0,0.000424,0.000103,0.999473
2230,0,0.066647,0.000204,0.933149
2231,1,0.506390,0.000364,0.493246
2232,1,0.768764,0.000528,0.230708
2233,1,0.588915,0.406628,0.004457
2234,0,0.000251,0.000326,0.999423
2235,0,0.000401,0.000111,0.999488
2236,0,0.524515,0.000699,0.474787
2237,1,0.051617,0.798114,0.150269
2238,0,0.659094,0.000369,0.340537
2239,0,0.018383,0.000109,0.981508
2240,0,0.000318,0.000128,0.999554
2241,1,0.110102,0.000205,0.889693
2242,1,0.967959,0.000388,0.031654
2243,0,0.001418,0.000114,0.998468
2244,0,0.001227,0.000082,0.998691
2245,0,0.006947,0.000080,0.992973
2246,1,0.098282,0.369476,0.532242
2247,1,0.006055,0.013926,0.980019
2248,1,0.286146,0.002592,0.711262
2249,0,0.001440,0.000093,0.998468
2250,0,0.337074,0.000646,0.662280
2251,0,0.000329,0.000135,0.999536
2252,1,0.072455,0.887330,0.040215
2253,1,0.036767,0.294060,0.669173
2254,1,0.169035,0.004950,0.826015
2255,1,0.193519,0.037787,0.768693
2256,1,0.079378,0.000239,0.920383
2257,0,0.000340,0.000137,0.999524
2258,0,0.000528,0.000098,0.999375
2259,1,0.001483,0.003964,0.994554
2260,0,0.003545,0.000125,0.996331
2261,1,0.002719,0.000116,0.997164
2262,0,0.000797,0.000079,0.999124
2263,0,0.004858,0.000102,0.995040
2264,0,0.739533,0.000725,0.259742
2265,0,0.001910,0.000078,0.998012
2266,1,0.000543,0.000124,0.999334
2267,1,0.143078,0.000315,0.856607
2268,0,0.000348,0.000118,0.999533
2269,1,0.001673,0.010204,0.988122
2270,0,0.000356,0.000132,0.999513
2271,1,0.997600,0.000487,0.001913
2272,1,0.226702,0.220137,0.553162
2273,1,0.077713,0.206616,0.715671
2274,1,0.567178,0.001563,0.431259
2275,1,0.001567,0.000132,0.998302
2276,1,0.415724,0.001023,0.583253
2277,1,0.002691,0.000101,0.997208
2278,0,0.001275,0.000083,0.998643
2279,0,0.001615,0.000084,0.998301
2280,1,0.003205,0.053545,0.943250
2281,0,0.000367,0.000143,0.999489
2282,0,0.861460,0.000401,0.138139
2283,0,0.000376,0.000115,0.999509
2284,1,0.742488,0.000693,0.256819
2285,1,0.000586,0.000439,0.998975
2286,1,0.213455,0.000397,0.786148
2287,0,0.000330,0.000137,0.999534
2288,1,0.021639,0.000157,0.978204
2289,0,0.002591,0.000135,0.997274
2290,0,0.000957,0.000095,0.998948
2291,1,0.000533,0.000108,0.999360
2292,0,0.002290,0.000080,0.997630
2293,0,0.000637,0.000096,0.999266
2294,0,0.000280,0.000171,0.999550
2295,0,0.000649,0.000098,0.999252
2296,0,0.000357,0.000134,0.999509
2297,1,0.000999,0.000243,0.998758
2298,1,0.003998,0.000530,0.995472
2299,0,0.000517,0.000114,0.999369
2300,1,0.651669,0.000333,0.347998
2301,1,0.437356,0.003391,0.559253
2302,0,0.001665,0.000110,0.998225
2303,1,0.996801,0.000559,0.002640
2304,0,0.002346,0.000892,0.996761
2305,1,0.884251,0.000451,0.115298
2306,1,0.013712,0.925790,0.060498
2307,0,0.002407,0.000074,0.997519
2308,1,0.001386,0.000089,0.998525
2309,1,0.996892,0.000837,0.002272
2310,1,0.000736,0.000129,0.999135
2311,0,0.004968,0.000097,0.994935
2312,0,0.095107,0.000309,0.904584
2313,1,0.109540,0.000328,0.890132
2314,1,0.280182,0.590206,0.129612
2315,1,0.962600,0.000495,0.036905
2316,1,0.993532,0.000371,0.006097
2317,1,0.983269,0.000634,0.016097
2318,0,0.000677,0.000298,0.999024
2319,1,0.011301,0.000299,0.988400
2320,0,0.000361,0.000122,0.999517
2321,0,0.000347,0.000133,0.999521
2322,1,0.842948,0.140010,0.017042
2323,1,0.994828,0.000710,0.004462
2324,1,0.980249,0.000337,0.019414
2325,0,0.000569,0.000121,0.999310
2326,1,0.995627,0.000737,0.003636
2327,0,0.001495,0.000075,0.998430
2328,0,0.000750,0.000097,0.999154
2329,1,0.000610,0.000124,0.999266
2330,1,0.996896,0.001218,0.001886
2331,0,0.002919,0.000079,0.997002
2332,1,0.069564,0.449913,0.480523
2333,0,0.001258,0.000083,0.998659
2334,1,0.085522,0.000219,0.914260
2335,0,0.000560,0.000095,0.999345
2336,1,0.846250,0.000449,0.153302
2337,0,0.009926,0.000121,0.989953
2338,1,0.883256,0.000312,0.116432
2339,0,0.001639,0.000113,0.998248
2340,1,0.012902,0.005221,0.981878
2341,1,0.990174,0.000493,0.009333
2342,0,0.097249,0.000265,0.902486
2343,1,0.278978,0.000426,0.720596
2344,1,0.152520,0.000284,0.847196
2345,1,0.017730,0.011701,0.970569
2346,1,0.950390,0.000337,0.049274
2347,0,0.000516,0.000106,0.999378
2348,1,0.824485,0.079895,0.095620
2349,0,0.000376,0.000110,0.999514
2350,0,0.123243,0.000426,0.876331
2351,0,0.009745,0.000099,0.990155
2352,1,0.009654,0.769041,0.221304
2353,0,0.000416,0.000107,0.999476
2354,0,0.002009,0.000086,0.997906
2355,0,0.142858,0.005082,0.852060
2356,0,0.000380,0.000130,0.999490
2357,1,0.028088,0.000358,0.971553
2358,0,0.000478,0.000100,0.999421
2359,1,0.853992,0.000533,0.145475
2360,0,0.000292,0.000204,0.999504
2361,0,0.000913,0.000082,0.999005
2362,0,0.035362,0.000198,0.964440
2363,1,0.000568,0.000103,0.999328
2364,0,0.013024,0.000159,0.986817
2365,0,0.000458,0.000103,0.999438
2366,1,0.013939,0.567380,0.418681
2367,0,0.000486,0.000101,0.999413
2368,0,0.000476,0.000106,0.999419
2369,0,0.000328,0.000145,0.999527
2370,0,0.003972,0.000102,0.995926
2371,0,0.255358,0.000350,0.744292
2372,1,0.827040,0.000491,0.172469
2373,0,0.000373,0.000112,0.999515
2374,0,0.197550,0.000372,0.802079
2375,1,0.000354,0.000132,0.999514
2376,1,0.070048,0.000209,0.929743
2377,1,0.001742,0.000127,0.998131
2378,1,0.197698,0.548642,0.253659
2379,1,0.000431,0.000160,0.999408
2380,0,0.000348,0.000128,0.999524
2381,1,0.956432,0.000336,0.043231
2382,0,0.051128,0.000211,0.948661
2383,1,0.001536,0.000126,0.998338
2384,0,0.006884,0.000089,0.993027
2385,0,0.771757,0.000486,0.227757
2386,1,0.300134,0.619552,0.080314
2387,1,0.997791,0.000621,0.001588
2388,1,0.998103,0.000771,0.001125
2389,1,0.517675,0.299609,0.182716
2390,1,0.000322,0.000287,0.999392
2391,0,0.000462,0.000104,0.999434
2392,0,0.000450,0.000129,0.999422
2393,0,0.002213,0.000095,0.997691
2394,1,0.010534,0.000136,0.989331
2395,1,0.637475,0.001195,0.361329
2396,0,0.002270,0.000097,0.997633
2397,1,0.300855,0.000436,0.698709
2398,0,0.002419,0.000088,0.997493
2399,0,0.000483,0.000263,0.999253
2400,0,0.000306,0.000160,0.999533
2401,0,0.000390,0.000173,0.999437
2402,0,0.001375,0.000080,0.998546
2403,1,0.112170,0.000774,0.887056
2404,1,0.958626,0.000289,0.041085
2405,0,0.000411,0.000108,0.999481
2406,1,0.000718,0.000150,0.999132
2407,0,0.002616,0.000078,0.997307
2408,0,0.000539,0.000100,0.999361
2409,0,0.000653,0.000092,0.999254
2410,0,0.001928,0.000081,0.997991
2411,1,0.994389,0.001506,0.004105
2412,1,0.363940,0.000543,0.635517
2413,0,0.000808,0.000093,0.999099
2414,0,0.000949,0.000078,0.998974
2415,1,0.003919,0.004581,0.991500
2416,1,0.002928,0.000124,0.996948
2417,0,0.000400,0.000110,0.999490
2418,1,0.153357,0.627531,0.219112
2419,0,0.000368,0.000126,0.999506
2420,1,0.858594,0.000401,0.141005
2421,0,0.000314,0.000133,0.999553
2422,1,0.998152,0.000618,0.001230
2423,0,0.001238,0.000074,0.998687
2424,1,0.105938,0.001276,0.892785
2425,1,0.000527,0.000115,0.999357
2426,1,0.002460,0.000115,0.997424
2427,0,0.000461,0.000104,0.999435
2428,0,0.001716,0.000143,0.998141
2429,0,0.034015,0.000143,0.965842
2430,0,0.918422,0.000389,0.081189
2431,1,0.047379,0.854400,0.098220
2432,0,0.180127,0.000307,0.819566
2433,0,0.000929,0.000087,0.998984
2434,0,0.000990,0.000082,0.998928
2435,1,0.993101,0.000450,0.006449
2436,0,0.000539,0.000092,0.999369
2437,0,0.005292,0.000095,0.994613
2438,0,0.000750,0.000099,0.999151
2439,1,0.092021,0.594815,0.313164
2440,1,0.550932,0.000868,0.448200
2441,1,0.019369,0.256624,0.724008
2442,1,0.868926,0.000748,0.130327
2443,0,0.001635,0.000249,0.998115
2444,0,0.000611,0.000087,0.999302
2445,0,0.000365,0.000129,0.999506
2446,1,0.008535,0.000194,0.991271
2447,0,0.000421,0.000118,0.999461
2448,0,0.000332,0.000145,0.999523
2449,1,0.001092,0.000107,0.998801
2450,1,0.325327,0.000528,0.674145
2451,0,0.000372,0.000159,0.999469
2452,0,0.000506,0.000093,0.999401
2453,1,0.390371,0.000922,0.608706
2454,0,0.001695,0.000078,0.998227
2455,0,0.000382,0.000114,0.999503
2456,1,0.020198,0.354592,0.625210
2457,1,0.351893,0.000343,0.647764
2458,0,0.040277,0.000180,0.959542
2459,0,0.002484,0.000095,0.997421
2460,0,0.000759,0.000124,0.999117
2461,1,0.161854,0.337026,0.501120
2462,1,0.997183,0.000746,0.002071
2463,0,0.063952,0.000226,0.935822
2464,0,0.000647,0.000107,0.999246
2465,1,0.382626,0.608791,0.008582
2466,1,0.229087,0.135182,0.635730
2467,0,0.959166,0.000444,0.040389
2468,0,0.000339,0.000140,0.999521
2469,1,0.077833,0.001017,0.921150
2470,0,0.001705,0.000098,0.998197
2471,1,0.998227,0.000801,0.000972
2472,1,0.000570,0.000106,0.999324
2473,1,0.405833,0.000371,0.593796
2474,0,0.000514,0.000112,0.999374
2475,0,0.000224,0.000273,0.999503
2476,1,0.379369,0.008582,0.612049
2477,1,0.952754,0.000498,0.046748
2478,0,0.015004,0.000142,0.984854
2479,1,0.000730,0.000161,0.999108
2480,1,0.008862,0.000116,0.991022
2481,1,0.979039,0.000344,0.020617
2482,1,0.990937,0.001287,0.007775
2483,1,0.998094,0.000668,0.001238
2484,0,0.000424,0.000117,0.999458
2485,0,0.001145,0.000109,0.998746
2486,0,0.001912,0.000079,0.998009
2487,1,0.026042,0.000241,0.973717
2488,0,0.000382,0.000120,0.999498
2489,0,0.001016,0.000127,0.998858
2490,0,0.899703,0.000824,0.099473
2491,1,0.001124,0.000185,0.998691
2492,0,0.168276,0.000507,0.831218
2493,0,0.000376,0.000118,0.999506
2494,1,0.007317,0.000145,0.992538
2495,1,0.128542,0.000290,0.871168
2496,1,0.008482,0.000109,0.991409
2497,0,0.012593,0.000103,0.987304
2498,0,0.001385,0.000097,0.998518
2499,0,0.001119,0.000081,0.998799
2500,0,0.000463,0.000104,0.999433
2501,1,0.162130,0.000375,0.837494
2502,1,0.992643,0.000316,0.007041
2503,0,0.000424,0.000099,0.999477
2504,1,0.033203,0.000144,0.966653
2505,1,0.000302,0.000308,0.999390
2506,1,0.997475,0.000912,0.001612
2507,0,0.000324,0.000144,0.999532
2508,1,0.991812,0.007011,0.001177
2509,1,0.991079,0.000526,0.008395
2510,0,0.003735,0.000105,0.996160
2511,1,0.875428,0.000357,0.124214
2512,1,0.003526,0.000095,0.996380
2513,1,0.349671,0.000684,0.649645
2514,1,0.025147,0.000199,0.974654
2515,0,0.001902,0.000076,0.998022
2516,0,0.001624,0.000074,0.998302
2517,1,0.982144,0.000284,0.017572
2518,0,0.029732,0.000297,0.969971
2519,1,0.991972,0.000354,0.007674
2520,1,0.926971,0.002200,0.070829
2521,1,0.994443,0.000395,0.005163
2522,1,0.998283,0.000718,0.000999
2523,1,0.512302,0.000508,0.487190
2524,1,0.028348,0.000336,0.971316
2525,1,0.015865,0.000197,0.983939
2526,0,0.002369,0.000071,0.997560
2527,0,0.000667,0.000095,0.999238
2528,1,0.111141,0.000378,0.888481
2529,1,0.453406,0.000561,0.546033
2530,1,0.997951,0.001121,0.000928
2531,0,0.002897,0.000083,0.997019
2532,0,0.000395,0.000111,0.999494
2533,1,0.000556,0.000149,0.999295
2534,0,0.000405,0.000113,0.999482
2535,0,0.000673,0.000091,0.999235
2536,0,0.016254,0.000127,0.983619
2537,1,0.876002,0.000306,0.123691
2538,1,0.994798,0.000444,0.004758
2539,0,0.000331,0.000149,0.999520
2540,1,0.096010,0.878765,0.025225
2541,0,0.000391,0.000135,0.999474
2542,0,0.000725,0.000233,0.999042
2543,0,0.000353,0.000144,0.999503
2544,1,0.765313,0.000479,0.234208
2545,1,0.092984,0.049902,0.857114
2546,1,0.702718,0.092792,0.204489
2547,0,0.000368,0.000125,0.999507
2548,0,0.016157,0.000164,0.983679
2549,0,0.002644,0.000083,0.997273
2550,1,0.019063,0.000926,0.980011
2551,1,0.011896,0.000141,0.987963
2552,1,0.988040,0.000369,0.011591
2553,0,0.037697,0.000159,0.962144
2554,1,0.137984,0.000183,0.861832
2555,0,0.000568,0.000137,0.999295
2556,0,0.517323,0.000577,0.482100
2557,1,0.983668,0.000300,0.016032
2558,0,0.000847,0.000088,0.999065
2559,0,0.000415,0.000105,0.999479
2560,0,0.033088,0.000177,0.966736
2561,0,0.000580,0.000100,0.999320
2562,1,0.009604,0.000534,0.989862
2563,0,0.006097,0.001304,0.992599
2564,0,0.006999,0.000092,0.992909
2565,0,0.000324,0.000141,0.999535
2566,0,0.021257,0.000151,0.978592
2567,1,0.896818,0.098888,0.004293
2568,0,0.000300,0.000179,0.999521
2569,1,0.003816,0.000105,0.996079
2570,0,0.839493,0.000686,0.159821
2571,0,0.000535,0.000098,0.999366
2572,0,0.002651,0.000183,0.997166
2573,1,0.558526,0.000559,0.440914
2574,1,0.964489,0.011994,0.023517
2575,1,0.000871,0.000149,0.998980
2576,1,0.011783,0.000162,0.988056
2577,0,0.034145,0.000186,0.965669
2578,0,0.007482,0.000176,0.992343
2579,1,0.079367,0.000614,0.920020
2580,0,0.000345,0.000121,0.999534
2581,0,0.349029,0.000524,0.650447
2582,1,0.196043,0.000455,0.803502
2583,1,0.494977,0.163918,0.341105
2584,0,0.008794,0.000279,0.990927
2585,1,0.001584,0.000077,0.998340
2586,0,0.090468,0.000300,0.909233
2587,1,0.624839,0.125431,0.249730
2588,1,0.000336,0.000239,0.999425
2589,1,0.003815,0.000090,0.996095
2590,0,0.000868,0.000101,0.999030
2591,0,0.001724,0.000088,0.998188
2592,1,0.524392,0.000550,0.475058
2593,0,0.002819,0.000085,0.997096
2594,1,0.029915,0.000156,0.969929
2595,1,0.955629,0.000311,0.044061
2596,0,0.000699,0.000081,0.999220
2597,0,0.017359,0.000154,0.982486
2598,0,0.000396,0.000123,0.999482
2599,1,0.516682,0.001678,0.481640
2600,1,0.851562,0.000551,0.147887
2601,0,0.000750,0.000085,0.999165
2602,1,0.992335,0.000362,0.007303
2603,1,0.232434,0.000658,0.766907
2604,0,0.000427,0.000114,0.999458
2605,1,0.888947,0.000432,0.110621
2606,0,0.000584,0.000101,0.999315
2607,0,0.056779,0.000180,0.943041
2608,1,0.211462,0.057899,0.730639
2609,0,0.000269,0.000225,0.999506
2610,0,0.000337,0.000184,0.999479
2611,0,0.000383,0.000160,0.999457
2612,0,0.000519,0.000093,0.999388
2613,0,0.016714,0.000141,0.983145
2614,0,0.000514,0.001299,0.998187
2615,0,0.000690,0.000085,0.999225
2616,0,0.000306,0.000183,0.999511
2617,0,0.000785,0.000096,0.999118
2618,0,0.162642,0.000434,0.836924
2619,0,0.001600,0.000095,0.998306
2620,1,0.001861,0.000106,0.998033
2621,1,0.006738,0.000148,0.993114
2622,1,0.508769,0.007393,0.483838
2623,1,0.987038,0.000392,0.012570
2624,1,0.820031,0.003310,0.176659
2625,0,0.000496,0.000129,0.999375
2626,1,0.005841,0.028884,0.965275
2627,0,0.000487,0.000101,0.999413
2628,1,0.000535,0.000110,0.999355
2629,1,0.659727,0.009788,0.330485
2630,0,0.000449,0.000099,0.999452
2631,1,0.995125,0.000706,0.004169
2632,1,0.000545,0.000137,0.999319
2633,0,0.003048,0.000079,0.996873
2634,1,0.972231,0.000342,0.027426
2635,0,0.000438,0.000132,0.999430
2636,1,0.886983,0.008487,0.104530
2637,0,0.650795,0.000370,0.348835
2638,1,0.217195,0.000461,0.782344
2639,0,0.000418,0.000114,0.999469
2640,1,0.899461,0.001123,0.099417
2641,0,0.002667,0.000101,0.997233
2642,0,0.079232,0.000320,0.920448
2643,1,0.016943,0.000345,0.982711
2644,1,0.069885,0.000180,0.929936
2645,0,0.000603,0.000091,0.999306
2646,0,0.000720,0.000093,0.999187
2647,1,0.008567,0.034567,0.956865
2648,1,0.017543,0.001841,0.980616
2649,1,0.997447,0.000487,0.002066
2650,1,0.002922,0.000404,0.996674
2651,0,0.000478,0.000095,0.999427
2652,0,0.000650,0.000103,0.999246
2653,0,0.000503,0.000158,0.999339
2654,0,0.000634,0.000104,0.999263
2655,0,0.001386,0.000099,0.998515
2656,1,0.248138,0.006335,0.745527
2657,0,0.002976,0.000128,0.996897
2658,1,0.024407,0.005222,0.970372
2659,0,0.006396,0.000107,0.993497
2660,0,0.000274,0.000169,0.999557
2661,1,0.990795,0.000431,0.008775
2662,1,0.004053,0.000110,0.995837
2663,0,0.000423,0.000111,0.999466
2664,0,0.000458,0.000114,0.999428
2665,0,0.000399,0.000153,0.999448
2666,0,0.148860,0.001350,0.849789
2667,1,0.978042,0.000435,0.021523
2668,0,0.000489,0.000104,0.999407
2669,0,0.000565,0.000089,0.999346
2670,0,0.000395,0.000122,0.999482
2671,0,0.000526,0.000096,0.999378
2672,0,0.000468,0.000101,0.999431
2673,1,0.112610,0.000374,0.887016
2674,0,0.054011,0.000194,0.945796
2675,0,0.021294,0.000124,0.978582
2676,0,0.000543,0.000112,0.999345
2677,0,0.032450,0.000251,0.967299
2678,1,0.000446,0.000125,0.999429
2679,1,0.037693,0.000263,0.962044
2680,1,0.737307,0.000525,0.262168
2681,1,0.011943,0.000622,0.987435
2682,1,0.019367,0.042154,0.938479
2683,1,0.416511,0.002621,0.580867
2684,0,0.000545,0.000110,0.999345
2685,1,0.866321,0.001313,0.132366
2686,0,0.433947,0.000629,0.565423
2687,0,0.000942,0.000081,0.998977
2688,0,0.000422,0.000102,0.999476
2689,0,0.000415,0.000141,0.999443
2690,0,0.001137,0.000085,0.998778
2691,0,0.000340,0.000153,0.999507
2692,0,0.013587,0.000257,0.986156
2693,0,0.000427,0.000106,0.999467
2694,0,0.001296,0.000080,0.998623
2695,0,0.009848,0.000147,0.990005
2696,1,0.003153,0.001813,0.995034
2697,1,0.984919,0.000388,0.014693
2698,1,0.991282,0.001592,0.007125
2699,1,0.040418,0.000381,0.959201
2700,0,0.010377,0.000320,0.989303
2701,0,0.001476,0.000080,0.998444
2702,0,0.000431,0.000104,0.999465
2703,1,0.023438,0.000233,0.976329
2704,0,0.000311,0.000159,0.999530
2705,0,0.001019,0.000095,0.998886
2706,0,0.000470,0.000103,0.999427
2707,1,0.122146,0.000277,0.877577
2708,1,0.001265,0.000139,0.998596
2709,0,0.002342,0.000096,0.997561
2710,1,0.997518,0.000462,0.002020
2711,0,0.000358,0.000127,0.999515
2712,1,0.324778,0.002280,0.672942
2713,1,0.835992,0.006303,0.157704
2714,1,0.017175,0.227064,0.755761
2715,0,0.000677,0.000097,0.999226
2716,1,0.225790,0.000367,0.773844
2717,0,0.000529,0.000091,0.999380
2718,1,0.001562,0.000522,0.997917
2719,1,0.000824,0.000090,0.999086
2720,1,0.673632,0.001813,0.324555
2721,1,0.019123,0.196455,0.784422
2722,0,0.002561,0.000136,0.997303
2723,1,0.018642,0.957806,0.023553
2724,0,0.000400,0.000130,0.999470
2725,1,0.582657,0.401346,0.015996
2726,1,0.986236,0.000486,0.013278
2727,1,0.000485,0.000105,0.999410
2728,1,0.997829,0.000840,0.001331
2729,0,0.000327,0.000141,0.999531
2730,0,0.001188,0.000157,0.998655
2731,0,0.388910,0.000619,0.610471
2732,0,0.000513,0.000095,0.999392
2733,1,0.161639,0.819121,0.019240
2734,0,0.006847,0.000102,0.993052
2735,0,0.018225,0.000214,0.981561
2736,0,0.000308,0.000144,0.999548
2737,0,0.000383,0.000219,0.999398
2738,1,0.397945,0.595511,0.006544
2739,1,0.002363,0.000237,0.997400
2740,1,0.800907,0.000602,0.198492
2741,0,0.000593,0.000098,0.999308
2742,0,0.000547,0.000089,0.999364
2743,0,0.004891,0.000083,0.995026
2744,1,0.013704,0.026388,0.959908
2745,1,0.993430,0.000755,0.005815
2746,0,0.000937,0.000084,0.998978
2747,1,0.000373,0.000178,0.999450
2748,0,0.000302,0.000169,0.999529
2749,1,0.000487,0.000290,0.999224
2750,0,0.006834,0.246652,0.746514
2751,1,0.998247,0.000654,0.001099
2752,0,0.000360,0.000121,0.999519
2753,1,0.982473,0.000558,0.016969
2754,0,0.000887,0.000100,0.999013
2755,1,0.010795,0.015353,0.973851
2756,1,0.484447,0.000628,0.514925
2757,0,0.000562,0.000112,0.999326
2758,1,0.000315,0.003180,0.996505
2759,0,0.000549,0.000099,0.999352
2760,0,0.000542,0.000092,0.999366
2761,0,0.000635,0.000101,0.999264
2762,0,0.000479,0.000097,0.999424
2763,0,0.000355,0.000152,0.999493
2764,1,0.018621,0.000243,0.981136
2765,1,0.754283,0.004536,0.241182
2766,1,0.010513,0.000146,0.989341
2767,0,0.000583,0.000095,0.999323
2768,1,0.784315,0.000675,0.215010
2769,0,0.996122,0.000456,0.003422
2770,0,0.000449,0.000102,0.999449
2771,0,0.000360,0.000342,0.999298
2772,1,0.004609,0.000253,0.995138
2773,1,0.980873,0.000396,0.018731
2774,1,0.995806,0.000416,0.003778
2775,1,0.002187,0.000232,0.997580
2776,0,0.000395,0.000129,0.999476
2777,0,0.701007,0.000626,0.298367
2778,0,0.000437,0.000104,0.999460
2779,1,0.000624,0.000124,0.999252
2780,0,0.000431,0.000142,0.999427
2781,1,0.997508,0.000496,0.001996
2782,1,0.348811,0.000324,0.650865
2783,1,0.000352,0.000157,0.999491
2784,0,0.733315,0.000357,0.266328
2785,1,0.000630,0.000117,0.999253
2786,0,0.000382,0.000132,0.999486
2787,0,0.008037,0.000097,0.991866
2788,1,0.980572,0.000323,0.019105
2789,0,0.000400,0.000110,0.999490
2790,1,0.988803,0.000366,0.010831
2791,0,0.000389,0.000170,0.999441
2792,0,0.000697,0.000111,0.999192
2793,1,0.901352,0.000675,0.097972
2794,1,0.022410,0.000239,0.977350
2795,0,0.001126,0.000107,0.998767
2796,0,0.266639,0.000380,0.732981
2797,1,0.874158,0.000407,0.125435
2798,1,0.868109,0.000558,0.131333
2799,1,0.118351,0.000509,0.881140
2800,0,0.001204,0.000083,0.998714
2801,0,0.000611,0.000088,0.999301
2802,1,0.002106,0.000750,0.997144
2803,0,0.004123,0.000106,0.995772
2804,0,0.000366,0.000131,0.999503
2805,0,0.000921,0.000092,0.998987
2806,1,0.013910,0.052110,0.933980
2807,0,0.000511,0.000095,0.999394
2808,1,0.036474,0.000190,0.963336
2809,0,0.000398,0.000110,0.999492
2810,0,0.000512,0.000097,0.999392
2811,0,0.000384,0.000128,0.999489
2812,0,0.000369,0.000115,0.999516
2813,0,0.476518,0.000429,0.523053
2814,1,0.107141,0.876012,0.016847
2815,0,0.005558,0.000098,0.994344
2816,1,0.100886,0.887564,0.011549
2817,0,0.000436,0.000112,0.999452
2818,0,0.001213,0.000076,0.998711
2819,1,0.000664,0.000134,0.999202
2820,0,0.000417,0.000130,0.999452
2821,0,0.000661,0.000096,0.999244
2822,0,0.000436,0.000103,0.999460
2823,0,0.445372,0.000464,0.554164
2824,0,0.002201,0.000119,0.997680
2825,1,0.011173,0.510056,0.478772
2826,0,0.000882,0.000082,0.999036
2827,0,0.000391,0.000123,0.999486
2828,1,0.033590,0.828565,0.137845
2829,0,0.032868,0.000164,0.966969
2830,1,0.579119,0.400827,0.020054
2831,0,0.000407,0.000138,0.999456
2832,1,0.991158,0.000399,0.008442
2833,0,0.000584,0.000087,0.999329
2834,0,0.000406,0.000119,0.999475
2835,0,0.000663,0.000097,0.999239
2836,0,0.004377,0.000080,0.995544
2837,0,0.002821,0.000076,0.997103
2838,1,0.939790,0.055423,0.004787
2839,1,0.000687,0.000212,0.999101
2840,1,0.000701,0.000129,0.999169
2841,0,0.000459,0.000096,0.999445
2842,0,0.000305,0.000509,0.999186
2843,1,0.495036,0.000692,0.504272
2844,0,0.000356,0.000143,0.999500
2845,1,0.996747,0.000465,0.002787
2846,1,0.921140,0.000358,0.078502
2847,1,0.835305,0.000391,0.164305
2848,0,0.000510,0.000100,0.999390
2849,1,0.040950,0.716640,0.242410
2850,1,0.178021,0.000930,0.821049
2851,0,0.004848,0.000103,0.995049
2852,0,0.000721,0.005901,0.993378
2853,1,0.364298,0.000538,0.635163
2854,0,0.003975,0.000190,0.995836
2855,1,0.958446,0.013344,0.028210
2856,0,0.006371,0.000088,0.993541
2857,0,0.002106,0.000087,0.997807
2858,1,0.993436,0.000369,0.006195
2859,1,0.998064,0.000535,0.001402
2860,1,0.001621,0.000115,0.998263
2861,1,0.994231,0.000384,0.005385
2862,0,0.005172,0.000105,0.994723
2863,1,0.016580,0.332467,0.650953
2864,0,0.818984,0.000724,0.180292
2865,0,0.000399,0.000129,0.999472
2866,1,0.028693,0.000150,0.971156
2867,1,0.000726,0.000162,0.999112
2868,0,0.003007,0.000097,0.996895
2869,0,0.000395,0.000112,0.999493
2870,0,0.007158,0.000124,0.992718
2871,0,0.000456,0.000097,0.999446
2872,0,0.002785,0.000078,0.997137
2873,0,0.001397,0.000078,0.998525
2874,1,0.000356,0.000131,0.999513
2875,0,0.000755,0.000089,0.999157
2876,0,0.000612,0.000152,0.999236
2877,1,0.994669,0.002243,0.003088
2878,0,0.254948,0.137810,0.607242
2879,0,0.024870,0.000202,0.974927
2880,1,0.803644,0.000422,0.195934
2881,1,0.000387,0.000127,0.999486
2882,0,0.002518,0.000987,0.996496
2883,0,0.004409,0.044538,0.951054
2884,0,0.000398,0.000162,0.999440
2885,1,0.976619,0.000379,0.023002
2886,1,0.000463,0.001092,0.998445
2887,0,0.001695,0.000074,0.998231
2888,0,0.000356,0.000127,0.999517
2889,1,0.012430,0.000579,0.986991
2890,0,0.068744,0.000247,0.931009
2891,0,0.000747,0.000098,0.999155
2892,0,0.000765,0.000105,0.999131
2893,1,0.000709,0.000325,0.998966
2894,0,0.000430,0.000108,0.999462
2895,0,0.000553,0.000138,0.999309
2896,0,0.000402,0.000112,0.999486
2897,0,0.000381,0.000134,0.999485
2898,0,0.001697,0.000106,0.998197
2899,1,0.022099,0.000161,0.977740
2900,0,0.000536,0.000106,0.999357
2901,1,0.317274,0.103965,0.578761
2902,1,0.002060,0.000268,0.997673
2903,1,0.214004,0.000240,0.785756
2904,1,0.944962,0.000501,0.054536
2905,0,0.001285,0.000095,0.998620
2906,0,0.003508,0.000156,0.996336
2907,1,0.972929,0.000415,0.026655
2908,1,0.000956,0.000342,0.998702
2909,1,0.992090,0.000453,0.007456
2910,0,0.000420,0.000111,0.999468
2911,1,0.000311,0.000176,0.999513
2912,0,0.001317,0.000114,0.998568
2913,1,0.000787,0.000097,0.999116
2914,1,0.000635,0.000093,0.999272
2915,1,0.474397,0.000299,0.525304
2916,0,0.000957,0.000081,0.998962
2917,0,0.003573,0.000108,0.996318
2918,0,0.001128,0.000255,0.998617
2919,1,0.001325,0.000076,0.998599
2920,1,0.023098,0.000150,0.976751
2921,1,0.997962,0.001129,0.000909
2922,1,0.686428,0.000892,0.312680
2923,0,0.000514,0.000096,0.999390
2924,0,0.001227,0.010188,0.988585
2925,0,0.008810,0.000141,0.991049
2926,0,0.002580,0.000076,0.997344
2927,0,0.000282,0.000178,0.999541
2928,0,0.000484,0.000099,0.999417
2929,1,0.879608,0.000360,0.120032
2930,1,0.000593,0.000156,0.999250
2931,1,0.971611,0.024745,0.003644
2932,0,0.002889,0.000117,0.996994
2933,1,0.050713,0.820838,0.128450
2934,0,0.000553,0.000098,0.999349
2935,0,0.000868,0.000114,0.999018
2936,0,0.000841,0.000087,0.999072
2937,1,0.996987,0.001002,0.002011
2938,0,0.001671,0.000549,0.997780
2939,1,0.997459,0.000518,0.002023
2940,0,0.000361,0.000168,0.999471
2941,1,0.007084,0.000099,0.992817
2942,1,0.788574,0.000459,0.210967
2943,1,0.990094,0.009134,0.000772
2944,1,0.257948,0.000464,0.741587
2945,1,0.997567,0.000860,0.001573
2946,1,0.735859,0.000415,0.263726
2947,0,0.003763,0.000111,0.996126
2948,0,0.000425,0.000118,0.999457
2949,1,0.013559,0.000465,0.985976
2950,0,0.015068,0.000214,0.984718
2951,0,0.106392,0.000239,0.893369
2952,1,0.000466,0.000138,0.999396
2953,1,0.004401,0.000097,0.995502
2954,1,0.000447,0.000126,0.999427
2955,0,0.000284,0.000226,0.999489
2956,0,0.000508,0.000107,0.999385
2957,1,0.627818,0.284235,0.087947
2958,0,0.000346,0.000126,0.999528
2959,1,0.970238,0.027007,0.002755
2960,1,0.000434,0.000127,0.999438
2961,0,0.000510,0.000101,0.999389
2962,0,0.000408,0.000103,0.999489
2963,0,0.001297,0.000091,0.998611
2964,0,0.000315,0.000152,0.999533
2965,0,0.010283,0.000094,0.989622
2966,0,0.115794,0.000289,0.883917
2967,1,0.315113,0.000374,0.684514
2968,0,0.000457,0.000099,0.999445
2969,0,0.000554,0.000102,0.999344
2970,0,0.004105,0.000191,0.995704
2971,0,0.000822,0.000081,0.999098
2972,1,0.591747,0.000477,0.407777
2973,0,0.001439,0.000093,0.998468
2974,0,0.224576,0.000398,0.775025
2975,1,0.001103,0.000613,0.998284
2976,1,0.989165,0.010047,0.000788
2977,1,0.014689,0.000771,0.984539
2978,1,0.014481,0.000174,0.985345
2979,1,0.009118,0.000095,0.990787
2980,0,0.000405,0.000106,0.999489
2981,1,0.996656,0.002383,0.000962
2982,0,0.001061,0.000088,0.998851
2983,1,0.053441,0.000193,0.946366
2984,1,0.996904,0.002290,0.000806
2985,1,0.996729,0.002582,0.000689
2986,0,0.000662,0.000096,0.999242
2987,0,0.000509,0.000095,0.999396
2988,0,0.000613,0.000086,0.999301
2989,1,0.958651,0.000400,0.040949
2990,0,0.000560,0.000086,0.999354
2991,0,0.085145,0.000241,0.914614
2992,1,0.004175,0.000098,0.995727
2993,0,0.000352,0.000130,0.999518
2994,1,0.140719,0.781563,0.077718
2995,1,0.980873,0.017946,0.001181
2996,0,0.001170,0.000078,0.998752
2997,1,0.002911,0.000088,0.997001
2998,0,0.000409,0.000115,0.999476
2999,0,0.000407,0.000113,0.999481
