row_id,gold,p_hate,p_offensive,p_normal
0,0,0.000699,0.000155,0.999146
1,0,0.000632,0.000132,0.999236
2,1,0.847037,0.031387,0.121576
3,1,0.990013,0.004600,0.005386
4,0,0.000365,0.000544,0.999091
5,1,0.052336,0.602834,0.344830
6,0,0.939781,0.000565,0.059654
7,0,0.000469,0.000137,0.999394
8,1,0.013065,0.001168,0.985767
9,0,0.000418,0.000278,0.999303
10,0,0.000238,0.000290,0.999472
11,1,0.996311,0.000924,0.002765
12,0,0.001207,0.000201,0.998592
13,0,0.000261,0.000262,0.999477
14,1,0.269330,0.279768,0.450902
15,1,0.996337,0.001222,0.002441
16,1,0.977489,0.020030,0.002481
17,1,0.713317,0.005344,0.281338
18,1,0.958805,0.009495,0.031700
19,1,0.996847,0.000776,0.002377
20,1,0.521982,0.053946,0.424072
21,1,0.000280,0.000617,0.999103
22,1,0.975553,0.003182,0.021265
23,1,0.831932,0.000456,0.167612
24,1,0.167788,0.000448,0.831763
25,1,0.991328,0.000440,0.008232
26,0,0.600453,0.000309,0.399238
27,1,0.260364,0.006561,0.733075
28,1,0.415294,0.069077,0.515629
29,0,0.000854,0.000137,0.999009
30,0,0.000374,0.000157,0.999469
31,0,0.003937,0.000120,0.995943
32,0,0.000288,0.000217,0.999495
33,0,0.001283,0.000132,0.998585
34,0,0.013585,0.000120,0.986294
35,1,0.401276,0.000721,0.598003
36,0,0.997102,0.001243,0.001655
37,1,0.148963,0.789170,0.061867
38,0,0.000484,0.000138,0.999378
39,1,0.458087,0.062252,0.479661
40,0,0.000286,0.000276,0.999438
41,1,0.131035,0.000529,0.868436
42,0,0.000256,0.000261,0.999483
43,1,0.003299,0.000397,0.996304
44,1,0.995268,0.003477,0.001256
45,1,0.967099,0.000524,0.032377
46,1,0.018023,0.749429,0.232548
47,1,0.980279,0.000680,0.019041
48,0,0.000335,0.000202,0.999463
49,0,0.000308,0.000213,0.999478
50,0,0.000255,0.000255,0.999490
51,0,0.013904,0.000155,0.985941
52,1,0.000596,0.014934,0.984470
53,0,0.000530,0.002038,0.997432
54,0,0.008397,0.000188,0.991415
55,0,0.000857,0.000131,0.999012
56,1,0.287602,0.000614,0.711784
57,0,0.001510,0.000100,0.998390
58,0,0.000899,0.000275,0.998827
59,1,0.977743,0.020056,0.002202
60,0,0.000547,0.000131,0.999322
61,0,0.000937,0.000116,0.998947
62,1,0.378896,0.001321,0.619783
63,0,0.015762,0.000136,0.984103
64,0,0.000280,0.000228,0.999492
65,0,0.000291,0.000230,0.999479
66,0,0.000902,0.000133,0.998965
67,0,0.001057,0.000109,0.998834
68,0,0.000368,0.000176,0.999456
69,0,0.000708,0.000123,0.999169
70,1,0.792300,0.037404,0.170296
71,0,0.000304,0.000197,0.999499
72,1,0.033531,0.000186,0.966283
73,0,0.000705,0.000114,0.999181
74,0,0.003219,0.000106,0.996675
75,1,0.968363,0.001023,0.030614
76,1,0.003797,0.000596,0.995607
77,1,0.190201,0.008923,0.800877
78,0,0.000365,0.000260,0.999375
79,0,0.000756,0.000225,0.999020
80,0,0.000429,0.000232,0.999339
81,1,0.451544,0.005474,0.542983
82,1,0.994747,0.001019,0.004234
83,1,0.227537,0.000508,0.771955
84,0,0.003988,0.000103,0.995908
85,0,0.000395,0.000266,0.999339
86,1,0.082992,0.749015,0.167993
87,1,0.834923,0.000848,0.164229
88,1,0.379301,0.587389,0.033311
89,1,0.001212,0.000789,0.997999
90,0,0.000651,0.000140,0.999209
91,0,0.242108,0.000726,0.757166
92,1,0.701612,0.000438,0.297949
93,0,0.000643,0.000256,0.999101
94,0,0.000677,0.000139,0.999184
95,1,0.974225,0.000338,0.025438
96,1,0.093877,0.001056,0.905067
97,0,0.000321,0.000208,0.999471
98,0,0.006054,0.000119,0.993827
99,1,0.988386,0.005329,0.006285
100,0,0.000390,0.000179,0.999431
101,1,0.002977,0.000108,0.996915
102,1,0.977007,0.000296,0.022697
103,0,0.000392,0.000192,0.999416
104,1,0.888573,0.011836,0.099591
105,1,0.989627,0.001065,0.009308
106,0,0.005774,0.000136,0.994090
107,1,0.908210,0.000393,0.091396
108,1,0.994890,0.001008,0.004103
109,1,0.997335,0.001312,0.001353
110,0,0.002206,0.000097,0.997698
111,1,0.772659,0.079107,0.148234
112,1,0.215754,0.001056,0.783191
113,1,0.004906,0.000428,0.994666
114,1,0.889330,0.061179,0.049492
115,1,0.004752,0.000472,0.994777
116,0,0.001145,0.000517,0.998337
117,0,0.000264,0.000429,0.999307
118,0,0.000801,0.000125,0.999074
119,1,0.000326,0.000203,0.999471
120,1,0.001782,0.000330,0.997887
121,0,0.001524,0.000107,0.998369
122,0,0.001066,0.000173,0.998761
123,0,0.000377,0.000160,0.999463
124,1,0.791335,0.002098,0.206567
125,1,0.940000,0.001097,0.058904
126,1,0.176320,0.803331,0.020348
127,1,0.701745,0.000730,0.297526
128,1,0.902074,0.003075,0.094851
129,0,0.001442,0.000110,0.998448
130,1,0.002764,0.002093,0.995143
131,0,0.000297,0.000202,0.999501
132,1,0.001665,0.000232,0.998103
133,0,0.000297,0.000220,0.999483
134,0,0.000312,0.000184,0.999504
135,1,0.003661,0.000206,0.996132
136,0,0.000310,0.000202,0.999488
137,0,0.000404,0.000179,0.999418
138,0,0.006310,0.000127,0.993563
139,1,0.028105,0.003697,0.968199
140,1,0.028214,0.888363,0.083423
141,0,0.000239,0.000331,0.999430
142,0,0.000350,0.000187,0.999463
143,0,0.000511,0.000153,0.999337
144,0,0.000247,0.000270,0.999483
145,1,0.598807,0.000473,0.400720
146,1,0.522596,0.000390,0.477013
147,0,0.001211,0.000125,0.998664
148,1,0.020803,0.000598,0.978600
149,1,0.945324,0.038296,0.016380
150,0,0.084951,0.000215,0.914834
151,0,0.268687,0.000419,0.730894
152,1,0.784758,0.000840,0.214402
153,1,0.889571,0.004373,0.106055
154,1,0.934277,0.002022,0.063701
155,0,0.044834,0.000212,0.954953
156,1,0.429953,0.000916,0.569130
157,1,0.138172,0.000462,0.861366
158,0,0.000558,0.000254,0.999188
159,1,0.981073,0.005048,0.013880
160,1,0.973430,0.007661,0.018910
161,1,0.000892,0.000287,0.998821
162,1,0.002185,0.000291,0.997524
163,1,0.926350,0.004274,0.069376
164,1,0.988910,0.000543,0.010548
165,1,0.046276,0.000408,0.953316
166,0,0.070941,0.000500,0.928558
167,0,0.000474,0.000140,0.999387
168,1,0.269706,0.661566,0.068728
169,0,0.000359,0.000179,0.999462
170,1,0.916812,0.007330,0.075858
171,0,0.000307,0.000210,0.999483
172,0,0.749631,0.000338,0.250031
173,0,0.000241,0.000285,0.999474
174,0,0.000551,0.000165,0.999284
175,0,0.000337,0.000201,0.999462
176,0,0.000369,0.000176,0.999455
177,1,0.008403,0.031019,0.960578
178,0,0.078154,0.000283,0.921563
179,1,0.990797,0.003295,0.005908
180,1,0.992215,0.001583,0.006203
181,0,0.000268,0.000243,0.999489
182,0,0.018663,0.000204,0.981133
183,0,0.000333,0.000329,0.999338
184,1,0.038605,0.000316,0.961079
185,0,0.000632,0.000149,0.999219
186,0,0.104307,0.001554,0.894139
187,0,0.973858,0.000432,0.025710
188,1,0.675929,0.000316,0.323755
189,1,0.984904,0.009434,0.005662
190,1,0.983248,0.000413,0.016339
191,0,0.534349,0.000409,0.465242
192,1,0.914761,0.001279,0.083961
193,0,0.000383,0.000163,0.999454
194,0,0.000237,0.000423,0.999340
195,0,0.000558,0.000123,0.999318
196,0,0.000509,0.001023,0.998468
197,0,0.002328,0.000131,0.997542
198,1,0.996224,0.002213,0.001563
199,1,0.995200,0.000565,0.004235
200,1,0.000434,0.000189,0.999376
201,0,0.000417,0.000445,0.999138
202,0,0.000375,0.000160,0.999465
203,1,0.030993,0.936512,0.032495
204,1,0.030239,0.000599,0.969161
205,0,0.000259,0.000249,0.999492
206,0,0.000411,0.000202,0.999386
207,0,0.000408,0.000198,0.999394
208,0,0.000417,0.000163,0.999420
209,0,0.004713,0.000109,0.995178
210,0,0.000257,0.000281,0.999462
211,0,0.002042,0.000181,0.997778
212,0,0.000266,0.000251,0.999483
213,1,0.829936,0.000476,0.169589
214,0,0.000344,0.000173,0.999484
215,0,0.000345,0.000668,0.998987
216,0,0.000219,0.000454,0.999327
217,0,0.001033,0.000136,0.998831
218,0,0.000241,0.000329,0.999430
219,1,0.016564,0.006169,0.977267
220,0,0.002790,0.000160,0.997050
221,0,0.003075,0.000265,0.996659
222,0,0.000315,0.000208,0.999477
223,1,0.875449,0.026237,0.098314
224,0,0.001818,0.000108,0.998075
225,0,0.000236,0.000397,0.999367
226,1,0.025510,0.936892,0.037598
227,1,0.950008,0.000581,0.049410
228,0,0.000546,0.000135,0.999319
229,0,0.000237,0.000291,0.999472
230,0,0.287259,0.000366,0.712375
231,0,0.000518,0.000138,0.999343
232,0,0.000251,0.000349,0.999400
233,0,0.000382,0.000160,0.999459
234,0,0.002218,0.000131,0.997651
235,1,0.001533,0.000117,0.998349
236,0,0.000338,0.000193,0.999469
237,0,0.003399,0.000257,0.996344
238,1,0.996783,0.001977,0.001240
239,0,0.000473,0.000162,0.999365
240,1,0.149630,0.739280,0.111091
241,0,0.000412,0.000158,0.999430
242,1,0.978756,0.002392,0.018852
243,0,0.000402,0.000153,0.999445
244,0,0.000703,0.000113,0.999184
245,1,0.992914,0.002056,0.005030
246,0,0.003598,0.000108,0.996294
247,0,0.000284,0.000224,0.999492
248,0,0.003893,0.000107,0.996000
249,1,0.000255,0.000355,0.999390
250,0,0.000557,0.000157,0.999286
251,1,0.000293,0.000608,0.999099
252,0,0.000252,0.000264,0.999484
253,1,0.997408,0.001005,0.001587
254,0,0.000668,0.000256,0.999076
255,0,0.000321,0.000187,0.999493
256,0,0.000430,0.000153,0.999417
257,0,0.000458,0.000152,0.999390
258,1,0.848482,0.005894,0.145623
259,0,0.000376,0.000164,0.999460
260,1,0.034888,0.000353,0.964758
261,0,0.001495,0.000109,0.998396
262,0,0.000275,0.000256,0.999469
263,1,0.284266,0.000959,0.714775
264,1,0.899403,0.000458,0.100140
265,0,0.000434,0.000182,0.999383
266,1,0.888889,0.000651,0.110460
267,0,0.000545,0.000245,0.999210
268,0,0.000595,0.000123,0.999282
269,0,0.000318,0.000181,0.999501
270,1,0.000746,0.001623,0.997631
271,0,0.000283,0.000248,0.999469
272,1,0.409275,0.000500,0.590226
273,0,0.000265,0.000245,0.999490
274,1,0.001275,0.000629,0.998096
275,0,0.000260,0.000245,0.999495
276,1,0.567272,0.044433,0.388295
277,1,0.995195,0.003552,0.001253
278,1,0.006534,0.000172,0.993294
279,1,0.006704,0.000584,0.992712
280,1,0.277861,0.000531,0.721609
281,1,0.042132,0.018603,0.939264
282,0,0.000291,0.000241,0.999468
283,1,0.007422,0.001423,0.991155
284,0,0.000272,0.000242,0.999486
285,0,0.000674,0.002691,0.996636
286,1,0.005928,0.000153,0.993919
287,0,0.001905,0.000108,0.997987
288,0,0.975040,0.000249,0.024712
289,1,0.010563,0.000190,0.989247
290,0,0.198702,0.000657,0.800641
291,0,0.001105,0.000113,0.998782
292,0,0.000347,0.000183,0.999470
293,0,0.000268,0.000280,0.999452
294,1,0.098136,0.213519,0.688345
295,1,0.695341,0.001824,0.302835
296,1,0.003346,0.000312,0.996342
297,0,0.000254,0.000274,0.999472
298,0,0.000448,0.000147,0.999405
299,0,0.000451,0.000149,0.999400
300,1,0.158224,0.000811,0.840965
301,1,0.002069,0.000262,0.997668
302,1,0.930323,0.007334,0.062343
303,1,0.003260,0.000146,0.996594
304,1,0.992306,0.001534,0.006160
305,0,0.000252,0.000268,0.999481
306,0,0.873385,0.000903,0.125712
307,0,0.000867,0.000184,0.998949
308,1,0.981863,0.015426,0.002711
309,1,0.556563,0.432325,0.011112
310,1,0.956453,0.000623,0.042924
311,0,0.000284,0.000226,0.999490
312,0,0.000361,0.000163,0.999475
313,1,0.995644,0.001122,0.003234
314,0,0.000274,0.000260,0.999466
315,0,0.000308,0.000220,0.999472
316,1,0.978792,0.007231,0.013978
317,0,0.000605,0.000122,0.999272
318,1,0.632426,0.290293,0.077281
319,0,0.545682,0.000361,0.453957
320,0,0.000254,0.000266,0.999480
321,1,0.313079,0.067021,0.619899
322,0,0.000612,0.000149,0.999240
323,1,0.000267,0.000948,0.998784
324,1,0.763684,0.197580,0.038736
325,1,0.285749,0.032781,0.681470
326,0,0.000284,0.000218,0.999498
327,0,0.000212,0.000526,0.999263
328,1,0.996926,0.001907,0.001167
329,0,0.000419,0.000156,0.999425
330,0,0.003138,0.000126,0.996737
331,1,0.988030,0.000561,0.011408
332,0,0.004133,0.000104,0.995763
333,0,0.000718,0.000169,0.999113
334,0,0.004757,0.000099,0.995144
335,0,0.001180,0.000118,0.998702
336,1,0.910811,0.032310,0.056879
337,1,0.048037,0.000512,0.951451
338,1,0.939107,0.001290,0.059603
339,1,0.799253,0.049704,0.151043
340,1,0.336044,0.009928,0.654028
341,1,0.002538,0.002112,0.995349
342,0,0.000760,0.000115,0.999125
343,0,0.000411,0.000165,0.999424
344,0,0.000349,0.000233,0.999418
345,0,0.000449,0.000155,0.999395
346,0,0.000261,0.000293,0.999446
347,1,0.313642,0.003371,0.682987
348,1,0.166330,0.007613,0.826057
349,0,0.000240,0.000296,0.999463
350,0,0.000676,0.000116,0.999209
351,0,0.000645,0.000122,0.999234
352,0,0.729374,0.000390,0.270236
353,1,0.987387,0.001593,0.011020
354,0,0.368242,0.000609,0.631149
355,0,0.005250,0.134314,0.860436
356,0,0.003473,0.000108,0.996419
357,0,0.006827,0.000096,0.993077
358,0,0.001187,0.000157,0.998656
359,0,0.009425,0.000606,0.989969
360,1,0.022291,0.001580,0.976129
361,0,0.000679,0.000141,0.999180
362,0,0.000236,0.000381,0.999383
363,0,0.012708,0.000122,0.987169
364,0,0.002487,0.000178,0.997336
365,1,0.985549,0.000288,0.014163
366,0,0.000985,0.000141,0.998875
367,1,0.316631,0.666778,0.016591
368,0,0.000722,0.000134,0.999144
369,0,0.000489,0.000156,0.999355
370,0,0.000335,0.000362,0.999303
371,0,0.000292,0.000214,0.999494
372,0,0.000304,0.000291,0.999405
373,1,0.187619,0.000667,0.811714
374,1,0.119017,0.000306,0.880677
375,0,0.000258,0.000245,0.999497
376,1,0.019834,0.000280,0.979885
377,0,0.000503,0.000148,0.999349
378,1,0.216102,0.732065,0.051833
379,1,0.898721,0.054099,0.047181
380,0,0.002283,0.000296,0.997422
381,1,0.881589,0.062242,0.056169
382,0,0.000264,0.000291,0.999445
383,1,0.067293,0.000593,0.932114
384,1,0.003286,0.000139,0.996575
385,1,0.000620,0.000187,0.999193
386,1,0.710037,0.001046,0.288917
387,1,0.821731,0.000870,0.177399
388,0,0.000357,0.000182,0.999461
389,0,0.299786,0.000789,0.699425
390,0,0.010329,0.000225,0.989446
391,0,0.000336,0.000187,0.999477
392,1,0.370436,0.512582,0.116983
393,0,0.570122,0.000346,0.429532
394,0,0.001373,0.000157,0.998470
395,0,0.000503,0.000159,0.999338
396,1,0.756775,0.228670,0.014555
397,0,0.000902,0.000108,0.998990
398,1,0.033503,0.807905,0.158592
399,1,0.000869,0.006680,0.992451
400,1,0.069875,0.008235,0.921890
401,0,0.148390,0.000224,0.851386
402,1,0.322859,0.000344,0.676797
403,1,0.263707,0.000346,0.735947
404,1,0.988244,0.000787,0.010968
405,1,0.002703,0.000414,0.996882
406,1,0.006336,0.000903,0.992761
407,1,0.000898,0.003721,0.995381
408,1,0.957652,0.000427,0.041921
409,0,0.000269,0.000258,0.999473
410,0,0.014606,0.000198,0.985195
411,0,0.005136,0.000239,0.994624
412,1,0.079990,0.830286,0.089724
413,0,0.000597,0.000138,0.999265
414,1,0.995742,0.001580,0.002679
415,0,0.468575,0.000279,0.531146
416,1,0.038654,0.007550,0.953795
417,0,0.000454,0.000167,0.999379
418,0,0.143501,0.796751,0.059748
419,0,0.000286,0.000218,0.999496
420,1,0.472887,0.004866,0.522247
421,1,0.969648,0.000708,0.029644
422,0,0.000419,0.000369,0.999212
423,1,0.001692,0.000128,0.998180
424,1,0.792142,0.000854,0.207005
425,1,0.086005,0.000232,0.913763
426,0,0.002012,0.002574,0.995414
427,1,0.967201,0.000315,0.032485
428,1,0.063375,0.000495,0.936130
429,0,0.001374,0.000107,0.998519
430,1,0.467721,0.023432,0.508847
431,1,0.000803,0.000726,0.998472
432,1,0.648129,0.060428,0.291443
433,0,0.000248,0.000278,0.999474
434,0,0.000757,0.000122,0.999121
435,1,0.996625,0.001528,0.001846
436,1,0.000863,0.000236,0.998901
437,1,0.598033,0.399296,0.002671
438,0,0.003433,0.002877,0.993690
439,0,0.000432,0.000148,0.999419
440,1,0.664743,0.000928,0.334329
441,0,0.482130,0.000434,0.517436
442,1,0.000574,0.000251,0.999175
443,1,0.000768,0.000140,0.999092
444,0,0.067511,0.000148,0.932341
445,1,0.978466,0.000614,0.020919
446,0,0.000356,0.000182,0.999462
447,1,0.972387,0.002443,0.025170
448,0,0.427928,0.000362,0.571710
449,0,0.018631,0.294841,0.686529
450,0,0.000276,0.000251,0.999473
451,0,0.000298,0.000240,0.999462
452,1,0.993895,0.000666,0.005439
453,0,0.006675,0.000123,0.993202
454,0,0.000319,0.000246,0.999435
455,1,0.000559,0.000438,0.999003
456,1,0.944347,0.000297,0.055357
457,1,0.057199,0.003650,0.939152
458,0,0.000373,0.000178,0.999449
459,0,0.623969,0.000292,0.375738
460,1,0.118471,0.000193,0.881335
461,1,0.588740,0.001004,0.410256
462,1,0.937553,0.000311,0.062137
463,1,0.075041,0.000354,0.924605
464,1,0.701206,0.003315,0.295478
465,1,0.149968,0.000323,0.849709
466,1,0.684446,0.000653,0.314901
467,1,0.006641,0.000227,0.993132
468,0,0.000508,0.000128,0.999364
469,0,0.031974,0.000254,0.967772
470,0,0.000525,0.000147,0.999328
471,0,0.000843,0.000153,0.999004
472,1,0.970832,0.003055,0.026113
473,0,0.000350,0.000177,0.999473
474,0,0.000298,0.000199,0.999503
475,0,0.006081,0.000109,0.993809
476,0,0.000394,0.000160,0.999445
477,1,0.005502,0.038177,0.956321
478,0,0.000328,0.000231,0.999441
479,0,0.000719,0.000132,0.999149
480,0,0.000523,0.000142,0.999335
481,0,0.000249,0.000279,0.999472
482,1,0.003902,0.000179,0.995919
483,1,0.906962,0.002006,0.091033
484,0,0.071492,0.000486,0.928022
485,1,0.800846,0.000770,0.198384
486,0,0.000856,0.000177,0.998968
487,0,0.000782,0.000130,0.999088
488,1,0.969064,0.014749,0.016187
489,0,0.043223,0.000242,0.956535
490,0,0.011223,0.000168,0.988609
491,0,0.000487,0.000241,0.999273
492,1,0.089476,0.896016,0.014507
493,0,0.001122,0.000112,0.998766
494,0,0.000667,0.000129,0.999204
495,1,0.010673,0.530318,0.459009
496,1,0.994871,0.002909,0.002220
497,1,0.982988,0.007818,0.009193
498,1,0.969203,0.000612,0.030185
499,0,0.000311,0.000253,0.999436
500,1,0.996422,0.002114,0.001465
501,1,0.004658,0.000130,0.995212
502,1,0.005095,0.000327,0.994577
503,1,0.022774,0.000589,0.976637
504,1,0.153766,0.076174,0.770060
505,1,0.973354,0.020101,0.006546
506,1,0.000560,0.000218,0.999222
507,0,0.048409,0.032753,0.918838
508,0,0.000351,0.000173,0.999477
509,0,0.000242,0.000361,0.999397
510,1,0.962436,0.002234,0.035329
511,1,0.002656,0.000166,0.997179
512,1,0.000707,0.000145,0.999148
513,0,0.006979,0.000099,0.992922
514,1,0.555593,0.225019,0.219388
515,0,0.000246,0.000274,0.999479
516,0,0.000330,0.000177,0.999493
517,1,0.000232,0.000354,0.999414
518,0,0.000278,0.000260,0.999463
519,0,0.000867,0.000111,0.999023
520,1,0.446727,0.000933,0.552340
521,1,0.987068,0.001326,0.011606
522,0,0.003555,0.000109,0.996335
523,1,0.014266,0.029545,0.956189
524,1,0.994293,0.003723,0.001984
525,1,0.846730,0.013345,0.139926
526,0,0.000263,0.000240,0.999497
527,1,0.993894,0.000621,0.005485
528,0,0.142239,0.010932,0.846829
529,1,0.000890,0.000764,0.998346
530,0,0.000396,0.000153,0.999451
531,0,0.000250,0.000259,0.999491
532,0,0.000581,0.000520,0.998900
533,1,0.010493,0.002740,0.986767
534,1,0.995903,0.000638,0.003459
535,1,0.967886,0.003866,0.028249
536,1,0.957724,0.000876,0.041400
537,0,0.000253,0.000259,0.999488
538,0,0.000242,0.000267,0.999491
539,1,0.304827,0.006223,0.688950
540,1,0.958136,0.002068,0.039796
541,1,0.995305,0.000913,0.003782
542,1,0.001065,0.000276,0.998659
543,0,0.001247,0.000104,0.998650
544,0,0.005741,0.000122,0.994137
545,0,0.000909,0.000131,0.998960
546,1,0.000247,0.000394,0.999360
547,1,0.644549,0.007296,0.348155
548,0,0.000487,0.000142,0.999372
549,0,0.000330,0.000224,0.999446
550,0,0.000481,0.000187,0.999332
551,1,0.997333,0.001274,0.001392
552,0,0.002964,0.000126,0.996910
553,0,0.000530,0.000264,0.999206
554,0,0.000502,0.000186,0.999312
555,0,0.003727,0.000106,0.996166
556,0,0.000398,0.000174,0.999428
557,1,0.994492,0.004002,0.001506
558,0,0.000329,0.000176,0.999495
559,0,0.938585,0.000337,0.061078
560,1,0.177775,0.611338,0.210888
561,1,0.965706,0.031265,0.003029
562,1,0.343783,0.162736,0.493481
563,1,0.000325,0.003186,0.996489
564,0,0.000257,0.000265,0.999477
565,1,0.191234,0.135781,0.672985
566,1,0.001064,0.000152,0.998784
567,1,0.004754,0.000452,0.994794
568,0,0.000298,0.000202,0.999500
569,1,0.480668,0.447708,0.071624
570,1,0.972307,0.001236,0.026457
571,1,0.065083,0.117940,0.816977
572,1,0.997277,0.000877,0.001846
573,1,0.993996,0.000635,0.005369
574,0,0.000418,0.000163,0.999420
575,0,0.401362,0.000537,0.598101
576,0,0.000757,0.000176,0.999067
577,1,0.003191,0.000679,0.996130
578,1,0.123347,0.009604,0.867049
579,1,0.675862,0.082335,0.241803
580,1,0.957604,0.000426,0.041970
581,1,0.977577,0.001172,0.021251
582,1,0.996894,0.001088,0.002018
583,0,0.000407,0.000212,0.999381
584,1,0.996736,0.001000,0.002264
585,0,0.000440,0.000222,0.999339
586,0,0.000260,0.001135,0.998605
587,0,0.000274,0.000294,0.999432
588,0,0.000332,0.000190,0.999479
589,0,0.000372,0.000161,0.999467
590,1,0.996355,0.002752,0.000893
591,0,0.000715,0.000150,0.999135
592,0,0.000297,0.000219,0.999484
593,0,0.240664,0.000245,0.759091
594,0,0.000454,0.000150,0.999396
595,1,0.196911,0.000343,0.802745
596,0,0.006845,0.000199,0.992956
597,0,0.001070,0.000150,0.998779
598,1,0.012039,0.000271,0.987690
599,0,0.001060,0.000119,0.998821
600,0,0.000504,0.000141,0.999355
601,0,0.000337,0.000171,0.999492
602,1,0.996731,0.001231,0.002037
603,0,0.000234,0.000344,0.999422
604,0,0.152334,0.000327,0.847339
605,1,0.983459,0.000284,0.016256
606,1,0.586513,0.000301,0.413185
607,1,0.993766,0.000933,0.005301
608,1,0.944258,0.001772,0.053970
609,0,0.000611,0.000144,0.999245
610,0,0.000681,0.000121,0.999198
611,0,0.000247,0.000264,0.999489
612,0,0.000848,0.000161,0.998990
613,0,0.010637,0.000163,0.989201
614,1,0.003202,0.069151,0.927647
615,1,0.000869,0.000150,0.998980
616,1,0.002456,0.024548,0.972996
617,0,0.000431,0.000170,0.999399
618,1,0.776582,0.006123,0.217295
619,0,0.004965,0.000108,0.994927
620,0,0.000306,0.000196,0.999498
621,1,0.985084,0.013958,0.000959
622,1,0.978061,0.000365,0.021574
623,0,0.000289,0.000209,0.999502
624,0,0.013347,0.000151,0.986502
625,1,0.992495,0.004577,0.002928
626,0,0.389958,0.000407,0.609635
627,1,0.164087,0.826454,0.009459
628,0,0.000411,0.000152,0.999436
629,0,0.202429,0.000471,0.797099
630,0,0.001569,0.000192,0.998240
631,1,0.995630,0.000732,0.003638
632,1,0.823289,0.025655,0.151056
633,1,0.620471,0.000592,0.378936
634,0,0.001925,0.000158,0.997917
635,0,0.000289,0.000215,0.999496
636,1,0.235259,0.052137,0.712604
637,0,0.002399,0.000150,0.997452
638,1,0.944916,0.000861,0.054223
639,1,0.000521,0.000210,0.999270
640,0,0.000390,0.000316,0.999294
641,1,0.000287,0.000596,0.999117
642,0,0.000329,0.000186,0.999485
643,0,0.000499,0.000153,0.999348
644,1,0.990699,0.004084,0.005217
645,1,0.000566,0.000202,0.999232
646,1,0.909547,0.000328,0.090125
647,0,0.001140,0.000161,0.998700
648,1,0.412657,0.184521,0.402821
649,0,0.000246,0.000271,0.999483
650,0,0.403125,0.000435,0.596441
651,1,0.000635,0.000585,0.998780
652,0,0.000363,0.000187,0.999450
653,1,0.934282,0.000494,0.065224
654,0,0.000398,0.000170,0.999432
655,1,0.000331,0.000224,0.999445
656,1,0.427869,0.501730,0.070400
657,0,0.002143,0.000120,0.997738
658,0,0.000382,0.000175,0.999444
659,1,0.703605,0.001641,0.294754
660,1,0.000248,0.000540,0.999212
661,1,0.345724,0.056691,0.597585
662,1,0.994880,0.000562,0.004558
663,1,0.967007,0.001101,0.031892
664,1,0.995274,0.001049,0.003678
665,0,0.001512,0.000097,0.998390
666,0,0.000607,0.000142,0.999250
667,0,0.000615,0.000126,0.999259
668,0,0.000892,0.000121,0.998987
669,0,0.000235,0.000340,0.999426
670,1,0.948597,0.049970,0.001432
671,0,0.005711,0.000106,0.994183
672,1,0.007094,0.000253,0.992652
673,1,0.870286,0.004063,0.125651
674,0,0.012917,0.000106,0.986977
675,1,0.245703,0.000432,0.753865
676,0,0.000463,0.000325,0.999212
677,1,0.000310,0.000205,0.999486
678,0,0.002013,0.000116,0.997872
679,1,0.811702,0.000878,0.187420
680,1,0.931358,0.000851,0.067790
681,1,0.016934,0.000303,0.982763
682,1,0.996219,0.001766,0.002015
683,1,0.996727,0.001971,0.001302
684,1,0.992530,0.005814,0.001656
685,0,0.000359,0.000172,0.999469
686,0,0.001088,0.000248,0.998664
687,0,0.000211,0.000396,0.999393
688,1,0.661564,0.305060,0.033376
689,0,0.001187,0.000234,0.998578
690,1,0.062567,0.002018,0.935415
691,1,0.101164,0.334988,0.563848
692,0,0.000773,0.000114,0.999113
693,1,0.063999,0.000441,0.935560
694,1,0.002597,0.000115,0.997288
695,1,0.994906,0.000505,0.004588
696,0,0.000432,0.000155,0.999413
697,1,0.966779,0.025116,0.008105
698,0,0.000708,0.000141,0.999151
699,0,0.000321,0.001339,0.998340
700,0,0.004915,0.000095,0.994989
701,0,0.000791,0.000111,0.999098
702,0,0.000530,0.000181,0.999288
703,0,0.000287,0.000212,0.999501
704,1,0.025700,0.853594,0.120706
705,1,0.708945,0.287736,0.003319
706,1,0.164824,0.829618,0.005558
707,1,0.125271,0.105840,0.768888
708,0,0.000291,0.000210,0.999499
709,1,0.059689,0.000217,0.940093
710,1,0.016498,0.000240,0.983262
711,0,0.000480,0.000225,0.999296
712,1,0.038249,0.000221,0.961531
713,1,0.739591,0.000432,0.259977
714,0,0.000752,0.000178,0.999070
715,1,0.248503,0.004171,0.747327
716,0,0.000254,0.000305,0.999442
717,1,0.993558,0.004519,0.001923
718,1,0.025227,0.694114,0.280659
719,1,0.450204,0.478651,0.071146
720,1,0.404445,0.467772,0.127783
721,0,0.990514,0.000723,0.008763
722,1,0.063874,0.043365,0.892760
723,0,0.861361,0.000287,0.138352
724,1,0.074587,0.903886,0.021527
725,1,0.982154,0.001834,0.016012
726,0,0.000380,0.000169,0.999451
727,1,0.711735,0.002203,0.286062
728,1,0.661967,0.001201,0.336832
729,1,0.936651,0.002822,0.060527
730,0,0.000806,0.000395,0.998799
731,1,0.751136,0.000319,0.248545
732,1,0.001594,0.001254,0.997152
733,1,0.923235,0.000684,0.076082
734,0,0.000503,0.000318,0.999179
735,0,0.000346,0.000184,0.999470
736,1,0.993719,0.000745,0.005536
737,0,0.000649,0.000140,0.999211
738,1,0.040358,0.875829,0.083813
739,1,0.986927,0.000619,0.012453
740,1,0.021581,0.000202,0.978216
741,0,0.001373,0.000138,0.998488
742,0,0.093483,0.000479,0.906038
743,0,0.000387,0.000165,0.999448
744,1,0.997062,0.000910,0.002028
745,0,0.002839,0.000099,0.997062
746,0,0.000316,0.000189,0.999495
747,0,0.000306,0.000203,0.999491
748,0,0.000206,0.000459,0.999335
749,0,0.789300,0.002858,0.207843
750,0,0.000312,0.000226,0.999463
751,1,0.157842,0.822574,0.019583
752,0,0.830575,0.000433,0.168992
753,1,0.637483,0.000850,0.361667
754,0,0.000815,0.000100,0.999085
755,0,0.000606,0.000193,0.999201
756,0,0.991079,0.000474,0.008447
757,0,0.004505,0.000117,0.995379
758,1,0.000519,0.000386,0.999096
759,1,0.959633,0.035554,0.004813
760,1,0.995863,0.003156,0.000981
761,0,0.007038,0.000132,0.992830
762,1,0.952915,0.035978,0.011107
763,1,0.989368,0.000411,0.010221
764,0,0.001012,0.005015,0.993973
765,1,0.840902,0.156989,0.002109
766,1,0.968338,0.028737,0.002925
767,1,0.009192,0.000693,0.990116
768,1,0.991035,0.006532,0.002433
769,0,0.000251,0.000273,0.999476
770,1,0.014565,0.967377,0.018058
771,0,0.000283,0.000343,0.999374
772,0,0.001401,0.000102,0.998497
773,1,0.952683,0.000369,0.046948
774,0,0.003630,0.000286,0.996085
775,1,0.032177,0.000409,0.967415
776,1,0.072074,0.003999,0.923927
777,1,0.015088,0.000266,0.984646
778,1,0.001827,0.009471,0.988703
779,1,0.095726,0.053143,0.851131
780,0,0.003176,0.000096,0.996728
781,1,0.040411,0.894597,0.064992
782,0,0.000414,0.000174,0.999412
783,1,0.958315,0.003015,0.038670
784,1,0.974917,0.000539,0.024544
785,0,0.000255,0.000244,0.999500
786,1,0.080444,0.865773,0.053783
787,0,0.014857,0.000113,0.985030
788,0,0.000278,0.000237,0.999485
789,0,0.000407,0.000169,0.999424
790,0,0.000266,0.000313,0.999421
791,1,0.826433,0.004150,0.169417
792,0,0.000363,0.000176,0.999461
793,1,0.698814,0.158653,0.142533
794,0,0.000245,0.000292,0.999462
795,0,0.003127,0.000099,0.996774
796,1,0.939892,0.007392,0.052717
797,0,0.000427,0.000167,0.999406
798,0,0.000268,0.000236,0.999495
799,0,0.002634,0.000187,0.997179
800,0,0.000396,0.000176,0.999429
801,0,0.000305,0.000343,0.999352
802,1,0.134466,0.005324,0.860210
803,1,0.001485,0.000139,0.998375
804,0,0.004775,0.000103,0.995122
805,1,0.785096,0.002247,0.212658
806,1,0.857334,0.000305,0.142361
807,0,0.000374,0.000172,0.999454
808,1,0.398874,0.000536,0.600589
809,0,0.000285,0.000205,0.999510
810,1,0.903246,0.001778,0.094976
811,0,0.668186,0.000343,0.331471
812,0,0.000332,0.000216,0.999452
813,0,0.001514,0.000232,0.998254
814,1,0.046452,0.928282,0.025266
815,0,0.001397,0.000120,0.998484
816,1,0.709211,0.000651,0.290137
817,1,0.017454,0.000302,0.982245
818,1,0.001094,0.000230,0.998676
819,0,0.001903,0.000091,0.998006
820,1,0.994589,0.004039,0.001372
821,0,0.000610,0.000211,0.999179
822,1,0.844402,0.153256,0.002342
823,1,0.995259,0.001110,0.003632
824,0,0.000267,0.000252,0.999481
825,0,0.001078,0.000212,0.998711
826,0,0.000225,0.001353,0.998422
827,1,0.992367,0.002670,0.004963
828,0,0.068831,0.000174,0.930995
829,1,0.991307,0.000531,0.008162
830,1,0.010711,0.000132,0.989157
831,1,0.013615,0.001721,0.984664
832,0,0.002846,0.000114,0.997040
833,0,0.004621,0.000123,0.995257
834,0,0.001040,0.000124,0.998836
835,1,0.088261,0.005485,0.906254
836,1,0.956508,0.000695,0.042797
837,0,0.001224,0.000108,0.998668
838,0,0.003528,0.000111,0.996361
839,1,0.001084,0.031203,0.967713
840,0,0.000279,0.000334,0.999386
841,0,0.000276,0.000228,0.999496
842,1,0.056752,0.000384,0.942864
843,1,0.958416,0.000980,0.040604
844,0,0.000272,0.000236,0.999492
845,1,0.994734,0.003986,0.001281
846,0,0.710561,0.000834,0.288605
847,1,0.994039,0.000894,0.005067
848,1,0.996234,0.001681,0.002085
849,0,0.000622,0.000172,0.999206
850,0,0.001291,0.000100,0.998609
851,1,0.994480,0.000786,0.004734
852,1,0.995582,0.000850,0.003568
853,0,0.564594,0.000679,0.434727
854,1,0.232670,0.000361,0.766970
855,0,0.941406,0.000433,0.058161
856,0,0.003760,0.000123,0.996116
857,1,0.134535,0.000520,0.864945
858,1,0.000669,0.000142,0.999189
859,0,0.002839,0.000119,0.997042
860,1,0.723597,0.215132,0.061271
861,1,0.001189,0.000119,0.998692
862,1,0.243053,0.000266,0.756681
863,0,0.000521,0.007090,0.992390
864,1,0.911114,0.031521,0.057365
865,1,0.354591,0.000367,0.645042
866,0,0.001646,0.000107,0.998247
867,0,0.000226,0.000432,0.999341
868,1,0.011070,0.002103,0.986827
869,1,0.025736,0.000919,0.973345
870,0,0.000336,0.000199,0.999465
871,1,0.231795,0.009867,0.758338
872,1,0.958433,0.004642,0.036925
873,0,0.003441,0.000098,0.996461
874,0,0.000988,0.000118,0.998894
875,0,0.002511,0.000101,0.997388
876,0,0.000407,0.000171,0.999422
877,0,0.000343,0.000212,0.999444
878,0,0.000685,0.000143,0.999172
879,1,0.000411,0.000323,0.999266
880,0,0.000262,0.000246,0.999492
881,1,0.706612,0.000588,0.292801
882,1,0.857171,0.054731,0.088098
883,0,0.000303,0.000211,0.999485
884,1,0.375900,0.402696,0.221404
885,1,0.879127,0.000846,0.120027
886,0,0.000233,0.000370,0.999397
887,1,0.048244,0.000297,0.951459
888,1,0.001421,0.000142,0.998437
889,0,0.000376,0.000882,0.998743
890,1,0.993959,0.003569,0.002472
891,1,0.990913,0.006420,0.002667
892,0,0.000257,0.000336,0.999407
893,1,0.218342,0.000408,0.781250
894,1,0.002827,0.000862,0.996311
895,1,0.991803,0.000844,0.007352
896,1,0.994665,0.000711,0.004624
897,0,0.003766,0.000280,0.995954
898,0,0.000359,0.000166,0.999475
899,0,0.000482,0.000151,0.999366
900,0,0.000942,0.000165,0.998893
901,0,0.000375,0.000174,0.999451
902,1,0.932673,0.000880,0.066447
903,1,0.050343,0.460171,0.489486
904,1,0.468188,0.002313,0.529499
905,1,0.216627,0.001807,0.781565
906,1,0.181805,0.001313,0.816883
907,0,0.039154,0.000223,0.960623
908,1,0.004581,0.000329,0.995090
909,0,0.002071,0.000151,0.997778
910,0,0.002789,0.000098,0.997113
911,1,0.996364,0.002169,0.001467
912,1,0.931618,0.001241,0.067141
913,0,0.086332,0.000182,0.913486
914,1,0.440102,0.001184,0.558714
915,1,0.003071,0.000260,0.996670
916,1,0.967117,0.005040,0.027843
917,0,0.000228,0.000328,0.999444
918,1,0.046845,0.005253,0.947902
919,0,0.001040,0.000115,0.998845
920,1,0.511999,0.000468,0.487533
921,0,0.000237,0.000436,0.999327
922,1,0.422525,0.022345,0.555130
923,0,0.000291,0.000214,0.999495
924,0,0.000373,0.000185,0.999442
925,0,0.000231,0.000339,0.999431
926,0,0.073636,0.000248,0.926116
927,1,0.958441,0.000348,0.041211
928,1,0.073634,0.898658,0.027707
929,0,0.000357,0.000176,0.999466
930,0,0.012860,0.000126,0.987014
931,1,0.723308,0.002305,0.274387
932,0,0.000459,0.000148,0.999393
933,1,0.984793,0.000358,0.014849
934,0,0.598673,0.000371,0.400956
935,1,0.697493,0.288836,0.013672
936,0,0.000744,0.000112,0.999145
937,0,0.000423,0.000149,0.999429
938,1,0.033531,0.939074,0.027394
939,1,0.007953,0.000551,0.991496
940,0,0.001602,0.000116,0.998282
941,0,0.494084,0.000463,0.505453
942,0,0.000249,0.000272,0.999479
943,1,0.225984,0.008290,0.765726
944,1,0.091899,0.023439,0.884661
945,0,0.474245,0.001377,0.524377
946,1,0.988951,0.006967,0.004081
947,1,0.003450,0.000185,0.996364
948,0,0.000432,0.000153,0.999415
949,0,0.013772,0.000132,0.986096
950,0,0.049027,0.000291,0.950682
951,1,0.607752,0.000499,0.391749
952,1,0.996210,0.002687,0.001103
953,0,0.000289,0.000203,0.999508
954,1,0.000310,0.000946,0.998744
955,1,0.704761,0.026153,0.269087
956,0,0.000371,0.000362,0.999266
957,0,0.000435,0.000164,0.999401
958,1,0.104186,0.200199,0.695615
959,0,0.000223,0.000398,0.999379
960,0,0.000396,0.000161,0.999443
961,1,0.018036,0.016582,0.965382
962,0,0.012438,0.000174,0.987388
963,0,0.005600,0.000187,0.994212
964,1,0.986824,0.001823,0.011352
965,0,0.000387,0.000159,0.999454
966,1,0.002790,0.000145,0.997066
967,1,0.003292,0.055289,0.941418
968,1,0.996273,0.000577,0.003151
969,1,0.000752,0.000205,0.999042
970,1,0.712119,0.005400,0.282481
971,1,0.004730,0.000693,0.994577
972,1,0.820853,0.000346,0.178800
973,0,0.000289,0.000220,0.999491
974,0,0.001059,0.000126,0.998815
975,0,0.000291,0.000261,0.999449
976,0,0.000463,0.000155,0.999382
977,1,0.593979,0.009752,0.396269
978,1,0.000640,0.001024,0.998337
979,0,0.000653,0.000297,0.999049
980,1,0.155137,0.487629,0.357234
981,1,0.147881,0.809517,0.042602
982,0,0.000397,0.000181,0.999422
983,0,0.000650,0.000129,0.999221
984,1,0.002618,0.000363,0.997019
985,1,0.981984,0.000481,0.017535
986,1,0.000461,0.000238,0.999300
987,1,0.000256,0.000311,0.999433
988,0,0.011496,0.000185,0.988319
989,1,0.000915,0.000131,0.998954
990,0,0.002488,0.000102,0.997410
991,1,0.923634,0.001374,0.074992
992,1,0.002429,0.000220,0.997352
993,1,0.854696,0.102932,0.042372
994,0,0.045827,0.000147,0.954026
995,0,0.801687,0.001800,0.196513
996,1,0.948250,0.000743,0.051007
997,0,0.000602,0.000125,0.999273
998,1,0.946787,0.000368,0.052845
999,1,0.002488,0.000129,0.997383
1000,1,0.315799,0.004539,0.679661
1001,0,0.591915,0.000573,0.407512
1002,0,0.000369,0.000162,0.999470
1003,0,0.000320,0.000208,0.999471
1004,1,0.687987,0.033011,0.279002
1005,1,0.015100,0.000427,0.984474
1006,1,0.994249,0.000702,0.005049
1007,0,0.000689,0.000339,0.998971
1008,1,0.415321,0.038995,0.545684
1009,1,0.562294,0.001579,0.436128
1010,0,0.000366,0.000177,0.999457
1011,1,0.957676,0.000609,0.041715
1012,0,0.000486,0.000155,0.999359
1013,1,0.996079,0.000858,0.003063
1014,1,0.465322,0.000659,0.534019
1015,0,0.000279,0.000220,0.999502
1016,0,0.002954,0.000100,0.996946
1017,0,0.089820,0.000238,0.909942
1018,1,0.948111,0.002039,0.049849
1019,1,0.994446,0.004194,0.001360
1020,1,0.001012,0.000196,0.998792
1021,0,0.923260,0.004100,0.072641
1022,1,0.441221,0.000609,0.558169
1023,0,0.000570,0.000172,0.999258
1024,1,0.025096,0.000261,0.974643
1025,1,0.966739,0.000556,0.032705
1026,1,0.001778,0.000350,0.997872
1027,0,0.005282,0.000101,0.994617
1028,0,0.000291,0.000232,0.999477
1029,1,0.588255,0.000425,0.411320
1030,1,0.362716,0.627534,0.009750
1031,1,0.995918,0.000719,0.003363
1032,1,0.000642,0.000147,0.999210
1033,1,0.974783,0.020385,0.004831
1034,0,0.001178,0.000114,0.998708
1035,1,0.996794,0.001270,0.001936
1036,0,0.002611,0.000210,0.997179
1037,0,0.003727,0.000132,0.996141
1038,1,0.707556,0.147237,0.145207
1039,1,0.722287,0.005873,0.271840
1040,0,0.000451,0.000211,0.999337
1041,1,0.000240,0.000507,0.999252
1042,0,0.166005,0.000650,0.833345
1043,0,0.000419,0.000160,0.999421
1044,0,0.000377,0.000195,0.999428
1045,0,0.002555,0.000130,0.997316
1046,1,0.812845,0.000311,0.186844
1047,0,0.032021,0.000128,0.967851
1048,0,0.000929,0.000153,0.998918
1049,0,0.003070,0.000114,0.996816
1050,0,0.041499,0.000276,0.958225
1051,1,0.996852,0.001779,0.001370
1052,1,0.857515,0.058882,0.083604
1053,0,0.165517,0.000292,0.834191
1054,1,0.982017,0.004062,0.013921
1055,1,0.545472,0.000325,0.454203
1056,1,0.591611,0.264734,0.143656
1057,0,0.000364,0.000187,0.999449
1058,0,0.002459,0.000185,0.997356
1059,0,0.001313,0.000100,0.998588
1060,1,0.480190,0.000417,0.519393
1061,1,0.994263,0.001516,0.004221
1062,1,0.989258,0.001417,0.009325
1063,1,0.141142,0.064172,0.794685
1064,1,0.863990,0.125752,0.010257
1065,1,0.978181,0.000395,0.021424
1066,0,0.000304,0.000223,0.999473
1067,1,0.095826,0.101043,0.803131
1068,0,0.000285,0.000225,0.999490
1069,1,0.983415,0.000537,0.016048
1070,1,0.385176,0.000963,0.613862
1071,1,0.460693,0.000494,0.538813
1072,0,0.100004,0.000518,0.899478
1073,0,0.276672,0.000470,0.722858
1074,0,0.000420,0.000152,0.999428
1075,0,0.000828,0.000149,0.999023
1076,0,0.000239,0.000315,0.999446
1077,1,0.882994,0.103546,0.013460
1078,1,0.002500,0.000191,0.997308
1079,0,0.000407,0.000178,0.999416
1080,0,0.986058,0.000326,0.013616
1081,1,0.488093,0.198228,0.313679
1082,0,0.000310,0.000187,0.999503
1083,1,0.990783,0.000845,0.008371
1084,0,0.000334,0.000187,0.999479
1085,1,0.062422,0.000464,0.937114
1086,1,0.941162,0.013315,0.045523
1087,1,0.003629,0.001596,0.994775
1088,1,0.996268,0.002003,0.001729
1089,1,0.000348,0.000373,0.999279
1090,1,0.223089,0.004160,0.772751
1091,0,0.000391,0.000171,0.999438
1092,0,0.000301,0.000240,0.999458
1093,0,0.000292,0.000283,0.999426
1094,1,0.996535,0.002468,0.000997
1095,0,0.000409,0.000156,0.999435
1096,0,0.001106,0.000107,0.998786
1097,1,0.015049,0.000710,0.984241
1098,1,0.531709,0.000389,0.467902
1099,0,0.413813,0.000747,0.585440
1100,1,0.994035,0.000668,0.005297
1101,0,0.458984,0.001971,0.539045
1102,1,0.007051,0.000867,0.992082
1103,0,0.000225,0.000369,0.999406
1104,1,0.794156,0.000442,0.205401
1105,0,0.000438,0.000174,0.999388
1106,0,0.006959,0.000128,0.992914
1107,0,0.000333,0.000173,0.999494
1108,0,0.004066,0.000095,0.995839
1109,1,0.095661,0.895172,0.009167
1110,1,0.733812,0.007971,0.258216
1111,1,0.048871,0.000475,0.950654
1112,1,0.695231,0.159595,0.145174
1113,1,0.980833,0.000487,0.018680
1114,0,0.058638,0.000230,0.941132
1115,1,0.734596,0.001392,0.264013
1116,0,0.000424,0.000359,0.999217
1117,0,0.000287,0.000308,0.999405
1118,0,0.000555,0.000154,0.999291
1119,1,0.181306,0.421190,0.397503
1120,1,0.001111,0.001018,0.997871
1121,0,0.000243,0.000275,0.999482
1122,0,0.000259,0.000389,0.999353
1123,1,0.000457,0.000444,0.999099
1124,1,0.590788,0.226941,0.182271
1125,1,0.984645,0.001300,0.014056
1126,0,0.000328,0.000184,0.999488
1127,0,0.000351,0.000171,0.999479
1128,0,0.000285,0.000211,0.999505
1129,0,0.016229,0.000174,0.983597
1130,0,0.001267,0.000109,0.998624
1131,0,0.000498,0.000153,0.999348
1132,0,0.000236,0.000522,0.999242
1133,1,0.228804,0.321345,0.449850
1134,0,0.000664,0.000162,0.999174
1135,0,0.004466,0.000153,0.995380
1136,0,0.003180,0.000111,0.996709
1137,0,0.000238,0.000281,0.999481
1138,0,0.000458,0.000138,0.999404
1139,1,0.974940,0.000377,0.024683
1140,1,0.151505,0.844366,0.004128
1141,0,0.000311,0.000222,0.999467
1142,1,0.222981,0.756727,0.020292
1143,0,0.000788,0.000183,0.999029
1144,0,0.001266,0.000166,0.998568
1145,1,0.021736,0.000385,0.977879
1146,1,0.704251,0.030533,0.265216
1147,0,0.000286,0.000218,0.999495
1148,0,0.000307,0.000189,0.999504
1149,1,0.997218,0.001295,0.001486
1150,1,0.184431,0.008709,0.806860
1151,0,0.168864,0.000262,0.830875
1152,1,0.143144,0.000519,0.856337
1153,0,0.000338,0.000172,0.999490
1154,1,0.984713,0.001111,0.014176
1155,0,0.000336,0.000247,0.999417
1156,1,0.994638,0.000600,0.004762
1157,0,0.000368,0.000179,0.999453
1158,1,0.148550,0.000636,0.850815
1159,0,0.006881,0.000134,0.992985
1160,1,0.913852,0.000920,0.085228
1161,1,0.000560,0.000237,0.999203
1162,1,0.014367,0.000993,0.984640
1163,1,0.003330,0.000214,0.996455
1164,1,0.927651,0.004573,0.067776
1165,0,0.000586,0.000179,0.999236
1166,0,0.000239,0.000271,0.999490
1167,1,0.000324,0.000223,0.999453
1168,0,0.000321,0.000463,0.999216
1169,0,0.000340,0.003326,0.996334
1170,1,0.303909,0.001204,0.694888
1171,0,0.000302,0.000203,0.999495
1172,1,0.000301,0.000657,0.999042
1173,1,0.777608,0.117324,0.105068
1174,1,0.743895,0.003941,0.252164
1175,1,0.000672,0.000673,0.998655
1176,0,0.000318,0.000201,0.999481
1177,1,0.958167,0.000527,0.041307
1178,0,0.000598,0.000129,0.999273
1179,0,0.000315,0.000205,0.999479
1180,1,0.150524,0.007891,0.841584
1181,1,0.981672,0.007488,0.010839
1182,1,0.005946,0.000531,0.993523
1183,0,0.000254,0.000272,0.999474
1184,1,0.021914,0.742666,0.235420
1185,0,0.000290,0.000213,0.999497
1186,0,0.000333,0.000206,0.999461
1187,0,0.002330,0.000202,0.997468
1188,0,0.000547,0.000338,0.999115
1189,1,0.972587,0.008466,0.018947
1190,1,0.985591,0.001867,0.012542
1191,1,0.996629,0.001280,0.002091
1192,0,0.170470,0.000245,0.829284
1193,1,0.964888,0.001574,0.033537
1194,0,0.000270,0.000225,0.999505
1195,0,0.008927,0.000103,0.990970
1196,1,0.377288,0.000442,0.622270
1197,1,0.989215,0.000889,0.009897
1198,1,0.905488,0.000941,0.093571
1199,1,0.001461,0.000938,0.997600
1200,0,0.000244,0.000261,0.999495
1201,1,0.018472,0.000303,0.981225
1202,0,0.000226,0.000505,0.999268
1203,0,0.000239,0.000297,0.999464
1204,0,0.000327,0.000195,0.999478
1205,1,0.005771,0.001569,0.992660
1206,0,0.186670,0.000265,0.813065
1207,0,0.000255,0.000330,0.999415
1208,0,0.000760,0.000144,0.999096
1209,0,0.006666,0.000603,0.992730
1210,1,0.002505,0.000187,0.997308
1211,1,0.987068,0.000333,0.012599
1212,1,0.000293,0.000219,0.999488
1213,1,0.992289,0.000671,0.007040
1214,1,0.983152,0.000611,0.016238
1215,1,0.739271,0.000839,0.259890
1216,1,0.994232,0.001177,0.004591
1217,1,0.991952,0.007176,0.000872
1218,1,0.023358,0.002559,0.974083
1219,1,0.823407,0.000461,0.176132
1220,1,0.011715,0.000211,0.988074
1221,0,0.000738,0.000191,0.999071
1222,0,0.000834,0.000114,0.999052
1223,1,0.966235,0.000601,0.033164
1224,1,0.009640,0.438800,0.551560
1225,1,0.000398,0.000799,0.998803
1226,1,0.002129,0.000096,0.997774
1227,1,0.000255,0.000370,0.999374
1228,0,0.003114,0.000159,0.996727
1229,0,0.000616,0.000133,0.999250
1230,1,0.973062,0.001564,0.025375
1231,1,0.501436,0.478063,0.020501
1232,0,0.000335,0.000190,0.999475
1233,1,0.146133,0.010069,0.843798
1234,0,0.010972,0.000109,0.988919
1235,0,0.000552,0.000153,0.999295
1236,0,0.000227,0.000331,0.999442
1237,0,0.000441,0.000165,0.999394
1238,0,0.027694,0.000188,0.972117
1239,0,0.000250,0.000396,0.999355
1240,0,0.000789,0.000121,0.999090
1241,0,0.000378,0.000170,0.999452
1242,1,0.913039,0.000316,0.086645
1243,0,0.339293,0.000546,0.660161
1244,1,0.847491,0.000322,0.152186
1245,0,0.000668,0.000720,0.998612
1246,0,0.000293,0.000209,0.999497
1247,0,0.066084,0.000170,0.933746
1248,1,0.606300,0.357165,0.036535
1249,0,0.001006,0.000124,0.998870
1250,0,0.000249,0.000274,0.999477
1251,1,0.057659,0.925849,0.016492
1252,0,0.112688,0.000591,0.886721
1253,1,0.883681,0.000770,0.115549
1254,1,0.952231,0.013451,0.034318
1255,1,0.011789,0.000279,0.987932
1256,1,0.000386,0.000161,0.999453
1257,0,0.001069,0.000146,0.998785
1258,0,0.000301,0.000403,0.999296
1259,0,0.000492,0.000145,0.999363
1260,1,0.993662,0.001516,0.004822
1261,1,0.005765,0.000180,0.994055
1262,0,0.000434,0.000151,0.999415
1263,1,0.960657,0.000420,0.038922
1264,1,0.008579,0.845116,0.146304
1265,0,0.000837,0.000126,0.999037
1266,0,0.000402,0.000171,0.999427
1267,1,0.032082,0.000179,0.967740
1268,1,0.015750,0.000180,0.984070
1269,1,0.957510,0.006115,0.036375
1270,0,0.000288,0.000213,0.999499
1271,0,0.000370,0.000246,0.999383
1272,0,0.075233,0.000296,0.924471
1273,1,0.975405,0.002490,0.022105
1274,1,0.000642,0.000318,0.999041
1275,0,0.000307,0.000222,0.999471
1276,0,0.000567,0.000132,0.999301
1277,1,0.593928,0.003525,0.402547
1278,1,0.073029,0.916565,0.010406
1279,1,0.897430,0.003461,0.099110
1280,0,0.583925,0.003410,0.412665
1281,0,0.000511,0.000145,0.999344
1282,1,0.001177,0.000811,0.998012
1283,1,0.000299,0.000380,0.999322
1284,0,0.000870,0.000144,0.998986
1285,0,0.002388,0.000138,0.997474
1286,1,0.000331,0.000226,0.999443
1287,0,0.002874,0.000105,0.997021
1288,1,0.079338,0.576460,0.344202
1289,0,0.000257,0.000300,0.999443
1290,0,0.000284,0.000213,0.999503
1291,1,0.988002,0.001928,0.010070
1292,1,0.525087,0.430773,0.044140
1293,1,0.006177,0.164015,0.829808
1294,0,0.000274,0.000229,0.999497
1295,1,0.947890,0.003282,0.048828
1296,1,0.048439,0.944516,0.007045
1297,1,0.669021,0.277529,0.053450
1298,1,0.979915,0.013428,0.006657
1299,1,0.992662,0.004524,0.002814
1300,1,0.991554,0.000642,0.007804
1301,0,0.000245,0.000294,0.999460
1302,1,0.991302,0.000417,0.008281
1303,1,0.928042,0.001353,0.070605
1304,1,0.984380,0.002880,0.012740
1305,0,0.000342,0.000186,0.999472
1306,1,0.996976,0.001666,0.001359
1307,1,0.710324,0.000853,0.288823
1308,1,0.795165,0.001330,0.203505
1309,1,0.997158,0.001199,0.001643
1310,0,0.000858,0.000148,0.998995
1311,1,0.241025,0.000846,0.758130
1312,1,0.018268,0.431114,0.550617
1313,1,0.726261,0.000463,0.273276
1314,1,0.236645,0.001032,0.762323
1315,1,0.486787,0.464198,0.049015
1316,1,0.954353,0.005075,0.040572
1317,1,0.138890,0.000551,0.860559
1318,0,0.000786,0.000133,0.999081
1319,0,0.013843,0.036857,0.949299
1320,1,0.302896,0.000280,0.696824
1321,0,0.000489,0.000147,0.999364
1322,0,0.003000,0.000088,0.996912
1323,1,0.132874,0.661263,0.205863
1324,0,0.003364,0.000123,0.996513
1325,0,0.001910,0.000101,0.997989
1326,0,0.007917,0.000135,0.991948
1327,0,0.000648,0.000165,0.999187
1328,1,0.185083,0.000514,0.814403
1329,1,0.000458,0.000344,0.999198
1330,1,0.000783,0.000129,0.999088
1331,0,0.001792,0.000129,0.998079
1332,1,0.016224,0.000150,0.983626
1333,0,0.000576,0.000131,0.999293
1334,0,0.000638,0.000135,0.999227
1335,0,0.000428,0.000158,0.999415
1336,1,0.960441,0.000661,0.038897
1337,1,0.000375,0.000235,0.999390
1338,0,0.000427,0.000172,0.999400
1339,0,0.000917,0.000130,0.998953
1340,1,0.410746,0.001064,0.588189
1341,0,0.178179,0.031432,0.790389
1342,1,0.002368,0.035953,0.961679
1343,0,0.000242,0.000315,0.999443
1344,1,0.000928,0.000166,0.998907
1345,1,0.000445,0.000479,0.999075
1346,1,0.007617,0.000284,0.992099
1347,1,0.123093,0.051633,0.825274
1348,1,0.037025,0.000400,0.962575
1349,1,0.099679,0.001783,0.898538
1350,1,0.005561,0.003288,0.991152
1351,0,0.000596,0.000134,0.999270
1352,0,0.000343,0.000174,0.999483
1353,1,0.994436,0.000828,0.004736
1354,1,0.496061,0.000568,0.503371
1355,1,0.977467,0.001130,0.021403
1356,1,0.123943,0.417670,0.458387
1357,1,0.000584,0.000675,0.998741
1358,0,0.002269,0.000093,0.997638
1359,0,0.000306,0.000198,0.999495
1360,1,0.997058,0.000683,0.002260
1361,1,0.886728,0.043391,0.069881
1362,1,0.002313,0.000415,0.997272
1363,1,0.963801,0.000891,0.035308
1364,1,0.000258,0.000282,0.999459
1365,0,0.000509,0.000137,0.999354
1366,1,0.037729,0.000362,0.961909
1367,1,0.553879,0.001190,0.444931
1368,1,0.729243,0.000752,0.270005
1369,0,0.001247,0.000145,0.998608
1370,1,0.223411,0.000615,0.775973
1371,0,0.000289,0.000212,0.999499
1372,1,0.991345,0.000529,0.008126
1373,1,0.442280,0.310697,0.247023
1374,0,0.003024,0.000110,0.996866
1375,1,0.690429,0.000372,0.309199
1376,1,0.984192,0.000525,0.015282
1377,0,0.000734,0.000140,0.999126
1378,1,0.982679,0.000360,0.016962
1379,1,0.982679,0.000360,0.016962
1380,0,0.000630,0.000163,0.999207
1381,1,0.996948,0.000672,0.002380
1382,0,0.000221,0.000407,0.999372
1383,1,0.989897,0.001325,0.008778
1384,1,0.031741,0.000419,0.967839
1385,0,0.021889,0.000316,0.977795
1386,0,0.000218,0.000445,0.999337
1387,1,0.993887,0.000603,0.005510
1388,0,0.000237,0.000309,0.999454
1389,1,0.126876,0.864197,0.008928
1390,0,0.000487,0.000156,0.999357
1391,1,0.985749,0.001235,0.013016
1392,1,0.695611,0.015609,0.288779
1393,0,0.000280,0.000220,0.999500
1394,1,0.991122,0.000351,0.008528
1395,0,0.000502,0.000206,0.999292
1396,1,0.996278,0.001398,0.002324
1397,1,0.009632,0.000808,0.989560
1398,0,0.000840,0.000131,0.999029
1399,1,0.258925,0.006644,0.734431
1400,0,0.001316,0.000118,0.998567
1401,1,0.024609,0.013123,0.962269
1402,0,0.000754,0.000150,0.999096
1403,1,0.804700,0.000256,0.195045
1404,1,0.996594,0.002414,0.000992
1405,0,0.000338,0.000174,0.999488
1406,1,0.009686,0.013961,0.976353
1407,0,0.000483,0.000180,0.999337
1408,1,0.001116,0.009145,0.989739
1409,1,0.322985,0.653118,0.023897
1410,0,0.000820,0.000235,0.998944
1411,0,0.000288,0.000231,0.999481
1412,0,0.000433,0.000142,0.999425
1413,0,0.000355,0.000162,0.999483
1414,0,0.290221,0.000596,0.709183
1415,1,0.730181,0.002252,0.267568
1416,1,0.976532,0.007902,0.015567
1417,1,0.989139,0.000353,0.010508
1418,0,0.000281,0.000230,0.999489
1419,0,0.000472,0.000147,0.999381
1420,0,0.000312,0.000210,0.999478
1421,0,0.000372,0.000177,0.999451
1422,1,0.994809,0.000985,0.004206
1423,1,0.531966,0.001015,0.467018
1424,0,0.000746,0.000124,0.999130
1425,0,0.010388,0.000116,0.989496
1426,1,0.993392,0.001100,0.005507
1427,1,0.001467,0.000290,0.998243
1428,0,0.000360,0.000184,0.999456
1429,1,0.000568,0.000872,0.998560
1430,1,0.738809,0.001051,0.260139
1431,1,0.123606,0.000382,0.876013
1432,1,0.008422,0.000179,0.991400
1433,0,0.000238,0.000552,0.999210
1434,0,0.000647,0.000152,0.999201
1435,0,0.003416,0.000095,0.996488
1436,1,0.588813,0.000749,0.410439
1437,0,0.027757,0.000160,0.972083
1438,0,0.007495,0.000101,0.992404
1439,0,0.019785,0.002228,0.977987
1440,0,0.001373,0.000095,0.998532
1441,0,0.000392,0.000197,0.999411
1442,0,0.073094,0.000215,0.926691
1443,0,0.000834,0.000126,0.999040
1444,1,0.031390,0.000344,0.968266
1445,1,0.005860,0.000134,0.994006
1446,1,0.954259,0.000327,0.045415
1447,1,0.307776,0.000521,0.691703
1448,1,0.020064,0.000301,0.979635
1449,0,0.980585,0.000397,0.019018
1450,1,0.362877,0.000428,0.636695
1451,0,0.000398,0.000161,0.999440
1452,1,0.943631,0.043958,0.012411
1453,1,0.994269,0.000553,0.005178
1454,1,0.963470,0.003570,0.032960
1455,1,0.993082,0.003656,0.003262
1456,1,0.375307,0.590490,0.034203
1457,1,0.009649,0.001059,0.989291
1458,1,0.994963,0.002209,0.002828
1459,1,0.002198,0.000606,0.997195
1460,1,0.993401,0.001955,0.004645
1461,1,0.024214,0.000319,0.975468
1462,1,0.994555,0.000543,0.004902
1463,0,0.035917,0.000197,0.963886
1464,0,0.030064,0.000313,0.969623
1465,0,0.000381,0.000171,0.999448
1466,1,0.006355,0.000523,0.993122
1467,0,0.003093,0.000115,0.996792
1468,1,0.980979,0.008241,0.010780
1469,0,0.001891,0.000100,0.998009
1470,1,0.956202,0.014863,0.028935
1471,1,0.951710,0.002004,0.046286
1472,0,0.001122,0.000109,0.998769
1473,1,0.997147,0.000944,0.001909
1474,1,0.996283,0.002595,0.001122
1475,0,0.001650,0.000165,0.998185
1476,1,0.983245,0.001948,0.014807
1477,1,0.986622,0.000371,0.013007
1478,1,0.000295,0.001404,0.998301
1479,0,0.001519,0.000107,0.998374
1480,1,0.000273,0.000325,0.999402
1481,0,0.020421,0.000197,0.979382
1482,1,0.038379,0.001733,0.959887
1483,1,0.257274,0.056870,0.685856
1484,0,0.000686,0.000147,0.999167
1485,1,0.992605,0.000522,0.006873
1486,0,0.001062,0.000114,0.998824
1487,1,0.801317,0.002955,0.195728
1488,0,0.000663,0.000117,0.999220
1489,1,0.936742,0.005871,0.057388
1490,1,0.001455,0.000331,0.998214
1491,1,0.000256,0.000406,0.999338
1492,0,0.000326,0.000198,0.999476
1493,1,0.013200,0.944346,0.042454
1494,1,0.987561,0.002579,0.009860
1495,1,0.077036,0.000374,0.922589
1496,1,0.001215,0.000923,0.997862
1497,1,0.111568,0.845795,0.042637
1498,0,0.000316,0.000193,0.999490
1499,1,0.005934,0.000122,0.993944
1500,0,0.000748,0.000117,0.999135
1501,1,0.211799,0.000439,0.787762
1502,1,0.000565,0.000128,0.999306
1503,0,0.004483,0.000110,0.995407
1504,1,0.006783,0.000111,0.993106
1505,1,0.026873,0.000166,0.972961
1506,1,0.068347,0.000322,0.931332
1507,0,0.000499,0.000154,0.999348
1508,1,0.971077,0.001036,0.027887
1509,1,0.994130,0.004435,0.001434
1510,1,0.865149,0.000408,0.134443
1511,0,0.000280,0.000222,0.999498
1512,0,0.000601,0.000128,0.999272
1513,0,0.000268,0.000249,0.999483
1514,1,0.141775,0.000506,0.857719
1515,1,0.882799,0.001641,0.115560
1516,0,0.000260,0.000258,0.999482
1517,1,0.772196,0.021067,0.206737
1518,1,0.993785,0.004424,0.001791
1519,0,0.006875,0.000129,0.992997
1520,1,0.995913,0.000581,0.003506
1521,0,0.000747,0.000135,0.999117
1522,1,0.001511,0.004871,0.993618
1523,1,0.995527,0.000755,0.003717
1524,0,0.000829,0.000115,0.999055
1525,0,0.000465,0.000133,0.999402
1526,0,0.040324,0.000833,0.958843
1527,1,0.000667,0.018511,0.980822
1528,0,0.000721,0.000414,0.998865
1529,0,0.000268,0.000287,0.999445
1530,0,0.000232,0.000325,0.999443
1531,1,0.990726,0.001191,0.008082
1532,1,0.995795,0.000687,0.003517
1533,0,0.000629,0.000129,0.999242
1534,1,0.002429,0.000135,0.997437
1535,1,0.001013,0.000604,0.998382
1536,1,0.579477,0.000559,0.419964
1537,0,0.000656,0.000129,0.999214
1538,0,0.000343,0.000180,0.999477
1539,0,0.000479,0.000144,0.999377
1540,1,0.996614,0.000900,0.002486
1541,1,0.995307,0.000548,0.004145
1542,0,0.001091,0.000111,0.998798
1543,0,0.034437,0.000249,0.965314
1544,1,0.002824,0.000166,0.997010
1545,1,0.928003,0.000315,0.071682
1546,0,0.000639,0.000142,0.999218
1547,0,0.000706,0.000118,0.999177
1548,0,0.013119,0.000122,0.986759
1549,1,0.131143,0.000276,0.868581
1550,1,0.223558,0.001286,0.775156
1551,1,0.981796,0.000616,0.017587
1552,0,0.000356,0.000180,0.999464
1553,1,0.347339,0.000502,0.652159
1554,1,0.007856,0.000663,0.991480
1555,1,0.993987,0.005084,0.000929
1556,1,0.715621,0.000605,0.283775
1557,0,0.000304,0.000223,0.999472
1558,1,0.000288,0.001031,0.998682
1559,0,0.000979,0.000268,0.998753
1560,1,0.152789,0.000710,0.846501
1561,1,0.665657,0.001022,0.333321
1562,0,0.079355,0.000182,0.920462
1563,0,0.000354,0.000203,0.999443
1564,0,0.031500,0.000218,0.968282
1565,0,0.003213,0.000106,0.996681
1566,0,0.000358,0.000160,0.999482
1567,0,0.008017,0.000112,0.991871
1568,1,0.885795,0.001583,0.112622
1569,1,0.949128,0.000516,0.050356
1570,0,0.100716,0.000262,0.899022
1571,0,0.000401,0.000178,0.999421
1572,0,0.000652,0.000119,0.999229
1573,0,0.000733,0.000148,0.999120
1574,0,0.000346,0.000191,0.999463
1575,0,0.000540,0.000173,0.999287
1576,1,0.604116,0.000464,0.395419
1577,1,0.006552,0.000189,0.993259
1578,0,0.693534,0.000508,0.305959
1579,1,0.459271,0.042112,0.498617
1580,1,0.504058,0.000586,0.495356
1581,0,0.000575,0.000138,0.999287
1582,1,0.315661,0.003205,0.681134
1583,1,0.075940,0.010099,0.913961
1584,0,0.001424,0.000138,0.998439
1585,0,0.010137,0.000137,0.989725
1586,0,0.004823,0.000242,0.994935
1587,0,0.000492,0.000156,0.999353
1588,0,0.001436,0.000108,0.998456
1589,0,0.003595,0.000108,0.996297
1590,1,0.482323,0.162154,0.355524
1591,1,0.001677,0.000193,0.998131
1592,1,0.994730,0.003168,0.002102
1593,0,0.000332,0.000180,0.999488
1594,0,0.955583,0.000447,0.043970
1595,0,0.000809,0.000112,0.999080
1596,0,0.000365,0.000167,0.999469
1597,1,0.001846,0.000231,0.997923
1598,1,0.991051,0.006281,0.002668
1599,0,0.002423,0.000378,0.997198
1600,0,0.017534,0.000157,0.982309
1601,1,0.114554,0.000318,0.885128
1602,0,0.000358,0.000187,0.999455
1603,1,0.933229,0.000558,0.066214
1604,0,0.000753,0.000116,0.999131
1605,1,0.007114,0.000570,0.992316
1606,0,0.000385,0.000176,0.999439
1607,0,0.001426,0.000104,0.998470
1608,1,0.008651,0.000649,0.990700
1609,1,0.480783,0.003745,0.515473
1610,1,0.022572,0.000534,0.976894
1611,1,0.982366,0.000326,0.017308
1612,1,0.152728,0.746305,0.100967
1613,0,0.000327,0.000197,0.999476
1614,1,0.984899,0.000525,0.014575
1615,1,0.007528,0.000331,0.992141
1616,1,0.002417,0.000226,0.997357
1617,0,0.037899,0.000229,0.961871
1618,1,0.002425,0.000410,0.997164
1619,1,0.919134,0.011677,0.069189
1620,1,0.987839,0.001219,0.010941
1621,0,0.000412,0.000172,0.999417
1622,0,0.000974,0.000103,0.998923
1623,1,0.016424,0.010647,0.972929
1624,1,0.030973,0.887431,0.081596
1625,0,0.000409,0.000158,0.999433
1626,0,0.977363,0.000290,0.022347
1627,0,0.000307,0.000205,0.999487
1628,1,0.995155,0.001708,0.003138
1629,0,0.000965,0.000131,0.998904
1630,0,0.000224,0.000370,0.999406
1631,0,0.000427,0.000210,0.999363
1632,0,0.067302,0.000212,0.932486
1633,1,0.917502,0.000636,0.081863
1634,1,0.382674,0.107516,0.509810
1635,1,0.310726,0.243743,0.445531
1636,1,0.016099,0.000513,0.983389
1637,1,0.537454,0.050058,0.412487
1638,1,0.912099,0.000468,0.087433
1639,0,0.002317,0.000122,0.997561
1640,0,0.000312,0.000195,0.999493
1641,1,0.901234,0.000548,0.098218
1642,1,0.037028,0.001011,0.961960
1643,0,0.000301,0.000245,0.999454
1644,1,0.808903,0.019136,0.171961
1645,1,0.002849,0.000260,0.996892
1646,0,0.000856,0.000150,0.998994
1647,1,0.002359,0.000211,0.997430
1648,1,0.989094,0.003458,0.007448
1649,1,0.947755,0.000444,0.051800
1650,0,0.001382,0.000110,0.998508
1651,1,0.966839,0.000766,0.032396
1652,0,0.000468,0.000206,0.999326
1653,0,0.000673,0.000114,0.999213
1654,0,0.003179,0.000195,0.996626
1655,1,0.011031,0.003151,0.985819
1656,1,0.002192,0.000327,0.997482
1657,1,0.678173,0.225926,0.095901
1658,1,0.893797,0.000845,0.105358
1659,1,0.000425,0.002173,0.997402
1660,1,0.992269,0.000676,0.007055
1661,0,0.023747,0.000226,0.976027
1662,0,0.003145,0.000125,0.996730
1663,1,0.001523,0.007509,0.990968
1664,1,0.006873,0.000282,0.992845
1665,0,0.000462,0.000145,0.999393
1666,0,0.974172,0.000326,0.025501
1667,0,0.000262,0.000250,0.999488
1668,0,0.051864,0.000184,0.947952
1669,0,0.000436,0.000150,0.999413
1670,1,0.977533,0.002118,0.020349
1671,0,0.000299,0.000212,0.999489
1672,1,0.295492,0.658377,0.046131
1673,1,0.990089,0.000583,0.009328
1674,0,0.995358,0.001659,0.002983
1675,1,0.001423,0.000190,0.998387
1676,0,0.000432,0.000160,0.999408
1677,1,0.001290,0.000599,0.998112
1678,0,0.000970,0.000166,0.998864
1679,0,0.037100,0.000158,0.962742
1680,0,0.000452,0.000141,0.999406
1681,0,0.003381,0.000102,0.996517
1682,1,0.001530,0.000496,0.997974
1683,0,0.000748,0.000142,0.999110
1684,1,0.039798,0.057572,0.902630
1685,1,0.016759,0.000539,0.982703
1686,1,0.985442,0.000357,0.014201
1687,0,0.000313,0.000198,0.999490
1688,0,0.000430,0.000280,0.999290
1689,1,0.608002,0.001498,0.390500
1690,1,0.995724,0.001935,0.002341
1691,1,0.002252,0.000236,0.997512
1692,1,0.913133,0.040933,0.045934
1693,0,0.000325,0.000199,0.999476
1694,1,0.004308,0.002927,0.992765
1695,1,0.997389,0.000719,0.001892
1696,1,0.983182,0.000448,0.016370
1697,0,0.002444,0.000120,0.997435
1698,0,0.001111,0.000119,0.998770
1699,1,0.977077,0.000678,0.022245
1700,0,0.021776,0.000161,0.978062
1701,1,0.948376,0.000815,0.050809
1702,0,0.012038,0.000143,0.987819
1703,0,0.015071,0.000221,0.984708
1704,1,0.012387,0.000271,0.987343
1705,1,0.001031,0.000305,0.998664
1706,0,0.000542,0.000149,0.999309
1707,0,0.000646,0.000115,0.999239
1708,0,0.002830,0.000093,0.997077
1709,0,0.000376,0.000171,0.999452
1710,0,0.333172,0.053229,0.613600
1711,1,0.000274,0.000561,0.999165
1712,1,0.018371,0.000356,0.981273
1713,1,0.003033,0.000208,0.996759
1714,0,0.000359,0.000186,0.999455
1715,0,0.000393,0.000189,0.999417
1716,1,0.752215,0.047203,0.200581
1717,1,0.036943,0.926032,0.037025
1718,1,0.004080,0.000338,0.995582
1719,0,0.000283,0.000220,0.999497
1720,0,0.000486,0.000137,0.999376
1721,1,0.029612,0.001448,0.968940
1722,1,0.919449,0.002723,0.077828
1723,1,0.000476,0.000458,0.999066
1724,0,0.022339,0.000361,0.977301
1725,0,0.000999,0.000116,0.998885
1726,1,0.028307,0.001427,0.970265
1727,0,0.001126,0.000103,0.998771
1728,1,0.001336,0.000404,0.998260
1729,1,0.985393,0.000602,0.014005
1730,0,0.076239,0.000175,0.923586
1731,0,0.000308,0.000205,0.999487
1732,1,0.026638,0.000271,0.973091
1733,1,0.990614,0.003017,0.006370
1734,0,0.000280,0.000250,0.999469
1735,1,0.411707,0.000546,0.587747
1736,1,0.026920,0.937563,0.035517
1737,0,0.031694,0.000202,0.968104
1738,1,0.076358,0.911225,0.012417
1739,1,0.565470,0.222296,0.212233
1740,0,0.000527,0.000141,0.999332
1741,1,0.000398,0.000379,0.999223
1742,1,0.992001,0.000571,0.007428
1743,0,0.000367,0.000161,0.999472
1744,0,0.000321,0.000194,0.999485
1745,0,0.000625,0.000119,0.999256
1746,0,0.164372,0.000241,0.835387
1747,0,0.632067,0.003271,0.364662
1748,0,0.000355,0.000166,0.999479
1749,0,0.009204,0.000153,0.990643
1750,1,0.920108,0.000492,0.079400
1751,1,0.984891,0.011280,0.003829
1752,1,0.065686,0.000321,0.933993
1753,1,0.950406,0.000591,0.049003
1754,0,0.000326,0.000191,0.999483
1755,1,0.000863,0.015420,0.983717
1756,1,0.034785,0.001504,0.963711
1757,1,0.170425,0.000241,0.829334
1758,1,0.006801,0.012443,0.980756
1759,1,0.964682,0.000966,0.034352
1760,1,0.975467,0.000700,0.023833
1761,0,0.000914,0.000183,0.998903
1762,0,0.000251,0.000249,0.999500
1763,0,0.000409,0.000145,0.999446
1764,1,0.868441,0.000419,0.131140
1765,1,0.807889,0.171730,0.020381
1766,1,0.000309,0.000235,0.999456
1767,0,0.846967,0.000290,0.152742
1768,1,0.001091,0.000180,0.998728
1769,1,0.861152,0.135151,0.003698
1770,0,0.000295,0.000201,0.999503
1771,0,0.000265,0.000316,0.999419
1772,1,0.003594,0.001011,0.995395
1773,0,0.074558,0.000181,0.925260
1774,0,0.050093,0.000193,0.949713
1775,1,0.992872,0.000728,0.006400
1776,1,0.116709,0.000365,0.882926
1777,1,0.570220,0.000606,0.429174
1778,1,0.985095,0.000506,0.014400
1779,0,0.000812,0.000111,0.999077
1780,0,0.000320,0.000231,0.999448
1781,1,0.017599,0.002026,0.980376
1782,0,0.000315,0.000200,0.999484
1783,1,0.978533,0.010076,0.011391
1784,1,0.011024,0.000228,0.988747
1785,1,0.976881,0.000694,0.022425
1786,1,0.001520,0.001337,0.997143
1787,0,0.000763,0.000115,0.999122
1788,1,0.897257,0.000308,0.102436
1789,0,0.000559,0.000268,0.999173
1790,0,0.007475,0.000234,0.992291
1791,1,0.002646,0.001126,0.996228
1792,1,0.023365,0.000190,0.976445
1793,1,0.022861,0.000246,0.976892
1794,1,0.408278,0.055533,0.536190
1795,1,0.592232,0.207070,0.200698
1796,1,0.076220,0.004405,0.919374
1797,1,0.000310,0.000343,0.999347
1798,0,0.000625,0.000122,0.999253
1799,1,0.991131,0.000977,0.007893
1800,1,0.990867,0.006776,0.002357
1801,0,0.001643,0.000125,0.998232
1802,0,0.000426,0.000174,0.999399
1803,0,0.001796,0.000103,0.998100
1804,0,0.000718,0.000640,0.998642
1805,1,0.973986,0.010162,0.015852
1806,0,0.000366,0.000187,0.999446
1807,0,0.000741,0.000198,0.999061
1808,0,0.000253,0.000367,0.999380
1809,1,0.100804,0.000421,0.898774
1810,1,0.995834,0.000692,0.003475
1811,0,0.001020,0.000277,0.998702
1812,0,0.972880,0.000472,0.026648
1813,0,0.000317,0.000198,0.999485
1814,0,0.000215,0.000459,0.999326
1815,1,0.733120,0.104696,0.162183
1816,0,0.000640,0.000158,0.999202
1817,0,0.002600,0.000097,0.997302
1818,0,0.000340,0.000211,0.999449
1819,1,0.692634,0.000531,0.306835
1820,0,0.000864,0.000125,0.999011
1821,1,0.068385,0.000380,0.931235
1822,1,0.000401,0.000161,0.999438
1823,0,0.000762,0.000132,0.999106
1824,0,0.000675,0.000126,0.999199
1825,1,0.000598,0.000688,0.998714
1826,1,0.987089,0.008399,0.004512
1827,0,0.014000,0.000173,0.985827
1828,1,0.001886,0.000151,0.997962
1829,0,0.002149,0.000088,0.997764
1830,1,0.000733,0.000200,0.999067
1831,1,0.002919,0.000210,0.996872
1832,1,0.000313,0.000252,0.999435
1833,1,0.002315,0.000170,0.997515
1834,1,0.000602,0.000161,0.999237
1835,1,0.831293,0.164881,0.003826
1836,1,0.996478,0.001548,0.001974
1837,0,0.992109,0.000575,0.007316
1838,0,0.914739,0.000474,0.084787
1839,0,0.000457,0.000136,0.999407
1840,0,0.000486,0.000215,0.999299
1841,1,0.001448,0.000184,0.998368
1842,0,0.000354,0.000186,0.999460
1843,1,0.285933,0.000812,0.713256
1844,1,0.008326,0.000818,0.990856
1845,1,0.158305,0.000253,0.841443
1846,0,0.000658,0.000129,0.999213
1847,1,0.752747,0.001960,0.245293
1848,0,0.005243,0.000159,0.994598
1849,0,0.018072,0.000166,0.981762
1850,0,0.000535,0.000173,0.999292
1851,0,0.000304,0.000364,0.999332
1852,0,0.000333,0.000246,0.999421
1853,0,0.000586,0.000124,0.999289
1854,0,0.003081,0.000095,0.996824
1855,1,0.002146,0.000122,0.997732
1856,1,0.539944,0.001260,0.458796
1857,1,0.821508,0.005497,0.172995
1858,1,0.996047,0.002374,0.001579
1859,1,0.978248,0.000780,0.020971
1860,0,0.000367,0.000166,0.999467
1861,1,0.000319,0.000267,0.999414
1862,0,0.000348,0.000185,0.999467
1863,1,0.991581,0.000591,0.007828
1864,0,0.000245,0.000264,0.999490
1865,1,0.969846,0.001925,0.028229
1866,0,0.000828,0.000114,0.999058
1867,1,0.245268,0.117566,0.637166
1868,0,0.000491,0.000140,0.999369
1869,1,0.134100,0.000472,0.865427
1870,1,0.831355,0.002036,0.166609
1871,1,0.260848,0.001101,0.738051
1872,0,0.000329,0.000178,0.999493
1873,1,0.172433,0.001057,0.826510
1874,0,0.000606,0.000129,0.999264
1875,0,0.000669,0.000132,0.999199
1876,1,0.994946,0.001764,0.003290
1877,0,0.000340,0.000176,0.999484
1878,0,0.000532,0.000162,0.999306
1879,1,0.124471,0.015387,0.860142
1880,1,0.996160,0.002415,0.001425
1881,0,0.027485,0.000249,0.972266
1882,1,0.996186,0.001086,0.002728
1883,0,0.000382,0.000191,0.999428
1884,0,0.000420,0.000168,0.999412
1885,1,0.854635,0.000494,0.144871
1886,1,0.963135,0.001700,0.035165
1887,1,0.008717,0.008297,0.982986
1888,1,0.956092,0.002553,0.041355
1889,1,0.188878,0.000670,0.810451
1890,0,0.179737,0.000675,0.819588
1891,1,0.990362,0.008520,0.001118
1892,0,0.988447,0.000382,0.011171
1893,0,0.000228,0.000680,0.999092
1894,1,0.988001,0.000366,0.011633
1895,0,0.001317,0.000110,0.998573
1896,0,0.001150,0.000094,0.998756
1897,1,0.001136,0.000281,0.998583
1898,0,0.000286,0.000234,0.999480
1899,1,0.572080,0.001776,0.426143
1900,1,0.150533,0.000326,0.849141
1901,0,0.007672,0.000099,0.992229
1902,0,0.000376,0.000174,0.999449
1903,1,0.000392,0.000637,0.998972
1904,1,0.982547,0.001914,0.015539
1905,0,0.013747,0.000105,0.986148
1906,1,0.974196,0.010306,0.015498
1907,0,0.000353,0.000194,0.999453
1908,0,0.001275,0.000107,0.998618
1909,0,0.000862,0.000165,0.998973
1910,0,0.000321,0.000196,0.999483
1911,0,0.000430,0.000180,0.999390
1912,1,0.512754,0.000886,0.486361
1913,0,0.001294,0.000164,0.998543
1914,1,0.000393,0.000188,0.999419
1915,1,0.070846,0.835499,0.093655
1916,1,0.003665,0.000125,0.996209
1917,0,0.000734,0.000118,0.999148
1918,0,0.027145,0.000250,0.972605
1919,0,0.000280,0.000224,0.999496
1920,0,0.011062,0.000159,0.988779
1921,0,0.000855,0.000225,0.998920
1922,1,0.092830,0.000209,0.906960
1923,1,0.039770,0.000900,0.959330
1924,1,0.045757,0.000248,0.953994
1925,0,0.000514,0.000156,0.999330
1926,0,0.000576,0.000193,0.999231
1927,0,0.001309,0.000108,0.998582
1928,1,0.921001,0.000611,0.078387
1929,1,0.935119,0.008092,0.056790
1930,1,0.015908,0.000180,0.983912
1931,0,0.005896,0.000104,0.994000
1932,0,0.000313,0.000229,0.999458
1933,0,0.983636,0.000323,0.016041
1934,0,0.003917,0.000099,0.995983
1935,1,0.006074,0.000557,0.993369
1936,1,0.565498,0.000714,0.433788
1937,0,0.004675,0.000096,0.995230
1938,0,0.000756,0.000119,0.999124
1939,1,0.706107,0.256363,0.037530
1940,0,0.000358,0.000179,0.999464
1941,1,0.995218,0.000417,0.004365
1942,0,0.000313,0.000263,0.999424
1943,0,0.000262,0.000265,0.999473
1944,0,0.000302,0.000209,0.999489
1945,1,0.370613,0.000791,0.628596
1946,1,0.000266,0.001318,0.998416
1947,1,0.548353,0.412753,0.038894
1948,1,0.954967,0.000670,0.044363
1949,0,0.000321,0.000190,0.999489
1950,0,0.000694,0.000155,0.999151
1951,1,0.003270,0.000278,0.996452
1952,0,0.000489,0.000145,0.999366
1953,1,0.025924,0.001125,0.972950
1954,1,0.005228,0.000297,0.994475
1955,1,0.362627,0.000435,0.636938
1956,1,0.045156,0.000405,0.954439
1957,1,0.994526,0.002044,0.003430
1958,1,0.139820,0.000437,0.859743
1959,1,0.996020,0.001901,0.002079
1960,0,0.000450,0.000195,0.999355
1961,1,0.111529,0.000475,0.887996
1962,1,0.895481,0.096508,0.008011
1963,1,0.992044,0.000418,0.007538
1964,0,0.029100,0.000127,0.970773
1965,1,0.154448,0.340961,0.504591
1966,1,0.029092,0.939159,0.031749
1967,0,0.002451,0.000098,0.997451
1968,1,0.963065,0.011428,0.025507
1969,0,0.000695,0.000122,0.999182
1970,0,0.000243,0.000259,0.999498
1971,0,0.000260,0.000245,0.999495
1972,0,0.000275,0.000222,0.999503
1973,0,0.000325,0.000223,0.999453
1974,0,0.000361,0.000204,0.999435
1975,1,0.019323,0.935760,0.044918
1976,1,0.932153,0.000308,0.067539
1977,1,0.997037,0.001602,0.001361
1978,0,0.000491,0.000133,0.999375
1979,0,0.000263,0.000246,0.999492
1980,1,0.995997,0.001797,0.002206
1981,1,0.181420,0.794747,0.023833
1982,1,0.013353,0.019926,0.966721
1983,1,0.000238,0.000339,0.999423
1984,0,0.000573,0.000166,0.999261
1985,0,0.000357,0.000174,0.999469
1986,1,0.053389,0.556216,0.390395
1987,1,0.031930,0.000715,0.967355
1988,0,0.000333,0.000208,0.999459
1989,0,0.004796,0.000097,0.995107
1990,1,0.052766,0.000260,0.946974
1991,0,0.001780,0.000117,0.998103
1992,0,0.000486,0.000139,0.999375
1993,1,0.009723,0.000218,0.990059
1994,0,0.004609,0.000121,0.995269
1995,1,0.008400,0.000722,0.990878
1996,1,0.141541,0.000334,0.858124
1997,1,0.693207,0.000483,0.306309
1998,0,0.000278,0.000266,0.999457
1999,1,0.329982,0.002528,0.667490
2000,0,0.004500,0.000128,0.995372
2001,0,0.000463,0.000155,0.999382
2002,0,0.001019,0.008107,0.990874
2003,0,0.000396,0.000196,0.999408
2004,1,0.001245,0.000138,0.998617
2005,0,0.002202,0.000103,0.997695
2006,0,0.017669,0.000113,0.982218
2007,1,0.950486,0.002159,0.047356
2008,1,0.297339,0.001006,0.701655
2009,1,0.000617,0.000141,0.999243
2010,1,0.648851,0.000786,0.350363
2011,0,0.008818,0.000112,0.991070
2012,1,0.692504,0.299830,0.007666
2013,1,0.002536,0.000109,0.997355
2014,0,0.000656,0.000131,0.999213
2015,0,0.042133,0.000299,0.957568
2016,1,0.027286,0.000156,0.972558
2017,1,0.512037,0.006918,0.481044
2018,0,0.995224,0.000882,0.003894
2019,0,0.000300,0.000201,0.999499
2020,0,0.000254,0.000273,0.999473
2021,1,0.003202,0.000287,0.996511
2022,1,0.001877,0.000836,0.997287
2023,1,0.979787,0.000295,0.019919
2024,0,0.020898,0.000147,0.978956
2025,0,0.547264,0.000446,0.452291
2026,0,0.001214,0.000111,0.998675
2027,1,0.995077,0.000571,0.004352
2028,0,0.000312,0.000206,0.999482
2029,1,0.001010,0.000284,0.998706
2030,0,0.000271,0.000275,0.999454
2031,0,0.000865,0.000168,0.998966
2032,0,0.000301,0.000220,0.999479
2033,1,0.030549,0.000467,0.968984
2034,1,0.005180,0.007545,0.987275
2035,0,0.002550,0.000105,0.997344
2036,0,0.002082,0.000095,0.997823
2037,1,0.015645,0.000218,0.984138
2038,1,0.964906,0.001387,0.033707
2039,0,0.000325,0.000195,0.999481
2040,1,0.968431,0.000827,0.030742
2041,1,0.249268,0.003732,0.747000
2042,0,0.000242,0.000265,0.999493
2043,0,0.001123,0.000131,0.998746
2044,0,0.000369,0.000163,0.999469
2045,0,0.002539,0.000257,0.997204
2046,1,0.645349,0.004934,0.349717
2047,1,0.982680,0.013587,0.003733
2048,1,0.007951,0.000173,0.991876
2049,0,0.000301,0.000421,0.999278
2050,0,0.000454,0.000410,0.999136
2051,1,0.009108,0.318109,0.672783
2052,0,0.000590,0.000135,0.999275
2053,0,0.000249,0.000274,0.999477
2054,1,0.351710,0.002454,0.645836
2055,1,0.045564,0.000672,0.953764
2056,1,0.808957,0.001582,0.189461
2057,1,0.000405,0.000274,0.999321
2058,1,0.005595,0.000623,0.993782
2059,0,0.000798,0.000115,0.999087
2060,1,0.975545,0.000307,0.024148
2061,1,0.172314,0.007361,0.820324
2062,0,0.009470,0.000508,0.990022
2063,0,0.000260,0.000429,0.999311
2064,0,0.000425,0.000156,0.999420
2065,1,0.926435,0.011266,0.062299
2066,1,0.063008,0.695327,0.241666
2067,1,0.563182,0.022630,0.414188
2068,1,0.000605,0.000281,0.999114
2069,1,0.028437,0.000209,0.971354
2070,1,0.000461,0.000166,0.999372
2071,0,0.000388,0.000186,0.999427
2072,1,0.996273,0.001956,0.001772
2073,1,0.494681,0.000435,0.504885
2074,0,0.000956,0.000148,0.998896
2075,1,0.000894,0.000139,0.998967
2076,1,0.247721,0.000332,0.751948
2077,1,0.029725,0.002121,0.968154
2078,1,0.496120,0.110920,0.392961
2079,0,0.003158,0.000122,0.996720
2080,0,0.000239,0.000350,0.999412
2081,1,0.761802,0.000880,0.237318
2082,1,0.019083,0.000126,0.980791
2083,1,0.911956,0.000607,0.087438
2084,0,0.015488,0.000258,0.984254
2085,0,0.001922,0.000098,0.997980
2086,0,0.014165,0.000193,0.985642
2087,0,0.000481,0.000187,0.999332
2088,1,0.072255,0.019734,0.908011
2089,1,0.000306,0.000315,0.999379
2090,0,0.000340,0.000202,0.999457
2091,1,0.020636,0.000183,0.979181
2092,1,0.988930,0.006669,0.004401
2093,0,0.000651,0.000120,0.999229
2094,1,0.178715,0.001173,0.820112
2095,0,0.000464,0.000157,0.999380
2096,0,0.000292,0.000206,0.999502
2097,0,0.000261,0.000243,0.999496
2098,0,0.000666,0.000166,0.999168
2099,0,0.000539,0.000154,0.999306
2100,1,0.032673,0.000316,0.967011
2101,1,0.967351,0.000533,0.032115
2102,0,0.000317,0.000184,0.999499
2103,0,0.000217,0.000464,0.999319
2104,0,0.000410,0.000170,0.999420
2105,0,0.000656,0.000123,0.999221
2106,0,0.000353,0.000240,0.999407
2107,0,0.000369,0.000226,0.999405
2108,1,0.944327,0.049581,0.006091
2109,0,0.000265,0.000258,0.999477
2110,1,0.224404,0.000306,0.775290
2111,1,0.000255,0.000739,0.999005
2112,0,0.000454,0.000154,0.999393
2113,1,0.000294,0.000498,0.999208
2114,0,0.002717,0.000132,0.997152
2115,0,0.000318,0.000193,0.999489
2116,1,0.016961,0.000487,0.982552
2117,1,0.678062,0.000419,0.321519
2118,1,0.608035,0.018354,0.373611
2119,1,0.991051,0.000532,0.008417
2120,0,0.000443,0.000144,0.999413
2121,1,0.996561,0.002060,0.001379
2122,1,0.570587,0.371594,0.057820
2123,0,0.001189,0.000255,0.998556
2124,0,0.000342,0.000210,0.999448
2125,0,0.000735,0.000122,0.999144
2126,1,0.980491,0.000499,0.019011
2127,1,0.001029,0.000144,0.998827
2128,0,0.000380,0.000219,0.999401
2129,0,0.001491,0.000285,0.998224
2130,1,0.052244,0.003239,0.944517
2131,1,0.006565,0.000679,0.992756
2132,1,0.002492,0.000143,0.997364
2133,1,0.007719,0.005467,0.986813
2134,0,0.000470,0.001698,0.997832
2135,0,0.006858,0.000116,0.993026
2136,0,0.056292,0.000280,0.943429
2137,0,0.000290,0.000934,0.998776
2138,1,0.744754,0.000458,0.254788
2139,1,0.970455,0.000466,0.029078
2140,0,0.000430,0.000192,0.999378
2141,0,0.000589,0.000200,0.999212
2142,0,0.000392,0.000161,0.999446
2143,1,0.004382,0.000327,0.995291
2144,0,0.000668,0.000144,0.999188
2145,0,0.003544,0.000101,0.996354
2146,1,0.000918,0.000120,0.998962
2147,0,0.000402,0.000156,0.999441
2148,0,0.000358,0.000184,0.999458
2149,0,0.000432,0.000153,0.999416
2150,1,0.015854,0.000394,0.983753
2151,0,0.652221,0.000391,0.347388
2152,1,0.992403,0.004893,0.002704
2153,0,0.000838,0.000126,0.999036
2154,0,0.000302,0.000196,0.999503
2155,0,0.000419,0.000161,0.999421
2156,1,0.461683,0.000949,0.537368
2157,1,0.924311,0.000712,0.074978
2158,1,0.961249,0.000453,0.038298
2159,1,0.043873,0.002815,0.953312
2160,0,0.385086,0.000585,0.614329
2161,0,0.000363,0.000167,0.999470
2162,1,0.000271,0.000262,0.999466
2163,1,0.857309,0.000314,0.142376
2164,0,0.007664,0.000156,0.992180
2165,0,0.000308,0.000192,0.999500
2166,1,0.019554,0.040410,0.940036
2167,1,0.681327,0.000547,0.318126
2168,0,0.000321,0.000203,0.999476
2169,0,0.002581,0.000159,0.997260
2170,0,0.000511,0.000171,0.999318
2171,0,0.000389,0.000161,0.999450
2172,1,0.799230,0.193328,0.007443
2173,1,0.012545,0.000180,0.987275
2174,0,0.015963,0.000217,0.983819
2175,0,0.000445,0.000145,0.999409
2176,0,0.000459,0.000163,0.999379
2177,0,0.000411,0.000145,0.999445
2178,0,0.000282,0.000216,0.999502
2179,0,0.000857,0.000158,0.998985
2180,1,0.995908,0.003129,0.000963
2181,0,0.200993,0.000251,0.798756
2182,1,0.059418,0.920458,0.020125
2183,0,0.001961,0.000133,0.997906
2184,0,0.001083,0.000158,0.998759
2185,0,0.003177,0.000109,0.996714
2186,0,0.000448,0.000846,0.998706
2187,0,0.000237,0.000279,0.999484
2188,0,0.000328,0.000187,0.999485
2189,1,0.934955,0.012761,0.052284
2190,1,0.662840,0.000356,0.336804
2191,1,0.283548,0.170182,0.546270
2192,0,0.001295,0.000124,0.998581
2193,0,0.081002,0.000292,0.918706
2194,0,0.006498,0.000241,0.993261
2195,1,0.000888,0.000183,0.998929
2196,0,0.000241,0.000285,0.999474
2197,0,0.003911,0.000169,0.995920
2198,0,0.001077,0.000100,0.998824
2199,0,0.003368,0.000143,0.996488
2200,0,0.392344,0.000691,0.606965
2201,1,0.160724,0.000343,0.838933
2202,1,0.000308,0.000347,0.999345
2203,1,0.044806,0.000220,0.954974
2204,0,0.010682,0.000112,0.989205
2205,0,0.000264,0.000247,0.999488
2206,0,0.000851,0.000127,0.999023
2207,0,0.000274,0.000314,0.999411
2208,0,0.302678,0.000430,0.696893
2209,1,0.992402,0.000499,0.007099
2210,0,0.000352,0.000180,0.999468
2211,0,0.000336,0.000187,0.999477
2212,0,0.000288,0.000245,0.999467
2213,0,0.000266,0.000245,0.999489
2214,1,0.610889,0.384151,0.004959
2215,1,0.016294,0.019462,0.964243
2216,1,0.002403,0.000124,0.997473
2217,1,0.002533,0.000150,0.997318
2218,0,0.000425,0.000141,0.999435
2219,1,0.997359,0.000820,0.001820
2220,0,0.003831,0.000099,0.996070
2221,1,0.994365,0.001106,0.004529
2222,1,0.008751,0.000126,0.991123
2223,1,0.196613,0.003081,0.800306
2224,1,0.050853,0.000212,0.948935
2225,0,0.001467,0.000133,0.998401
2226,0,0.001150,0.000115,0.998735
2227,0,0.000463,0.000146,0.999391
2228,0,0.000591,0.000319,0.999089
2229,0,0.000557,0.000492,0.998951
2230,0,0.030015,0.000137,0.969848
2231,1,0.090070,0.000457,0.909473
2232,1,0.360907,0.000437,0.638656
2233,1,0.192253,0.741096,0.066651
2234,0,0.000573,0.000185,0.999242
2235,0,0.146812,0.000960,0.852228
2236,0,0.890230,0.000382,0.109388
2237,1,0.059080,0.871396,0.069524
2238,0,0.976162,0.000395,0.023443
2239,0,0.006671,0.000100,0.993228
2240,0,0.000550,0.000163,0.999288
2241,1,0.151618,0.000219,0.848163
2242,1,0.967374,0.000296,0.032330
2243,0,0.000451,0.000168,0.999381
2244,0,0.000272,0.000264,0.999464
2245,0,0.008823,0.000129,0.991048
2246,1,0.878528,0.006550,0.114923
2247,1,0.012213,0.010008,0.977780
2248,1,0.029038,0.002410,0.968552
2249,0,0.000877,0.000113,0.999010
2250,0,0.028872,0.000137,0.970992
2251,0,0.000240,0.000335,0.999425
2252,1,0.276689,0.028202,0.695109
2253,1,0.084415,0.761154,0.154431
2254,1,0.148983,0.000413,0.850604
2255,1,0.546705,0.270779,0.182515
2256,1,0.012501,0.000130,0.987368
2257,0,0.000218,0.000506,0.999277
2258,0,0.000991,0.000109,0.998900
2259,1,0.037922,0.006996,0.955082
2260,0,0.001449,0.000148,0.998403
2261,1,0.003746,0.000127,0.996127
2262,0,0.001003,0.000105,0.998892
2263,0,0.000502,0.000438,0.999061
2264,0,0.595105,0.000364,0.404531
2265,0,0.000338,0.000209,0.999453
2266,1,0.000505,0.000324,0.999172
2267,1,0.041181,0.000275,0.958544
2268,0,0.000449,0.000163,0.999388
2269,1,0.038322,0.908503,0.053175
2270,0,0.000267,0.000224,0.999509
2271,1,0.995400,0.001367,0.003232
2272,1,0.020045,0.835527,0.144428
2273,1,0.217272,0.707997,0.074732
2274,1,0.741281,0.001797,0.256922
2275,1,0.088992,0.000253,0.910755
2276,1,0.018069,0.006984,0.974947
2277,1,0.000368,0.000253,0.999379
2278,0,0.011070,0.000113,0.988816
2279,0,0.001136,0.000124,0.998740
2280,1,0.046228,0.528477,0.425294
2281,0,0.003289,0.000148,0.996564
2282,0,0.992786,0.000647,0.006567
2283,0,0.000303,0.000218,0.999479
2284,1,0.697693,0.007706,0.294602
2285,1,0.001041,0.000428,0.998531
2286,1,0.298876,0.002530,0.698594
2287,0,0.000292,0.000216,0.999492
2288,1,0.376543,0.000575,0.622883
2289,0,0.002243,0.000192,0.997565
2290,0,0.000383,0.000165,0.999452
2291,1,0.922269,0.001308,0.076423
2292,0,0.000498,0.000149,0.999354
2293,0,0.000437,0.000149,0.999414
2294,0,0.000403,0.000193,0.999404
2295,0,0.000412,0.000152,0.999437
2296,0,0.000315,0.000200,0.999484
2297,1,0.004173,0.018605,0.977222
2298,1,0.434302,0.003886,0.561811
2299,0,0.000759,0.000118,0.999123
2300,1,0.043909,0.001302,0.954789
2301,1,0.018339,0.000229,0.981431
2302,0,0.000403,0.000175,0.999422
2303,1,0.997182,0.001276,0.001542
2304,0,0.002795,0.000135,0.997070
2305,1,0.964230,0.000422,0.035347
2306,1,0.149882,0.018361,0.831757
2307,0,0.015414,0.000122,0.984465
2308,1,0.000495,0.000157,0.999348
2309,1,0.995430,0.001804,0.002766
2310,1,0.001604,0.000276,0.998120
2311,0,0.030968,0.000195,0.968838
2312,0,0.003031,0.000113,0.996856
2313,1,0.021008,0.000163,0.978828
2314,1,0.142902,0.547731,0.309366
2315,1,0.946525,0.000305,0.053170
2316,1,0.996165,0.000481,0.003355
2317,1,0.992194,0.001828,0.005978
2318,0,0.000675,0.000364,0.998961
2319,1,0.007265,0.000295,0.992439
2320,0,0.000323,0.000198,0.999479
2321,0,0.000264,0.000293,0.999444
2322,1,0.883641,0.107547,0.008811
2323,1,0.990369,0.007690,0.001941
2324,1,0.908070,0.007069,0.084861
2325,0,0.002571,0.000139,0.997290
2326,1,0.813406,0.000717,0.185877
2327,0,0.722652,0.000339,0.277009
2328,0,0.001236,0.000126,0.998639
2329,1,0.007386,0.003973,0.988640
2330,1,0.994270,0.003107,0.002623
2331,0,0.000532,0.000202,0.999266
2332,1,0.002549,0.049983,0.947468
2333,0,0.001720,0.000105,0.998175
2334,1,0.013629,0.000284,0.986088
2335,0,0.000324,0.000279,0.999396
2336,1,0.971327,0.000774,0.027898
2337,0,0.005133,0.000104,0.994763
2338,1,0.766092,0.000398,0.233509
2339,0,0.032580,0.000162,0.967258
2340,1,0.214630,0.068493,0.716877
2341,1,0.994260,0.001223,0.004517
2342,0,0.017207,0.000126,0.982667
2343,1,0.074819,0.000268,0.924913
2344,1,0.005823,0.000155,0.994022
2345,1,0.056413,0.000816,0.942772
2346,1,0.962402,0.000509,0.037089
2347,0,0.000602,0.000219,0.999179
2348,1,0.039589,0.003330,0.957081
2349,0,0.000264,0.000248,0.999488
2350,0,0.844233,0.000332,0.155435
2351,0,0.004202,0.000128,0.995669
2352,1,0.000492,0.000394,0.999114
2353,0,0.000265,0.000237,0.999498
2354,0,0.002691,0.000106,0.997204
2355,0,0.783872,0.000597,0.215531
2356,0,0.000300,0.000229,0.999471
2357,1,0.676508,0.004834,0.318658
2358,0,0.000371,0.000166,0.999463
2359,1,0.991929,0.000883,0.007188
2360,0,0.000229,0.001302,0.998468
2361,0,0.000867,0.000115,0.999018
2362,0,0.133021,0.000296,0.866683
2363,1,0.003659,0.000373,0.995967
2364,0,0.037077,0.000173,0.962750
2365,0,0.000347,0.000172,0.999481
2366,1,0.004463,0.104672,0.890865
2367,0,0.000618,0.000122,0.999259
2368,0,0.000607,0.000144,0.999249
2369,0,0.000249,0.000449,0.999303
2370,0,0.000857,0.000115,0.999028
2371,0,0.035837,0.000264,0.963900
2372,1,0.880093,0.000537,0.119370
2373,0,0.000272,0.000244,0.999483
2374,0,0.032430,0.000164,0.967406
2375,1,0.000626,0.000132,0.999242
2376,1,0.982668,0.000831,0.016501
2377,1,0.001695,0.000626,0.997679
2378,1,0.055247,0.704093,0.240661
2379,1,0.023623,0.015961,0.960416
2380,0,0.000270,0.000254,0.999476
2381,1,0.981234,0.003505,0.015261
2382,0,0.239313,0.000253,0.760433
2383,1,0.176111,0.269335,0.554554
2384,0,0.000908,0.000130,0.998963
2385,0,0.806091,0.000387,0.193522
2386,1,0.176848,0.803223,0.019929
2387,1,0.996553,0.001083,0.002364
2388,1,0.996615,0.000867,0.002518
2389,1,0.619562,0.353962,0.026476
2390,1,0.000233,0.000539,0.999228
2391,0,0.000417,0.000197,0.999386
2392,0,0.000249,0.000295,0.999456
2393,0,0.001304,0.000113,0.998583
2394,1,0.002972,0.000133,0.996895
2395,1,0.565594,0.411740,0.022666
2396,0,0.001556,0.000145,0.998299
2397,1,0.251217,0.000753,0.748030
2398,0,0.001314,0.000111,0.998575
2399,0,0.000392,0.000296,0.999312
2400,0,0.000321,0.000590,0.999089
2401,0,0.000378,0.000167,0.999454
2402,0,0.000888,0.000127,0.998985
2403,1,0.490967,0.002298,0.506734
2404,1,0.753314,0.000719,0.245967
2405,0,0.000348,0.000185,0.999468
2406,1,0.001447,0.000121,0.998433
2407,0,0.000941,0.000106,0.998953
2408,0,0.000387,0.000165,0.999449
2409,0,0.053994,0.000180,0.945826
2410,0,0.000367,0.000174,0.999460
2411,1,0.941271,0.035595,0.023134
2412,1,0.707891,0.004336,0.287772
2413,0,0.000404,0.000157,0.999439
2414,0,0.000707,0.000127,0.999166
2415,1,0.041092,0.434498,0.524410
2416,1,0.000500,0.000201,0.999299
2417,0,0.000248,0.000261,0.999491
2418,1,0.131989,0.752528,0.115483
2419,0,0.000250,0.000275,0.999475
2420,1,0.876103,0.000398,0.123499
2421,0,0.000264,0.000353,0.999382
2422,1,0.997096,0.001342,0.001563
2423,0,0.001386,0.000107,0.998506
2424,1,0.873946,0.022520,0.103534
2425,1,0.893180,0.000450,0.106370
2426,1,0.000816,0.000302,0.998882
2427,0,0.000430,0.000140,0.999431
2428,0,0.001859,0.000221,0.997919
2429,0,0.001577,0.000135,0.998288
2430,0,0.989151,0.000605,0.010244
2431,1,0.034632,0.941887,0.023481
2432,0,0.004746,0.000111,0.995142
2433,0,0.000526,0.000270,0.999204
2434,0,0.000394,0.000168,0.999438
2435,1,0.658943,0.002600,0.338457
2436,0,0.001332,0.000109,0.998559
2437,0,0.002562,0.000096,0.997342
2438,0,0.001228,0.000123,0.998649
2439,1,0.168047,0.613502,0.218451
2440,1,0.661746,0.013183,0.325071
2441,1,0.018032,0.755732,0.226236
2442,1,0.071045,0.000703,0.928251
2443,0,0.000315,0.000228,0.999457
2444,0,0.000778,0.000139,0.999083
2445,0,0.000337,0.000167,0.999496
2446,1,0.155044,0.001401,0.843555
2447,0,0.000402,0.000189,0.999408
2448,0,0.017656,0.000817,0.981527
2449,1,0.758452,0.001263,0.240285
2450,1,0.941885,0.000412,0.057703
2451,0,0.000347,0.000186,0.999467
2452,0,0.000381,0.000158,0.999461
2453,1,0.964940,0.001161,0.033899
2454,0,0.314823,0.000819,0.684358
2455,0,0.000323,0.000202,0.999475
2456,1,0.000575,0.001300,0.998125
2457,1,0.009184,0.000622,0.990194
2458,0,0.010536,0.000112,0.989352
2459,0,0.001621,0.000135,0.998244
2460,0,0.000650,0.000222,0.999127
2461,1,0.357216,0.280679,0.362105
2462,1,0.994308,0.001403,0.004289
2463,0,0.134257,0.000261,0.865482
2464,0,0.000381,0.000231,0.999388
2465,1,0.054629,0.929145,0.016226
2466,1,0.440835,0.471032,0.088133
2467,0,0.719403,0.000493,0.280104
2468,0,0.000282,0.000234,0.999483
2469,1,0.116231,0.001211,0.882558
2470,0,0.001956,0.000111,0.997933
2471,1,0.997475,0.001186,0.001339
2472,1,0.000907,0.000520,0.998573
2473,1,0.086296,0.000476,0.913228
2474,0,0.000923,0.000141,0.998935
2475,0,0.001051,0.000277,0.998672
2476,1,0.720598,0.012591,0.266810
2477,1,0.828123,0.000460,0.171417
2478,0,0.000293,0.000274,0.999433
2479,1,0.000332,0.000417,0.999251
2480,1,0.010357,0.003709,0.985934
2481,1,0.603238,0.000820,0.395942
2482,1,0.879041,0.036940,0.084018
2483,1,0.996632,0.001094,0.002274
2484,0,0.000286,0.000220,0.999494
2485,0,0.000536,0.000235,0.999229
2486,0,0.000912,0.000157,0.998931
2487,1,0.176127,0.007899,0.815974
2488,0,0.000398,0.000181,0.999421
2489,0,0.000533,0.000351,0.999116
2490,0,0.013353,0.000133,0.986515
2491,1,0.031065,0.000453,0.968482
2492,0,0.494902,0.000355,0.504743
2493,0,0.000462,0.000180,0.999357
2494,1,0.002338,0.000182,0.997480
2495,1,0.008069,0.000193,0.991738
2496,1,0.001286,0.000101,0.998613
2497,0,0.000674,0.000120,0.999206
2498,0,0.008281,0.000121,0.991598
2499,0,0.001061,0.000110,0.998830
2500,0,0.000290,0.000214,0.999496
2501,1,0.068424,0.000440,0.931136
2502,1,0.995642,0.000859,0.003499
2503,0,0.000306,0.000210,0.999484
2504,1,0.191150,0.000806,0.808044
2505,1,0.000857,0.000369,0.998774
2506,1,0.991648,0.004033,0.004319
2507,0,0.000230,0.000473,0.999298
2508,1,0.961282,0.035294,0.003425
2509,1,0.716487,0.000616,0.282897
2510,0,0.004157,0.000181,0.995662
2511,1,0.991236,0.001575,0.007189
2512,1,0.476079,0.000411,0.523509
2513,1,0.945492,0.001840,0.052668
2514,1,0.714166,0.000486,0.285347
2515,0,0.000640,0.000158,0.999202
2516,0,0.615823,0.000448,0.383729
2517,1,0.049817,0.000214,0.949969
2518,0,0.014462,0.000402,0.985136
2519,1,0.748825,0.000630,0.250546
2520,1,0.708172,0.072590,0.219238
2521,1,0.997573,0.000845,0.001582
2522,1,0.996215,0.000540,0.003245
2523,1,0.989995,0.000937,0.009068
2524,1,0.987691,0.000432,0.011877
2525,1,0.006278,0.000133,0.993589
2526,0,0.642967,0.000371,0.356662
2527,0,0.000402,0.000152,0.999446
2528,1,0.945778,0.004245,0.049977
2529,1,0.020835,0.045465,0.933700
2530,1,0.997134,0.001369,0.001496
2531,0,0.000630,0.000162,0.999207
2532,0,0.000247,0.000263,0.999490
2533,1,0.560698,0.033138,0.406164
2534,0,0.000285,0.000224,0.999491
2535,0,0.000538,0.000162,0.999299
2536,0,0.000995,0.000122,0.998883
2537,1,0.015141,0.000154,0.984706
2538,1,0.996646,0.001750,0.001604
2539,0,0.000273,0.000227,0.999499
2540,1,0.977707,0.004994,0.017298
2541,0,0.000317,0.000219,0.999463
2542,0,0.001131,0.000432,0.998437
2543,0,0.000326,0.000187,0.999487
2544,1,0.993658,0.000588,0.005754
2545,1,0.382631,0.549548,0.067821
2546,1,0.108341,0.849021,0.042639
2547,0,0.000230,0.000309,0.999461
2548,0,0.005160,0.000126,0.994714
2549,0,0.001240,0.000116,0.998644
2550,1,0.722097,0.003917,0.273986
2551,1,0.302110,0.000453,0.697437
2552,1,0.888012,0.072829,0.039160
2553,0,0.084090,0.000324,0.915586
2554,1,0.980383,0.000328,0.019288
2555,0,0.000709,0.000120,0.999171
2556,0,0.015411,0.000124,0.984465
2557,1,0.991956,0.000439,0.007606
2558,0,0.000841,0.000124,0.999036
2559,0,0.000379,0.000172,0.999449
2560,0,0.008494,0.000112,0.991394
2561,0,0.000631,0.000127,0.999242
2562,1,0.005681,0.000177,0.994142
2563,0,0.480701,0.008103,0.511196
2564,0,0.000939,0.000123,0.998938
2565,0,0.000210,0.000583,0.999207
2566,0,0.131674,0.000228,0.868098
2567,1,0.951617,0.044624,0.003760
2568,0,0.000235,0.000369,0.999397
2569,1,0.031408,0.000622,0.967969
2570,0,0.645575,0.000763,0.353662
2571,0,0.000450,0.000140,0.999410
2572,0,0.000512,0.000206,0.999282
2573,1,0.429211,0.273586,0.297203
2574,1,0.674204,0.203027,0.122769
2575,1,0.125966,0.004330,0.869704
2576,1,0.017915,0.806024,0.176061
2577,0,0.000658,0.000190,0.999152
2578,0,0.797414,0.000605,0.201981
2579,1,0.253027,0.002120,0.744854
2580,0,0.000299,0.000208,0.999494
2581,0,0.003004,0.000118,0.996877
2582,1,0.004261,0.000935,0.994804
2583,1,0.050892,0.087813,0.861295
2584,0,0.128285,0.006511,0.865204
2585,1,0.011727,0.000167,0.988105
2586,0,0.006630,0.000111,0.993259
2587,1,0.329897,0.381618,0.288485
2588,1,0.000567,0.001827,0.997605
2589,1,0.001632,0.000105,0.998263
2590,0,0.000386,0.000173,0.999441
2591,0,0.000952,0.000126,0.998922
2592,1,0.086605,0.000292,0.913104
2593,0,0.025556,0.000134,0.974310
2594,1,0.001755,0.000134,0.998111
2595,1,0.996311,0.000919,0.002770
2596,0,0.001248,0.000101,0.998651
2597,0,0.001730,0.000129,0.998141
2598,0,0.000253,0.000255,0.999493
2599,1,0.061209,0.017739,0.921052
2600,1,0.962247,0.000321,0.037431
2601,0,0.001828,0.000126,0.998046
2602,1,0.994445,0.001022,0.004534
2603,1,0.675223,0.002115,0.322662
2604,0,0.002913,0.000119,0.996968
2605,1,0.984867,0.001346,0.013788
2606,0,0.001212,0.000176,0.998611
2607,0,0.007372,0.000122,0.992506
2608,1,0.408437,0.281129,0.310434
2609,0,0.000342,0.000245,0.999413
2610,0,0.000245,0.000395,0.999360
2611,0,0.000238,0.000297,0.999465
2612,0,0.000752,0.000126,0.999122
2613,0,0.006863,0.000127,0.993010
2614,0,0.001342,0.001364,0.997294
2615,0,0.000763,0.000120,0.999117
2616,0,0.000380,0.000253,0.999367
2617,0,0.000316,0.000198,0.999485
2618,0,0.765835,0.000770,0.233395
2619,0,0.001055,0.000112,0.998833
2620,1,0.000550,0.000200,0.999250
2621,1,0.001320,0.000134,0.998546
2622,1,0.889890,0.030158,0.079951
2623,1,0.996512,0.000518,0.002970
2624,1,0.866982,0.015518,0.117499
2625,0,0.000243,0.000294,0.999463
2626,1,0.001810,0.041497,0.956693
2627,0,0.004155,0.006276,0.989569
2628,1,0.000464,0.000200,0.999336
2629,1,0.006702,0.000167,0.993130
2630,0,0.000269,0.000235,0.999496
2631,1,0.981310,0.002510,0.016180
2632,1,0.005611,0.000139,0.994250
2633,0,0.007264,0.000096,0.992640
2634,1,0.980666,0.000519,0.018814
2635,0,0.000248,0.000263,0.999489
2636,1,0.394562,0.593967,0.011471
2637,0,0.948012,0.000288,0.051700
2638,1,0.594371,0.000684,0.404945
2639,0,0.000566,0.000130,0.999303
2640,1,0.505182,0.424296,0.070522
2641,0,0.004915,0.000130,0.994955
2642,0,0.008037,0.000128,0.991834
2643,1,0.003619,0.000203,0.996178
2644,1,0.006977,0.000142,0.992880
2645,0,0.000358,0.000175,0.999467
2646,0,0.000775,0.000149,0.999076
2647,1,0.002772,0.152781,0.844447
2648,1,0.009301,0.014984,0.975715
2649,1,0.993840,0.001020,0.005140
2650,1,0.000648,0.000285,0.999068
2651,0,0.000442,0.000144,0.999413
2652,0,0.000313,0.000259,0.999428
2653,0,0.000402,0.000194,0.999404
2654,0,0.000511,0.000159,0.999331
2655,0,0.001000,0.000109,0.998891
2656,1,0.625410,0.020464,0.354126
2657,0,0.000427,0.000177,0.999396
2658,1,0.026579,0.000513,0.972909
2659,0,0.001868,0.000172,0.997960
2660,0,0.000298,0.000232,0.999470
2661,1,0.937345,0.000576,0.062078
2662,1,0.025485,0.000398,0.974117
2663,0,0.000335,0.000194,0.999471
2664,0,0.000468,0.000350,0.999182
2665,0,0.001786,0.000202,0.998012
2666,0,0.038140,0.000505,0.961355
2667,1,0.957166,0.000313,0.042521
2668,0,0.011220,0.000104,0.988676
2669,0,0.000421,0.000154,0.999425
2670,0,0.000567,0.000247,0.999186
2671,0,0.001471,0.000162,0.998367
2672,0,0.001392,0.000115,0.998493
2673,1,0.160395,0.000419,0.839186
2674,0,0.051670,0.000398,0.947931
2675,0,0.004084,0.000206,0.995710
2676,0,0.000320,0.000202,0.999479
2677,0,0.002141,0.000110,0.997749
2678,1,0.000817,0.000164,0.999019
2679,1,0.015150,0.000240,0.984610
2680,1,0.016741,0.000116,0.983143
2681,1,0.003419,0.001153,0.995428
2682,1,0.287421,0.618538,0.094041
2683,1,0.989230,0.000956,0.009814
2684,0,0.002931,0.000136,0.996933
2685,1,0.045524,0.000300,0.954176
2686,0,0.647034,0.000889,0.352076
2687,0,0.001051,0.000104,0.998845
2688,0,0.000353,0.000176,0.999470
2689,0,0.000861,0.000167,0.998972
2690,0,0.000444,0.000269,0.999287
2691,0,0.000231,0.000359,0.999410
2692,0,0.000470,0.001328,0.998201
2693,0,0.000205,0.000556,0.999239
2694,0,0.000598,0.000138,0.999264
2695,0,0.019093,0.000151,0.980756
2696,1,0.000736,0.000779,0.998486
2697,1,0.032771,0.007241,0.959987
2698,1,0.188704,0.003599,0.807697
2699,1,0.001842,0.000203,0.997954
2700,0,0.000710,0.007722,0.991568
2701,0,0.002079,0.000173,0.997747
2702,0,0.000245,0.000321,0.999435
2703,1,0.061240,0.000651,0.938108
2704,0,0.000226,0.000399,0.999375
2705,0,0.000357,0.000239,0.999404
2706,0,0.000841,0.000132,0.999027
2707,1,0.203606,0.000264,0.796129
2708,1,0.001627,0.000170,0.998203
2709,0,0.001643,0.000141,0.998216
2710,1,0.979616,0.000333,0.020051
2711,0,0.000277,0.000219,0.999504
2712,1,0.423711,0.005532,0.570757
2713,1,0.849930,0.002830,0.147240
2714,1,0.001785,0.006628,0.991587
2715,0,0.000403,0.000170,0.999427
2716,1,0.111750,0.001189,0.887061
2717,0,0.001247,0.000261,0.998492
2718,1,0.000769,0.000296,0.998935
2719,1,0.021899,0.000172,0.977929
2720,1,0.960212,0.002114,0.037674
2721,1,0.002496,0.000190,0.997314
2722,0,0.001498,0.000165,0.998336
2723,1,0.009258,0.954659,0.036083
2724,0,0.000269,0.000231,0.999500
2725,1,0.926402,0.020511,0.053087
2726,1,0.957330,0.000560,0.042109
2727,1,0.025802,0.000268,0.973929
2728,1,0.994427,0.003239,0.002333
2729,0,0.000249,0.000305,0.999446
2730,0,0.000427,0.000345,0.999228
2731,0,0.704043,0.000374,0.295582
2732,0,0.000291,0.000219,0.999490
2733,1,0.142527,0.847049,0.010424
2734,0,0.144356,0.000220,0.855424
2735,0,0.036684,0.000444,0.962873
2736,0,0.000268,0.000249,0.999482
2737,0,0.000318,0.000277,0.999405
2738,1,0.030217,0.962519,0.007264
2739,1,0.001051,0.000187,0.998762
2740,1,0.507156,0.000980,0.491865
2741,0,0.000294,0.000213,0.999493
2742,0,0.000812,0.000212,0.998977
2743,0,0.006493,0.000092,0.993415
2744,1,0.146444,0.117071,0.736485
2745,1,0.515627,0.335549,0.148824
2746,0,0.000401,0.000159,0.999439
2747,1,0.000427,0.000213,0.999360
2748,0,0.000219,0.001308,0.998473
2749,1,0.005894,0.002077,0.992029
2750,0,0.044302,0.025774,0.929924
2751,1,0.993157,0.000461,0.006382
2752,0,0.000363,0.000175,0.999462
2753,1,0.936653,0.007527,0.055820
2754,0,0.000552,0.000156,0.999292
2755,1,0.000329,0.001462,0.998209
2756,1,0.710924,0.000464,0.288612
2757,0,0.000622,0.000134,0.999244
2758,1,0.000235,0.001027,0.998738
2759,0,0.002677,0.001435,0.995888
2760,0,0.000695,0.000138,0.999168
2761,0,0.000641,0.000226,0.999134
2762,0,0.009766,0.000243,0.989991
2763,0,0.000268,0.000230,0.999502
2764,1,0.052619,0.007145,0.940236
2765,1,0.872232,0.028295,0.099473
2766,1,0.008832,0.000308,0.990860
2767,0,0.000508,0.000140,0.999353
2768,1,0.647930,0.001770,0.350299
2769,0,0.915663,0.001490,0.082847
2770,0,0.000288,0.000208,0.999505
2771,0,0.000350,0.000552,0.999097
2772,1,0.000684,0.000358,0.998959
2773,1,0.994268,0.000427,0.005304
2774,1,0.986919,0.000403,0.012679
2775,1,0.000452,0.000245,0.999303
2776,0,0.000499,0.000156,0.999345
2777,0,0.615968,0.000350,0.383682
2778,0,0.000486,0.000156,0.999358
2779,1,0.002592,0.000339,0.997069
2780,0,0.001830,0.000200,0.997970
2781,1,0.994529,0.000493,0.004979
2782,1,0.203674,0.000399,0.795927
2783,1,0.002449,0.002730,0.994821
2784,0,0.986147,0.000420,0.013434
2785,1,0.017649,0.000276,0.982075
2786,0,0.000231,0.000329,0.999440
2787,0,0.002900,0.000105,0.996995
2788,1,0.994928,0.000408,0.004664
2789,0,0.000381,0.000167,0.999452
2790,1,0.859108,0.000886,0.140006
2791,0,0.000527,0.000152,0.999320
2792,0,0.000573,0.000171,0.999256
2793,1,0.376010,0.000851,0.623139
2794,1,0.000913,0.000151,0.998936
2795,0,0.000405,0.000172,0.999423
2796,0,0.770223,0.000345,0.229432
2797,1,0.314946,0.000527,0.684527
2798,1,0.981392,0.000453,0.018155
2799,1,0.696106,0.002630,0.301263
2800,0,0.001379,0.000121,0.998500
2801,0,0.000415,0.000155,0.999430
2802,1,0.168240,0.001052,0.830708
2803,0,0.004394,0.000143,0.995463
2804,0,0.000304,0.000231,0.999465
2805,0,0.000492,0.000132,0.999377
2806,1,0.061286,0.003212,0.935502
2807,0,0.000383,0.000168,0.999449
2808,1,0.004363,0.000116,0.995521
2809,0,0.000275,0.000253,0.999472
2810,0,0.000303,0.000190,0.999507
2811,0,0.000268,0.000248,0.999483
2812,0,0.000311,0.000190,0.999499
2813,0,0.010065,0.000092,0.989843
2814,1,0.055337,0.933970,0.010692
2815,0,0.003173,0.000141,0.996686
2816,1,0.280835,0.715039,0.004126
2817,0,0.000409,0.000164,0.999427
2818,0,0.000542,0.000140,0.999318
2819,1,0.001178,0.000264,0.998558
2820,0,0.000352,0.000200,0.999448
2821,0,0.000411,0.000167,0.999422
2822,0,0.000400,0.000166,0.999434
2823,0,0.064505,0.000367,0.935128
2824,0,0.002625,0.000125,0.997250
2825,1,0.002502,0.001041,0.996456
2826,0,0.000835,0.000102,0.999063
2827,0,0.000272,0.000225,0.999503
2828,1,0.017961,0.924313,0.057726
2829,0,0.000436,0.000232,0.999331
2830,1,0.171661,0.794153,0.034186
2831,0,0.002772,0.000499,0.996729
2832,1,0.992053,0.002549,0.005397
2833,0,0.000620,0.000114,0.999266
2834,0,0.000405,0.000163,0.999432
2835,0,0.000418,0.000168,0.999415
2836,0,0.001319,0.000103,0.998578
2837,0,0.000685,0.000131,0.999184
2838,1,0.671424,0.269837,0.058739
2839,1,0.002999,0.000491,0.996510
2840,1,0.001378,0.000099,0.998523
2841,0,0.000373,0.000164,0.999463
2842,0,0.004818,0.006220,0.988962
2843,1,0.653348,0.001012,0.345640
2844,0,0.000900,0.000311,0.998788
2845,1,0.991198,0.002629,0.006173
2846,1,0.463574,0.000420,0.536007
2847,1,0.974827,0.004650,0.020522
2848,0,0.000338,0.000203,0.999459
2849,1,0.981862,0.010384,0.007754
2850,1,0.032619,0.001895,0.965486
2851,0,0.000483,0.000154,0.999363
2852,0,0.000531,0.001921,0.997548
2853,1,0.598304,0.002809,0.398886
2854,0,0.001346,0.000128,0.998526
2855,1,0.522454,0.110496,0.367050
2856,0,0.002431,0.000119,0.997450
2857,0,0.000442,0.000147,0.999411
2858,1,0.768150,0.000658,0.231192
2859,1,0.997536,0.001400,0.001064
2860,1,0.267789,0.003414,0.728797
2861,1,0.973950,0.000463,0.025587
2862,0,0.137531,0.000491,0.861978
2863,1,0.002453,0.037034,0.960513
2864,0,0.836313,0.000367,0.163320
2865,0,0.000239,0.000274,0.999487
2866,1,0.005135,0.000189,0.994676
2867,1,0.000710,0.001200,0.998090
2868,0,0.001805,0.000100,0.998095
2869,0,0.000379,0.000236,0.999384
2870,0,0.087955,0.000235,0.911810
2871,0,0.000309,0.000189,0.999502
2872,0,0.001296,0.000093,0.998611
2873,0,0.001652,0.000097,0.998251
2874,1,0.000511,0.000467,0.999022
2875,0,0.000345,0.000182,0.999472
2876,0,0.000290,0.000261,0.999449
2877,1,0.992444,0.004787,0.002769
2878,0,0.000338,0.003107,0.996555
2879,0,0.026672,0.000188,0.973140
2880,1,0.974546,0.000740,0.024714
2881,1,0.009269,0.000212,0.990519
2882,0,0.001988,0.000712,0.997300
2883,0,0.000296,0.000686,0.999017
2884,0,0.000246,0.000270,0.999483
2885,1,0.363784,0.000706,0.635510
2886,1,0.001588,0.040343,0.958069
2887,0,0.001350,0.000098,0.998552
2888,0,0.000418,0.000158,0.999424
2889,1,0.007010,0.001160,0.991830
2890,0,0.120368,0.000211,0.879421
2891,0,0.001330,0.000144,0.998526
2892,0,0.001466,0.000150,0.998384
2893,1,0.002749,0.020289,0.976962
2894,0,0.000329,0.000182,0.999489
2895,0,0.001256,0.000131,0.998613
2896,0,0.000471,0.000130,0.999398
2897,0,0.000246,0.000268,0.999486
2898,0,0.008991,0.000131,0.990878
2899,1,0.004213,0.001003,0.994784
2900,0,0.000323,0.000186,0.999490
2901,1,0.157246,0.228516,0.614238
2902,1,0.128959,0.000808,0.870233
2903,1,0.996369,0.000761,0.002870
2904,1,0.844351,0.000718,0.154931
2905,0,0.000575,0.000181,0.999244
2906,0,0.001417,0.000157,0.998426
2907,1,0.992779,0.000531,0.006690
2908,1,0.001597,0.000244,0.998159
2909,1,0.324688,0.000675,0.674637
2910,0,0.000236,0.000334,0.999430
2911,1,0.001050,0.002488,0.996462
2912,0,0.000933,0.001830,0.997238
2913,1,0.001851,0.000258,0.997891
2914,1,0.001021,0.000204,0.998776
2915,1,0.060544,0.000616,0.938841
2916,0,0.000413,0.000185,0.999402
2917,0,0.014242,0.000108,0.985650
2918,0,0.001644,0.000112,0.998244
2919,1,0.139740,0.000802,0.859457
2920,1,0.050879,0.000300,0.948821
2921,1,0.966810,0.002474,0.030716
2922,1,0.971070,0.010752,0.018178
2923,0,0.000397,0.000164,0.999439
2924,0,0.001656,0.000643,0.997702
2925,0,0.002401,0.000100,0.997499
2926,0,0.001033,0.000110,0.998857
2927,0,0.000282,0.000267,0.999451
2928,0,0.000600,0.000144,0.999255
2929,1,0.994664,0.000647,0.004689
2930,1,0.008693,0.001334,0.989974
2931,1,0.952459,0.028547,0.018994
2932,0,0.000482,0.000179,0.999339
2933,1,0.031222,0.832513,0.136265
2934,0,0.000483,0.000138,0.999378
2935,0,0.001233,0.000124,0.998643
2936,0,0.056577,0.000203,0.943220
2937,1,0.996338,0.000966,0.002695
2938,0,0.000351,0.000484,0.999165
2939,1,0.892456,0.000496,0.107048
2940,0,0.000212,0.000424,0.999363
2941,1,0.003771,0.000112,0.996118
2942,1,0.060530,0.000320,0.939150
2943,1,0.935613,0.056612,0.007775
2944,1,0.707864,0.000735,0.291401
2945,1,0.996736,0.000886,0.002378
2946,1,0.011467,0.000230,0.988303
2947,0,0.025837,0.000145,0.974018
2948,0,0.000280,0.000289,0.999431
2949,1,0.164454,0.000506,0.835040
2950,0,0.000610,0.000533,0.998858
2951,0,0.484007,0.000267,0.515726
2952,1,0.001476,0.000205,0.998319
2953,1,0.962233,0.000333,0.037434
2954,1,0.001972,0.001129,0.996899
2955,0,0.000298,0.000220,0.999482
2956,0,0.000765,0.000136,0.999099
2957,1,0.066349,0.897769,0.035883
2958,0,0.000334,0.000194,0.999472
2959,1,0.969245,0.025898,0.004857
2960,1,0.007448,0.000179,0.992373
2961,0,0.003766,0.000169,0.996065
2962,0,0.000346,0.000168,0.999486
2963,0,0.000721,0.000122,0.999157
2964,0,0.000322,0.000191,0.999487
2965,0,0.001276,0.000113,0.998611
2966,0,0.295484,0.000294,0.704222
2967,1,0.880118,0.000508,0.119374
2968,0,0.000410,0.000179,0.999411
2969,0,0.001992,0.000135,0.997873
2970,0,0.009098,0.000239,0.990663
2971,0,0.000559,0.000138,0.999303
2972,1,0.748099,0.004168,0.247732
2973,0,0.002059,0.000111,0.997830
2974,0,0.011712,0.000137,0.988151
2975,1,0.005076,0.000209,0.994716
2976,1,0.909404,0.089445,0.001151
2977,1,0.050605,0.003913,0.945481
2978,1,0.104609,0.000221,0.895170
2979,1,0.025213,0.000302,0.974484
2980,0,0.000337,0.000185,0.999478
2981,1,0.995835,0.002985,0.001180
2982,0,0.000385,0.000160,0.999455
2983,1,0.089175,0.000303,0.910522
2984,1,0.987195,0.011926,0.000879
2985,1,0.996920,0.002013,0.001066
2986,0,0.000369,0.000173,0.999459
2987,0,0.000255,0.000256,0.999490
2988,0,0.000952,0.000107,0.998941
2989,1,0.982311,0.000466,0.017223
2990,0,0.000596,0.000121,0.999284
2991,0,0.263248,0.000468,0.736284
2992,1,0.101042,0.000348,0.898611
2993,0,0.001466,0.000112,0.998421
2994,1,0.828286,0.038004,0.133710
2995,1,0.958754,0.039181,0.002065
2996,0,0.014125,0.000116,0.985759
2997,1,0.013237,0.000333,0.986431
2998,0,0.000363,0.000182,0.999456
2999,0,0.000755,0.000204,0.999041
