row_id,gold,p_hate,p_offensive,p_normal
0,0,0.000523,0.000691,0.998786
1,0,0.001578,0.000115,0.998307
2,1,0.793244,0.016942,0.189815
3,1,0.313265,0.000536,0.686199
4,0,0.000833,0.000609,0.998558
5,1,0.070105,0.152804,0.777092
6,0,0.836550,0.003309,0.160141
7,0,0.000848,0.000171,0.998981
8,1,0.001992,0.007546,0.990462
9,0,0.000622,0.000244,0.999133
10,0,0.000504,0.000264,0.999232
11,1,0.891501,0.000248,0.108251
12,0,0.001913,0.000152,0.997935
13,0,0.000539,0.000232,0.999229
14,1,0.253049,0.619700,0.127252
15,1,0.994568,0.001134,0.004298
16,1,0.963739,0.027294,0.008967
17,1,0.907144,0.003109,0.089747
18,1,0.661670,0.081649,0.256681
19,1,0.984320,0.000772,0.014907
20,1,0.061591,0.000305,0.938104
21,1,0.005640,0.000412,0.993948
22,1,0.962083,0.000347,0.037571
23,1,0.982190,0.000372,0.017438
24,1,0.516513,0.000301,0.483186
25,1,0.986813,0.000361,0.012826
26,0,0.096396,0.000209,0.903396
27,1,0.748514,0.017072,0.234413
28,1,0.924227,0.000285,0.075487
29,0,0.000779,0.000173,0.999048
30,0,0.000675,0.000201,0.999124
31,0,0.050143,0.000266,0.949591
32,0,0.000702,0.000207,0.999091
33,0,0.000910,0.000199,0.998890
34,0,0.119843,0.000186,0.879971
35,1,0.246636,0.000213,0.753151
36,0,0.884973,0.000287,0.114741
37,1,0.023805,0.759314,0.216881
38,0,0.001375,0.000158,0.998466
39,1,0.643090,0.046539,0.310371
40,0,0.000551,0.000251,0.999198
41,1,0.490688,0.000308,0.509004
42,0,0.000492,0.000304,0.999203
43,1,0.933627,0.000740,0.065633
44,1,0.991376,0.000692,0.007931
45,1,0.797577,0.000358,0.202064
46,1,0.002409,0.001998,0.995593
47,1,0.010143,0.000133,0.989724
48,0,0.000546,0.000211,0.999243
49,0,0.000413,0.000326,0.999261
50,0,0.000602,0.000286,0.999112
51,0,0.001114,0.000139,0.998747
52,1,0.001120,0.009372,0.989509
53,0,0.010999,0.015835,0.973166
54,0,0.030476,0.000186,0.969338
55,0,0.001391,0.000155,0.998454
56,1,0.932320,0.000301,0.067379
57,0,0.009107,0.000098,0.990795
58,0,0.068784,0.000209,0.931008
59,1,0.986563,0.001020,0.012417
60,0,0.001133,0.000148,0.998719
61,0,0.003504,0.000133,0.996363
62,1,0.140630,0.001625,0.857745
63,0,0.017921,0.000144,0.981935
64,0,0.000555,0.000363,0.999082
65,0,0.000740,0.000308,0.998953
66,0,0.012266,0.000128,0.987606
67,0,0.005911,0.000107,0.993983
68,0,0.000606,0.000221,0.999173
69,0,0.001851,0.000168,0.997981
70,1,0.878062,0.011685,0.110253
71,0,0.001684,0.000124,0.998192
72,1,0.026941,0.000397,0.972662
73,0,0.001908,0.000109,0.997983
74,0,0.001880,0.000126,0.997994
75,1,0.063656,0.000646,0.935699
76,1,0.564864,0.000429,0.434707
77,1,0.003225,0.000597,0.996178
78,0,0.000690,0.000200,0.999111
79,0,0.001370,0.000146,0.998484
80,0,0.001826,0.000181,0.997994
81,1,0.717542,0.001231,0.281227
82,1,0.984928,0.000558,0.014514
83,1,0.434154,0.001235,0.564610
84,0,0.108817,0.000221,0.890962
85,0,0.000759,0.000275,0.998966
86,1,0.074586,0.508011,0.417403
87,1,0.898171,0.000315,0.101514
88,1,0.913602,0.003697,0.082702
89,1,0.039017,0.000248,0.960735
90,0,0.001911,0.000125,0.997965
91,0,0.034487,0.000143,0.965371
92,1,0.745319,0.000304,0.254377
93,0,0.004121,0.000175,0.995704
94,0,0.003507,0.000126,0.996366
95,1,0.975671,0.000306,0.024024
96,1,0.219133,0.000390,0.780478
97,0,0.000494,0.000261,0.999245
98,0,0.025575,0.000241,0.974185
99,1,0.973032,0.000650,0.026318
100,0,0.000744,0.000187,0.999069
101,1,0.016215,0.000141,0.983645
102,1,0.828116,0.000251,0.171632
103,0,0.000772,0.000228,0.999000
104,1,0.293822,0.003971,0.702208
105,1,0.897769,0.000336,0.101895
106,0,0.090061,0.000186,0.909753
107,1,0.981982,0.000303,0.017714
108,1,0.984552,0.000400,0.015048
109,1,0.993322,0.001072,0.005607
110,0,0.001262,0.000123,0.998615
111,1,0.937107,0.000412,0.062481
112,1,0.975062,0.000295,0.024643
113,1,0.002546,0.000362,0.997092
114,1,0.959402,0.000744,0.039854
115,1,0.001797,0.000304,0.997899
116,0,0.001123,0.000154,0.998722
117,0,0.000636,0.000244,0.999121
118,0,0.005438,0.000116,0.994446
119,1,0.000658,0.000199,0.999143
120,1,0.097925,0.001470,0.900605
121,0,0.001018,0.000147,0.998835
122,0,0.001871,0.000177,0.997952
123,0,0.000959,0.000190,0.998851
124,1,0.872958,0.001968,0.125073
125,1,0.628960,0.000383,0.370657
126,1,0.558892,0.396507,0.044601
127,1,0.228846,0.001165,0.769988
128,1,0.352669,0.003063,0.644268
129,0,0.002050,0.000111,0.997839
130,1,0.301455,0.004150,0.694395
131,0,0.000575,0.000211,0.999214
132,1,0.149278,0.000229,0.850493
133,0,0.000782,0.000177,0.999041
134,0,0.000574,0.000233,0.999194
135,1,0.003195,0.000230,0.996575
136,0,0.000980,0.000148,0.998872
137,0,0.000563,0.000241,0.999197
138,0,0.107134,0.000169,0.892697
139,1,0.007219,0.001917,0.990864
140,1,0.044438,0.010206,0.945356
141,0,0.000496,0.000335,0.999169
142,0,0.000837,0.000222,0.998941
143,0,0.001171,0.000160,0.998670
144,0,0.000509,0.000242,0.999249
145,1,0.969318,0.000271,0.030411
146,1,0.697246,0.000261,0.302493
147,0,0.003824,0.000117,0.996059
148,1,0.606283,0.000321,0.393396
149,1,0.897872,0.000674,0.101454
150,0,0.106706,0.000261,0.893033
151,0,0.423621,0.000315,0.576064
152,1,0.802022,0.000345,0.197633
153,1,0.583617,0.000240,0.416143
154,1,0.659312,0.000482,0.340206
155,0,0.062260,0.000237,0.937503
156,1,0.182555,0.000280,0.817165
157,1,0.188021,0.000257,0.811722
158,0,0.000569,0.000248,0.999183
159,1,0.970927,0.000519,0.028554
160,1,0.898802,0.001118,0.100080
161,1,0.037373,0.000470,0.962157
162,1,0.051261,0.001398,0.947340
163,1,0.030769,0.000575,0.968656
164,1,0.886079,0.000282,0.113639
165,1,0.244104,0.000500,0.755396
166,0,0.022192,0.000187,0.977621
167,0,0.000596,0.000197,0.999207
168,1,0.024169,0.001688,0.974142
169,0,0.000572,0.000218,0.999211
170,1,0.001138,0.002114,0.996748
171,0,0.000581,0.000219,0.999200
172,0,0.734302,0.000239,0.265459
173,0,0.000547,0.000248,0.999205
174,0,0.003206,0.000116,0.996677
175,0,0.000881,0.000179,0.998940
176,0,0.000552,0.000252,0.999197
177,1,0.036261,0.003063,0.960676
178,0,0.103734,0.000209,0.896056
179,1,0.606907,0.000556,0.392537
180,1,0.986150,0.000423,0.013427
181,0,0.000595,0.000270,0.999135
182,0,0.221924,0.000280,0.777796
183,0,0.347716,0.000322,0.651963
184,1,0.493864,0.000280,0.505856
185,0,0.001730,0.000145,0.998125
186,0,0.058030,0.000355,0.941616
187,0,0.922350,0.000390,0.077260
188,1,0.808845,0.000231,0.190924
189,1,0.101644,0.813645,0.084711
190,1,0.978265,0.000352,0.021382
191,0,0.389510,0.000253,0.610237
192,1,0.700458,0.000653,0.298889
193,0,0.000823,0.000161,0.999016
194,0,0.000456,0.000503,0.999041
195,0,0.001167,0.000154,0.998678
196,0,0.000601,0.000290,0.999108
197,0,0.001675,0.000139,0.998187
198,1,0.991107,0.000545,0.008348
199,1,0.946338,0.000341,0.053321
200,1,0.001071,0.000167,0.998763
201,0,0.000614,0.000288,0.999098
202,0,0.000870,0.000173,0.998957
203,1,0.044048,0.910170,0.045782
204,1,0.005945,0.000291,0.993763
205,0,0.000472,0.000276,0.999252
206,0,0.000693,0.000291,0.999015
207,0,0.000522,0.000284,0.999194
208,0,0.007598,0.000197,0.992204
209,0,0.001588,0.000128,0.998284
210,0,0.000543,0.000310,0.999146
211,0,0.000829,0.000356,0.998815
212,0,0.000839,0.000174,0.998987
213,1,0.976025,0.000547,0.023427
214,0,0.000606,0.000208,0.999186
215,0,0.002230,0.000134,0.997636
216,0,0.000566,0.000224,0.999210
217,0,0.007720,0.000099,0.992181
218,0,0.000642,0.000247,0.999112
219,1,0.038530,0.000220,0.961250
220,0,0.039561,0.000121,0.960318
221,0,0.046596,0.000135,0.953269
222,0,0.000981,0.000149,0.998870
223,1,0.037128,0.001123,0.961750
224,0,0.005516,0.000113,0.994371
225,0,0.000432,0.000303,0.999266
226,1,0.014558,0.830727,0.154714
227,1,0.913350,0.000291,0.086359
228,0,0.000533,0.000308,0.999159
229,0,0.000522,0.000298,0.999180
230,0,0.158669,0.000245,0.841086
231,0,0.001404,0.000152,0.998443
232,0,0.000552,0.000307,0.999141
233,0,0.000605,0.000195,0.999201
234,0,0.001909,0.000184,0.997908
235,1,0.001230,0.000161,0.998610
236,0,0.001736,0.000153,0.998111
237,0,0.020491,0.000390,0.979119
238,1,0.994155,0.002185,0.003660
239,0,0.001429,0.000245,0.998326
240,1,0.772650,0.143865,0.083485
241,0,0.000618,0.000219,0.999163
242,1,0.972831,0.000500,0.026668
243,0,0.000606,0.000197,0.999197
244,0,0.000811,0.000168,0.999022
245,1,0.883851,0.000528,0.115621
246,0,0.003846,0.000104,0.996050
247,0,0.000918,0.000161,0.998921
248,0,0.003141,0.000121,0.996739
249,1,0.000625,0.000493,0.998882
250,0,0.002369,0.000113,0.997519
251,1,0.017988,0.081921,0.900091
252,0,0.000742,0.000250,0.999008
253,1,0.983319,0.000326,0.016355
254,0,0.002781,0.000161,0.997058
255,0,0.000522,0.000232,0.999247
256,0,0.000461,0.000287,0.999252
257,0,0.004224,0.000122,0.995654
258,1,0.059135,0.000205,0.940659
259,0,0.000734,0.000166,0.999099
260,1,0.027811,0.004339,0.967850
261,0,0.002041,0.000125,0.997834
262,0,0.000931,0.000196,0.998872
263,1,0.372098,0.000296,0.627606
264,1,0.499156,0.000325,0.500519
265,0,0.000679,0.000233,0.999087
266,1,0.108158,0.000280,0.891562
267,0,0.000714,0.000240,0.999046
268,0,0.000502,0.000251,0.999247
269,0,0.000714,0.000186,0.999100
270,1,0.034102,0.004523,0.961375
271,0,0.001171,0.000165,0.998664
272,1,0.316296,0.000469,0.683235
273,0,0.000567,0.000206,0.999227
274,1,0.064151,0.001215,0.934634
275,0,0.000652,0.000194,0.999154
276,1,0.020445,0.000252,0.979303
277,1,0.975561,0.020528,0.003911
278,1,0.002868,0.000184,0.996948
279,1,0.001687,0.001917,0.996396
280,1,0.759905,0.000252,0.239843
281,1,0.019790,0.000173,0.980038
282,0,0.000808,0.000208,0.998984
283,1,0.001631,0.002054,0.996316
284,0,0.000591,0.000221,0.999189
285,0,0.154682,0.001112,0.844207
286,1,0.075466,0.000290,0.924244
287,0,0.003243,0.000154,0.996603
288,0,0.985167,0.000325,0.014508
289,1,0.005493,0.000135,0.994371
290,0,0.018564,0.000298,0.981137
291,0,0.024310,0.000107,0.975583
292,0,0.000860,0.000182,0.998958
293,0,0.000780,0.000226,0.998994
294,1,0.003570,0.001594,0.994836
295,1,0.403176,0.001172,0.595652
296,1,0.056467,0.000634,0.942899
297,0,0.000516,0.000297,0.999187
298,0,0.006191,0.000150,0.993659
299,0,0.000702,0.000193,0.999105
300,1,0.037231,0.000408,0.962361
301,1,0.015284,0.000282,0.984433
302,1,0.691820,0.000772,0.307408
303,1,0.021710,0.000131,0.978159
304,1,0.059730,0.000410,0.939860
305,0,0.000472,0.000254,0.999274
306,0,0.250336,0.000232,0.749432
307,0,0.000481,0.000291,0.999227
308,1,0.971293,0.000427,0.028280
309,1,0.986758,0.009375,0.003867
310,1,0.980594,0.000311,0.019095
311,0,0.000776,0.000227,0.998997
312,0,0.000750,0.000239,0.999010
313,1,0.894470,0.000255,0.105275
314,0,0.000641,0.000224,0.999135
315,0,0.000565,0.000224,0.999211
316,1,0.758436,0.002632,0.238933
317,0,0.001087,0.000135,0.998778
318,1,0.824013,0.013228,0.162759
319,0,0.941050,0.000285,0.058664
320,0,0.000591,0.000191,0.999218
321,1,0.887812,0.004343,0.107845
322,0,0.001445,0.000186,0.998368
323,1,0.001510,0.001918,0.996572
324,1,0.070256,0.084765,0.844978
325,1,0.083638,0.001246,0.915116
326,0,0.000514,0.000250,0.999236
327,0,0.000522,0.000244,0.999234
328,1,0.994685,0.001633,0.003683
329,0,0.000939,0.000168,0.998894
330,0,0.001726,0.000130,0.998143
331,1,0.990035,0.000743,0.009222
332,0,0.001323,0.000149,0.998528
333,0,0.017073,0.000156,0.982771
334,0,0.006614,0.000094,0.993293
335,0,0.001737,0.000132,0.998131
336,1,0.708251,0.000389,0.291360
337,1,0.008002,0.000308,0.991691
338,1,0.131175,0.000211,0.868614
339,1,0.112247,0.841252,0.046501
340,1,0.010042,0.000728,0.989230
341,1,0.425052,0.000244,0.574704
342,0,0.004094,0.000107,0.995799
343,0,0.000692,0.000187,0.999121
344,0,0.000955,0.000151,0.998894
345,0,0.000753,0.000177,0.999070
346,0,0.000407,0.000464,0.999129
347,1,0.821588,0.000411,0.178001
348,1,0.565872,0.004433,0.429695
349,0,0.000557,0.000224,0.999219
350,0,0.001906,0.000142,0.997952
351,0,0.000593,0.000273,0.999134
352,0,0.780989,0.000295,0.218717
353,1,0.411121,0.000273,0.588606
354,0,0.032874,0.000216,0.966910
355,0,0.007425,0.003391,0.989184
356,0,0.016816,0.000120,0.983064
357,0,0.005932,0.000093,0.993975
358,0,0.002456,0.000176,0.997368
359,0,0.003181,0.000211,0.996608
360,1,0.018358,0.000306,0.981336
361,0,0.001891,0.000145,0.997964
362,0,0.000553,0.000248,0.999199
363,0,0.216634,0.000229,0.783137
364,0,0.009234,0.000128,0.990638
365,1,0.825442,0.000219,0.174339
366,0,0.000973,0.000164,0.998863
367,1,0.087469,0.847980,0.064551
368,0,0.004670,0.000158,0.995172
369,0,0.000575,0.000285,0.999140
370,0,0.001531,0.000168,0.998301
371,0,0.000550,0.000233,0.999217
372,0,0.000580,0.000241,0.999179
373,1,0.013870,0.000614,0.985516
374,1,0.773636,0.000476,0.225887
375,0,0.000681,0.000206,0.999113
376,1,0.010148,0.000483,0.989368
377,0,0.000915,0.000133,0.998952
378,1,0.895360,0.024984,0.079655
379,1,0.851755,0.038572,0.109673
380,0,0.001025,0.000213,0.998762
381,1,0.398352,0.117633,0.484015
382,0,0.000630,0.000276,0.999094
383,1,0.714253,0.003385,0.282362
384,1,0.193828,0.000342,0.805830
385,1,0.004945,0.000173,0.994882
386,1,0.948775,0.004871,0.046355
387,1,0.020643,0.000617,0.978740
388,0,0.000751,0.000181,0.999068
389,0,0.057080,0.000191,0.942729
390,0,0.006771,0.000138,0.993091
391,0,0.001041,0.000150,0.998809
392,1,0.779653,0.075763,0.144585
393,0,0.040287,0.000175,0.959538
394,0,0.001413,0.000173,0.998413
395,0,0.002647,0.000159,0.997194
396,1,0.776868,0.203872,0.019261
397,0,0.002169,0.000114,0.997717
398,1,0.026367,0.591265,0.382367
399,1,0.001224,0.007305,0.991471
400,1,0.019916,0.002157,0.977927
401,0,0.002617,0.000107,0.997276
402,1,0.025558,0.000315,0.974128
403,1,0.750291,0.000239,0.249470
404,1,0.955765,0.000590,0.043646
405,1,0.006351,0.000134,0.993515
406,1,0.009391,0.000253,0.990357
407,1,0.004704,0.091639,0.903657
408,1,0.974725,0.000262,0.025013
409,0,0.000624,0.000206,0.999170
410,0,0.027379,0.000159,0.972462
411,0,0.001040,0.000218,0.998742
412,1,0.232956,0.644879,0.122165
413,0,0.001088,0.000155,0.998756
414,1,0.985265,0.000723,0.014012
415,0,0.454562,0.000416,0.545021
416,1,0.002909,0.000310,0.996780
417,0,0.000899,0.000183,0.998918
418,0,0.558498,0.383125,0.058378
419,0,0.000574,0.000266,0.999160
420,1,0.080016,0.000449,0.919535
421,1,0.876774,0.000501,0.122724
422,0,0.003073,0.000160,0.996767
423,1,0.009505,0.000109,0.990386
424,1,0.665078,0.000332,0.334590
425,1,0.562509,0.000293,0.437198
426,0,0.009283,0.000192,0.990525
427,1,0.966415,0.000248,0.033337
428,1,0.189630,0.000934,0.809437
429,0,0.004360,0.000112,0.995528
430,1,0.208116,0.000696,0.791187
431,1,0.009900,0.000250,0.989850
432,1,0.580748,0.005728,0.413524
433,0,0.000711,0.000233,0.999057
434,0,0.001339,0.000137,0.998524
435,1,0.995054,0.000862,0.004084
436,1,0.008348,0.000195,0.991457
437,1,0.993679,0.004129,0.002191
438,0,0.040131,0.000665,0.959204
439,0,0.003976,0.000109,0.995915
440,1,0.080998,0.000373,0.918629
441,0,0.458237,0.000272,0.541491
442,1,0.001854,0.000326,0.997821
443,1,0.001097,0.000176,0.998727
444,0,0.066801,0.000196,0.933004
445,1,0.851997,0.000239,0.147764
446,0,0.000450,0.000253,0.999297
447,1,0.973630,0.000368,0.026003
448,0,0.233814,0.000300,0.765886
449,0,0.042868,0.128609,0.828523
450,0,0.000396,0.000388,0.999215
451,0,0.000472,0.000294,0.999234
452,1,0.966752,0.000400,0.032848
453,0,0.016136,0.000112,0.983752
454,0,0.000645,0.000226,0.999130
455,1,0.004466,0.000205,0.995329
456,1,0.919451,0.000231,0.080318
457,1,0.048674,0.002201,0.949125
458,0,0.000690,0.000256,0.999053
459,0,0.045372,0.000134,0.954493
460,1,0.259278,0.000261,0.740461
461,1,0.550082,0.000588,0.449330
462,1,0.716834,0.000231,0.282935
463,1,0.634038,0.000350,0.365612
464,1,0.916991,0.000758,0.082251
465,1,0.219328,0.000240,0.780432
466,1,0.264224,0.000208,0.735568
467,1,0.002074,0.000330,0.997595
468,0,0.000704,0.000208,0.999088
469,0,0.031964,0.000141,0.967895
470,0,0.000918,0.000203,0.998879
471,0,0.000683,0.000240,0.999077
472,1,0.085426,0.000231,0.914343
473,0,0.000802,0.000174,0.999024
474,0,0.000633,0.000271,0.999095
475,0,0.029332,0.000128,0.970540
476,0,0.000714,0.000175,0.999111
477,1,0.036323,0.004610,0.959067
478,0,0.000693,0.000266,0.999042
479,0,0.002981,0.000113,0.996906
480,0,0.000872,0.000153,0.998975
481,0,0.000623,0.000252,0.999126
482,1,0.010555,0.001116,0.988329
483,1,0.741242,0.001915,0.256843
484,0,0.002412,0.000125,0.997463
485,1,0.136899,0.001225,0.861876
486,0,0.000644,0.000260,0.999096
487,0,0.012481,0.000138,0.987381
488,1,0.982861,0.000789,0.016350
489,0,0.856111,0.000272,0.143618
490,0,0.432199,0.000241,0.567560
491,0,0.000692,0.000198,0.999111
492,1,0.180552,0.807339,0.012109
493,0,0.001373,0.000138,0.998489
494,0,0.001600,0.000136,0.998264
495,1,0.001171,0.000590,0.998239
496,1,0.955327,0.000298,0.044374
497,1,0.890699,0.037364,0.071937
498,1,0.509717,0.000313,0.489970
499,0,0.000785,0.000269,0.998946
500,1,0.993102,0.001820,0.005078
501,1,0.056368,0.000275,0.943357
502,1,0.907412,0.000762,0.091826
503,1,0.487939,0.000711,0.511350
504,1,0.038700,0.191669,0.769631
505,1,0.978677,0.000920,0.020402
506,1,0.000773,0.000712,0.998514
507,0,0.156395,0.014545,0.829060
508,0,0.000669,0.000190,0.999142
509,0,0.000421,0.000478,0.999101
510,1,0.570849,0.109983,0.319168
511,1,0.012000,0.000144,0.987855
512,1,0.029673,0.000117,0.970211
513,0,0.004124,0.000140,0.995736
514,1,0.654501,0.047671,0.297827
515,0,0.000531,0.000231,0.999238
516,0,0.000623,0.000196,0.999181
517,1,0.000421,0.000312,0.999267
518,0,0.000442,0.000330,0.999228
519,0,0.001094,0.000138,0.998768
520,1,0.392126,0.000265,0.607609
521,1,0.991001,0.000508,0.008490
522,0,0.001584,0.000139,0.998277
523,1,0.174399,0.000444,0.825157
524,1,0.969005,0.008723,0.022273
525,1,0.807533,0.001558,0.190909
526,0,0.000580,0.000211,0.999209
527,1,0.910667,0.000416,0.088917
528,0,0.200224,0.007889,0.791887
529,1,0.005261,0.000167,0.994573
530,0,0.000626,0.000193,0.999181
531,0,0.000615,0.000256,0.999129
532,0,0.002307,0.000151,0.997543
533,1,0.003692,0.006773,0.989536
534,1,0.984638,0.000472,0.014890
535,1,0.986371,0.000490,0.013139
536,1,0.914803,0.000287,0.084910
537,0,0.000535,0.000206,0.999260
538,0,0.000733,0.000218,0.999049
539,1,0.006554,0.000312,0.993135
540,1,0.959528,0.000391,0.040081
541,1,0.975460,0.000691,0.023848
542,1,0.070360,0.000405,0.929234
543,0,0.001710,0.000134,0.998156
544,0,0.033613,0.000165,0.966222
545,0,0.003301,0.000130,0.996569
546,1,0.000781,0.000190,0.999030
547,1,0.066251,0.000496,0.933253
548,0,0.001799,0.000108,0.998093
549,0,0.001361,0.000164,0.998475
550,0,0.000746,0.000184,0.999070
551,1,0.993971,0.000543,0.005485
552,0,0.040097,0.000151,0.959752
553,0,0.002293,0.000152,0.997556
554,0,0.001020,0.000150,0.998830
555,0,0.025384,0.000111,0.974504
556,0,0.000452,0.000305,0.999244
557,1,0.985969,0.005894,0.008137
558,0,0.000638,0.000257,0.999105
559,0,0.573699,0.000232,0.426069
560,1,0.559306,0.023107,0.417587
561,1,0.187162,0.710238,0.102600
562,1,0.397794,0.000410,0.601796
563,1,0.000501,0.000276,0.999223
564,0,0.000570,0.000257,0.999173
565,1,0.475847,0.068644,0.455509
566,1,0.000970,0.000237,0.998793
567,1,0.007775,0.000291,0.991935
568,0,0.000507,0.000244,0.999249
569,1,0.663798,0.067013,0.269189
570,1,0.946702,0.000315,0.052983
571,1,0.124457,0.462412,0.413132
572,1,0.993492,0.000482,0.006025
573,1,0.974463,0.000276,0.025261
574,0,0.001340,0.000123,0.998537
575,0,0.030185,0.000181,0.969634
576,0,0.000618,0.000211,0.999171
577,1,0.780418,0.000329,0.219253
578,1,0.131583,0.000364,0.868053
579,1,0.799421,0.017536,0.183043
580,1,0.846083,0.000257,0.153661
581,1,0.983890,0.000389,0.015720
582,1,0.984575,0.000384,0.015041
583,0,0.000442,0.000319,0.999239
584,1,0.988193,0.000479,0.011328
585,0,0.000807,0.000198,0.998995
586,0,0.000620,0.000266,0.999114
587,0,0.000455,0.000263,0.999282
588,0,0.001026,0.000192,0.998782
589,0,0.000610,0.000205,0.999185
590,1,0.993468,0.001028,0.005504
591,0,0.004394,0.000107,0.995499
592,0,0.000483,0.000270,0.999247
593,0,0.373579,0.000260,0.626161
594,0,0.006905,0.000153,0.992942
595,1,0.337004,0.000201,0.662795
596,0,0.007198,0.000106,0.992696
597,0,0.001020,0.000145,0.998835
598,1,0.065963,0.000392,0.933645
599,0,0.004218,0.000134,0.995648
600,0,0.001567,0.000160,0.998273
601,0,0.000567,0.000211,0.999222
602,1,0.894644,0.000353,0.105004
603,0,0.000577,0.000234,0.999189
604,0,0.061192,0.000185,0.938622
605,1,0.953199,0.000270,0.046531
606,1,0.872563,0.000304,0.127133
607,1,0.990370,0.000458,0.009172
608,1,0.516273,0.000505,0.483222
609,0,0.002284,0.000208,0.997507
610,0,0.002127,0.000111,0.997763
611,0,0.000549,0.000323,0.999128
612,0,0.002425,0.000177,0.997398
613,0,0.095009,0.002786,0.902205
614,1,0.001041,0.000657,0.998302
615,1,0.003449,0.000186,0.996366
616,1,0.100652,0.000434,0.898914
617,0,0.000741,0.000381,0.998878
618,1,0.810759,0.078306,0.110935
619,0,0.002770,0.000180,0.997050
620,0,0.000427,0.000318,0.999254
621,1,0.994065,0.000830,0.005106
622,1,0.682725,0.000252,0.317024
623,0,0.000613,0.000211,0.999176
624,0,0.001774,0.000153,0.998073
625,1,0.961993,0.000326,0.037681
626,0,0.603925,0.000347,0.395728
627,1,0.310273,0.641584,0.048143
628,0,0.000700,0.000182,0.999119
629,0,0.023801,0.000194,0.976005
630,0,0.100313,0.000190,0.899497
631,1,0.584303,0.000324,0.415373
632,1,0.698441,0.010237,0.291322
633,1,0.512218,0.002229,0.485552
634,0,0.012798,0.000529,0.986673
635,0,0.000617,0.000244,0.999139
636,1,0.000902,0.000154,0.998943
637,0,0.000785,0.000214,0.999001
638,1,0.088667,0.000164,0.911170
639,1,0.000514,0.000406,0.999080
640,0,0.001153,0.000195,0.998652
641,1,0.000499,0.000671,0.998830
642,0,0.000883,0.000169,0.998948
643,0,0.000928,0.000194,0.998877
644,1,0.988227,0.000627,0.011145
645,1,0.018213,0.000273,0.981514
646,1,0.711710,0.000244,0.288046
647,0,0.000720,0.000303,0.998977
648,1,0.952369,0.000678,0.046953
649,0,0.000543,0.000224,0.999234
650,0,0.657496,0.000332,0.342172
651,1,0.001122,0.000395,0.998483
652,0,0.001346,0.000172,0.998482
653,1,0.930496,0.000531,0.068973
654,0,0.000768,0.000187,0.999045
655,1,0.001035,0.000156,0.998809
656,1,0.097252,0.014355,0.888394
657,0,0.033471,0.000122,0.966407
658,0,0.000575,0.000229,0.999196
659,1,0.291351,0.000418,0.708231
660,1,0.000546,0.000257,0.999197
661,1,0.009980,0.075800,0.914220
662,1,0.060828,0.015848,0.923324
663,1,0.477838,0.118423,0.403739
664,1,0.951946,0.000761,0.047293
665,0,0.001434,0.000260,0.998306
666,0,0.000831,0.000203,0.998967
667,0,0.001022,0.000149,0.998828
668,0,0.000794,0.000161,0.999045
669,0,0.001504,0.000140,0.998356
670,1,0.981809,0.003509,0.014682
671,0,0.030395,0.000117,0.969488
672,1,0.143852,0.001052,0.855096
673,1,0.069266,0.000422,0.930312
674,0,0.004512,0.000096,0.995393
675,1,0.213932,0.000364,0.785705
676,0,0.000638,0.000260,0.999101
677,1,0.000953,0.000152,0.998896
678,0,0.024719,0.000237,0.975044
679,1,0.619140,0.002299,0.378560
680,1,0.869828,0.000439,0.129733
681,1,0.005796,0.000155,0.994050
682,1,0.976940,0.000370,0.022690
683,1,0.991652,0.000625,0.007723
684,1,0.992815,0.004889,0.002296
685,0,0.002993,0.000112,0.996895
686,0,0.002087,0.000169,0.997743
687,0,0.000553,0.000319,0.999128
688,1,0.946267,0.008600,0.045133
689,0,0.006938,0.000110,0.992952
690,1,0.001943,0.000242,0.997815
691,1,0.031402,0.016368,0.952231
692,0,0.000498,0.000277,0.999225
693,1,0.301733,0.000285,0.697981
694,1,0.451817,0.000245,0.547939
695,1,0.986886,0.000390,0.012724
696,0,0.000722,0.000165,0.999113
697,1,0.804193,0.012412,0.183394
698,0,0.015502,0.000143,0.984356
699,0,0.000393,0.000434,0.999173
700,0,0.002620,0.000103,0.997277
701,0,0.002175,0.000122,0.997703
702,0,0.001154,0.000269,0.998577
703,0,0.000566,0.000252,0.999182
704,1,0.057486,0.742254,0.200260
705,1,0.993537,0.002856,0.003607
706,1,0.150904,0.836373,0.012724
707,1,0.265150,0.001253,0.733597
708,0,0.000445,0.000291,0.999264
709,1,0.061746,0.000179,0.938074
710,1,0.006336,0.000130,0.993534
711,0,0.005496,0.000139,0.994365
712,1,0.003017,0.000474,0.996509
713,1,0.061595,0.000199,0.938205
714,0,0.000825,0.000193,0.998982
715,1,0.459306,0.058959,0.481734
716,0,0.001000,0.000746,0.998255
717,1,0.987266,0.007542,0.005192
718,1,0.045931,0.645715,0.308354
719,1,0.173239,0.351608,0.475153
720,1,0.165016,0.318679,0.516305
721,0,0.951787,0.000266,0.047947
722,1,0.001461,0.000298,0.998241
723,0,0.535121,0.000323,0.464556
724,1,0.197510,0.760129,0.042360
725,1,0.250248,0.000212,0.749539
726,0,0.001767,0.000127,0.998106
727,1,0.011419,0.000917,0.987663
728,1,0.631572,0.000329,0.368099
729,1,0.785444,0.000650,0.213906
730,0,0.007982,0.000138,0.991880
731,1,0.774538,0.000235,0.225228
732,1,0.000671,0.000451,0.998878
733,1,0.337998,0.000228,0.661774
734,0,0.001303,0.000820,0.997877
735,0,0.000621,0.000228,0.999152
736,1,0.983829,0.000656,0.015515
737,0,0.000591,0.000327,0.999082
738,1,0.128955,0.469322,0.401724
739,1,0.980212,0.000342,0.019446
740,1,0.349688,0.000244,0.650068
741,0,0.003591,0.000122,0.996287
742,0,0.162048,0.000225,0.837726
743,0,0.000684,0.000175,0.999141
744,1,0.992062,0.000718,0.007220
745,0,0.003345,0.000116,0.996539
746,0,0.000495,0.000255,0.999250
747,0,0.000538,0.000210,0.999251
748,0,0.000597,0.000307,0.999096
749,0,0.017699,0.000241,0.982060
750,0,0.000546,0.000232,0.999222
751,1,0.324873,0.635682,0.039444
752,0,0.071326,0.000239,0.928435
753,1,0.983134,0.000425,0.016441
754,0,0.001871,0.000120,0.998009
755,0,0.004139,0.000131,0.995730
756,0,0.964678,0.000259,0.035063
757,0,0.102224,0.000160,0.897616
758,1,0.000803,0.002490,0.996707
759,1,0.854647,0.000882,0.144471
760,1,0.995824,0.001443,0.002733
761,0,0.011384,0.000117,0.988499
762,1,0.983577,0.000637,0.015786
763,1,0.935358,0.000238,0.064403
764,0,0.005241,0.002557,0.992203
765,1,0.980203,0.008903,0.010895
766,1,0.977869,0.005850,0.016281
767,1,0.267330,0.000243,0.732427
768,1,0.987678,0.001114,0.011208
769,0,0.000501,0.000318,0.999181
770,1,0.982158,0.007201,0.010641
771,0,0.000575,0.000311,0.999114
772,0,0.000670,0.000211,0.999119
773,1,0.143684,0.000183,0.856133
774,0,0.684854,0.000367,0.314779
775,1,0.002558,0.000191,0.997251
776,1,0.138349,0.002036,0.859615
777,1,0.005220,0.000203,0.994577
778,1,0.491302,0.000441,0.508257
779,1,0.078239,0.001091,0.920669
780,0,0.010845,0.000120,0.989035
781,1,0.116278,0.797860,0.085862
782,0,0.000536,0.000268,0.999196
783,1,0.860013,0.000473,0.139514
784,1,0.957731,0.000378,0.041890
785,0,0.000464,0.000261,0.999276
786,1,0.550570,0.410331,0.039099
787,0,0.030299,0.000114,0.969587
788,0,0.000429,0.000360,0.999211
789,0,0.000582,0.000254,0.999164
790,0,0.000559,0.000218,0.999224
791,1,0.673931,0.000366,0.325703
792,0,0.000987,0.000148,0.998865
793,1,0.462040,0.005942,0.532018
794,0,0.000543,0.000212,0.999245
795,0,0.003605,0.000122,0.996273
796,1,0.188518,0.015845,0.795637
797,0,0.000552,0.000225,0.999224
798,0,0.000506,0.000269,0.999225
799,0,0.001646,0.000151,0.998203
800,0,0.007675,0.000114,0.992211
801,0,0.000488,0.000295,0.999217
802,1,0.001512,0.000186,0.998302
803,1,0.004410,0.000244,0.995346
804,0,0.034598,0.000149,0.965253
805,1,0.977314,0.002664,0.020023
806,1,0.959668,0.000284,0.040048
807,0,0.000668,0.000226,0.999106
808,1,0.801379,0.000628,0.197993
809,0,0.000571,0.000259,0.999170
810,1,0.974467,0.001324,0.024209
811,0,0.003470,0.000166,0.996364
812,0,0.001115,0.000144,0.998741
813,0,0.004136,0.000246,0.995618
814,1,0.083137,0.850468,0.066395
815,0,0.005899,0.000112,0.993989
816,1,0.846215,0.000542,0.153243
817,1,0.060945,0.000172,0.938883
818,1,0.009472,0.000149,0.990379
819,0,0.049162,0.000127,0.950711
820,1,0.982116,0.007873,0.010011
821,0,0.000407,0.000340,0.999253
822,1,0.962644,0.001397,0.035959
823,1,0.987565,0.000917,0.011518
824,0,0.000480,0.000300,0.999220
825,0,0.007298,0.000131,0.992571
826,0,0.000745,0.000240,0.999015
827,1,0.922052,0.000274,0.077673
828,0,0.216422,0.000234,0.783344
829,1,0.550393,0.000266,0.449341
830,1,0.002539,0.000105,0.997356
831,1,0.077858,0.000519,0.921623
832,0,0.004897,0.000131,0.994972
833,0,0.003043,0.000147,0.996810
834,0,0.000614,0.000226,0.999160
835,1,0.001477,0.000496,0.998026
836,1,0.518746,0.000297,0.480957
837,0,0.001777,0.000123,0.998100
838,0,0.007120,0.000111,0.992769
839,1,0.002401,0.027511,0.970087
840,0,0.000784,0.000176,0.999040
841,0,0.000628,0.000197,0.999175
842,1,0.003780,0.000113,0.996107
843,1,0.860958,0.000264,0.138778
844,0,0.000565,0.000238,0.999198
845,1,0.977707,0.019418,0.002875
846,0,0.746519,0.000253,0.253228
847,1,0.177164,0.000839,0.821998
848,1,0.994842,0.000664,0.004493
849,0,0.003612,0.000192,0.996196
850,0,0.001502,0.000135,0.998363
851,1,0.944758,0.000379,0.054863
852,1,0.985865,0.000586,0.013549
853,0,0.143776,0.000193,0.856031
854,1,0.161291,0.000215,0.838494
855,0,0.837185,0.000272,0.162543
856,0,0.076690,0.000154,0.923156
857,1,0.046069,0.000257,0.953673
858,1,0.001427,0.000179,0.998394
859,0,0.004325,0.000147,0.995528
860,1,0.152136,0.102621,0.745242
861,1,0.038235,0.002460,0.959305
862,1,0.096717,0.000391,0.902892
863,0,0.001244,0.000302,0.998454
864,1,0.817458,0.001793,0.180749
865,1,0.721827,0.000324,0.277849
866,0,0.002249,0.000156,0.997595
867,0,0.001179,0.000318,0.998503
868,1,0.775674,0.000281,0.224045
869,1,0.825824,0.002166,0.172010
870,0,0.000455,0.000330,0.999215
871,1,0.146660,0.000318,0.853023
872,1,0.955397,0.000458,0.044145
873,0,0.012698,0.000127,0.987175
874,0,0.001155,0.000118,0.998727
875,0,0.013247,0.000125,0.986628
876,0,0.000703,0.000174,0.999122
877,0,0.000648,0.000234,0.999119
878,0,0.001457,0.000147,0.998396
879,1,0.001350,0.000323,0.998327
880,0,0.000551,0.000273,0.999177
881,1,0.853115,0.000222,0.146663
882,1,0.835760,0.020311,0.143929
883,0,0.000516,0.000266,0.999218
884,1,0.284881,0.009886,0.705233
885,1,0.893052,0.000325,0.106623
886,0,0.000499,0.000289,0.999212
887,1,0.754638,0.000289,0.245073
888,1,0.042715,0.000169,0.957116
889,0,0.000866,0.002178,0.996957
890,1,0.991851,0.001066,0.007082
891,1,0.238443,0.001907,0.759651
892,0,0.000541,0.000360,0.999099
893,1,0.061792,0.000252,0.937955
894,1,0.038899,0.000822,0.960279
895,1,0.993609,0.002792,0.003599
896,1,0.967176,0.000281,0.032544
897,0,0.016023,0.000148,0.983829
898,0,0.000688,0.000168,0.999144
899,0,0.006079,0.000108,0.993813
900,0,0.000852,0.000210,0.998938
901,0,0.002031,0.000138,0.997832
902,1,0.677735,0.000517,0.321748
903,1,0.177519,0.142760,0.679721
904,1,0.231491,0.014173,0.754336
905,1,0.590603,0.019930,0.389467
906,1,0.216145,0.000279,0.783576
907,0,0.761515,0.000532,0.237952
908,1,0.001405,0.000127,0.998468
909,0,0.004030,0.000146,0.995824
910,0,0.001771,0.000140,0.998089
911,1,0.992633,0.003322,0.004045
912,1,0.761035,0.000932,0.238033
913,0,0.264851,0.000197,0.734952
914,1,0.487921,0.001362,0.510717
915,1,0.020562,0.000400,0.979038
916,1,0.989214,0.002026,0.008760
917,0,0.000595,0.000233,0.999172
918,1,0.008912,0.004910,0.986178
919,0,0.000659,0.000205,0.999136
920,1,0.978590,0.000381,0.021028
921,0,0.000715,0.000268,0.999017
922,1,0.108249,0.006184,0.885567
923,0,0.000610,0.000210,0.999180
924,0,0.000563,0.000236,0.999201
925,0,0.000604,0.000285,0.999111
926,0,0.054693,0.000573,0.944734
927,1,0.974145,0.000431,0.025425
928,1,0.232729,0.707270,0.060001
929,0,0.000750,0.000208,0.999042
930,0,0.062937,0.000228,0.936835
931,1,0.934097,0.003661,0.062243
932,0,0.001206,0.000166,0.998627
933,1,0.933585,0.000272,0.066143
934,0,0.266191,0.000226,0.733583
935,1,0.926031,0.040383,0.033585
936,0,0.001534,0.000139,0.998327
937,0,0.001338,0.000140,0.998522
938,1,0.069212,0.910748,0.020040
939,1,0.042095,0.000868,0.957037
940,0,0.001872,0.000136,0.997992
941,0,0.012112,0.000114,0.987774
942,0,0.000654,0.000207,0.999138
943,1,0.950666,0.002680,0.046654
944,1,0.358614,0.174233,0.467153
945,0,0.461172,0.000288,0.538540
946,1,0.985077,0.000380,0.014543
947,1,0.001008,0.000150,0.998842
948,0,0.000749,0.000188,0.999063
949,0,0.078304,0.000189,0.921507
950,0,0.015136,0.000111,0.984753
951,1,0.182599,0.000262,0.817138
952,1,0.986506,0.010747,0.002746
953,0,0.000680,0.000184,0.999136
954,1,0.000653,0.000583,0.998764
955,1,0.522157,0.000453,0.477390
956,0,0.007619,0.000178,0.992202
957,0,0.001169,0.000157,0.998674
958,1,0.056355,0.075395,0.868250
959,0,0.000599,0.000237,0.999164
960,0,0.001211,0.000144,0.998645
961,1,0.009205,0.000855,0.989940
962,0,0.034122,0.000163,0.965716
963,0,0.005946,0.000109,0.993945
964,1,0.127540,0.001442,0.871018
965,0,0.000698,0.000183,0.999119
966,1,0.040453,0.001206,0.958342
967,1,0.055388,0.613313,0.331299
968,1,0.984370,0.000309,0.015321
969,1,0.010001,0.001227,0.988773
970,1,0.917068,0.000293,0.082639
971,1,0.002752,0.000193,0.997055
972,1,0.824499,0.000359,0.175142
973,0,0.000548,0.000271,0.999180
974,0,0.001488,0.000111,0.998401
975,0,0.000796,0.000191,0.999013
976,0,0.001553,0.000152,0.998295
977,1,0.416110,0.000525,0.583365
978,1,0.000450,0.000277,0.999273
979,0,0.000598,0.000330,0.999072
980,1,0.100137,0.173222,0.726642
981,1,0.878090,0.007634,0.114275
982,0,0.000796,0.000196,0.999008
983,0,0.000641,0.000180,0.999179
984,1,0.001600,0.000311,0.998089
985,1,0.979055,0.000560,0.020386
986,1,0.000612,0.000248,0.999140
987,1,0.000986,0.000183,0.998831
988,0,0.005238,0.000256,0.994506
989,1,0.002332,0.000166,0.997502
990,0,0.001893,0.000133,0.997974
991,1,0.916631,0.000688,0.082682
992,1,0.001580,0.000153,0.998267
993,1,0.001630,0.000513,0.997858
994,0,0.007567,0.000124,0.992309
995,0,0.168104,0.000276,0.831621
996,1,0.982000,0.000288,0.017712
997,0,0.000928,0.000148,0.998925
998,1,0.975143,0.000287,0.024570
999,1,0.002209,0.000136,0.997655
1000,1,0.019570,0.000328,0.980101
1001,0,0.182826,0.000223,0.816950
1002,0,0.000623,0.000203,0.999174
1003,0,0.001035,0.000155,0.998810
1004,1,0.526929,0.115009,0.358062
1005,1,0.073698,0.000973,0.925329
1006,1,0.948139,0.000272,0.051588
1007,0,0.000525,0.000226,0.999249
1008,1,0.594455,0.000411,0.405133
1009,1,0.052898,0.000181,0.946921
1010,0,0.000810,0.000170,0.999019
1011,1,0.908890,0.000447,0.090663
1012,0,0.009822,0.000120,0.990058
1013,1,0.940009,0.000262,0.059729
1014,1,0.759248,0.001600,0.239152
1015,0,0.000549,0.000225,0.999226
1016,0,0.007984,0.000115,0.991901
1017,0,0.081215,0.000163,0.918623
1018,1,0.920081,0.001722,0.078197
1019,1,0.937818,0.050855,0.011327
1020,1,0.018630,0.000111,0.981258
1021,0,0.791567,0.000915,0.207519
1022,1,0.359486,0.000294,0.640219
1023,0,0.000432,0.000447,0.999122
1024,1,0.008797,0.000138,0.991065
1025,1,0.799552,0.000597,0.199851
1026,1,0.096829,0.000338,0.902833
1027,0,0.003781,0.000111,0.996108
1028,0,0.000944,0.000223,0.998833
1029,1,0.039963,0.000154,0.959883
1030,1,0.800715,0.190948,0.008337
1031,1,0.872139,0.000244,0.127617
1032,1,0.006497,0.000122,0.993381
1033,1,0.567543,0.000543,0.431914
1034,0,0.001140,0.000147,0.998713
1035,1,0.994902,0.001678,0.003420
1036,0,0.003834,0.000223,0.995942
1037,0,0.007124,0.000132,0.992743
1038,1,0.844436,0.001132,0.154433
1039,1,0.085165,0.005174,0.909661
1040,0,0.000613,0.000250,0.999137
1041,1,0.001062,0.000311,0.998628
1042,0,0.058645,0.000145,0.941209
1043,0,0.001021,0.000183,0.998796
1044,0,0.001818,0.000149,0.998033
1045,0,0.007669,0.000109,0.992223
1046,1,0.055770,0.000131,0.944099
1047,0,0.005439,0.000125,0.994436
1048,0,0.001652,0.000180,0.998168
1049,0,0.005220,0.000098,0.994681
1050,0,0.237705,0.000224,0.762071
1051,1,0.994773,0.000879,0.004348
1052,1,0.617939,0.003230,0.378831
1053,0,0.081571,0.000209,0.918221
1054,1,0.851036,0.009819,0.139145
1055,1,0.653946,0.000236,0.345818
1056,1,0.002651,0.006497,0.990852
1057,0,0.000948,0.000169,0.998884
1058,0,0.024319,0.000161,0.975521
1059,0,0.007320,0.000140,0.992539
1060,1,0.631338,0.000318,0.368344
1061,1,0.798346,0.000517,0.201137
1062,1,0.724701,0.000547,0.274752
1063,1,0.089031,0.000998,0.909971
1064,1,0.988519,0.001157,0.010324
1065,1,0.761926,0.000240,0.237834
1066,0,0.000607,0.000196,0.999197
1067,1,0.272173,0.059579,0.668248
1068,0,0.000725,0.000175,0.999099
1069,1,0.737560,0.000247,0.262193
1070,1,0.686098,0.000265,0.313636
1071,1,0.027671,0.002512,0.969817
1072,0,0.019138,0.000149,0.980713
1073,0,0.039490,0.000171,0.960338
1074,0,0.001070,0.000165,0.998764
1075,0,0.026247,0.000146,0.973607
1076,0,0.000666,0.000311,0.999023
1077,1,0.927910,0.038628,0.033463
1078,1,0.002641,0.009678,0.987682
1079,0,0.000755,0.000223,0.999021
1080,0,0.427514,0.000234,0.572252
1081,1,0.764794,0.177058,0.058148
1082,0,0.000520,0.000233,0.999247
1083,1,0.912903,0.000461,0.086636
1084,0,0.001046,0.000166,0.998788
1085,1,0.612993,0.001728,0.385279
1086,1,0.899157,0.019124,0.081718
1087,1,0.000962,0.002281,0.996757
1088,1,0.984460,0.011475,0.004065
1089,1,0.001257,0.000509,0.998235
1090,1,0.822499,0.005365,0.172136
1091,0,0.000803,0.000290,0.998907
1092,0,0.000514,0.000534,0.998952
1093,0,0.000672,0.000200,0.999129
1094,1,0.994937,0.000822,0.004241
1095,0,0.001571,0.000138,0.998291
1096,0,0.018046,0.000124,0.981830
1097,1,0.147005,0.000302,0.852693
1098,1,0.317636,0.000217,0.682146
1099,0,0.102885,0.000247,0.896868
1100,1,0.989548,0.000609,0.009843
1101,0,0.014550,0.000133,0.985318
1102,1,0.006575,0.001825,0.991600
1103,0,0.000968,0.000187,0.998844
1104,1,0.916336,0.000410,0.083253
1105,0,0.000676,0.000250,0.999074
1106,0,0.020806,0.000143,0.979051
1107,0,0.000686,0.000188,0.999125
1108,0,0.233262,0.000170,0.766568
1109,1,0.259721,0.711711,0.028568
1110,1,0.027233,0.000735,0.972032
1111,1,0.012998,0.000200,0.986802
1112,1,0.758613,0.007728,0.233659
1113,1,0.908770,0.000321,0.090909
1114,0,0.036856,0.000156,0.962988
1115,1,0.641741,0.000622,0.357637
1116,0,0.000949,0.000525,0.998526
1117,0,0.000554,0.000260,0.999186
1118,0,0.001114,0.000176,0.998710
1119,1,0.230973,0.007544,0.761483
1120,1,0.018520,0.004476,0.977004
1121,0,0.000557,0.000227,0.999216
1122,0,0.000606,0.000340,0.999054
1123,1,0.000868,0.000192,0.998940
1124,1,0.521405,0.085193,0.393401
1125,1,0.983188,0.000704,0.016109
1126,0,0.000904,0.000159,0.998936
1127,0,0.000641,0.000190,0.999169
1128,0,0.000576,0.000228,0.999196
1129,0,0.137280,0.000287,0.862433
1130,0,0.000707,0.000158,0.999135
1131,0,0.000579,0.000209,0.999212
1132,0,0.000506,0.000234,0.999260
1133,1,0.160395,0.587022,0.252583
1134,0,0.002346,0.000165,0.997489
1135,0,0.001431,0.000123,0.998446
1136,0,0.051777,0.000137,0.948086
1137,0,0.000475,0.000275,0.999251
1138,0,0.001076,0.000139,0.998785
1139,1,0.980303,0.000304,0.019392
1140,1,0.239585,0.754275,0.006141
1141,0,0.000708,0.000224,0.999068
1142,1,0.740134,0.066601,0.193265
1143,0,0.006222,0.000353,0.993425
1144,0,0.007831,0.008730,0.983439
1145,1,0.031439,0.000399,0.968161
1146,1,0.553791,0.005545,0.440664
1147,0,0.000585,0.000208,0.999207
1148,0,0.000695,0.000188,0.999116
1149,1,0.995116,0.001263,0.003622
1150,1,0.043030,0.000995,0.955975
1151,0,0.325213,0.000228,0.674560
1152,1,0.164189,0.033133,0.802678
1153,0,0.000694,0.000197,0.999109
1154,1,0.450888,0.003774,0.545338
1155,0,0.018113,0.000144,0.981743
1156,1,0.951246,0.000280,0.048474
1157,0,0.000429,0.000286,0.999285
1158,1,0.173046,0.000286,0.826669
1159,0,0.002044,0.000141,0.997815
1160,1,0.967242,0.000418,0.032340
1161,1,0.005988,0.000944,0.993069
1162,1,0.005027,0.000217,0.994755
1163,1,0.019135,0.000277,0.980589
1164,1,0.908719,0.000348,0.090933
1165,0,0.002400,0.000138,0.997463
1166,0,0.000602,0.000221,0.999177
1167,1,0.001530,0.000129,0.998341
1168,0,0.003703,0.000196,0.996100
1169,0,0.002569,0.000780,0.996651
1170,1,0.845187,0.000443,0.154370
1171,0,0.000741,0.000181,0.999078
1172,1,0.000741,0.000180,0.999079
1173,1,0.336388,0.005167,0.658445
1174,1,0.961047,0.002730,0.036222
1175,1,0.262694,0.000306,0.737000
1176,0,0.000797,0.000184,0.999019
1177,1,0.097944,0.000315,0.901742
1178,0,0.001645,0.000158,0.998196
1179,0,0.000907,0.000164,0.998929
1180,1,0.021589,0.000488,0.977923
1181,1,0.673434,0.000593,0.325974
1182,1,0.747548,0.000323,0.252129
1183,0,0.000728,0.000223,0.999049
1184,1,0.125289,0.004745,0.869966
1185,0,0.000529,0.000277,0.999195
1186,0,0.001211,0.000169,0.998620
1187,0,0.046802,0.000180,0.953018
1188,0,0.002638,0.000247,0.997116
1189,1,0.980847,0.000500,0.018653
1190,1,0.987711,0.000379,0.011911
1191,1,0.813157,0.000272,0.186571
1192,0,0.015739,0.000108,0.984154
1193,1,0.976721,0.000495,0.022785
1194,0,0.000587,0.000302,0.999111
1195,0,0.003055,0.000229,0.996716
1196,1,0.083194,0.000212,0.916594
1197,1,0.964803,0.000281,0.034916
1198,1,0.270046,0.000637,0.729317
1199,1,0.017292,0.000540,0.982168
1200,0,0.000681,0.000248,0.999071
1201,1,0.043141,0.000155,0.956704
1202,0,0.000623,0.000251,0.999126
1203,0,0.000469,0.000267,0.999264
1204,0,0.000518,0.000267,0.999215
1205,1,0.706638,0.001414,0.291948
1206,0,0.142034,0.000373,0.857593
1207,0,0.002543,0.000111,0.997346
1208,0,0.006867,0.000134,0.992999
1209,0,0.002103,0.000472,0.997425
1210,1,0.021727,0.000181,0.978091
1211,1,0.961181,0.000288,0.038531
1212,1,0.026021,0.000133,0.973846
1213,1,0.133158,0.000201,0.866641
1214,1,0.036591,0.000203,0.963206
1215,1,0.920168,0.000222,0.079610
1216,1,0.908867,0.000255,0.090878
1217,1,0.967663,0.000394,0.031943
1218,1,0.750630,0.004670,0.244700
1219,1,0.088596,0.000144,0.911260
1220,1,0.026050,0.000204,0.973747
1221,0,0.003155,0.000126,0.996719
1222,0,0.003560,0.000124,0.996316
1223,1,0.944088,0.000312,0.055600
1224,1,0.003820,0.003657,0.992523
1225,1,0.003770,0.007451,0.988780
1226,1,0.026704,0.000131,0.973165
1227,1,0.000452,0.000281,0.999267
1228,0,0.010228,0.000375,0.989397
1229,0,0.000871,0.000215,0.998914
1230,1,0.931915,0.002940,0.065146
1231,1,0.863831,0.061132,0.075036
1232,0,0.000570,0.000222,0.999208
1233,1,0.507947,0.002382,0.489671
1234,0,0.012651,0.000105,0.987244
1235,0,0.000872,0.000193,0.998935
1236,0,0.000528,0.000284,0.999187
1237,0,0.000733,0.000217,0.999050
1238,0,0.000914,0.000129,0.998957
1239,0,0.001976,0.000327,0.997698
1240,0,0.001601,0.000197,0.998202
1241,0,0.000445,0.000319,0.999237
1242,1,0.346601,0.000323,0.653076
1243,0,0.079927,0.000177,0.919897
1244,1,0.245285,0.000262,0.754453
1245,0,0.000526,0.001859,0.997615
1246,0,0.000639,0.000241,0.999120
1247,0,0.386973,0.000243,0.612784
1248,1,0.538140,0.077012,0.384847
1249,0,0.002665,0.000146,0.997190
1250,0,0.000550,0.000252,0.999197
1251,1,0.215639,0.086902,0.697459
1252,0,0.005942,0.000113,0.993945
1253,1,0.958458,0.000752,0.040790
1254,1,0.560193,0.003888,0.435919
1255,1,0.548609,0.000288,0.451102
1256,1,0.001011,0.000148,0.998841
1257,0,0.014599,0.000104,0.985297
1258,0,0.000453,0.000291,0.999256
1259,0,0.001101,0.000138,0.998761
1260,1,0.986248,0.000432,0.013320
1261,1,0.004646,0.000137,0.995218
1262,0,0.001144,0.000132,0.998725
1263,1,0.613738,0.000357,0.385905
1264,1,0.007779,0.967470,0.024751
1265,0,0.002183,0.000144,0.997672
1266,0,0.001538,0.000137,0.998325
1267,1,0.020669,0.000158,0.979173
1268,1,0.001248,0.000168,0.998584
1269,1,0.018057,0.127354,0.854589
1270,0,0.000585,0.000211,0.999204
1271,0,0.000547,0.000311,0.999141
1272,0,0.007078,0.000116,0.992806
1273,1,0.205524,0.000978,0.793498
1274,1,0.022797,0.000155,0.977048
1275,0,0.000598,0.000210,0.999191
1276,0,0.001149,0.000121,0.998730
1277,1,0.372184,0.000435,0.627380
1278,1,0.262813,0.705343,0.031844
1279,1,0.006351,0.000195,0.993454
1280,0,0.072011,0.000461,0.927528
1281,0,0.001532,0.000116,0.998353
1282,1,0.036069,0.037720,0.926211
1283,1,0.000722,0.001158,0.998120
1284,0,0.000614,0.000292,0.999094
1285,0,0.035748,0.001685,0.962567
1286,1,0.000644,0.000226,0.999129
1287,0,0.003820,0.000112,0.996068
1288,1,0.047636,0.784022,0.168343
1289,0,0.000657,0.000223,0.999120
1290,0,0.000497,0.000274,0.999229
1291,1,0.941268,0.005662,0.053070
1292,1,0.788940,0.006486,0.204573
1293,1,0.012143,0.906663,0.081194
1294,0,0.000601,0.000213,0.999186
1295,1,0.990863,0.000831,0.008306
1296,1,0.051147,0.937942,0.010911
1297,1,0.872326,0.086796,0.040877
1298,1,0.993082,0.002256,0.004662
1299,1,0.983428,0.001604,0.014967
1300,1,0.930982,0.000616,0.068402
1301,0,0.000522,0.000228,0.999249
1302,1,0.089199,0.000167,0.910634
1303,1,0.875610,0.000349,0.124041
1304,1,0.961022,0.001151,0.037827
1305,0,0.000537,0.000330,0.999134
1306,1,0.994148,0.001046,0.004807
1307,1,0.244552,0.000480,0.754968
1308,1,0.080665,0.000219,0.919116
1309,1,0.991165,0.000467,0.008368
1310,0,0.003755,0.000178,0.996067
1311,1,0.020031,0.002339,0.977631
1312,1,0.080076,0.107747,0.812177
1313,1,0.653322,0.003002,0.343677
1314,1,0.167459,0.000569,0.831972
1315,1,0.333126,0.513346,0.153528
1316,1,0.980085,0.002750,0.017165
1317,1,0.218428,0.000704,0.780868
1318,0,0.002082,0.000407,0.997511
1319,0,0.523138,0.018051,0.458810
1320,1,0.001630,0.000123,0.998247
1321,0,0.000936,0.000179,0.998885
1322,0,0.004081,0.000121,0.995798
1323,1,0.112543,0.588410,0.299047
1324,0,0.003904,0.000138,0.995958
1325,0,0.002647,0.000111,0.997241
1326,0,0.375732,0.000242,0.624026
1327,0,0.001283,0.000246,0.998471
1328,1,0.002564,0.000571,0.996866
1329,1,0.007648,0.000351,0.992001
1330,1,0.001134,0.000125,0.998741
1331,0,0.001552,0.000167,0.998281
1332,1,0.041763,0.000182,0.958054
1333,0,0.000872,0.000146,0.998982
1334,0,0.004106,0.000135,0.995759
1335,0,0.000807,0.000237,0.998956
1336,1,0.639624,0.002916,0.357459
1337,1,0.004757,0.000399,0.994844
1338,0,0.000522,0.000239,0.999239
1339,0,0.002062,0.000116,0.997822
1340,1,0.364002,0.000325,0.635672
1341,0,0.130274,0.007550,0.862176
1342,1,0.014754,0.013342,0.971904
1343,0,0.000446,0.000271,0.999283
1344,1,0.000770,0.000217,0.999012
1345,1,0.000499,0.000246,0.999255
1346,1,0.019889,0.000538,0.979573
1347,1,0.822455,0.000480,0.177066
1348,1,0.521953,0.000385,0.477662
1349,1,0.037830,0.000181,0.961989
1350,1,0.002200,0.034359,0.963441
1351,0,0.001641,0.000109,0.998250
1352,0,0.000547,0.000236,0.999217
1353,1,0.961870,0.000267,0.037862
1354,1,0.050344,0.000162,0.949495
1355,1,0.357454,0.000546,0.641999
1356,1,0.187550,0.612433,0.200017
1357,1,0.002351,0.000913,0.996736
1358,0,0.017552,0.000117,0.982331
1359,0,0.000499,0.000236,0.999265
1360,1,0.974941,0.000267,0.024792
1361,1,0.863277,0.017330,0.119393
1362,1,0.001102,0.000564,0.998334
1363,1,0.963087,0.000367,0.036545
1364,1,0.000537,0.000277,0.999186
1365,0,0.000575,0.000252,0.999172
1366,1,0.902737,0.000273,0.096990
1367,1,0.871505,0.000277,0.128217
1368,1,0.555775,0.000318,0.443907
1369,0,0.003302,0.000175,0.996523
1370,1,0.069629,0.000154,0.930218
1371,0,0.000618,0.000251,0.999131
1372,1,0.835681,0.000224,0.164095
1373,1,0.742715,0.052155,0.205130
1374,0,0.084148,0.000139,0.915714
1375,1,0.033007,0.000148,0.966844
1376,1,0.948559,0.000242,0.051198
1377,0,0.003058,0.000177,0.996765
1378,1,0.781959,0.000226,0.217815
1379,1,0.781959,0.000226,0.217815
1380,0,0.000394,0.000426,0.999180
1381,1,0.972427,0.000342,0.027231
1382,0,0.000426,0.000357,0.999216
1383,1,0.992527,0.000963,0.006510
1384,1,0.030228,0.000137,0.969635
1385,0,0.007073,0.000135,0.992792
1386,0,0.000544,0.000287,0.999169
1387,1,0.655953,0.000317,0.343730
1388,0,0.000622,0.000192,0.999186
1389,1,0.011044,0.939500,0.049457
1390,0,0.000606,0.000224,0.999170
1391,1,0.920409,0.000305,0.079286
1392,1,0.710751,0.009567,0.279682
1393,0,0.000603,0.000254,0.999143
1394,1,0.963530,0.000269,0.036201
1395,0,0.021402,0.000132,0.978466
1396,1,0.991777,0.001095,0.007127
1397,1,0.192251,0.000227,0.807522
1398,0,0.001581,0.000121,0.998298
1399,1,0.344630,0.025248,0.630122
1400,0,0.003500,0.000118,0.996382
1401,1,0.319751,0.000254,0.679995
1402,0,0.000963,0.000399,0.998638
1403,1,0.315802,0.000204,0.683994
1404,1,0.992340,0.004706,0.002954
1405,0,0.000686,0.000276,0.999038
1406,1,0.029034,0.000387,0.970579
1407,0,0.005484,0.000129,0.994387
1408,1,0.006373,0.001391,0.992236
1409,1,0.372982,0.537330,0.089687
1410,0,0.008263,0.000137,0.991600
1411,0,0.000649,0.000217,0.999134
1412,0,0.000796,0.000187,0.999017
1413,0,0.000605,0.000248,0.999148
1414,0,0.005852,0.000126,0.994022
1415,1,0.275019,0.119643,0.605338
1416,1,0.861555,0.049616,0.088828
1417,1,0.925382,0.000243,0.074375
1418,0,0.000553,0.000226,0.999221
1419,0,0.004118,0.000122,0.995761
1420,0,0.000527,0.000251,0.999223
1421,0,0.000669,0.000199,0.999132
1422,1,0.991313,0.004866,0.003821
1423,1,0.627269,0.002898,0.369833
1424,0,0.006495,0.000120,0.993385
1425,0,0.006235,0.000344,0.993422
1426,1,0.988471,0.000499,0.011030
1427,1,0.002442,0.000221,0.997337
1428,0,0.000586,0.000231,0.999183
1429,1,0.150880,0.000192,0.848928
1430,1,0.125980,0.001499,0.872521
1431,1,0.058981,0.004592,0.936427
1432,1,0.003402,0.000111,0.996487
1433,0,0.000458,0.001148,0.998393
1434,0,0.000402,0.000345,0.999253
1435,0,0.009853,0.000104,0.990042
1436,1,0.601507,0.000378,0.398115
1437,0,0.120753,0.000237,0.879010
1438,0,0.034869,0.000165,0.964966
1439,0,0.304937,0.004045,0.691019
1440,0,0.002329,0.000114,0.997558
1441,0,0.000772,0.000222,0.999006
1442,0,0.003829,0.000149,0.996022
1443,0,0.000881,0.000191,0.998929
1444,1,0.472344,0.000345,0.527312
1445,1,0.115788,0.000391,0.883821
1446,1,0.954820,0.000280,0.044899
1447,1,0.579828,0.000320,0.419852
1448,1,0.012073,0.000278,0.987649
1449,0,0.588061,0.000525,0.411414
1450,1,0.978542,0.000282,0.021176
1451,0,0.000799,0.000186,0.999014
1452,1,0.985634,0.001054,0.013312
1453,1,0.985620,0.000368,0.014012
1454,1,0.977431,0.000890,0.021680
1455,1,0.987365,0.000889,0.011746
1456,1,0.643227,0.101012,0.255761
1457,1,0.088731,0.003537,0.907732
1458,1,0.942037,0.000312,0.057651
1459,1,0.011910,0.001126,0.986964
1460,1,0.955909,0.000267,0.043825
1461,1,0.058691,0.002884,0.938425
1462,1,0.968839,0.000256,0.030905
1463,0,0.003429,0.000113,0.996458
1464,0,0.067650,0.000275,0.932075
1465,0,0.000470,0.000296,0.999234
1466,1,0.296795,0.000478,0.702727
1467,0,0.000800,0.000183,0.999017
1468,1,0.842866,0.001259,0.155875
1469,0,0.000904,0.000144,0.998952
1470,1,0.973009,0.002222,0.024769
1471,1,0.907975,0.000440,0.091585
1472,0,0.000587,0.000338,0.999075
1473,1,0.990464,0.000417,0.009119
1474,1,0.989202,0.005782,0.005015
1475,0,0.003495,0.000149,0.996356
1476,1,0.818462,0.000480,0.181059
1477,1,0.907754,0.000217,0.092029
1478,1,0.001319,0.000472,0.998208
1479,0,0.007677,0.000103,0.992220
1480,1,0.000561,0.000312,0.999127
1481,0,0.024915,0.000191,0.974894
1482,1,0.349553,0.000936,0.649510
1483,1,0.761139,0.004921,0.233940
1484,0,0.005149,0.000102,0.994749
1485,1,0.986613,0.000786,0.012601
1486,0,0.004884,0.000111,0.995005
1487,1,0.763864,0.001389,0.234748
1488,0,0.017799,0.000100,0.982101
1489,1,0.986948,0.002600,0.010452
1490,1,0.048128,0.007213,0.944660
1491,1,0.025626,0.000434,0.973940
1492,0,0.000827,0.000188,0.998984
1493,1,0.021768,0.813899,0.164333
1494,1,0.969409,0.000386,0.030204
1495,1,0.009618,0.000132,0.990250
1496,1,0.003001,0.014978,0.982021
1497,1,0.951106,0.001185,0.047709
1498,0,0.000470,0.000279,0.999251
1499,1,0.033743,0.000207,0.966051
1500,0,0.001239,0.000147,0.998615
1501,1,0.001143,0.000135,0.998722
1502,1,0.001350,0.000124,0.998526
1503,0,0.009108,0.000110,0.990781
1504,1,0.004355,0.000118,0.995528
1505,1,0.061767,0.000386,0.937847
1506,1,0.242847,0.000211,0.756942
1507,0,0.000666,0.000205,0.999130
1508,1,0.991131,0.002275,0.006594
1509,1,0.991056,0.000603,0.008341
1510,1,0.123735,0.000176,0.876089
1511,0,0.000615,0.000204,0.999180
1512,0,0.001388,0.000125,0.998487
1513,0,0.002140,0.000124,0.997736
1514,1,0.523826,0.000247,0.475927
1515,1,0.137346,0.000238,0.862415
1516,0,0.000490,0.000268,0.999242
1517,1,0.854232,0.005541,0.140227
1518,1,0.988374,0.000595,0.011031
1519,0,0.008109,0.000178,0.991714
1520,1,0.983085,0.000308,0.016607
1521,0,0.001977,0.000118,0.997905
1522,1,0.034475,0.006419,0.959106
1523,1,0.978798,0.001656,0.019546
1524,0,0.002217,0.000132,0.997650
1525,0,0.000933,0.000174,0.998894
1526,0,0.004998,0.000149,0.994853
1527,1,0.011375,0.014868,0.973757
1528,0,0.002379,0.000320,0.997302
1529,0,0.000593,0.000200,0.999206
1530,0,0.000509,0.000239,0.999252
1531,1,0.987855,0.000884,0.011261
1532,1,0.991260,0.000480,0.008261
1533,0,0.000775,0.000194,0.999031
1534,1,0.003162,0.000122,0.996716
1535,1,0.010470,0.000188,0.989342
1536,1,0.041903,0.000167,0.957930
1537,0,0.002911,0.000117,0.996972
1538,0,0.000846,0.000248,0.998906
1539,0,0.000768,0.000151,0.999081
1540,1,0.984259,0.000504,0.015237
1541,1,0.984775,0.000584,0.014641
1542,0,0.001100,0.000122,0.998778
1543,0,0.053672,0.000175,0.946153
1544,1,0.119135,0.000157,0.880707
1545,1,0.269483,0.000215,0.730301
1546,0,0.000984,0.000181,0.998836
1547,0,0.001089,0.000131,0.998780
1548,0,0.155293,0.000223,0.844484
1549,1,0.125476,0.000173,0.874351
1550,1,0.634320,0.000442,0.365239
1551,1,0.934129,0.000291,0.065580
1552,0,0.000694,0.000264,0.999042
1553,1,0.687508,0.000289,0.312203
1554,1,0.164520,0.000315,0.835164
1555,1,0.995632,0.001286,0.003082
1556,1,0.126602,0.000265,0.873133
1557,0,0.000612,0.000241,0.999146
1558,1,0.015701,0.001309,0.982990
1559,0,0.000668,0.000227,0.999105
1560,1,0.028053,0.000187,0.971761
1561,1,0.750529,0.000244,0.249227
1562,0,0.006214,0.000105,0.993681
1563,0,0.000555,0.000295,0.999151
1564,0,0.090760,0.000233,0.909006
1565,0,0.002359,0.000149,0.997492
1566,0,0.005118,0.000100,0.994782
1567,0,0.052985,0.000188,0.946827
1568,1,0.186364,0.000722,0.812914
1569,1,0.352917,0.000326,0.646757
1570,0,0.609193,0.000297,0.390510
1571,0,0.002107,0.000174,0.997719
1572,0,0.000846,0.000160,0.998994
1573,0,0.000954,0.000177,0.998869
1574,0,0.000585,0.000235,0.999180
1575,0,0.002968,0.000140,0.996892
1576,1,0.372945,0.000243,0.626811
1577,1,0.042514,0.000325,0.957161
1578,0,0.144967,0.000636,0.854397
1579,1,0.982724,0.004202,0.013073
1580,1,0.960576,0.000377,0.039047
1581,0,0.000969,0.000173,0.998858
1582,1,0.422568,0.179144,0.398288
1583,1,0.093675,0.000170,0.906155
1584,0,0.025052,0.000139,0.974809
1585,0,0.083750,0.000528,0.915721
1586,0,0.026981,0.000183,0.972836
1587,0,0.001001,0.000164,0.998835
1588,0,0.005787,0.000112,0.994101
1589,0,0.011332,0.000150,0.988517
1590,1,0.847860,0.111928,0.040212
1591,1,0.000580,0.000277,0.999144
1592,1,0.989497,0.000447,0.010056
1593,0,0.000695,0.000173,0.999132
1594,0,0.980622,0.000660,0.018718
1595,0,0.001314,0.000136,0.998550
1596,0,0.000616,0.000214,0.999170
1597,1,0.002280,0.000331,0.997389
1598,1,0.986588,0.009429,0.003983
1599,0,0.002612,0.000739,0.996649
1600,0,0.052277,0.000164,0.947559
1601,1,0.051387,0.000164,0.948449
1602,0,0.000995,0.000146,0.998859
1603,1,0.722983,0.000244,0.276773
1604,0,0.003747,0.000129,0.996124
1605,1,0.004651,0.001172,0.994177
1606,0,0.000826,0.000174,0.999000
1607,0,0.001139,0.000184,0.998677
1608,1,0.049995,0.000868,0.949136
1609,1,0.019467,0.008304,0.972230
1610,1,0.061993,0.000425,0.937581
1611,1,0.890893,0.000238,0.108870
1612,1,0.119252,0.801876,0.078872
1613,0,0.000447,0.000283,0.999270
1614,1,0.844482,0.000262,0.155256
1615,1,0.000699,0.000384,0.998917
1616,1,0.046761,0.000170,0.953069
1617,0,0.982532,0.000305,0.017163
1618,1,0.037265,0.000197,0.962538
1619,1,0.486718,0.049574,0.463708
1620,1,0.987246,0.000524,0.012230
1621,0,0.001325,0.000175,0.998501
1622,0,0.002999,0.000102,0.996899
1623,1,0.342740,0.000465,0.656796
1624,1,0.043902,0.925078,0.031020
1625,0,0.000496,0.000273,0.999231
1626,0,0.897153,0.000232,0.102615
1627,0,0.000540,0.000257,0.999202
1628,1,0.865111,0.000435,0.134454
1629,0,0.002390,0.000377,0.997233
1630,0,0.000485,0.000278,0.999238
1631,0,0.001246,0.000217,0.998537
1632,0,0.148608,0.000181,0.851211
1633,1,0.954557,0.000352,0.045091
1634,1,0.063813,0.000445,0.935742
1635,1,0.321651,0.004227,0.674121
1636,1,0.069610,0.000462,0.929928
1637,1,0.631208,0.000652,0.368140
1638,1,0.018857,0.002644,0.978499
1639,0,0.027026,0.000201,0.972773
1640,0,0.000531,0.000250,0.999219
1641,1,0.798104,0.000272,0.201624
1642,1,0.368952,0.003040,0.628008
1643,0,0.000665,0.000263,0.999071
1644,1,0.369734,0.000371,0.629895
1645,1,0.068692,0.000167,0.931140
1646,0,0.001385,0.000195,0.998420
1647,1,0.083427,0.000356,0.916217
1648,1,0.980639,0.000636,0.018725
1649,1,0.989091,0.000675,0.010233
1650,0,0.001787,0.000135,0.998078
1651,1,0.919181,0.000515,0.080304
1652,0,0.001102,0.000163,0.998736
1653,0,0.001185,0.000139,0.998676
1654,0,0.004100,0.000138,0.995762
1655,1,0.879040,0.000287,0.120673
1656,1,0.002731,0.000209,0.997060
1657,1,0.860262,0.014380,0.125358
1658,1,0.987461,0.000731,0.011809
1659,1,0.016578,0.000201,0.983221
1660,1,0.973250,0.000314,0.026436
1661,0,0.042930,0.000158,0.956912
1662,0,0.003052,0.000115,0.996833
1663,1,0.038800,0.000609,0.960592
1664,1,0.005344,0.002913,0.991743
1665,0,0.005629,0.000096,0.994275
1666,0,0.624160,0.000305,0.375534
1667,0,0.000536,0.000382,0.999082
1668,0,0.054420,0.000174,0.945406
1669,0,0.000724,0.000228,0.999048
1670,1,0.016146,0.000674,0.983180
1671,0,0.000862,0.000164,0.998975
1672,1,0.328443,0.611882,0.059675
1673,1,0.893306,0.000255,0.106439
1674,0,0.977551,0.000317,0.022132
1675,1,0.088424,0.000159,0.911417
1676,0,0.001008,0.000173,0.998819
1677,1,0.001373,0.000501,0.998126
1678,0,0.000614,0.000638,0.998748
1679,0,0.002411,0.000174,0.997416
1680,0,0.000995,0.000141,0.998864
1681,0,0.090675,0.000489,0.908836
1682,1,0.001685,0.000166,0.998149
1683,0,0.000505,0.000286,0.999210
1684,1,0.147776,0.529217,0.323007
1685,1,0.160851,0.005778,0.833372
1686,1,0.915080,0.000241,0.084679
1687,0,0.001460,0.000134,0.998406
1688,0,0.000996,0.000425,0.998579
1689,1,0.922252,0.001192,0.076556
1690,1,0.949820,0.000269,0.049911
1691,1,0.155243,0.000575,0.844182
1692,1,0.563952,0.142018,0.294030
1693,0,0.000532,0.000289,0.999179
1694,1,0.040561,0.018666,0.940773
1695,1,0.988315,0.000390,0.011296
1696,1,0.963046,0.001316,0.035638
1697,0,0.001583,0.000187,0.998230
1698,0,0.001514,0.000126,0.998360
1699,1,0.928378,0.000425,0.071196
1700,0,0.006556,0.000187,0.993257
1701,1,0.873605,0.000257,0.126138
1702,0,0.004192,0.000162,0.995646
1703,0,0.005412,0.000137,0.994450
1704,1,0.002034,0.000162,0.997804
1705,1,0.000988,0.000224,0.998788
1706,0,0.000761,0.000180,0.999060
1707,0,0.001202,0.000125,0.998673
1708,0,0.000770,0.000170,0.999060
1709,0,0.001488,0.000132,0.998380
1710,0,0.036481,0.002264,0.961255
1711,1,0.001787,0.000194,0.998019
1712,1,0.018214,0.000205,0.981580
1713,1,0.021826,0.000125,0.978049
1714,0,0.000787,0.000165,0.999048
1715,0,0.001134,0.000239,0.998627
1716,1,0.009959,0.000379,0.989662
1717,1,0.065844,0.871955,0.062201
1718,1,0.093557,0.000563,0.905880
1719,0,0.000749,0.000184,0.999067
1720,0,0.001764,0.000127,0.998109
1721,1,0.003252,0.000157,0.996591
1722,1,0.947593,0.000729,0.051679
1723,1,0.000807,0.001072,0.998121
1724,0,0.001638,0.000426,0.997936
1725,0,0.000939,0.000157,0.998904
1726,1,0.001182,0.000130,0.998688
1727,0,0.001669,0.000118,0.998213
1728,1,0.007930,0.000256,0.991814
1729,1,0.981102,0.000406,0.018492
1730,0,0.132106,0.000179,0.867715
1731,0,0.000573,0.000241,0.999187
1732,1,0.578329,0.000959,0.420712
1733,1,0.617380,0.002442,0.380178
1734,0,0.000463,0.000381,0.999156
1735,1,0.957143,0.000538,0.042319
1736,1,0.098287,0.780982,0.120732
1737,0,0.000618,0.000272,0.999110
1738,1,0.069926,0.914980,0.015094
1739,1,0.075220,0.000642,0.924138
1740,0,0.000592,0.000262,0.999146
1741,1,0.001422,0.000435,0.998143
1742,1,0.972155,0.000325,0.027519
1743,0,0.000967,0.000132,0.998901
1744,0,0.000685,0.000177,0.999138
1745,0,0.000845,0.000160,0.998995
1746,0,0.026481,0.000117,0.973402
1747,0,0.020904,0.000215,0.978881
1748,0,0.000940,0.000162,0.998898
1749,0,0.147203,0.000168,0.852629
1750,1,0.731224,0.000329,0.268447
1751,1,0.994016,0.001472,0.004512
1752,1,0.042691,0.000169,0.957140
1753,1,0.159382,0.000201,0.840417
1754,0,0.000798,0.000190,0.999012
1755,1,0.007732,0.219595,0.772673
1756,1,0.002548,0.000221,0.997231
1757,1,0.543835,0.000335,0.455830
1758,1,0.003506,0.095841,0.900653
1759,1,0.978913,0.000550,0.020537
1760,1,0.778081,0.006290,0.215629
1761,0,0.003762,0.000158,0.996080
1762,0,0.000541,0.000238,0.999220
1763,0,0.000553,0.000227,0.999220
1764,1,0.864344,0.000253,0.135403
1765,1,0.899422,0.025434,0.075144
1766,1,0.001058,0.000193,0.998750
1767,0,0.384942,0.000255,0.614803
1768,1,0.002112,0.000442,0.997446
1769,1,0.854910,0.002618,0.142472
1770,0,0.000489,0.000257,0.999254
1771,0,0.000443,0.000295,0.999262
1772,1,0.004813,0.109889,0.885297
1773,0,0.816538,0.000251,0.183212
1774,0,0.002961,0.000150,0.996888
1775,1,0.461788,0.000303,0.537909
1776,1,0.001595,0.000155,0.998249
1777,1,0.005974,0.000116,0.993910
1778,1,0.681508,0.000256,0.318236
1779,0,0.001074,0.000155,0.998771
1780,0,0.002513,0.000157,0.997330
1781,1,0.268504,0.000383,0.731113
1782,0,0.000524,0.000258,0.999219
1783,1,0.977297,0.016782,0.005921
1784,1,0.005182,0.000146,0.994672
1785,1,0.420418,0.000362,0.579220
1786,1,0.012223,0.029966,0.957811
1787,0,0.001502,0.000126,0.998372
1788,1,0.772255,0.000261,0.227484
1789,0,0.002630,0.000452,0.996918
1790,0,0.000968,0.000215,0.998817
1791,1,0.001018,0.000523,0.998459
1792,1,0.085063,0.000240,0.914697
1793,1,0.007726,0.000766,0.991508
1794,1,0.002225,0.000165,0.997611
1795,1,0.289567,0.003195,0.707238
1796,1,0.005963,0.000536,0.993501
1797,1,0.000796,0.000220,0.998985
1798,0,0.001246,0.000173,0.998582
1799,1,0.992799,0.000526,0.006675
1800,1,0.983014,0.000911,0.016075
1801,0,0.631761,0.000287,0.367952
1802,0,0.000770,0.000203,0.999027
1803,0,0.189145,0.000201,0.810653
1804,0,0.000798,0.000513,0.998689
1805,1,0.693107,0.000786,0.306106
1806,0,0.000844,0.000205,0.998951
1807,0,0.002542,0.000214,0.997243
1808,0,0.001157,0.000305,0.998538
1809,1,0.079636,0.000127,0.920237
1810,1,0.943556,0.000419,0.056025
1811,0,0.001421,0.002032,0.996546
1812,0,0.658116,0.000346,0.341538
1813,0,0.000422,0.000330,0.999249
1814,0,0.000453,0.000466,0.999080
1815,1,0.705387,0.002623,0.291990
1816,0,0.001776,0.000135,0.998088
1817,0,0.003281,0.000097,0.996622
1818,0,0.001349,0.000173,0.998478
1819,1,0.665541,0.000237,0.334222
1820,0,0.000612,0.000220,0.999168
1821,1,0.481598,0.000603,0.517799
1822,1,0.000938,0.000174,0.998889
1823,0,0.002266,0.000139,0.997595
1824,0,0.001249,0.000158,0.998593
1825,1,0.001185,0.000328,0.998487
1826,1,0.960767,0.000614,0.038619
1827,0,0.005708,0.000223,0.994069
1828,1,0.012756,0.000143,0.987101
1829,0,0.015054,0.000102,0.984844
1830,1,0.004710,0.000430,0.994860
1831,1,0.023155,0.000129,0.976716
1832,1,0.000427,0.000323,0.999250
1833,1,0.004194,0.000158,0.995647
1834,1,0.057257,0.000149,0.942594
1835,1,0.936037,0.058131,0.005832
1836,1,0.990908,0.002824,0.006268
1837,0,0.098043,0.000190,0.901766
1838,0,0.857350,0.000221,0.142429
1839,0,0.000902,0.000172,0.998926
1840,0,0.002118,0.000106,0.997776
1841,1,0.070541,0.000237,0.929222
1842,0,0.000628,0.000198,0.999174
1843,1,0.379306,0.000575,0.620120
1844,1,0.010753,0.000232,0.989015
1845,1,0.610356,0.000256,0.389387
1846,0,0.001181,0.000156,0.998663
1847,1,0.932166,0.000310,0.067524
1848,0,0.000772,0.000177,0.999051
1849,0,0.227990,0.000207,0.771803
1850,0,0.001286,0.000156,0.998558
1851,0,0.001713,0.000316,0.997971
1852,0,0.001135,0.000172,0.998693
1853,0,0.000645,0.000218,0.999137
1854,0,0.006706,0.000176,0.993119
1855,1,0.157437,0.000278,0.842285
1856,1,0.426156,0.000218,0.573626
1857,1,0.716189,0.001459,0.282352
1858,1,0.991038,0.000436,0.008526
1859,1,0.988263,0.000586,0.011152
1860,0,0.000825,0.000193,0.998982
1861,1,0.000737,0.001395,0.997868
1862,0,0.000608,0.000186,0.999207
1863,1,0.965023,0.000341,0.034636
1864,0,0.000515,0.000263,0.999223
1865,1,0.917362,0.000302,0.082337
1866,0,0.000788,0.000165,0.999047
1867,1,0.358780,0.043478,0.597742
1868,0,0.000668,0.000186,0.999146
1869,1,0.029214,0.000156,0.970630
1870,1,0.578950,0.000286,0.420764
1871,1,0.003645,0.000117,0.996238
1872,0,0.000858,0.000151,0.998991
1873,1,0.087224,0.000319,0.912457
1874,0,0.000765,0.000200,0.999035
1875,0,0.001662,0.000144,0.998193
1876,1,0.984342,0.001715,0.013943
1877,0,0.000575,0.000197,0.999227
1878,0,0.000764,0.000182,0.999055
1879,1,0.954103,0.000471,0.045426
1880,1,0.877156,0.002285,0.120559
1881,0,0.006130,0.000104,0.993766
1882,1,0.972252,0.000278,0.027470
1883,0,0.000520,0.000291,0.999189
1884,0,0.001886,0.000180,0.997934
1885,1,0.967842,0.000501,0.031657
1886,1,0.913958,0.009787,0.076254
1887,1,0.089105,0.011958,0.898938
1888,1,0.305982,0.000299,0.693719
1889,1,0.947702,0.000284,0.052014
1890,0,0.214803,0.000330,0.784867
1891,1,0.986259,0.010575,0.003166
1892,0,0.835212,0.000326,0.164462
1893,0,0.000384,0.000481,0.999135
1894,1,0.958813,0.000266,0.040922
1895,0,0.001382,0.000162,0.998455
1896,0,0.001507,0.000134,0.998359
1897,1,0.001031,0.000200,0.998769
1898,0,0.000616,0.000258,0.999126
1899,1,0.470446,0.000324,0.529229
1900,1,0.977873,0.000894,0.021233
1901,0,0.015382,0.000121,0.984497
1902,0,0.000927,0.000428,0.998645
1903,1,0.000617,0.000216,0.999167
1904,1,0.012273,0.073823,0.913904
1905,0,0.370821,0.000254,0.628924
1906,1,0.728231,0.000304,0.271465
1907,0,0.000699,0.000178,0.999123
1908,0,0.003044,0.000130,0.996825
1909,0,0.003472,0.000117,0.996412
1910,0,0.000883,0.000154,0.998964
1911,0,0.000597,0.000206,0.999197
1912,1,0.013900,0.000221,0.985879
1913,0,0.008407,0.000184,0.991409
1914,1,0.001637,0.000149,0.998214
1915,1,0.402600,0.539006,0.058395
1916,1,0.015463,0.000127,0.984410
1917,0,0.001211,0.000125,0.998664
1918,0,0.787064,0.000472,0.212464
1919,0,0.000479,0.000302,0.999219
1920,0,0.030425,0.000199,0.969376
1921,0,0.004445,0.000470,0.995085
1922,1,0.231233,0.000450,0.768317
1923,1,0.273392,0.000340,0.726267
1924,1,0.440243,0.000789,0.558967
1925,0,0.000731,0.000231,0.999038
1926,0,0.000495,0.000363,0.999142
1927,0,0.000930,0.000182,0.998888
1928,1,0.711056,0.000282,0.288662
1929,1,0.729866,0.000458,0.269676
1930,1,0.000703,0.000185,0.999112
1931,0,0.015243,0.000117,0.984639
1932,0,0.000520,0.000304,0.999177
1933,0,0.064567,0.000131,0.935302
1934,0,0.020176,0.000108,0.979715
1935,1,0.026608,0.001890,0.971501
1936,1,0.555046,0.000323,0.444631
1937,0,0.148410,0.000181,0.851409
1938,0,0.002285,0.000120,0.997595
1939,1,0.003991,0.001994,0.994014
1940,0,0.000583,0.000218,0.999199
1941,1,0.985093,0.000322,0.014585
1942,0,0.003676,0.000108,0.996216
1943,0,0.000540,0.000248,0.999212
1944,0,0.000596,0.000230,0.999174
1945,1,0.558972,0.000545,0.440483
1946,1,0.000621,0.000448,0.998931
1947,1,0.772575,0.137681,0.089744
1948,1,0.986567,0.002370,0.011063
1949,0,0.001370,0.000206,0.998424
1950,0,0.002075,0.000141,0.997784
1951,1,0.004981,0.000228,0.994791
1952,0,0.001788,0.000160,0.998053
1953,1,0.030415,0.000168,0.969418
1954,1,0.125312,0.000380,0.874308
1955,1,0.037144,0.000122,0.962734
1956,1,0.317782,0.000327,0.681892
1957,1,0.987445,0.000713,0.011843
1958,1,0.013641,0.000132,0.986227
1959,1,0.977490,0.000337,0.022173
1960,0,0.000567,0.000227,0.999206
1961,1,0.438328,0.000243,0.561429
1962,1,0.981118,0.002804,0.016078
1963,1,0.930534,0.000234,0.069232
1964,0,0.227717,0.000192,0.772092
1965,1,0.104311,0.647836,0.247853
1966,1,0.085045,0.854140,0.060815
1967,0,0.002617,0.000112,0.997271
1968,1,0.011441,0.016859,0.971700
1969,0,0.360609,0.000442,0.638950
1970,0,0.000516,0.000235,0.999249
1971,0,0.000551,0.000241,0.999208
1972,0,0.000579,0.000267,0.999155
1973,0,0.000993,0.000196,0.998811
1974,0,0.001295,0.000619,0.998086
1975,1,0.049263,0.792045,0.158691
1976,1,0.205475,0.000187,0.794338
1977,1,0.994357,0.002659,0.002984
1978,0,0.001233,0.000129,0.998638
1979,0,0.000648,0.000245,0.999108
1980,1,0.989817,0.001039,0.009144
1981,1,0.000544,0.002264,0.997192
1982,1,0.063164,0.002368,0.934468
1983,1,0.000637,0.000182,0.999182
1984,0,0.001253,0.000229,0.998517
1985,0,0.000638,0.000174,0.999188
1986,1,0.150161,0.710329,0.139510
1987,1,0.393413,0.000347,0.606240
1988,0,0.002669,0.000119,0.997212
1989,0,0.005960,0.000115,0.993925
1990,1,0.003499,0.000180,0.996321
1991,0,0.034391,0.000149,0.965460
1992,0,0.004715,0.000101,0.995183
1993,1,0.088382,0.000149,0.911469
1994,0,0.001578,0.000162,0.998260
1995,1,0.056047,0.000233,0.943720
1996,1,0.193352,0.002426,0.804222
1997,1,0.057858,0.000333,0.941809
1998,0,0.000578,0.000203,0.999219
1999,1,0.501885,0.001321,0.496794
2000,0,0.004301,0.000121,0.995578
2001,0,0.004450,0.000149,0.995401
2002,0,0.000758,0.001417,0.997825
2003,0,0.000987,0.000160,0.998852
2004,1,0.290797,0.000263,0.708941
2005,0,0.000547,0.000251,0.999203
2006,0,0.002023,0.000136,0.997841
2007,1,0.993620,0.000925,0.005455
2008,1,0.014112,0.000153,0.985735
2009,1,0.003100,0.000136,0.996763
2010,1,0.086941,0.000223,0.912836
2011,0,0.097908,0.000209,0.901883
2012,1,0.986008,0.001332,0.012660
2013,1,0.008530,0.000101,0.991369
2014,0,0.001105,0.000176,0.998720
2015,0,0.765127,0.000255,0.234617
2016,1,0.917463,0.000333,0.082204
2017,1,0.591776,0.000353,0.407872
2018,0,0.982711,0.000436,0.016853
2019,0,0.000899,0.000134,0.998967
2020,0,0.000569,0.000221,0.999210
2021,1,0.035762,0.000574,0.963664
2022,1,0.001562,0.000735,0.997704
2023,1,0.989190,0.000380,0.010430
2024,0,0.316038,0.000263,0.683699
2025,0,0.772566,0.000295,0.227139
2026,0,0.005142,0.000128,0.994730
2027,1,0.988088,0.002064,0.009849
2028,0,0.000618,0.000248,0.999134
2029,1,0.007311,0.007217,0.985472
2030,0,0.000604,0.000235,0.999161
2031,0,0.000746,0.000237,0.999017
2032,0,0.000563,0.000195,0.999242
2033,1,0.048131,0.000180,0.951690
2034,1,0.010260,0.006371,0.983370
2035,0,0.001312,0.000191,0.998498
2036,0,0.002355,0.000113,0.997532
2037,1,0.635442,0.000247,0.364311
2038,1,0.095183,0.000451,0.904366
2039,0,0.000521,0.000240,0.999239
2040,1,0.520163,0.004227,0.475610
2041,1,0.570566,0.000778,0.428656
2042,0,0.000617,0.000210,0.999173
2043,0,0.001886,0.000112,0.998002
2044,0,0.000836,0.000178,0.998985
2045,0,0.000775,0.000249,0.998976
2046,1,0.884681,0.000261,0.115059
2047,1,0.960268,0.000322,0.039411
2048,1,0.408863,0.000255,0.590882
2049,0,0.004454,0.000770,0.994776
2050,0,0.001642,0.000268,0.998090
2051,1,0.052871,0.001160,0.945969
2052,0,0.001044,0.000222,0.998735
2053,0,0.000624,0.000236,0.999139
2054,1,0.852665,0.000289,0.147046
2055,1,0.387045,0.000285,0.612670
2056,1,0.975532,0.000300,0.024168
2057,1,0.000492,0.000264,0.999244
2058,1,0.010103,0.000210,0.989687
2059,0,0.003119,0.000150,0.996731
2060,1,0.975446,0.000300,0.024254
2061,1,0.004147,0.000866,0.994987
2062,0,0.001354,0.000151,0.998495
2063,0,0.000724,0.000423,0.998853
2064,0,0.001255,0.000181,0.998564
2065,1,0.912104,0.037541,0.050355
2066,1,0.015405,0.740283,0.244313
2067,1,0.717534,0.000379,0.282087
2068,1,0.004598,0.000172,0.995230
2069,1,0.930228,0.001008,0.068763
2070,1,0.000613,0.000304,0.999082
2071,0,0.000412,0.000397,0.999191
2072,1,0.992302,0.001110,0.006588
2073,1,0.475319,0.002044,0.522637
2074,0,0.000941,0.000193,0.998866
2075,1,0.005756,0.000349,0.993896
2076,1,0.800215,0.000267,0.199517
2077,1,0.056167,0.006101,0.937733
2078,1,0.463680,0.124308,0.412012
2079,0,0.003742,0.000151,0.996107
2080,0,0.000745,0.000177,0.999078
2081,1,0.855272,0.000369,0.144359
2082,1,0.132317,0.000406,0.867276
2083,1,0.391226,0.000302,0.608473
2084,0,0.037008,0.000157,0.962834
2085,0,0.002885,0.000094,0.997021
2086,0,0.003281,0.000128,0.996591
2087,0,0.001711,0.000139,0.998150
2088,1,0.402332,0.000489,0.597179
2089,1,0.001870,0.000409,0.997721
2090,0,0.000549,0.000238,0.999213
2091,1,0.403929,0.000261,0.595810
2092,1,0.903889,0.000537,0.095573
2093,0,0.002429,0.000127,0.997444
2094,1,0.007968,0.000427,0.991605
2095,0,0.001554,0.000131,0.998314
2096,0,0.000483,0.000269,0.999248
2097,0,0.000840,0.000175,0.998985
2098,0,0.002750,0.000178,0.997072
2099,0,0.004508,0.000170,0.995322
2100,1,0.017585,0.000364,0.982052
2101,1,0.974755,0.000286,0.024959
2102,0,0.000628,0.000220,0.999152
2103,0,0.000440,0.000391,0.999169
2104,0,0.000861,0.000202,0.998937
2105,0,0.001207,0.000147,0.998647
2106,0,0.000623,0.000378,0.998999
2107,0,0.000738,0.000258,0.999004
2108,1,0.945958,0.041808,0.012234
2109,0,0.000568,0.000246,0.999186
2110,1,0.512680,0.000319,0.487001
2111,1,0.000697,0.000758,0.998545
2112,0,0.001783,0.000118,0.998099
2113,1,0.000644,0.000578,0.998778
2114,0,0.006300,0.000100,0.993600
2115,0,0.000569,0.000249,0.999182
2116,1,0.257599,0.000401,0.742000
2117,1,0.701528,0.000939,0.297532
2118,1,0.352791,0.000651,0.646558
2119,1,0.560877,0.000292,0.438831
2120,0,0.002439,0.000104,0.997457
2121,1,0.987955,0.000501,0.011544
2122,1,0.337752,0.597301,0.064947
2123,0,0.004144,0.000121,0.995735
2124,0,0.000463,0.000396,0.999141
2125,0,0.000713,0.000289,0.998998
2126,1,0.901813,0.000324,0.097863
2127,1,0.015992,0.000105,0.983903
2128,0,0.010388,0.000121,0.989491
2129,0,0.002827,0.000127,0.997046
2130,1,0.009148,0.000251,0.990601
2131,1,0.103129,0.060634,0.836237
2132,1,0.000713,0.000169,0.999117
2133,1,0.096011,0.000334,0.903655
2134,0,0.000760,0.000285,0.998955
2135,0,0.429099,0.000334,0.570567
2136,0,0.022410,0.000241,0.977348
2137,0,0.001069,0.000229,0.998701
2138,1,0.533532,0.000244,0.466224
2139,1,0.085818,0.000160,0.914022
2140,0,0.000463,0.000380,0.999157
2141,0,0.002838,0.007461,0.989701
2142,0,0.000932,0.000187,0.998881
2143,1,0.020250,0.000717,0.979034
2144,0,0.002864,0.000174,0.996962
2145,0,0.003588,0.000102,0.996309
2146,1,0.009472,0.000137,0.990391
2147,0,0.000705,0.000183,0.999112
2148,0,0.000554,0.000252,0.999193
2149,0,0.000693,0.000248,0.999058
2150,1,0.090797,0.000309,0.908894
2151,0,0.398272,0.000217,0.601511
2152,1,0.991714,0.002397,0.005889
2153,0,0.003467,0.000124,0.996409
2154,0,0.000662,0.000249,0.999089
2155,0,0.000825,0.000185,0.998990
2156,1,0.348737,0.000361,0.650902
2157,1,0.916227,0.000255,0.083518
2158,1,0.007943,0.000861,0.991196
2159,1,0.199734,0.000360,0.799906
2160,0,0.812135,0.000258,0.187607
2161,0,0.000676,0.000193,0.999131
2162,1,0.000564,0.000206,0.999230
2163,1,0.385112,0.000238,0.614650
2164,0,0.037786,0.000171,0.962042
2165,0,0.000787,0.000197,0.999016
2166,1,0.901789,0.000293,0.097918
2167,1,0.456079,0.000293,0.543628
2168,0,0.000553,0.000247,0.999200
2169,0,0.003672,0.000224,0.996104
2170,0,0.000515,0.000328,0.999157
2171,0,0.000637,0.000209,0.999154
2172,1,0.977970,0.010577,0.011453
2173,1,0.002245,0.000131,0.997624
2174,0,0.015901,0.000183,0.983917
2175,0,0.000819,0.000161,0.999019
2176,0,0.000611,0.000198,0.999191
2177,0,0.001530,0.000117,0.998353
2178,0,0.001038,0.000161,0.998801
2179,0,0.003085,0.000161,0.996754
2180,1,0.993411,0.000514,0.006075
2181,0,0.856462,0.000330,0.143208
2182,1,0.060624,0.905136,0.034239
2183,0,0.010537,0.000136,0.989327
2184,0,0.006511,0.000126,0.993363
2185,0,0.002546,0.000109,0.997345
2186,0,0.047732,0.001653,0.950615
2187,0,0.000628,0.000221,0.999151
2188,0,0.001153,0.000169,0.998678
2189,1,0.864780,0.074589,0.060631
2190,1,0.507629,0.000231,0.492141
2191,1,0.142914,0.010718,0.846368
2192,0,0.004464,0.000137,0.995399
2193,0,0.003818,0.000124,0.996058
2194,0,0.002469,0.000187,0.997344
2195,1,0.000667,0.000175,0.999157
2196,0,0.000636,0.000217,0.999147
2197,0,0.002837,0.000301,0.996861
2198,0,0.005620,0.000110,0.994270
2199,0,0.005311,0.000142,0.994548
2200,0,0.640262,0.000276,0.359462
2201,1,0.719345,0.000325,0.280330
2202,1,0.000517,0.000397,0.999086
2203,1,0.052236,0.002612,0.945152
2204,0,0.011741,0.000106,0.988153
2205,0,0.000588,0.000272,0.999139
2206,0,0.000858,0.000200,0.998942
2207,0,0.002439,0.000170,0.997391
2208,0,0.342326,0.000351,0.657323
2209,1,0.992350,0.000589,0.007061
2210,0,0.002015,0.000125,0.997859
2211,0,0.000707,0.000245,0.999048
2212,0,0.000480,0.000246,0.999274
2213,0,0.000549,0.000252,0.999199
2214,1,0.187553,0.730194,0.082253
2215,1,0.002412,0.000221,0.997368
2216,1,0.020044,0.000115,0.979841
2217,1,0.002833,0.000254,0.996913
2218,0,0.000775,0.000168,0.999056
2219,1,0.994388,0.000640,0.004972
2220,0,0.002144,0.000122,0.997734
2221,1,0.978631,0.000677,0.020692
2222,1,0.001999,0.000319,0.997682
2223,1,0.020726,0.000230,0.979044
2224,1,0.008305,0.000171,0.991525
2225,0,0.060229,0.000343,0.939428
2226,0,0.001980,0.000132,0.997887
2227,0,0.000908,0.000163,0.998929
2228,0,0.000867,0.001957,0.997176
2229,0,0.001004,0.000494,0.998502
2230,0,0.231597,0.000202,0.768201
2231,1,0.277946,0.000294,0.721760
2232,1,0.919493,0.000277,0.080230
2233,1,0.980263,0.000462,0.019275
2234,0,0.001192,0.000300,0.998508
2235,0,0.000897,0.000144,0.998959
2236,0,0.394547,0.000228,0.605225
2237,1,0.039963,0.801267,0.158770
2238,0,0.833935,0.000255,0.165810
2239,0,0.020627,0.000098,0.979275
2240,0,0.001339,0.000204,0.998457
2241,1,0.672850,0.000214,0.326936
2242,1,0.918818,0.000286,0.080896
2243,0,0.001512,0.000177,0.998312
2244,0,0.000732,0.000210,0.999058
2245,0,0.162002,0.000172,0.837825
2246,1,0.101722,0.182553,0.715725
2247,1,0.010342,0.003958,0.985701
2248,1,0.123808,0.009400,0.866792
2249,0,0.001314,0.000167,0.998519
2250,0,0.067575,0.000146,0.932280
2251,0,0.000542,0.000239,0.999219
2252,1,0.185525,0.000969,0.813506
2253,1,0.083796,0.215662,0.700542
2254,1,0.289998,0.000235,0.709768
2255,1,0.581570,0.035173,0.383257
2256,1,0.023365,0.000168,0.976467
2257,0,0.000836,0.000208,0.998956
2258,0,0.000958,0.000148,0.998895
2259,1,0.019688,0.000974,0.979338
2260,0,0.012247,0.000117,0.987637
2261,1,0.003148,0.000121,0.996731
2262,0,0.001087,0.000190,0.998723
2263,0,0.003562,0.000355,0.996083
2264,0,0.354045,0.000220,0.645735
2265,0,0.001308,0.000151,0.998541
2266,1,0.001714,0.000219,0.998068
2267,1,0.842707,0.000326,0.156967
2268,0,0.000509,0.000279,0.999212
2269,1,0.024162,0.000915,0.974923
2270,0,0.000544,0.000321,0.999135
2271,1,0.990129,0.000401,0.009471
2272,1,0.153571,0.506614,0.339815
2273,1,0.489744,0.193892,0.316364
2274,1,0.851026,0.000302,0.148672
2275,1,0.038793,0.000295,0.960912
2276,1,0.010295,0.004566,0.985138
2277,1,0.006380,0.000154,0.993467
2278,0,0.008369,0.000115,0.991517
2279,0,0.003181,0.000105,0.996714
2280,1,0.032849,0.673070,0.294081
2281,0,0.001938,0.000113,0.997949
2282,0,0.947901,0.000338,0.051762
2283,0,0.000739,0.000161,0.999099
2284,1,0.471996,0.000702,0.527302
2285,1,0.003979,0.000133,0.995888
2286,1,0.066644,0.000263,0.933093
2287,0,0.000508,0.000263,0.999229
2288,1,0.890842,0.000307,0.108851
2289,0,0.000657,0.000245,0.999097
2290,0,0.002325,0.000121,0.997554
2291,1,0.028168,0.000843,0.970989
2292,0,0.003830,0.000111,0.996059
2293,0,0.001066,0.000182,0.998752
2294,0,0.001132,0.000141,0.998727
2295,0,0.000575,0.000217,0.999208
2296,0,0.000572,0.000243,0.999185
2297,1,0.004494,0.000200,0.995306
2298,1,0.660374,0.000279,0.339347
2299,0,0.000807,0.000333,0.998860
2300,1,0.039139,0.000235,0.960627
2301,1,0.374571,0.000333,0.625096
2302,0,0.002235,0.000275,0.997490
2303,1,0.982757,0.000658,0.016585
2304,0,0.002655,0.000331,0.997013
2305,1,0.907525,0.000288,0.092187
2306,1,0.013848,0.007982,0.978170
2307,0,0.006471,0.000093,0.993435
2308,1,0.001672,0.000159,0.998168
2309,1,0.981150,0.001129,0.017721
2310,1,0.000830,0.000409,0.998761
2311,0,0.004652,0.000160,0.995188
2312,0,0.003700,0.000140,0.996160
2313,1,0.260399,0.000344,0.739257
2314,1,0.577023,0.284089,0.138888
2315,1,0.777331,0.000243,0.222426
2316,1,0.973430,0.000272,0.026298
2317,1,0.883655,0.000690,0.115654
2318,0,0.000865,0.000228,0.998908
2319,1,0.000844,0.000206,0.998950
2320,0,0.000616,0.000178,0.999206
2321,0,0.001211,0.000244,0.998544
2322,1,0.911012,0.049174,0.039814
2323,1,0.957403,0.002726,0.039871
2324,1,0.907526,0.000414,0.092061
2325,0,0.000763,0.000215,0.999022
2326,1,0.169152,0.001010,0.829838
2327,0,0.506417,0.000243,0.493340
2328,0,0.001031,0.000165,0.998804
2329,1,0.071718,0.004463,0.923819
2330,1,0.927817,0.000325,0.071858
2331,0,0.009318,0.000796,0.989885
2332,1,0.028130,0.661212,0.310658
2333,0,0.003069,0.000116,0.996815
2334,1,0.340382,0.000586,0.659032
2335,0,0.000819,0.000169,0.999012
2336,1,0.956621,0.000364,0.043015
2337,0,0.013083,0.000163,0.986754
2338,1,0.150676,0.000514,0.848811
2339,0,0.053425,0.000240,0.946334
2340,1,0.790848,0.000562,0.208590
2341,1,0.954350,0.001895,0.043754
2342,0,0.133549,0.000192,0.866259
2343,1,0.796363,0.000252,0.203385
2344,1,0.023404,0.000141,0.976456
2345,1,0.025900,0.000726,0.973375
2346,1,0.849901,0.000251,0.149848
2347,0,0.001050,0.000436,0.998514
2348,1,0.019906,0.007813,0.972281
2349,0,0.000595,0.000252,0.999152
2350,0,0.941623,0.000248,0.058129
2351,0,0.028193,0.000157,0.971650
2352,1,0.001983,0.000270,0.997746
2353,0,0.000544,0.000232,0.999224
2354,0,0.004075,0.000115,0.995811
2355,0,0.629533,0.000347,0.370119
2356,0,0.000987,0.000168,0.998845
2357,1,0.316200,0.000244,0.683556
2358,0,0.000664,0.000201,0.999136
2359,1,0.905107,0.000286,0.094607
2360,0,0.000502,0.000399,0.999099
2361,0,0.001037,0.000146,0.998817
2362,0,0.115665,0.000167,0.884169
2363,1,0.005993,0.000152,0.993856
2364,0,0.015742,0.000179,0.984078
2365,0,0.000717,0.000170,0.999113
2366,1,0.002410,0.022927,0.974662
2367,0,0.000597,0.000186,0.999216
2368,0,0.000898,0.000190,0.998912
2369,0,0.000519,0.000292,0.999188
2370,0,0.019662,0.000124,0.980214
2371,0,0.005941,0.000274,0.993786
2372,1,0.560718,0.000524,0.438758
2373,0,0.000509,0.000287,0.999204
2374,0,0.458672,0.000277,0.541051
2375,1,0.002953,0.000134,0.996913
2376,1,0.099677,0.000227,0.900096
2377,1,0.001749,0.000234,0.998017
2378,1,0.421087,0.184052,0.394861
2379,1,0.021541,0.001622,0.976837
2380,0,0.000454,0.000283,0.999264
2381,1,0.137533,0.000374,0.862093
2382,0,0.076508,0.000195,0.923297
2383,1,0.051481,0.001603,0.946916
2384,0,0.002166,0.000155,0.997679
2385,0,0.791401,0.000299,0.208300
2386,1,0.289047,0.675758,0.035194
2387,1,0.979807,0.007223,0.012970
2388,1,0.975038,0.000342,0.024620
2389,1,0.518752,0.308200,0.173049
2390,1,0.000639,0.000312,0.999049
2391,0,0.000569,0.000251,0.999180
2392,0,0.002794,0.000198,0.997008
2393,0,0.001337,0.000147,0.998516
2394,1,0.006431,0.000193,0.993376
2395,1,0.838067,0.003134,0.158800
2396,0,0.002637,0.000130,0.997233
2397,1,0.042675,0.000186,0.957138
2398,0,0.002044,0.000155,0.997802
2399,0,0.002499,0.000150,0.997351
2400,0,0.000417,0.000434,0.999149
2401,0,0.000700,0.000167,0.999133
2402,0,0.004308,0.000104,0.995588
2403,1,0.393566,0.006169,0.600264
2404,1,0.474752,0.000459,0.524789
2405,0,0.000666,0.000201,0.999133
2406,1,0.031365,0.000154,0.968481
2407,0,0.002440,0.000114,0.997446
2408,0,0.001447,0.000133,0.998420
2409,0,0.055664,0.000153,0.944183
2410,0,0.001181,0.000188,0.998631
2411,1,0.682554,0.036052,0.281394
2412,1,0.757971,0.000217,0.241812
2413,0,0.000792,0.000186,0.999022
2414,0,0.000760,0.000183,0.999058
2415,1,0.182635,0.073285,0.744081
2416,1,0.002716,0.000239,0.997045
2417,0,0.000625,0.000211,0.999164
2418,1,0.064631,0.018301,0.917068
2419,0,0.000536,0.000211,0.999253
2420,1,0.284885,0.000210,0.714905
2421,0,0.000421,0.000352,0.999228
2422,1,0.994259,0.000725,0.005016
2423,0,0.003246,0.000108,0.996646
2424,1,0.070577,0.001080,0.928343
2425,1,0.777727,0.000252,0.222021
2426,1,0.009565,0.000149,0.990285
2427,0,0.000620,0.000199,0.999180
2428,0,0.004330,0.000119,0.995551
2429,0,0.006279,0.000138,0.993584
2430,0,0.982137,0.000383,0.017480
2431,1,0.149203,0.813021,0.037776
2432,0,0.093741,0.000165,0.906095
2433,0,0.001331,0.000156,0.998514
2434,0,0.000665,0.000230,0.999105
2435,1,0.979407,0.000759,0.019834
2436,0,0.000830,0.000168,0.999002
2437,0,0.030721,0.000167,0.969112
2438,0,0.004903,0.000122,0.994975
2439,1,0.184056,0.393587,0.422357
2440,1,0.421303,0.002211,0.576487
2441,1,0.051849,0.672412,0.275740
2442,1,0.761267,0.000511,0.238223
2443,0,0.001070,0.000159,0.998771
2444,0,0.002388,0.000122,0.997490
2445,0,0.000721,0.000206,0.999073
2446,1,0.061386,0.000196,0.938418
2447,0,0.001218,0.000204,0.998577
2448,0,0.002368,0.000201,0.997432
2449,1,0.207498,0.000260,0.792243
2450,1,0.958915,0.000959,0.040126
2451,0,0.000684,0.000201,0.999115
2452,0,0.000660,0.000216,0.999125
2453,1,0.967190,0.000495,0.032314
2454,0,0.006005,0.000101,0.993893
2455,0,0.000719,0.000211,0.999070
2456,1,0.006197,0.000964,0.992839
2457,1,0.533641,0.000251,0.466108
2458,0,0.014731,0.000096,0.985173
2459,0,0.003800,0.000125,0.996076
2460,0,0.000838,0.000317,0.998845
2461,1,0.549406,0.012410,0.438184
2462,1,0.649062,0.000711,0.350228
2463,0,0.175365,0.000243,0.824392
2464,0,0.001076,0.000163,0.998761
2465,1,0.138074,0.830673,0.031253
2466,1,0.200828,0.005389,0.793783
2467,0,0.570828,0.000277,0.428894
2468,0,0.000693,0.000168,0.999139
2469,1,0.090578,0.000271,0.909151
2470,0,0.006669,0.000106,0.993226
2471,1,0.995328,0.000676,0.003997
2472,1,0.001442,0.000127,0.998430
2473,1,0.895986,0.000282,0.103733
2474,0,0.001506,0.000145,0.998348
2475,0,0.000488,0.000285,0.999227
2476,1,0.141470,0.064844,0.793686
2477,1,0.853563,0.000241,0.146196
2478,0,0.001943,0.000198,0.997859
2479,1,0.001106,0.000194,0.998700
2480,1,0.022016,0.000542,0.977443
2481,1,0.875526,0.000273,0.124201
2482,1,0.946980,0.006910,0.046110
2483,1,0.982665,0.000378,0.016957
2484,0,0.000591,0.000227,0.999182
2485,0,0.015610,0.000137,0.984252
2486,0,0.005198,0.000112,0.994690
2487,1,0.141690,0.000272,0.858038
2488,0,0.001112,0.000160,0.998728
2489,0,0.000976,0.000528,0.998496
2490,0,0.785531,0.000287,0.214181
2491,1,0.006088,0.000128,0.993785
2492,0,0.097194,0.000206,0.902600
2493,0,0.000529,0.000309,0.999162
2494,1,0.001297,0.000218,0.998486
2495,1,0.641312,0.000412,0.358277
2496,1,0.005167,0.000100,0.994732
2497,0,0.014145,0.000104,0.985751
2498,0,0.006205,0.000128,0.993667
2499,0,0.001199,0.000154,0.998647
2500,0,0.000808,0.000159,0.999033
2501,1,0.605436,0.000549,0.394015
2502,1,0.843320,0.000279,0.156400
2503,0,0.000572,0.000214,0.999214
2504,1,0.028646,0.000726,0.970628
2505,1,0.001405,0.001451,0.997144
2506,1,0.978954,0.000557,0.020488
2507,0,0.000698,0.000378,0.998924
2508,1,0.903166,0.002537,0.094298
2509,1,0.982618,0.000295,0.017088
2510,0,0.006685,0.000106,0.993209
2511,1,0.141757,0.000206,0.858037
2512,1,0.048731,0.000226,0.951043
2513,1,0.179033,0.000477,0.820489
2514,1,0.771825,0.000673,0.227502
2515,0,0.001299,0.001231,0.997470
2516,0,0.007657,0.000096,0.992247
2517,1,0.385480,0.000249,0.614271
2518,0,0.109467,0.000162,0.890370
2519,1,0.841492,0.000255,0.158252
2520,1,0.945298,0.006567,0.048135
2521,1,0.989107,0.000418,0.010475
2522,1,0.990995,0.000444,0.008561
2523,1,0.394012,0.000280,0.605708
2524,1,0.937497,0.000402,0.062101
2525,1,0.020450,0.000260,0.979290
2526,0,0.008023,0.000096,0.991881
2527,0,0.000741,0.000211,0.999048
2528,1,0.346684,0.000377,0.652939
2529,1,0.057385,0.012054,0.930560
2530,1,0.994099,0.001553,0.004348
2531,0,0.000882,0.000177,0.998941
2532,0,0.000623,0.000213,0.999165
2533,1,0.686036,0.017587,0.296377
2534,0,0.000737,0.000196,0.999067
2535,0,0.002039,0.000147,0.997814
2536,0,0.002853,0.000123,0.997024
2537,1,0.167627,0.000201,0.832172
2538,1,0.993894,0.002362,0.003744
2539,0,0.000479,0.000344,0.999177
2540,1,0.523699,0.002976,0.473325
2541,0,0.000616,0.000183,0.999201
2542,0,0.003325,0.001035,0.995640
2543,0,0.000606,0.000296,0.999098
2544,1,0.968774,0.000352,0.030874
2545,1,0.791694,0.060808,0.147498
2546,1,0.358175,0.584921,0.056903
2547,0,0.000612,0.000210,0.999179
2548,0,0.074058,0.000168,0.925774
2549,0,0.001254,0.000135,0.998611
2550,1,0.925816,0.000591,0.073593
2551,1,0.250059,0.000365,0.749576
2552,1,0.942323,0.000440,0.057237
2553,0,0.777569,0.000279,0.222153
2554,1,0.035718,0.000109,0.964173
2555,0,0.003726,0.000134,0.996140
2556,0,0.613235,0.000251,0.386514
2557,1,0.875024,0.000254,0.124722
2558,0,0.001013,0.000199,0.998788
2559,0,0.000578,0.000223,0.999199
2560,0,0.006738,0.000098,0.993165
2561,0,0.005028,0.000169,0.994803
2562,1,0.004622,0.000835,0.994543
2563,0,0.524905,0.000903,0.474193
2564,0,0.004767,0.000114,0.995120
2565,0,0.000410,0.000463,0.999127
2566,0,0.082141,0.000134,0.917726
2567,1,0.958869,0.035278,0.005854
2568,0,0.000438,0.000331,0.999231
2569,1,0.004905,0.000135,0.994960
2570,0,0.317799,0.000285,0.681916
2571,0,0.001233,0.000130,0.998637
2572,0,0.001549,0.000181,0.998270
2573,1,0.934993,0.009278,0.055729
2574,1,0.578988,0.059866,0.361146
2575,1,0.032579,0.000165,0.967256
2576,1,0.031276,0.345987,0.622737
2577,0,0.038823,0.000115,0.961062
2578,0,0.011794,0.000212,0.987995
2579,1,0.866109,0.000539,0.133352
2580,0,0.000476,0.000248,0.999276
2581,0,0.009034,0.000137,0.990829
2582,1,0.127714,0.000516,0.871770
2583,1,0.176256,0.003786,0.819958
2584,0,0.028638,0.000295,0.971067
2585,1,0.043338,0.000154,0.956507
2586,0,0.004282,0.000115,0.995603
2587,1,0.718821,0.020635,0.260545
2588,1,0.000920,0.002852,0.996227
2589,1,0.014157,0.000118,0.985725
2590,0,0.000609,0.000245,0.999146
2591,0,0.003616,0.000158,0.996226
2592,1,0.553385,0.000319,0.446297
2593,0,0.067699,0.000699,0.931602
2594,1,0.001161,0.000166,0.998673
2595,1,0.931247,0.000396,0.068357
2596,0,0.001618,0.000118,0.998264
2597,0,0.018457,0.000160,0.981383
2598,0,0.000569,0.000224,0.999208
2599,1,0.335571,0.006854,0.657576
2600,1,0.711076,0.000345,0.288579
2601,0,0.023810,0.000128,0.976062
2602,1,0.970190,0.000372,0.029437
2603,1,0.180717,0.000305,0.818978
2604,0,0.000890,0.000172,0.998938
2605,1,0.984483,0.000456,0.015061
2606,0,0.004405,0.000194,0.995401
2607,0,0.015188,0.000141,0.984670
2608,1,0.383332,0.002237,0.614430
2609,0,0.000569,0.000306,0.999125
2610,0,0.000462,0.000266,0.999272
2611,0,0.000498,0.000255,0.999246
2612,0,0.001012,0.000160,0.998828
2613,0,0.041678,0.000217,0.958105
2614,0,0.000951,0.001375,0.997674
2615,0,0.001094,0.000138,0.998769
2616,0,0.000580,0.000324,0.999096
2617,0,0.001124,0.000148,0.998728
2618,0,0.410715,0.000239,0.589046
2619,0,0.003680,0.000096,0.996224
2620,1,0.344802,0.001806,0.653393
2621,1,0.021356,0.000335,0.978309
2622,1,0.752866,0.008839,0.238295
2623,1,0.991966,0.000514,0.007520
2624,1,0.039123,0.008681,0.952196
2625,0,0.000556,0.000282,0.999162
2626,1,0.005113,0.012286,0.982601
2627,0,0.004384,0.000120,0.995496
2628,1,0.001233,0.000159,0.998608
2629,1,0.236429,0.000290,0.763281
2630,0,0.000640,0.000242,0.999118
2631,1,0.987350,0.000336,0.012314
2632,1,0.001625,0.000241,0.998134
2633,0,0.016325,0.000129,0.983547
2634,1,0.926516,0.000428,0.073057
2635,0,0.000490,0.000249,0.999261
2636,1,0.915356,0.010161,0.074484
2637,0,0.839672,0.000498,0.159830
2638,1,0.707484,0.001140,0.291376
2639,0,0.000628,0.000229,0.999143
2640,1,0.348317,0.002773,0.648910
2641,0,0.002871,0.000182,0.996947
2642,0,0.085632,0.000219,0.914149
2643,1,0.020620,0.000232,0.979149
2644,1,0.343774,0.000293,0.655933
2645,0,0.001083,0.000146,0.998771
2646,0,0.000727,0.000288,0.998984
2647,1,0.014541,0.102212,0.883247
2648,1,0.057814,0.000185,0.942001
2649,1,0.770634,0.000356,0.229010
2650,1,0.000961,0.000362,0.998677
2651,0,0.000935,0.000184,0.998881
2652,0,0.001604,0.000154,0.998242
2653,0,0.001180,0.000286,0.998534
2654,0,0.000841,0.000197,0.998961
2655,0,0.001269,0.000154,0.998577
2656,1,0.010991,0.000819,0.988191
2657,0,0.002486,0.000133,0.997380
2658,1,0.005086,0.000394,0.994520
2659,0,0.004069,0.000146,0.995786
2660,0,0.000617,0.000371,0.999012
2661,1,0.939892,0.000360,0.059749
2662,1,0.074864,0.000171,0.924966
2663,0,0.000734,0.000215,0.999051
2664,0,0.001159,0.000184,0.998657
2665,0,0.001957,0.000246,0.997797
2666,0,0.033403,0.000227,0.966370
2667,1,0.981631,0.000342,0.018027
2668,0,0.003730,0.000120,0.996150
2669,0,0.000701,0.000177,0.999122
2670,0,0.000791,0.000281,0.998928
2671,0,0.001118,0.000185,0.998696
2672,0,0.001880,0.000248,0.997873
2673,1,0.513207,0.000396,0.486397
2674,0,0.036919,0.000146,0.962935
2675,0,0.246930,0.000250,0.752820
2676,0,0.001151,0.000164,0.998684
2677,0,0.004485,0.000146,0.995369
2678,1,0.001226,0.000138,0.998636
2679,1,0.013292,0.001713,0.984995
2680,1,0.094072,0.000143,0.905785
2681,1,0.151802,0.039184,0.809014
2682,1,0.499259,0.169269,0.331472
2683,1,0.407196,0.000479,0.592326
2684,0,0.001425,0.000145,0.998430
2685,1,0.528668,0.000271,0.471062
2686,0,0.032884,0.000547,0.966569
2687,0,0.002648,0.000135,0.997217
2688,0,0.000616,0.000216,0.999169
2689,0,0.001816,0.000207,0.997978
2690,0,0.001140,0.000417,0.998442
2691,0,0.000578,0.000287,0.999135
2692,0,0.001566,0.000167,0.998268
2693,0,0.000578,0.000224,0.999198
2694,0,0.002528,0.000143,0.997329
2695,0,0.007589,0.000123,0.992288
2696,1,0.016859,0.011939,0.971202
2697,1,0.923293,0.006997,0.069711
2698,1,0.815034,0.000446,0.184520
2699,1,0.020188,0.000476,0.979336
2700,0,0.005754,0.000555,0.993691
2701,0,0.018474,0.000238,0.981289
2702,0,0.000613,0.000261,0.999126
2703,1,0.010978,0.000158,0.988864
2704,0,0.000672,0.000195,0.999132
2705,0,0.001912,0.000121,0.997967
2706,0,0.000684,0.000194,0.999122
2707,1,0.088232,0.000272,0.911496
2708,1,0.034774,0.000208,0.965018
2709,0,0.001332,0.000145,0.998523
2710,1,0.977261,0.000276,0.022463
2711,0,0.000619,0.000225,0.999156
2712,1,0.732326,0.003204,0.264471
2713,1,0.941082,0.016617,0.042301
2714,1,0.007683,0.007656,0.984660
2715,0,0.000669,0.000258,0.999072
2716,1,0.270251,0.000254,0.729495
2717,0,0.004284,0.000112,0.995604
2718,1,0.003530,0.001467,0.995003
2719,1,0.004110,0.000106,0.995784
2720,1,0.421397,0.000338,0.578265
2721,1,0.004619,0.000749,0.994632
2722,0,0.005058,0.000118,0.994824
2723,1,0.012931,0.965977,0.021091
2724,0,0.000615,0.000190,0.999196
2725,1,0.266792,0.127957,0.605251
2726,1,0.914233,0.000465,0.085303
2727,1,0.039616,0.000210,0.960173
2728,1,0.991777,0.002743,0.005480
2729,0,0.000610,0.000257,0.999133
2730,0,0.005650,0.000166,0.994184
2731,0,0.742031,0.000252,0.257716
2732,0,0.000544,0.000235,0.999220
2733,1,0.036397,0.000438,0.963164
2734,0,0.046645,0.000121,0.953234
2735,0,0.081032,0.000345,0.918623
2736,0,0.000535,0.000267,0.999198
2737,0,0.001183,0.000205,0.998612
2738,1,0.010506,0.984781,0.004713
2739,1,0.011870,0.000118,0.988012
2740,1,0.530231,0.002516,0.467253
2741,0,0.000798,0.000188,0.999014
2742,0,0.000947,0.000145,0.998908
2743,0,0.005908,0.000100,0.993992
2744,1,0.092496,0.001330,0.906173
2745,1,0.986490,0.000743,0.012767
2746,0,0.000904,0.000156,0.998940
2747,1,0.000909,0.000164,0.998927
2748,0,0.000652,0.000401,0.998948
2749,1,0.011511,0.017567,0.970921
2750,0,0.001260,0.000305,0.998436
2751,1,0.937718,0.000241,0.062041
2752,0,0.000700,0.000173,0.999127
2753,1,0.984415,0.000833,0.014752
2754,0,0.001731,0.000132,0.998137
2755,1,0.042876,0.030498,0.926626
2756,1,0.209575,0.000359,0.790066
2757,0,0.002319,0.000148,0.997533
2758,1,0.001923,0.029394,0.968683
2759,0,0.003249,0.000243,0.996508
2760,0,0.001862,0.000131,0.998007
2761,0,0.000490,0.000338,0.999172
2762,0,0.001748,0.000179,0.998072
2763,0,0.000532,0.000291,0.999178
2764,1,0.046944,0.000723,0.952332
2765,1,0.605118,0.001066,0.393816
2766,1,0.079744,0.000540,0.919715
2767,0,0.000752,0.000168,0.999081
2768,1,0.941478,0.001585,0.056937
2769,0,0.226489,0.000347,0.773164
2770,0,0.000678,0.000184,0.999138
2771,0,0.003134,0.000203,0.996663
2772,1,0.002029,0.001136,0.996835
2773,1,0.939730,0.000244,0.060025
2774,1,0.964078,0.000288,0.035635
2775,1,0.007605,0.000141,0.992254
2776,0,0.001254,0.000180,0.998566
2777,0,0.757222,0.000323,0.242455
2778,0,0.002818,0.000104,0.997078
2779,1,0.125720,0.000217,0.874063
2780,0,0.001081,0.000658,0.998260
2781,1,0.992972,0.000539,0.006490
2782,1,0.830067,0.000288,0.169645
2783,1,0.004281,0.000279,0.995441
2784,0,0.947961,0.000233,0.051806
2785,1,0.001743,0.000216,0.998041
2786,0,0.000533,0.000218,0.999249
2787,0,0.002615,0.000142,0.997243
2788,1,0.948718,0.000248,0.051034
2789,0,0.000733,0.000197,0.999070
2790,1,0.956833,0.000252,0.042915
2791,0,0.000543,0.000264,0.999193
2792,0,0.001528,0.000140,0.998331
2793,1,0.883049,0.000282,0.116669
2794,1,0.008392,0.000217,0.991391
2795,0,0.001017,0.000158,0.998825
2796,0,0.851220,0.000240,0.148539
2797,1,0.292770,0.000267,0.706963
2798,1,0.885169,0.000247,0.114584
2799,1,0.078134,0.000227,0.921640
2800,0,0.035518,0.000212,0.964270
2801,0,0.000892,0.000157,0.998950
2802,1,0.001472,0.000244,0.998284
2803,0,0.023166,0.000137,0.976697
2804,0,0.000489,0.000242,0.999269
2805,0,0.001190,0.000199,0.998610
2806,1,0.001700,0.000345,0.997955
2807,0,0.001168,0.000145,0.998687
2808,1,0.039167,0.000137,0.960696
2809,0,0.000971,0.000162,0.998867
2810,0,0.000685,0.000183,0.999132
2811,0,0.000542,0.000292,0.999166
2812,0,0.000708,0.000186,0.999106
2813,0,0.267287,0.000183,0.732530
2814,1,0.064723,0.923089,0.012188
2815,0,0.034220,0.000144,0.965636
2816,1,0.448733,0.017570,0.533696
2817,0,0.000524,0.000258,0.999218
2818,0,0.000802,0.000169,0.999029
2819,1,0.002010,0.000228,0.997763
2820,0,0.000571,0.000288,0.999141
2821,0,0.001062,0.000169,0.998769
2822,0,0.000652,0.000199,0.999149
2823,0,0.892556,0.000457,0.106987
2824,0,0.017845,0.000117,0.982037
2825,1,0.031330,0.003854,0.964817
2826,0,0.000994,0.000164,0.998842
2827,0,0.000641,0.000241,0.999118
2828,1,0.039035,0.901078,0.059888
2829,0,0.340110,0.000414,0.659476
2830,1,0.707774,0.278903,0.013323
2831,0,0.001406,0.000162,0.998432
2832,1,0.923034,0.001060,0.075906
2833,0,0.001196,0.000125,0.998679
2834,0,0.000566,0.000245,0.999190
2835,0,0.001633,0.000150,0.998217
2836,0,0.003438,0.000110,0.996452
2837,0,0.001232,0.000119,0.998649
2838,1,0.438365,0.401087,0.160549
2839,1,0.017654,0.000262,0.982084
2840,1,0.002599,0.000164,0.997237
2841,0,0.000641,0.000215,0.999144
2842,0,0.000866,0.000588,0.998547
2843,1,0.273338,0.000364,0.726298
2844,0,0.002919,0.000312,0.996769
2845,1,0.206917,0.000276,0.792807
2846,1,0.905138,0.000276,0.094586
2847,1,0.475726,0.000300,0.523975
2848,0,0.000782,0.000182,0.999035
2849,1,0.394136,0.005663,0.600202
2850,1,0.175339,0.001879,0.822782
2851,0,0.001683,0.000123,0.998195
2852,0,0.000810,0.000554,0.998636
2853,1,0.938320,0.000308,0.061372
2854,0,0.011242,0.000164,0.988594
2855,1,0.979910,0.001293,0.018797
2856,0,0.002328,0.000153,0.997519
2857,0,0.003399,0.000118,0.996483
2858,1,0.811742,0.000249,0.188010
2859,1,0.992829,0.000417,0.006754
2860,1,0.076737,0.000388,0.922875
2861,1,0.991239,0.000717,0.008044
2862,0,0.001381,0.000216,0.998403
2863,1,0.032907,0.001385,0.965708
2864,0,0.943081,0.000467,0.056452
2865,0,0.000522,0.000264,0.999214
2866,1,0.255382,0.000240,0.744378
2867,1,0.003715,0.000354,0.995930
2868,0,0.010824,0.000098,0.989077
2869,0,0.000863,0.000267,0.998870
2870,0,0.095610,0.000209,0.904180
2871,0,0.000705,0.000199,0.999096
2872,0,0.016007,0.000117,0.983876
2873,0,0.002510,0.000115,0.997375
2874,1,0.001189,0.000149,0.998662
2875,0,0.000645,0.000215,0.999140
2876,0,0.000936,0.000200,0.998864
2877,1,0.918825,0.010609,0.070566
2878,0,0.002784,0.001491,0.995725
2879,0,0.223596,0.000203,0.776202
2880,1,0.925906,0.000465,0.073629
2881,1,0.001327,0.000140,0.998533
2882,0,0.189784,0.000227,0.809989
2883,0,0.001492,0.001811,0.996697
2884,0,0.000419,0.000309,0.999272
2885,1,0.900311,0.000874,0.098814
2886,1,0.008097,0.232659,0.759244
2887,0,0.000615,0.000189,0.999196
2888,0,0.000479,0.000290,0.999230
2889,1,0.094605,0.000481,0.904913
2890,0,0.015904,0.000119,0.983977
2891,0,0.000925,0.000171,0.998904
2892,0,0.006141,0.000132,0.993727
2893,1,0.028532,0.296717,0.674751
2894,0,0.000613,0.000222,0.999165
2895,0,0.001489,0.000148,0.998363
2896,0,0.000660,0.000188,0.999152
2897,0,0.000581,0.000238,0.999181
2898,0,0.003405,0.000127,0.996468
2899,1,0.013810,0.000177,0.986013
2900,0,0.000676,0.000225,0.999100
2901,1,0.460352,0.135902,0.403745
2902,1,0.009768,0.000277,0.989955
2903,1,0.963504,0.000235,0.036261
2904,1,0.773141,0.000401,0.226458
2905,0,0.002615,0.000142,0.997243
2906,0,0.005209,0.000148,0.994643
2907,1,0.949607,0.000350,0.050043
2908,1,0.000725,0.001283,0.997991
2909,1,0.543632,0.000427,0.455942
2910,0,0.000533,0.000360,0.999107
2911,1,0.002868,0.000183,0.996948
2912,0,0.003899,0.000743,0.995358
2913,1,0.006814,0.000481,0.992705
2914,1,0.000972,0.000167,0.998860
2915,1,0.818109,0.000643,0.181247
2916,0,0.002488,0.000116,0.997396
2917,0,0.098828,0.000143,0.901029
2918,0,0.007780,0.000126,0.992093
2919,1,0.010986,0.000110,0.988903
2920,1,0.073281,0.000221,0.926498
2921,1,0.988358,0.000503,0.011139
2922,1,0.251508,0.000471,0.748021
2923,0,0.001174,0.000135,0.998691
2924,0,0.061635,0.000529,0.937837
2925,0,0.008938,0.000118,0.990944
2926,0,0.001836,0.000133,0.998031
2927,0,0.000425,0.000950,0.998625
2928,0,0.001550,0.000145,0.998305
2929,1,0.854422,0.000384,0.145194
2930,1,0.003545,0.000391,0.996064
2931,1,0.967206,0.004875,0.027919
2932,0,0.245704,0.000276,0.754020
2933,1,0.149944,0.766986,0.083070
2934,0,0.000861,0.000172,0.998966
2935,0,0.002133,0.000109,0.997759
2936,0,0.020012,0.000226,0.979761
2937,1,0.976385,0.000284,0.023331
2938,0,0.000384,0.000691,0.998925
2939,1,0.966151,0.000432,0.033418
2940,0,0.000456,0.000288,0.999256
2941,1,0.060168,0.000134,0.939698
2942,1,0.020018,0.000149,0.979832
2943,1,0.610757,0.142867,0.246377
2944,1,0.836361,0.000348,0.163291
2945,1,0.971337,0.000343,0.028320
2946,1,0.647297,0.000309,0.352394
2947,0,0.005637,0.000123,0.994239
2948,0,0.001029,0.000239,0.998731
2949,1,0.487745,0.000544,0.511711
2950,0,0.008859,0.000136,0.991004
2951,0,0.548946,0.000231,0.450823
2952,1,0.005607,0.000222,0.994171
2953,1,0.878301,0.000239,0.121459
2954,1,0.001688,0.000169,0.998143
2955,0,0.000387,0.000453,0.999160
2956,0,0.000817,0.000178,0.999005
2957,1,0.434545,0.491280,0.074174
2958,0,0.000435,0.000292,0.999273
2959,1,0.951614,0.042087,0.006299
2960,1,0.002576,0.000119,0.997305
2961,0,0.001858,0.000130,0.998012
2962,0,0.000609,0.000225,0.999166
2963,0,0.001904,0.000140,0.997955
2964,0,0.000621,0.000319,0.999061
2965,0,0.005850,0.000106,0.994043
2966,0,0.758144,0.000714,0.241142
2967,1,0.478552,0.000224,0.521224
2968,0,0.000594,0.000294,0.999112
2969,0,0.000736,0.000161,0.999103
2970,0,0.005082,0.000153,0.994764
2971,0,0.000803,0.000183,0.999014
2972,1,0.911880,0.000573,0.087547
2973,0,0.001722,0.000151,0.998127
2974,0,0.721105,0.000285,0.278610
2975,1,0.000698,0.000355,0.998947
2976,1,0.982644,0.014442,0.002914
2977,1,0.058856,0.000221,0.940924
2978,1,0.085051,0.000205,0.914745
2979,1,0.033100,0.000162,0.966739
2980,0,0.000658,0.000211,0.999130
2981,1,0.993454,0.002555,0.003990
2982,0,0.000981,0.000212,0.998808
2983,1,0.673574,0.000235,0.326191
2984,1,0.994172,0.003183,0.002644
2985,1,0.993387,0.000638,0.005975
2986,0,0.001083,0.000156,0.998761
2987,0,0.000703,0.000198,0.999099
2988,0,0.001284,0.000118,0.998598
2989,1,0.922201,0.000622,0.077177
2990,0,0.000695,0.000172,0.999133
2991,0,0.164539,0.000212,0.835249
2992,1,0.043532,0.000152,0.956317
2993,0,0.110683,0.000143,0.889174
2994,1,0.968445,0.005548,0.026007
2995,1,0.994105,0.000660,0.005235
2996,0,0.001622,0.000137,0.998242
2997,1,0.123958,0.000223,0.875819
2998,0,0.000885,0.000157,0.998958
2999,0,0.000671,0.000211,0.999118
